latency_s,game_id,slug,machine,status,entry_g,decision_ns,decision_et,direction,exit_reason,kalshi_mid_at_decision,tns_grid_price_at_decision,tns_price_at_decision,entry_time_ns,entry_time_et,entry_trade_ns,entry_trade_et,entry_trade_price,entry_fill,exit_time_ns,exit_time_et,exit_trade_ns,exit_trade_et,exit_trade_price,exit_fill,fee_entry,fee_exit,pnl_usd,net_c_per_contract,qty
1.0,cfb_20261003_navy_afa,aec-cfb-navy-airf-2026-10-03,vultr,filled,1791051923,1791051924000000000,2026-10-03 14:25:24.000000000 ET,-1,gap_closed,0.74,0.77,0.77,1791051925000000000,2026-10-03 14:25:25.000000000 ET,1791051931308486489,2026-10-03 14:25:31.308486400 ET,0.75,0.74,1791051934000000000,2026-10-03 14:25:34.000000000 ET,1791051934250074859,2026-10-03 14:25:34.250074880 ET,0.78,0.79,0.13,0.12,-0.75,-7.5,10
1.0,cfb_20261003_navy_afa,aec-cfb-navy-airf-2026-10-03,vultr,filled,1791052325,1791052326000000000,2026-10-03 14:32:06.000000000 ET,-1,gap_closed,0.6950000000000001,0.75,0.75,1791052327000000000,2026-10-03 14:32:07.000000000 ET,1791052328713561551,2026-10-03 14:32:08.713561600 ET,0.705,0.695,1791052327000000000,2026-10-03 14:32:07.000000000 ET,1791052328713561551,2026-10-03 14:32:08.713561600 ET,0.705,0.715,0.15,0.14,-0.49,-4.9,10
1.0,cfb_20261003_navy_afa,aec-cfb-navy-airf-2026-10-03,vultr,filled,1791053941,1791053942000000000,2026-10-03 14:59:02.000000000 ET,-1,gap_closed,0.785,0.82,0.82,1791053943000000000,2026-10-03 14:59:03.000000000 ET,1791053945958217527,2026-10-03 14:59:05.958217472 ET,0.795,0.785,1791053946000000000,2026-10-03 14:59:06.000000000 ET,1791053946024536963,2026-10-03 14:59:06.024537088 ET,0.81,0.82,0.12,0.1,-0.57,-5.7,10
2.0,cfb_20261003_navy_afa,aec-cfb-navy-airf-2026-10-03,vultr,filled,1791051923,1791051924000000000,2026-10-03 14:25:24.000000000 ET,-1,gap_closed,0.74,0.77,0.77,1791051926000000000,2026-10-03 14:25:26.000000000 ET,1791051931308486489,2026-10-03 14:25:31.308486400 ET,0.75,0.74,1791051934000000000,2026-10-03 14:25:34.000000000 ET,1791051934250074859,2026-10-03 14:25:34.250074880 ET,0.78,0.79,0.13,0.12,-0.75,-7.5,10
2.0,cfb_20261003_navy_afa,aec-cfb-navy-airf-2026-10-03,vultr,filled,1791052325,1791052326000000000,2026-10-03 14:32:06.000000000 ET,-1,gap_closed,0.6950000000000001,0.75,0.75,1791052328000000000,2026-10-03 14:32:08.000000000 ET,1791052328713561551,2026-10-03 14:32:08.713561600 ET,0.705,0.695,1791052327000000000,2026-10-03 14:32:07.000000000 ET,1791052328713561551,2026-10-03 14:32:08.713561600 ET,0.705,0.715,0.15,0.14,-0.49,-4.9,10
2.0,cfb_20261003_navy_afa,aec-cfb-navy-airf-2026-10-03,vultr,filled,1791053941,1791053942000000000,2026-10-03 14:59:02.000000000 ET,-1,gap_closed,0.785,0.82,0.82,1791053944000000000,2026-10-03 14:59:04.000000000 ET,1791053945958217527,2026-10-03 14:59:05.958217472 ET,0.795,0.785,1791053946000000000,2026-10-03 14:59:06.000000000 ET,1791053946024536963,2026-10-03 14:59:06.024537088 ET,0.81,0.82,0.12,0.1,-0.57,-5.7,10
5.0,cfb_20261003_navy_afa,aec-cfb-navy-airf-2026-10-03,vultr,filled,1791051923,1791051924000000000,2026-10-03 14:25:24.000000000 ET,-1,gap_closed,0.74,0.77,0.77,1791051929000000000,2026-10-03 14:25:29.000000000 ET,1791051931308486489,2026-10-03 14:25:31.308486400 ET,0.75,0.74,1791051934000000000,2026-10-03 14:25:34.000000000 ET,1791051934250074859,2026-10-03 14:25:34.250074880 ET,0.78,0.79,0.13,0.12,-0.75,-7.5,10
5.0,cfb_20261003_navy_afa,aec-cfb-navy-airf-2026-10-03,vultr,filled,1791052325,1791052326000000000,2026-10-03 14:32:06.000000000 ET,-1,gap_closed,0.6950000000000001,0.75,0.75,1791052331000000000,2026-10-03 14:32:11.000000000 ET,1791052331248117182,2026-10-03 14:32:11.248117248 ET,0.705,0.695,1791052327000000000,2026-10-03 14:32:07.000000000 ET,1791052328713561551,2026-10-03 14:32:08.713561600 ET,0.705,0.715,0.15,0.14,-0.49,-4.9,10
5.0,cfb_20261003_navy_afa,aec-cfb-navy-airf-2026-10-03,vultr,filled,1791053941,1791053942000000000,2026-10-03 14:59:02.000000000 ET,-1,gap_closed,0.785,0.82,0.82,1791053947000000000,2026-10-03 14:59:07.000000000 ET,1791053947528450520,2026-10-03 14:59:07.528450560 ET,0.825,0.815,1791053946000000000,2026-10-03 14:59:06.000000000 ET,1791053946024536963,2026-10-03 14:59:06.024537088 ET,0.81,0.82,0.1,0.1,-0.25,-2.5,10
1.0,cfb_20261003_wvu_isu,aec-cfb-wvir-iowast-2026-10-03,vultr,filled,1791044546,1791044547000000000,2026-10-03 12:22:27.000000000 ET,-1,gap_closed,0.46499999999999997,0.5,0.5,1791044548000000000,2026-10-03 12:22:28.000000000 ET,1791044550379286537,2026-10-03 12:22:30.379286528 ET,0.465,0.455,1791044559000000000,2026-10-03 12:22:39.000000000 ET,1791044559173103750,2026-10-03 12:22:39.173103872 ET,0.4,0.41,0.17,0.17,0.11,1.1,10
1.0,cfb_20261003_wvu_isu,aec-cfb-wvir-iowast-2026-10-03,vultr,filled,1791045177,1791045178000000000,2026-10-03 12:32:58.000000000 ET,-1,gap_closed,0.385,0.42,0.42,1791045179000000000,2026-10-03 12:32:59.000000000 ET,1791045182145013210,2026-10-03 12:33:02.145013248 ET,0.41,0.4,1791045185000000000,2026-10-03 12:33:05.000000000 ET,1791045186120088719,2026-10-03 12:33:06.120088832 ET,0.415,0.425,0.17,0.17,-0.59,-5.9,10
1.0,cfb_20261003_wvu_isu,aec-cfb-wvir-iowast-2026-10-03,vultr,filled,1791045338,1791045339000000000,2026-10-03 12:35:39.000000000 ET,-1,gap_closed,0.425,0.46,0.46,1791045340000000000,2026-10-03 12:35:40.000000000 ET,1791045341894641972,2026-10-03 12:35:41.894641920 ET,0.45,0.44,1791045343000000000,2026-10-03 12:35:43.000000000 ET,1791045347452120456,2026-10-03 12:35:47.452120576 ET,0.455,0.465,0.17,0.17,-0.59,-5.9,10
1.0,cfb_20261003_wvu_isu,aec-cfb-wvir-iowast-2026-10-03,vultr,filled,1791052160,1791052161000000000,2026-10-03 14:29:21.000000000 ET,-1,gap_closed,0.73,0.765,0.765,1791052162000000000,2026-10-03 14:29:22.000000000 ET,1791052166229549227,2026-10-03 14:29:26.229549312 ET,0.75,0.74,1791052171000000000,2026-10-03 14:29:31.000000000 ET,1791052171149193239,2026-10-03 14:29:31.149193216 ET,0.755,0.765,0.13,0.12,-0.5,-5.0,10
1.0,cfb_20261003_wvu_isu,aec-cfb-wvir-iowast-2026-10-03,vultr,filled,1791052258,1791052259000000000,2026-10-03 14:30:59.000000000 ET,-1,gap_closed,0.695,0.725,0.725,1791052260000000000,2026-10-03 14:31:00.000000000 ET,1791052260225205479,2026-10-03 14:31:00.225205504 ET,0.695,0.685,1791052260000000000,2026-10-03 14:31:00.000000000 ET,1791052260225205479,2026-10-03 14:31:00.225205504 ET,0.695,0.705,0.15,0.14,-0.49,-4.9,10
1.0,cfb_20261003_wvu_isu,aec-cfb-wvir-iowast-2026-10-03,vultr,filled,1791052313,1791052314000000000,2026-10-03 14:31:54.000000000 ET,-1,gap_closed,0.595,0.63,0.63,1791052315000000000,2026-10-03 14:31:55.000000000 ET,1791052316853820315,2026-10-03 14:31:56.853820416 ET,0.57,0.56,1791052315000000000,2026-10-03 14:31:55.000000000 ET,1791052316853820315,2026-10-03 14:31:56.853820416 ET,0.57,0.58,0.17,0.17,-0.54,-5.4,10
1.0,cfb_20261003_wvu_isu,aec-cfb-wvir-iowast-2026-10-03,vultr,filled,1791053306,1791053307000000000,2026-10-03 14:48:27.000000000 ET,-1,gap_closed,0.5700000000000001,0.6,0.6,1791053308000000000,2026-10-03 14:48:28.000000000 ET,1791053312939867374,2026-10-03 14:48:32.939867392 ET,0.575,0.565,1791053313000000000,2026-10-03 14:48:33.000000000 ET,1791053314076983656,2026-10-03 14:48:34.076983552 ET,0.58,0.59,0.17,0.17,-0.59,-5.9,10
1.0,cfb_20261003_wvu_isu,aec-cfb-wvir-iowast-2026-10-03,vultr,filled,1791055432,1791055433000000000,2026-10-03 15:23:53.000000000 ET,1,gap_closed,0.745,0.715,0.715,1791055434000000000,2026-10-03 15:23:54.000000000 ET,1791055434099084483,2026-10-03 15:23:54.099084544 ET,0.75,0.76,1791055434000000000,2026-10-03 15:23:54.000000000 ET,1791055434099084483,2026-10-03 15:23:54.099084544 ET,0.75,0.74,0.13,0.13,-0.46,-4.6,10
2.0,cfb_20261003_wvu_isu,aec-cfb-wvir-iowast-2026-10-03,vultr,filled,1791044546,1791044547000000000,2026-10-03 12:22:27.000000000 ET,-1,gap_closed,0.46499999999999997,0.5,0.5,1791044549000000000,2026-10-03 12:22:29.000000000 ET,1791044550379286537,2026-10-03 12:22:30.379286528 ET,0.465,0.455,1791044559000000000,2026-10-03 12:22:39.000000000 ET,1791044559173103750,2026-10-03 12:22:39.173103872 ET,0.4,0.41,0.17,0.17,0.11,1.1,10
2.0,cfb_20261003_wvu_isu,aec-cfb-wvir-iowast-2026-10-03,vultr,filled,1791045177,1791045178000000000,2026-10-03 12:32:58.000000000 ET,-1,gap_closed,0.385,0.42,0.42,1791045180000000000,2026-10-03 12:33:00.000000000 ET,1791045182145013210,2026-10-03 12:33:02.145013248 ET,0.41,0.4,1791045185000000000,2026-10-03 12:33:05.000000000 ET,1791045186120088719,2026-10-03 12:33:06.120088832 ET,0.415,0.425,0.17,0.17,-0.59,-5.9,10
2.0,cfb_20261003_wvu_isu,aec-cfb-wvir-iowast-2026-10-03,vultr,filled,1791045338,1791045339000000000,2026-10-03 12:35:39.000000000 ET,-1,gap_closed,0.425,0.46,0.46,1791045341000000000,2026-10-03 12:35:41.000000000 ET,1791045341894641972,2026-10-03 12:35:41.894641920 ET,0.45,0.44,1791045343000000000,2026-10-03 12:35:43.000000000 ET,1791045347452120456,2026-10-03 12:35:47.452120576 ET,0.455,0.465,0.17,0.17,-0.59,-5.9,10
2.0,cfb_20261003_wvu_isu,aec-cfb-wvir-iowast-2026-10-03,vultr,filled,1791052160,1791052161000000000,2026-10-03 14:29:21.000000000 ET,-1,gap_closed,0.73,0.765,0.765,1791052163000000000,2026-10-03 14:29:23.000000000 ET,1791052166229549227,2026-10-03 14:29:26.229549312 ET,0.75,0.74,1791052171000000000,2026-10-03 14:29:31.000000000 ET,1791052171149193239,2026-10-03 14:29:31.149193216 ET,0.755,0.765,0.13,0.12,-0.5,-5.0,10
2.0,cfb_20261003_wvu_isu,aec-cfb-wvir-iowast-2026-10-03,vultr,filled,1791052258,1791052259000000000,2026-10-03 14:30:59.000000000 ET,-1,gap_closed,0.695,0.725,0.725,1791052261000000000,2026-10-03 14:31:01.000000000 ET,1791052261310380571,2026-10-03 14:31:01.310380544 ET,0.695,0.685,1791052260000000000,2026-10-03 14:31:00.000000000 ET,1791052260225205479,2026-10-03 14:31:00.225205504 ET,0.695,0.705,0.15,0.14,-0.49,-4.9,10
2.0,cfb_20261003_wvu_isu,aec-cfb-wvir-iowast-2026-10-03,vultr,filled,1791052313,1791052314000000000,2026-10-03 14:31:54.000000000 ET,-1,gap_closed,0.595,0.63,0.63,1791052316000000000,2026-10-03 14:31:56.000000000 ET,1791052316853820315,2026-10-03 14:31:56.853820416 ET,0.57,0.56,1791052315000000000,2026-10-03 14:31:55.000000000 ET,1791052316853820315,2026-10-03 14:31:56.853820416 ET,0.57,0.58,0.17,0.17,-0.54,-5.4,10
2.0,cfb_20261003_wvu_isu,aec-cfb-wvir-iowast-2026-10-03,vultr,filled,1791053306,1791053307000000000,2026-10-03 14:48:27.000000000 ET,-1,gap_closed,0.5700000000000001,0.6,0.6,1791053309000000000,2026-10-03 14:48:29.000000000 ET,1791053312939867374,2026-10-03 14:48:32.939867392 ET,0.575,0.565,1791053313000000000,2026-10-03 14:48:33.000000000 ET,1791053314076983656,2026-10-03 14:48:34.076983552 ET,0.58,0.59,0.17,0.17,-0.59,-5.9,10
2.0,cfb_20261003_wvu_isu,aec-cfb-wvir-iowast-2026-10-03,vultr,filled,1791055432,1791055433000000000,2026-10-03 15:23:53.000000000 ET,1,gap_closed,0.745,0.715,0.715,1791055435000000000,2026-10-03 15:23:55.000000000 ET,1791055435267644290,2026-10-03 15:23:55.267644416 ET,0.765,0.775,1791055434000000000,2026-10-03 15:23:54.000000000 ET,1791055434099084483,2026-10-03 15:23:54.099084544 ET,0.75,0.74,0.12,0.13,-0.6,-6.0,10
5.0,cfb_20261003_wvu_isu,aec-cfb-wvir-iowast-2026-10-03,vultr,filled,1791044546,1791044547000000000,2026-10-03 12:22:27.000000000 ET,-1,gap_closed,0.46499999999999997,0.5,0.5,1791044552000000000,2026-10-03 12:22:32.000000000 ET,1791044559173103750,2026-10-03 12:22:39.173103872 ET,0.4,0.39,1791044559000000000,2026-10-03 12:22:39.000000000 ET,1791044559173103750,2026-10-03 12:22:39.173103872 ET,0.4,0.41,0.17,0.17,-0.54,-5.4,10
5.0,cfb_20261003_wvu_isu,aec-cfb-wvir-iowast-2026-10-03,vultr,filled,1791045177,1791045178000000000,2026-10-03 12:32:58.000000000 ET,-1,gap_closed,0.385,0.42,0.42,1791045183000000000,2026-10-03 12:33:03.000000000 ET,1791045183973084675,2026-10-03 12:33:03.973084672 ET,0.41,0.4,1791045185000000000,2026-10-03 12:33:05.000000000 ET,1791045186120088719,2026-10-03 12:33:06.120088832 ET,0.415,0.425,0.17,0.17,-0.59,-5.9,10
5.0,cfb_20261003_wvu_isu,aec-cfb-wvir-iowast-2026-10-03,vultr,filled,1791045338,1791045339000000000,2026-10-03 12:35:39.000000000 ET,-1,gap_closed,0.425,0.46,0.46,1791045344000000000,2026-10-03 12:35:44.000000000 ET,1791045347452120456,2026-10-03 12:35:47.452120576 ET,0.455,0.445,1791045343000000000,2026-10-03 12:35:43.000000000 ET,1791045347452120456,2026-10-03 12:35:47.452120576 ET,0.455,0.465,0.17,0.17,-0.54,-5.4,10
5.0,cfb_20261003_wvu_isu,aec-cfb-wvir-iowast-2026-10-03,vultr,filled,1791052160,1791052161000000000,2026-10-03 14:29:21.000000000 ET,-1,gap_closed,0.73,0.765,0.765,1791052166000000000,2026-10-03 14:29:26.000000000 ET,1791052166229549227,2026-10-03 14:29:26.229549312 ET,0.75,0.74,1791052171000000000,2026-10-03 14:29:31.000000000 ET,1791052171149193239,2026-10-03 14:29:31.149193216 ET,0.755,0.765,0.13,0.12,-0.5,-5.0,10
5.0,cfb_20261003_wvu_isu,aec-cfb-wvir-iowast-2026-10-03,vultr,filled,1791052258,1791052259000000000,2026-10-03 14:30:59.000000000 ET,-1,gap_closed,0.695,0.725,0.725,1791052264000000000,2026-10-03 14:31:04.000000000 ET,1791052265301777151,2026-10-03 14:31:05.301777152 ET,0.695,0.685,1791052260000000000,2026-10-03 14:31:00.000000000 ET,1791052260225205479,2026-10-03 14:31:00.225205504 ET,0.695,0.705,0.15,0.14,-0.49,-4.9,10
5.0,cfb_20261003_wvu_isu,aec-cfb-wvir-iowast-2026-10-03,vultr,filled,1791052313,1791052314000000000,2026-10-03 14:31:54.000000000 ET,-1,gap_closed,0.595,0.63,0.63,1791052319000000000,2026-10-03 14:31:59.000000000 ET,1791052319178510518,2026-10-03 14:31:59.178510592 ET,0.56,0.55,1791052315000000000,2026-10-03 14:31:55.000000000 ET,1791052316853820315,2026-10-03 14:31:56.853820416 ET,0.57,0.58,0.17,0.17,-0.64,-6.4,10
5.0,cfb_20261003_wvu_isu,aec-cfb-wvir-iowast-2026-10-03,vultr,filled,1791053306,1791053307000000000,2026-10-03 14:48:27.000000000 ET,-1,gap_closed,0.5700000000000001,0.6,0.6,1791053312000000000,2026-10-03 14:48:32.000000000 ET,1791053312939867374,2026-10-03 14:48:32.939867392 ET,0.575,0.565,1791053313000000000,2026-10-03 14:48:33.000000000 ET,1791053314076983656,2026-10-03 14:48:34.076983552 ET,0.58,0.59,0.17,0.17,-0.59,-5.9,10
5.0,cfb_20261003_wvu_isu,aec-cfb-wvir-iowast-2026-10-03,vultr,filled,1791055432,1791055433000000000,2026-10-03 15:23:53.000000000 ET,1,gap_closed,0.745,0.715,0.715,1791055438000000000,2026-10-03 15:23:58.000000000 ET,1791055438015935882,2026-10-03 15:23:58.015936000 ET,0.75,0.76,1791055434000000000,2026-10-03 15:23:54.000000000 ET,1791055434099084483,2026-10-03 15:23:54.099084544 ET,0.75,0.74,0.13,0.13,-0.46,-4.6,10
1.0,cfb_20261003_prin_clmb,aec-cfb-prnce-clmb-2026-10-03,vultr,filled,1791045027,1791045028000000000,2026-10-03 12:30:28.000000000 ET,1,timeout,0.395,0.355,0.355,1791045029000000000,2026-10-03 12:30:29.000000000 ET,1791045047642967659,2026-10-03 12:30:47.642967552 ET,0.375,0.385,1791045088000000000,2026-10-03 12:31:28.000000000 ET,1791045093962236560,2026-10-03 12:31:33.962236672 ET,0.395,0.385,0.16,0.16,-0.32,-3.2,10
1.0,cfb_20261003_prin_clmb,aec-cfb-prnce-clmb-2026-10-03,vultr,filled,1791045103,1791045104000000000,2026-10-03 12:31:44.000000000 ET,-1,gap_closed,0.355,0.385,0.385,1791045105000000000,2026-10-03 12:31:45.000000000 ET,1791045107780572706,2026-10-03 12:31:47.780572672 ET,0.38,0.37,1791045109000000000,2026-10-03 12:31:49.000000000 ET,1791045142036312740,2026-10-03 12:32:22.036312832 ET,0.385,0.395,0.16,0.17,-0.58,-5.8,10
1.0,cfb_20261003_prin_clmb,aec-cfb-prnce-clmb-2026-10-03,vultr,filled,1791046239,1791046240000000000,2026-10-03 12:50:40.000000000 ET,-1,gap_closed,0.495,0.54,0.54,1791046241000000000,2026-10-03 12:50:41.000000000 ET,1791046241860120004,2026-10-03 12:50:41.860120064 ET,0.485,0.475,1791046247000000000,2026-10-03 12:50:47.000000000 ET,1791046271821993158,2026-10-03 12:51:11.821993216 ET,0.45,0.46,0.17,0.17,-0.19,-1.9,10
1.0,cfb_20261003_prin_clmb,aec-cfb-prnce-clmb-2026-10-03,vultr,filled,1791046277,1791046278000000000,2026-10-03 12:51:18.000000000 ET,-1,gap_closed,0.405,0.45,0.45,1791046279000000000,2026-10-03 12:51:19.000000000 ET,1791046279705741615,2026-10-03 12:51:19.705741568 ET,0.4,0.39,1791046279000000000,2026-10-03 12:51:19.000000000 ET,1791046279705741615,2026-10-03 12:51:19.705741568 ET,0.4,0.41,0.17,0.17,-0.54,-5.4,10
2.0,cfb_20261003_prin_clmb,aec-cfb-prnce-clmb-2026-10-03,vultr,filled,1791045027,1791045028000000000,2026-10-03 12:30:28.000000000 ET,1,timeout,0.395,0.355,0.355,1791045030000000000,2026-10-03 12:30:30.000000000 ET,1791045047642967659,2026-10-03 12:30:47.642967552 ET,0.375,0.385,1791045088000000000,2026-10-03 12:31:28.000000000 ET,1791045093962236560,2026-10-03 12:31:33.962236672 ET,0.395,0.385,0.16,0.16,-0.32,-3.2,10
2.0,cfb_20261003_prin_clmb,aec-cfb-prnce-clmb-2026-10-03,vultr,filled,1791045103,1791045104000000000,2026-10-03 12:31:44.000000000 ET,-1,gap_closed,0.355,0.385,0.385,1791045106000000000,2026-10-03 12:31:46.000000000 ET,1791045107780572706,2026-10-03 12:31:47.780572672 ET,0.38,0.37,1791045109000000000,2026-10-03 12:31:49.000000000 ET,1791045142036312740,2026-10-03 12:32:22.036312832 ET,0.385,0.395,0.16,0.17,-0.58,-5.8,10
2.0,cfb_20261003_prin_clmb,aec-cfb-prnce-clmb-2026-10-03,vultr,filled,1791046239,1791046240000000000,2026-10-03 12:50:40.000000000 ET,-1,gap_closed,0.495,0.54,0.54,1791046242000000000,2026-10-03 12:50:42.000000000 ET,1791046243634694450,2026-10-03 12:50:43.634694400 ET,0.48,0.47,1791046247000000000,2026-10-03 12:50:47.000000000 ET,1791046271821993158,2026-10-03 12:51:11.821993216 ET,0.45,0.46,0.17,0.17,-0.24,-2.4,10
2.0,cfb_20261003_prin_clmb,aec-cfb-prnce-clmb-2026-10-03,vultr,filled,1791046277,1791046278000000000,2026-10-03 12:51:18.000000000 ET,-1,gap_closed,0.405,0.45,0.45,1791046280000000000,2026-10-03 12:51:20.000000000 ET,1791046280308388512,2026-10-03 12:51:20.308388608 ET,0.405,0.395,1791046279000000000,2026-10-03 12:51:19.000000000 ET,1791046279705741615,2026-10-03 12:51:19.705741568 ET,0.4,0.41,0.17,0.17,-0.49,-4.9,10
5.0,cfb_20261003_prin_clmb,aec-cfb-prnce-clmb-2026-10-03,vultr,filled,1791045027,1791045028000000000,2026-10-03 12:30:28.000000000 ET,1,timeout,0.395,0.355,0.355,1791045033000000000,2026-10-03 12:30:33.000000000 ET,1791045047642967659,2026-10-03 12:30:47.642967552 ET,0.375,0.385,1791045088000000000,2026-10-03 12:31:28.000000000 ET,1791045093962236560,2026-10-03 12:31:33.962236672 ET,0.395,0.385,0.16,0.16,-0.32,-3.2,10
5.0,cfb_20261003_prin_clmb,aec-cfb-prnce-clmb-2026-10-03,vultr,filled,1791045103,1791045104000000000,2026-10-03 12:31:44.000000000 ET,-1,gap_closed,0.355,0.385,0.385,1791045109000000000,2026-10-03 12:31:49.000000000 ET,1791045142036312740,2026-10-03 12:32:22.036312832 ET,0.385,0.375,1791045109000000000,2026-10-03 12:31:49.000000000 ET,1791045142036312740,2026-10-03 12:32:22.036312832 ET,0.385,0.395,0.16,0.17,-0.53,-5.3,10
5.0,cfb_20261003_prin_clmb,aec-cfb-prnce-clmb-2026-10-03,vultr,filled,1791046239,1791046240000000000,2026-10-03 12:50:40.000000000 ET,-1,gap_closed,0.495,0.54,0.54,1791046245000000000,2026-10-03 12:50:45.000000000 ET,1791046271821993158,2026-10-03 12:51:11.821993216 ET,0.45,0.44,1791046247000000000,2026-10-03 12:50:47.000000000 ET,1791046271821993158,2026-10-03 12:51:11.821993216 ET,0.45,0.46,0.17,0.17,-0.54,-5.4,10
5.0,cfb_20261003_prin_clmb,aec-cfb-prnce-clmb-2026-10-03,vultr,filled,1791046277,1791046278000000000,2026-10-03 12:51:18.000000000 ET,-1,gap_closed,0.405,0.45,0.45,1791046283000000000,2026-10-03 12:51:23.000000000 ET,1791046283717189350,2026-10-03 12:51:23.717189376 ET,0.36,0.35,1791046279000000000,2026-10-03 12:51:19.000000000 ET,1791046279705741615,2026-10-03 12:51:19.705741568 ET,0.4,0.41,0.16,0.17,-0.93,-9.3,10
1.0,cfb_20261003_brwn_uri,aec-cfb-brwn-ri-2026-10-03,vultr,filled,1791047182,1791047183000000000,2026-10-03 13:06:23.000000000 ET,-1,gap_closed,0.475,0.515,0.515,1791047184000000000,2026-10-03 13:06:24.000000000 ET,1791047198105712154,2026-10-03 13:06:38.105712128 ET,0.51,0.5,1791047199000000000,2026-10-03 13:06:39.000000000 ET,1791047202217387627,2026-10-03 13:06:42.217387520 ET,0.5,0.51,0.17,0.17,-0.44,-4.4,10
1.0,cfb_20261003_brwn_uri,aec-cfb-brwn-ri-2026-10-03,vultr,filled,1791049494,1791049495000000000,2026-10-03 13:44:55.000000000 ET,1,gap_closed,0.6699999999999999,0.635,0.635,1791049496000000000,2026-10-03 13:44:56.000000000 ET,1791049517215076078,2026-10-03 13:45:17.215076096 ET,0.64,0.65,1791049496000000000,2026-10-03 13:44:56.000000000 ET,1791049517215076078,2026-10-03 13:45:17.215076096 ET,0.64,0.63,0.16,0.16,-0.52,-5.2,10
1.0,cfb_20261003_brwn_uri,aec-cfb-brwn-ri-2026-10-03,vultr,filled,1791050691,1791050692000000000,2026-10-03 14:04:52.000000000 ET,-1,gap_closed,0.615,0.66,0.66,1791050693000000000,2026-10-03 14:04:53.000000000 ET,1791050707795382296,2026-10-03 14:05:07.795382272 ET,0.645,0.635,1791050708000000000,2026-10-03 14:05:08.000000000 ET,1791050713212703952,2026-10-03 14:05:13.212704000 ET,0.635,0.645,0.16,0.16,-0.42,-4.2,10
1.0,cfb_20261003_brwn_uri,aec-cfb-brwn-ri-2026-10-03,vultr,filled,1791050982,1791050983000000000,2026-10-03 14:09:43.000000000 ET,-1,gap_closed,0.495,0.525,0.525,1791050984000000000,2026-10-03 14:09:44.000000000 ET,1791051003830741610,2026-10-03 14:10:03.830741504 ET,0.495,0.485,1791051007000000000,2026-10-03 14:10:07.000000000 ET,1791051007053390078,2026-10-03 14:10:07.053390080 ET,0.48,0.49,0.17,0.17,-0.39,-3.9,10
1.0,cfb_20261003_brwn_uri,aec-cfb-brwn-ri-2026-10-03,vultr,filled,1791052034,1791052035000000000,2026-10-03 14:27:15.000000000 ET,-1,gap_closed,0.475,0.515,0.515,1791052036000000000,2026-10-03 14:27:16.000000000 ET,1791052037437855875,2026-10-03 14:27:17.437856000 ET,0.495,0.485,1791052060000000000,2026-10-03 14:27:40.000000000 ET,1791052065997015753,2026-10-03 14:27:45.997015808 ET,0.52,0.53,0.17,0.17,-0.79,-7.9,10
1.0,cfb_20261003_brwn_uri,aec-cfb-brwn-ri-2026-10-03,vultr,filled,1791052979,1791052980000000000,2026-10-03 14:43:00.000000000 ET,1,timeout,0.605,0.56,0.56,1791052981000000000,2026-10-03 14:43:01.000000000 ET,1791053008374149036,2026-10-03 14:43:28.374149120 ET,0.59,0.6,1791053040000000000,2026-10-03 14:44:00.000000000 ET,1791053049703019205,2026-10-03 14:44:09.703019264 ET,0.67,0.66,0.17,0.16,0.27,2.7,10
1.0,cfb_20261003_brwn_uri,aec-cfb-brwn-ri-2026-10-03,vultr,filled,1791053043,1791053044000000000,2026-10-03 14:44:04.000000000 ET,1,gap_closed,0.65,0.595,0.595,1791053045000000000,2026-10-03 14:44:05.000000000 ET,1791053049703019205,2026-10-03 14:44:09.703019264 ET,0.67,0.68,1791053050000000000,2026-10-03 14:44:10.000000000 ET,1791053050626135040,2026-10-03 14:44:10.626135040 ET,0.68,0.67,0.15,0.15,-0.4,-4.0,10
1.0,cfb_20261003_brwn_uri,aec-cfb-brwn-ri-2026-10-03,vultr,filled,1791053201,1791053202000000000,2026-10-03 14:46:42.000000000 ET,1,gap_closed,0.875,0.845,0.845,1791053203000000000,2026-10-03 14:46:43.000000000 ET,1791053207450974203,2026-10-03 14:46:47.450974208 ET,0.855,0.865,1791053213000000000,2026-10-03 14:46:53.000000000 ET,1791053215847081089,2026-10-03 14:46:55.847081216 ET,0.895,0.885,0.08,0.07,0.05,0.5,10
2.0,cfb_20261003_brwn_uri,aec-cfb-brwn-ri-2026-10-03,vultr,filled,1791047182,1791047183000000000,2026-10-03 13:06:23.000000000 ET,-1,gap_closed,0.475,0.515,0.515,1791047185000000000,2026-10-03 13:06:25.000000000 ET,1791047198105712154,2026-10-03 13:06:38.105712128 ET,0.51,0.5,1791047199000000000,2026-10-03 13:06:39.000000000 ET,1791047202217387627,2026-10-03 13:06:42.217387520 ET,0.5,0.51,0.17,0.17,-0.44,-4.4,10
2.0,cfb_20261003_brwn_uri,aec-cfb-brwn-ri-2026-10-03,vultr,filled,1791049494,1791049495000000000,2026-10-03 13:44:55.000000000 ET,1,gap_closed,0.6699999999999999,0.635,0.635,1791049497000000000,2026-10-03 13:44:57.000000000 ET,1791049517215076078,2026-10-03 13:45:17.215076096 ET,0.64,0.65,1791049496000000000,2026-10-03 13:44:56.000000000 ET,1791049517215076078,2026-10-03 13:45:17.215076096 ET,0.64,0.63,0.16,0.16,-0.52,-5.2,10
2.0,cfb_20261003_brwn_uri,aec-cfb-brwn-ri-2026-10-03,vultr,filled,1791050691,1791050692000000000,2026-10-03 14:04:52.000000000 ET,-1,gap_closed,0.615,0.66,0.66,1791050694000000000,2026-10-03 14:04:54.000000000 ET,1791050707795382296,2026-10-03 14:05:07.795382272 ET,0.645,0.635,1791050708000000000,2026-10-03 14:05:08.000000000 ET,1791050713212703952,2026-10-03 14:05:13.212704000 ET,0.635,0.645,0.16,0.16,-0.42,-4.2,10
2.0,cfb_20261003_brwn_uri,aec-cfb-brwn-ri-2026-10-03,vultr,filled,1791050982,1791050983000000000,2026-10-03 14:09:43.000000000 ET,-1,gap_closed,0.495,0.525,0.525,1791050985000000000,2026-10-03 14:09:45.000000000 ET,1791051003830741610,2026-10-03 14:10:03.830741504 ET,0.495,0.485,1791051007000000000,2026-10-03 14:10:07.000000000 ET,1791051007053390078,2026-10-03 14:10:07.053390080 ET,0.48,0.49,0.17,0.17,-0.39,-3.9,10
2.0,cfb_20261003_brwn_uri,aec-cfb-brwn-ri-2026-10-03,vultr,filled,1791052034,1791052035000000000,2026-10-03 14:27:15.000000000 ET,-1,gap_closed,0.475,0.515,0.515,1791052037000000000,2026-10-03 14:27:17.000000000 ET,1791052037437855875,2026-10-03 14:27:17.437856000 ET,0.495,0.485,1791052060000000000,2026-10-03 14:27:40.000000000 ET,1791052065997015753,2026-10-03 14:27:45.997015808 ET,0.52,0.53,0.17,0.17,-0.79,-7.9,10
2.0,cfb_20261003_brwn_uri,aec-cfb-brwn-ri-2026-10-03,vultr,filled,1791052979,1791052980000000000,2026-10-03 14:43:00.000000000 ET,1,timeout,0.605,0.56,0.56,1791052982000000000,2026-10-03 14:43:02.000000000 ET,1791053008374149036,2026-10-03 14:43:28.374149120 ET,0.59,0.6,1791053040000000000,2026-10-03 14:44:00.000000000 ET,1791053049703019205,2026-10-03 14:44:09.703019264 ET,0.67,0.66,0.17,0.16,0.27,2.7,10
2.0,cfb_20261003_brwn_uri,aec-cfb-brwn-ri-2026-10-03,vultr,filled,1791053043,1791053044000000000,2026-10-03 14:44:04.000000000 ET,1,gap_closed,0.65,0.595,0.595,1791053046000000000,2026-10-03 14:44:06.000000000 ET,1791053049703019205,2026-10-03 14:44:09.703019264 ET,0.67,0.68,1791053050000000000,2026-10-03 14:44:10.000000000 ET,1791053050626135040,2026-10-03 14:44:10.626135040 ET,0.68,0.67,0.15,0.15,-0.4,-4.0,10
2.0,cfb_20261003_brwn_uri,aec-cfb-brwn-ri-2026-10-03,vultr,filled,1791053201,1791053202000000000,2026-10-03 14:46:42.000000000 ET,1,gap_closed,0.875,0.845,0.845,1791053204000000000,2026-10-03 14:46:44.000000000 ET,1791053207450974203,2026-10-03 14:46:47.450974208 ET,0.855,0.865,1791053213000000000,2026-10-03 14:46:53.000000000 ET,1791053215847081089,2026-10-03 14:46:55.847081216 ET,0.895,0.885,0.08,0.07,0.05,0.5,10
5.0,cfb_20261003_brwn_uri,aec-cfb-brwn-ri-2026-10-03,vultr,filled,1791047182,1791047183000000000,2026-10-03 13:06:23.000000000 ET,-1,gap_closed,0.475,0.515,0.515,1791047188000000000,2026-10-03 13:06:28.000000000 ET,1791047198105712154,2026-10-03 13:06:38.105712128 ET,0.51,0.5,1791047199000000000,2026-10-03 13:06:39.000000000 ET,1791047202217387627,2026-10-03 13:06:42.217387520 ET,0.5,0.51,0.17,0.17,-0.44,-4.4,10
5.0,cfb_20261003_brwn_uri,aec-cfb-brwn-ri-2026-10-03,vultr,filled,1791049494,1791049495000000000,2026-10-03 13:44:55.000000000 ET,1,gap_closed,0.6699999999999999,0.635,0.635,1791049500000000000,2026-10-03 13:45:00.000000000 ET,1791049517215076078,2026-10-03 13:45:17.215076096 ET,0.64,0.65,1791049496000000000,2026-10-03 13:44:56.000000000 ET,1791049517215076078,2026-10-03 13:45:17.215076096 ET,0.64,0.63,0.16,0.16,-0.52,-5.2,10
5.0,cfb_20261003_brwn_uri,aec-cfb-brwn-ri-2026-10-03,vultr,filled,1791050691,1791050692000000000,2026-10-03 14:04:52.000000000 ET,-1,gap_closed,0.615,0.66,0.66,1791050697000000000,2026-10-03 14:04:57.000000000 ET,1791050707795382296,2026-10-03 14:05:07.795382272 ET,0.645,0.635,1791050708000000000,2026-10-03 14:05:08.000000000 ET,1791050713212703952,2026-10-03 14:05:13.212704000 ET,0.635,0.645,0.16,0.16,-0.42,-4.2,10
5.0,cfb_20261003_brwn_uri,aec-cfb-brwn-ri-2026-10-03,vultr,filled,1791050982,1791050983000000000,2026-10-03 14:09:43.000000000 ET,-1,gap_closed,0.495,0.525,0.525,1791050988000000000,2026-10-03 14:09:48.000000000 ET,1791051003830741610,2026-10-03 14:10:03.830741504 ET,0.495,0.485,1791051007000000000,2026-10-03 14:10:07.000000000 ET,1791051007053390078,2026-10-03 14:10:07.053390080 ET,0.48,0.49,0.17,0.17,-0.39,-3.9,10
5.0,cfb_20261003_brwn_uri,aec-cfb-brwn-ri-2026-10-03,vultr,filled,1791052034,1791052035000000000,2026-10-03 14:27:15.000000000 ET,-1,gap_closed,0.475,0.515,0.515,1791052040000000000,2026-10-03 14:27:20.000000000 ET,1791052040140851148,2026-10-03 14:27:20.140851200 ET,0.49,0.48,1791052060000000000,2026-10-03 14:27:40.000000000 ET,1791052065997015753,2026-10-03 14:27:45.997015808 ET,0.52,0.53,0.17,0.17,-0.84,-8.4,10
5.0,cfb_20261003_brwn_uri,aec-cfb-brwn-ri-2026-10-03,vultr,filled,1791052979,1791052980000000000,2026-10-03 14:43:00.000000000 ET,1,timeout,0.605,0.56,0.56,1791052985000000000,2026-10-03 14:43:05.000000000 ET,1791053008374149036,2026-10-03 14:43:28.374149120 ET,0.59,0.6,1791053040000000000,2026-10-03 14:44:00.000000000 ET,1791053049703019205,2026-10-03 14:44:09.703019264 ET,0.67,0.66,0.17,0.16,0.27,2.7,10
5.0,cfb_20261003_brwn_uri,aec-cfb-brwn-ri-2026-10-03,vultr,filled,1791053043,1791053044000000000,2026-10-03 14:44:04.000000000 ET,1,gap_closed,0.65,0.595,0.595,1791053049000000000,2026-10-03 14:44:09.000000000 ET,1791053049703019205,2026-10-03 14:44:09.703019264 ET,0.67,0.68,1791053050000000000,2026-10-03 14:44:10.000000000 ET,1791053050626135040,2026-10-03 14:44:10.626135040 ET,0.68,0.67,0.15,0.15,-0.4,-4.0,10
5.0,cfb_20261003_brwn_uri,aec-cfb-brwn-ri-2026-10-03,vultr,filled,1791053201,1791053202000000000,2026-10-03 14:46:42.000000000 ET,1,gap_closed,0.875,0.845,0.845,1791053207000000000,2026-10-03 14:46:47.000000000 ET,1791053207450974203,2026-10-03 14:46:47.450974208 ET,0.855,0.865,1791053213000000000,2026-10-03 14:46:53.000000000 ET,1791053215847081089,2026-10-03 14:46:55.847081216 ET,0.895,0.885,0.08,0.07,0.05,0.5,10
1.0,cfb_20261003_mhu_liu,aec-cfb-mrcy-liub-2026-10-03,vultr,filled,1791044590,1791044591000000000,2026-10-03 12:23:11.000000000 ET,1,gap_closed,0.615,0.56,0.56,1791044592000000000,2026-10-03 12:23:12.000000000 ET,1791044593438811314,2026-10-03 12:23:13.438811392 ET,0.62,0.63,1791044594000000000,2026-10-03 12:23:14.000000000 ET,1791044595478148782,2026-10-03 12:23:15.478148864 ET,0.63,0.62,0.16,0.16,-0.42,-4.2,10
1.0,cfb_20261003_mhu_liu,aec-cfb-mrcy-liub-2026-10-03,vultr,filled,1791044609,1791044610000000000,2026-10-03 12:23:30.000000000 ET,1,gap_closed,0.675,0.64,0.64,1791044611000000000,2026-10-03 12:23:31.000000000 ET,1791044622513038751,2026-10-03 12:23:42.513038848 ET,0.675,0.685,1791044623000000000,2026-10-03 12:23:43.000000000 ET,1791044629625818141,2026-10-03 12:23:49.625818112 ET,0.68,0.67,0.15,0.15,-0.45,-4.5,10
1.0,cfb_20261003_mhu_liu,aec-cfb-mrcy-liub-2026-10-03,vultr,filled,1791044639,1791044640000000000,2026-10-03 12:24:00.000000000 ET,-1,gap_closed,0.625,0.67,0.67,1791044641000000000,2026-10-03 12:24:01.000000000 ET,1791044641023755004,2026-10-03 12:24:01.023755008 ET,0.64,0.63,1791044651000000000,2026-10-03 12:24:11.000000000 ET,1791044683634894380,2026-10-03 12:24:43.634894336 ET,0.63,0.64,0.16,0.16,-0.42,-4.2,10
1.0,cfb_20261003_mhu_liu,aec-cfb-mrcy-liub-2026-10-03,vultr,filled,1791046094,1791046095000000000,2026-10-03 12:48:15.000000000 ET,-1,gap_closed,0.705,0.74,0.74,1791046096000000000,2026-10-03 12:48:16.000000000 ET,1791046101127161575,2026-10-03 12:48:21.127161600 ET,0.705,0.695,1791046096000000000,2026-10-03 12:48:16.000000000 ET,1791046101127161575,2026-10-03 12:48:21.127161600 ET,0.705,0.715,0.15,0.14,-0.49,-4.9,10
1.0,cfb_20261003_mhu_liu,aec-cfb-mrcy-liub-2026-10-03,vultr,filled,1791046489,1791046490000000000,2026-10-03 12:54:50.000000000 ET,1,gap_closed,0.735,0.7,0.7,1791046491000000000,2026-10-03 12:54:51.000000000 ET,1791046505123507079,2026-10-03 12:55:05.123507200 ET,0.725,0.735,1791046493000000000,2026-10-03 12:54:53.000000000 ET,1791046505123507079,2026-10-03 12:55:05.123507200 ET,0.725,0.715,0.14,0.14,-0.48,-4.8,10
1.0,cfb_20261003_mhu_liu,aec-cfb-mrcy-liub-2026-10-03,vultr,filled,1791046609,1791046610000000000,2026-10-03 12:56:50.000000000 ET,-1,gap_closed,0.715,0.745,0.745,1791046611000000000,2026-10-03 12:56:51.000000000 ET,1791046618924350311,2026-10-03 12:56:58.924350208 ET,0.735,0.725,1791046619000000000,2026-10-03 12:56:59.000000000 ET,1791046619051986886,2026-10-03 12:56:59.051986944 ET,0.745,0.755,0.14,0.13,-0.57,-5.7,10
1.0,cfb_20261003_mhu_liu,aec-cfb-mrcy-liub-2026-10-03,vultr,filled,1791046824,1791046825000000000,2026-10-03 13:00:25.000000000 ET,-1,gap_closed,0.715,0.75,0.75,1791046826000000000,2026-10-03 13:00:26.000000000 ET,1791046827330743142,2026-10-03 13:00:27.330743040 ET,0.725,0.715,1791046854000000000,2026-10-03 13:00:54.000000000 ET,1791046855618665828,2026-10-03 13:00:55.618665728 ET,0.72,0.73,0.14,0.14,-0.43,-4.3,10
1.0,cfb_20261003_mhu_liu,aec-cfb-mrcy-liub-2026-10-03,vultr,filled,1791047133,1791047134000000000,2026-10-03 13:05:34.000000000 ET,1,gap_closed,0.685,0.655,0.655,1791047135000000000,2026-10-03 13:05:35.000000000 ET,1791047139486620927,2026-10-03 13:05:39.486620928 ET,0.68,0.69,1791047140000000000,2026-10-03 13:05:40.000000000 ET,1791047149145554169,2026-10-03 13:05:49.145554176 ET,0.69,0.68,0.15,0.15,-0.4,-4.0,10
1.0,cfb_20261003_mhu_liu,aec-cfb-mrcy-liub-2026-10-03,vultr,filled,1791049961,1791049962000000000,2026-10-03 13:52:42.000000000 ET,-1,gap_closed,0.525,0.555,0.555,1791049963000000000,2026-10-03 13:52:43.000000000 ET,1791049965822645738,2026-10-03 13:52:45.822645760 ET,0.525,0.515,1791049966000000000,2026-10-03 13:52:46.000000000 ET,1791049995371994249,2026-10-03 13:53:15.371994368 ET,0.52,0.53,0.17,0.17,-0.49,-4.9,10
1.0,cfb_20261003_mhu_liu,aec-cfb-mrcy-liub-2026-10-03,vultr,filled,1791051167,1791051168000000000,2026-10-03 14:12:48.000000000 ET,1,gap_closed,0.705,0.66,0.66,1791051169000000000,2026-10-03 14:12:49.000000000 ET,1791051178496587052,2026-10-03 14:12:58.496587008 ET,0.755,0.765,1791051183000000000,2026-10-03 14:13:03.000000000 ET,1791051206228266047,2026-10-03 14:13:26.228265984 ET,0.785,0.775,0.12,0.12,-0.14,-1.4,10
1.0,cfb_20261003_mhu_liu,aec-cfb-mrcy-liub-2026-10-03,vultr,filled,1791051365,1791051366000000000,2026-10-03 14:16:06.000000000 ET,-1,gap_closed,0.715,0.745,0.745,1791051367000000000,2026-10-03 14:16:07.000000000 ET,1791051368935864801,2026-10-03 14:16:08.935864832 ET,0.725,0.715,1791051373000000000,2026-10-03 14:16:13.000000000 ET,1791051380277037105,2026-10-03 14:16:20.277037056 ET,0.68,0.69,0.14,0.15,-0.04,-0.4,10
1.0,cfb_20261003_mhu_liu,aec-cfb-mrcy-liub-2026-10-03,vultr,filled,1791051725,1791051726000000000,2026-10-03 14:22:06.000000000 ET,1,gap_closed,0.675,0.64,0.64,1791051727000000000,2026-10-03 14:22:07.000000000 ET,1791051737833255382,2026-10-03 14:22:17.833255424 ET,0.67,0.68,1791051738000000000,2026-10-03 14:22:18.000000000 ET,1791051768768191367,2026-10-03 14:22:48.768191488 ET,0.69,0.68,0.15,0.15,-0.3,-3.0,10
1.0,cfb_20261003_mhu_liu,aec-cfb-mrcy-liub-2026-10-03,vultr,filled,1791052158,1791052159000000000,2026-10-03 14:29:19.000000000 ET,1,gap_closed,0.765,0.735,0.735,1791052160000000000,2026-10-03 14:29:20.000000000 ET,1791052173201103226,2026-10-03 14:29:33.201103104 ET,0.785,0.795,1791052174000000000,2026-10-03 14:29:34.000000000 ET,1791052217940578456,2026-10-03 14:30:17.940578560 ET,0.765,0.755,0.11,0.13,-0.64,-6.4,10
1.0,cfb_20261003_mhu_liu,aec-cfb-mrcy-liub-2026-10-03,vultr,filled,1791052809,1791052810000000000,2026-10-03 14:40:10.000000000 ET,-1,gap_closed,0.835,0.87,0.87,1791052811000000000,2026-10-03 14:40:11.000000000 ET,1791052814744951602,2026-10-03 14:40:14.744951552 ET,0.86,0.85,1791052822000000000,2026-10-03 14:40:22.000000000 ET,1791052829726268750,2026-10-03 14:40:29.726268672 ET,0.855,0.865,0.09,0.08,-0.32,-3.2,10
2.0,cfb_20261003_mhu_liu,aec-cfb-mrcy-liub-2026-10-03,vultr,filled,1791044590,1791044591000000000,2026-10-03 12:23:11.000000000 ET,1,gap_closed,0.615,0.56,0.56,1791044593000000000,2026-10-03 12:23:13.000000000 ET,1791044593438811314,2026-10-03 12:23:13.438811392 ET,0.62,0.63,1791044594000000000,2026-10-03 12:23:14.000000000 ET,1791044595478148782,2026-10-03 12:23:15.478148864 ET,0.63,0.62,0.16,0.16,-0.42,-4.2,10
2.0,cfb_20261003_mhu_liu,aec-cfb-mrcy-liub-2026-10-03,vultr,filled,1791044609,1791044610000000000,2026-10-03 12:23:30.000000000 ET,1,gap_closed,0.675,0.64,0.64,1791044612000000000,2026-10-03 12:23:32.000000000 ET,1791044622513038751,2026-10-03 12:23:42.513038848 ET,0.675,0.685,1791044623000000000,2026-10-03 12:23:43.000000000 ET,1791044629625818141,2026-10-03 12:23:49.625818112 ET,0.68,0.67,0.15,0.15,-0.45,-4.5,10
2.0,cfb_20261003_mhu_liu,aec-cfb-mrcy-liub-2026-10-03,vultr,filled,1791044639,1791044640000000000,2026-10-03 12:24:00.000000000 ET,-1,gap_closed,0.625,0.67,0.67,1791044642000000000,2026-10-03 12:24:02.000000000 ET,1791044643699193292,2026-10-03 12:24:03.699193344 ET,0.64,0.63,1791044651000000000,2026-10-03 12:24:11.000000000 ET,1791044683634894380,2026-10-03 12:24:43.634894336 ET,0.63,0.64,0.16,0.16,-0.42,-4.2,10
2.0,cfb_20261003_mhu_liu,aec-cfb-mrcy-liub-2026-10-03,vultr,filled,1791046094,1791046095000000000,2026-10-03 12:48:15.000000000 ET,-1,gap_closed,0.705,0.74,0.74,1791046097000000000,2026-10-03 12:48:17.000000000 ET,1791046101127161575,2026-10-03 12:48:21.127161600 ET,0.705,0.695,1791046096000000000,2026-10-03 12:48:16.000000000 ET,1791046101127161575,2026-10-03 12:48:21.127161600 ET,0.705,0.715,0.15,0.14,-0.49,-4.9,10
2.0,cfb_20261003_mhu_liu,aec-cfb-mrcy-liub-2026-10-03,vultr,filled,1791046489,1791046490000000000,2026-10-03 12:54:50.000000000 ET,1,gap_closed,0.735,0.7,0.7,1791046492000000000,2026-10-03 12:54:52.000000000 ET,1791046505123507079,2026-10-03 12:55:05.123507200 ET,0.725,0.735,1791046493000000000,2026-10-03 12:54:53.000000000 ET,1791046505123507079,2026-10-03 12:55:05.123507200 ET,0.725,0.715,0.14,0.14,-0.48,-4.8,10
2.0,cfb_20261003_mhu_liu,aec-cfb-mrcy-liub-2026-10-03,vultr,filled,1791046609,1791046610000000000,2026-10-03 12:56:50.000000000 ET,-1,gap_closed,0.715,0.745,0.745,1791046612000000000,2026-10-03 12:56:52.000000000 ET,1791046618924350311,2026-10-03 12:56:58.924350208 ET,0.735,0.725,1791046619000000000,2026-10-03 12:56:59.000000000 ET,1791046619051986886,2026-10-03 12:56:59.051986944 ET,0.745,0.755,0.14,0.13,-0.57,-5.7,10
2.0,cfb_20261003_mhu_liu,aec-cfb-mrcy-liub-2026-10-03,vultr,filled,1791046824,1791046825000000000,2026-10-03 13:00:25.000000000 ET,-1,gap_closed,0.715,0.75,0.75,1791046827000000000,2026-10-03 13:00:27.000000000 ET,1791046827330743142,2026-10-03 13:00:27.330743040 ET,0.725,0.715,1791046854000000000,2026-10-03 13:00:54.000000000 ET,1791046855618665828,2026-10-03 13:00:55.618665728 ET,0.72,0.73,0.14,0.14,-0.43,-4.3,10
2.0,cfb_20261003_mhu_liu,aec-cfb-mrcy-liub-2026-10-03,vultr,filled,1791047133,1791047134000000000,2026-10-03 13:05:34.000000000 ET,1,gap_closed,0.685,0.655,0.655,1791047136000000000,2026-10-03 13:05:36.000000000 ET,1791047139486620927,2026-10-03 13:05:39.486620928 ET,0.68,0.69,1791047140000000000,2026-10-03 13:05:40.000000000 ET,1791047149145554169,2026-10-03 13:05:49.145554176 ET,0.69,0.68,0.15,0.15,-0.4,-4.0,10
2.0,cfb_20261003_mhu_liu,aec-cfb-mrcy-liub-2026-10-03,vultr,filled,1791049961,1791049962000000000,2026-10-03 13:52:42.000000000 ET,-1,gap_closed,0.525,0.555,0.555,1791049964000000000,2026-10-03 13:52:44.000000000 ET,1791049965822645738,2026-10-03 13:52:45.822645760 ET,0.525,0.515,1791049966000000000,2026-10-03 13:52:46.000000000 ET,1791049995371994249,2026-10-03 13:53:15.371994368 ET,0.52,0.53,0.17,0.17,-0.49,-4.9,10
2.0,cfb_20261003_mhu_liu,aec-cfb-mrcy-liub-2026-10-03,vultr,filled,1791051167,1791051168000000000,2026-10-03 14:12:48.000000000 ET,1,gap_closed,0.705,0.66,0.66,1791051170000000000,2026-10-03 14:12:50.000000000 ET,1791051178496587052,2026-10-03 14:12:58.496587008 ET,0.755,0.765,1791051183000000000,2026-10-03 14:13:03.000000000 ET,1791051206228266047,2026-10-03 14:13:26.228265984 ET,0.785,0.775,0.12,0.12,-0.14,-1.4,10
2.0,cfb_20261003_mhu_liu,aec-cfb-mrcy-liub-2026-10-03,vultr,filled,1791051365,1791051366000000000,2026-10-03 14:16:06.000000000 ET,-1,gap_closed,0.715,0.745,0.745,1791051368000000000,2026-10-03 14:16:08.000000000 ET,1791051368935864801,2026-10-03 14:16:08.935864832 ET,0.725,0.715,1791051373000000000,2026-10-03 14:16:13.000000000 ET,1791051380277037105,2026-10-03 14:16:20.277037056 ET,0.68,0.69,0.14,0.15,-0.04,-0.4,10
2.0,cfb_20261003_mhu_liu,aec-cfb-mrcy-liub-2026-10-03,vultr,filled,1791051725,1791051726000000000,2026-10-03 14:22:06.000000000 ET,1,gap_closed,0.675,0.64,0.64,1791051728000000000,2026-10-03 14:22:08.000000000 ET,1791051737833255382,2026-10-03 14:22:17.833255424 ET,0.67,0.68,1791051738000000000,2026-10-03 14:22:18.000000000 ET,1791051768768191367,2026-10-03 14:22:48.768191488 ET,0.69,0.68,0.15,0.15,-0.3,-3.0,10
2.0,cfb_20261003_mhu_liu,aec-cfb-mrcy-liub-2026-10-03,vultr,filled,1791052158,1791052159000000000,2026-10-03 14:29:19.000000000 ET,1,gap_closed,0.765,0.735,0.735,1791052161000000000,2026-10-03 14:29:21.000000000 ET,1791052173201103226,2026-10-03 14:29:33.201103104 ET,0.785,0.795,1791052174000000000,2026-10-03 14:29:34.000000000 ET,1791052217940578456,2026-10-03 14:30:17.940578560 ET,0.765,0.755,0.11,0.13,-0.64,-6.4,10
2.0,cfb_20261003_mhu_liu,aec-cfb-mrcy-liub-2026-10-03,vultr,filled,1791052809,1791052810000000000,2026-10-03 14:40:10.000000000 ET,-1,gap_closed,0.835,0.87,0.87,1791052812000000000,2026-10-03 14:40:12.000000000 ET,1791052814744951602,2026-10-03 14:40:14.744951552 ET,0.86,0.85,1791052822000000000,2026-10-03 14:40:22.000000000 ET,1791052829726268750,2026-10-03 14:40:29.726268672 ET,0.855,0.865,0.09,0.08,-0.32,-3.2,10
5.0,cfb_20261003_mhu_liu,aec-cfb-mrcy-liub-2026-10-03,vultr,filled,1791044590,1791044591000000000,2026-10-03 12:23:11.000000000 ET,1,gap_closed,0.615,0.56,0.56,1791044596000000000,2026-10-03 12:23:16.000000000 ET,1791044597080344815,2026-10-03 12:23:17.080344832 ET,0.635,0.645,1791044594000000000,2026-10-03 12:23:14.000000000 ET,1791044595478148782,2026-10-03 12:23:15.478148864 ET,0.63,0.62,0.16,0.16,-0.57,-5.7,10
5.0,cfb_20261003_mhu_liu,aec-cfb-mrcy-liub-2026-10-03,vultr,filled,1791044609,1791044610000000000,2026-10-03 12:23:30.000000000 ET,1,gap_closed,0.675,0.64,0.64,1791044615000000000,2026-10-03 12:23:35.000000000 ET,1791044622513038751,2026-10-03 12:23:42.513038848 ET,0.675,0.685,1791044623000000000,2026-10-03 12:23:43.000000000 ET,1791044629625818141,2026-10-03 12:23:49.625818112 ET,0.68,0.67,0.15,0.15,-0.45,-4.5,10
5.0,cfb_20261003_mhu_liu,aec-cfb-mrcy-liub-2026-10-03,vultr,filled,1791044639,1791044640000000000,2026-10-03 12:24:00.000000000 ET,-1,gap_closed,0.625,0.67,0.67,1791044645000000000,2026-10-03 12:24:05.000000000 ET,1791044683634894380,2026-10-03 12:24:43.634894336 ET,0.63,0.62,1791044651000000000,2026-10-03 12:24:11.000000000 ET,1791044683634894380,2026-10-03 12:24:43.634894336 ET,0.63,0.64,0.16,0.16,-0.52,-5.2,10
5.0,cfb_20261003_mhu_liu,aec-cfb-mrcy-liub-2026-10-03,vultr,filled,1791046094,1791046095000000000,2026-10-03 12:48:15.000000000 ET,-1,gap_closed,0.705,0.74,0.74,1791046100000000000,2026-10-03 12:48:20.000000000 ET,1791046101127161575,2026-10-03 12:48:21.127161600 ET,0.705,0.695,1791046096000000000,2026-10-03 12:48:16.000000000 ET,1791046101127161575,2026-10-03 12:48:21.127161600 ET,0.705,0.715,0.15,0.14,-0.49,-4.9,10
5.0,cfb_20261003_mhu_liu,aec-cfb-mrcy-liub-2026-10-03,vultr,filled,1791046489,1791046490000000000,2026-10-03 12:54:50.000000000 ET,1,gap_closed,0.735,0.7,0.7,1791046495000000000,2026-10-03 12:54:55.000000000 ET,1791046505123507079,2026-10-03 12:55:05.123507200 ET,0.725,0.735,1791046493000000000,2026-10-03 12:54:53.000000000 ET,1791046505123507079,2026-10-03 12:55:05.123507200 ET,0.725,0.715,0.14,0.14,-0.48,-4.8,10
5.0,cfb_20261003_mhu_liu,aec-cfb-mrcy-liub-2026-10-03,vultr,filled,1791046609,1791046610000000000,2026-10-03 12:56:50.000000000 ET,-1,gap_closed,0.715,0.745,0.745,1791046615000000000,2026-10-03 12:56:55.000000000 ET,1791046618924350311,2026-10-03 12:56:58.924350208 ET,0.735,0.725,1791046619000000000,2026-10-03 12:56:59.000000000 ET,1791046619051986886,2026-10-03 12:56:59.051986944 ET,0.745,0.755,0.14,0.13,-0.57,-5.7,10
5.0,cfb_20261003_mhu_liu,aec-cfb-mrcy-liub-2026-10-03,vultr,filled,1791046824,1791046825000000000,2026-10-03 13:00:25.000000000 ET,-1,gap_closed,0.715,0.75,0.75,1791046830000000000,2026-10-03 13:00:30.000000000 ET,1791046853174756437,2026-10-03 13:00:53.174756352 ET,0.715,0.705,1791046854000000000,2026-10-03 13:00:54.000000000 ET,1791046855618665828,2026-10-03 13:00:55.618665728 ET,0.72,0.73,0.14,0.14,-0.53,-5.3,10
5.0,cfb_20261003_mhu_liu,aec-cfb-mrcy-liub-2026-10-03,vultr,filled,1791047133,1791047134000000000,2026-10-03 13:05:34.000000000 ET,1,gap_closed,0.685,0.655,0.655,1791047139000000000,2026-10-03 13:05:39.000000000 ET,1791047139486620927,2026-10-03 13:05:39.486620928 ET,0.68,0.69,1791047140000000000,2026-10-03 13:05:40.000000000 ET,1791047149145554169,2026-10-03 13:05:49.145554176 ET,0.69,0.68,0.15,0.15,-0.4,-4.0,10
5.0,cfb_20261003_mhu_liu,aec-cfb-mrcy-liub-2026-10-03,vultr,filled,1791049961,1791049962000000000,2026-10-03 13:52:42.000000000 ET,-1,gap_closed,0.525,0.555,0.555,1791049967000000000,2026-10-03 13:52:47.000000000 ET,1791049995371994249,2026-10-03 13:53:15.371994368 ET,0.52,0.51,1791049966000000000,2026-10-03 13:52:46.000000000 ET,1791049995371994249,2026-10-03 13:53:15.371994368 ET,0.52,0.53,0.17,0.17,-0.54,-5.4,10
5.0,cfb_20261003_mhu_liu,aec-cfb-mrcy-liub-2026-10-03,vultr,filled,1791051167,1791051168000000000,2026-10-03 14:12:48.000000000 ET,1,gap_closed,0.705,0.66,0.66,1791051173000000000,2026-10-03 14:12:53.000000000 ET,1791051178496587052,2026-10-03 14:12:58.496587008 ET,0.755,0.765,1791051183000000000,2026-10-03 14:13:03.000000000 ET,1791051206228266047,2026-10-03 14:13:26.228265984 ET,0.785,0.775,0.12,0.12,-0.14,-1.4,10
5.0,cfb_20261003_mhu_liu,aec-cfb-mrcy-liub-2026-10-03,vultr,filled,1791051365,1791051366000000000,2026-10-03 14:16:06.000000000 ET,-1,gap_closed,0.715,0.745,0.745,1791051371000000000,2026-10-03 14:16:11.000000000 ET,1791051372192688451,2026-10-03 14:16:12.192688384 ET,0.71,0.7,1791051373000000000,2026-10-03 14:16:13.000000000 ET,1791051380277037105,2026-10-03 14:16:20.277037056 ET,0.68,0.69,0.15,0.15,-0.2,-2.0,10
5.0,cfb_20261003_mhu_liu,aec-cfb-mrcy-liub-2026-10-03,vultr,filled,1791051725,1791051726000000000,2026-10-03 14:22:06.000000000 ET,1,gap_closed,0.675,0.64,0.64,1791051731000000000,2026-10-03 14:22:11.000000000 ET,1791051737833255382,2026-10-03 14:22:17.833255424 ET,0.67,0.68,1791051738000000000,2026-10-03 14:22:18.000000000 ET,1791051768768191367,2026-10-03 14:22:48.768191488 ET,0.69,0.68,0.15,0.15,-0.3,-3.0,10
5.0,cfb_20261003_mhu_liu,aec-cfb-mrcy-liub-2026-10-03,vultr,filled,1791052158,1791052159000000000,2026-10-03 14:29:19.000000000 ET,1,gap_closed,0.765,0.735,0.735,1791052164000000000,2026-10-03 14:29:24.000000000 ET,1791052173201103226,2026-10-03 14:29:33.201103104 ET,0.785,0.795,1791052174000000000,2026-10-03 14:29:34.000000000 ET,1791052217940578456,2026-10-03 14:30:17.940578560 ET,0.765,0.755,0.11,0.13,-0.64,-6.4,10
5.0,cfb_20261003_mhu_liu,aec-cfb-mrcy-liub-2026-10-03,vultr,filled,1791052809,1791052810000000000,2026-10-03 14:40:10.000000000 ET,-1,gap_closed,0.835,0.87,0.87,1791052815000000000,2026-10-03 14:40:15.000000000 ET,1791052819208898033,2026-10-03 14:40:19.208898048 ET,0.86,0.85,1791052822000000000,2026-10-03 14:40:22.000000000 ET,1791052829726268750,2026-10-03 14:40:29.726268672 ET,0.855,0.865,0.09,0.08,-0.32,-3.2,10
1.0,cfb_20261003_mich_minn,aec-cfb-mich-minnst-2026-10-03,vultr,filled,1791045711,1791045712000000000,2026-10-03 12:41:52.000000000 ET,-1,timeout,0.385,0.45,0.45,1791045713000000000,2026-10-03 12:41:53.000000000 ET,1791045714045931209,2026-10-03 12:41:54.045931264 ET,0.415,0.405,1791045772000000000,2026-10-03 12:42:52.000000000 ET,1791045772354493018,2026-10-03 12:42:52.354492928 ET,0.445,0.455,0.17,0.17,-0.84,-8.4,10
1.0,cfb_20261003_mich_minn,aec-cfb-mich-minnst-2026-10-03,vultr,filled,1791046183,1791046184000000000,2026-10-03 12:49:44.000000000 ET,-1,timeout,0.345,0.375,0.375,1791046185000000000,2026-10-03 12:49:45.000000000 ET,1791046187111775263,2026-10-03 12:49:47.111775232 ET,0.37,0.36,1791046244000000000,2026-10-03 12:50:44.000000000 ET,1791046244448414441,2026-10-03 12:50:44.448414464 ET,0.365,0.375,0.16,0.16,-0.47,-4.7,10
1.0,cfb_20261003_mich_minn,aec-cfb-mich-minnst-2026-10-03,vultr,filled,1791048067,1791048068000000000,2026-10-03 13:21:08.000000000 ET,-1,gap_closed,0.33999999999999997,0.4,0.4,1791048069000000000,2026-10-03 13:21:09.000000000 ET,1791048069345545814,2026-10-03 13:21:09.345545728 ET,0.355,0.345,1791048074000000000,2026-10-03 13:21:14.000000000 ET,1791048074455028494,2026-10-03 13:21:14.455028480 ET,0.26,0.27,0.16,0.14,0.45,4.5,10
2.0,cfb_20261003_mich_minn,aec-cfb-mich-minnst-2026-10-03,vultr,filled,1791045711,1791045712000000000,2026-10-03 12:41:52.000000000 ET,-1,timeout,0.385,0.45,0.45,1791045714000000000,2026-10-03 12:41:54.000000000 ET,1791045714045931209,2026-10-03 12:41:54.045931264 ET,0.415,0.405,1791045772000000000,2026-10-03 12:42:52.000000000 ET,1791045772354493018,2026-10-03 12:42:52.354492928 ET,0.445,0.455,0.17,0.17,-0.84,-8.4,10
2.0,cfb_20261003_mich_minn,aec-cfb-mich-minnst-2026-10-03,vultr,filled,1791046183,1791046184000000000,2026-10-03 12:49:44.000000000 ET,-1,timeout,0.345,0.375,0.375,1791046186000000000,2026-10-03 12:49:46.000000000 ET,1791046187111775263,2026-10-03 12:49:47.111775232 ET,0.37,0.36,1791046244000000000,2026-10-03 12:50:44.000000000 ET,1791046244448414441,2026-10-03 12:50:44.448414464 ET,0.365,0.375,0.16,0.16,-0.47,-4.7,10
2.0,cfb_20261003_mich_minn,aec-cfb-mich-minnst-2026-10-03,vultr,filled,1791048067,1791048068000000000,2026-10-03 13:21:08.000000000 ET,-1,gap_closed,0.33999999999999997,0.4,0.4,1791048070000000000,2026-10-03 13:21:10.000000000 ET,1791048070394973704,2026-10-03 13:21:10.394973696 ET,0.315,0.305,1791048074000000000,2026-10-03 13:21:14.000000000 ET,1791048074455028494,2026-10-03 13:21:14.455028480 ET,0.26,0.27,0.15,0.14,0.06,0.6,10
5.0,cfb_20261003_mich_minn,aec-cfb-mich-minnst-2026-10-03,vultr,filled,1791045711,1791045712000000000,2026-10-03 12:41:52.000000000 ET,-1,timeout,0.385,0.45,0.45,1791045717000000000,2026-10-03 12:41:57.000000000 ET,1791045717903574245,2026-10-03 12:41:57.903574272 ET,0.42,0.41,1791045772000000000,2026-10-03 12:42:52.000000000 ET,1791045772354493018,2026-10-03 12:42:52.354492928 ET,0.445,0.455,0.17,0.17,-0.79,-7.9,10
5.0,cfb_20261003_mich_minn,aec-cfb-mich-minnst-2026-10-03,vultr,filled,1791046183,1791046184000000000,2026-10-03 12:49:44.000000000 ET,-1,timeout,0.345,0.375,0.375,1791046189000000000,2026-10-03 12:49:49.000000000 ET,1791046189760201997,2026-10-03 12:49:49.760201984 ET,0.375,0.365,1791046244000000000,2026-10-03 12:50:44.000000000 ET,1791046244448414441,2026-10-03 12:50:44.448414464 ET,0.365,0.375,0.16,0.16,-0.42,-4.2,10
5.0,cfb_20261003_mich_minn,aec-cfb-mich-minnst-2026-10-03,vultr,filled,1791048067,1791048068000000000,2026-10-03 13:21:08.000000000 ET,-1,gap_closed,0.33999999999999997,0.4,0.4,1791048073000000000,2026-10-03 13:21:13.000000000 ET,1791048073530869393,2026-10-03 13:21:13.530869504 ET,0.27,0.26,1791048074000000000,2026-10-03 13:21:14.000000000 ET,1791048074455028494,2026-10-03 13:21:14.455028480 ET,0.26,0.27,0.13,0.14,-0.37,-3.7,10
1.0,cfb_20261003_mrmk_yale,aec-cfb-merri-yale-2026-10-03,vultr,filled,1791045611,1791045612000000000,2026-10-03 12:40:12.000000000 ET,-1,timeout,0.685,0.73,0.73,1791045613000000000,2026-10-03 12:40:13.000000000 ET,1791045615380028286,2026-10-03 12:40:15.380028160 ET,0.71,0.7,1791045672000000000,2026-10-03 12:41:12.000000000 ET,1791045721136664356,2026-10-03 12:42:01.136664320 ET,0.71,0.72,0.15,0.14,-0.49,-4.9,10
1.0,cfb_20261003_mrmk_yale,aec-cfb-merri-yale-2026-10-03,vultr,filled,1791047894,1791047895000000000,2026-10-03 13:18:15.000000000 ET,1,gap_closed,0.535,0.49,0.49,1791047896000000000,2026-10-03 13:18:16.000000000 ET,1791047896444768783,2026-10-03 13:18:16.444768768 ET,0.505,0.515,1791047918000000000,2026-10-03 13:18:38.000000000 ET,1791047919548804919,2026-10-03 13:18:39.548804864 ET,0.57,0.56,0.17,0.17,0.11,1.1,10
1.0,cfb_20261003_mrmk_yale,aec-cfb-merri-yale-2026-10-03,vultr,filled,1791047923,1791047924000000000,2026-10-03 13:18:44.000000000 ET,1,gap_closed,0.615,0.58,0.58,1791047925000000000,2026-10-03 13:18:45.000000000 ET,1791047929542325612,2026-10-03 13:18:49.542325504 ET,0.58,0.59,1791047943000000000,2026-10-03 13:19:03.000000000 ET,1791047952485265184,2026-10-03 13:19:12.485265152 ET,0.615,0.605,0.17,0.17,-0.19,-1.9,10
1.0,cfb_20261003_mrmk_yale,aec-cfb-merri-yale-2026-10-03,vultr,filled,1791048009,1791048010000000000,2026-10-03 13:20:10.000000000 ET,-1,gap_closed,0.5549999999999999,0.6,0.6,1791048011000000000,2026-10-03 13:20:11.000000000 ET,1791048023942117841,2026-10-03 13:20:23.942117888 ET,0.575,0.565,1791048057000000000,2026-10-03 13:20:57.000000000 ET,1791048091032741653,2026-10-03 13:21:31.032741632 ET,0.52,0.53,0.17,0.17,0.01,0.1,10
1.0,cfb_20261003_mrmk_yale,aec-cfb-merri-yale-2026-10-03,vultr,filled,1791048679,1791048680000000000,2026-10-03 13:31:20.000000000 ET,1,gap_closed,0.575,0.54,0.54,1791048681000000000,2026-10-03 13:31:21.000000000 ET,1791048701918580968,2026-10-03 13:31:41.918580992 ET,0.555,0.565,1791048705000000000,2026-10-03 13:31:45.000000000 ET,1791048707881394353,2026-10-03 13:31:47.881394432 ET,0.555,0.545,0.17,0.17,-0.54,-5.4,10
1.0,cfb_20261003_mrmk_yale,aec-cfb-merri-yale-2026-10-03,vultr,filled,1791048843,1791048844000000000,2026-10-03 13:34:04.000000000 ET,-1,gap_closed,0.5,0.53,0.53,1791048845000000000,2026-10-03 13:34:05.000000000 ET,1791048845399836026,2026-10-03 13:34:05.399835904 ET,0.575,0.565,1791048846000000000,2026-10-03 13:34:06.000000000 ET,1791048853617931630,2026-10-03 13:34:13.617931520 ET,0.52,0.53,0.17,0.17,0.01,0.1,10
1.0,cfb_20261003_mrmk_yale,aec-cfb-merri-yale-2026-10-03,vultr,filled,1791049084,1791049085000000000,2026-10-03 13:38:05.000000000 ET,1,gap_closed,0.605,0.57,0.57,1791049086000000000,2026-10-03 13:38:06.000000000 ET,1791049087973799129,2026-10-03 13:38:07.973799168 ET,0.59,0.6,1791049097000000000,2026-10-03 13:38:17.000000000 ET,1791049097410537800,2026-10-03 13:38:17.410537728 ET,0.615,0.605,0.17,0.17,-0.29,-2.9,10
1.0,cfb_20261003_mrmk_yale,aec-cfb-merri-yale-2026-10-03,vultr,filled,1791051241,1791051242000000000,2026-10-03 14:14:02.000000000 ET,-1,gap_closed,0.595,0.63,0.63,1791051243000000000,2026-10-03 14:14:03.000000000 ET,1791051276396564055,2026-10-03 14:14:36.396563968 ET,0.595,0.585,1791051277000000000,2026-10-03 14:14:37.000000000 ET,1791051330974405859,2026-10-03 14:15:30.974405888 ET,0.595,0.605,0.17,0.17,-0.54,-5.4,10
1.0,cfb_20261003_mrmk_yale,aec-cfb-merri-yale-2026-10-03,vultr,filled,1791051689,1791051690000000000,2026-10-03 14:21:30.000000000 ET,-1,gap_closed,0.6,0.64,0.64,1791051691000000000,2026-10-03 14:21:31.000000000 ET,1791051697374346792,2026-10-03 14:21:37.374346752 ET,0.625,0.615,1791051717000000000,2026-10-03 14:21:57.000000000 ET,1791051738713816829,2026-10-03 14:22:18.713816832 ET,0.62,0.63,0.16,0.16,-0.47,-4.7,10
2.0,cfb_20261003_mrmk_yale,aec-cfb-merri-yale-2026-10-03,vultr,filled,1791045611,1791045612000000000,2026-10-03 12:40:12.000000000 ET,-1,timeout,0.685,0.73,0.73,1791045614000000000,2026-10-03 12:40:14.000000000 ET,1791045615380028286,2026-10-03 12:40:15.380028160 ET,0.71,0.7,1791045672000000000,2026-10-03 12:41:12.000000000 ET,1791045721136664356,2026-10-03 12:42:01.136664320 ET,0.71,0.72,0.15,0.14,-0.49,-4.9,10
2.0,cfb_20261003_mrmk_yale,aec-cfb-merri-yale-2026-10-03,vultr,filled,1791047894,1791047895000000000,2026-10-03 13:18:15.000000000 ET,1,gap_closed,0.535,0.49,0.49,1791047897000000000,2026-10-03 13:18:17.000000000 ET,1791047903917155058,2026-10-03 13:18:23.917155072 ET,0.51,0.52,1791047918000000000,2026-10-03 13:18:38.000000000 ET,1791047919548804919,2026-10-03 13:18:39.548804864 ET,0.57,0.56,0.17,0.17,0.06,0.6,10
2.0,cfb_20261003_mrmk_yale,aec-cfb-merri-yale-2026-10-03,vultr,filled,1791047923,1791047924000000000,2026-10-03 13:18:44.000000000 ET,1,gap_closed,0.615,0.58,0.58,1791047926000000000,2026-10-03 13:18:46.000000000 ET,1791047929542325612,2026-10-03 13:18:49.542325504 ET,0.58,0.59,1791047943000000000,2026-10-03 13:19:03.000000000 ET,1791047952485265184,2026-10-03 13:19:12.485265152 ET,0.615,0.605,0.17,0.17,-0.19,-1.9,10
2.0,cfb_20261003_mrmk_yale,aec-cfb-merri-yale-2026-10-03,vultr,filled,1791048009,1791048010000000000,2026-10-03 13:20:10.000000000 ET,-1,gap_closed,0.5549999999999999,0.6,0.6,1791048012000000000,2026-10-03 13:20:12.000000000 ET,1791048023942117841,2026-10-03 13:20:23.942117888 ET,0.575,0.565,1791048057000000000,2026-10-03 13:20:57.000000000 ET,1791048091032741653,2026-10-03 13:21:31.032741632 ET,0.52,0.53,0.17,0.17,0.01,0.1,10
2.0,cfb_20261003_mrmk_yale,aec-cfb-merri-yale-2026-10-03,vultr,filled,1791048679,1791048680000000000,2026-10-03 13:31:20.000000000 ET,1,gap_closed,0.575,0.54,0.54,1791048682000000000,2026-10-03 13:31:22.000000000 ET,1791048701918580968,2026-10-03 13:31:41.918580992 ET,0.555,0.565,1791048705000000000,2026-10-03 13:31:45.000000000 ET,1791048707881394353,2026-10-03 13:31:47.881394432 ET,0.555,0.545,0.17,0.17,-0.54,-5.4,10
2.0,cfb_20261003_mrmk_yale,aec-cfb-merri-yale-2026-10-03,vultr,filled,1791048843,1791048844000000000,2026-10-03 13:34:04.000000000 ET,-1,gap_closed,0.5,0.53,0.53,1791048846000000000,2026-10-03 13:34:06.000000000 ET,1791048853617931630,2026-10-03 13:34:13.617931520 ET,0.52,0.51,1791048846000000000,2026-10-03 13:34:06.000000000 ET,1791048853617931630,2026-10-03 13:34:13.617931520 ET,0.52,0.53,0.17,0.17,-0.54,-5.4,10
2.0,cfb_20261003_mrmk_yale,aec-cfb-merri-yale-2026-10-03,vultr,filled,1791049084,1791049085000000000,2026-10-03 13:38:05.000000000 ET,1,gap_closed,0.605,0.57,0.57,1791049087000000000,2026-10-03 13:38:07.000000000 ET,1791049087973799129,2026-10-03 13:38:07.973799168 ET,0.59,0.6,1791049097000000000,2026-10-03 13:38:17.000000000 ET,1791049097410537800,2026-10-03 13:38:17.410537728 ET,0.615,0.605,0.17,0.17,-0.29,-2.9,10
2.0,cfb_20261003_mrmk_yale,aec-cfb-merri-yale-2026-10-03,vultr,filled,1791051241,1791051242000000000,2026-10-03 14:14:02.000000000 ET,-1,gap_closed,0.595,0.63,0.63,1791051244000000000,2026-10-03 14:14:04.000000000 ET,1791051276396564055,2026-10-03 14:14:36.396563968 ET,0.595,0.585,1791051277000000000,2026-10-03 14:14:37.000000000 ET,1791051330974405859,2026-10-03 14:15:30.974405888 ET,0.595,0.605,0.17,0.17,-0.54,-5.4,10
2.0,cfb_20261003_mrmk_yale,aec-cfb-merri-yale-2026-10-03,vultr,filled,1791051689,1791051690000000000,2026-10-03 14:21:30.000000000 ET,-1,gap_closed,0.6,0.64,0.64,1791051692000000000,2026-10-03 14:21:32.000000000 ET,1791051697374346792,2026-10-03 14:21:37.374346752 ET,0.625,0.615,1791051717000000000,2026-10-03 14:21:57.000000000 ET,1791051738713816829,2026-10-03 14:22:18.713816832 ET,0.62,0.63,0.16,0.16,-0.47,-4.7,10
5.0,cfb_20261003_mrmk_yale,aec-cfb-merri-yale-2026-10-03,vultr,filled,1791045611,1791045612000000000,2026-10-03 12:40:12.000000000 ET,-1,timeout,0.685,0.73,0.73,1791045617000000000,2026-10-03 12:40:17.000000000 ET,1791045619779540559,2026-10-03 12:40:19.779540480 ET,0.725,0.715,1791045672000000000,2026-10-03 12:41:12.000000000 ET,1791045721136664356,2026-10-03 12:42:01.136664320 ET,0.71,0.72,0.14,0.14,-0.33,-3.3,10
5.0,cfb_20261003_mrmk_yale,aec-cfb-merri-yale-2026-10-03,vultr,filled,1791047894,1791047895000000000,2026-10-03 13:18:15.000000000 ET,1,gap_closed,0.535,0.49,0.49,1791047900000000000,2026-10-03 13:18:20.000000000 ET,1791047903917155058,2026-10-03 13:18:23.917155072 ET,0.51,0.52,1791047918000000000,2026-10-03 13:18:38.000000000 ET,1791047919548804919,2026-10-03 13:18:39.548804864 ET,0.57,0.56,0.17,0.17,0.06,0.6,10
5.0,cfb_20261003_mrmk_yale,aec-cfb-merri-yale-2026-10-03,vultr,filled,1791047923,1791047924000000000,2026-10-03 13:18:44.000000000 ET,1,gap_closed,0.615,0.58,0.58,1791047929000000000,2026-10-03 13:18:49.000000000 ET,1791047929542325612,2026-10-03 13:18:49.542325504 ET,0.58,0.59,1791047943000000000,2026-10-03 13:19:03.000000000 ET,1791047952485265184,2026-10-03 13:19:12.485265152 ET,0.615,0.605,0.17,0.17,-0.19,-1.9,10
5.0,cfb_20261003_mrmk_yale,aec-cfb-merri-yale-2026-10-03,vultr,filled,1791048009,1791048010000000000,2026-10-03 13:20:10.000000000 ET,-1,gap_closed,0.5549999999999999,0.6,0.6,1791048015000000000,2026-10-03 13:20:15.000000000 ET,1791048023942117841,2026-10-03 13:20:23.942117888 ET,0.575,0.565,1791048057000000000,2026-10-03 13:20:57.000000000 ET,1791048091032741653,2026-10-03 13:21:31.032741632 ET,0.52,0.53,0.17,0.17,0.01,0.1,10
5.0,cfb_20261003_mrmk_yale,aec-cfb-merri-yale-2026-10-03,vultr,filled,1791048679,1791048680000000000,2026-10-03 13:31:20.000000000 ET,1,gap_closed,0.575,0.54,0.54,1791048685000000000,2026-10-03 13:31:25.000000000 ET,1791048701918580968,2026-10-03 13:31:41.918580992 ET,0.555,0.565,1791048705000000000,2026-10-03 13:31:45.000000000 ET,1791048707881394353,2026-10-03 13:31:47.881394432 ET,0.555,0.545,0.17,0.17,-0.54,-5.4,10
5.0,cfb_20261003_mrmk_yale,aec-cfb-merri-yale-2026-10-03,vultr,filled,1791048843,1791048844000000000,2026-10-03 13:34:04.000000000 ET,-1,gap_closed,0.5,0.53,0.53,1791048849000000000,2026-10-03 13:34:09.000000000 ET,1791048853617931630,2026-10-03 13:34:13.617931520 ET,0.52,0.51,1791048846000000000,2026-10-03 13:34:06.000000000 ET,1791048853617931630,2026-10-03 13:34:13.617931520 ET,0.52,0.53,0.17,0.17,-0.54,-5.4,10
5.0,cfb_20261003_mrmk_yale,aec-cfb-merri-yale-2026-10-03,vultr,filled,1791049084,1791049085000000000,2026-10-03 13:38:05.000000000 ET,1,gap_closed,0.605,0.57,0.57,1791049090000000000,2026-10-03 13:38:10.000000000 ET,1791049091357780130,2026-10-03 13:38:11.357780224 ET,0.605,0.615,1791049097000000000,2026-10-03 13:38:17.000000000 ET,1791049097410537800,2026-10-03 13:38:17.410537728 ET,0.615,0.605,0.16,0.17,-0.43,-4.3,10
5.0,cfb_20261003_mrmk_yale,aec-cfb-merri-yale-2026-10-03,vultr,filled,1791051241,1791051242000000000,2026-10-03 14:14:02.000000000 ET,-1,gap_closed,0.595,0.63,0.63,1791051247000000000,2026-10-03 14:14:07.000000000 ET,1791051276396564055,2026-10-03 14:14:36.396563968 ET,0.595,0.585,1791051277000000000,2026-10-03 14:14:37.000000000 ET,1791051330974405859,2026-10-03 14:15:30.974405888 ET,0.595,0.605,0.17,0.17,-0.54,-5.4,10
5.0,cfb_20261003_mrmk_yale,aec-cfb-merri-yale-2026-10-03,vultr,filled,1791051689,1791051690000000000,2026-10-03 14:21:30.000000000 ET,-1,gap_closed,0.6,0.64,0.64,1791051695000000000,2026-10-03 14:21:35.000000000 ET,1791051697374346792,2026-10-03 14:21:37.374346752 ET,0.625,0.615,1791051717000000000,2026-10-03 14:21:57.000000000 ET,1791051738713816829,2026-10-03 14:22:18.713816832 ET,0.62,0.63,0.16,0.16,-0.47,-4.7,10
1.0,cfb_20261003_ucf_hou,aec-cfb-ucf-hou-2026-10-03,vultr,filled,1791047612,1791047613000000000,2026-10-03 13:13:33.000000000 ET,1,gap_closed,0.655,0.625,0.625,1791047614000000000,2026-10-03 13:13:34.000000000 ET,1791047623331951677,2026-10-03 13:13:43.331951616 ET,0.65,0.66,1791047614000000000,2026-10-03 13:13:34.000000000 ET,1791047623331951677,2026-10-03 13:13:43.331951616 ET,0.65,0.64,0.16,0.16,-0.52,-5.2,10
1.0,cfb_20261003_ucf_hou,aec-cfb-ucf-hou-2026-10-03,vultr,filled,1791047854,1791047855000000000,2026-10-03 13:17:35.000000000 ET,-1,gap_closed,0.59,0.62,0.62,1791047856000000000,2026-10-03 13:17:36.000000000 ET,1791047856285622775,2026-10-03 13:17:36.285622784 ET,0.535,0.525,1791047864000000000,2026-10-03 13:17:44.000000000 ET,1791047864988719563,2026-10-03 13:17:44.988719616 ET,0.605,0.615,0.17,0.16,-1.23,-12.3,10
1.0,cfb_20261003_ucf_hou,aec-cfb-ucf-hou-2026-10-03,vultr,filled,1791050763,1791050764000000000,2026-10-03 14:06:04.000000000 ET,-1,gap_closed,0.435,0.465,0.465,1791050765000000000,2026-10-03 14:06:05.000000000 ET,1791050766324978669,2026-10-03 14:06:06.324978688 ET,0.455,0.445,1791050777000000000,2026-10-03 14:06:17.000000000 ET,1791050779650941642,2026-10-03 14:06:19.650941696 ET,0.435,0.445,0.17,0.17,-0.34,-3.4,10
1.0,cfb_20261003_ucf_hou,aec-cfb-ucf-hou-2026-10-03,vultr,filled,1791050798,1791050799000000000,2026-10-03 14:06:39.000000000 ET,-1,gap_closed,0.38,0.41,0.41,1791050800000000000,2026-10-03 14:06:40.000000000 ET,1791050801307932372,2026-10-03 14:06:41.307932416 ET,0.4,0.39,1791050804000000000,2026-10-03 14:06:44.000000000 ET,1791050804660796922,2026-10-03 14:06:44.660796928 ET,0.385,0.395,0.17,0.17,-0.39,-3.9,10
1.0,cfb_20261003_ucf_hou,aec-cfb-ucf-hou-2026-10-03,vultr,filled,1791052959,1791052960000000000,2026-10-03 14:42:40.000000000 ET,-1,gap_closed,0.615,0.65,0.65,1791052961000000000,2026-10-03 14:42:41.000000000 ET,1791052962459547590,2026-10-03 14:42:42.459547648 ET,0.62,0.61,1791052963000000000,2026-10-03 14:42:43.000000000 ET,1791052967848181384,2026-10-03 14:42:47.848181504 ET,0.615,0.625,0.17,0.16,-0.48,-4.8,10
2.0,cfb_20261003_ucf_hou,aec-cfb-ucf-hou-2026-10-03,vultr,filled,1791047612,1791047613000000000,2026-10-03 13:13:33.000000000 ET,1,gap_closed,0.655,0.625,0.625,1791047615000000000,2026-10-03 13:13:35.000000000 ET,1791047623331951677,2026-10-03 13:13:43.331951616 ET,0.65,0.66,1791047614000000000,2026-10-03 13:13:34.000000000 ET,1791047623331951677,2026-10-03 13:13:43.331951616 ET,0.65,0.64,0.16,0.16,-0.52,-5.2,10
2.0,cfb_20261003_ucf_hou,aec-cfb-ucf-hou-2026-10-03,vultr,filled,1791047854,1791047855000000000,2026-10-03 13:17:35.000000000 ET,-1,gap_closed,0.59,0.62,0.62,1791047857000000000,2026-10-03 13:17:37.000000000 ET,1791047861406450493,2026-10-03 13:17:41.406450432 ET,0.615,0.605,1791047864000000000,2026-10-03 13:17:44.000000000 ET,1791047864988719563,2026-10-03 13:17:44.988719616 ET,0.605,0.615,0.17,0.16,-0.43,-4.3,10
2.0,cfb_20261003_ucf_hou,aec-cfb-ucf-hou-2026-10-03,vultr,filled,1791050763,1791050764000000000,2026-10-03 14:06:04.000000000 ET,-1,gap_closed,0.435,0.465,0.465,1791050766000000000,2026-10-03 14:06:06.000000000 ET,1791050766324978669,2026-10-03 14:06:06.324978688 ET,0.455,0.445,1791050777000000000,2026-10-03 14:06:17.000000000 ET,1791050779650941642,2026-10-03 14:06:19.650941696 ET,0.435,0.445,0.17,0.17,-0.34,-3.4,10
2.0,cfb_20261003_ucf_hou,aec-cfb-ucf-hou-2026-10-03,vultr,filled,1791050798,1791050799000000000,2026-10-03 14:06:39.000000000 ET,-1,gap_closed,0.38,0.41,0.41,1791050801000000000,2026-10-03 14:06:41.000000000 ET,1791050801307932372,2026-10-03 14:06:41.307932416 ET,0.4,0.39,1791050804000000000,2026-10-03 14:06:44.000000000 ET,1791050804660796922,2026-10-03 14:06:44.660796928 ET,0.385,0.395,0.17,0.17,-0.39,-3.9,10
2.0,cfb_20261003_ucf_hou,aec-cfb-ucf-hou-2026-10-03,vultr,filled,1791052959,1791052960000000000,2026-10-03 14:42:40.000000000 ET,-1,gap_closed,0.615,0.65,0.65,1791052962000000000,2026-10-03 14:42:42.000000000 ET,1791052962459547590,2026-10-03 14:42:42.459547648 ET,0.62,0.61,1791052963000000000,2026-10-03 14:42:43.000000000 ET,1791052967848181384,2026-10-03 14:42:47.848181504 ET,0.615,0.625,0.17,0.16,-0.48,-4.8,10
5.0,cfb_20261003_ucf_hou,aec-cfb-ucf-hou-2026-10-03,vultr,filled,1791047612,1791047613000000000,2026-10-03 13:13:33.000000000 ET,1,gap_closed,0.655,0.625,0.625,1791047618000000000,2026-10-03 13:13:38.000000000 ET,1791047623331951677,2026-10-03 13:13:43.331951616 ET,0.65,0.66,1791047614000000000,2026-10-03 13:13:34.000000000 ET,1791047623331951677,2026-10-03 13:13:43.331951616 ET,0.65,0.64,0.16,0.16,-0.52,-5.2,10
5.0,cfb_20261003_ucf_hou,aec-cfb-ucf-hou-2026-10-03,vultr,filled,1791047854,1791047855000000000,2026-10-03 13:17:35.000000000 ET,-1,gap_closed,0.59,0.62,0.62,1791047860000000000,2026-10-03 13:17:40.000000000 ET,1791047861406450493,2026-10-03 13:17:41.406450432 ET,0.615,0.605,1791047864000000000,2026-10-03 13:17:44.000000000 ET,1791047864988719563,2026-10-03 13:17:44.988719616 ET,0.605,0.615,0.17,0.16,-0.43,-4.3,10
5.0,cfb_20261003_ucf_hou,aec-cfb-ucf-hou-2026-10-03,vultr,filled,1791050763,1791050764000000000,2026-10-03 14:06:04.000000000 ET,-1,gap_closed,0.435,0.465,0.465,1791050769000000000,2026-10-03 14:06:09.000000000 ET,1791050770748006667,2026-10-03 14:06:10.748006656 ET,0.45,0.44,1791050777000000000,2026-10-03 14:06:17.000000000 ET,1791050779650941642,2026-10-03 14:06:19.650941696 ET,0.435,0.445,0.17,0.17,-0.39,-3.9,10
5.0,cfb_20261003_ucf_hou,aec-cfb-ucf-hou-2026-10-03,vultr,filled,1791050798,1791050799000000000,2026-10-03 14:06:39.000000000 ET,-1,gap_closed,0.38,0.41,0.41,1791050804000000000,2026-10-03 14:06:44.000000000 ET,1791050804660796922,2026-10-03 14:06:44.660796928 ET,0.385,0.375,1791050804000000000,2026-10-03 14:06:44.000000000 ET,1791050804660796922,2026-10-03 14:06:44.660796928 ET,0.385,0.395,0.16,0.17,-0.53,-5.3,10
5.0,cfb_20261003_ucf_hou,aec-cfb-ucf-hou-2026-10-03,vultr,filled,1791052959,1791052960000000000,2026-10-03 14:42:40.000000000 ET,-1,gap_closed,0.615,0.65,0.65,1791052965000000000,2026-10-03 14:42:45.000000000 ET,1791052967848181384,2026-10-03 14:42:47.848181504 ET,0.615,0.605,1791052963000000000,2026-10-03 14:42:43.000000000 ET,1791052967848181384,2026-10-03 14:42:47.848181504 ET,0.615,0.625,0.17,0.16,-0.53,-5.3,10
1.0,cfb_20261003_ust_pre,aec-cfb-stmn-presb-2026-10-03,vultr,filled,1791044975,1791044976000000000,2026-10-03 12:29:36.000000000 ET,1,gap_closed,0.28500000000000003,0.25,0.25,1791044977000000000,2026-10-03 12:29:37.000000000 ET,1791044979694000986,2026-10-03 12:29:39.694000896 ET,0.31,0.32,1791044980000000000,2026-10-03 12:29:40.000000000 ET,1791044981948369247,2026-10-03 12:29:41.948369152 ET,0.29,0.28,0.15,0.14,-0.69,-6.9,10
1.0,cfb_20261003_ust_pre,aec-cfb-stmn-presb-2026-10-03,vultr,filled,1791044998,1791044999000000000,2026-10-03 12:29:59.000000000 ET,-1,timeout,0.255,0.295,0.295,1791045000000000000,2026-10-03 12:30:00.000000000 ET,1791045006335283595,2026-10-03 12:30:06.335283712 ET,0.295,0.285,1791045059000000000,2026-10-03 12:30:59.000000000 ET,1791045061315197411,2026-10-03 12:31:01.315197440 ET,0.315,0.325,0.14,0.15,-0.69,-6.9,10
1.0,cfb_20261003_ust_pre,aec-cfb-stmn-presb-2026-10-03,vultr,filled,1791045256,1791045257000000000,2026-10-03 12:34:17.000000000 ET,-1,gap_closed,0.345,0.38,0.38,1791045258000000000,2026-10-03 12:34:18.000000000 ET,1791045259905576563,2026-10-03 12:34:19.905576448 ET,0.37,0.36,1791045286000000000,2026-10-03 12:34:46.000000000 ET,1791045291580354002,2026-10-03 12:34:51.580354048 ET,0.41,0.42,0.16,0.17,-0.93,-9.3,10
1.0,cfb_20261003_ust_pre,aec-cfb-stmn-presb-2026-10-03,vultr,filled,1791045474,1791045475000000000,2026-10-03 12:37:55.000000000 ET,1,gap_closed,0.41500000000000004,0.37,0.37,1791045476000000000,2026-10-03 12:37:56.000000000 ET,1791045478333997779,2026-10-03 12:37:58.333997824 ET,0.4,0.41,1791045483000000000,2026-10-03 12:38:03.000000000 ET,1791045491507122468,2026-10-03 12:38:11.507122432 ET,0.44,0.43,0.17,0.17,-0.14,-1.4,10
1.0,cfb_20261003_ust_pre,aec-cfb-stmn-presb-2026-10-03,vultr,filled,1791045590,1791045591000000000,2026-10-03 12:39:51.000000000 ET,-1,gap_closed,0.375,0.415,0.415,1791045592000000000,2026-10-03 12:39:52.000000000 ET,1791045611346520460,2026-10-03 12:40:11.346520576 ET,0.42,0.41,1791045602000000000,2026-10-03 12:40:02.000000000 ET,1791045611346520460,2026-10-03 12:40:11.346520576 ET,0.42,0.43,0.17,0.17,-0.54,-5.4,10
1.0,cfb_20261003_ust_pre,aec-cfb-stmn-presb-2026-10-03,vultr,filled,1791045995,1791045996000000000,2026-10-03 12:46:36.000000000 ET,-1,gap_closed,0.5,0.53,0.53,1791045997000000000,2026-10-03 12:46:37.000000000 ET,1791045998258249696,2026-10-03 12:46:38.258249728 ET,0.535,0.525,1791046002000000000,2026-10-03 12:46:42.000000000 ET,1791046009371424581,2026-10-03 12:46:49.371424512 ET,0.54,0.55,0.17,0.17,-0.59,-5.9,10
1.0,cfb_20261003_ust_pre,aec-cfb-stmn-presb-2026-10-03,vultr,filled,1791046360,1791046361000000000,2026-10-03 12:52:41.000000000 ET,-1,gap_closed,0.6,0.64,0.64,1791046362000000000,2026-10-03 12:52:42.000000000 ET,1791046382247168189,2026-10-03 12:53:02.247168256 ET,0.625,0.615,1791046383000000000,2026-10-03 12:53:03.000000000 ET,1791046393555420968,2026-10-03 12:53:13.555420928 ET,0.61,0.62,0.16,0.16,-0.37,-3.7,10
1.0,cfb_20261003_ust_pre,aec-cfb-stmn-presb-2026-10-03,vultr,filled,1791047138,1791047139000000000,2026-10-03 13:05:39.000000000 ET,-1,gap_closed,0.655,0.695,0.695,1791047140000000000,2026-10-03 13:05:40.000000000 ET,1791047144660219523,2026-10-03 13:05:44.660219648 ET,0.645,0.635,1791047145000000000,2026-10-03 13:05:45.000000000 ET,1791047145069525771,2026-10-03 13:05:45.069525760 ET,0.665,0.675,0.16,0.15,-0.71,-7.1,10
1.0,cfb_20261003_ust_pre,aec-cfb-stmn-presb-2026-10-03,vultr,filled,1791049338,1791049339000000000,2026-10-03 13:42:19.000000000 ET,-1,gap_closed,0.83,0.86,0.86,1791049340000000000,2026-10-03 13:42:20.000000000 ET,1791049342872645599,2026-10-03 13:42:22.872645632 ET,0.845,0.835,1791049367000000000,2026-10-03 13:42:47.000000000 ET,1791049383570692251,2026-10-03 13:43:03.570692352 ET,0.79,0.8,0.1,0.11,0.14,1.4,10
1.0,cfb_20261003_ust_pre,aec-cfb-stmn-presb-2026-10-03,vultr,filled,1791051307,1791051308000000000,2026-10-03 14:15:08.000000000 ET,-1,gap_closed,0.895,0.94,0.94,1791051309000000000,2026-10-03 14:15:09.000000000 ET,1791051312140647314,2026-10-03 14:15:12.140647424 ET,0.925,0.915,1791051320000000000,2026-10-03 14:15:20.000000000 ET,1791051346320660267,2026-10-03 14:15:46.320660224 ET,0.91,0.92,0.05,0.05,-0.15,-1.5,10
1.0,cfb_20261003_ust_pre,aec-cfb-stmn-presb-2026-10-03,vultr,filled,1791051514,1791051515000000000,2026-10-03 14:18:35.000000000 ET,-1,gap_closed,0.865,0.9,0.9,1791051516000000000,2026-10-03 14:18:36.000000000 ET,1791051522988173734,2026-10-03 14:18:42.988173824 ET,0.9,0.89,1791051520000000000,2026-10-03 14:18:40.000000000 ET,1791051522988173734,2026-10-03 14:18:42.988173824 ET,0.9,0.91,0.07,0.06,-0.33,-3.3,10
2.0,cfb_20261003_ust_pre,aec-cfb-stmn-presb-2026-10-03,vultr,filled,1791044975,1791044976000000000,2026-10-03 12:29:36.000000000 ET,1,gap_closed,0.28500000000000003,0.25,0.25,1791044978000000000,2026-10-03 12:29:38.000000000 ET,1791044979694000986,2026-10-03 12:29:39.694000896 ET,0.31,0.32,1791044980000000000,2026-10-03 12:29:40.000000000 ET,1791044981948369247,2026-10-03 12:29:41.948369152 ET,0.29,0.28,0.15,0.14,-0.69,-6.9,10
2.0,cfb_20261003_ust_pre,aec-cfb-stmn-presb-2026-10-03,vultr,filled,1791044998,1791044999000000000,2026-10-03 12:29:59.000000000 ET,-1,timeout,0.255,0.295,0.295,1791045001000000000,2026-10-03 12:30:01.000000000 ET,1791045006335283595,2026-10-03 12:30:06.335283712 ET,0.295,0.285,1791045059000000000,2026-10-03 12:30:59.000000000 ET,1791045061315197411,2026-10-03 12:31:01.315197440 ET,0.315,0.325,0.14,0.15,-0.69,-6.9,10
2.0,cfb_20261003_ust_pre,aec-cfb-stmn-presb-2026-10-03,vultr,filled,1791045256,1791045257000000000,2026-10-03 12:34:17.000000000 ET,-1,gap_closed,0.345,0.38,0.38,1791045259000000000,2026-10-03 12:34:19.000000000 ET,1791045259905576563,2026-10-03 12:34:19.905576448 ET,0.37,0.36,1791045286000000000,2026-10-03 12:34:46.000000000 ET,1791045291580354002,2026-10-03 12:34:51.580354048 ET,0.41,0.42,0.16,0.17,-0.93,-9.3,10
2.0,cfb_20261003_ust_pre,aec-cfb-stmn-presb-2026-10-03,vultr,filled,1791045474,1791045475000000000,2026-10-03 12:37:55.000000000 ET,1,gap_closed,0.41500000000000004,0.37,0.37,1791045477000000000,2026-10-03 12:37:57.000000000 ET,1791045478333997779,2026-10-03 12:37:58.333997824 ET,0.4,0.41,1791045483000000000,2026-10-03 12:38:03.000000000 ET,1791045491507122468,2026-10-03 12:38:11.507122432 ET,0.44,0.43,0.17,0.17,-0.14,-1.4,10
2.0,cfb_20261003_ust_pre,aec-cfb-stmn-presb-2026-10-03,vultr,filled,1791045590,1791045591000000000,2026-10-03 12:39:51.000000000 ET,-1,gap_closed,0.375,0.415,0.415,1791045593000000000,2026-10-03 12:39:53.000000000 ET,1791045611346520460,2026-10-03 12:40:11.346520576 ET,0.42,0.41,1791045602000000000,2026-10-03 12:40:02.000000000 ET,1791045611346520460,2026-10-03 12:40:11.346520576 ET,0.42,0.43,0.17,0.17,-0.54,-5.4,10
2.0,cfb_20261003_ust_pre,aec-cfb-stmn-presb-2026-10-03,vultr,filled,1791045995,1791045996000000000,2026-10-03 12:46:36.000000000 ET,-1,gap_closed,0.5,0.53,0.53,1791045998000000000,2026-10-03 12:46:38.000000000 ET,1791045998258249696,2026-10-03 12:46:38.258249728 ET,0.535,0.525,1791046002000000000,2026-10-03 12:46:42.000000000 ET,1791046009371424581,2026-10-03 12:46:49.371424512 ET,0.54,0.55,0.17,0.17,-0.59,-5.9,10
2.0,cfb_20261003_ust_pre,aec-cfb-stmn-presb-2026-10-03,vultr,filled,1791046360,1791046361000000000,2026-10-03 12:52:41.000000000 ET,-1,gap_closed,0.6,0.64,0.64,1791046363000000000,2026-10-03 12:52:43.000000000 ET,1791046382247168189,2026-10-03 12:53:02.247168256 ET,0.625,0.615,1791046383000000000,2026-10-03 12:53:03.000000000 ET,1791046393555420968,2026-10-03 12:53:13.555420928 ET,0.61,0.62,0.16,0.16,-0.37,-3.7,10
2.0,cfb_20261003_ust_pre,aec-cfb-stmn-presb-2026-10-03,vultr,filled,1791047138,1791047139000000000,2026-10-03 13:05:39.000000000 ET,-1,gap_closed,0.655,0.695,0.695,1791047141000000000,2026-10-03 13:05:41.000000000 ET,1791047144660219523,2026-10-03 13:05:44.660219648 ET,0.645,0.635,1791047145000000000,2026-10-03 13:05:45.000000000 ET,1791047145069525771,2026-10-03 13:05:45.069525760 ET,0.665,0.675,0.16,0.15,-0.71,-7.1,10
2.0,cfb_20261003_ust_pre,aec-cfb-stmn-presb-2026-10-03,vultr,filled,1791049338,1791049339000000000,2026-10-03 13:42:19.000000000 ET,-1,gap_closed,0.83,0.86,0.86,1791049341000000000,2026-10-03 13:42:21.000000000 ET,1791049342872645599,2026-10-03 13:42:22.872645632 ET,0.845,0.835,1791049367000000000,2026-10-03 13:42:47.000000000 ET,1791049383570692251,2026-10-03 13:43:03.570692352 ET,0.79,0.8,0.1,0.11,0.14,1.4,10
2.0,cfb_20261003_ust_pre,aec-cfb-stmn-presb-2026-10-03,vultr,filled,1791051307,1791051308000000000,2026-10-03 14:15:08.000000000 ET,-1,gap_closed,0.895,0.94,0.94,1791051310000000000,2026-10-03 14:15:10.000000000 ET,1791051312140647314,2026-10-03 14:15:12.140647424 ET,0.925,0.915,1791051320000000000,2026-10-03 14:15:20.000000000 ET,1791051346320660267,2026-10-03 14:15:46.320660224 ET,0.91,0.92,0.05,0.05,-0.15,-1.5,10
2.0,cfb_20261003_ust_pre,aec-cfb-stmn-presb-2026-10-03,vultr,filled,1791051514,1791051515000000000,2026-10-03 14:18:35.000000000 ET,-1,gap_closed,0.865,0.9,0.9,1791051517000000000,2026-10-03 14:18:37.000000000 ET,1791051522988173734,2026-10-03 14:18:42.988173824 ET,0.9,0.89,1791051520000000000,2026-10-03 14:18:40.000000000 ET,1791051522988173734,2026-10-03 14:18:42.988173824 ET,0.9,0.91,0.07,0.06,-0.33,-3.3,10
5.0,cfb_20261003_ust_pre,aec-cfb-stmn-presb-2026-10-03,vultr,filled,1791044975,1791044976000000000,2026-10-03 12:29:36.000000000 ET,1,gap_closed,0.28500000000000003,0.25,0.25,1791044981000000000,2026-10-03 12:29:41.000000000 ET,1791044981948369247,2026-10-03 12:29:41.948369152 ET,0.29,0.3,1791044980000000000,2026-10-03 12:29:40.000000000 ET,1791044981948369247,2026-10-03 12:29:41.948369152 ET,0.29,0.28,0.15,0.14,-0.49,-4.9,10
5.0,cfb_20261003_ust_pre,aec-cfb-stmn-presb-2026-10-03,vultr,filled,1791044998,1791044999000000000,2026-10-03 12:29:59.000000000 ET,-1,timeout,0.255,0.295,0.295,1791045004000000000,2026-10-03 12:30:04.000000000 ET,1791045006335283595,2026-10-03 12:30:06.335283712 ET,0.295,0.285,1791045059000000000,2026-10-03 12:30:59.000000000 ET,1791045061315197411,2026-10-03 12:31:01.315197440 ET,0.315,0.325,0.14,0.15,-0.69,-6.9,10
5.0,cfb_20261003_ust_pre,aec-cfb-stmn-presb-2026-10-03,vultr,filled,1791045256,1791045257000000000,2026-10-03 12:34:17.000000000 ET,-1,gap_closed,0.345,0.38,0.38,1791045262000000000,2026-10-03 12:34:22.000000000 ET,1791045264922484824,2026-10-03 12:34:24.922484736 ET,0.365,0.355,1791045286000000000,2026-10-03 12:34:46.000000000 ET,1791045291580354002,2026-10-03 12:34:51.580354048 ET,0.41,0.42,0.16,0.17,-0.98,-9.8,10
5.0,cfb_20261003_ust_pre,aec-cfb-stmn-presb-2026-10-03,vultr,filled,1791045474,1791045475000000000,2026-10-03 12:37:55.000000000 ET,1,gap_closed,0.41500000000000004,0.37,0.37,1791045480000000000,2026-10-03 12:38:00.000000000 ET,1791045482773650889,2026-10-03 12:38:02.773650944 ET,0.44,0.45,1791045483000000000,2026-10-03 12:38:03.000000000 ET,1791045491507122468,2026-10-03 12:38:11.507122432 ET,0.44,0.43,0.17,0.17,-0.54,-5.4,10
5.0,cfb_20261003_ust_pre,aec-cfb-stmn-presb-2026-10-03,vultr,filled,1791045590,1791045591000000000,2026-10-03 12:39:51.000000000 ET,-1,gap_closed,0.375,0.415,0.415,1791045596000000000,2026-10-03 12:39:56.000000000 ET,1791045611346520460,2026-10-03 12:40:11.346520576 ET,0.42,0.41,1791045602000000000,2026-10-03 12:40:02.000000000 ET,1791045611346520460,2026-10-03 12:40:11.346520576 ET,0.42,0.43,0.17,0.17,-0.54,-5.4,10
5.0,cfb_20261003_ust_pre,aec-cfb-stmn-presb-2026-10-03,vultr,filled,1791045995,1791045996000000000,2026-10-03 12:46:36.000000000 ET,-1,gap_closed,0.5,0.53,0.53,1791046001000000000,2026-10-03 12:46:41.000000000 ET,1791046001049622876,2026-10-03 12:46:41.049622784 ET,0.53,0.52,1791046002000000000,2026-10-03 12:46:42.000000000 ET,1791046009371424581,2026-10-03 12:46:49.371424512 ET,0.54,0.55,0.17,0.17,-0.64,-6.4,10
5.0,cfb_20261003_ust_pre,aec-cfb-stmn-presb-2026-10-03,vultr,filled,1791046360,1791046361000000000,2026-10-03 12:52:41.000000000 ET,-1,gap_closed,0.6,0.64,0.64,1791046366000000000,2026-10-03 12:52:46.000000000 ET,1791046382247168189,2026-10-03 12:53:02.247168256 ET,0.625,0.615,1791046383000000000,2026-10-03 12:53:03.000000000 ET,1791046393555420968,2026-10-03 12:53:13.555420928 ET,0.61,0.62,0.16,0.16,-0.37,-3.7,10
5.0,cfb_20261003_ust_pre,aec-cfb-stmn-presb-2026-10-03,vultr,filled,1791047138,1791047139000000000,2026-10-03 13:05:39.000000000 ET,-1,gap_closed,0.655,0.695,0.695,1791047144000000000,2026-10-03 13:05:44.000000000 ET,1791047144660219523,2026-10-03 13:05:44.660219648 ET,0.645,0.635,1791047145000000000,2026-10-03 13:05:45.000000000 ET,1791047145069525771,2026-10-03 13:05:45.069525760 ET,0.665,0.675,0.16,0.15,-0.71,-7.1,10
5.0,cfb_20261003_ust_pre,aec-cfb-stmn-presb-2026-10-03,vultr,filled,1791049338,1791049339000000000,2026-10-03 13:42:19.000000000 ET,-1,gap_closed,0.83,0.86,0.86,1791049344000000000,2026-10-03 13:42:24.000000000 ET,1791049366748023053,2026-10-03 13:42:46.748023040 ET,0.795,0.785,1791049367000000000,2026-10-03 13:42:47.000000000 ET,1791049383570692251,2026-10-03 13:43:03.570692352 ET,0.79,0.8,0.12,0.11,-0.38,-3.8,10
5.0,cfb_20261003_ust_pre,aec-cfb-stmn-presb-2026-10-03,vultr,filled,1791051307,1791051308000000000,2026-10-03 14:15:08.000000000 ET,-1,gap_closed,0.895,0.94,0.94,1791051313000000000,2026-10-03 14:15:13.000000000 ET,1791051313679477625,2026-10-03 14:15:13.679477504 ET,0.91,0.9,1791051320000000000,2026-10-03 14:15:20.000000000 ET,1791051346320660267,2026-10-03 14:15:46.320660224 ET,0.91,0.92,0.06,0.05,-0.31,-3.1,10
5.0,cfb_20261003_ust_pre,aec-cfb-stmn-presb-2026-10-03,vultr,filled,1791051514,1791051515000000000,2026-10-03 14:18:35.000000000 ET,-1,gap_closed,0.865,0.9,0.9,1791051520000000000,2026-10-03 14:18:40.000000000 ET,1791051522988173734,2026-10-03 14:18:42.988173824 ET,0.9,0.89,1791051520000000000,2026-10-03 14:18:40.000000000 ET,1791051522988173734,2026-10-03 14:18:42.988173824 ET,0.9,0.91,0.07,0.06,-0.33,-3.3,10
1.0,cfb_20261003_msu_wis,aec-cfb-mst-wisc-2026-10-03,vultr,filled,1791051843,1791051844000000000,2026-10-03 14:24:04.000000000 ET,1,gap_closed,0.975,,0.975,1791051845000000000,2026-10-03 14:24:05.000000000 ET,1791051854244237240,2026-10-03 14:24:14.244237312 ET,0.98,0.99,1791051855000000000,2026-10-03 14:24:15.000000000 ET,1791051855965744604,2026-10-03 14:24:15.965744640 ET,0.98,0.97,0.01,0.02,-0.23,-2.3,10
2.0,cfb_20261003_msu_wis,aec-cfb-mst-wisc-2026-10-03,vultr,filled,1791051843,1791051844000000000,2026-10-03 14:24:04.000000000 ET,1,gap_closed,0.975,,0.975,1791051846000000000,2026-10-03 14:24:06.000000000 ET,1791051854244237240,2026-10-03 14:24:14.244237312 ET,0.98,0.99,1791051855000000000,2026-10-03 14:24:15.000000000 ET,1791051855965744604,2026-10-03 14:24:15.965744640 ET,0.98,0.97,0.01,0.02,-0.23,-2.3,10
5.0,cfb_20261003_msu_wis,aec-cfb-mst-wisc-2026-10-03,vultr,filled,1791051843,1791051844000000000,2026-10-03 14:24:04.000000000 ET,1,gap_closed,0.975,,0.975,1791051849000000000,2026-10-03 14:24:09.000000000 ET,1791051854244237240,2026-10-03 14:24:14.244237312 ET,0.98,0.99,1791051855000000000,2026-10-03 14:24:15.000000000 ET,1791051855965744604,2026-10-03 14:24:15.965744640 ET,0.98,0.97,0.01,0.02,-0.23,-2.3,10
1.0,cfb_20261003_cor_gtwn,aec-cfb-cor-gtwn-2026-10-03,vultr,no entry trade within 60 s,1791047836,1791047837000000000,2026-10-03 13:17:17.000000000 ET,-1,timeout,0.14500000000000002,0.18,0.18,1791047838000000000,2026-10-03 13:17:18.000000000 ET,,,,,1791047897000000000,2026-10-03 13:18:17.000000000 ET,,,,,,,,,10
1.0,cfb_20261003_cor_gtwn,aec-cfb-cor-gtwn-2026-10-03,vultr,filled,1791048564,1791048565000000000,2026-10-03 13:29:25.000000000 ET,1,gap_closed,0.14,0.105,0.105,1791048566000000000,2026-10-03 13:29:26.000000000 ET,1791048566903930283,2026-10-03 13:29:26.903930368 ET,0.12,0.13,1791048567000000000,2026-10-03 13:29:27.000000000 ET,1791048587846672993,2026-10-03 13:29:47.846672896 ET,0.12,0.11,0.08,0.07,-0.35,-3.5,10
1.0,cfb_20261003_cor_gtwn,aec-cfb-cor-gtwn-2026-10-03,vultr,filled,1791051497,1791051498000000000,2026-10-03 14:18:18.000000000 ET,-1,gap_closed,0.175,0.23,0.23,1791051499000000000,2026-10-03 14:18:19.000000000 ET,1791051514899881438,2026-10-03 14:18:34.899881472 ET,0.205,0.195,1791051515000000000,2026-10-03 14:18:35.000000000 ET,1791051519998746545,2026-10-03 14:18:39.998746624 ET,0.2,0.21,0.11,0.12,-0.38,-3.8,10
2.0,cfb_20261003_cor_gtwn,aec-cfb-cor-gtwn-2026-10-03,vultr,no entry trade within 60 s,1791047836,1791047837000000000,2026-10-03 13:17:17.000000000 ET,-1,timeout,0.14500000000000002,0.18,0.18,1791047839000000000,2026-10-03 13:17:19.000000000 ET,,,,,1791047897000000000,2026-10-03 13:18:17.000000000 ET,,,,,,,,,10
2.0,cfb_20261003_cor_gtwn,aec-cfb-cor-gtwn-2026-10-03,vultr,filled,1791048564,1791048565000000000,2026-10-03 13:29:25.000000000 ET,1,gap_closed,0.14,0.105,0.105,1791048567000000000,2026-10-03 13:29:27.000000000 ET,1791048587846672993,2026-10-03 13:29:47.846672896 ET,0.12,0.13,1791048567000000000,2026-10-03 13:29:27.000000000 ET,1791048587846672993,2026-10-03 13:29:47.846672896 ET,0.12,0.11,0.08,0.07,-0.35,-3.5,10
2.0,cfb_20261003_cor_gtwn,aec-cfb-cor-gtwn-2026-10-03,vultr,filled,1791051497,1791051498000000000,2026-10-03 14:18:18.000000000 ET,-1,gap_closed,0.175,0.23,0.23,1791051500000000000,2026-10-03 14:18:20.000000000 ET,1791051514899881438,2026-10-03 14:18:34.899881472 ET,0.205,0.195,1791051515000000000,2026-10-03 14:18:35.000000000 ET,1791051519998746545,2026-10-03 14:18:39.998746624 ET,0.2,0.21,0.11,0.12,-0.38,-3.8,10
5.0,cfb_20261003_cor_gtwn,aec-cfb-cor-gtwn-2026-10-03,vultr,no entry trade within 60 s,1791047836,1791047837000000000,2026-10-03 13:17:17.000000000 ET,-1,timeout,0.14500000000000002,0.18,0.18,1791047842000000000,2026-10-03 13:17:22.000000000 ET,,,,,1791047897000000000,2026-10-03 13:18:17.000000000 ET,,,,,,,,,10
5.0,cfb_20261003_cor_gtwn,aec-cfb-cor-gtwn-2026-10-03,vultr,filled,1791048564,1791048565000000000,2026-10-03 13:29:25.000000000 ET,1,gap_closed,0.14,0.105,0.105,1791048570000000000,2026-10-03 13:29:30.000000000 ET,1791048587846672993,2026-10-03 13:29:47.846672896 ET,0.12,0.13,1791048567000000000,2026-10-03 13:29:27.000000000 ET,1791048587846672993,2026-10-03 13:29:47.846672896 ET,0.12,0.11,0.08,0.07,-0.35,-3.5,10
5.0,cfb_20261003_cor_gtwn,aec-cfb-cor-gtwn-2026-10-03,vultr,filled,1791051497,1791051498000000000,2026-10-03 14:18:18.000000000 ET,-1,gap_closed,0.175,0.23,0.23,1791051503000000000,2026-10-03 14:18:23.000000000 ET,1791051514899881438,2026-10-03 14:18:34.899881472 ET,0.205,0.195,1791051515000000000,2026-10-03 14:18:35.000000000 ET,1791051519998746545,2026-10-03 14:18:39.998746624 ET,0.2,0.21,0.11,0.12,-0.38,-3.8,10
1.0,cfb_20261003_rich_laf,aec-cfb-rich-lafay-2026-10-03,vultr,filled,1791047342,1791047343000000000,2026-10-03 13:09:03.000000000 ET,1,gap_closed,0.485,0.45,0.45,1791047344000000000,2026-10-03 13:09:04.000000000 ET,1791047349814371695,2026-10-03 13:09:09.814371584 ET,0.49,0.5,1791047350000000000,2026-10-03 13:09:10.000000000 ET,1791047362143004989,2026-10-03 13:09:22.143004928 ET,0.485,0.475,0.17,0.17,-0.59,-5.9,10
1.0,cfb_20261003_rich_laf,aec-cfb-rich-lafay-2026-10-03,vultr,filled,1791048189,1791048190000000000,2026-10-03 13:23:10.000000000 ET,1,gap_closed,0.655,0.62,0.62,1791048191000000000,2026-10-03 13:23:11.000000000 ET,1791048195088173874,2026-10-03 13:23:15.088173824 ET,0.655,0.665,1791048196000000000,2026-10-03 13:23:16.000000000 ET,1791048217408645707,2026-10-03 13:23:37.408645632 ET,0.65,0.64,0.15,0.16,-0.56,-5.6,10
1.0,cfb_20261003_rich_laf,aec-cfb-rich-lafay-2026-10-03,vultr,no entry trade within 60 s,1791048584,1791048585000000000,2026-10-03 13:29:45.000000000 ET,1,gap_closed,0.605,0.57,0.57,1791048586000000000,2026-10-03 13:29:46.000000000 ET,,,,,1791048586000000000,2026-10-03 13:29:46.000000000 ET,,,,,,,,,10
1.0,cfb_20261003_rich_laf,aec-cfb-rich-lafay-2026-10-03,vultr,filled,1791049759,1791049760000000000,2026-10-03 13:49:20.000000000 ET,1,gap_closed,0.6799999999999999,0.63,0.63,1791049761000000000,2026-10-03 13:49:21.000000000 ET,1791049762711613366,2026-10-03 13:49:22.711613440 ET,0.66,0.67,1791049766000000000,2026-10-03 13:49:26.000000000 ET,1791049766517539813,2026-10-03 13:49:26.517539840 ET,0.72,0.71,0.15,0.14,0.11,1.1,10
1.0,cfb_20261003_rich_laf,aec-cfb-rich-lafay-2026-10-03,vultr,filled,1791050639,1791050640000000000,2026-10-03 14:04:00.000000000 ET,-1,gap_closed,0.595,0.63,0.63,1791050641000000000,2026-10-03 14:04:01.000000000 ET,1791050659701372073,2026-10-03 14:04:19.701372160 ET,0.6,0.59,1791050660000000000,2026-10-03 14:04:20.000000000 ET,1791050667815220562,2026-10-03 14:04:27.815220480 ET,0.595,0.605,0.17,0.17,-0.49,-4.9,10
1.0,cfb_20261003_rich_laf,aec-cfb-rich-lafay-2026-10-03,vultr,no entry trade within 60 s,1791051016,1791051017000000000,2026-10-03 14:10:17.000000000 ET,-1,timeout,0.53,0.585,0.585,1791051018000000000,2026-10-03 14:10:18.000000000 ET,,,,,1791051077000000000,2026-10-03 14:11:17.000000000 ET,,,,,,,,,10
1.0,cfb_20261003_rich_laf,aec-cfb-rich-lafay-2026-10-03,vultr,filled,1791051161,1791051162000000000,2026-10-03 14:12:42.000000000 ET,-1,timeout,0.5,0.55,0.55,1791051163000000000,2026-10-03 14:12:43.000000000 ET,1791051164416628380,2026-10-03 14:12:44.416628480 ET,0.525,0.515,1791051222000000000,2026-10-03 14:13:42.000000000 ET,1791051236576061335,2026-10-03 14:13:56.576061440 ET,0.505,0.515,0.17,0.17,-0.34,-3.4,10
1.0,cfb_20261003_rich_laf,aec-cfb-rich-lafay-2026-10-03,vultr,filled,1791052489,1791052490000000000,2026-10-03 14:34:50.000000000 ET,-1,gap_closed,0.53,0.56,0.56,1791052491000000000,2026-10-03 14:34:51.000000000 ET,1791052499096492296,2026-10-03 14:34:59.096492288 ET,0.465,0.455,1791052538000000000,2026-10-03 14:35:38.000000000 ET,1791052542874057899,2026-10-03 14:35:42.874057984 ET,0.41,0.42,0.17,0.17,0.01,0.1,10
1.0,cfb_20261003_rich_laf,aec-cfb-rich-lafay-2026-10-03,vultr,no entry trade within 60 s,1791052952,1791052953000000000,2026-10-03 14:42:33.000000000 ET,1,gap_closed,0.46499999999999997,0.43,0.43,1791052954000000000,2026-10-03 14:42:34.000000000 ET,,,,,1791052959000000000,2026-10-03 14:42:39.000000000 ET,,,,,,,,,10
1.0,cfb_20261003_rich_laf,aec-cfb-rich-lafay-2026-10-03,vultr,filled,1791053505,1791053506000000000,2026-10-03 14:51:46.000000000 ET,1,timeout,0.345,0.305,0.305,1791053507000000000,2026-10-03 14:51:47.000000000 ET,1791053513517699476,2026-10-03 14:51:53.517699584 ET,0.32,0.33,1791053566000000000,2026-10-03 14:52:46.000000000 ET,1791053567160260777,2026-10-03 14:52:47.160260864 ET,0.34,0.33,0.15,0.15,-0.3,-3.0,10
1.0,cfb_20261003_rich_laf,aec-cfb-rich-lafay-2026-10-03,vultr,filled,1791055210,1791055211000000000,2026-10-03 15:20:11.000000000 ET,1,gap_closed,0.13,0.1,0.1,1791055212000000000,2026-10-03 15:20:12.000000000 ET,1791055257958531665,2026-10-03 15:20:57.958531584 ET,0.085,0.095,1791055244000000000,2026-10-03 15:20:44.000000000 ET,1791055257958531665,2026-10-03 15:20:57.958531584 ET,0.085,0.075,0.06,0.05,-0.31,-3.1,10
1.0,cfb_20261003_rich_laf,aec-cfb-rich-lafay-2026-10-03,vultr,filled,1791055421,1791055422000000000,2026-10-03 15:23:42.000000000 ET,1,gap_closed,0.1,,0.08,1791055423000000000,2026-10-03 15:23:43.000000000 ET,1791055428852250921,2026-10-03 15:23:48.852250880 ET,0.065,0.075,1791055448000000000,2026-10-03 15:24:08.000000000 ET,1791055451141911193,2026-10-03 15:24:11.141911296 ET,0.07,0.06,0.05,0.04,-0.24,-2.4,10
1.0,cfb_20261003_rich_laf,aec-cfb-rich-lafay-2026-10-03,vultr,filled,1791055937,1791055938000000000,2026-10-03 15:32:18.000000000 ET,1,gap_closed,0.21,0.155,0.155,1791055939000000000,2026-10-03 15:32:19.000000000 ET,1791055944738181806,2026-10-03 15:32:24.738181888 ET,0.18,0.19,1791055946000000000,2026-10-03 15:32:26.000000000 ET,1791055946258492095,2026-10-03 15:32:26.258492160 ET,0.16,0.15,0.11,0.09,-0.6,-6.0,10
1.0,cfb_20261003_rich_laf,aec-cfb-rich-lafay-2026-10-03,vultr,filled,1791055981,1791055982000000000,2026-10-03 15:33:02.000000000 ET,-1,gap_closed,0.135,0.185,0.185,1791055983000000000,2026-10-03 15:33:03.000000000 ET,1791055985462811304,2026-10-03 15:33:05.462811392 ET,0.13,0.12,1791055987000000000,2026-10-03 15:33:07.000000000 ET,1791055988114408173,2026-10-03 15:33:08.114408192 ET,0.13,0.14,0.07,0.08,-0.35,-3.5,10
1.0,cfb_20261003_rich_laf,aec-cfb-rich-lafay-2026-10-03,vultr,filled,1791056209,1791056210000000000,2026-10-03 15:36:50.000000000 ET,-1,gap_closed,0.14,0.175,0.175,1791056211000000000,2026-10-03 15:36:51.000000000 ET,1791056217265139970,2026-10-03 15:36:57.265139968 ET,0.15,0.14,1791056218000000000,2026-10-03 15:36:58.000000000 ET,1791056233424041482,2026-10-03 15:37:13.424041472 ET,0.145,0.155,0.08,0.09,-0.32,-3.2,10
1.0,cfb_20261003_rich_laf,aec-cfb-rich-lafay-2026-10-03,vultr,filled,1791056321,1791056322000000000,2026-10-03 15:38:42.000000000 ET,-1,gap_closed,0.08,0.115,0.115,1791056323000000000,2026-10-03 15:38:43.000000000 ET,1791056350208819793,2026-10-03 15:39:10.208819712 ET,0.085,0.075,1791056359000000000,2026-10-03 15:39:19.000000000 ET,1791056363911671466,2026-10-03 15:39:23.911671552 ET,0.05,0.06,0.05,0.04,0.06,0.6,10
2.0,cfb_20261003_rich_laf,aec-cfb-rich-lafay-2026-10-03,vultr,filled,1791047342,1791047343000000000,2026-10-03 13:09:03.000000000 ET,1,gap_closed,0.485,0.45,0.45,1791047345000000000,2026-10-03 13:09:05.000000000 ET,1791047349814371695,2026-10-03 13:09:09.814371584 ET,0.49,0.5,1791047350000000000,2026-10-03 13:09:10.000000000 ET,1791047362143004989,2026-10-03 13:09:22.143004928 ET,0.485,0.475,0.17,0.17,-0.59,-5.9,10
2.0,cfb_20261003_rich_laf,aec-cfb-rich-lafay-2026-10-03,vultr,filled,1791048189,1791048190000000000,2026-10-03 13:23:10.000000000 ET,1,gap_closed,0.655,0.62,0.62,1791048192000000000,2026-10-03 13:23:12.000000000 ET,1791048195088173874,2026-10-03 13:23:15.088173824 ET,0.655,0.665,1791048196000000000,2026-10-03 13:23:16.000000000 ET,1791048217408645707,2026-10-03 13:23:37.408645632 ET,0.65,0.64,0.15,0.16,-0.56,-5.6,10
2.0,cfb_20261003_rich_laf,aec-cfb-rich-lafay-2026-10-03,vultr,no entry trade within 60 s,1791048584,1791048585000000000,2026-10-03 13:29:45.000000000 ET,1,gap_closed,0.605,0.57,0.57,1791048587000000000,2026-10-03 13:29:47.000000000 ET,,,,,1791048586000000000,2026-10-03 13:29:46.000000000 ET,,,,,,,,,10
2.0,cfb_20261003_rich_laf,aec-cfb-rich-lafay-2026-10-03,vultr,filled,1791049759,1791049760000000000,2026-10-03 13:49:20.000000000 ET,1,gap_closed,0.6799999999999999,0.63,0.63,1791049762000000000,2026-10-03 13:49:22.000000000 ET,1791049762711613366,2026-10-03 13:49:22.711613440 ET,0.66,0.67,1791049766000000000,2026-10-03 13:49:26.000000000 ET,1791049766517539813,2026-10-03 13:49:26.517539840 ET,0.72,0.71,0.15,0.14,0.11,1.1,10
2.0,cfb_20261003_rich_laf,aec-cfb-rich-lafay-2026-10-03,vultr,filled,1791050639,1791050640000000000,2026-10-03 14:04:00.000000000 ET,-1,gap_closed,0.595,0.63,0.63,1791050642000000000,2026-10-03 14:04:02.000000000 ET,1791050659701372073,2026-10-03 14:04:19.701372160 ET,0.6,0.59,1791050660000000000,2026-10-03 14:04:20.000000000 ET,1791050667815220562,2026-10-03 14:04:27.815220480 ET,0.595,0.605,0.17,0.17,-0.49,-4.9,10
2.0,cfb_20261003_rich_laf,aec-cfb-rich-lafay-2026-10-03,vultr,no entry trade within 60 s,1791051016,1791051017000000000,2026-10-03 14:10:17.000000000 ET,-1,timeout,0.53,0.585,0.585,1791051019000000000,2026-10-03 14:10:19.000000000 ET,,,,,1791051077000000000,2026-10-03 14:11:17.000000000 ET,,,,,,,,,10
2.0,cfb_20261003_rich_laf,aec-cfb-rich-lafay-2026-10-03,vultr,filled,1791051161,1791051162000000000,2026-10-03 14:12:42.000000000 ET,-1,timeout,0.5,0.55,0.55,1791051164000000000,2026-10-03 14:12:44.000000000 ET,1791051164416628380,2026-10-03 14:12:44.416628480 ET,0.525,0.515,1791051222000000000,2026-10-03 14:13:42.000000000 ET,1791051236576061335,2026-10-03 14:13:56.576061440 ET,0.505,0.515,0.17,0.17,-0.34,-3.4,10
2.0,cfb_20261003_rich_laf,aec-cfb-rich-lafay-2026-10-03,vultr,filled,1791052489,1791052490000000000,2026-10-03 14:34:50.000000000 ET,-1,gap_closed,0.53,0.56,0.56,1791052492000000000,2026-10-03 14:34:52.000000000 ET,1791052499096492296,2026-10-03 14:34:59.096492288 ET,0.465,0.455,1791052538000000000,2026-10-03 14:35:38.000000000 ET,1791052542874057899,2026-10-03 14:35:42.874057984 ET,0.41,0.42,0.17,0.17,0.01,0.1,10
2.0,cfb_20261003_rich_laf,aec-cfb-rich-lafay-2026-10-03,vultr,no entry trade within 60 s,1791052952,1791052953000000000,2026-10-03 14:42:33.000000000 ET,1,gap_closed,0.46499999999999997,0.43,0.43,1791052955000000000,2026-10-03 14:42:35.000000000 ET,,,,,1791052959000000000,2026-10-03 14:42:39.000000000 ET,,,,,,,,,10
2.0,cfb_20261003_rich_laf,aec-cfb-rich-lafay-2026-10-03,vultr,filled,1791053505,1791053506000000000,2026-10-03 14:51:46.000000000 ET,1,timeout,0.345,0.305,0.305,1791053508000000000,2026-10-03 14:51:48.000000000 ET,1791053513517699476,2026-10-03 14:51:53.517699584 ET,0.32,0.33,1791053566000000000,2026-10-03 14:52:46.000000000 ET,1791053567160260777,2026-10-03 14:52:47.160260864 ET,0.34,0.33,0.15,0.15,-0.3,-3.0,10
2.0,cfb_20261003_rich_laf,aec-cfb-rich-lafay-2026-10-03,vultr,filled,1791055210,1791055211000000000,2026-10-03 15:20:11.000000000 ET,1,gap_closed,0.13,0.1,0.1,1791055213000000000,2026-10-03 15:20:13.000000000 ET,1791055257958531665,2026-10-03 15:20:57.958531584 ET,0.085,0.095,1791055244000000000,2026-10-03 15:20:44.000000000 ET,1791055257958531665,2026-10-03 15:20:57.958531584 ET,0.085,0.075,0.06,0.05,-0.31,-3.1,10
2.0,cfb_20261003_rich_laf,aec-cfb-rich-lafay-2026-10-03,vultr,filled,1791055421,1791055422000000000,2026-10-03 15:23:42.000000000 ET,1,gap_closed,0.1,,0.08,1791055424000000000,2026-10-03 15:23:44.000000000 ET,1791055428852250921,2026-10-03 15:23:48.852250880 ET,0.065,0.075,1791055448000000000,2026-10-03 15:24:08.000000000 ET,1791055451141911193,2026-10-03 15:24:11.141911296 ET,0.07,0.06,0.05,0.04,-0.24,-2.4,10
2.0,cfb_20261003_rich_laf,aec-cfb-rich-lafay-2026-10-03,vultr,filled,1791055937,1791055938000000000,2026-10-03 15:32:18.000000000 ET,1,gap_closed,0.21,0.155,0.155,1791055940000000000,2026-10-03 15:32:20.000000000 ET,1791055944738181806,2026-10-03 15:32:24.738181888 ET,0.18,0.19,1791055946000000000,2026-10-03 15:32:26.000000000 ET,1791055946258492095,2026-10-03 15:32:26.258492160 ET,0.16,0.15,0.11,0.09,-0.6,-6.0,10
2.0,cfb_20261003_rich_laf,aec-cfb-rich-lafay-2026-10-03,vultr,filled,1791055981,1791055982000000000,2026-10-03 15:33:02.000000000 ET,-1,gap_closed,0.135,0.185,0.185,1791055984000000000,2026-10-03 15:33:04.000000000 ET,1791055985462811304,2026-10-03 15:33:05.462811392 ET,0.13,0.12,1791055987000000000,2026-10-03 15:33:07.000000000 ET,1791055988114408173,2026-10-03 15:33:08.114408192 ET,0.13,0.14,0.07,0.08,-0.35,-3.5,10
2.0,cfb_20261003_rich_laf,aec-cfb-rich-lafay-2026-10-03,vultr,filled,1791056209,1791056210000000000,2026-10-03 15:36:50.000000000 ET,-1,gap_closed,0.14,0.175,0.175,1791056212000000000,2026-10-03 15:36:52.000000000 ET,1791056217265139970,2026-10-03 15:36:57.265139968 ET,0.15,0.14,1791056218000000000,2026-10-03 15:36:58.000000000 ET,1791056233424041482,2026-10-03 15:37:13.424041472 ET,0.145,0.155,0.08,0.09,-0.32,-3.2,10
2.0,cfb_20261003_rich_laf,aec-cfb-rich-lafay-2026-10-03,vultr,filled,1791056321,1791056322000000000,2026-10-03 15:38:42.000000000 ET,-1,gap_closed,0.08,0.115,0.115,1791056324000000000,2026-10-03 15:38:44.000000000 ET,1791056350208819793,2026-10-03 15:39:10.208819712 ET,0.085,0.075,1791056359000000000,2026-10-03 15:39:19.000000000 ET,1791056363911671466,2026-10-03 15:39:23.911671552 ET,0.05,0.06,0.05,0.04,0.06,0.6,10
5.0,cfb_20261003_rich_laf,aec-cfb-rich-lafay-2026-10-03,vultr,filled,1791047342,1791047343000000000,2026-10-03 13:09:03.000000000 ET,1,gap_closed,0.485,0.45,0.45,1791047348000000000,2026-10-03 13:09:08.000000000 ET,1791047349814371695,2026-10-03 13:09:09.814371584 ET,0.49,0.5,1791047350000000000,2026-10-03 13:09:10.000000000 ET,1791047362143004989,2026-10-03 13:09:22.143004928 ET,0.485,0.475,0.17,0.17,-0.59,-5.9,10
5.0,cfb_20261003_rich_laf,aec-cfb-rich-lafay-2026-10-03,vultr,filled,1791048189,1791048190000000000,2026-10-03 13:23:10.000000000 ET,1,gap_closed,0.655,0.62,0.62,1791048195000000000,2026-10-03 13:23:15.000000000 ET,1791048195088173874,2026-10-03 13:23:15.088173824 ET,0.655,0.665,1791048196000000000,2026-10-03 13:23:16.000000000 ET,1791048217408645707,2026-10-03 13:23:37.408645632 ET,0.65,0.64,0.15,0.16,-0.56,-5.6,10
5.0,cfb_20261003_rich_laf,aec-cfb-rich-lafay-2026-10-03,vultr,no entry trade within 60 s,1791048584,1791048585000000000,2026-10-03 13:29:45.000000000 ET,1,gap_closed,0.605,0.57,0.57,1791048590000000000,2026-10-03 13:29:50.000000000 ET,,,,,1791048586000000000,2026-10-03 13:29:46.000000000 ET,,,,,,,,,10
5.0,cfb_20261003_rich_laf,aec-cfb-rich-lafay-2026-10-03,vultr,filled,1791049759,1791049760000000000,2026-10-03 13:49:20.000000000 ET,1,gap_closed,0.6799999999999999,0.63,0.63,1791049765000000000,2026-10-03 13:49:25.000000000 ET,1791049766517539813,2026-10-03 13:49:26.517539840 ET,0.72,0.73,1791049766000000000,2026-10-03 13:49:26.000000000 ET,1791049766517539813,2026-10-03 13:49:26.517539840 ET,0.72,0.71,0.14,0.14,-0.48,-4.8,10
5.0,cfb_20261003_rich_laf,aec-cfb-rich-lafay-2026-10-03,vultr,filled,1791050639,1791050640000000000,2026-10-03 14:04:00.000000000 ET,-1,gap_closed,0.595,0.63,0.63,1791050645000000000,2026-10-03 14:04:05.000000000 ET,1791050659701372073,2026-10-03 14:04:19.701372160 ET,0.6,0.59,1791050660000000000,2026-10-03 14:04:20.000000000 ET,1791050667815220562,2026-10-03 14:04:27.815220480 ET,0.595,0.605,0.17,0.17,-0.49,-4.9,10
5.0,cfb_20261003_rich_laf,aec-cfb-rich-lafay-2026-10-03,vultr,no entry trade within 60 s,1791051016,1791051017000000000,2026-10-03 14:10:17.000000000 ET,-1,timeout,0.53,0.585,0.585,1791051022000000000,2026-10-03 14:10:22.000000000 ET,,,,,1791051077000000000,2026-10-03 14:11:17.000000000 ET,,,,,,,,,10
5.0,cfb_20261003_rich_laf,aec-cfb-rich-lafay-2026-10-03,vultr,filled,1791051161,1791051162000000000,2026-10-03 14:12:42.000000000 ET,-1,timeout,0.5,0.55,0.55,1791051167000000000,2026-10-03 14:12:47.000000000 ET,1791051213221389097,2026-10-03 14:13:33.221389056 ET,0.515,0.505,1791051222000000000,2026-10-03 14:13:42.000000000 ET,1791051236576061335,2026-10-03 14:13:56.576061440 ET,0.505,0.515,0.17,0.17,-0.44,-4.4,10
5.0,cfb_20261003_rich_laf,aec-cfb-rich-lafay-2026-10-03,vultr,filled,1791052489,1791052490000000000,2026-10-03 14:34:50.000000000 ET,-1,gap_closed,0.53,0.56,0.56,1791052495000000000,2026-10-03 14:34:55.000000000 ET,1791052499096492296,2026-10-03 14:34:59.096492288 ET,0.465,0.455,1791052538000000000,2026-10-03 14:35:38.000000000 ET,1791052542874057899,2026-10-03 14:35:42.874057984 ET,0.41,0.42,0.17,0.17,0.01,0.1,10
5.0,cfb_20261003_rich_laf,aec-cfb-rich-lafay-2026-10-03,vultr,no entry trade within 60 s,1791052952,1791052953000000000,2026-10-03 14:42:33.000000000 ET,1,gap_closed,0.46499999999999997,0.43,0.43,1791052958000000000,2026-10-03 14:42:38.000000000 ET,,,,,1791052959000000000,2026-10-03 14:42:39.000000000 ET,,,,,,,,,10
5.0,cfb_20261003_rich_laf,aec-cfb-rich-lafay-2026-10-03,vultr,filled,1791053505,1791053506000000000,2026-10-03 14:51:46.000000000 ET,1,timeout,0.345,0.305,0.305,1791053511000000000,2026-10-03 14:51:51.000000000 ET,1791053513517699476,2026-10-03 14:51:53.517699584 ET,0.32,0.33,1791053566000000000,2026-10-03 14:52:46.000000000 ET,1791053567160260777,2026-10-03 14:52:47.160260864 ET,0.34,0.33,0.15,0.15,-0.3,-3.0,10
5.0,cfb_20261003_rich_laf,aec-cfb-rich-lafay-2026-10-03,vultr,filled,1791055210,1791055211000000000,2026-10-03 15:20:11.000000000 ET,1,gap_closed,0.13,0.1,0.1,1791055216000000000,2026-10-03 15:20:16.000000000 ET,1791055257958531665,2026-10-03 15:20:57.958531584 ET,0.085,0.095,1791055244000000000,2026-10-03 15:20:44.000000000 ET,1791055257958531665,2026-10-03 15:20:57.958531584 ET,0.085,0.075,0.06,0.05,-0.31,-3.1,10
5.0,cfb_20261003_rich_laf,aec-cfb-rich-lafay-2026-10-03,vultr,filled,1791055421,1791055422000000000,2026-10-03 15:23:42.000000000 ET,1,gap_closed,0.1,,0.08,1791055427000000000,2026-10-03 15:23:47.000000000 ET,1791055428852250921,2026-10-03 15:23:48.852250880 ET,0.065,0.075,1791055448000000000,2026-10-03 15:24:08.000000000 ET,1791055451141911193,2026-10-03 15:24:11.141911296 ET,0.07,0.06,0.05,0.04,-0.24,-2.4,10
5.0,cfb_20261003_rich_laf,aec-cfb-rich-lafay-2026-10-03,vultr,filled,1791055937,1791055938000000000,2026-10-03 15:32:18.000000000 ET,1,gap_closed,0.21,0.155,0.155,1791055943000000000,2026-10-03 15:32:23.000000000 ET,1791055944738181806,2026-10-03 15:32:24.738181888 ET,0.18,0.19,1791055946000000000,2026-10-03 15:32:26.000000000 ET,1791055946258492095,2026-10-03 15:32:26.258492160 ET,0.16,0.15,0.11,0.09,-0.6,-6.0,10
5.0,cfb_20261003_rich_laf,aec-cfb-rich-lafay-2026-10-03,vultr,filled,1791055981,1791055982000000000,2026-10-03 15:33:02.000000000 ET,-1,gap_closed,0.135,0.185,0.185,1791055987000000000,2026-10-03 15:33:07.000000000 ET,1791055988114408173,2026-10-03 15:33:08.114408192 ET,0.13,0.12,1791055987000000000,2026-10-03 15:33:07.000000000 ET,1791055988114408173,2026-10-03 15:33:08.114408192 ET,0.13,0.14,0.07,0.08,-0.35,-3.5,10
5.0,cfb_20261003_rich_laf,aec-cfb-rich-lafay-2026-10-03,vultr,filled,1791056209,1791056210000000000,2026-10-03 15:36:50.000000000 ET,-1,gap_closed,0.14,0.175,0.175,1791056215000000000,2026-10-03 15:36:55.000000000 ET,1791056217265139970,2026-10-03 15:36:57.265139968 ET,0.15,0.14,1791056218000000000,2026-10-03 15:36:58.000000000 ET,1791056233424041482,2026-10-03 15:37:13.424041472 ET,0.145,0.155,0.08,0.09,-0.32,-3.2,10
5.0,cfb_20261003_rich_laf,aec-cfb-rich-lafay-2026-10-03,vultr,filled,1791056321,1791056322000000000,2026-10-03 15:38:42.000000000 ET,-1,gap_closed,0.08,0.115,0.115,1791056327000000000,2026-10-03 15:38:47.000000000 ET,1791056350208819793,2026-10-03 15:39:10.208819712 ET,0.085,0.075,1791056359000000000,2026-10-03 15:39:19.000000000 ET,1791056363911671466,2026-10-03 15:39:23.911671552 ET,0.05,0.06,0.05,0.04,0.06,0.6,10
1.0,cfb_20261003_wmu_buff,aec-cfb-wmich-buf-2026-10-03,vultr,filled,1791050545,1791050546000000000,2026-10-03 14:02:26.000000000 ET,-1,gap_closed,0.345,0.375,0.375,1791050547000000000,2026-10-03 14:02:27.000000000 ET,1791050549573566455,2026-10-03 14:02:29.573566464 ET,0.34,0.33,1791050551000000000,2026-10-03 14:02:31.000000000 ET,1791050562489060426,2026-10-03 14:02:42.489060352 ET,0.33,0.34,0.15,0.16,-0.41,-4.1,10
1.0,cfb_20261003_wmu_buff,aec-cfb-wmich-buf-2026-10-03,vultr,filled,1791051017,1791051018000000000,2026-10-03 14:10:18.000000000 ET,-1,gap_closed,0.38,0.41,0.41,1791051019000000000,2026-10-03 14:10:19.000000000 ET,1791051019778102649,2026-10-03 14:10:19.778102528 ET,0.41,0.4,1791051020000000000,2026-10-03 14:10:20.000000000 ET,1791051032128989459,2026-10-03 14:10:32.128989440 ET,0.395,0.405,0.17,0.17,-0.39,-3.9,10
1.0,cfb_20261003_wmu_buff,aec-cfb-wmich-buf-2026-10-03,vultr,filled,1791055991,1791055992000000000,2026-10-03 15:33:12.000000000 ET,-1,gap_closed,0.475,0.515,0.515,1791055993000000000,2026-10-03 15:33:13.000000000 ET,1791055993591851864,2026-10-03 15:33:13.591851776 ET,0.44,0.43,1791055994000000000,2026-10-03 15:33:14.000000000 ET,1791055995656550766,2026-10-03 15:33:15.656550656 ET,0.39,0.4,0.17,0.17,-0.04,-0.4,10
1.0,cfb_20261003_wmu_buff,aec-cfb-wmich-buf-2026-10-03,vultr,filled,1791056966,1791056967000000000,2026-10-03 15:49:27.000000000 ET,1,gap_closed,0.165,0.135,0.135,1791056968000000000,2026-10-03 15:49:28.000000000 ET,1791056969073207406,2026-10-03 15:49:29.073207296 ET,0.14,0.15,1791056968000000000,2026-10-03 15:49:28.000000000 ET,1791056969073207406,2026-10-03 15:49:29.073207296 ET,0.14,0.13,0.09,0.08,-0.37,-3.7,10
1.0,cfb_20261003_wmu_buff,aec-cfb-wmich-buf-2026-10-03,vultr,filled,1791057202,1791057203000000000,2026-10-03 15:53:23.000000000 ET,-1,gap_closed,0.16999999999999998,0.21,0.21,1791057204000000000,2026-10-03 15:53:24.000000000 ET,1791057204538553170,2026-10-03 15:53:24.538553088 ET,0.145,0.135,1791057205000000000,2026-10-03 15:53:25.000000000 ET,1791057205043566113,2026-10-03 15:53:25.043566080 ET,0.12,0.13,0.08,0.08,-0.11,-1.1,10
1.0,cfb_20261003_wmu_buff,aec-cfb-wmich-buf-2026-10-03,vultr,filled,1791057371,1791057372000000000,2026-10-03 15:56:12.000000000 ET,1,gap_closed,0.255,0.225,0.225,1791057373000000000,2026-10-03 15:56:13.000000000 ET,1791057374531511779,2026-10-03 15:56:14.531511808 ET,0.19,0.2,1791057375000000000,2026-10-03 15:56:15.000000000 ET,1791057375196496280,2026-10-03 15:56:15.196496384 ET,0.14,0.13,0.11,0.08,-0.89,-8.9,10
1.0,cfb_20261003_wmu_buff,aec-cfb-wmich-buf-2026-10-03,vultr,filled,1791057413,1791057414000000000,2026-10-03 15:56:54.000000000 ET,-1,gap_closed,0.16999999999999998,0.2,0.2,1791057415000000000,2026-10-03 15:56:55.000000000 ET,1791057415040415929,2026-10-03 15:56:55.040416000 ET,0.165,0.155,1791057417000000000,2026-10-03 15:56:57.000000000 ET,1791057417432260329,2026-10-03 15:56:57.432260352 ET,0.17,0.18,0.09,0.1,-0.44,-4.4,10
1.0,cfb_20261003_wmu_buff,aec-cfb-wmich-buf-2026-10-03,vultr,filled,1791057441,1791057442000000000,2026-10-03 15:57:22.000000000 ET,1,gap_closed,0.225,0.185,0.185,1791057443000000000,2026-10-03 15:57:23.000000000 ET,1791057443041432357,2026-10-03 15:57:23.041432320 ET,0.26,0.27,1791057446000000000,2026-10-03 15:57:26.000000000 ET,1791057446494427869,2026-10-03 15:57:26.494427904 ET,0.28,0.27,0.14,0.14,-0.28,-2.8,10
1.0,cfb_20261003_wmu_buff,aec-cfb-wmich-buf-2026-10-03,vultr,filled,1791057773,1791057774000000000,2026-10-03 16:02:54.000000000 ET,-1,gap_closed,0.45499999999999996,0.49,0.49,1791057775000000000,2026-10-03 16:02:55.000000000 ET,1791057776160251522,2026-10-03 16:02:56.160251648 ET,0.485,0.475,1791057782000000000,2026-10-03 16:03:02.000000000 ET,1791057783320602382,2026-10-03 16:03:03.320602368 ET,0.435,0.445,0.17,0.17,-0.04,-0.4,10
1.0,cfb_20261003_wmu_buff,aec-cfb-wmich-buf-2026-10-03,vultr,filled,1791057869,1791057870000000000,2026-10-03 16:04:30.000000000 ET,-1,gap_closed,0.255,0.295,0.295,1791057871000000000,2026-10-03 16:04:31.000000000 ET,1791057871210779668,2026-10-03 16:04:31.210779648 ET,0.015,0.01,1791057871000000000,2026-10-03 16:04:31.000000000 ET,1791057871210779668,2026-10-03 16:04:31.210779648 ET,0.015,0.025,0.01,0.02,-0.18,-1.8,10
2.0,cfb_20261003_wmu_buff,aec-cfb-wmich-buf-2026-10-03,vultr,filled,1791050545,1791050546000000000,2026-10-03 14:02:26.000000000 ET,-1,gap_closed,0.345,0.375,0.375,1791050548000000000,2026-10-03 14:02:28.000000000 ET,1791050549573566455,2026-10-03 14:02:29.573566464 ET,0.34,0.33,1791050551000000000,2026-10-03 14:02:31.000000000 ET,1791050562489060426,2026-10-03 14:02:42.489060352 ET,0.33,0.34,0.15,0.16,-0.41,-4.1,10
2.0,cfb_20261003_wmu_buff,aec-cfb-wmich-buf-2026-10-03,vultr,filled,1791051017,1791051018000000000,2026-10-03 14:10:18.000000000 ET,-1,gap_closed,0.38,0.41,0.41,1791051020000000000,2026-10-03 14:10:20.000000000 ET,1791051032128989459,2026-10-03 14:10:32.128989440 ET,0.395,0.385,1791051020000000000,2026-10-03 14:10:20.000000000 ET,1791051032128989459,2026-10-03 14:10:32.128989440 ET,0.395,0.405,0.16,0.17,-0.53,-5.3,10
2.0,cfb_20261003_wmu_buff,aec-cfb-wmich-buf-2026-10-03,vultr,filled,1791055991,1791055992000000000,2026-10-03 15:33:12.000000000 ET,-1,gap_closed,0.475,0.515,0.515,1791055994000000000,2026-10-03 15:33:14.000000000 ET,1791055995656550766,2026-10-03 15:33:15.656550656 ET,0.39,0.38,1791055994000000000,2026-10-03 15:33:14.000000000 ET,1791055995656550766,2026-10-03 15:33:15.656550656 ET,0.39,0.4,0.16,0.17,-0.53,-5.3,10
2.0,cfb_20261003_wmu_buff,aec-cfb-wmich-buf-2026-10-03,vultr,filled,1791056966,1791056967000000000,2026-10-03 15:49:27.000000000 ET,1,gap_closed,0.165,0.135,0.135,1791056969000000000,2026-10-03 15:49:29.000000000 ET,1791056969073207406,2026-10-03 15:49:29.073207296 ET,0.14,0.15,1791056968000000000,2026-10-03 15:49:28.000000000 ET,1791056969073207406,2026-10-03 15:49:29.073207296 ET,0.14,0.13,0.09,0.08,-0.37,-3.7,10
2.0,cfb_20261003_wmu_buff,aec-cfb-wmich-buf-2026-10-03,vultr,filled,1791057202,1791057203000000000,2026-10-03 15:53:23.000000000 ET,-1,gap_closed,0.16999999999999998,0.21,0.21,1791057205000000000,2026-10-03 15:53:25.000000000 ET,1791057205043566113,2026-10-03 15:53:25.043566080 ET,0.12,0.11,1791057205000000000,2026-10-03 15:53:25.000000000 ET,1791057205043566113,2026-10-03 15:53:25.043566080 ET,0.12,0.13,0.07,0.08,-0.35,-3.5,10
2.0,cfb_20261003_wmu_buff,aec-cfb-wmich-buf-2026-10-03,vultr,filled,1791057371,1791057372000000000,2026-10-03 15:56:12.000000000 ET,1,gap_closed,0.255,0.225,0.225,1791057374000000000,2026-10-03 15:56:14.000000000 ET,1791057374531511779,2026-10-03 15:56:14.531511808 ET,0.19,0.2,1791057375000000000,2026-10-03 15:56:15.000000000 ET,1791057375196496280,2026-10-03 15:56:15.196496384 ET,0.14,0.13,0.11,0.08,-0.89,-8.9,10
2.0,cfb_20261003_wmu_buff,aec-cfb-wmich-buf-2026-10-03,vultr,filled,1791057413,1791057414000000000,2026-10-03 15:56:54.000000000 ET,-1,gap_closed,0.16999999999999998,0.2,0.2,1791057416000000000,2026-10-03 15:56:56.000000000 ET,1791057416084043581,2026-10-03 15:56:56.084043520 ET,0.17,0.16,1791057417000000000,2026-10-03 15:56:57.000000000 ET,1791057417432260329,2026-10-03 15:56:57.432260352 ET,0.17,0.18,0.09,0.1,-0.39,-3.9,10
2.0,cfb_20261003_wmu_buff,aec-cfb-wmich-buf-2026-10-03,vultr,filled,1791057441,1791057442000000000,2026-10-03 15:57:22.000000000 ET,1,gap_closed,0.225,0.185,0.185,1791057444000000000,2026-10-03 15:57:24.000000000 ET,1791057445051633839,2026-10-03 15:57:25.051633920 ET,0.3,0.31,1791057446000000000,2026-10-03 15:57:26.000000000 ET,1791057446494427869,2026-10-03 15:57:26.494427904 ET,0.28,0.27,0.15,0.14,-0.69,-6.9,10
2.0,cfb_20261003_wmu_buff,aec-cfb-wmich-buf-2026-10-03,vultr,filled,1791057773,1791057774000000000,2026-10-03 16:02:54.000000000 ET,-1,gap_closed,0.45499999999999996,0.49,0.49,1791057776000000000,2026-10-03 16:02:56.000000000 ET,1791057776160251522,2026-10-03 16:02:56.160251648 ET,0.485,0.475,1791057782000000000,2026-10-03 16:03:02.000000000 ET,1791057783320602382,2026-10-03 16:03:03.320602368 ET,0.435,0.445,0.17,0.17,-0.04,-0.4,10
2.0,cfb_20261003_wmu_buff,aec-cfb-wmich-buf-2026-10-03,vultr,filled,1791057869,1791057870000000000,2026-10-03 16:04:30.000000000 ET,-1,gap_closed,0.255,0.295,0.295,1791057872000000000,2026-10-03 16:04:32.000000000 ET,1791057872078960840,2026-10-03 16:04:32.078960896 ET,0.01,0.01,1791057871000000000,2026-10-03 16:04:31.000000000 ET,1791057871210779668,2026-10-03 16:04:31.210779648 ET,0.015,0.025,0.01,0.02,-0.18,-1.8,10
5.0,cfb_20261003_wmu_buff,aec-cfb-wmich-buf-2026-10-03,vultr,filled,1791050545,1791050546000000000,2026-10-03 14:02:26.000000000 ET,-1,gap_closed,0.345,0.375,0.375,1791050551000000000,2026-10-03 14:02:31.000000000 ET,1791050562489060426,2026-10-03 14:02:42.489060352 ET,0.33,0.32,1791050551000000000,2026-10-03 14:02:31.000000000 ET,1791050562489060426,2026-10-03 14:02:42.489060352 ET,0.33,0.34,0.15,0.16,-0.51,-5.1,10
5.0,cfb_20261003_wmu_buff,aec-cfb-wmich-buf-2026-10-03,vultr,filled,1791051017,1791051018000000000,2026-10-03 14:10:18.000000000 ET,-1,gap_closed,0.38,0.41,0.41,1791051023000000000,2026-10-03 14:10:23.000000000 ET,1791051032128989459,2026-10-03 14:10:32.128989440 ET,0.395,0.385,1791051020000000000,2026-10-03 14:10:20.000000000 ET,1791051032128989459,2026-10-03 14:10:32.128989440 ET,0.395,0.405,0.16,0.17,-0.53,-5.3,10
5.0,cfb_20261003_wmu_buff,aec-cfb-wmich-buf-2026-10-03,vultr,filled,1791055991,1791055992000000000,2026-10-03 15:33:12.000000000 ET,-1,gap_closed,0.475,0.515,0.515,1791055997000000000,2026-10-03 15:33:17.000000000 ET,1791055999805926716,2026-10-03 15:33:19.805926656 ET,0.37,0.36,1791055994000000000,2026-10-03 15:33:14.000000000 ET,1791055995656550766,2026-10-03 15:33:15.656550656 ET,0.39,0.4,0.16,0.17,-0.73,-7.3,10
5.0,cfb_20261003_wmu_buff,aec-cfb-wmich-buf-2026-10-03,vultr,filled,1791056966,1791056967000000000,2026-10-03 15:49:27.000000000 ET,1,gap_closed,0.165,0.135,0.135,1791056972000000000,2026-10-03 15:49:32.000000000 ET,1791056973431992158,2026-10-03 15:49:33.431992064 ET,0.17,0.18,1791056968000000000,2026-10-03 15:49:28.000000000 ET,1791056969073207406,2026-10-03 15:49:29.073207296 ET,0.14,0.13,0.1,0.08,-0.68,-6.8,10
5.0,cfb_20261003_wmu_buff,aec-cfb-wmich-buf-2026-10-03,vultr,filled,1791057202,1791057203000000000,2026-10-03 15:53:23.000000000 ET,-1,gap_closed,0.16999999999999998,0.21,0.21,1791057208000000000,2026-10-03 15:53:28.000000000 ET,1791057211921589856,2026-10-03 15:53:31.921589760 ET,0.145,0.135,1791057205000000000,2026-10-03 15:53:25.000000000 ET,1791057205043566113,2026-10-03 15:53:25.043566080 ET,0.12,0.13,0.08,0.08,-0.11,-1.1,10
5.0,cfb_20261003_wmu_buff,aec-cfb-wmich-buf-2026-10-03,vultr,filled,1791057371,1791057372000000000,2026-10-03 15:56:12.000000000 ET,1,gap_closed,0.255,0.225,0.225,1791057377000000000,2026-10-03 15:56:17.000000000 ET,1791057379780564695,2026-10-03 15:56:19.780564736 ET,0.035,0.045,1791057375000000000,2026-10-03 15:56:15.000000000 ET,1791057375196496280,2026-10-03 15:56:15.196496384 ET,0.14,0.13,0.03,0.08,0.74,7.4,10
5.0,cfb_20261003_wmu_buff,aec-cfb-wmich-buf-2026-10-03,vultr,filled,1791057413,1791057414000000000,2026-10-03 15:56:54.000000000 ET,-1,gap_closed,0.16999999999999998,0.2,0.2,1791057419000000000,2026-10-03 15:56:59.000000000 ET,1791057419682995650,2026-10-03 15:56:59.682995712 ET,0.16,0.15,1791057417000000000,2026-10-03 15:56:57.000000000 ET,1791057417432260329,2026-10-03 15:56:57.432260352 ET,0.17,0.18,0.09,0.1,-0.49,-4.9,10
5.0,cfb_20261003_wmu_buff,aec-cfb-wmich-buf-2026-10-03,vultr,filled,1791057441,1791057442000000000,2026-10-03 15:57:22.000000000 ET,1,gap_closed,0.225,0.185,0.185,1791057447000000000,2026-10-03 15:57:27.000000000 ET,1791057448039930135,2026-10-03 15:57:28.039930112 ET,0.26,0.27,1791057446000000000,2026-10-03 15:57:26.000000000 ET,1791057446494427869,2026-10-03 15:57:26.494427904 ET,0.28,0.27,0.14,0.14,-0.28,-2.8,10
5.0,cfb_20261003_wmu_buff,aec-cfb-wmich-buf-2026-10-03,vultr,filled,1791057773,1791057774000000000,2026-10-03 16:02:54.000000000 ET,-1,gap_closed,0.45499999999999996,0.49,0.49,1791057779000000000,2026-10-03 16:02:59.000000000 ET,1791057780039682661,2026-10-03 16:03:00.039682560 ET,0.445,0.435,1791057782000000000,2026-10-03 16:03:02.000000000 ET,1791057783320602382,2026-10-03 16:03:03.320602368 ET,0.435,0.445,0.17,0.17,-0.44,-4.4,10
5.0,cfb_20261003_wmu_buff,aec-cfb-wmich-buf-2026-10-03,vultr,filled,1791057869,1791057870000000000,2026-10-03 16:04:30.000000000 ET,-1,gap_closed,0.255,0.295,0.295,1791057875000000000,2026-10-03 16:04:35.000000000 ET,1791057875101754525,2026-10-03 16:04:35.101754624 ET,0.01,0.01,1791057871000000000,2026-10-03 16:04:31.000000000 ET,1791057871210779668,2026-10-03 16:04:31.210779648 ET,0.015,0.025,0.01,0.02,-0.18,-1.8,10
1.0,cfb_20261003_day_drke,aec-cfb-day-drake-2026-10-03,vultr,filled,1791050587,1791050588000000000,2026-10-03 14:03:08.000000000 ET,-1,gap_closed,0.525,0.6,0.6,1791050589000000000,2026-10-03 14:03:09.000000000 ET,1791050643530919886,2026-10-03 14:04:03.530919936 ET,0.505,0.495,1791050644000000000,2026-10-03 14:04:04.000000000 ET,1791050645729981529,2026-10-03 14:04:05.729981440 ET,0.505,0.515,0.17,0.17,-0.54,-5.4,10
1.0,cfb_20261003_day_drke,aec-cfb-day-drake-2026-10-03,vultr,filled,1791051245,1791051246000000000,2026-10-03 14:14:06.000000000 ET,-1,gap_closed,0.53,0.56,0.56,1791051247000000000,2026-10-03 14:14:07.000000000 ET,1791051265044776881,2026-10-03 14:14:25.044776960 ET,0.58,0.57,1791051247000000000,2026-10-03 14:14:07.000000000 ET,1791051265044776881,2026-10-03 14:14:25.044776960 ET,0.58,0.59,0.17,0.17,-0.54,-5.4,10
1.0,cfb_20261003_day_drke,aec-cfb-day-drake-2026-10-03,vultr,filled,1791053186,1791053187000000000,2026-10-03 14:46:27.000000000 ET,-1,gap_closed,0.665,0.7,0.7,1791053188000000000,2026-10-03 14:46:28.000000000 ET,1791053194795121775,2026-10-03 14:46:34.795121664 ET,0.69,0.68,1791053195000000000,2026-10-03 14:46:35.000000000 ET,1791053216356686236,2026-10-03 14:46:56.356686336 ET,0.7,0.71,0.15,0.14,-0.59,-5.9,10
1.0,cfb_20261003_day_drke,aec-cfb-day-drake-2026-10-03,vultr,filled,1791053282,1791053283000000000,2026-10-03 14:48:03.000000000 ET,-1,gap_closed,0.605,0.64,0.64,1791053284000000000,2026-10-03 14:48:04.000000000 ET,1791053290938511556,2026-10-03 14:48:10.938511616 ET,0.585,0.575,1791053291000000000,2026-10-03 14:48:11.000000000 ET,1791053303283423424,2026-10-03 14:48:23.283423488 ET,0.61,0.62,0.17,0.16,-0.78,-7.8,10
1.0,cfb_20261003_day_drke,aec-cfb-day-drake-2026-10-03,vultr,filled,1791053329,1791053330000000000,2026-10-03 14:48:50.000000000 ET,-1,timeout,0.565,0.615,0.615,1791053331000000000,2026-10-03 14:48:51.000000000 ET,1791053334930923308,2026-10-03 14:48:54.930923264 ET,0.6,0.59,1791053390000000000,2026-10-03 14:49:50.000000000 ET,1791053441862470523,2026-10-03 14:50:41.862470400 ET,0.585,0.595,0.17,0.17,-0.39,-3.9,10
1.0,cfb_20261003_day_drke,aec-cfb-day-drake-2026-10-03,vultr,filled,1791055157,1791055158000000000,2026-10-03 15:19:18.000000000 ET,-1,gap_closed,0.595,0.625,0.625,1791055159000000000,2026-10-03 15:19:19.000000000 ET,1791055185402494165,2026-10-03 15:19:45.402494208 ET,0.6,0.59,1791055161000000000,2026-10-03 15:19:21.000000000 ET,1791055185402494165,2026-10-03 15:19:45.402494208 ET,0.6,0.61,0.17,0.17,-0.54,-5.4,10
1.0,cfb_20261003_day_drke,aec-cfb-day-drake-2026-10-03,vultr,filled,1791055678,1791055679000000000,2026-10-03 15:27:59.000000000 ET,1,gap_closed,0.685,0.63,0.63,1791055680000000000,2026-10-03 15:28:00.000000000 ET,1791055703155797731,2026-10-03 15:28:23.155797760 ET,0.665,0.675,1791055716000000000,2026-10-03 15:28:36.000000000 ET,1791055722231520342,2026-10-03 15:28:42.231520256 ET,0.7,0.69,0.15,0.15,-0.15,-1.5,10
2.0,cfb_20261003_day_drke,aec-cfb-day-drake-2026-10-03,vultr,filled,1791050587,1791050588000000000,2026-10-03 14:03:08.000000000 ET,-1,gap_closed,0.525,0.6,0.6,1791050590000000000,2026-10-03 14:03:10.000000000 ET,1791050643530919886,2026-10-03 14:04:03.530919936 ET,0.505,0.495,1791050644000000000,2026-10-03 14:04:04.000000000 ET,1791050645729981529,2026-10-03 14:04:05.729981440 ET,0.505,0.515,0.17,0.17,-0.54,-5.4,10
2.0,cfb_20261003_day_drke,aec-cfb-day-drake-2026-10-03,vultr,filled,1791051245,1791051246000000000,2026-10-03 14:14:06.000000000 ET,-1,gap_closed,0.53,0.56,0.56,1791051248000000000,2026-10-03 14:14:08.000000000 ET,1791051265044776881,2026-10-03 14:14:25.044776960 ET,0.58,0.57,1791051247000000000,2026-10-03 14:14:07.000000000 ET,1791051265044776881,2026-10-03 14:14:25.044776960 ET,0.58,0.59,0.17,0.17,-0.54,-5.4,10
2.0,cfb_20261003_day_drke,aec-cfb-day-drake-2026-10-03,vultr,filled,1791053186,1791053187000000000,2026-10-03 14:46:27.000000000 ET,-1,gap_closed,0.665,0.7,0.7,1791053189000000000,2026-10-03 14:46:29.000000000 ET,1791053194795121775,2026-10-03 14:46:34.795121664 ET,0.69,0.68,1791053195000000000,2026-10-03 14:46:35.000000000 ET,1791053216356686236,2026-10-03 14:46:56.356686336 ET,0.7,0.71,0.15,0.14,-0.59,-5.9,10
2.0,cfb_20261003_day_drke,aec-cfb-day-drake-2026-10-03,vultr,filled,1791053282,1791053283000000000,2026-10-03 14:48:03.000000000 ET,-1,gap_closed,0.605,0.64,0.64,1791053285000000000,2026-10-03 14:48:05.000000000 ET,1791053290938511556,2026-10-03 14:48:10.938511616 ET,0.585,0.575,1791053291000000000,2026-10-03 14:48:11.000000000 ET,1791053303283423424,2026-10-03 14:48:23.283423488 ET,0.61,0.62,0.17,0.16,-0.78,-7.8,10
2.0,cfb_20261003_day_drke,aec-cfb-day-drake-2026-10-03,vultr,filled,1791053329,1791053330000000000,2026-10-03 14:48:50.000000000 ET,-1,timeout,0.565,0.615,0.615,1791053332000000000,2026-10-03 14:48:52.000000000 ET,1791053334930923308,2026-10-03 14:48:54.930923264 ET,0.6,0.59,1791053390000000000,2026-10-03 14:49:50.000000000 ET,1791053441862470523,2026-10-03 14:50:41.862470400 ET,0.585,0.595,0.17,0.17,-0.39,-3.9,10
2.0,cfb_20261003_day_drke,aec-cfb-day-drake-2026-10-03,vultr,filled,1791055157,1791055158000000000,2026-10-03 15:19:18.000000000 ET,-1,gap_closed,0.595,0.625,0.625,1791055160000000000,2026-10-03 15:19:20.000000000 ET,1791055185402494165,2026-10-03 15:19:45.402494208 ET,0.6,0.59,1791055161000000000,2026-10-03 15:19:21.000000000 ET,1791055185402494165,2026-10-03 15:19:45.402494208 ET,0.6,0.61,0.17,0.17,-0.54,-5.4,10
2.0,cfb_20261003_day_drke,aec-cfb-day-drake-2026-10-03,vultr,filled,1791055678,1791055679000000000,2026-10-03 15:27:59.000000000 ET,1,gap_closed,0.685,0.63,0.63,1791055681000000000,2026-10-03 15:28:01.000000000 ET,1791055703155797731,2026-10-03 15:28:23.155797760 ET,0.665,0.675,1791055716000000000,2026-10-03 15:28:36.000000000 ET,1791055722231520342,2026-10-03 15:28:42.231520256 ET,0.7,0.69,0.15,0.15,-0.15,-1.5,10
5.0,cfb_20261003_day_drke,aec-cfb-day-drake-2026-10-03,vultr,filled,1791050587,1791050588000000000,2026-10-03 14:03:08.000000000 ET,-1,gap_closed,0.525,0.6,0.6,1791050593000000000,2026-10-03 14:03:13.000000000 ET,1791050643530919886,2026-10-03 14:04:03.530919936 ET,0.505,0.495,1791050644000000000,2026-10-03 14:04:04.000000000 ET,1791050645729981529,2026-10-03 14:04:05.729981440 ET,0.505,0.515,0.17,0.17,-0.54,-5.4,10
5.0,cfb_20261003_day_drke,aec-cfb-day-drake-2026-10-03,vultr,filled,1791051245,1791051246000000000,2026-10-03 14:14:06.000000000 ET,-1,gap_closed,0.53,0.56,0.56,1791051251000000000,2026-10-03 14:14:11.000000000 ET,1791051265044776881,2026-10-03 14:14:25.044776960 ET,0.58,0.57,1791051247000000000,2026-10-03 14:14:07.000000000 ET,1791051265044776881,2026-10-03 14:14:25.044776960 ET,0.58,0.59,0.17,0.17,-0.54,-5.4,10
5.0,cfb_20261003_day_drke,aec-cfb-day-drake-2026-10-03,vultr,filled,1791053186,1791053187000000000,2026-10-03 14:46:27.000000000 ET,-1,gap_closed,0.665,0.7,0.7,1791053192000000000,2026-10-03 14:46:32.000000000 ET,1791053194795121775,2026-10-03 14:46:34.795121664 ET,0.69,0.68,1791053195000000000,2026-10-03 14:46:35.000000000 ET,1791053216356686236,2026-10-03 14:46:56.356686336 ET,0.7,0.71,0.15,0.14,-0.59,-5.9,10
5.0,cfb_20261003_day_drke,aec-cfb-day-drake-2026-10-03,vultr,filled,1791053282,1791053283000000000,2026-10-03 14:48:03.000000000 ET,-1,gap_closed,0.605,0.64,0.64,1791053288000000000,2026-10-03 14:48:08.000000000 ET,1791053290938511556,2026-10-03 14:48:10.938511616 ET,0.585,0.575,1791053291000000000,2026-10-03 14:48:11.000000000 ET,1791053303283423424,2026-10-03 14:48:23.283423488 ET,0.61,0.62,0.17,0.16,-0.78,-7.8,10
5.0,cfb_20261003_day_drke,aec-cfb-day-drake-2026-10-03,vultr,filled,1791053329,1791053330000000000,2026-10-03 14:48:50.000000000 ET,-1,timeout,0.565,0.615,0.615,1791053335000000000,2026-10-03 14:48:55.000000000 ET,1791053367161646061,2026-10-03 14:49:27.161646080 ET,0.595,0.585,1791053390000000000,2026-10-03 14:49:50.000000000 ET,1791053441862470523,2026-10-03 14:50:41.862470400 ET,0.585,0.595,0.17,0.17,-0.44,-4.4,10
5.0,cfb_20261003_day_drke,aec-cfb-day-drake-2026-10-03,vultr,filled,1791055157,1791055158000000000,2026-10-03 15:19:18.000000000 ET,-1,gap_closed,0.595,0.625,0.625,1791055163000000000,2026-10-03 15:19:23.000000000 ET,1791055185402494165,2026-10-03 15:19:45.402494208 ET,0.6,0.59,1791055161000000000,2026-10-03 15:19:21.000000000 ET,1791055185402494165,2026-10-03 15:19:45.402494208 ET,0.6,0.61,0.17,0.17,-0.54,-5.4,10
5.0,cfb_20261003_day_drke,aec-cfb-day-drake-2026-10-03,vultr,filled,1791055678,1791055679000000000,2026-10-03 15:27:59.000000000 ET,1,gap_closed,0.685,0.63,0.63,1791055684000000000,2026-10-03 15:28:04.000000000 ET,1791055703155797731,2026-10-03 15:28:23.155797760 ET,0.665,0.675,1791055716000000000,2026-10-03 15:28:36.000000000 ET,1791055722231520342,2026-10-03 15:28:42.231520256 ET,0.7,0.69,0.15,0.15,-0.15,-1.5,10
1.0,cfb_20261003_elon_unh,aec-cfb-elon-nhamp-2026-10-03,vultr,filled,1791049061,1791049062000000000,2026-10-03 13:37:42.000000000 ET,-1,gap_closed,0.515,0.545,0.545,1791049063000000000,2026-10-03 13:37:43.000000000 ET,1791049063010369269,2026-10-03 13:37:43.010369280 ET,0.535,0.525,1791049065000000000,2026-10-03 13:37:45.000000000 ET,1791049065582569681,2026-10-03 13:37:45.582569728 ET,0.52,0.53,0.17,0.17,-0.39,-3.9,10
1.0,cfb_20261003_elon_unh,aec-cfb-elon-nhamp-2026-10-03,vultr,filled,1791049321,1791049322000000000,2026-10-03 13:42:02.000000000 ET,1,gap_closed,0.615,0.58,0.58,1791049323000000000,2026-10-03 13:42:03.000000000 ET,1791049336892204953,2026-10-03 13:42:16.892205056 ET,0.605,0.615,1791049337000000000,2026-10-03 13:42:17.000000000 ET,1791049337008429715,2026-10-03 13:42:17.008429824 ET,0.59,0.58,0.16,0.17,-0.68,-6.8,10
1.0,cfb_20261003_elon_unh,aec-cfb-elon-nhamp-2026-10-03,vultr,filled,1791051228,1791051229000000000,2026-10-03 14:13:49.000000000 ET,1,gap_closed,0.6,0.565,0.565,1791051230000000000,2026-10-03 14:13:50.000000000 ET,1791051230528482589,2026-10-03 14:13:50.528482560 ET,0.595,0.605,1791051237000000000,2026-10-03 14:13:57.000000000 ET,1791051244402037851,2026-10-03 14:14:04.402037760 ET,0.62,0.61,0.17,0.17,-0.29,-2.9,10
1.0,cfb_20261003_elon_unh,aec-cfb-elon-nhamp-2026-10-03,vultr,filled,1791051372,1791051373000000000,2026-10-03 14:16:13.000000000 ET,-1,gap_closed,0.555,0.585,0.585,1791051374000000000,2026-10-03 14:16:14.000000000 ET,1791051378430096923,2026-10-03 14:16:18.430096896 ET,0.555,0.545,1791051379000000000,2026-10-03 14:16:19.000000000 ET,1791051409393948013,2026-10-03 14:16:49.393947904 ET,0.54,0.55,0.17,0.17,-0.39,-3.9,10
1.0,cfb_20261003_elon_unh,aec-cfb-elon-nhamp-2026-10-03,vultr,filled,1791053397,1791053398000000000,2026-10-03 14:49:58.000000000 ET,-1,gap_closed,0.555,0.59,0.59,1791053399000000000,2026-10-03 14:49:59.000000000 ET,1791053400224245323,2026-10-03 14:50:00.224245248 ET,0.565,0.555,1791053399000000000,2026-10-03 14:49:59.000000000 ET,1791053400224245323,2026-10-03 14:50:00.224245248 ET,0.565,0.575,0.17,0.17,-0.54,-5.4,10
1.0,cfb_20261003_elon_unh,aec-cfb-elon-nhamp-2026-10-03,vultr,filled,1791054138,1791054139000000000,2026-10-03 15:02:19.000000000 ET,1,gap_closed,0.785,0.74,0.74,1791054140000000000,2026-10-03 15:02:20.000000000 ET,1791054143897071095,2026-10-03 15:02:23.897071104 ET,0.775,0.785,1791054146000000000,2026-10-03 15:02:26.000000000 ET,1791054166374455636,2026-10-03 15:02:46.374455552 ET,0.8,0.79,0.12,0.12,-0.19,-1.9,10
1.0,cfb_20261003_elon_unh,aec-cfb-elon-nhamp-2026-10-03,vultr,filled,1791054376,1791054377000000000,2026-10-03 15:06:17.000000000 ET,-1,gap_closed,0.75,0.79,0.79,1791054378000000000,2026-10-03 15:06:18.000000000 ET,1791054378018298762,2026-10-03 15:06:18.018298880 ET,0.77,0.76,1791054380000000000,2026-10-03 15:06:20.000000000 ET,1791054380524292179,2026-10-03 15:06:20.524292096 ET,0.77,0.78,0.13,0.12,-0.45,-4.5,10
1.0,cfb_20261003_elon_unh,aec-cfb-elon-nhamp-2026-10-03,vultr,filled,1791054583,1791054584000000000,2026-10-03 15:09:44.000000000 ET,-1,gap_closed,0.675,0.715,0.715,1791054585000000000,2026-10-03 15:09:45.000000000 ET,1791054595114916071,2026-10-03 15:09:55.114916096 ET,0.66,0.65,1791054596000000000,2026-10-03 15:09:56.000000000 ET,1791054601020592320,2026-10-03 15:10:01.020592384 ET,0.665,0.675,0.16,0.15,-0.56,-5.6,10
1.0,cfb_20261003_elon_unh,aec-cfb-elon-nhamp-2026-10-03,vultr,filled,1791054879,1791054880000000000,2026-10-03 15:14:40.000000000 ET,-1,gap_closed,0.565,0.615,0.615,1791054881000000000,2026-10-03 15:14:41.000000000 ET,1791054882655250115,2026-10-03 15:14:42.655250176 ET,0.555,0.545,1791054883000000000,2026-10-03 15:14:43.000000000 ET,1791054885450497899,2026-10-03 15:14:45.450497792 ET,0.565,0.575,0.17,0.17,-0.64,-6.4,10
1.0,cfb_20261003_elon_unh,aec-cfb-elon-nhamp-2026-10-03,vultr,filled,1791055241,1791055242000000000,2026-10-03 15:20:42.000000000 ET,1,gap_closed,0.585,0.555,0.555,1791055243000000000,2026-10-03 15:20:43.000000000 ET,1791055243638795971,2026-10-03 15:20:43.638796032 ET,0.58,0.59,1791055251000000000,2026-10-03 15:20:51.000000000 ET,1791055277779677852,2026-10-03 15:21:17.779677952 ET,0.575,0.565,0.17,0.17,-0.59,-5.9,10
1.0,cfb_20261003_elon_unh,aec-cfb-elon-nhamp-2026-10-03,vultr,filled,1791055327,1791055328000000000,2026-10-03 15:22:08.000000000 ET,1,gap_closed,0.59,0.56,0.56,1791055329000000000,2026-10-03 15:22:09.000000000 ET,1791055333669418300,2026-10-03 15:22:13.669418240 ET,0.575,0.585,1791055329000000000,2026-10-03 15:22:09.000000000 ET,1791055333669418300,2026-10-03 15:22:13.669418240 ET,0.575,0.565,0.17,0.17,-0.54,-5.4,10
1.0,cfb_20261003_elon_unh,aec-cfb-elon-nhamp-2026-10-03,vultr,filled,1791055546,1791055547000000000,2026-10-03 15:25:47.000000000 ET,1,gap_closed,0.555,0.525,0.525,1791055548000000000,2026-10-03 15:25:48.000000000 ET,1791055548014820600,2026-10-03 15:25:48.014820608 ET,0.555,0.565,1791055559000000000,2026-10-03 15:25:59.000000000 ET,1791055568607430697,2026-10-03 15:26:08.607430656 ET,0.575,0.565,0.17,0.17,-0.34,-3.4,10
1.0,cfb_20261003_elon_unh,aec-cfb-elon-nhamp-2026-10-03,vultr,filled,1791056352,1791056353000000000,2026-10-03 15:39:13.000000000 ET,1,gap_closed,0.735,0.67,0.67,1791056354000000000,2026-10-03 15:39:14.000000000 ET,1791056357384061166,2026-10-03 15:39:17.384061184 ET,0.755,0.765,1791056358000000000,2026-10-03 15:39:18.000000000 ET,1791056359820163150,2026-10-03 15:39:19.820163072 ET,0.7,0.69,0.12,0.15,-1.02,-10.2,10
1.0,cfb_20261003_elon_unh,aec-cfb-elon-nhamp-2026-10-03,vultr,filled,1791056610,1791056611000000000,2026-10-03 15:43:31.000000000 ET,-1,gap_closed,0.725,0.755,0.755,1791056612000000000,2026-10-03 15:43:32.000000000 ET,1791056626533258863,2026-10-03 15:43:46.533258752 ET,0.72,0.71,1791056612000000000,2026-10-03 15:43:32.000000000 ET,1791056626533258863,2026-10-03 15:43:46.533258752 ET,0.72,0.73,0.14,0.14,-0.48,-4.8,10
1.0,cfb_20261003_elon_unh,aec-cfb-elon-nhamp-2026-10-03,vultr,no exit trade within 60 s,1791057320,1791057321000000000,2026-10-03 15:55:21.000000000 ET,-1,gap_closed,0.645,0.68,0.68,1791057322000000000,2026-10-03 15:55:22.000000000 ET,,,,,1791057348000000000,2026-10-03 15:55:48.000000000 ET,,,,,,,,,10
1.0,cfb_20261003_elon_unh,aec-cfb-elon-nhamp-2026-10-03,vultr,filled,1791058832,1791058833000000000,2026-10-03 16:20:33.000000000 ET,1,gap_closed,0.67,0.625,0.625,1791058834000000000,2026-10-03 16:20:34.000000000 ET,1791058834038929387,2026-10-03 16:20:34.038929408 ET,0.665,0.675,1791058834000000000,2026-10-03 16:20:34.000000000 ET,1791058834038929387,2026-10-03 16:20:34.038929408 ET,0.665,0.655,0.15,0.16,-0.51,-5.1,10
1.0,cfb_20261003_elon_unh,aec-cfb-elon-nhamp-2026-10-03,vultr,filled,1791058888,1791058889000000000,2026-10-03 16:21:29.000000000 ET,1,gap_closed,0.825,0.79,0.79,1791058890000000000,2026-10-03 16:21:30.000000000 ET,1791058890015106609,2026-10-03 16:21:30.015106560 ET,0.825,0.835,1791058912000000000,2026-10-03 16:21:52.000000000 ET,1791058912239776016,2026-10-03 16:21:52.239776000 ET,0.86,0.85,0.1,0.09,-0.04,-0.4,10
1.0,cfb_20261003_elon_unh,aec-cfb-elon-nhamp-2026-10-03,vultr,filled,1791058940,1791058941000000000,2026-10-03 16:22:21.000000000 ET,-1,gap_closed,0.865,0.91,0.91,1791058942000000000,2026-10-03 16:22:22.000000000 ET,1791058942088783480,2026-10-03 16:22:22.088783360 ET,0.85,0.84,1791058943000000000,2026-10-03 16:22:23.000000000 ET,1791058943399152869,2026-10-03 16:22:23.399152896 ET,0.85,0.86,0.09,0.08,-0.37,-3.7,10
2.0,cfb_20261003_elon_unh,aec-cfb-elon-nhamp-2026-10-03,vultr,filled,1791049061,1791049062000000000,2026-10-03 13:37:42.000000000 ET,-1,gap_closed,0.515,0.545,0.545,1791049064000000000,2026-10-03 13:37:44.000000000 ET,1791049064315633082,2026-10-03 13:37:44.315633152 ET,0.52,0.51,1791049065000000000,2026-10-03 13:37:45.000000000 ET,1791049065582569681,2026-10-03 13:37:45.582569728 ET,0.52,0.53,0.17,0.17,-0.54,-5.4,10
2.0,cfb_20261003_elon_unh,aec-cfb-elon-nhamp-2026-10-03,vultr,filled,1791049321,1791049322000000000,2026-10-03 13:42:02.000000000 ET,1,gap_closed,0.615,0.58,0.58,1791049324000000000,2026-10-03 13:42:04.000000000 ET,1791049336892204953,2026-10-03 13:42:16.892205056 ET,0.605,0.615,1791049337000000000,2026-10-03 13:42:17.000000000 ET,1791049337008429715,2026-10-03 13:42:17.008429824 ET,0.59,0.58,0.16,0.17,-0.68,-6.8,10
2.0,cfb_20261003_elon_unh,aec-cfb-elon-nhamp-2026-10-03,vultr,filled,1791051228,1791051229000000000,2026-10-03 14:13:49.000000000 ET,1,gap_closed,0.6,0.565,0.565,1791051231000000000,2026-10-03 14:13:51.000000000 ET,1791051236010200889,2026-10-03 14:13:56.010200832 ET,0.615,0.625,1791051237000000000,2026-10-03 14:13:57.000000000 ET,1791051244402037851,2026-10-03 14:14:04.402037760 ET,0.62,0.61,0.16,0.17,-0.48,-4.8,10
2.0,cfb_20261003_elon_unh,aec-cfb-elon-nhamp-2026-10-03,vultr,filled,1791051372,1791051373000000000,2026-10-03 14:16:13.000000000 ET,-1,gap_closed,0.555,0.585,0.585,1791051375000000000,2026-10-03 14:16:15.000000000 ET,1791051378430096923,2026-10-03 14:16:18.430096896 ET,0.555,0.545,1791051379000000000,2026-10-03 14:16:19.000000000 ET,1791051409393948013,2026-10-03 14:16:49.393947904 ET,0.54,0.55,0.17,0.17,-0.39,-3.9,10
2.0,cfb_20261003_elon_unh,aec-cfb-elon-nhamp-2026-10-03,vultr,filled,1791053397,1791053398000000000,2026-10-03 14:49:58.000000000 ET,-1,gap_closed,0.555,0.59,0.59,1791053400000000000,2026-10-03 14:50:00.000000000 ET,1791053400224245323,2026-10-03 14:50:00.224245248 ET,0.565,0.555,1791053399000000000,2026-10-03 14:49:59.000000000 ET,1791053400224245323,2026-10-03 14:50:00.224245248 ET,0.565,0.575,0.17,0.17,-0.54,-5.4,10
2.0,cfb_20261003_elon_unh,aec-cfb-elon-nhamp-2026-10-03,vultr,filled,1791054138,1791054139000000000,2026-10-03 15:02:19.000000000 ET,1,gap_closed,0.785,0.74,0.74,1791054141000000000,2026-10-03 15:02:21.000000000 ET,1791054143897071095,2026-10-03 15:02:23.897071104 ET,0.775,0.785,1791054146000000000,2026-10-03 15:02:26.000000000 ET,1791054166374455636,2026-10-03 15:02:46.374455552 ET,0.8,0.79,0.12,0.12,-0.19,-1.9,10
2.0,cfb_20261003_elon_unh,aec-cfb-elon-nhamp-2026-10-03,vultr,filled,1791054376,1791054377000000000,2026-10-03 15:06:17.000000000 ET,-1,gap_closed,0.75,0.79,0.79,1791054379000000000,2026-10-03 15:06:19.000000000 ET,1791054380524292179,2026-10-03 15:06:20.524292096 ET,0.77,0.76,1791054380000000000,2026-10-03 15:06:20.000000000 ET,1791054380524292179,2026-10-03 15:06:20.524292096 ET,0.77,0.78,0.13,0.12,-0.45,-4.5,10
2.0,cfb_20261003_elon_unh,aec-cfb-elon-nhamp-2026-10-03,vultr,filled,1791054583,1791054584000000000,2026-10-03 15:09:44.000000000 ET,-1,gap_closed,0.675,0.715,0.715,1791054586000000000,2026-10-03 15:09:46.000000000 ET,1791054595114916071,2026-10-03 15:09:55.114916096 ET,0.66,0.65,1791054596000000000,2026-10-03 15:09:56.000000000 ET,1791054601020592320,2026-10-03 15:10:01.020592384 ET,0.665,0.675,0.16,0.15,-0.56,-5.6,10
2.0,cfb_20261003_elon_unh,aec-cfb-elon-nhamp-2026-10-03,vultr,filled,1791054879,1791054880000000000,2026-10-03 15:14:40.000000000 ET,-1,gap_closed,0.565,0.615,0.615,1791054882000000000,2026-10-03 15:14:42.000000000 ET,1791054882655250115,2026-10-03 15:14:42.655250176 ET,0.555,0.545,1791054883000000000,2026-10-03 15:14:43.000000000 ET,1791054885450497899,2026-10-03 15:14:45.450497792 ET,0.565,0.575,0.17,0.17,-0.64,-6.4,10
2.0,cfb_20261003_elon_unh,aec-cfb-elon-nhamp-2026-10-03,vultr,filled,1791055241,1791055242000000000,2026-10-03 15:20:42.000000000 ET,1,gap_closed,0.585,0.555,0.555,1791055244000000000,2026-10-03 15:20:44.000000000 ET,1791055277779677852,2026-10-03 15:21:17.779677952 ET,0.575,0.585,1791055251000000000,2026-10-03 15:20:51.000000000 ET,1791055277779677852,2026-10-03 15:21:17.779677952 ET,0.575,0.565,0.17,0.17,-0.54,-5.4,10
2.0,cfb_20261003_elon_unh,aec-cfb-elon-nhamp-2026-10-03,vultr,filled,1791055327,1791055328000000000,2026-10-03 15:22:08.000000000 ET,1,gap_closed,0.59,0.56,0.56,1791055330000000000,2026-10-03 15:22:10.000000000 ET,1791055333669418300,2026-10-03 15:22:13.669418240 ET,0.575,0.585,1791055329000000000,2026-10-03 15:22:09.000000000 ET,1791055333669418300,2026-10-03 15:22:13.669418240 ET,0.575,0.565,0.17,0.17,-0.54,-5.4,10
2.0,cfb_20261003_elon_unh,aec-cfb-elon-nhamp-2026-10-03,vultr,filled,1791055546,1791055547000000000,2026-10-03 15:25:47.000000000 ET,1,gap_closed,0.555,0.525,0.525,1791055549000000000,2026-10-03 15:25:49.000000000 ET,1791055558557159388,2026-10-03 15:25:58.557159424 ET,0.575,0.585,1791055559000000000,2026-10-03 15:25:59.000000000 ET,1791055568607430697,2026-10-03 15:26:08.607430656 ET,0.575,0.565,0.17,0.17,-0.54,-5.4,10
2.0,cfb_20261003_elon_unh,aec-cfb-elon-nhamp-2026-10-03,vultr,filled,1791056352,1791056353000000000,2026-10-03 15:39:13.000000000 ET,1,gap_closed,0.735,0.67,0.67,1791056355000000000,2026-10-03 15:39:15.000000000 ET,1791056357384061166,2026-10-03 15:39:17.384061184 ET,0.755,0.765,1791056358000000000,2026-10-03 15:39:18.000000000 ET,1791056359820163150,2026-10-03 15:39:19.820163072 ET,0.7,0.69,0.12,0.15,-1.02,-10.2,10
2.0,cfb_20261003_elon_unh,aec-cfb-elon-nhamp-2026-10-03,vultr,filled,1791056610,1791056611000000000,2026-10-03 15:43:31.000000000 ET,-1,gap_closed,0.725,0.755,0.755,1791056613000000000,2026-10-03 15:43:33.000000000 ET,1791056626533258863,2026-10-03 15:43:46.533258752 ET,0.72,0.71,1791056612000000000,2026-10-03 15:43:32.000000000 ET,1791056626533258863,2026-10-03 15:43:46.533258752 ET,0.72,0.73,0.14,0.14,-0.48,-4.8,10
2.0,cfb_20261003_elon_unh,aec-cfb-elon-nhamp-2026-10-03,vultr,no exit trade within 60 s,1791057320,1791057321000000000,2026-10-03 15:55:21.000000000 ET,-1,gap_closed,0.645,0.68,0.68,1791057323000000000,2026-10-03 15:55:23.000000000 ET,,,,,1791057348000000000,2026-10-03 15:55:48.000000000 ET,,,,,,,,,10
2.0,cfb_20261003_elon_unh,aec-cfb-elon-nhamp-2026-10-03,vultr,filled,1791058832,1791058833000000000,2026-10-03 16:20:33.000000000 ET,1,gap_closed,0.67,0.625,0.625,1791058835000000000,2026-10-03 16:20:35.000000000 ET,1791058835422452595,2026-10-03 16:20:35.422452480 ET,0.575,0.585,1791058834000000000,2026-10-03 16:20:34.000000000 ET,1791058834038929387,2026-10-03 16:20:34.038929408 ET,0.665,0.655,0.17,0.16,0.37,3.7,10
2.0,cfb_20261003_elon_unh,aec-cfb-elon-nhamp-2026-10-03,vultr,filled,1791058888,1791058889000000000,2026-10-03 16:21:29.000000000 ET,1,gap_closed,0.825,0.79,0.79,1791058891000000000,2026-10-03 16:21:31.000000000 ET,1791058894852450167,2026-10-03 16:21:34.852450048 ET,0.83,0.84,1791058912000000000,2026-10-03 16:21:52.000000000 ET,1791058912239776016,2026-10-03 16:21:52.239776000 ET,0.86,0.85,0.09,0.09,-0.08,-0.8,10
2.0,cfb_20261003_elon_unh,aec-cfb-elon-nhamp-2026-10-03,vultr,filled,1791058940,1791058941000000000,2026-10-03 16:22:21.000000000 ET,-1,gap_closed,0.865,0.91,0.91,1791058943000000000,2026-10-03 16:22:23.000000000 ET,1791058943399152869,2026-10-03 16:22:23.399152896 ET,0.85,0.84,1791058943000000000,2026-10-03 16:22:23.000000000 ET,1791058943399152869,2026-10-03 16:22:23.399152896 ET,0.85,0.86,0.09,0.08,-0.37,-3.7,10
5.0,cfb_20261003_elon_unh,aec-cfb-elon-nhamp-2026-10-03,vultr,filled,1791049061,1791049062000000000,2026-10-03 13:37:42.000000000 ET,-1,gap_closed,0.515,0.545,0.545,1791049067000000000,2026-10-03 13:37:47.000000000 ET,1791049067000632916,2026-10-03 13:37:47.000632832 ET,0.515,0.505,1791049065000000000,2026-10-03 13:37:45.000000000 ET,1791049065582569681,2026-10-03 13:37:45.582569728 ET,0.52,0.53,0.17,0.17,-0.59,-5.9,10
5.0,cfb_20261003_elon_unh,aec-cfb-elon-nhamp-2026-10-03,vultr,filled,1791049321,1791049322000000000,2026-10-03 13:42:02.000000000 ET,1,gap_closed,0.615,0.58,0.58,1791049327000000000,2026-10-03 13:42:07.000000000 ET,1791049336892204953,2026-10-03 13:42:16.892205056 ET,0.605,0.615,1791049337000000000,2026-10-03 13:42:17.000000000 ET,1791049337008429715,2026-10-03 13:42:17.008429824 ET,0.59,0.58,0.16,0.17,-0.68,-6.8,10
5.0,cfb_20261003_elon_unh,aec-cfb-elon-nhamp-2026-10-03,vultr,filled,1791051228,1791051229000000000,2026-10-03 14:13:49.000000000 ET,1,gap_closed,0.6,0.565,0.565,1791051234000000000,2026-10-03 14:13:54.000000000 ET,1791051236010200889,2026-10-03 14:13:56.010200832 ET,0.615,0.625,1791051237000000000,2026-10-03 14:13:57.000000000 ET,1791051244402037851,2026-10-03 14:14:04.402037760 ET,0.62,0.61,0.16,0.17,-0.48,-4.8,10
5.0,cfb_20261003_elon_unh,aec-cfb-elon-nhamp-2026-10-03,vultr,filled,1791051372,1791051373000000000,2026-10-03 14:16:13.000000000 ET,-1,gap_closed,0.555,0.585,0.585,1791051378000000000,2026-10-03 14:16:18.000000000 ET,1791051378430096923,2026-10-03 14:16:18.430096896 ET,0.555,0.545,1791051379000000000,2026-10-03 14:16:19.000000000 ET,1791051409393948013,2026-10-03 14:16:49.393947904 ET,0.54,0.55,0.17,0.17,-0.39,-3.9,10
5.0,cfb_20261003_elon_unh,aec-cfb-elon-nhamp-2026-10-03,vultr,filled,1791053397,1791053398000000000,2026-10-03 14:49:58.000000000 ET,-1,gap_closed,0.555,0.59,0.59,1791053403000000000,2026-10-03 14:50:03.000000000 ET,1791053415135391432,2026-10-03 14:50:15.135391488 ET,0.56,0.55,1791053399000000000,2026-10-03 14:49:59.000000000 ET,1791053400224245323,2026-10-03 14:50:00.224245248 ET,0.565,0.575,0.17,0.17,-0.59,-5.9,10
5.0,cfb_20261003_elon_unh,aec-cfb-elon-nhamp-2026-10-03,vultr,filled,1791054138,1791054139000000000,2026-10-03 15:02:19.000000000 ET,1,gap_closed,0.785,0.74,0.74,1791054144000000000,2026-10-03 15:02:24.000000000 ET,1791054144040941662,2026-10-03 15:02:24.040941568 ET,0.785,0.795,1791054146000000000,2026-10-03 15:02:26.000000000 ET,1791054166374455636,2026-10-03 15:02:46.374455552 ET,0.8,0.79,0.11,0.12,-0.28,-2.8,10
5.0,cfb_20261003_elon_unh,aec-cfb-elon-nhamp-2026-10-03,vultr,filled,1791054376,1791054377000000000,2026-10-03 15:06:17.000000000 ET,-1,gap_closed,0.75,0.79,0.79,1791054382000000000,2026-10-03 15:06:22.000000000 ET,1791054382022643787,2026-10-03 15:06:22.022643712 ET,0.805,0.795,1791054380000000000,2026-10-03 15:06:20.000000000 ET,1791054380524292179,2026-10-03 15:06:20.524292096 ET,0.77,0.78,0.11,0.12,-0.08,-0.8,10
5.0,cfb_20261003_elon_unh,aec-cfb-elon-nhamp-2026-10-03,vultr,filled,1791054583,1791054584000000000,2026-10-03 15:09:44.000000000 ET,-1,gap_closed,0.675,0.715,0.715,1791054589000000000,2026-10-03 15:09:49.000000000 ET,1791054595114916071,2026-10-03 15:09:55.114916096 ET,0.66,0.65,1791054596000000000,2026-10-03 15:09:56.000000000 ET,1791054601020592320,2026-10-03 15:10:01.020592384 ET,0.665,0.675,0.16,0.15,-0.56,-5.6,10
5.0,cfb_20261003_elon_unh,aec-cfb-elon-nhamp-2026-10-03,vultr,filled,1791054879,1791054880000000000,2026-10-03 15:14:40.000000000 ET,-1,gap_closed,0.565,0.615,0.615,1791054885000000000,2026-10-03 15:14:45.000000000 ET,1791054885450497899,2026-10-03 15:14:45.450497792 ET,0.565,0.555,1791054883000000000,2026-10-03 15:14:43.000000000 ET,1791054885450497899,2026-10-03 15:14:45.450497792 ET,0.565,0.575,0.17,0.17,-0.54,-5.4,10
5.0,cfb_20261003_elon_unh,aec-cfb-elon-nhamp-2026-10-03,vultr,filled,1791055241,1791055242000000000,2026-10-03 15:20:42.000000000 ET,1,gap_closed,0.585,0.555,0.555,1791055247000000000,2026-10-03 15:20:47.000000000 ET,1791055277779677852,2026-10-03 15:21:17.779677952 ET,0.575,0.585,1791055251000000000,2026-10-03 15:20:51.000000000 ET,1791055277779677852,2026-10-03 15:21:17.779677952 ET,0.575,0.565,0.17,0.17,-0.54,-5.4,10
5.0,cfb_20261003_elon_unh,aec-cfb-elon-nhamp-2026-10-03,vultr,filled,1791055327,1791055328000000000,2026-10-03 15:22:08.000000000 ET,1,gap_closed,0.59,0.56,0.56,1791055333000000000,2026-10-03 15:22:13.000000000 ET,1791055333669418300,2026-10-03 15:22:13.669418240 ET,0.575,0.585,1791055329000000000,2026-10-03 15:22:09.000000000 ET,1791055333669418300,2026-10-03 15:22:13.669418240 ET,0.575,0.565,0.17,0.17,-0.54,-5.4,10
5.0,cfb_20261003_elon_unh,aec-cfb-elon-nhamp-2026-10-03,vultr,filled,1791055546,1791055547000000000,2026-10-03 15:25:47.000000000 ET,1,gap_closed,0.555,0.525,0.525,1791055552000000000,2026-10-03 15:25:52.000000000 ET,1791055558557159388,2026-10-03 15:25:58.557159424 ET,0.575,0.585,1791055559000000000,2026-10-03 15:25:59.000000000 ET,1791055568607430697,2026-10-03 15:26:08.607430656 ET,0.575,0.565,0.17,0.17,-0.54,-5.4,10
5.0,cfb_20261003_elon_unh,aec-cfb-elon-nhamp-2026-10-03,vultr,filled,1791056352,1791056353000000000,2026-10-03 15:39:13.000000000 ET,1,gap_closed,0.735,0.67,0.67,1791056358000000000,2026-10-03 15:39:18.000000000 ET,1791056359820163150,2026-10-03 15:39:19.820163072 ET,0.7,0.71,1791056358000000000,2026-10-03 15:39:18.000000000 ET,1791056359820163150,2026-10-03 15:39:19.820163072 ET,0.7,0.69,0.14,0.15,-0.49,-4.9,10
5.0,cfb_20261003_elon_unh,aec-cfb-elon-nhamp-2026-10-03,vultr,filled,1791056610,1791056611000000000,2026-10-03 15:43:31.000000000 ET,-1,gap_closed,0.725,0.755,0.755,1791056616000000000,2026-10-03 15:43:36.000000000 ET,1791056626533258863,2026-10-03 15:43:46.533258752 ET,0.72,0.71,1791056612000000000,2026-10-03 15:43:32.000000000 ET,1791056626533258863,2026-10-03 15:43:46.533258752 ET,0.72,0.73,0.14,0.14,-0.48,-4.8,10
5.0,cfb_20261003_elon_unh,aec-cfb-elon-nhamp-2026-10-03,vultr,no exit trade within 60 s,1791057320,1791057321000000000,2026-10-03 15:55:21.000000000 ET,-1,gap_closed,0.645,0.68,0.68,1791057326000000000,2026-10-03 15:55:26.000000000 ET,,,,,1791057348000000000,2026-10-03 15:55:48.000000000 ET,,,,,,,,,10
5.0,cfb_20261003_elon_unh,aec-cfb-elon-nhamp-2026-10-03,vultr,filled,1791058832,1791058833000000000,2026-10-03 16:20:33.000000000 ET,1,gap_closed,0.67,0.625,0.625,1791058838000000000,2026-10-03 16:20:38.000000000 ET,1791058838121707141,2026-10-03 16:20:38.121707264 ET,0.595,0.605,1791058834000000000,2026-10-03 16:20:34.000000000 ET,1791058834038929387,2026-10-03 16:20:34.038929408 ET,0.665,0.655,0.17,0.16,0.17,1.7,10
5.0,cfb_20261003_elon_unh,aec-cfb-elon-nhamp-2026-10-03,vultr,filled,1791058888,1791058889000000000,2026-10-03 16:21:29.000000000 ET,1,gap_closed,0.825,0.79,0.79,1791058894000000000,2026-10-03 16:21:34.000000000 ET,1791058894852450167,2026-10-03 16:21:34.852450048 ET,0.83,0.84,1791058912000000000,2026-10-03 16:21:52.000000000 ET,1791058912239776016,2026-10-03 16:21:52.239776000 ET,0.86,0.85,0.09,0.09,-0.08,-0.8,10
5.0,cfb_20261003_elon_unh,aec-cfb-elon-nhamp-2026-10-03,vultr,filled,1791058940,1791058941000000000,2026-10-03 16:22:21.000000000 ET,-1,gap_closed,0.865,0.91,0.91,1791058946000000000,2026-10-03 16:22:26.000000000 ET,1791058951268490429,2026-10-03 16:22:31.268490496 ET,0.735,0.725,1791058943000000000,2026-10-03 16:22:23.000000000 ET,1791058943399152869,2026-10-03 16:22:23.399152896 ET,0.85,0.86,0.14,0.08,-1.57,-15.7,10
1.0,cfb_20261003_mrst_stet,aec-cfb-mrst-stet-2026-10-03,vultr,no exit trade within 60 s,1791050293,1791050294000000000,2026-10-03 13:58:14.000000000 ET,1,gap_closed,0.22999999999999998,0.195,0.195,1791050295000000000,2026-10-03 13:58:15.000000000 ET,,,,,1791050328000000000,2026-10-03 13:58:48.000000000 ET,,,,,,,,,10
2.0,cfb_20261003_mrst_stet,aec-cfb-mrst-stet-2026-10-03,vultr,no exit trade within 60 s,1791050293,1791050294000000000,2026-10-03 13:58:14.000000000 ET,1,gap_closed,0.22999999999999998,0.195,0.195,1791050296000000000,2026-10-03 13:58:16.000000000 ET,,,,,1791050328000000000,2026-10-03 13:58:48.000000000 ET,,,,,,,,,10
5.0,cfb_20261003_mrst_stet,aec-cfb-mrst-stet-2026-10-03,vultr,no exit trade within 60 s,1791050293,1791050294000000000,2026-10-03 13:58:14.000000000 ET,1,gap_closed,0.22999999999999998,0.195,0.195,1791050299000000000,2026-10-03 13:58:19.000000000 ET,,,,,1791050328000000000,2026-10-03 13:58:48.000000000 ET,,,,,,,,,10
1.0,cfb_20261003_morg_vill,aec-cfb-morgst-vill-2026-10-03,vultr,filled,1791048907,1791048908000000000,2026-10-03 13:35:08.000000000 ET,-1,gap_closed,0.655,0.755,0.755,1791048909000000000,2026-10-03 13:35:09.000000000 ET,1791048913985840591,2026-10-03 13:35:13.985840640 ET,0.66,0.65,1791048914000000000,2026-10-03 13:35:14.000000000 ET,1791048943372531308,2026-10-03 13:35:43.372531200 ET,0.655,0.665,0.16,0.15,-0.46,-4.6,10
1.0,cfb_20261003_morg_vill,aec-cfb-morgst-vill-2026-10-03,vultr,filled,1791049665,1791049666000000000,2026-10-03 13:47:46.000000000 ET,-1,gap_closed,0.615,0.645,0.645,1791049667000000000,2026-10-03 13:47:47.000000000 ET,1791049667122855298,2026-10-03 13:47:47.122855424 ET,0.605,0.595,1791049719000000000,2026-10-03 13:48:39.000000000 ET,1791049727006648957,2026-10-03 13:48:47.006648832 ET,0.53,0.54,0.17,0.17,0.21,2.1,10
1.0,cfb_20261003_morg_vill,aec-cfb-morgst-vill-2026-10-03,vultr,filled,1791050567,1791050568000000000,2026-10-03 14:02:48.000000000 ET,1,gap_closed,0.645,0.61,0.61,1791050569000000000,2026-10-03 14:02:49.000000000 ET,1791050574040833555,2026-10-03 14:02:54.040833536 ET,0.65,0.66,1791050575000000000,2026-10-03 14:02:55.000000000 ET,1791050587704432559,2026-10-03 14:03:07.704432640 ET,0.665,0.655,0.16,0.16,-0.37,-3.7,10
1.0,cfb_20261003_morg_vill,aec-cfb-morgst-vill-2026-10-03,vultr,filled,1791052222,1791052223000000000,2026-10-03 14:30:23.000000000 ET,-1,gap_closed,0.39,0.42,0.42,1791052224000000000,2026-10-03 14:30:24.000000000 ET,1791052238099123389,2026-10-03 14:30:38.099123456 ET,0.43,0.42,1791052236000000000,2026-10-03 14:30:36.000000000 ET,1791052238099123389,2026-10-03 14:30:38.099123456 ET,0.43,0.44,0.17,0.17,-0.54,-5.4,10
1.0,cfb_20261003_morg_vill,aec-cfb-morgst-vill-2026-10-03,vultr,filled,1791054362,1791054363000000000,2026-10-03 15:06:03.000000000 ET,1,gap_closed,0.515,0.48,0.48,1791054364000000000,2026-10-03 15:06:04.000000000 ET,1791054371699279311,2026-10-03 15:06:11.699279360 ET,0.515,0.525,1791054378000000000,2026-10-03 15:06:18.000000000 ET,1791054382101617501,2026-10-03 15:06:22.101617408 ET,0.54,0.53,0.17,0.17,-0.29,-2.9,10
1.0,cfb_20261003_morg_vill,aec-cfb-morgst-vill-2026-10-03,vultr,filled,1791054390,1791054391000000000,2026-10-03 15:06:31.000000000 ET,1,gap_closed,0.585,0.54,0.54,1791054392000000000,2026-10-03 15:06:32.000000000 ET,1791054393901058712,2026-10-03 15:06:33.901058816 ET,0.55,0.56,1791054435000000000,2026-10-03 15:07:15.000000000 ET,1791054438552233313,2026-10-03 15:07:18.552233216 ET,0.585,0.575,0.17,0.17,-0.19,-1.9,10
1.0,cfb_20261003_morg_vill,aec-cfb-morgst-vill-2026-10-03,vultr,filled,1791054767,1791054768000000000,2026-10-03 15:12:48.000000000 ET,-1,timeout,0.495,0.53,0.53,1791054769000000000,2026-10-03 15:12:49.000000000 ET,1791054785146537682,2026-10-03 15:13:05.146537728 ET,0.515,0.505,1791054828000000000,2026-10-03 15:13:48.000000000 ET,1791054836943668111,2026-10-03 15:13:56.943668224 ET,0.56,0.57,0.17,0.17,-0.99,-9.9,10
1.0,cfb_20261003_morg_vill,aec-cfb-morgst-vill-2026-10-03,vultr,filled,1791055105,1791055106000000000,2026-10-03 15:18:26.000000000 ET,1,gap_closed,0.62,0.585,0.585,1791055107000000000,2026-10-03 15:18:27.000000000 ET,1791055111398813564,2026-10-03 15:18:31.398813440 ET,0.61,0.62,1791055112000000000,2026-10-03 15:18:32.000000000 ET,1791055115420597531,2026-10-03 15:18:35.420597504 ET,0.61,0.6,0.16,0.17,-0.53,-5.3,10
1.0,cfb_20261003_morg_vill,aec-cfb-morgst-vill-2026-10-03,vultr,filled,1791055761,1791055762000000000,2026-10-03 15:29:22.000000000 ET,-1,gap_closed,0.6799999999999999,0.71,0.71,1791055763000000000,2026-10-03 15:29:23.000000000 ET,1791055765615183451,2026-10-03 15:29:25.615183360 ET,0.71,0.7,1791055772000000000,2026-10-03 15:29:32.000000000 ET,1791055781922239128,2026-10-03 15:29:41.922239232 ET,0.71,0.72,0.15,0.14,-0.49,-4.9,10
1.0,cfb_20261003_morg_vill,aec-cfb-morgst-vill-2026-10-03,vultr,filled,1791055788,1791055789000000000,2026-10-03 15:29:49.000000000 ET,-1,gap_closed,0.665,0.71,0.71,1791055790000000000,2026-10-03 15:29:50.000000000 ET,1791055793629612584,2026-10-03 15:29:53.629612544 ET,0.665,0.655,1791055794000000000,2026-10-03 15:29:54.000000000 ET,1791055796274936314,2026-10-03 15:29:56.274936320 ET,0.625,0.635,0.16,0.16,-0.12,-1.2,10
1.0,cfb_20261003_morg_vill,aec-cfb-morgst-vill-2026-10-03,vultr,filled,1791055996,1791055997000000000,2026-10-03 15:33:17.000000000 ET,1,gap_closed,0.675,0.62,0.62,1791055998000000000,2026-10-03 15:33:18.000000000 ET,1791055999640153484,2026-10-03 15:33:19.640153600 ET,0.64,0.65,1791056019000000000,2026-10-03 15:33:39.000000000 ET,1791056019593694758,2026-10-03 15:33:39.593694720 ET,0.635,0.625,0.16,0.16,-0.57,-5.7,10
1.0,cfb_20261003_morg_vill,aec-cfb-morgst-vill-2026-10-03,vultr,filled,1791056288,1791056289000000000,2026-10-03 15:38:09.000000000 ET,1,timeout,0.605,0.57,0.57,1791056290000000000,2026-10-03 15:38:10.000000000 ET,1791056330426189729,2026-10-03 15:38:50.426189824 ET,0.595,0.605,1791056349000000000,2026-10-03 15:39:09.000000000 ET,1791056351386771429,2026-10-03 15:39:11.386771456 ET,0.64,0.63,0.17,0.16,-0.08,-0.8,10
1.0,cfb_20261003_morg_vill,aec-cfb-morgst-vill-2026-10-03,vultr,filled,1791056351,1791056352000000000,2026-10-03 15:39:12.000000000 ET,1,gap_closed,0.645,0.61,0.61,1791056353000000000,2026-10-03 15:39:13.000000000 ET,1791056360695734159,2026-10-03 15:39:20.695734272 ET,0.71,0.72,1791056353000000000,2026-10-03 15:39:13.000000000 ET,1791056360695734159,2026-10-03 15:39:20.695734272 ET,0.71,0.7,0.14,0.15,-0.49,-4.9,10
1.0,cfb_20261003_morg_vill,aec-cfb-morgst-vill-2026-10-03,vultr,filled,1791056438,1791056439000000000,2026-10-03 15:40:39.000000000 ET,-1,gap_closed,0.74,0.77,0.77,1791056440000000000,2026-10-03 15:40:40.000000000 ET,1791056444175260238,2026-10-03 15:40:44.175260160 ET,0.75,0.74,1791056462000000000,2026-10-03 15:41:02.000000000 ET,1791056462879979748,2026-10-03 15:41:02.879979776 ET,0.785,0.795,0.13,0.11,-0.79,-7.9,10
1.0,cfb_20261003_morg_vill,aec-cfb-morgst-vill-2026-10-03,vultr,filled,1791056537,1791056538000000000,2026-10-03 15:42:18.000000000 ET,1,gap_closed,0.775,0.74,0.74,1791056539000000000,2026-10-03 15:42:19.000000000 ET,1791056553417306554,2026-10-03 15:42:33.417306624 ET,0.795,0.805,1791056554000000000,2026-10-03 15:42:34.000000000 ET,1791056561727585052,2026-10-03 15:42:41.727585024 ET,0.765,0.755,0.11,0.13,-0.74,-7.4,10
1.0,cfb_20261003_morg_vill,aec-cfb-morgst-vill-2026-10-03,vultr,filled,1791056605,1791056606000000000,2026-10-03 15:43:26.000000000 ET,-1,gap_closed,0.705,0.74,0.74,1791056607000000000,2026-10-03 15:43:27.000000000 ET,1791056611161262557,2026-10-03 15:43:31.161262592 ET,0.765,0.755,1791056611000000000,2026-10-03 15:43:31.000000000 ET,1791056611161262557,2026-10-03 15:43:31.161262592 ET,0.765,0.775,0.13,0.12,-0.45,-4.5,10
1.0,cfb_20261003_morg_vill,aec-cfb-morgst-vill-2026-10-03,vultr,filled,1791057129,1791057130000000000,2026-10-03 15:52:10.000000000 ET,-1,gap_closed,0.66,0.73,0.73,1791057131000000000,2026-10-03 15:52:11.000000000 ET,1791057133590668120,2026-10-03 15:52:13.590668032 ET,0.695,0.685,1791057147000000000,2026-10-03 15:52:27.000000000 ET,1791057156103524559,2026-10-03 15:52:36.103524608 ET,0.69,0.7,0.15,0.15,-0.45,-4.5,10
1.0,cfb_20261003_morg_vill,aec-cfb-morgst-vill-2026-10-03,vultr,filled,1791057196,1791057197000000000,2026-10-03 15:53:17.000000000 ET,-1,gap_closed,0.625,0.705,0.705,1791057198000000000,2026-10-03 15:53:18.000000000 ET,1791057218739818045,2026-10-03 15:53:38.739817984 ET,0.62,0.61,1791057205000000000,2026-10-03 15:53:25.000000000 ET,1791057218739818045,2026-10-03 15:53:38.739817984 ET,0.62,0.63,0.17,0.16,-0.53,-5.3,10
1.0,cfb_20261003_morg_vill,aec-cfb-morgst-vill-2026-10-03,vultr,filled,1791057210,1791057211000000000,2026-10-03 15:53:31.000000000 ET,-1,gap_closed,0.62,0.66,0.66,1791057212000000000,2026-10-03 15:53:32.000000000 ET,1791057218739818045,2026-10-03 15:53:38.739817984 ET,0.62,0.61,1791057261000000000,2026-10-03 15:54:21.000000000 ET,1791057278754732717,2026-10-03 15:54:38.754732800 ET,0.56,0.57,0.17,0.17,0.06,0.6,10
1.0,cfb_20261003_morg_vill,aec-cfb-morgst-vill-2026-10-03,vultr,filled,1791057368,1791057369000000000,2026-10-03 15:56:09.000000000 ET,1,gap_closed,0.645,0.615,0.615,1791057370000000000,2026-10-03 15:56:10.000000000 ET,1791057379828079369,2026-10-03 15:56:19.828079360 ET,0.635,0.645,1791057394000000000,2026-10-03 15:56:34.000000000 ET,1791057430081538887,2026-10-03 15:57:10.081538816 ET,0.7,0.69,0.16,0.15,0.14,1.4,10
1.0,cfb_20261003_morg_vill,aec-cfb-morgst-vill-2026-10-03,vultr,filled,1791057415,1791057416000000000,2026-10-03 15:56:56.000000000 ET,1,gap_closed,0.695,0.66,0.66,1791057417000000000,2026-10-03 15:56:57.000000000 ET,1791057430081538887,2026-10-03 15:57:10.081538816 ET,0.7,0.71,1791057431000000000,2026-10-03 15:57:11.000000000 ET,1791057449367265478,2026-10-03 15:57:29.367265536 ET,0.735,0.725,0.14,0.14,-0.13,-1.3,10
1.0,cfb_20261003_morg_vill,aec-cfb-morgst-vill-2026-10-03,vultr,filled,1791057570,1791057571000000000,2026-10-03 15:59:31.000000000 ET,1,gap_closed,0.8,0.75,0.75,1791057572000000000,2026-10-03 15:59:32.000000000 ET,1791057572359278353,2026-10-03 15:59:32.359278336 ET,0.815,0.825,1791057573000000000,2026-10-03 15:59:33.000000000 ET,1791057575504086504,2026-10-03 15:59:35.504086528 ET,0.785,0.775,0.1,0.12,-0.72,-7.2,10
1.0,cfb_20261003_morg_vill,aec-cfb-morgst-vill-2026-10-03,vultr,filled,1791057882,1791057883000000000,2026-10-03 16:04:43.000000000 ET,-1,gap_closed,0.785,0.85,0.85,1791057884000000000,2026-10-03 16:04:44.000000000 ET,1791057897543555139,2026-10-03 16:04:57.543555072 ET,0.81,0.8,1791057899000000000,2026-10-03 16:04:59.000000000 ET,1791057900080793403,2026-10-03 16:05:00.080793344 ET,0.81,0.82,0.11,0.1,-0.41,-4.1,10
1.0,cfb_20261003_morg_vill,aec-cfb-morgst-vill-2026-10-03,vultr,filled,1791057900,1791057901000000000,2026-10-03 16:05:01.000000000 ET,-1,gap_closed,0.755,0.81,0.81,1791057902000000000,2026-10-03 16:05:02.000000000 ET,1791057912470981082,2026-10-03 16:05:12.470981120 ET,0.71,0.7,1791057913000000000,2026-10-03 16:05:13.000000000 ET,1791057915296944049,2026-10-03 16:05:15.296944128 ET,0.735,0.745,0.15,0.13,-0.73,-7.3,10
1.0,cfb_20261003_morg_vill,aec-cfb-morgst-vill-2026-10-03,vultr,filled,1791057918,1791057919000000000,2026-10-03 16:05:19.000000000 ET,-1,gap_closed,0.695,0.73,0.73,1791057920000000000,2026-10-03 16:05:20.000000000 ET,1791057936724258331,2026-10-03 16:05:36.724258304 ET,0.605,0.595,1791057937000000000,2026-10-03 16:05:37.000000000 ET,1791057937532726949,2026-10-03 16:05:37.532727040 ET,0.65,0.66,0.17,0.16,-0.98,-9.8,10
1.0,cfb_20261003_morg_vill,aec-cfb-morgst-vill-2026-10-03,vultr,filled,1791057945,1791057946000000000,2026-10-03 16:05:46.000000000 ET,-1,gap_closed,0.565,0.595,0.595,1791057947000000000,2026-10-03 16:05:47.000000000 ET,1791057949076114319,2026-10-03 16:05:49.076114432 ET,0.565,0.555,1791057950000000000,2026-10-03 16:05:50.000000000 ET,1791057955366572811,2026-10-03 16:05:55.366572800 ET,0.58,0.59,0.17,0.17,-0.69,-6.9,10
1.0,cfb_20261003_morg_vill,aec-cfb-morgst-vill-2026-10-03,vultr,filled,1791057962,1791057963000000000,2026-10-03 16:06:03.000000000 ET,1,gap_closed,0.615,0.585,0.585,1791057964000000000,2026-10-03 16:06:04.000000000 ET,1791057965876609101,2026-10-03 16:06:05.876609024 ET,0.59,0.6,1791057976000000000,2026-10-03 16:06:16.000000000 ET,1791057977871406238,2026-10-03 16:06:17.871406336 ET,0.6,0.59,0.17,0.17,-0.44,-4.4,10
1.0,cfb_20261003_morg_vill,aec-cfb-morgst-vill-2026-10-03,vultr,filled,1791058010,1791058011000000000,2026-10-03 16:06:51.000000000 ET,1,gap_closed,0.635,0.605,0.605,1791058012000000000,2026-10-03 16:06:52.000000000 ET,1791058014377182352,2026-10-03 16:06:54.377182464 ET,0.655,0.665,1791058015000000000,2026-10-03 16:06:55.000000000 ET,1791058016106278872,2026-10-03 16:06:56.106278912 ET,0.675,0.665,0.15,0.15,-0.3,-3.0,10
1.0,cfb_20261003_morg_vill,aec-cfb-morgst-vill-2026-10-03,vultr,filled,1791058023,1791058024000000000,2026-10-03 16:07:04.000000000 ET,1,gap_closed,0.69,0.61,0.61,1791058025000000000,2026-10-03 16:07:05.000000000 ET,1791058026569587040,2026-10-03 16:07:06.569586944 ET,0.685,0.695,1791058025000000000,2026-10-03 16:07:05.000000000 ET,1791058026569587040,2026-10-03 16:07:06.569586944 ET,0.685,0.675,0.15,0.15,-0.5,-5.0,10
1.0,cfb_20261003_morg_vill,aec-cfb-morgst-vill-2026-10-03,vultr,filled,1791058034,1791058035000000000,2026-10-03 16:07:15.000000000 ET,1,gap_closed,0.73,0.69,0.69,1791058036000000000,2026-10-03 16:07:16.000000000 ET,1791058036338375557,2026-10-03 16:07:16.338375680 ET,0.745,0.755,1791058037000000000,2026-10-03 16:07:17.000000000 ET,1791058039500764402,2026-10-03 16:07:19.500764416 ET,0.76,0.75,0.13,0.13,-0.31,-3.1,10
1.0,cfb_20261003_morg_vill,aec-cfb-morgst-vill-2026-10-03,vultr,filled,1791058046,1791058047000000000,2026-10-03 16:07:27.000000000 ET,1,gap_closed,0.77,0.725,0.725,1791058048000000000,2026-10-03 16:07:28.000000000 ET,1791058050675997928,2026-10-03 16:07:30.675997952 ET,0.74,0.75,1791058052000000000,2026-10-03 16:07:32.000000000 ET,1791058052308182304,2026-10-03 16:07:32.308182272 ET,0.74,0.73,0.13,0.14,-0.47,-4.7,10
1.0,cfb_20261003_morg_vill,aec-cfb-morgst-vill-2026-10-03,vultr,filled,1791058077,1791058078000000000,2026-10-03 16:07:58.000000000 ET,1,gap_closed,0.895,0.86,0.86,1791058079000000000,2026-10-03 16:07:59.000000000 ET,1791058080002767308,2026-10-03 16:08:00.002767360 ET,0.885,0.895,1791058089000000000,2026-10-03 16:08:09.000000000 ET,1791058091662241788,2026-10-03 16:08:11.662241792 ET,0.935,0.925,0.07,0.05,0.18,1.8,10
1.0,cfb_20261003_morg_vill,aec-cfb-morgst-vill-2026-10-03,vultr,filled,1791058195,1791058196000000000,2026-10-03 16:09:56.000000000 ET,-1,gap_closed,0.675,0.75,0.75,1791058197000000000,2026-10-03 16:09:57.000000000 ET,1791058198136725716,2026-10-03 16:09:58.136725760 ET,0.675,0.665,1791058199000000000,2026-10-03 16:09:59.000000000 ET,1791058203062862218,2026-10-03 16:10:03.062862336 ET,0.755,0.765,0.15,0.12,-1.27,-12.7,10
1.0,cfb_20261003_morg_vill,aec-cfb-morgst-vill-2026-10-03,vultr,filled,1791058206,1791058207000000000,2026-10-03 16:10:07.000000000 ET,-1,gap_closed,0.7,0.735,0.735,1791058208000000000,2026-10-03 16:10:08.000000000 ET,1791058208179672492,2026-10-03 16:10:08.179672576 ET,0.715,0.705,1791058210000000000,2026-10-03 16:10:10.000000000 ET,1791058211547777377,2026-10-03 16:10:11.547777280 ET,0.685,0.695,0.14,0.15,-0.19,-1.9,10
1.0,cfb_20261003_morg_vill,aec-cfb-morgst-vill-2026-10-03,vultr,filled,1791058218,1791058219000000000,2026-10-03 16:10:19.000000000 ET,-1,gap_closed,0.66,0.71,0.71,1791058220000000000,2026-10-03 16:10:20.000000000 ET,1791058221793105019,2026-10-03 16:10:21.793104896 ET,0.69,0.68,1791058222000000000,2026-10-03 16:10:22.000000000 ET,1791058223942805449,2026-10-03 16:10:23.942805504 ET,0.655,0.665,0.15,0.15,-0.15,-1.5,10
1.0,cfb_20261003_morg_vill,aec-cfb-morgst-vill-2026-10-03,vultr,filled,1791058230,1791058231000000000,2026-10-03 16:10:31.000000000 ET,-1,gap_closed,0.635,0.71,0.71,1791058232000000000,2026-10-03 16:10:32.000000000 ET,1791058234214684916,2026-10-03 16:10:34.214684928 ET,0.65,0.64,1791058238000000000,2026-10-03 16:10:38.000000000 ET,1791058238351452414,2026-10-03 16:10:38.351452416 ET,0.645,0.655,0.16,0.16,-0.47,-4.7,10
1.0,cfb_20261003_morg_vill,aec-cfb-morgst-vill-2026-10-03,vultr,filled,1791058246,1791058247000000000,2026-10-03 16:10:47.000000000 ET,1,gap_closed,0.655,0.57,0.57,1791058248000000000,2026-10-03 16:10:48.000000000 ET,1791058248450883605,2026-10-03 16:10:48.450883584 ET,0.64,0.65,1791058248000000000,2026-10-03 16:10:48.000000000 ET,1791058248450883605,2026-10-03 16:10:48.450883584 ET,0.64,0.63,0.16,0.16,-0.52,-5.2,10
1.0,cfb_20261003_morg_vill,aec-cfb-morgst-vill-2026-10-03,vultr,filled,1791058272,1791058273000000000,2026-10-03 16:11:13.000000000 ET,-1,gap_closed,0.555,0.585,0.585,1791058274000000000,2026-10-03 16:11:14.000000000 ET,1791058274272428159,2026-10-03 16:11:14.272428032 ET,0.53,0.52,1791058274000000000,2026-10-03 16:11:14.000000000 ET,1791058274272428159,2026-10-03 16:11:14.272428032 ET,0.53,0.54,0.17,0.17,-0.54,-5.4,10
1.0,cfb_20261003_morg_vill,aec-cfb-morgst-vill-2026-10-03,vultr,filled,1791058305,1791058306000000000,2026-10-03 16:11:46.000000000 ET,-1,gap_closed,0.315,0.345,0.345,1791058307000000000,2026-10-03 16:11:47.000000000 ET,1791058307086174286,2026-10-03 16:11:47.086174208 ET,0.32,0.31,1791058307000000000,2026-10-03 16:11:47.000000000 ET,1791058307086174286,2026-10-03 16:11:47.086174208 ET,0.32,0.33,0.15,0.15,-0.5,-5.0,10
1.0,cfb_20261003_morg_vill,aec-cfb-morgst-vill-2026-10-03,vultr,filled,1791058512,1791058513000000000,2026-10-03 16:15:13.000000000 ET,1,gap_closed,0.65,0.59,0.59,1791058514000000000,2026-10-03 16:15:14.000000000 ET,1791058516435824184,2026-10-03 16:15:16.435824128 ET,0.67,0.68,1791058518000000000,2026-10-03 16:15:18.000000000 ET,1791058518254539214,2026-10-03 16:15:18.254539264 ET,0.625,0.615,0.15,0.16,-0.96,-9.6,10
1.0,cfb_20261003_morg_vill,aec-cfb-morgst-vill-2026-10-03,vultr,filled,1791058633,1791058634000000000,2026-10-03 16:17:14.000000000 ET,-1,gap_closed,0.08499999999999999,0.12,0.12,1791058635000000000,2026-10-03 16:17:15.000000000 ET,1791058635022084143,2026-10-03 16:17:15.022084096 ET,0.09,0.08,1791058636000000000,2026-10-03 16:17:16.000000000 ET,1791058636034849043,2026-10-03 16:17:16.034849024 ET,0.08,0.09,0.05,0.06,-0.21,-2.1,10
1.0,cfb_20261003_morg_vill,aec-cfb-morgst-vill-2026-10-03,vultr,filled,1791058741,1791058742000000000,2026-10-03 16:19:02.000000000 ET,1,gap_closed,0.375,0.33,0.33,1791058743000000000,2026-10-03 16:19:03.000000000 ET,1791058743748738619,2026-10-03 16:19:03.748738560 ET,0.385,0.395,1791058748000000000,2026-10-03 16:19:08.000000000 ET,1791058749043119220,2026-10-03 16:19:09.043119104 ET,0.405,0.395,0.17,0.17,-0.34,-3.4,10
2.0,cfb_20261003_morg_vill,aec-cfb-morgst-vill-2026-10-03,vultr,filled,1791048907,1791048908000000000,2026-10-03 13:35:08.000000000 ET,-1,gap_closed,0.655,0.755,0.755,1791048910000000000,2026-10-03 13:35:10.000000000 ET,1791048913985840591,2026-10-03 13:35:13.985840640 ET,0.66,0.65,1791048914000000000,2026-10-03 13:35:14.000000000 ET,1791048943372531308,2026-10-03 13:35:43.372531200 ET,0.655,0.665,0.16,0.15,-0.46,-4.6,10
2.0,cfb_20261003_morg_vill,aec-cfb-morgst-vill-2026-10-03,vultr,filled,1791049665,1791049666000000000,2026-10-03 13:47:46.000000000 ET,-1,gap_closed,0.615,0.645,0.645,1791049668000000000,2026-10-03 13:47:48.000000000 ET,1791049673425809771,2026-10-03 13:47:53.425809664 ET,0.59,0.58,1791049719000000000,2026-10-03 13:48:39.000000000 ET,1791049727006648957,2026-10-03 13:48:47.006648832 ET,0.53,0.54,0.17,0.17,0.06,0.6,10
2.0,cfb_20261003_morg_vill,aec-cfb-morgst-vill-2026-10-03,vultr,filled,1791050567,1791050568000000000,2026-10-03 14:02:48.000000000 ET,1,gap_closed,0.645,0.61,0.61,1791050570000000000,2026-10-03 14:02:50.000000000 ET,1791050574040833555,2026-10-03 14:02:54.040833536 ET,0.65,0.66,1791050575000000000,2026-10-03 14:02:55.000000000 ET,1791050587704432559,2026-10-03 14:03:07.704432640 ET,0.665,0.655,0.16,0.16,-0.37,-3.7,10
2.0,cfb_20261003_morg_vill,aec-cfb-morgst-vill-2026-10-03,vultr,filled,1791052222,1791052223000000000,2026-10-03 14:30:23.000000000 ET,-1,gap_closed,0.39,0.42,0.42,1791052225000000000,2026-10-03 14:30:25.000000000 ET,1791052238099123389,2026-10-03 14:30:38.099123456 ET,0.43,0.42,1791052236000000000,2026-10-03 14:30:36.000000000 ET,1791052238099123389,2026-10-03 14:30:38.099123456 ET,0.43,0.44,0.17,0.17,-0.54,-5.4,10
2.0,cfb_20261003_morg_vill,aec-cfb-morgst-vill-2026-10-03,vultr,filled,1791054362,1791054363000000000,2026-10-03 15:06:03.000000000 ET,1,gap_closed,0.515,0.48,0.48,1791054365000000000,2026-10-03 15:06:05.000000000 ET,1791054371699279311,2026-10-03 15:06:11.699279360 ET,0.515,0.525,1791054378000000000,2026-10-03 15:06:18.000000000 ET,1791054382101617501,2026-10-03 15:06:22.101617408 ET,0.54,0.53,0.17,0.17,-0.29,-2.9,10
2.0,cfb_20261003_morg_vill,aec-cfb-morgst-vill-2026-10-03,vultr,filled,1791054390,1791054391000000000,2026-10-03 15:06:31.000000000 ET,1,gap_closed,0.585,0.54,0.54,1791054393000000000,2026-10-03 15:06:33.000000000 ET,1791054393901058712,2026-10-03 15:06:33.901058816 ET,0.55,0.56,1791054435000000000,2026-10-03 15:07:15.000000000 ET,1791054438552233313,2026-10-03 15:07:18.552233216 ET,0.585,0.575,0.17,0.17,-0.19,-1.9,10
2.0,cfb_20261003_morg_vill,aec-cfb-morgst-vill-2026-10-03,vultr,filled,1791054767,1791054768000000000,2026-10-03 15:12:48.000000000 ET,-1,timeout,0.495,0.53,0.53,1791054770000000000,2026-10-03 15:12:50.000000000 ET,1791054785146537682,2026-10-03 15:13:05.146537728 ET,0.515,0.505,1791054828000000000,2026-10-03 15:13:48.000000000 ET,1791054836943668111,2026-10-03 15:13:56.943668224 ET,0.56,0.57,0.17,0.17,-0.99,-9.9,10
2.0,cfb_20261003_morg_vill,aec-cfb-morgst-vill-2026-10-03,vultr,filled,1791055105,1791055106000000000,2026-10-03 15:18:26.000000000 ET,1,gap_closed,0.62,0.585,0.585,1791055108000000000,2026-10-03 15:18:28.000000000 ET,1791055111398813564,2026-10-03 15:18:31.398813440 ET,0.61,0.62,1791055112000000000,2026-10-03 15:18:32.000000000 ET,1791055115420597531,2026-10-03 15:18:35.420597504 ET,0.61,0.6,0.16,0.17,-0.53,-5.3,10
2.0,cfb_20261003_morg_vill,aec-cfb-morgst-vill-2026-10-03,vultr,filled,1791055761,1791055762000000000,2026-10-03 15:29:22.000000000 ET,-1,gap_closed,0.6799999999999999,0.71,0.71,1791055764000000000,2026-10-03 15:29:24.000000000 ET,1791055765615183451,2026-10-03 15:29:25.615183360 ET,0.71,0.7,1791055772000000000,2026-10-03 15:29:32.000000000 ET,1791055781922239128,2026-10-03 15:29:41.922239232 ET,0.71,0.72,0.15,0.14,-0.49,-4.9,10
2.0,cfb_20261003_morg_vill,aec-cfb-morgst-vill-2026-10-03,vultr,filled,1791055788,1791055789000000000,2026-10-03 15:29:49.000000000 ET,-1,gap_closed,0.665,0.71,0.71,1791055791000000000,2026-10-03 15:29:51.000000000 ET,1791055793629612584,2026-10-03 15:29:53.629612544 ET,0.665,0.655,1791055794000000000,2026-10-03 15:29:54.000000000 ET,1791055796274936314,2026-10-03 15:29:56.274936320 ET,0.625,0.635,0.16,0.16,-0.12,-1.2,10
2.0,cfb_20261003_morg_vill,aec-cfb-morgst-vill-2026-10-03,vultr,filled,1791055996,1791055997000000000,2026-10-03 15:33:17.000000000 ET,1,gap_closed,0.675,0.62,0.62,1791055999000000000,2026-10-03 15:33:19.000000000 ET,1791055999640153484,2026-10-03 15:33:19.640153600 ET,0.64,0.65,1791056019000000000,2026-10-03 15:33:39.000000000 ET,1791056019593694758,2026-10-03 15:33:39.593694720 ET,0.635,0.625,0.16,0.16,-0.57,-5.7,10
2.0,cfb_20261003_morg_vill,aec-cfb-morgst-vill-2026-10-03,vultr,filled,1791056288,1791056289000000000,2026-10-03 15:38:09.000000000 ET,1,timeout,0.605,0.57,0.57,1791056291000000000,2026-10-03 15:38:11.000000000 ET,1791056330426189729,2026-10-03 15:38:50.426189824 ET,0.595,0.605,1791056349000000000,2026-10-03 15:39:09.000000000 ET,1791056351386771429,2026-10-03 15:39:11.386771456 ET,0.64,0.63,0.17,0.16,-0.08,-0.8,10
2.0,cfb_20261003_morg_vill,aec-cfb-morgst-vill-2026-10-03,vultr,filled,1791056351,1791056352000000000,2026-10-03 15:39:12.000000000 ET,1,gap_closed,0.645,0.61,0.61,1791056354000000000,2026-10-03 15:39:14.000000000 ET,1791056360695734159,2026-10-03 15:39:20.695734272 ET,0.71,0.72,1791056353000000000,2026-10-03 15:39:13.000000000 ET,1791056360695734159,2026-10-03 15:39:20.695734272 ET,0.71,0.7,0.14,0.15,-0.49,-4.9,10
2.0,cfb_20261003_morg_vill,aec-cfb-morgst-vill-2026-10-03,vultr,filled,1791056438,1791056439000000000,2026-10-03 15:40:39.000000000 ET,-1,gap_closed,0.74,0.77,0.77,1791056441000000000,2026-10-03 15:40:41.000000000 ET,1791056444175260238,2026-10-03 15:40:44.175260160 ET,0.75,0.74,1791056462000000000,2026-10-03 15:41:02.000000000 ET,1791056462879979748,2026-10-03 15:41:02.879979776 ET,0.785,0.795,0.13,0.11,-0.79,-7.9,10
2.0,cfb_20261003_morg_vill,aec-cfb-morgst-vill-2026-10-03,vultr,filled,1791056537,1791056538000000000,2026-10-03 15:42:18.000000000 ET,1,gap_closed,0.775,0.74,0.74,1791056540000000000,2026-10-03 15:42:20.000000000 ET,1791056553417306554,2026-10-03 15:42:33.417306624 ET,0.795,0.805,1791056554000000000,2026-10-03 15:42:34.000000000 ET,1791056561727585052,2026-10-03 15:42:41.727585024 ET,0.765,0.755,0.11,0.13,-0.74,-7.4,10
2.0,cfb_20261003_morg_vill,aec-cfb-morgst-vill-2026-10-03,vultr,filled,1791056605,1791056606000000000,2026-10-03 15:43:26.000000000 ET,-1,gap_closed,0.705,0.74,0.74,1791056608000000000,2026-10-03 15:43:28.000000000 ET,1791056611161262557,2026-10-03 15:43:31.161262592 ET,0.765,0.755,1791056611000000000,2026-10-03 15:43:31.000000000 ET,1791056611161262557,2026-10-03 15:43:31.161262592 ET,0.765,0.775,0.13,0.12,-0.45,-4.5,10
2.0,cfb_20261003_morg_vill,aec-cfb-morgst-vill-2026-10-03,vultr,filled,1791057129,1791057130000000000,2026-10-03 15:52:10.000000000 ET,-1,gap_closed,0.66,0.73,0.73,1791057132000000000,2026-10-03 15:52:12.000000000 ET,1791057133590668120,2026-10-03 15:52:13.590668032 ET,0.695,0.685,1791057147000000000,2026-10-03 15:52:27.000000000 ET,1791057156103524559,2026-10-03 15:52:36.103524608 ET,0.69,0.7,0.15,0.15,-0.45,-4.5,10
2.0,cfb_20261003_morg_vill,aec-cfb-morgst-vill-2026-10-03,vultr,filled,1791057196,1791057197000000000,2026-10-03 15:53:17.000000000 ET,-1,gap_closed,0.625,0.705,0.705,1791057199000000000,2026-10-03 15:53:19.000000000 ET,1791057218739818045,2026-10-03 15:53:38.739817984 ET,0.62,0.61,1791057205000000000,2026-10-03 15:53:25.000000000 ET,1791057218739818045,2026-10-03 15:53:38.739817984 ET,0.62,0.63,0.17,0.16,-0.53,-5.3,10
2.0,cfb_20261003_morg_vill,aec-cfb-morgst-vill-2026-10-03,vultr,filled,1791057210,1791057211000000000,2026-10-03 15:53:31.000000000 ET,-1,gap_closed,0.62,0.66,0.66,1791057213000000000,2026-10-03 15:53:33.000000000 ET,1791057218739818045,2026-10-03 15:53:38.739817984 ET,0.62,0.61,1791057261000000000,2026-10-03 15:54:21.000000000 ET,1791057278754732717,2026-10-03 15:54:38.754732800 ET,0.56,0.57,0.17,0.17,0.06,0.6,10
2.0,cfb_20261003_morg_vill,aec-cfb-morgst-vill-2026-10-03,vultr,filled,1791057368,1791057369000000000,2026-10-03 15:56:09.000000000 ET,1,gap_closed,0.645,0.615,0.615,1791057371000000000,2026-10-03 15:56:11.000000000 ET,1791057379828079369,2026-10-03 15:56:19.828079360 ET,0.635,0.645,1791057394000000000,2026-10-03 15:56:34.000000000 ET,1791057430081538887,2026-10-03 15:57:10.081538816 ET,0.7,0.69,0.16,0.15,0.14,1.4,10
2.0,cfb_20261003_morg_vill,aec-cfb-morgst-vill-2026-10-03,vultr,filled,1791057415,1791057416000000000,2026-10-03 15:56:56.000000000 ET,1,gap_closed,0.695,0.66,0.66,1791057418000000000,2026-10-03 15:56:58.000000000 ET,1791057430081538887,2026-10-03 15:57:10.081538816 ET,0.7,0.71,1791057431000000000,2026-10-03 15:57:11.000000000 ET,1791057449367265478,2026-10-03 15:57:29.367265536 ET,0.735,0.725,0.14,0.14,-0.13,-1.3,10
2.0,cfb_20261003_morg_vill,aec-cfb-morgst-vill-2026-10-03,vultr,filled,1791057570,1791057571000000000,2026-10-03 15:59:31.000000000 ET,1,gap_closed,0.8,0.75,0.75,1791057573000000000,2026-10-03 15:59:33.000000000 ET,1791057575504086504,2026-10-03 15:59:35.504086528 ET,0.785,0.795,1791057573000000000,2026-10-03 15:59:33.000000000 ET,1791057575504086504,2026-10-03 15:59:35.504086528 ET,0.785,0.775,0.11,0.12,-0.43,-4.3,10
2.0,cfb_20261003_morg_vill,aec-cfb-morgst-vill-2026-10-03,vultr,filled,1791057882,1791057883000000000,2026-10-03 16:04:43.000000000 ET,-1,gap_closed,0.785,0.85,0.85,1791057885000000000,2026-10-03 16:04:45.000000000 ET,1791057897543555139,2026-10-03 16:04:57.543555072 ET,0.81,0.8,1791057899000000000,2026-10-03 16:04:59.000000000 ET,1791057900080793403,2026-10-03 16:05:00.080793344 ET,0.81,0.82,0.11,0.1,-0.41,-4.1,10
2.0,cfb_20261003_morg_vill,aec-cfb-morgst-vill-2026-10-03,vultr,filled,1791057900,1791057901000000000,2026-10-03 16:05:01.000000000 ET,-1,gap_closed,0.755,0.81,0.81,1791057903000000000,2026-10-03 16:05:03.000000000 ET,1791057912470981082,2026-10-03 16:05:12.470981120 ET,0.71,0.7,1791057913000000000,2026-10-03 16:05:13.000000000 ET,1791057915296944049,2026-10-03 16:05:15.296944128 ET,0.735,0.745,0.15,0.13,-0.73,-7.3,10
2.0,cfb_20261003_morg_vill,aec-cfb-morgst-vill-2026-10-03,vultr,filled,1791057918,1791057919000000000,2026-10-03 16:05:19.000000000 ET,-1,gap_closed,0.695,0.73,0.73,1791057921000000000,2026-10-03 16:05:21.000000000 ET,1791057936724258331,2026-10-03 16:05:36.724258304 ET,0.605,0.595,1791057937000000000,2026-10-03 16:05:37.000000000 ET,1791057937532726949,2026-10-03 16:05:37.532727040 ET,0.65,0.66,0.17,0.16,-0.98,-9.8,10
2.0,cfb_20261003_morg_vill,aec-cfb-morgst-vill-2026-10-03,vultr,filled,1791057945,1791057946000000000,2026-10-03 16:05:46.000000000 ET,-1,gap_closed,0.565,0.595,0.595,1791057948000000000,2026-10-03 16:05:48.000000000 ET,1791057949076114319,2026-10-03 16:05:49.076114432 ET,0.565,0.555,1791057950000000000,2026-10-03 16:05:50.000000000 ET,1791057955366572811,2026-10-03 16:05:55.366572800 ET,0.58,0.59,0.17,0.17,-0.69,-6.9,10
2.0,cfb_20261003_morg_vill,aec-cfb-morgst-vill-2026-10-03,vultr,filled,1791057962,1791057963000000000,2026-10-03 16:06:03.000000000 ET,1,gap_closed,0.615,0.585,0.585,1791057965000000000,2026-10-03 16:06:05.000000000 ET,1791057965876609101,2026-10-03 16:06:05.876609024 ET,0.59,0.6,1791057976000000000,2026-10-03 16:06:16.000000000 ET,1791057977871406238,2026-10-03 16:06:17.871406336 ET,0.6,0.59,0.17,0.17,-0.44,-4.4,10
2.0,cfb_20261003_morg_vill,aec-cfb-morgst-vill-2026-10-03,vultr,filled,1791058010,1791058011000000000,2026-10-03 16:06:51.000000000 ET,1,gap_closed,0.635,0.605,0.605,1791058013000000000,2026-10-03 16:06:53.000000000 ET,1791058014377182352,2026-10-03 16:06:54.377182464 ET,0.655,0.665,1791058015000000000,2026-10-03 16:06:55.000000000 ET,1791058016106278872,2026-10-03 16:06:56.106278912 ET,0.675,0.665,0.15,0.15,-0.3,-3.0,10
2.0,cfb_20261003_morg_vill,aec-cfb-morgst-vill-2026-10-03,vultr,filled,1791058023,1791058024000000000,2026-10-03 16:07:04.000000000 ET,1,gap_closed,0.69,0.61,0.61,1791058026000000000,2026-10-03 16:07:06.000000000 ET,1791058026569587040,2026-10-03 16:07:06.569586944 ET,0.685,0.695,1791058025000000000,2026-10-03 16:07:05.000000000 ET,1791058026569587040,2026-10-03 16:07:06.569586944 ET,0.685,0.675,0.15,0.15,-0.5,-5.0,10
2.0,cfb_20261003_morg_vill,aec-cfb-morgst-vill-2026-10-03,vultr,filled,1791058034,1791058035000000000,2026-10-03 16:07:15.000000000 ET,1,gap_closed,0.73,0.69,0.69,1791058037000000000,2026-10-03 16:07:17.000000000 ET,1791058039500764402,2026-10-03 16:07:19.500764416 ET,0.76,0.77,1791058037000000000,2026-10-03 16:07:17.000000000 ET,1791058039500764402,2026-10-03 16:07:19.500764416 ET,0.76,0.75,0.12,0.13,-0.45,-4.5,10
2.0,cfb_20261003_morg_vill,aec-cfb-morgst-vill-2026-10-03,vultr,filled,1791058046,1791058047000000000,2026-10-03 16:07:27.000000000 ET,1,gap_closed,0.77,0.725,0.725,1791058049000000000,2026-10-03 16:07:29.000000000 ET,1791058050675997928,2026-10-03 16:07:30.675997952 ET,0.74,0.75,1791058052000000000,2026-10-03 16:07:32.000000000 ET,1791058052308182304,2026-10-03 16:07:32.308182272 ET,0.74,0.73,0.13,0.14,-0.47,-4.7,10
2.0,cfb_20261003_morg_vill,aec-cfb-morgst-vill-2026-10-03,vultr,filled,1791058077,1791058078000000000,2026-10-03 16:07:58.000000000 ET,1,gap_closed,0.895,0.86,0.86,1791058080000000000,2026-10-03 16:08:00.000000000 ET,1791058080002767308,2026-10-03 16:08:00.002767360 ET,0.885,0.895,1791058089000000000,2026-10-03 16:08:09.000000000 ET,1791058091662241788,2026-10-03 16:08:11.662241792 ET,0.935,0.925,0.07,0.05,0.18,1.8,10
2.0,cfb_20261003_morg_vill,aec-cfb-morgst-vill-2026-10-03,vultr,filled,1791058195,1791058196000000000,2026-10-03 16:09:56.000000000 ET,-1,gap_closed,0.675,0.75,0.75,1791058198000000000,2026-10-03 16:09:58.000000000 ET,1791058198136725716,2026-10-03 16:09:58.136725760 ET,0.675,0.665,1791058199000000000,2026-10-03 16:09:59.000000000 ET,1791058203062862218,2026-10-03 16:10:03.062862336 ET,0.755,0.765,0.15,0.12,-1.27,-12.7,10
2.0,cfb_20261003_morg_vill,aec-cfb-morgst-vill-2026-10-03,vultr,filled,1791058206,1791058207000000000,2026-10-03 16:10:07.000000000 ET,-1,gap_closed,0.7,0.735,0.735,1791058209000000000,2026-10-03 16:10:09.000000000 ET,1791058209277724706,2026-10-03 16:10:09.277724672 ET,0.68,0.67,1791058210000000000,2026-10-03 16:10:10.000000000 ET,1791058211547777377,2026-10-03 16:10:11.547777280 ET,0.685,0.695,0.15,0.15,-0.55,-5.5,10
2.0,cfb_20261003_morg_vill,aec-cfb-morgst-vill-2026-10-03,vultr,filled,1791058218,1791058219000000000,2026-10-03 16:10:19.000000000 ET,-1,gap_closed,0.66,0.71,0.71,1791058221000000000,2026-10-03 16:10:21.000000000 ET,1791058221793105019,2026-10-03 16:10:21.793104896 ET,0.69,0.68,1791058222000000000,2026-10-03 16:10:22.000000000 ET,1791058223942805449,2026-10-03 16:10:23.942805504 ET,0.655,0.665,0.15,0.15,-0.15,-1.5,10
2.0,cfb_20261003_morg_vill,aec-cfb-morgst-vill-2026-10-03,vultr,filled,1791058230,1791058231000000000,2026-10-03 16:10:31.000000000 ET,-1,gap_closed,0.635,0.71,0.71,1791058233000000000,2026-10-03 16:10:33.000000000 ET,1791058234214684916,2026-10-03 16:10:34.214684928 ET,0.65,0.64,1791058238000000000,2026-10-03 16:10:38.000000000 ET,1791058238351452414,2026-10-03 16:10:38.351452416 ET,0.645,0.655,0.16,0.16,-0.47,-4.7,10
2.0,cfb_20261003_morg_vill,aec-cfb-morgst-vill-2026-10-03,vultr,filled,1791058246,1791058247000000000,2026-10-03 16:10:47.000000000 ET,1,gap_closed,0.655,0.57,0.57,1791058249000000000,2026-10-03 16:10:49.000000000 ET,1791058250269724657,2026-10-03 16:10:50.269724672 ET,0.615,0.625,1791058248000000000,2026-10-03 16:10:48.000000000 ET,1791058248450883605,2026-10-03 16:10:48.450883584 ET,0.64,0.63,0.16,0.16,-0.27,-2.7,10
2.0,cfb_20261003_morg_vill,aec-cfb-morgst-vill-2026-10-03,vultr,filled,1791058272,1791058273000000000,2026-10-03 16:11:13.000000000 ET,-1,gap_closed,0.555,0.585,0.585,1791058275000000000,2026-10-03 16:11:15.000000000 ET,1791058275366244294,2026-10-03 16:11:15.366244352 ET,0.52,0.51,1791058274000000000,2026-10-03 16:11:14.000000000 ET,1791058274272428159,2026-10-03 16:11:14.272428032 ET,0.53,0.54,0.17,0.17,-0.64,-6.4,10
2.0,cfb_20261003_morg_vill,aec-cfb-morgst-vill-2026-10-03,vultr,filled,1791058305,1791058306000000000,2026-10-03 16:11:46.000000000 ET,-1,gap_closed,0.315,0.345,0.345,1791058308000000000,2026-10-03 16:11:48.000000000 ET,1791058308664446901,2026-10-03 16:11:48.664446976 ET,0.31,0.3,1791058307000000000,2026-10-03 16:11:47.000000000 ET,1791058307086174286,2026-10-03 16:11:47.086174208 ET,0.32,0.33,0.15,0.15,-0.6,-6.0,10
2.0,cfb_20261003_morg_vill,aec-cfb-morgst-vill-2026-10-03,vultr,filled,1791058512,1791058513000000000,2026-10-03 16:15:13.000000000 ET,1,gap_closed,0.65,0.59,0.59,1791058515000000000,2026-10-03 16:15:15.000000000 ET,1791058516435824184,2026-10-03 16:15:16.435824128 ET,0.67,0.68,1791058518000000000,2026-10-03 16:15:18.000000000 ET,1791058518254539214,2026-10-03 16:15:18.254539264 ET,0.625,0.615,0.15,0.16,-0.96,-9.6,10
2.0,cfb_20261003_morg_vill,aec-cfb-morgst-vill-2026-10-03,vultr,filled,1791058633,1791058634000000000,2026-10-03 16:17:14.000000000 ET,-1,gap_closed,0.08499999999999999,0.12,0.12,1791058636000000000,2026-10-03 16:17:16.000000000 ET,1791058636034849043,2026-10-03 16:17:16.034849024 ET,0.08,0.07,1791058636000000000,2026-10-03 16:17:16.000000000 ET,1791058636034849043,2026-10-03 16:17:16.034849024 ET,0.08,0.09,0.05,0.06,-0.31,-3.1,10
2.0,cfb_20261003_morg_vill,aec-cfb-morgst-vill-2026-10-03,vultr,filled,1791058741,1791058742000000000,2026-10-03 16:19:02.000000000 ET,1,gap_closed,0.375,0.33,0.33,1791058744000000000,2026-10-03 16:19:04.000000000 ET,1791058744854338741,2026-10-03 16:19:04.854338816 ET,0.385,0.395,1791058748000000000,2026-10-03 16:19:08.000000000 ET,1791058749043119220,2026-10-03 16:19:09.043119104 ET,0.405,0.395,0.17,0.17,-0.34,-3.4,10
5.0,cfb_20261003_morg_vill,aec-cfb-morgst-vill-2026-10-03,vultr,filled,1791048907,1791048908000000000,2026-10-03 13:35:08.000000000 ET,-1,gap_closed,0.655,0.755,0.755,1791048913000000000,2026-10-03 13:35:13.000000000 ET,1791048913985840591,2026-10-03 13:35:13.985840640 ET,0.66,0.65,1791048914000000000,2026-10-03 13:35:14.000000000 ET,1791048943372531308,2026-10-03 13:35:43.372531200 ET,0.655,0.665,0.16,0.15,-0.46,-4.6,10
5.0,cfb_20261003_morg_vill,aec-cfb-morgst-vill-2026-10-03,vultr,filled,1791049665,1791049666000000000,2026-10-03 13:47:46.000000000 ET,-1,gap_closed,0.615,0.645,0.645,1791049671000000000,2026-10-03 13:47:51.000000000 ET,1791049673425809771,2026-10-03 13:47:53.425809664 ET,0.59,0.58,1791049719000000000,2026-10-03 13:48:39.000000000 ET,1791049727006648957,2026-10-03 13:48:47.006648832 ET,0.53,0.54,0.17,0.17,0.06,0.6,10
5.0,cfb_20261003_morg_vill,aec-cfb-morgst-vill-2026-10-03,vultr,filled,1791050567,1791050568000000000,2026-10-03 14:02:48.000000000 ET,1,gap_closed,0.645,0.61,0.61,1791050573000000000,2026-10-03 14:02:53.000000000 ET,1791050574040833555,2026-10-03 14:02:54.040833536 ET,0.65,0.66,1791050575000000000,2026-10-03 14:02:55.000000000 ET,1791050587704432559,2026-10-03 14:03:07.704432640 ET,0.665,0.655,0.16,0.16,-0.37,-3.7,10
5.0,cfb_20261003_morg_vill,aec-cfb-morgst-vill-2026-10-03,vultr,filled,1791052222,1791052223000000000,2026-10-03 14:30:23.000000000 ET,-1,gap_closed,0.39,0.42,0.42,1791052228000000000,2026-10-03 14:30:28.000000000 ET,1791052238099123389,2026-10-03 14:30:38.099123456 ET,0.43,0.42,1791052236000000000,2026-10-03 14:30:36.000000000 ET,1791052238099123389,2026-10-03 14:30:38.099123456 ET,0.43,0.44,0.17,0.17,-0.54,-5.4,10
5.0,cfb_20261003_morg_vill,aec-cfb-morgst-vill-2026-10-03,vultr,filled,1791054362,1791054363000000000,2026-10-03 15:06:03.000000000 ET,1,gap_closed,0.515,0.48,0.48,1791054368000000000,2026-10-03 15:06:08.000000000 ET,1791054371699279311,2026-10-03 15:06:11.699279360 ET,0.515,0.525,1791054378000000000,2026-10-03 15:06:18.000000000 ET,1791054382101617501,2026-10-03 15:06:22.101617408 ET,0.54,0.53,0.17,0.17,-0.29,-2.9,10
5.0,cfb_20261003_morg_vill,aec-cfb-morgst-vill-2026-10-03,vultr,filled,1791054390,1791054391000000000,2026-10-03 15:06:31.000000000 ET,1,gap_closed,0.585,0.54,0.54,1791054396000000000,2026-10-03 15:06:36.000000000 ET,1791054402199389583,2026-10-03 15:06:42.199389696 ET,0.56,0.57,1791054435000000000,2026-10-03 15:07:15.000000000 ET,1791054438552233313,2026-10-03 15:07:18.552233216 ET,0.585,0.575,0.17,0.17,-0.29,-2.9,10
5.0,cfb_20261003_morg_vill,aec-cfb-morgst-vill-2026-10-03,vultr,filled,1791054767,1791054768000000000,2026-10-03 15:12:48.000000000 ET,-1,timeout,0.495,0.53,0.53,1791054773000000000,2026-10-03 15:12:53.000000000 ET,1791054785146537682,2026-10-03 15:13:05.146537728 ET,0.515,0.505,1791054828000000000,2026-10-03 15:13:48.000000000 ET,1791054836943668111,2026-10-03 15:13:56.943668224 ET,0.56,0.57,0.17,0.17,-0.99,-9.9,10
5.0,cfb_20261003_morg_vill,aec-cfb-morgst-vill-2026-10-03,vultr,filled,1791055105,1791055106000000000,2026-10-03 15:18:26.000000000 ET,1,gap_closed,0.62,0.585,0.585,1791055111000000000,2026-10-03 15:18:31.000000000 ET,1791055111398813564,2026-10-03 15:18:31.398813440 ET,0.61,0.62,1791055112000000000,2026-10-03 15:18:32.000000000 ET,1791055115420597531,2026-10-03 15:18:35.420597504 ET,0.61,0.6,0.16,0.17,-0.53,-5.3,10
5.0,cfb_20261003_morg_vill,aec-cfb-morgst-vill-2026-10-03,vultr,filled,1791055761,1791055762000000000,2026-10-03 15:29:22.000000000 ET,-1,gap_closed,0.6799999999999999,0.71,0.71,1791055767000000000,2026-10-03 15:29:27.000000000 ET,1791055781922239128,2026-10-03 15:29:41.922239232 ET,0.71,0.7,1791055772000000000,2026-10-03 15:29:32.000000000 ET,1791055781922239128,2026-10-03 15:29:41.922239232 ET,0.71,0.72,0.15,0.14,-0.49,-4.9,10
5.0,cfb_20261003_morg_vill,aec-cfb-morgst-vill-2026-10-03,vultr,filled,1791055788,1791055789000000000,2026-10-03 15:29:49.000000000 ET,-1,gap_closed,0.665,0.71,0.71,1791055794000000000,2026-10-03 15:29:54.000000000 ET,1791055796274936314,2026-10-03 15:29:56.274936320 ET,0.625,0.615,1791055794000000000,2026-10-03 15:29:54.000000000 ET,1791055796274936314,2026-10-03 15:29:56.274936320 ET,0.625,0.635,0.16,0.16,-0.52,-5.2,10
5.0,cfb_20261003_morg_vill,aec-cfb-morgst-vill-2026-10-03,vultr,filled,1791055996,1791055997000000000,2026-10-03 15:33:17.000000000 ET,1,gap_closed,0.675,0.62,0.62,1791056002000000000,2026-10-03 15:33:22.000000000 ET,1791056009179666568,2026-10-03 15:33:29.179666688 ET,0.645,0.655,1791056019000000000,2026-10-03 15:33:39.000000000 ET,1791056019593694758,2026-10-03 15:33:39.593694720 ET,0.635,0.625,0.16,0.16,-0.62,-6.2,10
5.0,cfb_20261003_morg_vill,aec-cfb-morgst-vill-2026-10-03,vultr,filled,1791056288,1791056289000000000,2026-10-03 15:38:09.000000000 ET,1,timeout,0.605,0.57,0.57,1791056294000000000,2026-10-03 15:38:14.000000000 ET,1791056330426189729,2026-10-03 15:38:50.426189824 ET,0.595,0.605,1791056349000000000,2026-10-03 15:39:09.000000000 ET,1791056351386771429,2026-10-03 15:39:11.386771456 ET,0.64,0.63,0.17,0.16,-0.08,-0.8,10
5.0,cfb_20261003_morg_vill,aec-cfb-morgst-vill-2026-10-03,vultr,filled,1791056351,1791056352000000000,2026-10-03 15:39:12.000000000 ET,1,gap_closed,0.645,0.61,0.61,1791056357000000000,2026-10-03 15:39:17.000000000 ET,1791056360695734159,2026-10-03 15:39:20.695734272 ET,0.71,0.72,1791056353000000000,2026-10-03 15:39:13.000000000 ET,1791056360695734159,2026-10-03 15:39:20.695734272 ET,0.71,0.7,0.14,0.15,-0.49,-4.9,10
5.0,cfb_20261003_morg_vill,aec-cfb-morgst-vill-2026-10-03,vultr,filled,1791056438,1791056439000000000,2026-10-03 15:40:39.000000000 ET,-1,gap_closed,0.74,0.77,0.77,1791056444000000000,2026-10-03 15:40:44.000000000 ET,1791056444175260238,2026-10-03 15:40:44.175260160 ET,0.75,0.74,1791056462000000000,2026-10-03 15:41:02.000000000 ET,1791056462879979748,2026-10-03 15:41:02.879979776 ET,0.785,0.795,0.13,0.11,-0.79,-7.9,10
5.0,cfb_20261003_morg_vill,aec-cfb-morgst-vill-2026-10-03,vultr,filled,1791056537,1791056538000000000,2026-10-03 15:42:18.000000000 ET,1,gap_closed,0.775,0.74,0.74,1791056543000000000,2026-10-03 15:42:23.000000000 ET,1791056553417306554,2026-10-03 15:42:33.417306624 ET,0.795,0.805,1791056554000000000,2026-10-03 15:42:34.000000000 ET,1791056561727585052,2026-10-03 15:42:41.727585024 ET,0.765,0.755,0.11,0.13,-0.74,-7.4,10
5.0,cfb_20261003_morg_vill,aec-cfb-morgst-vill-2026-10-03,vultr,filled,1791056605,1791056606000000000,2026-10-03 15:43:26.000000000 ET,-1,gap_closed,0.705,0.74,0.74,1791056611000000000,2026-10-03 15:43:31.000000000 ET,1791056611161262557,2026-10-03 15:43:31.161262592 ET,0.765,0.755,1791056611000000000,2026-10-03 15:43:31.000000000 ET,1791056611161262557,2026-10-03 15:43:31.161262592 ET,0.765,0.775,0.13,0.12,-0.45,-4.5,10
5.0,cfb_20261003_morg_vill,aec-cfb-morgst-vill-2026-10-03,vultr,filled,1791057129,1791057130000000000,2026-10-03 15:52:10.000000000 ET,-1,gap_closed,0.66,0.73,0.73,1791057135000000000,2026-10-03 15:52:15.000000000 ET,1791057156103524559,2026-10-03 15:52:36.103524608 ET,0.69,0.68,1791057147000000000,2026-10-03 15:52:27.000000000 ET,1791057156103524559,2026-10-03 15:52:36.103524608 ET,0.69,0.7,0.15,0.15,-0.5,-5.0,10
5.0,cfb_20261003_morg_vill,aec-cfb-morgst-vill-2026-10-03,vultr,filled,1791057196,1791057197000000000,2026-10-03 15:53:17.000000000 ET,-1,gap_closed,0.625,0.705,0.705,1791057202000000000,2026-10-03 15:53:22.000000000 ET,1791057218739818045,2026-10-03 15:53:38.739817984 ET,0.62,0.61,1791057205000000000,2026-10-03 15:53:25.000000000 ET,1791057218739818045,2026-10-03 15:53:38.739817984 ET,0.62,0.63,0.17,0.16,-0.53,-5.3,10
5.0,cfb_20261003_morg_vill,aec-cfb-morgst-vill-2026-10-03,vultr,filled,1791057210,1791057211000000000,2026-10-03 15:53:31.000000000 ET,-1,gap_closed,0.62,0.66,0.66,1791057216000000000,2026-10-03 15:53:36.000000000 ET,1791057218739818045,2026-10-03 15:53:38.739817984 ET,0.62,0.61,1791057261000000000,2026-10-03 15:54:21.000000000 ET,1791057278754732717,2026-10-03 15:54:38.754732800 ET,0.56,0.57,0.17,0.17,0.06,0.6,10
5.0,cfb_20261003_morg_vill,aec-cfb-morgst-vill-2026-10-03,vultr,filled,1791057368,1791057369000000000,2026-10-03 15:56:09.000000000 ET,1,gap_closed,0.645,0.615,0.615,1791057374000000000,2026-10-03 15:56:14.000000000 ET,1791057379828079369,2026-10-03 15:56:19.828079360 ET,0.635,0.645,1791057394000000000,2026-10-03 15:56:34.000000000 ET,1791057430081538887,2026-10-03 15:57:10.081538816 ET,0.7,0.69,0.16,0.15,0.14,1.4,10
5.0,cfb_20261003_morg_vill,aec-cfb-morgst-vill-2026-10-03,vultr,filled,1791057415,1791057416000000000,2026-10-03 15:56:56.000000000 ET,1,gap_closed,0.695,0.66,0.66,1791057421000000000,2026-10-03 15:57:01.000000000 ET,1791057430081538887,2026-10-03 15:57:10.081538816 ET,0.7,0.71,1791057431000000000,2026-10-03 15:57:11.000000000 ET,1791057449367265478,2026-10-03 15:57:29.367265536 ET,0.735,0.725,0.14,0.14,-0.13,-1.3,10
5.0,cfb_20261003_morg_vill,aec-cfb-morgst-vill-2026-10-03,vultr,filled,1791057570,1791057571000000000,2026-10-03 15:59:31.000000000 ET,1,gap_closed,0.8,0.75,0.75,1791057576000000000,2026-10-03 15:59:36.000000000 ET,1791057577277924792,2026-10-03 15:59:37.277924864 ET,0.78,0.79,1791057573000000000,2026-10-03 15:59:33.000000000 ET,1791057575504086504,2026-10-03 15:59:35.504086528 ET,0.785,0.775,0.12,0.12,-0.39,-3.9,10
5.0,cfb_20261003_morg_vill,aec-cfb-morgst-vill-2026-10-03,vultr,filled,1791057882,1791057883000000000,2026-10-03 16:04:43.000000000 ET,-1,gap_closed,0.785,0.85,0.85,1791057888000000000,2026-10-03 16:04:48.000000000 ET,1791057897543555139,2026-10-03 16:04:57.543555072 ET,0.81,0.8,1791057899000000000,2026-10-03 16:04:59.000000000 ET,1791057900080793403,2026-10-03 16:05:00.080793344 ET,0.81,0.82,0.11,0.1,-0.41,-4.1,10
5.0,cfb_20261003_morg_vill,aec-cfb-morgst-vill-2026-10-03,vultr,filled,1791057900,1791057901000000000,2026-10-03 16:05:01.000000000 ET,-1,gap_closed,0.755,0.81,0.81,1791057906000000000,2026-10-03 16:05:06.000000000 ET,1791057912470981082,2026-10-03 16:05:12.470981120 ET,0.71,0.7,1791057913000000000,2026-10-03 16:05:13.000000000 ET,1791057915296944049,2026-10-03 16:05:15.296944128 ET,0.735,0.745,0.15,0.13,-0.73,-7.3,10
5.0,cfb_20261003_morg_vill,aec-cfb-morgst-vill-2026-10-03,vultr,filled,1791057918,1791057919000000000,2026-10-03 16:05:19.000000000 ET,-1,gap_closed,0.695,0.73,0.73,1791057924000000000,2026-10-03 16:05:24.000000000 ET,1791057936724258331,2026-10-03 16:05:36.724258304 ET,0.605,0.595,1791057937000000000,2026-10-03 16:05:37.000000000 ET,1791057937532726949,2026-10-03 16:05:37.532727040 ET,0.65,0.66,0.17,0.16,-0.98,-9.8,10
5.0,cfb_20261003_morg_vill,aec-cfb-morgst-vill-2026-10-03,vultr,filled,1791057945,1791057946000000000,2026-10-03 16:05:46.000000000 ET,-1,gap_closed,0.565,0.595,0.595,1791057951000000000,2026-10-03 16:05:51.000000000 ET,1791057955366572811,2026-10-03 16:05:55.366572800 ET,0.58,0.57,1791057950000000000,2026-10-03 16:05:50.000000000 ET,1791057955366572811,2026-10-03 16:05:55.366572800 ET,0.58,0.59,0.17,0.17,-0.54,-5.4,10
5.0,cfb_20261003_morg_vill,aec-cfb-morgst-vill-2026-10-03,vultr,filled,1791057962,1791057963000000000,2026-10-03 16:06:03.000000000 ET,1,gap_closed,0.615,0.585,0.585,1791057968000000000,2026-10-03 16:06:08.000000000 ET,1791057968191888333,2026-10-03 16:06:08.191888384 ET,0.59,0.6,1791057976000000000,2026-10-03 16:06:16.000000000 ET,1791057977871406238,2026-10-03 16:06:17.871406336 ET,0.6,0.59,0.17,0.17,-0.44,-4.4,10
5.0,cfb_20261003_morg_vill,aec-cfb-morgst-vill-2026-10-03,vultr,filled,1791058010,1791058011000000000,2026-10-03 16:06:51.000000000 ET,1,gap_closed,0.635,0.605,0.605,1791058016000000000,2026-10-03 16:06:56.000000000 ET,1791058016106278872,2026-10-03 16:06:56.106278912 ET,0.675,0.685,1791058015000000000,2026-10-03 16:06:55.000000000 ET,1791058016106278872,2026-10-03 16:06:56.106278912 ET,0.675,0.665,0.15,0.15,-0.5,-5.0,10
5.0,cfb_20261003_morg_vill,aec-cfb-morgst-vill-2026-10-03,vultr,filled,1791058023,1791058024000000000,2026-10-03 16:07:04.000000000 ET,1,gap_closed,0.69,0.61,0.61,1791058029000000000,2026-10-03 16:07:09.000000000 ET,1791058032232288327,2026-10-03 16:07:12.232288256 ET,0.68,0.69,1791058025000000000,2026-10-03 16:07:05.000000000 ET,1791058026569587040,2026-10-03 16:07:06.569586944 ET,0.685,0.675,0.15,0.15,-0.45,-4.5,10
5.0,cfb_20261003_morg_vill,aec-cfb-morgst-vill-2026-10-03,vultr,filled,1791058034,1791058035000000000,2026-10-03 16:07:15.000000000 ET,1,gap_closed,0.73,0.69,0.69,1791058040000000000,2026-10-03 16:07:20.000000000 ET,1791058040680323266,2026-10-03 16:07:20.680323328 ET,0.76,0.77,1791058037000000000,2026-10-03 16:07:17.000000000 ET,1791058039500764402,2026-10-03 16:07:19.500764416 ET,0.76,0.75,0.12,0.13,-0.45,-4.5,10
5.0,cfb_20261003_morg_vill,aec-cfb-morgst-vill-2026-10-03,vultr,filled,1791058046,1791058047000000000,2026-10-03 16:07:27.000000000 ET,1,gap_closed,0.77,0.725,0.725,1791058052000000000,2026-10-03 16:07:32.000000000 ET,1791058052308182304,2026-10-03 16:07:32.308182272 ET,0.74,0.75,1791058052000000000,2026-10-03 16:07:32.000000000 ET,1791058052308182304,2026-10-03 16:07:32.308182272 ET,0.74,0.73,0.13,0.14,-0.47,-4.7,10
5.0,cfb_20261003_morg_vill,aec-cfb-morgst-vill-2026-10-03,vultr,filled,1791058077,1791058078000000000,2026-10-03 16:07:58.000000000 ET,1,gap_closed,0.895,0.86,0.86,1791058083000000000,2026-10-03 16:08:03.000000000 ET,1791058083717686450,2026-10-03 16:08:03.717686528 ET,0.915,0.925,1791058089000000000,2026-10-03 16:08:09.000000000 ET,1791058091662241788,2026-10-03 16:08:11.662241792 ET,0.935,0.925,0.05,0.05,-0.1,-1.0,10
5.0,cfb_20261003_morg_vill,aec-cfb-morgst-vill-2026-10-03,vultr,filled,1791058195,1791058196000000000,2026-10-03 16:09:56.000000000 ET,-1,gap_closed,0.675,0.75,0.75,1791058201000000000,2026-10-03 16:10:01.000000000 ET,1791058203062862218,2026-10-03 16:10:03.062862336 ET,0.755,0.745,1791058199000000000,2026-10-03 16:09:59.000000000 ET,1791058203062862218,2026-10-03 16:10:03.062862336 ET,0.755,0.765,0.13,0.12,-0.45,-4.5,10
5.0,cfb_20261003_morg_vill,aec-cfb-morgst-vill-2026-10-03,vultr,filled,1791058206,1791058207000000000,2026-10-03 16:10:07.000000000 ET,-1,gap_closed,0.7,0.735,0.735,1791058212000000000,2026-10-03 16:10:12.000000000 ET,1791058212939212582,2026-10-03 16:10:12.939212544 ET,0.715,0.705,1791058210000000000,2026-10-03 16:10:10.000000000 ET,1791058211547777377,2026-10-03 16:10:11.547777280 ET,0.685,0.695,0.14,0.15,-0.19,-1.9,10
5.0,cfb_20261003_morg_vill,aec-cfb-morgst-vill-2026-10-03,vultr,filled,1791058218,1791058219000000000,2026-10-03 16:10:19.000000000 ET,-1,gap_closed,0.66,0.71,0.71,1791058224000000000,2026-10-03 16:10:24.000000000 ET,1791058224229375472,2026-10-03 16:10:24.229375488 ET,0.655,0.645,1791058222000000000,2026-10-03 16:10:22.000000000 ET,1791058223942805449,2026-10-03 16:10:23.942805504 ET,0.655,0.665,0.16,0.15,-0.51,-5.1,10
5.0,cfb_20261003_morg_vill,aec-cfb-morgst-vill-2026-10-03,vultr,filled,1791058230,1791058231000000000,2026-10-03 16:10:31.000000000 ET,-1,gap_closed,0.635,0.71,0.71,1791058236000000000,2026-10-03 16:10:36.000000000 ET,1791058236619304149,2026-10-03 16:10:36.619304192 ET,0.695,0.685,1791058238000000000,2026-10-03 16:10:38.000000000 ET,1791058238351452414,2026-10-03 16:10:38.351452416 ET,0.645,0.655,0.15,0.16,-0.01,-0.1,10
5.0,cfb_20261003_morg_vill,aec-cfb-morgst-vill-2026-10-03,vultr,filled,1791058246,1791058247000000000,2026-10-03 16:10:47.000000000 ET,1,gap_closed,0.655,0.57,0.57,1791058252000000000,2026-10-03 16:10:52.000000000 ET,1791058252661486206,2026-10-03 16:10:52.661486080 ET,0.67,0.68,1791058248000000000,2026-10-03 16:10:48.000000000 ET,1791058248450883605,2026-10-03 16:10:48.450883584 ET,0.64,0.63,0.15,0.16,-0.81,-8.1,10
5.0,cfb_20261003_morg_vill,aec-cfb-morgst-vill-2026-10-03,vultr,filled,1791058272,1791058273000000000,2026-10-03 16:11:13.000000000 ET,-1,gap_closed,0.555,0.585,0.585,1791058278000000000,2026-10-03 16:11:18.000000000 ET,1791058279158548033,2026-10-03 16:11:19.158547968 ET,0.565,0.555,1791058274000000000,2026-10-03 16:11:14.000000000 ET,1791058274272428159,2026-10-03 16:11:14.272428032 ET,0.53,0.54,0.17,0.17,-0.19,-1.9,10
5.0,cfb_20261003_morg_vill,aec-cfb-morgst-vill-2026-10-03,vultr,filled,1791058305,1791058306000000000,2026-10-03 16:11:46.000000000 ET,-1,gap_closed,0.315,0.345,0.345,1791058311000000000,2026-10-03 16:11:51.000000000 ET,1791058311371295057,2026-10-03 16:11:51.371294976 ET,0.32,0.31,1791058307000000000,2026-10-03 16:11:47.000000000 ET,1791058307086174286,2026-10-03 16:11:47.086174208 ET,0.32,0.33,0.15,0.15,-0.5,-5.0,10
5.0,cfb_20261003_morg_vill,aec-cfb-morgst-vill-2026-10-03,vultr,filled,1791058512,1791058513000000000,2026-10-03 16:15:13.000000000 ET,1,gap_closed,0.65,0.59,0.59,1791058518000000000,2026-10-03 16:15:18.000000000 ET,1791058518254539214,2026-10-03 16:15:18.254539264 ET,0.625,0.635,1791058518000000000,2026-10-03 16:15:18.000000000 ET,1791058518254539214,2026-10-03 16:15:18.254539264 ET,0.625,0.615,0.16,0.16,-0.52,-5.2,10
5.0,cfb_20261003_morg_vill,aec-cfb-morgst-vill-2026-10-03,vultr,filled,1791058633,1791058634000000000,2026-10-03 16:17:14.000000000 ET,-1,gap_closed,0.08499999999999999,0.12,0.12,1791058639000000000,2026-10-03 16:17:19.000000000 ET,1791058639806649002,2026-10-03 16:17:19.806649088 ET,0.07,0.06,1791058636000000000,2026-10-03 16:17:16.000000000 ET,1791058636034849043,2026-10-03 16:17:16.034849024 ET,0.08,0.09,0.04,0.06,-0.4,-4.0,10
5.0,cfb_20261003_morg_vill,aec-cfb-morgst-vill-2026-10-03,vultr,filled,1791058741,1791058742000000000,2026-10-03 16:19:02.000000000 ET,1,gap_closed,0.375,0.33,0.33,1791058747000000000,2026-10-03 16:19:07.000000000 ET,1791058747286683595,2026-10-03 16:19:07.286683648 ET,0.385,0.395,1791058748000000000,2026-10-03 16:19:08.000000000 ET,1791058749043119220,2026-10-03 16:19:09.043119104 ET,0.405,0.395,0.17,0.17,-0.34,-3.4,10
1.0,cfb_20261003_tows_monm,aec-cfb-tows-monm-2026-10-03,vultr,no exit trade within 60 s,1791053989,1791053990000000000,2026-10-03 14:59:50.000000000 ET,1,timeout,0.37,0.295,0.295,1791053991000000000,2026-10-03 14:59:51.000000000 ET,,,,,1791054050000000000,2026-10-03 15:00:50.000000000 ET,,,,,,,,,10
1.0,cfb_20261003_tows_monm,aec-cfb-tows-monm-2026-10-03,vultr,filled,1791054271,1791054272000000000,2026-10-03 15:04:32.000000000 ET,1,gap_closed,0.515,0.465,0.465,1791054273000000000,2026-10-03 15:04:33.000000000 ET,1791054278829505240,2026-10-03 15:04:38.829505280 ET,0.55,0.56,1791054279000000000,2026-10-03 15:04:39.000000000 ET,1791054296040279916,2026-10-03 15:04:56.040279808 ET,0.53,0.52,0.17,0.17,-0.74,-7.4,10
1.0,cfb_20261003_tows_monm,aec-cfb-tows-monm-2026-10-03,vultr,filled,1791055687,1791055688000000000,2026-10-03 15:28:08.000000000 ET,1,gap_closed,0.805,0.77,0.77,1791055689000000000,2026-10-03 15:28:09.000000000 ET,1791055709501661166,2026-10-03 15:28:29.501661184 ET,0.81,0.82,1791055710000000000,2026-10-03 15:28:30.000000000 ET,1791055733476866960,2026-10-03 15:28:53.476867072 ET,0.805,0.795,0.1,0.11,-0.46,-4.6,10
1.0,cfb_20261003_tows_monm,aec-cfb-tows-monm-2026-10-03,vultr,filled,1791056219,1791056220000000000,2026-10-03 15:37:00.000000000 ET,1,gap_closed,0.77,0.73,0.73,1791056221000000000,2026-10-03 15:37:01.000000000 ET,1791056225583226685,2026-10-03 15:37:05.583226624 ET,0.73,0.74,1791056246000000000,2026-10-03 15:37:26.000000000 ET,1791056266956287326,2026-10-03 15:37:46.956287232 ET,0.705,0.695,0.13,0.15,-0.73,-7.3,10
1.0,cfb_20261003_tows_monm,aec-cfb-tows-monm-2026-10-03,vultr,filled,1791056680,1791056681000000000,2026-10-03 15:44:41.000000000 ET,1,gap_closed,0.69,0.63,0.63,1791056682000000000,2026-10-03 15:44:42.000000000 ET,1791056685868819461,2026-10-03 15:44:45.868819456 ET,0.675,0.685,1791056686000000000,2026-10-03 15:44:46.000000000 ET,1791056690959935241,2026-10-03 15:44:50.959935232 ET,0.73,0.72,0.15,0.14,0.06,0.6,10
1.0,cfb_20261003_tows_monm,aec-cfb-tows-monm-2026-10-03,vultr,filled,1791056952,1791056953000000000,2026-10-03 15:49:13.000000000 ET,-1,gap_closed,0.755,0.785,0.785,1791056954000000000,2026-10-03 15:49:14.000000000 ET,1791056958900923055,2026-10-03 15:49:18.900923136 ET,0.775,0.765,1791056965000000000,2026-10-03 15:49:25.000000000 ET,1791057014288418113,2026-10-03 15:50:14.288418048 ET,0.765,0.775,0.12,0.12,-0.34,-3.4,10
1.0,cfb_20261003_tows_monm,aec-cfb-tows-monm-2026-10-03,vultr,filled,1791057063,1791057064000000000,2026-10-03 15:51:04.000000000 ET,-1,gap_closed,0.765,0.795,0.795,1791057065000000000,2026-10-03 15:51:05.000000000 ET,1791057077202314248,2026-10-03 15:51:17.202314240 ET,0.785,0.775,1791057085000000000,2026-10-03 15:51:25.000000000 ET,1791057127500055888,2026-10-03 15:52:07.500055808 ET,0.775,0.785,0.12,0.12,-0.34,-3.4,10
1.0,cfb_20261003_tows_monm,aec-cfb-tows-monm-2026-10-03,vultr,filled,1791057715,1791057716000000000,2026-10-03 16:01:56.000000000 ET,-1,gap_closed,0.6950000000000001,0.73,0.73,1791057717000000000,2026-10-03 16:01:57.000000000 ET,1791057727504217162,2026-10-03 16:02:07.504217088 ET,0.71,0.7,1791057747000000000,2026-10-03 16:02:27.000000000 ET,1791057783888520273,2026-10-03 16:03:03.888520192 ET,0.67,0.68,0.15,0.15,-0.1,-1.0,10
1.0,cfb_20261003_tows_monm,aec-cfb-tows-monm-2026-10-03,vultr,filled,1791057775,1791057776000000000,2026-10-03 16:02:56.000000000 ET,-1,gap_closed,0.655,0.71,0.71,1791057777000000000,2026-10-03 16:02:57.000000000 ET,1791057783888520273,2026-10-03 16:03:03.888520192 ET,0.67,0.66,1791057794000000000,2026-10-03 16:03:14.000000000 ET,1791057815342698205,2026-10-03 16:03:35.342698240 ET,0.67,0.68,0.16,0.15,-0.51,-5.1,10
1.0,cfb_20261003_tows_monm,aec-cfb-tows-monm-2026-10-03,vultr,filled,1791057890,1791057891000000000,2026-10-03 16:04:51.000000000 ET,1,gap_closed,0.765,0.735,0.735,1791057892000000000,2026-10-03 16:04:52.000000000 ET,1791057893384837883,2026-10-03 16:04:53.384837888 ET,0.77,0.78,1791057912000000000,2026-10-03 16:05:12.000000000 ET,1791057918996309251,2026-10-03 16:05:18.996309248 ET,0.87,0.86,0.12,0.08,0.6,6.0,10
1.0,cfb_20261003_tows_monm,aec-cfb-tows-monm-2026-10-03,vultr,filled,1791057920,1791057921000000000,2026-10-03 16:05:21.000000000 ET,-1,gap_closed,0.8,0.87,0.87,1791057922000000000,2026-10-03 16:05:22.000000000 ET,1791057950577270608,2026-10-03 16:05:50.577270528 ET,0.845,0.835,1791057952000000000,2026-10-03 16:05:52.000000000 ET,1791057953508820222,2026-10-03 16:05:53.508820224 ET,0.795,0.805,0.1,0.11,0.09,0.9,10
1.0,cfb_20261003_tows_monm,aec-cfb-tows-monm-2026-10-03,vultr,filled,1791057974,1791057975000000000,2026-10-03 16:06:15.000000000 ET,-1,gap_closed,0.76,0.79,0.79,1791057976000000000,2026-10-03 16:06:16.000000000 ET,1791057981984229015,2026-10-03 16:06:21.984229120 ET,0.78,0.77,1791057976000000000,2026-10-03 16:06:16.000000000 ET,1791057981984229015,2026-10-03 16:06:21.984229120 ET,0.78,0.79,0.12,0.12,-0.44,-4.4,10
1.0,cfb_20261003_tows_monm,aec-cfb-tows-monm-2026-10-03,vultr,filled,1791058002,1791058003000000000,2026-10-03 16:06:43.000000000 ET,1,gap_closed,0.8400000000000001,0.79,0.79,1791058004000000000,2026-10-03 16:06:44.000000000 ET,1791058007613360522,2026-10-03 16:06:47.613360640 ET,0.81,0.82,1791058009000000000,2026-10-03 16:06:49.000000000 ET,1791058021111908487,2026-10-03 16:07:01.111908608 ET,0.82,0.81,0.1,0.11,-0.31,-3.1,10
1.0,cfb_20261003_tows_monm,aec-cfb-tows-monm-2026-10-03,vultr,filled,1791058018,1791058019000000000,2026-10-03 16:06:59.000000000 ET,1,gap_closed,0.855,0.81,0.81,1791058020000000000,2026-10-03 16:07:00.000000000 ET,1791058021111908487,2026-10-03 16:07:01.111908608 ET,0.82,0.83,1791058022000000000,2026-10-03 16:07:02.000000000 ET,1791058035043736949,2026-10-03 16:07:15.043736832 ET,0.8,0.79,0.1,0.12,-0.62,-6.2,10
1.0,cfb_20261003_tows_monm,aec-cfb-tows-monm-2026-10-03,vultr,filled,1791058043,1791058044000000000,2026-10-03 16:07:24.000000000 ET,1,gap_closed,0.86,0.78,0.78,1791058045000000000,2026-10-03 16:07:25.000000000 ET,1791058048050011127,2026-10-03 16:07:28.050011136 ET,0.81,0.82,1791058046000000000,2026-10-03 16:07:26.000000000 ET,1791058048050011127,2026-10-03 16:07:28.050011136 ET,0.81,0.8,0.1,0.11,-0.41,-4.1,10
1.0,cfb_20261003_tows_monm,aec-cfb-tows-monm-2026-10-03,vultr,filled,1791058071,1791058072000000000,2026-10-03 16:07:52.000000000 ET,1,gap_closed,0.8300000000000001,0.795,0.795,1791058073000000000,2026-10-03 16:07:53.000000000 ET,1791058082920980281,2026-10-03 16:08:02.920980224 ET,0.83,0.84,1791058092000000000,2026-10-03 16:08:12.000000000 ET,1791058099100673509,2026-10-03 16:08:19.100673536 ET,0.86,0.85,0.09,0.09,-0.08,-0.8,10
1.0,cfb_20261003_tows_monm,aec-cfb-tows-monm-2026-10-03,vultr,filled,1791058195,1791058196000000000,2026-10-03 16:09:56.000000000 ET,1,gap_closed,0.89,0.85,0.85,1791058197000000000,2026-10-03 16:09:57.000000000 ET,1791058197572132133,2026-10-03 16:09:57.572132096 ET,0.915,0.925,1791058198000000000,2026-10-03 16:09:58.000000000 ET,1791058198240462137,2026-10-03 16:09:58.240462080 ET,0.855,0.845,0.05,0.09,-0.94,-9.4,10
2.0,cfb_20261003_tows_monm,aec-cfb-tows-monm-2026-10-03,vultr,no exit trade within 60 s,1791053989,1791053990000000000,2026-10-03 14:59:50.000000000 ET,1,timeout,0.37,0.295,0.295,1791053992000000000,2026-10-03 14:59:52.000000000 ET,,,,,1791054050000000000,2026-10-03 15:00:50.000000000 ET,,,,,,,,,10
2.0,cfb_20261003_tows_monm,aec-cfb-tows-monm-2026-10-03,vultr,filled,1791054271,1791054272000000000,2026-10-03 15:04:32.000000000 ET,1,gap_closed,0.515,0.465,0.465,1791054274000000000,2026-10-03 15:04:34.000000000 ET,1791054278829505240,2026-10-03 15:04:38.829505280 ET,0.55,0.56,1791054279000000000,2026-10-03 15:04:39.000000000 ET,1791054296040279916,2026-10-03 15:04:56.040279808 ET,0.53,0.52,0.17,0.17,-0.74,-7.4,10
2.0,cfb_20261003_tows_monm,aec-cfb-tows-monm-2026-10-03,vultr,filled,1791055687,1791055688000000000,2026-10-03 15:28:08.000000000 ET,1,gap_closed,0.805,0.77,0.77,1791055690000000000,2026-10-03 15:28:10.000000000 ET,1791055709501661166,2026-10-03 15:28:29.501661184 ET,0.81,0.82,1791055710000000000,2026-10-03 15:28:30.000000000 ET,1791055733476866960,2026-10-03 15:28:53.476867072 ET,0.805,0.795,0.1,0.11,-0.46,-4.6,10
2.0,cfb_20261003_tows_monm,aec-cfb-tows-monm-2026-10-03,vultr,filled,1791056219,1791056220000000000,2026-10-03 15:37:00.000000000 ET,1,gap_closed,0.77,0.73,0.73,1791056222000000000,2026-10-03 15:37:02.000000000 ET,1791056225583226685,2026-10-03 15:37:05.583226624 ET,0.73,0.74,1791056246000000000,2026-10-03 15:37:26.000000000 ET,1791056266956287326,2026-10-03 15:37:46.956287232 ET,0.705,0.695,0.13,0.15,-0.73,-7.3,10
2.0,cfb_20261003_tows_monm,aec-cfb-tows-monm-2026-10-03,vultr,filled,1791056680,1791056681000000000,2026-10-03 15:44:41.000000000 ET,1,gap_closed,0.69,0.63,0.63,1791056683000000000,2026-10-03 15:44:43.000000000 ET,1791056685868819461,2026-10-03 15:44:45.868819456 ET,0.675,0.685,1791056686000000000,2026-10-03 15:44:46.000000000 ET,1791056690959935241,2026-10-03 15:44:50.959935232 ET,0.73,0.72,0.15,0.14,0.06,0.6,10
2.0,cfb_20261003_tows_monm,aec-cfb-tows-monm-2026-10-03,vultr,filled,1791056952,1791056953000000000,2026-10-03 15:49:13.000000000 ET,-1,gap_closed,0.755,0.785,0.785,1791056955000000000,2026-10-03 15:49:15.000000000 ET,1791056958900923055,2026-10-03 15:49:18.900923136 ET,0.775,0.765,1791056965000000000,2026-10-03 15:49:25.000000000 ET,1791057014288418113,2026-10-03 15:50:14.288418048 ET,0.765,0.775,0.12,0.12,-0.34,-3.4,10
2.0,cfb_20261003_tows_monm,aec-cfb-tows-monm-2026-10-03,vultr,filled,1791057063,1791057064000000000,2026-10-03 15:51:04.000000000 ET,-1,gap_closed,0.765,0.795,0.795,1791057066000000000,2026-10-03 15:51:06.000000000 ET,1791057077202314248,2026-10-03 15:51:17.202314240 ET,0.785,0.775,1791057085000000000,2026-10-03 15:51:25.000000000 ET,1791057127500055888,2026-10-03 15:52:07.500055808 ET,0.775,0.785,0.12,0.12,-0.34,-3.4,10
2.0,cfb_20261003_tows_monm,aec-cfb-tows-monm-2026-10-03,vultr,filled,1791057715,1791057716000000000,2026-10-03 16:01:56.000000000 ET,-1,gap_closed,0.6950000000000001,0.73,0.73,1791057718000000000,2026-10-03 16:01:58.000000000 ET,1791057727504217162,2026-10-03 16:02:07.504217088 ET,0.71,0.7,1791057747000000000,2026-10-03 16:02:27.000000000 ET,1791057783888520273,2026-10-03 16:03:03.888520192 ET,0.67,0.68,0.15,0.15,-0.1,-1.0,10
2.0,cfb_20261003_tows_monm,aec-cfb-tows-monm-2026-10-03,vultr,filled,1791057775,1791057776000000000,2026-10-03 16:02:56.000000000 ET,-1,gap_closed,0.655,0.71,0.71,1791057778000000000,2026-10-03 16:02:58.000000000 ET,1791057783888520273,2026-10-03 16:03:03.888520192 ET,0.67,0.66,1791057794000000000,2026-10-03 16:03:14.000000000 ET,1791057815342698205,2026-10-03 16:03:35.342698240 ET,0.67,0.68,0.16,0.15,-0.51,-5.1,10
2.0,cfb_20261003_tows_monm,aec-cfb-tows-monm-2026-10-03,vultr,filled,1791057890,1791057891000000000,2026-10-03 16:04:51.000000000 ET,1,gap_closed,0.765,0.735,0.735,1791057893000000000,2026-10-03 16:04:53.000000000 ET,1791057893384837883,2026-10-03 16:04:53.384837888 ET,0.77,0.78,1791057912000000000,2026-10-03 16:05:12.000000000 ET,1791057918996309251,2026-10-03 16:05:18.996309248 ET,0.87,0.86,0.12,0.08,0.6,6.0,10
2.0,cfb_20261003_tows_monm,aec-cfb-tows-monm-2026-10-03,vultr,filled,1791057920,1791057921000000000,2026-10-03 16:05:21.000000000 ET,-1,gap_closed,0.8,0.87,0.87,1791057923000000000,2026-10-03 16:05:23.000000000 ET,1791057950577270608,2026-10-03 16:05:50.577270528 ET,0.845,0.835,1791057952000000000,2026-10-03 16:05:52.000000000 ET,1791057953508820222,2026-10-03 16:05:53.508820224 ET,0.795,0.805,0.1,0.11,0.09,0.9,10
2.0,cfb_20261003_tows_monm,aec-cfb-tows-monm-2026-10-03,vultr,filled,1791057974,1791057975000000000,2026-10-03 16:06:15.000000000 ET,-1,gap_closed,0.76,0.79,0.79,1791057977000000000,2026-10-03 16:06:17.000000000 ET,1791057981984229015,2026-10-03 16:06:21.984229120 ET,0.78,0.77,1791057976000000000,2026-10-03 16:06:16.000000000 ET,1791057981984229015,2026-10-03 16:06:21.984229120 ET,0.78,0.79,0.12,0.12,-0.44,-4.4,10
2.0,cfb_20261003_tows_monm,aec-cfb-tows-monm-2026-10-03,vultr,filled,1791058002,1791058003000000000,2026-10-03 16:06:43.000000000 ET,1,gap_closed,0.8400000000000001,0.79,0.79,1791058005000000000,2026-10-03 16:06:45.000000000 ET,1791058007613360522,2026-10-03 16:06:47.613360640 ET,0.81,0.82,1791058009000000000,2026-10-03 16:06:49.000000000 ET,1791058021111908487,2026-10-03 16:07:01.111908608 ET,0.82,0.81,0.1,0.11,-0.31,-3.1,10
2.0,cfb_20261003_tows_monm,aec-cfb-tows-monm-2026-10-03,vultr,filled,1791058018,1791058019000000000,2026-10-03 16:06:59.000000000 ET,1,gap_closed,0.855,0.81,0.81,1791058021000000000,2026-10-03 16:07:01.000000000 ET,1791058021111908487,2026-10-03 16:07:01.111908608 ET,0.82,0.83,1791058022000000000,2026-10-03 16:07:02.000000000 ET,1791058035043736949,2026-10-03 16:07:15.043736832 ET,0.8,0.79,0.1,0.12,-0.62,-6.2,10
2.0,cfb_20261003_tows_monm,aec-cfb-tows-monm-2026-10-03,vultr,filled,1791058043,1791058044000000000,2026-10-03 16:07:24.000000000 ET,1,gap_closed,0.86,0.78,0.78,1791058046000000000,2026-10-03 16:07:26.000000000 ET,1791058048050011127,2026-10-03 16:07:28.050011136 ET,0.81,0.82,1791058046000000000,2026-10-03 16:07:26.000000000 ET,1791058048050011127,2026-10-03 16:07:28.050011136 ET,0.81,0.8,0.1,0.11,-0.41,-4.1,10
2.0,cfb_20261003_tows_monm,aec-cfb-tows-monm-2026-10-03,vultr,filled,1791058071,1791058072000000000,2026-10-03 16:07:52.000000000 ET,1,gap_closed,0.8300000000000001,0.795,0.795,1791058074000000000,2026-10-03 16:07:54.000000000 ET,1791058082920980281,2026-10-03 16:08:02.920980224 ET,0.83,0.84,1791058092000000000,2026-10-03 16:08:12.000000000 ET,1791058099100673509,2026-10-03 16:08:19.100673536 ET,0.86,0.85,0.09,0.09,-0.08,-0.8,10
2.0,cfb_20261003_tows_monm,aec-cfb-tows-monm-2026-10-03,vultr,filled,1791058195,1791058196000000000,2026-10-03 16:09:56.000000000 ET,1,gap_closed,0.89,0.85,0.85,1791058198000000000,2026-10-03 16:09:58.000000000 ET,1791058198240462137,2026-10-03 16:09:58.240462080 ET,0.855,0.865,1791058198000000000,2026-10-03 16:09:58.000000000 ET,1791058198240462137,2026-10-03 16:09:58.240462080 ET,0.855,0.845,0.08,0.09,-0.37,-3.7,10
5.0,cfb_20261003_tows_monm,aec-cfb-tows-monm-2026-10-03,vultr,no exit trade within 60 s,1791053989,1791053990000000000,2026-10-03 14:59:50.000000000 ET,1,timeout,0.37,0.295,0.295,1791053995000000000,2026-10-03 14:59:55.000000000 ET,,,,,1791054050000000000,2026-10-03 15:00:50.000000000 ET,,,,,,,,,10
5.0,cfb_20261003_tows_monm,aec-cfb-tows-monm-2026-10-03,vultr,filled,1791054271,1791054272000000000,2026-10-03 15:04:32.000000000 ET,1,gap_closed,0.515,0.465,0.465,1791054277000000000,2026-10-03 15:04:37.000000000 ET,1791054278829505240,2026-10-03 15:04:38.829505280 ET,0.55,0.56,1791054279000000000,2026-10-03 15:04:39.000000000 ET,1791054296040279916,2026-10-03 15:04:56.040279808 ET,0.53,0.52,0.17,0.17,-0.74,-7.4,10
5.0,cfb_20261003_tows_monm,aec-cfb-tows-monm-2026-10-03,vultr,filled,1791055687,1791055688000000000,2026-10-03 15:28:08.000000000 ET,1,gap_closed,0.805,0.77,0.77,1791055693000000000,2026-10-03 15:28:13.000000000 ET,1791055709501661166,2026-10-03 15:28:29.501661184 ET,0.81,0.82,1791055710000000000,2026-10-03 15:28:30.000000000 ET,1791055733476866960,2026-10-03 15:28:53.476867072 ET,0.805,0.795,0.1,0.11,-0.46,-4.6,10
5.0,cfb_20261003_tows_monm,aec-cfb-tows-monm-2026-10-03,vultr,filled,1791056219,1791056220000000000,2026-10-03 15:37:00.000000000 ET,1,gap_closed,0.77,0.73,0.73,1791056225000000000,2026-10-03 15:37:05.000000000 ET,1791056225583226685,2026-10-03 15:37:05.583226624 ET,0.73,0.74,1791056246000000000,2026-10-03 15:37:26.000000000 ET,1791056266956287326,2026-10-03 15:37:46.956287232 ET,0.705,0.695,0.13,0.15,-0.73,-7.3,10
5.0,cfb_20261003_tows_monm,aec-cfb-tows-monm-2026-10-03,vultr,filled,1791056680,1791056681000000000,2026-10-03 15:44:41.000000000 ET,1,gap_closed,0.69,0.63,0.63,1791056686000000000,2026-10-03 15:44:46.000000000 ET,1791056690959935241,2026-10-03 15:44:50.959935232 ET,0.73,0.74,1791056686000000000,2026-10-03 15:44:46.000000000 ET,1791056690959935241,2026-10-03 15:44:50.959935232 ET,0.73,0.72,0.13,0.14,-0.47,-4.7,10
5.0,cfb_20261003_tows_monm,aec-cfb-tows-monm-2026-10-03,vultr,filled,1791056952,1791056953000000000,2026-10-03 15:49:13.000000000 ET,-1,gap_closed,0.755,0.785,0.785,1791056958000000000,2026-10-03 15:49:18.000000000 ET,1791056958900923055,2026-10-03 15:49:18.900923136 ET,0.775,0.765,1791056965000000000,2026-10-03 15:49:25.000000000 ET,1791057014288418113,2026-10-03 15:50:14.288418048 ET,0.765,0.775,0.12,0.12,-0.34,-3.4,10
5.0,cfb_20261003_tows_monm,aec-cfb-tows-monm-2026-10-03,vultr,filled,1791057063,1791057064000000000,2026-10-03 15:51:04.000000000 ET,-1,gap_closed,0.765,0.795,0.795,1791057069000000000,2026-10-03 15:51:09.000000000 ET,1791057077202314248,2026-10-03 15:51:17.202314240 ET,0.785,0.775,1791057085000000000,2026-10-03 15:51:25.000000000 ET,1791057127500055888,2026-10-03 15:52:07.500055808 ET,0.775,0.785,0.12,0.12,-0.34,-3.4,10
5.0,cfb_20261003_tows_monm,aec-cfb-tows-monm-2026-10-03,vultr,filled,1791057715,1791057716000000000,2026-10-03 16:01:56.000000000 ET,-1,gap_closed,0.6950000000000001,0.73,0.73,1791057721000000000,2026-10-03 16:02:01.000000000 ET,1791057727504217162,2026-10-03 16:02:07.504217088 ET,0.71,0.7,1791057747000000000,2026-10-03 16:02:27.000000000 ET,1791057783888520273,2026-10-03 16:03:03.888520192 ET,0.67,0.68,0.15,0.15,-0.1,-1.0,10
5.0,cfb_20261003_tows_monm,aec-cfb-tows-monm-2026-10-03,vultr,filled,1791057775,1791057776000000000,2026-10-03 16:02:56.000000000 ET,-1,gap_closed,0.655,0.71,0.71,1791057781000000000,2026-10-03 16:03:01.000000000 ET,1791057783888520273,2026-10-03 16:03:03.888520192 ET,0.67,0.66,1791057794000000000,2026-10-03 16:03:14.000000000 ET,1791057815342698205,2026-10-03 16:03:35.342698240 ET,0.67,0.68,0.16,0.15,-0.51,-5.1,10
5.0,cfb_20261003_tows_monm,aec-cfb-tows-monm-2026-10-03,vultr,filled,1791057890,1791057891000000000,2026-10-03 16:04:51.000000000 ET,1,gap_closed,0.765,0.735,0.735,1791057896000000000,2026-10-03 16:04:56.000000000 ET,1791057907967488426,2026-10-03 16:05:07.967488512 ET,0.84,0.85,1791057912000000000,2026-10-03 16:05:12.000000000 ET,1791057918996309251,2026-10-03 16:05:18.996309248 ET,0.87,0.86,0.09,0.08,-0.07,-0.7,10
5.0,cfb_20261003_tows_monm,aec-cfb-tows-monm-2026-10-03,vultr,filled,1791057920,1791057921000000000,2026-10-03 16:05:21.000000000 ET,-1,gap_closed,0.8,0.87,0.87,1791057926000000000,2026-10-03 16:05:26.000000000 ET,1791057950577270608,2026-10-03 16:05:50.577270528 ET,0.845,0.835,1791057952000000000,2026-10-03 16:05:52.000000000 ET,1791057953508820222,2026-10-03 16:05:53.508820224 ET,0.795,0.805,0.1,0.11,0.09,0.9,10
5.0,cfb_20261003_tows_monm,aec-cfb-tows-monm-2026-10-03,vultr,filled,1791057974,1791057975000000000,2026-10-03 16:06:15.000000000 ET,-1,gap_closed,0.76,0.79,0.79,1791057980000000000,2026-10-03 16:06:20.000000000 ET,1791057981984229015,2026-10-03 16:06:21.984229120 ET,0.78,0.77,1791057976000000000,2026-10-03 16:06:16.000000000 ET,1791057981984229015,2026-10-03 16:06:21.984229120 ET,0.78,0.79,0.12,0.12,-0.44,-4.4,10
5.0,cfb_20261003_tows_monm,aec-cfb-tows-monm-2026-10-03,vultr,filled,1791058002,1791058003000000000,2026-10-03 16:06:43.000000000 ET,1,gap_closed,0.8400000000000001,0.79,0.79,1791058008000000000,2026-10-03 16:06:48.000000000 ET,1791058021111908487,2026-10-03 16:07:01.111908608 ET,0.82,0.83,1791058009000000000,2026-10-03 16:06:49.000000000 ET,1791058021111908487,2026-10-03 16:07:01.111908608 ET,0.82,0.81,0.1,0.11,-0.41,-4.1,10
5.0,cfb_20261003_tows_monm,aec-cfb-tows-monm-2026-10-03,vultr,filled,1791058018,1791058019000000000,2026-10-03 16:06:59.000000000 ET,1,gap_closed,0.855,0.81,0.81,1791058024000000000,2026-10-03 16:07:04.000000000 ET,1791058035043736949,2026-10-03 16:07:15.043736832 ET,0.8,0.81,1791058022000000000,2026-10-03 16:07:02.000000000 ET,1791058035043736949,2026-10-03 16:07:15.043736832 ET,0.8,0.79,0.11,0.12,-0.43,-4.3,10
5.0,cfb_20261003_tows_monm,aec-cfb-tows-monm-2026-10-03,vultr,filled,1791058043,1791058044000000000,2026-10-03 16:07:24.000000000 ET,1,gap_closed,0.86,0.78,0.78,1791058049000000000,2026-10-03 16:07:29.000000000 ET,1791058050182431296,2026-10-03 16:07:30.182431232 ET,0.83,0.84,1791058046000000000,2026-10-03 16:07:26.000000000 ET,1791058048050011127,2026-10-03 16:07:28.050011136 ET,0.81,0.8,0.09,0.11,-0.6,-6.0,10
5.0,cfb_20261003_tows_monm,aec-cfb-tows-monm-2026-10-03,vultr,filled,1791058071,1791058072000000000,2026-10-03 16:07:52.000000000 ET,1,gap_closed,0.8300000000000001,0.795,0.795,1791058077000000000,2026-10-03 16:07:57.000000000 ET,1791058082920980281,2026-10-03 16:08:02.920980224 ET,0.83,0.84,1791058092000000000,2026-10-03 16:08:12.000000000 ET,1791058099100673509,2026-10-03 16:08:19.100673536 ET,0.86,0.85,0.09,0.09,-0.08,-0.8,10
5.0,cfb_20261003_tows_monm,aec-cfb-tows-monm-2026-10-03,vultr,filled,1791058195,1791058196000000000,2026-10-03 16:09:56.000000000 ET,1,gap_closed,0.89,0.85,0.85,1791058201000000000,2026-10-03 16:10:01.000000000 ET,1791058202821035706,2026-10-03 16:10:02.821035776 ET,0.88,0.89,1791058198000000000,2026-10-03 16:09:58.000000000 ET,1791058198240462137,2026-10-03 16:09:58.240462080 ET,0.855,0.845,0.07,0.09,-0.61,-6.1,10
1.0,cfb_20261003_penn_dart,aec-cfb-penn-dart-2026-10-03,vultr,no entry trade within 60 s,1791055262,1791055263000000000,2026-10-03 15:21:03.000000000 ET,1,timeout,0.745,0.69,0.69,1791055264000000000,2026-10-03 15:21:04.000000000 ET,,,,,1791055323000000000,2026-10-03 15:22:03.000000000 ET,,,,,,,,,10
1.0,cfb_20261003_penn_dart,aec-cfb-penn-dart-2026-10-03,vultr,filled,1791056094,1791056095000000000,2026-10-03 15:34:55.000000000 ET,-1,gap_closed,0.6699999999999999,0.725,0.725,1791056096000000000,2026-10-03 15:34:56.000000000 ET,1791056103087211395,2026-10-03 15:35:03.087211520 ET,0.675,0.665,1791056104000000000,2026-10-03 15:35:04.000000000 ET,1791056106574383174,2026-10-03 15:35:06.574383104 ET,0.65,0.66,0.15,0.16,-0.26,-2.6,10
1.0,cfb_20261003_penn_dart,aec-cfb-penn-dart-2026-10-03,vultr,filled,1791056499,1791056500000000000,2026-10-03 15:41:40.000000000 ET,-1,gap_closed,0.545,0.58,0.58,1791056501000000000,2026-10-03 15:41:41.000000000 ET,1791056502336247114,2026-10-03 15:41:42.336247040 ET,0.57,0.56,1791056503000000000,2026-10-03 15:41:43.000000000 ET,1791056516456136916,2026-10-03 15:41:56.456136960 ET,0.52,0.53,0.17,0.17,-0.04,-0.4,10
1.0,cfb_20261003_penn_dart,aec-cfb-penn-dart-2026-10-03,vultr,filled,1791056785,1791056786000000000,2026-10-03 15:46:26.000000000 ET,1,gap_closed,0.505,0.445,0.445,1791056787000000000,2026-10-03 15:46:27.000000000 ET,1791056800506353487,2026-10-03 15:46:40.506353408 ET,0.49,0.5,1791056801000000000,2026-10-03 15:46:41.000000000 ET,1791056812559825291,2026-10-03 15:46:52.559825408 ET,0.535,0.525,0.17,0.17,-0.09,-0.9,10
1.0,cfb_20261003_penn_dart,aec-cfb-penn-dart-2026-10-03,vultr,filled,1791056995,1791056996000000000,2026-10-03 15:49:56.000000000 ET,1,gap_closed,0.555,0.525,0.525,1791056997000000000,2026-10-03 15:49:57.000000000 ET,1791056997161517884,2026-10-03 15:49:57.161517824 ET,0.54,0.55,1791057003000000000,2026-10-03 15:50:03.000000000 ET,1791057007463599796,2026-10-03 15:50:07.463599872 ET,0.55,0.54,0.17,0.17,-0.44,-4.4,10
1.0,cfb_20261003_penn_dart,aec-cfb-penn-dart-2026-10-03,vultr,filled,1791057035,1791057036000000000,2026-10-03 15:50:36.000000000 ET,1,gap_closed,0.635,0.605,0.605,1791057037000000000,2026-10-03 15:50:37.000000000 ET,1791057046576309684,2026-10-03 15:50:46.576309760 ET,0.605,0.615,1791057040000000000,2026-10-03 15:50:40.000000000 ET,1791057046576309684,2026-10-03 15:50:46.576309760 ET,0.605,0.595,0.16,0.17,-0.53,-5.3,10
1.0,cfb_20261003_penn_dart,aec-cfb-penn-dart-2026-10-03,vultr,filled,1791057350,1791057351000000000,2026-10-03 15:55:51.000000000 ET,-1,gap_closed,0.665,0.695,0.695,1791057352000000000,2026-10-03 15:55:52.000000000 ET,1791057352046575392,2026-10-03 15:55:52.046575360 ET,0.685,0.675,1791057353000000000,2026-10-03 15:55:53.000000000 ET,1791057380302730238,2026-10-03 15:56:20.302730240 ET,0.675,0.685,0.15,0.15,-0.4,-4.0,10
1.0,cfb_20261003_penn_dart,aec-cfb-penn-dart-2026-10-03,vultr,filled,1791057383,1791057384000000000,2026-10-03 15:56:24.000000000 ET,-1,gap_closed,0.635,0.67,0.67,1791057385000000000,2026-10-03 15:56:25.000000000 ET,1791057401148630111,2026-10-03 15:56:41.148630016 ET,0.67,0.66,1791057397000000000,2026-10-03 15:56:37.000000000 ET,1791057401148630111,2026-10-03 15:56:41.148630016 ET,0.67,0.68,0.16,0.15,-0.51,-5.1,10
1.0,cfb_20261003_penn_dart,aec-cfb-penn-dart-2026-10-03,vultr,no exit trade within 60 s,1791057407,1791057408000000000,2026-10-03 15:56:48.000000000 ET,-1,gap_closed,0.63,0.67,0.67,1791057409000000000,2026-10-03 15:56:49.000000000 ET,,,,,1791057432000000000,2026-10-03 15:57:12.000000000 ET,,,,,,,,,10
1.0,cfb_20261003_penn_dart,aec-cfb-penn-dart-2026-10-03,vultr,filled,1791057461,1791057462000000000,2026-10-03 15:57:42.000000000 ET,-1,gap_closed,0.605,0.66,0.66,1791057463000000000,2026-10-03 15:57:43.000000000 ET,1791057500686431767,2026-10-03 15:58:20.686431744 ET,0.615,0.605,1791057503000000000,2026-10-03 15:58:23.000000000 ET,1791057524580730414,2026-10-03 15:58:44.580730368 ET,0.625,0.635,0.17,0.16,-0.63,-6.3,10
1.0,cfb_20261003_penn_dart,aec-cfb-penn-dart-2026-10-03,vultr,filled,1791057640,1791057641000000000,2026-10-03 16:00:41.000000000 ET,-1,gap_closed,0.62,0.655,0.655,1791057642000000000,2026-10-03 16:00:42.000000000 ET,1791057668798558497,2026-10-03 16:01:08.798558464 ET,0.625,0.615,1791057658000000000,2026-10-03 16:00:58.000000000 ET,1791057668798558497,2026-10-03 16:01:08.798558464 ET,0.625,0.635,0.16,0.16,-0.52,-5.2,10
1.0,cfb_20261003_penn_dart,aec-cfb-penn-dart-2026-10-03,vultr,filled,1791057700,1791057701000000000,2026-10-03 16:01:41.000000000 ET,-1,gap_closed,0.5549999999999999,0.585,0.585,1791057702000000000,2026-10-03 16:01:42.000000000 ET,1791057706199014855,2026-10-03 16:01:46.199014912 ET,0.535,0.525,1791057707000000000,2026-10-03 16:01:47.000000000 ET,1791057709212806453,2026-10-03 16:01:49.212806400 ET,0.505,0.515,0.17,0.17,-0.24,-2.4,10
1.0,cfb_20261003_penn_dart,aec-cfb-penn-dart-2026-10-03,vultr,filled,1791057991,1791057992000000000,2026-10-03 16:06:32.000000000 ET,1,gap_closed,0.73,0.635,0.635,1791057993000000000,2026-10-03 16:06:33.000000000 ET,1791057996369382726,2026-10-03 16:06:36.369382656 ET,0.855,0.865,1791058000000000000,2026-10-03 16:06:40.000000000 ET,1791058000441982800,2026-10-03 16:06:40.441982720 ET,0.85,0.84,0.08,0.09,-0.42,-4.2,10
2.0,cfb_20261003_penn_dart,aec-cfb-penn-dart-2026-10-03,vultr,no entry trade within 60 s,1791055262,1791055263000000000,2026-10-03 15:21:03.000000000 ET,1,timeout,0.745,0.69,0.69,1791055265000000000,2026-10-03 15:21:05.000000000 ET,,,,,1791055323000000000,2026-10-03 15:22:03.000000000 ET,,,,,,,,,10
2.0,cfb_20261003_penn_dart,aec-cfb-penn-dart-2026-10-03,vultr,filled,1791056094,1791056095000000000,2026-10-03 15:34:55.000000000 ET,-1,gap_closed,0.6699999999999999,0.725,0.725,1791056097000000000,2026-10-03 15:34:57.000000000 ET,1791056103087211395,2026-10-03 15:35:03.087211520 ET,0.675,0.665,1791056104000000000,2026-10-03 15:35:04.000000000 ET,1791056106574383174,2026-10-03 15:35:06.574383104 ET,0.65,0.66,0.15,0.16,-0.26,-2.6,10
2.0,cfb_20261003_penn_dart,aec-cfb-penn-dart-2026-10-03,vultr,filled,1791056499,1791056500000000000,2026-10-03 15:41:40.000000000 ET,-1,gap_closed,0.545,0.58,0.58,1791056502000000000,2026-10-03 15:41:42.000000000 ET,1791056502336247114,2026-10-03 15:41:42.336247040 ET,0.57,0.56,1791056503000000000,2026-10-03 15:41:43.000000000 ET,1791056516456136916,2026-10-03 15:41:56.456136960 ET,0.52,0.53,0.17,0.17,-0.04,-0.4,10
2.0,cfb_20261003_penn_dart,aec-cfb-penn-dart-2026-10-03,vultr,filled,1791056785,1791056786000000000,2026-10-03 15:46:26.000000000 ET,1,gap_closed,0.505,0.445,0.445,1791056788000000000,2026-10-03 15:46:28.000000000 ET,1791056800506353487,2026-10-03 15:46:40.506353408 ET,0.49,0.5,1791056801000000000,2026-10-03 15:46:41.000000000 ET,1791056812559825291,2026-10-03 15:46:52.559825408 ET,0.535,0.525,0.17,0.17,-0.09,-0.9,10
2.0,cfb_20261003_penn_dart,aec-cfb-penn-dart-2026-10-03,vultr,filled,1791056995,1791056996000000000,2026-10-03 15:49:56.000000000 ET,1,gap_closed,0.555,0.525,0.525,1791056998000000000,2026-10-03 15:49:58.000000000 ET,1791057002494574801,2026-10-03 15:50:02.494574848 ET,0.545,0.555,1791057003000000000,2026-10-03 15:50:03.000000000 ET,1791057007463599796,2026-10-03 15:50:07.463599872 ET,0.55,0.54,0.17,0.17,-0.49,-4.9,10
2.0,cfb_20261003_penn_dart,aec-cfb-penn-dart-2026-10-03,vultr,filled,1791057035,1791057036000000000,2026-10-03 15:50:36.000000000 ET,1,gap_closed,0.635,0.605,0.605,1791057038000000000,2026-10-03 15:50:38.000000000 ET,1791057046576309684,2026-10-03 15:50:46.576309760 ET,0.605,0.615,1791057040000000000,2026-10-03 15:50:40.000000000 ET,1791057046576309684,2026-10-03 15:50:46.576309760 ET,0.605,0.595,0.16,0.17,-0.53,-5.3,10
2.0,cfb_20261003_penn_dart,aec-cfb-penn-dart-2026-10-03,vultr,filled,1791057350,1791057351000000000,2026-10-03 15:55:51.000000000 ET,-1,gap_closed,0.665,0.695,0.695,1791057353000000000,2026-10-03 15:55:53.000000000 ET,1791057380302730238,2026-10-03 15:56:20.302730240 ET,0.675,0.665,1791057353000000000,2026-10-03 15:55:53.000000000 ET,1791057380302730238,2026-10-03 15:56:20.302730240 ET,0.675,0.685,0.15,0.15,-0.5,-5.0,10
2.0,cfb_20261003_penn_dart,aec-cfb-penn-dart-2026-10-03,vultr,filled,1791057383,1791057384000000000,2026-10-03 15:56:24.000000000 ET,-1,gap_closed,0.635,0.67,0.67,1791057386000000000,2026-10-03 15:56:26.000000000 ET,1791057401148630111,2026-10-03 15:56:41.148630016 ET,0.67,0.66,1791057397000000000,2026-10-03 15:56:37.000000000 ET,1791057401148630111,2026-10-03 15:56:41.148630016 ET,0.67,0.68,0.16,0.15,-0.51,-5.1,10
2.0,cfb_20261003_penn_dart,aec-cfb-penn-dart-2026-10-03,vultr,no exit trade within 60 s,1791057407,1791057408000000000,2026-10-03 15:56:48.000000000 ET,-1,gap_closed,0.63,0.67,0.67,1791057410000000000,2026-10-03 15:56:50.000000000 ET,,,,,1791057432000000000,2026-10-03 15:57:12.000000000 ET,,,,,,,,,10
2.0,cfb_20261003_penn_dart,aec-cfb-penn-dart-2026-10-03,vultr,filled,1791057461,1791057462000000000,2026-10-03 15:57:42.000000000 ET,-1,gap_closed,0.605,0.66,0.66,1791057464000000000,2026-10-03 15:57:44.000000000 ET,1791057500686431767,2026-10-03 15:58:20.686431744 ET,0.615,0.605,1791057503000000000,2026-10-03 15:58:23.000000000 ET,1791057524580730414,2026-10-03 15:58:44.580730368 ET,0.625,0.635,0.17,0.16,-0.63,-6.3,10
2.0,cfb_20261003_penn_dart,aec-cfb-penn-dart-2026-10-03,vultr,filled,1791057640,1791057641000000000,2026-10-03 16:00:41.000000000 ET,-1,gap_closed,0.62,0.655,0.655,1791057643000000000,2026-10-03 16:00:43.000000000 ET,1791057668798558497,2026-10-03 16:01:08.798558464 ET,0.625,0.615,1791057658000000000,2026-10-03 16:00:58.000000000 ET,1791057668798558497,2026-10-03 16:01:08.798558464 ET,0.625,0.635,0.16,0.16,-0.52,-5.2,10
2.0,cfb_20261003_penn_dart,aec-cfb-penn-dart-2026-10-03,vultr,filled,1791057700,1791057701000000000,2026-10-03 16:01:41.000000000 ET,-1,gap_closed,0.5549999999999999,0.585,0.585,1791057703000000000,2026-10-03 16:01:43.000000000 ET,1791057706199014855,2026-10-03 16:01:46.199014912 ET,0.535,0.525,1791057707000000000,2026-10-03 16:01:47.000000000 ET,1791057709212806453,2026-10-03 16:01:49.212806400 ET,0.505,0.515,0.17,0.17,-0.24,-2.4,10
2.0,cfb_20261003_penn_dart,aec-cfb-penn-dart-2026-10-03,vultr,filled,1791057991,1791057992000000000,2026-10-03 16:06:32.000000000 ET,1,gap_closed,0.73,0.635,0.635,1791057994000000000,2026-10-03 16:06:34.000000000 ET,1791057996369382726,2026-10-03 16:06:36.369382656 ET,0.855,0.865,1791058000000000000,2026-10-03 16:06:40.000000000 ET,1791058000441982800,2026-10-03 16:06:40.441982720 ET,0.85,0.84,0.08,0.09,-0.42,-4.2,10
5.0,cfb_20261003_penn_dart,aec-cfb-penn-dart-2026-10-03,vultr,no entry trade within 60 s,1791055262,1791055263000000000,2026-10-03 15:21:03.000000000 ET,1,timeout,0.745,0.69,0.69,1791055268000000000,2026-10-03 15:21:08.000000000 ET,,,,,1791055323000000000,2026-10-03 15:22:03.000000000 ET,,,,,,,,,10
5.0,cfb_20261003_penn_dart,aec-cfb-penn-dart-2026-10-03,vultr,filled,1791056094,1791056095000000000,2026-10-03 15:34:55.000000000 ET,-1,gap_closed,0.6699999999999999,0.725,0.725,1791056100000000000,2026-10-03 15:35:00.000000000 ET,1791056103087211395,2026-10-03 15:35:03.087211520 ET,0.675,0.665,1791056104000000000,2026-10-03 15:35:04.000000000 ET,1791056106574383174,2026-10-03 15:35:06.574383104 ET,0.65,0.66,0.15,0.16,-0.26,-2.6,10
5.0,cfb_20261003_penn_dart,aec-cfb-penn-dart-2026-10-03,vultr,filled,1791056499,1791056500000000000,2026-10-03 15:41:40.000000000 ET,-1,gap_closed,0.545,0.58,0.58,1791056505000000000,2026-10-03 15:41:45.000000000 ET,1791056516456136916,2026-10-03 15:41:56.456136960 ET,0.52,0.51,1791056503000000000,2026-10-03 15:41:43.000000000 ET,1791056516456136916,2026-10-03 15:41:56.456136960 ET,0.52,0.53,0.17,0.17,-0.54,-5.4,10
5.0,cfb_20261003_penn_dart,aec-cfb-penn-dart-2026-10-03,vultr,filled,1791056785,1791056786000000000,2026-10-03 15:46:26.000000000 ET,1,gap_closed,0.505,0.445,0.445,1791056791000000000,2026-10-03 15:46:31.000000000 ET,1791056800506353487,2026-10-03 15:46:40.506353408 ET,0.49,0.5,1791056801000000000,2026-10-03 15:46:41.000000000 ET,1791056812559825291,2026-10-03 15:46:52.559825408 ET,0.535,0.525,0.17,0.17,-0.09,-0.9,10
5.0,cfb_20261003_penn_dart,aec-cfb-penn-dart-2026-10-03,vultr,filled,1791056995,1791056996000000000,2026-10-03 15:49:56.000000000 ET,1,gap_closed,0.555,0.525,0.525,1791057001000000000,2026-10-03 15:50:01.000000000 ET,1791057002494574801,2026-10-03 15:50:02.494574848 ET,0.545,0.555,1791057003000000000,2026-10-03 15:50:03.000000000 ET,1791057007463599796,2026-10-03 15:50:07.463599872 ET,0.55,0.54,0.17,0.17,-0.49,-4.9,10
5.0,cfb_20261003_penn_dart,aec-cfb-penn-dart-2026-10-03,vultr,filled,1791057035,1791057036000000000,2026-10-03 15:50:36.000000000 ET,1,gap_closed,0.635,0.605,0.605,1791057041000000000,2026-10-03 15:50:41.000000000 ET,1791057046576309684,2026-10-03 15:50:46.576309760 ET,0.605,0.615,1791057040000000000,2026-10-03 15:50:40.000000000 ET,1791057046576309684,2026-10-03 15:50:46.576309760 ET,0.605,0.595,0.16,0.17,-0.53,-5.3,10
5.0,cfb_20261003_penn_dart,aec-cfb-penn-dart-2026-10-03,vultr,filled,1791057350,1791057351000000000,2026-10-03 15:55:51.000000000 ET,-1,gap_closed,0.665,0.695,0.695,1791057356000000000,2026-10-03 15:55:56.000000000 ET,1791057380302730238,2026-10-03 15:56:20.302730240 ET,0.675,0.665,1791057353000000000,2026-10-03 15:55:53.000000000 ET,1791057380302730238,2026-10-03 15:56:20.302730240 ET,0.675,0.685,0.15,0.15,-0.5,-5.0,10
5.0,cfb_20261003_penn_dart,aec-cfb-penn-dart-2026-10-03,vultr,filled,1791057383,1791057384000000000,2026-10-03 15:56:24.000000000 ET,-1,gap_closed,0.635,0.67,0.67,1791057389000000000,2026-10-03 15:56:29.000000000 ET,1791057401148630111,2026-10-03 15:56:41.148630016 ET,0.67,0.66,1791057397000000000,2026-10-03 15:56:37.000000000 ET,1791057401148630111,2026-10-03 15:56:41.148630016 ET,0.67,0.68,0.16,0.15,-0.51,-5.1,10
5.0,cfb_20261003_penn_dart,aec-cfb-penn-dart-2026-10-03,vultr,no exit trade within 60 s,1791057407,1791057408000000000,2026-10-03 15:56:48.000000000 ET,-1,gap_closed,0.63,0.67,0.67,1791057413000000000,2026-10-03 15:56:53.000000000 ET,,,,,1791057432000000000,2026-10-03 15:57:12.000000000 ET,,,,,,,,,10
5.0,cfb_20261003_penn_dart,aec-cfb-penn-dart-2026-10-03,vultr,filled,1791057461,1791057462000000000,2026-10-03 15:57:42.000000000 ET,-1,gap_closed,0.605,0.66,0.66,1791057467000000000,2026-10-03 15:57:47.000000000 ET,1791057500686431767,2026-10-03 15:58:20.686431744 ET,0.615,0.605,1791057503000000000,2026-10-03 15:58:23.000000000 ET,1791057524580730414,2026-10-03 15:58:44.580730368 ET,0.625,0.635,0.17,0.16,-0.63,-6.3,10
5.0,cfb_20261003_penn_dart,aec-cfb-penn-dart-2026-10-03,vultr,filled,1791057640,1791057641000000000,2026-10-03 16:00:41.000000000 ET,-1,gap_closed,0.62,0.655,0.655,1791057646000000000,2026-10-03 16:00:46.000000000 ET,1791057668798558497,2026-10-03 16:01:08.798558464 ET,0.625,0.615,1791057658000000000,2026-10-03 16:00:58.000000000 ET,1791057668798558497,2026-10-03 16:01:08.798558464 ET,0.625,0.635,0.16,0.16,-0.52,-5.2,10
5.0,cfb_20261003_penn_dart,aec-cfb-penn-dart-2026-10-03,vultr,filled,1791057700,1791057701000000000,2026-10-03 16:01:41.000000000 ET,-1,gap_closed,0.5549999999999999,0.585,0.585,1791057706000000000,2026-10-03 16:01:46.000000000 ET,1791057706199014855,2026-10-03 16:01:46.199014912 ET,0.535,0.525,1791057707000000000,2026-10-03 16:01:47.000000000 ET,1791057709212806453,2026-10-03 16:01:49.212806400 ET,0.505,0.515,0.17,0.17,-0.24,-2.4,10
5.0,cfb_20261003_penn_dart,aec-cfb-penn-dart-2026-10-03,vultr,filled,1791057991,1791057992000000000,2026-10-03 16:06:32.000000000 ET,1,gap_closed,0.73,0.635,0.635,1791057997000000000,2026-10-03 16:06:37.000000000 ET,1791057999640805426,2026-10-03 16:06:39.640805376 ET,0.89,0.9,1791058000000000000,2026-10-03 16:06:40.000000000 ET,1791058000441982800,2026-10-03 16:06:40.441982720 ET,0.85,0.84,0.06,0.09,-0.75,-7.5,10
1.0,cfb_20261003_tol_ball,aec-cfb-toledo-ballst-2026-10-03,vultr,filled,1791051942,1791051943000000000,2026-10-03 14:25:43.000000000 ET,1,gap_closed,0.215,0.15,0.15,1791051944000000000,2026-10-03 14:25:44.000000000 ET,1791051944828805979,2026-10-03 14:25:44.828805888 ET,0.165,0.175,1791051944000000000,2026-10-03 14:25:44.000000000 ET,1791051944828805979,2026-10-03 14:25:44.828805888 ET,0.165,0.155,0.1,0.09,-0.39,-3.9,10
1.0,cfb_20261003_tol_ball,aec-cfb-toledo-ballst-2026-10-03,vultr,filled,1791054446,1791054447000000000,2026-10-03 15:07:27.000000000 ET,-1,gap_closed,0.155,0.185,0.185,1791054448000000000,2026-10-03 15:07:28.000000000 ET,1791054459703158582,2026-10-03 15:07:39.703158528 ET,0.15,0.14,1791054460000000000,2026-10-03 15:07:40.000000000 ET,1791054481100165749,2026-10-03 15:08:01.100165632 ET,0.15,0.16,0.08,0.09,-0.37,-3.7,10
2.0,cfb_20261003_tol_ball,aec-cfb-toledo-ballst-2026-10-03,vultr,filled,1791051942,1791051943000000000,2026-10-03 14:25:43.000000000 ET,1,gap_closed,0.215,0.15,0.15,1791051945000000000,2026-10-03 14:25:45.000000000 ET,1791051946140623868,2026-10-03 14:25:46.140623872 ET,0.21,0.22,1791051944000000000,2026-10-03 14:25:44.000000000 ET,1791051944828805979,2026-10-03 14:25:44.828805888 ET,0.165,0.155,0.12,0.09,-0.86,-8.6,10
2.0,cfb_20261003_tol_ball,aec-cfb-toledo-ballst-2026-10-03,vultr,filled,1791054446,1791054447000000000,2026-10-03 15:07:27.000000000 ET,-1,gap_closed,0.155,0.185,0.185,1791054449000000000,2026-10-03 15:07:29.000000000 ET,1791054459703158582,2026-10-03 15:07:39.703158528 ET,0.15,0.14,1791054460000000000,2026-10-03 15:07:40.000000000 ET,1791054481100165749,2026-10-03 15:08:01.100165632 ET,0.15,0.16,0.08,0.09,-0.37,-3.7,10
5.0,cfb_20261003_tol_ball,aec-cfb-toledo-ballst-2026-10-03,vultr,filled,1791051942,1791051943000000000,2026-10-03 14:25:43.000000000 ET,1,gap_closed,0.215,0.15,0.15,1791051948000000000,2026-10-03 14:25:48.000000000 ET,1791051950030313559,2026-10-03 14:25:50.030313472 ET,0.205,0.215,1791051944000000000,2026-10-03 14:25:44.000000000 ET,1791051944828805979,2026-10-03 14:25:44.828805888 ET,0.165,0.155,0.12,0.09,-0.81,-8.1,10
5.0,cfb_20261003_tol_ball,aec-cfb-toledo-ballst-2026-10-03,vultr,filled,1791054446,1791054447000000000,2026-10-03 15:07:27.000000000 ET,-1,gap_closed,0.155,0.185,0.185,1791054452000000000,2026-10-03 15:07:32.000000000 ET,1791054459703158582,2026-10-03 15:07:39.703158528 ET,0.15,0.14,1791054460000000000,2026-10-03 15:07:40.000000000 ET,1791054481100165749,2026-10-03 15:08:01.100165632 ET,0.15,0.16,0.08,0.09,-0.37,-3.7,10
1.0,cfb_20261003_norf_rmu,aec-cfb-norfst-robms-2026-10-03,vultr,filled,1791054718,1791054719000000000,2026-10-03 15:11:59.000000000 ET,1,gap_closed,0.535,0.5,0.5,1791054720000000000,2026-10-03 15:12:00.000000000 ET,1791054721402737119,2026-10-03 15:12:01.402737152 ET,0.51,0.52,1791054736000000000,2026-10-03 15:12:16.000000000 ET,1791054757162068333,2026-10-03 15:12:37.162068224 ET,0.595,0.585,0.17,0.17,0.31,3.1,10
1.0,cfb_20261003_norf_rmu,aec-cfb-norfst-robms-2026-10-03,vultr,no entry trade within 60 s,1791055200,1791055201000000000,2026-10-03 15:20:01.000000000 ET,1,timeout,0.735,0.685,0.685,1791055202000000000,2026-10-03 15:20:02.000000000 ET,,,,,1791055261000000000,2026-10-03 15:21:01.000000000 ET,,,,,,,,,10
1.0,cfb_20261003_norf_rmu,aec-cfb-norfst-robms-2026-10-03,vultr,no entry trade within 60 s,1791057686,1791057687000000000,2026-10-03 16:01:27.000000000 ET,-1,timeout,0.835,0.87,0.87,1791057688000000000,2026-10-03 16:01:28.000000000 ET,,,,,1791057747000000000,2026-10-03 16:02:27.000000000 ET,,,,,,,,,10
1.0,cfb_20261003_norf_rmu,aec-cfb-norfst-robms-2026-10-03,vultr,no entry trade within 60 s,1791057753,1791057754000000000,2026-10-03 16:02:34.000000000 ET,-1,timeout,0.79,0.87,0.87,1791057755000000000,2026-10-03 16:02:35.000000000 ET,,,,,1791057814000000000,2026-10-03 16:03:34.000000000 ET,,,,,,,,,10
1.0,cfb_20261003_norf_rmu,aec-cfb-norfst-robms-2026-10-03,vultr,outside coverage,1791061375,1791061376000000000,2026-10-03 17:02:56.000000000 ET,-1,timeout,0.78,0.85,0.85,1791061377000000000,2026-10-03 17:02:57.000000000 ET,,,,,1791061436000000000,2026-10-03 17:03:56.000000000 ET,,,,,,,,,10
1.0,cfb_20261003_norf_rmu,aec-cfb-norfst-robms-2026-10-03,vultr,outside coverage,1791061445,1791061446000000000,2026-10-03 17:04:06.000000000 ET,-1,timeout,0.595,0.85,0.85,1791061447000000000,2026-10-03 17:04:07.000000000 ET,,,,,1791061506000000000,2026-10-03 17:05:06.000000000 ET,,,,,,,,,10
1.0,cfb_20261003_norf_rmu,aec-cfb-norfst-robms-2026-10-03,vultr,outside coverage,1791061772,1791061773000000000,2026-10-03 17:09:33.000000000 ET,-1,timeout,0.625,0.85,0.85,1791061774000000000,2026-10-03 17:09:34.000000000 ET,,,,,1791061833000000000,2026-10-03 17:10:33.000000000 ET,,,,,,,,,10
1.0,cfb_20261003_norf_rmu,aec-cfb-norfst-robms-2026-10-03,vultr,outside coverage,1791062019,1791062020000000000,2026-10-03 17:13:40.000000000 ET,-1,timeout,0.485,0.85,0.85,1791062021000000000,2026-10-03 17:13:41.000000000 ET,,,,,1791062080000000000,2026-10-03 17:14:40.000000000 ET,,,,,,,,,10
1.0,cfb_20261003_norf_rmu,aec-cfb-norfst-robms-2026-10-03,vultr,outside coverage,1791062146,1791062147000000000,2026-10-03 17:15:47.000000000 ET,-1,timeout,0.305,0.85,0.85,1791062148000000000,2026-10-03 17:15:48.000000000 ET,,,,,1791062207000000000,2026-10-03 17:16:47.000000000 ET,,,,,,,,,10
1.0,cfb_20261003_norf_rmu,aec-cfb-norfst-robms-2026-10-03,vultr,outside coverage,1791062220,1791062221000000000,2026-10-03 17:17:01.000000000 ET,-1,timeout,0.16,0.85,0.85,1791062222000000000,2026-10-03 17:17:02.000000000 ET,,,,,1791062281000000000,2026-10-03 17:18:01.000000000 ET,,,,,,,,,10
1.0,cfb_20261003_norf_rmu,aec-cfb-norfst-robms-2026-10-03,vultr,outside coverage,1791062405,1791062406000000000,2026-10-03 17:20:06.000000000 ET,-1,timeout,0.58,0.85,0.85,1791062407000000000,2026-10-03 17:20:07.000000000 ET,,,,,1791062466000000000,2026-10-03 17:21:06.000000000 ET,,,,,,,,,10
1.0,cfb_20261003_norf_rmu,aec-cfb-norfst-robms-2026-10-03,vultr,outside coverage,1791062466,1791062467000000000,2026-10-03 17:21:07.000000000 ET,-1,timeout,0.705,0.85,0.85,1791062468000000000,2026-10-03 17:21:08.000000000 ET,,,,,1791062527000000000,2026-10-03 17:22:07.000000000 ET,,,,,,,,,10
1.0,cfb_20261003_norf_rmu,aec-cfb-norfst-robms-2026-10-03,vultr,outside coverage,1791062542,1791062543000000000,2026-10-03 17:22:23.000000000 ET,-1,timeout,0.475,0.85,0.85,1791062544000000000,2026-10-03 17:22:24.000000000 ET,,,,,1791062603000000000,2026-10-03 17:23:23.000000000 ET,,,,,,,,,10
1.0,cfb_20261003_norf_rmu,aec-cfb-norfst-robms-2026-10-03,vultr,outside coverage,1791062651,1791062652000000000,2026-10-03 17:24:12.000000000 ET,-1,timeout,0.655,0.85,0.85,1791062653000000000,2026-10-03 17:24:13.000000000 ET,,,,,1791062712000000000,2026-10-03 17:25:12.000000000 ET,,,,,,,,,10
1.0,cfb_20261003_norf_rmu,aec-cfb-norfst-robms-2026-10-03,vultr,outside coverage,1791062751,1791062752000000000,2026-10-03 17:25:52.000000000 ET,-1,timeout,0.5700000000000001,0.85,0.85,1791062753000000000,2026-10-03 17:25:53.000000000 ET,,,,,1791062812000000000,2026-10-03 17:26:52.000000000 ET,,,,,,,,,10
1.0,cfb_20261003_norf_rmu,aec-cfb-norfst-robms-2026-10-03,vultr,outside coverage,1791062954,1791062955000000000,2026-10-03 17:29:15.000000000 ET,-1,gap_closed,0.8200000000000001,0.85,0.85,1791062956000000000,2026-10-03 17:29:16.000000000 ET,,,,,1791062995000000000,2026-10-03 17:29:55.000000000 ET,,,,,,,,,10
1.0,cfb_20261003_norf_rmu,aec-cfb-norfst-robms-2026-10-03,vultr,outside coverage,1791063058,1791063059000000000,2026-10-03 17:30:59.000000000 ET,-1,timeout,0.81,0.85,0.85,1791063060000000000,2026-10-03 17:31:00.000000000 ET,,,,,1791063119000000000,2026-10-03 17:31:59.000000000 ET,,,,,,,,,10
1.0,cfb_20261003_norf_rmu,aec-cfb-norfst-robms-2026-10-03,vultr,outside coverage,1791063121,1791063122000000000,2026-10-03 17:32:02.000000000 ET,-1,gap_closed,0.69,0.85,0.85,1791063123000000000,2026-10-03 17:32:03.000000000 ET,,,,,1791063161000000000,2026-10-03 17:32:41.000000000 ET,,,,,,,,,10
2.0,cfb_20261003_norf_rmu,aec-cfb-norfst-robms-2026-10-03,vultr,filled,1791054718,1791054719000000000,2026-10-03 15:11:59.000000000 ET,1,gap_closed,0.535,0.5,0.5,1791054721000000000,2026-10-03 15:12:01.000000000 ET,1791054721402737119,2026-10-03 15:12:01.402737152 ET,0.51,0.52,1791054736000000000,2026-10-03 15:12:16.000000000 ET,1791054757162068333,2026-10-03 15:12:37.162068224 ET,0.595,0.585,0.17,0.17,0.31,3.1,10
2.0,cfb_20261003_norf_rmu,aec-cfb-norfst-robms-2026-10-03,vultr,no entry trade within 60 s,1791055200,1791055201000000000,2026-10-03 15:20:01.000000000 ET,1,timeout,0.735,0.685,0.685,1791055203000000000,2026-10-03 15:20:03.000000000 ET,,,,,1791055261000000000,2026-10-03 15:21:01.000000000 ET,,,,,,,,,10
2.0,cfb_20261003_norf_rmu,aec-cfb-norfst-robms-2026-10-03,vultr,no entry trade within 60 s,1791057686,1791057687000000000,2026-10-03 16:01:27.000000000 ET,-1,timeout,0.835,0.87,0.87,1791057689000000000,2026-10-03 16:01:29.000000000 ET,,,,,1791057747000000000,2026-10-03 16:02:27.000000000 ET,,,,,,,,,10
2.0,cfb_20261003_norf_rmu,aec-cfb-norfst-robms-2026-10-03,vultr,no entry trade within 60 s,1791057753,1791057754000000000,2026-10-03 16:02:34.000000000 ET,-1,timeout,0.79,0.87,0.87,1791057756000000000,2026-10-03 16:02:36.000000000 ET,,,,,1791057814000000000,2026-10-03 16:03:34.000000000 ET,,,,,,,,,10
2.0,cfb_20261003_norf_rmu,aec-cfb-norfst-robms-2026-10-03,vultr,outside coverage,1791061375,1791061376000000000,2026-10-03 17:02:56.000000000 ET,-1,timeout,0.78,0.85,0.85,1791061378000000000,2026-10-03 17:02:58.000000000 ET,,,,,1791061436000000000,2026-10-03 17:03:56.000000000 ET,,,,,,,,,10
2.0,cfb_20261003_norf_rmu,aec-cfb-norfst-robms-2026-10-03,vultr,outside coverage,1791061445,1791061446000000000,2026-10-03 17:04:06.000000000 ET,-1,timeout,0.595,0.85,0.85,1791061448000000000,2026-10-03 17:04:08.000000000 ET,,,,,1791061506000000000,2026-10-03 17:05:06.000000000 ET,,,,,,,,,10
2.0,cfb_20261003_norf_rmu,aec-cfb-norfst-robms-2026-10-03,vultr,outside coverage,1791061772,1791061773000000000,2026-10-03 17:09:33.000000000 ET,-1,timeout,0.625,0.85,0.85,1791061775000000000,2026-10-03 17:09:35.000000000 ET,,,,,1791061833000000000,2026-10-03 17:10:33.000000000 ET,,,,,,,,,10
2.0,cfb_20261003_norf_rmu,aec-cfb-norfst-robms-2026-10-03,vultr,outside coverage,1791062019,1791062020000000000,2026-10-03 17:13:40.000000000 ET,-1,timeout,0.485,0.85,0.85,1791062022000000000,2026-10-03 17:13:42.000000000 ET,,,,,1791062080000000000,2026-10-03 17:14:40.000000000 ET,,,,,,,,,10
2.0,cfb_20261003_norf_rmu,aec-cfb-norfst-robms-2026-10-03,vultr,outside coverage,1791062146,1791062147000000000,2026-10-03 17:15:47.000000000 ET,-1,timeout,0.305,0.85,0.85,1791062149000000000,2026-10-03 17:15:49.000000000 ET,,,,,1791062207000000000,2026-10-03 17:16:47.000000000 ET,,,,,,,,,10
2.0,cfb_20261003_norf_rmu,aec-cfb-norfst-robms-2026-10-03,vultr,outside coverage,1791062220,1791062221000000000,2026-10-03 17:17:01.000000000 ET,-1,timeout,0.16,0.85,0.85,1791062223000000000,2026-10-03 17:17:03.000000000 ET,,,,,1791062281000000000,2026-10-03 17:18:01.000000000 ET,,,,,,,,,10
2.0,cfb_20261003_norf_rmu,aec-cfb-norfst-robms-2026-10-03,vultr,outside coverage,1791062405,1791062406000000000,2026-10-03 17:20:06.000000000 ET,-1,timeout,0.58,0.85,0.85,1791062408000000000,2026-10-03 17:20:08.000000000 ET,,,,,1791062466000000000,2026-10-03 17:21:06.000000000 ET,,,,,,,,,10
2.0,cfb_20261003_norf_rmu,aec-cfb-norfst-robms-2026-10-03,vultr,outside coverage,1791062466,1791062467000000000,2026-10-03 17:21:07.000000000 ET,-1,timeout,0.705,0.85,0.85,1791062469000000000,2026-10-03 17:21:09.000000000 ET,,,,,1791062527000000000,2026-10-03 17:22:07.000000000 ET,,,,,,,,,10
2.0,cfb_20261003_norf_rmu,aec-cfb-norfst-robms-2026-10-03,vultr,outside coverage,1791062542,1791062543000000000,2026-10-03 17:22:23.000000000 ET,-1,timeout,0.475,0.85,0.85,1791062545000000000,2026-10-03 17:22:25.000000000 ET,,,,,1791062603000000000,2026-10-03 17:23:23.000000000 ET,,,,,,,,,10
2.0,cfb_20261003_norf_rmu,aec-cfb-norfst-robms-2026-10-03,vultr,outside coverage,1791062651,1791062652000000000,2026-10-03 17:24:12.000000000 ET,-1,timeout,0.655,0.85,0.85,1791062654000000000,2026-10-03 17:24:14.000000000 ET,,,,,1791062712000000000,2026-10-03 17:25:12.000000000 ET,,,,,,,,,10
2.0,cfb_20261003_norf_rmu,aec-cfb-norfst-robms-2026-10-03,vultr,outside coverage,1791062751,1791062752000000000,2026-10-03 17:25:52.000000000 ET,-1,timeout,0.5700000000000001,0.85,0.85,1791062754000000000,2026-10-03 17:25:54.000000000 ET,,,,,1791062812000000000,2026-10-03 17:26:52.000000000 ET,,,,,,,,,10
2.0,cfb_20261003_norf_rmu,aec-cfb-norfst-robms-2026-10-03,vultr,outside coverage,1791062954,1791062955000000000,2026-10-03 17:29:15.000000000 ET,-1,gap_closed,0.8200000000000001,0.85,0.85,1791062957000000000,2026-10-03 17:29:17.000000000 ET,,,,,1791062995000000000,2026-10-03 17:29:55.000000000 ET,,,,,,,,,10
2.0,cfb_20261003_norf_rmu,aec-cfb-norfst-robms-2026-10-03,vultr,outside coverage,1791063058,1791063059000000000,2026-10-03 17:30:59.000000000 ET,-1,timeout,0.81,0.85,0.85,1791063061000000000,2026-10-03 17:31:01.000000000 ET,,,,,1791063119000000000,2026-10-03 17:31:59.000000000 ET,,,,,,,,,10
2.0,cfb_20261003_norf_rmu,aec-cfb-norfst-robms-2026-10-03,vultr,outside coverage,1791063121,1791063122000000000,2026-10-03 17:32:02.000000000 ET,-1,gap_closed,0.69,0.85,0.85,1791063124000000000,2026-10-03 17:32:04.000000000 ET,,,,,1791063161000000000,2026-10-03 17:32:41.000000000 ET,,,,,,,,,10
5.0,cfb_20261003_norf_rmu,aec-cfb-norfst-robms-2026-10-03,vultr,filled,1791054718,1791054719000000000,2026-10-03 15:11:59.000000000 ET,1,gap_closed,0.535,0.5,0.5,1791054724000000000,2026-10-03 15:12:04.000000000 ET,1791054735081204393,2026-10-03 15:12:15.081204480 ET,0.575,0.585,1791054736000000000,2026-10-03 15:12:16.000000000 ET,1791054757162068333,2026-10-03 15:12:37.162068224 ET,0.595,0.585,0.17,0.17,-0.34,-3.4,10
5.0,cfb_20261003_norf_rmu,aec-cfb-norfst-robms-2026-10-03,vultr,no entry trade within 60 s,1791055200,1791055201000000000,2026-10-03 15:20:01.000000000 ET,1,timeout,0.735,0.685,0.685,1791055206000000000,2026-10-03 15:20:06.000000000 ET,,,,,1791055261000000000,2026-10-03 15:21:01.000000000 ET,,,,,,,,,10
5.0,cfb_20261003_norf_rmu,aec-cfb-norfst-robms-2026-10-03,vultr,no entry trade within 60 s,1791057686,1791057687000000000,2026-10-03 16:01:27.000000000 ET,-1,timeout,0.835,0.87,0.87,1791057692000000000,2026-10-03 16:01:32.000000000 ET,,,,,1791057747000000000,2026-10-03 16:02:27.000000000 ET,,,,,,,,,10
5.0,cfb_20261003_norf_rmu,aec-cfb-norfst-robms-2026-10-03,vultr,no entry trade within 60 s,1791057753,1791057754000000000,2026-10-03 16:02:34.000000000 ET,-1,timeout,0.79,0.87,0.87,1791057759000000000,2026-10-03 16:02:39.000000000 ET,,,,,1791057814000000000,2026-10-03 16:03:34.000000000 ET,,,,,,,,,10
5.0,cfb_20261003_norf_rmu,aec-cfb-norfst-robms-2026-10-03,vultr,outside coverage,1791061375,1791061376000000000,2026-10-03 17:02:56.000000000 ET,-1,timeout,0.78,0.85,0.85,1791061381000000000,2026-10-03 17:03:01.000000000 ET,,,,,1791061436000000000,2026-10-03 17:03:56.000000000 ET,,,,,,,,,10
5.0,cfb_20261003_norf_rmu,aec-cfb-norfst-robms-2026-10-03,vultr,outside coverage,1791061445,1791061446000000000,2026-10-03 17:04:06.000000000 ET,-1,timeout,0.595,0.85,0.85,1791061451000000000,2026-10-03 17:04:11.000000000 ET,,,,,1791061506000000000,2026-10-03 17:05:06.000000000 ET,,,,,,,,,10
5.0,cfb_20261003_norf_rmu,aec-cfb-norfst-robms-2026-10-03,vultr,outside coverage,1791061772,1791061773000000000,2026-10-03 17:09:33.000000000 ET,-1,timeout,0.625,0.85,0.85,1791061778000000000,2026-10-03 17:09:38.000000000 ET,,,,,1791061833000000000,2026-10-03 17:10:33.000000000 ET,,,,,,,,,10
5.0,cfb_20261003_norf_rmu,aec-cfb-norfst-robms-2026-10-03,vultr,outside coverage,1791062019,1791062020000000000,2026-10-03 17:13:40.000000000 ET,-1,timeout,0.485,0.85,0.85,1791062025000000000,2026-10-03 17:13:45.000000000 ET,,,,,1791062080000000000,2026-10-03 17:14:40.000000000 ET,,,,,,,,,10
5.0,cfb_20261003_norf_rmu,aec-cfb-norfst-robms-2026-10-03,vultr,outside coverage,1791062146,1791062147000000000,2026-10-03 17:15:47.000000000 ET,-1,timeout,0.305,0.85,0.85,1791062152000000000,2026-10-03 17:15:52.000000000 ET,,,,,1791062207000000000,2026-10-03 17:16:47.000000000 ET,,,,,,,,,10
5.0,cfb_20261003_norf_rmu,aec-cfb-norfst-robms-2026-10-03,vultr,outside coverage,1791062220,1791062221000000000,2026-10-03 17:17:01.000000000 ET,-1,timeout,0.16,0.85,0.85,1791062226000000000,2026-10-03 17:17:06.000000000 ET,,,,,1791062281000000000,2026-10-03 17:18:01.000000000 ET,,,,,,,,,10
5.0,cfb_20261003_norf_rmu,aec-cfb-norfst-robms-2026-10-03,vultr,outside coverage,1791062405,1791062406000000000,2026-10-03 17:20:06.000000000 ET,-1,timeout,0.58,0.85,0.85,1791062411000000000,2026-10-03 17:20:11.000000000 ET,,,,,1791062466000000000,2026-10-03 17:21:06.000000000 ET,,,,,,,,,10
5.0,cfb_20261003_norf_rmu,aec-cfb-norfst-robms-2026-10-03,vultr,outside coverage,1791062466,1791062467000000000,2026-10-03 17:21:07.000000000 ET,-1,timeout,0.705,0.85,0.85,1791062472000000000,2026-10-03 17:21:12.000000000 ET,,,,,1791062527000000000,2026-10-03 17:22:07.000000000 ET,,,,,,,,,10
5.0,cfb_20261003_norf_rmu,aec-cfb-norfst-robms-2026-10-03,vultr,outside coverage,1791062542,1791062543000000000,2026-10-03 17:22:23.000000000 ET,-1,timeout,0.475,0.85,0.85,1791062548000000000,2026-10-03 17:22:28.000000000 ET,,,,,1791062603000000000,2026-10-03 17:23:23.000000000 ET,,,,,,,,,10
5.0,cfb_20261003_norf_rmu,aec-cfb-norfst-robms-2026-10-03,vultr,outside coverage,1791062651,1791062652000000000,2026-10-03 17:24:12.000000000 ET,-1,timeout,0.655,0.85,0.85,1791062657000000000,2026-10-03 17:24:17.000000000 ET,,,,,1791062712000000000,2026-10-03 17:25:12.000000000 ET,,,,,,,,,10
5.0,cfb_20261003_norf_rmu,aec-cfb-norfst-robms-2026-10-03,vultr,outside coverage,1791062751,1791062752000000000,2026-10-03 17:25:52.000000000 ET,-1,timeout,0.5700000000000001,0.85,0.85,1791062757000000000,2026-10-03 17:25:57.000000000 ET,,,,,1791062812000000000,2026-10-03 17:26:52.000000000 ET,,,,,,,,,10
5.0,cfb_20261003_norf_rmu,aec-cfb-norfst-robms-2026-10-03,vultr,outside coverage,1791062954,1791062955000000000,2026-10-03 17:29:15.000000000 ET,-1,gap_closed,0.8200000000000001,0.85,0.85,1791062960000000000,2026-10-03 17:29:20.000000000 ET,,,,,1791062995000000000,2026-10-03 17:29:55.000000000 ET,,,,,,,,,10
5.0,cfb_20261003_norf_rmu,aec-cfb-norfst-robms-2026-10-03,vultr,outside coverage,1791063058,1791063059000000000,2026-10-03 17:30:59.000000000 ET,-1,timeout,0.81,0.85,0.85,1791063064000000000,2026-10-03 17:31:04.000000000 ET,,,,,1791063119000000000,2026-10-03 17:31:59.000000000 ET,,,,,,,,,10
5.0,cfb_20261003_norf_rmu,aec-cfb-norfst-robms-2026-10-03,vultr,outside coverage,1791063121,1791063122000000000,2026-10-03 17:32:02.000000000 ET,-1,gap_closed,0.69,0.85,0.85,1791063127000000000,2026-10-03 17:32:07.000000000 ET,,,,,1791063161000000000,2026-10-03 17:32:41.000000000 ET,,,,,,,,,10
1.0,cfb_20261003_wof_fur,aec-cfb-woff-furman-2026-10-03,vultr,filled,1791052508,1791052509000000000,2026-10-03 14:35:09.000000000 ET,1,gap_closed,0.345,0.315,0.315,1791052510000000000,2026-10-03 14:35:10.000000000 ET,1791052518367492875,2026-10-03 14:35:18.367492864 ET,0.375,0.385,1791052519000000000,2026-10-03 14:35:19.000000000 ET,1791052552104912781,2026-10-03 14:35:52.104912896 ET,0.395,0.385,0.16,0.16,-0.32,-3.2,10
1.0,cfb_20261003_wof_fur,aec-cfb-woff-furman-2026-10-03,vultr,no entry trade within 60 s,1791058663,1791058664000000000,2026-10-03 16:17:44.000000000 ET,-1,timeout,0.125,0.165,0.165,1791058665000000000,2026-10-03 16:17:45.000000000 ET,,,,,1791058724000000000,2026-10-03 16:18:44.000000000 ET,,,,,,,,,10
2.0,cfb_20261003_wof_fur,aec-cfb-woff-furman-2026-10-03,vultr,filled,1791052508,1791052509000000000,2026-10-03 14:35:09.000000000 ET,1,gap_closed,0.345,0.315,0.315,1791052511000000000,2026-10-03 14:35:11.000000000 ET,1791052518367492875,2026-10-03 14:35:18.367492864 ET,0.375,0.385,1791052519000000000,2026-10-03 14:35:19.000000000 ET,1791052552104912781,2026-10-03 14:35:52.104912896 ET,0.395,0.385,0.16,0.16,-0.32,-3.2,10
2.0,cfb_20261003_wof_fur,aec-cfb-woff-furman-2026-10-03,vultr,no entry trade within 60 s,1791058663,1791058664000000000,2026-10-03 16:17:44.000000000 ET,-1,timeout,0.125,0.165,0.165,1791058666000000000,2026-10-03 16:17:46.000000000 ET,,,,,1791058724000000000,2026-10-03 16:18:44.000000000 ET,,,,,,,,,10
5.0,cfb_20261003_wof_fur,aec-cfb-woff-furman-2026-10-03,vultr,filled,1791052508,1791052509000000000,2026-10-03 14:35:09.000000000 ET,1,gap_closed,0.345,0.315,0.315,1791052514000000000,2026-10-03 14:35:14.000000000 ET,1791052518367492875,2026-10-03 14:35:18.367492864 ET,0.375,0.385,1791052519000000000,2026-10-03 14:35:19.000000000 ET,1791052552104912781,2026-10-03 14:35:52.104912896 ET,0.395,0.385,0.16,0.16,-0.32,-3.2,10
5.0,cfb_20261003_wof_fur,aec-cfb-woff-furman-2026-10-03,vultr,no entry trade within 60 s,1791058663,1791058664000000000,2026-10-03 16:17:44.000000000 ET,-1,timeout,0.125,0.165,0.165,1791058669000000000,2026-10-03 16:17:49.000000000 ET,,,,,1791058724000000000,2026-10-03 16:18:44.000000000 ET,,,,,,,,,10
1.0,cfb_20261003_cit_scst,aec-cfb-cita-scarst-2026-10-03,vultr,filled,1791053243,1791053244000000000,2026-10-03 14:47:24.000000000 ET,1,gap_closed,0.855,0.825,0.825,1791053245000000000,2026-10-03 14:47:25.000000000 ET,1791053249616291907,2026-10-03 14:47:29.616291840 ET,0.85,0.86,1791053245000000000,2026-10-03 14:47:25.000000000 ET,1791053249616291907,2026-10-03 14:47:29.616291840 ET,0.85,0.84,0.08,0.09,-0.37,-3.7,10
1.0,cfb_20261003_cit_scst,aec-cfb-cita-scarst-2026-10-03,vultr,filled,1791053256,1791053257000000000,2026-10-03 14:47:37.000000000 ET,-1,gap_closed,0.8049999999999999,0.85,0.85,1791053258000000000,2026-10-03 14:47:38.000000000 ET,1791053292506655248,2026-10-03 14:48:12.506655232 ET,0.835,0.825,1791053258000000000,2026-10-03 14:47:38.000000000 ET,1791053292506655248,2026-10-03 14:48:12.506655232 ET,0.835,0.845,0.1,0.09,-0.39,-3.9,10
1.0,cfb_20261003_cit_scst,aec-cfb-cita-scarst-2026-10-03,vultr,filled,1791056592,1791056593000000000,2026-10-03 15:43:13.000000000 ET,-1,gap_closed,0.5700000000000001,0.61,0.61,1791056594000000000,2026-10-03 15:43:14.000000000 ET,1791056600578748008,2026-10-03 15:43:20.578747904 ET,0.45,0.44,1791056594000000000,2026-10-03 15:43:14.000000000 ET,1791056600578748008,2026-10-03 15:43:20.578747904 ET,0.45,0.46,0.17,0.17,-0.54,-5.4,10
1.0,cfb_20261003_cit_scst,aec-cfb-cita-scarst-2026-10-03,vultr,filled,1791057051,1791057052000000000,2026-10-03 15:50:52.000000000 ET,1,gap_closed,0.515,0.475,0.475,1791057053000000000,2026-10-03 15:50:53.000000000 ET,1791057059767464955,2026-10-03 15:50:59.767464960 ET,0.505,0.515,1791057071000000000,2026-10-03 15:51:11.000000000 ET,1791057096200474882,2026-10-03 15:51:36.200474880 ET,0.52,0.51,0.17,0.17,-0.39,-3.9,10
1.0,cfb_20261003_cit_scst,aec-cfb-cita-scarst-2026-10-03,vultr,filled,1791057607,1791057608000000000,2026-10-03 16:00:08.000000000 ET,-1,gap_closed,0.615,0.65,0.65,1791057609000000000,2026-10-03 16:00:09.000000000 ET,1791057627434169911,2026-10-03 16:00:27.434169856 ET,0.615,0.605,1791057630000000000,2026-10-03 16:00:30.000000000 ET,1791057639257445174,2026-10-03 16:00:39.257445120 ET,0.6,0.61,0.17,0.17,-0.39,-3.9,10
1.0,cfb_20261003_cit_scst,aec-cfb-cita-scarst-2026-10-03,vultr,filled,1791057731,1791057732000000000,2026-10-03 16:02:12.000000000 ET,1,timeout,0.615,0.58,0.58,1791057733000000000,2026-10-03 16:02:13.000000000 ET,1791057742372108106,2026-10-03 16:02:22.372108032 ET,0.55,0.56,1791057792000000000,2026-10-03 16:03:12.000000000 ET,1791057840106360635,2026-10-03 16:04:00.106360576 ET,0.54,0.53,0.17,0.17,-0.64,-6.4,10
1.0,cfb_20261003_cit_scst,aec-cfb-cita-scarst-2026-10-03,vultr,filled,1791058043,1791058044000000000,2026-10-03 16:07:24.000000000 ET,1,timeout,0.61,0.54,0.54,1791058045000000000,2026-10-03 16:07:25.000000000 ET,1791058047075755666,2026-10-03 16:07:27.075755776 ET,0.595,0.605,1791058104000000000,2026-10-03 16:08:24.000000000 ET,1791058109249741026,2026-10-03 16:08:29.249741056 ET,0.6,0.59,0.17,0.17,-0.49,-4.9,10
1.0,cfb_20261003_cit_scst,aec-cfb-cita-scarst-2026-10-03,vultr,filled,1791058176,1791058177000000000,2026-10-03 16:09:37.000000000 ET,1,gap_closed,0.66,0.61,0.61,1791058178000000000,2026-10-03 16:09:38.000000000 ET,1791058181323178469,2026-10-03 16:09:41.323178496 ET,0.64,0.65,1791058195000000000,2026-10-03 16:09:55.000000000 ET,1791058195080623873,2026-10-03 16:09:55.080623872 ET,0.65,0.64,0.16,0.16,-0.42,-4.2,10
1.0,cfb_20261003_cit_scst,aec-cfb-cita-scarst-2026-10-03,vultr,filled,1791058672,1791058673000000000,2026-10-03 16:17:53.000000000 ET,-1,gap_closed,0.515,0.575,0.575,1791058674000000000,2026-10-03 16:17:54.000000000 ET,1791058674766612972,2026-10-03 16:17:54.766612992 ET,0.535,0.525,1791058683000000000,2026-10-03 16:18:03.000000000 ET,1791058686581015985,2026-10-03 16:18:06.581016064 ET,0.4,0.41,0.17,0.17,0.81,8.1,10
1.0,cfb_20261003_cit_scst,aec-cfb-cita-scarst-2026-10-03,vultr,filled,1791058814,1791058815000000000,2026-10-03 16:20:15.000000000 ET,-1,gap_closed,0.255,0.31,0.31,1791058816000000000,2026-10-03 16:20:16.000000000 ET,1791058816369599680,2026-10-03 16:20:16.369599744 ET,0.28,0.27,1791058830000000000,2026-10-03 16:20:30.000000000 ET,1791058835298592360,2026-10-03 16:20:35.298592256 ET,0.26,0.27,0.14,0.14,-0.28,-2.8,10
1.0,cfb_20261003_cit_scst,aec-cfb-cita-scarst-2026-10-03,vultr,filled,1791059397,1791059398000000000,2026-10-03 16:29:58.000000000 ET,1,gap_closed,0.38,0.35,0.35,1791059399000000000,2026-10-03 16:29:59.000000000 ET,1791059402413625266,2026-10-03 16:30:02.413625344 ET,0.35,0.36,1791059419000000000,2026-10-03 16:30:19.000000000 ET,1791059420080066815,2026-10-03 16:30:20.080066816 ET,0.35,0.34,0.16,0.16,-0.52,-5.2,10
1.0,cfb_20261003_cit_scst,aec-cfb-cita-scarst-2026-10-03,vultr,filled,1791059568,1791059569000000000,2026-10-03 16:32:49.000000000 ET,1,gap_closed,0.515,0.455,0.455,1791059570000000000,2026-10-03 16:32:50.000000000 ET,1791059574651905252,2026-10-03 16:32:54.651905280 ET,0.515,0.525,1791059575000000000,2026-10-03 16:32:55.000000000 ET,1791059593734370423,2026-10-03 16:33:13.734370304 ET,0.5,0.49,0.17,0.17,-0.69,-6.9,10
1.0,cfb_20261003_cit_scst,aec-cfb-cita-scarst-2026-10-03,vultr,filled,1791059603,1791059604000000000,2026-10-03 16:33:24.000000000 ET,1,gap_closed,0.565,0.5,0.5,1791059605000000000,2026-10-03 16:33:25.000000000 ET,1791059609796627061,2026-10-03 16:33:29.796626944 ET,0.54,0.55,1791059631000000000,2026-10-03 16:33:51.000000000 ET,1791059635292263282,2026-10-03 16:33:55.292263168 ET,0.575,0.565,0.17,0.17,-0.19,-1.9,10
1.0,cfb_20261003_cit_scst,aec-cfb-cita-scarst-2026-10-03,vultr,filled,1791059663,1791059664000000000,2026-10-03 16:34:24.000000000 ET,1,gap_closed,0.63,,0.58,1791059665000000000,2026-10-03 16:34:25.000000000 ET,1791059665285239625,2026-10-03 16:34:25.285239552 ET,0.61,0.62,1791059677000000000,2026-10-03 16:34:37.000000000 ET,1791059689047698428,2026-10-03 16:34:49.047698432 ET,0.62,0.61,0.16,0.17,-0.43,-4.3,10
1.0,cfb_20261003_cit_scst,aec-cfb-cita-scarst-2026-10-03,vultr,filled,1791060202,1791060203000000000,2026-10-03 16:43:23.000000000 ET,-1,gap_closed,0.55,0.595,0.595,1791060204000000000,2026-10-03 16:43:24.000000000 ET,1791060207576741179,2026-10-03 16:43:27.576741120 ET,0.615,0.605,1791060204000000000,2026-10-03 16:43:24.000000000 ET,1791060207576741179,2026-10-03 16:43:27.576741120 ET,0.615,0.625,0.17,0.16,-0.53,-5.3,10
1.0,cfb_20261003_cit_scst,aec-cfb-cita-scarst-2026-10-03,vultr,filled,1791060219,1791060220000000000,2026-10-03 16:43:40.000000000 ET,-1,gap_closed,0.575,0.61,0.61,1791060221000000000,2026-10-03 16:43:41.000000000 ET,1791060233894012382,2026-10-03 16:43:53.894012416 ET,0.56,0.55,1791060234000000000,2026-10-03 16:43:54.000000000 ET,1791060251060680623,2026-10-03 16:44:11.060680704 ET,0.59,0.6,0.17,0.17,-0.84,-8.4,10
1.0,cfb_20261003_cit_scst,aec-cfb-cita-scarst-2026-10-03,vultr,filled,1791060730,1791060731000000000,2026-10-03 16:52:11.000000000 ET,1,gap_closed,0.7,0.665,0.665,1791060732000000000,2026-10-03 16:52:12.000000000 ET,1791060736128999866,2026-10-03 16:52:16.128999936 ET,0.675,0.685,1791060751000000000,2026-10-03 16:52:31.000000000 ET,1791060756217703850,2026-10-03 16:52:36.217703936 ET,0.71,0.7,0.15,0.15,-0.15,-1.5,10
1.0,cfb_20261003_cit_scst,aec-cfb-cita-scarst-2026-10-03,vultr,outside coverage,1791061353,1791061354000000000,2026-10-03 17:02:34.000000000 ET,1,timeout,0.665,0.615,0.615,1791061355000000000,2026-10-03 17:02:35.000000000 ET,,,,,1791061414000000000,2026-10-03 17:03:34.000000000 ET,,,,,,,,,10
1.0,cfb_20261003_cit_scst,aec-cfb-cita-scarst-2026-10-03,vultr,outside coverage,1791061418,1791061419000000000,2026-10-03 17:03:39.000000000 ET,1,timeout,0.805,0.615,0.615,1791061420000000000,2026-10-03 17:03:40.000000000 ET,,,,,1791061479000000000,2026-10-03 17:04:39.000000000 ET,,,,,,,,,10
1.0,cfb_20261003_cit_scst,aec-cfb-cita-scarst-2026-10-03,vultr,outside coverage,1791061523,1791061524000000000,2026-10-03 17:05:24.000000000 ET,1,gap_closed,0.745,0.615,0.615,1791061525000000000,2026-10-03 17:05:25.000000000 ET,,,,,1791061559000000000,2026-10-03 17:05:59.000000000 ET,,,,,,,,,10
1.0,cfb_20261003_cit_scst,aec-cfb-cita-scarst-2026-10-03,vultr,outside coverage,1791061569,1791061570000000000,2026-10-03 17:06:10.000000000 ET,1,gap_closed,0.645,0.615,0.615,1791061571000000000,2026-10-03 17:06:11.000000000 ET,,,,,1791061574000000000,2026-10-03 17:06:14.000000000 ET,,,,,,,,,10
1.0,cfb_20261003_cit_scst,aec-cfb-cita-scarst-2026-10-03,vultr,outside coverage,1791061580,1791061581000000000,2026-10-03 17:06:21.000000000 ET,-1,timeout,0.5800000000000001,0.615,0.615,1791061582000000000,2026-10-03 17:06:22.000000000 ET,,,,,1791061641000000000,2026-10-03 17:07:21.000000000 ET,,,,,,,,,10
1.0,cfb_20261003_cit_scst,aec-cfb-cita-scarst-2026-10-03,vultr,outside coverage,1791061704,1791061705000000000,2026-10-03 17:08:25.000000000 ET,-1,timeout,0.5,0.615,0.615,1791061706000000000,2026-10-03 17:08:26.000000000 ET,,,,,1791061765000000000,2026-10-03 17:09:25.000000000 ET,,,,,,,,,10
1.0,cfb_20261003_cit_scst,aec-cfb-cita-scarst-2026-10-03,vultr,outside coverage,1791061772,1791061773000000000,2026-10-03 17:09:33.000000000 ET,-1,timeout,0.165,0.615,0.615,1791061774000000000,2026-10-03 17:09:34.000000000 ET,,,,,1791061833000000000,2026-10-03 17:10:33.000000000 ET,,,,,,,,,10
1.0,cfb_20261003_cit_scst,aec-cfb-cita-scarst-2026-10-03,vultr,outside coverage,1791061844,1791061845000000000,2026-10-03 17:10:45.000000000 ET,-1,timeout,0.14,0.615,0.615,1791061846000000000,2026-10-03 17:10:46.000000000 ET,,,,,1791061905000000000,2026-10-03 17:11:45.000000000 ET,,,,,,,,,10
1.0,cfb_20261003_cit_scst,aec-cfb-cita-scarst-2026-10-03,vultr,outside coverage,1791062078,1791062079000000000,2026-10-03 17:14:39.000000000 ET,-1,timeout,0.015,0.615,0.615,1791062080000000000,2026-10-03 17:14:40.000000000 ET,,,,,1791062139000000000,2026-10-03 17:15:39.000000000 ET,,,,,,,,,10
2.0,cfb_20261003_cit_scst,aec-cfb-cita-scarst-2026-10-03,vultr,filled,1791053243,1791053244000000000,2026-10-03 14:47:24.000000000 ET,1,gap_closed,0.855,0.825,0.825,1791053246000000000,2026-10-03 14:47:26.000000000 ET,1791053249616291907,2026-10-03 14:47:29.616291840 ET,0.85,0.86,1791053245000000000,2026-10-03 14:47:25.000000000 ET,1791053249616291907,2026-10-03 14:47:29.616291840 ET,0.85,0.84,0.08,0.09,-0.37,-3.7,10
2.0,cfb_20261003_cit_scst,aec-cfb-cita-scarst-2026-10-03,vultr,filled,1791053256,1791053257000000000,2026-10-03 14:47:37.000000000 ET,-1,gap_closed,0.8049999999999999,0.85,0.85,1791053259000000000,2026-10-03 14:47:39.000000000 ET,1791053292506655248,2026-10-03 14:48:12.506655232 ET,0.835,0.825,1791053258000000000,2026-10-03 14:47:38.000000000 ET,1791053292506655248,2026-10-03 14:48:12.506655232 ET,0.835,0.845,0.1,0.09,-0.39,-3.9,10
2.0,cfb_20261003_cit_scst,aec-cfb-cita-scarst-2026-10-03,vultr,filled,1791056592,1791056593000000000,2026-10-03 15:43:13.000000000 ET,-1,gap_closed,0.5700000000000001,0.61,0.61,1791056595000000000,2026-10-03 15:43:15.000000000 ET,1791056600578748008,2026-10-03 15:43:20.578747904 ET,0.45,0.44,1791056594000000000,2026-10-03 15:43:14.000000000 ET,1791056600578748008,2026-10-03 15:43:20.578747904 ET,0.45,0.46,0.17,0.17,-0.54,-5.4,10
2.0,cfb_20261003_cit_scst,aec-cfb-cita-scarst-2026-10-03,vultr,filled,1791057051,1791057052000000000,2026-10-03 15:50:52.000000000 ET,1,gap_closed,0.515,0.475,0.475,1791057054000000000,2026-10-03 15:50:54.000000000 ET,1791057059767464955,2026-10-03 15:50:59.767464960 ET,0.505,0.515,1791057071000000000,2026-10-03 15:51:11.000000000 ET,1791057096200474882,2026-10-03 15:51:36.200474880 ET,0.52,0.51,0.17,0.17,-0.39,-3.9,10
2.0,cfb_20261003_cit_scst,aec-cfb-cita-scarst-2026-10-03,vultr,filled,1791057607,1791057608000000000,2026-10-03 16:00:08.000000000 ET,-1,gap_closed,0.615,0.65,0.65,1791057610000000000,2026-10-03 16:00:10.000000000 ET,1791057627434169911,2026-10-03 16:00:27.434169856 ET,0.615,0.605,1791057630000000000,2026-10-03 16:00:30.000000000 ET,1791057639257445174,2026-10-03 16:00:39.257445120 ET,0.6,0.61,0.17,0.17,-0.39,-3.9,10
2.0,cfb_20261003_cit_scst,aec-cfb-cita-scarst-2026-10-03,vultr,filled,1791057731,1791057732000000000,2026-10-03 16:02:12.000000000 ET,1,timeout,0.615,0.58,0.58,1791057734000000000,2026-10-03 16:02:14.000000000 ET,1791057742372108106,2026-10-03 16:02:22.372108032 ET,0.55,0.56,1791057792000000000,2026-10-03 16:03:12.000000000 ET,1791057840106360635,2026-10-03 16:04:00.106360576 ET,0.54,0.53,0.17,0.17,-0.64,-6.4,10
2.0,cfb_20261003_cit_scst,aec-cfb-cita-scarst-2026-10-03,vultr,filled,1791058043,1791058044000000000,2026-10-03 16:07:24.000000000 ET,1,timeout,0.61,0.54,0.54,1791058046000000000,2026-10-03 16:07:26.000000000 ET,1791058047075755666,2026-10-03 16:07:27.075755776 ET,0.595,0.605,1791058104000000000,2026-10-03 16:08:24.000000000 ET,1791058109249741026,2026-10-03 16:08:29.249741056 ET,0.6,0.59,0.17,0.17,-0.49,-4.9,10
2.0,cfb_20261003_cit_scst,aec-cfb-cita-scarst-2026-10-03,vultr,filled,1791058176,1791058177000000000,2026-10-03 16:09:37.000000000 ET,1,gap_closed,0.66,0.61,0.61,1791058179000000000,2026-10-03 16:09:39.000000000 ET,1791058181323178469,2026-10-03 16:09:41.323178496 ET,0.64,0.65,1791058195000000000,2026-10-03 16:09:55.000000000 ET,1791058195080623873,2026-10-03 16:09:55.080623872 ET,0.65,0.64,0.16,0.16,-0.42,-4.2,10
2.0,cfb_20261003_cit_scst,aec-cfb-cita-scarst-2026-10-03,vultr,filled,1791058672,1791058673000000000,2026-10-03 16:17:53.000000000 ET,-1,gap_closed,0.515,0.575,0.575,1791058675000000000,2026-10-03 16:17:55.000000000 ET,1791058677888027134,2026-10-03 16:17:57.888027136 ET,0.51,0.5,1791058683000000000,2026-10-03 16:18:03.000000000 ET,1791058686581015985,2026-10-03 16:18:06.581016064 ET,0.4,0.41,0.17,0.17,0.56,5.6,10
2.0,cfb_20261003_cit_scst,aec-cfb-cita-scarst-2026-10-03,vultr,filled,1791058814,1791058815000000000,2026-10-03 16:20:15.000000000 ET,-1,gap_closed,0.255,0.31,0.31,1791058817000000000,2026-10-03 16:20:17.000000000 ET,1791058817795147993,2026-10-03 16:20:17.795148032 ET,0.27,0.26,1791058830000000000,2026-10-03 16:20:30.000000000 ET,1791058835298592360,2026-10-03 16:20:35.298592256 ET,0.26,0.27,0.13,0.14,-0.37,-3.7,10
2.0,cfb_20261003_cit_scst,aec-cfb-cita-scarst-2026-10-03,vultr,filled,1791059397,1791059398000000000,2026-10-03 16:29:58.000000000 ET,1,gap_closed,0.38,0.35,0.35,1791059400000000000,2026-10-03 16:30:00.000000000 ET,1791059402413625266,2026-10-03 16:30:02.413625344 ET,0.35,0.36,1791059419000000000,2026-10-03 16:30:19.000000000 ET,1791059420080066815,2026-10-03 16:30:20.080066816 ET,0.35,0.34,0.16,0.16,-0.52,-5.2,10
2.0,cfb_20261003_cit_scst,aec-cfb-cita-scarst-2026-10-03,vultr,filled,1791059568,1791059569000000000,2026-10-03 16:32:49.000000000 ET,1,gap_closed,0.515,0.455,0.455,1791059571000000000,2026-10-03 16:32:51.000000000 ET,1791059574651905252,2026-10-03 16:32:54.651905280 ET,0.515,0.525,1791059575000000000,2026-10-03 16:32:55.000000000 ET,1791059593734370423,2026-10-03 16:33:13.734370304 ET,0.5,0.49,0.17,0.17,-0.69,-6.9,10
2.0,cfb_20261003_cit_scst,aec-cfb-cita-scarst-2026-10-03,vultr,filled,1791059603,1791059604000000000,2026-10-03 16:33:24.000000000 ET,1,gap_closed,0.565,0.5,0.5,1791059606000000000,2026-10-03 16:33:26.000000000 ET,1791059609796627061,2026-10-03 16:33:29.796626944 ET,0.54,0.55,1791059631000000000,2026-10-03 16:33:51.000000000 ET,1791059635292263282,2026-10-03 16:33:55.292263168 ET,0.575,0.565,0.17,0.17,-0.19,-1.9,10
2.0,cfb_20261003_cit_scst,aec-cfb-cita-scarst-2026-10-03,vultr,filled,1791059663,1791059664000000000,2026-10-03 16:34:24.000000000 ET,1,gap_closed,0.63,,0.58,1791059666000000000,2026-10-03 16:34:26.000000000 ET,1791059666749345547,2026-10-03 16:34:26.749345536 ET,0.61,0.62,1791059677000000000,2026-10-03 16:34:37.000000000 ET,1791059689047698428,2026-10-03 16:34:49.047698432 ET,0.62,0.61,0.16,0.17,-0.43,-4.3,10
2.0,cfb_20261003_cit_scst,aec-cfb-cita-scarst-2026-10-03,vultr,filled,1791060202,1791060203000000000,2026-10-03 16:43:23.000000000 ET,-1,gap_closed,0.55,0.595,0.595,1791060205000000000,2026-10-03 16:43:25.000000000 ET,1791060207576741179,2026-10-03 16:43:27.576741120 ET,0.615,0.605,1791060204000000000,2026-10-03 16:43:24.000000000 ET,1791060207576741179,2026-10-03 16:43:27.576741120 ET,0.615,0.625,0.17,0.16,-0.53,-5.3,10
2.0,cfb_20261003_cit_scst,aec-cfb-cita-scarst-2026-10-03,vultr,filled,1791060219,1791060220000000000,2026-10-03 16:43:40.000000000 ET,-1,gap_closed,0.575,0.61,0.61,1791060222000000000,2026-10-03 16:43:42.000000000 ET,1791060233894012382,2026-10-03 16:43:53.894012416 ET,0.56,0.55,1791060234000000000,2026-10-03 16:43:54.000000000 ET,1791060251060680623,2026-10-03 16:44:11.060680704 ET,0.59,0.6,0.17,0.17,-0.84,-8.4,10
2.0,cfb_20261003_cit_scst,aec-cfb-cita-scarst-2026-10-03,vultr,filled,1791060730,1791060731000000000,2026-10-03 16:52:11.000000000 ET,1,gap_closed,0.7,0.665,0.665,1791060733000000000,2026-10-03 16:52:13.000000000 ET,1791060736128999866,2026-10-03 16:52:16.128999936 ET,0.675,0.685,1791060751000000000,2026-10-03 16:52:31.000000000 ET,1791060756217703850,2026-10-03 16:52:36.217703936 ET,0.71,0.7,0.15,0.15,-0.15,-1.5,10
2.0,cfb_20261003_cit_scst,aec-cfb-cita-scarst-2026-10-03,vultr,outside coverage,1791061353,1791061354000000000,2026-10-03 17:02:34.000000000 ET,1,timeout,0.665,0.615,0.615,1791061356000000000,2026-10-03 17:02:36.000000000 ET,,,,,1791061414000000000,2026-10-03 17:03:34.000000000 ET,,,,,,,,,10
2.0,cfb_20261003_cit_scst,aec-cfb-cita-scarst-2026-10-03,vultr,outside coverage,1791061418,1791061419000000000,2026-10-03 17:03:39.000000000 ET,1,timeout,0.805,0.615,0.615,1791061421000000000,2026-10-03 17:03:41.000000000 ET,,,,,1791061479000000000,2026-10-03 17:04:39.000000000 ET,,,,,,,,,10
2.0,cfb_20261003_cit_scst,aec-cfb-cita-scarst-2026-10-03,vultr,outside coverage,1791061523,1791061524000000000,2026-10-03 17:05:24.000000000 ET,1,gap_closed,0.745,0.615,0.615,1791061526000000000,2026-10-03 17:05:26.000000000 ET,,,,,1791061559000000000,2026-10-03 17:05:59.000000000 ET,,,,,,,,,10
2.0,cfb_20261003_cit_scst,aec-cfb-cita-scarst-2026-10-03,vultr,outside coverage,1791061569,1791061570000000000,2026-10-03 17:06:10.000000000 ET,1,gap_closed,0.645,0.615,0.615,1791061572000000000,2026-10-03 17:06:12.000000000 ET,,,,,1791061574000000000,2026-10-03 17:06:14.000000000 ET,,,,,,,,,10
2.0,cfb_20261003_cit_scst,aec-cfb-cita-scarst-2026-10-03,vultr,outside coverage,1791061580,1791061581000000000,2026-10-03 17:06:21.000000000 ET,-1,timeout,0.5800000000000001,0.615,0.615,1791061583000000000,2026-10-03 17:06:23.000000000 ET,,,,,1791061641000000000,2026-10-03 17:07:21.000000000 ET,,,,,,,,,10
2.0,cfb_20261003_cit_scst,aec-cfb-cita-scarst-2026-10-03,vultr,outside coverage,1791061704,1791061705000000000,2026-10-03 17:08:25.000000000 ET,-1,timeout,0.5,0.615,0.615,1791061707000000000,2026-10-03 17:08:27.000000000 ET,,,,,1791061765000000000,2026-10-03 17:09:25.000000000 ET,,,,,,,,,10
2.0,cfb_20261003_cit_scst,aec-cfb-cita-scarst-2026-10-03,vultr,outside coverage,1791061772,1791061773000000000,2026-10-03 17:09:33.000000000 ET,-1,timeout,0.165,0.615,0.615,1791061775000000000,2026-10-03 17:09:35.000000000 ET,,,,,1791061833000000000,2026-10-03 17:10:33.000000000 ET,,,,,,,,,10
2.0,cfb_20261003_cit_scst,aec-cfb-cita-scarst-2026-10-03,vultr,outside coverage,1791061844,1791061845000000000,2026-10-03 17:10:45.000000000 ET,-1,timeout,0.14,0.615,0.615,1791061847000000000,2026-10-03 17:10:47.000000000 ET,,,,,1791061905000000000,2026-10-03 17:11:45.000000000 ET,,,,,,,,,10
2.0,cfb_20261003_cit_scst,aec-cfb-cita-scarst-2026-10-03,vultr,outside coverage,1791062078,1791062079000000000,2026-10-03 17:14:39.000000000 ET,-1,timeout,0.015,0.615,0.615,1791062081000000000,2026-10-03 17:14:41.000000000 ET,,,,,1791062139000000000,2026-10-03 17:15:39.000000000 ET,,,,,,,,,10
5.0,cfb_20261003_cit_scst,aec-cfb-cita-scarst-2026-10-03,vultr,filled,1791053243,1791053244000000000,2026-10-03 14:47:24.000000000 ET,1,gap_closed,0.855,0.825,0.825,1791053249000000000,2026-10-03 14:47:29.000000000 ET,1791053249616291907,2026-10-03 14:47:29.616291840 ET,0.85,0.86,1791053245000000000,2026-10-03 14:47:25.000000000 ET,1791053249616291907,2026-10-03 14:47:29.616291840 ET,0.85,0.84,0.08,0.09,-0.37,-3.7,10
5.0,cfb_20261003_cit_scst,aec-cfb-cita-scarst-2026-10-03,vultr,filled,1791053256,1791053257000000000,2026-10-03 14:47:37.000000000 ET,-1,gap_closed,0.8049999999999999,0.85,0.85,1791053262000000000,2026-10-03 14:47:42.000000000 ET,1791053292506655248,2026-10-03 14:48:12.506655232 ET,0.835,0.825,1791053258000000000,2026-10-03 14:47:38.000000000 ET,1791053292506655248,2026-10-03 14:48:12.506655232 ET,0.835,0.845,0.1,0.09,-0.39,-3.9,10
5.0,cfb_20261003_cit_scst,aec-cfb-cita-scarst-2026-10-03,vultr,filled,1791056592,1791056593000000000,2026-10-03 15:43:13.000000000 ET,-1,gap_closed,0.5700000000000001,0.61,0.61,1791056598000000000,2026-10-03 15:43:18.000000000 ET,1791056600578748008,2026-10-03 15:43:20.578747904 ET,0.45,0.44,1791056594000000000,2026-10-03 15:43:14.000000000 ET,1791056600578748008,2026-10-03 15:43:20.578747904 ET,0.45,0.46,0.17,0.17,-0.54,-5.4,10
5.0,cfb_20261003_cit_scst,aec-cfb-cita-scarst-2026-10-03,vultr,filled,1791057051,1791057052000000000,2026-10-03 15:50:52.000000000 ET,1,gap_closed,0.515,0.475,0.475,1791057057000000000,2026-10-03 15:50:57.000000000 ET,1791057059767464955,2026-10-03 15:50:59.767464960 ET,0.505,0.515,1791057071000000000,2026-10-03 15:51:11.000000000 ET,1791057096200474882,2026-10-03 15:51:36.200474880 ET,0.52,0.51,0.17,0.17,-0.39,-3.9,10
5.0,cfb_20261003_cit_scst,aec-cfb-cita-scarst-2026-10-03,vultr,filled,1791057607,1791057608000000000,2026-10-03 16:00:08.000000000 ET,-1,gap_closed,0.615,0.65,0.65,1791057613000000000,2026-10-03 16:00:13.000000000 ET,1791057627434169911,2026-10-03 16:00:27.434169856 ET,0.615,0.605,1791057630000000000,2026-10-03 16:00:30.000000000 ET,1791057639257445174,2026-10-03 16:00:39.257445120 ET,0.6,0.61,0.17,0.17,-0.39,-3.9,10
5.0,cfb_20261003_cit_scst,aec-cfb-cita-scarst-2026-10-03,vultr,filled,1791057731,1791057732000000000,2026-10-03 16:02:12.000000000 ET,1,timeout,0.615,0.58,0.58,1791057737000000000,2026-10-03 16:02:17.000000000 ET,1791057742372108106,2026-10-03 16:02:22.372108032 ET,0.55,0.56,1791057792000000000,2026-10-03 16:03:12.000000000 ET,1791057840106360635,2026-10-03 16:04:00.106360576 ET,0.54,0.53,0.17,0.17,-0.64,-6.4,10
5.0,cfb_20261003_cit_scst,aec-cfb-cita-scarst-2026-10-03,vultr,filled,1791058043,1791058044000000000,2026-10-03 16:07:24.000000000 ET,1,timeout,0.61,0.54,0.54,1791058049000000000,2026-10-03 16:07:29.000000000 ET,1791058051161257485,2026-10-03 16:07:31.161257472 ET,0.595,0.605,1791058104000000000,2026-10-03 16:08:24.000000000 ET,1791058109249741026,2026-10-03 16:08:29.249741056 ET,0.6,0.59,0.17,0.17,-0.49,-4.9,10
5.0,cfb_20261003_cit_scst,aec-cfb-cita-scarst-2026-10-03,vultr,filled,1791058176,1791058177000000000,2026-10-03 16:09:37.000000000 ET,1,gap_closed,0.66,0.61,0.61,1791058182000000000,2026-10-03 16:09:42.000000000 ET,1791058186568626246,2026-10-03 16:09:46.568626176 ET,0.655,0.665,1791058195000000000,2026-10-03 16:09:55.000000000 ET,1791058195080623873,2026-10-03 16:09:55.080623872 ET,0.65,0.64,0.15,0.16,-0.56,-5.6,10
5.0,cfb_20261003_cit_scst,aec-cfb-cita-scarst-2026-10-03,vultr,filled,1791058672,1791058673000000000,2026-10-03 16:17:53.000000000 ET,-1,gap_closed,0.515,0.575,0.575,1791058678000000000,2026-10-03 16:17:58.000000000 ET,1791058679028960547,2026-10-03 16:17:59.028960512 ET,0.49,0.48,1791058683000000000,2026-10-03 16:18:03.000000000 ET,1791058686581015985,2026-10-03 16:18:06.581016064 ET,0.4,0.41,0.17,0.17,0.36,3.6,10
5.0,cfb_20261003_cit_scst,aec-cfb-cita-scarst-2026-10-03,vultr,filled,1791058814,1791058815000000000,2026-10-03 16:20:15.000000000 ET,-1,gap_closed,0.255,0.31,0.31,1791058820000000000,2026-10-03 16:20:20.000000000 ET,1791058820328315359,2026-10-03 16:20:20.328315392 ET,0.275,0.265,1791058830000000000,2026-10-03 16:20:30.000000000 ET,1791058835298592360,2026-10-03 16:20:35.298592256 ET,0.26,0.27,0.14,0.14,-0.33,-3.3,10
5.0,cfb_20261003_cit_scst,aec-cfb-cita-scarst-2026-10-03,vultr,filled,1791059397,1791059398000000000,2026-10-03 16:29:58.000000000 ET,1,gap_closed,0.38,0.35,0.35,1791059403000000000,2026-10-03 16:30:03.000000000 ET,1791059406237840739,2026-10-03 16:30:06.237840640 ET,0.365,0.375,1791059419000000000,2026-10-03 16:30:19.000000000 ET,1791059420080066815,2026-10-03 16:30:20.080066816 ET,0.35,0.34,0.16,0.16,-0.67,-6.7,10
5.0,cfb_20261003_cit_scst,aec-cfb-cita-scarst-2026-10-03,vultr,filled,1791059568,1791059569000000000,2026-10-03 16:32:49.000000000 ET,1,gap_closed,0.515,0.455,0.455,1791059574000000000,2026-10-03 16:32:54.000000000 ET,1791059574651905252,2026-10-03 16:32:54.651905280 ET,0.515,0.525,1791059575000000000,2026-10-03 16:32:55.000000000 ET,1791059593734370423,2026-10-03 16:33:13.734370304 ET,0.5,0.49,0.17,0.17,-0.69,-6.9,10
5.0,cfb_20261003_cit_scst,aec-cfb-cita-scarst-2026-10-03,vultr,filled,1791059603,1791059604000000000,2026-10-03 16:33:24.000000000 ET,1,gap_closed,0.565,0.5,0.5,1791059609000000000,2026-10-03 16:33:29.000000000 ET,1791059609796627061,2026-10-03 16:33:29.796626944 ET,0.54,0.55,1791059631000000000,2026-10-03 16:33:51.000000000 ET,1791059635292263282,2026-10-03 16:33:55.292263168 ET,0.575,0.565,0.17,0.17,-0.19,-1.9,10
5.0,cfb_20261003_cit_scst,aec-cfb-cita-scarst-2026-10-03,vultr,filled,1791059663,1791059664000000000,2026-10-03 16:34:24.000000000 ET,1,gap_closed,0.63,,0.58,1791059669000000000,2026-10-03 16:34:29.000000000 ET,1791059671886896423,2026-10-03 16:34:31.886896384 ET,0.62,0.63,1791059677000000000,2026-10-03 16:34:37.000000000 ET,1791059689047698428,2026-10-03 16:34:49.047698432 ET,0.62,0.61,0.16,0.17,-0.53,-5.3,10
5.0,cfb_20261003_cit_scst,aec-cfb-cita-scarst-2026-10-03,vultr,filled,1791060202,1791060203000000000,2026-10-03 16:43:23.000000000 ET,-1,gap_closed,0.55,0.595,0.595,1791060208000000000,2026-10-03 16:43:28.000000000 ET,1791060208291542044,2026-10-03 16:43:28.291542016 ET,0.61,0.6,1791060204000000000,2026-10-03 16:43:24.000000000 ET,1791060207576741179,2026-10-03 16:43:27.576741120 ET,0.615,0.625,0.17,0.16,-0.58,-5.8,10
5.0,cfb_20261003_cit_scst,aec-cfb-cita-scarst-2026-10-03,vultr,filled,1791060219,1791060220000000000,2026-10-03 16:43:40.000000000 ET,-1,gap_closed,0.575,0.61,0.61,1791060225000000000,2026-10-03 16:43:45.000000000 ET,1791060233894012382,2026-10-03 16:43:53.894012416 ET,0.56,0.55,1791060234000000000,2026-10-03 16:43:54.000000000 ET,1791060251060680623,2026-10-03 16:44:11.060680704 ET,0.59,0.6,0.17,0.17,-0.84,-8.4,10
5.0,cfb_20261003_cit_scst,aec-cfb-cita-scarst-2026-10-03,vultr,filled,1791060730,1791060731000000000,2026-10-03 16:52:11.000000000 ET,1,gap_closed,0.7,0.665,0.665,1791060736000000000,2026-10-03 16:52:16.000000000 ET,1791060736128999866,2026-10-03 16:52:16.128999936 ET,0.675,0.685,1791060751000000000,2026-10-03 16:52:31.000000000 ET,1791060756217703850,2026-10-03 16:52:36.217703936 ET,0.71,0.7,0.15,0.15,-0.15,-1.5,10
5.0,cfb_20261003_cit_scst,aec-cfb-cita-scarst-2026-10-03,vultr,outside coverage,1791061353,1791061354000000000,2026-10-03 17:02:34.000000000 ET,1,timeout,0.665,0.615,0.615,1791061359000000000,2026-10-03 17:02:39.000000000 ET,,,,,1791061414000000000,2026-10-03 17:03:34.000000000 ET,,,,,,,,,10
5.0,cfb_20261003_cit_scst,aec-cfb-cita-scarst-2026-10-03,vultr,outside coverage,1791061418,1791061419000000000,2026-10-03 17:03:39.000000000 ET,1,timeout,0.805,0.615,0.615,1791061424000000000,2026-10-03 17:03:44.000000000 ET,,,,,1791061479000000000,2026-10-03 17:04:39.000000000 ET,,,,,,,,,10
5.0,cfb_20261003_cit_scst,aec-cfb-cita-scarst-2026-10-03,vultr,outside coverage,1791061523,1791061524000000000,2026-10-03 17:05:24.000000000 ET,1,gap_closed,0.745,0.615,0.615,1791061529000000000,2026-10-03 17:05:29.000000000 ET,,,,,1791061559000000000,2026-10-03 17:05:59.000000000 ET,,,,,,,,,10
5.0,cfb_20261003_cit_scst,aec-cfb-cita-scarst-2026-10-03,vultr,outside coverage,1791061569,1791061570000000000,2026-10-03 17:06:10.000000000 ET,1,gap_closed,0.645,0.615,0.615,1791061575000000000,2026-10-03 17:06:15.000000000 ET,,,,,1791061574000000000,2026-10-03 17:06:14.000000000 ET,,,,,,,,,10
5.0,cfb_20261003_cit_scst,aec-cfb-cita-scarst-2026-10-03,vultr,outside coverage,1791061580,1791061581000000000,2026-10-03 17:06:21.000000000 ET,-1,timeout,0.5800000000000001,0.615,0.615,1791061586000000000,2026-10-03 17:06:26.000000000 ET,,,,,1791061641000000000,2026-10-03 17:07:21.000000000 ET,,,,,,,,,10
5.0,cfb_20261003_cit_scst,aec-cfb-cita-scarst-2026-10-03,vultr,outside coverage,1791061704,1791061705000000000,2026-10-03 17:08:25.000000000 ET,-1,timeout,0.5,0.615,0.615,1791061710000000000,2026-10-03 17:08:30.000000000 ET,,,,,1791061765000000000,2026-10-03 17:09:25.000000000 ET,,,,,,,,,10
5.0,cfb_20261003_cit_scst,aec-cfb-cita-scarst-2026-10-03,vultr,outside coverage,1791061772,1791061773000000000,2026-10-03 17:09:33.000000000 ET,-1,timeout,0.165,0.615,0.615,1791061778000000000,2026-10-03 17:09:38.000000000 ET,,,,,1791061833000000000,2026-10-03 17:10:33.000000000 ET,,,,,,,,,10
5.0,cfb_20261003_cit_scst,aec-cfb-cita-scarst-2026-10-03,vultr,outside coverage,1791061844,1791061845000000000,2026-10-03 17:10:45.000000000 ET,-1,timeout,0.14,0.615,0.615,1791061850000000000,2026-10-03 17:10:50.000000000 ET,,,,,1791061905000000000,2026-10-03 17:11:45.000000000 ET,,,,,,,,,10
5.0,cfb_20261003_cit_scst,aec-cfb-cita-scarst-2026-10-03,vultr,outside coverage,1791062078,1791062079000000000,2026-10-03 17:14:39.000000000 ET,-1,timeout,0.015,0.615,0.615,1791062084000000000,2026-10-03 17:14:44.000000000 ET,,,,,1791062139000000000,2026-10-03 17:15:39.000000000 ET,,,,,,,,,10
1.0,cfb_20261003_alcn_gram,aec-cfb-alcst-grmbst-2026-10-03,vultr,no exit trade within 60 s,1791055457,1791055458000000000,2026-10-03 15:24:18.000000000 ET,-1,gap_closed,0.5700000000000001,0.605,0.605,1791055459000000000,2026-10-03 15:24:19.000000000 ET,,,,,1791055472000000000,2026-10-03 15:24:32.000000000 ET,,,,,,,,,10
1.0,cfb_20261003_alcn_gram,aec-cfb-alcst-grmbst-2026-10-03,vultr,no entry trade within 60 s,1791056455,1791056456000000000,2026-10-03 15:40:56.000000000 ET,1,gap_closed,0.635,0.6,0.6,1791056457000000000,2026-10-03 15:40:57.000000000 ET,,,,,1791056458000000000,2026-10-03 15:40:58.000000000 ET,,,,,,,,,10
1.0,cfb_20261003_alcn_gram,aec-cfb-alcst-grmbst-2026-10-03,vultr,filled,1791056704,1791056705000000000,2026-10-03 15:45:05.000000000 ET,1,gap_closed,0.635,0.605,0.605,1791056706000000000,2026-10-03 15:45:06.000000000 ET,1791056754089635455,2026-10-03 15:45:54.089635328 ET,0.625,0.635,1791056736000000000,2026-10-03 15:45:36.000000000 ET,1791056754089635455,2026-10-03 15:45:54.089635328 ET,0.625,0.615,0.16,0.16,-0.52,-5.2,10
1.0,cfb_20261003_alcn_gram,aec-cfb-alcst-grmbst-2026-10-03,vultr,filled,1791060815,1791060816000000000,2026-10-03 16:53:36.000000000 ET,1,timeout,0.815,0.745,0.745,1791060817000000000,2026-10-03 16:53:37.000000000 ET,1791060837283170074,2026-10-03 16:53:57.283170048 ET,0.785,0.795,1791060876000000000,2026-10-03 16:54:36.000000000 ET,1791060922180365335,2026-10-03 16:55:22.180365312 ET,0.79,0.78,0.11,0.12,-0.38,-3.8,10
1.0,cfb_20261003_alcn_gram,aec-cfb-alcst-grmbst-2026-10-03,vultr,filled,1791060950,1791060951000000000,2026-10-03 16:55:51.000000000 ET,-1,gap_closed,0.76,0.795,0.795,1791060952000000000,2026-10-03 16:55:52.000000000 ET,1791060955878251106,2026-10-03 16:55:55.878251008 ET,0.79,0.78,1791060960000000000,2026-10-03 16:56:00.000000000 ET,1791060995687771241,2026-10-03 16:56:35.687771136 ET,0.76,0.77,0.12,0.12,-0.14,-1.4,10
1.0,cfb_20261003_alcn_gram,aec-cfb-alcst-grmbst-2026-10-03,vultr,filled,1791060961,1791060962000000000,2026-10-03 16:56:02.000000000 ET,1,gap_closed,0.785,0.755,0.755,1791060963000000000,2026-10-03 16:56:03.000000000 ET,1791060995687771241,2026-10-03 16:56:35.687771136 ET,0.76,0.77,1791060973000000000,2026-10-03 16:56:13.000000000 ET,1791060995687771241,2026-10-03 16:56:35.687771136 ET,0.76,0.75,0.12,0.13,-0.45,-4.5,10
1.0,cfb_20261003_alcn_gram,aec-cfb-alcst-grmbst-2026-10-03,vultr,filled,1791060983,1791060984000000000,2026-10-03 16:56:24.000000000 ET,1,gap_closed,0.785,0.755,0.755,1791060985000000000,2026-10-03 16:56:25.000000000 ET,1791060995687771241,2026-10-03 16:56:35.687771136 ET,0.76,0.77,1791061002000000000,2026-10-03 16:56:42.000000000 ET,1791061017938776896,2026-10-03 16:56:57.938776832 ET,0.685,0.675,0.12,0.15,-1.22,-12.2,10
1.0,cfb_20261003_alcn_gram,aec-cfb-alcst-grmbst-2026-10-03,vultr,filled,1791061116,1791061117000000000,2026-10-03 16:58:37.000000000 ET,-1,gap_closed,0.655,0.705,0.705,1791061118000000000,2026-10-03 16:58:38.000000000 ET,1791061139880630523,2026-10-03 16:58:59.880630528 ET,0.69,0.68,1791061144000000000,2026-10-03 16:59:04.000000000 ET,1791061160799319237,2026-10-03 16:59:20.799319296 ET,0.705,0.715,0.15,0.14,-0.64,-6.4,10
1.0,cfb_20261003_alcn_gram,aec-cfb-alcst-grmbst-2026-10-03,vultr,outside coverage,1791062221,1791062222000000000,2026-10-03 17:17:02.000000000 ET,1,timeout,0.77,0.72,0.72,1791062223000000000,2026-10-03 17:17:03.000000000 ET,,,,,1791062282000000000,2026-10-03 17:18:02.000000000 ET,,,,,,,,,10
1.0,cfb_20261003_alcn_gram,aec-cfb-alcst-grmbst-2026-10-03,vultr,outside coverage,1791062458,1791062459000000000,2026-10-03 17:20:59.000000000 ET,1,timeout,0.8200000000000001,0.72,0.72,1791062460000000000,2026-10-03 17:21:00.000000000 ET,,,,,1791062519000000000,2026-10-03 17:21:59.000000000 ET,,,,,,,,,10
1.0,cfb_20261003_alcn_gram,aec-cfb-alcst-grmbst-2026-10-03,vultr,outside coverage,1791064842,1791064843000000000,2026-10-03 18:00:43.000000000 ET,-1,timeout,0.765,,0.72,1791064844000000000,2026-10-03 18:00:44.000000000 ET,,,,,1791064903000000000,2026-10-03 18:01:43.000000000 ET,,,,,,,,,10
1.0,cfb_20261003_alcn_gram,aec-cfb-alcst-grmbst-2026-10-03,vultr,outside coverage,1791065030,1791065031000000000,2026-10-03 18:03:51.000000000 ET,1,timeout,0.575,,0.72,1791065032000000000,2026-10-03 18:03:52.000000000 ET,,,,,1791065091000000000,2026-10-03 18:04:51.000000000 ET,,,,,,,,,10
1.0,cfb_20261003_alcn_gram,aec-cfb-alcst-grmbst-2026-10-03,vultr,outside coverage,1791065325,1791065326000000000,2026-10-03 18:08:46.000000000 ET,-1,timeout,0.605,,0.72,1791065327000000000,2026-10-03 18:08:47.000000000 ET,,,,,1791065386000000000,2026-10-03 18:09:46.000000000 ET,,,,,,,,,10
1.0,cfb_20261003_alcn_gram,aec-cfb-alcst-grmbst-2026-10-03,vultr,outside coverage,1791065455,1791065456000000000,2026-10-03 18:10:56.000000000 ET,-1,timeout,0.515,,0.72,1791065457000000000,2026-10-03 18:10:57.000000000 ET,,,,,1791065516000000000,2026-10-03 18:11:56.000000000 ET,,,,,,,,,10
1.0,cfb_20261003_alcn_gram,aec-cfb-alcst-grmbst-2026-10-03,vultr,outside coverage,1791065523,1791065524000000000,2026-10-03 18:12:04.000000000 ET,-1,timeout,0.415,,0.72,1791065525000000000,2026-10-03 18:12:05.000000000 ET,,,,,1791065584000000000,2026-10-03 18:13:04.000000000 ET,,,,,,,,,10
1.0,cfb_20261003_alcn_gram,aec-cfb-alcst-grmbst-2026-10-03,vultr,outside coverage,1791065776,1791065777000000000,2026-10-03 18:16:17.000000000 ET,-1,timeout,0.4,,0.72,1791065778000000000,2026-10-03 18:16:18.000000000 ET,,,,,1791065837000000000,2026-10-03 18:17:17.000000000 ET,,,,,,,,,10
1.0,cfb_20261003_alcn_gram,aec-cfb-alcst-grmbst-2026-10-03,vultr,outside coverage,1791065847,1791065848000000000,2026-10-03 18:17:28.000000000 ET,-1,timeout,0.275,,0.72,1791065849000000000,2026-10-03 18:17:29.000000000 ET,,,,,1791065908000000000,2026-10-03 18:18:28.000000000 ET,,,,,,,,,10
1.0,cfb_20261003_alcn_gram,aec-cfb-alcst-grmbst-2026-10-03,vultr,outside coverage,1791065972,1791065973000000000,2026-10-03 18:19:33.000000000 ET,1,timeout,0.28500000000000003,,0.72,1791065974000000000,2026-10-03 18:19:34.000000000 ET,,,,,1791066033000000000,2026-10-03 18:20:33.000000000 ET,,,,,,,,,10
1.0,cfb_20261003_alcn_gram,aec-cfb-alcst-grmbst-2026-10-03,vultr,outside coverage,1791066091,1791066092000000000,2026-10-03 18:21:32.000000000 ET,-1,timeout,0.195,,0.72,1791066093000000000,2026-10-03 18:21:33.000000000 ET,,,,,1791066152000000000,2026-10-03 18:22:32.000000000 ET,,,,,,,,,10
1.0,cfb_20261003_alcn_gram,aec-cfb-alcst-grmbst-2026-10-03,vultr,outside coverage,1791066535,1791066536000000000,2026-10-03 18:28:56.000000000 ET,1,timeout,0.245,,0.72,1791066537000000000,2026-10-03 18:28:57.000000000 ET,,,,,1791066596000000000,2026-10-03 18:29:56.000000000 ET,,,,,,,,,10
1.0,cfb_20261003_alcn_gram,aec-cfb-alcst-grmbst-2026-10-03,vultr,outside coverage,1791066599,1791066600000000000,2026-10-03 18:30:00.000000000 ET,1,timeout,0.425,,0.72,1791066601000000000,2026-10-03 18:30:01.000000000 ET,,,,,1791066660000000000,2026-10-03 18:31:00.000000000 ET,,,,,,,,,10
1.0,cfb_20261003_alcn_gram,aec-cfb-alcst-grmbst-2026-10-03,vultr,outside coverage,1791066773,1791066774000000000,2026-10-03 18:32:54.000000000 ET,-1,timeout,0.20500000000000002,,0.72,1791066775000000000,2026-10-03 18:32:55.000000000 ET,,,,,1791066834000000000,2026-10-03 18:33:54.000000000 ET,,,,,,,,,10
1.0,cfb_20261003_alcn_gram,aec-cfb-alcst-grmbst-2026-10-03,vultr,outside coverage,1791066837,1791066838000000000,2026-10-03 18:33:58.000000000 ET,1,timeout,0.21000000000000002,,0.72,1791066839000000000,2026-10-03 18:33:59.000000000 ET,,,,,1791066898000000000,2026-10-03 18:34:58.000000000 ET,,,,,,,,,10
1.0,cfb_20261003_alcn_gram,aec-cfb-alcst-grmbst-2026-10-03,vultr,outside coverage,1791066906,1791066907000000000,2026-10-03 18:35:07.000000000 ET,-1,timeout,0.165,,0.72,1791066908000000000,2026-10-03 18:35:08.000000000 ET,,,,,1791066967000000000,2026-10-03 18:36:07.000000000 ET,,,,,,,,,10
1.0,cfb_20261003_alcn_gram,aec-cfb-alcst-grmbst-2026-10-03,vultr,outside coverage,1791066995,1791066996000000000,2026-10-03 18:36:36.000000000 ET,1,timeout,0.1,,0.72,1791066997000000000,2026-10-03 18:36:37.000000000 ET,,,,,1791067056000000000,2026-10-03 18:37:36.000000000 ET,,,,,,,,,10
2.0,cfb_20261003_alcn_gram,aec-cfb-alcst-grmbst-2026-10-03,vultr,no exit trade within 60 s,1791055457,1791055458000000000,2026-10-03 15:24:18.000000000 ET,-1,gap_closed,0.5700000000000001,0.605,0.605,1791055460000000000,2026-10-03 15:24:20.000000000 ET,,,,,1791055472000000000,2026-10-03 15:24:32.000000000 ET,,,,,,,,,10
2.0,cfb_20261003_alcn_gram,aec-cfb-alcst-grmbst-2026-10-03,vultr,no entry trade within 60 s,1791056455,1791056456000000000,2026-10-03 15:40:56.000000000 ET,1,gap_closed,0.635,0.6,0.6,1791056458000000000,2026-10-03 15:40:58.000000000 ET,,,,,1791056458000000000,2026-10-03 15:40:58.000000000 ET,,,,,,,,,10
2.0,cfb_20261003_alcn_gram,aec-cfb-alcst-grmbst-2026-10-03,vultr,filled,1791056704,1791056705000000000,2026-10-03 15:45:05.000000000 ET,1,gap_closed,0.635,0.605,0.605,1791056707000000000,2026-10-03 15:45:07.000000000 ET,1791056754089635455,2026-10-03 15:45:54.089635328 ET,0.625,0.635,1791056736000000000,2026-10-03 15:45:36.000000000 ET,1791056754089635455,2026-10-03 15:45:54.089635328 ET,0.625,0.615,0.16,0.16,-0.52,-5.2,10
2.0,cfb_20261003_alcn_gram,aec-cfb-alcst-grmbst-2026-10-03,vultr,filled,1791060815,1791060816000000000,2026-10-03 16:53:36.000000000 ET,1,timeout,0.815,0.745,0.745,1791060818000000000,2026-10-03 16:53:38.000000000 ET,1791060837283170074,2026-10-03 16:53:57.283170048 ET,0.785,0.795,1791060876000000000,2026-10-03 16:54:36.000000000 ET,1791060922180365335,2026-10-03 16:55:22.180365312 ET,0.79,0.78,0.11,0.12,-0.38,-3.8,10
2.0,cfb_20261003_alcn_gram,aec-cfb-alcst-grmbst-2026-10-03,vultr,filled,1791060950,1791060951000000000,2026-10-03 16:55:51.000000000 ET,-1,gap_closed,0.76,0.795,0.795,1791060953000000000,2026-10-03 16:55:53.000000000 ET,1791060955878251106,2026-10-03 16:55:55.878251008 ET,0.79,0.78,1791060960000000000,2026-10-03 16:56:00.000000000 ET,1791060995687771241,2026-10-03 16:56:35.687771136 ET,0.76,0.77,0.12,0.12,-0.14,-1.4,10
2.0,cfb_20261003_alcn_gram,aec-cfb-alcst-grmbst-2026-10-03,vultr,filled,1791060961,1791060962000000000,2026-10-03 16:56:02.000000000 ET,1,gap_closed,0.785,0.755,0.755,1791060964000000000,2026-10-03 16:56:04.000000000 ET,1791060995687771241,2026-10-03 16:56:35.687771136 ET,0.76,0.77,1791060973000000000,2026-10-03 16:56:13.000000000 ET,1791060995687771241,2026-10-03 16:56:35.687771136 ET,0.76,0.75,0.12,0.13,-0.45,-4.5,10
2.0,cfb_20261003_alcn_gram,aec-cfb-alcst-grmbst-2026-10-03,vultr,filled,1791060983,1791060984000000000,2026-10-03 16:56:24.000000000 ET,1,gap_closed,0.785,0.755,0.755,1791060986000000000,2026-10-03 16:56:26.000000000 ET,1791060995687771241,2026-10-03 16:56:35.687771136 ET,0.76,0.77,1791061002000000000,2026-10-03 16:56:42.000000000 ET,1791061017938776896,2026-10-03 16:56:57.938776832 ET,0.685,0.675,0.12,0.15,-1.22,-12.2,10
2.0,cfb_20261003_alcn_gram,aec-cfb-alcst-grmbst-2026-10-03,vultr,filled,1791061116,1791061117000000000,2026-10-03 16:58:37.000000000 ET,-1,gap_closed,0.655,0.705,0.705,1791061119000000000,2026-10-03 16:58:39.000000000 ET,1791061139880630523,2026-10-03 16:58:59.880630528 ET,0.69,0.68,1791061144000000000,2026-10-03 16:59:04.000000000 ET,1791061160799319237,2026-10-03 16:59:20.799319296 ET,0.705,0.715,0.15,0.14,-0.64,-6.4,10
2.0,cfb_20261003_alcn_gram,aec-cfb-alcst-grmbst-2026-10-03,vultr,outside coverage,1791062221,1791062222000000000,2026-10-03 17:17:02.000000000 ET,1,timeout,0.77,0.72,0.72,1791062224000000000,2026-10-03 17:17:04.000000000 ET,,,,,1791062282000000000,2026-10-03 17:18:02.000000000 ET,,,,,,,,,10
2.0,cfb_20261003_alcn_gram,aec-cfb-alcst-grmbst-2026-10-03,vultr,outside coverage,1791062458,1791062459000000000,2026-10-03 17:20:59.000000000 ET,1,timeout,0.8200000000000001,0.72,0.72,1791062461000000000,2026-10-03 17:21:01.000000000 ET,,,,,1791062519000000000,2026-10-03 17:21:59.000000000 ET,,,,,,,,,10
2.0,cfb_20261003_alcn_gram,aec-cfb-alcst-grmbst-2026-10-03,vultr,outside coverage,1791064842,1791064843000000000,2026-10-03 18:00:43.000000000 ET,-1,timeout,0.765,,0.72,1791064845000000000,2026-10-03 18:00:45.000000000 ET,,,,,1791064903000000000,2026-10-03 18:01:43.000000000 ET,,,,,,,,,10
2.0,cfb_20261003_alcn_gram,aec-cfb-alcst-grmbst-2026-10-03,vultr,outside coverage,1791065030,1791065031000000000,2026-10-03 18:03:51.000000000 ET,1,timeout,0.575,,0.72,1791065033000000000,2026-10-03 18:03:53.000000000 ET,,,,,1791065091000000000,2026-10-03 18:04:51.000000000 ET,,,,,,,,,10
2.0,cfb_20261003_alcn_gram,aec-cfb-alcst-grmbst-2026-10-03,vultr,outside coverage,1791065325,1791065326000000000,2026-10-03 18:08:46.000000000 ET,-1,timeout,0.605,,0.72,1791065328000000000,2026-10-03 18:08:48.000000000 ET,,,,,1791065386000000000,2026-10-03 18:09:46.000000000 ET,,,,,,,,,10
2.0,cfb_20261003_alcn_gram,aec-cfb-alcst-grmbst-2026-10-03,vultr,outside coverage,1791065455,1791065456000000000,2026-10-03 18:10:56.000000000 ET,-1,timeout,0.515,,0.72,1791065458000000000,2026-10-03 18:10:58.000000000 ET,,,,,1791065516000000000,2026-10-03 18:11:56.000000000 ET,,,,,,,,,10
2.0,cfb_20261003_alcn_gram,aec-cfb-alcst-grmbst-2026-10-03,vultr,outside coverage,1791065523,1791065524000000000,2026-10-03 18:12:04.000000000 ET,-1,timeout,0.415,,0.72,1791065526000000000,2026-10-03 18:12:06.000000000 ET,,,,,1791065584000000000,2026-10-03 18:13:04.000000000 ET,,,,,,,,,10
2.0,cfb_20261003_alcn_gram,aec-cfb-alcst-grmbst-2026-10-03,vultr,outside coverage,1791065776,1791065777000000000,2026-10-03 18:16:17.000000000 ET,-1,timeout,0.4,,0.72,1791065779000000000,2026-10-03 18:16:19.000000000 ET,,,,,1791065837000000000,2026-10-03 18:17:17.000000000 ET,,,,,,,,,10
2.0,cfb_20261003_alcn_gram,aec-cfb-alcst-grmbst-2026-10-03,vultr,outside coverage,1791065847,1791065848000000000,2026-10-03 18:17:28.000000000 ET,-1,timeout,0.275,,0.72,1791065850000000000,2026-10-03 18:17:30.000000000 ET,,,,,1791065908000000000,2026-10-03 18:18:28.000000000 ET,,,,,,,,,10
2.0,cfb_20261003_alcn_gram,aec-cfb-alcst-grmbst-2026-10-03,vultr,outside coverage,1791065972,1791065973000000000,2026-10-03 18:19:33.000000000 ET,1,timeout,0.28500000000000003,,0.72,1791065975000000000,2026-10-03 18:19:35.000000000 ET,,,,,1791066033000000000,2026-10-03 18:20:33.000000000 ET,,,,,,,,,10
2.0,cfb_20261003_alcn_gram,aec-cfb-alcst-grmbst-2026-10-03,vultr,outside coverage,1791066091,1791066092000000000,2026-10-03 18:21:32.000000000 ET,-1,timeout,0.195,,0.72,1791066094000000000,2026-10-03 18:21:34.000000000 ET,,,,,1791066152000000000,2026-10-03 18:22:32.000000000 ET,,,,,,,,,10
2.0,cfb_20261003_alcn_gram,aec-cfb-alcst-grmbst-2026-10-03,vultr,outside coverage,1791066535,1791066536000000000,2026-10-03 18:28:56.000000000 ET,1,timeout,0.245,,0.72,1791066538000000000,2026-10-03 18:28:58.000000000 ET,,,,,1791066596000000000,2026-10-03 18:29:56.000000000 ET,,,,,,,,,10
2.0,cfb_20261003_alcn_gram,aec-cfb-alcst-grmbst-2026-10-03,vultr,outside coverage,1791066599,1791066600000000000,2026-10-03 18:30:00.000000000 ET,1,timeout,0.425,,0.72,1791066602000000000,2026-10-03 18:30:02.000000000 ET,,,,,1791066660000000000,2026-10-03 18:31:00.000000000 ET,,,,,,,,,10
2.0,cfb_20261003_alcn_gram,aec-cfb-alcst-grmbst-2026-10-03,vultr,outside coverage,1791066773,1791066774000000000,2026-10-03 18:32:54.000000000 ET,-1,timeout,0.20500000000000002,,0.72,1791066776000000000,2026-10-03 18:32:56.000000000 ET,,,,,1791066834000000000,2026-10-03 18:33:54.000000000 ET,,,,,,,,,10
2.0,cfb_20261003_alcn_gram,aec-cfb-alcst-grmbst-2026-10-03,vultr,outside coverage,1791066837,1791066838000000000,2026-10-03 18:33:58.000000000 ET,1,timeout,0.21000000000000002,,0.72,1791066840000000000,2026-10-03 18:34:00.000000000 ET,,,,,1791066898000000000,2026-10-03 18:34:58.000000000 ET,,,,,,,,,10
2.0,cfb_20261003_alcn_gram,aec-cfb-alcst-grmbst-2026-10-03,vultr,outside coverage,1791066906,1791066907000000000,2026-10-03 18:35:07.000000000 ET,-1,timeout,0.165,,0.72,1791066909000000000,2026-10-03 18:35:09.000000000 ET,,,,,1791066967000000000,2026-10-03 18:36:07.000000000 ET,,,,,,,,,10
2.0,cfb_20261003_alcn_gram,aec-cfb-alcst-grmbst-2026-10-03,vultr,outside coverage,1791066995,1791066996000000000,2026-10-03 18:36:36.000000000 ET,1,timeout,0.1,,0.72,1791066998000000000,2026-10-03 18:36:38.000000000 ET,,,,,1791067056000000000,2026-10-03 18:37:36.000000000 ET,,,,,,,,,10
5.0,cfb_20261003_alcn_gram,aec-cfb-alcst-grmbst-2026-10-03,vultr,no entry trade within 60 s,1791055457,1791055458000000000,2026-10-03 15:24:18.000000000 ET,-1,gap_closed,0.5700000000000001,0.605,0.605,1791055463000000000,2026-10-03 15:24:23.000000000 ET,,,,,1791055472000000000,2026-10-03 15:24:32.000000000 ET,,,,,,,,,10
5.0,cfb_20261003_alcn_gram,aec-cfb-alcst-grmbst-2026-10-03,vultr,no entry trade within 60 s,1791056455,1791056456000000000,2026-10-03 15:40:56.000000000 ET,1,gap_closed,0.635,0.6,0.6,1791056461000000000,2026-10-03 15:41:01.000000000 ET,,,,,1791056458000000000,2026-10-03 15:40:58.000000000 ET,,,,,,,,,10
5.0,cfb_20261003_alcn_gram,aec-cfb-alcst-grmbst-2026-10-03,vultr,filled,1791056704,1791056705000000000,2026-10-03 15:45:05.000000000 ET,1,gap_closed,0.635,0.605,0.605,1791056710000000000,2026-10-03 15:45:10.000000000 ET,1791056754089635455,2026-10-03 15:45:54.089635328 ET,0.625,0.635,1791056736000000000,2026-10-03 15:45:36.000000000 ET,1791056754089635455,2026-10-03 15:45:54.089635328 ET,0.625,0.615,0.16,0.16,-0.52,-5.2,10
5.0,cfb_20261003_alcn_gram,aec-cfb-alcst-grmbst-2026-10-03,vultr,filled,1791060815,1791060816000000000,2026-10-03 16:53:36.000000000 ET,1,timeout,0.815,0.745,0.745,1791060821000000000,2026-10-03 16:53:41.000000000 ET,1791060837283170074,2026-10-03 16:53:57.283170048 ET,0.785,0.795,1791060876000000000,2026-10-03 16:54:36.000000000 ET,1791060922180365335,2026-10-03 16:55:22.180365312 ET,0.79,0.78,0.11,0.12,-0.38,-3.8,10
5.0,cfb_20261003_alcn_gram,aec-cfb-alcst-grmbst-2026-10-03,vultr,filled,1791060950,1791060951000000000,2026-10-03 16:55:51.000000000 ET,-1,gap_closed,0.76,0.795,0.795,1791060956000000000,2026-10-03 16:55:56.000000000 ET,1791060959470673733,2026-10-03 16:55:59.470673664 ET,0.755,0.745,1791060960000000000,2026-10-03 16:56:00.000000000 ET,1791060995687771241,2026-10-03 16:56:35.687771136 ET,0.76,0.77,0.13,0.12,-0.5,-5.0,10
5.0,cfb_20261003_alcn_gram,aec-cfb-alcst-grmbst-2026-10-03,vultr,filled,1791060961,1791060962000000000,2026-10-03 16:56:02.000000000 ET,1,gap_closed,0.785,0.755,0.755,1791060967000000000,2026-10-03 16:56:07.000000000 ET,1791060995687771241,2026-10-03 16:56:35.687771136 ET,0.76,0.77,1791060973000000000,2026-10-03 16:56:13.000000000 ET,1791060995687771241,2026-10-03 16:56:35.687771136 ET,0.76,0.75,0.12,0.13,-0.45,-4.5,10
5.0,cfb_20261003_alcn_gram,aec-cfb-alcst-grmbst-2026-10-03,vultr,filled,1791060983,1791060984000000000,2026-10-03 16:56:24.000000000 ET,1,gap_closed,0.785,0.755,0.755,1791060989000000000,2026-10-03 16:56:29.000000000 ET,1791060995687771241,2026-10-03 16:56:35.687771136 ET,0.76,0.77,1791061002000000000,2026-10-03 16:56:42.000000000 ET,1791061017938776896,2026-10-03 16:56:57.938776832 ET,0.685,0.675,0.12,0.15,-1.22,-12.2,10
5.0,cfb_20261003_alcn_gram,aec-cfb-alcst-grmbst-2026-10-03,vultr,filled,1791061116,1791061117000000000,2026-10-03 16:58:37.000000000 ET,-1,gap_closed,0.655,0.705,0.705,1791061122000000000,2026-10-03 16:58:42.000000000 ET,1791061139880630523,2026-10-03 16:58:59.880630528 ET,0.69,0.68,1791061144000000000,2026-10-03 16:59:04.000000000 ET,1791061160799319237,2026-10-03 16:59:20.799319296 ET,0.705,0.715,0.15,0.14,-0.64,-6.4,10
5.0,cfb_20261003_alcn_gram,aec-cfb-alcst-grmbst-2026-10-03,vultr,outside coverage,1791062221,1791062222000000000,2026-10-03 17:17:02.000000000 ET,1,timeout,0.77,0.72,0.72,1791062227000000000,2026-10-03 17:17:07.000000000 ET,,,,,1791062282000000000,2026-10-03 17:18:02.000000000 ET,,,,,,,,,10
5.0,cfb_20261003_alcn_gram,aec-cfb-alcst-grmbst-2026-10-03,vultr,outside coverage,1791062458,1791062459000000000,2026-10-03 17:20:59.000000000 ET,1,timeout,0.8200000000000001,0.72,0.72,1791062464000000000,2026-10-03 17:21:04.000000000 ET,,,,,1791062519000000000,2026-10-03 17:21:59.000000000 ET,,,,,,,,,10
5.0,cfb_20261003_alcn_gram,aec-cfb-alcst-grmbst-2026-10-03,vultr,outside coverage,1791064842,1791064843000000000,2026-10-03 18:00:43.000000000 ET,-1,timeout,0.765,,0.72,1791064848000000000,2026-10-03 18:00:48.000000000 ET,,,,,1791064903000000000,2026-10-03 18:01:43.000000000 ET,,,,,,,,,10
5.0,cfb_20261003_alcn_gram,aec-cfb-alcst-grmbst-2026-10-03,vultr,outside coverage,1791065030,1791065031000000000,2026-10-03 18:03:51.000000000 ET,1,timeout,0.575,,0.72,1791065036000000000,2026-10-03 18:03:56.000000000 ET,,,,,1791065091000000000,2026-10-03 18:04:51.000000000 ET,,,,,,,,,10
5.0,cfb_20261003_alcn_gram,aec-cfb-alcst-grmbst-2026-10-03,vultr,outside coverage,1791065325,1791065326000000000,2026-10-03 18:08:46.000000000 ET,-1,timeout,0.605,,0.72,1791065331000000000,2026-10-03 18:08:51.000000000 ET,,,,,1791065386000000000,2026-10-03 18:09:46.000000000 ET,,,,,,,,,10
5.0,cfb_20261003_alcn_gram,aec-cfb-alcst-grmbst-2026-10-03,vultr,outside coverage,1791065455,1791065456000000000,2026-10-03 18:10:56.000000000 ET,-1,timeout,0.515,,0.72,1791065461000000000,2026-10-03 18:11:01.000000000 ET,,,,,1791065516000000000,2026-10-03 18:11:56.000000000 ET,,,,,,,,,10
5.0,cfb_20261003_alcn_gram,aec-cfb-alcst-grmbst-2026-10-03,vultr,outside coverage,1791065523,1791065524000000000,2026-10-03 18:12:04.000000000 ET,-1,timeout,0.415,,0.72,1791065529000000000,2026-10-03 18:12:09.000000000 ET,,,,,1791065584000000000,2026-10-03 18:13:04.000000000 ET,,,,,,,,,10
5.0,cfb_20261003_alcn_gram,aec-cfb-alcst-grmbst-2026-10-03,vultr,outside coverage,1791065776,1791065777000000000,2026-10-03 18:16:17.000000000 ET,-1,timeout,0.4,,0.72,1791065782000000000,2026-10-03 18:16:22.000000000 ET,,,,,1791065837000000000,2026-10-03 18:17:17.000000000 ET,,,,,,,,,10
5.0,cfb_20261003_alcn_gram,aec-cfb-alcst-grmbst-2026-10-03,vultr,outside coverage,1791065847,1791065848000000000,2026-10-03 18:17:28.000000000 ET,-1,timeout,0.275,,0.72,1791065853000000000,2026-10-03 18:17:33.000000000 ET,,,,,1791065908000000000,2026-10-03 18:18:28.000000000 ET,,,,,,,,,10
5.0,cfb_20261003_alcn_gram,aec-cfb-alcst-grmbst-2026-10-03,vultr,outside coverage,1791065972,1791065973000000000,2026-10-03 18:19:33.000000000 ET,1,timeout,0.28500000000000003,,0.72,1791065978000000000,2026-10-03 18:19:38.000000000 ET,,,,,1791066033000000000,2026-10-03 18:20:33.000000000 ET,,,,,,,,,10
5.0,cfb_20261003_alcn_gram,aec-cfb-alcst-grmbst-2026-10-03,vultr,outside coverage,1791066091,1791066092000000000,2026-10-03 18:21:32.000000000 ET,-1,timeout,0.195,,0.72,1791066097000000000,2026-10-03 18:21:37.000000000 ET,,,,,1791066152000000000,2026-10-03 18:22:32.000000000 ET,,,,,,,,,10
5.0,cfb_20261003_alcn_gram,aec-cfb-alcst-grmbst-2026-10-03,vultr,outside coverage,1791066535,1791066536000000000,2026-10-03 18:28:56.000000000 ET,1,timeout,0.245,,0.72,1791066541000000000,2026-10-03 18:29:01.000000000 ET,,,,,1791066596000000000,2026-10-03 18:29:56.000000000 ET,,,,,,,,,10
5.0,cfb_20261003_alcn_gram,aec-cfb-alcst-grmbst-2026-10-03,vultr,outside coverage,1791066599,1791066600000000000,2026-10-03 18:30:00.000000000 ET,1,timeout,0.425,,0.72,1791066605000000000,2026-10-03 18:30:05.000000000 ET,,,,,1791066660000000000,2026-10-03 18:31:00.000000000 ET,,,,,,,,,10
5.0,cfb_20261003_alcn_gram,aec-cfb-alcst-grmbst-2026-10-03,vultr,outside coverage,1791066773,1791066774000000000,2026-10-03 18:32:54.000000000 ET,-1,timeout,0.20500000000000002,,0.72,1791066779000000000,2026-10-03 18:32:59.000000000 ET,,,,,1791066834000000000,2026-10-03 18:33:54.000000000 ET,,,,,,,,,10
5.0,cfb_20261003_alcn_gram,aec-cfb-alcst-grmbst-2026-10-03,vultr,outside coverage,1791066837,1791066838000000000,2026-10-03 18:33:58.000000000 ET,1,timeout,0.21000000000000002,,0.72,1791066843000000000,2026-10-03 18:34:03.000000000 ET,,,,,1791066898000000000,2026-10-03 18:34:58.000000000 ET,,,,,,,,,10
5.0,cfb_20261003_alcn_gram,aec-cfb-alcst-grmbst-2026-10-03,vultr,outside coverage,1791066906,1791066907000000000,2026-10-03 18:35:07.000000000 ET,-1,timeout,0.165,,0.72,1791066912000000000,2026-10-03 18:35:12.000000000 ET,,,,,1791066967000000000,2026-10-03 18:36:07.000000000 ET,,,,,,,,,10
5.0,cfb_20261003_alcn_gram,aec-cfb-alcst-grmbst-2026-10-03,vultr,outside coverage,1791066995,1791066996000000000,2026-10-03 18:36:36.000000000 ET,1,timeout,0.1,,0.72,1791067001000000000,2026-10-03 18:36:41.000000000 ET,,,,,1791067056000000000,2026-10-03 18:37:36.000000000 ET,,,,,,,,,10
1.0,cfb_20261003_how_hamp,aec-cfb-howrd-hamp-2026-10-03,vultr,filled,1791058714,1791058715000000000,2026-10-03 16:18:35.000000000 ET,1,gap_closed,0.18,0.15,0.15,1791058716000000000,2026-10-03 16:18:36.000000000 ET,1791058728360347946,2026-10-03 16:18:48.360347904 ET,0.195,0.205,1791058752000000000,2026-10-03 16:19:12.000000000 ET,1791058776645425629,2026-10-03 16:19:36.645425664 ET,0.285,0.275,0.11,0.14,0.45,4.5,10
1.0,cfb_20261003_how_hamp,aec-cfb-howrd-hamp-2026-10-03,vultr,outside coverage,1791061908,1791061909000000000,2026-10-03 17:11:49.000000000 ET,1,timeout,0.315,0.26,0.26,1791061910000000000,2026-10-03 17:11:50.000000000 ET,,,,,1791061969000000000,2026-10-03 17:12:49.000000000 ET,,,,,,,,,10
1.0,cfb_20261003_how_hamp,aec-cfb-howrd-hamp-2026-10-03,vultr,outside coverage,1791062726,1791062727000000000,2026-10-03 17:25:27.000000000 ET,-1,timeout,0.195,0.26,0.26,1791062728000000000,2026-10-03 17:25:28.000000000 ET,,,,,1791062787000000000,2026-10-03 17:26:27.000000000 ET,,,,,,,,,10
1.0,cfb_20261003_how_hamp,aec-cfb-howrd-hamp-2026-10-03,vultr,outside coverage,1791062877,1791062878000000000,2026-10-03 17:27:58.000000000 ET,-1,timeout,0.18,0.26,0.26,1791062879000000000,2026-10-03 17:27:59.000000000 ET,,,,,1791062938000000000,2026-10-03 17:28:58.000000000 ET,,,,,,,,,10
1.0,cfb_20261003_how_hamp,aec-cfb-howrd-hamp-2026-10-03,vultr,outside coverage,1791063264,1791063265000000000,2026-10-03 17:34:25.000000000 ET,1,timeout,0.27,,0.26,1791063266000000000,2026-10-03 17:34:26.000000000 ET,,,,,1791063325000000000,2026-10-03 17:35:25.000000000 ET,,,,,,,,,10
1.0,cfb_20261003_how_hamp,aec-cfb-howrd-hamp-2026-10-03,vultr,outside coverage,1791063450,1791063451000000000,2026-10-03 17:37:31.000000000 ET,-1,timeout,0.225,,0.26,1791063452000000000,2026-10-03 17:37:32.000000000 ET,,,,,1791063511000000000,2026-10-03 17:38:31.000000000 ET,,,,,,,,,10
1.0,cfb_20261003_how_hamp,aec-cfb-howrd-hamp-2026-10-03,vultr,outside coverage,1791064036,1791064037000000000,2026-10-03 17:47:17.000000000 ET,1,timeout,0.14500000000000002,,0.26,1791064038000000000,2026-10-03 17:47:18.000000000 ET,,,,,1791064097000000000,2026-10-03 17:48:17.000000000 ET,,,,,,,,,10
1.0,cfb_20261003_how_hamp,aec-cfb-howrd-hamp-2026-10-03,vultr,outside coverage,1791064351,1791064352000000000,2026-10-03 17:52:32.000000000 ET,-1,timeout,0.14500000000000002,,0.26,1791064353000000000,2026-10-03 17:52:33.000000000 ET,,,,,1791064412000000000,2026-10-03 17:53:32.000000000 ET,,,,,,,,,10
2.0,cfb_20261003_how_hamp,aec-cfb-howrd-hamp-2026-10-03,vultr,filled,1791058714,1791058715000000000,2026-10-03 16:18:35.000000000 ET,1,gap_closed,0.18,0.15,0.15,1791058717000000000,2026-10-03 16:18:37.000000000 ET,1791058728360347946,2026-10-03 16:18:48.360347904 ET,0.195,0.205,1791058752000000000,2026-10-03 16:19:12.000000000 ET,1791058776645425629,2026-10-03 16:19:36.645425664 ET,0.285,0.275,0.11,0.14,0.45,4.5,10
2.0,cfb_20261003_how_hamp,aec-cfb-howrd-hamp-2026-10-03,vultr,outside coverage,1791061908,1791061909000000000,2026-10-03 17:11:49.000000000 ET,1,timeout,0.315,0.26,0.26,1791061911000000000,2026-10-03 17:11:51.000000000 ET,,,,,1791061969000000000,2026-10-03 17:12:49.000000000 ET,,,,,,,,,10
2.0,cfb_20261003_how_hamp,aec-cfb-howrd-hamp-2026-10-03,vultr,outside coverage,1791062726,1791062727000000000,2026-10-03 17:25:27.000000000 ET,-1,timeout,0.195,0.26,0.26,1791062729000000000,2026-10-03 17:25:29.000000000 ET,,,,,1791062787000000000,2026-10-03 17:26:27.000000000 ET,,,,,,,,,10
2.0,cfb_20261003_how_hamp,aec-cfb-howrd-hamp-2026-10-03,vultr,outside coverage,1791062877,1791062878000000000,2026-10-03 17:27:58.000000000 ET,-1,timeout,0.18,0.26,0.26,1791062880000000000,2026-10-03 17:28:00.000000000 ET,,,,,1791062938000000000,2026-10-03 17:28:58.000000000 ET,,,,,,,,,10
2.0,cfb_20261003_how_hamp,aec-cfb-howrd-hamp-2026-10-03,vultr,outside coverage,1791063264,1791063265000000000,2026-10-03 17:34:25.000000000 ET,1,timeout,0.27,,0.26,1791063267000000000,2026-10-03 17:34:27.000000000 ET,,,,,1791063325000000000,2026-10-03 17:35:25.000000000 ET,,,,,,,,,10
2.0,cfb_20261003_how_hamp,aec-cfb-howrd-hamp-2026-10-03,vultr,outside coverage,1791063450,1791063451000000000,2026-10-03 17:37:31.000000000 ET,-1,timeout,0.225,,0.26,1791063453000000000,2026-10-03 17:37:33.000000000 ET,,,,,1791063511000000000,2026-10-03 17:38:31.000000000 ET,,,,,,,,,10
2.0,cfb_20261003_how_hamp,aec-cfb-howrd-hamp-2026-10-03,vultr,outside coverage,1791064036,1791064037000000000,2026-10-03 17:47:17.000000000 ET,1,timeout,0.14500000000000002,,0.26,1791064039000000000,2026-10-03 17:47:19.000000000 ET,,,,,1791064097000000000,2026-10-03 17:48:17.000000000 ET,,,,,,,,,10
2.0,cfb_20261003_how_hamp,aec-cfb-howrd-hamp-2026-10-03,vultr,outside coverage,1791064351,1791064352000000000,2026-10-03 17:52:32.000000000 ET,-1,timeout,0.14500000000000002,,0.26,1791064354000000000,2026-10-03 17:52:34.000000000 ET,,,,,1791064412000000000,2026-10-03 17:53:32.000000000 ET,,,,,,,,,10
5.0,cfb_20261003_how_hamp,aec-cfb-howrd-hamp-2026-10-03,vultr,filled,1791058714,1791058715000000000,2026-10-03 16:18:35.000000000 ET,1,gap_closed,0.18,0.15,0.15,1791058720000000000,2026-10-03 16:18:40.000000000 ET,1791058728360347946,2026-10-03 16:18:48.360347904 ET,0.195,0.205,1791058752000000000,2026-10-03 16:19:12.000000000 ET,1791058776645425629,2026-10-03 16:19:36.645425664 ET,0.285,0.275,0.11,0.14,0.45,4.5,10
5.0,cfb_20261003_how_hamp,aec-cfb-howrd-hamp-2026-10-03,vultr,outside coverage,1791061908,1791061909000000000,2026-10-03 17:11:49.000000000 ET,1,timeout,0.315,0.26,0.26,1791061914000000000,2026-10-03 17:11:54.000000000 ET,,,,,1791061969000000000,2026-10-03 17:12:49.000000000 ET,,,,,,,,,10
5.0,cfb_20261003_how_hamp,aec-cfb-howrd-hamp-2026-10-03,vultr,outside coverage,1791062726,1791062727000000000,2026-10-03 17:25:27.000000000 ET,-1,timeout,0.195,0.26,0.26,1791062732000000000,2026-10-03 17:25:32.000000000 ET,,,,,1791062787000000000,2026-10-03 17:26:27.000000000 ET,,,,,,,,,10
5.0,cfb_20261003_how_hamp,aec-cfb-howrd-hamp-2026-10-03,vultr,outside coverage,1791062877,1791062878000000000,2026-10-03 17:27:58.000000000 ET,-1,timeout,0.18,0.26,0.26,1791062883000000000,2026-10-03 17:28:03.000000000 ET,,,,,1791062938000000000,2026-10-03 17:28:58.000000000 ET,,,,,,,,,10
5.0,cfb_20261003_how_hamp,aec-cfb-howrd-hamp-2026-10-03,vultr,outside coverage,1791063264,1791063265000000000,2026-10-03 17:34:25.000000000 ET,1,timeout,0.27,,0.26,1791063270000000000,2026-10-03 17:34:30.000000000 ET,,,,,1791063325000000000,2026-10-03 17:35:25.000000000 ET,,,,,,,,,10
5.0,cfb_20261003_how_hamp,aec-cfb-howrd-hamp-2026-10-03,vultr,outside coverage,1791063450,1791063451000000000,2026-10-03 17:37:31.000000000 ET,-1,timeout,0.225,,0.26,1791063456000000000,2026-10-03 17:37:36.000000000 ET,,,,,1791063511000000000,2026-10-03 17:38:31.000000000 ET,,,,,,,,,10
5.0,cfb_20261003_how_hamp,aec-cfb-howrd-hamp-2026-10-03,vultr,outside coverage,1791064036,1791064037000000000,2026-10-03 17:47:17.000000000 ET,1,timeout,0.14500000000000002,,0.26,1791064042000000000,2026-10-03 17:47:22.000000000 ET,,,,,1791064097000000000,2026-10-03 17:48:17.000000000 ET,,,,,,,,,10
5.0,cfb_20261003_how_hamp,aec-cfb-howrd-hamp-2026-10-03,vultr,outside coverage,1791064351,1791064352000000000,2026-10-03 17:52:32.000000000 ET,-1,timeout,0.14500000000000002,,0.26,1791064357000000000,2026-10-03 17:52:37.000000000 ET,,,,,1791064412000000000,2026-10-03 17:53:32.000000000 ET,,,,,,,,,10
1.0,cfb_20261003_shu_me,aec-cfb-sacred-maine-2026-10-03,vultr,outside coverage,1791063484,1791063485000000000,2026-10-03 17:38:05.000000000 ET,1,timeout,0.19,,0.4,1791063486000000000,2026-10-03 17:38:06.000000000 ET,,,,,1791063545000000000,2026-10-03 17:39:05.000000000 ET,,,,,,,,,10
1.0,cfb_20261003_shu_me,aec-cfb-sacred-maine-2026-10-03,vultr,outside coverage,1791063723,1791063724000000000,2026-10-03 17:42:04.000000000 ET,-1,timeout,0.165,,0.4,1791063725000000000,2026-10-03 17:42:05.000000000 ET,,,,,1791063784000000000,2026-10-03 17:43:04.000000000 ET,,,,,,,,,10
1.0,cfb_20261003_shu_me,aec-cfb-sacred-maine-2026-10-03,vultr,outside coverage,1791063999,1791064000000000000,2026-10-03 17:46:40.000000000 ET,1,timeout,0.13,,0.4,1791064001000000000,2026-10-03 17:46:41.000000000 ET,,,,,1791064060000000000,2026-10-03 17:47:40.000000000 ET,,,,,,,,,10
1.0,cfb_20261003_shu_me,aec-cfb-sacred-maine-2026-10-03,vultr,outside coverage,1791064455,1791064456000000000,2026-10-03 17:54:16.000000000 ET,-1,timeout,0.185,,0.4,1791064457000000000,2026-10-03 17:54:17.000000000 ET,,,,,1791064516000000000,2026-10-03 17:55:16.000000000 ET,,,,,,,,,10
1.0,cfb_20261003_shu_me,aec-cfb-sacred-maine-2026-10-03,vultr,outside coverage,1791065791,1791065792000000000,2026-10-03 18:16:32.000000000 ET,-1,timeout,0.035,,0.4,1791065793000000000,2026-10-03 18:16:33.000000000 ET,,,,,1791065852000000000,2026-10-03 18:17:32.000000000 ET,,,,,,,,,10
2.0,cfb_20261003_shu_me,aec-cfb-sacred-maine-2026-10-03,vultr,outside coverage,1791063484,1791063485000000000,2026-10-03 17:38:05.000000000 ET,1,timeout,0.19,,0.4,1791063487000000000,2026-10-03 17:38:07.000000000 ET,,,,,1791063545000000000,2026-10-03 17:39:05.000000000 ET,,,,,,,,,10
2.0,cfb_20261003_shu_me,aec-cfb-sacred-maine-2026-10-03,vultr,outside coverage,1791063723,1791063724000000000,2026-10-03 17:42:04.000000000 ET,-1,timeout,0.165,,0.4,1791063726000000000,2026-10-03 17:42:06.000000000 ET,,,,,1791063784000000000,2026-10-03 17:43:04.000000000 ET,,,,,,,,,10
2.0,cfb_20261003_shu_me,aec-cfb-sacred-maine-2026-10-03,vultr,outside coverage,1791063999,1791064000000000000,2026-10-03 17:46:40.000000000 ET,1,timeout,0.13,,0.4,1791064002000000000,2026-10-03 17:46:42.000000000 ET,,,,,1791064060000000000,2026-10-03 17:47:40.000000000 ET,,,,,,,,,10
2.0,cfb_20261003_shu_me,aec-cfb-sacred-maine-2026-10-03,vultr,outside coverage,1791064455,1791064456000000000,2026-10-03 17:54:16.000000000 ET,-1,timeout,0.185,,0.4,1791064458000000000,2026-10-03 17:54:18.000000000 ET,,,,,1791064516000000000,2026-10-03 17:55:16.000000000 ET,,,,,,,,,10
2.0,cfb_20261003_shu_me,aec-cfb-sacred-maine-2026-10-03,vultr,outside coverage,1791065791,1791065792000000000,2026-10-03 18:16:32.000000000 ET,-1,timeout,0.035,,0.4,1791065794000000000,2026-10-03 18:16:34.000000000 ET,,,,,1791065852000000000,2026-10-03 18:17:32.000000000 ET,,,,,,,,,10
5.0,cfb_20261003_shu_me,aec-cfb-sacred-maine-2026-10-03,vultr,outside coverage,1791063484,1791063485000000000,2026-10-03 17:38:05.000000000 ET,1,timeout,0.19,,0.4,1791063490000000000,2026-10-03 17:38:10.000000000 ET,,,,,1791063545000000000,2026-10-03 17:39:05.000000000 ET,,,,,,,,,10
5.0,cfb_20261003_shu_me,aec-cfb-sacred-maine-2026-10-03,vultr,outside coverage,1791063723,1791063724000000000,2026-10-03 17:42:04.000000000 ET,-1,timeout,0.165,,0.4,1791063729000000000,2026-10-03 17:42:09.000000000 ET,,,,,1791063784000000000,2026-10-03 17:43:04.000000000 ET,,,,,,,,,10
5.0,cfb_20261003_shu_me,aec-cfb-sacred-maine-2026-10-03,vultr,outside coverage,1791063999,1791064000000000000,2026-10-03 17:46:40.000000000 ET,1,timeout,0.13,,0.4,1791064005000000000,2026-10-03 17:46:45.000000000 ET,,,,,1791064060000000000,2026-10-03 17:47:40.000000000 ET,,,,,,,,,10
5.0,cfb_20261003_shu_me,aec-cfb-sacred-maine-2026-10-03,vultr,outside coverage,1791064455,1791064456000000000,2026-10-03 17:54:16.000000000 ET,-1,timeout,0.185,,0.4,1791064461000000000,2026-10-03 17:54:21.000000000 ET,,,,,1791064516000000000,2026-10-03 17:55:16.000000000 ET,,,,,,,,,10
5.0,cfb_20261003_shu_me,aec-cfb-sacred-maine-2026-10-03,vultr,outside coverage,1791065791,1791065792000000000,2026-10-03 18:16:32.000000000 ET,-1,timeout,0.035,,0.4,1791065797000000000,2026-10-03 18:16:37.000000000 ET,,,,,1791065852000000000,2026-10-03 18:17:32.000000000 ET,,,,,,,,,10
1.0,cfb_20261003_chat_etsu,aec-cfb-chat-etnst-2026-10-03,vultr,no exit trade within 60 s,1791060004,1791060005000000000,2026-10-03 16:40:05.000000000 ET,1,gap_closed,0.635,0.57,0.57,1791060006000000000,2026-10-03 16:40:06.000000000 ET,,,,,1791060012000000000,2026-10-03 16:40:12.000000000 ET,,,,,,,,,10
1.0,cfb_20261003_chat_etsu,aec-cfb-chat-etnst-2026-10-03,vultr,outside coverage,1791062642,1791062643000000000,2026-10-03 17:24:03.000000000 ET,-1,timeout,0.625,0.675,0.675,1791062644000000000,2026-10-03 17:24:04.000000000 ET,,,,,1791062703000000000,2026-10-03 17:25:03.000000000 ET,,,,,,,,,10
1.0,cfb_20261003_chat_etsu,aec-cfb-chat-etnst-2026-10-03,vultr,outside coverage,1791063404,1791063405000000000,2026-10-03 17:36:45.000000000 ET,-1,timeout,0.6100000000000001,,0.675,1791063406000000000,2026-10-03 17:36:46.000000000 ET,,,,,1791063465000000000,2026-10-03 17:37:45.000000000 ET,,,,,,,,,10
1.0,cfb_20261003_chat_etsu,aec-cfb-chat-etnst-2026-10-03,vultr,outside coverage,1791063490,1791063491000000000,2026-10-03 17:38:11.000000000 ET,-1,timeout,0.565,,0.675,1791063492000000000,2026-10-03 17:38:12.000000000 ET,,,,,1791063551000000000,2026-10-03 17:39:11.000000000 ET,,,,,,,,,10
1.0,cfb_20261003_chat_etsu,aec-cfb-chat-etnst-2026-10-03,vultr,outside coverage,1791063554,1791063555000000000,2026-10-03 17:39:15.000000000 ET,-1,timeout,0.575,,0.675,1791063556000000000,2026-10-03 17:39:16.000000000 ET,,,,,1791063615000000000,2026-10-03 17:40:15.000000000 ET,,,,,,,,,10
1.0,cfb_20261003_chat_etsu,aec-cfb-chat-etnst-2026-10-03,vultr,outside coverage,1791063881,1791063882000000000,2026-10-03 17:44:42.000000000 ET,1,timeout,0.6950000000000001,,0.675,1791063883000000000,2026-10-03 17:44:43.000000000 ET,,,,,1791063942000000000,2026-10-03 17:45:42.000000000 ET,,,,,,,,,10
1.0,cfb_20261003_chat_etsu,aec-cfb-chat-etnst-2026-10-03,vultr,outside coverage,1791064184,1791064185000000000,2026-10-03 17:49:45.000000000 ET,1,timeout,0.685,,0.675,1791064186000000000,2026-10-03 17:49:46.000000000 ET,,,,,1791064245000000000,2026-10-03 17:50:45.000000000 ET,,,,,,,,,10
1.0,cfb_20261003_chat_etsu,aec-cfb-chat-etnst-2026-10-03,vultr,outside coverage,1791064407,1791064408000000000,2026-10-03 17:53:28.000000000 ET,1,timeout,0.815,,0.675,1791064409000000000,2026-10-03 17:53:29.000000000 ET,,,,,1791064468000000000,2026-10-03 17:54:28.000000000 ET,,,,,,,,,10
2.0,cfb_20261003_chat_etsu,aec-cfb-chat-etnst-2026-10-03,vultr,no exit trade within 60 s,1791060004,1791060005000000000,2026-10-03 16:40:05.000000000 ET,1,gap_closed,0.635,0.57,0.57,1791060007000000000,2026-10-03 16:40:07.000000000 ET,,,,,1791060012000000000,2026-10-03 16:40:12.000000000 ET,,,,,,,,,10
2.0,cfb_20261003_chat_etsu,aec-cfb-chat-etnst-2026-10-03,vultr,outside coverage,1791062642,1791062643000000000,2026-10-03 17:24:03.000000000 ET,-1,timeout,0.625,0.675,0.675,1791062645000000000,2026-10-03 17:24:05.000000000 ET,,,,,1791062703000000000,2026-10-03 17:25:03.000000000 ET,,,,,,,,,10
2.0,cfb_20261003_chat_etsu,aec-cfb-chat-etnst-2026-10-03,vultr,outside coverage,1791063404,1791063405000000000,2026-10-03 17:36:45.000000000 ET,-1,timeout,0.6100000000000001,,0.675,1791063407000000000,2026-10-03 17:36:47.000000000 ET,,,,,1791063465000000000,2026-10-03 17:37:45.000000000 ET,,,,,,,,,10
2.0,cfb_20261003_chat_etsu,aec-cfb-chat-etnst-2026-10-03,vultr,outside coverage,1791063490,1791063491000000000,2026-10-03 17:38:11.000000000 ET,-1,timeout,0.565,,0.675,1791063493000000000,2026-10-03 17:38:13.000000000 ET,,,,,1791063551000000000,2026-10-03 17:39:11.000000000 ET,,,,,,,,,10
2.0,cfb_20261003_chat_etsu,aec-cfb-chat-etnst-2026-10-03,vultr,outside coverage,1791063554,1791063555000000000,2026-10-03 17:39:15.000000000 ET,-1,timeout,0.575,,0.675,1791063557000000000,2026-10-03 17:39:17.000000000 ET,,,,,1791063615000000000,2026-10-03 17:40:15.000000000 ET,,,,,,,,,10
2.0,cfb_20261003_chat_etsu,aec-cfb-chat-etnst-2026-10-03,vultr,outside coverage,1791063881,1791063882000000000,2026-10-03 17:44:42.000000000 ET,1,timeout,0.6950000000000001,,0.675,1791063884000000000,2026-10-03 17:44:44.000000000 ET,,,,,1791063942000000000,2026-10-03 17:45:42.000000000 ET,,,,,,,,,10
2.0,cfb_20261003_chat_etsu,aec-cfb-chat-etnst-2026-10-03,vultr,outside coverage,1791064184,1791064185000000000,2026-10-03 17:49:45.000000000 ET,1,timeout,0.685,,0.675,1791064187000000000,2026-10-03 17:49:47.000000000 ET,,,,,1791064245000000000,2026-10-03 17:50:45.000000000 ET,,,,,,,,,10
2.0,cfb_20261003_chat_etsu,aec-cfb-chat-etnst-2026-10-03,vultr,outside coverage,1791064407,1791064408000000000,2026-10-03 17:53:28.000000000 ET,1,timeout,0.815,,0.675,1791064410000000000,2026-10-03 17:53:30.000000000 ET,,,,,1791064468000000000,2026-10-03 17:54:28.000000000 ET,,,,,,,,,10
5.0,cfb_20261003_chat_etsu,aec-cfb-chat-etnst-2026-10-03,vultr,no exit trade within 60 s,1791060004,1791060005000000000,2026-10-03 16:40:05.000000000 ET,1,gap_closed,0.635,0.57,0.57,1791060010000000000,2026-10-03 16:40:10.000000000 ET,,,,,1791060012000000000,2026-10-03 16:40:12.000000000 ET,,,,,,,,,10
5.0,cfb_20261003_chat_etsu,aec-cfb-chat-etnst-2026-10-03,vultr,outside coverage,1791062642,1791062643000000000,2026-10-03 17:24:03.000000000 ET,-1,timeout,0.625,0.675,0.675,1791062648000000000,2026-10-03 17:24:08.000000000 ET,,,,,1791062703000000000,2026-10-03 17:25:03.000000000 ET,,,,,,,,,10
5.0,cfb_20261003_chat_etsu,aec-cfb-chat-etnst-2026-10-03,vultr,outside coverage,1791063404,1791063405000000000,2026-10-03 17:36:45.000000000 ET,-1,timeout,0.6100000000000001,,0.675,1791063410000000000,2026-10-03 17:36:50.000000000 ET,,,,,1791063465000000000,2026-10-03 17:37:45.000000000 ET,,,,,,,,,10
5.0,cfb_20261003_chat_etsu,aec-cfb-chat-etnst-2026-10-03,vultr,outside coverage,1791063490,1791063491000000000,2026-10-03 17:38:11.000000000 ET,-1,timeout,0.565,,0.675,1791063496000000000,2026-10-03 17:38:16.000000000 ET,,,,,1791063551000000000,2026-10-03 17:39:11.000000000 ET,,,,,,,,,10
5.0,cfb_20261003_chat_etsu,aec-cfb-chat-etnst-2026-10-03,vultr,outside coverage,1791063554,1791063555000000000,2026-10-03 17:39:15.000000000 ET,-1,timeout,0.575,,0.675,1791063560000000000,2026-10-03 17:39:20.000000000 ET,,,,,1791063615000000000,2026-10-03 17:40:15.000000000 ET,,,,,,,,,10
5.0,cfb_20261003_chat_etsu,aec-cfb-chat-etnst-2026-10-03,vultr,outside coverage,1791063881,1791063882000000000,2026-10-03 17:44:42.000000000 ET,1,timeout,0.6950000000000001,,0.675,1791063887000000000,2026-10-03 17:44:47.000000000 ET,,,,,1791063942000000000,2026-10-03 17:45:42.000000000 ET,,,,,,,,,10
5.0,cfb_20261003_chat_etsu,aec-cfb-chat-etnst-2026-10-03,vultr,outside coverage,1791064184,1791064185000000000,2026-10-03 17:49:45.000000000 ET,1,timeout,0.685,,0.675,1791064190000000000,2026-10-03 17:49:50.000000000 ET,,,,,1791064245000000000,2026-10-03 17:50:45.000000000 ET,,,,,,,,,10
5.0,cfb_20261003_chat_etsu,aec-cfb-chat-etnst-2026-10-03,vultr,outside coverage,1791064407,1791064408000000000,2026-10-03 17:53:28.000000000 ET,1,timeout,0.815,,0.675,1791064413000000000,2026-10-03 17:53:33.000000000 ET,,,,,1791064468000000000,2026-10-03 17:54:28.000000000 ET,,,,,,,,,10
1.0,cfb_20261003_cal_unlv,aec-cfb-cah-unlv-2026-10-03,vultr,filled,1791059662,1791059663000000000,2026-10-03 16:34:23.000000000 ET,1,gap_closed,0.495,,0.48,1791059664000000000,2026-10-03 16:34:24.000000000 ET,1791059669193168522,2026-10-03 16:34:29.193168640 ET,0.48,0.49,1791059691000000000,2026-10-03 16:34:51.000000000 ET,1791059691601033254,2026-10-03 16:34:51.601033216 ET,0.495,0.485,0.17,0.17,-0.39,-3.9,10
1.0,cfb_20261003_cal_unlv,aec-cfb-cah-unlv-2026-10-03,vultr,filled,1791060660,1791060661000000000,2026-10-03 16:51:01.000000000 ET,1,gap_closed,0.625,0.58,0.58,1791060662000000000,2026-10-03 16:51:02.000000000 ET,1791060664630060061,2026-10-03 16:51:04.630060032 ET,0.63,0.64,1791060665000000000,2026-10-03 16:51:05.000000000 ET,1791060673768147331,2026-10-03 16:51:13.768147456 ET,0.65,0.64,0.16,0.16,-0.32,-3.2,10
1.0,cfb_20261003_cal_unlv,aec-cfb-cah-unlv-2026-10-03,vultr,outside coverage,1791062024,1791062025000000000,2026-10-03 17:13:45.000000000 ET,1,timeout,0.915,0.81,0.81,1791062026000000000,2026-10-03 17:13:46.000000000 ET,,,,,1791062085000000000,2026-10-03 17:14:45.000000000 ET,,,,,,,,,10
1.0,cfb_20261003_cal_unlv,aec-cfb-cah-unlv-2026-10-03,vultr,outside coverage,1791063982,1791063983000000000,2026-10-03 17:46:23.000000000 ET,-1,timeout,0.905,,0.81,1791063984000000000,2026-10-03 17:46:24.000000000 ET,,,,,1791064043000000000,2026-10-03 17:47:23.000000000 ET,,,,,,,,,10
1.0,cfb_20261003_cal_unlv,aec-cfb-cah-unlv-2026-10-03,vultr,outside coverage,1791065623,1791065624000000000,2026-10-03 18:13:44.000000000 ET,-1,timeout,0.885,,0.81,1791065625000000000,2026-10-03 18:13:45.000000000 ET,,,,,1791065684000000000,2026-10-03 18:14:44.000000000 ET,,,,,,,,,10
1.0,cfb_20261003_cal_unlv,aec-cfb-cah-unlv-2026-10-03,vultr,outside coverage,1791065691,1791065692000000000,2026-10-03 18:14:52.000000000 ET,-1,timeout,0.835,,0.81,1791065693000000000,2026-10-03 18:14:53.000000000 ET,,,,,1791065752000000000,2026-10-03 18:15:52.000000000 ET,,,,,,,,,10
1.0,cfb_20261003_cal_unlv,aec-cfb-cah-unlv-2026-10-03,vultr,outside coverage,1791065806,1791065807000000000,2026-10-03 18:16:47.000000000 ET,-1,timeout,0.775,,0.81,1791065808000000000,2026-10-03 18:16:48.000000000 ET,,,,,1791065867000000000,2026-10-03 18:17:47.000000000 ET,,,,,,,,,10
1.0,cfb_20261003_cal_unlv,aec-cfb-cah-unlv-2026-10-03,vultr,outside coverage,1791066165,1791066166000000000,2026-10-03 18:22:46.000000000 ET,-1,timeout,0.69,,0.81,1791066167000000000,2026-10-03 18:22:47.000000000 ET,,,,,1791066226000000000,2026-10-03 18:23:46.000000000 ET,,,,,,,,,10
1.0,cfb_20261003_cal_unlv,aec-cfb-cah-unlv-2026-10-03,vultr,outside coverage,1791066268,1791066269000000000,2026-10-03 18:24:29.000000000 ET,-1,timeout,0.665,,0.81,1791066270000000000,2026-10-03 18:24:30.000000000 ET,,,,,1791066329000000000,2026-10-03 18:25:29.000000000 ET,,,,,,,,,10
1.0,cfb_20261003_cal_unlv,aec-cfb-cah-unlv-2026-10-03,vultr,outside coverage,1791066363,1791066364000000000,2026-10-03 18:26:04.000000000 ET,-1,timeout,0.64,,0.81,1791066365000000000,2026-10-03 18:26:05.000000000 ET,,,,,1791066424000000000,2026-10-03 18:27:04.000000000 ET,,,,,,,,,10
1.0,cfb_20261003_cal_unlv,aec-cfb-cah-unlv-2026-10-03,vultr,outside coverage,1791066568,1791066569000000000,2026-10-03 18:29:29.000000000 ET,-1,timeout,0.675,,0.81,1791066570000000000,2026-10-03 18:29:30.000000000 ET,,,,,1791066629000000000,2026-10-03 18:30:29.000000000 ET,,,,,,,,,10
1.0,cfb_20261003_cal_unlv,aec-cfb-cah-unlv-2026-10-03,vultr,outside coverage,1791067152,1791067153000000000,2026-10-03 18:39:13.000000000 ET,-1,timeout,0.675,,0.81,1791067154000000000,2026-10-03 18:39:14.000000000 ET,,,,,1791067213000000000,2026-10-03 18:40:13.000000000 ET,,,,,,,,,10
1.0,cfb_20261003_cal_unlv,aec-cfb-cah-unlv-2026-10-03,vultr,outside coverage,1791067474,1791067475000000000,2026-10-03 18:44:35.000000000 ET,-1,timeout,0.5700000000000001,,0.81,1791067476000000000,2026-10-03 18:44:36.000000000 ET,,,,,1791067535000000000,2026-10-03 18:45:35.000000000 ET,,,,,,,,,10
1.0,cfb_20261003_cal_unlv,aec-cfb-cah-unlv-2026-10-03,vultr,outside coverage,1791067544,1791067545000000000,2026-10-03 18:45:45.000000000 ET,1,timeout,0.59,,0.81,1791067546000000000,2026-10-03 18:45:46.000000000 ET,,,,,1791067605000000000,2026-10-03 18:46:45.000000000 ET,,,,,,,,,10
1.0,cfb_20261003_cal_unlv,aec-cfb-cah-unlv-2026-10-03,vultr,outside coverage,1791067608,1791067609000000000,2026-10-03 18:46:49.000000000 ET,-1,timeout,0.45999999999999996,,0.81,1791067610000000000,2026-10-03 18:46:50.000000000 ET,,,,,1791067669000000000,2026-10-03 18:47:49.000000000 ET,,,,,,,,,10
1.0,cfb_20261003_cal_unlv,aec-cfb-cah-unlv-2026-10-03,vultr,outside coverage,1791067900,1791067901000000000,2026-10-03 18:51:41.000000000 ET,1,timeout,0.525,,0.81,1791067902000000000,2026-10-03 18:51:42.000000000 ET,,,,,1791067961000000000,2026-10-03 18:52:41.000000000 ET,,,,,,,,,10
1.0,cfb_20261003_cal_unlv,aec-cfb-cah-unlv-2026-10-03,vultr,outside coverage,1791067977,1791067978000000000,2026-10-03 18:52:58.000000000 ET,-1,timeout,0.495,,0.81,1791067979000000000,2026-10-03 18:52:59.000000000 ET,,,,,1791068038000000000,2026-10-03 18:53:58.000000000 ET,,,,,,,,,10
1.0,cfb_20261003_cal_unlv,aec-cfb-cah-unlv-2026-10-03,vultr,outside coverage,1791068038,1791068039000000000,2026-10-03 18:53:59.000000000 ET,1,timeout,0.605,,0.81,1791068040000000000,2026-10-03 18:54:00.000000000 ET,,,,,1791068099000000000,2026-10-03 18:54:59.000000000 ET,,,,,,,,,10
1.0,cfb_20261003_cal_unlv,aec-cfb-cah-unlv-2026-10-03,vultr,outside coverage,1791068099,1791068100000000000,2026-10-03 18:55:00.000000000 ET,1,timeout,0.635,,0.81,1791068101000000000,2026-10-03 18:55:01.000000000 ET,,,,,1791068160000000000,2026-10-03 18:56:00.000000000 ET,,,,,,,,,10
1.0,cfb_20261003_cal_unlv,aec-cfb-cah-unlv-2026-10-03,vultr,outside coverage,1791068175,1791068176000000000,2026-10-03 18:56:16.000000000 ET,1,timeout,0.675,,0.81,1791068177000000000,2026-10-03 18:56:17.000000000 ET,,,,,1791068236000000000,2026-10-03 18:57:16.000000000 ET,,,,,,,,,10
1.0,cfb_20261003_cal_unlv,aec-cfb-cah-unlv-2026-10-03,vultr,outside coverage,1791068270,1791068271000000000,2026-10-03 18:57:51.000000000 ET,1,timeout,0.755,,0.81,1791068272000000000,2026-10-03 18:57:52.000000000 ET,,,,,1791068331000000000,2026-10-03 18:58:51.000000000 ET,,,,,,,,,10
1.0,cfb_20261003_cal_unlv,aec-cfb-cah-unlv-2026-10-03,vultr,outside coverage,1791068481,1791068482000000000,2026-10-03 19:01:22.000000000 ET,-1,timeout,0.735,,0.81,1791068483000000000,2026-10-03 19:01:23.000000000 ET,,,,,1791068542000000000,2026-10-03 19:02:22.000000000 ET,,,,,,,,,10
1.0,cfb_20261003_cal_unlv,aec-cfb-cah-unlv-2026-10-03,vultr,outside coverage,1791068567,1791068568000000000,2026-10-03 19:02:48.000000000 ET,1,timeout,0.745,,0.81,1791068569000000000,2026-10-03 19:02:49.000000000 ET,,,,,1791068628000000000,2026-10-03 19:03:48.000000000 ET,,,,,,,,,10
1.0,cfb_20261003_cal_unlv,aec-cfb-cah-unlv-2026-10-03,vultr,outside coverage,1791068658,1791068659000000000,2026-10-03 19:04:19.000000000 ET,1,timeout,0.8,,0.81,1791068660000000000,2026-10-03 19:04:20.000000000 ET,,,,,1791068719000000000,2026-10-03 19:05:19.000000000 ET,,,,,,,,,10
1.0,cfb_20261003_cal_unlv,aec-cfb-cah-unlv-2026-10-03,vultr,outside coverage,1791068801,1791068802000000000,2026-10-03 19:06:42.000000000 ET,1,timeout,0.835,,0.81,1791068803000000000,2026-10-03 19:06:43.000000000 ET,,,,,1791068862000000000,2026-10-03 19:07:42.000000000 ET,,,,,,,,,10
1.0,cfb_20261003_cal_unlv,aec-cfb-cah-unlv-2026-10-03,vultr,outside coverage,1791068868,1791068869000000000,2026-10-03 19:07:49.000000000 ET,-1,timeout,0.83,,0.81,1791068870000000000,2026-10-03 19:07:50.000000000 ET,,,,,1791068929000000000,2026-10-03 19:08:49.000000000 ET,,,,,,,,,10
1.0,cfb_20261003_cal_unlv,aec-cfb-cah-unlv-2026-10-03,vultr,outside coverage,1791068959,1791068960000000000,2026-10-03 19:09:20.000000000 ET,1,timeout,0.885,,0.81,1791068961000000000,2026-10-03 19:09:21.000000000 ET,,,,,1791069020000000000,2026-10-03 19:10:20.000000000 ET,,,,,,,,,10
1.0,cfb_20261003_cal_unlv,aec-cfb-cah-unlv-2026-10-03,vultr,outside coverage,1791069052,1791069053000000000,2026-10-03 19:10:53.000000000 ET,1,timeout,0.935,,0.81,1791069054000000000,2026-10-03 19:10:54.000000000 ET,,,,,1791069113000000000,2026-10-03 19:11:53.000000000 ET,,,,,,,,,10
2.0,cfb_20261003_cal_unlv,aec-cfb-cah-unlv-2026-10-03,vultr,filled,1791059662,1791059663000000000,2026-10-03 16:34:23.000000000 ET,1,gap_closed,0.495,,0.48,1791059665000000000,2026-10-03 16:34:25.000000000 ET,1791059669193168522,2026-10-03 16:34:29.193168640 ET,0.48,0.49,1791059691000000000,2026-10-03 16:34:51.000000000 ET,1791059691601033254,2026-10-03 16:34:51.601033216 ET,0.495,0.485,0.17,0.17,-0.39,-3.9,10
2.0,cfb_20261003_cal_unlv,aec-cfb-cah-unlv-2026-10-03,vultr,filled,1791060660,1791060661000000000,2026-10-03 16:51:01.000000000 ET,1,gap_closed,0.625,0.58,0.58,1791060663000000000,2026-10-03 16:51:03.000000000 ET,1791060664630060061,2026-10-03 16:51:04.630060032 ET,0.63,0.64,1791060665000000000,2026-10-03 16:51:05.000000000 ET,1791060673768147331,2026-10-03 16:51:13.768147456 ET,0.65,0.64,0.16,0.16,-0.32,-3.2,10
2.0,cfb_20261003_cal_unlv,aec-cfb-cah-unlv-2026-10-03,vultr,outside coverage,1791062024,1791062025000000000,2026-10-03 17:13:45.000000000 ET,1,timeout,0.915,0.81,0.81,1791062027000000000,2026-10-03 17:13:47.000000000 ET,,,,,1791062085000000000,2026-10-03 17:14:45.000000000 ET,,,,,,,,,10
2.0,cfb_20261003_cal_unlv,aec-cfb-cah-unlv-2026-10-03,vultr,outside coverage,1791063982,1791063983000000000,2026-10-03 17:46:23.000000000 ET,-1,timeout,0.905,,0.81,1791063985000000000,2026-10-03 17:46:25.000000000 ET,,,,,1791064043000000000,2026-10-03 17:47:23.000000000 ET,,,,,,,,,10
2.0,cfb_20261003_cal_unlv,aec-cfb-cah-unlv-2026-10-03,vultr,outside coverage,1791065623,1791065624000000000,2026-10-03 18:13:44.000000000 ET,-1,timeout,0.885,,0.81,1791065626000000000,2026-10-03 18:13:46.000000000 ET,,,,,1791065684000000000,2026-10-03 18:14:44.000000000 ET,,,,,,,,,10
2.0,cfb_20261003_cal_unlv,aec-cfb-cah-unlv-2026-10-03,vultr,outside coverage,1791065691,1791065692000000000,2026-10-03 18:14:52.000000000 ET,-1,timeout,0.835,,0.81,1791065694000000000,2026-10-03 18:14:54.000000000 ET,,,,,1791065752000000000,2026-10-03 18:15:52.000000000 ET,,,,,,,,,10
2.0,cfb_20261003_cal_unlv,aec-cfb-cah-unlv-2026-10-03,vultr,outside coverage,1791065806,1791065807000000000,2026-10-03 18:16:47.000000000 ET,-1,timeout,0.775,,0.81,1791065809000000000,2026-10-03 18:16:49.000000000 ET,,,,,1791065867000000000,2026-10-03 18:17:47.000000000 ET,,,,,,,,,10
2.0,cfb_20261003_cal_unlv,aec-cfb-cah-unlv-2026-10-03,vultr,outside coverage,1791066165,1791066166000000000,2026-10-03 18:22:46.000000000 ET,-1,timeout,0.69,,0.81,1791066168000000000,2026-10-03 18:22:48.000000000 ET,,,,,1791066226000000000,2026-10-03 18:23:46.000000000 ET,,,,,,,,,10
2.0,cfb_20261003_cal_unlv,aec-cfb-cah-unlv-2026-10-03,vultr,outside coverage,1791066268,1791066269000000000,2026-10-03 18:24:29.000000000 ET,-1,timeout,0.665,,0.81,1791066271000000000,2026-10-03 18:24:31.000000000 ET,,,,,1791066329000000000,2026-10-03 18:25:29.000000000 ET,,,,,,,,,10
2.0,cfb_20261003_cal_unlv,aec-cfb-cah-unlv-2026-10-03,vultr,outside coverage,1791066363,1791066364000000000,2026-10-03 18:26:04.000000000 ET,-1,timeout,0.64,,0.81,1791066366000000000,2026-10-03 18:26:06.000000000 ET,,,,,1791066424000000000,2026-10-03 18:27:04.000000000 ET,,,,,,,,,10
2.0,cfb_20261003_cal_unlv,aec-cfb-cah-unlv-2026-10-03,vultr,outside coverage,1791066568,1791066569000000000,2026-10-03 18:29:29.000000000 ET,-1,timeout,0.675,,0.81,1791066571000000000,2026-10-03 18:29:31.000000000 ET,,,,,1791066629000000000,2026-10-03 18:30:29.000000000 ET,,,,,,,,,10
2.0,cfb_20261003_cal_unlv,aec-cfb-cah-unlv-2026-10-03,vultr,outside coverage,1791067152,1791067153000000000,2026-10-03 18:39:13.000000000 ET,-1,timeout,0.675,,0.81,1791067155000000000,2026-10-03 18:39:15.000000000 ET,,,,,1791067213000000000,2026-10-03 18:40:13.000000000 ET,,,,,,,,,10
2.0,cfb_20261003_cal_unlv,aec-cfb-cah-unlv-2026-10-03,vultr,outside coverage,1791067474,1791067475000000000,2026-10-03 18:44:35.000000000 ET,-1,timeout,0.5700000000000001,,0.81,1791067477000000000,2026-10-03 18:44:37.000000000 ET,,,,,1791067535000000000,2026-10-03 18:45:35.000000000 ET,,,,,,,,,10
2.0,cfb_20261003_cal_unlv,aec-cfb-cah-unlv-2026-10-03,vultr,outside coverage,1791067544,1791067545000000000,2026-10-03 18:45:45.000000000 ET,1,timeout,0.59,,0.81,1791067547000000000,2026-10-03 18:45:47.000000000 ET,,,,,1791067605000000000,2026-10-03 18:46:45.000000000 ET,,,,,,,,,10
2.0,cfb_20261003_cal_unlv,aec-cfb-cah-unlv-2026-10-03,vultr,outside coverage,1791067608,1791067609000000000,2026-10-03 18:46:49.000000000 ET,-1,timeout,0.45999999999999996,,0.81,1791067611000000000,2026-10-03 18:46:51.000000000 ET,,,,,1791067669000000000,2026-10-03 18:47:49.000000000 ET,,,,,,,,,10
2.0,cfb_20261003_cal_unlv,aec-cfb-cah-unlv-2026-10-03,vultr,outside coverage,1791067900,1791067901000000000,2026-10-03 18:51:41.000000000 ET,1,timeout,0.525,,0.81,1791067903000000000,2026-10-03 18:51:43.000000000 ET,,,,,1791067961000000000,2026-10-03 18:52:41.000000000 ET,,,,,,,,,10
2.0,cfb_20261003_cal_unlv,aec-cfb-cah-unlv-2026-10-03,vultr,outside coverage,1791067977,1791067978000000000,2026-10-03 18:52:58.000000000 ET,-1,timeout,0.495,,0.81,1791067980000000000,2026-10-03 18:53:00.000000000 ET,,,,,1791068038000000000,2026-10-03 18:53:58.000000000 ET,,,,,,,,,10
2.0,cfb_20261003_cal_unlv,aec-cfb-cah-unlv-2026-10-03,vultr,outside coverage,1791068038,1791068039000000000,2026-10-03 18:53:59.000000000 ET,1,timeout,0.605,,0.81,1791068041000000000,2026-10-03 18:54:01.000000000 ET,,,,,1791068099000000000,2026-10-03 18:54:59.000000000 ET,,,,,,,,,10
2.0,cfb_20261003_cal_unlv,aec-cfb-cah-unlv-2026-10-03,vultr,outside coverage,1791068099,1791068100000000000,2026-10-03 18:55:00.000000000 ET,1,timeout,0.635,,0.81,1791068102000000000,2026-10-03 18:55:02.000000000 ET,,,,,1791068160000000000,2026-10-03 18:56:00.000000000 ET,,,,,,,,,10
2.0,cfb_20261003_cal_unlv,aec-cfb-cah-unlv-2026-10-03,vultr,outside coverage,1791068175,1791068176000000000,2026-10-03 18:56:16.000000000 ET,1,timeout,0.675,,0.81,1791068178000000000,2026-10-03 18:56:18.000000000 ET,,,,,1791068236000000000,2026-10-03 18:57:16.000000000 ET,,,,,,,,,10
2.0,cfb_20261003_cal_unlv,aec-cfb-cah-unlv-2026-10-03,vultr,outside coverage,1791068270,1791068271000000000,2026-10-03 18:57:51.000000000 ET,1,timeout,0.755,,0.81,1791068273000000000,2026-10-03 18:57:53.000000000 ET,,,,,1791068331000000000,2026-10-03 18:58:51.000000000 ET,,,,,,,,,10
2.0,cfb_20261003_cal_unlv,aec-cfb-cah-unlv-2026-10-03,vultr,outside coverage,1791068481,1791068482000000000,2026-10-03 19:01:22.000000000 ET,-1,timeout,0.735,,0.81,1791068484000000000,2026-10-03 19:01:24.000000000 ET,,,,,1791068542000000000,2026-10-03 19:02:22.000000000 ET,,,,,,,,,10
2.0,cfb_20261003_cal_unlv,aec-cfb-cah-unlv-2026-10-03,vultr,outside coverage,1791068567,1791068568000000000,2026-10-03 19:02:48.000000000 ET,1,timeout,0.745,,0.81,1791068570000000000,2026-10-03 19:02:50.000000000 ET,,,,,1791068628000000000,2026-10-03 19:03:48.000000000 ET,,,,,,,,,10
2.0,cfb_20261003_cal_unlv,aec-cfb-cah-unlv-2026-10-03,vultr,outside coverage,1791068658,1791068659000000000,2026-10-03 19:04:19.000000000 ET,1,timeout,0.8,,0.81,1791068661000000000,2026-10-03 19:04:21.000000000 ET,,,,,1791068719000000000,2026-10-03 19:05:19.000000000 ET,,,,,,,,,10
2.0,cfb_20261003_cal_unlv,aec-cfb-cah-unlv-2026-10-03,vultr,outside coverage,1791068801,1791068802000000000,2026-10-03 19:06:42.000000000 ET,1,timeout,0.835,,0.81,1791068804000000000,2026-10-03 19:06:44.000000000 ET,,,,,1791068862000000000,2026-10-03 19:07:42.000000000 ET,,,,,,,,,10
2.0,cfb_20261003_cal_unlv,aec-cfb-cah-unlv-2026-10-03,vultr,outside coverage,1791068868,1791068869000000000,2026-10-03 19:07:49.000000000 ET,-1,timeout,0.83,,0.81,1791068871000000000,2026-10-03 19:07:51.000000000 ET,,,,,1791068929000000000,2026-10-03 19:08:49.000000000 ET,,,,,,,,,10
2.0,cfb_20261003_cal_unlv,aec-cfb-cah-unlv-2026-10-03,vultr,outside coverage,1791068959,1791068960000000000,2026-10-03 19:09:20.000000000 ET,1,timeout,0.885,,0.81,1791068962000000000,2026-10-03 19:09:22.000000000 ET,,,,,1791069020000000000,2026-10-03 19:10:20.000000000 ET,,,,,,,,,10
2.0,cfb_20261003_cal_unlv,aec-cfb-cah-unlv-2026-10-03,vultr,outside coverage,1791069052,1791069053000000000,2026-10-03 19:10:53.000000000 ET,1,timeout,0.935,,0.81,1791069055000000000,2026-10-03 19:10:55.000000000 ET,,,,,1791069113000000000,2026-10-03 19:11:53.000000000 ET,,,,,,,,,10
5.0,cfb_20261003_cal_unlv,aec-cfb-cah-unlv-2026-10-03,vultr,filled,1791059662,1791059663000000000,2026-10-03 16:34:23.000000000 ET,1,gap_closed,0.495,,0.48,1791059668000000000,2026-10-03 16:34:28.000000000 ET,1791059669193168522,2026-10-03 16:34:29.193168640 ET,0.48,0.49,1791059691000000000,2026-10-03 16:34:51.000000000 ET,1791059691601033254,2026-10-03 16:34:51.601033216 ET,0.495,0.485,0.17,0.17,-0.39,-3.9,10
5.0,cfb_20261003_cal_unlv,aec-cfb-cah-unlv-2026-10-03,vultr,filled,1791060660,1791060661000000000,2026-10-03 16:51:01.000000000 ET,1,gap_closed,0.625,0.58,0.58,1791060666000000000,2026-10-03 16:51:06.000000000 ET,1791060673768147331,2026-10-03 16:51:13.768147456 ET,0.65,0.66,1791060665000000000,2026-10-03 16:51:05.000000000 ET,1791060673768147331,2026-10-03 16:51:13.768147456 ET,0.65,0.64,0.16,0.16,-0.52,-5.2,10
5.0,cfb_20261003_cal_unlv,aec-cfb-cah-unlv-2026-10-03,vultr,outside coverage,1791062024,1791062025000000000,2026-10-03 17:13:45.000000000 ET,1,timeout,0.915,0.81,0.81,1791062030000000000,2026-10-03 17:13:50.000000000 ET,,,,,1791062085000000000,2026-10-03 17:14:45.000000000 ET,,,,,,,,,10
5.0,cfb_20261003_cal_unlv,aec-cfb-cah-unlv-2026-10-03,vultr,outside coverage,1791063982,1791063983000000000,2026-10-03 17:46:23.000000000 ET,-1,timeout,0.905,,0.81,1791063988000000000,2026-10-03 17:46:28.000000000 ET,,,,,1791064043000000000,2026-10-03 17:47:23.000000000 ET,,,,,,,,,10
5.0,cfb_20261003_cal_unlv,aec-cfb-cah-unlv-2026-10-03,vultr,outside coverage,1791065623,1791065624000000000,2026-10-03 18:13:44.000000000 ET,-1,timeout,0.885,,0.81,1791065629000000000,2026-10-03 18:13:49.000000000 ET,,,,,1791065684000000000,2026-10-03 18:14:44.000000000 ET,,,,,,,,,10
5.0,cfb_20261003_cal_unlv,aec-cfb-cah-unlv-2026-10-03,vultr,outside coverage,1791065691,1791065692000000000,2026-10-03 18:14:52.000000000 ET,-1,timeout,0.835,,0.81,1791065697000000000,2026-10-03 18:14:57.000000000 ET,,,,,1791065752000000000,2026-10-03 18:15:52.000000000 ET,,,,,,,,,10
5.0,cfb_20261003_cal_unlv,aec-cfb-cah-unlv-2026-10-03,vultr,outside coverage,1791065806,1791065807000000000,2026-10-03 18:16:47.000000000 ET,-1,timeout,0.775,,0.81,1791065812000000000,2026-10-03 18:16:52.000000000 ET,,,,,1791065867000000000,2026-10-03 18:17:47.000000000 ET,,,,,,,,,10
5.0,cfb_20261003_cal_unlv,aec-cfb-cah-unlv-2026-10-03,vultr,outside coverage,1791066165,1791066166000000000,2026-10-03 18:22:46.000000000 ET,-1,timeout,0.69,,0.81,1791066171000000000,2026-10-03 18:22:51.000000000 ET,,,,,1791066226000000000,2026-10-03 18:23:46.000000000 ET,,,,,,,,,10
5.0,cfb_20261003_cal_unlv,aec-cfb-cah-unlv-2026-10-03,vultr,outside coverage,1791066268,1791066269000000000,2026-10-03 18:24:29.000000000 ET,-1,timeout,0.665,,0.81,1791066274000000000,2026-10-03 18:24:34.000000000 ET,,,,,1791066329000000000,2026-10-03 18:25:29.000000000 ET,,,,,,,,,10
5.0,cfb_20261003_cal_unlv,aec-cfb-cah-unlv-2026-10-03,vultr,outside coverage,1791066363,1791066364000000000,2026-10-03 18:26:04.000000000 ET,-1,timeout,0.64,,0.81,1791066369000000000,2026-10-03 18:26:09.000000000 ET,,,,,1791066424000000000,2026-10-03 18:27:04.000000000 ET,,,,,,,,,10
5.0,cfb_20261003_cal_unlv,aec-cfb-cah-unlv-2026-10-03,vultr,outside coverage,1791066568,1791066569000000000,2026-10-03 18:29:29.000000000 ET,-1,timeout,0.675,,0.81,1791066574000000000,2026-10-03 18:29:34.000000000 ET,,,,,1791066629000000000,2026-10-03 18:30:29.000000000 ET,,,,,,,,,10
5.0,cfb_20261003_cal_unlv,aec-cfb-cah-unlv-2026-10-03,vultr,outside coverage,1791067152,1791067153000000000,2026-10-03 18:39:13.000000000 ET,-1,timeout,0.675,,0.81,1791067158000000000,2026-10-03 18:39:18.000000000 ET,,,,,1791067213000000000,2026-10-03 18:40:13.000000000 ET,,,,,,,,,10
5.0,cfb_20261003_cal_unlv,aec-cfb-cah-unlv-2026-10-03,vultr,outside coverage,1791067474,1791067475000000000,2026-10-03 18:44:35.000000000 ET,-1,timeout,0.5700000000000001,,0.81,1791067480000000000,2026-10-03 18:44:40.000000000 ET,,,,,1791067535000000000,2026-10-03 18:45:35.000000000 ET,,,,,,,,,10
5.0,cfb_20261003_cal_unlv,aec-cfb-cah-unlv-2026-10-03,vultr,outside coverage,1791067544,1791067545000000000,2026-10-03 18:45:45.000000000 ET,1,timeout,0.59,,0.81,1791067550000000000,2026-10-03 18:45:50.000000000 ET,,,,,1791067605000000000,2026-10-03 18:46:45.000000000 ET,,,,,,,,,10
5.0,cfb_20261003_cal_unlv,aec-cfb-cah-unlv-2026-10-03,vultr,outside coverage,1791067608,1791067609000000000,2026-10-03 18:46:49.000000000 ET,-1,timeout,0.45999999999999996,,0.81,1791067614000000000,2026-10-03 18:46:54.000000000 ET,,,,,1791067669000000000,2026-10-03 18:47:49.000000000 ET,,,,,,,,,10
5.0,cfb_20261003_cal_unlv,aec-cfb-cah-unlv-2026-10-03,vultr,outside coverage,1791067900,1791067901000000000,2026-10-03 18:51:41.000000000 ET,1,timeout,0.525,,0.81,1791067906000000000,2026-10-03 18:51:46.000000000 ET,,,,,1791067961000000000,2026-10-03 18:52:41.000000000 ET,,,,,,,,,10
5.0,cfb_20261003_cal_unlv,aec-cfb-cah-unlv-2026-10-03,vultr,outside coverage,1791067977,1791067978000000000,2026-10-03 18:52:58.000000000 ET,-1,timeout,0.495,,0.81,1791067983000000000,2026-10-03 18:53:03.000000000 ET,,,,,1791068038000000000,2026-10-03 18:53:58.000000000 ET,,,,,,,,,10
5.0,cfb_20261003_cal_unlv,aec-cfb-cah-unlv-2026-10-03,vultr,outside coverage,1791068038,1791068039000000000,2026-10-03 18:53:59.000000000 ET,1,timeout,0.605,,0.81,1791068044000000000,2026-10-03 18:54:04.000000000 ET,,,,,1791068099000000000,2026-10-03 18:54:59.000000000 ET,,,,,,,,,10
5.0,cfb_20261003_cal_unlv,aec-cfb-cah-unlv-2026-10-03,vultr,outside coverage,1791068099,1791068100000000000,2026-10-03 18:55:00.000000000 ET,1,timeout,0.635,,0.81,1791068105000000000,2026-10-03 18:55:05.000000000 ET,,,,,1791068160000000000,2026-10-03 18:56:00.000000000 ET,,,,,,,,,10
5.0,cfb_20261003_cal_unlv,aec-cfb-cah-unlv-2026-10-03,vultr,outside coverage,1791068175,1791068176000000000,2026-10-03 18:56:16.000000000 ET,1,timeout,0.675,,0.81,1791068181000000000,2026-10-03 18:56:21.000000000 ET,,,,,1791068236000000000,2026-10-03 18:57:16.000000000 ET,,,,,,,,,10
5.0,cfb_20261003_cal_unlv,aec-cfb-cah-unlv-2026-10-03,vultr,outside coverage,1791068270,1791068271000000000,2026-10-03 18:57:51.000000000 ET,1,timeout,0.755,,0.81,1791068276000000000,2026-10-03 18:57:56.000000000 ET,,,,,1791068331000000000,2026-10-03 18:58:51.000000000 ET,,,,,,,,,10
5.0,cfb_20261003_cal_unlv,aec-cfb-cah-unlv-2026-10-03,vultr,outside coverage,1791068481,1791068482000000000,2026-10-03 19:01:22.000000000 ET,-1,timeout,0.735,,0.81,1791068487000000000,2026-10-03 19:01:27.000000000 ET,,,,,1791068542000000000,2026-10-03 19:02:22.000000000 ET,,,,,,,,,10
5.0,cfb_20261003_cal_unlv,aec-cfb-cah-unlv-2026-10-03,vultr,outside coverage,1791068567,1791068568000000000,2026-10-03 19:02:48.000000000 ET,1,timeout,0.745,,0.81,1791068573000000000,2026-10-03 19:02:53.000000000 ET,,,,,1791068628000000000,2026-10-03 19:03:48.000000000 ET,,,,,,,,,10
5.0,cfb_20261003_cal_unlv,aec-cfb-cah-unlv-2026-10-03,vultr,outside coverage,1791068658,1791068659000000000,2026-10-03 19:04:19.000000000 ET,1,timeout,0.8,,0.81,1791068664000000000,2026-10-03 19:04:24.000000000 ET,,,,,1791068719000000000,2026-10-03 19:05:19.000000000 ET,,,,,,,,,10
5.0,cfb_20261003_cal_unlv,aec-cfb-cah-unlv-2026-10-03,vultr,outside coverage,1791068801,1791068802000000000,2026-10-03 19:06:42.000000000 ET,1,timeout,0.835,,0.81,1791068807000000000,2026-10-03 19:06:47.000000000 ET,,,,,1791068862000000000,2026-10-03 19:07:42.000000000 ET,,,,,,,,,10
5.0,cfb_20261003_cal_unlv,aec-cfb-cah-unlv-2026-10-03,vultr,outside coverage,1791068868,1791068869000000000,2026-10-03 19:07:49.000000000 ET,-1,timeout,0.83,,0.81,1791068874000000000,2026-10-03 19:07:54.000000000 ET,,,,,1791068929000000000,2026-10-03 19:08:49.000000000 ET,,,,,,,,,10
5.0,cfb_20261003_cal_unlv,aec-cfb-cah-unlv-2026-10-03,vultr,outside coverage,1791068959,1791068960000000000,2026-10-03 19:09:20.000000000 ET,1,timeout,0.885,,0.81,1791068965000000000,2026-10-03 19:09:25.000000000 ET,,,,,1791069020000000000,2026-10-03 19:10:20.000000000 ET,,,,,,,,,10
5.0,cfb_20261003_cal_unlv,aec-cfb-cah-unlv-2026-10-03,vultr,outside coverage,1791069052,1791069053000000000,2026-10-03 19:10:53.000000000 ET,1,timeout,0.935,,0.81,1791069058000000000,2026-10-03 19:10:58.000000000 ET,,,,,1791069113000000000,2026-10-03 19:11:53.000000000 ET,,,,,,,,,10
1.0,cfb_20261003_osu_iowa,aec-cfb-ohiost-iowa-2026-10-03,vultr,outside coverage,1791061570,1791061571000000000,2026-10-03 17:06:11.000000000 ET,-1,timeout,0.055,0.165,0.165,1791061572000000000,2026-10-03 17:06:12.000000000 ET,,,,,1791061631000000000,2026-10-03 17:07:11.000000000 ET,,,,,,,,,10
2.0,cfb_20261003_osu_iowa,aec-cfb-ohiost-iowa-2026-10-03,vultr,outside coverage,1791061570,1791061571000000000,2026-10-03 17:06:11.000000000 ET,-1,timeout,0.055,0.165,0.165,1791061573000000000,2026-10-03 17:06:13.000000000 ET,,,,,1791061631000000000,2026-10-03 17:07:11.000000000 ET,,,,,,,,,10
5.0,cfb_20261003_osu_iowa,aec-cfb-ohiost-iowa-2026-10-03,vultr,outside coverage,1791061570,1791061571000000000,2026-10-03 17:06:11.000000000 ET,-1,timeout,0.055,0.165,0.165,1791061576000000000,2026-10-03 17:06:16.000000000 ET,,,,,1791061631000000000,2026-10-03 17:07:11.000000000 ET,,,,,,,,,10
1.0,cfb_20261003_aub_tenn,aec-cfb-aubrn-tenn-2026-10-03,vultr,outside coverage,1791061325,1791061326000000000,2026-10-03 17:02:06.000000000 ET,-1,gap_closed,0.475,0.505,0.505,1791061327000000000,2026-10-03 17:02:07.000000000 ET,,,,,1791061334000000000,2026-10-03 17:02:14.000000000 ET,,,,,,,,,10
1.0,cfb_20261003_aub_tenn,aec-cfb-aubrn-tenn-2026-10-03,vultr,outside coverage,1791063430,1791063431000000000,2026-10-03 17:37:11.000000000 ET,1,timeout,0.555,,0.505,1791063432000000000,2026-10-03 17:37:12.000000000 ET,,,,,1791063491000000000,2026-10-03 17:38:11.000000000 ET,,,,,,,,,10
1.0,cfb_20261003_aub_tenn,aec-cfb-aubrn-tenn-2026-10-03,vultr,outside coverage,1791063562,1791063563000000000,2026-10-03 17:39:23.000000000 ET,1,timeout,0.67,,0.505,1791063564000000000,2026-10-03 17:39:24.000000000 ET,,,,,1791063623000000000,2026-10-03 17:40:23.000000000 ET,,,,,,,,,10
1.0,cfb_20261003_aub_tenn,aec-cfb-aubrn-tenn-2026-10-03,vultr,outside coverage,1791064013,1791064014000000000,2026-10-03 17:46:54.000000000 ET,-1,timeout,0.685,,0.505,1791064015000000000,2026-10-03 17:46:55.000000000 ET,,,,,1791064074000000000,2026-10-03 17:47:54.000000000 ET,,,,,,,,,10
1.0,cfb_20261003_aub_tenn,aec-cfb-aubrn-tenn-2026-10-03,vultr,outside coverage,1791064106,1791064107000000000,2026-10-03 17:48:27.000000000 ET,1,timeout,0.735,,0.505,1791064108000000000,2026-10-03 17:48:28.000000000 ET,,,,,1791064167000000000,2026-10-03 17:49:27.000000000 ET,,,,,,,,,10
1.0,cfb_20261003_aub_tenn,aec-cfb-aubrn-tenn-2026-10-03,vultr,outside coverage,1791064341,1791064342000000000,2026-10-03 17:52:22.000000000 ET,1,timeout,0.845,,0.505,1791064343000000000,2026-10-03 17:52:23.000000000 ET,,,,,1791064402000000000,2026-10-03 17:53:22.000000000 ET,,,,,,,,,10
1.0,cfb_20261003_aub_tenn,aec-cfb-aubrn-tenn-2026-10-03,vultr,outside coverage,1791064993,1791064994000000000,2026-10-03 18:03:14.000000000 ET,-1,timeout,0.845,,0.505,1791064995000000000,2026-10-03 18:03:15.000000000 ET,,,,,1791065054000000000,2026-10-03 18:04:14.000000000 ET,,,,,,,,,10
1.0,cfb_20261003_aub_tenn,aec-cfb-aubrn-tenn-2026-10-03,vultr,outside coverage,1791066064,1791066065000000000,2026-10-03 18:21:05.000000000 ET,-1,timeout,0.895,,0.505,1791066066000000000,2026-10-03 18:21:06.000000000 ET,,,,,1791066125000000000,2026-10-03 18:22:05.000000000 ET,,,,,,,,,10
1.0,cfb_20261003_aub_tenn,aec-cfb-aubrn-tenn-2026-10-03,vultr,outside coverage,1791066534,1791066535000000000,2026-10-03 18:28:55.000000000 ET,1,timeout,0.865,,0.505,1791066536000000000,2026-10-03 18:28:56.000000000 ET,,,,,1791066595000000000,2026-10-03 18:29:55.000000000 ET,,,,,,,,,10
1.0,cfb_20261003_aub_tenn,aec-cfb-aubrn-tenn-2026-10-03,vultr,outside coverage,1791066891,1791066892000000000,2026-10-03 18:34:52.000000000 ET,-1,timeout,0.705,,0.505,1791066893000000000,2026-10-03 18:34:53.000000000 ET,,,,,1791066952000000000,2026-10-03 18:35:52.000000000 ET,,,,,,,,,10
1.0,cfb_20261003_aub_tenn,aec-cfb-aubrn-tenn-2026-10-03,vultr,outside coverage,1791066956,1791066957000000000,2026-10-03 18:35:57.000000000 ET,1,timeout,0.805,,0.505,1791066958000000000,2026-10-03 18:35:58.000000000 ET,,,,,1791067017000000000,2026-10-03 18:36:57.000000000 ET,,,,,,,,,10
1.0,cfb_20261003_aub_tenn,aec-cfb-aubrn-tenn-2026-10-03,vultr,outside coverage,1791067264,1791067265000000000,2026-10-03 18:41:05.000000000 ET,1,timeout,0.905,,0.505,1791067266000000000,2026-10-03 18:41:06.000000000 ET,,,,,1791067325000000000,2026-10-03 18:42:05.000000000 ET,,,,,,,,,10
1.0,cfb_20261003_aub_tenn,aec-cfb-aubrn-tenn-2026-10-03,vultr,outside coverage,1791067325,1791067326000000000,2026-10-03 18:42:06.000000000 ET,1,timeout,0.985,,0.505,1791067327000000000,2026-10-03 18:42:07.000000000 ET,,,,,1791067386000000000,2026-10-03 18:43:06.000000000 ET,,,,,,,,,10
2.0,cfb_20261003_aub_tenn,aec-cfb-aubrn-tenn-2026-10-03,vultr,outside coverage,1791061325,1791061326000000000,2026-10-03 17:02:06.000000000 ET,-1,gap_closed,0.475,0.505,0.505,1791061328000000000,2026-10-03 17:02:08.000000000 ET,,,,,1791061334000000000,2026-10-03 17:02:14.000000000 ET,,,,,,,,,10
2.0,cfb_20261003_aub_tenn,aec-cfb-aubrn-tenn-2026-10-03,vultr,outside coverage,1791063430,1791063431000000000,2026-10-03 17:37:11.000000000 ET,1,timeout,0.555,,0.505,1791063433000000000,2026-10-03 17:37:13.000000000 ET,,,,,1791063491000000000,2026-10-03 17:38:11.000000000 ET,,,,,,,,,10
2.0,cfb_20261003_aub_tenn,aec-cfb-aubrn-tenn-2026-10-03,vultr,outside coverage,1791063562,1791063563000000000,2026-10-03 17:39:23.000000000 ET,1,timeout,0.67,,0.505,1791063565000000000,2026-10-03 17:39:25.000000000 ET,,,,,1791063623000000000,2026-10-03 17:40:23.000000000 ET,,,,,,,,,10
2.0,cfb_20261003_aub_tenn,aec-cfb-aubrn-tenn-2026-10-03,vultr,outside coverage,1791064013,1791064014000000000,2026-10-03 17:46:54.000000000 ET,-1,timeout,0.685,,0.505,1791064016000000000,2026-10-03 17:46:56.000000000 ET,,,,,1791064074000000000,2026-10-03 17:47:54.000000000 ET,,,,,,,,,10
2.0,cfb_20261003_aub_tenn,aec-cfb-aubrn-tenn-2026-10-03,vultr,outside coverage,1791064106,1791064107000000000,2026-10-03 17:48:27.000000000 ET,1,timeout,0.735,,0.505,1791064109000000000,2026-10-03 17:48:29.000000000 ET,,,,,1791064167000000000,2026-10-03 17:49:27.000000000 ET,,,,,,,,,10
2.0,cfb_20261003_aub_tenn,aec-cfb-aubrn-tenn-2026-10-03,vultr,outside coverage,1791064341,1791064342000000000,2026-10-03 17:52:22.000000000 ET,1,timeout,0.845,,0.505,1791064344000000000,2026-10-03 17:52:24.000000000 ET,,,,,1791064402000000000,2026-10-03 17:53:22.000000000 ET,,,,,,,,,10
2.0,cfb_20261003_aub_tenn,aec-cfb-aubrn-tenn-2026-10-03,vultr,outside coverage,1791064993,1791064994000000000,2026-10-03 18:03:14.000000000 ET,-1,timeout,0.845,,0.505,1791064996000000000,2026-10-03 18:03:16.000000000 ET,,,,,1791065054000000000,2026-10-03 18:04:14.000000000 ET,,,,,,,,,10
2.0,cfb_20261003_aub_tenn,aec-cfb-aubrn-tenn-2026-10-03,vultr,outside coverage,1791066064,1791066065000000000,2026-10-03 18:21:05.000000000 ET,-1,timeout,0.895,,0.505,1791066067000000000,2026-10-03 18:21:07.000000000 ET,,,,,1791066125000000000,2026-10-03 18:22:05.000000000 ET,,,,,,,,,10
2.0,cfb_20261003_aub_tenn,aec-cfb-aubrn-tenn-2026-10-03,vultr,outside coverage,1791066534,1791066535000000000,2026-10-03 18:28:55.000000000 ET,1,timeout,0.865,,0.505,1791066537000000000,2026-10-03 18:28:57.000000000 ET,,,,,1791066595000000000,2026-10-03 18:29:55.000000000 ET,,,,,,,,,10
2.0,cfb_20261003_aub_tenn,aec-cfb-aubrn-tenn-2026-10-03,vultr,outside coverage,1791066891,1791066892000000000,2026-10-03 18:34:52.000000000 ET,-1,timeout,0.705,,0.505,1791066894000000000,2026-10-03 18:34:54.000000000 ET,,,,,1791066952000000000,2026-10-03 18:35:52.000000000 ET,,,,,,,,,10
2.0,cfb_20261003_aub_tenn,aec-cfb-aubrn-tenn-2026-10-03,vultr,outside coverage,1791066956,1791066957000000000,2026-10-03 18:35:57.000000000 ET,1,timeout,0.805,,0.505,1791066959000000000,2026-10-03 18:35:59.000000000 ET,,,,,1791067017000000000,2026-10-03 18:36:57.000000000 ET,,,,,,,,,10
2.0,cfb_20261003_aub_tenn,aec-cfb-aubrn-tenn-2026-10-03,vultr,outside coverage,1791067264,1791067265000000000,2026-10-03 18:41:05.000000000 ET,1,timeout,0.905,,0.505,1791067267000000000,2026-10-03 18:41:07.000000000 ET,,,,,1791067325000000000,2026-10-03 18:42:05.000000000 ET,,,,,,,,,10
2.0,cfb_20261003_aub_tenn,aec-cfb-aubrn-tenn-2026-10-03,vultr,outside coverage,1791067325,1791067326000000000,2026-10-03 18:42:06.000000000 ET,1,timeout,0.985,,0.505,1791067328000000000,2026-10-03 18:42:08.000000000 ET,,,,,1791067386000000000,2026-10-03 18:43:06.000000000 ET,,,,,,,,,10
5.0,cfb_20261003_aub_tenn,aec-cfb-aubrn-tenn-2026-10-03,vultr,outside coverage,1791061325,1791061326000000000,2026-10-03 17:02:06.000000000 ET,-1,gap_closed,0.475,0.505,0.505,1791061331000000000,2026-10-03 17:02:11.000000000 ET,,,,,1791061334000000000,2026-10-03 17:02:14.000000000 ET,,,,,,,,,10
5.0,cfb_20261003_aub_tenn,aec-cfb-aubrn-tenn-2026-10-03,vultr,outside coverage,1791063430,1791063431000000000,2026-10-03 17:37:11.000000000 ET,1,timeout,0.555,,0.505,1791063436000000000,2026-10-03 17:37:16.000000000 ET,,,,,1791063491000000000,2026-10-03 17:38:11.000000000 ET,,,,,,,,,10
5.0,cfb_20261003_aub_tenn,aec-cfb-aubrn-tenn-2026-10-03,vultr,outside coverage,1791063562,1791063563000000000,2026-10-03 17:39:23.000000000 ET,1,timeout,0.67,,0.505,1791063568000000000,2026-10-03 17:39:28.000000000 ET,,,,,1791063623000000000,2026-10-03 17:40:23.000000000 ET,,,,,,,,,10
5.0,cfb_20261003_aub_tenn,aec-cfb-aubrn-tenn-2026-10-03,vultr,outside coverage,1791064013,1791064014000000000,2026-10-03 17:46:54.000000000 ET,-1,timeout,0.685,,0.505,1791064019000000000,2026-10-03 17:46:59.000000000 ET,,,,,1791064074000000000,2026-10-03 17:47:54.000000000 ET,,,,,,,,,10
5.0,cfb_20261003_aub_tenn,aec-cfb-aubrn-tenn-2026-10-03,vultr,outside coverage,1791064106,1791064107000000000,2026-10-03 17:48:27.000000000 ET,1,timeout,0.735,,0.505,1791064112000000000,2026-10-03 17:48:32.000000000 ET,,,,,1791064167000000000,2026-10-03 17:49:27.000000000 ET,,,,,,,,,10
5.0,cfb_20261003_aub_tenn,aec-cfb-aubrn-tenn-2026-10-03,vultr,outside coverage,1791064341,1791064342000000000,2026-10-03 17:52:22.000000000 ET,1,timeout,0.845,,0.505,1791064347000000000,2026-10-03 17:52:27.000000000 ET,,,,,1791064402000000000,2026-10-03 17:53:22.000000000 ET,,,,,,,,,10
5.0,cfb_20261003_aub_tenn,aec-cfb-aubrn-tenn-2026-10-03,vultr,outside coverage,1791064993,1791064994000000000,2026-10-03 18:03:14.000000000 ET,-1,timeout,0.845,,0.505,1791064999000000000,2026-10-03 18:03:19.000000000 ET,,,,,1791065054000000000,2026-10-03 18:04:14.000000000 ET,,,,,,,,,10
5.0,cfb_20261003_aub_tenn,aec-cfb-aubrn-tenn-2026-10-03,vultr,outside coverage,1791066064,1791066065000000000,2026-10-03 18:21:05.000000000 ET,-1,timeout,0.895,,0.505,1791066070000000000,2026-10-03 18:21:10.000000000 ET,,,,,1791066125000000000,2026-10-03 18:22:05.000000000 ET,,,,,,,,,10
5.0,cfb_20261003_aub_tenn,aec-cfb-aubrn-tenn-2026-10-03,vultr,outside coverage,1791066534,1791066535000000000,2026-10-03 18:28:55.000000000 ET,1,timeout,0.865,,0.505,1791066540000000000,2026-10-03 18:29:00.000000000 ET,,,,,1791066595000000000,2026-10-03 18:29:55.000000000 ET,,,,,,,,,10
5.0,cfb_20261003_aub_tenn,aec-cfb-aubrn-tenn-2026-10-03,vultr,outside coverage,1791066891,1791066892000000000,2026-10-03 18:34:52.000000000 ET,-1,timeout,0.705,,0.505,1791066897000000000,2026-10-03 18:34:57.000000000 ET,,,,,1791066952000000000,2026-10-03 18:35:52.000000000 ET,,,,,,,,,10
5.0,cfb_20261003_aub_tenn,aec-cfb-aubrn-tenn-2026-10-03,vultr,outside coverage,1791066956,1791066957000000000,2026-10-03 18:35:57.000000000 ET,1,timeout,0.805,,0.505,1791066962000000000,2026-10-03 18:36:02.000000000 ET,,,,,1791067017000000000,2026-10-03 18:36:57.000000000 ET,,,,,,,,,10
5.0,cfb_20261003_aub_tenn,aec-cfb-aubrn-tenn-2026-10-03,vultr,outside coverage,1791067264,1791067265000000000,2026-10-03 18:41:05.000000000 ET,1,timeout,0.905,,0.505,1791067270000000000,2026-10-03 18:41:10.000000000 ET,,,,,1791067325000000000,2026-10-03 18:42:05.000000000 ET,,,,,,,,,10
5.0,cfb_20261003_aub_tenn,aec-cfb-aubrn-tenn-2026-10-03,vultr,outside coverage,1791067325,1791067326000000000,2026-10-03 18:42:06.000000000 ET,1,timeout,0.985,,0.505,1791067331000000000,2026-10-03 18:42:11.000000000 ET,,,,,1791067386000000000,2026-10-03 18:43:06.000000000 ET,,,,,,,,,10
1.0,cfb_20261003_lou_ncst,aec-cfb-lou-ncst-2026-10-03,vultr,filled,1791058022,1791058023000000000,2026-10-03 16:07:03.000000000 ET,1,gap_closed,0.565,0.52,0.52,1791058024000000000,2026-10-03 16:07:04.000000000 ET,1791058025495788298,2026-10-03 16:07:05.495788288 ET,0.535,0.545,1791058026000000000,2026-10-03 16:07:06.000000000 ET,1791058027342193702,2026-10-03 16:07:07.342193664 ET,0.51,0.5,0.17,0.17,-0.79,-7.9,10
1.0,cfb_20261003_lou_ncst,aec-cfb-lou-ncst-2026-10-03,vultr,filled,1791059316,1791059317000000000,2026-10-03 16:28:37.000000000 ET,-1,gap_closed,0.5800000000000001,0.615,0.615,1791059318000000000,2026-10-03 16:28:38.000000000 ET,1791059318447515768,2026-10-03 16:28:38.447515648 ET,0.58,0.57,1791059327000000000,2026-10-03 16:28:47.000000000 ET,1791059329909976727,2026-10-03 16:28:49.909976832 ET,0.54,0.55,0.17,0.17,-0.14,-1.4,10
1.0,cfb_20261003_lou_ncst,aec-cfb-lou-ncst-2026-10-03,vultr,outside coverage,1791062716,1791062717000000000,2026-10-03 17:25:17.000000000 ET,1,timeout,0.605,0.57,0.57,1791062718000000000,2026-10-03 17:25:18.000000000 ET,,,,,1791062777000000000,2026-10-03 17:26:17.000000000 ET,,,,,,,,,10
1.0,cfb_20261003_lou_ncst,aec-cfb-lou-ncst-2026-10-03,vultr,outside coverage,1791063241,1791063242000000000,2026-10-03 17:34:02.000000000 ET,-1,timeout,0.71,,0.57,1791063243000000000,2026-10-03 17:34:03.000000000 ET,,,,,1791063302000000000,2026-10-03 17:35:02.000000000 ET,,,,,,,,,10
1.0,cfb_20261003_lou_ncst,aec-cfb-lou-ncst-2026-10-03,vultr,outside coverage,1791063321,1791063322000000000,2026-10-03 17:35:22.000000000 ET,-1,timeout,0.655,,0.57,1791063323000000000,2026-10-03 17:35:23.000000000 ET,,,,,1791063382000000000,2026-10-03 17:36:22.000000000 ET,,,,,,,,,10
1.0,cfb_20261003_lou_ncst,aec-cfb-lou-ncst-2026-10-03,vultr,outside coverage,1791063636,1791063637000000000,2026-10-03 17:40:37.000000000 ET,-1,timeout,0.555,,0.57,1791063638000000000,2026-10-03 17:40:38.000000000 ET,,,,,1791063697000000000,2026-10-03 17:41:37.000000000 ET,,,,,,,,,10
1.0,cfb_20261003_lou_ncst,aec-cfb-lou-ncst-2026-10-03,vultr,outside coverage,1791063747,1791063748000000000,2026-10-03 17:42:28.000000000 ET,-1,timeout,0.525,,0.57,1791063749000000000,2026-10-03 17:42:29.000000000 ET,,,,,1791063808000000000,2026-10-03 17:43:28.000000000 ET,,,,,,,,,10
1.0,cfb_20261003_lou_ncst,aec-cfb-lou-ncst-2026-10-03,vultr,outside coverage,1791064146,1791064147000000000,2026-10-03 17:49:07.000000000 ET,1,timeout,0.505,,0.57,1791064148000000000,2026-10-03 17:49:08.000000000 ET,,,,,1791064207000000000,2026-10-03 17:50:07.000000000 ET,,,,,,,,,10
1.0,cfb_20261003_lou_ncst,aec-cfb-lou-ncst-2026-10-03,vultr,outside coverage,1791064242,1791064243000000000,2026-10-03 17:50:43.000000000 ET,1,timeout,0.685,,0.57,1791064244000000000,2026-10-03 17:50:44.000000000 ET,,,,,1791064303000000000,2026-10-03 17:51:43.000000000 ET,,,,,,,,,10
1.0,cfb_20261003_lou_ncst,aec-cfb-lou-ncst-2026-10-03,vultr,outside coverage,1791064314,1791064315000000000,2026-10-03 17:51:55.000000000 ET,-1,timeout,0.645,,0.57,1791064316000000000,2026-10-03 17:51:56.000000000 ET,,,,,1791064375000000000,2026-10-03 17:52:55.000000000 ET,,,,,,,,,10
1.0,cfb_20261003_lou_ncst,aec-cfb-lou-ncst-2026-10-03,vultr,outside coverage,1791064396,1791064397000000000,2026-10-03 17:53:17.000000000 ET,1,timeout,0.755,,0.57,1791064398000000000,2026-10-03 17:53:18.000000000 ET,,,,,1791064457000000000,2026-10-03 17:54:17.000000000 ET,,,,,,,,,10
1.0,cfb_20261003_lou_ncst,aec-cfb-lou-ncst-2026-10-03,vultr,outside coverage,1791064700,1791064701000000000,2026-10-03 17:58:21.000000000 ET,-1,timeout,0.745,,0.57,1791064702000000000,2026-10-03 17:58:22.000000000 ET,,,,,1791064761000000000,2026-10-03 17:59:21.000000000 ET,,,,,,,,,10
1.0,cfb_20261003_lou_ncst,aec-cfb-lou-ncst-2026-10-03,vultr,outside coverage,1791064853,1791064854000000000,2026-10-03 18:00:54.000000000 ET,-1,timeout,0.7,,0.57,1791064855000000000,2026-10-03 18:00:55.000000000 ET,,,,,1791064914000000000,2026-10-03 18:01:54.000000000 ET,,,,,,,,,10
1.0,cfb_20261003_lou_ncst,aec-cfb-lou-ncst-2026-10-03,vultr,outside coverage,1791065269,1791065270000000000,2026-10-03 18:07:50.000000000 ET,-1,timeout,0.655,,0.57,1791065271000000000,2026-10-03 18:07:51.000000000 ET,,,,,1791065330000000000,2026-10-03 18:08:50.000000000 ET,,,,,,,,,10
1.0,cfb_20261003_lou_ncst,aec-cfb-lou-ncst-2026-10-03,vultr,outside coverage,1791065517,1791065518000000000,2026-10-03 18:11:58.000000000 ET,1,timeout,0.725,,0.57,1791065519000000000,2026-10-03 18:11:59.000000000 ET,,,,,1791065578000000000,2026-10-03 18:12:58.000000000 ET,,,,,,,,,10
1.0,cfb_20261003_lou_ncst,aec-cfb-lou-ncst-2026-10-03,vultr,outside coverage,1791065653,1791065654000000000,2026-10-03 18:14:14.000000000 ET,-1,timeout,0.785,,0.57,1791065655000000000,2026-10-03 18:14:15.000000000 ET,,,,,1791065714000000000,2026-10-03 18:15:14.000000000 ET,,,,,,,,,10
1.0,cfb_20261003_lou_ncst,aec-cfb-lou-ncst-2026-10-03,vultr,outside coverage,1791065846,1791065847000000000,2026-10-03 18:17:27.000000000 ET,-1,timeout,0.585,,0.57,1791065848000000000,2026-10-03 18:17:28.000000000 ET,,,,,1791065907000000000,2026-10-03 18:18:27.000000000 ET,,,,,,,,,10
1.0,cfb_20261003_lou_ncst,aec-cfb-lou-ncst-2026-10-03,vultr,outside coverage,1791066200,1791066201000000000,2026-10-03 18:23:21.000000000 ET,-1,timeout,0.395,,0.57,1791066202000000000,2026-10-03 18:23:22.000000000 ET,,,,,1791066261000000000,2026-10-03 18:24:21.000000000 ET,,,,,,,,,10
1.0,cfb_20261003_lou_ncst,aec-cfb-lou-ncst-2026-10-03,vultr,outside coverage,1791066647,1791066648000000000,2026-10-03 18:30:48.000000000 ET,-1,timeout,0.31,,0.57,1791066649000000000,2026-10-03 18:30:49.000000000 ET,,,,,1791066708000000000,2026-10-03 18:31:48.000000000 ET,,,,,,,,,10
1.0,cfb_20261003_lou_ncst,aec-cfb-lou-ncst-2026-10-03,vultr,outside coverage,1791066711,1791066712000000000,2026-10-03 18:31:52.000000000 ET,1,timeout,0.275,,0.57,1791066713000000000,2026-10-03 18:31:53.000000000 ET,,,,,1791066772000000000,2026-10-03 18:32:52.000000000 ET,,,,,,,,,10
1.0,cfb_20261003_lou_ncst,aec-cfb-lou-ncst-2026-10-03,vultr,outside coverage,1791066908,1791066909000000000,2026-10-03 18:35:09.000000000 ET,1,timeout,0.445,,0.57,1791066910000000000,2026-10-03 18:35:10.000000000 ET,,,,,1791066969000000000,2026-10-03 18:36:09.000000000 ET,,,,,,,,,10
1.0,cfb_20261003_lou_ncst,aec-cfb-lou-ncst-2026-10-03,vultr,outside coverage,1791066971,1791066972000000000,2026-10-03 18:36:12.000000000 ET,1,timeout,0.515,,0.57,1791066973000000000,2026-10-03 18:36:13.000000000 ET,,,,,1791067032000000000,2026-10-03 18:37:12.000000000 ET,,,,,,,,,10
1.0,cfb_20261003_lou_ncst,aec-cfb-lou-ncst-2026-10-03,vultr,outside coverage,1791067050,1791067051000000000,2026-10-03 18:37:31.000000000 ET,1,timeout,0.64,,0.57,1791067052000000000,2026-10-03 18:37:32.000000000 ET,,,,,1791067111000000000,2026-10-03 18:38:31.000000000 ET,,,,,,,,,10
1.0,cfb_20261003_lou_ncst,aec-cfb-lou-ncst-2026-10-03,vultr,outside coverage,1791067126,1791067127000000000,2026-10-03 18:38:47.000000000 ET,1,timeout,0.665,,0.57,1791067128000000000,2026-10-03 18:38:48.000000000 ET,,,,,1791067187000000000,2026-10-03 18:39:47.000000000 ET,,,,,,,,,10
1.0,cfb_20261003_lou_ncst,aec-cfb-lou-ncst-2026-10-03,vultr,outside coverage,1791067211,1791067212000000000,2026-10-03 18:40:12.000000000 ET,1,timeout,0.585,,0.57,1791067213000000000,2026-10-03 18:40:13.000000000 ET,,,,,1791067272000000000,2026-10-03 18:41:12.000000000 ET,,,,,,,,,10
1.0,cfb_20261003_lou_ncst,aec-cfb-lou-ncst-2026-10-03,vultr,outside coverage,1791067546,1791067547000000000,2026-10-03 18:45:47.000000000 ET,1,timeout,0.675,,0.57,1791067548000000000,2026-10-03 18:45:48.000000000 ET,,,,,1791067607000000000,2026-10-03 18:46:47.000000000 ET,,,,,,,,,10
1.0,cfb_20261003_lou_ncst,aec-cfb-lou-ncst-2026-10-03,vultr,outside coverage,1791067643,1791067644000000000,2026-10-03 18:47:24.000000000 ET,1,timeout,0.815,,0.57,1791067645000000000,2026-10-03 18:47:25.000000000 ET,,,,,1791067704000000000,2026-10-03 18:48:24.000000000 ET,,,,,,,,,10
1.0,cfb_20261003_lou_ncst,aec-cfb-lou-ncst-2026-10-03,vultr,outside coverage,1791067759,1791067760000000000,2026-10-03 18:49:20.000000000 ET,1,timeout,0.905,,0.57,1791067761000000000,2026-10-03 18:49:21.000000000 ET,,,,,1791067820000000000,2026-10-03 18:50:20.000000000 ET,,,,,,,,,10
1.0,cfb_20261003_lou_ncst,aec-cfb-lou-ncst-2026-10-03,vultr,outside coverage,1791067846,1791067847000000000,2026-10-03 18:50:47.000000000 ET,-1,timeout,0.825,,0.57,1791067848000000000,2026-10-03 18:50:48.000000000 ET,,,,,1791067907000000000,2026-10-03 18:51:47.000000000 ET,,,,,,,,,10
1.0,cfb_20261003_lou_ncst,aec-cfb-lou-ncst-2026-10-03,vultr,outside coverage,1791067920,1791067921000000000,2026-10-03 18:52:01.000000000 ET,1,timeout,0.845,,0.57,1791067922000000000,2026-10-03 18:52:02.000000000 ET,,,,,1791067981000000000,2026-10-03 18:53:01.000000000 ET,,,,,,,,,10
1.0,cfb_20261003_lou_ncst,aec-cfb-lou-ncst-2026-10-03,vultr,outside coverage,1791068354,1791068355000000000,2026-10-03 18:59:15.000000000 ET,-1,timeout,0.905,,0.57,1791068356000000000,2026-10-03 18:59:16.000000000 ET,,,,,1791068415000000000,2026-10-03 19:00:15.000000000 ET,,,,,,,,,10
2.0,cfb_20261003_lou_ncst,aec-cfb-lou-ncst-2026-10-03,vultr,filled,1791058022,1791058023000000000,2026-10-03 16:07:03.000000000 ET,1,gap_closed,0.565,0.52,0.52,1791058025000000000,2026-10-03 16:07:05.000000000 ET,1791058025495788298,2026-10-03 16:07:05.495788288 ET,0.535,0.545,1791058026000000000,2026-10-03 16:07:06.000000000 ET,1791058027342193702,2026-10-03 16:07:07.342193664 ET,0.51,0.5,0.17,0.17,-0.79,-7.9,10
2.0,cfb_20261003_lou_ncst,aec-cfb-lou-ncst-2026-10-03,vultr,filled,1791059316,1791059317000000000,2026-10-03 16:28:37.000000000 ET,-1,gap_closed,0.5800000000000001,0.615,0.615,1791059319000000000,2026-10-03 16:28:39.000000000 ET,1791059323355531800,2026-10-03 16:28:43.355531776 ET,0.56,0.55,1791059327000000000,2026-10-03 16:28:47.000000000 ET,1791059329909976727,2026-10-03 16:28:49.909976832 ET,0.54,0.55,0.17,0.17,-0.34,-3.4,10
2.0,cfb_20261003_lou_ncst,aec-cfb-lou-ncst-2026-10-03,vultr,outside coverage,1791062716,1791062717000000000,2026-10-03 17:25:17.000000000 ET,1,timeout,0.605,0.57,0.57,1791062719000000000,2026-10-03 17:25:19.000000000 ET,,,,,1791062777000000000,2026-10-03 17:26:17.000000000 ET,,,,,,,,,10
2.0,cfb_20261003_lou_ncst,aec-cfb-lou-ncst-2026-10-03,vultr,outside coverage,1791063241,1791063242000000000,2026-10-03 17:34:02.000000000 ET,-1,timeout,0.71,,0.57,1791063244000000000,2026-10-03 17:34:04.000000000 ET,,,,,1791063302000000000,2026-10-03 17:35:02.000000000 ET,,,,,,,,,10
2.0,cfb_20261003_lou_ncst,aec-cfb-lou-ncst-2026-10-03,vultr,outside coverage,1791063321,1791063322000000000,2026-10-03 17:35:22.000000000 ET,-1,timeout,0.655,,0.57,1791063324000000000,2026-10-03 17:35:24.000000000 ET,,,,,1791063382000000000,2026-10-03 17:36:22.000000000 ET,,,,,,,,,10
2.0,cfb_20261003_lou_ncst,aec-cfb-lou-ncst-2026-10-03,vultr,outside coverage,1791063636,1791063637000000000,2026-10-03 17:40:37.000000000 ET,-1,timeout,0.555,,0.57,1791063639000000000,2026-10-03 17:40:39.000000000 ET,,,,,1791063697000000000,2026-10-03 17:41:37.000000000 ET,,,,,,,,,10
2.0,cfb_20261003_lou_ncst,aec-cfb-lou-ncst-2026-10-03,vultr,outside coverage,1791063747,1791063748000000000,2026-10-03 17:42:28.000000000 ET,-1,timeout,0.525,,0.57,1791063750000000000,2026-10-03 17:42:30.000000000 ET,,,,,1791063808000000000,2026-10-03 17:43:28.000000000 ET,,,,,,,,,10
2.0,cfb_20261003_lou_ncst,aec-cfb-lou-ncst-2026-10-03,vultr,outside coverage,1791064146,1791064147000000000,2026-10-03 17:49:07.000000000 ET,1,timeout,0.505,,0.57,1791064149000000000,2026-10-03 17:49:09.000000000 ET,,,,,1791064207000000000,2026-10-03 17:50:07.000000000 ET,,,,,,,,,10
2.0,cfb_20261003_lou_ncst,aec-cfb-lou-ncst-2026-10-03,vultr,outside coverage,1791064242,1791064243000000000,2026-10-03 17:50:43.000000000 ET,1,timeout,0.685,,0.57,1791064245000000000,2026-10-03 17:50:45.000000000 ET,,,,,1791064303000000000,2026-10-03 17:51:43.000000000 ET,,,,,,,,,10
2.0,cfb_20261003_lou_ncst,aec-cfb-lou-ncst-2026-10-03,vultr,outside coverage,1791064314,1791064315000000000,2026-10-03 17:51:55.000000000 ET,-1,timeout,0.645,,0.57,1791064317000000000,2026-10-03 17:51:57.000000000 ET,,,,,1791064375000000000,2026-10-03 17:52:55.000000000 ET,,,,,,,,,10
2.0,cfb_20261003_lou_ncst,aec-cfb-lou-ncst-2026-10-03,vultr,outside coverage,1791064396,1791064397000000000,2026-10-03 17:53:17.000000000 ET,1,timeout,0.755,,0.57,1791064399000000000,2026-10-03 17:53:19.000000000 ET,,,,,1791064457000000000,2026-10-03 17:54:17.000000000 ET,,,,,,,,,10
2.0,cfb_20261003_lou_ncst,aec-cfb-lou-ncst-2026-10-03,vultr,outside coverage,1791064700,1791064701000000000,2026-10-03 17:58:21.000000000 ET,-1,timeout,0.745,,0.57,1791064703000000000,2026-10-03 17:58:23.000000000 ET,,,,,1791064761000000000,2026-10-03 17:59:21.000000000 ET,,,,,,,,,10
2.0,cfb_20261003_lou_ncst,aec-cfb-lou-ncst-2026-10-03,vultr,outside coverage,1791064853,1791064854000000000,2026-10-03 18:00:54.000000000 ET,-1,timeout,0.7,,0.57,1791064856000000000,2026-10-03 18:00:56.000000000 ET,,,,,1791064914000000000,2026-10-03 18:01:54.000000000 ET,,,,,,,,,10
2.0,cfb_20261003_lou_ncst,aec-cfb-lou-ncst-2026-10-03,vultr,outside coverage,1791065269,1791065270000000000,2026-10-03 18:07:50.000000000 ET,-1,timeout,0.655,,0.57,1791065272000000000,2026-10-03 18:07:52.000000000 ET,,,,,1791065330000000000,2026-10-03 18:08:50.000000000 ET,,,,,,,,,10
2.0,cfb_20261003_lou_ncst,aec-cfb-lou-ncst-2026-10-03,vultr,outside coverage,1791065517,1791065518000000000,2026-10-03 18:11:58.000000000 ET,1,timeout,0.725,,0.57,1791065520000000000,2026-10-03 18:12:00.000000000 ET,,,,,1791065578000000000,2026-10-03 18:12:58.000000000 ET,,,,,,,,,10
2.0,cfb_20261003_lou_ncst,aec-cfb-lou-ncst-2026-10-03,vultr,outside coverage,1791065653,1791065654000000000,2026-10-03 18:14:14.000000000 ET,-1,timeout,0.785,,0.57,1791065656000000000,2026-10-03 18:14:16.000000000 ET,,,,,1791065714000000000,2026-10-03 18:15:14.000000000 ET,,,,,,,,,10
2.0,cfb_20261003_lou_ncst,aec-cfb-lou-ncst-2026-10-03,vultr,outside coverage,1791065846,1791065847000000000,2026-10-03 18:17:27.000000000 ET,-1,timeout,0.585,,0.57,1791065849000000000,2026-10-03 18:17:29.000000000 ET,,,,,1791065907000000000,2026-10-03 18:18:27.000000000 ET,,,,,,,,,10
2.0,cfb_20261003_lou_ncst,aec-cfb-lou-ncst-2026-10-03,vultr,outside coverage,1791066200,1791066201000000000,2026-10-03 18:23:21.000000000 ET,-1,timeout,0.395,,0.57,1791066203000000000,2026-10-03 18:23:23.000000000 ET,,,,,1791066261000000000,2026-10-03 18:24:21.000000000 ET,,,,,,,,,10
2.0,cfb_20261003_lou_ncst,aec-cfb-lou-ncst-2026-10-03,vultr,outside coverage,1791066647,1791066648000000000,2026-10-03 18:30:48.000000000 ET,-1,timeout,0.31,,0.57,1791066650000000000,2026-10-03 18:30:50.000000000 ET,,,,,1791066708000000000,2026-10-03 18:31:48.000000000 ET,,,,,,,,,10
2.0,cfb_20261003_lou_ncst,aec-cfb-lou-ncst-2026-10-03,vultr,outside coverage,1791066711,1791066712000000000,2026-10-03 18:31:52.000000000 ET,1,timeout,0.275,,0.57,1791066714000000000,2026-10-03 18:31:54.000000000 ET,,,,,1791066772000000000,2026-10-03 18:32:52.000000000 ET,,,,,,,,,10
2.0,cfb_20261003_lou_ncst,aec-cfb-lou-ncst-2026-10-03,vultr,outside coverage,1791066908,1791066909000000000,2026-10-03 18:35:09.000000000 ET,1,timeout,0.445,,0.57,1791066911000000000,2026-10-03 18:35:11.000000000 ET,,,,,1791066969000000000,2026-10-03 18:36:09.000000000 ET,,,,,,,,,10
2.0,cfb_20261003_lou_ncst,aec-cfb-lou-ncst-2026-10-03,vultr,outside coverage,1791066971,1791066972000000000,2026-10-03 18:36:12.000000000 ET,1,timeout,0.515,,0.57,1791066974000000000,2026-10-03 18:36:14.000000000 ET,,,,,1791067032000000000,2026-10-03 18:37:12.000000000 ET,,,,,,,,,10
2.0,cfb_20261003_lou_ncst,aec-cfb-lou-ncst-2026-10-03,vultr,outside coverage,1791067050,1791067051000000000,2026-10-03 18:37:31.000000000 ET,1,timeout,0.64,,0.57,1791067053000000000,2026-10-03 18:37:33.000000000 ET,,,,,1791067111000000000,2026-10-03 18:38:31.000000000 ET,,,,,,,,,10
2.0,cfb_20261003_lou_ncst,aec-cfb-lou-ncst-2026-10-03,vultr,outside coverage,1791067126,1791067127000000000,2026-10-03 18:38:47.000000000 ET,1,timeout,0.665,,0.57,1791067129000000000,2026-10-03 18:38:49.000000000 ET,,,,,1791067187000000000,2026-10-03 18:39:47.000000000 ET,,,,,,,,,10
2.0,cfb_20261003_lou_ncst,aec-cfb-lou-ncst-2026-10-03,vultr,outside coverage,1791067211,1791067212000000000,2026-10-03 18:40:12.000000000 ET,1,timeout,0.585,,0.57,1791067214000000000,2026-10-03 18:40:14.000000000 ET,,,,,1791067272000000000,2026-10-03 18:41:12.000000000 ET,,,,,,,,,10
2.0,cfb_20261003_lou_ncst,aec-cfb-lou-ncst-2026-10-03,vultr,outside coverage,1791067546,1791067547000000000,2026-10-03 18:45:47.000000000 ET,1,timeout,0.675,,0.57,1791067549000000000,2026-10-03 18:45:49.000000000 ET,,,,,1791067607000000000,2026-10-03 18:46:47.000000000 ET,,,,,,,,,10
2.0,cfb_20261003_lou_ncst,aec-cfb-lou-ncst-2026-10-03,vultr,outside coverage,1791067643,1791067644000000000,2026-10-03 18:47:24.000000000 ET,1,timeout,0.815,,0.57,1791067646000000000,2026-10-03 18:47:26.000000000 ET,,,,,1791067704000000000,2026-10-03 18:48:24.000000000 ET,,,,,,,,,10
2.0,cfb_20261003_lou_ncst,aec-cfb-lou-ncst-2026-10-03,vultr,outside coverage,1791067759,1791067760000000000,2026-10-03 18:49:20.000000000 ET,1,timeout,0.905,,0.57,1791067762000000000,2026-10-03 18:49:22.000000000 ET,,,,,1791067820000000000,2026-10-03 18:50:20.000000000 ET,,,,,,,,,10
2.0,cfb_20261003_lou_ncst,aec-cfb-lou-ncst-2026-10-03,vultr,outside coverage,1791067846,1791067847000000000,2026-10-03 18:50:47.000000000 ET,-1,timeout,0.825,,0.57,1791067849000000000,2026-10-03 18:50:49.000000000 ET,,,,,1791067907000000000,2026-10-03 18:51:47.000000000 ET,,,,,,,,,10
2.0,cfb_20261003_lou_ncst,aec-cfb-lou-ncst-2026-10-03,vultr,outside coverage,1791067920,1791067921000000000,2026-10-03 18:52:01.000000000 ET,1,timeout,0.845,,0.57,1791067923000000000,2026-10-03 18:52:03.000000000 ET,,,,,1791067981000000000,2026-10-03 18:53:01.000000000 ET,,,,,,,,,10
2.0,cfb_20261003_lou_ncst,aec-cfb-lou-ncst-2026-10-03,vultr,outside coverage,1791068354,1791068355000000000,2026-10-03 18:59:15.000000000 ET,-1,timeout,0.905,,0.57,1791068357000000000,2026-10-03 18:59:17.000000000 ET,,,,,1791068415000000000,2026-10-03 19:00:15.000000000 ET,,,,,,,,,10
5.0,cfb_20261003_lou_ncst,aec-cfb-lou-ncst-2026-10-03,vultr,filled,1791058022,1791058023000000000,2026-10-03 16:07:03.000000000 ET,1,gap_closed,0.565,0.52,0.52,1791058028000000000,2026-10-03 16:07:08.000000000 ET,1791058035850788614,2026-10-03 16:07:15.850788608 ET,0.51,0.52,1791058026000000000,2026-10-03 16:07:06.000000000 ET,1791058027342193702,2026-10-03 16:07:07.342193664 ET,0.51,0.5,0.17,0.17,-0.54,-5.4,10
5.0,cfb_20261003_lou_ncst,aec-cfb-lou-ncst-2026-10-03,vultr,filled,1791059316,1791059317000000000,2026-10-03 16:28:37.000000000 ET,-1,gap_closed,0.5800000000000001,0.615,0.615,1791059322000000000,2026-10-03 16:28:42.000000000 ET,1791059323355531800,2026-10-03 16:28:43.355531776 ET,0.56,0.55,1791059327000000000,2026-10-03 16:28:47.000000000 ET,1791059329909976727,2026-10-03 16:28:49.909976832 ET,0.54,0.55,0.17,0.17,-0.34,-3.4,10
5.0,cfb_20261003_lou_ncst,aec-cfb-lou-ncst-2026-10-03,vultr,outside coverage,1791062716,1791062717000000000,2026-10-03 17:25:17.000000000 ET,1,timeout,0.605,0.57,0.57,1791062722000000000,2026-10-03 17:25:22.000000000 ET,,,,,1791062777000000000,2026-10-03 17:26:17.000000000 ET,,,,,,,,,10
5.0,cfb_20261003_lou_ncst,aec-cfb-lou-ncst-2026-10-03,vultr,outside coverage,1791063241,1791063242000000000,2026-10-03 17:34:02.000000000 ET,-1,timeout,0.71,,0.57,1791063247000000000,2026-10-03 17:34:07.000000000 ET,,,,,1791063302000000000,2026-10-03 17:35:02.000000000 ET,,,,,,,,,10
5.0,cfb_20261003_lou_ncst,aec-cfb-lou-ncst-2026-10-03,vultr,outside coverage,1791063321,1791063322000000000,2026-10-03 17:35:22.000000000 ET,-1,timeout,0.655,,0.57,1791063327000000000,2026-10-03 17:35:27.000000000 ET,,,,,1791063382000000000,2026-10-03 17:36:22.000000000 ET,,,,,,,,,10
5.0,cfb_20261003_lou_ncst,aec-cfb-lou-ncst-2026-10-03,vultr,outside coverage,1791063636,1791063637000000000,2026-10-03 17:40:37.000000000 ET,-1,timeout,0.555,,0.57,1791063642000000000,2026-10-03 17:40:42.000000000 ET,,,,,1791063697000000000,2026-10-03 17:41:37.000000000 ET,,,,,,,,,10
5.0,cfb_20261003_lou_ncst,aec-cfb-lou-ncst-2026-10-03,vultr,outside coverage,1791063747,1791063748000000000,2026-10-03 17:42:28.000000000 ET,-1,timeout,0.525,,0.57,1791063753000000000,2026-10-03 17:42:33.000000000 ET,,,,,1791063808000000000,2026-10-03 17:43:28.000000000 ET,,,,,,,,,10
5.0,cfb_20261003_lou_ncst,aec-cfb-lou-ncst-2026-10-03,vultr,outside coverage,1791064146,1791064147000000000,2026-10-03 17:49:07.000000000 ET,1,timeout,0.505,,0.57,1791064152000000000,2026-10-03 17:49:12.000000000 ET,,,,,1791064207000000000,2026-10-03 17:50:07.000000000 ET,,,,,,,,,10
5.0,cfb_20261003_lou_ncst,aec-cfb-lou-ncst-2026-10-03,vultr,outside coverage,1791064242,1791064243000000000,2026-10-03 17:50:43.000000000 ET,1,timeout,0.685,,0.57,1791064248000000000,2026-10-03 17:50:48.000000000 ET,,,,,1791064303000000000,2026-10-03 17:51:43.000000000 ET,,,,,,,,,10
5.0,cfb_20261003_lou_ncst,aec-cfb-lou-ncst-2026-10-03,vultr,outside coverage,1791064314,1791064315000000000,2026-10-03 17:51:55.000000000 ET,-1,timeout,0.645,,0.57,1791064320000000000,2026-10-03 17:52:00.000000000 ET,,,,,1791064375000000000,2026-10-03 17:52:55.000000000 ET,,,,,,,,,10
5.0,cfb_20261003_lou_ncst,aec-cfb-lou-ncst-2026-10-03,vultr,outside coverage,1791064396,1791064397000000000,2026-10-03 17:53:17.000000000 ET,1,timeout,0.755,,0.57,1791064402000000000,2026-10-03 17:53:22.000000000 ET,,,,,1791064457000000000,2026-10-03 17:54:17.000000000 ET,,,,,,,,,10
5.0,cfb_20261003_lou_ncst,aec-cfb-lou-ncst-2026-10-03,vultr,outside coverage,1791064700,1791064701000000000,2026-10-03 17:58:21.000000000 ET,-1,timeout,0.745,,0.57,1791064706000000000,2026-10-03 17:58:26.000000000 ET,,,,,1791064761000000000,2026-10-03 17:59:21.000000000 ET,,,,,,,,,10
5.0,cfb_20261003_lou_ncst,aec-cfb-lou-ncst-2026-10-03,vultr,outside coverage,1791064853,1791064854000000000,2026-10-03 18:00:54.000000000 ET,-1,timeout,0.7,,0.57,1791064859000000000,2026-10-03 18:00:59.000000000 ET,,,,,1791064914000000000,2026-10-03 18:01:54.000000000 ET,,,,,,,,,10
5.0,cfb_20261003_lou_ncst,aec-cfb-lou-ncst-2026-10-03,vultr,outside coverage,1791065269,1791065270000000000,2026-10-03 18:07:50.000000000 ET,-1,timeout,0.655,,0.57,1791065275000000000,2026-10-03 18:07:55.000000000 ET,,,,,1791065330000000000,2026-10-03 18:08:50.000000000 ET,,,,,,,,,10
5.0,cfb_20261003_lou_ncst,aec-cfb-lou-ncst-2026-10-03,vultr,outside coverage,1791065517,1791065518000000000,2026-10-03 18:11:58.000000000 ET,1,timeout,0.725,,0.57,1791065523000000000,2026-10-03 18:12:03.000000000 ET,,,,,1791065578000000000,2026-10-03 18:12:58.000000000 ET,,,,,,,,,10
5.0,cfb_20261003_lou_ncst,aec-cfb-lou-ncst-2026-10-03,vultr,outside coverage,1791065653,1791065654000000000,2026-10-03 18:14:14.000000000 ET,-1,timeout,0.785,,0.57,1791065659000000000,2026-10-03 18:14:19.000000000 ET,,,,,1791065714000000000,2026-10-03 18:15:14.000000000 ET,,,,,,,,,10
5.0,cfb_20261003_lou_ncst,aec-cfb-lou-ncst-2026-10-03,vultr,outside coverage,1791065846,1791065847000000000,2026-10-03 18:17:27.000000000 ET,-1,timeout,0.585,,0.57,1791065852000000000,2026-10-03 18:17:32.000000000 ET,,,,,1791065907000000000,2026-10-03 18:18:27.000000000 ET,,,,,,,,,10
5.0,cfb_20261003_lou_ncst,aec-cfb-lou-ncst-2026-10-03,vultr,outside coverage,1791066200,1791066201000000000,2026-10-03 18:23:21.000000000 ET,-1,timeout,0.395,,0.57,1791066206000000000,2026-10-03 18:23:26.000000000 ET,,,,,1791066261000000000,2026-10-03 18:24:21.000000000 ET,,,,,,,,,10
5.0,cfb_20261003_lou_ncst,aec-cfb-lou-ncst-2026-10-03,vultr,outside coverage,1791066647,1791066648000000000,2026-10-03 18:30:48.000000000 ET,-1,timeout,0.31,,0.57,1791066653000000000,2026-10-03 18:30:53.000000000 ET,,,,,1791066708000000000,2026-10-03 18:31:48.000000000 ET,,,,,,,,,10
5.0,cfb_20261003_lou_ncst,aec-cfb-lou-ncst-2026-10-03,vultr,outside coverage,1791066711,1791066712000000000,2026-10-03 18:31:52.000000000 ET,1,timeout,0.275,,0.57,1791066717000000000,2026-10-03 18:31:57.000000000 ET,,,,,1791066772000000000,2026-10-03 18:32:52.000000000 ET,,,,,,,,,10
5.0,cfb_20261003_lou_ncst,aec-cfb-lou-ncst-2026-10-03,vultr,outside coverage,1791066908,1791066909000000000,2026-10-03 18:35:09.000000000 ET,1,timeout,0.445,,0.57,1791066914000000000,2026-10-03 18:35:14.000000000 ET,,,,,1791066969000000000,2026-10-03 18:36:09.000000000 ET,,,,,,,,,10
5.0,cfb_20261003_lou_ncst,aec-cfb-lou-ncst-2026-10-03,vultr,outside coverage,1791066971,1791066972000000000,2026-10-03 18:36:12.000000000 ET,1,timeout,0.515,,0.57,1791066977000000000,2026-10-03 18:36:17.000000000 ET,,,,,1791067032000000000,2026-10-03 18:37:12.000000000 ET,,,,,,,,,10
5.0,cfb_20261003_lou_ncst,aec-cfb-lou-ncst-2026-10-03,vultr,outside coverage,1791067050,1791067051000000000,2026-10-03 18:37:31.000000000 ET,1,timeout,0.64,,0.57,1791067056000000000,2026-10-03 18:37:36.000000000 ET,,,,,1791067111000000000,2026-10-03 18:38:31.000000000 ET,,,,,,,,,10
5.0,cfb_20261003_lou_ncst,aec-cfb-lou-ncst-2026-10-03,vultr,outside coverage,1791067126,1791067127000000000,2026-10-03 18:38:47.000000000 ET,1,timeout,0.665,,0.57,1791067132000000000,2026-10-03 18:38:52.000000000 ET,,,,,1791067187000000000,2026-10-03 18:39:47.000000000 ET,,,,,,,,,10
5.0,cfb_20261003_lou_ncst,aec-cfb-lou-ncst-2026-10-03,vultr,outside coverage,1791067211,1791067212000000000,2026-10-03 18:40:12.000000000 ET,1,timeout,0.585,,0.57,1791067217000000000,2026-10-03 18:40:17.000000000 ET,,,,,1791067272000000000,2026-10-03 18:41:12.000000000 ET,,,,,,,,,10
5.0,cfb_20261003_lou_ncst,aec-cfb-lou-ncst-2026-10-03,vultr,outside coverage,1791067546,1791067547000000000,2026-10-03 18:45:47.000000000 ET,1,timeout,0.675,,0.57,1791067552000000000,2026-10-03 18:45:52.000000000 ET,,,,,1791067607000000000,2026-10-03 18:46:47.000000000 ET,,,,,,,,,10
5.0,cfb_20261003_lou_ncst,aec-cfb-lou-ncst-2026-10-03,vultr,outside coverage,1791067643,1791067644000000000,2026-10-03 18:47:24.000000000 ET,1,timeout,0.815,,0.57,1791067649000000000,2026-10-03 18:47:29.000000000 ET,,,,,1791067704000000000,2026-10-03 18:48:24.000000000 ET,,,,,,,,,10
5.0,cfb_20261003_lou_ncst,aec-cfb-lou-ncst-2026-10-03,vultr,outside coverage,1791067759,1791067760000000000,2026-10-03 18:49:20.000000000 ET,1,timeout,0.905,,0.57,1791067765000000000,2026-10-03 18:49:25.000000000 ET,,,,,1791067820000000000,2026-10-03 18:50:20.000000000 ET,,,,,,,,,10
5.0,cfb_20261003_lou_ncst,aec-cfb-lou-ncst-2026-10-03,vultr,outside coverage,1791067846,1791067847000000000,2026-10-03 18:50:47.000000000 ET,-1,timeout,0.825,,0.57,1791067852000000000,2026-10-03 18:50:52.000000000 ET,,,,,1791067907000000000,2026-10-03 18:51:47.000000000 ET,,,,,,,,,10
5.0,cfb_20261003_lou_ncst,aec-cfb-lou-ncst-2026-10-03,vultr,outside coverage,1791067920,1791067921000000000,2026-10-03 18:52:01.000000000 ET,1,timeout,0.845,,0.57,1791067926000000000,2026-10-03 18:52:06.000000000 ET,,,,,1791067981000000000,2026-10-03 18:53:01.000000000 ET,,,,,,,,,10
5.0,cfb_20261003_lou_ncst,aec-cfb-lou-ncst-2026-10-03,vultr,outside coverage,1791068354,1791068355000000000,2026-10-03 18:59:15.000000000 ET,-1,timeout,0.905,,0.57,1791068360000000000,2026-10-03 18:59:20.000000000 ET,,,,,1791068415000000000,2026-10-03 19:00:15.000000000 ET,,,,,,,,,10
1.0,cfb_20261003_hc_wm,aec-cfb-holy-wm-2026-10-03,vultr,filled,1791059746,1791059747000000000,2026-10-03 16:35:47.000000000 ET,-1,timeout,0.33999999999999997,,0.37,1791059748000000000,2026-10-03 16:35:48.000000000 ET,1791059777516623478,2026-10-03 16:36:17.516623360 ET,0.375,0.365,1791059807000000000,2026-10-03 16:36:47.000000000 ET,1791059856392163841,2026-10-03 16:37:36.392163840 ET,0.37,0.38,0.16,0.16,-0.47,-4.7,10
1.0,cfb_20261003_hc_wm,aec-cfb-holy-wm-2026-10-03,vultr,filled,1791060007,1791060008000000000,2026-10-03 16:40:08.000000000 ET,-1,gap_closed,0.255,0.315,0.315,1791060009000000000,2026-10-03 16:40:09.000000000 ET,1791060018428347820,2026-10-03 16:40:18.428347904 ET,0.235,0.225,1791060019000000000,2026-10-03 16:40:19.000000000 ET,1791060034711046791,2026-10-03 16:40:34.711046912 ET,0.26,0.27,0.12,0.14,-0.71,-7.1,10
2.0,cfb_20261003_hc_wm,aec-cfb-holy-wm-2026-10-03,vultr,filled,1791059746,1791059747000000000,2026-10-03 16:35:47.000000000 ET,-1,timeout,0.33999999999999997,,0.37,1791059749000000000,2026-10-03 16:35:49.000000000 ET,1791059777516623478,2026-10-03 16:36:17.516623360 ET,0.375,0.365,1791059807000000000,2026-10-03 16:36:47.000000000 ET,1791059856392163841,2026-10-03 16:37:36.392163840 ET,0.37,0.38,0.16,0.16,-0.47,-4.7,10
2.0,cfb_20261003_hc_wm,aec-cfb-holy-wm-2026-10-03,vultr,filled,1791060007,1791060008000000000,2026-10-03 16:40:08.000000000 ET,-1,gap_closed,0.255,0.315,0.315,1791060010000000000,2026-10-03 16:40:10.000000000 ET,1791060018428347820,2026-10-03 16:40:18.428347904 ET,0.235,0.225,1791060019000000000,2026-10-03 16:40:19.000000000 ET,1791060034711046791,2026-10-03 16:40:34.711046912 ET,0.26,0.27,0.12,0.14,-0.71,-7.1,10
5.0,cfb_20261003_hc_wm,aec-cfb-holy-wm-2026-10-03,vultr,filled,1791059746,1791059747000000000,2026-10-03 16:35:47.000000000 ET,-1,timeout,0.33999999999999997,,0.37,1791059752000000000,2026-10-03 16:35:52.000000000 ET,1791059777516623478,2026-10-03 16:36:17.516623360 ET,0.375,0.365,1791059807000000000,2026-10-03 16:36:47.000000000 ET,1791059856392163841,2026-10-03 16:37:36.392163840 ET,0.37,0.38,0.16,0.16,-0.47,-4.7,10
5.0,cfb_20261003_hc_wm,aec-cfb-holy-wm-2026-10-03,vultr,filled,1791060007,1791060008000000000,2026-10-03 16:40:08.000000000 ET,-1,gap_closed,0.255,0.315,0.315,1791060013000000000,2026-10-03 16:40:13.000000000 ET,1791060018428347820,2026-10-03 16:40:18.428347904 ET,0.235,0.225,1791060019000000000,2026-10-03 16:40:19.000000000 ET,1791060034711046791,2026-10-03 16:40:34.711046912 ET,0.26,0.27,0.12,0.14,-0.71,-7.1,10
1.0,cfb_20261003_dsu_alby,aec-cfb-delst-albny-2026-10-03,vultr,filled,1791060991,1791060992000000000,2026-10-03 16:56:32.000000000 ET,-1,gap_closed,0.78,0.81,0.81,1791060993000000000,2026-10-03 16:56:33.000000000 ET,1791061016461164476,2026-10-03 16:56:56.461164544 ET,0.81,0.8,1791061014000000000,2026-10-03 16:56:54.000000000 ET,1791061016461164476,2026-10-03 16:56:56.461164544 ET,0.81,0.82,0.11,0.1,-0.41,-4.1,10
1.0,cfb_20261003_dsu_alby,aec-cfb-delst-albny-2026-10-03,vultr,outside coverage,1791061914,1791061915000000000,2026-10-03 17:11:55.000000000 ET,-1,gap_closed,0.775,0.815,0.815,1791061916000000000,2026-10-03 17:11:56.000000000 ET,,,,,1791061940000000000,2026-10-03 17:12:20.000000000 ET,,,,,,,,,10
2.0,cfb_20261003_dsu_alby,aec-cfb-delst-albny-2026-10-03,vultr,filled,1791060991,1791060992000000000,2026-10-03 16:56:32.000000000 ET,-1,gap_closed,0.78,0.81,0.81,1791060994000000000,2026-10-03 16:56:34.000000000 ET,1791061016461164476,2026-10-03 16:56:56.461164544 ET,0.81,0.8,1791061014000000000,2026-10-03 16:56:54.000000000 ET,1791061016461164476,2026-10-03 16:56:56.461164544 ET,0.81,0.82,0.11,0.1,-0.41,-4.1,10
2.0,cfb_20261003_dsu_alby,aec-cfb-delst-albny-2026-10-03,vultr,outside coverage,1791061914,1791061915000000000,2026-10-03 17:11:55.000000000 ET,-1,gap_closed,0.775,0.815,0.815,1791061917000000000,2026-10-03 17:11:57.000000000 ET,,,,,1791061940000000000,2026-10-03 17:12:20.000000000 ET,,,,,,,,,10
5.0,cfb_20261003_dsu_alby,aec-cfb-delst-albny-2026-10-03,vultr,filled,1791060991,1791060992000000000,2026-10-03 16:56:32.000000000 ET,-1,gap_closed,0.78,0.81,0.81,1791060997000000000,2026-10-03 16:56:37.000000000 ET,1791061016461164476,2026-10-03 16:56:56.461164544 ET,0.81,0.8,1791061014000000000,2026-10-03 16:56:54.000000000 ET,1791061016461164476,2026-10-03 16:56:56.461164544 ET,0.81,0.82,0.11,0.1,-0.41,-4.1,10
5.0,cfb_20261003_dsu_alby,aec-cfb-delst-albny-2026-10-03,vultr,outside coverage,1791061914,1791061915000000000,2026-10-03 17:11:55.000000000 ET,-1,gap_closed,0.775,0.815,0.815,1791061920000000000,2026-10-03 17:12:00.000000000 ET,,,,,1791061940000000000,2026-10-03 17:12:20.000000000 ET,,,,,,,,,10
1.0,cfb_20261003_fla_mizz,aec-cfb-fl-missr-2026-10-03,vultr,filled,1791060859,1791060860000000000,2026-10-03 16:54:20.000000000 ET,-1,gap_closed,0.44,0.475,0.475,1791060861000000000,2026-10-03 16:54:21.000000000 ET,1791060861825911240,2026-10-03 16:54:21.825911296 ET,0.445,0.435,1791060861000000000,2026-10-03 16:54:21.000000000 ET,1791060861825911240,2026-10-03 16:54:21.825911296 ET,0.445,0.455,0.17,0.17,-0.54,-5.4,10
1.0,cfb_20261003_fla_mizz,aec-cfb-fl-missr-2026-10-03,vultr,outside coverage,1791061394,1791061395000000000,2026-10-03 17:03:15.000000000 ET,1,timeout,0.525,0.41,0.41,1791061396000000000,2026-10-03 17:03:16.000000000 ET,,,,,1791061455000000000,2026-10-03 17:04:15.000000000 ET,,,,,,,,,10
1.0,cfb_20261003_fla_mizz,aec-cfb-fl-missr-2026-10-03,vultr,outside coverage,1791061773,1791061774000000000,2026-10-03 17:09:34.000000000 ET,1,timeout,0.565,0.41,0.41,1791061775000000000,2026-10-03 17:09:35.000000000 ET,,,,,1791061834000000000,2026-10-03 17:10:34.000000000 ET,,,,,,,,,10
1.0,cfb_20261003_fla_mizz,aec-cfb-fl-missr-2026-10-03,vultr,outside coverage,1791061848,1791061849000000000,2026-10-03 17:10:49.000000000 ET,1,timeout,0.645,0.41,0.41,1791061850000000000,2026-10-03 17:10:50.000000000 ET,,,,,1791061909000000000,2026-10-03 17:11:49.000000000 ET,,,,,,,,,10
1.0,cfb_20261003_fla_mizz,aec-cfb-fl-missr-2026-10-03,vultr,outside coverage,1791062071,1791062072000000000,2026-10-03 17:14:32.000000000 ET,1,timeout,0.665,0.41,0.41,1791062073000000000,2026-10-03 17:14:33.000000000 ET,,,,,1791062132000000000,2026-10-03 17:15:32.000000000 ET,,,,,,,,,10
1.0,cfb_20261003_fla_mizz,aec-cfb-fl-missr-2026-10-03,vultr,outside coverage,1791062249,1791062250000000000,2026-10-03 17:17:30.000000000 ET,1,timeout,0.715,0.41,0.41,1791062251000000000,2026-10-03 17:17:31.000000000 ET,,,,,1791062310000000000,2026-10-03 17:18:30.000000000 ET,,,,,,,,,10
1.0,cfb_20261003_fla_mizz,aec-cfb-fl-missr-2026-10-03,vultr,outside coverage,1791063667,1791063668000000000,2026-10-03 17:41:08.000000000 ET,1,timeout,0.715,,0.41,1791063669000000000,2026-10-03 17:41:09.000000000 ET,,,,,1791063728000000000,2026-10-03 17:42:08.000000000 ET,,,,,,,,,10
1.0,cfb_20261003_fla_mizz,aec-cfb-fl-missr-2026-10-03,vultr,outside coverage,1791063782,1791063783000000000,2026-10-03 17:43:03.000000000 ET,1,timeout,0.845,,0.41,1791063784000000000,2026-10-03 17:43:04.000000000 ET,,,,,1791063843000000000,2026-10-03 17:44:03.000000000 ET,,,,,,,,,10
1.0,cfb_20261003_fla_mizz,aec-cfb-fl-missr-2026-10-03,vultr,outside coverage,1791064087,1791064088000000000,2026-10-03 17:48:08.000000000 ET,-1,timeout,0.805,,0.41,1791064089000000000,2026-10-03 17:48:09.000000000 ET,,,,,1791064148000000000,2026-10-03 17:49:08.000000000 ET,,,,,,,,,10
1.0,cfb_20261003_fla_mizz,aec-cfb-fl-missr-2026-10-03,vultr,outside coverage,1791064157,1791064158000000000,2026-10-03 17:49:18.000000000 ET,-1,timeout,0.825,,0.41,1791064159000000000,2026-10-03 17:49:19.000000000 ET,,,,,1791064218000000000,2026-10-03 17:50:18.000000000 ET,,,,,,,,,10
1.0,cfb_20261003_fla_mizz,aec-cfb-fl-missr-2026-10-03,vultr,outside coverage,1791064308,1791064309000000000,2026-10-03 17:51:49.000000000 ET,1,timeout,0.875,,0.41,1791064310000000000,2026-10-03 17:51:50.000000000 ET,,,,,1791064369000000000,2026-10-03 17:52:49.000000000 ET,,,,,,,,,10
1.0,cfb_20261003_fla_mizz,aec-cfb-fl-missr-2026-10-03,vultr,outside coverage,1791064680,1791064681000000000,2026-10-03 17:58:01.000000000 ET,1,timeout,0.925,,0.41,1791064682000000000,2026-10-03 17:58:02.000000000 ET,,,,,1791064741000000000,2026-10-03 17:59:01.000000000 ET,,,,,,,,,10
1.0,cfb_20261003_fla_mizz,aec-cfb-fl-missr-2026-10-03,vultr,outside coverage,1791064777,1791064778000000000,2026-10-03 17:59:38.000000000 ET,-1,timeout,0.885,,0.41,1791064779000000000,2026-10-03 17:59:39.000000000 ET,,,,,1791064838000000000,2026-10-03 18:00:38.000000000 ET,,,,,,,,,10
2.0,cfb_20261003_fla_mizz,aec-cfb-fl-missr-2026-10-03,vultr,filled,1791060859,1791060860000000000,2026-10-03 16:54:20.000000000 ET,-1,gap_closed,0.44,0.475,0.475,1791060862000000000,2026-10-03 16:54:22.000000000 ET,1791060862543037047,2026-10-03 16:54:22.543036928 ET,0.445,0.435,1791060861000000000,2026-10-03 16:54:21.000000000 ET,1791060861825911240,2026-10-03 16:54:21.825911296 ET,0.445,0.455,0.17,0.17,-0.54,-5.4,10
2.0,cfb_20261003_fla_mizz,aec-cfb-fl-missr-2026-10-03,vultr,outside coverage,1791061394,1791061395000000000,2026-10-03 17:03:15.000000000 ET,1,timeout,0.525,0.41,0.41,1791061397000000000,2026-10-03 17:03:17.000000000 ET,,,,,1791061455000000000,2026-10-03 17:04:15.000000000 ET,,,,,,,,,10
2.0,cfb_20261003_fla_mizz,aec-cfb-fl-missr-2026-10-03,vultr,outside coverage,1791061773,1791061774000000000,2026-10-03 17:09:34.000000000 ET,1,timeout,0.565,0.41,0.41,1791061776000000000,2026-10-03 17:09:36.000000000 ET,,,,,1791061834000000000,2026-10-03 17:10:34.000000000 ET,,,,,,,,,10
2.0,cfb_20261003_fla_mizz,aec-cfb-fl-missr-2026-10-03,vultr,outside coverage,1791061848,1791061849000000000,2026-10-03 17:10:49.000000000 ET,1,timeout,0.645,0.41,0.41,1791061851000000000,2026-10-03 17:10:51.000000000 ET,,,,,1791061909000000000,2026-10-03 17:11:49.000000000 ET,,,,,,,,,10
2.0,cfb_20261003_fla_mizz,aec-cfb-fl-missr-2026-10-03,vultr,outside coverage,1791062071,1791062072000000000,2026-10-03 17:14:32.000000000 ET,1,timeout,0.665,0.41,0.41,1791062074000000000,2026-10-03 17:14:34.000000000 ET,,,,,1791062132000000000,2026-10-03 17:15:32.000000000 ET,,,,,,,,,10
2.0,cfb_20261003_fla_mizz,aec-cfb-fl-missr-2026-10-03,vultr,outside coverage,1791062249,1791062250000000000,2026-10-03 17:17:30.000000000 ET,1,timeout,0.715,0.41,0.41,1791062252000000000,2026-10-03 17:17:32.000000000 ET,,,,,1791062310000000000,2026-10-03 17:18:30.000000000 ET,,,,,,,,,10
2.0,cfb_20261003_fla_mizz,aec-cfb-fl-missr-2026-10-03,vultr,outside coverage,1791063667,1791063668000000000,2026-10-03 17:41:08.000000000 ET,1,timeout,0.715,,0.41,1791063670000000000,2026-10-03 17:41:10.000000000 ET,,,,,1791063728000000000,2026-10-03 17:42:08.000000000 ET,,,,,,,,,10
2.0,cfb_20261003_fla_mizz,aec-cfb-fl-missr-2026-10-03,vultr,outside coverage,1791063782,1791063783000000000,2026-10-03 17:43:03.000000000 ET,1,timeout,0.845,,0.41,1791063785000000000,2026-10-03 17:43:05.000000000 ET,,,,,1791063843000000000,2026-10-03 17:44:03.000000000 ET,,,,,,,,,10
2.0,cfb_20261003_fla_mizz,aec-cfb-fl-missr-2026-10-03,vultr,outside coverage,1791064087,1791064088000000000,2026-10-03 17:48:08.000000000 ET,-1,timeout,0.805,,0.41,1791064090000000000,2026-10-03 17:48:10.000000000 ET,,,,,1791064148000000000,2026-10-03 17:49:08.000000000 ET,,,,,,,,,10
2.0,cfb_20261003_fla_mizz,aec-cfb-fl-missr-2026-10-03,vultr,outside coverage,1791064157,1791064158000000000,2026-10-03 17:49:18.000000000 ET,-1,timeout,0.825,,0.41,1791064160000000000,2026-10-03 17:49:20.000000000 ET,,,,,1791064218000000000,2026-10-03 17:50:18.000000000 ET,,,,,,,,,10
2.0,cfb_20261003_fla_mizz,aec-cfb-fl-missr-2026-10-03,vultr,outside coverage,1791064308,1791064309000000000,2026-10-03 17:51:49.000000000 ET,1,timeout,0.875,,0.41,1791064311000000000,2026-10-03 17:51:51.000000000 ET,,,,,1791064369000000000,2026-10-03 17:52:49.000000000 ET,,,,,,,,,10
2.0,cfb_20261003_fla_mizz,aec-cfb-fl-missr-2026-10-03,vultr,outside coverage,1791064680,1791064681000000000,2026-10-03 17:58:01.000000000 ET,1,timeout,0.925,,0.41,1791064683000000000,2026-10-03 17:58:03.000000000 ET,,,,,1791064741000000000,2026-10-03 17:59:01.000000000 ET,,,,,,,,,10
2.0,cfb_20261003_fla_mizz,aec-cfb-fl-missr-2026-10-03,vultr,outside coverage,1791064777,1791064778000000000,2026-10-03 17:59:38.000000000 ET,-1,timeout,0.885,,0.41,1791064780000000000,2026-10-03 17:59:40.000000000 ET,,,,,1791064838000000000,2026-10-03 18:00:38.000000000 ET,,,,,,,,,10
5.0,cfb_20261003_fla_mizz,aec-cfb-fl-missr-2026-10-03,vultr,filled,1791060859,1791060860000000000,2026-10-03 16:54:20.000000000 ET,-1,gap_closed,0.44,0.475,0.475,1791060865000000000,2026-10-03 16:54:25.000000000 ET,1791060865526688456,2026-10-03 16:54:25.526688512 ET,0.445,0.435,1791060861000000000,2026-10-03 16:54:21.000000000 ET,1791060861825911240,2026-10-03 16:54:21.825911296 ET,0.445,0.455,0.17,0.17,-0.54,-5.4,10
5.0,cfb_20261003_fla_mizz,aec-cfb-fl-missr-2026-10-03,vultr,outside coverage,1791061394,1791061395000000000,2026-10-03 17:03:15.000000000 ET,1,timeout,0.525,0.41,0.41,1791061400000000000,2026-10-03 17:03:20.000000000 ET,,,,,1791061455000000000,2026-10-03 17:04:15.000000000 ET,,,,,,,,,10
5.0,cfb_20261003_fla_mizz,aec-cfb-fl-missr-2026-10-03,vultr,outside coverage,1791061773,1791061774000000000,2026-10-03 17:09:34.000000000 ET,1,timeout,0.565,0.41,0.41,1791061779000000000,2026-10-03 17:09:39.000000000 ET,,,,,1791061834000000000,2026-10-03 17:10:34.000000000 ET,,,,,,,,,10
5.0,cfb_20261003_fla_mizz,aec-cfb-fl-missr-2026-10-03,vultr,outside coverage,1791061848,1791061849000000000,2026-10-03 17:10:49.000000000 ET,1,timeout,0.645,0.41,0.41,1791061854000000000,2026-10-03 17:10:54.000000000 ET,,,,,1791061909000000000,2026-10-03 17:11:49.000000000 ET,,,,,,,,,10
5.0,cfb_20261003_fla_mizz,aec-cfb-fl-missr-2026-10-03,vultr,outside coverage,1791062071,1791062072000000000,2026-10-03 17:14:32.000000000 ET,1,timeout,0.665,0.41,0.41,1791062077000000000,2026-10-03 17:14:37.000000000 ET,,,,,1791062132000000000,2026-10-03 17:15:32.000000000 ET,,,,,,,,,10
5.0,cfb_20261003_fla_mizz,aec-cfb-fl-missr-2026-10-03,vultr,outside coverage,1791062249,1791062250000000000,2026-10-03 17:17:30.000000000 ET,1,timeout,0.715,0.41,0.41,1791062255000000000,2026-10-03 17:17:35.000000000 ET,,,,,1791062310000000000,2026-10-03 17:18:30.000000000 ET,,,,,,,,,10
5.0,cfb_20261003_fla_mizz,aec-cfb-fl-missr-2026-10-03,vultr,outside coverage,1791063667,1791063668000000000,2026-10-03 17:41:08.000000000 ET,1,timeout,0.715,,0.41,1791063673000000000,2026-10-03 17:41:13.000000000 ET,,,,,1791063728000000000,2026-10-03 17:42:08.000000000 ET,,,,,,,,,10
5.0,cfb_20261003_fla_mizz,aec-cfb-fl-missr-2026-10-03,vultr,outside coverage,1791063782,1791063783000000000,2026-10-03 17:43:03.000000000 ET,1,timeout,0.845,,0.41,1791063788000000000,2026-10-03 17:43:08.000000000 ET,,,,,1791063843000000000,2026-10-03 17:44:03.000000000 ET,,,,,,,,,10
5.0,cfb_20261003_fla_mizz,aec-cfb-fl-missr-2026-10-03,vultr,outside coverage,1791064087,1791064088000000000,2026-10-03 17:48:08.000000000 ET,-1,timeout,0.805,,0.41,1791064093000000000,2026-10-03 17:48:13.000000000 ET,,,,,1791064148000000000,2026-10-03 17:49:08.000000000 ET,,,,,,,,,10
5.0,cfb_20261003_fla_mizz,aec-cfb-fl-missr-2026-10-03,vultr,outside coverage,1791064157,1791064158000000000,2026-10-03 17:49:18.000000000 ET,-1,timeout,0.825,,0.41,1791064163000000000,2026-10-03 17:49:23.000000000 ET,,,,,1791064218000000000,2026-10-03 17:50:18.000000000 ET,,,,,,,,,10
5.0,cfb_20261003_fla_mizz,aec-cfb-fl-missr-2026-10-03,vultr,outside coverage,1791064308,1791064309000000000,2026-10-03 17:51:49.000000000 ET,1,timeout,0.875,,0.41,1791064314000000000,2026-10-03 17:51:54.000000000 ET,,,,,1791064369000000000,2026-10-03 17:52:49.000000000 ET,,,,,,,,,10
5.0,cfb_20261003_fla_mizz,aec-cfb-fl-missr-2026-10-03,vultr,outside coverage,1791064680,1791064681000000000,2026-10-03 17:58:01.000000000 ET,1,timeout,0.925,,0.41,1791064686000000000,2026-10-03 17:58:06.000000000 ET,,,,,1791064741000000000,2026-10-03 17:59:01.000000000 ET,,,,,,,,,10
5.0,cfb_20261003_fla_mizz,aec-cfb-fl-missr-2026-10-03,vultr,outside coverage,1791064777,1791064778000000000,2026-10-03 17:59:38.000000000 ET,-1,timeout,0.885,,0.41,1791064783000000000,2026-10-03 17:59:43.000000000 ET,,,,,1791064838000000000,2026-10-03 18:00:38.000000000 ET,,,,,,,,,10
1.0,cfb_20261003_uva_fsu,aec-cfb-vir-flst-2026-10-03,vultr,outside coverage,1791061429,1791061430000000000,2026-10-03 17:03:50.000000000 ET,1,timeout,0.825,0.76,0.76,1791061431000000000,2026-10-03 17:03:51.000000000 ET,,,,,1791061490000000000,2026-10-03 17:04:50.000000000 ET,,,,,,,,,10
1.0,cfb_20261003_uva_fsu,aec-cfb-vir-flst-2026-10-03,vultr,outside coverage,1791061574,1791061575000000000,2026-10-03 17:06:15.000000000 ET,-1,gap_closed,0.685,0.76,0.76,1791061576000000000,2026-10-03 17:06:16.000000000 ET,,,,,1791061586000000000,2026-10-03 17:06:26.000000000 ET,,,,,,,,,10
1.0,cfb_20261003_uva_fsu,aec-cfb-vir-flst-2026-10-03,vultr,outside coverage,1791063239,1791063240000000000,2026-10-03 17:34:00.000000000 ET,1,timeout,0.805,,0.76,1791063241000000000,2026-10-03 17:34:01.000000000 ET,,,,,1791063300000000000,2026-10-03 17:35:00.000000000 ET,,,,,,,,,10
1.0,cfb_20261003_uva_fsu,aec-cfb-vir-flst-2026-10-03,vultr,outside coverage,1791063705,1791063706000000000,2026-10-03 17:41:46.000000000 ET,1,timeout,0.915,,0.76,1791063707000000000,2026-10-03 17:41:47.000000000 ET,,,,,1791063766000000000,2026-10-03 17:42:46.000000000 ET,,,,,,,,,10
2.0,cfb_20261003_uva_fsu,aec-cfb-vir-flst-2026-10-03,vultr,outside coverage,1791061429,1791061430000000000,2026-10-03 17:03:50.000000000 ET,1,timeout,0.825,0.76,0.76,1791061432000000000,2026-10-03 17:03:52.000000000 ET,,,,,1791061490000000000,2026-10-03 17:04:50.000000000 ET,,,,,,,,,10
2.0,cfb_20261003_uva_fsu,aec-cfb-vir-flst-2026-10-03,vultr,outside coverage,1791061574,1791061575000000000,2026-10-03 17:06:15.000000000 ET,-1,gap_closed,0.685,0.76,0.76,1791061577000000000,2026-10-03 17:06:17.000000000 ET,,,,,1791061586000000000,2026-10-03 17:06:26.000000000 ET,,,,,,,,,10
2.0,cfb_20261003_uva_fsu,aec-cfb-vir-flst-2026-10-03,vultr,outside coverage,1791063239,1791063240000000000,2026-10-03 17:34:00.000000000 ET,1,timeout,0.805,,0.76,1791063242000000000,2026-10-03 17:34:02.000000000 ET,,,,,1791063300000000000,2026-10-03 17:35:00.000000000 ET,,,,,,,,,10
2.0,cfb_20261003_uva_fsu,aec-cfb-vir-flst-2026-10-03,vultr,outside coverage,1791063705,1791063706000000000,2026-10-03 17:41:46.000000000 ET,1,timeout,0.915,,0.76,1791063708000000000,2026-10-03 17:41:48.000000000 ET,,,,,1791063766000000000,2026-10-03 17:42:46.000000000 ET,,,,,,,,,10
5.0,cfb_20261003_uva_fsu,aec-cfb-vir-flst-2026-10-03,vultr,outside coverage,1791061429,1791061430000000000,2026-10-03 17:03:50.000000000 ET,1,timeout,0.825,0.76,0.76,1791061435000000000,2026-10-03 17:03:55.000000000 ET,,,,,1791061490000000000,2026-10-03 17:04:50.000000000 ET,,,,,,,,,10
5.0,cfb_20261003_uva_fsu,aec-cfb-vir-flst-2026-10-03,vultr,outside coverage,1791061574,1791061575000000000,2026-10-03 17:06:15.000000000 ET,-1,gap_closed,0.685,0.76,0.76,1791061580000000000,2026-10-03 17:06:20.000000000 ET,,,,,1791061586000000000,2026-10-03 17:06:26.000000000 ET,,,,,,,,,10
5.0,cfb_20261003_uva_fsu,aec-cfb-vir-flst-2026-10-03,vultr,outside coverage,1791063239,1791063240000000000,2026-10-03 17:34:00.000000000 ET,1,timeout,0.805,,0.76,1791063245000000000,2026-10-03 17:34:05.000000000 ET,,,,,1791063300000000000,2026-10-03 17:35:00.000000000 ET,,,,,,,,,10
5.0,cfb_20261003_uva_fsu,aec-cfb-vir-flst-2026-10-03,vultr,outside coverage,1791063705,1791063706000000000,2026-10-03 17:41:46.000000000 ET,1,timeout,0.915,,0.76,1791063711000000000,2026-10-03 17:41:51.000000000 ET,,,,,1791063766000000000,2026-10-03 17:42:46.000000000 ET,,,,,,,,,10
1.0,cfb_20261003_mrsh_jmu,aec-cfb-marsh-jmad-2026-10-03,vultr,filled,1791058060,1791058061000000000,2026-10-03 16:07:41.000000000 ET,-1,gap_closed,0.71,0.745,0.745,1791058062000000000,2026-10-03 16:07:42.000000000 ET,1791058075484794778,2026-10-03 16:07:55.484794880 ET,0.7,0.69,1791058076000000000,2026-10-03 16:07:56.000000000 ET,1791058086920440659,2026-10-03 16:08:06.920440576 ET,0.695,0.705,0.15,0.14,-0.44,-4.4,10
1.0,cfb_20261003_mrsh_jmu,aec-cfb-marsh-jmad-2026-10-03,vultr,filled,1791058578,1791058579000000000,2026-10-03 16:16:19.000000000 ET,1,gap_closed,0.755,0.725,0.725,1791058580000000000,2026-10-03 16:16:20.000000000 ET,1791058581449428226,2026-10-03 16:16:21.449428224 ET,0.815,0.825,1791058582000000000,2026-10-03 16:16:22.000000000 ET,1791058586207479218,2026-10-03 16:16:26.207479296 ET,0.805,0.795,0.1,0.11,-0.51,-5.1,10
1.0,cfb_20261003_mrsh_jmu,aec-cfb-marsh-jmad-2026-10-03,vultr,filled,1791059519,1791059520000000000,2026-10-03 16:32:00.000000000 ET,1,gap_closed,0.845,0.795,0.795,1791059521000000000,2026-10-03 16:32:01.000000000 ET,1791059527028780863,2026-10-03 16:32:07.028780800 ET,0.84,0.85,1791059528000000000,2026-10-03 16:32:08.000000000 ET,1791059584118574073,2026-10-03 16:33:04.118574080 ET,0.8,0.79,0.09,0.12,-0.81,-8.1,10
1.0,cfb_20261003_mrsh_jmu,aec-cfb-marsh-jmad-2026-10-03,vultr,filled,1791059567,1791059568000000000,2026-10-03 16:32:48.000000000 ET,-1,gap_closed,0.79,0.84,0.84,1791059569000000000,2026-10-03 16:32:49.000000000 ET,1791059584118574073,2026-10-03 16:33:04.118574080 ET,0.8,0.79,1791059585000000000,2026-10-03 16:33:05.000000000 ET,1791059631740322363,2026-10-03 16:33:51.740322304 ET,0.805,0.815,0.12,0.1,-0.47,-4.7,10
1.0,cfb_20261003_mrsh_jmu,aec-cfb-marsh-jmad-2026-10-03,vultr,filled,1791060363,1791060364000000000,2026-10-03 16:46:04.000000000 ET,-1,gap_closed,0.745,0.795,0.795,1791060365000000000,2026-10-03 16:46:05.000000000 ET,1791060366077447735,2026-10-03 16:46:06.077447680 ET,0.745,0.735,1791060367000000000,2026-10-03 16:46:07.000000000 ET,1791060367118074432,2026-10-03 16:46:07.118074368 ET,0.815,0.825,0.14,0.1,-1.14,-11.4,10
2.0,cfb_20261003_mrsh_jmu,aec-cfb-marsh-jmad-2026-10-03,vultr,filled,1791058060,1791058061000000000,2026-10-03 16:07:41.000000000 ET,-1,gap_closed,0.71,0.745,0.745,1791058063000000000,2026-10-03 16:07:43.000000000 ET,1791058075484794778,2026-10-03 16:07:55.484794880 ET,0.7,0.69,1791058076000000000,2026-10-03 16:07:56.000000000 ET,1791058086920440659,2026-10-03 16:08:06.920440576 ET,0.695,0.705,0.15,0.14,-0.44,-4.4,10
2.0,cfb_20261003_mrsh_jmu,aec-cfb-marsh-jmad-2026-10-03,vultr,filled,1791058578,1791058579000000000,2026-10-03 16:16:19.000000000 ET,1,gap_closed,0.755,0.725,0.725,1791058581000000000,2026-10-03 16:16:21.000000000 ET,1791058581449428226,2026-10-03 16:16:21.449428224 ET,0.815,0.825,1791058582000000000,2026-10-03 16:16:22.000000000 ET,1791058586207479218,2026-10-03 16:16:26.207479296 ET,0.805,0.795,0.1,0.11,-0.51,-5.1,10
2.0,cfb_20261003_mrsh_jmu,aec-cfb-marsh-jmad-2026-10-03,vultr,filled,1791059519,1791059520000000000,2026-10-03 16:32:00.000000000 ET,1,gap_closed,0.845,0.795,0.795,1791059522000000000,2026-10-03 16:32:02.000000000 ET,1791059527028780863,2026-10-03 16:32:07.028780800 ET,0.84,0.85,1791059528000000000,2026-10-03 16:32:08.000000000 ET,1791059584118574073,2026-10-03 16:33:04.118574080 ET,0.8,0.79,0.09,0.12,-0.81,-8.1,10
2.0,cfb_20261003_mrsh_jmu,aec-cfb-marsh-jmad-2026-10-03,vultr,filled,1791059567,1791059568000000000,2026-10-03 16:32:48.000000000 ET,-1,gap_closed,0.79,0.84,0.84,1791059570000000000,2026-10-03 16:32:50.000000000 ET,1791059584118574073,2026-10-03 16:33:04.118574080 ET,0.8,0.79,1791059585000000000,2026-10-03 16:33:05.000000000 ET,1791059631740322363,2026-10-03 16:33:51.740322304 ET,0.805,0.815,0.12,0.1,-0.47,-4.7,10
2.0,cfb_20261003_mrsh_jmu,aec-cfb-marsh-jmad-2026-10-03,vultr,filled,1791060363,1791060364000000000,2026-10-03 16:46:04.000000000 ET,-1,gap_closed,0.745,0.795,0.795,1791060366000000000,2026-10-03 16:46:06.000000000 ET,1791060366077447735,2026-10-03 16:46:06.077447680 ET,0.745,0.735,1791060367000000000,2026-10-03 16:46:07.000000000 ET,1791060367118074432,2026-10-03 16:46:07.118074368 ET,0.815,0.825,0.14,0.1,-1.14,-11.4,10
5.0,cfb_20261003_mrsh_jmu,aec-cfb-marsh-jmad-2026-10-03,vultr,filled,1791058060,1791058061000000000,2026-10-03 16:07:41.000000000 ET,-1,gap_closed,0.71,0.745,0.745,1791058066000000000,2026-10-03 16:07:46.000000000 ET,1791058075484794778,2026-10-03 16:07:55.484794880 ET,0.7,0.69,1791058076000000000,2026-10-03 16:07:56.000000000 ET,1791058086920440659,2026-10-03 16:08:06.920440576 ET,0.695,0.705,0.15,0.14,-0.44,-4.4,10
5.0,cfb_20261003_mrsh_jmu,aec-cfb-marsh-jmad-2026-10-03,vultr,filled,1791058578,1791058579000000000,2026-10-03 16:16:19.000000000 ET,1,gap_closed,0.755,0.725,0.725,1791058584000000000,2026-10-03 16:16:24.000000000 ET,1791058586207479218,2026-10-03 16:16:26.207479296 ET,0.805,0.815,1791058582000000000,2026-10-03 16:16:22.000000000 ET,1791058586207479218,2026-10-03 16:16:26.207479296 ET,0.805,0.795,0.1,0.11,-0.41,-4.1,10
5.0,cfb_20261003_mrsh_jmu,aec-cfb-marsh-jmad-2026-10-03,vultr,filled,1791059519,1791059520000000000,2026-10-03 16:32:00.000000000 ET,1,gap_closed,0.845,0.795,0.795,1791059525000000000,2026-10-03 16:32:05.000000000 ET,1791059527028780863,2026-10-03 16:32:07.028780800 ET,0.84,0.85,1791059528000000000,2026-10-03 16:32:08.000000000 ET,1791059584118574073,2026-10-03 16:33:04.118574080 ET,0.8,0.79,0.09,0.12,-0.81,-8.1,10
5.0,cfb_20261003_mrsh_jmu,aec-cfb-marsh-jmad-2026-10-03,vultr,filled,1791059567,1791059568000000000,2026-10-03 16:32:48.000000000 ET,-1,gap_closed,0.79,0.84,0.84,1791059573000000000,2026-10-03 16:32:53.000000000 ET,1791059584118574073,2026-10-03 16:33:04.118574080 ET,0.8,0.79,1791059585000000000,2026-10-03 16:33:05.000000000 ET,1791059631740322363,2026-10-03 16:33:51.740322304 ET,0.805,0.815,0.12,0.1,-0.47,-4.7,10
5.0,cfb_20261003_mrsh_jmu,aec-cfb-marsh-jmad-2026-10-03,vultr,filled,1791060363,1791060364000000000,2026-10-03 16:46:04.000000000 ET,-1,gap_closed,0.745,0.795,0.795,1791060369000000000,2026-10-03 16:46:09.000000000 ET,1791060370160658877,2026-10-03 16:46:10.160658944 ET,0.825,0.815,1791060367000000000,2026-10-03 16:46:07.000000000 ET,1791060367118074432,2026-10-03 16:46:07.118074368 ET,0.815,0.825,0.1,0.1,-0.3,-3.0,10
1.0,cfb_20261003_md_neb,aec-cfb-mary-nebr-2026-10-03,vultr,filled,1791059662,1791059663000000000,2026-10-03 16:34:23.000000000 ET,-1,gap_closed,0.815,,0.805,1791059664000000000,2026-10-03 16:34:24.000000000 ET,1791059672268229449,2026-10-03 16:34:32.268229376 ET,0.82,0.81,1791059673000000000,2026-10-03 16:34:33.000000000 ET,1791059678052132734,2026-10-03 16:34:38.052132608 ET,0.8,0.81,0.11,0.11,-0.22,-2.2,10
1.0,cfb_20261003_md_neb,aec-cfb-mary-nebr-2026-10-03,vultr,filled,1791060507,1791060508000000000,2026-10-03 16:48:28.000000000 ET,1,gap_closed,0.745,0.715,0.715,1791060509000000000,2026-10-03 16:48:29.000000000 ET,1791060513036841721,2026-10-03 16:48:33.036841728 ET,0.75,0.76,1791060509000000000,2026-10-03 16:48:29.000000000 ET,1791060513036841721,2026-10-03 16:48:33.036841728 ET,0.75,0.74,0.13,0.13,-0.46,-4.6,10
1.0,cfb_20261003_md_neb,aec-cfb-mary-nebr-2026-10-03,vultr,outside coverage,1791061220,1791061221000000000,2026-10-03 17:00:21.000000000 ET,-1,gap_closed,0.575,0.62,0.62,1791061222000000000,2026-10-03 17:00:22.000000000 ET,,,,,1791061233000000000,2026-10-03 17:00:33.000000000 ET,,,,,,,,,10
1.0,cfb_20261003_md_neb,aec-cfb-mary-nebr-2026-10-03,vultr,outside coverage,1791061577,1791061578000000000,2026-10-03 17:06:18.000000000 ET,1,timeout,0.685,0.62,0.62,1791061579000000000,2026-10-03 17:06:19.000000000 ET,,,,,1791061638000000000,2026-10-03 17:07:18.000000000 ET,,,,,,,,,10
1.0,cfb_20261003_md_neb,aec-cfb-mary-nebr-2026-10-03,vultr,outside coverage,1791061678,1791061679000000000,2026-10-03 17:07:59.000000000 ET,1,timeout,0.775,0.62,0.62,1791061680000000000,2026-10-03 17:08:00.000000000 ET,,,,,1791061739000000000,2026-10-03 17:08:59.000000000 ET,,,,,,,,,10
1.0,cfb_20261003_md_neb,aec-cfb-mary-nebr-2026-10-03,vultr,outside coverage,1791061972,1791061973000000000,2026-10-03 17:12:53.000000000 ET,1,timeout,0.785,0.62,0.62,1791061974000000000,2026-10-03 17:12:54.000000000 ET,,,,,1791062033000000000,2026-10-03 17:13:53.000000000 ET,,,,,,,,,10
1.0,cfb_20261003_md_neb,aec-cfb-mary-nebr-2026-10-03,vultr,outside coverage,1791063086,1791063087000000000,2026-10-03 17:31:27.000000000 ET,-1,gap_closed,0.585,0.62,0.62,1791063088000000000,2026-10-03 17:31:28.000000000 ET,,,,,1791063093000000000,2026-10-03 17:31:33.000000000 ET,,,,,,,,,10
1.0,cfb_20261003_md_neb,aec-cfb-mary-nebr-2026-10-03,vultr,outside coverage,1791063325,1791063326000000000,2026-10-03 17:35:26.000000000 ET,-1,timeout,0.505,,0.62,1791063327000000000,2026-10-03 17:35:27.000000000 ET,,,,,1791063386000000000,2026-10-03 17:36:26.000000000 ET,,,,,,,,,10
1.0,cfb_20261003_md_neb,aec-cfb-mary-nebr-2026-10-03,vultr,outside coverage,1791063505,1791063506000000000,2026-10-03 17:38:26.000000000 ET,1,timeout,0.515,,0.62,1791063507000000000,2026-10-03 17:38:27.000000000 ET,,,,,1791063566000000000,2026-10-03 17:39:26.000000000 ET,,,,,,,,,10
1.0,cfb_20261003_md_neb,aec-cfb-mary-nebr-2026-10-03,vultr,outside coverage,1791063628,1791063629000000000,2026-10-03 17:40:29.000000000 ET,-1,timeout,0.455,,0.62,1791063630000000000,2026-10-03 17:40:30.000000000 ET,,,,,1791063689000000000,2026-10-03 17:41:29.000000000 ET,,,,,,,,,10
1.0,cfb_20261003_md_neb,aec-cfb-mary-nebr-2026-10-03,vultr,outside coverage,1791063704,1791063705000000000,2026-10-03 17:41:45.000000000 ET,-1,timeout,0.445,,0.62,1791063706000000000,2026-10-03 17:41:46.000000000 ET,,,,,1791063765000000000,2026-10-03 17:42:45.000000000 ET,,,,,,,,,10
1.0,cfb_20261003_md_neb,aec-cfb-mary-nebr-2026-10-03,vultr,outside coverage,1791063804,1791063805000000000,2026-10-03 17:43:25.000000000 ET,1,timeout,0.485,,0.62,1791063806000000000,2026-10-03 17:43:26.000000000 ET,,,,,1791063865000000000,2026-10-03 17:44:25.000000000 ET,,,,,,,,,10
1.0,cfb_20261003_md_neb,aec-cfb-mary-nebr-2026-10-03,vultr,outside coverage,1791064025,1791064026000000000,2026-10-03 17:47:06.000000000 ET,-1,timeout,0.665,,0.62,1791064027000000000,2026-10-03 17:47:07.000000000 ET,,,,,1791064086000000000,2026-10-03 17:48:06.000000000 ET,,,,,,,,,10
1.0,cfb_20261003_md_neb,aec-cfb-mary-nebr-2026-10-03,vultr,outside coverage,1791064443,1791064444000000000,2026-10-03 17:54:04.000000000 ET,-1,timeout,0.725,,0.62,1791064445000000000,2026-10-03 17:54:05.000000000 ET,,,,,1791064504000000000,2026-10-03 17:55:04.000000000 ET,,,,,,,,,10
1.0,cfb_20261003_md_neb,aec-cfb-mary-nebr-2026-10-03,vultr,outside coverage,1791064906,1791064907000000000,2026-10-03 18:01:47.000000000 ET,1,timeout,0.815,,0.62,1791064908000000000,2026-10-03 18:01:48.000000000 ET,,,,,1791064967000000000,2026-10-03 18:02:47.000000000 ET,,,,,,,,,10
1.0,cfb_20261003_md_neb,aec-cfb-mary-nebr-2026-10-03,vultr,outside coverage,1791065026,1791065027000000000,2026-10-03 18:03:47.000000000 ET,1,timeout,0.835,,0.62,1791065028000000000,2026-10-03 18:03:48.000000000 ET,,,,,1791065087000000000,2026-10-03 18:04:47.000000000 ET,,,,,,,,,10
1.0,cfb_20261003_md_neb,aec-cfb-mary-nebr-2026-10-03,vultr,outside coverage,1791066796,1791066797000000000,2026-10-03 18:33:17.000000000 ET,1,timeout,0.925,,0.62,1791066798000000000,2026-10-03 18:33:18.000000000 ET,,,,,1791066857000000000,2026-10-03 18:34:17.000000000 ET,,,,,,,,,10
1.0,cfb_20261003_md_neb,aec-cfb-mary-nebr-2026-10-03,vultr,outside coverage,1791066934,1791066935000000000,2026-10-03 18:35:35.000000000 ET,-1,timeout,0.84,,0.62,1791066936000000000,2026-10-03 18:35:36.000000000 ET,,,,,1791066995000000000,2026-10-03 18:36:35.000000000 ET,,,,,,,,,10
1.0,cfb_20261003_md_neb,aec-cfb-mary-nebr-2026-10-03,vultr,outside coverage,1791067515,1791067516000000000,2026-10-03 18:45:16.000000000 ET,-1,timeout,0.825,,0.62,1791067517000000000,2026-10-03 18:45:17.000000000 ET,,,,,1791067576000000000,2026-10-03 18:46:16.000000000 ET,,,,,,,,,10
1.0,cfb_20261003_md_neb,aec-cfb-mary-nebr-2026-10-03,vultr,outside coverage,1791067588,1791067589000000000,2026-10-03 18:46:29.000000000 ET,-1,timeout,0.815,,0.62,1791067590000000000,2026-10-03 18:46:30.000000000 ET,,,,,1791067649000000000,2026-10-03 18:47:29.000000000 ET,,,,,,,,,10
1.0,cfb_20261003_md_neb,aec-cfb-mary-nebr-2026-10-03,vultr,outside coverage,1791068075,1791068076000000000,2026-10-03 18:54:36.000000000 ET,1,timeout,0.855,,0.62,1791068077000000000,2026-10-03 18:54:37.000000000 ET,,,,,1791068136000000000,2026-10-03 18:55:36.000000000 ET,,,,,,,,,10
1.0,cfb_20261003_md_neb,aec-cfb-mary-nebr-2026-10-03,vultr,outside coverage,1791068145,1791068146000000000,2026-10-03 18:55:46.000000000 ET,-1,timeout,0.825,,0.62,1791068147000000000,2026-10-03 18:55:47.000000000 ET,,,,,1791068206000000000,2026-10-03 18:56:46.000000000 ET,,,,,,,,,10
1.0,cfb_20261003_md_neb,aec-cfb-mary-nebr-2026-10-03,vultr,outside coverage,1791068443,1791068444000000000,2026-10-03 19:00:44.000000000 ET,-1,timeout,0.81,,0.62,1791068445000000000,2026-10-03 19:00:45.000000000 ET,,,,,1791068504000000000,2026-10-03 19:01:44.000000000 ET,,,,,,,,,10
1.0,cfb_20261003_md_neb,aec-cfb-mary-nebr-2026-10-03,vultr,outside coverage,1791068552,1791068553000000000,2026-10-03 19:02:33.000000000 ET,-1,timeout,0.855,,0.62,1791068554000000000,2026-10-03 19:02:34.000000000 ET,,,,,1791068613000000000,2026-10-03 19:03:33.000000000 ET,,,,,,,,,10
2.0,cfb_20261003_md_neb,aec-cfb-mary-nebr-2026-10-03,vultr,filled,1791059662,1791059663000000000,2026-10-03 16:34:23.000000000 ET,-1,gap_closed,0.815,,0.805,1791059665000000000,2026-10-03 16:34:25.000000000 ET,1791059672268229449,2026-10-03 16:34:32.268229376 ET,0.82,0.81,1791059673000000000,2026-10-03 16:34:33.000000000 ET,1791059678052132734,2026-10-03 16:34:38.052132608 ET,0.8,0.81,0.11,0.11,-0.22,-2.2,10
2.0,cfb_20261003_md_neb,aec-cfb-mary-nebr-2026-10-03,vultr,filled,1791060507,1791060508000000000,2026-10-03 16:48:28.000000000 ET,1,gap_closed,0.745,0.715,0.715,1791060510000000000,2026-10-03 16:48:30.000000000 ET,1791060513036841721,2026-10-03 16:48:33.036841728 ET,0.75,0.76,1791060509000000000,2026-10-03 16:48:29.000000000 ET,1791060513036841721,2026-10-03 16:48:33.036841728 ET,0.75,0.74,0.13,0.13,-0.46,-4.6,10
2.0,cfb_20261003_md_neb,aec-cfb-mary-nebr-2026-10-03,vultr,outside coverage,1791061220,1791061221000000000,2026-10-03 17:00:21.000000000 ET,-1,gap_closed,0.575,0.62,0.62,1791061223000000000,2026-10-03 17:00:23.000000000 ET,,,,,1791061233000000000,2026-10-03 17:00:33.000000000 ET,,,,,,,,,10
2.0,cfb_20261003_md_neb,aec-cfb-mary-nebr-2026-10-03,vultr,outside coverage,1791061577,1791061578000000000,2026-10-03 17:06:18.000000000 ET,1,timeout,0.685,0.62,0.62,1791061580000000000,2026-10-03 17:06:20.000000000 ET,,,,,1791061638000000000,2026-10-03 17:07:18.000000000 ET,,,,,,,,,10
2.0,cfb_20261003_md_neb,aec-cfb-mary-nebr-2026-10-03,vultr,outside coverage,1791061678,1791061679000000000,2026-10-03 17:07:59.000000000 ET,1,timeout,0.775,0.62,0.62,1791061681000000000,2026-10-03 17:08:01.000000000 ET,,,,,1791061739000000000,2026-10-03 17:08:59.000000000 ET,,,,,,,,,10
2.0,cfb_20261003_md_neb,aec-cfb-mary-nebr-2026-10-03,vultr,outside coverage,1791061972,1791061973000000000,2026-10-03 17:12:53.000000000 ET,1,timeout,0.785,0.62,0.62,1791061975000000000,2026-10-03 17:12:55.000000000 ET,,,,,1791062033000000000,2026-10-03 17:13:53.000000000 ET,,,,,,,,,10
2.0,cfb_20261003_md_neb,aec-cfb-mary-nebr-2026-10-03,vultr,outside coverage,1791063086,1791063087000000000,2026-10-03 17:31:27.000000000 ET,-1,gap_closed,0.585,0.62,0.62,1791063089000000000,2026-10-03 17:31:29.000000000 ET,,,,,1791063093000000000,2026-10-03 17:31:33.000000000 ET,,,,,,,,,10
2.0,cfb_20261003_md_neb,aec-cfb-mary-nebr-2026-10-03,vultr,outside coverage,1791063325,1791063326000000000,2026-10-03 17:35:26.000000000 ET,-1,timeout,0.505,,0.62,1791063328000000000,2026-10-03 17:35:28.000000000 ET,,,,,1791063386000000000,2026-10-03 17:36:26.000000000 ET,,,,,,,,,10
2.0,cfb_20261003_md_neb,aec-cfb-mary-nebr-2026-10-03,vultr,outside coverage,1791063505,1791063506000000000,2026-10-03 17:38:26.000000000 ET,1,timeout,0.515,,0.62,1791063508000000000,2026-10-03 17:38:28.000000000 ET,,,,,1791063566000000000,2026-10-03 17:39:26.000000000 ET,,,,,,,,,10
2.0,cfb_20261003_md_neb,aec-cfb-mary-nebr-2026-10-03,vultr,outside coverage,1791063628,1791063629000000000,2026-10-03 17:40:29.000000000 ET,-1,timeout,0.455,,0.62,1791063631000000000,2026-10-03 17:40:31.000000000 ET,,,,,1791063689000000000,2026-10-03 17:41:29.000000000 ET,,,,,,,,,10
2.0,cfb_20261003_md_neb,aec-cfb-mary-nebr-2026-10-03,vultr,outside coverage,1791063704,1791063705000000000,2026-10-03 17:41:45.000000000 ET,-1,timeout,0.445,,0.62,1791063707000000000,2026-10-03 17:41:47.000000000 ET,,,,,1791063765000000000,2026-10-03 17:42:45.000000000 ET,,,,,,,,,10
2.0,cfb_20261003_md_neb,aec-cfb-mary-nebr-2026-10-03,vultr,outside coverage,1791063804,1791063805000000000,2026-10-03 17:43:25.000000000 ET,1,timeout,0.485,,0.62,1791063807000000000,2026-10-03 17:43:27.000000000 ET,,,,,1791063865000000000,2026-10-03 17:44:25.000000000 ET,,,,,,,,,10
2.0,cfb_20261003_md_neb,aec-cfb-mary-nebr-2026-10-03,vultr,outside coverage,1791064025,1791064026000000000,2026-10-03 17:47:06.000000000 ET,-1,timeout,0.665,,0.62,1791064028000000000,2026-10-03 17:47:08.000000000 ET,,,,,1791064086000000000,2026-10-03 17:48:06.000000000 ET,,,,,,,,,10
2.0,cfb_20261003_md_neb,aec-cfb-mary-nebr-2026-10-03,vultr,outside coverage,1791064443,1791064444000000000,2026-10-03 17:54:04.000000000 ET,-1,timeout,0.725,,0.62,1791064446000000000,2026-10-03 17:54:06.000000000 ET,,,,,1791064504000000000,2026-10-03 17:55:04.000000000 ET,,,,,,,,,10
2.0,cfb_20261003_md_neb,aec-cfb-mary-nebr-2026-10-03,vultr,outside coverage,1791064906,1791064907000000000,2026-10-03 18:01:47.000000000 ET,1,timeout,0.815,,0.62,1791064909000000000,2026-10-03 18:01:49.000000000 ET,,,,,1791064967000000000,2026-10-03 18:02:47.000000000 ET,,,,,,,,,10
2.0,cfb_20261003_md_neb,aec-cfb-mary-nebr-2026-10-03,vultr,outside coverage,1791065026,1791065027000000000,2026-10-03 18:03:47.000000000 ET,1,timeout,0.835,,0.62,1791065029000000000,2026-10-03 18:03:49.000000000 ET,,,,,1791065087000000000,2026-10-03 18:04:47.000000000 ET,,,,,,,,,10
2.0,cfb_20261003_md_neb,aec-cfb-mary-nebr-2026-10-03,vultr,outside coverage,1791066796,1791066797000000000,2026-10-03 18:33:17.000000000 ET,1,timeout,0.925,,0.62,1791066799000000000,2026-10-03 18:33:19.000000000 ET,,,,,1791066857000000000,2026-10-03 18:34:17.000000000 ET,,,,,,,,,10
2.0,cfb_20261003_md_neb,aec-cfb-mary-nebr-2026-10-03,vultr,outside coverage,1791066934,1791066935000000000,2026-10-03 18:35:35.000000000 ET,-1,timeout,0.84,,0.62,1791066937000000000,2026-10-03 18:35:37.000000000 ET,,,,,1791066995000000000,2026-10-03 18:36:35.000000000 ET,,,,,,,,,10
2.0,cfb_20261003_md_neb,aec-cfb-mary-nebr-2026-10-03,vultr,outside coverage,1791067515,1791067516000000000,2026-10-03 18:45:16.000000000 ET,-1,timeout,0.825,,0.62,1791067518000000000,2026-10-03 18:45:18.000000000 ET,,,,,1791067576000000000,2026-10-03 18:46:16.000000000 ET,,,,,,,,,10
2.0,cfb_20261003_md_neb,aec-cfb-mary-nebr-2026-10-03,vultr,outside coverage,1791067588,1791067589000000000,2026-10-03 18:46:29.000000000 ET,-1,timeout,0.815,,0.62,1791067591000000000,2026-10-03 18:46:31.000000000 ET,,,,,1791067649000000000,2026-10-03 18:47:29.000000000 ET,,,,,,,,,10
2.0,cfb_20261003_md_neb,aec-cfb-mary-nebr-2026-10-03,vultr,outside coverage,1791068075,1791068076000000000,2026-10-03 18:54:36.000000000 ET,1,timeout,0.855,,0.62,1791068078000000000,2026-10-03 18:54:38.000000000 ET,,,,,1791068136000000000,2026-10-03 18:55:36.000000000 ET,,,,,,,,,10
2.0,cfb_20261003_md_neb,aec-cfb-mary-nebr-2026-10-03,vultr,outside coverage,1791068145,1791068146000000000,2026-10-03 18:55:46.000000000 ET,-1,timeout,0.825,,0.62,1791068148000000000,2026-10-03 18:55:48.000000000 ET,,,,,1791068206000000000,2026-10-03 18:56:46.000000000 ET,,,,,,,,,10
2.0,cfb_20261003_md_neb,aec-cfb-mary-nebr-2026-10-03,vultr,outside coverage,1791068443,1791068444000000000,2026-10-03 19:00:44.000000000 ET,-1,timeout,0.81,,0.62,1791068446000000000,2026-10-03 19:00:46.000000000 ET,,,,,1791068504000000000,2026-10-03 19:01:44.000000000 ET,,,,,,,,,10
2.0,cfb_20261003_md_neb,aec-cfb-mary-nebr-2026-10-03,vultr,outside coverage,1791068552,1791068553000000000,2026-10-03 19:02:33.000000000 ET,-1,timeout,0.855,,0.62,1791068555000000000,2026-10-03 19:02:35.000000000 ET,,,,,1791068613000000000,2026-10-03 19:03:33.000000000 ET,,,,,,,,,10
5.0,cfb_20261003_md_neb,aec-cfb-mary-nebr-2026-10-03,vultr,filled,1791059662,1791059663000000000,2026-10-03 16:34:23.000000000 ET,-1,gap_closed,0.815,,0.805,1791059668000000000,2026-10-03 16:34:28.000000000 ET,1791059672268229449,2026-10-03 16:34:32.268229376 ET,0.82,0.81,1791059673000000000,2026-10-03 16:34:33.000000000 ET,1791059678052132734,2026-10-03 16:34:38.052132608 ET,0.8,0.81,0.11,0.11,-0.22,-2.2,10
5.0,cfb_20261003_md_neb,aec-cfb-mary-nebr-2026-10-03,vultr,filled,1791060507,1791060508000000000,2026-10-03 16:48:28.000000000 ET,1,gap_closed,0.745,0.715,0.715,1791060513000000000,2026-10-03 16:48:33.000000000 ET,1791060513036841721,2026-10-03 16:48:33.036841728 ET,0.75,0.76,1791060509000000000,2026-10-03 16:48:29.000000000 ET,1791060513036841721,2026-10-03 16:48:33.036841728 ET,0.75,0.74,0.13,0.13,-0.46,-4.6,10
5.0,cfb_20261003_md_neb,aec-cfb-mary-nebr-2026-10-03,vultr,outside coverage,1791061220,1791061221000000000,2026-10-03 17:00:21.000000000 ET,-1,gap_closed,0.575,0.62,0.62,1791061226000000000,2026-10-03 17:00:26.000000000 ET,,,,,1791061233000000000,2026-10-03 17:00:33.000000000 ET,,,,,,,,,10
5.0,cfb_20261003_md_neb,aec-cfb-mary-nebr-2026-10-03,vultr,outside coverage,1791061577,1791061578000000000,2026-10-03 17:06:18.000000000 ET,1,timeout,0.685,0.62,0.62,1791061583000000000,2026-10-03 17:06:23.000000000 ET,,,,,1791061638000000000,2026-10-03 17:07:18.000000000 ET,,,,,,,,,10
5.0,cfb_20261003_md_neb,aec-cfb-mary-nebr-2026-10-03,vultr,outside coverage,1791061678,1791061679000000000,2026-10-03 17:07:59.000000000 ET,1,timeout,0.775,0.62,0.62,1791061684000000000,2026-10-03 17:08:04.000000000 ET,,,,,1791061739000000000,2026-10-03 17:08:59.000000000 ET,,,,,,,,,10
5.0,cfb_20261003_md_neb,aec-cfb-mary-nebr-2026-10-03,vultr,outside coverage,1791061972,1791061973000000000,2026-10-03 17:12:53.000000000 ET,1,timeout,0.785,0.62,0.62,1791061978000000000,2026-10-03 17:12:58.000000000 ET,,,,,1791062033000000000,2026-10-03 17:13:53.000000000 ET,,,,,,,,,10
5.0,cfb_20261003_md_neb,aec-cfb-mary-nebr-2026-10-03,vultr,outside coverage,1791063086,1791063087000000000,2026-10-03 17:31:27.000000000 ET,-1,gap_closed,0.585,0.62,0.62,1791063092000000000,2026-10-03 17:31:32.000000000 ET,,,,,1791063093000000000,2026-10-03 17:31:33.000000000 ET,,,,,,,,,10
5.0,cfb_20261003_md_neb,aec-cfb-mary-nebr-2026-10-03,vultr,outside coverage,1791063325,1791063326000000000,2026-10-03 17:35:26.000000000 ET,-1,timeout,0.505,,0.62,1791063331000000000,2026-10-03 17:35:31.000000000 ET,,,,,1791063386000000000,2026-10-03 17:36:26.000000000 ET,,,,,,,,,10
5.0,cfb_20261003_md_neb,aec-cfb-mary-nebr-2026-10-03,vultr,outside coverage,1791063505,1791063506000000000,2026-10-03 17:38:26.000000000 ET,1,timeout,0.515,,0.62,1791063511000000000,2026-10-03 17:38:31.000000000 ET,,,,,1791063566000000000,2026-10-03 17:39:26.000000000 ET,,,,,,,,,10
5.0,cfb_20261003_md_neb,aec-cfb-mary-nebr-2026-10-03,vultr,outside coverage,1791063628,1791063629000000000,2026-10-03 17:40:29.000000000 ET,-1,timeout,0.455,,0.62,1791063634000000000,2026-10-03 17:40:34.000000000 ET,,,,,1791063689000000000,2026-10-03 17:41:29.000000000 ET,,,,,,,,,10
5.0,cfb_20261003_md_neb,aec-cfb-mary-nebr-2026-10-03,vultr,outside coverage,1791063704,1791063705000000000,2026-10-03 17:41:45.000000000 ET,-1,timeout,0.445,,0.62,1791063710000000000,2026-10-03 17:41:50.000000000 ET,,,,,1791063765000000000,2026-10-03 17:42:45.000000000 ET,,,,,,,,,10
5.0,cfb_20261003_md_neb,aec-cfb-mary-nebr-2026-10-03,vultr,outside coverage,1791063804,1791063805000000000,2026-10-03 17:43:25.000000000 ET,1,timeout,0.485,,0.62,1791063810000000000,2026-10-03 17:43:30.000000000 ET,,,,,1791063865000000000,2026-10-03 17:44:25.000000000 ET,,,,,,,,,10
5.0,cfb_20261003_md_neb,aec-cfb-mary-nebr-2026-10-03,vultr,outside coverage,1791064025,1791064026000000000,2026-10-03 17:47:06.000000000 ET,-1,timeout,0.665,,0.62,1791064031000000000,2026-10-03 17:47:11.000000000 ET,,,,,1791064086000000000,2026-10-03 17:48:06.000000000 ET,,,,,,,,,10
5.0,cfb_20261003_md_neb,aec-cfb-mary-nebr-2026-10-03,vultr,outside coverage,1791064443,1791064444000000000,2026-10-03 17:54:04.000000000 ET,-1,timeout,0.725,,0.62,1791064449000000000,2026-10-03 17:54:09.000000000 ET,,,,,1791064504000000000,2026-10-03 17:55:04.000000000 ET,,,,,,,,,10
5.0,cfb_20261003_md_neb,aec-cfb-mary-nebr-2026-10-03,vultr,outside coverage,1791064906,1791064907000000000,2026-10-03 18:01:47.000000000 ET,1,timeout,0.815,,0.62,1791064912000000000,2026-10-03 18:01:52.000000000 ET,,,,,1791064967000000000,2026-10-03 18:02:47.000000000 ET,,,,,,,,,10
5.0,cfb_20261003_md_neb,aec-cfb-mary-nebr-2026-10-03,vultr,outside coverage,1791065026,1791065027000000000,2026-10-03 18:03:47.000000000 ET,1,timeout,0.835,,0.62,1791065032000000000,2026-10-03 18:03:52.000000000 ET,,,,,1791065087000000000,2026-10-03 18:04:47.000000000 ET,,,,,,,,,10
5.0,cfb_20261003_md_neb,aec-cfb-mary-nebr-2026-10-03,vultr,outside coverage,1791066796,1791066797000000000,2026-10-03 18:33:17.000000000 ET,1,timeout,0.925,,0.62,1791066802000000000,2026-10-03 18:33:22.000000000 ET,,,,,1791066857000000000,2026-10-03 18:34:17.000000000 ET,,,,,,,,,10
5.0,cfb_20261003_md_neb,aec-cfb-mary-nebr-2026-10-03,vultr,outside coverage,1791066934,1791066935000000000,2026-10-03 18:35:35.000000000 ET,-1,timeout,0.84,,0.62,1791066940000000000,2026-10-03 18:35:40.000000000 ET,,,,,1791066995000000000,2026-10-03 18:36:35.000000000 ET,,,,,,,,,10
5.0,cfb_20261003_md_neb,aec-cfb-mary-nebr-2026-10-03,vultr,outside coverage,1791067515,1791067516000000000,2026-10-03 18:45:16.000000000 ET,-1,timeout,0.825,,0.62,1791067521000000000,2026-10-03 18:45:21.000000000 ET,,,,,1791067576000000000,2026-10-03 18:46:16.000000000 ET,,,,,,,,,10
5.0,cfb_20261003_md_neb,aec-cfb-mary-nebr-2026-10-03,vultr,outside coverage,1791067588,1791067589000000000,2026-10-03 18:46:29.000000000 ET,-1,timeout,0.815,,0.62,1791067594000000000,2026-10-03 18:46:34.000000000 ET,,,,,1791067649000000000,2026-10-03 18:47:29.000000000 ET,,,,,,,,,10
5.0,cfb_20261003_md_neb,aec-cfb-mary-nebr-2026-10-03,vultr,outside coverage,1791068075,1791068076000000000,2026-10-03 18:54:36.000000000 ET,1,timeout,0.855,,0.62,1791068081000000000,2026-10-03 18:54:41.000000000 ET,,,,,1791068136000000000,2026-10-03 18:55:36.000000000 ET,,,,,,,,,10
5.0,cfb_20261003_md_neb,aec-cfb-mary-nebr-2026-10-03,vultr,outside coverage,1791068145,1791068146000000000,2026-10-03 18:55:46.000000000 ET,-1,timeout,0.825,,0.62,1791068151000000000,2026-10-03 18:55:51.000000000 ET,,,,,1791068206000000000,2026-10-03 18:56:46.000000000 ET,,,,,,,,,10
5.0,cfb_20261003_md_neb,aec-cfb-mary-nebr-2026-10-03,vultr,outside coverage,1791068443,1791068444000000000,2026-10-03 19:00:44.000000000 ET,-1,timeout,0.81,,0.62,1791068449000000000,2026-10-03 19:00:49.000000000 ET,,,,,1791068504000000000,2026-10-03 19:01:44.000000000 ET,,,,,,,,,10
5.0,cfb_20261003_md_neb,aec-cfb-mary-nebr-2026-10-03,vultr,outside coverage,1791068552,1791068553000000000,2026-10-03 19:02:33.000000000 ET,-1,timeout,0.855,,0.62,1791068558000000000,2026-10-03 19:02:38.000000000 ET,,,,,1791068613000000000,2026-10-03 19:03:33.000000000 ET,,,,,,,,,10
1.0,cfb_20261003_alst_cook,aec-cfb-alast-bcook-2026-10-03,vultr,outside coverage,1791061379,1791061380000000000,2026-10-03 17:03:00.000000000 ET,-1,timeout,0.405,0.45,0.45,1791061381000000000,2026-10-03 17:03:01.000000000 ET,,,,,1791061440000000000,2026-10-03 17:04:00.000000000 ET,,,,,,,,,10
1.0,cfb_20261003_alst_cook,aec-cfb-alast-bcook-2026-10-03,vultr,outside coverage,1791063718,1791063719000000000,2026-10-03 17:41:59.000000000 ET,1,timeout,0.495,,0.45,1791063720000000000,2026-10-03 17:42:00.000000000 ET,,,,,1791063779000000000,2026-10-03 17:42:59.000000000 ET,,,,,,,,,10
1.0,cfb_20261003_alst_cook,aec-cfb-alast-bcook-2026-10-03,vultr,outside coverage,1791065955,1791065956000000000,2026-10-03 18:19:16.000000000 ET,-1,timeout,0.44,,0.45,1791065957000000000,2026-10-03 18:19:17.000000000 ET,,,,,1791066016000000000,2026-10-03 18:20:16.000000000 ET,,,,,,,,,10
1.0,cfb_20261003_alst_cook,aec-cfb-alast-bcook-2026-10-03,vultr,outside coverage,1791067881,1791067882000000000,2026-10-03 18:51:22.000000000 ET,1,timeout,0.48,,0.45,1791067883000000000,2026-10-03 18:51:23.000000000 ET,,,,,1791067942000000000,2026-10-03 18:52:22.000000000 ET,,,,,,,,,10
1.0,cfb_20261003_alst_cook,aec-cfb-alast-bcook-2026-10-03,vultr,outside coverage,1791068276,1791068277000000000,2026-10-03 18:57:57.000000000 ET,1,timeout,0.55,,0.45,1791068278000000000,2026-10-03 18:57:58.000000000 ET,,,,,1791068337000000000,2026-10-03 18:58:57.000000000 ET,,,,,,,,,10
1.0,cfb_20261003_alst_cook,aec-cfb-alast-bcook-2026-10-03,vultr,outside coverage,1791068544,1791068545000000000,2026-10-03 19:02:25.000000000 ET,1,timeout,0.5249999999999999,,0.45,1791068546000000000,2026-10-03 19:02:26.000000000 ET,,,,,1791068605000000000,2026-10-03 19:03:25.000000000 ET,,,,,,,,,10
1.0,cfb_20261003_alst_cook,aec-cfb-alast-bcook-2026-10-03,vultr,outside coverage,1791068614,1791068615000000000,2026-10-03 19:03:35.000000000 ET,-1,timeout,0.46499999999999997,,0.45,1791068616000000000,2026-10-03 19:03:36.000000000 ET,,,,,1791068675000000000,2026-10-03 19:04:35.000000000 ET,,,,,,,,,10
1.0,cfb_20261003_alst_cook,aec-cfb-alast-bcook-2026-10-03,vultr,outside coverage,1791069392,1791069393000000000,2026-10-03 19:16:33.000000000 ET,-1,timeout,0.495,,0.45,1791069394000000000,2026-10-03 19:16:34.000000000 ET,,,,,1791069453000000000,2026-10-03 19:17:33.000000000 ET,,,,,,,,,10
1.0,cfb_20261003_alst_cook,aec-cfb-alast-bcook-2026-10-03,vultr,outside coverage,1791069484,1791069485000000000,2026-10-03 19:18:05.000000000 ET,1,timeout,0.5549999999999999,,0.45,1791069486000000000,2026-10-03 19:18:06.000000000 ET,,,,,1791069545000000000,2026-10-03 19:19:05.000000000 ET,,,,,,,,,10
1.0,cfb_20261003_alst_cook,aec-cfb-alast-bcook-2026-10-03,vultr,outside coverage,1791069691,1791069692000000000,2026-10-03 19:21:32.000000000 ET,1,timeout,0.485,,0.45,1791069693000000000,2026-10-03 19:21:33.000000000 ET,,,,,1791069752000000000,2026-10-03 19:22:32.000000000 ET,,,,,,,,,10
1.0,cfb_20261003_alst_cook,aec-cfb-alast-bcook-2026-10-03,vultr,outside coverage,1791069767,1791069768000000000,2026-10-03 19:22:48.000000000 ET,1,timeout,0.475,,0.45,1791069769000000000,2026-10-03 19:22:49.000000000 ET,,,,,1791069828000000000,2026-10-03 19:23:48.000000000 ET,,,,,,,,,10
1.0,cfb_20261003_alst_cook,aec-cfb-alast-bcook-2026-10-03,vultr,outside coverage,1791069836,1791069837000000000,2026-10-03 19:23:57.000000000 ET,1,timeout,0.515,,0.45,1791069838000000000,2026-10-03 19:23:58.000000000 ET,,,,,1791069897000000000,2026-10-03 19:24:57.000000000 ET,,,,,,,,,10
1.0,cfb_20261003_alst_cook,aec-cfb-alast-bcook-2026-10-03,vultr,outside coverage,1791070053,1791070054000000000,2026-10-03 19:27:34.000000000 ET,1,timeout,0.525,,0.45,1791070055000000000,2026-10-03 19:27:35.000000000 ET,,,,,1791070114000000000,2026-10-03 19:28:34.000000000 ET,,,,,,,,,10
1.0,cfb_20261003_alst_cook,aec-cfb-alast-bcook-2026-10-03,vultr,outside coverage,1791070309,1791070310000000000,2026-10-03 19:31:50.000000000 ET,1,timeout,0.655,,0.45,1791070311000000000,2026-10-03 19:31:51.000000000 ET,,,,,1791070370000000000,2026-10-03 19:32:50.000000000 ET,,,,,,,,,10
1.0,cfb_20261003_alst_cook,aec-cfb-alast-bcook-2026-10-03,vultr,outside coverage,1791070379,1791070380000000000,2026-10-03 19:33:00.000000000 ET,-1,timeout,0.61,,0.45,1791070381000000000,2026-10-03 19:33:01.000000000 ET,,,,,1791070440000000000,2026-10-03 19:34:00.000000000 ET,,,,,,,,,10
1.0,cfb_20261003_alst_cook,aec-cfb-alast-bcook-2026-10-03,vultr,outside coverage,1791070711,1791070712000000000,2026-10-03 19:38:32.000000000 ET,1,timeout,0.8,,0.45,1791070713000000000,2026-10-03 19:38:33.000000000 ET,,,,,1791070772000000000,2026-10-03 19:39:32.000000000 ET,,,,,,,,,10
1.0,cfb_20261003_alst_cook,aec-cfb-alast-bcook-2026-10-03,vultr,outside coverage,1791071043,1791071044000000000,2026-10-03 19:44:04.000000000 ET,-1,timeout,0.84,,0.45,1791071045000000000,2026-10-03 19:44:05.000000000 ET,,,,,1791071104000000000,2026-10-03 19:45:04.000000000 ET,,,,,,,,,10
1.0,cfb_20261003_alst_cook,aec-cfb-alast-bcook-2026-10-03,vultr,outside coverage,1791071587,1791071588000000000,2026-10-03 19:53:08.000000000 ET,-1,timeout,0.835,,0.45,1791071589000000000,2026-10-03 19:53:09.000000000 ET,,,,,1791071648000000000,2026-10-03 19:54:08.000000000 ET,,,,,,,,,10
1.0,cfb_20261003_alst_cook,aec-cfb-alast-bcook-2026-10-03,vultr,outside coverage,1791071731,1791071732000000000,2026-10-03 19:55:32.000000000 ET,-1,timeout,0.775,,0.45,1791071733000000000,2026-10-03 19:55:33.000000000 ET,,,,,1791071792000000000,2026-10-03 19:56:32.000000000 ET,,,,,,,,,10
1.0,cfb_20261003_alst_cook,aec-cfb-alast-bcook-2026-10-03,vultr,outside coverage,1791071852,1791071853000000000,2026-10-03 19:57:33.000000000 ET,1,timeout,0.855,,0.45,1791071854000000000,2026-10-03 19:57:34.000000000 ET,,,,,1791071913000000000,2026-10-03 19:58:33.000000000 ET,,,,,,,,,10
1.0,cfb_20261003_alst_cook,aec-cfb-alast-bcook-2026-10-03,vultr,outside coverage,1791072116,1791072117000000000,2026-10-03 20:01:57.000000000 ET,-1,timeout,0.845,,0.45,1791072118000000000,2026-10-03 20:01:58.000000000 ET,,,,,1791072177000000000,2026-10-03 20:02:57.000000000 ET,,,,,,,,,10
1.0,cfb_20261003_alst_cook,aec-cfb-alast-bcook-2026-10-03,vultr,outside coverage,1791072183,1791072184000000000,2026-10-03 20:03:04.000000000 ET,-1,timeout,0.745,,0.45,1791072185000000000,2026-10-03 20:03:05.000000000 ET,,,,,1791072244000000000,2026-10-03 20:04:04.000000000 ET,,,,,,,,,10
1.0,cfb_20261003_alst_cook,aec-cfb-alast-bcook-2026-10-03,vultr,outside coverage,1791072249,1791072250000000000,2026-10-03 20:04:10.000000000 ET,1,timeout,0.8200000000000001,,0.45,1791072251000000000,2026-10-03 20:04:11.000000000 ET,,,,,1791072310000000000,2026-10-03 20:05:10.000000000 ET,,,,,,,,,10
1.0,cfb_20261003_alst_cook,aec-cfb-alast-bcook-2026-10-03,vultr,outside coverage,1791072350,1791072351000000000,2026-10-03 20:05:51.000000000 ET,1,timeout,0.855,,0.45,1791072352000000000,2026-10-03 20:05:52.000000000 ET,,,,,1791072411000000000,2026-10-03 20:06:51.000000000 ET,,,,,,,,,10
1.0,cfb_20261003_alst_cook,aec-cfb-alast-bcook-2026-10-03,vultr,outside coverage,1791072412,1791072413000000000,2026-10-03 20:06:53.000000000 ET,1,timeout,0.885,,0.45,1791072414000000000,2026-10-03 20:06:54.000000000 ET,,,,,1791072473000000000,2026-10-03 20:07:53.000000000 ET,,,,,,,,,10
1.0,cfb_20261003_alst_cook,aec-cfb-alast-bcook-2026-10-03,vultr,outside coverage,1791072495,1791072496000000000,2026-10-03 20:08:16.000000000 ET,-1,timeout,0.785,,0.45,1791072497000000000,2026-10-03 20:08:17.000000000 ET,,,,,1791072556000000000,2026-10-03 20:09:16.000000000 ET,,,,,,,,,10
1.0,cfb_20261003_alst_cook,aec-cfb-alast-bcook-2026-10-03,vultr,outside coverage,1791072556,1791072557000000000,2026-10-03 20:09:17.000000000 ET,-1,timeout,0.71,,0.45,1791072558000000000,2026-10-03 20:09:18.000000000 ET,,,,,1791072617000000000,2026-10-03 20:10:17.000000000 ET,,,,,,,,,10
1.0,cfb_20261003_alst_cook,aec-cfb-alast-bcook-2026-10-03,vultr,outside coverage,1791072626,1791072627000000000,2026-10-03 20:10:27.000000000 ET,1,timeout,0.725,,0.45,1791072628000000000,2026-10-03 20:10:28.000000000 ET,,,,,1791072687000000000,2026-10-03 20:11:27.000000000 ET,,,,,,,,,10
1.0,cfb_20261003_alst_cook,aec-cfb-alast-bcook-2026-10-03,vultr,outside coverage,1791072706,1791072707000000000,2026-10-03 20:11:47.000000000 ET,1,timeout,0.775,,0.45,1791072708000000000,2026-10-03 20:11:48.000000000 ET,,,,,1791072767000000000,2026-10-03 20:12:47.000000000 ET,,,,,,,,,10
1.0,cfb_20261003_alst_cook,aec-cfb-alast-bcook-2026-10-03,vultr,outside coverage,1791072836,1791072837000000000,2026-10-03 20:13:57.000000000 ET,1,timeout,0.74,,0.45,1791072838000000000,2026-10-03 20:13:58.000000000 ET,,,,,1791072897000000000,2026-10-03 20:14:57.000000000 ET,,,,,,,,,10
1.0,cfb_20261003_alst_cook,aec-cfb-alast-bcook-2026-10-03,vultr,outside coverage,1791072905,1791072906000000000,2026-10-03 20:15:06.000000000 ET,-1,timeout,0.695,,0.45,1791072907000000000,2026-10-03 20:15:07.000000000 ET,,,,,1791072966000000000,2026-10-03 20:16:06.000000000 ET,,,,,,,,,10
1.0,cfb_20261003_alst_cook,aec-cfb-alast-bcook-2026-10-03,vultr,outside coverage,1791072976,1791072977000000000,2026-10-03 20:16:17.000000000 ET,1,timeout,0.875,,0.45,1791072978000000000,2026-10-03 20:16:18.000000000 ET,,,,,1791073037000000000,2026-10-03 20:17:17.000000000 ET,,,,,,,,,10
1.0,cfb_20261003_alst_cook,aec-cfb-alast-bcook-2026-10-03,vultr,outside coverage,1791073141,1791073142000000000,2026-10-03 20:19:02.000000000 ET,1,timeout,0.945,,0.45,1791073143000000000,2026-10-03 20:19:03.000000000 ET,,,,,1791073202000000000,2026-10-03 20:20:02.000000000 ET,,,,,,,,,10
1.0,cfb_20261003_alst_cook,aec-cfb-alast-bcook-2026-10-03,vultr,outside coverage,1791073237,1791073238000000000,2026-10-03 20:20:38.000000000 ET,1,timeout,0.975,,0.45,1791073239000000000,2026-10-03 20:20:39.000000000 ET,,,,,1791073298000000000,2026-10-03 20:21:38.000000000 ET,,,,,,,,,10
1.0,cfb_20261003_alst_cook,aec-cfb-alast-bcook-2026-10-03,vultr,outside coverage,1791073442,1791073443000000000,2026-10-03 20:24:03.000000000 ET,1,timeout,0.925,,0.45,1791073444000000000,2026-10-03 20:24:04.000000000 ET,,,,,1791073503000000000,2026-10-03 20:25:03.000000000 ET,,,,,,,,,10
1.0,cfb_20261003_alst_cook,aec-cfb-alast-bcook-2026-10-03,vultr,outside coverage,1791073661,1791073662000000000,2026-10-03 20:27:42.000000000 ET,1,timeout,0.895,,0.45,1791073663000000000,2026-10-03 20:27:43.000000000 ET,,,,,1791073722000000000,2026-10-03 20:28:42.000000000 ET,,,,,,,,,10
1.0,cfb_20261003_alst_cook,aec-cfb-alast-bcook-2026-10-03,vultr,outside coverage,1791073722,1791073723000000000,2026-10-03 20:28:43.000000000 ET,-1,timeout,0.9299999999999999,,0.45,1791073724000000000,2026-10-03 20:28:44.000000000 ET,,,,,1791073783000000000,2026-10-03 20:29:43.000000000 ET,,,,,,,,,10
2.0,cfb_20261003_alst_cook,aec-cfb-alast-bcook-2026-10-03,vultr,outside coverage,1791061379,1791061380000000000,2026-10-03 17:03:00.000000000 ET,-1,timeout,0.405,0.45,0.45,1791061382000000000,2026-10-03 17:03:02.000000000 ET,,,,,1791061440000000000,2026-10-03 17:04:00.000000000 ET,,,,,,,,,10
2.0,cfb_20261003_alst_cook,aec-cfb-alast-bcook-2026-10-03,vultr,outside coverage,1791063718,1791063719000000000,2026-10-03 17:41:59.000000000 ET,1,timeout,0.495,,0.45,1791063721000000000,2026-10-03 17:42:01.000000000 ET,,,,,1791063779000000000,2026-10-03 17:42:59.000000000 ET,,,,,,,,,10
2.0,cfb_20261003_alst_cook,aec-cfb-alast-bcook-2026-10-03,vultr,outside coverage,1791065955,1791065956000000000,2026-10-03 18:19:16.000000000 ET,-1,timeout,0.44,,0.45,1791065958000000000,2026-10-03 18:19:18.000000000 ET,,,,,1791066016000000000,2026-10-03 18:20:16.000000000 ET,,,,,,,,,10
2.0,cfb_20261003_alst_cook,aec-cfb-alast-bcook-2026-10-03,vultr,outside coverage,1791067881,1791067882000000000,2026-10-03 18:51:22.000000000 ET,1,timeout,0.48,,0.45,1791067884000000000,2026-10-03 18:51:24.000000000 ET,,,,,1791067942000000000,2026-10-03 18:52:22.000000000 ET,,,,,,,,,10
2.0,cfb_20261003_alst_cook,aec-cfb-alast-bcook-2026-10-03,vultr,outside coverage,1791068276,1791068277000000000,2026-10-03 18:57:57.000000000 ET,1,timeout,0.55,,0.45,1791068279000000000,2026-10-03 18:57:59.000000000 ET,,,,,1791068337000000000,2026-10-03 18:58:57.000000000 ET,,,,,,,,,10
2.0,cfb_20261003_alst_cook,aec-cfb-alast-bcook-2026-10-03,vultr,outside coverage,1791068544,1791068545000000000,2026-10-03 19:02:25.000000000 ET,1,timeout,0.5249999999999999,,0.45,1791068547000000000,2026-10-03 19:02:27.000000000 ET,,,,,1791068605000000000,2026-10-03 19:03:25.000000000 ET,,,,,,,,,10
2.0,cfb_20261003_alst_cook,aec-cfb-alast-bcook-2026-10-03,vultr,outside coverage,1791068614,1791068615000000000,2026-10-03 19:03:35.000000000 ET,-1,timeout,0.46499999999999997,,0.45,1791068617000000000,2026-10-03 19:03:37.000000000 ET,,,,,1791068675000000000,2026-10-03 19:04:35.000000000 ET,,,,,,,,,10
2.0,cfb_20261003_alst_cook,aec-cfb-alast-bcook-2026-10-03,vultr,outside coverage,1791069392,1791069393000000000,2026-10-03 19:16:33.000000000 ET,-1,timeout,0.495,,0.45,1791069395000000000,2026-10-03 19:16:35.000000000 ET,,,,,1791069453000000000,2026-10-03 19:17:33.000000000 ET,,,,,,,,,10
2.0,cfb_20261003_alst_cook,aec-cfb-alast-bcook-2026-10-03,vultr,outside coverage,1791069484,1791069485000000000,2026-10-03 19:18:05.000000000 ET,1,timeout,0.5549999999999999,,0.45,1791069487000000000,2026-10-03 19:18:07.000000000 ET,,,,,1791069545000000000,2026-10-03 19:19:05.000000000 ET,,,,,,,,,10
2.0,cfb_20261003_alst_cook,aec-cfb-alast-bcook-2026-10-03,vultr,outside coverage,1791069691,1791069692000000000,2026-10-03 19:21:32.000000000 ET,1,timeout,0.485,,0.45,1791069694000000000,2026-10-03 19:21:34.000000000 ET,,,,,1791069752000000000,2026-10-03 19:22:32.000000000 ET,,,,,,,,,10
2.0,cfb_20261003_alst_cook,aec-cfb-alast-bcook-2026-10-03,vultr,outside coverage,1791069767,1791069768000000000,2026-10-03 19:22:48.000000000 ET,1,timeout,0.475,,0.45,1791069770000000000,2026-10-03 19:22:50.000000000 ET,,,,,1791069828000000000,2026-10-03 19:23:48.000000000 ET,,,,,,,,,10
2.0,cfb_20261003_alst_cook,aec-cfb-alast-bcook-2026-10-03,vultr,outside coverage,1791069836,1791069837000000000,2026-10-03 19:23:57.000000000 ET,1,timeout,0.515,,0.45,1791069839000000000,2026-10-03 19:23:59.000000000 ET,,,,,1791069897000000000,2026-10-03 19:24:57.000000000 ET,,,,,,,,,10
2.0,cfb_20261003_alst_cook,aec-cfb-alast-bcook-2026-10-03,vultr,outside coverage,1791070053,1791070054000000000,2026-10-03 19:27:34.000000000 ET,1,timeout,0.525,,0.45,1791070056000000000,2026-10-03 19:27:36.000000000 ET,,,,,1791070114000000000,2026-10-03 19:28:34.000000000 ET,,,,,,,,,10
2.0,cfb_20261003_alst_cook,aec-cfb-alast-bcook-2026-10-03,vultr,outside coverage,1791070309,1791070310000000000,2026-10-03 19:31:50.000000000 ET,1,timeout,0.655,,0.45,1791070312000000000,2026-10-03 19:31:52.000000000 ET,,,,,1791070370000000000,2026-10-03 19:32:50.000000000 ET,,,,,,,,,10
2.0,cfb_20261003_alst_cook,aec-cfb-alast-bcook-2026-10-03,vultr,outside coverage,1791070379,1791070380000000000,2026-10-03 19:33:00.000000000 ET,-1,timeout,0.61,,0.45,1791070382000000000,2026-10-03 19:33:02.000000000 ET,,,,,1791070440000000000,2026-10-03 19:34:00.000000000 ET,,,,,,,,,10
2.0,cfb_20261003_alst_cook,aec-cfb-alast-bcook-2026-10-03,vultr,outside coverage,1791070711,1791070712000000000,2026-10-03 19:38:32.000000000 ET,1,timeout,0.8,,0.45,1791070714000000000,2026-10-03 19:38:34.000000000 ET,,,,,1791070772000000000,2026-10-03 19:39:32.000000000 ET,,,,,,,,,10
2.0,cfb_20261003_alst_cook,aec-cfb-alast-bcook-2026-10-03,vultr,outside coverage,1791071043,1791071044000000000,2026-10-03 19:44:04.000000000 ET,-1,timeout,0.84,,0.45,1791071046000000000,2026-10-03 19:44:06.000000000 ET,,,,,1791071104000000000,2026-10-03 19:45:04.000000000 ET,,,,,,,,,10
2.0,cfb_20261003_alst_cook,aec-cfb-alast-bcook-2026-10-03,vultr,outside coverage,1791071587,1791071588000000000,2026-10-03 19:53:08.000000000 ET,-1,timeout,0.835,,0.45,1791071590000000000,2026-10-03 19:53:10.000000000 ET,,,,,1791071648000000000,2026-10-03 19:54:08.000000000 ET,,,,,,,,,10
2.0,cfb_20261003_alst_cook,aec-cfb-alast-bcook-2026-10-03,vultr,outside coverage,1791071731,1791071732000000000,2026-10-03 19:55:32.000000000 ET,-1,timeout,0.775,,0.45,1791071734000000000,2026-10-03 19:55:34.000000000 ET,,,,,1791071792000000000,2026-10-03 19:56:32.000000000 ET,,,,,,,,,10
2.0,cfb_20261003_alst_cook,aec-cfb-alast-bcook-2026-10-03,vultr,outside coverage,1791071852,1791071853000000000,2026-10-03 19:57:33.000000000 ET,1,timeout,0.855,,0.45,1791071855000000000,2026-10-03 19:57:35.000000000 ET,,,,,1791071913000000000,2026-10-03 19:58:33.000000000 ET,,,,,,,,,10
2.0,cfb_20261003_alst_cook,aec-cfb-alast-bcook-2026-10-03,vultr,outside coverage,1791072116,1791072117000000000,2026-10-03 20:01:57.000000000 ET,-1,timeout,0.845,,0.45,1791072119000000000,2026-10-03 20:01:59.000000000 ET,,,,,1791072177000000000,2026-10-03 20:02:57.000000000 ET,,,,,,,,,10
2.0,cfb_20261003_alst_cook,aec-cfb-alast-bcook-2026-10-03,vultr,outside coverage,1791072183,1791072184000000000,2026-10-03 20:03:04.000000000 ET,-1,timeout,0.745,,0.45,1791072186000000000,2026-10-03 20:03:06.000000000 ET,,,,,1791072244000000000,2026-10-03 20:04:04.000000000 ET,,,,,,,,,10
2.0,cfb_20261003_alst_cook,aec-cfb-alast-bcook-2026-10-03,vultr,outside coverage,1791072249,1791072250000000000,2026-10-03 20:04:10.000000000 ET,1,timeout,0.8200000000000001,,0.45,1791072252000000000,2026-10-03 20:04:12.000000000 ET,,,,,1791072310000000000,2026-10-03 20:05:10.000000000 ET,,,,,,,,,10
2.0,cfb_20261003_alst_cook,aec-cfb-alast-bcook-2026-10-03,vultr,outside coverage,1791072350,1791072351000000000,2026-10-03 20:05:51.000000000 ET,1,timeout,0.855,,0.45,1791072353000000000,2026-10-03 20:05:53.000000000 ET,,,,,1791072411000000000,2026-10-03 20:06:51.000000000 ET,,,,,,,,,10
2.0,cfb_20261003_alst_cook,aec-cfb-alast-bcook-2026-10-03,vultr,outside coverage,1791072412,1791072413000000000,2026-10-03 20:06:53.000000000 ET,1,timeout,0.885,,0.45,1791072415000000000,2026-10-03 20:06:55.000000000 ET,,,,,1791072473000000000,2026-10-03 20:07:53.000000000 ET,,,,,,,,,10
2.0,cfb_20261003_alst_cook,aec-cfb-alast-bcook-2026-10-03,vultr,outside coverage,1791072495,1791072496000000000,2026-10-03 20:08:16.000000000 ET,-1,timeout,0.785,,0.45,1791072498000000000,2026-10-03 20:08:18.000000000 ET,,,,,1791072556000000000,2026-10-03 20:09:16.000000000 ET,,,,,,,,,10
2.0,cfb_20261003_alst_cook,aec-cfb-alast-bcook-2026-10-03,vultr,outside coverage,1791072556,1791072557000000000,2026-10-03 20:09:17.000000000 ET,-1,timeout,0.71,,0.45,1791072559000000000,2026-10-03 20:09:19.000000000 ET,,,,,1791072617000000000,2026-10-03 20:10:17.000000000 ET,,,,,,,,,10
2.0,cfb_20261003_alst_cook,aec-cfb-alast-bcook-2026-10-03,vultr,outside coverage,1791072626,1791072627000000000,2026-10-03 20:10:27.000000000 ET,1,timeout,0.725,,0.45,1791072629000000000,2026-10-03 20:10:29.000000000 ET,,,,,1791072687000000000,2026-10-03 20:11:27.000000000 ET,,,,,,,,,10
2.0,cfb_20261003_alst_cook,aec-cfb-alast-bcook-2026-10-03,vultr,outside coverage,1791072706,1791072707000000000,2026-10-03 20:11:47.000000000 ET,1,timeout,0.775,,0.45,1791072709000000000,2026-10-03 20:11:49.000000000 ET,,,,,1791072767000000000,2026-10-03 20:12:47.000000000 ET,,,,,,,,,10
2.0,cfb_20261003_alst_cook,aec-cfb-alast-bcook-2026-10-03,vultr,outside coverage,1791072836,1791072837000000000,2026-10-03 20:13:57.000000000 ET,1,timeout,0.74,,0.45,1791072839000000000,2026-10-03 20:13:59.000000000 ET,,,,,1791072897000000000,2026-10-03 20:14:57.000000000 ET,,,,,,,,,10
2.0,cfb_20261003_alst_cook,aec-cfb-alast-bcook-2026-10-03,vultr,outside coverage,1791072905,1791072906000000000,2026-10-03 20:15:06.000000000 ET,-1,timeout,0.695,,0.45,1791072908000000000,2026-10-03 20:15:08.000000000 ET,,,,,1791072966000000000,2026-10-03 20:16:06.000000000 ET,,,,,,,,,10
2.0,cfb_20261003_alst_cook,aec-cfb-alast-bcook-2026-10-03,vultr,outside coverage,1791072976,1791072977000000000,2026-10-03 20:16:17.000000000 ET,1,timeout,0.875,,0.45,1791072979000000000,2026-10-03 20:16:19.000000000 ET,,,,,1791073037000000000,2026-10-03 20:17:17.000000000 ET,,,,,,,,,10
2.0,cfb_20261003_alst_cook,aec-cfb-alast-bcook-2026-10-03,vultr,outside coverage,1791073141,1791073142000000000,2026-10-03 20:19:02.000000000 ET,1,timeout,0.945,,0.45,1791073144000000000,2026-10-03 20:19:04.000000000 ET,,,,,1791073202000000000,2026-10-03 20:20:02.000000000 ET,,,,,,,,,10
2.0,cfb_20261003_alst_cook,aec-cfb-alast-bcook-2026-10-03,vultr,outside coverage,1791073237,1791073238000000000,2026-10-03 20:20:38.000000000 ET,1,timeout,0.975,,0.45,1791073240000000000,2026-10-03 20:20:40.000000000 ET,,,,,1791073298000000000,2026-10-03 20:21:38.000000000 ET,,,,,,,,,10
2.0,cfb_20261003_alst_cook,aec-cfb-alast-bcook-2026-10-03,vultr,outside coverage,1791073442,1791073443000000000,2026-10-03 20:24:03.000000000 ET,1,timeout,0.925,,0.45,1791073445000000000,2026-10-03 20:24:05.000000000 ET,,,,,1791073503000000000,2026-10-03 20:25:03.000000000 ET,,,,,,,,,10
2.0,cfb_20261003_alst_cook,aec-cfb-alast-bcook-2026-10-03,vultr,outside coverage,1791073661,1791073662000000000,2026-10-03 20:27:42.000000000 ET,1,timeout,0.895,,0.45,1791073664000000000,2026-10-03 20:27:44.000000000 ET,,,,,1791073722000000000,2026-10-03 20:28:42.000000000 ET,,,,,,,,,10
2.0,cfb_20261003_alst_cook,aec-cfb-alast-bcook-2026-10-03,vultr,outside coverage,1791073722,1791073723000000000,2026-10-03 20:28:43.000000000 ET,-1,timeout,0.9299999999999999,,0.45,1791073725000000000,2026-10-03 20:28:45.000000000 ET,,,,,1791073783000000000,2026-10-03 20:29:43.000000000 ET,,,,,,,,,10
5.0,cfb_20261003_alst_cook,aec-cfb-alast-bcook-2026-10-03,vultr,outside coverage,1791061379,1791061380000000000,2026-10-03 17:03:00.000000000 ET,-1,timeout,0.405,0.45,0.45,1791061385000000000,2026-10-03 17:03:05.000000000 ET,,,,,1791061440000000000,2026-10-03 17:04:00.000000000 ET,,,,,,,,,10
5.0,cfb_20261003_alst_cook,aec-cfb-alast-bcook-2026-10-03,vultr,outside coverage,1791063718,1791063719000000000,2026-10-03 17:41:59.000000000 ET,1,timeout,0.495,,0.45,1791063724000000000,2026-10-03 17:42:04.000000000 ET,,,,,1791063779000000000,2026-10-03 17:42:59.000000000 ET,,,,,,,,,10
5.0,cfb_20261003_alst_cook,aec-cfb-alast-bcook-2026-10-03,vultr,outside coverage,1791065955,1791065956000000000,2026-10-03 18:19:16.000000000 ET,-1,timeout,0.44,,0.45,1791065961000000000,2026-10-03 18:19:21.000000000 ET,,,,,1791066016000000000,2026-10-03 18:20:16.000000000 ET,,,,,,,,,10
5.0,cfb_20261003_alst_cook,aec-cfb-alast-bcook-2026-10-03,vultr,outside coverage,1791067881,1791067882000000000,2026-10-03 18:51:22.000000000 ET,1,timeout,0.48,,0.45,1791067887000000000,2026-10-03 18:51:27.000000000 ET,,,,,1791067942000000000,2026-10-03 18:52:22.000000000 ET,,,,,,,,,10
5.0,cfb_20261003_alst_cook,aec-cfb-alast-bcook-2026-10-03,vultr,outside coverage,1791068276,1791068277000000000,2026-10-03 18:57:57.000000000 ET,1,timeout,0.55,,0.45,1791068282000000000,2026-10-03 18:58:02.000000000 ET,,,,,1791068337000000000,2026-10-03 18:58:57.000000000 ET,,,,,,,,,10
5.0,cfb_20261003_alst_cook,aec-cfb-alast-bcook-2026-10-03,vultr,outside coverage,1791068544,1791068545000000000,2026-10-03 19:02:25.000000000 ET,1,timeout,0.5249999999999999,,0.45,1791068550000000000,2026-10-03 19:02:30.000000000 ET,,,,,1791068605000000000,2026-10-03 19:03:25.000000000 ET,,,,,,,,,10
5.0,cfb_20261003_alst_cook,aec-cfb-alast-bcook-2026-10-03,vultr,outside coverage,1791068614,1791068615000000000,2026-10-03 19:03:35.000000000 ET,-1,timeout,0.46499999999999997,,0.45,1791068620000000000,2026-10-03 19:03:40.000000000 ET,,,,,1791068675000000000,2026-10-03 19:04:35.000000000 ET,,,,,,,,,10
5.0,cfb_20261003_alst_cook,aec-cfb-alast-bcook-2026-10-03,vultr,outside coverage,1791069392,1791069393000000000,2026-10-03 19:16:33.000000000 ET,-1,timeout,0.495,,0.45,1791069398000000000,2026-10-03 19:16:38.000000000 ET,,,,,1791069453000000000,2026-10-03 19:17:33.000000000 ET,,,,,,,,,10
5.0,cfb_20261003_alst_cook,aec-cfb-alast-bcook-2026-10-03,vultr,outside coverage,1791069484,1791069485000000000,2026-10-03 19:18:05.000000000 ET,1,timeout,0.5549999999999999,,0.45,1791069490000000000,2026-10-03 19:18:10.000000000 ET,,,,,1791069545000000000,2026-10-03 19:19:05.000000000 ET,,,,,,,,,10
5.0,cfb_20261003_alst_cook,aec-cfb-alast-bcook-2026-10-03,vultr,outside coverage,1791069691,1791069692000000000,2026-10-03 19:21:32.000000000 ET,1,timeout,0.485,,0.45,1791069697000000000,2026-10-03 19:21:37.000000000 ET,,,,,1791069752000000000,2026-10-03 19:22:32.000000000 ET,,,,,,,,,10
5.0,cfb_20261003_alst_cook,aec-cfb-alast-bcook-2026-10-03,vultr,outside coverage,1791069767,1791069768000000000,2026-10-03 19:22:48.000000000 ET,1,timeout,0.475,,0.45,1791069773000000000,2026-10-03 19:22:53.000000000 ET,,,,,1791069828000000000,2026-10-03 19:23:48.000000000 ET,,,,,,,,,10
5.0,cfb_20261003_alst_cook,aec-cfb-alast-bcook-2026-10-03,vultr,outside coverage,1791069836,1791069837000000000,2026-10-03 19:23:57.000000000 ET,1,timeout,0.515,,0.45,1791069842000000000,2026-10-03 19:24:02.000000000 ET,,,,,1791069897000000000,2026-10-03 19:24:57.000000000 ET,,,,,,,,,10
5.0,cfb_20261003_alst_cook,aec-cfb-alast-bcook-2026-10-03,vultr,outside coverage,1791070053,1791070054000000000,2026-10-03 19:27:34.000000000 ET,1,timeout,0.525,,0.45,1791070059000000000,2026-10-03 19:27:39.000000000 ET,,,,,1791070114000000000,2026-10-03 19:28:34.000000000 ET,,,,,,,,,10
5.0,cfb_20261003_alst_cook,aec-cfb-alast-bcook-2026-10-03,vultr,outside coverage,1791070309,1791070310000000000,2026-10-03 19:31:50.000000000 ET,1,timeout,0.655,,0.45,1791070315000000000,2026-10-03 19:31:55.000000000 ET,,,,,1791070370000000000,2026-10-03 19:32:50.000000000 ET,,,,,,,,,10
5.0,cfb_20261003_alst_cook,aec-cfb-alast-bcook-2026-10-03,vultr,outside coverage,1791070379,1791070380000000000,2026-10-03 19:33:00.000000000 ET,-1,timeout,0.61,,0.45,1791070385000000000,2026-10-03 19:33:05.000000000 ET,,,,,1791070440000000000,2026-10-03 19:34:00.000000000 ET,,,,,,,,,10
5.0,cfb_20261003_alst_cook,aec-cfb-alast-bcook-2026-10-03,vultr,outside coverage,1791070711,1791070712000000000,2026-10-03 19:38:32.000000000 ET,1,timeout,0.8,,0.45,1791070717000000000,2026-10-03 19:38:37.000000000 ET,,,,,1791070772000000000,2026-10-03 19:39:32.000000000 ET,,,,,,,,,10
5.0,cfb_20261003_alst_cook,aec-cfb-alast-bcook-2026-10-03,vultr,outside coverage,1791071043,1791071044000000000,2026-10-03 19:44:04.000000000 ET,-1,timeout,0.84,,0.45,1791071049000000000,2026-10-03 19:44:09.000000000 ET,,,,,1791071104000000000,2026-10-03 19:45:04.000000000 ET,,,,,,,,,10
5.0,cfb_20261003_alst_cook,aec-cfb-alast-bcook-2026-10-03,vultr,outside coverage,1791071587,1791071588000000000,2026-10-03 19:53:08.000000000 ET,-1,timeout,0.835,,0.45,1791071593000000000,2026-10-03 19:53:13.000000000 ET,,,,,1791071648000000000,2026-10-03 19:54:08.000000000 ET,,,,,,,,,10
5.0,cfb_20261003_alst_cook,aec-cfb-alast-bcook-2026-10-03,vultr,outside coverage,1791071731,1791071732000000000,2026-10-03 19:55:32.000000000 ET,-1,timeout,0.775,,0.45,1791071737000000000,2026-10-03 19:55:37.000000000 ET,,,,,1791071792000000000,2026-10-03 19:56:32.000000000 ET,,,,,,,,,10
5.0,cfb_20261003_alst_cook,aec-cfb-alast-bcook-2026-10-03,vultr,outside coverage,1791071852,1791071853000000000,2026-10-03 19:57:33.000000000 ET,1,timeout,0.855,,0.45,1791071858000000000,2026-10-03 19:57:38.000000000 ET,,,,,1791071913000000000,2026-10-03 19:58:33.000000000 ET,,,,,,,,,10
5.0,cfb_20261003_alst_cook,aec-cfb-alast-bcook-2026-10-03,vultr,outside coverage,1791072116,1791072117000000000,2026-10-03 20:01:57.000000000 ET,-1,timeout,0.845,,0.45,1791072122000000000,2026-10-03 20:02:02.000000000 ET,,,,,1791072177000000000,2026-10-03 20:02:57.000000000 ET,,,,,,,,,10
5.0,cfb_20261003_alst_cook,aec-cfb-alast-bcook-2026-10-03,vultr,outside coverage,1791072183,1791072184000000000,2026-10-03 20:03:04.000000000 ET,-1,timeout,0.745,,0.45,1791072189000000000,2026-10-03 20:03:09.000000000 ET,,,,,1791072244000000000,2026-10-03 20:04:04.000000000 ET,,,,,,,,,10
5.0,cfb_20261003_alst_cook,aec-cfb-alast-bcook-2026-10-03,vultr,outside coverage,1791072249,1791072250000000000,2026-10-03 20:04:10.000000000 ET,1,timeout,0.8200000000000001,,0.45,1791072255000000000,2026-10-03 20:04:15.000000000 ET,,,,,1791072310000000000,2026-10-03 20:05:10.000000000 ET,,,,,,,,,10
5.0,cfb_20261003_alst_cook,aec-cfb-alast-bcook-2026-10-03,vultr,outside coverage,1791072350,1791072351000000000,2026-10-03 20:05:51.000000000 ET,1,timeout,0.855,,0.45,1791072356000000000,2026-10-03 20:05:56.000000000 ET,,,,,1791072411000000000,2026-10-03 20:06:51.000000000 ET,,,,,,,,,10
5.0,cfb_20261003_alst_cook,aec-cfb-alast-bcook-2026-10-03,vultr,outside coverage,1791072412,1791072413000000000,2026-10-03 20:06:53.000000000 ET,1,timeout,0.885,,0.45,1791072418000000000,2026-10-03 20:06:58.000000000 ET,,,,,1791072473000000000,2026-10-03 20:07:53.000000000 ET,,,,,,,,,10
5.0,cfb_20261003_alst_cook,aec-cfb-alast-bcook-2026-10-03,vultr,outside coverage,1791072495,1791072496000000000,2026-10-03 20:08:16.000000000 ET,-1,timeout,0.785,,0.45,1791072501000000000,2026-10-03 20:08:21.000000000 ET,,,,,1791072556000000000,2026-10-03 20:09:16.000000000 ET,,,,,,,,,10
5.0,cfb_20261003_alst_cook,aec-cfb-alast-bcook-2026-10-03,vultr,outside coverage,1791072556,1791072557000000000,2026-10-03 20:09:17.000000000 ET,-1,timeout,0.71,,0.45,1791072562000000000,2026-10-03 20:09:22.000000000 ET,,,,,1791072617000000000,2026-10-03 20:10:17.000000000 ET,,,,,,,,,10
5.0,cfb_20261003_alst_cook,aec-cfb-alast-bcook-2026-10-03,vultr,outside coverage,1791072626,1791072627000000000,2026-10-03 20:10:27.000000000 ET,1,timeout,0.725,,0.45,1791072632000000000,2026-10-03 20:10:32.000000000 ET,,,,,1791072687000000000,2026-10-03 20:11:27.000000000 ET,,,,,,,,,10
5.0,cfb_20261003_alst_cook,aec-cfb-alast-bcook-2026-10-03,vultr,outside coverage,1791072706,1791072707000000000,2026-10-03 20:11:47.000000000 ET,1,timeout,0.775,,0.45,1791072712000000000,2026-10-03 20:11:52.000000000 ET,,,,,1791072767000000000,2026-10-03 20:12:47.000000000 ET,,,,,,,,,10
5.0,cfb_20261003_alst_cook,aec-cfb-alast-bcook-2026-10-03,vultr,outside coverage,1791072836,1791072837000000000,2026-10-03 20:13:57.000000000 ET,1,timeout,0.74,,0.45,1791072842000000000,2026-10-03 20:14:02.000000000 ET,,,,,1791072897000000000,2026-10-03 20:14:57.000000000 ET,,,,,,,,,10
5.0,cfb_20261003_alst_cook,aec-cfb-alast-bcook-2026-10-03,vultr,outside coverage,1791072905,1791072906000000000,2026-10-03 20:15:06.000000000 ET,-1,timeout,0.695,,0.45,1791072911000000000,2026-10-03 20:15:11.000000000 ET,,,,,1791072966000000000,2026-10-03 20:16:06.000000000 ET,,,,,,,,,10
5.0,cfb_20261003_alst_cook,aec-cfb-alast-bcook-2026-10-03,vultr,outside coverage,1791072976,1791072977000000000,2026-10-03 20:16:17.000000000 ET,1,timeout,0.875,,0.45,1791072982000000000,2026-10-03 20:16:22.000000000 ET,,,,,1791073037000000000,2026-10-03 20:17:17.000000000 ET,,,,,,,,,10
5.0,cfb_20261003_alst_cook,aec-cfb-alast-bcook-2026-10-03,vultr,outside coverage,1791073141,1791073142000000000,2026-10-03 20:19:02.000000000 ET,1,timeout,0.945,,0.45,1791073147000000000,2026-10-03 20:19:07.000000000 ET,,,,,1791073202000000000,2026-10-03 20:20:02.000000000 ET,,,,,,,,,10
5.0,cfb_20261003_alst_cook,aec-cfb-alast-bcook-2026-10-03,vultr,outside coverage,1791073237,1791073238000000000,2026-10-03 20:20:38.000000000 ET,1,timeout,0.975,,0.45,1791073243000000000,2026-10-03 20:20:43.000000000 ET,,,,,1791073298000000000,2026-10-03 20:21:38.000000000 ET,,,,,,,,,10
5.0,cfb_20261003_alst_cook,aec-cfb-alast-bcook-2026-10-03,vultr,outside coverage,1791073442,1791073443000000000,2026-10-03 20:24:03.000000000 ET,1,timeout,0.925,,0.45,1791073448000000000,2026-10-03 20:24:08.000000000 ET,,,,,1791073503000000000,2026-10-03 20:25:03.000000000 ET,,,,,,,,,10
5.0,cfb_20261003_alst_cook,aec-cfb-alast-bcook-2026-10-03,vultr,outside coverage,1791073661,1791073662000000000,2026-10-03 20:27:42.000000000 ET,1,timeout,0.895,,0.45,1791073667000000000,2026-10-03 20:27:47.000000000 ET,,,,,1791073722000000000,2026-10-03 20:28:42.000000000 ET,,,,,,,,,10
5.0,cfb_20261003_alst_cook,aec-cfb-alast-bcook-2026-10-03,vultr,outside coverage,1791073722,1791073723000000000,2026-10-03 20:28:43.000000000 ET,-1,timeout,0.9299999999999999,,0.45,1791073728000000000,2026-10-03 20:28:48.000000000 ET,,,,,1791073783000000000,2026-10-03 20:29:43.000000000 ET,,,,,,,,,10
1.0,cfb_20261003_tnst_wiu,aec-cfb-tenst-will-2026-10-03,vultr,outside coverage,1791061334,1791061335000000000,2026-10-03 17:02:15.000000000 ET,-1,timeout,0.56,0.605,0.605,1791061336000000000,2026-10-03 17:02:16.000000000 ET,,,,,1791061395000000000,2026-10-03 17:03:15.000000000 ET,,,,,,,,,10
1.0,cfb_20261003_tnst_wiu,aec-cfb-tenst-will-2026-10-03,vultr,outside coverage,1791064407,1791064408000000000,2026-10-03 17:53:28.000000000 ET,1,timeout,0.66,,0.605,1791064409000000000,2026-10-03 17:53:29.000000000 ET,,,,,1791064468000000000,2026-10-03 17:54:28.000000000 ET,,,,,,,,,10
1.0,cfb_20261003_tnst_wiu,aec-cfb-tenst-will-2026-10-03,vultr,outside coverage,1791065065,1791065066000000000,2026-10-03 18:04:26.000000000 ET,-1,timeout,0.485,,0.605,1791065067000000000,2026-10-03 18:04:27.000000000 ET,,,,,1791065126000000000,2026-10-03 18:05:26.000000000 ET,,,,,,,,,10
1.0,cfb_20261003_tnst_wiu,aec-cfb-tenst-will-2026-10-03,vultr,outside coverage,1791065174,1791065175000000000,2026-10-03 18:06:15.000000000 ET,-1,timeout,0.405,,0.605,1791065176000000000,2026-10-03 18:06:16.000000000 ET,,,,,1791065235000000000,2026-10-03 18:07:15.000000000 ET,,,,,,,,,10
1.0,cfb_20261003_tnst_wiu,aec-cfb-tenst-will-2026-10-03,vultr,outside coverage,1791065519,1791065520000000000,2026-10-03 18:12:00.000000000 ET,1,timeout,0.33999999999999997,,0.605,1791065521000000000,2026-10-03 18:12:01.000000000 ET,,,,,1791065580000000000,2026-10-03 18:13:00.000000000 ET,,,,,,,,,10
1.0,cfb_20261003_tnst_wiu,aec-cfb-tenst-will-2026-10-03,vultr,outside coverage,1791067176,1791067177000000000,2026-10-03 18:39:37.000000000 ET,1,timeout,0.165,,0.605,1791067178000000000,2026-10-03 18:39:38.000000000 ET,,,,,1791067237000000000,2026-10-03 18:40:37.000000000 ET,,,,,,,,,10
1.0,cfb_20261003_tnst_wiu,aec-cfb-tenst-will-2026-10-03,vultr,outside coverage,1791067305,1791067306000000000,2026-10-03 18:41:46.000000000 ET,1,timeout,0.15,,0.605,1791067307000000000,2026-10-03 18:41:47.000000000 ET,,,,,1791067366000000000,2026-10-03 18:42:46.000000000 ET,,,,,,,,,10
1.0,cfb_20261003_tnst_wiu,aec-cfb-tenst-will-2026-10-03,vultr,outside coverage,1791067830,1791067831000000000,2026-10-03 18:50:31.000000000 ET,1,timeout,0.26,,0.605,1791067832000000000,2026-10-03 18:50:32.000000000 ET,,,,,1791067891000000000,2026-10-03 18:51:31.000000000 ET,,,,,,,,,10
1.0,cfb_20261003_tnst_wiu,aec-cfb-tenst-will-2026-10-03,vultr,outside coverage,1791068088,1791068089000000000,2026-10-03 18:54:49.000000000 ET,1,timeout,0.495,,0.605,1791068090000000000,2026-10-03 18:54:50.000000000 ET,,,,,1791068149000000000,2026-10-03 18:55:49.000000000 ET,,,,,,,,,10
1.0,cfb_20261003_tnst_wiu,aec-cfb-tenst-will-2026-10-03,vultr,outside coverage,1791068185,1791068186000000000,2026-10-03 18:56:26.000000000 ET,1,timeout,0.65,,0.605,1791068187000000000,2026-10-03 18:56:27.000000000 ET,,,,,1791068246000000000,2026-10-03 18:57:26.000000000 ET,,,,,,,,,10
1.0,cfb_20261003_tnst_wiu,aec-cfb-tenst-will-2026-10-03,vultr,outside coverage,1791068321,1791068322000000000,2026-10-03 18:58:42.000000000 ET,-1,timeout,0.635,,0.605,1791068323000000000,2026-10-03 18:58:43.000000000 ET,,,,,1791068382000000000,2026-10-03 18:59:42.000000000 ET,,,,,,,,,10
1.0,cfb_20261003_tnst_wiu,aec-cfb-tenst-will-2026-10-03,vultr,outside coverage,1791068398,1791068399000000000,2026-10-03 18:59:59.000000000 ET,-1,timeout,0.52,,0.605,1791068400000000000,2026-10-03 19:00:00.000000000 ET,,,,,1791068459000000000,2026-10-03 19:00:59.000000000 ET,,,,,,,,,10
1.0,cfb_20261003_tnst_wiu,aec-cfb-tenst-will-2026-10-03,vultr,outside coverage,1791068596,1791068597000000000,2026-10-03 19:03:17.000000000 ET,1,timeout,0.505,,0.605,1791068598000000000,2026-10-03 19:03:18.000000000 ET,,,,,1791068657000000000,2026-10-03 19:04:17.000000000 ET,,,,,,,,,10
1.0,cfb_20261003_tnst_wiu,aec-cfb-tenst-will-2026-10-03,vultr,outside coverage,1791068735,1791068736000000000,2026-10-03 19:05:36.000000000 ET,-1,timeout,0.575,,0.605,1791068737000000000,2026-10-03 19:05:37.000000000 ET,,,,,1791068796000000000,2026-10-03 19:06:36.000000000 ET,,,,,,,,,10
1.0,cfb_20261003_tnst_wiu,aec-cfb-tenst-will-2026-10-03,vultr,outside coverage,1791068824,1791068825000000000,2026-10-03 19:07:05.000000000 ET,-1,timeout,0.605,,0.605,1791068826000000000,2026-10-03 19:07:06.000000000 ET,,,,,1791068885000000000,2026-10-03 19:08:05.000000000 ET,,,,,,,,,10
1.0,cfb_20261003_tnst_wiu,aec-cfb-tenst-will-2026-10-03,vultr,outside coverage,1791068902,1791068903000000000,2026-10-03 19:08:23.000000000 ET,-1,timeout,0.615,,0.605,1791068904000000000,2026-10-03 19:08:24.000000000 ET,,,,,1791068963000000000,2026-10-03 19:09:23.000000000 ET,,,,,,,,,10
1.0,cfb_20261003_tnst_wiu,aec-cfb-tenst-will-2026-10-03,vultr,outside coverage,1791068977,1791068978000000000,2026-10-03 19:09:38.000000000 ET,1,timeout,0.59,,0.605,1791068979000000000,2026-10-03 19:09:39.000000000 ET,,,,,1791069038000000000,2026-10-03 19:10:38.000000000 ET,,,,,,,,,10
1.0,cfb_20261003_tnst_wiu,aec-cfb-tenst-will-2026-10-03,vultr,outside coverage,1791069049,1791069050000000000,2026-10-03 19:10:50.000000000 ET,1,timeout,0.615,,0.605,1791069051000000000,2026-10-03 19:10:51.000000000 ET,,,,,1791069110000000000,2026-10-03 19:11:50.000000000 ET,,,,,,,,,10
1.0,cfb_20261003_tnst_wiu,aec-cfb-tenst-will-2026-10-03,vultr,outside coverage,1791069135,1791069136000000000,2026-10-03 19:12:16.000000000 ET,1,timeout,0.63,,0.605,1791069137000000000,2026-10-03 19:12:17.000000000 ET,,,,,1791069196000000000,2026-10-03 19:13:16.000000000 ET,,,,,,,,,10
1.0,cfb_20261003_tnst_wiu,aec-cfb-tenst-will-2026-10-03,vultr,outside coverage,1791069222,1791069223000000000,2026-10-03 19:13:43.000000000 ET,-1,timeout,0.64,,0.605,1791069224000000000,2026-10-03 19:13:44.000000000 ET,,,,,1791069283000000000,2026-10-03 19:14:43.000000000 ET,,,,,,,,,10
1.0,cfb_20261003_tnst_wiu,aec-cfb-tenst-will-2026-10-03,vultr,outside coverage,1791069392,1791069393000000000,2026-10-03 19:16:33.000000000 ET,-1,timeout,0.56,,0.605,1791069394000000000,2026-10-03 19:16:34.000000000 ET,,,,,1791069453000000000,2026-10-03 19:17:33.000000000 ET,,,,,,,,,10
1.0,cfb_20261003_tnst_wiu,aec-cfb-tenst-will-2026-10-03,vultr,outside coverage,1791069454,1791069455000000000,2026-10-03 19:17:35.000000000 ET,1,timeout,0.615,,0.605,1791069456000000000,2026-10-03 19:17:36.000000000 ET,,,,,1791069515000000000,2026-10-03 19:18:35.000000000 ET,,,,,,,,,10
1.0,cfb_20261003_tnst_wiu,aec-cfb-tenst-will-2026-10-03,vultr,outside coverage,1791069518,1791069519000000000,2026-10-03 19:18:39.000000000 ET,1,timeout,0.72,,0.605,1791069520000000000,2026-10-03 19:18:40.000000000 ET,,,,,1791069579000000000,2026-10-03 19:19:39.000000000 ET,,,,,,,,,10
1.0,cfb_20261003_tnst_wiu,aec-cfb-tenst-will-2026-10-03,vultr,outside coverage,1791069584,1791069585000000000,2026-10-03 19:19:45.000000000 ET,-1,timeout,0.725,,0.605,1791069586000000000,2026-10-03 19:19:46.000000000 ET,,,,,1791069645000000000,2026-10-03 19:20:45.000000000 ET,,,,,,,,,10
1.0,cfb_20261003_tnst_wiu,aec-cfb-tenst-will-2026-10-03,vultr,outside coverage,1791069697,1791069698000000000,2026-10-03 19:21:38.000000000 ET,-1,timeout,0.67,,0.605,1791069699000000000,2026-10-03 19:21:39.000000000 ET,,,,,1791069758000000000,2026-10-03 19:22:38.000000000 ET,,,,,,,,,10
1.0,cfb_20261003_tnst_wiu,aec-cfb-tenst-will-2026-10-03,vultr,outside coverage,1791069759,1791069760000000000,2026-10-03 19:22:40.000000000 ET,1,timeout,0.665,,0.605,1791069761000000000,2026-10-03 19:22:41.000000000 ET,,,,,1791069820000000000,2026-10-03 19:23:40.000000000 ET,,,,,,,,,10
1.0,cfb_20261003_tnst_wiu,aec-cfb-tenst-will-2026-10-03,vultr,outside coverage,1791069828,1791069829000000000,2026-10-03 19:23:49.000000000 ET,-1,timeout,0.545,,0.605,1791069830000000000,2026-10-03 19:23:50.000000000 ET,,,,,1791069889000000000,2026-10-03 19:24:49.000000000 ET,,,,,,,,,10
1.0,cfb_20261003_tnst_wiu,aec-cfb-tenst-will-2026-10-03,vultr,outside coverage,1791069897,1791069898000000000,2026-10-03 19:24:58.000000000 ET,1,timeout,0.6000000000000001,,0.605,1791069899000000000,2026-10-03 19:24:59.000000000 ET,,,,,1791069958000000000,2026-10-03 19:25:58.000000000 ET,,,,,,,,,10
1.0,cfb_20261003_tnst_wiu,aec-cfb-tenst-will-2026-10-03,vultr,outside coverage,1791069977,1791069978000000000,2026-10-03 19:26:18.000000000 ET,-1,timeout,0.84,,0.605,1791069979000000000,2026-10-03 19:26:19.000000000 ET,,,,,1791070038000000000,2026-10-03 19:27:18.000000000 ET,,,,,,,,,10
1.0,cfb_20261003_tnst_wiu,aec-cfb-tenst-will-2026-10-03,vultr,outside coverage,1791070043,1791070044000000000,2026-10-03 19:27:24.000000000 ET,1,timeout,0.895,,0.605,1791070045000000000,2026-10-03 19:27:25.000000000 ET,,,,,1791070104000000000,2026-10-03 19:28:24.000000000 ET,,,,,,,,,10
1.0,cfb_20261003_tnst_wiu,aec-cfb-tenst-will-2026-10-03,vultr,outside coverage,1791070114,1791070115000000000,2026-10-03 19:28:35.000000000 ET,1,timeout,0.935,,0.605,1791070116000000000,2026-10-03 19:28:36.000000000 ET,,,,,1791070175000000000,2026-10-03 19:29:35.000000000 ET,,,,,,,,,10
1.0,cfb_20261003_tnst_wiu,aec-cfb-tenst-will-2026-10-03,vultr,outside coverage,1791070179,1791070180000000000,2026-10-03 19:29:40.000000000 ET,-1,timeout,0.925,,0.605,1791070181000000000,2026-10-03 19:29:41.000000000 ET,,,,,1791070240000000000,2026-10-03 19:30:40.000000000 ET,,,,,,,,,10
1.0,cfb_20261003_tnst_wiu,aec-cfb-tenst-will-2026-10-03,vultr,outside coverage,1791070264,1791070265000000000,2026-10-03 19:31:05.000000000 ET,-1,timeout,0.875,,0.605,1791070266000000000,2026-10-03 19:31:06.000000000 ET,,,,,1791070325000000000,2026-10-03 19:32:05.000000000 ET,,,,,,,,,10
2.0,cfb_20261003_tnst_wiu,aec-cfb-tenst-will-2026-10-03,vultr,outside coverage,1791061334,1791061335000000000,2026-10-03 17:02:15.000000000 ET,-1,timeout,0.56,0.605,0.605,1791061337000000000,2026-10-03 17:02:17.000000000 ET,,,,,1791061395000000000,2026-10-03 17:03:15.000000000 ET,,,,,,,,,10
2.0,cfb_20261003_tnst_wiu,aec-cfb-tenst-will-2026-10-03,vultr,outside coverage,1791064407,1791064408000000000,2026-10-03 17:53:28.000000000 ET,1,timeout,0.66,,0.605,1791064410000000000,2026-10-03 17:53:30.000000000 ET,,,,,1791064468000000000,2026-10-03 17:54:28.000000000 ET,,,,,,,,,10
2.0,cfb_20261003_tnst_wiu,aec-cfb-tenst-will-2026-10-03,vultr,outside coverage,1791065065,1791065066000000000,2026-10-03 18:04:26.000000000 ET,-1,timeout,0.485,,0.605,1791065068000000000,2026-10-03 18:04:28.000000000 ET,,,,,1791065126000000000,2026-10-03 18:05:26.000000000 ET,,,,,,,,,10
2.0,cfb_20261003_tnst_wiu,aec-cfb-tenst-will-2026-10-03,vultr,outside coverage,1791065174,1791065175000000000,2026-10-03 18:06:15.000000000 ET,-1,timeout,0.405,,0.605,1791065177000000000,2026-10-03 18:06:17.000000000 ET,,,,,1791065235000000000,2026-10-03 18:07:15.000000000 ET,,,,,,,,,10
2.0,cfb_20261003_tnst_wiu,aec-cfb-tenst-will-2026-10-03,vultr,outside coverage,1791065519,1791065520000000000,2026-10-03 18:12:00.000000000 ET,1,timeout,0.33999999999999997,,0.605,1791065522000000000,2026-10-03 18:12:02.000000000 ET,,,,,1791065580000000000,2026-10-03 18:13:00.000000000 ET,,,,,,,,,10
2.0,cfb_20261003_tnst_wiu,aec-cfb-tenst-will-2026-10-03,vultr,outside coverage,1791067176,1791067177000000000,2026-10-03 18:39:37.000000000 ET,1,timeout,0.165,,0.605,1791067179000000000,2026-10-03 18:39:39.000000000 ET,,,,,1791067237000000000,2026-10-03 18:40:37.000000000 ET,,,,,,,,,10
2.0,cfb_20261003_tnst_wiu,aec-cfb-tenst-will-2026-10-03,vultr,outside coverage,1791067305,1791067306000000000,2026-10-03 18:41:46.000000000 ET,1,timeout,0.15,,0.605,1791067308000000000,2026-10-03 18:41:48.000000000 ET,,,,,1791067366000000000,2026-10-03 18:42:46.000000000 ET,,,,,,,,,10
2.0,cfb_20261003_tnst_wiu,aec-cfb-tenst-will-2026-10-03,vultr,outside coverage,1791067830,1791067831000000000,2026-10-03 18:50:31.000000000 ET,1,timeout,0.26,,0.605,1791067833000000000,2026-10-03 18:50:33.000000000 ET,,,,,1791067891000000000,2026-10-03 18:51:31.000000000 ET,,,,,,,,,10
2.0,cfb_20261003_tnst_wiu,aec-cfb-tenst-will-2026-10-03,vultr,outside coverage,1791068088,1791068089000000000,2026-10-03 18:54:49.000000000 ET,1,timeout,0.495,,0.605,1791068091000000000,2026-10-03 18:54:51.000000000 ET,,,,,1791068149000000000,2026-10-03 18:55:49.000000000 ET,,,,,,,,,10
2.0,cfb_20261003_tnst_wiu,aec-cfb-tenst-will-2026-10-03,vultr,outside coverage,1791068185,1791068186000000000,2026-10-03 18:56:26.000000000 ET,1,timeout,0.65,,0.605,1791068188000000000,2026-10-03 18:56:28.000000000 ET,,,,,1791068246000000000,2026-10-03 18:57:26.000000000 ET,,,,,,,,,10
2.0,cfb_20261003_tnst_wiu,aec-cfb-tenst-will-2026-10-03,vultr,outside coverage,1791068321,1791068322000000000,2026-10-03 18:58:42.000000000 ET,-1,timeout,0.635,,0.605,1791068324000000000,2026-10-03 18:58:44.000000000 ET,,,,,1791068382000000000,2026-10-03 18:59:42.000000000 ET,,,,,,,,,10
2.0,cfb_20261003_tnst_wiu,aec-cfb-tenst-will-2026-10-03,vultr,outside coverage,1791068398,1791068399000000000,2026-10-03 18:59:59.000000000 ET,-1,timeout,0.52,,0.605,1791068401000000000,2026-10-03 19:00:01.000000000 ET,,,,,1791068459000000000,2026-10-03 19:00:59.000000000 ET,,,,,,,,,10
2.0,cfb_20261003_tnst_wiu,aec-cfb-tenst-will-2026-10-03,vultr,outside coverage,1791068596,1791068597000000000,2026-10-03 19:03:17.000000000 ET,1,timeout,0.505,,0.605,1791068599000000000,2026-10-03 19:03:19.000000000 ET,,,,,1791068657000000000,2026-10-03 19:04:17.000000000 ET,,,,,,,,,10
2.0,cfb_20261003_tnst_wiu,aec-cfb-tenst-will-2026-10-03,vultr,outside coverage,1791068735,1791068736000000000,2026-10-03 19:05:36.000000000 ET,-1,timeout,0.575,,0.605,1791068738000000000,2026-10-03 19:05:38.000000000 ET,,,,,1791068796000000000,2026-10-03 19:06:36.000000000 ET,,,,,,,,,10
2.0,cfb_20261003_tnst_wiu,aec-cfb-tenst-will-2026-10-03,vultr,outside coverage,1791068824,1791068825000000000,2026-10-03 19:07:05.000000000 ET,-1,timeout,0.605,,0.605,1791068827000000000,2026-10-03 19:07:07.000000000 ET,,,,,1791068885000000000,2026-10-03 19:08:05.000000000 ET,,,,,,,,,10
2.0,cfb_20261003_tnst_wiu,aec-cfb-tenst-will-2026-10-03,vultr,outside coverage,1791068902,1791068903000000000,2026-10-03 19:08:23.000000000 ET,-1,timeout,0.615,,0.605,1791068905000000000,2026-10-03 19:08:25.000000000 ET,,,,,1791068963000000000,2026-10-03 19:09:23.000000000 ET,,,,,,,,,10
2.0,cfb_20261003_tnst_wiu,aec-cfb-tenst-will-2026-10-03,vultr,outside coverage,1791068977,1791068978000000000,2026-10-03 19:09:38.000000000 ET,1,timeout,0.59,,0.605,1791068980000000000,2026-10-03 19:09:40.000000000 ET,,,,,1791069038000000000,2026-10-03 19:10:38.000000000 ET,,,,,,,,,10
2.0,cfb_20261003_tnst_wiu,aec-cfb-tenst-will-2026-10-03,vultr,outside coverage,1791069049,1791069050000000000,2026-10-03 19:10:50.000000000 ET,1,timeout,0.615,,0.605,1791069052000000000,2026-10-03 19:10:52.000000000 ET,,,,,1791069110000000000,2026-10-03 19:11:50.000000000 ET,,,,,,,,,10
2.0,cfb_20261003_tnst_wiu,aec-cfb-tenst-will-2026-10-03,vultr,outside coverage,1791069135,1791069136000000000,2026-10-03 19:12:16.000000000 ET,1,timeout,0.63,,0.605,1791069138000000000,2026-10-03 19:12:18.000000000 ET,,,,,1791069196000000000,2026-10-03 19:13:16.000000000 ET,,,,,,,,,10
2.0,cfb_20261003_tnst_wiu,aec-cfb-tenst-will-2026-10-03,vultr,outside coverage,1791069222,1791069223000000000,2026-10-03 19:13:43.000000000 ET,-1,timeout,0.64,,0.605,1791069225000000000,2026-10-03 19:13:45.000000000 ET,,,,,1791069283000000000,2026-10-03 19:14:43.000000000 ET,,,,,,,,,10
2.0,cfb_20261003_tnst_wiu,aec-cfb-tenst-will-2026-10-03,vultr,outside coverage,1791069392,1791069393000000000,2026-10-03 19:16:33.000000000 ET,-1,timeout,0.56,,0.605,1791069395000000000,2026-10-03 19:16:35.000000000 ET,,,,,1791069453000000000,2026-10-03 19:17:33.000000000 ET,,,,,,,,,10
2.0,cfb_20261003_tnst_wiu,aec-cfb-tenst-will-2026-10-03,vultr,outside coverage,1791069454,1791069455000000000,2026-10-03 19:17:35.000000000 ET,1,timeout,0.615,,0.605,1791069457000000000,2026-10-03 19:17:37.000000000 ET,,,,,1791069515000000000,2026-10-03 19:18:35.000000000 ET,,,,,,,,,10
2.0,cfb_20261003_tnst_wiu,aec-cfb-tenst-will-2026-10-03,vultr,outside coverage,1791069518,1791069519000000000,2026-10-03 19:18:39.000000000 ET,1,timeout,0.72,,0.605,1791069521000000000,2026-10-03 19:18:41.000000000 ET,,,,,1791069579000000000,2026-10-03 19:19:39.000000000 ET,,,,,,,,,10
2.0,cfb_20261003_tnst_wiu,aec-cfb-tenst-will-2026-10-03,vultr,outside coverage,1791069584,1791069585000000000,2026-10-03 19:19:45.000000000 ET,-1,timeout,0.725,,0.605,1791069587000000000,2026-10-03 19:19:47.000000000 ET,,,,,1791069645000000000,2026-10-03 19:20:45.000000000 ET,,,,,,,,,10
2.0,cfb_20261003_tnst_wiu,aec-cfb-tenst-will-2026-10-03,vultr,outside coverage,1791069697,1791069698000000000,2026-10-03 19:21:38.000000000 ET,-1,timeout,0.67,,0.605,1791069700000000000,2026-10-03 19:21:40.000000000 ET,,,,,1791069758000000000,2026-10-03 19:22:38.000000000 ET,,,,,,,,,10
2.0,cfb_20261003_tnst_wiu,aec-cfb-tenst-will-2026-10-03,vultr,outside coverage,1791069759,1791069760000000000,2026-10-03 19:22:40.000000000 ET,1,timeout,0.665,,0.605,1791069762000000000,2026-10-03 19:22:42.000000000 ET,,,,,1791069820000000000,2026-10-03 19:23:40.000000000 ET,,,,,,,,,10
2.0,cfb_20261003_tnst_wiu,aec-cfb-tenst-will-2026-10-03,vultr,outside coverage,1791069828,1791069829000000000,2026-10-03 19:23:49.000000000 ET,-1,timeout,0.545,,0.605,1791069831000000000,2026-10-03 19:23:51.000000000 ET,,,,,1791069889000000000,2026-10-03 19:24:49.000000000 ET,,,,,,,,,10
2.0,cfb_20261003_tnst_wiu,aec-cfb-tenst-will-2026-10-03,vultr,outside coverage,1791069897,1791069898000000000,2026-10-03 19:24:58.000000000 ET,1,timeout,0.6000000000000001,,0.605,1791069900000000000,2026-10-03 19:25:00.000000000 ET,,,,,1791069958000000000,2026-10-03 19:25:58.000000000 ET,,,,,,,,,10
2.0,cfb_20261003_tnst_wiu,aec-cfb-tenst-will-2026-10-03,vultr,outside coverage,1791069977,1791069978000000000,2026-10-03 19:26:18.000000000 ET,-1,timeout,0.84,,0.605,1791069980000000000,2026-10-03 19:26:20.000000000 ET,,,,,1791070038000000000,2026-10-03 19:27:18.000000000 ET,,,,,,,,,10
2.0,cfb_20261003_tnst_wiu,aec-cfb-tenst-will-2026-10-03,vultr,outside coverage,1791070043,1791070044000000000,2026-10-03 19:27:24.000000000 ET,1,timeout,0.895,,0.605,1791070046000000000,2026-10-03 19:27:26.000000000 ET,,,,,1791070104000000000,2026-10-03 19:28:24.000000000 ET,,,,,,,,,10
2.0,cfb_20261003_tnst_wiu,aec-cfb-tenst-will-2026-10-03,vultr,outside coverage,1791070114,1791070115000000000,2026-10-03 19:28:35.000000000 ET,1,timeout,0.935,,0.605,1791070117000000000,2026-10-03 19:28:37.000000000 ET,,,,,1791070175000000000,2026-10-03 19:29:35.000000000 ET,,,,,,,,,10
2.0,cfb_20261003_tnst_wiu,aec-cfb-tenst-will-2026-10-03,vultr,outside coverage,1791070179,1791070180000000000,2026-10-03 19:29:40.000000000 ET,-1,timeout,0.925,,0.605,1791070182000000000,2026-10-03 19:29:42.000000000 ET,,,,,1791070240000000000,2026-10-03 19:30:40.000000000 ET,,,,,,,,,10
2.0,cfb_20261003_tnst_wiu,aec-cfb-tenst-will-2026-10-03,vultr,outside coverage,1791070264,1791070265000000000,2026-10-03 19:31:05.000000000 ET,-1,timeout,0.875,,0.605,1791070267000000000,2026-10-03 19:31:07.000000000 ET,,,,,1791070325000000000,2026-10-03 19:32:05.000000000 ET,,,,,,,,,10
5.0,cfb_20261003_tnst_wiu,aec-cfb-tenst-will-2026-10-03,vultr,outside coverage,1791061334,1791061335000000000,2026-10-03 17:02:15.000000000 ET,-1,timeout,0.56,0.605,0.605,1791061340000000000,2026-10-03 17:02:20.000000000 ET,,,,,1791061395000000000,2026-10-03 17:03:15.000000000 ET,,,,,,,,,10
5.0,cfb_20261003_tnst_wiu,aec-cfb-tenst-will-2026-10-03,vultr,outside coverage,1791064407,1791064408000000000,2026-10-03 17:53:28.000000000 ET,1,timeout,0.66,,0.605,1791064413000000000,2026-10-03 17:53:33.000000000 ET,,,,,1791064468000000000,2026-10-03 17:54:28.000000000 ET,,,,,,,,,10
5.0,cfb_20261003_tnst_wiu,aec-cfb-tenst-will-2026-10-03,vultr,outside coverage,1791065065,1791065066000000000,2026-10-03 18:04:26.000000000 ET,-1,timeout,0.485,,0.605,1791065071000000000,2026-10-03 18:04:31.000000000 ET,,,,,1791065126000000000,2026-10-03 18:05:26.000000000 ET,,,,,,,,,10
5.0,cfb_20261003_tnst_wiu,aec-cfb-tenst-will-2026-10-03,vultr,outside coverage,1791065174,1791065175000000000,2026-10-03 18:06:15.000000000 ET,-1,timeout,0.405,,0.605,1791065180000000000,2026-10-03 18:06:20.000000000 ET,,,,,1791065235000000000,2026-10-03 18:07:15.000000000 ET,,,,,,,,,10
5.0,cfb_20261003_tnst_wiu,aec-cfb-tenst-will-2026-10-03,vultr,outside coverage,1791065519,1791065520000000000,2026-10-03 18:12:00.000000000 ET,1,timeout,0.33999999999999997,,0.605,1791065525000000000,2026-10-03 18:12:05.000000000 ET,,,,,1791065580000000000,2026-10-03 18:13:00.000000000 ET,,,,,,,,,10
5.0,cfb_20261003_tnst_wiu,aec-cfb-tenst-will-2026-10-03,vultr,outside coverage,1791067176,1791067177000000000,2026-10-03 18:39:37.000000000 ET,1,timeout,0.165,,0.605,1791067182000000000,2026-10-03 18:39:42.000000000 ET,,,,,1791067237000000000,2026-10-03 18:40:37.000000000 ET,,,,,,,,,10
5.0,cfb_20261003_tnst_wiu,aec-cfb-tenst-will-2026-10-03,vultr,outside coverage,1791067305,1791067306000000000,2026-10-03 18:41:46.000000000 ET,1,timeout,0.15,,0.605,1791067311000000000,2026-10-03 18:41:51.000000000 ET,,,,,1791067366000000000,2026-10-03 18:42:46.000000000 ET,,,,,,,,,10
5.0,cfb_20261003_tnst_wiu,aec-cfb-tenst-will-2026-10-03,vultr,outside coverage,1791067830,1791067831000000000,2026-10-03 18:50:31.000000000 ET,1,timeout,0.26,,0.605,1791067836000000000,2026-10-03 18:50:36.000000000 ET,,,,,1791067891000000000,2026-10-03 18:51:31.000000000 ET,,,,,,,,,10
5.0,cfb_20261003_tnst_wiu,aec-cfb-tenst-will-2026-10-03,vultr,outside coverage,1791068088,1791068089000000000,2026-10-03 18:54:49.000000000 ET,1,timeout,0.495,,0.605,1791068094000000000,2026-10-03 18:54:54.000000000 ET,,,,,1791068149000000000,2026-10-03 18:55:49.000000000 ET,,,,,,,,,10
5.0,cfb_20261003_tnst_wiu,aec-cfb-tenst-will-2026-10-03,vultr,outside coverage,1791068185,1791068186000000000,2026-10-03 18:56:26.000000000 ET,1,timeout,0.65,,0.605,1791068191000000000,2026-10-03 18:56:31.000000000 ET,,,,,1791068246000000000,2026-10-03 18:57:26.000000000 ET,,,,,,,,,10
5.0,cfb_20261003_tnst_wiu,aec-cfb-tenst-will-2026-10-03,vultr,outside coverage,1791068321,1791068322000000000,2026-10-03 18:58:42.000000000 ET,-1,timeout,0.635,,0.605,1791068327000000000,2026-10-03 18:58:47.000000000 ET,,,,,1791068382000000000,2026-10-03 18:59:42.000000000 ET,,,,,,,,,10
5.0,cfb_20261003_tnst_wiu,aec-cfb-tenst-will-2026-10-03,vultr,outside coverage,1791068398,1791068399000000000,2026-10-03 18:59:59.000000000 ET,-1,timeout,0.52,,0.605,1791068404000000000,2026-10-03 19:00:04.000000000 ET,,,,,1791068459000000000,2026-10-03 19:00:59.000000000 ET,,,,,,,,,10
5.0,cfb_20261003_tnst_wiu,aec-cfb-tenst-will-2026-10-03,vultr,outside coverage,1791068596,1791068597000000000,2026-10-03 19:03:17.000000000 ET,1,timeout,0.505,,0.605,1791068602000000000,2026-10-03 19:03:22.000000000 ET,,,,,1791068657000000000,2026-10-03 19:04:17.000000000 ET,,,,,,,,,10
5.0,cfb_20261003_tnst_wiu,aec-cfb-tenst-will-2026-10-03,vultr,outside coverage,1791068735,1791068736000000000,2026-10-03 19:05:36.000000000 ET,-1,timeout,0.575,,0.605,1791068741000000000,2026-10-03 19:05:41.000000000 ET,,,,,1791068796000000000,2026-10-03 19:06:36.000000000 ET,,,,,,,,,10
5.0,cfb_20261003_tnst_wiu,aec-cfb-tenst-will-2026-10-03,vultr,outside coverage,1791068824,1791068825000000000,2026-10-03 19:07:05.000000000 ET,-1,timeout,0.605,,0.605,1791068830000000000,2026-10-03 19:07:10.000000000 ET,,,,,1791068885000000000,2026-10-03 19:08:05.000000000 ET,,,,,,,,,10
5.0,cfb_20261003_tnst_wiu,aec-cfb-tenst-will-2026-10-03,vultr,outside coverage,1791068902,1791068903000000000,2026-10-03 19:08:23.000000000 ET,-1,timeout,0.615,,0.605,1791068908000000000,2026-10-03 19:08:28.000000000 ET,,,,,1791068963000000000,2026-10-03 19:09:23.000000000 ET,,,,,,,,,10
5.0,cfb_20261003_tnst_wiu,aec-cfb-tenst-will-2026-10-03,vultr,outside coverage,1791068977,1791068978000000000,2026-10-03 19:09:38.000000000 ET,1,timeout,0.59,,0.605,1791068983000000000,2026-10-03 19:09:43.000000000 ET,,,,,1791069038000000000,2026-10-03 19:10:38.000000000 ET,,,,,,,,,10
5.0,cfb_20261003_tnst_wiu,aec-cfb-tenst-will-2026-10-03,vultr,outside coverage,1791069049,1791069050000000000,2026-10-03 19:10:50.000000000 ET,1,timeout,0.615,,0.605,1791069055000000000,2026-10-03 19:10:55.000000000 ET,,,,,1791069110000000000,2026-10-03 19:11:50.000000000 ET,,,,,,,,,10
5.0,cfb_20261003_tnst_wiu,aec-cfb-tenst-will-2026-10-03,vultr,outside coverage,1791069135,1791069136000000000,2026-10-03 19:12:16.000000000 ET,1,timeout,0.63,,0.605,1791069141000000000,2026-10-03 19:12:21.000000000 ET,,,,,1791069196000000000,2026-10-03 19:13:16.000000000 ET,,,,,,,,,10
5.0,cfb_20261003_tnst_wiu,aec-cfb-tenst-will-2026-10-03,vultr,outside coverage,1791069222,1791069223000000000,2026-10-03 19:13:43.000000000 ET,-1,timeout,0.64,,0.605,1791069228000000000,2026-10-03 19:13:48.000000000 ET,,,,,1791069283000000000,2026-10-03 19:14:43.000000000 ET,,,,,,,,,10
5.0,cfb_20261003_tnst_wiu,aec-cfb-tenst-will-2026-10-03,vultr,outside coverage,1791069392,1791069393000000000,2026-10-03 19:16:33.000000000 ET,-1,timeout,0.56,,0.605,1791069398000000000,2026-10-03 19:16:38.000000000 ET,,,,,1791069453000000000,2026-10-03 19:17:33.000000000 ET,,,,,,,,,10
5.0,cfb_20261003_tnst_wiu,aec-cfb-tenst-will-2026-10-03,vultr,outside coverage,1791069454,1791069455000000000,2026-10-03 19:17:35.000000000 ET,1,timeout,0.615,,0.605,1791069460000000000,2026-10-03 19:17:40.000000000 ET,,,,,1791069515000000000,2026-10-03 19:18:35.000000000 ET,,,,,,,,,10
5.0,cfb_20261003_tnst_wiu,aec-cfb-tenst-will-2026-10-03,vultr,outside coverage,1791069518,1791069519000000000,2026-10-03 19:18:39.000000000 ET,1,timeout,0.72,,0.605,1791069524000000000,2026-10-03 19:18:44.000000000 ET,,,,,1791069579000000000,2026-10-03 19:19:39.000000000 ET,,,,,,,,,10
5.0,cfb_20261003_tnst_wiu,aec-cfb-tenst-will-2026-10-03,vultr,outside coverage,1791069584,1791069585000000000,2026-10-03 19:19:45.000000000 ET,-1,timeout,0.725,,0.605,1791069590000000000,2026-10-03 19:19:50.000000000 ET,,,,,1791069645000000000,2026-10-03 19:20:45.000000000 ET,,,,,,,,,10
5.0,cfb_20261003_tnst_wiu,aec-cfb-tenst-will-2026-10-03,vultr,outside coverage,1791069697,1791069698000000000,2026-10-03 19:21:38.000000000 ET,-1,timeout,0.67,,0.605,1791069703000000000,2026-10-03 19:21:43.000000000 ET,,,,,1791069758000000000,2026-10-03 19:22:38.000000000 ET,,,,,,,,,10
5.0,cfb_20261003_tnst_wiu,aec-cfb-tenst-will-2026-10-03,vultr,outside coverage,1791069759,1791069760000000000,2026-10-03 19:22:40.000000000 ET,1,timeout,0.665,,0.605,1791069765000000000,2026-10-03 19:22:45.000000000 ET,,,,,1791069820000000000,2026-10-03 19:23:40.000000000 ET,,,,,,,,,10
5.0,cfb_20261003_tnst_wiu,aec-cfb-tenst-will-2026-10-03,vultr,outside coverage,1791069828,1791069829000000000,2026-10-03 19:23:49.000000000 ET,-1,timeout,0.545,,0.605,1791069834000000000,2026-10-03 19:23:54.000000000 ET,,,,,1791069889000000000,2026-10-03 19:24:49.000000000 ET,,,,,,,,,10
5.0,cfb_20261003_tnst_wiu,aec-cfb-tenst-will-2026-10-03,vultr,outside coverage,1791069897,1791069898000000000,2026-10-03 19:24:58.000000000 ET,1,timeout,0.6000000000000001,,0.605,1791069903000000000,2026-10-03 19:25:03.000000000 ET,,,,,1791069958000000000,2026-10-03 19:25:58.000000000 ET,,,,,,,,,10
5.0,cfb_20261003_tnst_wiu,aec-cfb-tenst-will-2026-10-03,vultr,outside coverage,1791069977,1791069978000000000,2026-10-03 19:26:18.000000000 ET,-1,timeout,0.84,,0.605,1791069983000000000,2026-10-03 19:26:23.000000000 ET,,,,,1791070038000000000,2026-10-03 19:27:18.000000000 ET,,,,,,,,,10
5.0,cfb_20261003_tnst_wiu,aec-cfb-tenst-will-2026-10-03,vultr,outside coverage,1791070043,1791070044000000000,2026-10-03 19:27:24.000000000 ET,1,timeout,0.895,,0.605,1791070049000000000,2026-10-03 19:27:29.000000000 ET,,,,,1791070104000000000,2026-10-03 19:28:24.000000000 ET,,,,,,,,,10
5.0,cfb_20261003_tnst_wiu,aec-cfb-tenst-will-2026-10-03,vultr,outside coverage,1791070114,1791070115000000000,2026-10-03 19:28:35.000000000 ET,1,timeout,0.935,,0.605,1791070120000000000,2026-10-03 19:28:40.000000000 ET,,,,,1791070175000000000,2026-10-03 19:29:35.000000000 ET,,,,,,,,,10
5.0,cfb_20261003_tnst_wiu,aec-cfb-tenst-will-2026-10-03,vultr,outside coverage,1791070179,1791070180000000000,2026-10-03 19:29:40.000000000 ET,-1,timeout,0.925,,0.605,1791070185000000000,2026-10-03 19:29:45.000000000 ET,,,,,1791070240000000000,2026-10-03 19:30:40.000000000 ET,,,,,,,,,10
5.0,cfb_20261003_tnst_wiu,aec-cfb-tenst-will-2026-10-03,vultr,outside coverage,1791070264,1791070265000000000,2026-10-03 19:31:05.000000000 ET,-1,timeout,0.875,,0.605,1791070270000000000,2026-10-03 19:31:10.000000000 ET,,,,,1791070325000000000,2026-10-03 19:32:05.000000000 ET,,,,,,,,,10
1.0,cfb_20261003_uk_scar,aec-cfb-uk-sc-2026-10-03,vultr,outside coverage,1791062407,1791062408000000000,2026-10-03 17:20:08.000000000 ET,-1,timeout,0.84,0.875,0.875,1791062409000000000,2026-10-03 17:20:09.000000000 ET,,,,,1791062468000000000,2026-10-03 17:21:08.000000000 ET,,,,,,,,,10
1.0,cfb_20261003_uk_scar,aec-cfb-uk-sc-2026-10-03,vultr,outside coverage,1791063654,1791063655000000000,2026-10-03 17:40:55.000000000 ET,-1,timeout,0.755,,0.875,1791063656000000000,2026-10-03 17:40:56.000000000 ET,,,,,1791063715000000000,2026-10-03 17:41:55.000000000 ET,,,,,,,,,10
1.0,cfb_20261003_uk_scar,aec-cfb-uk-sc-2026-10-03,vultr,outside coverage,1791064475,1791064476000000000,2026-10-03 17:54:36.000000000 ET,1,timeout,0.815,,0.875,1791064477000000000,2026-10-03 17:54:37.000000000 ET,,,,,1791064536000000000,2026-10-03 17:55:36.000000000 ET,,,,,,,,,10
1.0,cfb_20261003_uk_scar,aec-cfb-uk-sc-2026-10-03,vultr,outside coverage,1791065931,1791065932000000000,2026-10-03 18:18:52.000000000 ET,-1,timeout,0.725,,0.875,1791065933000000000,2026-10-03 18:18:53.000000000 ET,,,,,1791065992000000000,2026-10-03 18:19:52.000000000 ET,,,,,,,,,10
1.0,cfb_20261003_uk_scar,aec-cfb-uk-sc-2026-10-03,vultr,outside coverage,1791066412,1791066413000000000,2026-10-03 18:26:53.000000000 ET,-1,timeout,0.555,,0.875,1791066414000000000,2026-10-03 18:26:54.000000000 ET,,,,,1791066473000000000,2026-10-03 18:27:53.000000000 ET,,,,,,,,,10
1.0,cfb_20261003_uk_scar,aec-cfb-uk-sc-2026-10-03,vultr,outside coverage,1791066764,1791066765000000000,2026-10-03 18:32:45.000000000 ET,-1,timeout,0.51,,0.875,1791066766000000000,2026-10-03 18:32:46.000000000 ET,,,,,1791066825000000000,2026-10-03 18:33:45.000000000 ET,,,,,,,,,10
1.0,cfb_20261003_uk_scar,aec-cfb-uk-sc-2026-10-03,vultr,outside coverage,1791066838,1791066839000000000,2026-10-03 18:33:59.000000000 ET,1,timeout,0.565,,0.875,1791066840000000000,2026-10-03 18:34:00.000000000 ET,,,,,1791066899000000000,2026-10-03 18:34:59.000000000 ET,,,,,,,,,10
1.0,cfb_20261003_uk_scar,aec-cfb-uk-sc-2026-10-03,vultr,outside coverage,1791067170,1791067171000000000,2026-10-03 18:39:31.000000000 ET,-1,timeout,0.56,,0.875,1791067172000000000,2026-10-03 18:39:32.000000000 ET,,,,,1791067231000000000,2026-10-03 18:40:31.000000000 ET,,,,,,,,,10
1.0,cfb_20261003_uk_scar,aec-cfb-uk-sc-2026-10-03,vultr,outside coverage,1791067283,1791067284000000000,2026-10-03 18:41:24.000000000 ET,1,timeout,0.665,,0.875,1791067285000000000,2026-10-03 18:41:25.000000000 ET,,,,,1791067344000000000,2026-10-03 18:42:24.000000000 ET,,,,,,,,,10
1.0,cfb_20261003_uk_scar,aec-cfb-uk-sc-2026-10-03,vultr,outside coverage,1791067474,1791067475000000000,2026-10-03 18:44:35.000000000 ET,-1,timeout,0.595,,0.875,1791067476000000000,2026-10-03 18:44:36.000000000 ET,,,,,1791067535000000000,2026-10-03 18:45:35.000000000 ET,,,,,,,,,10
1.0,cfb_20261003_uk_scar,aec-cfb-uk-sc-2026-10-03,vultr,outside coverage,1791067688,1791067689000000000,2026-10-03 18:48:09.000000000 ET,1,timeout,0.565,,0.875,1791067690000000000,2026-10-03 18:48:10.000000000 ET,,,,,1791067749000000000,2026-10-03 18:49:09.000000000 ET,,,,,,,,,10
1.0,cfb_20261003_uk_scar,aec-cfb-uk-sc-2026-10-03,vultr,outside coverage,1791067765,1791067766000000000,2026-10-03 18:49:26.000000000 ET,-1,timeout,0.37,,0.875,1791067767000000000,2026-10-03 18:49:27.000000000 ET,,,,,1791067826000000000,2026-10-03 18:50:26.000000000 ET,,,,,,,,,10
1.0,cfb_20261003_uk_scar,aec-cfb-uk-sc-2026-10-03,vultr,outside coverage,1791067968,1791067969000000000,2026-10-03 18:52:49.000000000 ET,1,timeout,0.425,,0.875,1791067970000000000,2026-10-03 18:52:50.000000000 ET,,,,,1791068029000000000,2026-10-03 18:53:49.000000000 ET,,,,,,,,,10
1.0,cfb_20261003_uk_scar,aec-cfb-uk-sc-2026-10-03,vultr,outside coverage,1791068260,1791068261000000000,2026-10-03 18:57:41.000000000 ET,-1,timeout,0.295,,0.875,1791068262000000000,2026-10-03 18:57:42.000000000 ET,,,,,1791068321000000000,2026-10-03 18:58:41.000000000 ET,,,,,,,,,10
1.0,cfb_20261003_uk_scar,aec-cfb-uk-sc-2026-10-03,vultr,outside coverage,1791068354,1791068355000000000,2026-10-03 18:59:15.000000000 ET,1,timeout,0.565,,0.875,1791068356000000000,2026-10-03 18:59:16.000000000 ET,,,,,1791068415000000000,2026-10-03 19:00:15.000000000 ET,,,,,,,,,10
1.0,cfb_20261003_uk_scar,aec-cfb-uk-sc-2026-10-03,vultr,outside coverage,1791068422,1791068423000000000,2026-10-03 19:00:23.000000000 ET,1,timeout,0.515,,0.875,1791068424000000000,2026-10-03 19:00:24.000000000 ET,,,,,1791068483000000000,2026-10-03 19:01:23.000000000 ET,,,,,,,,,10
1.0,cfb_20261003_uk_scar,aec-cfb-uk-sc-2026-10-03,vultr,outside coverage,1791068515,1791068516000000000,2026-10-03 19:01:56.000000000 ET,1,timeout,0.49,,0.875,1791068517000000000,2026-10-03 19:01:57.000000000 ET,,,,,1791068576000000000,2026-10-03 19:02:56.000000000 ET,,,,,,,,,10
1.0,cfb_20261003_uk_scar,aec-cfb-uk-sc-2026-10-03,vultr,outside coverage,1791068813,1791068814000000000,2026-10-03 19:06:54.000000000 ET,1,timeout,0.615,,0.875,1791068815000000000,2026-10-03 19:06:55.000000000 ET,,,,,1791068874000000000,2026-10-03 19:07:54.000000000 ET,,,,,,,,,10
1.0,cfb_20261003_uk_scar,aec-cfb-uk-sc-2026-10-03,vultr,outside coverage,1791068893,1791068894000000000,2026-10-03 19:08:14.000000000 ET,1,timeout,0.605,,0.875,1791068895000000000,2026-10-03 19:08:15.000000000 ET,,,,,1791068954000000000,2026-10-03 19:09:14.000000000 ET,,,,,,,,,10
1.0,cfb_20261003_uk_scar,aec-cfb-uk-sc-2026-10-03,vultr,outside coverage,1791069299,1791069300000000000,2026-10-03 19:15:00.000000000 ET,1,timeout,0.755,,0.875,1791069301000000000,2026-10-03 19:15:01.000000000 ET,,,,,1791069360000000000,2026-10-03 19:16:00.000000000 ET,,,,,,,,,10
1.0,cfb_20261003_uk_scar,aec-cfb-uk-sc-2026-10-03,vultr,outside coverage,1791069649,1791069650000000000,2026-10-03 19:20:50.000000000 ET,-1,timeout,0.7,,0.875,1791069651000000000,2026-10-03 19:20:51.000000000 ET,,,,,1791069710000000000,2026-10-03 19:21:50.000000000 ET,,,,,,,,,10
1.0,cfb_20261003_uk_scar,aec-cfb-uk-sc-2026-10-03,vultr,outside coverage,1791069755,1791069756000000000,2026-10-03 19:22:36.000000000 ET,1,timeout,0.66,,0.875,1791069757000000000,2026-10-03 19:22:37.000000000 ET,,,,,1791069816000000000,2026-10-03 19:23:36.000000000 ET,,,,,,,,,10
1.0,cfb_20261003_uk_scar,aec-cfb-uk-sc-2026-10-03,vultr,outside coverage,1791069821,1791069822000000000,2026-10-03 19:23:42.000000000 ET,-1,timeout,0.515,,0.875,1791069823000000000,2026-10-03 19:23:43.000000000 ET,,,,,1791069882000000000,2026-10-03 19:24:42.000000000 ET,,,,,,,,,10
1.0,cfb_20261003_uk_scar,aec-cfb-uk-sc-2026-10-03,vultr,outside coverage,1791069935,1791069936000000000,2026-10-03 19:25:36.000000000 ET,-1,timeout,0.425,,0.875,1791069937000000000,2026-10-03 19:25:37.000000000 ET,,,,,1791069996000000000,2026-10-03 19:26:36.000000000 ET,,,,,,,,,10
1.0,cfb_20261003_uk_scar,aec-cfb-uk-sc-2026-10-03,vultr,outside coverage,1791070011,1791070012000000000,2026-10-03 19:26:52.000000000 ET,1,timeout,0.445,,0.875,1791070013000000000,2026-10-03 19:26:53.000000000 ET,,,,,1791070072000000000,2026-10-03 19:27:52.000000000 ET,,,,,,,,,10
1.0,cfb_20261003_uk_scar,aec-cfb-uk-sc-2026-10-03,vultr,outside coverage,1791070089,1791070090000000000,2026-10-03 19:28:10.000000000 ET,1,timeout,0.545,,0.875,1791070091000000000,2026-10-03 19:28:11.000000000 ET,,,,,1791070150000000000,2026-10-03 19:29:10.000000000 ET,,,,,,,,,10
1.0,cfb_20261003_uk_scar,aec-cfb-uk-sc-2026-10-03,vultr,outside coverage,1791070248,1791070249000000000,2026-10-03 19:30:49.000000000 ET,-1,timeout,0.485,,0.875,1791070250000000000,2026-10-03 19:30:50.000000000 ET,,,,,1791070309000000000,2026-10-03 19:31:49.000000000 ET,,,,,,,,,10
1.0,cfb_20261003_uk_scar,aec-cfb-uk-sc-2026-10-03,vultr,outside coverage,1791070344,1791070345000000000,2026-10-03 19:32:25.000000000 ET,1,timeout,0.615,,0.875,1791070346000000000,2026-10-03 19:32:26.000000000 ET,,,,,1791070405000000000,2026-10-03 19:33:25.000000000 ET,,,,,,,,,10
1.0,cfb_20261003_uk_scar,aec-cfb-uk-sc-2026-10-03,vultr,outside coverage,1791070680,1791070681000000000,2026-10-03 19:38:01.000000000 ET,-1,timeout,0.375,,0.875,1791070682000000000,2026-10-03 19:38:02.000000000 ET,,,,,1791070741000000000,2026-10-03 19:39:01.000000000 ET,,,,,,,,,10
1.0,cfb_20261003_uk_scar,aec-cfb-uk-sc-2026-10-03,vultr,outside coverage,1791070751,1791070752000000000,2026-10-03 19:39:12.000000000 ET,-1,timeout,0.295,,0.875,1791070753000000000,2026-10-03 19:39:13.000000000 ET,,,,,1791070812000000000,2026-10-03 19:40:12.000000000 ET,,,,,,,,,10
1.0,cfb_20261003_uk_scar,aec-cfb-uk-sc-2026-10-03,vultr,outside coverage,1791070855,1791070856000000000,2026-10-03 19:40:56.000000000 ET,1,timeout,0.295,,0.875,1791070857000000000,2026-10-03 19:40:57.000000000 ET,,,,,1791070916000000000,2026-10-03 19:41:56.000000000 ET,,,,,,,,,10
1.0,cfb_20261003_uk_scar,aec-cfb-uk-sc-2026-10-03,vultr,outside coverage,1791070930,1791070931000000000,2026-10-03 19:42:11.000000000 ET,1,timeout,0.32,,0.875,1791070932000000000,2026-10-03 19:42:12.000000000 ET,,,,,1791070991000000000,2026-10-03 19:43:11.000000000 ET,,,,,,,,,10
1.0,cfb_20261003_uk_scar,aec-cfb-uk-sc-2026-10-03,vultr,outside coverage,1791070997,1791070998000000000,2026-10-03 19:43:18.000000000 ET,1,timeout,0.295,,0.875,1791070999000000000,2026-10-03 19:43:19.000000000 ET,,,,,1791071058000000000,2026-10-03 19:44:18.000000000 ET,,,,,,,,,10
1.0,cfb_20261003_uk_scar,aec-cfb-uk-sc-2026-10-03,vultr,outside coverage,1791071118,1791071119000000000,2026-10-03 19:45:19.000000000 ET,1,timeout,0.365,,0.875,1791071120000000000,2026-10-03 19:45:20.000000000 ET,,,,,1791071179000000000,2026-10-03 19:46:19.000000000 ET,,,,,,,,,10
1.0,cfb_20261003_uk_scar,aec-cfb-uk-sc-2026-10-03,vultr,outside coverage,1791071212,1791071213000000000,2026-10-03 19:46:53.000000000 ET,-1,timeout,0.225,,0.875,1791071214000000000,2026-10-03 19:46:54.000000000 ET,,,,,1791071273000000000,2026-10-03 19:47:53.000000000 ET,,,,,,,,,10
1.0,cfb_20261003_uk_scar,aec-cfb-uk-sc-2026-10-03,vultr,outside coverage,1791071576,1791071577000000000,2026-10-03 19:52:57.000000000 ET,-1,timeout,0.4,,0.875,1791071578000000000,2026-10-03 19:52:58.000000000 ET,,,,,1791071637000000000,2026-10-03 19:53:57.000000000 ET,,,,,,,,,10
1.0,cfb_20261003_uk_scar,aec-cfb-uk-sc-2026-10-03,vultr,outside coverage,1791071638,1791071639000000000,2026-10-03 19:53:59.000000000 ET,1,timeout,0.525,,0.875,1791071640000000000,2026-10-03 19:54:00.000000000 ET,,,,,1791071699000000000,2026-10-03 19:54:59.000000000 ET,,,,,,,,,10
1.0,cfb_20261003_uk_scar,aec-cfb-uk-sc-2026-10-03,vultr,outside coverage,1791071724,1791071725000000000,2026-10-03 19:55:25.000000000 ET,1,timeout,0.6599999999999999,,0.875,1791071726000000000,2026-10-03 19:55:26.000000000 ET,,,,,1791071785000000000,2026-10-03 19:56:25.000000000 ET,,,,,,,,,10
1.0,cfb_20261003_uk_scar,aec-cfb-uk-sc-2026-10-03,vultr,outside coverage,1791071838,1791071839000000000,2026-10-03 19:57:19.000000000 ET,-1,timeout,0.665,,0.875,1791071840000000000,2026-10-03 19:57:20.000000000 ET,,,,,1791071899000000000,2026-10-03 19:58:19.000000000 ET,,,,,,,,,10
1.0,cfb_20261003_uk_scar,aec-cfb-uk-sc-2026-10-03,vultr,outside coverage,1791072073,1791072074000000000,2026-10-03 20:01:14.000000000 ET,-1,timeout,0.56,,0.875,1791072075000000000,2026-10-03 20:01:15.000000000 ET,,,,,1791072134000000000,2026-10-03 20:02:14.000000000 ET,,,,,,,,,10
1.0,cfb_20261003_uk_scar,aec-cfb-uk-sc-2026-10-03,vultr,outside coverage,1791072134,1791072135000000000,2026-10-03 20:02:15.000000000 ET,-1,timeout,0.05500000000000001,,0.875,1791072136000000000,2026-10-03 20:02:16.000000000 ET,,,,,1791072195000000000,2026-10-03 20:03:15.000000000 ET,,,,,,,,,10
2.0,cfb_20261003_uk_scar,aec-cfb-uk-sc-2026-10-03,vultr,outside coverage,1791062407,1791062408000000000,2026-10-03 17:20:08.000000000 ET,-1,timeout,0.84,0.875,0.875,1791062410000000000,2026-10-03 17:20:10.000000000 ET,,,,,1791062468000000000,2026-10-03 17:21:08.000000000 ET,,,,,,,,,10
2.0,cfb_20261003_uk_scar,aec-cfb-uk-sc-2026-10-03,vultr,outside coverage,1791063654,1791063655000000000,2026-10-03 17:40:55.000000000 ET,-1,timeout,0.755,,0.875,1791063657000000000,2026-10-03 17:40:57.000000000 ET,,,,,1791063715000000000,2026-10-03 17:41:55.000000000 ET,,,,,,,,,10
2.0,cfb_20261003_uk_scar,aec-cfb-uk-sc-2026-10-03,vultr,outside coverage,1791064475,1791064476000000000,2026-10-03 17:54:36.000000000 ET,1,timeout,0.815,,0.875,1791064478000000000,2026-10-03 17:54:38.000000000 ET,,,,,1791064536000000000,2026-10-03 17:55:36.000000000 ET,,,,,,,,,10
2.0,cfb_20261003_uk_scar,aec-cfb-uk-sc-2026-10-03,vultr,outside coverage,1791065931,1791065932000000000,2026-10-03 18:18:52.000000000 ET,-1,timeout,0.725,,0.875,1791065934000000000,2026-10-03 18:18:54.000000000 ET,,,,,1791065992000000000,2026-10-03 18:19:52.000000000 ET,,,,,,,,,10
2.0,cfb_20261003_uk_scar,aec-cfb-uk-sc-2026-10-03,vultr,outside coverage,1791066412,1791066413000000000,2026-10-03 18:26:53.000000000 ET,-1,timeout,0.555,,0.875,1791066415000000000,2026-10-03 18:26:55.000000000 ET,,,,,1791066473000000000,2026-10-03 18:27:53.000000000 ET,,,,,,,,,10
2.0,cfb_20261003_uk_scar,aec-cfb-uk-sc-2026-10-03,vultr,outside coverage,1791066764,1791066765000000000,2026-10-03 18:32:45.000000000 ET,-1,timeout,0.51,,0.875,1791066767000000000,2026-10-03 18:32:47.000000000 ET,,,,,1791066825000000000,2026-10-03 18:33:45.000000000 ET,,,,,,,,,10
2.0,cfb_20261003_uk_scar,aec-cfb-uk-sc-2026-10-03,vultr,outside coverage,1791066838,1791066839000000000,2026-10-03 18:33:59.000000000 ET,1,timeout,0.565,,0.875,1791066841000000000,2026-10-03 18:34:01.000000000 ET,,,,,1791066899000000000,2026-10-03 18:34:59.000000000 ET,,,,,,,,,10
2.0,cfb_20261003_uk_scar,aec-cfb-uk-sc-2026-10-03,vultr,outside coverage,1791067170,1791067171000000000,2026-10-03 18:39:31.000000000 ET,-1,timeout,0.56,,0.875,1791067173000000000,2026-10-03 18:39:33.000000000 ET,,,,,1791067231000000000,2026-10-03 18:40:31.000000000 ET,,,,,,,,,10
2.0,cfb_20261003_uk_scar,aec-cfb-uk-sc-2026-10-03,vultr,outside coverage,1791067283,1791067284000000000,2026-10-03 18:41:24.000000000 ET,1,timeout,0.665,,0.875,1791067286000000000,2026-10-03 18:41:26.000000000 ET,,,,,1791067344000000000,2026-10-03 18:42:24.000000000 ET,,,,,,,,,10
2.0,cfb_20261003_uk_scar,aec-cfb-uk-sc-2026-10-03,vultr,outside coverage,1791067474,1791067475000000000,2026-10-03 18:44:35.000000000 ET,-1,timeout,0.595,,0.875,1791067477000000000,2026-10-03 18:44:37.000000000 ET,,,,,1791067535000000000,2026-10-03 18:45:35.000000000 ET,,,,,,,,,10
2.0,cfb_20261003_uk_scar,aec-cfb-uk-sc-2026-10-03,vultr,outside coverage,1791067688,1791067689000000000,2026-10-03 18:48:09.000000000 ET,1,timeout,0.565,,0.875,1791067691000000000,2026-10-03 18:48:11.000000000 ET,,,,,1791067749000000000,2026-10-03 18:49:09.000000000 ET,,,,,,,,,10
2.0,cfb_20261003_uk_scar,aec-cfb-uk-sc-2026-10-03,vultr,outside coverage,1791067765,1791067766000000000,2026-10-03 18:49:26.000000000 ET,-1,timeout,0.37,,0.875,1791067768000000000,2026-10-03 18:49:28.000000000 ET,,,,,1791067826000000000,2026-10-03 18:50:26.000000000 ET,,,,,,,,,10
2.0,cfb_20261003_uk_scar,aec-cfb-uk-sc-2026-10-03,vultr,outside coverage,1791067968,1791067969000000000,2026-10-03 18:52:49.000000000 ET,1,timeout,0.425,,0.875,1791067971000000000,2026-10-03 18:52:51.000000000 ET,,,,,1791068029000000000,2026-10-03 18:53:49.000000000 ET,,,,,,,,,10
2.0,cfb_20261003_uk_scar,aec-cfb-uk-sc-2026-10-03,vultr,outside coverage,1791068260,1791068261000000000,2026-10-03 18:57:41.000000000 ET,-1,timeout,0.295,,0.875,1791068263000000000,2026-10-03 18:57:43.000000000 ET,,,,,1791068321000000000,2026-10-03 18:58:41.000000000 ET,,,,,,,,,10
2.0,cfb_20261003_uk_scar,aec-cfb-uk-sc-2026-10-03,vultr,outside coverage,1791068354,1791068355000000000,2026-10-03 18:59:15.000000000 ET,1,timeout,0.565,,0.875,1791068357000000000,2026-10-03 18:59:17.000000000 ET,,,,,1791068415000000000,2026-10-03 19:00:15.000000000 ET,,,,,,,,,10
2.0,cfb_20261003_uk_scar,aec-cfb-uk-sc-2026-10-03,vultr,outside coverage,1791068422,1791068423000000000,2026-10-03 19:00:23.000000000 ET,1,timeout,0.515,,0.875,1791068425000000000,2026-10-03 19:00:25.000000000 ET,,,,,1791068483000000000,2026-10-03 19:01:23.000000000 ET,,,,,,,,,10
2.0,cfb_20261003_uk_scar,aec-cfb-uk-sc-2026-10-03,vultr,outside coverage,1791068515,1791068516000000000,2026-10-03 19:01:56.000000000 ET,1,timeout,0.49,,0.875,1791068518000000000,2026-10-03 19:01:58.000000000 ET,,,,,1791068576000000000,2026-10-03 19:02:56.000000000 ET,,,,,,,,,10
2.0,cfb_20261003_uk_scar,aec-cfb-uk-sc-2026-10-03,vultr,outside coverage,1791068813,1791068814000000000,2026-10-03 19:06:54.000000000 ET,1,timeout,0.615,,0.875,1791068816000000000,2026-10-03 19:06:56.000000000 ET,,,,,1791068874000000000,2026-10-03 19:07:54.000000000 ET,,,,,,,,,10
2.0,cfb_20261003_uk_scar,aec-cfb-uk-sc-2026-10-03,vultr,outside coverage,1791068893,1791068894000000000,2026-10-03 19:08:14.000000000 ET,1,timeout,0.605,,0.875,1791068896000000000,2026-10-03 19:08:16.000000000 ET,,,,,1791068954000000000,2026-10-03 19:09:14.000000000 ET,,,,,,,,,10
2.0,cfb_20261003_uk_scar,aec-cfb-uk-sc-2026-10-03,vultr,outside coverage,1791069299,1791069300000000000,2026-10-03 19:15:00.000000000 ET,1,timeout,0.755,,0.875,1791069302000000000,2026-10-03 19:15:02.000000000 ET,,,,,1791069360000000000,2026-10-03 19:16:00.000000000 ET,,,,,,,,,10
2.0,cfb_20261003_uk_scar,aec-cfb-uk-sc-2026-10-03,vultr,outside coverage,1791069649,1791069650000000000,2026-10-03 19:20:50.000000000 ET,-1,timeout,0.7,,0.875,1791069652000000000,2026-10-03 19:20:52.000000000 ET,,,,,1791069710000000000,2026-10-03 19:21:50.000000000 ET,,,,,,,,,10
2.0,cfb_20261003_uk_scar,aec-cfb-uk-sc-2026-10-03,vultr,outside coverage,1791069755,1791069756000000000,2026-10-03 19:22:36.000000000 ET,1,timeout,0.66,,0.875,1791069758000000000,2026-10-03 19:22:38.000000000 ET,,,,,1791069816000000000,2026-10-03 19:23:36.000000000 ET,,,,,,,,,10
2.0,cfb_20261003_uk_scar,aec-cfb-uk-sc-2026-10-03,vultr,outside coverage,1791069821,1791069822000000000,2026-10-03 19:23:42.000000000 ET,-1,timeout,0.515,,0.875,1791069824000000000,2026-10-03 19:23:44.000000000 ET,,,,,1791069882000000000,2026-10-03 19:24:42.000000000 ET,,,,,,,,,10
2.0,cfb_20261003_uk_scar,aec-cfb-uk-sc-2026-10-03,vultr,outside coverage,1791069935,1791069936000000000,2026-10-03 19:25:36.000000000 ET,-1,timeout,0.425,,0.875,1791069938000000000,2026-10-03 19:25:38.000000000 ET,,,,,1791069996000000000,2026-10-03 19:26:36.000000000 ET,,,,,,,,,10
2.0,cfb_20261003_uk_scar,aec-cfb-uk-sc-2026-10-03,vultr,outside coverage,1791070011,1791070012000000000,2026-10-03 19:26:52.000000000 ET,1,timeout,0.445,,0.875,1791070014000000000,2026-10-03 19:26:54.000000000 ET,,,,,1791070072000000000,2026-10-03 19:27:52.000000000 ET,,,,,,,,,10
2.0,cfb_20261003_uk_scar,aec-cfb-uk-sc-2026-10-03,vultr,outside coverage,1791070089,1791070090000000000,2026-10-03 19:28:10.000000000 ET,1,timeout,0.545,,0.875,1791070092000000000,2026-10-03 19:28:12.000000000 ET,,,,,1791070150000000000,2026-10-03 19:29:10.000000000 ET,,,,,,,,,10
2.0,cfb_20261003_uk_scar,aec-cfb-uk-sc-2026-10-03,vultr,outside coverage,1791070248,1791070249000000000,2026-10-03 19:30:49.000000000 ET,-1,timeout,0.485,,0.875,1791070251000000000,2026-10-03 19:30:51.000000000 ET,,,,,1791070309000000000,2026-10-03 19:31:49.000000000 ET,,,,,,,,,10
2.0,cfb_20261003_uk_scar,aec-cfb-uk-sc-2026-10-03,vultr,outside coverage,1791070344,1791070345000000000,2026-10-03 19:32:25.000000000 ET,1,timeout,0.615,,0.875,1791070347000000000,2026-10-03 19:32:27.000000000 ET,,,,,1791070405000000000,2026-10-03 19:33:25.000000000 ET,,,,,,,,,10
2.0,cfb_20261003_uk_scar,aec-cfb-uk-sc-2026-10-03,vultr,outside coverage,1791070680,1791070681000000000,2026-10-03 19:38:01.000000000 ET,-1,timeout,0.375,,0.875,1791070683000000000,2026-10-03 19:38:03.000000000 ET,,,,,1791070741000000000,2026-10-03 19:39:01.000000000 ET,,,,,,,,,10
2.0,cfb_20261003_uk_scar,aec-cfb-uk-sc-2026-10-03,vultr,outside coverage,1791070751,1791070752000000000,2026-10-03 19:39:12.000000000 ET,-1,timeout,0.295,,0.875,1791070754000000000,2026-10-03 19:39:14.000000000 ET,,,,,1791070812000000000,2026-10-03 19:40:12.000000000 ET,,,,,,,,,10
2.0,cfb_20261003_uk_scar,aec-cfb-uk-sc-2026-10-03,vultr,outside coverage,1791070855,1791070856000000000,2026-10-03 19:40:56.000000000 ET,1,timeout,0.295,,0.875,1791070858000000000,2026-10-03 19:40:58.000000000 ET,,,,,1791070916000000000,2026-10-03 19:41:56.000000000 ET,,,,,,,,,10
2.0,cfb_20261003_uk_scar,aec-cfb-uk-sc-2026-10-03,vultr,outside coverage,1791070930,1791070931000000000,2026-10-03 19:42:11.000000000 ET,1,timeout,0.32,,0.875,1791070933000000000,2026-10-03 19:42:13.000000000 ET,,,,,1791070991000000000,2026-10-03 19:43:11.000000000 ET,,,,,,,,,10
2.0,cfb_20261003_uk_scar,aec-cfb-uk-sc-2026-10-03,vultr,outside coverage,1791070997,1791070998000000000,2026-10-03 19:43:18.000000000 ET,1,timeout,0.295,,0.875,1791071000000000000,2026-10-03 19:43:20.000000000 ET,,,,,1791071058000000000,2026-10-03 19:44:18.000000000 ET,,,,,,,,,10
2.0,cfb_20261003_uk_scar,aec-cfb-uk-sc-2026-10-03,vultr,outside coverage,1791071118,1791071119000000000,2026-10-03 19:45:19.000000000 ET,1,timeout,0.365,,0.875,1791071121000000000,2026-10-03 19:45:21.000000000 ET,,,,,1791071179000000000,2026-10-03 19:46:19.000000000 ET,,,,,,,,,10
2.0,cfb_20261003_uk_scar,aec-cfb-uk-sc-2026-10-03,vultr,outside coverage,1791071212,1791071213000000000,2026-10-03 19:46:53.000000000 ET,-1,timeout,0.225,,0.875,1791071215000000000,2026-10-03 19:46:55.000000000 ET,,,,,1791071273000000000,2026-10-03 19:47:53.000000000 ET,,,,,,,,,10
2.0,cfb_20261003_uk_scar,aec-cfb-uk-sc-2026-10-03,vultr,outside coverage,1791071576,1791071577000000000,2026-10-03 19:52:57.000000000 ET,-1,timeout,0.4,,0.875,1791071579000000000,2026-10-03 19:52:59.000000000 ET,,,,,1791071637000000000,2026-10-03 19:53:57.000000000 ET,,,,,,,,,10
2.0,cfb_20261003_uk_scar,aec-cfb-uk-sc-2026-10-03,vultr,outside coverage,1791071638,1791071639000000000,2026-10-03 19:53:59.000000000 ET,1,timeout,0.525,,0.875,1791071641000000000,2026-10-03 19:54:01.000000000 ET,,,,,1791071699000000000,2026-10-03 19:54:59.000000000 ET,,,,,,,,,10
2.0,cfb_20261003_uk_scar,aec-cfb-uk-sc-2026-10-03,vultr,outside coverage,1791071724,1791071725000000000,2026-10-03 19:55:25.000000000 ET,1,timeout,0.6599999999999999,,0.875,1791071727000000000,2026-10-03 19:55:27.000000000 ET,,,,,1791071785000000000,2026-10-03 19:56:25.000000000 ET,,,,,,,,,10
2.0,cfb_20261003_uk_scar,aec-cfb-uk-sc-2026-10-03,vultr,outside coverage,1791071838,1791071839000000000,2026-10-03 19:57:19.000000000 ET,-1,timeout,0.665,,0.875,1791071841000000000,2026-10-03 19:57:21.000000000 ET,,,,,1791071899000000000,2026-10-03 19:58:19.000000000 ET,,,,,,,,,10
2.0,cfb_20261003_uk_scar,aec-cfb-uk-sc-2026-10-03,vultr,outside coverage,1791072073,1791072074000000000,2026-10-03 20:01:14.000000000 ET,-1,timeout,0.56,,0.875,1791072076000000000,2026-10-03 20:01:16.000000000 ET,,,,,1791072134000000000,2026-10-03 20:02:14.000000000 ET,,,,,,,,,10
2.0,cfb_20261003_uk_scar,aec-cfb-uk-sc-2026-10-03,vultr,outside coverage,1791072134,1791072135000000000,2026-10-03 20:02:15.000000000 ET,-1,timeout,0.05500000000000001,,0.875,1791072137000000000,2026-10-03 20:02:17.000000000 ET,,,,,1791072195000000000,2026-10-03 20:03:15.000000000 ET,,,,,,,,,10
5.0,cfb_20261003_uk_scar,aec-cfb-uk-sc-2026-10-03,vultr,outside coverage,1791062407,1791062408000000000,2026-10-03 17:20:08.000000000 ET,-1,timeout,0.84,0.875,0.875,1791062413000000000,2026-10-03 17:20:13.000000000 ET,,,,,1791062468000000000,2026-10-03 17:21:08.000000000 ET,,,,,,,,,10
5.0,cfb_20261003_uk_scar,aec-cfb-uk-sc-2026-10-03,vultr,outside coverage,1791063654,1791063655000000000,2026-10-03 17:40:55.000000000 ET,-1,timeout,0.755,,0.875,1791063660000000000,2026-10-03 17:41:00.000000000 ET,,,,,1791063715000000000,2026-10-03 17:41:55.000000000 ET,,,,,,,,,10
5.0,cfb_20261003_uk_scar,aec-cfb-uk-sc-2026-10-03,vultr,outside coverage,1791064475,1791064476000000000,2026-10-03 17:54:36.000000000 ET,1,timeout,0.815,,0.875,1791064481000000000,2026-10-03 17:54:41.000000000 ET,,,,,1791064536000000000,2026-10-03 17:55:36.000000000 ET,,,,,,,,,10
5.0,cfb_20261003_uk_scar,aec-cfb-uk-sc-2026-10-03,vultr,outside coverage,1791065931,1791065932000000000,2026-10-03 18:18:52.000000000 ET,-1,timeout,0.725,,0.875,1791065937000000000,2026-10-03 18:18:57.000000000 ET,,,,,1791065992000000000,2026-10-03 18:19:52.000000000 ET,,,,,,,,,10
5.0,cfb_20261003_uk_scar,aec-cfb-uk-sc-2026-10-03,vultr,outside coverage,1791066412,1791066413000000000,2026-10-03 18:26:53.000000000 ET,-1,timeout,0.555,,0.875,1791066418000000000,2026-10-03 18:26:58.000000000 ET,,,,,1791066473000000000,2026-10-03 18:27:53.000000000 ET,,,,,,,,,10
5.0,cfb_20261003_uk_scar,aec-cfb-uk-sc-2026-10-03,vultr,outside coverage,1791066764,1791066765000000000,2026-10-03 18:32:45.000000000 ET,-1,timeout,0.51,,0.875,1791066770000000000,2026-10-03 18:32:50.000000000 ET,,,,,1791066825000000000,2026-10-03 18:33:45.000000000 ET,,,,,,,,,10
5.0,cfb_20261003_uk_scar,aec-cfb-uk-sc-2026-10-03,vultr,outside coverage,1791066838,1791066839000000000,2026-10-03 18:33:59.000000000 ET,1,timeout,0.565,,0.875,1791066844000000000,2026-10-03 18:34:04.000000000 ET,,,,,1791066899000000000,2026-10-03 18:34:59.000000000 ET,,,,,,,,,10
5.0,cfb_20261003_uk_scar,aec-cfb-uk-sc-2026-10-03,vultr,outside coverage,1791067170,1791067171000000000,2026-10-03 18:39:31.000000000 ET,-1,timeout,0.56,,0.875,1791067176000000000,2026-10-03 18:39:36.000000000 ET,,,,,1791067231000000000,2026-10-03 18:40:31.000000000 ET,,,,,,,,,10
5.0,cfb_20261003_uk_scar,aec-cfb-uk-sc-2026-10-03,vultr,outside coverage,1791067283,1791067284000000000,2026-10-03 18:41:24.000000000 ET,1,timeout,0.665,,0.875,1791067289000000000,2026-10-03 18:41:29.000000000 ET,,,,,1791067344000000000,2026-10-03 18:42:24.000000000 ET,,,,,,,,,10
5.0,cfb_20261003_uk_scar,aec-cfb-uk-sc-2026-10-03,vultr,outside coverage,1791067474,1791067475000000000,2026-10-03 18:44:35.000000000 ET,-1,timeout,0.595,,0.875,1791067480000000000,2026-10-03 18:44:40.000000000 ET,,,,,1791067535000000000,2026-10-03 18:45:35.000000000 ET,,,,,,,,,10
5.0,cfb_20261003_uk_scar,aec-cfb-uk-sc-2026-10-03,vultr,outside coverage,1791067688,1791067689000000000,2026-10-03 18:48:09.000000000 ET,1,timeout,0.565,,0.875,1791067694000000000,2026-10-03 18:48:14.000000000 ET,,,,,1791067749000000000,2026-10-03 18:49:09.000000000 ET,,,,,,,,,10
5.0,cfb_20261003_uk_scar,aec-cfb-uk-sc-2026-10-03,vultr,outside coverage,1791067765,1791067766000000000,2026-10-03 18:49:26.000000000 ET,-1,timeout,0.37,,0.875,1791067771000000000,2026-10-03 18:49:31.000000000 ET,,,,,1791067826000000000,2026-10-03 18:50:26.000000000 ET,,,,,,,,,10
5.0,cfb_20261003_uk_scar,aec-cfb-uk-sc-2026-10-03,vultr,outside coverage,1791067968,1791067969000000000,2026-10-03 18:52:49.000000000 ET,1,timeout,0.425,,0.875,1791067974000000000,2026-10-03 18:52:54.000000000 ET,,,,,1791068029000000000,2026-10-03 18:53:49.000000000 ET,,,,,,,,,10
5.0,cfb_20261003_uk_scar,aec-cfb-uk-sc-2026-10-03,vultr,outside coverage,1791068260,1791068261000000000,2026-10-03 18:57:41.000000000 ET,-1,timeout,0.295,,0.875,1791068266000000000,2026-10-03 18:57:46.000000000 ET,,,,,1791068321000000000,2026-10-03 18:58:41.000000000 ET,,,,,,,,,10
5.0,cfb_20261003_uk_scar,aec-cfb-uk-sc-2026-10-03,vultr,outside coverage,1791068354,1791068355000000000,2026-10-03 18:59:15.000000000 ET,1,timeout,0.565,,0.875,1791068360000000000,2026-10-03 18:59:20.000000000 ET,,,,,1791068415000000000,2026-10-03 19:00:15.000000000 ET,,,,,,,,,10
5.0,cfb_20261003_uk_scar,aec-cfb-uk-sc-2026-10-03,vultr,outside coverage,1791068422,1791068423000000000,2026-10-03 19:00:23.000000000 ET,1,timeout,0.515,,0.875,1791068428000000000,2026-10-03 19:00:28.000000000 ET,,,,,1791068483000000000,2026-10-03 19:01:23.000000000 ET,,,,,,,,,10
5.0,cfb_20261003_uk_scar,aec-cfb-uk-sc-2026-10-03,vultr,outside coverage,1791068515,1791068516000000000,2026-10-03 19:01:56.000000000 ET,1,timeout,0.49,,0.875,1791068521000000000,2026-10-03 19:02:01.000000000 ET,,,,,1791068576000000000,2026-10-03 19:02:56.000000000 ET,,,,,,,,,10
5.0,cfb_20261003_uk_scar,aec-cfb-uk-sc-2026-10-03,vultr,outside coverage,1791068813,1791068814000000000,2026-10-03 19:06:54.000000000 ET,1,timeout,0.615,,0.875,1791068819000000000,2026-10-03 19:06:59.000000000 ET,,,,,1791068874000000000,2026-10-03 19:07:54.000000000 ET,,,,,,,,,10
5.0,cfb_20261003_uk_scar,aec-cfb-uk-sc-2026-10-03,vultr,outside coverage,1791068893,1791068894000000000,2026-10-03 19:08:14.000000000 ET,1,timeout,0.605,,0.875,1791068899000000000,2026-10-03 19:08:19.000000000 ET,,,,,1791068954000000000,2026-10-03 19:09:14.000000000 ET,,,,,,,,,10
5.0,cfb_20261003_uk_scar,aec-cfb-uk-sc-2026-10-03,vultr,outside coverage,1791069299,1791069300000000000,2026-10-03 19:15:00.000000000 ET,1,timeout,0.755,,0.875,1791069305000000000,2026-10-03 19:15:05.000000000 ET,,,,,1791069360000000000,2026-10-03 19:16:00.000000000 ET,,,,,,,,,10
5.0,cfb_20261003_uk_scar,aec-cfb-uk-sc-2026-10-03,vultr,outside coverage,1791069649,1791069650000000000,2026-10-03 19:20:50.000000000 ET,-1,timeout,0.7,,0.875,1791069655000000000,2026-10-03 19:20:55.000000000 ET,,,,,1791069710000000000,2026-10-03 19:21:50.000000000 ET,,,,,,,,,10
5.0,cfb_20261003_uk_scar,aec-cfb-uk-sc-2026-10-03,vultr,outside coverage,1791069755,1791069756000000000,2026-10-03 19:22:36.000000000 ET,1,timeout,0.66,,0.875,1791069761000000000,2026-10-03 19:22:41.000000000 ET,,,,,1791069816000000000,2026-10-03 19:23:36.000000000 ET,,,,,,,,,10
5.0,cfb_20261003_uk_scar,aec-cfb-uk-sc-2026-10-03,vultr,outside coverage,1791069821,1791069822000000000,2026-10-03 19:23:42.000000000 ET,-1,timeout,0.515,,0.875,1791069827000000000,2026-10-03 19:23:47.000000000 ET,,,,,1791069882000000000,2026-10-03 19:24:42.000000000 ET,,,,,,,,,10
5.0,cfb_20261003_uk_scar,aec-cfb-uk-sc-2026-10-03,vultr,outside coverage,1791069935,1791069936000000000,2026-10-03 19:25:36.000000000 ET,-1,timeout,0.425,,0.875,1791069941000000000,2026-10-03 19:25:41.000000000 ET,,,,,1791069996000000000,2026-10-03 19:26:36.000000000 ET,,,,,,,,,10
5.0,cfb_20261003_uk_scar,aec-cfb-uk-sc-2026-10-03,vultr,outside coverage,1791070011,1791070012000000000,2026-10-03 19:26:52.000000000 ET,1,timeout,0.445,,0.875,1791070017000000000,2026-10-03 19:26:57.000000000 ET,,,,,1791070072000000000,2026-10-03 19:27:52.000000000 ET,,,,,,,,,10
5.0,cfb_20261003_uk_scar,aec-cfb-uk-sc-2026-10-03,vultr,outside coverage,1791070089,1791070090000000000,2026-10-03 19:28:10.000000000 ET,1,timeout,0.545,,0.875,1791070095000000000,2026-10-03 19:28:15.000000000 ET,,,,,1791070150000000000,2026-10-03 19:29:10.000000000 ET,,,,,,,,,10
5.0,cfb_20261003_uk_scar,aec-cfb-uk-sc-2026-10-03,vultr,outside coverage,1791070248,1791070249000000000,2026-10-03 19:30:49.000000000 ET,-1,timeout,0.485,,0.875,1791070254000000000,2026-10-03 19:30:54.000000000 ET,,,,,1791070309000000000,2026-10-03 19:31:49.000000000 ET,,,,,,,,,10
5.0,cfb_20261003_uk_scar,aec-cfb-uk-sc-2026-10-03,vultr,outside coverage,1791070344,1791070345000000000,2026-10-03 19:32:25.000000000 ET,1,timeout,0.615,,0.875,1791070350000000000,2026-10-03 19:32:30.000000000 ET,,,,,1791070405000000000,2026-10-03 19:33:25.000000000 ET,,,,,,,,,10
5.0,cfb_20261003_uk_scar,aec-cfb-uk-sc-2026-10-03,vultr,outside coverage,1791070680,1791070681000000000,2026-10-03 19:38:01.000000000 ET,-1,timeout,0.375,,0.875,1791070686000000000,2026-10-03 19:38:06.000000000 ET,,,,,1791070741000000000,2026-10-03 19:39:01.000000000 ET,,,,,,,,,10
5.0,cfb_20261003_uk_scar,aec-cfb-uk-sc-2026-10-03,vultr,outside coverage,1791070751,1791070752000000000,2026-10-03 19:39:12.000000000 ET,-1,timeout,0.295,,0.875,1791070757000000000,2026-10-03 19:39:17.000000000 ET,,,,,1791070812000000000,2026-10-03 19:40:12.000000000 ET,,,,,,,,,10
5.0,cfb_20261003_uk_scar,aec-cfb-uk-sc-2026-10-03,vultr,outside coverage,1791070855,1791070856000000000,2026-10-03 19:40:56.000000000 ET,1,timeout,0.295,,0.875,1791070861000000000,2026-10-03 19:41:01.000000000 ET,,,,,1791070916000000000,2026-10-03 19:41:56.000000000 ET,,,,,,,,,10
5.0,cfb_20261003_uk_scar,aec-cfb-uk-sc-2026-10-03,vultr,outside coverage,1791070930,1791070931000000000,2026-10-03 19:42:11.000000000 ET,1,timeout,0.32,,0.875,1791070936000000000,2026-10-03 19:42:16.000000000 ET,,,,,1791070991000000000,2026-10-03 19:43:11.000000000 ET,,,,,,,,,10
5.0,cfb_20261003_uk_scar,aec-cfb-uk-sc-2026-10-03,vultr,outside coverage,1791070997,1791070998000000000,2026-10-03 19:43:18.000000000 ET,1,timeout,0.295,,0.875,1791071003000000000,2026-10-03 19:43:23.000000000 ET,,,,,1791071058000000000,2026-10-03 19:44:18.000000000 ET,,,,,,,,,10
5.0,cfb_20261003_uk_scar,aec-cfb-uk-sc-2026-10-03,vultr,outside coverage,1791071118,1791071119000000000,2026-10-03 19:45:19.000000000 ET,1,timeout,0.365,,0.875,1791071124000000000,2026-10-03 19:45:24.000000000 ET,,,,,1791071179000000000,2026-10-03 19:46:19.000000000 ET,,,,,,,,,10
5.0,cfb_20261003_uk_scar,aec-cfb-uk-sc-2026-10-03,vultr,outside coverage,1791071212,1791071213000000000,2026-10-03 19:46:53.000000000 ET,-1,timeout,0.225,,0.875,1791071218000000000,2026-10-03 19:46:58.000000000 ET,,,,,1791071273000000000,2026-10-03 19:47:53.000000000 ET,,,,,,,,,10
5.0,cfb_20261003_uk_scar,aec-cfb-uk-sc-2026-10-03,vultr,outside coverage,1791071576,1791071577000000000,2026-10-03 19:52:57.000000000 ET,-1,timeout,0.4,,0.875,1791071582000000000,2026-10-03 19:53:02.000000000 ET,,,,,1791071637000000000,2026-10-03 19:53:57.000000000 ET,,,,,,,,,10
5.0,cfb_20261003_uk_scar,aec-cfb-uk-sc-2026-10-03,vultr,outside coverage,1791071638,1791071639000000000,2026-10-03 19:53:59.000000000 ET,1,timeout,0.525,,0.875,1791071644000000000,2026-10-03 19:54:04.000000000 ET,,,,,1791071699000000000,2026-10-03 19:54:59.000000000 ET,,,,,,,,,10
5.0,cfb_20261003_uk_scar,aec-cfb-uk-sc-2026-10-03,vultr,outside coverage,1791071724,1791071725000000000,2026-10-03 19:55:25.000000000 ET,1,timeout,0.6599999999999999,,0.875,1791071730000000000,2026-10-03 19:55:30.000000000 ET,,,,,1791071785000000000,2026-10-03 19:56:25.000000000 ET,,,,,,,,,10
5.0,cfb_20261003_uk_scar,aec-cfb-uk-sc-2026-10-03,vultr,outside coverage,1791071838,1791071839000000000,2026-10-03 19:57:19.000000000 ET,-1,timeout,0.665,,0.875,1791071844000000000,2026-10-03 19:57:24.000000000 ET,,,,,1791071899000000000,2026-10-03 19:58:19.000000000 ET,,,,,,,,,10
5.0,cfb_20261003_uk_scar,aec-cfb-uk-sc-2026-10-03,vultr,outside coverage,1791072073,1791072074000000000,2026-10-03 20:01:14.000000000 ET,-1,timeout,0.56,,0.875,1791072079000000000,2026-10-03 20:01:19.000000000 ET,,,,,1791072134000000000,2026-10-03 20:02:14.000000000 ET,,,,,,,,,10
5.0,cfb_20261003_uk_scar,aec-cfb-uk-sc-2026-10-03,vultr,outside coverage,1791072134,1791072135000000000,2026-10-03 20:02:15.000000000 ET,-1,timeout,0.05500000000000001,,0.875,1791072140000000000,2026-10-03 20:02:20.000000000 ET,,,,,1791072195000000000,2026-10-03 20:03:15.000000000 ET,,,,,,,,,10
1.0,cfb_20261003_pur_ill,aec-cfb-pur-ill-2026-10-03,vultr,filled,1791059929,1791059930000000000,2026-10-03 16:38:50.000000000 ET,1,gap_closed,0.755,0.725,0.725,1791059931000000000,2026-10-03 16:38:51.000000000 ET,1791059944982892162,2026-10-03 16:39:04.982892288 ET,0.76,0.77,1791059931000000000,2026-10-03 16:38:51.000000000 ET,1791059944982892162,2026-10-03 16:39:04.982892288 ET,0.76,0.75,0.12,0.13,-0.45,-4.5,10
1.0,cfb_20261003_pur_ill,aec-cfb-pur-ill-2026-10-03,vultr,filled,1791060773,1791060774000000000,2026-10-03 16:52:54.000000000 ET,-1,gap_closed,0.7,0.73,0.73,1791060775000000000,2026-10-03 16:52:55.000000000 ET,1791060776383932657,2026-10-03 16:52:56.383932672 ET,0.705,0.695,1791060786000000000,2026-10-03 16:53:06.000000000 ET,1791060788106944001,2026-10-03 16:53:08.106944000 ET,0.7,0.71,0.15,0.14,-0.44,-4.4,10
1.0,cfb_20261003_pur_ill,aec-cfb-pur-ill-2026-10-03,vultr,filled,1791060786,1791060787000000000,2026-10-03 16:53:07.000000000 ET,1,gap_closed,0.725,0.69,0.69,1791060788000000000,2026-10-03 16:53:08.000000000 ET,1791060788106944001,2026-10-03 16:53:08.106944000 ET,0.7,0.71,1791060790000000000,2026-10-03 16:53:10.000000000 ET,1791060793990641357,2026-10-03 16:53:13.990641408 ET,0.695,0.685,0.14,0.15,-0.54,-5.4,10
1.0,cfb_20261003_pur_ill,aec-cfb-pur-ill-2026-10-03,vultr,filled,1791060958,1791060959000000000,2026-10-03 16:55:59.000000000 ET,-1,gap_closed,0.59,0.645,0.645,1791060960000000000,2026-10-03 16:56:00.000000000 ET,1791060972036706055,2026-10-03 16:56:12.036706048 ET,0.585,0.575,1791060973000000000,2026-10-03 16:56:13.000000000 ET,1791060975358141402,2026-10-03 16:56:15.358141440 ET,0.555,0.565,0.17,0.17,-0.24,-2.4,10
1.0,cfb_20261003_pur_ill,aec-cfb-pur-ill-2026-10-03,vultr,outside coverage,1791061496,1791061497000000000,2026-10-03 17:04:57.000000000 ET,-1,timeout,0.595,0.645,0.645,1791061498000000000,2026-10-03 17:04:58.000000000 ET,,,,,1791061557000000000,2026-10-03 17:05:57.000000000 ET,,,,,,,,,10
1.0,cfb_20261003_pur_ill,aec-cfb-pur-ill-2026-10-03,vultr,outside coverage,1791061638,1791061639000000000,2026-10-03 17:07:19.000000000 ET,-1,timeout,0.545,0.645,0.645,1791061640000000000,2026-10-03 17:07:20.000000000 ET,,,,,1791061699000000000,2026-10-03 17:08:19.000000000 ET,,,,,,,,,10
1.0,cfb_20261003_pur_ill,aec-cfb-pur-ill-2026-10-03,vultr,outside coverage,1791062030,1791062031000000000,2026-10-03 17:13:51.000000000 ET,-1,timeout,0.475,0.645,0.645,1791062032000000000,2026-10-03 17:13:52.000000000 ET,,,,,1791062091000000000,2026-10-03 17:14:51.000000000 ET,,,,,,,,,10
1.0,cfb_20261003_pur_ill,aec-cfb-pur-ill-2026-10-03,vultr,outside coverage,1791064635,1791064636000000000,2026-10-03 17:57:16.000000000 ET,1,timeout,0.545,,0.645,1791064637000000000,2026-10-03 17:57:17.000000000 ET,,,,,1791064696000000000,2026-10-03 17:58:16.000000000 ET,,,,,,,,,10
1.0,cfb_20261003_pur_ill,aec-cfb-pur-ill-2026-10-03,vultr,outside coverage,1791064771,1791064772000000000,2026-10-03 17:59:32.000000000 ET,-1,timeout,0.495,,0.645,1791064773000000000,2026-10-03 17:59:33.000000000 ET,,,,,1791064832000000000,2026-10-03 18:00:32.000000000 ET,,,,,,,,,10
1.0,cfb_20261003_pur_ill,aec-cfb-pur-ill-2026-10-03,vultr,outside coverage,1791065147,1791065148000000000,2026-10-03 18:05:48.000000000 ET,-1,timeout,0.43,,0.645,1791065149000000000,2026-10-03 18:05:49.000000000 ET,,,,,1791065208000000000,2026-10-03 18:06:48.000000000 ET,,,,,,,,,10
1.0,cfb_20261003_pur_ill,aec-cfb-pur-ill-2026-10-03,vultr,outside coverage,1791065267,1791065268000000000,2026-10-03 18:07:48.000000000 ET,-1,timeout,0.375,,0.645,1791065269000000000,2026-10-03 18:07:49.000000000 ET,,,,,1791065328000000000,2026-10-03 18:08:48.000000000 ET,,,,,,,,,10
1.0,cfb_20261003_pur_ill,aec-cfb-pur-ill-2026-10-03,vultr,outside coverage,1791065382,1791065383000000000,2026-10-03 18:09:43.000000000 ET,-1,timeout,0.365,,0.645,1791065384000000000,2026-10-03 18:09:44.000000000 ET,,,,,1791065443000000000,2026-10-03 18:10:43.000000000 ET,,,,,,,,,10
1.0,cfb_20261003_pur_ill,aec-cfb-pur-ill-2026-10-03,vultr,outside coverage,1791065487,1791065488000000000,2026-10-03 18:11:28.000000000 ET,1,timeout,0.335,,0.645,1791065489000000000,2026-10-03 18:11:29.000000000 ET,,,,,1791065548000000000,2026-10-03 18:12:28.000000000 ET,,,,,,,,,10
1.0,cfb_20261003_pur_ill,aec-cfb-pur-ill-2026-10-03,vultr,outside coverage,1791066024,1791066025000000000,2026-10-03 18:20:25.000000000 ET,1,timeout,0.41000000000000003,,0.645,1791066026000000000,2026-10-03 18:20:26.000000000 ET,,,,,1791066085000000000,2026-10-03 18:21:25.000000000 ET,,,,,,,,,10
1.0,cfb_20261003_pur_ill,aec-cfb-pur-ill-2026-10-03,vultr,outside coverage,1791066234,1791066235000000000,2026-10-03 18:23:55.000000000 ET,-1,timeout,0.335,,0.645,1791066236000000000,2026-10-03 18:23:56.000000000 ET,,,,,1791066295000000000,2026-10-03 18:24:55.000000000 ET,,,,,,,,,10
1.0,cfb_20261003_pur_ill,aec-cfb-pur-ill-2026-10-03,vultr,outside coverage,1791066683,1791066684000000000,2026-10-03 18:31:24.000000000 ET,1,timeout,0.275,,0.645,1791066685000000000,2026-10-03 18:31:25.000000000 ET,,,,,1791066744000000000,2026-10-03 18:32:24.000000000 ET,,,,,,,,,10
1.0,cfb_20261003_pur_ill,aec-cfb-pur-ill-2026-10-03,vultr,outside coverage,1791067051,1791067052000000000,2026-10-03 18:37:32.000000000 ET,1,timeout,0.385,,0.645,1791067053000000000,2026-10-03 18:37:33.000000000 ET,,,,,1791067112000000000,2026-10-03 18:38:32.000000000 ET,,,,,,,,,10
1.0,cfb_20261003_pur_ill,aec-cfb-pur-ill-2026-10-03,vultr,outside coverage,1791067129,1791067130000000000,2026-10-03 18:38:50.000000000 ET,1,timeout,0.46499999999999997,,0.645,1791067131000000000,2026-10-03 18:38:51.000000000 ET,,,,,1791067190000000000,2026-10-03 18:39:50.000000000 ET,,,,,,,,,10
1.0,cfb_20261003_pur_ill,aec-cfb-pur-ill-2026-10-03,vultr,outside coverage,1791067467,1791067468000000000,2026-10-03 18:44:28.000000000 ET,-1,timeout,0.255,,0.645,1791067469000000000,2026-10-03 18:44:29.000000000 ET,,,,,1791067528000000000,2026-10-03 18:45:28.000000000 ET,,,,,,,,,10
1.0,cfb_20261003_pur_ill,aec-cfb-pur-ill-2026-10-03,vultr,outside coverage,1791067921,1791067922000000000,2026-10-03 18:52:02.000000000 ET,-1,timeout,0.195,,0.645,1791067923000000000,2026-10-03 18:52:03.000000000 ET,,,,,1791067982000000000,2026-10-03 18:53:02.000000000 ET,,,,,,,,,10
1.0,cfb_20261003_pur_ill,aec-cfb-pur-ill-2026-10-03,vultr,outside coverage,1791068060,1791068061000000000,2026-10-03 18:54:21.000000000 ET,-1,timeout,0.185,,0.645,1791068062000000000,2026-10-03 18:54:22.000000000 ET,,,,,1791068121000000000,2026-10-03 18:55:21.000000000 ET,,,,,,,,,10
1.0,cfb_20261003_pur_ill,aec-cfb-pur-ill-2026-10-03,vultr,outside coverage,1791068254,1791068255000000000,2026-10-03 18:57:35.000000000 ET,-1,timeout,0.215,,0.645,1791068256000000000,2026-10-03 18:57:36.000000000 ET,,,,,1791068315000000000,2026-10-03 18:58:35.000000000 ET,,,,,,,,,10
1.0,cfb_20261003_pur_ill,aec-cfb-pur-ill-2026-10-03,vultr,outside coverage,1791068366,1791068367000000000,2026-10-03 18:59:27.000000000 ET,-1,timeout,0.175,,0.645,1791068368000000000,2026-10-03 18:59:28.000000000 ET,,,,,1791068427000000000,2026-10-03 19:00:27.000000000 ET,,,,,,,,,10
1.0,cfb_20261003_pur_ill,aec-cfb-pur-ill-2026-10-03,vultr,outside coverage,1791068493,1791068494000000000,2026-10-03 19:01:34.000000000 ET,-1,timeout,0.08499999999999999,,0.645,1791068495000000000,2026-10-03 19:01:35.000000000 ET,,,,,1791068554000000000,2026-10-03 19:02:34.000000000 ET,,,,,,,,,10
2.0,cfb_20261003_pur_ill,aec-cfb-pur-ill-2026-10-03,vultr,filled,1791059929,1791059930000000000,2026-10-03 16:38:50.000000000 ET,1,gap_closed,0.755,0.725,0.725,1791059932000000000,2026-10-03 16:38:52.000000000 ET,1791059944982892162,2026-10-03 16:39:04.982892288 ET,0.76,0.77,1791059931000000000,2026-10-03 16:38:51.000000000 ET,1791059944982892162,2026-10-03 16:39:04.982892288 ET,0.76,0.75,0.12,0.13,-0.45,-4.5,10
2.0,cfb_20261003_pur_ill,aec-cfb-pur-ill-2026-10-03,vultr,filled,1791060773,1791060774000000000,2026-10-03 16:52:54.000000000 ET,-1,gap_closed,0.7,0.73,0.73,1791060776000000000,2026-10-03 16:52:56.000000000 ET,1791060776383932657,2026-10-03 16:52:56.383932672 ET,0.705,0.695,1791060786000000000,2026-10-03 16:53:06.000000000 ET,1791060788106944001,2026-10-03 16:53:08.106944000 ET,0.7,0.71,0.15,0.14,-0.44,-4.4,10
2.0,cfb_20261003_pur_ill,aec-cfb-pur-ill-2026-10-03,vultr,filled,1791060786,1791060787000000000,2026-10-03 16:53:07.000000000 ET,1,gap_closed,0.725,0.69,0.69,1791060789000000000,2026-10-03 16:53:09.000000000 ET,1791060789531197478,2026-10-03 16:53:09.531197440 ET,0.7,0.71,1791060790000000000,2026-10-03 16:53:10.000000000 ET,1791060793990641357,2026-10-03 16:53:13.990641408 ET,0.695,0.685,0.14,0.15,-0.54,-5.4,10
2.0,cfb_20261003_pur_ill,aec-cfb-pur-ill-2026-10-03,vultr,filled,1791060958,1791060959000000000,2026-10-03 16:55:59.000000000 ET,-1,gap_closed,0.59,0.645,0.645,1791060961000000000,2026-10-03 16:56:01.000000000 ET,1791060972036706055,2026-10-03 16:56:12.036706048 ET,0.585,0.575,1791060973000000000,2026-10-03 16:56:13.000000000 ET,1791060975358141402,2026-10-03 16:56:15.358141440 ET,0.555,0.565,0.17,0.17,-0.24,-2.4,10
2.0,cfb_20261003_pur_ill,aec-cfb-pur-ill-2026-10-03,vultr,outside coverage,1791061496,1791061497000000000,2026-10-03 17:04:57.000000000 ET,-1,timeout,0.595,0.645,0.645,1791061499000000000,2026-10-03 17:04:59.000000000 ET,,,,,1791061557000000000,2026-10-03 17:05:57.000000000 ET,,,,,,,,,10
2.0,cfb_20261003_pur_ill,aec-cfb-pur-ill-2026-10-03,vultr,outside coverage,1791061638,1791061639000000000,2026-10-03 17:07:19.000000000 ET,-1,timeout,0.545,0.645,0.645,1791061641000000000,2026-10-03 17:07:21.000000000 ET,,,,,1791061699000000000,2026-10-03 17:08:19.000000000 ET,,,,,,,,,10
2.0,cfb_20261003_pur_ill,aec-cfb-pur-ill-2026-10-03,vultr,outside coverage,1791062030,1791062031000000000,2026-10-03 17:13:51.000000000 ET,-1,timeout,0.475,0.645,0.645,1791062033000000000,2026-10-03 17:13:53.000000000 ET,,,,,1791062091000000000,2026-10-03 17:14:51.000000000 ET,,,,,,,,,10
2.0,cfb_20261003_pur_ill,aec-cfb-pur-ill-2026-10-03,vultr,outside coverage,1791064635,1791064636000000000,2026-10-03 17:57:16.000000000 ET,1,timeout,0.545,,0.645,1791064638000000000,2026-10-03 17:57:18.000000000 ET,,,,,1791064696000000000,2026-10-03 17:58:16.000000000 ET,,,,,,,,,10
2.0,cfb_20261003_pur_ill,aec-cfb-pur-ill-2026-10-03,vultr,outside coverage,1791064771,1791064772000000000,2026-10-03 17:59:32.000000000 ET,-1,timeout,0.495,,0.645,1791064774000000000,2026-10-03 17:59:34.000000000 ET,,,,,1791064832000000000,2026-10-03 18:00:32.000000000 ET,,,,,,,,,10
2.0,cfb_20261003_pur_ill,aec-cfb-pur-ill-2026-10-03,vultr,outside coverage,1791065147,1791065148000000000,2026-10-03 18:05:48.000000000 ET,-1,timeout,0.43,,0.645,1791065150000000000,2026-10-03 18:05:50.000000000 ET,,,,,1791065208000000000,2026-10-03 18:06:48.000000000 ET,,,,,,,,,10
2.0,cfb_20261003_pur_ill,aec-cfb-pur-ill-2026-10-03,vultr,outside coverage,1791065267,1791065268000000000,2026-10-03 18:07:48.000000000 ET,-1,timeout,0.375,,0.645,1791065270000000000,2026-10-03 18:07:50.000000000 ET,,,,,1791065328000000000,2026-10-03 18:08:48.000000000 ET,,,,,,,,,10
2.0,cfb_20261003_pur_ill,aec-cfb-pur-ill-2026-10-03,vultr,outside coverage,1791065382,1791065383000000000,2026-10-03 18:09:43.000000000 ET,-1,timeout,0.365,,0.645,1791065385000000000,2026-10-03 18:09:45.000000000 ET,,,,,1791065443000000000,2026-10-03 18:10:43.000000000 ET,,,,,,,,,10
2.0,cfb_20261003_pur_ill,aec-cfb-pur-ill-2026-10-03,vultr,outside coverage,1791065487,1791065488000000000,2026-10-03 18:11:28.000000000 ET,1,timeout,0.335,,0.645,1791065490000000000,2026-10-03 18:11:30.000000000 ET,,,,,1791065548000000000,2026-10-03 18:12:28.000000000 ET,,,,,,,,,10
2.0,cfb_20261003_pur_ill,aec-cfb-pur-ill-2026-10-03,vultr,outside coverage,1791066024,1791066025000000000,2026-10-03 18:20:25.000000000 ET,1,timeout,0.41000000000000003,,0.645,1791066027000000000,2026-10-03 18:20:27.000000000 ET,,,,,1791066085000000000,2026-10-03 18:21:25.000000000 ET,,,,,,,,,10
2.0,cfb_20261003_pur_ill,aec-cfb-pur-ill-2026-10-03,vultr,outside coverage,1791066234,1791066235000000000,2026-10-03 18:23:55.000000000 ET,-1,timeout,0.335,,0.645,1791066237000000000,2026-10-03 18:23:57.000000000 ET,,,,,1791066295000000000,2026-10-03 18:24:55.000000000 ET,,,,,,,,,10
2.0,cfb_20261003_pur_ill,aec-cfb-pur-ill-2026-10-03,vultr,outside coverage,1791066683,1791066684000000000,2026-10-03 18:31:24.000000000 ET,1,timeout,0.275,,0.645,1791066686000000000,2026-10-03 18:31:26.000000000 ET,,,,,1791066744000000000,2026-10-03 18:32:24.000000000 ET,,,,,,,,,10
2.0,cfb_20261003_pur_ill,aec-cfb-pur-ill-2026-10-03,vultr,outside coverage,1791067051,1791067052000000000,2026-10-03 18:37:32.000000000 ET,1,timeout,0.385,,0.645,1791067054000000000,2026-10-03 18:37:34.000000000 ET,,,,,1791067112000000000,2026-10-03 18:38:32.000000000 ET,,,,,,,,,10
2.0,cfb_20261003_pur_ill,aec-cfb-pur-ill-2026-10-03,vultr,outside coverage,1791067129,1791067130000000000,2026-10-03 18:38:50.000000000 ET,1,timeout,0.46499999999999997,,0.645,1791067132000000000,2026-10-03 18:38:52.000000000 ET,,,,,1791067190000000000,2026-10-03 18:39:50.000000000 ET,,,,,,,,,10
2.0,cfb_20261003_pur_ill,aec-cfb-pur-ill-2026-10-03,vultr,outside coverage,1791067467,1791067468000000000,2026-10-03 18:44:28.000000000 ET,-1,timeout,0.255,,0.645,1791067470000000000,2026-10-03 18:44:30.000000000 ET,,,,,1791067528000000000,2026-10-03 18:45:28.000000000 ET,,,,,,,,,10
2.0,cfb_20261003_pur_ill,aec-cfb-pur-ill-2026-10-03,vultr,outside coverage,1791067921,1791067922000000000,2026-10-03 18:52:02.000000000 ET,-1,timeout,0.195,,0.645,1791067924000000000,2026-10-03 18:52:04.000000000 ET,,,,,1791067982000000000,2026-10-03 18:53:02.000000000 ET,,,,,,,,,10
2.0,cfb_20261003_pur_ill,aec-cfb-pur-ill-2026-10-03,vultr,outside coverage,1791068060,1791068061000000000,2026-10-03 18:54:21.000000000 ET,-1,timeout,0.185,,0.645,1791068063000000000,2026-10-03 18:54:23.000000000 ET,,,,,1791068121000000000,2026-10-03 18:55:21.000000000 ET,,,,,,,,,10
2.0,cfb_20261003_pur_ill,aec-cfb-pur-ill-2026-10-03,vultr,outside coverage,1791068254,1791068255000000000,2026-10-03 18:57:35.000000000 ET,-1,timeout,0.215,,0.645,1791068257000000000,2026-10-03 18:57:37.000000000 ET,,,,,1791068315000000000,2026-10-03 18:58:35.000000000 ET,,,,,,,,,10
2.0,cfb_20261003_pur_ill,aec-cfb-pur-ill-2026-10-03,vultr,outside coverage,1791068366,1791068367000000000,2026-10-03 18:59:27.000000000 ET,-1,timeout,0.175,,0.645,1791068369000000000,2026-10-03 18:59:29.000000000 ET,,,,,1791068427000000000,2026-10-03 19:00:27.000000000 ET,,,,,,,,,10
2.0,cfb_20261003_pur_ill,aec-cfb-pur-ill-2026-10-03,vultr,outside coverage,1791068493,1791068494000000000,2026-10-03 19:01:34.000000000 ET,-1,timeout,0.08499999999999999,,0.645,1791068496000000000,2026-10-03 19:01:36.000000000 ET,,,,,1791068554000000000,2026-10-03 19:02:34.000000000 ET,,,,,,,,,10
5.0,cfb_20261003_pur_ill,aec-cfb-pur-ill-2026-10-03,vultr,filled,1791059929,1791059930000000000,2026-10-03 16:38:50.000000000 ET,1,gap_closed,0.755,0.725,0.725,1791059935000000000,2026-10-03 16:38:55.000000000 ET,1791059944982892162,2026-10-03 16:39:04.982892288 ET,0.76,0.77,1791059931000000000,2026-10-03 16:38:51.000000000 ET,1791059944982892162,2026-10-03 16:39:04.982892288 ET,0.76,0.75,0.12,0.13,-0.45,-4.5,10
5.0,cfb_20261003_pur_ill,aec-cfb-pur-ill-2026-10-03,vultr,filled,1791060773,1791060774000000000,2026-10-03 16:52:54.000000000 ET,-1,gap_closed,0.7,0.73,0.73,1791060779000000000,2026-10-03 16:52:59.000000000 ET,1791060785640751568,2026-10-03 16:53:05.640751616 ET,0.69,0.68,1791060786000000000,2026-10-03 16:53:06.000000000 ET,1791060788106944001,2026-10-03 16:53:08.106944000 ET,0.7,0.71,0.15,0.14,-0.59,-5.9,10
5.0,cfb_20261003_pur_ill,aec-cfb-pur-ill-2026-10-03,vultr,filled,1791060786,1791060787000000000,2026-10-03 16:53:07.000000000 ET,1,gap_closed,0.725,0.69,0.69,1791060792000000000,2026-10-03 16:53:12.000000000 ET,1791060793990641357,2026-10-03 16:53:13.990641408 ET,0.695,0.705,1791060790000000000,2026-10-03 16:53:10.000000000 ET,1791060793990641357,2026-10-03 16:53:13.990641408 ET,0.695,0.685,0.14,0.15,-0.49,-4.9,10
5.0,cfb_20261003_pur_ill,aec-cfb-pur-ill-2026-10-03,vultr,filled,1791060958,1791060959000000000,2026-10-03 16:55:59.000000000 ET,-1,gap_closed,0.59,0.645,0.645,1791060964000000000,2026-10-03 16:56:04.000000000 ET,1791060972036706055,2026-10-03 16:56:12.036706048 ET,0.585,0.575,1791060973000000000,2026-10-03 16:56:13.000000000 ET,1791060975358141402,2026-10-03 16:56:15.358141440 ET,0.555,0.565,0.17,0.17,-0.24,-2.4,10
5.0,cfb_20261003_pur_ill,aec-cfb-pur-ill-2026-10-03,vultr,outside coverage,1791061496,1791061497000000000,2026-10-03 17:04:57.000000000 ET,-1,timeout,0.595,0.645,0.645,1791061502000000000,2026-10-03 17:05:02.000000000 ET,,,,,1791061557000000000,2026-10-03 17:05:57.000000000 ET,,,,,,,,,10
5.0,cfb_20261003_pur_ill,aec-cfb-pur-ill-2026-10-03,vultr,outside coverage,1791061638,1791061639000000000,2026-10-03 17:07:19.000000000 ET,-1,timeout,0.545,0.645,0.645,1791061644000000000,2026-10-03 17:07:24.000000000 ET,,,,,1791061699000000000,2026-10-03 17:08:19.000000000 ET,,,,,,,,,10
5.0,cfb_20261003_pur_ill,aec-cfb-pur-ill-2026-10-03,vultr,outside coverage,1791062030,1791062031000000000,2026-10-03 17:13:51.000000000 ET,-1,timeout,0.475,0.645,0.645,1791062036000000000,2026-10-03 17:13:56.000000000 ET,,,,,1791062091000000000,2026-10-03 17:14:51.000000000 ET,,,,,,,,,10
5.0,cfb_20261003_pur_ill,aec-cfb-pur-ill-2026-10-03,vultr,outside coverage,1791064635,1791064636000000000,2026-10-03 17:57:16.000000000 ET,1,timeout,0.545,,0.645,1791064641000000000,2026-10-03 17:57:21.000000000 ET,,,,,1791064696000000000,2026-10-03 17:58:16.000000000 ET,,,,,,,,,10
5.0,cfb_20261003_pur_ill,aec-cfb-pur-ill-2026-10-03,vultr,outside coverage,1791064771,1791064772000000000,2026-10-03 17:59:32.000000000 ET,-1,timeout,0.495,,0.645,1791064777000000000,2026-10-03 17:59:37.000000000 ET,,,,,1791064832000000000,2026-10-03 18:00:32.000000000 ET,,,,,,,,,10
5.0,cfb_20261003_pur_ill,aec-cfb-pur-ill-2026-10-03,vultr,outside coverage,1791065147,1791065148000000000,2026-10-03 18:05:48.000000000 ET,-1,timeout,0.43,,0.645,1791065153000000000,2026-10-03 18:05:53.000000000 ET,,,,,1791065208000000000,2026-10-03 18:06:48.000000000 ET,,,,,,,,,10
5.0,cfb_20261003_pur_ill,aec-cfb-pur-ill-2026-10-03,vultr,outside coverage,1791065267,1791065268000000000,2026-10-03 18:07:48.000000000 ET,-1,timeout,0.375,,0.645,1791065273000000000,2026-10-03 18:07:53.000000000 ET,,,,,1791065328000000000,2026-10-03 18:08:48.000000000 ET,,,,,,,,,10
5.0,cfb_20261003_pur_ill,aec-cfb-pur-ill-2026-10-03,vultr,outside coverage,1791065382,1791065383000000000,2026-10-03 18:09:43.000000000 ET,-1,timeout,0.365,,0.645,1791065388000000000,2026-10-03 18:09:48.000000000 ET,,,,,1791065443000000000,2026-10-03 18:10:43.000000000 ET,,,,,,,,,10
5.0,cfb_20261003_pur_ill,aec-cfb-pur-ill-2026-10-03,vultr,outside coverage,1791065487,1791065488000000000,2026-10-03 18:11:28.000000000 ET,1,timeout,0.335,,0.645,1791065493000000000,2026-10-03 18:11:33.000000000 ET,,,,,1791065548000000000,2026-10-03 18:12:28.000000000 ET,,,,,,,,,10
5.0,cfb_20261003_pur_ill,aec-cfb-pur-ill-2026-10-03,vultr,outside coverage,1791066024,1791066025000000000,2026-10-03 18:20:25.000000000 ET,1,timeout,0.41000000000000003,,0.645,1791066030000000000,2026-10-03 18:20:30.000000000 ET,,,,,1791066085000000000,2026-10-03 18:21:25.000000000 ET,,,,,,,,,10
5.0,cfb_20261003_pur_ill,aec-cfb-pur-ill-2026-10-03,vultr,outside coverage,1791066234,1791066235000000000,2026-10-03 18:23:55.000000000 ET,-1,timeout,0.335,,0.645,1791066240000000000,2026-10-03 18:24:00.000000000 ET,,,,,1791066295000000000,2026-10-03 18:24:55.000000000 ET,,,,,,,,,10
5.0,cfb_20261003_pur_ill,aec-cfb-pur-ill-2026-10-03,vultr,outside coverage,1791066683,1791066684000000000,2026-10-03 18:31:24.000000000 ET,1,timeout,0.275,,0.645,1791066689000000000,2026-10-03 18:31:29.000000000 ET,,,,,1791066744000000000,2026-10-03 18:32:24.000000000 ET,,,,,,,,,10
5.0,cfb_20261003_pur_ill,aec-cfb-pur-ill-2026-10-03,vultr,outside coverage,1791067051,1791067052000000000,2026-10-03 18:37:32.000000000 ET,1,timeout,0.385,,0.645,1791067057000000000,2026-10-03 18:37:37.000000000 ET,,,,,1791067112000000000,2026-10-03 18:38:32.000000000 ET,,,,,,,,,10
5.0,cfb_20261003_pur_ill,aec-cfb-pur-ill-2026-10-03,vultr,outside coverage,1791067129,1791067130000000000,2026-10-03 18:38:50.000000000 ET,1,timeout,0.46499999999999997,,0.645,1791067135000000000,2026-10-03 18:38:55.000000000 ET,,,,,1791067190000000000,2026-10-03 18:39:50.000000000 ET,,,,,,,,,10
5.0,cfb_20261003_pur_ill,aec-cfb-pur-ill-2026-10-03,vultr,outside coverage,1791067467,1791067468000000000,2026-10-03 18:44:28.000000000 ET,-1,timeout,0.255,,0.645,1791067473000000000,2026-10-03 18:44:33.000000000 ET,,,,,1791067528000000000,2026-10-03 18:45:28.000000000 ET,,,,,,,,,10
5.0,cfb_20261003_pur_ill,aec-cfb-pur-ill-2026-10-03,vultr,outside coverage,1791067921,1791067922000000000,2026-10-03 18:52:02.000000000 ET,-1,timeout,0.195,,0.645,1791067927000000000,2026-10-03 18:52:07.000000000 ET,,,,,1791067982000000000,2026-10-03 18:53:02.000000000 ET,,,,,,,,,10
5.0,cfb_20261003_pur_ill,aec-cfb-pur-ill-2026-10-03,vultr,outside coverage,1791068060,1791068061000000000,2026-10-03 18:54:21.000000000 ET,-1,timeout,0.185,,0.645,1791068066000000000,2026-10-03 18:54:26.000000000 ET,,,,,1791068121000000000,2026-10-03 18:55:21.000000000 ET,,,,,,,,,10
5.0,cfb_20261003_pur_ill,aec-cfb-pur-ill-2026-10-03,vultr,outside coverage,1791068254,1791068255000000000,2026-10-03 18:57:35.000000000 ET,-1,timeout,0.215,,0.645,1791068260000000000,2026-10-03 18:57:40.000000000 ET,,,,,1791068315000000000,2026-10-03 18:58:35.000000000 ET,,,,,,,,,10
5.0,cfb_20261003_pur_ill,aec-cfb-pur-ill-2026-10-03,vultr,outside coverage,1791068366,1791068367000000000,2026-10-03 18:59:27.000000000 ET,-1,timeout,0.175,,0.645,1791068372000000000,2026-10-03 18:59:32.000000000 ET,,,,,1791068427000000000,2026-10-03 19:00:27.000000000 ET,,,,,,,,,10
5.0,cfb_20261003_pur_ill,aec-cfb-pur-ill-2026-10-03,vultr,outside coverage,1791068493,1791068494000000000,2026-10-03 19:01:34.000000000 ET,-1,timeout,0.08499999999999999,,0.645,1791068499000000000,2026-10-03 19:01:39.000000000 ET,,,,,1791068554000000000,2026-10-03 19:02:34.000000000 ET,,,,,,,,,10
1.0,cfb_20261003_aamu_jkst,aec-cfb-alaam-jackst-2026-10-03,vultr,outside coverage,1791065289,1791065290000000000,2026-10-03 18:08:10.000000000 ET,-1,timeout,0.48,,0.765,1791065291000000000,2026-10-03 18:08:11.000000000 ET,,,,,1791065350000000000,2026-10-03 18:09:10.000000000 ET,,,,,,,,,10
1.0,cfb_20261003_aamu_jkst,aec-cfb-alaam-jackst-2026-10-03,vultr,outside coverage,1791065354,1791065355000000000,2026-10-03 18:09:15.000000000 ET,-1,timeout,0.5,,0.765,1791065356000000000,2026-10-03 18:09:16.000000000 ET,,,,,1791065415000000000,2026-10-03 18:10:15.000000000 ET,,,,,,,,,10
1.0,cfb_20261003_aamu_jkst,aec-cfb-alaam-jackst-2026-10-03,vultr,outside coverage,1791065530,1791065531000000000,2026-10-03 18:12:11.000000000 ET,-1,timeout,0.385,,0.765,1791065532000000000,2026-10-03 18:12:12.000000000 ET,,,,,1791065591000000000,2026-10-03 18:13:11.000000000 ET,,,,,,,,,10
1.0,cfb_20261003_aamu_jkst,aec-cfb-alaam-jackst-2026-10-03,vultr,outside coverage,1791065810,1791065811000000000,2026-10-03 18:16:51.000000000 ET,1,timeout,0.44499999999999995,,0.765,1791065812000000000,2026-10-03 18:16:52.000000000 ET,,,,,1791065871000000000,2026-10-03 18:17:51.000000000 ET,,,,,,,,,10
1.0,cfb_20261003_aamu_jkst,aec-cfb-alaam-jackst-2026-10-03,vultr,outside coverage,1791068399,1791068400000000000,2026-10-03 19:00:00.000000000 ET,1,timeout,0.515,,0.765,1791068401000000000,2026-10-03 19:00:01.000000000 ET,,,,,1791068460000000000,2026-10-03 19:01:00.000000000 ET,,,,,,,,,10
1.0,cfb_20261003_aamu_jkst,aec-cfb-alaam-jackst-2026-10-03,vultr,outside coverage,1791068561,1791068562000000000,2026-10-03 19:02:42.000000000 ET,1,timeout,0.625,,0.765,1791068563000000000,2026-10-03 19:02:43.000000000 ET,,,,,1791068622000000000,2026-10-03 19:03:42.000000000 ET,,,,,,,,,10
1.0,cfb_20261003_aamu_jkst,aec-cfb-alaam-jackst-2026-10-03,vultr,outside coverage,1791069142,1791069143000000000,2026-10-03 19:12:23.000000000 ET,1,timeout,0.62,,0.765,1791069144000000000,2026-10-03 19:12:24.000000000 ET,,,,,1791069203000000000,2026-10-03 19:13:23.000000000 ET,,,,,,,,,10
1.0,cfb_20261003_aamu_jkst,aec-cfb-alaam-jackst-2026-10-03,vultr,outside coverage,1791070632,1791070633000000000,2026-10-03 19:37:13.000000000 ET,1,timeout,0.61,,0.765,1791070634000000000,2026-10-03 19:37:14.000000000 ET,,,,,1791070693000000000,2026-10-03 19:38:13.000000000 ET,,,,,,,,,10
1.0,cfb_20261003_aamu_jkst,aec-cfb-alaam-jackst-2026-10-03,vultr,outside coverage,1791070768,1791070769000000000,2026-10-03 19:39:29.000000000 ET,-1,timeout,0.56,,0.765,1791070770000000000,2026-10-03 19:39:30.000000000 ET,,,,,1791070829000000000,2026-10-03 19:40:29.000000000 ET,,,,,,,,,10
1.0,cfb_20261003_aamu_jkst,aec-cfb-alaam-jackst-2026-10-03,vultr,outside coverage,1791071246,1791071247000000000,2026-10-03 19:47:27.000000000 ET,-1,timeout,0.46499999999999997,,0.765,1791071248000000000,2026-10-03 19:47:28.000000000 ET,,,,,1791071307000000000,2026-10-03 19:48:27.000000000 ET,,,,,,,,,10
1.0,cfb_20261003_aamu_jkst,aec-cfb-alaam-jackst-2026-10-03,vultr,outside coverage,1791071687,1791071688000000000,2026-10-03 19:54:48.000000000 ET,1,timeout,0.3,,0.765,1791071689000000000,2026-10-03 19:54:49.000000000 ET,,,,,1791071748000000000,2026-10-03 19:55:48.000000000 ET,,,,,,,,,10
1.0,cfb_20261003_aamu_jkst,aec-cfb-alaam-jackst-2026-10-03,vultr,outside coverage,1791071835,1791071836000000000,2026-10-03 19:57:16.000000000 ET,-1,timeout,0.255,,0.765,1791071837000000000,2026-10-03 19:57:17.000000000 ET,,,,,1791071896000000000,2026-10-03 19:58:16.000000000 ET,,,,,,,,,10
1.0,cfb_20261003_aamu_jkst,aec-cfb-alaam-jackst-2026-10-03,vultr,outside coverage,1791072177,1791072178000000000,2026-10-03 20:02:58.000000000 ET,1,timeout,0.2,,0.765,1791072179000000000,2026-10-03 20:02:59.000000000 ET,,,,,1791072238000000000,2026-10-03 20:03:58.000000000 ET,,,,,,,,,10
1.0,cfb_20261003_aamu_jkst,aec-cfb-alaam-jackst-2026-10-03,vultr,outside coverage,1791072253,1791072254000000000,2026-10-03 20:04:14.000000000 ET,1,timeout,0.215,,0.765,1791072255000000000,2026-10-03 20:04:15.000000000 ET,,,,,1791072314000000000,2026-10-03 20:05:14.000000000 ET,,,,,,,,,10
1.0,cfb_20261003_aamu_jkst,aec-cfb-alaam-jackst-2026-10-03,vultr,outside coverage,1791072316,1791072317000000000,2026-10-03 20:05:17.000000000 ET,-1,timeout,0.24000000000000002,,0.765,1791072318000000000,2026-10-03 20:05:18.000000000 ET,,,,,1791072377000000000,2026-10-03 20:06:17.000000000 ET,,,,,,,,,10
1.0,cfb_20261003_aamu_jkst,aec-cfb-alaam-jackst-2026-10-03,vultr,outside coverage,1791072445,1791072446000000000,2026-10-03 20:07:26.000000000 ET,-1,timeout,0.3,,0.765,1791072447000000000,2026-10-03 20:07:27.000000000 ET,,,,,1791072506000000000,2026-10-03 20:08:26.000000000 ET,,,,,,,,,10
1.0,cfb_20261003_aamu_jkst,aec-cfb-alaam-jackst-2026-10-03,vultr,outside coverage,1791072514,1791072515000000000,2026-10-03 20:08:35.000000000 ET,1,timeout,0.33999999999999997,,0.765,1791072516000000000,2026-10-03 20:08:36.000000000 ET,,,,,1791072575000000000,2026-10-03 20:09:35.000000000 ET,,,,,,,,,10
1.0,cfb_20261003_aamu_jkst,aec-cfb-alaam-jackst-2026-10-03,vultr,outside coverage,1791072747,1791072748000000000,2026-10-03 20:12:28.000000000 ET,-1,timeout,0.215,,0.765,1791072749000000000,2026-10-03 20:12:29.000000000 ET,,,,,1791072808000000000,2026-10-03 20:13:28.000000000 ET,,,,,,,,,10
1.0,cfb_20261003_aamu_jkst,aec-cfb-alaam-jackst-2026-10-03,vultr,outside coverage,1791072843,1791072844000000000,2026-10-03 20:14:04.000000000 ET,1,timeout,0.225,,0.765,1791072845000000000,2026-10-03 20:14:05.000000000 ET,,,,,1791072904000000000,2026-10-03 20:15:04.000000000 ET,,,,,,,,,10
1.0,cfb_20261003_aamu_jkst,aec-cfb-alaam-jackst-2026-10-03,vultr,outside coverage,1791072913,1791072914000000000,2026-10-03 20:15:14.000000000 ET,1,timeout,0.28,,0.765,1791072915000000000,2026-10-03 20:15:15.000000000 ET,,,,,1791072974000000000,2026-10-03 20:16:14.000000000 ET,,,,,,,,,10
1.0,cfb_20261003_aamu_jkst,aec-cfb-alaam-jackst-2026-10-03,vultr,outside coverage,1791073006,1791073007000000000,2026-10-03 20:16:47.000000000 ET,-1,timeout,0.225,,0.765,1791073008000000000,2026-10-03 20:16:48.000000000 ET,,,,,1791073067000000000,2026-10-03 20:17:47.000000000 ET,,,,,,,,,10
1.0,cfb_20261003_aamu_jkst,aec-cfb-alaam-jackst-2026-10-03,vultr,outside coverage,1791073074,1791073075000000000,2026-10-03 20:17:55.000000000 ET,-1,timeout,0.18,,0.765,1791073076000000000,2026-10-03 20:17:56.000000000 ET,,,,,1791073135000000000,2026-10-03 20:18:55.000000000 ET,,,,,,,,,10
1.0,cfb_20261003_aamu_jkst,aec-cfb-alaam-jackst-2026-10-03,vultr,outside coverage,1791073201,1791073202000000000,2026-10-03 20:20:02.000000000 ET,-1,timeout,0.125,,0.765,1791073203000000000,2026-10-03 20:20:03.000000000 ET,,,,,1791073262000000000,2026-10-03 20:21:02.000000000 ET,,,,,,,,,10
1.0,cfb_20261003_aamu_jkst,aec-cfb-alaam-jackst-2026-10-03,vultr,outside coverage,1791073290,1791073291000000000,2026-10-03 20:21:31.000000000 ET,-1,timeout,0.14500000000000002,,0.765,1791073292000000000,2026-10-03 20:21:32.000000000 ET,,,,,1791073351000000000,2026-10-03 20:22:31.000000000 ET,,,,,,,,,10
1.0,cfb_20261003_aamu_jkst,aec-cfb-alaam-jackst-2026-10-03,vultr,outside coverage,1791073959,1791073960000000000,2026-10-03 20:32:40.000000000 ET,1,timeout,0.16999999999999998,,0.765,1791073961000000000,2026-10-03 20:32:41.000000000 ET,,,,,1791074020000000000,2026-10-03 20:33:40.000000000 ET,,,,,,,,,10
1.0,cfb_20261003_aamu_jkst,aec-cfb-alaam-jackst-2026-10-03,vultr,outside coverage,1791074055,1791074056000000000,2026-10-03 20:34:16.000000000 ET,1,timeout,0.46499999999999997,,0.765,1791074057000000000,2026-10-03 20:34:17.000000000 ET,,,,,1791074116000000000,2026-10-03 20:35:16.000000000 ET,,,,,,,,,10
1.0,cfb_20261003_aamu_jkst,aec-cfb-alaam-jackst-2026-10-03,vultr,outside coverage,1791074178,1791074179000000000,2026-10-03 20:36:19.000000000 ET,-1,timeout,0.455,,0.765,1791074180000000000,2026-10-03 20:36:20.000000000 ET,,,,,1791074239000000000,2026-10-03 20:37:19.000000000 ET,,,,,,,,,10
1.0,cfb_20261003_aamu_jkst,aec-cfb-alaam-jackst-2026-10-03,vultr,outside coverage,1791074266,1791074267000000000,2026-10-03 20:37:47.000000000 ET,-1,timeout,0.415,,0.765,1791074268000000000,2026-10-03 20:37:48.000000000 ET,,,,,1791074327000000000,2026-10-03 20:38:47.000000000 ET,,,,,,,,,10
1.0,cfb_20261003_aamu_jkst,aec-cfb-alaam-jackst-2026-10-03,vultr,outside coverage,1791074337,1791074338000000000,2026-10-03 20:38:58.000000000 ET,1,timeout,0.625,,0.765,1791074339000000000,2026-10-03 20:38:59.000000000 ET,,,,,1791074398000000000,2026-10-03 20:39:58.000000000 ET,,,,,,,,,10
1.0,cfb_20261003_aamu_jkst,aec-cfb-alaam-jackst-2026-10-03,vultr,outside coverage,1791074433,1791074434000000000,2026-10-03 20:40:34.000000000 ET,-1,timeout,0.655,,0.765,1791074435000000000,2026-10-03 20:40:35.000000000 ET,,,,,1791074494000000000,2026-10-03 20:41:34.000000000 ET,,,,,,,,,10
1.0,cfb_20261003_aamu_jkst,aec-cfb-alaam-jackst-2026-10-03,vultr,outside coverage,1791074514,1791074515000000000,2026-10-03 20:41:55.000000000 ET,-1,timeout,0.595,,0.765,1791074516000000000,2026-10-03 20:41:56.000000000 ET,,,,,1791074575000000000,2026-10-03 20:42:55.000000000 ET,,,,,,,,,10
1.0,cfb_20261003_aamu_jkst,aec-cfb-alaam-jackst-2026-10-03,vultr,outside coverage,1791074582,1791074583000000000,2026-10-03 20:43:03.000000000 ET,1,timeout,0.755,,0.765,1791074584000000000,2026-10-03 20:43:04.000000000 ET,,,,,1791074643000000000,2026-10-03 20:44:03.000000000 ET,,,,,,,,,10
1.0,cfb_20261003_aamu_jkst,aec-cfb-alaam-jackst-2026-10-03,vultr,outside coverage,1791074661,1791074662000000000,2026-10-03 20:44:22.000000000 ET,-1,timeout,0.755,,0.765,1791074663000000000,2026-10-03 20:44:23.000000000 ET,,,,,1791074722000000000,2026-10-03 20:45:22.000000000 ET,,,,,,,,,10
1.0,cfb_20261003_aamu_jkst,aec-cfb-alaam-jackst-2026-10-03,vultr,outside coverage,1791074763,1791074764000000000,2026-10-03 20:46:04.000000000 ET,-1,timeout,0.625,,0.765,1791074765000000000,2026-10-03 20:46:05.000000000 ET,,,,,1791074824000000000,2026-10-03 20:47:04.000000000 ET,,,,,,,,,10
1.0,cfb_20261003_aamu_jkst,aec-cfb-alaam-jackst-2026-10-03,vultr,outside coverage,1791074827,1791074828000000000,2026-10-03 20:47:08.000000000 ET,1,timeout,0.845,,0.765,1791074829000000000,2026-10-03 20:47:09.000000000 ET,,,,,1791074888000000000,2026-10-03 20:48:08.000000000 ET,,,,,,,,,10
1.0,cfb_20261003_aamu_jkst,aec-cfb-alaam-jackst-2026-10-03,vultr,outside coverage,1791075049,1791075050000000000,2026-10-03 20:50:50.000000000 ET,-1,timeout,0.9,,0.765,1791075051000000000,2026-10-03 20:50:51.000000000 ET,,,,,1791075110000000000,2026-10-03 20:51:50.000000000 ET,,,,,,,,,10
1.0,cfb_20261003_aamu_jkst,aec-cfb-alaam-jackst-2026-10-03,vultr,outside coverage,1791075143,1791075144000000000,2026-10-03 20:52:24.000000000 ET,1,timeout,0.88,,0.765,1791075145000000000,2026-10-03 20:52:25.000000000 ET,,,,,1791075204000000000,2026-10-03 20:53:24.000000000 ET,,,,,,,,,10
1.0,cfb_20261003_aamu_jkst,aec-cfb-alaam-jackst-2026-10-03,vultr,outside coverage,1791075250,1791075251000000000,2026-10-03 20:54:11.000000000 ET,1,timeout,0.935,,0.765,1791075252000000000,2026-10-03 20:54:12.000000000 ET,,,,,1791075311000000000,2026-10-03 20:55:11.000000000 ET,,,,,,,,,10
1.0,cfb_20261003_aamu_jkst,aec-cfb-alaam-jackst-2026-10-03,vultr,outside coverage,1791075336,1791075337000000000,2026-10-03 20:55:37.000000000 ET,1,timeout,0.985,,0.765,1791075338000000000,2026-10-03 20:55:38.000000000 ET,,,,,1791075397000000000,2026-10-03 20:56:37.000000000 ET,,,,,,,,,10
2.0,cfb_20261003_aamu_jkst,aec-cfb-alaam-jackst-2026-10-03,vultr,outside coverage,1791065289,1791065290000000000,2026-10-03 18:08:10.000000000 ET,-1,timeout,0.48,,0.765,1791065292000000000,2026-10-03 18:08:12.000000000 ET,,,,,1791065350000000000,2026-10-03 18:09:10.000000000 ET,,,,,,,,,10
2.0,cfb_20261003_aamu_jkst,aec-cfb-alaam-jackst-2026-10-03,vultr,outside coverage,1791065354,1791065355000000000,2026-10-03 18:09:15.000000000 ET,-1,timeout,0.5,,0.765,1791065357000000000,2026-10-03 18:09:17.000000000 ET,,,,,1791065415000000000,2026-10-03 18:10:15.000000000 ET,,,,,,,,,10
2.0,cfb_20261003_aamu_jkst,aec-cfb-alaam-jackst-2026-10-03,vultr,outside coverage,1791065530,1791065531000000000,2026-10-03 18:12:11.000000000 ET,-1,timeout,0.385,,0.765,1791065533000000000,2026-10-03 18:12:13.000000000 ET,,,,,1791065591000000000,2026-10-03 18:13:11.000000000 ET,,,,,,,,,10
2.0,cfb_20261003_aamu_jkst,aec-cfb-alaam-jackst-2026-10-03,vultr,outside coverage,1791065810,1791065811000000000,2026-10-03 18:16:51.000000000 ET,1,timeout,0.44499999999999995,,0.765,1791065813000000000,2026-10-03 18:16:53.000000000 ET,,,,,1791065871000000000,2026-10-03 18:17:51.000000000 ET,,,,,,,,,10
2.0,cfb_20261003_aamu_jkst,aec-cfb-alaam-jackst-2026-10-03,vultr,outside coverage,1791068399,1791068400000000000,2026-10-03 19:00:00.000000000 ET,1,timeout,0.515,,0.765,1791068402000000000,2026-10-03 19:00:02.000000000 ET,,,,,1791068460000000000,2026-10-03 19:01:00.000000000 ET,,,,,,,,,10
2.0,cfb_20261003_aamu_jkst,aec-cfb-alaam-jackst-2026-10-03,vultr,outside coverage,1791068561,1791068562000000000,2026-10-03 19:02:42.000000000 ET,1,timeout,0.625,,0.765,1791068564000000000,2026-10-03 19:02:44.000000000 ET,,,,,1791068622000000000,2026-10-03 19:03:42.000000000 ET,,,,,,,,,10
2.0,cfb_20261003_aamu_jkst,aec-cfb-alaam-jackst-2026-10-03,vultr,outside coverage,1791069142,1791069143000000000,2026-10-03 19:12:23.000000000 ET,1,timeout,0.62,,0.765,1791069145000000000,2026-10-03 19:12:25.000000000 ET,,,,,1791069203000000000,2026-10-03 19:13:23.000000000 ET,,,,,,,,,10
2.0,cfb_20261003_aamu_jkst,aec-cfb-alaam-jackst-2026-10-03,vultr,outside coverage,1791070632,1791070633000000000,2026-10-03 19:37:13.000000000 ET,1,timeout,0.61,,0.765,1791070635000000000,2026-10-03 19:37:15.000000000 ET,,,,,1791070693000000000,2026-10-03 19:38:13.000000000 ET,,,,,,,,,10
2.0,cfb_20261003_aamu_jkst,aec-cfb-alaam-jackst-2026-10-03,vultr,outside coverage,1791070768,1791070769000000000,2026-10-03 19:39:29.000000000 ET,-1,timeout,0.56,,0.765,1791070771000000000,2026-10-03 19:39:31.000000000 ET,,,,,1791070829000000000,2026-10-03 19:40:29.000000000 ET,,,,,,,,,10
2.0,cfb_20261003_aamu_jkst,aec-cfb-alaam-jackst-2026-10-03,vultr,outside coverage,1791071246,1791071247000000000,2026-10-03 19:47:27.000000000 ET,-1,timeout,0.46499999999999997,,0.765,1791071249000000000,2026-10-03 19:47:29.000000000 ET,,,,,1791071307000000000,2026-10-03 19:48:27.000000000 ET,,,,,,,,,10
2.0,cfb_20261003_aamu_jkst,aec-cfb-alaam-jackst-2026-10-03,vultr,outside coverage,1791071687,1791071688000000000,2026-10-03 19:54:48.000000000 ET,1,timeout,0.3,,0.765,1791071690000000000,2026-10-03 19:54:50.000000000 ET,,,,,1791071748000000000,2026-10-03 19:55:48.000000000 ET,,,,,,,,,10
2.0,cfb_20261003_aamu_jkst,aec-cfb-alaam-jackst-2026-10-03,vultr,outside coverage,1791071835,1791071836000000000,2026-10-03 19:57:16.000000000 ET,-1,timeout,0.255,,0.765,1791071838000000000,2026-10-03 19:57:18.000000000 ET,,,,,1791071896000000000,2026-10-03 19:58:16.000000000 ET,,,,,,,,,10
2.0,cfb_20261003_aamu_jkst,aec-cfb-alaam-jackst-2026-10-03,vultr,outside coverage,1791072177,1791072178000000000,2026-10-03 20:02:58.000000000 ET,1,timeout,0.2,,0.765,1791072180000000000,2026-10-03 20:03:00.000000000 ET,,,,,1791072238000000000,2026-10-03 20:03:58.000000000 ET,,,,,,,,,10
2.0,cfb_20261003_aamu_jkst,aec-cfb-alaam-jackst-2026-10-03,vultr,outside coverage,1791072253,1791072254000000000,2026-10-03 20:04:14.000000000 ET,1,timeout,0.215,,0.765,1791072256000000000,2026-10-03 20:04:16.000000000 ET,,,,,1791072314000000000,2026-10-03 20:05:14.000000000 ET,,,,,,,,,10
2.0,cfb_20261003_aamu_jkst,aec-cfb-alaam-jackst-2026-10-03,vultr,outside coverage,1791072316,1791072317000000000,2026-10-03 20:05:17.000000000 ET,-1,timeout,0.24000000000000002,,0.765,1791072319000000000,2026-10-03 20:05:19.000000000 ET,,,,,1791072377000000000,2026-10-03 20:06:17.000000000 ET,,,,,,,,,10
2.0,cfb_20261003_aamu_jkst,aec-cfb-alaam-jackst-2026-10-03,vultr,outside coverage,1791072445,1791072446000000000,2026-10-03 20:07:26.000000000 ET,-1,timeout,0.3,,0.765,1791072448000000000,2026-10-03 20:07:28.000000000 ET,,,,,1791072506000000000,2026-10-03 20:08:26.000000000 ET,,,,,,,,,10
2.0,cfb_20261003_aamu_jkst,aec-cfb-alaam-jackst-2026-10-03,vultr,outside coverage,1791072514,1791072515000000000,2026-10-03 20:08:35.000000000 ET,1,timeout,0.33999999999999997,,0.765,1791072517000000000,2026-10-03 20:08:37.000000000 ET,,,,,1791072575000000000,2026-10-03 20:09:35.000000000 ET,,,,,,,,,10
2.0,cfb_20261003_aamu_jkst,aec-cfb-alaam-jackst-2026-10-03,vultr,outside coverage,1791072747,1791072748000000000,2026-10-03 20:12:28.000000000 ET,-1,timeout,0.215,,0.765,1791072750000000000,2026-10-03 20:12:30.000000000 ET,,,,,1791072808000000000,2026-10-03 20:13:28.000000000 ET,,,,,,,,,10
2.0,cfb_20261003_aamu_jkst,aec-cfb-alaam-jackst-2026-10-03,vultr,outside coverage,1791072843,1791072844000000000,2026-10-03 20:14:04.000000000 ET,1,timeout,0.225,,0.765,1791072846000000000,2026-10-03 20:14:06.000000000 ET,,,,,1791072904000000000,2026-10-03 20:15:04.000000000 ET,,,,,,,,,10
2.0,cfb_20261003_aamu_jkst,aec-cfb-alaam-jackst-2026-10-03,vultr,outside coverage,1791072913,1791072914000000000,2026-10-03 20:15:14.000000000 ET,1,timeout,0.28,,0.765,1791072916000000000,2026-10-03 20:15:16.000000000 ET,,,,,1791072974000000000,2026-10-03 20:16:14.000000000 ET,,,,,,,,,10
2.0,cfb_20261003_aamu_jkst,aec-cfb-alaam-jackst-2026-10-03,vultr,outside coverage,1791073006,1791073007000000000,2026-10-03 20:16:47.000000000 ET,-1,timeout,0.225,,0.765,1791073009000000000,2026-10-03 20:16:49.000000000 ET,,,,,1791073067000000000,2026-10-03 20:17:47.000000000 ET,,,,,,,,,10
2.0,cfb_20261003_aamu_jkst,aec-cfb-alaam-jackst-2026-10-03,vultr,outside coverage,1791073074,1791073075000000000,2026-10-03 20:17:55.000000000 ET,-1,timeout,0.18,,0.765,1791073077000000000,2026-10-03 20:17:57.000000000 ET,,,,,1791073135000000000,2026-10-03 20:18:55.000000000 ET,,,,,,,,,10
2.0,cfb_20261003_aamu_jkst,aec-cfb-alaam-jackst-2026-10-03,vultr,outside coverage,1791073201,1791073202000000000,2026-10-03 20:20:02.000000000 ET,-1,timeout,0.125,,0.765,1791073204000000000,2026-10-03 20:20:04.000000000 ET,,,,,1791073262000000000,2026-10-03 20:21:02.000000000 ET,,,,,,,,,10
2.0,cfb_20261003_aamu_jkst,aec-cfb-alaam-jackst-2026-10-03,vultr,outside coverage,1791073290,1791073291000000000,2026-10-03 20:21:31.000000000 ET,-1,timeout,0.14500000000000002,,0.765,1791073293000000000,2026-10-03 20:21:33.000000000 ET,,,,,1791073351000000000,2026-10-03 20:22:31.000000000 ET,,,,,,,,,10
2.0,cfb_20261003_aamu_jkst,aec-cfb-alaam-jackst-2026-10-03,vultr,outside coverage,1791073959,1791073960000000000,2026-10-03 20:32:40.000000000 ET,1,timeout,0.16999999999999998,,0.765,1791073962000000000,2026-10-03 20:32:42.000000000 ET,,,,,1791074020000000000,2026-10-03 20:33:40.000000000 ET,,,,,,,,,10
2.0,cfb_20261003_aamu_jkst,aec-cfb-alaam-jackst-2026-10-03,vultr,outside coverage,1791074055,1791074056000000000,2026-10-03 20:34:16.000000000 ET,1,timeout,0.46499999999999997,,0.765,1791074058000000000,2026-10-03 20:34:18.000000000 ET,,,,,1791074116000000000,2026-10-03 20:35:16.000000000 ET,,,,,,,,,10
2.0,cfb_20261003_aamu_jkst,aec-cfb-alaam-jackst-2026-10-03,vultr,outside coverage,1791074178,1791074179000000000,2026-10-03 20:36:19.000000000 ET,-1,timeout,0.455,,0.765,1791074181000000000,2026-10-03 20:36:21.000000000 ET,,,,,1791074239000000000,2026-10-03 20:37:19.000000000 ET,,,,,,,,,10
2.0,cfb_20261003_aamu_jkst,aec-cfb-alaam-jackst-2026-10-03,vultr,outside coverage,1791074266,1791074267000000000,2026-10-03 20:37:47.000000000 ET,-1,timeout,0.415,,0.765,1791074269000000000,2026-10-03 20:37:49.000000000 ET,,,,,1791074327000000000,2026-10-03 20:38:47.000000000 ET,,,,,,,,,10
2.0,cfb_20261003_aamu_jkst,aec-cfb-alaam-jackst-2026-10-03,vultr,outside coverage,1791074337,1791074338000000000,2026-10-03 20:38:58.000000000 ET,1,timeout,0.625,,0.765,1791074340000000000,2026-10-03 20:39:00.000000000 ET,,,,,1791074398000000000,2026-10-03 20:39:58.000000000 ET,,,,,,,,,10
2.0,cfb_20261003_aamu_jkst,aec-cfb-alaam-jackst-2026-10-03,vultr,outside coverage,1791074433,1791074434000000000,2026-10-03 20:40:34.000000000 ET,-1,timeout,0.655,,0.765,1791074436000000000,2026-10-03 20:40:36.000000000 ET,,,,,1791074494000000000,2026-10-03 20:41:34.000000000 ET,,,,,,,,,10
2.0,cfb_20261003_aamu_jkst,aec-cfb-alaam-jackst-2026-10-03,vultr,outside coverage,1791074514,1791074515000000000,2026-10-03 20:41:55.000000000 ET,-1,timeout,0.595,,0.765,1791074517000000000,2026-10-03 20:41:57.000000000 ET,,,,,1791074575000000000,2026-10-03 20:42:55.000000000 ET,,,,,,,,,10
2.0,cfb_20261003_aamu_jkst,aec-cfb-alaam-jackst-2026-10-03,vultr,outside coverage,1791074582,1791074583000000000,2026-10-03 20:43:03.000000000 ET,1,timeout,0.755,,0.765,1791074585000000000,2026-10-03 20:43:05.000000000 ET,,,,,1791074643000000000,2026-10-03 20:44:03.000000000 ET,,,,,,,,,10
2.0,cfb_20261003_aamu_jkst,aec-cfb-alaam-jackst-2026-10-03,vultr,outside coverage,1791074661,1791074662000000000,2026-10-03 20:44:22.000000000 ET,-1,timeout,0.755,,0.765,1791074664000000000,2026-10-03 20:44:24.000000000 ET,,,,,1791074722000000000,2026-10-03 20:45:22.000000000 ET,,,,,,,,,10
2.0,cfb_20261003_aamu_jkst,aec-cfb-alaam-jackst-2026-10-03,vultr,outside coverage,1791074763,1791074764000000000,2026-10-03 20:46:04.000000000 ET,-1,timeout,0.625,,0.765,1791074766000000000,2026-10-03 20:46:06.000000000 ET,,,,,1791074824000000000,2026-10-03 20:47:04.000000000 ET,,,,,,,,,10
2.0,cfb_20261003_aamu_jkst,aec-cfb-alaam-jackst-2026-10-03,vultr,outside coverage,1791074827,1791074828000000000,2026-10-03 20:47:08.000000000 ET,1,timeout,0.845,,0.765,1791074830000000000,2026-10-03 20:47:10.000000000 ET,,,,,1791074888000000000,2026-10-03 20:48:08.000000000 ET,,,,,,,,,10
2.0,cfb_20261003_aamu_jkst,aec-cfb-alaam-jackst-2026-10-03,vultr,outside coverage,1791075049,1791075050000000000,2026-10-03 20:50:50.000000000 ET,-1,timeout,0.9,,0.765,1791075052000000000,2026-10-03 20:50:52.000000000 ET,,,,,1791075110000000000,2026-10-03 20:51:50.000000000 ET,,,,,,,,,10
2.0,cfb_20261003_aamu_jkst,aec-cfb-alaam-jackst-2026-10-03,vultr,outside coverage,1791075143,1791075144000000000,2026-10-03 20:52:24.000000000 ET,1,timeout,0.88,,0.765,1791075146000000000,2026-10-03 20:52:26.000000000 ET,,,,,1791075204000000000,2026-10-03 20:53:24.000000000 ET,,,,,,,,,10
2.0,cfb_20261003_aamu_jkst,aec-cfb-alaam-jackst-2026-10-03,vultr,outside coverage,1791075250,1791075251000000000,2026-10-03 20:54:11.000000000 ET,1,timeout,0.935,,0.765,1791075253000000000,2026-10-03 20:54:13.000000000 ET,,,,,1791075311000000000,2026-10-03 20:55:11.000000000 ET,,,,,,,,,10
2.0,cfb_20261003_aamu_jkst,aec-cfb-alaam-jackst-2026-10-03,vultr,outside coverage,1791075336,1791075337000000000,2026-10-03 20:55:37.000000000 ET,1,timeout,0.985,,0.765,1791075339000000000,2026-10-03 20:55:39.000000000 ET,,,,,1791075397000000000,2026-10-03 20:56:37.000000000 ET,,,,,,,,,10
5.0,cfb_20261003_aamu_jkst,aec-cfb-alaam-jackst-2026-10-03,vultr,outside coverage,1791065289,1791065290000000000,2026-10-03 18:08:10.000000000 ET,-1,timeout,0.48,,0.765,1791065295000000000,2026-10-03 18:08:15.000000000 ET,,,,,1791065350000000000,2026-10-03 18:09:10.000000000 ET,,,,,,,,,10
5.0,cfb_20261003_aamu_jkst,aec-cfb-alaam-jackst-2026-10-03,vultr,outside coverage,1791065354,1791065355000000000,2026-10-03 18:09:15.000000000 ET,-1,timeout,0.5,,0.765,1791065360000000000,2026-10-03 18:09:20.000000000 ET,,,,,1791065415000000000,2026-10-03 18:10:15.000000000 ET,,,,,,,,,10
5.0,cfb_20261003_aamu_jkst,aec-cfb-alaam-jackst-2026-10-03,vultr,outside coverage,1791065530,1791065531000000000,2026-10-03 18:12:11.000000000 ET,-1,timeout,0.385,,0.765,1791065536000000000,2026-10-03 18:12:16.000000000 ET,,,,,1791065591000000000,2026-10-03 18:13:11.000000000 ET,,,,,,,,,10
5.0,cfb_20261003_aamu_jkst,aec-cfb-alaam-jackst-2026-10-03,vultr,outside coverage,1791065810,1791065811000000000,2026-10-03 18:16:51.000000000 ET,1,timeout,0.44499999999999995,,0.765,1791065816000000000,2026-10-03 18:16:56.000000000 ET,,,,,1791065871000000000,2026-10-03 18:17:51.000000000 ET,,,,,,,,,10
5.0,cfb_20261003_aamu_jkst,aec-cfb-alaam-jackst-2026-10-03,vultr,outside coverage,1791068399,1791068400000000000,2026-10-03 19:00:00.000000000 ET,1,timeout,0.515,,0.765,1791068405000000000,2026-10-03 19:00:05.000000000 ET,,,,,1791068460000000000,2026-10-03 19:01:00.000000000 ET,,,,,,,,,10
5.0,cfb_20261003_aamu_jkst,aec-cfb-alaam-jackst-2026-10-03,vultr,outside coverage,1791068561,1791068562000000000,2026-10-03 19:02:42.000000000 ET,1,timeout,0.625,,0.765,1791068567000000000,2026-10-03 19:02:47.000000000 ET,,,,,1791068622000000000,2026-10-03 19:03:42.000000000 ET,,,,,,,,,10
5.0,cfb_20261003_aamu_jkst,aec-cfb-alaam-jackst-2026-10-03,vultr,outside coverage,1791069142,1791069143000000000,2026-10-03 19:12:23.000000000 ET,1,timeout,0.62,,0.765,1791069148000000000,2026-10-03 19:12:28.000000000 ET,,,,,1791069203000000000,2026-10-03 19:13:23.000000000 ET,,,,,,,,,10
5.0,cfb_20261003_aamu_jkst,aec-cfb-alaam-jackst-2026-10-03,vultr,outside coverage,1791070632,1791070633000000000,2026-10-03 19:37:13.000000000 ET,1,timeout,0.61,,0.765,1791070638000000000,2026-10-03 19:37:18.000000000 ET,,,,,1791070693000000000,2026-10-03 19:38:13.000000000 ET,,,,,,,,,10
5.0,cfb_20261003_aamu_jkst,aec-cfb-alaam-jackst-2026-10-03,vultr,outside coverage,1791070768,1791070769000000000,2026-10-03 19:39:29.000000000 ET,-1,timeout,0.56,,0.765,1791070774000000000,2026-10-03 19:39:34.000000000 ET,,,,,1791070829000000000,2026-10-03 19:40:29.000000000 ET,,,,,,,,,10
5.0,cfb_20261003_aamu_jkst,aec-cfb-alaam-jackst-2026-10-03,vultr,outside coverage,1791071246,1791071247000000000,2026-10-03 19:47:27.000000000 ET,-1,timeout,0.46499999999999997,,0.765,1791071252000000000,2026-10-03 19:47:32.000000000 ET,,,,,1791071307000000000,2026-10-03 19:48:27.000000000 ET,,,,,,,,,10
5.0,cfb_20261003_aamu_jkst,aec-cfb-alaam-jackst-2026-10-03,vultr,outside coverage,1791071687,1791071688000000000,2026-10-03 19:54:48.000000000 ET,1,timeout,0.3,,0.765,1791071693000000000,2026-10-03 19:54:53.000000000 ET,,,,,1791071748000000000,2026-10-03 19:55:48.000000000 ET,,,,,,,,,10
5.0,cfb_20261003_aamu_jkst,aec-cfb-alaam-jackst-2026-10-03,vultr,outside coverage,1791071835,1791071836000000000,2026-10-03 19:57:16.000000000 ET,-1,timeout,0.255,,0.765,1791071841000000000,2026-10-03 19:57:21.000000000 ET,,,,,1791071896000000000,2026-10-03 19:58:16.000000000 ET,,,,,,,,,10
5.0,cfb_20261003_aamu_jkst,aec-cfb-alaam-jackst-2026-10-03,vultr,outside coverage,1791072177,1791072178000000000,2026-10-03 20:02:58.000000000 ET,1,timeout,0.2,,0.765,1791072183000000000,2026-10-03 20:03:03.000000000 ET,,,,,1791072238000000000,2026-10-03 20:03:58.000000000 ET,,,,,,,,,10
5.0,cfb_20261003_aamu_jkst,aec-cfb-alaam-jackst-2026-10-03,vultr,outside coverage,1791072253,1791072254000000000,2026-10-03 20:04:14.000000000 ET,1,timeout,0.215,,0.765,1791072259000000000,2026-10-03 20:04:19.000000000 ET,,,,,1791072314000000000,2026-10-03 20:05:14.000000000 ET,,,,,,,,,10
5.0,cfb_20261003_aamu_jkst,aec-cfb-alaam-jackst-2026-10-03,vultr,outside coverage,1791072316,1791072317000000000,2026-10-03 20:05:17.000000000 ET,-1,timeout,0.24000000000000002,,0.765,1791072322000000000,2026-10-03 20:05:22.000000000 ET,,,,,1791072377000000000,2026-10-03 20:06:17.000000000 ET,,,,,,,,,10
5.0,cfb_20261003_aamu_jkst,aec-cfb-alaam-jackst-2026-10-03,vultr,outside coverage,1791072445,1791072446000000000,2026-10-03 20:07:26.000000000 ET,-1,timeout,0.3,,0.765,1791072451000000000,2026-10-03 20:07:31.000000000 ET,,,,,1791072506000000000,2026-10-03 20:08:26.000000000 ET,,,,,,,,,10
5.0,cfb_20261003_aamu_jkst,aec-cfb-alaam-jackst-2026-10-03,vultr,outside coverage,1791072514,1791072515000000000,2026-10-03 20:08:35.000000000 ET,1,timeout,0.33999999999999997,,0.765,1791072520000000000,2026-10-03 20:08:40.000000000 ET,,,,,1791072575000000000,2026-10-03 20:09:35.000000000 ET,,,,,,,,,10
5.0,cfb_20261003_aamu_jkst,aec-cfb-alaam-jackst-2026-10-03,vultr,outside coverage,1791072747,1791072748000000000,2026-10-03 20:12:28.000000000 ET,-1,timeout,0.215,,0.765,1791072753000000000,2026-10-03 20:12:33.000000000 ET,,,,,1791072808000000000,2026-10-03 20:13:28.000000000 ET,,,,,,,,,10
5.0,cfb_20261003_aamu_jkst,aec-cfb-alaam-jackst-2026-10-03,vultr,outside coverage,1791072843,1791072844000000000,2026-10-03 20:14:04.000000000 ET,1,timeout,0.225,,0.765,1791072849000000000,2026-10-03 20:14:09.000000000 ET,,,,,1791072904000000000,2026-10-03 20:15:04.000000000 ET,,,,,,,,,10
5.0,cfb_20261003_aamu_jkst,aec-cfb-alaam-jackst-2026-10-03,vultr,outside coverage,1791072913,1791072914000000000,2026-10-03 20:15:14.000000000 ET,1,timeout,0.28,,0.765,1791072919000000000,2026-10-03 20:15:19.000000000 ET,,,,,1791072974000000000,2026-10-03 20:16:14.000000000 ET,,,,,,,,,10
5.0,cfb_20261003_aamu_jkst,aec-cfb-alaam-jackst-2026-10-03,vultr,outside coverage,1791073006,1791073007000000000,2026-10-03 20:16:47.000000000 ET,-1,timeout,0.225,,0.765,1791073012000000000,2026-10-03 20:16:52.000000000 ET,,,,,1791073067000000000,2026-10-03 20:17:47.000000000 ET,,,,,,,,,10
5.0,cfb_20261003_aamu_jkst,aec-cfb-alaam-jackst-2026-10-03,vultr,outside coverage,1791073074,1791073075000000000,2026-10-03 20:17:55.000000000 ET,-1,timeout,0.18,,0.765,1791073080000000000,2026-10-03 20:18:00.000000000 ET,,,,,1791073135000000000,2026-10-03 20:18:55.000000000 ET,,,,,,,,,10
5.0,cfb_20261003_aamu_jkst,aec-cfb-alaam-jackst-2026-10-03,vultr,outside coverage,1791073201,1791073202000000000,2026-10-03 20:20:02.000000000 ET,-1,timeout,0.125,,0.765,1791073207000000000,2026-10-03 20:20:07.000000000 ET,,,,,1791073262000000000,2026-10-03 20:21:02.000000000 ET,,,,,,,,,10
5.0,cfb_20261003_aamu_jkst,aec-cfb-alaam-jackst-2026-10-03,vultr,outside coverage,1791073290,1791073291000000000,2026-10-03 20:21:31.000000000 ET,-1,timeout,0.14500000000000002,,0.765,1791073296000000000,2026-10-03 20:21:36.000000000 ET,,,,,1791073351000000000,2026-10-03 20:22:31.000000000 ET,,,,,,,,,10
5.0,cfb_20261003_aamu_jkst,aec-cfb-alaam-jackst-2026-10-03,vultr,outside coverage,1791073959,1791073960000000000,2026-10-03 20:32:40.000000000 ET,1,timeout,0.16999999999999998,,0.765,1791073965000000000,2026-10-03 20:32:45.000000000 ET,,,,,1791074020000000000,2026-10-03 20:33:40.000000000 ET,,,,,,,,,10
5.0,cfb_20261003_aamu_jkst,aec-cfb-alaam-jackst-2026-10-03,vultr,outside coverage,1791074055,1791074056000000000,2026-10-03 20:34:16.000000000 ET,1,timeout,0.46499999999999997,,0.765,1791074061000000000,2026-10-03 20:34:21.000000000 ET,,,,,1791074116000000000,2026-10-03 20:35:16.000000000 ET,,,,,,,,,10
5.0,cfb_20261003_aamu_jkst,aec-cfb-alaam-jackst-2026-10-03,vultr,outside coverage,1791074178,1791074179000000000,2026-10-03 20:36:19.000000000 ET,-1,timeout,0.455,,0.765,1791074184000000000,2026-10-03 20:36:24.000000000 ET,,,,,1791074239000000000,2026-10-03 20:37:19.000000000 ET,,,,,,,,,10
5.0,cfb_20261003_aamu_jkst,aec-cfb-alaam-jackst-2026-10-03,vultr,outside coverage,1791074266,1791074267000000000,2026-10-03 20:37:47.000000000 ET,-1,timeout,0.415,,0.765,1791074272000000000,2026-10-03 20:37:52.000000000 ET,,,,,1791074327000000000,2026-10-03 20:38:47.000000000 ET,,,,,,,,,10
5.0,cfb_20261003_aamu_jkst,aec-cfb-alaam-jackst-2026-10-03,vultr,outside coverage,1791074337,1791074338000000000,2026-10-03 20:38:58.000000000 ET,1,timeout,0.625,,0.765,1791074343000000000,2026-10-03 20:39:03.000000000 ET,,,,,1791074398000000000,2026-10-03 20:39:58.000000000 ET,,,,,,,,,10
5.0,cfb_20261003_aamu_jkst,aec-cfb-alaam-jackst-2026-10-03,vultr,outside coverage,1791074433,1791074434000000000,2026-10-03 20:40:34.000000000 ET,-1,timeout,0.655,,0.765,1791074439000000000,2026-10-03 20:40:39.000000000 ET,,,,,1791074494000000000,2026-10-03 20:41:34.000000000 ET,,,,,,,,,10
5.0,cfb_20261003_aamu_jkst,aec-cfb-alaam-jackst-2026-10-03,vultr,outside coverage,1791074514,1791074515000000000,2026-10-03 20:41:55.000000000 ET,-1,timeout,0.595,,0.765,1791074520000000000,2026-10-03 20:42:00.000000000 ET,,,,,1791074575000000000,2026-10-03 20:42:55.000000000 ET,,,,,,,,,10
5.0,cfb_20261003_aamu_jkst,aec-cfb-alaam-jackst-2026-10-03,vultr,outside coverage,1791074582,1791074583000000000,2026-10-03 20:43:03.000000000 ET,1,timeout,0.755,,0.765,1791074588000000000,2026-10-03 20:43:08.000000000 ET,,,,,1791074643000000000,2026-10-03 20:44:03.000000000 ET,,,,,,,,,10
5.0,cfb_20261003_aamu_jkst,aec-cfb-alaam-jackst-2026-10-03,vultr,outside coverage,1791074661,1791074662000000000,2026-10-03 20:44:22.000000000 ET,-1,timeout,0.755,,0.765,1791074667000000000,2026-10-03 20:44:27.000000000 ET,,,,,1791074722000000000,2026-10-03 20:45:22.000000000 ET,,,,,,,,,10
5.0,cfb_20261003_aamu_jkst,aec-cfb-alaam-jackst-2026-10-03,vultr,outside coverage,1791074763,1791074764000000000,2026-10-03 20:46:04.000000000 ET,-1,timeout,0.625,,0.765,1791074769000000000,2026-10-03 20:46:09.000000000 ET,,,,,1791074824000000000,2026-10-03 20:47:04.000000000 ET,,,,,,,,,10
5.0,cfb_20261003_aamu_jkst,aec-cfb-alaam-jackst-2026-10-03,vultr,outside coverage,1791074827,1791074828000000000,2026-10-03 20:47:08.000000000 ET,1,timeout,0.845,,0.765,1791074833000000000,2026-10-03 20:47:13.000000000 ET,,,,,1791074888000000000,2026-10-03 20:48:08.000000000 ET,,,,,,,,,10
5.0,cfb_20261003_aamu_jkst,aec-cfb-alaam-jackst-2026-10-03,vultr,outside coverage,1791075049,1791075050000000000,2026-10-03 20:50:50.000000000 ET,-1,timeout,0.9,,0.765,1791075055000000000,2026-10-03 20:50:55.000000000 ET,,,,,1791075110000000000,2026-10-03 20:51:50.000000000 ET,,,,,,,,,10
5.0,cfb_20261003_aamu_jkst,aec-cfb-alaam-jackst-2026-10-03,vultr,outside coverage,1791075143,1791075144000000000,2026-10-03 20:52:24.000000000 ET,1,timeout,0.88,,0.765,1791075149000000000,2026-10-03 20:52:29.000000000 ET,,,,,1791075204000000000,2026-10-03 20:53:24.000000000 ET,,,,,,,,,10
5.0,cfb_20261003_aamu_jkst,aec-cfb-alaam-jackst-2026-10-03,vultr,outside coverage,1791075250,1791075251000000000,2026-10-03 20:54:11.000000000 ET,1,timeout,0.935,,0.765,1791075256000000000,2026-10-03 20:54:16.000000000 ET,,,,,1791075311000000000,2026-10-03 20:55:11.000000000 ET,,,,,,,,,10
5.0,cfb_20261003_aamu_jkst,aec-cfb-alaam-jackst-2026-10-03,vultr,outside coverage,1791075336,1791075337000000000,2026-10-03 20:55:37.000000000 ET,1,timeout,0.985,,0.765,1791075342000000000,2026-10-03 20:55:42.000000000 ET,,,,,1791075397000000000,2026-10-03 20:56:37.000000000 ET,,,,,,,,,10
1.0,cfb_20261003_ysu_siu,aec-cfb-yngst-sill-2026-10-03,vultr,outside coverage,1791063479,1791063480000000000,2026-10-03 17:38:00.000000000 ET,1,timeout,0.43,,0.375,1791063481000000000,2026-10-03 17:38:01.000000000 ET,,,,,1791063540000000000,2026-10-03 17:39:00.000000000 ET,,,,,,,,,10
1.0,cfb_20261003_ysu_siu,aec-cfb-yngst-sill-2026-10-03,vultr,outside coverage,1791063591,1791063592000000000,2026-10-03 17:39:52.000000000 ET,-1,timeout,0.425,,0.375,1791063593000000000,2026-10-03 17:39:53.000000000 ET,,,,,1791063652000000000,2026-10-03 17:40:52.000000000 ET,,,,,,,,,10
1.0,cfb_20261003_ysu_siu,aec-cfb-yngst-sill-2026-10-03,vultr,outside coverage,1791068427,1791068428000000000,2026-10-03 19:00:28.000000000 ET,-1,timeout,0.52,,0.375,1791068429000000000,2026-10-03 19:00:29.000000000 ET,,,,,1791068488000000000,2026-10-03 19:01:28.000000000 ET,,,,,,,,,10
1.0,cfb_20261003_ysu_siu,aec-cfb-yngst-sill-2026-10-03,vultr,outside coverage,1791068892,1791068893000000000,2026-10-03 19:08:13.000000000 ET,1,timeout,0.515,,0.375,1791068894000000000,2026-10-03 19:08:14.000000000 ET,,,,,1791068953000000000,2026-10-03 19:09:13.000000000 ET,,,,,,,,,10
1.0,cfb_20261003_ysu_siu,aec-cfb-yngst-sill-2026-10-03,vultr,outside coverage,1791069099,1791069100000000000,2026-10-03 19:11:40.000000000 ET,-1,timeout,0.485,,0.375,1791069101000000000,2026-10-03 19:11:41.000000000 ET,,,,,1791069160000000000,2026-10-03 19:12:40.000000000 ET,,,,,,,,,10
1.0,cfb_20261003_ysu_siu,aec-cfb-yngst-sill-2026-10-03,vultr,outside coverage,1791069702,1791069703000000000,2026-10-03 19:21:43.000000000 ET,-1,timeout,0.33,,0.375,1791069704000000000,2026-10-03 19:21:44.000000000 ET,,,,,1791069763000000000,2026-10-03 19:22:43.000000000 ET,,,,,,,,,10
1.0,cfb_20261003_ysu_siu,aec-cfb-yngst-sill-2026-10-03,vultr,outside coverage,1791069808,1791069809000000000,2026-10-03 19:23:29.000000000 ET,-1,timeout,0.165,,0.375,1791069810000000000,2026-10-03 19:23:30.000000000 ET,,,,,1791069869000000000,2026-10-03 19:24:29.000000000 ET,,,,,,,,,10
1.0,cfb_20261003_ysu_siu,aec-cfb-yngst-sill-2026-10-03,vultr,outside coverage,1791070472,1791070473000000000,2026-10-03 19:34:33.000000000 ET,1,timeout,0.155,,0.375,1791070474000000000,2026-10-03 19:34:34.000000000 ET,,,,,1791070533000000000,2026-10-03 19:35:33.000000000 ET,,,,,,,,,10
1.0,cfb_20261003_ysu_siu,aec-cfb-yngst-sill-2026-10-03,vultr,outside coverage,1791070686,1791070687000000000,2026-10-03 19:38:07.000000000 ET,-1,timeout,0.08499999999999999,,0.375,1791070688000000000,2026-10-03 19:38:08.000000000 ET,,,,,1791070747000000000,2026-10-03 19:39:07.000000000 ET,,,,,,,,,10
2.0,cfb_20261003_ysu_siu,aec-cfb-yngst-sill-2026-10-03,vultr,outside coverage,1791063479,1791063480000000000,2026-10-03 17:38:00.000000000 ET,1,timeout,0.43,,0.375,1791063482000000000,2026-10-03 17:38:02.000000000 ET,,,,,1791063540000000000,2026-10-03 17:39:00.000000000 ET,,,,,,,,,10
2.0,cfb_20261003_ysu_siu,aec-cfb-yngst-sill-2026-10-03,vultr,outside coverage,1791063591,1791063592000000000,2026-10-03 17:39:52.000000000 ET,-1,timeout,0.425,,0.375,1791063594000000000,2026-10-03 17:39:54.000000000 ET,,,,,1791063652000000000,2026-10-03 17:40:52.000000000 ET,,,,,,,,,10
2.0,cfb_20261003_ysu_siu,aec-cfb-yngst-sill-2026-10-03,vultr,outside coverage,1791068427,1791068428000000000,2026-10-03 19:00:28.000000000 ET,-1,timeout,0.52,,0.375,1791068430000000000,2026-10-03 19:00:30.000000000 ET,,,,,1791068488000000000,2026-10-03 19:01:28.000000000 ET,,,,,,,,,10
2.0,cfb_20261003_ysu_siu,aec-cfb-yngst-sill-2026-10-03,vultr,outside coverage,1791068892,1791068893000000000,2026-10-03 19:08:13.000000000 ET,1,timeout,0.515,,0.375,1791068895000000000,2026-10-03 19:08:15.000000000 ET,,,,,1791068953000000000,2026-10-03 19:09:13.000000000 ET,,,,,,,,,10
2.0,cfb_20261003_ysu_siu,aec-cfb-yngst-sill-2026-10-03,vultr,outside coverage,1791069099,1791069100000000000,2026-10-03 19:11:40.000000000 ET,-1,timeout,0.485,,0.375,1791069102000000000,2026-10-03 19:11:42.000000000 ET,,,,,1791069160000000000,2026-10-03 19:12:40.000000000 ET,,,,,,,,,10
2.0,cfb_20261003_ysu_siu,aec-cfb-yngst-sill-2026-10-03,vultr,outside coverage,1791069702,1791069703000000000,2026-10-03 19:21:43.000000000 ET,-1,timeout,0.33,,0.375,1791069705000000000,2026-10-03 19:21:45.000000000 ET,,,,,1791069763000000000,2026-10-03 19:22:43.000000000 ET,,,,,,,,,10
2.0,cfb_20261003_ysu_siu,aec-cfb-yngst-sill-2026-10-03,vultr,outside coverage,1791069808,1791069809000000000,2026-10-03 19:23:29.000000000 ET,-1,timeout,0.165,,0.375,1791069811000000000,2026-10-03 19:23:31.000000000 ET,,,,,1791069869000000000,2026-10-03 19:24:29.000000000 ET,,,,,,,,,10
2.0,cfb_20261003_ysu_siu,aec-cfb-yngst-sill-2026-10-03,vultr,outside coverage,1791070472,1791070473000000000,2026-10-03 19:34:33.000000000 ET,1,timeout,0.155,,0.375,1791070475000000000,2026-10-03 19:34:35.000000000 ET,,,,,1791070533000000000,2026-10-03 19:35:33.000000000 ET,,,,,,,,,10
2.0,cfb_20261003_ysu_siu,aec-cfb-yngst-sill-2026-10-03,vultr,outside coverage,1791070686,1791070687000000000,2026-10-03 19:38:07.000000000 ET,-1,timeout,0.08499999999999999,,0.375,1791070689000000000,2026-10-03 19:38:09.000000000 ET,,,,,1791070747000000000,2026-10-03 19:39:07.000000000 ET,,,,,,,,,10
5.0,cfb_20261003_ysu_siu,aec-cfb-yngst-sill-2026-10-03,vultr,outside coverage,1791063479,1791063480000000000,2026-10-03 17:38:00.000000000 ET,1,timeout,0.43,,0.375,1791063485000000000,2026-10-03 17:38:05.000000000 ET,,,,,1791063540000000000,2026-10-03 17:39:00.000000000 ET,,,,,,,,,10
5.0,cfb_20261003_ysu_siu,aec-cfb-yngst-sill-2026-10-03,vultr,outside coverage,1791063591,1791063592000000000,2026-10-03 17:39:52.000000000 ET,-1,timeout,0.425,,0.375,1791063597000000000,2026-10-03 17:39:57.000000000 ET,,,,,1791063652000000000,2026-10-03 17:40:52.000000000 ET,,,,,,,,,10
5.0,cfb_20261003_ysu_siu,aec-cfb-yngst-sill-2026-10-03,vultr,outside coverage,1791068427,1791068428000000000,2026-10-03 19:00:28.000000000 ET,-1,timeout,0.52,,0.375,1791068433000000000,2026-10-03 19:00:33.000000000 ET,,,,,1791068488000000000,2026-10-03 19:01:28.000000000 ET,,,,,,,,,10
5.0,cfb_20261003_ysu_siu,aec-cfb-yngst-sill-2026-10-03,vultr,outside coverage,1791068892,1791068893000000000,2026-10-03 19:08:13.000000000 ET,1,timeout,0.515,,0.375,1791068898000000000,2026-10-03 19:08:18.000000000 ET,,,,,1791068953000000000,2026-10-03 19:09:13.000000000 ET,,,,,,,,,10
5.0,cfb_20261003_ysu_siu,aec-cfb-yngst-sill-2026-10-03,vultr,outside coverage,1791069099,1791069100000000000,2026-10-03 19:11:40.000000000 ET,-1,timeout,0.485,,0.375,1791069105000000000,2026-10-03 19:11:45.000000000 ET,,,,,1791069160000000000,2026-10-03 19:12:40.000000000 ET,,,,,,,,,10
5.0,cfb_20261003_ysu_siu,aec-cfb-yngst-sill-2026-10-03,vultr,outside coverage,1791069702,1791069703000000000,2026-10-03 19:21:43.000000000 ET,-1,timeout,0.33,,0.375,1791069708000000000,2026-10-03 19:21:48.000000000 ET,,,,,1791069763000000000,2026-10-03 19:22:43.000000000 ET,,,,,,,,,10
5.0,cfb_20261003_ysu_siu,aec-cfb-yngst-sill-2026-10-03,vultr,outside coverage,1791069808,1791069809000000000,2026-10-03 19:23:29.000000000 ET,-1,timeout,0.165,,0.375,1791069814000000000,2026-10-03 19:23:34.000000000 ET,,,,,1791069869000000000,2026-10-03 19:24:29.000000000 ET,,,,,,,,,10
5.0,cfb_20261003_ysu_siu,aec-cfb-yngst-sill-2026-10-03,vultr,outside coverage,1791070472,1791070473000000000,2026-10-03 19:34:33.000000000 ET,1,timeout,0.155,,0.375,1791070478000000000,2026-10-03 19:34:38.000000000 ET,,,,,1791070533000000000,2026-10-03 19:35:33.000000000 ET,,,,,,,,,10
5.0,cfb_20261003_ysu_siu,aec-cfb-yngst-sill-2026-10-03,vultr,outside coverage,1791070686,1791070687000000000,2026-10-03 19:38:07.000000000 ET,-1,timeout,0.08499999999999999,,0.375,1791070692000000000,2026-10-03 19:38:12.000000000 ET,,,,,1791070747000000000,2026-10-03 19:39:07.000000000 ET,,,,,,,,,10
1.0,cfb_20261003_camp_nccu,aec-cfb-camp-ncc-2026-10-03,vultr,outside coverage,1791066215,1791066216000000000,2026-10-03 18:23:36.000000000 ET,1,timeout,0.33,,0.2,1791066217000000000,2026-10-03 18:23:37.000000000 ET,,,,,1791066276000000000,2026-10-03 18:24:36.000000000 ET,,,,,,,,,10
1.0,cfb_20261003_camp_nccu,aec-cfb-camp-ncc-2026-10-03,vultr,outside coverage,1791067559,1791067560000000000,2026-10-03 18:46:00.000000000 ET,-1,timeout,0.33499999999999996,,0.2,1791067561000000000,2026-10-03 18:46:01.000000000 ET,,,,,1791067620000000000,2026-10-03 18:47:00.000000000 ET,,,,,,,,,10
1.0,cfb_20261003_camp_nccu,aec-cfb-camp-ncc-2026-10-03,vultr,outside coverage,1791067702,1791067703000000000,2026-10-03 18:48:23.000000000 ET,-1,timeout,0.22999999999999998,,0.2,1791067704000000000,2026-10-03 18:48:24.000000000 ET,,,,,1791067763000000000,2026-10-03 18:49:23.000000000 ET,,,,,,,,,10
1.0,cfb_20261003_camp_nccu,aec-cfb-camp-ncc-2026-10-03,vultr,outside coverage,1791070151,1791070152000000000,2026-10-03 19:29:12.000000000 ET,1,timeout,0.105,,0.2,1791070153000000000,2026-10-03 19:29:13.000000000 ET,,,,,1791070212000000000,2026-10-03 19:30:12.000000000 ET,,,,,,,,,10
1.0,cfb_20261003_camp_nccu,aec-cfb-camp-ncc-2026-10-03,vultr,outside coverage,1791072823,1791072824000000000,2026-10-03 20:13:44.000000000 ET,-1,timeout,0.16,,0.2,1791072825000000000,2026-10-03 20:13:45.000000000 ET,,,,,1791072884000000000,2026-10-03 20:14:44.000000000 ET,,,,,,,,,10
1.0,cfb_20261003_camp_nccu,aec-cfb-camp-ncc-2026-10-03,vultr,outside coverage,1791073480,1791073481000000000,2026-10-03 20:24:41.000000000 ET,1,timeout,0.195,,0.2,1791073482000000000,2026-10-03 20:24:42.000000000 ET,,,,,1791073541000000000,2026-10-03 20:25:41.000000000 ET,,,,,,,,,10
1.0,cfb_20261003_camp_nccu,aec-cfb-camp-ncc-2026-10-03,vultr,outside coverage,1791074050,1791074051000000000,2026-10-03 20:34:11.000000000 ET,-1,timeout,0.295,,0.2,1791074052000000000,2026-10-03 20:34:12.000000000 ET,,,,,1791074111000000000,2026-10-03 20:35:11.000000000 ET,,,,,,,,,10
1.0,cfb_20261003_camp_nccu,aec-cfb-camp-ncc-2026-10-03,vultr,outside coverage,1791074316,1791074317000000000,2026-10-03 20:38:37.000000000 ET,1,timeout,0.435,,0.2,1791074318000000000,2026-10-03 20:38:38.000000000 ET,,,,,1791074377000000000,2026-10-03 20:39:37.000000000 ET,,,,,,,,,10
1.0,cfb_20261003_camp_nccu,aec-cfb-camp-ncc-2026-10-03,vultr,outside coverage,1791074837,1791074838000000000,2026-10-03 20:47:18.000000000 ET,-1,timeout,0.315,,0.2,1791074839000000000,2026-10-03 20:47:19.000000000 ET,,,,,1791074898000000000,2026-10-03 20:48:18.000000000 ET,,,,,,,,,10
1.0,cfb_20261003_camp_nccu,aec-cfb-camp-ncc-2026-10-03,vultr,outside coverage,1791075082,1791075083000000000,2026-10-03 20:51:23.000000000 ET,1,timeout,0.325,,0.2,1791075084000000000,2026-10-03 20:51:24.000000000 ET,,,,,1791075143000000000,2026-10-03 20:52:23.000000000 ET,,,,,,,,,10
1.0,cfb_20261003_camp_nccu,aec-cfb-camp-ncc-2026-10-03,vultr,outside coverage,1791075376,1791075377000000000,2026-10-03 20:56:17.000000000 ET,1,timeout,0.44999999999999996,,0.2,1791075378000000000,2026-10-03 20:56:18.000000000 ET,,,,,1791075437000000000,2026-10-03 20:57:17.000000000 ET,,,,,,,,,10
1.0,cfb_20261003_camp_nccu,aec-cfb-camp-ncc-2026-10-03,vultr,outside coverage,1791075438,1791075439000000000,2026-10-03 20:57:19.000000000 ET,-1,timeout,0.33499999999999996,,0.2,1791075440000000000,2026-10-03 20:57:20.000000000 ET,,,,,1791075499000000000,2026-10-03 20:58:19.000000000 ET,,,,,,,,,10
1.0,cfb_20261003_camp_nccu,aec-cfb-camp-ncc-2026-10-03,vultr,outside coverage,1791075508,1791075509000000000,2026-10-03 20:58:29.000000000 ET,-1,timeout,0.32999999999999996,,0.2,1791075510000000000,2026-10-03 20:58:30.000000000 ET,,,,,1791075569000000000,2026-10-03 20:59:29.000000000 ET,,,,,,,,,10
1.0,cfb_20261003_camp_nccu,aec-cfb-camp-ncc-2026-10-03,vultr,outside coverage,1791075633,1791075634000000000,2026-10-03 21:00:34.000000000 ET,1,timeout,0.33999999999999997,,0.2,1791075635000000000,2026-10-03 21:00:35.000000000 ET,,,,,1791075694000000000,2026-10-03 21:01:34.000000000 ET,,,,,,,,,10
1.0,cfb_20261003_camp_nccu,aec-cfb-camp-ncc-2026-10-03,vultr,outside coverage,1791075950,1791075951000000000,2026-10-03 21:05:51.000000000 ET,-1,timeout,0.29000000000000004,,0.2,1791075952000000000,2026-10-03 21:05:52.000000000 ET,,,,,1791076011000000000,2026-10-03 21:06:51.000000000 ET,,,,,,,,,10
1.0,cfb_20261003_camp_nccu,aec-cfb-camp-ncc-2026-10-03,vultr,outside coverage,1791076014,1791076015000000000,2026-10-03 21:06:55.000000000 ET,-1,timeout,0.16,,0.2,1791076016000000000,2026-10-03 21:06:56.000000000 ET,,,,,1791076075000000000,2026-10-03 21:07:55.000000000 ET,,,,,,,,,10
1.0,cfb_20261003_camp_nccu,aec-cfb-camp-ncc-2026-10-03,vultr,outside coverage,1791076121,1791076122000000000,2026-10-03 21:08:42.000000000 ET,1,timeout,0.13,,0.2,1791076123000000000,2026-10-03 21:08:43.000000000 ET,,,,,1791076182000000000,2026-10-03 21:09:42.000000000 ET,,,,,,,,,10
1.0,cfb_20261003_camp_nccu,aec-cfb-camp-ncc-2026-10-03,vultr,outside coverage,1791076250,1791076251000000000,2026-10-03 21:10:51.000000000 ET,1,timeout,0.2,,0.2,1791076252000000000,2026-10-03 21:10:52.000000000 ET,,,,,1791076311000000000,2026-10-03 21:11:51.000000000 ET,,,,,,,,,10
1.0,cfb_20261003_camp_nccu,aec-cfb-camp-ncc-2026-10-03,vultr,outside coverage,1791076376,1791076377000000000,2026-10-03 21:12:57.000000000 ET,1,timeout,0.145,,0.2,1791076378000000000,2026-10-03 21:12:58.000000000 ET,,,,,1791076437000000000,2026-10-03 21:13:57.000000000 ET,,,,,,,,,10
1.0,cfb_20261003_camp_nccu,aec-cfb-camp-ncc-2026-10-03,vultr,outside coverage,1791076470,1791076471000000000,2026-10-03 21:14:31.000000000 ET,1,timeout,0.20500000000000002,,0.2,1791076472000000000,2026-10-03 21:14:32.000000000 ET,,,,,1791076531000000000,2026-10-03 21:15:31.000000000 ET,,,,,,,,,10
1.0,cfb_20261003_camp_nccu,aec-cfb-camp-ncc-2026-10-03,vultr,outside coverage,1791076564,1791076565000000000,2026-10-03 21:16:05.000000000 ET,1,timeout,0.175,,0.2,1791076566000000000,2026-10-03 21:16:06.000000000 ET,,,,,1791076625000000000,2026-10-03 21:17:05.000000000 ET,,,,,,,,,10
1.0,cfb_20261003_camp_nccu,aec-cfb-camp-ncc-2026-10-03,vultr,outside coverage,1791076699,1791076700000000000,2026-10-03 21:18:20.000000000 ET,-1,timeout,0.19,,0.2,1791076701000000000,2026-10-03 21:18:21.000000000 ET,,,,,1791076760000000000,2026-10-03 21:19:20.000000000 ET,,,,,,,,,10
1.0,cfb_20261003_camp_nccu,aec-cfb-camp-ncc-2026-10-03,vultr,outside coverage,1791076879,1791076880000000000,2026-10-03 21:21:20.000000000 ET,-1,timeout,0.08,,0.2,1791076881000000000,2026-10-03 21:21:21.000000000 ET,,,,,1791076940000000000,2026-10-03 21:22:20.000000000 ET,,,,,,,,,10
1.0,cfb_20261003_camp_nccu,aec-cfb-camp-ncc-2026-10-03,vultr,outside coverage,1791077009,1791077010000000000,2026-10-03 21:23:30.000000000 ET,-1,timeout,0.1,,0.2,1791077011000000000,2026-10-03 21:23:31.000000000 ET,,,,,1791077070000000000,2026-10-03 21:24:30.000000000 ET,,,,,,,,,10
1.0,cfb_20261003_camp_nccu,aec-cfb-camp-ncc-2026-10-03,vultr,outside coverage,1791077097,1791077098000000000,2026-10-03 21:24:58.000000000 ET,-1,timeout,0.035,,0.2,1791077099000000000,2026-10-03 21:24:59.000000000 ET,,,,,1791077158000000000,2026-10-03 21:25:58.000000000 ET,,,,,,,,,10
2.0,cfb_20261003_camp_nccu,aec-cfb-camp-ncc-2026-10-03,vultr,outside coverage,1791066215,1791066216000000000,2026-10-03 18:23:36.000000000 ET,1,timeout,0.33,,0.2,1791066218000000000,2026-10-03 18:23:38.000000000 ET,,,,,1791066276000000000,2026-10-03 18:24:36.000000000 ET,,,,,,,,,10
2.0,cfb_20261003_camp_nccu,aec-cfb-camp-ncc-2026-10-03,vultr,outside coverage,1791067559,1791067560000000000,2026-10-03 18:46:00.000000000 ET,-1,timeout,0.33499999999999996,,0.2,1791067562000000000,2026-10-03 18:46:02.000000000 ET,,,,,1791067620000000000,2026-10-03 18:47:00.000000000 ET,,,,,,,,,10
2.0,cfb_20261003_camp_nccu,aec-cfb-camp-ncc-2026-10-03,vultr,outside coverage,1791067702,1791067703000000000,2026-10-03 18:48:23.000000000 ET,-1,timeout,0.22999999999999998,,0.2,1791067705000000000,2026-10-03 18:48:25.000000000 ET,,,,,1791067763000000000,2026-10-03 18:49:23.000000000 ET,,,,,,,,,10
2.0,cfb_20261003_camp_nccu,aec-cfb-camp-ncc-2026-10-03,vultr,outside coverage,1791070151,1791070152000000000,2026-10-03 19:29:12.000000000 ET,1,timeout,0.105,,0.2,1791070154000000000,2026-10-03 19:29:14.000000000 ET,,,,,1791070212000000000,2026-10-03 19:30:12.000000000 ET,,,,,,,,,10
2.0,cfb_20261003_camp_nccu,aec-cfb-camp-ncc-2026-10-03,vultr,outside coverage,1791072823,1791072824000000000,2026-10-03 20:13:44.000000000 ET,-1,timeout,0.16,,0.2,1791072826000000000,2026-10-03 20:13:46.000000000 ET,,,,,1791072884000000000,2026-10-03 20:14:44.000000000 ET,,,,,,,,,10
2.0,cfb_20261003_camp_nccu,aec-cfb-camp-ncc-2026-10-03,vultr,outside coverage,1791073480,1791073481000000000,2026-10-03 20:24:41.000000000 ET,1,timeout,0.195,,0.2,1791073483000000000,2026-10-03 20:24:43.000000000 ET,,,,,1791073541000000000,2026-10-03 20:25:41.000000000 ET,,,,,,,,,10
2.0,cfb_20261003_camp_nccu,aec-cfb-camp-ncc-2026-10-03,vultr,outside coverage,1791074050,1791074051000000000,2026-10-03 20:34:11.000000000 ET,-1,timeout,0.295,,0.2,1791074053000000000,2026-10-03 20:34:13.000000000 ET,,,,,1791074111000000000,2026-10-03 20:35:11.000000000 ET,,,,,,,,,10
2.0,cfb_20261003_camp_nccu,aec-cfb-camp-ncc-2026-10-03,vultr,outside coverage,1791074316,1791074317000000000,2026-10-03 20:38:37.000000000 ET,1,timeout,0.435,,0.2,1791074319000000000,2026-10-03 20:38:39.000000000 ET,,,,,1791074377000000000,2026-10-03 20:39:37.000000000 ET,,,,,,,,,10
2.0,cfb_20261003_camp_nccu,aec-cfb-camp-ncc-2026-10-03,vultr,outside coverage,1791074837,1791074838000000000,2026-10-03 20:47:18.000000000 ET,-1,timeout,0.315,,0.2,1791074840000000000,2026-10-03 20:47:20.000000000 ET,,,,,1791074898000000000,2026-10-03 20:48:18.000000000 ET,,,,,,,,,10
2.0,cfb_20261003_camp_nccu,aec-cfb-camp-ncc-2026-10-03,vultr,outside coverage,1791075082,1791075083000000000,2026-10-03 20:51:23.000000000 ET,1,timeout,0.325,,0.2,1791075085000000000,2026-10-03 20:51:25.000000000 ET,,,,,1791075143000000000,2026-10-03 20:52:23.000000000 ET,,,,,,,,,10
2.0,cfb_20261003_camp_nccu,aec-cfb-camp-ncc-2026-10-03,vultr,outside coverage,1791075376,1791075377000000000,2026-10-03 20:56:17.000000000 ET,1,timeout,0.44999999999999996,,0.2,1791075379000000000,2026-10-03 20:56:19.000000000 ET,,,,,1791075437000000000,2026-10-03 20:57:17.000000000 ET,,,,,,,,,10
2.0,cfb_20261003_camp_nccu,aec-cfb-camp-ncc-2026-10-03,vultr,outside coverage,1791075438,1791075439000000000,2026-10-03 20:57:19.000000000 ET,-1,timeout,0.33499999999999996,,0.2,1791075441000000000,2026-10-03 20:57:21.000000000 ET,,,,,1791075499000000000,2026-10-03 20:58:19.000000000 ET,,,,,,,,,10
2.0,cfb_20261003_camp_nccu,aec-cfb-camp-ncc-2026-10-03,vultr,outside coverage,1791075508,1791075509000000000,2026-10-03 20:58:29.000000000 ET,-1,timeout,0.32999999999999996,,0.2,1791075511000000000,2026-10-03 20:58:31.000000000 ET,,,,,1791075569000000000,2026-10-03 20:59:29.000000000 ET,,,,,,,,,10
2.0,cfb_20261003_camp_nccu,aec-cfb-camp-ncc-2026-10-03,vultr,outside coverage,1791075633,1791075634000000000,2026-10-03 21:00:34.000000000 ET,1,timeout,0.33999999999999997,,0.2,1791075636000000000,2026-10-03 21:00:36.000000000 ET,,,,,1791075694000000000,2026-10-03 21:01:34.000000000 ET,,,,,,,,,10
2.0,cfb_20261003_camp_nccu,aec-cfb-camp-ncc-2026-10-03,vultr,outside coverage,1791075950,1791075951000000000,2026-10-03 21:05:51.000000000 ET,-1,timeout,0.29000000000000004,,0.2,1791075953000000000,2026-10-03 21:05:53.000000000 ET,,,,,1791076011000000000,2026-10-03 21:06:51.000000000 ET,,,,,,,,,10
2.0,cfb_20261003_camp_nccu,aec-cfb-camp-ncc-2026-10-03,vultr,outside coverage,1791076014,1791076015000000000,2026-10-03 21:06:55.000000000 ET,-1,timeout,0.16,,0.2,1791076017000000000,2026-10-03 21:06:57.000000000 ET,,,,,1791076075000000000,2026-10-03 21:07:55.000000000 ET,,,,,,,,,10
2.0,cfb_20261003_camp_nccu,aec-cfb-camp-ncc-2026-10-03,vultr,outside coverage,1791076121,1791076122000000000,2026-10-03 21:08:42.000000000 ET,1,timeout,0.13,,0.2,1791076124000000000,2026-10-03 21:08:44.000000000 ET,,,,,1791076182000000000,2026-10-03 21:09:42.000000000 ET,,,,,,,,,10
2.0,cfb_20261003_camp_nccu,aec-cfb-camp-ncc-2026-10-03,vultr,outside coverage,1791076250,1791076251000000000,2026-10-03 21:10:51.000000000 ET,1,timeout,0.2,,0.2,1791076253000000000,2026-10-03 21:10:53.000000000 ET,,,,,1791076311000000000,2026-10-03 21:11:51.000000000 ET,,,,,,,,,10
2.0,cfb_20261003_camp_nccu,aec-cfb-camp-ncc-2026-10-03,vultr,outside coverage,1791076376,1791076377000000000,2026-10-03 21:12:57.000000000 ET,1,timeout,0.145,,0.2,1791076379000000000,2026-10-03 21:12:59.000000000 ET,,,,,1791076437000000000,2026-10-03 21:13:57.000000000 ET,,,,,,,,,10
2.0,cfb_20261003_camp_nccu,aec-cfb-camp-ncc-2026-10-03,vultr,outside coverage,1791076470,1791076471000000000,2026-10-03 21:14:31.000000000 ET,1,timeout,0.20500000000000002,,0.2,1791076473000000000,2026-10-03 21:14:33.000000000 ET,,,,,1791076531000000000,2026-10-03 21:15:31.000000000 ET,,,,,,,,,10
2.0,cfb_20261003_camp_nccu,aec-cfb-camp-ncc-2026-10-03,vultr,outside coverage,1791076564,1791076565000000000,2026-10-03 21:16:05.000000000 ET,1,timeout,0.175,,0.2,1791076567000000000,2026-10-03 21:16:07.000000000 ET,,,,,1791076625000000000,2026-10-03 21:17:05.000000000 ET,,,,,,,,,10
2.0,cfb_20261003_camp_nccu,aec-cfb-camp-ncc-2026-10-03,vultr,outside coverage,1791076699,1791076700000000000,2026-10-03 21:18:20.000000000 ET,-1,timeout,0.19,,0.2,1791076702000000000,2026-10-03 21:18:22.000000000 ET,,,,,1791076760000000000,2026-10-03 21:19:20.000000000 ET,,,,,,,,,10
2.0,cfb_20261003_camp_nccu,aec-cfb-camp-ncc-2026-10-03,vultr,outside coverage,1791076879,1791076880000000000,2026-10-03 21:21:20.000000000 ET,-1,timeout,0.08,,0.2,1791076882000000000,2026-10-03 21:21:22.000000000 ET,,,,,1791076940000000000,2026-10-03 21:22:20.000000000 ET,,,,,,,,,10
2.0,cfb_20261003_camp_nccu,aec-cfb-camp-ncc-2026-10-03,vultr,outside coverage,1791077009,1791077010000000000,2026-10-03 21:23:30.000000000 ET,-1,timeout,0.1,,0.2,1791077012000000000,2026-10-03 21:23:32.000000000 ET,,,,,1791077070000000000,2026-10-03 21:24:30.000000000 ET,,,,,,,,,10
2.0,cfb_20261003_camp_nccu,aec-cfb-camp-ncc-2026-10-03,vultr,outside coverage,1791077097,1791077098000000000,2026-10-03 21:24:58.000000000 ET,-1,timeout,0.035,,0.2,1791077100000000000,2026-10-03 21:25:00.000000000 ET,,,,,1791077158000000000,2026-10-03 21:25:58.000000000 ET,,,,,,,,,10
5.0,cfb_20261003_camp_nccu,aec-cfb-camp-ncc-2026-10-03,vultr,outside coverage,1791066215,1791066216000000000,2026-10-03 18:23:36.000000000 ET,1,timeout,0.33,,0.2,1791066221000000000,2026-10-03 18:23:41.000000000 ET,,,,,1791066276000000000,2026-10-03 18:24:36.000000000 ET,,,,,,,,,10
5.0,cfb_20261003_camp_nccu,aec-cfb-camp-ncc-2026-10-03,vultr,outside coverage,1791067559,1791067560000000000,2026-10-03 18:46:00.000000000 ET,-1,timeout,0.33499999999999996,,0.2,1791067565000000000,2026-10-03 18:46:05.000000000 ET,,,,,1791067620000000000,2026-10-03 18:47:00.000000000 ET,,,,,,,,,10
5.0,cfb_20261003_camp_nccu,aec-cfb-camp-ncc-2026-10-03,vultr,outside coverage,1791067702,1791067703000000000,2026-10-03 18:48:23.000000000 ET,-1,timeout,0.22999999999999998,,0.2,1791067708000000000,2026-10-03 18:48:28.000000000 ET,,,,,1791067763000000000,2026-10-03 18:49:23.000000000 ET,,,,,,,,,10
5.0,cfb_20261003_camp_nccu,aec-cfb-camp-ncc-2026-10-03,vultr,outside coverage,1791070151,1791070152000000000,2026-10-03 19:29:12.000000000 ET,1,timeout,0.105,,0.2,1791070157000000000,2026-10-03 19:29:17.000000000 ET,,,,,1791070212000000000,2026-10-03 19:30:12.000000000 ET,,,,,,,,,10
5.0,cfb_20261003_camp_nccu,aec-cfb-camp-ncc-2026-10-03,vultr,outside coverage,1791072823,1791072824000000000,2026-10-03 20:13:44.000000000 ET,-1,timeout,0.16,,0.2,1791072829000000000,2026-10-03 20:13:49.000000000 ET,,,,,1791072884000000000,2026-10-03 20:14:44.000000000 ET,,,,,,,,,10
5.0,cfb_20261003_camp_nccu,aec-cfb-camp-ncc-2026-10-03,vultr,outside coverage,1791073480,1791073481000000000,2026-10-03 20:24:41.000000000 ET,1,timeout,0.195,,0.2,1791073486000000000,2026-10-03 20:24:46.000000000 ET,,,,,1791073541000000000,2026-10-03 20:25:41.000000000 ET,,,,,,,,,10
5.0,cfb_20261003_camp_nccu,aec-cfb-camp-ncc-2026-10-03,vultr,outside coverage,1791074050,1791074051000000000,2026-10-03 20:34:11.000000000 ET,-1,timeout,0.295,,0.2,1791074056000000000,2026-10-03 20:34:16.000000000 ET,,,,,1791074111000000000,2026-10-03 20:35:11.000000000 ET,,,,,,,,,10
5.0,cfb_20261003_camp_nccu,aec-cfb-camp-ncc-2026-10-03,vultr,outside coverage,1791074316,1791074317000000000,2026-10-03 20:38:37.000000000 ET,1,timeout,0.435,,0.2,1791074322000000000,2026-10-03 20:38:42.000000000 ET,,,,,1791074377000000000,2026-10-03 20:39:37.000000000 ET,,,,,,,,,10
5.0,cfb_20261003_camp_nccu,aec-cfb-camp-ncc-2026-10-03,vultr,outside coverage,1791074837,1791074838000000000,2026-10-03 20:47:18.000000000 ET,-1,timeout,0.315,,0.2,1791074843000000000,2026-10-03 20:47:23.000000000 ET,,,,,1791074898000000000,2026-10-03 20:48:18.000000000 ET,,,,,,,,,10
5.0,cfb_20261003_camp_nccu,aec-cfb-camp-ncc-2026-10-03,vultr,outside coverage,1791075082,1791075083000000000,2026-10-03 20:51:23.000000000 ET,1,timeout,0.325,,0.2,1791075088000000000,2026-10-03 20:51:28.000000000 ET,,,,,1791075143000000000,2026-10-03 20:52:23.000000000 ET,,,,,,,,,10
5.0,cfb_20261003_camp_nccu,aec-cfb-camp-ncc-2026-10-03,vultr,outside coverage,1791075376,1791075377000000000,2026-10-03 20:56:17.000000000 ET,1,timeout,0.44999999999999996,,0.2,1791075382000000000,2026-10-03 20:56:22.000000000 ET,,,,,1791075437000000000,2026-10-03 20:57:17.000000000 ET,,,,,,,,,10
5.0,cfb_20261003_camp_nccu,aec-cfb-camp-ncc-2026-10-03,vultr,outside coverage,1791075438,1791075439000000000,2026-10-03 20:57:19.000000000 ET,-1,timeout,0.33499999999999996,,0.2,1791075444000000000,2026-10-03 20:57:24.000000000 ET,,,,,1791075499000000000,2026-10-03 20:58:19.000000000 ET,,,,,,,,,10
5.0,cfb_20261003_camp_nccu,aec-cfb-camp-ncc-2026-10-03,vultr,outside coverage,1791075508,1791075509000000000,2026-10-03 20:58:29.000000000 ET,-1,timeout,0.32999999999999996,,0.2,1791075514000000000,2026-10-03 20:58:34.000000000 ET,,,,,1791075569000000000,2026-10-03 20:59:29.000000000 ET,,,,,,,,,10
5.0,cfb_20261003_camp_nccu,aec-cfb-camp-ncc-2026-10-03,vultr,outside coverage,1791075633,1791075634000000000,2026-10-03 21:00:34.000000000 ET,1,timeout,0.33999999999999997,,0.2,1791075639000000000,2026-10-03 21:00:39.000000000 ET,,,,,1791075694000000000,2026-10-03 21:01:34.000000000 ET,,,,,,,,,10
5.0,cfb_20261003_camp_nccu,aec-cfb-camp-ncc-2026-10-03,vultr,outside coverage,1791075950,1791075951000000000,2026-10-03 21:05:51.000000000 ET,-1,timeout,0.29000000000000004,,0.2,1791075956000000000,2026-10-03 21:05:56.000000000 ET,,,,,1791076011000000000,2026-10-03 21:06:51.000000000 ET,,,,,,,,,10
5.0,cfb_20261003_camp_nccu,aec-cfb-camp-ncc-2026-10-03,vultr,outside coverage,1791076014,1791076015000000000,2026-10-03 21:06:55.000000000 ET,-1,timeout,0.16,,0.2,1791076020000000000,2026-10-03 21:07:00.000000000 ET,,,,,1791076075000000000,2026-10-03 21:07:55.000000000 ET,,,,,,,,,10
5.0,cfb_20261003_camp_nccu,aec-cfb-camp-ncc-2026-10-03,vultr,outside coverage,1791076121,1791076122000000000,2026-10-03 21:08:42.000000000 ET,1,timeout,0.13,,0.2,1791076127000000000,2026-10-03 21:08:47.000000000 ET,,,,,1791076182000000000,2026-10-03 21:09:42.000000000 ET,,,,,,,,,10
5.0,cfb_20261003_camp_nccu,aec-cfb-camp-ncc-2026-10-03,vultr,outside coverage,1791076250,1791076251000000000,2026-10-03 21:10:51.000000000 ET,1,timeout,0.2,,0.2,1791076256000000000,2026-10-03 21:10:56.000000000 ET,,,,,1791076311000000000,2026-10-03 21:11:51.000000000 ET,,,,,,,,,10
5.0,cfb_20261003_camp_nccu,aec-cfb-camp-ncc-2026-10-03,vultr,outside coverage,1791076376,1791076377000000000,2026-10-03 21:12:57.000000000 ET,1,timeout,0.145,,0.2,1791076382000000000,2026-10-03 21:13:02.000000000 ET,,,,,1791076437000000000,2026-10-03 21:13:57.000000000 ET,,,,,,,,,10
5.0,cfb_20261003_camp_nccu,aec-cfb-camp-ncc-2026-10-03,vultr,outside coverage,1791076470,1791076471000000000,2026-10-03 21:14:31.000000000 ET,1,timeout,0.20500000000000002,,0.2,1791076476000000000,2026-10-03 21:14:36.000000000 ET,,,,,1791076531000000000,2026-10-03 21:15:31.000000000 ET,,,,,,,,,10
5.0,cfb_20261003_camp_nccu,aec-cfb-camp-ncc-2026-10-03,vultr,outside coverage,1791076564,1791076565000000000,2026-10-03 21:16:05.000000000 ET,1,timeout,0.175,,0.2,1791076570000000000,2026-10-03 21:16:10.000000000 ET,,,,,1791076625000000000,2026-10-03 21:17:05.000000000 ET,,,,,,,,,10
5.0,cfb_20261003_camp_nccu,aec-cfb-camp-ncc-2026-10-03,vultr,outside coverage,1791076699,1791076700000000000,2026-10-03 21:18:20.000000000 ET,-1,timeout,0.19,,0.2,1791076705000000000,2026-10-03 21:18:25.000000000 ET,,,,,1791076760000000000,2026-10-03 21:19:20.000000000 ET,,,,,,,,,10
5.0,cfb_20261003_camp_nccu,aec-cfb-camp-ncc-2026-10-03,vultr,outside coverage,1791076879,1791076880000000000,2026-10-03 21:21:20.000000000 ET,-1,timeout,0.08,,0.2,1791076885000000000,2026-10-03 21:21:25.000000000 ET,,,,,1791076940000000000,2026-10-03 21:22:20.000000000 ET,,,,,,,,,10
5.0,cfb_20261003_camp_nccu,aec-cfb-camp-ncc-2026-10-03,vultr,outside coverage,1791077009,1791077010000000000,2026-10-03 21:23:30.000000000 ET,-1,timeout,0.1,,0.2,1791077015000000000,2026-10-03 21:23:35.000000000 ET,,,,,1791077070000000000,2026-10-03 21:24:30.000000000 ET,,,,,,,,,10
5.0,cfb_20261003_camp_nccu,aec-cfb-camp-ncc-2026-10-03,vultr,outside coverage,1791077097,1791077098000000000,2026-10-03 21:24:58.000000000 ET,-1,timeout,0.035,,0.2,1791077103000000000,2026-10-03 21:25:03.000000000 ET,,,,,1791077158000000000,2026-10-03 21:25:58.000000000 ET,,,,,,,,,10
1.0,cfb_20261003_iw_sfa,aec-cfb-incar-sfaus-2026-10-03,vultr,outside coverage,1791066733,1791066734000000000,2026-10-03 18:32:14.000000000 ET,-1,timeout,0.8200000000000001,,0.885,1791066735000000000,2026-10-03 18:32:15.000000000 ET,,,,,1791066794000000000,2026-10-03 18:33:14.000000000 ET,,,,,,,,,10
1.0,cfb_20261003_iw_sfa,aec-cfb-incar-sfaus-2026-10-03,vultr,outside coverage,1791068404,1791068405000000000,2026-10-03 19:00:05.000000000 ET,-1,timeout,0.8,,0.885,1791068406000000000,2026-10-03 19:00:06.000000000 ET,,,,,1791068465000000000,2026-10-03 19:01:05.000000000 ET,,,,,,,,,10
1.0,cfb_20261003_iw_sfa,aec-cfb-incar-sfaus-2026-10-03,vultr,outside coverage,1791068532,1791068533000000000,2026-10-03 19:02:13.000000000 ET,1,timeout,0.81,,0.885,1791068534000000000,2026-10-03 19:02:14.000000000 ET,,,,,1791068593000000000,2026-10-03 19:03:13.000000000 ET,,,,,,,,,10
1.0,cfb_20261003_iw_sfa,aec-cfb-incar-sfaus-2026-10-03,vultr,outside coverage,1791068611,1791068612000000000,2026-10-03 19:03:32.000000000 ET,-1,timeout,0.86,,0.885,1791068613000000000,2026-10-03 19:03:33.000000000 ET,,,,,1791068672000000000,2026-10-03 19:04:32.000000000 ET,,,,,,,,,10
1.0,cfb_20261003_iw_sfa,aec-cfb-incar-sfaus-2026-10-03,vultr,outside coverage,1791069865,1791069866000000000,2026-10-03 19:24:26.000000000 ET,-1,timeout,0.635,,0.885,1791069867000000000,2026-10-03 19:24:27.000000000 ET,,,,,1791069926000000000,2026-10-03 19:25:26.000000000 ET,,,,,,,,,10
1.0,cfb_20261003_iw_sfa,aec-cfb-incar-sfaus-2026-10-03,vultr,outside coverage,1791070853,1791070854000000000,2026-10-03 19:40:54.000000000 ET,1,timeout,0.785,,0.885,1791070855000000000,2026-10-03 19:40:55.000000000 ET,,,,,1791070914000000000,2026-10-03 19:41:54.000000000 ET,,,,,,,,,10
1.0,cfb_20261003_iw_sfa,aec-cfb-incar-sfaus-2026-10-03,vultr,outside coverage,1791070915,1791070916000000000,2026-10-03 19:41:56.000000000 ET,-1,timeout,0.735,,0.885,1791070917000000000,2026-10-03 19:41:57.000000000 ET,,,,,1791070976000000000,2026-10-03 19:42:56.000000000 ET,,,,,,,,,10
1.0,cfb_20261003_iw_sfa,aec-cfb-incar-sfaus-2026-10-03,vultr,outside coverage,1791071247,1791071248000000000,2026-10-03 19:47:28.000000000 ET,1,timeout,0.71,,0.885,1791071249000000000,2026-10-03 19:47:29.000000000 ET,,,,,1791071308000000000,2026-10-03 19:48:28.000000000 ET,,,,,,,,,10
1.0,cfb_20261003_iw_sfa,aec-cfb-incar-sfaus-2026-10-03,vultr,outside coverage,1791071350,1791071351000000000,2026-10-03 19:49:11.000000000 ET,1,timeout,0.77,,0.885,1791071352000000000,2026-10-03 19:49:12.000000000 ET,,,,,1791071411000000000,2026-10-03 19:50:11.000000000 ET,,,,,,,,,10
1.0,cfb_20261003_iw_sfa,aec-cfb-incar-sfaus-2026-10-03,vultr,outside coverage,1791071707,1791071708000000000,2026-10-03 19:55:08.000000000 ET,-1,timeout,0.645,,0.885,1791071709000000000,2026-10-03 19:55:09.000000000 ET,,,,,1791071768000000000,2026-10-03 19:56:08.000000000 ET,,,,,,,,,10
1.0,cfb_20261003_iw_sfa,aec-cfb-incar-sfaus-2026-10-03,vultr,outside coverage,1791071823,1791071824000000000,2026-10-03 19:57:04.000000000 ET,1,timeout,0.715,,0.885,1791071825000000000,2026-10-03 19:57:05.000000000 ET,,,,,1791071884000000000,2026-10-03 19:58:04.000000000 ET,,,,,,,,,10
1.0,cfb_20261003_iw_sfa,aec-cfb-incar-sfaus-2026-10-03,vultr,outside coverage,1791071916,1791071917000000000,2026-10-03 19:58:37.000000000 ET,1,timeout,0.795,,0.885,1791071918000000000,2026-10-03 19:58:38.000000000 ET,,,,,1791071977000000000,2026-10-03 19:59:37.000000000 ET,,,,,,,,,10
1.0,cfb_20261003_iw_sfa,aec-cfb-incar-sfaus-2026-10-03,vultr,outside coverage,1791072646,1791072647000000000,2026-10-03 20:10:47.000000000 ET,-1,timeout,0.635,,0.885,1791072648000000000,2026-10-03 20:10:48.000000000 ET,,,,,1791072707000000000,2026-10-03 20:11:47.000000000 ET,,,,,,,,,10
1.0,cfb_20261003_iw_sfa,aec-cfb-incar-sfaus-2026-10-03,vultr,outside coverage,1791073634,1791073635000000000,2026-10-03 20:27:15.000000000 ET,1,timeout,0.625,,0.885,1791073636000000000,2026-10-03 20:27:16.000000000 ET,,,,,1791073695000000000,2026-10-03 20:28:15.000000000 ET,,,,,,,,,10
1.0,cfb_20261003_iw_sfa,aec-cfb-incar-sfaus-2026-10-03,vultr,outside coverage,1791073697,1791073698000000000,2026-10-03 20:28:18.000000000 ET,1,timeout,0.64,,0.885,1791073699000000000,2026-10-03 20:28:19.000000000 ET,,,,,1791073758000000000,2026-10-03 20:29:18.000000000 ET,,,,,,,,,10
1.0,cfb_20261003_iw_sfa,aec-cfb-incar-sfaus-2026-10-03,vultr,outside coverage,1791073848,1791073849000000000,2026-10-03 20:30:49.000000000 ET,-1,timeout,0.585,,0.885,1791073850000000000,2026-10-03 20:30:50.000000000 ET,,,,,1791073909000000000,2026-10-03 20:31:49.000000000 ET,,,,,,,,,10
1.0,cfb_20261003_iw_sfa,aec-cfb-incar-sfaus-2026-10-03,vultr,outside coverage,1791073988,1791073989000000000,2026-10-03 20:33:09.000000000 ET,1,timeout,0.635,,0.885,1791073990000000000,2026-10-03 20:33:10.000000000 ET,,,,,1791074049000000000,2026-10-03 20:34:09.000000000 ET,,,,,,,,,10
1.0,cfb_20261003_iw_sfa,aec-cfb-incar-sfaus-2026-10-03,vultr,outside coverage,1791074289,1791074290000000000,2026-10-03 20:38:10.000000000 ET,1,timeout,0.715,,0.885,1791074291000000000,2026-10-03 20:38:11.000000000 ET,,,,,1791074350000000000,2026-10-03 20:39:10.000000000 ET,,,,,,,,,10
1.0,cfb_20261003_iw_sfa,aec-cfb-incar-sfaus-2026-10-03,vultr,outside coverage,1791074365,1791074366000000000,2026-10-03 20:39:26.000000000 ET,-1,timeout,0.5700000000000001,,0.885,1791074367000000000,2026-10-03 20:39:27.000000000 ET,,,,,1791074426000000000,2026-10-03 20:40:26.000000000 ET,,,,,,,,,10
1.0,cfb_20261003_iw_sfa,aec-cfb-incar-sfaus-2026-10-03,vultr,outside coverage,1791074505,1791074506000000000,2026-10-03 20:41:46.000000000 ET,-1,timeout,0.555,,0.885,1791074507000000000,2026-10-03 20:41:47.000000000 ET,,,,,1791074566000000000,2026-10-03 20:42:46.000000000 ET,,,,,,,,,10
1.0,cfb_20261003_iw_sfa,aec-cfb-incar-sfaus-2026-10-03,vultr,outside coverage,1791074642,1791074643000000000,2026-10-03 20:44:03.000000000 ET,1,timeout,0.74,,0.885,1791074644000000000,2026-10-03 20:44:04.000000000 ET,,,,,1791074703000000000,2026-10-03 20:45:03.000000000 ET,,,,,,,,,10
1.0,cfb_20261003_iw_sfa,aec-cfb-incar-sfaus-2026-10-03,vultr,outside coverage,1791074804,1791074805000000000,2026-10-03 20:46:45.000000000 ET,-1,timeout,0.76,,0.885,1791074806000000000,2026-10-03 20:46:46.000000000 ET,,,,,1791074865000000000,2026-10-03 20:47:45.000000000 ET,,,,,,,,,10
1.0,cfb_20261003_iw_sfa,aec-cfb-incar-sfaus-2026-10-03,vultr,outside coverage,1791074965,1791074966000000000,2026-10-03 20:49:26.000000000 ET,1,timeout,0.765,,0.885,1791074967000000000,2026-10-03 20:49:27.000000000 ET,,,,,1791075026000000000,2026-10-03 20:50:26.000000000 ET,,,,,,,,,10
1.0,cfb_20261003_iw_sfa,aec-cfb-incar-sfaus-2026-10-03,vultr,outside coverage,1791075033,1791075034000000000,2026-10-03 20:50:34.000000000 ET,-1,timeout,0.735,,0.885,1791075035000000000,2026-10-03 20:50:35.000000000 ET,,,,,1791075094000000000,2026-10-03 20:51:34.000000000 ET,,,,,,,,,10
1.0,cfb_20261003_iw_sfa,aec-cfb-incar-sfaus-2026-10-03,vultr,outside coverage,1791075105,1791075106000000000,2026-10-03 20:51:46.000000000 ET,1,timeout,0.85,,0.885,1791075107000000000,2026-10-03 20:51:47.000000000 ET,,,,,1791075166000000000,2026-10-03 20:52:46.000000000 ET,,,,,,,,,10
1.0,cfb_20261003_iw_sfa,aec-cfb-incar-sfaus-2026-10-03,vultr,outside coverage,1791075231,1791075232000000000,2026-10-03 20:53:52.000000000 ET,1,timeout,0.86,,0.885,1791075233000000000,2026-10-03 20:53:53.000000000 ET,,,,,1791075292000000000,2026-10-03 20:54:52.000000000 ET,,,,,,,,,10
1.0,cfb_20261003_iw_sfa,aec-cfb-incar-sfaus-2026-10-03,vultr,outside coverage,1791075498,1791075499000000000,2026-10-03 20:58:19.000000000 ET,-1,timeout,0.835,,0.885,1791075500000000000,2026-10-03 20:58:20.000000000 ET,,,,,1791075559000000000,2026-10-03 20:59:19.000000000 ET,,,,,,,,,10
1.0,cfb_20261003_iw_sfa,aec-cfb-incar-sfaus-2026-10-03,vultr,outside coverage,1791075734,1791075735000000000,2026-10-03 21:02:15.000000000 ET,1,timeout,0.91,,0.885,1791075736000000000,2026-10-03 21:02:16.000000000 ET,,,,,1791075795000000000,2026-10-03 21:03:15.000000000 ET,,,,,,,,,10
1.0,cfb_20261003_iw_sfa,aec-cfb-incar-sfaus-2026-10-03,vultr,outside coverage,1791076107,1791076108000000000,2026-10-03 21:08:28.000000000 ET,-1,timeout,0.8,,0.885,1791076109000000000,2026-10-03 21:08:29.000000000 ET,,,,,1791076168000000000,2026-10-03 21:09:28.000000000 ET,,,,,,,,,10
1.0,cfb_20261003_iw_sfa,aec-cfb-incar-sfaus-2026-10-03,vultr,outside coverage,1791076443,1791076444000000000,2026-10-03 21:14:04.000000000 ET,1,timeout,0.815,,0.885,1791076445000000000,2026-10-03 21:14:05.000000000 ET,,,,,1791076504000000000,2026-10-03 21:15:04.000000000 ET,,,,,,,,,10
1.0,cfb_20261003_iw_sfa,aec-cfb-incar-sfaus-2026-10-03,vultr,outside coverage,1791076695,1791076696000000000,2026-10-03 21:18:16.000000000 ET,-1,timeout,0.87,,0.885,1791076697000000000,2026-10-03 21:18:17.000000000 ET,,,,,1791076756000000000,2026-10-03 21:19:16.000000000 ET,,,,,,,,,10
1.0,cfb_20261003_iw_sfa,aec-cfb-incar-sfaus-2026-10-03,vultr,outside coverage,1791076785,1791076786000000000,2026-10-03 21:19:46.000000000 ET,-1,timeout,0.885,,0.885,1791076787000000000,2026-10-03 21:19:47.000000000 ET,,,,,1791076846000000000,2026-10-03 21:20:46.000000000 ET,,,,,,,,,10
1.0,cfb_20261003_iw_sfa,aec-cfb-incar-sfaus-2026-10-03,vultr,outside coverage,1791076924,1791076925000000000,2026-10-03 21:22:05.000000000 ET,-1,timeout,0.81,,0.885,1791076926000000000,2026-10-03 21:22:06.000000000 ET,,,,,1791076985000000000,2026-10-03 21:23:05.000000000 ET,,,,,,,,,10
1.0,cfb_20261003_iw_sfa,aec-cfb-incar-sfaus-2026-10-03,vultr,outside coverage,1791077580,1791077581000000000,2026-10-03 21:33:01.000000000 ET,-1,timeout,0.91,,0.885,1791077582000000000,2026-10-03 21:33:02.000000000 ET,,,,,1791077641000000000,2026-10-03 21:34:01.000000000 ET,,,,,,,,,10
1.0,cfb_20261003_iw_sfa,aec-cfb-incar-sfaus-2026-10-03,vultr,outside coverage,1791077671,1791077672000000000,2026-10-03 21:34:32.000000000 ET,-1,timeout,0.925,,0.885,1791077673000000000,2026-10-03 21:34:33.000000000 ET,,,,,1791077732000000000,2026-10-03 21:35:32.000000000 ET,,,,,,,,,10
1.0,cfb_20261003_iw_sfa,aec-cfb-incar-sfaus-2026-10-03,vultr,outside coverage,1791077742,1791077743000000000,2026-10-03 21:35:43.000000000 ET,1,timeout,0.865,,0.885,1791077744000000000,2026-10-03 21:35:44.000000000 ET,,,,,1791077803000000000,2026-10-03 21:36:43.000000000 ET,,,,,,,,,10
2.0,cfb_20261003_iw_sfa,aec-cfb-incar-sfaus-2026-10-03,vultr,outside coverage,1791066733,1791066734000000000,2026-10-03 18:32:14.000000000 ET,-1,timeout,0.8200000000000001,,0.885,1791066736000000000,2026-10-03 18:32:16.000000000 ET,,,,,1791066794000000000,2026-10-03 18:33:14.000000000 ET,,,,,,,,,10
2.0,cfb_20261003_iw_sfa,aec-cfb-incar-sfaus-2026-10-03,vultr,outside coverage,1791068404,1791068405000000000,2026-10-03 19:00:05.000000000 ET,-1,timeout,0.8,,0.885,1791068407000000000,2026-10-03 19:00:07.000000000 ET,,,,,1791068465000000000,2026-10-03 19:01:05.000000000 ET,,,,,,,,,10
2.0,cfb_20261003_iw_sfa,aec-cfb-incar-sfaus-2026-10-03,vultr,outside coverage,1791068532,1791068533000000000,2026-10-03 19:02:13.000000000 ET,1,timeout,0.81,,0.885,1791068535000000000,2026-10-03 19:02:15.000000000 ET,,,,,1791068593000000000,2026-10-03 19:03:13.000000000 ET,,,,,,,,,10
2.0,cfb_20261003_iw_sfa,aec-cfb-incar-sfaus-2026-10-03,vultr,outside coverage,1791068611,1791068612000000000,2026-10-03 19:03:32.000000000 ET,-1,timeout,0.86,,0.885,1791068614000000000,2026-10-03 19:03:34.000000000 ET,,,,,1791068672000000000,2026-10-03 19:04:32.000000000 ET,,,,,,,,,10
2.0,cfb_20261003_iw_sfa,aec-cfb-incar-sfaus-2026-10-03,vultr,outside coverage,1791069865,1791069866000000000,2026-10-03 19:24:26.000000000 ET,-1,timeout,0.635,,0.885,1791069868000000000,2026-10-03 19:24:28.000000000 ET,,,,,1791069926000000000,2026-10-03 19:25:26.000000000 ET,,,,,,,,,10
2.0,cfb_20261003_iw_sfa,aec-cfb-incar-sfaus-2026-10-03,vultr,outside coverage,1791070853,1791070854000000000,2026-10-03 19:40:54.000000000 ET,1,timeout,0.785,,0.885,1791070856000000000,2026-10-03 19:40:56.000000000 ET,,,,,1791070914000000000,2026-10-03 19:41:54.000000000 ET,,,,,,,,,10
2.0,cfb_20261003_iw_sfa,aec-cfb-incar-sfaus-2026-10-03,vultr,outside coverage,1791070915,1791070916000000000,2026-10-03 19:41:56.000000000 ET,-1,timeout,0.735,,0.885,1791070918000000000,2026-10-03 19:41:58.000000000 ET,,,,,1791070976000000000,2026-10-03 19:42:56.000000000 ET,,,,,,,,,10
2.0,cfb_20261003_iw_sfa,aec-cfb-incar-sfaus-2026-10-03,vultr,outside coverage,1791071247,1791071248000000000,2026-10-03 19:47:28.000000000 ET,1,timeout,0.71,,0.885,1791071250000000000,2026-10-03 19:47:30.000000000 ET,,,,,1791071308000000000,2026-10-03 19:48:28.000000000 ET,,,,,,,,,10
2.0,cfb_20261003_iw_sfa,aec-cfb-incar-sfaus-2026-10-03,vultr,outside coverage,1791071350,1791071351000000000,2026-10-03 19:49:11.000000000 ET,1,timeout,0.77,,0.885,1791071353000000000,2026-10-03 19:49:13.000000000 ET,,,,,1791071411000000000,2026-10-03 19:50:11.000000000 ET,,,,,,,,,10
2.0,cfb_20261003_iw_sfa,aec-cfb-incar-sfaus-2026-10-03,vultr,outside coverage,1791071707,1791071708000000000,2026-10-03 19:55:08.000000000 ET,-1,timeout,0.645,,0.885,1791071710000000000,2026-10-03 19:55:10.000000000 ET,,,,,1791071768000000000,2026-10-03 19:56:08.000000000 ET,,,,,,,,,10
2.0,cfb_20261003_iw_sfa,aec-cfb-incar-sfaus-2026-10-03,vultr,outside coverage,1791071823,1791071824000000000,2026-10-03 19:57:04.000000000 ET,1,timeout,0.715,,0.885,1791071826000000000,2026-10-03 19:57:06.000000000 ET,,,,,1791071884000000000,2026-10-03 19:58:04.000000000 ET,,,,,,,,,10
2.0,cfb_20261003_iw_sfa,aec-cfb-incar-sfaus-2026-10-03,vultr,outside coverage,1791071916,1791071917000000000,2026-10-03 19:58:37.000000000 ET,1,timeout,0.795,,0.885,1791071919000000000,2026-10-03 19:58:39.000000000 ET,,,,,1791071977000000000,2026-10-03 19:59:37.000000000 ET,,,,,,,,,10
2.0,cfb_20261003_iw_sfa,aec-cfb-incar-sfaus-2026-10-03,vultr,outside coverage,1791072646,1791072647000000000,2026-10-03 20:10:47.000000000 ET,-1,timeout,0.635,,0.885,1791072649000000000,2026-10-03 20:10:49.000000000 ET,,,,,1791072707000000000,2026-10-03 20:11:47.000000000 ET,,,,,,,,,10
2.0,cfb_20261003_iw_sfa,aec-cfb-incar-sfaus-2026-10-03,vultr,outside coverage,1791073634,1791073635000000000,2026-10-03 20:27:15.000000000 ET,1,timeout,0.625,,0.885,1791073637000000000,2026-10-03 20:27:17.000000000 ET,,,,,1791073695000000000,2026-10-03 20:28:15.000000000 ET,,,,,,,,,10
2.0,cfb_20261003_iw_sfa,aec-cfb-incar-sfaus-2026-10-03,vultr,outside coverage,1791073697,1791073698000000000,2026-10-03 20:28:18.000000000 ET,1,timeout,0.64,,0.885,1791073700000000000,2026-10-03 20:28:20.000000000 ET,,,,,1791073758000000000,2026-10-03 20:29:18.000000000 ET,,,,,,,,,10
2.0,cfb_20261003_iw_sfa,aec-cfb-incar-sfaus-2026-10-03,vultr,outside coverage,1791073848,1791073849000000000,2026-10-03 20:30:49.000000000 ET,-1,timeout,0.585,,0.885,1791073851000000000,2026-10-03 20:30:51.000000000 ET,,,,,1791073909000000000,2026-10-03 20:31:49.000000000 ET,,,,,,,,,10
2.0,cfb_20261003_iw_sfa,aec-cfb-incar-sfaus-2026-10-03,vultr,outside coverage,1791073988,1791073989000000000,2026-10-03 20:33:09.000000000 ET,1,timeout,0.635,,0.885,1791073991000000000,2026-10-03 20:33:11.000000000 ET,,,,,1791074049000000000,2026-10-03 20:34:09.000000000 ET,,,,,,,,,10
2.0,cfb_20261003_iw_sfa,aec-cfb-incar-sfaus-2026-10-03,vultr,outside coverage,1791074289,1791074290000000000,2026-10-03 20:38:10.000000000 ET,1,timeout,0.715,,0.885,1791074292000000000,2026-10-03 20:38:12.000000000 ET,,,,,1791074350000000000,2026-10-03 20:39:10.000000000 ET,,,,,,,,,10
2.0,cfb_20261003_iw_sfa,aec-cfb-incar-sfaus-2026-10-03,vultr,outside coverage,1791074365,1791074366000000000,2026-10-03 20:39:26.000000000 ET,-1,timeout,0.5700000000000001,,0.885,1791074368000000000,2026-10-03 20:39:28.000000000 ET,,,,,1791074426000000000,2026-10-03 20:40:26.000000000 ET,,,,,,,,,10
2.0,cfb_20261003_iw_sfa,aec-cfb-incar-sfaus-2026-10-03,vultr,outside coverage,1791074505,1791074506000000000,2026-10-03 20:41:46.000000000 ET,-1,timeout,0.555,,0.885,1791074508000000000,2026-10-03 20:41:48.000000000 ET,,,,,1791074566000000000,2026-10-03 20:42:46.000000000 ET,,,,,,,,,10
2.0,cfb_20261003_iw_sfa,aec-cfb-incar-sfaus-2026-10-03,vultr,outside coverage,1791074642,1791074643000000000,2026-10-03 20:44:03.000000000 ET,1,timeout,0.74,,0.885,1791074645000000000,2026-10-03 20:44:05.000000000 ET,,,,,1791074703000000000,2026-10-03 20:45:03.000000000 ET,,,,,,,,,10
2.0,cfb_20261003_iw_sfa,aec-cfb-incar-sfaus-2026-10-03,vultr,outside coverage,1791074804,1791074805000000000,2026-10-03 20:46:45.000000000 ET,-1,timeout,0.76,,0.885,1791074807000000000,2026-10-03 20:46:47.000000000 ET,,,,,1791074865000000000,2026-10-03 20:47:45.000000000 ET,,,,,,,,,10
2.0,cfb_20261003_iw_sfa,aec-cfb-incar-sfaus-2026-10-03,vultr,outside coverage,1791074965,1791074966000000000,2026-10-03 20:49:26.000000000 ET,1,timeout,0.765,,0.885,1791074968000000000,2026-10-03 20:49:28.000000000 ET,,,,,1791075026000000000,2026-10-03 20:50:26.000000000 ET,,,,,,,,,10
2.0,cfb_20261003_iw_sfa,aec-cfb-incar-sfaus-2026-10-03,vultr,outside coverage,1791075033,1791075034000000000,2026-10-03 20:50:34.000000000 ET,-1,timeout,0.735,,0.885,1791075036000000000,2026-10-03 20:50:36.000000000 ET,,,,,1791075094000000000,2026-10-03 20:51:34.000000000 ET,,,,,,,,,10
2.0,cfb_20261003_iw_sfa,aec-cfb-incar-sfaus-2026-10-03,vultr,outside coverage,1791075105,1791075106000000000,2026-10-03 20:51:46.000000000 ET,1,timeout,0.85,,0.885,1791075108000000000,2026-10-03 20:51:48.000000000 ET,,,,,1791075166000000000,2026-10-03 20:52:46.000000000 ET,,,,,,,,,10
2.0,cfb_20261003_iw_sfa,aec-cfb-incar-sfaus-2026-10-03,vultr,outside coverage,1791075231,1791075232000000000,2026-10-03 20:53:52.000000000 ET,1,timeout,0.86,,0.885,1791075234000000000,2026-10-03 20:53:54.000000000 ET,,,,,1791075292000000000,2026-10-03 20:54:52.000000000 ET,,,,,,,,,10
2.0,cfb_20261003_iw_sfa,aec-cfb-incar-sfaus-2026-10-03,vultr,outside coverage,1791075498,1791075499000000000,2026-10-03 20:58:19.000000000 ET,-1,timeout,0.835,,0.885,1791075501000000000,2026-10-03 20:58:21.000000000 ET,,,,,1791075559000000000,2026-10-03 20:59:19.000000000 ET,,,,,,,,,10
2.0,cfb_20261003_iw_sfa,aec-cfb-incar-sfaus-2026-10-03,vultr,outside coverage,1791075734,1791075735000000000,2026-10-03 21:02:15.000000000 ET,1,timeout,0.91,,0.885,1791075737000000000,2026-10-03 21:02:17.000000000 ET,,,,,1791075795000000000,2026-10-03 21:03:15.000000000 ET,,,,,,,,,10
2.0,cfb_20261003_iw_sfa,aec-cfb-incar-sfaus-2026-10-03,vultr,outside coverage,1791076107,1791076108000000000,2026-10-03 21:08:28.000000000 ET,-1,timeout,0.8,,0.885,1791076110000000000,2026-10-03 21:08:30.000000000 ET,,,,,1791076168000000000,2026-10-03 21:09:28.000000000 ET,,,,,,,,,10
2.0,cfb_20261003_iw_sfa,aec-cfb-incar-sfaus-2026-10-03,vultr,outside coverage,1791076443,1791076444000000000,2026-10-03 21:14:04.000000000 ET,1,timeout,0.815,,0.885,1791076446000000000,2026-10-03 21:14:06.000000000 ET,,,,,1791076504000000000,2026-10-03 21:15:04.000000000 ET,,,,,,,,,10
2.0,cfb_20261003_iw_sfa,aec-cfb-incar-sfaus-2026-10-03,vultr,outside coverage,1791076695,1791076696000000000,2026-10-03 21:18:16.000000000 ET,-1,timeout,0.87,,0.885,1791076698000000000,2026-10-03 21:18:18.000000000 ET,,,,,1791076756000000000,2026-10-03 21:19:16.000000000 ET,,,,,,,,,10
2.0,cfb_20261003_iw_sfa,aec-cfb-incar-sfaus-2026-10-03,vultr,outside coverage,1791076785,1791076786000000000,2026-10-03 21:19:46.000000000 ET,-1,timeout,0.885,,0.885,1791076788000000000,2026-10-03 21:19:48.000000000 ET,,,,,1791076846000000000,2026-10-03 21:20:46.000000000 ET,,,,,,,,,10
2.0,cfb_20261003_iw_sfa,aec-cfb-incar-sfaus-2026-10-03,vultr,outside coverage,1791076924,1791076925000000000,2026-10-03 21:22:05.000000000 ET,-1,timeout,0.81,,0.885,1791076927000000000,2026-10-03 21:22:07.000000000 ET,,,,,1791076985000000000,2026-10-03 21:23:05.000000000 ET,,,,,,,,,10
2.0,cfb_20261003_iw_sfa,aec-cfb-incar-sfaus-2026-10-03,vultr,outside coverage,1791077580,1791077581000000000,2026-10-03 21:33:01.000000000 ET,-1,timeout,0.91,,0.885,1791077583000000000,2026-10-03 21:33:03.000000000 ET,,,,,1791077641000000000,2026-10-03 21:34:01.000000000 ET,,,,,,,,,10
2.0,cfb_20261003_iw_sfa,aec-cfb-incar-sfaus-2026-10-03,vultr,outside coverage,1791077671,1791077672000000000,2026-10-03 21:34:32.000000000 ET,-1,timeout,0.925,,0.885,1791077674000000000,2026-10-03 21:34:34.000000000 ET,,,,,1791077732000000000,2026-10-03 21:35:32.000000000 ET,,,,,,,,,10
2.0,cfb_20261003_iw_sfa,aec-cfb-incar-sfaus-2026-10-03,vultr,outside coverage,1791077742,1791077743000000000,2026-10-03 21:35:43.000000000 ET,1,timeout,0.865,,0.885,1791077745000000000,2026-10-03 21:35:45.000000000 ET,,,,,1791077803000000000,2026-10-03 21:36:43.000000000 ET,,,,,,,,,10
5.0,cfb_20261003_iw_sfa,aec-cfb-incar-sfaus-2026-10-03,vultr,outside coverage,1791066733,1791066734000000000,2026-10-03 18:32:14.000000000 ET,-1,timeout,0.8200000000000001,,0.885,1791066739000000000,2026-10-03 18:32:19.000000000 ET,,,,,1791066794000000000,2026-10-03 18:33:14.000000000 ET,,,,,,,,,10
5.0,cfb_20261003_iw_sfa,aec-cfb-incar-sfaus-2026-10-03,vultr,outside coverage,1791068404,1791068405000000000,2026-10-03 19:00:05.000000000 ET,-1,timeout,0.8,,0.885,1791068410000000000,2026-10-03 19:00:10.000000000 ET,,,,,1791068465000000000,2026-10-03 19:01:05.000000000 ET,,,,,,,,,10
5.0,cfb_20261003_iw_sfa,aec-cfb-incar-sfaus-2026-10-03,vultr,outside coverage,1791068532,1791068533000000000,2026-10-03 19:02:13.000000000 ET,1,timeout,0.81,,0.885,1791068538000000000,2026-10-03 19:02:18.000000000 ET,,,,,1791068593000000000,2026-10-03 19:03:13.000000000 ET,,,,,,,,,10
5.0,cfb_20261003_iw_sfa,aec-cfb-incar-sfaus-2026-10-03,vultr,outside coverage,1791068611,1791068612000000000,2026-10-03 19:03:32.000000000 ET,-1,timeout,0.86,,0.885,1791068617000000000,2026-10-03 19:03:37.000000000 ET,,,,,1791068672000000000,2026-10-03 19:04:32.000000000 ET,,,,,,,,,10
5.0,cfb_20261003_iw_sfa,aec-cfb-incar-sfaus-2026-10-03,vultr,outside coverage,1791069865,1791069866000000000,2026-10-03 19:24:26.000000000 ET,-1,timeout,0.635,,0.885,1791069871000000000,2026-10-03 19:24:31.000000000 ET,,,,,1791069926000000000,2026-10-03 19:25:26.000000000 ET,,,,,,,,,10
5.0,cfb_20261003_iw_sfa,aec-cfb-incar-sfaus-2026-10-03,vultr,outside coverage,1791070853,1791070854000000000,2026-10-03 19:40:54.000000000 ET,1,timeout,0.785,,0.885,1791070859000000000,2026-10-03 19:40:59.000000000 ET,,,,,1791070914000000000,2026-10-03 19:41:54.000000000 ET,,,,,,,,,10
5.0,cfb_20261003_iw_sfa,aec-cfb-incar-sfaus-2026-10-03,vultr,outside coverage,1791070915,1791070916000000000,2026-10-03 19:41:56.000000000 ET,-1,timeout,0.735,,0.885,1791070921000000000,2026-10-03 19:42:01.000000000 ET,,,,,1791070976000000000,2026-10-03 19:42:56.000000000 ET,,,,,,,,,10
5.0,cfb_20261003_iw_sfa,aec-cfb-incar-sfaus-2026-10-03,vultr,outside coverage,1791071247,1791071248000000000,2026-10-03 19:47:28.000000000 ET,1,timeout,0.71,,0.885,1791071253000000000,2026-10-03 19:47:33.000000000 ET,,,,,1791071308000000000,2026-10-03 19:48:28.000000000 ET,,,,,,,,,10
5.0,cfb_20261003_iw_sfa,aec-cfb-incar-sfaus-2026-10-03,vultr,outside coverage,1791071350,1791071351000000000,2026-10-03 19:49:11.000000000 ET,1,timeout,0.77,,0.885,1791071356000000000,2026-10-03 19:49:16.000000000 ET,,,,,1791071411000000000,2026-10-03 19:50:11.000000000 ET,,,,,,,,,10
5.0,cfb_20261003_iw_sfa,aec-cfb-incar-sfaus-2026-10-03,vultr,outside coverage,1791071707,1791071708000000000,2026-10-03 19:55:08.000000000 ET,-1,timeout,0.645,,0.885,1791071713000000000,2026-10-03 19:55:13.000000000 ET,,,,,1791071768000000000,2026-10-03 19:56:08.000000000 ET,,,,,,,,,10
5.0,cfb_20261003_iw_sfa,aec-cfb-incar-sfaus-2026-10-03,vultr,outside coverage,1791071823,1791071824000000000,2026-10-03 19:57:04.000000000 ET,1,timeout,0.715,,0.885,1791071829000000000,2026-10-03 19:57:09.000000000 ET,,,,,1791071884000000000,2026-10-03 19:58:04.000000000 ET,,,,,,,,,10
5.0,cfb_20261003_iw_sfa,aec-cfb-incar-sfaus-2026-10-03,vultr,outside coverage,1791071916,1791071917000000000,2026-10-03 19:58:37.000000000 ET,1,timeout,0.795,,0.885,1791071922000000000,2026-10-03 19:58:42.000000000 ET,,,,,1791071977000000000,2026-10-03 19:59:37.000000000 ET,,,,,,,,,10
5.0,cfb_20261003_iw_sfa,aec-cfb-incar-sfaus-2026-10-03,vultr,outside coverage,1791072646,1791072647000000000,2026-10-03 20:10:47.000000000 ET,-1,timeout,0.635,,0.885,1791072652000000000,2026-10-03 20:10:52.000000000 ET,,,,,1791072707000000000,2026-10-03 20:11:47.000000000 ET,,,,,,,,,10
5.0,cfb_20261003_iw_sfa,aec-cfb-incar-sfaus-2026-10-03,vultr,outside coverage,1791073634,1791073635000000000,2026-10-03 20:27:15.000000000 ET,1,timeout,0.625,,0.885,1791073640000000000,2026-10-03 20:27:20.000000000 ET,,,,,1791073695000000000,2026-10-03 20:28:15.000000000 ET,,,,,,,,,10
5.0,cfb_20261003_iw_sfa,aec-cfb-incar-sfaus-2026-10-03,vultr,outside coverage,1791073697,1791073698000000000,2026-10-03 20:28:18.000000000 ET,1,timeout,0.64,,0.885,1791073703000000000,2026-10-03 20:28:23.000000000 ET,,,,,1791073758000000000,2026-10-03 20:29:18.000000000 ET,,,,,,,,,10
5.0,cfb_20261003_iw_sfa,aec-cfb-incar-sfaus-2026-10-03,vultr,outside coverage,1791073848,1791073849000000000,2026-10-03 20:30:49.000000000 ET,-1,timeout,0.585,,0.885,1791073854000000000,2026-10-03 20:30:54.000000000 ET,,,,,1791073909000000000,2026-10-03 20:31:49.000000000 ET,,,,,,,,,10
5.0,cfb_20261003_iw_sfa,aec-cfb-incar-sfaus-2026-10-03,vultr,outside coverage,1791073988,1791073989000000000,2026-10-03 20:33:09.000000000 ET,1,timeout,0.635,,0.885,1791073994000000000,2026-10-03 20:33:14.000000000 ET,,,,,1791074049000000000,2026-10-03 20:34:09.000000000 ET,,,,,,,,,10
5.0,cfb_20261003_iw_sfa,aec-cfb-incar-sfaus-2026-10-03,vultr,outside coverage,1791074289,1791074290000000000,2026-10-03 20:38:10.000000000 ET,1,timeout,0.715,,0.885,1791074295000000000,2026-10-03 20:38:15.000000000 ET,,,,,1791074350000000000,2026-10-03 20:39:10.000000000 ET,,,,,,,,,10
5.0,cfb_20261003_iw_sfa,aec-cfb-incar-sfaus-2026-10-03,vultr,outside coverage,1791074365,1791074366000000000,2026-10-03 20:39:26.000000000 ET,-1,timeout,0.5700000000000001,,0.885,1791074371000000000,2026-10-03 20:39:31.000000000 ET,,,,,1791074426000000000,2026-10-03 20:40:26.000000000 ET,,,,,,,,,10
5.0,cfb_20261003_iw_sfa,aec-cfb-incar-sfaus-2026-10-03,vultr,outside coverage,1791074505,1791074506000000000,2026-10-03 20:41:46.000000000 ET,-1,timeout,0.555,,0.885,1791074511000000000,2026-10-03 20:41:51.000000000 ET,,,,,1791074566000000000,2026-10-03 20:42:46.000000000 ET,,,,,,,,,10
5.0,cfb_20261003_iw_sfa,aec-cfb-incar-sfaus-2026-10-03,vultr,outside coverage,1791074642,1791074643000000000,2026-10-03 20:44:03.000000000 ET,1,timeout,0.74,,0.885,1791074648000000000,2026-10-03 20:44:08.000000000 ET,,,,,1791074703000000000,2026-10-03 20:45:03.000000000 ET,,,,,,,,,10
5.0,cfb_20261003_iw_sfa,aec-cfb-incar-sfaus-2026-10-03,vultr,outside coverage,1791074804,1791074805000000000,2026-10-03 20:46:45.000000000 ET,-1,timeout,0.76,,0.885,1791074810000000000,2026-10-03 20:46:50.000000000 ET,,,,,1791074865000000000,2026-10-03 20:47:45.000000000 ET,,,,,,,,,10
5.0,cfb_20261003_iw_sfa,aec-cfb-incar-sfaus-2026-10-03,vultr,outside coverage,1791074965,1791074966000000000,2026-10-03 20:49:26.000000000 ET,1,timeout,0.765,,0.885,1791074971000000000,2026-10-03 20:49:31.000000000 ET,,,,,1791075026000000000,2026-10-03 20:50:26.000000000 ET,,,,,,,,,10
5.0,cfb_20261003_iw_sfa,aec-cfb-incar-sfaus-2026-10-03,vultr,outside coverage,1791075033,1791075034000000000,2026-10-03 20:50:34.000000000 ET,-1,timeout,0.735,,0.885,1791075039000000000,2026-10-03 20:50:39.000000000 ET,,,,,1791075094000000000,2026-10-03 20:51:34.000000000 ET,,,,,,,,,10
5.0,cfb_20261003_iw_sfa,aec-cfb-incar-sfaus-2026-10-03,vultr,outside coverage,1791075105,1791075106000000000,2026-10-03 20:51:46.000000000 ET,1,timeout,0.85,,0.885,1791075111000000000,2026-10-03 20:51:51.000000000 ET,,,,,1791075166000000000,2026-10-03 20:52:46.000000000 ET,,,,,,,,,10
5.0,cfb_20261003_iw_sfa,aec-cfb-incar-sfaus-2026-10-03,vultr,outside coverage,1791075231,1791075232000000000,2026-10-03 20:53:52.000000000 ET,1,timeout,0.86,,0.885,1791075237000000000,2026-10-03 20:53:57.000000000 ET,,,,,1791075292000000000,2026-10-03 20:54:52.000000000 ET,,,,,,,,,10
5.0,cfb_20261003_iw_sfa,aec-cfb-incar-sfaus-2026-10-03,vultr,outside coverage,1791075498,1791075499000000000,2026-10-03 20:58:19.000000000 ET,-1,timeout,0.835,,0.885,1791075504000000000,2026-10-03 20:58:24.000000000 ET,,,,,1791075559000000000,2026-10-03 20:59:19.000000000 ET,,,,,,,,,10
5.0,cfb_20261003_iw_sfa,aec-cfb-incar-sfaus-2026-10-03,vultr,outside coverage,1791075734,1791075735000000000,2026-10-03 21:02:15.000000000 ET,1,timeout,0.91,,0.885,1791075740000000000,2026-10-03 21:02:20.000000000 ET,,,,,1791075795000000000,2026-10-03 21:03:15.000000000 ET,,,,,,,,,10
5.0,cfb_20261003_iw_sfa,aec-cfb-incar-sfaus-2026-10-03,vultr,outside coverage,1791076107,1791076108000000000,2026-10-03 21:08:28.000000000 ET,-1,timeout,0.8,,0.885,1791076113000000000,2026-10-03 21:08:33.000000000 ET,,,,,1791076168000000000,2026-10-03 21:09:28.000000000 ET,,,,,,,,,10
5.0,cfb_20261003_iw_sfa,aec-cfb-incar-sfaus-2026-10-03,vultr,outside coverage,1791076443,1791076444000000000,2026-10-03 21:14:04.000000000 ET,1,timeout,0.815,,0.885,1791076449000000000,2026-10-03 21:14:09.000000000 ET,,,,,1791076504000000000,2026-10-03 21:15:04.000000000 ET,,,,,,,,,10
5.0,cfb_20261003_iw_sfa,aec-cfb-incar-sfaus-2026-10-03,vultr,outside coverage,1791076695,1791076696000000000,2026-10-03 21:18:16.000000000 ET,-1,timeout,0.87,,0.885,1791076701000000000,2026-10-03 21:18:21.000000000 ET,,,,,1791076756000000000,2026-10-03 21:19:16.000000000 ET,,,,,,,,,10
5.0,cfb_20261003_iw_sfa,aec-cfb-incar-sfaus-2026-10-03,vultr,outside coverage,1791076785,1791076786000000000,2026-10-03 21:19:46.000000000 ET,-1,timeout,0.885,,0.885,1791076791000000000,2026-10-03 21:19:51.000000000 ET,,,,,1791076846000000000,2026-10-03 21:20:46.000000000 ET,,,,,,,,,10
5.0,cfb_20261003_iw_sfa,aec-cfb-incar-sfaus-2026-10-03,vultr,outside coverage,1791076924,1791076925000000000,2026-10-03 21:22:05.000000000 ET,-1,timeout,0.81,,0.885,1791076930000000000,2026-10-03 21:22:10.000000000 ET,,,,,1791076985000000000,2026-10-03 21:23:05.000000000 ET,,,,,,,,,10
5.0,cfb_20261003_iw_sfa,aec-cfb-incar-sfaus-2026-10-03,vultr,outside coverage,1791077580,1791077581000000000,2026-10-03 21:33:01.000000000 ET,-1,timeout,0.91,,0.885,1791077586000000000,2026-10-03 21:33:06.000000000 ET,,,,,1791077641000000000,2026-10-03 21:34:01.000000000 ET,,,,,,,,,10
5.0,cfb_20261003_iw_sfa,aec-cfb-incar-sfaus-2026-10-03,vultr,outside coverage,1791077671,1791077672000000000,2026-10-03 21:34:32.000000000 ET,-1,timeout,0.925,,0.885,1791077677000000000,2026-10-03 21:34:37.000000000 ET,,,,,1791077732000000000,2026-10-03 21:35:32.000000000 ET,,,,,,,,,10
5.0,cfb_20261003_iw_sfa,aec-cfb-incar-sfaus-2026-10-03,vultr,outside coverage,1791077742,1791077743000000000,2026-10-03 21:35:43.000000000 ET,1,timeout,0.865,,0.885,1791077748000000000,2026-10-03 21:35:48.000000000 ET,,,,,1791077803000000000,2026-10-03 21:36:43.000000000 ET,,,,,,,,,10
1.0,cfb_20261003_webb_chso,aec-cfb-gardwb-chsou-2026-10-03,vultr,outside coverage,1791070031,1791070032000000000,2026-10-03 19:27:12.000000000 ET,1,timeout,0.415,,0.27,1791070033000000000,2026-10-03 19:27:13.000000000 ET,,,,,1791070092000000000,2026-10-03 19:28:12.000000000 ET,,,,,,,,,10
1.0,cfb_20261003_webb_chso,aec-cfb-gardwb-chsou-2026-10-03,vultr,outside coverage,1791071944,1791071945000000000,2026-10-03 19:59:05.000000000 ET,1,timeout,0.475,,0.27,1791071946000000000,2026-10-03 19:59:06.000000000 ET,,,,,1791072005000000000,2026-10-03 20:00:05.000000000 ET,,,,,,,,,10
1.0,cfb_20261003_webb_chso,aec-cfb-gardwb-chsou-2026-10-03,vultr,outside coverage,1791072458,1791072459000000000,2026-10-03 20:07:39.000000000 ET,1,timeout,0.615,,0.27,1791072460000000000,2026-10-03 20:07:40.000000000 ET,,,,,1791072519000000000,2026-10-03 20:08:39.000000000 ET,,,,,,,,,10
1.0,cfb_20261003_webb_chso,aec-cfb-gardwb-chsou-2026-10-03,vultr,outside coverage,1791072534,1791072535000000000,2026-10-03 20:08:55.000000000 ET,-1,timeout,0.545,,0.27,1791072536000000000,2026-10-03 20:08:56.000000000 ET,,,,,1791072595000000000,2026-10-03 20:09:55.000000000 ET,,,,,,,,,10
1.0,cfb_20261003_webb_chso,aec-cfb-gardwb-chsou-2026-10-03,vultr,outside coverage,1791072608,1791072609000000000,2026-10-03 20:10:09.000000000 ET,-1,timeout,0.565,,0.27,1791072610000000000,2026-10-03 20:10:10.000000000 ET,,,,,1791072669000000000,2026-10-03 20:11:09.000000000 ET,,,,,,,,,10
1.0,cfb_20261003_webb_chso,aec-cfb-gardwb-chsou-2026-10-03,vultr,outside coverage,1791072743,1791072744000000000,2026-10-03 20:12:24.000000000 ET,1,timeout,0.64,,0.27,1791072745000000000,2026-10-03 20:12:25.000000000 ET,,,,,1791072804000000000,2026-10-03 20:13:24.000000000 ET,,,,,,,,,10
1.0,cfb_20261003_webb_chso,aec-cfb-gardwb-chsou-2026-10-03,vultr,outside coverage,1791072849,1791072850000000000,2026-10-03 20:14:10.000000000 ET,-1,timeout,0.585,,0.27,1791072851000000000,2026-10-03 20:14:11.000000000 ET,,,,,1791072910000000000,2026-10-03 20:15:10.000000000 ET,,,,,,,,,10
1.0,cfb_20261003_webb_chso,aec-cfb-gardwb-chsou-2026-10-03,vultr,outside coverage,1791072946,1791072947000000000,2026-10-03 20:15:47.000000000 ET,-1,timeout,0.505,,0.27,1791072948000000000,2026-10-03 20:15:48.000000000 ET,,,,,1791073007000000000,2026-10-03 20:16:47.000000000 ET,,,,,,,,,10
1.0,cfb_20261003_webb_chso,aec-cfb-gardwb-chsou-2026-10-03,vultr,outside coverage,1791073557,1791073558000000000,2026-10-03 20:25:58.000000000 ET,1,timeout,0.615,,0.27,1791073559000000000,2026-10-03 20:25:59.000000000 ET,,,,,1791073618000000000,2026-10-03 20:26:58.000000000 ET,,,,,,,,,10
1.0,cfb_20261003_webb_chso,aec-cfb-gardwb-chsou-2026-10-03,vultr,outside coverage,1791073640,1791073641000000000,2026-10-03 20:27:21.000000000 ET,1,timeout,0.6950000000000001,,0.27,1791073642000000000,2026-10-03 20:27:22.000000000 ET,,,,,1791073701000000000,2026-10-03 20:28:21.000000000 ET,,,,,,,,,10
1.0,cfb_20261003_webb_chso,aec-cfb-gardwb-chsou-2026-10-03,vultr,outside coverage,1791073810,1791073811000000000,2026-10-03 20:30:11.000000000 ET,-1,timeout,0.6000000000000001,,0.27,1791073812000000000,2026-10-03 20:30:12.000000000 ET,,,,,1791073871000000000,2026-10-03 20:31:11.000000000 ET,,,,,,,,,10
1.0,cfb_20261003_webb_chso,aec-cfb-gardwb-chsou-2026-10-03,vultr,outside coverage,1791073916,1791073917000000000,2026-10-03 20:31:57.000000000 ET,1,timeout,0.7050000000000001,,0.27,1791073918000000000,2026-10-03 20:31:58.000000000 ET,,,,,1791073977000000000,2026-10-03 20:32:57.000000000 ET,,,,,,,,,10
1.0,cfb_20261003_webb_chso,aec-cfb-gardwb-chsou-2026-10-03,vultr,outside coverage,1791073983,1791073984000000000,2026-10-03 20:33:04.000000000 ET,-1,timeout,0.6799999999999999,,0.27,1791073985000000000,2026-10-03 20:33:05.000000000 ET,,,,,1791074044000000000,2026-10-03 20:34:04.000000000 ET,,,,,,,,,10
1.0,cfb_20261003_webb_chso,aec-cfb-gardwb-chsou-2026-10-03,vultr,outside coverage,1791074099,1791074100000000000,2026-10-03 20:35:00.000000000 ET,1,timeout,0.735,,0.27,1791074101000000000,2026-10-03 20:35:01.000000000 ET,,,,,1791074160000000000,2026-10-03 20:36:00.000000000 ET,,,,,,,,,10
1.0,cfb_20261003_webb_chso,aec-cfb-gardwb-chsou-2026-10-03,vultr,outside coverage,1791074215,1791074216000000000,2026-10-03 20:36:56.000000000 ET,-1,timeout,0.5900000000000001,,0.27,1791074217000000000,2026-10-03 20:36:57.000000000 ET,,,,,1791074276000000000,2026-10-03 20:37:56.000000000 ET,,,,,,,,,10
1.0,cfb_20261003_webb_chso,aec-cfb-gardwb-chsou-2026-10-03,vultr,outside coverage,1791074296,1791074297000000000,2026-10-03 20:38:17.000000000 ET,1,timeout,0.6100000000000001,,0.27,1791074298000000000,2026-10-03 20:38:18.000000000 ET,,,,,1791074357000000000,2026-10-03 20:39:17.000000000 ET,,,,,,,,,10
1.0,cfb_20261003_webb_chso,aec-cfb-gardwb-chsou-2026-10-03,vultr,outside coverage,1791074645,1791074646000000000,2026-10-03 20:44:06.000000000 ET,-1,timeout,0.64,,0.27,1791074647000000000,2026-10-03 20:44:07.000000000 ET,,,,,1791074706000000000,2026-10-03 20:45:06.000000000 ET,,,,,,,,,10
1.0,cfb_20261003_webb_chso,aec-cfb-gardwb-chsou-2026-10-03,vultr,outside coverage,1791074730,1791074731000000000,2026-10-03 20:45:31.000000000 ET,-1,timeout,0.615,,0.27,1791074732000000000,2026-10-03 20:45:32.000000000 ET,,,,,1791074791000000000,2026-10-03 20:46:31.000000000 ET,,,,,,,,,10
1.0,cfb_20261003_webb_chso,aec-cfb-gardwb-chsou-2026-10-03,vultr,outside coverage,1791075027,1791075028000000000,2026-10-03 20:50:28.000000000 ET,1,timeout,0.565,,0.27,1791075029000000000,2026-10-03 20:50:29.000000000 ET,,,,,1791075088000000000,2026-10-03 20:51:28.000000000 ET,,,,,,,,,10
1.0,cfb_20261003_webb_chso,aec-cfb-gardwb-chsou-2026-10-03,vultr,outside coverage,1791075140,1791075141000000000,2026-10-03 20:52:21.000000000 ET,-1,timeout,0.51,,0.27,1791075142000000000,2026-10-03 20:52:22.000000000 ET,,,,,1791075201000000000,2026-10-03 20:53:21.000000000 ET,,,,,,,,,10
1.0,cfb_20261003_webb_chso,aec-cfb-gardwb-chsou-2026-10-03,vultr,outside coverage,1791075449,1791075450000000000,2026-10-03 20:57:30.000000000 ET,1,timeout,0.56,,0.27,1791075451000000000,2026-10-03 20:57:31.000000000 ET,,,,,1791075510000000000,2026-10-03 20:58:30.000000000 ET,,,,,,,,,10
1.0,cfb_20261003_webb_chso,aec-cfb-gardwb-chsou-2026-10-03,vultr,outside coverage,1791075561,1791075562000000000,2026-10-03 20:59:22.000000000 ET,-1,timeout,0.485,,0.27,1791075563000000000,2026-10-03 20:59:23.000000000 ET,,,,,1791075622000000000,2026-10-03 21:00:22.000000000 ET,,,,,,,,,10
1.0,cfb_20261003_webb_chso,aec-cfb-gardwb-chsou-2026-10-03,vultr,outside coverage,1791075725,1791075726000000000,2026-10-03 21:02:06.000000000 ET,-1,timeout,0.315,,0.27,1791075727000000000,2026-10-03 21:02:07.000000000 ET,,,,,1791075786000000000,2026-10-03 21:03:06.000000000 ET,,,,,,,,,10
1.0,cfb_20261003_webb_chso,aec-cfb-gardwb-chsou-2026-10-03,vultr,outside coverage,1791076120,1791076121000000000,2026-10-03 21:08:41.000000000 ET,1,timeout,0.38,,0.27,1791076122000000000,2026-10-03 21:08:42.000000000 ET,,,,,1791076181000000000,2026-10-03 21:09:41.000000000 ET,,,,,,,,,10
1.0,cfb_20261003_webb_chso,aec-cfb-gardwb-chsou-2026-10-03,vultr,outside coverage,1791076219,1791076220000000000,2026-10-03 21:10:20.000000000 ET,-1,timeout,0.32999999999999996,,0.27,1791076221000000000,2026-10-03 21:10:21.000000000 ET,,,,,1791076280000000000,2026-10-03 21:11:20.000000000 ET,,,,,,,,,10
1.0,cfb_20261003_webb_chso,aec-cfb-gardwb-chsou-2026-10-03,vultr,outside coverage,1791076299,1791076300000000000,2026-10-03 21:11:40.000000000 ET,1,timeout,0.375,,0.27,1791076301000000000,2026-10-03 21:11:41.000000000 ET,,,,,1791076360000000000,2026-10-03 21:12:40.000000000 ET,,,,,,,,,10
1.0,cfb_20261003_webb_chso,aec-cfb-gardwb-chsou-2026-10-03,vultr,outside coverage,1791076394,1791076395000000000,2026-10-03 21:13:15.000000000 ET,1,timeout,0.38,,0.27,1791076396000000000,2026-10-03 21:13:16.000000000 ET,,,,,1791076455000000000,2026-10-03 21:14:15.000000000 ET,,,,,,,,,10
1.0,cfb_20261003_webb_chso,aec-cfb-gardwb-chsou-2026-10-03,vultr,outside coverage,1791076522,1791076523000000000,2026-10-03 21:15:23.000000000 ET,-1,timeout,0.375,,0.27,1791076524000000000,2026-10-03 21:15:24.000000000 ET,,,,,1791076583000000000,2026-10-03 21:16:23.000000000 ET,,,,,,,,,10
1.0,cfb_20261003_webb_chso,aec-cfb-gardwb-chsou-2026-10-03,vultr,outside coverage,1791076603,1791076604000000000,2026-10-03 21:16:44.000000000 ET,1,timeout,0.385,,0.27,1791076605000000000,2026-10-03 21:16:45.000000000 ET,,,,,1791076664000000000,2026-10-03 21:17:44.000000000 ET,,,,,,,,,10
1.0,cfb_20261003_webb_chso,aec-cfb-gardwb-chsou-2026-10-03,vultr,outside coverage,1791076735,1791076736000000000,2026-10-03 21:18:56.000000000 ET,-1,timeout,0.28,,0.27,1791076737000000000,2026-10-03 21:18:57.000000000 ET,,,,,1791076796000000000,2026-10-03 21:19:56.000000000 ET,,,,,,,,,10
2.0,cfb_20261003_webb_chso,aec-cfb-gardwb-chsou-2026-10-03,vultr,outside coverage,1791070031,1791070032000000000,2026-10-03 19:27:12.000000000 ET,1,timeout,0.415,,0.27,1791070034000000000,2026-10-03 19:27:14.000000000 ET,,,,,1791070092000000000,2026-10-03 19:28:12.000000000 ET,,,,,,,,,10
2.0,cfb_20261003_webb_chso,aec-cfb-gardwb-chsou-2026-10-03,vultr,outside coverage,1791071944,1791071945000000000,2026-10-03 19:59:05.000000000 ET,1,timeout,0.475,,0.27,1791071947000000000,2026-10-03 19:59:07.000000000 ET,,,,,1791072005000000000,2026-10-03 20:00:05.000000000 ET,,,,,,,,,10
2.0,cfb_20261003_webb_chso,aec-cfb-gardwb-chsou-2026-10-03,vultr,outside coverage,1791072458,1791072459000000000,2026-10-03 20:07:39.000000000 ET,1,timeout,0.615,,0.27,1791072461000000000,2026-10-03 20:07:41.000000000 ET,,,,,1791072519000000000,2026-10-03 20:08:39.000000000 ET,,,,,,,,,10
2.0,cfb_20261003_webb_chso,aec-cfb-gardwb-chsou-2026-10-03,vultr,outside coverage,1791072534,1791072535000000000,2026-10-03 20:08:55.000000000 ET,-1,timeout,0.545,,0.27,1791072537000000000,2026-10-03 20:08:57.000000000 ET,,,,,1791072595000000000,2026-10-03 20:09:55.000000000 ET,,,,,,,,,10
2.0,cfb_20261003_webb_chso,aec-cfb-gardwb-chsou-2026-10-03,vultr,outside coverage,1791072608,1791072609000000000,2026-10-03 20:10:09.000000000 ET,-1,timeout,0.565,,0.27,1791072611000000000,2026-10-03 20:10:11.000000000 ET,,,,,1791072669000000000,2026-10-03 20:11:09.000000000 ET,,,,,,,,,10
2.0,cfb_20261003_webb_chso,aec-cfb-gardwb-chsou-2026-10-03,vultr,outside coverage,1791072743,1791072744000000000,2026-10-03 20:12:24.000000000 ET,1,timeout,0.64,,0.27,1791072746000000000,2026-10-03 20:12:26.000000000 ET,,,,,1791072804000000000,2026-10-03 20:13:24.000000000 ET,,,,,,,,,10
2.0,cfb_20261003_webb_chso,aec-cfb-gardwb-chsou-2026-10-03,vultr,outside coverage,1791072849,1791072850000000000,2026-10-03 20:14:10.000000000 ET,-1,timeout,0.585,,0.27,1791072852000000000,2026-10-03 20:14:12.000000000 ET,,,,,1791072910000000000,2026-10-03 20:15:10.000000000 ET,,,,,,,,,10
2.0,cfb_20261003_webb_chso,aec-cfb-gardwb-chsou-2026-10-03,vultr,outside coverage,1791072946,1791072947000000000,2026-10-03 20:15:47.000000000 ET,-1,timeout,0.505,,0.27,1791072949000000000,2026-10-03 20:15:49.000000000 ET,,,,,1791073007000000000,2026-10-03 20:16:47.000000000 ET,,,,,,,,,10
2.0,cfb_20261003_webb_chso,aec-cfb-gardwb-chsou-2026-10-03,vultr,outside coverage,1791073557,1791073558000000000,2026-10-03 20:25:58.000000000 ET,1,timeout,0.615,,0.27,1791073560000000000,2026-10-03 20:26:00.000000000 ET,,,,,1791073618000000000,2026-10-03 20:26:58.000000000 ET,,,,,,,,,10
2.0,cfb_20261003_webb_chso,aec-cfb-gardwb-chsou-2026-10-03,vultr,outside coverage,1791073640,1791073641000000000,2026-10-03 20:27:21.000000000 ET,1,timeout,0.6950000000000001,,0.27,1791073643000000000,2026-10-03 20:27:23.000000000 ET,,,,,1791073701000000000,2026-10-03 20:28:21.000000000 ET,,,,,,,,,10
2.0,cfb_20261003_webb_chso,aec-cfb-gardwb-chsou-2026-10-03,vultr,outside coverage,1791073810,1791073811000000000,2026-10-03 20:30:11.000000000 ET,-1,timeout,0.6000000000000001,,0.27,1791073813000000000,2026-10-03 20:30:13.000000000 ET,,,,,1791073871000000000,2026-10-03 20:31:11.000000000 ET,,,,,,,,,10
2.0,cfb_20261003_webb_chso,aec-cfb-gardwb-chsou-2026-10-03,vultr,outside coverage,1791073916,1791073917000000000,2026-10-03 20:31:57.000000000 ET,1,timeout,0.7050000000000001,,0.27,1791073919000000000,2026-10-03 20:31:59.000000000 ET,,,,,1791073977000000000,2026-10-03 20:32:57.000000000 ET,,,,,,,,,10
2.0,cfb_20261003_webb_chso,aec-cfb-gardwb-chsou-2026-10-03,vultr,outside coverage,1791073983,1791073984000000000,2026-10-03 20:33:04.000000000 ET,-1,timeout,0.6799999999999999,,0.27,1791073986000000000,2026-10-03 20:33:06.000000000 ET,,,,,1791074044000000000,2026-10-03 20:34:04.000000000 ET,,,,,,,,,10
2.0,cfb_20261003_webb_chso,aec-cfb-gardwb-chsou-2026-10-03,vultr,outside coverage,1791074099,1791074100000000000,2026-10-03 20:35:00.000000000 ET,1,timeout,0.735,,0.27,1791074102000000000,2026-10-03 20:35:02.000000000 ET,,,,,1791074160000000000,2026-10-03 20:36:00.000000000 ET,,,,,,,,,10
2.0,cfb_20261003_webb_chso,aec-cfb-gardwb-chsou-2026-10-03,vultr,outside coverage,1791074215,1791074216000000000,2026-10-03 20:36:56.000000000 ET,-1,timeout,0.5900000000000001,,0.27,1791074218000000000,2026-10-03 20:36:58.000000000 ET,,,,,1791074276000000000,2026-10-03 20:37:56.000000000 ET,,,,,,,,,10
2.0,cfb_20261003_webb_chso,aec-cfb-gardwb-chsou-2026-10-03,vultr,outside coverage,1791074296,1791074297000000000,2026-10-03 20:38:17.000000000 ET,1,timeout,0.6100000000000001,,0.27,1791074299000000000,2026-10-03 20:38:19.000000000 ET,,,,,1791074357000000000,2026-10-03 20:39:17.000000000 ET,,,,,,,,,10
2.0,cfb_20261003_webb_chso,aec-cfb-gardwb-chsou-2026-10-03,vultr,outside coverage,1791074645,1791074646000000000,2026-10-03 20:44:06.000000000 ET,-1,timeout,0.64,,0.27,1791074648000000000,2026-10-03 20:44:08.000000000 ET,,,,,1791074706000000000,2026-10-03 20:45:06.000000000 ET,,,,,,,,,10
2.0,cfb_20261003_webb_chso,aec-cfb-gardwb-chsou-2026-10-03,vultr,outside coverage,1791074730,1791074731000000000,2026-10-03 20:45:31.000000000 ET,-1,timeout,0.615,,0.27,1791074733000000000,2026-10-03 20:45:33.000000000 ET,,,,,1791074791000000000,2026-10-03 20:46:31.000000000 ET,,,,,,,,,10
2.0,cfb_20261003_webb_chso,aec-cfb-gardwb-chsou-2026-10-03,vultr,outside coverage,1791075027,1791075028000000000,2026-10-03 20:50:28.000000000 ET,1,timeout,0.565,,0.27,1791075030000000000,2026-10-03 20:50:30.000000000 ET,,,,,1791075088000000000,2026-10-03 20:51:28.000000000 ET,,,,,,,,,10
2.0,cfb_20261003_webb_chso,aec-cfb-gardwb-chsou-2026-10-03,vultr,outside coverage,1791075140,1791075141000000000,2026-10-03 20:52:21.000000000 ET,-1,timeout,0.51,,0.27,1791075143000000000,2026-10-03 20:52:23.000000000 ET,,,,,1791075201000000000,2026-10-03 20:53:21.000000000 ET,,,,,,,,,10
2.0,cfb_20261003_webb_chso,aec-cfb-gardwb-chsou-2026-10-03,vultr,outside coverage,1791075449,1791075450000000000,2026-10-03 20:57:30.000000000 ET,1,timeout,0.56,,0.27,1791075452000000000,2026-10-03 20:57:32.000000000 ET,,,,,1791075510000000000,2026-10-03 20:58:30.000000000 ET,,,,,,,,,10
2.0,cfb_20261003_webb_chso,aec-cfb-gardwb-chsou-2026-10-03,vultr,outside coverage,1791075561,1791075562000000000,2026-10-03 20:59:22.000000000 ET,-1,timeout,0.485,,0.27,1791075564000000000,2026-10-03 20:59:24.000000000 ET,,,,,1791075622000000000,2026-10-03 21:00:22.000000000 ET,,,,,,,,,10
2.0,cfb_20261003_webb_chso,aec-cfb-gardwb-chsou-2026-10-03,vultr,outside coverage,1791075725,1791075726000000000,2026-10-03 21:02:06.000000000 ET,-1,timeout,0.315,,0.27,1791075728000000000,2026-10-03 21:02:08.000000000 ET,,,,,1791075786000000000,2026-10-03 21:03:06.000000000 ET,,,,,,,,,10
2.0,cfb_20261003_webb_chso,aec-cfb-gardwb-chsou-2026-10-03,vultr,outside coverage,1791076120,1791076121000000000,2026-10-03 21:08:41.000000000 ET,1,timeout,0.38,,0.27,1791076123000000000,2026-10-03 21:08:43.000000000 ET,,,,,1791076181000000000,2026-10-03 21:09:41.000000000 ET,,,,,,,,,10
2.0,cfb_20261003_webb_chso,aec-cfb-gardwb-chsou-2026-10-03,vultr,outside coverage,1791076219,1791076220000000000,2026-10-03 21:10:20.000000000 ET,-1,timeout,0.32999999999999996,,0.27,1791076222000000000,2026-10-03 21:10:22.000000000 ET,,,,,1791076280000000000,2026-10-03 21:11:20.000000000 ET,,,,,,,,,10
2.0,cfb_20261003_webb_chso,aec-cfb-gardwb-chsou-2026-10-03,vultr,outside coverage,1791076299,1791076300000000000,2026-10-03 21:11:40.000000000 ET,1,timeout,0.375,,0.27,1791076302000000000,2026-10-03 21:11:42.000000000 ET,,,,,1791076360000000000,2026-10-03 21:12:40.000000000 ET,,,,,,,,,10
2.0,cfb_20261003_webb_chso,aec-cfb-gardwb-chsou-2026-10-03,vultr,outside coverage,1791076394,1791076395000000000,2026-10-03 21:13:15.000000000 ET,1,timeout,0.38,,0.27,1791076397000000000,2026-10-03 21:13:17.000000000 ET,,,,,1791076455000000000,2026-10-03 21:14:15.000000000 ET,,,,,,,,,10
2.0,cfb_20261003_webb_chso,aec-cfb-gardwb-chsou-2026-10-03,vultr,outside coverage,1791076522,1791076523000000000,2026-10-03 21:15:23.000000000 ET,-1,timeout,0.375,,0.27,1791076525000000000,2026-10-03 21:15:25.000000000 ET,,,,,1791076583000000000,2026-10-03 21:16:23.000000000 ET,,,,,,,,,10
2.0,cfb_20261003_webb_chso,aec-cfb-gardwb-chsou-2026-10-03,vultr,outside coverage,1791076603,1791076604000000000,2026-10-03 21:16:44.000000000 ET,1,timeout,0.385,,0.27,1791076606000000000,2026-10-03 21:16:46.000000000 ET,,,,,1791076664000000000,2026-10-03 21:17:44.000000000 ET,,,,,,,,,10
2.0,cfb_20261003_webb_chso,aec-cfb-gardwb-chsou-2026-10-03,vultr,outside coverage,1791076735,1791076736000000000,2026-10-03 21:18:56.000000000 ET,-1,timeout,0.28,,0.27,1791076738000000000,2026-10-03 21:18:58.000000000 ET,,,,,1791076796000000000,2026-10-03 21:19:56.000000000 ET,,,,,,,,,10
5.0,cfb_20261003_webb_chso,aec-cfb-gardwb-chsou-2026-10-03,vultr,outside coverage,1791070031,1791070032000000000,2026-10-03 19:27:12.000000000 ET,1,timeout,0.415,,0.27,1791070037000000000,2026-10-03 19:27:17.000000000 ET,,,,,1791070092000000000,2026-10-03 19:28:12.000000000 ET,,,,,,,,,10
5.0,cfb_20261003_webb_chso,aec-cfb-gardwb-chsou-2026-10-03,vultr,outside coverage,1791071944,1791071945000000000,2026-10-03 19:59:05.000000000 ET,1,timeout,0.475,,0.27,1791071950000000000,2026-10-03 19:59:10.000000000 ET,,,,,1791072005000000000,2026-10-03 20:00:05.000000000 ET,,,,,,,,,10
5.0,cfb_20261003_webb_chso,aec-cfb-gardwb-chsou-2026-10-03,vultr,outside coverage,1791072458,1791072459000000000,2026-10-03 20:07:39.000000000 ET,1,timeout,0.615,,0.27,1791072464000000000,2026-10-03 20:07:44.000000000 ET,,,,,1791072519000000000,2026-10-03 20:08:39.000000000 ET,,,,,,,,,10
5.0,cfb_20261003_webb_chso,aec-cfb-gardwb-chsou-2026-10-03,vultr,outside coverage,1791072534,1791072535000000000,2026-10-03 20:08:55.000000000 ET,-1,timeout,0.545,,0.27,1791072540000000000,2026-10-03 20:09:00.000000000 ET,,,,,1791072595000000000,2026-10-03 20:09:55.000000000 ET,,,,,,,,,10
5.0,cfb_20261003_webb_chso,aec-cfb-gardwb-chsou-2026-10-03,vultr,outside coverage,1791072608,1791072609000000000,2026-10-03 20:10:09.000000000 ET,-1,timeout,0.565,,0.27,1791072614000000000,2026-10-03 20:10:14.000000000 ET,,,,,1791072669000000000,2026-10-03 20:11:09.000000000 ET,,,,,,,,,10
5.0,cfb_20261003_webb_chso,aec-cfb-gardwb-chsou-2026-10-03,vultr,outside coverage,1791072743,1791072744000000000,2026-10-03 20:12:24.000000000 ET,1,timeout,0.64,,0.27,1791072749000000000,2026-10-03 20:12:29.000000000 ET,,,,,1791072804000000000,2026-10-03 20:13:24.000000000 ET,,,,,,,,,10
5.0,cfb_20261003_webb_chso,aec-cfb-gardwb-chsou-2026-10-03,vultr,outside coverage,1791072849,1791072850000000000,2026-10-03 20:14:10.000000000 ET,-1,timeout,0.585,,0.27,1791072855000000000,2026-10-03 20:14:15.000000000 ET,,,,,1791072910000000000,2026-10-03 20:15:10.000000000 ET,,,,,,,,,10
5.0,cfb_20261003_webb_chso,aec-cfb-gardwb-chsou-2026-10-03,vultr,outside coverage,1791072946,1791072947000000000,2026-10-03 20:15:47.000000000 ET,-1,timeout,0.505,,0.27,1791072952000000000,2026-10-03 20:15:52.000000000 ET,,,,,1791073007000000000,2026-10-03 20:16:47.000000000 ET,,,,,,,,,10
5.0,cfb_20261003_webb_chso,aec-cfb-gardwb-chsou-2026-10-03,vultr,outside coverage,1791073557,1791073558000000000,2026-10-03 20:25:58.000000000 ET,1,timeout,0.615,,0.27,1791073563000000000,2026-10-03 20:26:03.000000000 ET,,,,,1791073618000000000,2026-10-03 20:26:58.000000000 ET,,,,,,,,,10
5.0,cfb_20261003_webb_chso,aec-cfb-gardwb-chsou-2026-10-03,vultr,outside coverage,1791073640,1791073641000000000,2026-10-03 20:27:21.000000000 ET,1,timeout,0.6950000000000001,,0.27,1791073646000000000,2026-10-03 20:27:26.000000000 ET,,,,,1791073701000000000,2026-10-03 20:28:21.000000000 ET,,,,,,,,,10
5.0,cfb_20261003_webb_chso,aec-cfb-gardwb-chsou-2026-10-03,vultr,outside coverage,1791073810,1791073811000000000,2026-10-03 20:30:11.000000000 ET,-1,timeout,0.6000000000000001,,0.27,1791073816000000000,2026-10-03 20:30:16.000000000 ET,,,,,1791073871000000000,2026-10-03 20:31:11.000000000 ET,,,,,,,,,10
5.0,cfb_20261003_webb_chso,aec-cfb-gardwb-chsou-2026-10-03,vultr,outside coverage,1791073916,1791073917000000000,2026-10-03 20:31:57.000000000 ET,1,timeout,0.7050000000000001,,0.27,1791073922000000000,2026-10-03 20:32:02.000000000 ET,,,,,1791073977000000000,2026-10-03 20:32:57.000000000 ET,,,,,,,,,10
5.0,cfb_20261003_webb_chso,aec-cfb-gardwb-chsou-2026-10-03,vultr,outside coverage,1791073983,1791073984000000000,2026-10-03 20:33:04.000000000 ET,-1,timeout,0.6799999999999999,,0.27,1791073989000000000,2026-10-03 20:33:09.000000000 ET,,,,,1791074044000000000,2026-10-03 20:34:04.000000000 ET,,,,,,,,,10
5.0,cfb_20261003_webb_chso,aec-cfb-gardwb-chsou-2026-10-03,vultr,outside coverage,1791074099,1791074100000000000,2026-10-03 20:35:00.000000000 ET,1,timeout,0.735,,0.27,1791074105000000000,2026-10-03 20:35:05.000000000 ET,,,,,1791074160000000000,2026-10-03 20:36:00.000000000 ET,,,,,,,,,10
5.0,cfb_20261003_webb_chso,aec-cfb-gardwb-chsou-2026-10-03,vultr,outside coverage,1791074215,1791074216000000000,2026-10-03 20:36:56.000000000 ET,-1,timeout,0.5900000000000001,,0.27,1791074221000000000,2026-10-03 20:37:01.000000000 ET,,,,,1791074276000000000,2026-10-03 20:37:56.000000000 ET,,,,,,,,,10
5.0,cfb_20261003_webb_chso,aec-cfb-gardwb-chsou-2026-10-03,vultr,outside coverage,1791074296,1791074297000000000,2026-10-03 20:38:17.000000000 ET,1,timeout,0.6100000000000001,,0.27,1791074302000000000,2026-10-03 20:38:22.000000000 ET,,,,,1791074357000000000,2026-10-03 20:39:17.000000000 ET,,,,,,,,,10
5.0,cfb_20261003_webb_chso,aec-cfb-gardwb-chsou-2026-10-03,vultr,outside coverage,1791074645,1791074646000000000,2026-10-03 20:44:06.000000000 ET,-1,timeout,0.64,,0.27,1791074651000000000,2026-10-03 20:44:11.000000000 ET,,,,,1791074706000000000,2026-10-03 20:45:06.000000000 ET,,,,,,,,,10
5.0,cfb_20261003_webb_chso,aec-cfb-gardwb-chsou-2026-10-03,vultr,outside coverage,1791074730,1791074731000000000,2026-10-03 20:45:31.000000000 ET,-1,timeout,0.615,,0.27,1791074736000000000,2026-10-03 20:45:36.000000000 ET,,,,,1791074791000000000,2026-10-03 20:46:31.000000000 ET,,,,,,,,,10
5.0,cfb_20261003_webb_chso,aec-cfb-gardwb-chsou-2026-10-03,vultr,outside coverage,1791075027,1791075028000000000,2026-10-03 20:50:28.000000000 ET,1,timeout,0.565,,0.27,1791075033000000000,2026-10-03 20:50:33.000000000 ET,,,,,1791075088000000000,2026-10-03 20:51:28.000000000 ET,,,,,,,,,10
5.0,cfb_20261003_webb_chso,aec-cfb-gardwb-chsou-2026-10-03,vultr,outside coverage,1791075140,1791075141000000000,2026-10-03 20:52:21.000000000 ET,-1,timeout,0.51,,0.27,1791075146000000000,2026-10-03 20:52:26.000000000 ET,,,,,1791075201000000000,2026-10-03 20:53:21.000000000 ET,,,,,,,,,10
5.0,cfb_20261003_webb_chso,aec-cfb-gardwb-chsou-2026-10-03,vultr,outside coverage,1791075449,1791075450000000000,2026-10-03 20:57:30.000000000 ET,1,timeout,0.56,,0.27,1791075455000000000,2026-10-03 20:57:35.000000000 ET,,,,,1791075510000000000,2026-10-03 20:58:30.000000000 ET,,,,,,,,,10
5.0,cfb_20261003_webb_chso,aec-cfb-gardwb-chsou-2026-10-03,vultr,outside coverage,1791075561,1791075562000000000,2026-10-03 20:59:22.000000000 ET,-1,timeout,0.485,,0.27,1791075567000000000,2026-10-03 20:59:27.000000000 ET,,,,,1791075622000000000,2026-10-03 21:00:22.000000000 ET,,,,,,,,,10
5.0,cfb_20261003_webb_chso,aec-cfb-gardwb-chsou-2026-10-03,vultr,outside coverage,1791075725,1791075726000000000,2026-10-03 21:02:06.000000000 ET,-1,timeout,0.315,,0.27,1791075731000000000,2026-10-03 21:02:11.000000000 ET,,,,,1791075786000000000,2026-10-03 21:03:06.000000000 ET,,,,,,,,,10
5.0,cfb_20261003_webb_chso,aec-cfb-gardwb-chsou-2026-10-03,vultr,outside coverage,1791076120,1791076121000000000,2026-10-03 21:08:41.000000000 ET,1,timeout,0.38,,0.27,1791076126000000000,2026-10-03 21:08:46.000000000 ET,,,,,1791076181000000000,2026-10-03 21:09:41.000000000 ET,,,,,,,,,10
5.0,cfb_20261003_webb_chso,aec-cfb-gardwb-chsou-2026-10-03,vultr,outside coverage,1791076219,1791076220000000000,2026-10-03 21:10:20.000000000 ET,-1,timeout,0.32999999999999996,,0.27,1791076225000000000,2026-10-03 21:10:25.000000000 ET,,,,,1791076280000000000,2026-10-03 21:11:20.000000000 ET,,,,,,,,,10
5.0,cfb_20261003_webb_chso,aec-cfb-gardwb-chsou-2026-10-03,vultr,outside coverage,1791076299,1791076300000000000,2026-10-03 21:11:40.000000000 ET,1,timeout,0.375,,0.27,1791076305000000000,2026-10-03 21:11:45.000000000 ET,,,,,1791076360000000000,2026-10-03 21:12:40.000000000 ET,,,,,,,,,10
5.0,cfb_20261003_webb_chso,aec-cfb-gardwb-chsou-2026-10-03,vultr,outside coverage,1791076394,1791076395000000000,2026-10-03 21:13:15.000000000 ET,1,timeout,0.38,,0.27,1791076400000000000,2026-10-03 21:13:20.000000000 ET,,,,,1791076455000000000,2026-10-03 21:14:15.000000000 ET,,,,,,,,,10
5.0,cfb_20261003_webb_chso,aec-cfb-gardwb-chsou-2026-10-03,vultr,outside coverage,1791076522,1791076523000000000,2026-10-03 21:15:23.000000000 ET,-1,timeout,0.375,,0.27,1791076528000000000,2026-10-03 21:15:28.000000000 ET,,,,,1791076583000000000,2026-10-03 21:16:23.000000000 ET,,,,,,,,,10
5.0,cfb_20261003_webb_chso,aec-cfb-gardwb-chsou-2026-10-03,vultr,outside coverage,1791076603,1791076604000000000,2026-10-03 21:16:44.000000000 ET,1,timeout,0.385,,0.27,1791076609000000000,2026-10-03 21:16:49.000000000 ET,,,,,1791076664000000000,2026-10-03 21:17:44.000000000 ET,,,,,,,,,10
5.0,cfb_20261003_webb_chso,aec-cfb-gardwb-chsou-2026-10-03,vultr,outside coverage,1791076735,1791076736000000000,2026-10-03 21:18:56.000000000 ET,-1,timeout,0.28,,0.27,1791076741000000000,2026-10-03 21:19:01.000000000 ET,,,,,1791076796000000000,2026-10-03 21:19:56.000000000 ET,,,,,,,,,10
1.0,cfb_20261003_orst_csu,aec-cfb-oregst-colst-2026-10-03,vultr,outside coverage,1791066155,1791066156000000000,2026-10-03 18:22:36.000000000 ET,-1,timeout,0.2,,0.31,1791066157000000000,2026-10-03 18:22:37.000000000 ET,,,,,1791066216000000000,2026-10-03 18:23:36.000000000 ET,,,,,,,,,10
1.0,cfb_20261003_orst_csu,aec-cfb-oregst-colst-2026-10-03,vultr,outside coverage,1791066365,1791066366000000000,2026-10-03 18:26:06.000000000 ET,1,timeout,0.20500000000000002,,0.31,1791066367000000000,2026-10-03 18:26:07.000000000 ET,,,,,1791066426000000000,2026-10-03 18:27:06.000000000 ET,,,,,,,,,10
1.0,cfb_20261003_orst_csu,aec-cfb-oregst-colst-2026-10-03,vultr,outside coverage,1791067311,1791067312000000000,2026-10-03 18:41:52.000000000 ET,1,timeout,0.165,,0.31,1791067313000000000,2026-10-03 18:41:53.000000000 ET,,,,,1791067372000000000,2026-10-03 18:42:52.000000000 ET,,,,,,,,,10
1.0,cfb_20261003_orst_csu,aec-cfb-oregst-colst-2026-10-03,vultr,outside coverage,1791067554,1791067555000000000,2026-10-03 18:45:55.000000000 ET,1,timeout,0.245,,0.31,1791067556000000000,2026-10-03 18:45:56.000000000 ET,,,,,1791067615000000000,2026-10-03 18:46:55.000000000 ET,,,,,,,,,10
1.0,cfb_20261003_orst_csu,aec-cfb-oregst-colst-2026-10-03,vultr,outside coverage,1791068081,1791068082000000000,2026-10-03 18:54:42.000000000 ET,1,timeout,0.355,,0.31,1791068083000000000,2026-10-03 18:54:43.000000000 ET,,,,,1791068142000000000,2026-10-03 18:55:42.000000000 ET,,,,,,,,,10
1.0,cfb_20261003_orst_csu,aec-cfb-oregst-colst-2026-10-03,vultr,outside coverage,1791068407,1791068408000000000,2026-10-03 19:00:08.000000000 ET,-1,timeout,0.33999999999999997,,0.31,1791068409000000000,2026-10-03 19:00:09.000000000 ET,,,,,1791068468000000000,2026-10-03 19:01:08.000000000 ET,,,,,,,,,10
1.0,cfb_20261003_orst_csu,aec-cfb-oregst-colst-2026-10-03,vultr,outside coverage,1791068470,1791068471000000000,2026-10-03 19:01:11.000000000 ET,-1,timeout,0.325,,0.31,1791068472000000000,2026-10-03 19:01:12.000000000 ET,,,,,1791068531000000000,2026-10-03 19:02:11.000000000 ET,,,,,,,,,10
1.0,cfb_20261003_orst_csu,aec-cfb-oregst-colst-2026-10-03,vultr,outside coverage,1791068563,1791068564000000000,2026-10-03 19:02:44.000000000 ET,-1,timeout,0.275,,0.31,1791068565000000000,2026-10-03 19:02:45.000000000 ET,,,,,1791068624000000000,2026-10-03 19:03:44.000000000 ET,,,,,,,,,10
2.0,cfb_20261003_orst_csu,aec-cfb-oregst-colst-2026-10-03,vultr,outside coverage,1791066155,1791066156000000000,2026-10-03 18:22:36.000000000 ET,-1,timeout,0.2,,0.31,1791066158000000000,2026-10-03 18:22:38.000000000 ET,,,,,1791066216000000000,2026-10-03 18:23:36.000000000 ET,,,,,,,,,10
2.0,cfb_20261003_orst_csu,aec-cfb-oregst-colst-2026-10-03,vultr,outside coverage,1791066365,1791066366000000000,2026-10-03 18:26:06.000000000 ET,1,timeout,0.20500000000000002,,0.31,1791066368000000000,2026-10-03 18:26:08.000000000 ET,,,,,1791066426000000000,2026-10-03 18:27:06.000000000 ET,,,,,,,,,10
2.0,cfb_20261003_orst_csu,aec-cfb-oregst-colst-2026-10-03,vultr,outside coverage,1791067311,1791067312000000000,2026-10-03 18:41:52.000000000 ET,1,timeout,0.165,,0.31,1791067314000000000,2026-10-03 18:41:54.000000000 ET,,,,,1791067372000000000,2026-10-03 18:42:52.000000000 ET,,,,,,,,,10
2.0,cfb_20261003_orst_csu,aec-cfb-oregst-colst-2026-10-03,vultr,outside coverage,1791067554,1791067555000000000,2026-10-03 18:45:55.000000000 ET,1,timeout,0.245,,0.31,1791067557000000000,2026-10-03 18:45:57.000000000 ET,,,,,1791067615000000000,2026-10-03 18:46:55.000000000 ET,,,,,,,,,10
2.0,cfb_20261003_orst_csu,aec-cfb-oregst-colst-2026-10-03,vultr,outside coverage,1791068081,1791068082000000000,2026-10-03 18:54:42.000000000 ET,1,timeout,0.355,,0.31,1791068084000000000,2026-10-03 18:54:44.000000000 ET,,,,,1791068142000000000,2026-10-03 18:55:42.000000000 ET,,,,,,,,,10
2.0,cfb_20261003_orst_csu,aec-cfb-oregst-colst-2026-10-03,vultr,outside coverage,1791068407,1791068408000000000,2026-10-03 19:00:08.000000000 ET,-1,timeout,0.33999999999999997,,0.31,1791068410000000000,2026-10-03 19:00:10.000000000 ET,,,,,1791068468000000000,2026-10-03 19:01:08.000000000 ET,,,,,,,,,10
2.0,cfb_20261003_orst_csu,aec-cfb-oregst-colst-2026-10-03,vultr,outside coverage,1791068470,1791068471000000000,2026-10-03 19:01:11.000000000 ET,-1,timeout,0.325,,0.31,1791068473000000000,2026-10-03 19:01:13.000000000 ET,,,,,1791068531000000000,2026-10-03 19:02:11.000000000 ET,,,,,,,,,10
2.0,cfb_20261003_orst_csu,aec-cfb-oregst-colst-2026-10-03,vultr,outside coverage,1791068563,1791068564000000000,2026-10-03 19:02:44.000000000 ET,-1,timeout,0.275,,0.31,1791068566000000000,2026-10-03 19:02:46.000000000 ET,,,,,1791068624000000000,2026-10-03 19:03:44.000000000 ET,,,,,,,,,10
5.0,cfb_20261003_orst_csu,aec-cfb-oregst-colst-2026-10-03,vultr,outside coverage,1791066155,1791066156000000000,2026-10-03 18:22:36.000000000 ET,-1,timeout,0.2,,0.31,1791066161000000000,2026-10-03 18:22:41.000000000 ET,,,,,1791066216000000000,2026-10-03 18:23:36.000000000 ET,,,,,,,,,10
5.0,cfb_20261003_orst_csu,aec-cfb-oregst-colst-2026-10-03,vultr,outside coverage,1791066365,1791066366000000000,2026-10-03 18:26:06.000000000 ET,1,timeout,0.20500000000000002,,0.31,1791066371000000000,2026-10-03 18:26:11.000000000 ET,,,,,1791066426000000000,2026-10-03 18:27:06.000000000 ET,,,,,,,,,10
5.0,cfb_20261003_orst_csu,aec-cfb-oregst-colst-2026-10-03,vultr,outside coverage,1791067311,1791067312000000000,2026-10-03 18:41:52.000000000 ET,1,timeout,0.165,,0.31,1791067317000000000,2026-10-03 18:41:57.000000000 ET,,,,,1791067372000000000,2026-10-03 18:42:52.000000000 ET,,,,,,,,,10
5.0,cfb_20261003_orst_csu,aec-cfb-oregst-colst-2026-10-03,vultr,outside coverage,1791067554,1791067555000000000,2026-10-03 18:45:55.000000000 ET,1,timeout,0.245,,0.31,1791067560000000000,2026-10-03 18:46:00.000000000 ET,,,,,1791067615000000000,2026-10-03 18:46:55.000000000 ET,,,,,,,,,10
5.0,cfb_20261003_orst_csu,aec-cfb-oregst-colst-2026-10-03,vultr,outside coverage,1791068081,1791068082000000000,2026-10-03 18:54:42.000000000 ET,1,timeout,0.355,,0.31,1791068087000000000,2026-10-03 18:54:47.000000000 ET,,,,,1791068142000000000,2026-10-03 18:55:42.000000000 ET,,,,,,,,,10
5.0,cfb_20261003_orst_csu,aec-cfb-oregst-colst-2026-10-03,vultr,outside coverage,1791068407,1791068408000000000,2026-10-03 19:00:08.000000000 ET,-1,timeout,0.33999999999999997,,0.31,1791068413000000000,2026-10-03 19:00:13.000000000 ET,,,,,1791068468000000000,2026-10-03 19:01:08.000000000 ET,,,,,,,,,10
5.0,cfb_20261003_orst_csu,aec-cfb-oregst-colst-2026-10-03,vultr,outside coverage,1791068470,1791068471000000000,2026-10-03 19:01:11.000000000 ET,-1,timeout,0.325,,0.31,1791068476000000000,2026-10-03 19:01:16.000000000 ET,,,,,1791068531000000000,2026-10-03 19:02:11.000000000 ET,,,,,,,,,10
5.0,cfb_20261003_orst_csu,aec-cfb-oregst-colst-2026-10-03,vultr,outside coverage,1791068563,1791068564000000000,2026-10-03 19:02:44.000000000 ET,-1,timeout,0.275,,0.31,1791068569000000000,2026-10-03 19:02:49.000000000 ET,,,,,1791068624000000000,2026-10-03 19:03:44.000000000 ET,,,,,,,,,10
1.0,cfb_20261003_tntc_wcu,aec-cfb-tentch-wcar-2026-10-03,vultr,outside coverage,1791066952,1791066953000000000,2026-10-03 18:35:53.000000000 ET,1,timeout,0.45499999999999996,,0.21,1791066954000000000,2026-10-03 18:35:54.000000000 ET,,,,,1791067013000000000,2026-10-03 18:36:53.000000000 ET,,,,,,,,,10
1.0,cfb_20261003_tntc_wcu,aec-cfb-tentch-wcar-2026-10-03,vultr,outside coverage,1791067269,1791067270000000000,2026-10-03 18:41:10.000000000 ET,1,timeout,0.505,,0.21,1791067271000000000,2026-10-03 18:41:11.000000000 ET,,,,,1791067330000000000,2026-10-03 18:42:10.000000000 ET,,,,,,,,,10
1.0,cfb_20261003_tntc_wcu,aec-cfb-tentch-wcar-2026-10-03,vultr,outside coverage,1791067355,1791067356000000000,2026-10-03 18:42:36.000000000 ET,1,timeout,0.52,,0.21,1791067357000000000,2026-10-03 18:42:37.000000000 ET,,,,,1791067416000000000,2026-10-03 18:43:36.000000000 ET,,,,,,,,,10
1.0,cfb_20261003_tntc_wcu,aec-cfb-tentch-wcar-2026-10-03,vultr,outside coverage,1791068361,1791068362000000000,2026-10-03 18:59:22.000000000 ET,1,timeout,0.66,,0.21,1791068363000000000,2026-10-03 18:59:23.000000000 ET,,,,,1791068422000000000,2026-10-03 19:00:22.000000000 ET,,,,,,,,,10
1.0,cfb_20261003_tntc_wcu,aec-cfb-tentch-wcar-2026-10-03,vultr,outside coverage,1791068494,1791068495000000000,2026-10-03 19:01:35.000000000 ET,1,timeout,0.73,,0.21,1791068496000000000,2026-10-03 19:01:36.000000000 ET,,,,,1791068555000000000,2026-10-03 19:02:35.000000000 ET,,,,,,,,,10
1.0,cfb_20261003_tntc_wcu,aec-cfb-tentch-wcar-2026-10-03,vultr,outside coverage,1791068707,1791068708000000000,2026-10-03 19:05:08.000000000 ET,-1,timeout,0.685,,0.21,1791068709000000000,2026-10-03 19:05:09.000000000 ET,,,,,1791068768000000000,2026-10-03 19:06:08.000000000 ET,,,,,,,,,10
1.0,cfb_20261003_tntc_wcu,aec-cfb-tentch-wcar-2026-10-03,vultr,outside coverage,1791068938,1791068939000000000,2026-10-03 19:08:59.000000000 ET,-1,timeout,0.59,,0.21,1791068940000000000,2026-10-03 19:09:00.000000000 ET,,,,,1791068999000000000,2026-10-03 19:09:59.000000000 ET,,,,,,,,,10
1.0,cfb_20261003_tntc_wcu,aec-cfb-tentch-wcar-2026-10-03,vultr,outside coverage,1791069316,1791069317000000000,2026-10-03 19:15:17.000000000 ET,-1,timeout,0.51,,0.21,1791069318000000000,2026-10-03 19:15:18.000000000 ET,,,,,1791069377000000000,2026-10-03 19:16:17.000000000 ET,,,,,,,,,10
1.0,cfb_20261003_tntc_wcu,aec-cfb-tentch-wcar-2026-10-03,vultr,outside coverage,1791069384,1791069385000000000,2026-10-03 19:16:25.000000000 ET,1,timeout,0.575,,0.21,1791069386000000000,2026-10-03 19:16:26.000000000 ET,,,,,1791069445000000000,2026-10-03 19:17:25.000000000 ET,,,,,,,,,10
1.0,cfb_20261003_tntc_wcu,aec-cfb-tentch-wcar-2026-10-03,vultr,outside coverage,1791070085,1791070086000000000,2026-10-03 19:28:06.000000000 ET,-1,timeout,0.585,,0.21,1791070087000000000,2026-10-03 19:28:07.000000000 ET,,,,,1791070146000000000,2026-10-03 19:29:06.000000000 ET,,,,,,,,,10
1.0,cfb_20261003_tntc_wcu,aec-cfb-tentch-wcar-2026-10-03,vultr,outside coverage,1791070187,1791070188000000000,2026-10-03 19:29:48.000000000 ET,-1,timeout,0.53,,0.21,1791070189000000000,2026-10-03 19:29:49.000000000 ET,,,,,1791070248000000000,2026-10-03 19:30:48.000000000 ET,,,,,,,,,10
1.0,cfb_20261003_tntc_wcu,aec-cfb-tentch-wcar-2026-10-03,vultr,outside coverage,1791070283,1791070284000000000,2026-10-03 19:31:24.000000000 ET,-1,timeout,0.385,,0.21,1791070285000000000,2026-10-03 19:31:25.000000000 ET,,,,,1791070344000000000,2026-10-03 19:32:24.000000000 ET,,,,,,,,,10
1.0,cfb_20261003_tntc_wcu,aec-cfb-tentch-wcar-2026-10-03,vultr,outside coverage,1791070397,1791070398000000000,2026-10-03 19:33:18.000000000 ET,-1,timeout,0.315,,0.21,1791070399000000000,2026-10-03 19:33:19.000000000 ET,,,,,1791070458000000000,2026-10-03 19:34:18.000000000 ET,,,,,,,,,10
1.0,cfb_20261003_tntc_wcu,aec-cfb-tentch-wcar-2026-10-03,vultr,outside coverage,1791070500,1791070501000000000,2026-10-03 19:35:01.000000000 ET,1,timeout,0.33999999999999997,,0.21,1791070502000000000,2026-10-03 19:35:02.000000000 ET,,,,,1791070561000000000,2026-10-03 19:36:01.000000000 ET,,,,,,,,,10
1.0,cfb_20261003_tntc_wcu,aec-cfb-tentch-wcar-2026-10-03,vultr,outside coverage,1791070693,1791070694000000000,2026-10-03 19:38:14.000000000 ET,1,timeout,0.355,,0.21,1791070695000000000,2026-10-03 19:38:15.000000000 ET,,,,,1791070754000000000,2026-10-03 19:39:14.000000000 ET,,,,,,,,,10
1.0,cfb_20261003_tntc_wcu,aec-cfb-tentch-wcar-2026-10-03,vultr,outside coverage,1791070758,1791070759000000000,2026-10-03 19:39:19.000000000 ET,1,timeout,0.455,,0.21,1791070760000000000,2026-10-03 19:39:20.000000000 ET,,,,,1791070819000000000,2026-10-03 19:40:19.000000000 ET,,,,,,,,,10
1.0,cfb_20261003_tntc_wcu,aec-cfb-tentch-wcar-2026-10-03,vultr,outside coverage,1791071806,1791071807000000000,2026-10-03 19:56:47.000000000 ET,-1,timeout,0.42500000000000004,,0.21,1791071808000000000,2026-10-03 19:56:48.000000000 ET,,,,,1791071867000000000,2026-10-03 19:57:47.000000000 ET,,,,,,,,,10
1.0,cfb_20261003_tntc_wcu,aec-cfb-tentch-wcar-2026-10-03,vultr,outside coverage,1791071891,1791071892000000000,2026-10-03 19:58:12.000000000 ET,-1,timeout,0.28,,0.21,1791071893000000000,2026-10-03 19:58:13.000000000 ET,,,,,1791071952000000000,2026-10-03 19:59:12.000000000 ET,,,,,,,,,10
1.0,cfb_20261003_tntc_wcu,aec-cfb-tentch-wcar-2026-10-03,vultr,outside coverage,1791072099,1791072100000000000,2026-10-03 20:01:40.000000000 ET,1,timeout,0.355,,0.21,1791072101000000000,2026-10-03 20:01:41.000000000 ET,,,,,1791072160000000000,2026-10-03 20:02:40.000000000 ET,,,,,,,,,10
1.0,cfb_20261003_tntc_wcu,aec-cfb-tentch-wcar-2026-10-03,vultr,outside coverage,1791072169,1791072170000000000,2026-10-03 20:02:50.000000000 ET,-1,timeout,0.32,,0.21,1791072171000000000,2026-10-03 20:02:51.000000000 ET,,,,,1791072230000000000,2026-10-03 20:03:50.000000000 ET,,,,,,,,,10
1.0,cfb_20261003_tntc_wcu,aec-cfb-tentch-wcar-2026-10-03,vultr,outside coverage,1791072713,1791072714000000000,2026-10-03 20:11:54.000000000 ET,1,timeout,0.395,,0.21,1791072715000000000,2026-10-03 20:11:55.000000000 ET,,,,,1791072774000000000,2026-10-03 20:12:54.000000000 ET,,,,,,,,,10
1.0,cfb_20261003_tntc_wcu,aec-cfb-tentch-wcar-2026-10-03,vultr,outside coverage,1791073109,1791073110000000000,2026-10-03 20:18:30.000000000 ET,1,timeout,0.47,,0.21,1791073111000000000,2026-10-03 20:18:31.000000000 ET,,,,,1791073170000000000,2026-10-03 20:19:30.000000000 ET,,,,,,,,,10
1.0,cfb_20261003_tntc_wcu,aec-cfb-tentch-wcar-2026-10-03,vultr,outside coverage,1791073537,1791073538000000000,2026-10-03 20:25:38.000000000 ET,1,timeout,0.49,,0.21,1791073539000000000,2026-10-03 20:25:39.000000000 ET,,,,,1791073598000000000,2026-10-03 20:26:38.000000000 ET,,,,,,,,,10
1.0,cfb_20261003_tntc_wcu,aec-cfb-tentch-wcar-2026-10-03,vultr,outside coverage,1791073731,1791073732000000000,2026-10-03 20:28:52.000000000 ET,1,timeout,0.495,,0.21,1791073733000000000,2026-10-03 20:28:53.000000000 ET,,,,,1791073792000000000,2026-10-03 20:29:52.000000000 ET,,,,,,,,,10
1.0,cfb_20261003_tntc_wcu,aec-cfb-tentch-wcar-2026-10-03,vultr,outside coverage,1791073923,1791073924000000000,2026-10-03 20:32:04.000000000 ET,1,timeout,0.575,,0.21,1791073925000000000,2026-10-03 20:32:05.000000000 ET,,,,,1791073984000000000,2026-10-03 20:33:04.000000000 ET,,,,,,,,,10
1.0,cfb_20261003_tntc_wcu,aec-cfb-tentch-wcar-2026-10-03,vultr,outside coverage,1791074404,1791074405000000000,2026-10-03 20:40:05.000000000 ET,-1,timeout,0.6000000000000001,,0.21,1791074406000000000,2026-10-03 20:40:06.000000000 ET,,,,,1791074465000000000,2026-10-03 20:41:05.000000000 ET,,,,,,,,,10
1.0,cfb_20261003_tntc_wcu,aec-cfb-tentch-wcar-2026-10-03,vultr,outside coverage,1791074588,1791074589000000000,2026-10-03 20:43:09.000000000 ET,1,timeout,0.63,,0.21,1791074590000000000,2026-10-03 20:43:10.000000000 ET,,,,,1791074649000000000,2026-10-03 20:44:09.000000000 ET,,,,,,,,,10
1.0,cfb_20261003_tntc_wcu,aec-cfb-tentch-wcar-2026-10-03,vultr,outside coverage,1791075058,1791075059000000000,2026-10-03 20:50:59.000000000 ET,-1,timeout,0.715,,0.21,1791075060000000000,2026-10-03 20:51:00.000000000 ET,,,,,1791075119000000000,2026-10-03 20:51:59.000000000 ET,,,,,,,,,10
1.0,cfb_20261003_tntc_wcu,aec-cfb-tentch-wcar-2026-10-03,vultr,outside coverage,1791075120,1791075121000000000,2026-10-03 20:52:01.000000000 ET,1,timeout,0.69,,0.21,1791075122000000000,2026-10-03 20:52:02.000000000 ET,,,,,1791075181000000000,2026-10-03 20:53:01.000000000 ET,,,,,,,,,10
1.0,cfb_20261003_tntc_wcu,aec-cfb-tentch-wcar-2026-10-03,vultr,outside coverage,1791075258,1791075259000000000,2026-10-03 20:54:19.000000000 ET,-1,timeout,0.6,,0.21,1791075260000000000,2026-10-03 20:54:20.000000000 ET,,,,,1791075319000000000,2026-10-03 20:55:19.000000000 ET,,,,,,,,,10
1.0,cfb_20261003_tntc_wcu,aec-cfb-tentch-wcar-2026-10-03,vultr,outside coverage,1791075382,1791075383000000000,2026-10-03 20:56:23.000000000 ET,1,timeout,0.615,,0.21,1791075384000000000,2026-10-03 20:56:24.000000000 ET,,,,,1791075443000000000,2026-10-03 20:57:23.000000000 ET,,,,,,,,,10
1.0,cfb_20261003_tntc_wcu,aec-cfb-tentch-wcar-2026-10-03,vultr,outside coverage,1791075495,1791075496000000000,2026-10-03 20:58:16.000000000 ET,1,timeout,0.7250000000000001,,0.21,1791075497000000000,2026-10-03 20:58:17.000000000 ET,,,,,1791075556000000000,2026-10-03 20:59:16.000000000 ET,,,,,,,,,10
1.0,cfb_20261003_tntc_wcu,aec-cfb-tentch-wcar-2026-10-03,vultr,outside coverage,1791075601,1791075602000000000,2026-10-03 21:00:02.000000000 ET,1,timeout,0.72,,0.21,1791075603000000000,2026-10-03 21:00:03.000000000 ET,,,,,1791075662000000000,2026-10-03 21:01:02.000000000 ET,,,,,,,,,10
1.0,cfb_20261003_tntc_wcu,aec-cfb-tentch-wcar-2026-10-03,vultr,outside coverage,1791075662,1791075663000000000,2026-10-03 21:01:03.000000000 ET,-1,timeout,0.7050000000000001,,0.21,1791075664000000000,2026-10-03 21:01:04.000000000 ET,,,,,1791075723000000000,2026-10-03 21:02:03.000000000 ET,,,,,,,,,10
1.0,cfb_20261003_tntc_wcu,aec-cfb-tentch-wcar-2026-10-03,vultr,outside coverage,1791075725,1791075726000000000,2026-10-03 21:02:06.000000000 ET,-1,timeout,0.675,,0.21,1791075727000000000,2026-10-03 21:02:07.000000000 ET,,,,,1791075786000000000,2026-10-03 21:03:06.000000000 ET,,,,,,,,,10
1.0,cfb_20261003_tntc_wcu,aec-cfb-tentch-wcar-2026-10-03,vultr,outside coverage,1791075859,1791075860000000000,2026-10-03 21:04:20.000000000 ET,1,timeout,0.595,,0.21,1791075861000000000,2026-10-03 21:04:21.000000000 ET,,,,,1791075920000000000,2026-10-03 21:05:20.000000000 ET,,,,,,,,,10
1.0,cfb_20261003_tntc_wcu,aec-cfb-tentch-wcar-2026-10-03,vultr,outside coverage,1791075964,1791075965000000000,2026-10-03 21:06:05.000000000 ET,-1,timeout,0.5549999999999999,,0.21,1791075966000000000,2026-10-03 21:06:06.000000000 ET,,,,,1791076025000000000,2026-10-03 21:07:05.000000000 ET,,,,,,,,,10
1.0,cfb_20261003_tntc_wcu,aec-cfb-tentch-wcar-2026-10-03,vultr,outside coverage,1791076033,1791076034000000000,2026-10-03 21:07:14.000000000 ET,1,timeout,0.76,,0.21,1791076035000000000,2026-10-03 21:07:15.000000000 ET,,,,,1791076094000000000,2026-10-03 21:08:14.000000000 ET,,,,,,,,,10
1.0,cfb_20261003_tntc_wcu,aec-cfb-tentch-wcar-2026-10-03,vultr,outside coverage,1791076160,1791076161000000000,2026-10-03 21:09:21.000000000 ET,-1,timeout,0.725,,0.21,1791076162000000000,2026-10-03 21:09:22.000000000 ET,,,,,1791076221000000000,2026-10-03 21:10:21.000000000 ET,,,,,,,,,10
1.0,cfb_20261003_tntc_wcu,aec-cfb-tentch-wcar-2026-10-03,vultr,outside coverage,1791076239,1791076240000000000,2026-10-03 21:10:40.000000000 ET,-1,timeout,0.735,,0.21,1791076241000000000,2026-10-03 21:10:41.000000000 ET,,,,,1791076300000000000,2026-10-03 21:11:40.000000000 ET,,,,,,,,,10
1.0,cfb_20261003_tntc_wcu,aec-cfb-tentch-wcar-2026-10-03,vultr,outside coverage,1791076478,1791076479000000000,2026-10-03 21:14:39.000000000 ET,1,timeout,0.87,,0.21,1791076480000000000,2026-10-03 21:14:40.000000000 ET,,,,,1791076539000000000,2026-10-03 21:15:39.000000000 ET,,,,,,,,,10
1.0,cfb_20261003_tntc_wcu,aec-cfb-tentch-wcar-2026-10-03,vultr,outside coverage,1791076655,1791076656000000000,2026-10-03 21:17:36.000000000 ET,-1,timeout,0.815,,0.21,1791076657000000000,2026-10-03 21:17:37.000000000 ET,,,,,1791076716000000000,2026-10-03 21:18:36.000000000 ET,,,,,,,,,10
1.0,cfb_20261003_tntc_wcu,aec-cfb-tentch-wcar-2026-10-03,vultr,outside coverage,1791076759,1791076760000000000,2026-10-03 21:19:20.000000000 ET,-1,timeout,0.865,,0.21,1791076761000000000,2026-10-03 21:19:21.000000000 ET,,,,,1791076820000000000,2026-10-03 21:20:20.000000000 ET,,,,,,,,,10
1.0,cfb_20261003_tntc_wcu,aec-cfb-tentch-wcar-2026-10-03,vultr,outside coverage,1791076827,1791076828000000000,2026-10-03 21:20:28.000000000 ET,-1,timeout,0.84,,0.21,1791076829000000000,2026-10-03 21:20:29.000000000 ET,,,,,1791076888000000000,2026-10-03 21:21:28.000000000 ET,,,,,,,,,10
1.0,cfb_20261003_tntc_wcu,aec-cfb-tentch-wcar-2026-10-03,vultr,outside coverage,1791076894,1791076895000000000,2026-10-03 21:21:35.000000000 ET,1,timeout,0.9299999999999999,,0.21,1791076896000000000,2026-10-03 21:21:36.000000000 ET,,,,,1791076955000000000,2026-10-03 21:22:35.000000000 ET,,,,,,,,,10
1.0,cfb_20261003_tntc_wcu,aec-cfb-tentch-wcar-2026-10-03,vultr,outside coverage,1791076998,1791076999000000000,2026-10-03 21:23:19.000000000 ET,-1,timeout,0.905,,0.21,1791077000000000000,2026-10-03 21:23:20.000000000 ET,,,,,1791077059000000000,2026-10-03 21:24:19.000000000 ET,,,,,,,,,10
1.0,cfb_20261003_tntc_wcu,aec-cfb-tentch-wcar-2026-10-03,vultr,outside coverage,1791077175,1791077176000000000,2026-10-03 21:26:16.000000000 ET,-1,timeout,0.9199999999999999,,0.21,1791077177000000000,2026-10-03 21:26:17.000000000 ET,,,,,1791077236000000000,2026-10-03 21:27:16.000000000 ET,,,,,,,,,10
1.0,cfb_20261003_tntc_wcu,aec-cfb-tentch-wcar-2026-10-03,vultr,outside coverage,1791077303,1791077304000000000,2026-10-03 21:28:24.000000000 ET,-1,timeout,0.915,,0.21,1791077305000000000,2026-10-03 21:28:25.000000000 ET,,,,,1791077364000000000,2026-10-03 21:29:24.000000000 ET,,,,,,,,,10
1.0,cfb_20261003_tntc_wcu,aec-cfb-tentch-wcar-2026-10-03,vultr,outside coverage,1791077379,1791077380000000000,2026-10-03 21:29:40.000000000 ET,-1,timeout,0.895,,0.21,1791077381000000000,2026-10-03 21:29:41.000000000 ET,,,,,1791077440000000000,2026-10-03 21:30:40.000000000 ET,,,,,,,,,10
1.0,cfb_20261003_tntc_wcu,aec-cfb-tentch-wcar-2026-10-03,vultr,outside coverage,1791077473,1791077474000000000,2026-10-03 21:31:14.000000000 ET,1,timeout,0.94,,0.21,1791077475000000000,2026-10-03 21:31:15.000000000 ET,,,,,1791077534000000000,2026-10-03 21:32:14.000000000 ET,,,,,,,,,10
1.0,cfb_20261003_tntc_wcu,aec-cfb-tentch-wcar-2026-10-03,vultr,outside coverage,1791077574,1791077575000000000,2026-10-03 21:32:55.000000000 ET,1,timeout,0.985,,0.21,1791077576000000000,2026-10-03 21:32:56.000000000 ET,,,,,1791077635000000000,2026-10-03 21:33:55.000000000 ET,,,,,,,,,10
2.0,cfb_20261003_tntc_wcu,aec-cfb-tentch-wcar-2026-10-03,vultr,outside coverage,1791066952,1791066953000000000,2026-10-03 18:35:53.000000000 ET,1,timeout,0.45499999999999996,,0.21,1791066955000000000,2026-10-03 18:35:55.000000000 ET,,,,,1791067013000000000,2026-10-03 18:36:53.000000000 ET,,,,,,,,,10
2.0,cfb_20261003_tntc_wcu,aec-cfb-tentch-wcar-2026-10-03,vultr,outside coverage,1791067269,1791067270000000000,2026-10-03 18:41:10.000000000 ET,1,timeout,0.505,,0.21,1791067272000000000,2026-10-03 18:41:12.000000000 ET,,,,,1791067330000000000,2026-10-03 18:42:10.000000000 ET,,,,,,,,,10
2.0,cfb_20261003_tntc_wcu,aec-cfb-tentch-wcar-2026-10-03,vultr,outside coverage,1791067355,1791067356000000000,2026-10-03 18:42:36.000000000 ET,1,timeout,0.52,,0.21,1791067358000000000,2026-10-03 18:42:38.000000000 ET,,,,,1791067416000000000,2026-10-03 18:43:36.000000000 ET,,,,,,,,,10
2.0,cfb_20261003_tntc_wcu,aec-cfb-tentch-wcar-2026-10-03,vultr,outside coverage,1791068361,1791068362000000000,2026-10-03 18:59:22.000000000 ET,1,timeout,0.66,,0.21,1791068364000000000,2026-10-03 18:59:24.000000000 ET,,,,,1791068422000000000,2026-10-03 19:00:22.000000000 ET,,,,,,,,,10
2.0,cfb_20261003_tntc_wcu,aec-cfb-tentch-wcar-2026-10-03,vultr,outside coverage,1791068494,1791068495000000000,2026-10-03 19:01:35.000000000 ET,1,timeout,0.73,,0.21,1791068497000000000,2026-10-03 19:01:37.000000000 ET,,,,,1791068555000000000,2026-10-03 19:02:35.000000000 ET,,,,,,,,,10
2.0,cfb_20261003_tntc_wcu,aec-cfb-tentch-wcar-2026-10-03,vultr,outside coverage,1791068707,1791068708000000000,2026-10-03 19:05:08.000000000 ET,-1,timeout,0.685,,0.21,1791068710000000000,2026-10-03 19:05:10.000000000 ET,,,,,1791068768000000000,2026-10-03 19:06:08.000000000 ET,,,,,,,,,10
2.0,cfb_20261003_tntc_wcu,aec-cfb-tentch-wcar-2026-10-03,vultr,outside coverage,1791068938,1791068939000000000,2026-10-03 19:08:59.000000000 ET,-1,timeout,0.59,,0.21,1791068941000000000,2026-10-03 19:09:01.000000000 ET,,,,,1791068999000000000,2026-10-03 19:09:59.000000000 ET,,,,,,,,,10
2.0,cfb_20261003_tntc_wcu,aec-cfb-tentch-wcar-2026-10-03,vultr,outside coverage,1791069316,1791069317000000000,2026-10-03 19:15:17.000000000 ET,-1,timeout,0.51,,0.21,1791069319000000000,2026-10-03 19:15:19.000000000 ET,,,,,1791069377000000000,2026-10-03 19:16:17.000000000 ET,,,,,,,,,10
2.0,cfb_20261003_tntc_wcu,aec-cfb-tentch-wcar-2026-10-03,vultr,outside coverage,1791069384,1791069385000000000,2026-10-03 19:16:25.000000000 ET,1,timeout,0.575,,0.21,1791069387000000000,2026-10-03 19:16:27.000000000 ET,,,,,1791069445000000000,2026-10-03 19:17:25.000000000 ET,,,,,,,,,10
2.0,cfb_20261003_tntc_wcu,aec-cfb-tentch-wcar-2026-10-03,vultr,outside coverage,1791070085,1791070086000000000,2026-10-03 19:28:06.000000000 ET,-1,timeout,0.585,,0.21,1791070088000000000,2026-10-03 19:28:08.000000000 ET,,,,,1791070146000000000,2026-10-03 19:29:06.000000000 ET,,,,,,,,,10
2.0,cfb_20261003_tntc_wcu,aec-cfb-tentch-wcar-2026-10-03,vultr,outside coverage,1791070187,1791070188000000000,2026-10-03 19:29:48.000000000 ET,-1,timeout,0.53,,0.21,1791070190000000000,2026-10-03 19:29:50.000000000 ET,,,,,1791070248000000000,2026-10-03 19:30:48.000000000 ET,,,,,,,,,10
2.0,cfb_20261003_tntc_wcu,aec-cfb-tentch-wcar-2026-10-03,vultr,outside coverage,1791070283,1791070284000000000,2026-10-03 19:31:24.000000000 ET,-1,timeout,0.385,,0.21,1791070286000000000,2026-10-03 19:31:26.000000000 ET,,,,,1791070344000000000,2026-10-03 19:32:24.000000000 ET,,,,,,,,,10
2.0,cfb_20261003_tntc_wcu,aec-cfb-tentch-wcar-2026-10-03,vultr,outside coverage,1791070397,1791070398000000000,2026-10-03 19:33:18.000000000 ET,-1,timeout,0.315,,0.21,1791070400000000000,2026-10-03 19:33:20.000000000 ET,,,,,1791070458000000000,2026-10-03 19:34:18.000000000 ET,,,,,,,,,10
2.0,cfb_20261003_tntc_wcu,aec-cfb-tentch-wcar-2026-10-03,vultr,outside coverage,1791070500,1791070501000000000,2026-10-03 19:35:01.000000000 ET,1,timeout,0.33999999999999997,,0.21,1791070503000000000,2026-10-03 19:35:03.000000000 ET,,,,,1791070561000000000,2026-10-03 19:36:01.000000000 ET,,,,,,,,,10
2.0,cfb_20261003_tntc_wcu,aec-cfb-tentch-wcar-2026-10-03,vultr,outside coverage,1791070693,1791070694000000000,2026-10-03 19:38:14.000000000 ET,1,timeout,0.355,,0.21,1791070696000000000,2026-10-03 19:38:16.000000000 ET,,,,,1791070754000000000,2026-10-03 19:39:14.000000000 ET,,,,,,,,,10
2.0,cfb_20261003_tntc_wcu,aec-cfb-tentch-wcar-2026-10-03,vultr,outside coverage,1791070758,1791070759000000000,2026-10-03 19:39:19.000000000 ET,1,timeout,0.455,,0.21,1791070761000000000,2026-10-03 19:39:21.000000000 ET,,,,,1791070819000000000,2026-10-03 19:40:19.000000000 ET,,,,,,,,,10
2.0,cfb_20261003_tntc_wcu,aec-cfb-tentch-wcar-2026-10-03,vultr,outside coverage,1791071806,1791071807000000000,2026-10-03 19:56:47.000000000 ET,-1,timeout,0.42500000000000004,,0.21,1791071809000000000,2026-10-03 19:56:49.000000000 ET,,,,,1791071867000000000,2026-10-03 19:57:47.000000000 ET,,,,,,,,,10
2.0,cfb_20261003_tntc_wcu,aec-cfb-tentch-wcar-2026-10-03,vultr,outside coverage,1791071891,1791071892000000000,2026-10-03 19:58:12.000000000 ET,-1,timeout,0.28,,0.21,1791071894000000000,2026-10-03 19:58:14.000000000 ET,,,,,1791071952000000000,2026-10-03 19:59:12.000000000 ET,,,,,,,,,10
2.0,cfb_20261003_tntc_wcu,aec-cfb-tentch-wcar-2026-10-03,vultr,outside coverage,1791072099,1791072100000000000,2026-10-03 20:01:40.000000000 ET,1,timeout,0.355,,0.21,1791072102000000000,2026-10-03 20:01:42.000000000 ET,,,,,1791072160000000000,2026-10-03 20:02:40.000000000 ET,,,,,,,,,10
2.0,cfb_20261003_tntc_wcu,aec-cfb-tentch-wcar-2026-10-03,vultr,outside coverage,1791072169,1791072170000000000,2026-10-03 20:02:50.000000000 ET,-1,timeout,0.32,,0.21,1791072172000000000,2026-10-03 20:02:52.000000000 ET,,,,,1791072230000000000,2026-10-03 20:03:50.000000000 ET,,,,,,,,,10
2.0,cfb_20261003_tntc_wcu,aec-cfb-tentch-wcar-2026-10-03,vultr,outside coverage,1791072713,1791072714000000000,2026-10-03 20:11:54.000000000 ET,1,timeout,0.395,,0.21,1791072716000000000,2026-10-03 20:11:56.000000000 ET,,,,,1791072774000000000,2026-10-03 20:12:54.000000000 ET,,,,,,,,,10
2.0,cfb_20261003_tntc_wcu,aec-cfb-tentch-wcar-2026-10-03,vultr,outside coverage,1791073109,1791073110000000000,2026-10-03 20:18:30.000000000 ET,1,timeout,0.47,,0.21,1791073112000000000,2026-10-03 20:18:32.000000000 ET,,,,,1791073170000000000,2026-10-03 20:19:30.000000000 ET,,,,,,,,,10
2.0,cfb_20261003_tntc_wcu,aec-cfb-tentch-wcar-2026-10-03,vultr,outside coverage,1791073537,1791073538000000000,2026-10-03 20:25:38.000000000 ET,1,timeout,0.49,,0.21,1791073540000000000,2026-10-03 20:25:40.000000000 ET,,,,,1791073598000000000,2026-10-03 20:26:38.000000000 ET,,,,,,,,,10
2.0,cfb_20261003_tntc_wcu,aec-cfb-tentch-wcar-2026-10-03,vultr,outside coverage,1791073731,1791073732000000000,2026-10-03 20:28:52.000000000 ET,1,timeout,0.495,,0.21,1791073734000000000,2026-10-03 20:28:54.000000000 ET,,,,,1791073792000000000,2026-10-03 20:29:52.000000000 ET,,,,,,,,,10
2.0,cfb_20261003_tntc_wcu,aec-cfb-tentch-wcar-2026-10-03,vultr,outside coverage,1791073923,1791073924000000000,2026-10-03 20:32:04.000000000 ET,1,timeout,0.575,,0.21,1791073926000000000,2026-10-03 20:32:06.000000000 ET,,,,,1791073984000000000,2026-10-03 20:33:04.000000000 ET,,,,,,,,,10
2.0,cfb_20261003_tntc_wcu,aec-cfb-tentch-wcar-2026-10-03,vultr,outside coverage,1791074404,1791074405000000000,2026-10-03 20:40:05.000000000 ET,-1,timeout,0.6000000000000001,,0.21,1791074407000000000,2026-10-03 20:40:07.000000000 ET,,,,,1791074465000000000,2026-10-03 20:41:05.000000000 ET,,,,,,,,,10
2.0,cfb_20261003_tntc_wcu,aec-cfb-tentch-wcar-2026-10-03,vultr,outside coverage,1791074588,1791074589000000000,2026-10-03 20:43:09.000000000 ET,1,timeout,0.63,,0.21,1791074591000000000,2026-10-03 20:43:11.000000000 ET,,,,,1791074649000000000,2026-10-03 20:44:09.000000000 ET,,,,,,,,,10
2.0,cfb_20261003_tntc_wcu,aec-cfb-tentch-wcar-2026-10-03,vultr,outside coverage,1791075058,1791075059000000000,2026-10-03 20:50:59.000000000 ET,-1,timeout,0.715,,0.21,1791075061000000000,2026-10-03 20:51:01.000000000 ET,,,,,1791075119000000000,2026-10-03 20:51:59.000000000 ET,,,,,,,,,10
2.0,cfb_20261003_tntc_wcu,aec-cfb-tentch-wcar-2026-10-03,vultr,outside coverage,1791075120,1791075121000000000,2026-10-03 20:52:01.000000000 ET,1,timeout,0.69,,0.21,1791075123000000000,2026-10-03 20:52:03.000000000 ET,,,,,1791075181000000000,2026-10-03 20:53:01.000000000 ET,,,,,,,,,10
2.0,cfb_20261003_tntc_wcu,aec-cfb-tentch-wcar-2026-10-03,vultr,outside coverage,1791075258,1791075259000000000,2026-10-03 20:54:19.000000000 ET,-1,timeout,0.6,,0.21,1791075261000000000,2026-10-03 20:54:21.000000000 ET,,,,,1791075319000000000,2026-10-03 20:55:19.000000000 ET,,,,,,,,,10
2.0,cfb_20261003_tntc_wcu,aec-cfb-tentch-wcar-2026-10-03,vultr,outside coverage,1791075382,1791075383000000000,2026-10-03 20:56:23.000000000 ET,1,timeout,0.615,,0.21,1791075385000000000,2026-10-03 20:56:25.000000000 ET,,,,,1791075443000000000,2026-10-03 20:57:23.000000000 ET,,,,,,,,,10
2.0,cfb_20261003_tntc_wcu,aec-cfb-tentch-wcar-2026-10-03,vultr,outside coverage,1791075495,1791075496000000000,2026-10-03 20:58:16.000000000 ET,1,timeout,0.7250000000000001,,0.21,1791075498000000000,2026-10-03 20:58:18.000000000 ET,,,,,1791075556000000000,2026-10-03 20:59:16.000000000 ET,,,,,,,,,10
2.0,cfb_20261003_tntc_wcu,aec-cfb-tentch-wcar-2026-10-03,vultr,outside coverage,1791075601,1791075602000000000,2026-10-03 21:00:02.000000000 ET,1,timeout,0.72,,0.21,1791075604000000000,2026-10-03 21:00:04.000000000 ET,,,,,1791075662000000000,2026-10-03 21:01:02.000000000 ET,,,,,,,,,10
2.0,cfb_20261003_tntc_wcu,aec-cfb-tentch-wcar-2026-10-03,vultr,outside coverage,1791075662,1791075663000000000,2026-10-03 21:01:03.000000000 ET,-1,timeout,0.7050000000000001,,0.21,1791075665000000000,2026-10-03 21:01:05.000000000 ET,,,,,1791075723000000000,2026-10-03 21:02:03.000000000 ET,,,,,,,,,10
2.0,cfb_20261003_tntc_wcu,aec-cfb-tentch-wcar-2026-10-03,vultr,outside coverage,1791075725,1791075726000000000,2026-10-03 21:02:06.000000000 ET,-1,timeout,0.675,,0.21,1791075728000000000,2026-10-03 21:02:08.000000000 ET,,,,,1791075786000000000,2026-10-03 21:03:06.000000000 ET,,,,,,,,,10
2.0,cfb_20261003_tntc_wcu,aec-cfb-tentch-wcar-2026-10-03,vultr,outside coverage,1791075859,1791075860000000000,2026-10-03 21:04:20.000000000 ET,1,timeout,0.595,,0.21,1791075862000000000,2026-10-03 21:04:22.000000000 ET,,,,,1791075920000000000,2026-10-03 21:05:20.000000000 ET,,,,,,,,,10
2.0,cfb_20261003_tntc_wcu,aec-cfb-tentch-wcar-2026-10-03,vultr,outside coverage,1791075964,1791075965000000000,2026-10-03 21:06:05.000000000 ET,-1,timeout,0.5549999999999999,,0.21,1791075967000000000,2026-10-03 21:06:07.000000000 ET,,,,,1791076025000000000,2026-10-03 21:07:05.000000000 ET,,,,,,,,,10
2.0,cfb_20261003_tntc_wcu,aec-cfb-tentch-wcar-2026-10-03,vultr,outside coverage,1791076033,1791076034000000000,2026-10-03 21:07:14.000000000 ET,1,timeout,0.76,,0.21,1791076036000000000,2026-10-03 21:07:16.000000000 ET,,,,,1791076094000000000,2026-10-03 21:08:14.000000000 ET,,,,,,,,,10
2.0,cfb_20261003_tntc_wcu,aec-cfb-tentch-wcar-2026-10-03,vultr,outside coverage,1791076160,1791076161000000000,2026-10-03 21:09:21.000000000 ET,-1,timeout,0.725,,0.21,1791076163000000000,2026-10-03 21:09:23.000000000 ET,,,,,1791076221000000000,2026-10-03 21:10:21.000000000 ET,,,,,,,,,10
2.0,cfb_20261003_tntc_wcu,aec-cfb-tentch-wcar-2026-10-03,vultr,outside coverage,1791076239,1791076240000000000,2026-10-03 21:10:40.000000000 ET,-1,timeout,0.735,,0.21,1791076242000000000,2026-10-03 21:10:42.000000000 ET,,,,,1791076300000000000,2026-10-03 21:11:40.000000000 ET,,,,,,,,,10
2.0,cfb_20261003_tntc_wcu,aec-cfb-tentch-wcar-2026-10-03,vultr,outside coverage,1791076478,1791076479000000000,2026-10-03 21:14:39.000000000 ET,1,timeout,0.87,,0.21,1791076481000000000,2026-10-03 21:14:41.000000000 ET,,,,,1791076539000000000,2026-10-03 21:15:39.000000000 ET,,,,,,,,,10
2.0,cfb_20261003_tntc_wcu,aec-cfb-tentch-wcar-2026-10-03,vultr,outside coverage,1791076655,1791076656000000000,2026-10-03 21:17:36.000000000 ET,-1,timeout,0.815,,0.21,1791076658000000000,2026-10-03 21:17:38.000000000 ET,,,,,1791076716000000000,2026-10-03 21:18:36.000000000 ET,,,,,,,,,10
2.0,cfb_20261003_tntc_wcu,aec-cfb-tentch-wcar-2026-10-03,vultr,outside coverage,1791076759,1791076760000000000,2026-10-03 21:19:20.000000000 ET,-1,timeout,0.865,,0.21,1791076762000000000,2026-10-03 21:19:22.000000000 ET,,,,,1791076820000000000,2026-10-03 21:20:20.000000000 ET,,,,,,,,,10
2.0,cfb_20261003_tntc_wcu,aec-cfb-tentch-wcar-2026-10-03,vultr,outside coverage,1791076827,1791076828000000000,2026-10-03 21:20:28.000000000 ET,-1,timeout,0.84,,0.21,1791076830000000000,2026-10-03 21:20:30.000000000 ET,,,,,1791076888000000000,2026-10-03 21:21:28.000000000 ET,,,,,,,,,10
2.0,cfb_20261003_tntc_wcu,aec-cfb-tentch-wcar-2026-10-03,vultr,outside coverage,1791076894,1791076895000000000,2026-10-03 21:21:35.000000000 ET,1,timeout,0.9299999999999999,,0.21,1791076897000000000,2026-10-03 21:21:37.000000000 ET,,,,,1791076955000000000,2026-10-03 21:22:35.000000000 ET,,,,,,,,,10
2.0,cfb_20261003_tntc_wcu,aec-cfb-tentch-wcar-2026-10-03,vultr,outside coverage,1791076998,1791076999000000000,2026-10-03 21:23:19.000000000 ET,-1,timeout,0.905,,0.21,1791077001000000000,2026-10-03 21:23:21.000000000 ET,,,,,1791077059000000000,2026-10-03 21:24:19.000000000 ET,,,,,,,,,10
2.0,cfb_20261003_tntc_wcu,aec-cfb-tentch-wcar-2026-10-03,vultr,outside coverage,1791077175,1791077176000000000,2026-10-03 21:26:16.000000000 ET,-1,timeout,0.9199999999999999,,0.21,1791077178000000000,2026-10-03 21:26:18.000000000 ET,,,,,1791077236000000000,2026-10-03 21:27:16.000000000 ET,,,,,,,,,10
2.0,cfb_20261003_tntc_wcu,aec-cfb-tentch-wcar-2026-10-03,vultr,outside coverage,1791077303,1791077304000000000,2026-10-03 21:28:24.000000000 ET,-1,timeout,0.915,,0.21,1791077306000000000,2026-10-03 21:28:26.000000000 ET,,,,,1791077364000000000,2026-10-03 21:29:24.000000000 ET,,,,,,,,,10
2.0,cfb_20261003_tntc_wcu,aec-cfb-tentch-wcar-2026-10-03,vultr,outside coverage,1791077379,1791077380000000000,2026-10-03 21:29:40.000000000 ET,-1,timeout,0.895,,0.21,1791077382000000000,2026-10-03 21:29:42.000000000 ET,,,,,1791077440000000000,2026-10-03 21:30:40.000000000 ET,,,,,,,,,10
2.0,cfb_20261003_tntc_wcu,aec-cfb-tentch-wcar-2026-10-03,vultr,outside coverage,1791077473,1791077474000000000,2026-10-03 21:31:14.000000000 ET,1,timeout,0.94,,0.21,1791077476000000000,2026-10-03 21:31:16.000000000 ET,,,,,1791077534000000000,2026-10-03 21:32:14.000000000 ET,,,,,,,,,10
2.0,cfb_20261003_tntc_wcu,aec-cfb-tentch-wcar-2026-10-03,vultr,outside coverage,1791077574,1791077575000000000,2026-10-03 21:32:55.000000000 ET,1,timeout,0.985,,0.21,1791077577000000000,2026-10-03 21:32:57.000000000 ET,,,,,1791077635000000000,2026-10-03 21:33:55.000000000 ET,,,,,,,,,10
5.0,cfb_20261003_tntc_wcu,aec-cfb-tentch-wcar-2026-10-03,vultr,outside coverage,1791066952,1791066953000000000,2026-10-03 18:35:53.000000000 ET,1,timeout,0.45499999999999996,,0.21,1791066958000000000,2026-10-03 18:35:58.000000000 ET,,,,,1791067013000000000,2026-10-03 18:36:53.000000000 ET,,,,,,,,,10
5.0,cfb_20261003_tntc_wcu,aec-cfb-tentch-wcar-2026-10-03,vultr,outside coverage,1791067269,1791067270000000000,2026-10-03 18:41:10.000000000 ET,1,timeout,0.505,,0.21,1791067275000000000,2026-10-03 18:41:15.000000000 ET,,,,,1791067330000000000,2026-10-03 18:42:10.000000000 ET,,,,,,,,,10
5.0,cfb_20261003_tntc_wcu,aec-cfb-tentch-wcar-2026-10-03,vultr,outside coverage,1791067355,1791067356000000000,2026-10-03 18:42:36.000000000 ET,1,timeout,0.52,,0.21,1791067361000000000,2026-10-03 18:42:41.000000000 ET,,,,,1791067416000000000,2026-10-03 18:43:36.000000000 ET,,,,,,,,,10
5.0,cfb_20261003_tntc_wcu,aec-cfb-tentch-wcar-2026-10-03,vultr,outside coverage,1791068361,1791068362000000000,2026-10-03 18:59:22.000000000 ET,1,timeout,0.66,,0.21,1791068367000000000,2026-10-03 18:59:27.000000000 ET,,,,,1791068422000000000,2026-10-03 19:00:22.000000000 ET,,,,,,,,,10
5.0,cfb_20261003_tntc_wcu,aec-cfb-tentch-wcar-2026-10-03,vultr,outside coverage,1791068494,1791068495000000000,2026-10-03 19:01:35.000000000 ET,1,timeout,0.73,,0.21,1791068500000000000,2026-10-03 19:01:40.000000000 ET,,,,,1791068555000000000,2026-10-03 19:02:35.000000000 ET,,,,,,,,,10
5.0,cfb_20261003_tntc_wcu,aec-cfb-tentch-wcar-2026-10-03,vultr,outside coverage,1791068707,1791068708000000000,2026-10-03 19:05:08.000000000 ET,-1,timeout,0.685,,0.21,1791068713000000000,2026-10-03 19:05:13.000000000 ET,,,,,1791068768000000000,2026-10-03 19:06:08.000000000 ET,,,,,,,,,10
5.0,cfb_20261003_tntc_wcu,aec-cfb-tentch-wcar-2026-10-03,vultr,outside coverage,1791068938,1791068939000000000,2026-10-03 19:08:59.000000000 ET,-1,timeout,0.59,,0.21,1791068944000000000,2026-10-03 19:09:04.000000000 ET,,,,,1791068999000000000,2026-10-03 19:09:59.000000000 ET,,,,,,,,,10
5.0,cfb_20261003_tntc_wcu,aec-cfb-tentch-wcar-2026-10-03,vultr,outside coverage,1791069316,1791069317000000000,2026-10-03 19:15:17.000000000 ET,-1,timeout,0.51,,0.21,1791069322000000000,2026-10-03 19:15:22.000000000 ET,,,,,1791069377000000000,2026-10-03 19:16:17.000000000 ET,,,,,,,,,10
5.0,cfb_20261003_tntc_wcu,aec-cfb-tentch-wcar-2026-10-03,vultr,outside coverage,1791069384,1791069385000000000,2026-10-03 19:16:25.000000000 ET,1,timeout,0.575,,0.21,1791069390000000000,2026-10-03 19:16:30.000000000 ET,,,,,1791069445000000000,2026-10-03 19:17:25.000000000 ET,,,,,,,,,10
5.0,cfb_20261003_tntc_wcu,aec-cfb-tentch-wcar-2026-10-03,vultr,outside coverage,1791070085,1791070086000000000,2026-10-03 19:28:06.000000000 ET,-1,timeout,0.585,,0.21,1791070091000000000,2026-10-03 19:28:11.000000000 ET,,,,,1791070146000000000,2026-10-03 19:29:06.000000000 ET,,,,,,,,,10
5.0,cfb_20261003_tntc_wcu,aec-cfb-tentch-wcar-2026-10-03,vultr,outside coverage,1791070187,1791070188000000000,2026-10-03 19:29:48.000000000 ET,-1,timeout,0.53,,0.21,1791070193000000000,2026-10-03 19:29:53.000000000 ET,,,,,1791070248000000000,2026-10-03 19:30:48.000000000 ET,,,,,,,,,10
5.0,cfb_20261003_tntc_wcu,aec-cfb-tentch-wcar-2026-10-03,vultr,outside coverage,1791070283,1791070284000000000,2026-10-03 19:31:24.000000000 ET,-1,timeout,0.385,,0.21,1791070289000000000,2026-10-03 19:31:29.000000000 ET,,,,,1791070344000000000,2026-10-03 19:32:24.000000000 ET,,,,,,,,,10
5.0,cfb_20261003_tntc_wcu,aec-cfb-tentch-wcar-2026-10-03,vultr,outside coverage,1791070397,1791070398000000000,2026-10-03 19:33:18.000000000 ET,-1,timeout,0.315,,0.21,1791070403000000000,2026-10-03 19:33:23.000000000 ET,,,,,1791070458000000000,2026-10-03 19:34:18.000000000 ET,,,,,,,,,10
5.0,cfb_20261003_tntc_wcu,aec-cfb-tentch-wcar-2026-10-03,vultr,outside coverage,1791070500,1791070501000000000,2026-10-03 19:35:01.000000000 ET,1,timeout,0.33999999999999997,,0.21,1791070506000000000,2026-10-03 19:35:06.000000000 ET,,,,,1791070561000000000,2026-10-03 19:36:01.000000000 ET,,,,,,,,,10
5.0,cfb_20261003_tntc_wcu,aec-cfb-tentch-wcar-2026-10-03,vultr,outside coverage,1791070693,1791070694000000000,2026-10-03 19:38:14.000000000 ET,1,timeout,0.355,,0.21,1791070699000000000,2026-10-03 19:38:19.000000000 ET,,,,,1791070754000000000,2026-10-03 19:39:14.000000000 ET,,,,,,,,,10
5.0,cfb_20261003_tntc_wcu,aec-cfb-tentch-wcar-2026-10-03,vultr,outside coverage,1791070758,1791070759000000000,2026-10-03 19:39:19.000000000 ET,1,timeout,0.455,,0.21,1791070764000000000,2026-10-03 19:39:24.000000000 ET,,,,,1791070819000000000,2026-10-03 19:40:19.000000000 ET,,,,,,,,,10
5.0,cfb_20261003_tntc_wcu,aec-cfb-tentch-wcar-2026-10-03,vultr,outside coverage,1791071806,1791071807000000000,2026-10-03 19:56:47.000000000 ET,-1,timeout,0.42500000000000004,,0.21,1791071812000000000,2026-10-03 19:56:52.000000000 ET,,,,,1791071867000000000,2026-10-03 19:57:47.000000000 ET,,,,,,,,,10
5.0,cfb_20261003_tntc_wcu,aec-cfb-tentch-wcar-2026-10-03,vultr,outside coverage,1791071891,1791071892000000000,2026-10-03 19:58:12.000000000 ET,-1,timeout,0.28,,0.21,1791071897000000000,2026-10-03 19:58:17.000000000 ET,,,,,1791071952000000000,2026-10-03 19:59:12.000000000 ET,,,,,,,,,10
5.0,cfb_20261003_tntc_wcu,aec-cfb-tentch-wcar-2026-10-03,vultr,outside coverage,1791072099,1791072100000000000,2026-10-03 20:01:40.000000000 ET,1,timeout,0.355,,0.21,1791072105000000000,2026-10-03 20:01:45.000000000 ET,,,,,1791072160000000000,2026-10-03 20:02:40.000000000 ET,,,,,,,,,10
5.0,cfb_20261003_tntc_wcu,aec-cfb-tentch-wcar-2026-10-03,vultr,outside coverage,1791072169,1791072170000000000,2026-10-03 20:02:50.000000000 ET,-1,timeout,0.32,,0.21,1791072175000000000,2026-10-03 20:02:55.000000000 ET,,,,,1791072230000000000,2026-10-03 20:03:50.000000000 ET,,,,,,,,,10
5.0,cfb_20261003_tntc_wcu,aec-cfb-tentch-wcar-2026-10-03,vultr,outside coverage,1791072713,1791072714000000000,2026-10-03 20:11:54.000000000 ET,1,timeout,0.395,,0.21,1791072719000000000,2026-10-03 20:11:59.000000000 ET,,,,,1791072774000000000,2026-10-03 20:12:54.000000000 ET,,,,,,,,,10
5.0,cfb_20261003_tntc_wcu,aec-cfb-tentch-wcar-2026-10-03,vultr,outside coverage,1791073109,1791073110000000000,2026-10-03 20:18:30.000000000 ET,1,timeout,0.47,,0.21,1791073115000000000,2026-10-03 20:18:35.000000000 ET,,,,,1791073170000000000,2026-10-03 20:19:30.000000000 ET,,,,,,,,,10
5.0,cfb_20261003_tntc_wcu,aec-cfb-tentch-wcar-2026-10-03,vultr,outside coverage,1791073537,1791073538000000000,2026-10-03 20:25:38.000000000 ET,1,timeout,0.49,,0.21,1791073543000000000,2026-10-03 20:25:43.000000000 ET,,,,,1791073598000000000,2026-10-03 20:26:38.000000000 ET,,,,,,,,,10
5.0,cfb_20261003_tntc_wcu,aec-cfb-tentch-wcar-2026-10-03,vultr,outside coverage,1791073731,1791073732000000000,2026-10-03 20:28:52.000000000 ET,1,timeout,0.495,,0.21,1791073737000000000,2026-10-03 20:28:57.000000000 ET,,,,,1791073792000000000,2026-10-03 20:29:52.000000000 ET,,,,,,,,,10
5.0,cfb_20261003_tntc_wcu,aec-cfb-tentch-wcar-2026-10-03,vultr,outside coverage,1791073923,1791073924000000000,2026-10-03 20:32:04.000000000 ET,1,timeout,0.575,,0.21,1791073929000000000,2026-10-03 20:32:09.000000000 ET,,,,,1791073984000000000,2026-10-03 20:33:04.000000000 ET,,,,,,,,,10
5.0,cfb_20261003_tntc_wcu,aec-cfb-tentch-wcar-2026-10-03,vultr,outside coverage,1791074404,1791074405000000000,2026-10-03 20:40:05.000000000 ET,-1,timeout,0.6000000000000001,,0.21,1791074410000000000,2026-10-03 20:40:10.000000000 ET,,,,,1791074465000000000,2026-10-03 20:41:05.000000000 ET,,,,,,,,,10
5.0,cfb_20261003_tntc_wcu,aec-cfb-tentch-wcar-2026-10-03,vultr,outside coverage,1791074588,1791074589000000000,2026-10-03 20:43:09.000000000 ET,1,timeout,0.63,,0.21,1791074594000000000,2026-10-03 20:43:14.000000000 ET,,,,,1791074649000000000,2026-10-03 20:44:09.000000000 ET,,,,,,,,,10
5.0,cfb_20261003_tntc_wcu,aec-cfb-tentch-wcar-2026-10-03,vultr,outside coverage,1791075058,1791075059000000000,2026-10-03 20:50:59.000000000 ET,-1,timeout,0.715,,0.21,1791075064000000000,2026-10-03 20:51:04.000000000 ET,,,,,1791075119000000000,2026-10-03 20:51:59.000000000 ET,,,,,,,,,10
5.0,cfb_20261003_tntc_wcu,aec-cfb-tentch-wcar-2026-10-03,vultr,outside coverage,1791075120,1791075121000000000,2026-10-03 20:52:01.000000000 ET,1,timeout,0.69,,0.21,1791075126000000000,2026-10-03 20:52:06.000000000 ET,,,,,1791075181000000000,2026-10-03 20:53:01.000000000 ET,,,,,,,,,10
5.0,cfb_20261003_tntc_wcu,aec-cfb-tentch-wcar-2026-10-03,vultr,outside coverage,1791075258,1791075259000000000,2026-10-03 20:54:19.000000000 ET,-1,timeout,0.6,,0.21,1791075264000000000,2026-10-03 20:54:24.000000000 ET,,,,,1791075319000000000,2026-10-03 20:55:19.000000000 ET,,,,,,,,,10
5.0,cfb_20261003_tntc_wcu,aec-cfb-tentch-wcar-2026-10-03,vultr,outside coverage,1791075382,1791075383000000000,2026-10-03 20:56:23.000000000 ET,1,timeout,0.615,,0.21,1791075388000000000,2026-10-03 20:56:28.000000000 ET,,,,,1791075443000000000,2026-10-03 20:57:23.000000000 ET,,,,,,,,,10
5.0,cfb_20261003_tntc_wcu,aec-cfb-tentch-wcar-2026-10-03,vultr,outside coverage,1791075495,1791075496000000000,2026-10-03 20:58:16.000000000 ET,1,timeout,0.7250000000000001,,0.21,1791075501000000000,2026-10-03 20:58:21.000000000 ET,,,,,1791075556000000000,2026-10-03 20:59:16.000000000 ET,,,,,,,,,10
5.0,cfb_20261003_tntc_wcu,aec-cfb-tentch-wcar-2026-10-03,vultr,outside coverage,1791075601,1791075602000000000,2026-10-03 21:00:02.000000000 ET,1,timeout,0.72,,0.21,1791075607000000000,2026-10-03 21:00:07.000000000 ET,,,,,1791075662000000000,2026-10-03 21:01:02.000000000 ET,,,,,,,,,10
5.0,cfb_20261003_tntc_wcu,aec-cfb-tentch-wcar-2026-10-03,vultr,outside coverage,1791075662,1791075663000000000,2026-10-03 21:01:03.000000000 ET,-1,timeout,0.7050000000000001,,0.21,1791075668000000000,2026-10-03 21:01:08.000000000 ET,,,,,1791075723000000000,2026-10-03 21:02:03.000000000 ET,,,,,,,,,10
5.0,cfb_20261003_tntc_wcu,aec-cfb-tentch-wcar-2026-10-03,vultr,outside coverage,1791075725,1791075726000000000,2026-10-03 21:02:06.000000000 ET,-1,timeout,0.675,,0.21,1791075731000000000,2026-10-03 21:02:11.000000000 ET,,,,,1791075786000000000,2026-10-03 21:03:06.000000000 ET,,,,,,,,,10
5.0,cfb_20261003_tntc_wcu,aec-cfb-tentch-wcar-2026-10-03,vultr,outside coverage,1791075859,1791075860000000000,2026-10-03 21:04:20.000000000 ET,1,timeout,0.595,,0.21,1791075865000000000,2026-10-03 21:04:25.000000000 ET,,,,,1791075920000000000,2026-10-03 21:05:20.000000000 ET,,,,,,,,,10
5.0,cfb_20261003_tntc_wcu,aec-cfb-tentch-wcar-2026-10-03,vultr,outside coverage,1791075964,1791075965000000000,2026-10-03 21:06:05.000000000 ET,-1,timeout,0.5549999999999999,,0.21,1791075970000000000,2026-10-03 21:06:10.000000000 ET,,,,,1791076025000000000,2026-10-03 21:07:05.000000000 ET,,,,,,,,,10
5.0,cfb_20261003_tntc_wcu,aec-cfb-tentch-wcar-2026-10-03,vultr,outside coverage,1791076033,1791076034000000000,2026-10-03 21:07:14.000000000 ET,1,timeout,0.76,,0.21,1791076039000000000,2026-10-03 21:07:19.000000000 ET,,,,,1791076094000000000,2026-10-03 21:08:14.000000000 ET,,,,,,,,,10
5.0,cfb_20261003_tntc_wcu,aec-cfb-tentch-wcar-2026-10-03,vultr,outside coverage,1791076160,1791076161000000000,2026-10-03 21:09:21.000000000 ET,-1,timeout,0.725,,0.21,1791076166000000000,2026-10-03 21:09:26.000000000 ET,,,,,1791076221000000000,2026-10-03 21:10:21.000000000 ET,,,,,,,,,10
5.0,cfb_20261003_tntc_wcu,aec-cfb-tentch-wcar-2026-10-03,vultr,outside coverage,1791076239,1791076240000000000,2026-10-03 21:10:40.000000000 ET,-1,timeout,0.735,,0.21,1791076245000000000,2026-10-03 21:10:45.000000000 ET,,,,,1791076300000000000,2026-10-03 21:11:40.000000000 ET,,,,,,,,,10
5.0,cfb_20261003_tntc_wcu,aec-cfb-tentch-wcar-2026-10-03,vultr,outside coverage,1791076478,1791076479000000000,2026-10-03 21:14:39.000000000 ET,1,timeout,0.87,,0.21,1791076484000000000,2026-10-03 21:14:44.000000000 ET,,,,,1791076539000000000,2026-10-03 21:15:39.000000000 ET,,,,,,,,,10
5.0,cfb_20261003_tntc_wcu,aec-cfb-tentch-wcar-2026-10-03,vultr,outside coverage,1791076655,1791076656000000000,2026-10-03 21:17:36.000000000 ET,-1,timeout,0.815,,0.21,1791076661000000000,2026-10-03 21:17:41.000000000 ET,,,,,1791076716000000000,2026-10-03 21:18:36.000000000 ET,,,,,,,,,10
5.0,cfb_20261003_tntc_wcu,aec-cfb-tentch-wcar-2026-10-03,vultr,outside coverage,1791076759,1791076760000000000,2026-10-03 21:19:20.000000000 ET,-1,timeout,0.865,,0.21,1791076765000000000,2026-10-03 21:19:25.000000000 ET,,,,,1791076820000000000,2026-10-03 21:20:20.000000000 ET,,,,,,,,,10
5.0,cfb_20261003_tntc_wcu,aec-cfb-tentch-wcar-2026-10-03,vultr,outside coverage,1791076827,1791076828000000000,2026-10-03 21:20:28.000000000 ET,-1,timeout,0.84,,0.21,1791076833000000000,2026-10-03 21:20:33.000000000 ET,,,,,1791076888000000000,2026-10-03 21:21:28.000000000 ET,,,,,,,,,10
5.0,cfb_20261003_tntc_wcu,aec-cfb-tentch-wcar-2026-10-03,vultr,outside coverage,1791076894,1791076895000000000,2026-10-03 21:21:35.000000000 ET,1,timeout,0.9299999999999999,,0.21,1791076900000000000,2026-10-03 21:21:40.000000000 ET,,,,,1791076955000000000,2026-10-03 21:22:35.000000000 ET,,,,,,,,,10
5.0,cfb_20261003_tntc_wcu,aec-cfb-tentch-wcar-2026-10-03,vultr,outside coverage,1791076998,1791076999000000000,2026-10-03 21:23:19.000000000 ET,-1,timeout,0.905,,0.21,1791077004000000000,2026-10-03 21:23:24.000000000 ET,,,,,1791077059000000000,2026-10-03 21:24:19.000000000 ET,,,,,,,,,10
5.0,cfb_20261003_tntc_wcu,aec-cfb-tentch-wcar-2026-10-03,vultr,outside coverage,1791077175,1791077176000000000,2026-10-03 21:26:16.000000000 ET,-1,timeout,0.9199999999999999,,0.21,1791077181000000000,2026-10-03 21:26:21.000000000 ET,,,,,1791077236000000000,2026-10-03 21:27:16.000000000 ET,,,,,,,,,10
5.0,cfb_20261003_tntc_wcu,aec-cfb-tentch-wcar-2026-10-03,vultr,outside coverage,1791077303,1791077304000000000,2026-10-03 21:28:24.000000000 ET,-1,timeout,0.915,,0.21,1791077309000000000,2026-10-03 21:28:29.000000000 ET,,,,,1791077364000000000,2026-10-03 21:29:24.000000000 ET,,,,,,,,,10
5.0,cfb_20261003_tntc_wcu,aec-cfb-tentch-wcar-2026-10-03,vultr,outside coverage,1791077379,1791077380000000000,2026-10-03 21:29:40.000000000 ET,-1,timeout,0.895,,0.21,1791077385000000000,2026-10-03 21:29:45.000000000 ET,,,,,1791077440000000000,2026-10-03 21:30:40.000000000 ET,,,,,,,,,10
5.0,cfb_20261003_tntc_wcu,aec-cfb-tentch-wcar-2026-10-03,vultr,outside coverage,1791077473,1791077474000000000,2026-10-03 21:31:14.000000000 ET,1,timeout,0.94,,0.21,1791077479000000000,2026-10-03 21:31:19.000000000 ET,,,,,1791077534000000000,2026-10-03 21:32:14.000000000 ET,,,,,,,,,10
5.0,cfb_20261003_tntc_wcu,aec-cfb-tentch-wcar-2026-10-03,vultr,outside coverage,1791077574,1791077575000000000,2026-10-03 21:32:55.000000000 ET,1,timeout,0.985,,0.21,1791077580000000000,2026-10-03 21:33:00.000000000 ET,,,,,1791077635000000000,2026-10-03 21:33:55.000000000 ET,,,,,,,,,10
1.0,cfb_20261003_ncat_bry,aec-cfb-ncat-bryant-2026-10-03,vultr,outside coverage,1791066433,1791066434000000000,2026-10-03 18:27:14.000000000 ET,-1,timeout,0.595,,0.79,1791066435000000000,2026-10-03 18:27:15.000000000 ET,,,,,1791066494000000000,2026-10-03 18:28:14.000000000 ET,,,,,,,,,10
1.0,cfb_20261003_ncat_bry,aec-cfb-ncat-bryant-2026-10-03,vultr,outside coverage,1791066942,1791066943000000000,2026-10-03 18:35:43.000000000 ET,-1,timeout,0.5,,0.79,1791066944000000000,2026-10-03 18:35:44.000000000 ET,,,,,1791067003000000000,2026-10-03 18:36:43.000000000 ET,,,,,,,,,10
1.0,cfb_20261003_ncat_bry,aec-cfb-ncat-bryant-2026-10-03,vultr,outside coverage,1791067065,1791067066000000000,2026-10-03 18:37:46.000000000 ET,-1,timeout,0.38,,0.79,1791067067000000000,2026-10-03 18:37:47.000000000 ET,,,,,1791067126000000000,2026-10-03 18:38:46.000000000 ET,,,,,,,,,10
1.0,cfb_20261003_ncat_bry,aec-cfb-ncat-bryant-2026-10-03,vultr,outside coverage,1791067514,1791067515000000000,2026-10-03 18:45:15.000000000 ET,1,timeout,0.42,,0.79,1791067516000000000,2026-10-03 18:45:16.000000000 ET,,,,,1791067575000000000,2026-10-03 18:46:15.000000000 ET,,,,,,,,,10
1.0,cfb_20261003_ncat_bry,aec-cfb-ncat-bryant-2026-10-03,vultr,outside coverage,1791067627,1791067628000000000,2026-10-03 18:47:08.000000000 ET,-1,timeout,0.395,,0.79,1791067629000000000,2026-10-03 18:47:09.000000000 ET,,,,,1791067688000000000,2026-10-03 18:48:08.000000000 ET,,,,,,,,,10
1.0,cfb_20261003_ncat_bry,aec-cfb-ncat-bryant-2026-10-03,vultr,outside coverage,1791067753,1791067754000000000,2026-10-03 18:49:14.000000000 ET,-1,timeout,0.385,,0.79,1791067755000000000,2026-10-03 18:49:15.000000000 ET,,,,,1791067814000000000,2026-10-03 18:50:14.000000000 ET,,,,,,,,,10
1.0,cfb_20261003_ncat_bry,aec-cfb-ncat-bryant-2026-10-03,vultr,outside coverage,1791068061,1791068062000000000,2026-10-03 18:54:22.000000000 ET,-1,timeout,0.43,,0.79,1791068063000000000,2026-10-03 18:54:23.000000000 ET,,,,,1791068122000000000,2026-10-03 18:55:22.000000000 ET,,,,,,,,,10
1.0,cfb_20261003_ncat_bry,aec-cfb-ncat-bryant-2026-10-03,vultr,outside coverage,1791068130,1791068131000000000,2026-10-03 18:55:31.000000000 ET,1,timeout,0.5700000000000001,,0.79,1791068132000000000,2026-10-03 18:55:32.000000000 ET,,,,,1791068191000000000,2026-10-03 18:56:31.000000000 ET,,,,,,,,,10
1.0,cfb_20261003_ncat_bry,aec-cfb-ncat-bryant-2026-10-03,vultr,outside coverage,1791068338,1791068339000000000,2026-10-03 18:58:59.000000000 ET,-1,timeout,0.5800000000000001,,0.79,1791068340000000000,2026-10-03 18:59:00.000000000 ET,,,,,1791068399000000000,2026-10-03 18:59:59.000000000 ET,,,,,,,,,10
1.0,cfb_20261003_ncat_bry,aec-cfb-ncat-bryant-2026-10-03,vultr,outside coverage,1791068408,1791068409000000000,2026-10-03 19:00:09.000000000 ET,1,timeout,0.645,,0.79,1791068410000000000,2026-10-03 19:00:10.000000000 ET,,,,,1791068469000000000,2026-10-03 19:01:09.000000000 ET,,,,,,,,,10
1.0,cfb_20261003_ncat_bry,aec-cfb-ncat-bryant-2026-10-03,vultr,outside coverage,1791068507,1791068508000000000,2026-10-03 19:01:48.000000000 ET,-1,timeout,0.615,,0.79,1791068509000000000,2026-10-03 19:01:49.000000000 ET,,,,,1791068568000000000,2026-10-03 19:02:48.000000000 ET,,,,,,,,,10
1.0,cfb_20261003_ncat_bry,aec-cfb-ncat-bryant-2026-10-03,vultr,outside coverage,1791068642,1791068643000000000,2026-10-03 19:04:03.000000000 ET,-1,timeout,0.5449999999999999,,0.79,1791068644000000000,2026-10-03 19:04:04.000000000 ET,,,,,1791068703000000000,2026-10-03 19:05:03.000000000 ET,,,,,,,,,10
1.0,cfb_20261003_ncat_bry,aec-cfb-ncat-bryant-2026-10-03,vultr,outside coverage,1791069098,1791069099000000000,2026-10-03 19:11:39.000000000 ET,-1,timeout,0.485,,0.79,1791069100000000000,2026-10-03 19:11:40.000000000 ET,,,,,1791069159000000000,2026-10-03 19:12:39.000000000 ET,,,,,,,,,10
1.0,cfb_20261003_ncat_bry,aec-cfb-ncat-bryant-2026-10-03,vultr,outside coverage,1791069221,1791069222000000000,2026-10-03 19:13:42.000000000 ET,-1,timeout,0.435,,0.79,1791069223000000000,2026-10-03 19:13:43.000000000 ET,,,,,1791069282000000000,2026-10-03 19:14:42.000000000 ET,,,,,,,,,10
1.0,cfb_20261003_ncat_bry,aec-cfb-ncat-bryant-2026-10-03,vultr,outside coverage,1791069434,1791069435000000000,2026-10-03 19:17:15.000000000 ET,1,timeout,0.45499999999999996,,0.79,1791069436000000000,2026-10-03 19:17:16.000000000 ET,,,,,1791069495000000000,2026-10-03 19:18:15.000000000 ET,,,,,,,,,10
1.0,cfb_20261003_ncat_bry,aec-cfb-ncat-bryant-2026-10-03,vultr,outside coverage,1791069511,1791069512000000000,2026-10-03 19:18:32.000000000 ET,1,timeout,0.545,,0.79,1791069513000000000,2026-10-03 19:18:33.000000000 ET,,,,,1791069572000000000,2026-10-03 19:19:32.000000000 ET,,,,,,,,,10
1.0,cfb_20261003_ncat_bry,aec-cfb-ncat-bryant-2026-10-03,vultr,outside coverage,1791069876,1791069877000000000,2026-10-03 19:24:37.000000000 ET,-1,timeout,0.445,,0.79,1791069878000000000,2026-10-03 19:24:38.000000000 ET,,,,,1791069937000000000,2026-10-03 19:25:37.000000000 ET,,,,,,,,,10
1.0,cfb_20261003_ncat_bry,aec-cfb-ncat-bryant-2026-10-03,vultr,outside coverage,1791070009,1791070010000000000,2026-10-03 19:26:50.000000000 ET,-1,timeout,0.385,,0.79,1791070011000000000,2026-10-03 19:26:51.000000000 ET,,,,,1791070070000000000,2026-10-03 19:27:50.000000000 ET,,,,,,,,,10
1.0,cfb_20261003_ncat_bry,aec-cfb-ncat-bryant-2026-10-03,vultr,outside coverage,1791070588,1791070589000000000,2026-10-03 19:36:29.000000000 ET,-1,timeout,0.35,,0.79,1791070590000000000,2026-10-03 19:36:30.000000000 ET,,,,,1791070649000000000,2026-10-03 19:37:29.000000000 ET,,,,,,,,,10
1.0,cfb_20261003_ncat_bry,aec-cfb-ncat-bryant-2026-10-03,vultr,outside coverage,1791070808,1791070809000000000,2026-10-03 19:40:09.000000000 ET,-1,timeout,0.29000000000000004,,0.79,1791070810000000000,2026-10-03 19:40:10.000000000 ET,,,,,1791070869000000000,2026-10-03 19:41:09.000000000 ET,,,,,,,,,10
1.0,cfb_20261003_ncat_bry,aec-cfb-ncat-bryant-2026-10-03,vultr,outside coverage,1791070924,1791070925000000000,2026-10-03 19:42:05.000000000 ET,1,timeout,0.335,,0.79,1791070926000000000,2026-10-03 19:42:06.000000000 ET,,,,,1791070985000000000,2026-10-03 19:43:05.000000000 ET,,,,,,,,,10
1.0,cfb_20261003_ncat_bry,aec-cfb-ncat-bryant-2026-10-03,vultr,outside coverage,1791071247,1791071248000000000,2026-10-03 19:47:28.000000000 ET,-1,timeout,0.335,,0.79,1791071249000000000,2026-10-03 19:47:29.000000000 ET,,,,,1791071308000000000,2026-10-03 19:48:28.000000000 ET,,,,,,,,,10
1.0,cfb_20261003_ncat_bry,aec-cfb-ncat-bryant-2026-10-03,vultr,outside coverage,1791071784,1791071785000000000,2026-10-03 19:56:25.000000000 ET,-1,timeout,0.295,,0.79,1791071786000000000,2026-10-03 19:56:26.000000000 ET,,,,,1791071845000000000,2026-10-03 19:57:25.000000000 ET,,,,,,,,,10
1.0,cfb_20261003_ncat_bry,aec-cfb-ncat-bryant-2026-10-03,vultr,outside coverage,1791071930,1791071931000000000,2026-10-03 19:58:51.000000000 ET,1,timeout,0.265,,0.79,1791071932000000000,2026-10-03 19:58:52.000000000 ET,,,,,1791071991000000000,2026-10-03 19:59:51.000000000 ET,,,,,,,,,10
1.0,cfb_20261003_ncat_bry,aec-cfb-ncat-bryant-2026-10-03,vultr,outside coverage,1791072269,1791072270000000000,2026-10-03 20:04:30.000000000 ET,1,timeout,0.32999999999999996,,0.79,1791072271000000000,2026-10-03 20:04:31.000000000 ET,,,,,1791072330000000000,2026-10-03 20:05:30.000000000 ET,,,,,,,,,10
1.0,cfb_20261003_ncat_bry,aec-cfb-ncat-bryant-2026-10-03,vultr,outside coverage,1791072420,1791072421000000000,2026-10-03 20:07:01.000000000 ET,-1,timeout,0.25,,0.79,1791072422000000000,2026-10-03 20:07:02.000000000 ET,,,,,1791072481000000000,2026-10-03 20:08:01.000000000 ET,,,,,,,,,10
1.0,cfb_20261003_ncat_bry,aec-cfb-ncat-bryant-2026-10-03,vultr,outside coverage,1791072571,1791072572000000000,2026-10-03 20:09:32.000000000 ET,1,timeout,0.315,,0.79,1791072573000000000,2026-10-03 20:09:33.000000000 ET,,,,,1791072632000000000,2026-10-03 20:10:32.000000000 ET,,,,,,,,,10
1.0,cfb_20261003_ncat_bry,aec-cfb-ncat-bryant-2026-10-03,vultr,outside coverage,1791072681,1791072682000000000,2026-10-03 20:11:22.000000000 ET,-1,timeout,0.19,,0.79,1791072683000000000,2026-10-03 20:11:23.000000000 ET,,,,,1791072742000000000,2026-10-03 20:12:22.000000000 ET,,,,,,,,,10
1.0,cfb_20261003_ncat_bry,aec-cfb-ncat-bryant-2026-10-03,vultr,outside coverage,1791072938,1791072939000000000,2026-10-03 20:15:39.000000000 ET,1,timeout,0.22999999999999998,,0.79,1791072940000000000,2026-10-03 20:15:40.000000000 ET,,,,,1791072999000000000,2026-10-03 20:16:39.000000000 ET,,,,,,,,,10
1.0,cfb_20261003_ncat_bry,aec-cfb-ncat-bryant-2026-10-03,vultr,outside coverage,1791073116,1791073117000000000,2026-10-03 20:18:37.000000000 ET,1,timeout,0.37,,0.79,1791073118000000000,2026-10-03 20:18:38.000000000 ET,,,,,1791073177000000000,2026-10-03 20:19:37.000000000 ET,,,,,,,,,10
1.0,cfb_20261003_ncat_bry,aec-cfb-ncat-bryant-2026-10-03,vultr,outside coverage,1791073193,1791073194000000000,2026-10-03 20:19:54.000000000 ET,-1,timeout,0.345,,0.79,1791073195000000000,2026-10-03 20:19:55.000000000 ET,,,,,1791073254000000000,2026-10-03 20:20:54.000000000 ET,,,,,,,,,10
1.0,cfb_20261003_ncat_bry,aec-cfb-ncat-bryant-2026-10-03,vultr,outside coverage,1791073292,1791073293000000000,2026-10-03 20:21:33.000000000 ET,-1,timeout,0.28,,0.79,1791073294000000000,2026-10-03 20:21:34.000000000 ET,,,,,1791073353000000000,2026-10-03 20:22:33.000000000 ET,,,,,,,,,10
1.0,cfb_20261003_ncat_bry,aec-cfb-ncat-bryant-2026-10-03,vultr,outside coverage,1791073411,1791073412000000000,2026-10-03 20:23:32.000000000 ET,1,timeout,0.29500000000000004,,0.79,1791073413000000000,2026-10-03 20:23:33.000000000 ET,,,,,1791073472000000000,2026-10-03 20:24:32.000000000 ET,,,,,,,,,10
1.0,cfb_20261003_ncat_bry,aec-cfb-ncat-bryant-2026-10-03,vultr,outside coverage,1791073579,1791073580000000000,2026-10-03 20:26:20.000000000 ET,-1,timeout,0.305,,0.79,1791073581000000000,2026-10-03 20:26:21.000000000 ET,,,,,1791073640000000000,2026-10-03 20:27:20.000000000 ET,,,,,,,,,10
1.0,cfb_20261003_ncat_bry,aec-cfb-ncat-bryant-2026-10-03,vultr,outside coverage,1791073649,1791073650000000000,2026-10-03 20:27:30.000000000 ET,-1,timeout,0.30500000000000005,,0.79,1791073651000000000,2026-10-03 20:27:31.000000000 ET,,,,,1791073710000000000,2026-10-03 20:28:30.000000000 ET,,,,,,,,,10
1.0,cfb_20261003_ncat_bry,aec-cfb-ncat-bryant-2026-10-03,vultr,outside coverage,1791073762,1791073763000000000,2026-10-03 20:29:23.000000000 ET,-1,timeout,0.30000000000000004,,0.79,1791073764000000000,2026-10-03 20:29:24.000000000 ET,,,,,1791073823000000000,2026-10-03 20:30:23.000000000 ET,,,,,,,,,10
1.0,cfb_20261003_ncat_bry,aec-cfb-ncat-bryant-2026-10-03,vultr,outside coverage,1791073965,1791073966000000000,2026-10-03 20:32:46.000000000 ET,-1,timeout,0.115,,0.79,1791073967000000000,2026-10-03 20:32:47.000000000 ET,,,,,1791074026000000000,2026-10-03 20:33:46.000000000 ET,,,,,,,,,10
1.0,cfb_20261003_ncat_bry,aec-cfb-ncat-bryant-2026-10-03,vultr,outside coverage,1791074240,1791074241000000000,2026-10-03 20:37:21.000000000 ET,-1,timeout,0.05,,0.79,1791074242000000000,2026-10-03 20:37:22.000000000 ET,,,,,1791074301000000000,2026-10-03 20:38:21.000000000 ET,,,,,,,,,10
1.0,cfb_20261003_ncat_bry,aec-cfb-ncat-bryant-2026-10-03,vultr,outside coverage,1791074530,1791074531000000000,2026-10-03 20:42:11.000000000 ET,1,timeout,0.11,,0.79,1791074532000000000,2026-10-03 20:42:12.000000000 ET,,,,,1791074591000000000,2026-10-03 20:43:11.000000000 ET,,,,,,,,,10
1.0,cfb_20261003_ncat_bry,aec-cfb-ncat-bryant-2026-10-03,vultr,outside coverage,1791074593,1791074594000000000,2026-10-03 20:43:14.000000000 ET,1,timeout,0.28500000000000003,,0.79,1791074595000000000,2026-10-03 20:43:15.000000000 ET,,,,,1791074654000000000,2026-10-03 20:44:14.000000000 ET,,,,,,,,,10
1.0,cfb_20261003_ncat_bry,aec-cfb-ncat-bryant-2026-10-03,vultr,outside coverage,1791074806,1791074807000000000,2026-10-03 20:46:47.000000000 ET,-1,timeout,0.26,,0.79,1791074808000000000,2026-10-03 20:46:48.000000000 ET,,,,,1791074867000000000,2026-10-03 20:47:47.000000000 ET,,,,,,,,,10
2.0,cfb_20261003_ncat_bry,aec-cfb-ncat-bryant-2026-10-03,vultr,outside coverage,1791066433,1791066434000000000,2026-10-03 18:27:14.000000000 ET,-1,timeout,0.595,,0.79,1791066436000000000,2026-10-03 18:27:16.000000000 ET,,,,,1791066494000000000,2026-10-03 18:28:14.000000000 ET,,,,,,,,,10
2.0,cfb_20261003_ncat_bry,aec-cfb-ncat-bryant-2026-10-03,vultr,outside coverage,1791066942,1791066943000000000,2026-10-03 18:35:43.000000000 ET,-1,timeout,0.5,,0.79,1791066945000000000,2026-10-03 18:35:45.000000000 ET,,,,,1791067003000000000,2026-10-03 18:36:43.000000000 ET,,,,,,,,,10
2.0,cfb_20261003_ncat_bry,aec-cfb-ncat-bryant-2026-10-03,vultr,outside coverage,1791067065,1791067066000000000,2026-10-03 18:37:46.000000000 ET,-1,timeout,0.38,,0.79,1791067068000000000,2026-10-03 18:37:48.000000000 ET,,,,,1791067126000000000,2026-10-03 18:38:46.000000000 ET,,,,,,,,,10
2.0,cfb_20261003_ncat_bry,aec-cfb-ncat-bryant-2026-10-03,vultr,outside coverage,1791067514,1791067515000000000,2026-10-03 18:45:15.000000000 ET,1,timeout,0.42,,0.79,1791067517000000000,2026-10-03 18:45:17.000000000 ET,,,,,1791067575000000000,2026-10-03 18:46:15.000000000 ET,,,,,,,,,10
2.0,cfb_20261003_ncat_bry,aec-cfb-ncat-bryant-2026-10-03,vultr,outside coverage,1791067627,1791067628000000000,2026-10-03 18:47:08.000000000 ET,-1,timeout,0.395,,0.79,1791067630000000000,2026-10-03 18:47:10.000000000 ET,,,,,1791067688000000000,2026-10-03 18:48:08.000000000 ET,,,,,,,,,10
2.0,cfb_20261003_ncat_bry,aec-cfb-ncat-bryant-2026-10-03,vultr,outside coverage,1791067753,1791067754000000000,2026-10-03 18:49:14.000000000 ET,-1,timeout,0.385,,0.79,1791067756000000000,2026-10-03 18:49:16.000000000 ET,,,,,1791067814000000000,2026-10-03 18:50:14.000000000 ET,,,,,,,,,10
2.0,cfb_20261003_ncat_bry,aec-cfb-ncat-bryant-2026-10-03,vultr,outside coverage,1791068061,1791068062000000000,2026-10-03 18:54:22.000000000 ET,-1,timeout,0.43,,0.79,1791068064000000000,2026-10-03 18:54:24.000000000 ET,,,,,1791068122000000000,2026-10-03 18:55:22.000000000 ET,,,,,,,,,10
2.0,cfb_20261003_ncat_bry,aec-cfb-ncat-bryant-2026-10-03,vultr,outside coverage,1791068130,1791068131000000000,2026-10-03 18:55:31.000000000 ET,1,timeout,0.5700000000000001,,0.79,1791068133000000000,2026-10-03 18:55:33.000000000 ET,,,,,1791068191000000000,2026-10-03 18:56:31.000000000 ET,,,,,,,,,10
2.0,cfb_20261003_ncat_bry,aec-cfb-ncat-bryant-2026-10-03,vultr,outside coverage,1791068338,1791068339000000000,2026-10-03 18:58:59.000000000 ET,-1,timeout,0.5800000000000001,,0.79,1791068341000000000,2026-10-03 18:59:01.000000000 ET,,,,,1791068399000000000,2026-10-03 18:59:59.000000000 ET,,,,,,,,,10
2.0,cfb_20261003_ncat_bry,aec-cfb-ncat-bryant-2026-10-03,vultr,outside coverage,1791068408,1791068409000000000,2026-10-03 19:00:09.000000000 ET,1,timeout,0.645,,0.79,1791068411000000000,2026-10-03 19:00:11.000000000 ET,,,,,1791068469000000000,2026-10-03 19:01:09.000000000 ET,,,,,,,,,10
2.0,cfb_20261003_ncat_bry,aec-cfb-ncat-bryant-2026-10-03,vultr,outside coverage,1791068507,1791068508000000000,2026-10-03 19:01:48.000000000 ET,-1,timeout,0.615,,0.79,1791068510000000000,2026-10-03 19:01:50.000000000 ET,,,,,1791068568000000000,2026-10-03 19:02:48.000000000 ET,,,,,,,,,10
2.0,cfb_20261003_ncat_bry,aec-cfb-ncat-bryant-2026-10-03,vultr,outside coverage,1791068642,1791068643000000000,2026-10-03 19:04:03.000000000 ET,-1,timeout,0.5449999999999999,,0.79,1791068645000000000,2026-10-03 19:04:05.000000000 ET,,,,,1791068703000000000,2026-10-03 19:05:03.000000000 ET,,,,,,,,,10
2.0,cfb_20261003_ncat_bry,aec-cfb-ncat-bryant-2026-10-03,vultr,outside coverage,1791069098,1791069099000000000,2026-10-03 19:11:39.000000000 ET,-1,timeout,0.485,,0.79,1791069101000000000,2026-10-03 19:11:41.000000000 ET,,,,,1791069159000000000,2026-10-03 19:12:39.000000000 ET,,,,,,,,,10
2.0,cfb_20261003_ncat_bry,aec-cfb-ncat-bryant-2026-10-03,vultr,outside coverage,1791069221,1791069222000000000,2026-10-03 19:13:42.000000000 ET,-1,timeout,0.435,,0.79,1791069224000000000,2026-10-03 19:13:44.000000000 ET,,,,,1791069282000000000,2026-10-03 19:14:42.000000000 ET,,,,,,,,,10
2.0,cfb_20261003_ncat_bry,aec-cfb-ncat-bryant-2026-10-03,vultr,outside coverage,1791069434,1791069435000000000,2026-10-03 19:17:15.000000000 ET,1,timeout,0.45499999999999996,,0.79,1791069437000000000,2026-10-03 19:17:17.000000000 ET,,,,,1791069495000000000,2026-10-03 19:18:15.000000000 ET,,,,,,,,,10
2.0,cfb_20261003_ncat_bry,aec-cfb-ncat-bryant-2026-10-03,vultr,outside coverage,1791069511,1791069512000000000,2026-10-03 19:18:32.000000000 ET,1,timeout,0.545,,0.79,1791069514000000000,2026-10-03 19:18:34.000000000 ET,,,,,1791069572000000000,2026-10-03 19:19:32.000000000 ET,,,,,,,,,10
2.0,cfb_20261003_ncat_bry,aec-cfb-ncat-bryant-2026-10-03,vultr,outside coverage,1791069876,1791069877000000000,2026-10-03 19:24:37.000000000 ET,-1,timeout,0.445,,0.79,1791069879000000000,2026-10-03 19:24:39.000000000 ET,,,,,1791069937000000000,2026-10-03 19:25:37.000000000 ET,,,,,,,,,10
2.0,cfb_20261003_ncat_bry,aec-cfb-ncat-bryant-2026-10-03,vultr,outside coverage,1791070009,1791070010000000000,2026-10-03 19:26:50.000000000 ET,-1,timeout,0.385,,0.79,1791070012000000000,2026-10-03 19:26:52.000000000 ET,,,,,1791070070000000000,2026-10-03 19:27:50.000000000 ET,,,,,,,,,10
2.0,cfb_20261003_ncat_bry,aec-cfb-ncat-bryant-2026-10-03,vultr,outside coverage,1791070588,1791070589000000000,2026-10-03 19:36:29.000000000 ET,-1,timeout,0.35,,0.79,1791070591000000000,2026-10-03 19:36:31.000000000 ET,,,,,1791070649000000000,2026-10-03 19:37:29.000000000 ET,,,,,,,,,10
2.0,cfb_20261003_ncat_bry,aec-cfb-ncat-bryant-2026-10-03,vultr,outside coverage,1791070808,1791070809000000000,2026-10-03 19:40:09.000000000 ET,-1,timeout,0.29000000000000004,,0.79,1791070811000000000,2026-10-03 19:40:11.000000000 ET,,,,,1791070869000000000,2026-10-03 19:41:09.000000000 ET,,,,,,,,,10
2.0,cfb_20261003_ncat_bry,aec-cfb-ncat-bryant-2026-10-03,vultr,outside coverage,1791070924,1791070925000000000,2026-10-03 19:42:05.000000000 ET,1,timeout,0.335,,0.79,1791070927000000000,2026-10-03 19:42:07.000000000 ET,,,,,1791070985000000000,2026-10-03 19:43:05.000000000 ET,,,,,,,,,10
2.0,cfb_20261003_ncat_bry,aec-cfb-ncat-bryant-2026-10-03,vultr,outside coverage,1791071247,1791071248000000000,2026-10-03 19:47:28.000000000 ET,-1,timeout,0.335,,0.79,1791071250000000000,2026-10-03 19:47:30.000000000 ET,,,,,1791071308000000000,2026-10-03 19:48:28.000000000 ET,,,,,,,,,10
2.0,cfb_20261003_ncat_bry,aec-cfb-ncat-bryant-2026-10-03,vultr,outside coverage,1791071784,1791071785000000000,2026-10-03 19:56:25.000000000 ET,-1,timeout,0.295,,0.79,1791071787000000000,2026-10-03 19:56:27.000000000 ET,,,,,1791071845000000000,2026-10-03 19:57:25.000000000 ET,,,,,,,,,10
2.0,cfb_20261003_ncat_bry,aec-cfb-ncat-bryant-2026-10-03,vultr,outside coverage,1791071930,1791071931000000000,2026-10-03 19:58:51.000000000 ET,1,timeout,0.265,,0.79,1791071933000000000,2026-10-03 19:58:53.000000000 ET,,,,,1791071991000000000,2026-10-03 19:59:51.000000000 ET,,,,,,,,,10
2.0,cfb_20261003_ncat_bry,aec-cfb-ncat-bryant-2026-10-03,vultr,outside coverage,1791072269,1791072270000000000,2026-10-03 20:04:30.000000000 ET,1,timeout,0.32999999999999996,,0.79,1791072272000000000,2026-10-03 20:04:32.000000000 ET,,,,,1791072330000000000,2026-10-03 20:05:30.000000000 ET,,,,,,,,,10
2.0,cfb_20261003_ncat_bry,aec-cfb-ncat-bryant-2026-10-03,vultr,outside coverage,1791072420,1791072421000000000,2026-10-03 20:07:01.000000000 ET,-1,timeout,0.25,,0.79,1791072423000000000,2026-10-03 20:07:03.000000000 ET,,,,,1791072481000000000,2026-10-03 20:08:01.000000000 ET,,,,,,,,,10
2.0,cfb_20261003_ncat_bry,aec-cfb-ncat-bryant-2026-10-03,vultr,outside coverage,1791072571,1791072572000000000,2026-10-03 20:09:32.000000000 ET,1,timeout,0.315,,0.79,1791072574000000000,2026-10-03 20:09:34.000000000 ET,,,,,1791072632000000000,2026-10-03 20:10:32.000000000 ET,,,,,,,,,10
2.0,cfb_20261003_ncat_bry,aec-cfb-ncat-bryant-2026-10-03,vultr,outside coverage,1791072681,1791072682000000000,2026-10-03 20:11:22.000000000 ET,-1,timeout,0.19,,0.79,1791072684000000000,2026-10-03 20:11:24.000000000 ET,,,,,1791072742000000000,2026-10-03 20:12:22.000000000 ET,,,,,,,,,10
2.0,cfb_20261003_ncat_bry,aec-cfb-ncat-bryant-2026-10-03,vultr,outside coverage,1791072938,1791072939000000000,2026-10-03 20:15:39.000000000 ET,1,timeout,0.22999999999999998,,0.79,1791072941000000000,2026-10-03 20:15:41.000000000 ET,,,,,1791072999000000000,2026-10-03 20:16:39.000000000 ET,,,,,,,,,10
2.0,cfb_20261003_ncat_bry,aec-cfb-ncat-bryant-2026-10-03,vultr,outside coverage,1791073116,1791073117000000000,2026-10-03 20:18:37.000000000 ET,1,timeout,0.37,,0.79,1791073119000000000,2026-10-03 20:18:39.000000000 ET,,,,,1791073177000000000,2026-10-03 20:19:37.000000000 ET,,,,,,,,,10
2.0,cfb_20261003_ncat_bry,aec-cfb-ncat-bryant-2026-10-03,vultr,outside coverage,1791073193,1791073194000000000,2026-10-03 20:19:54.000000000 ET,-1,timeout,0.345,,0.79,1791073196000000000,2026-10-03 20:19:56.000000000 ET,,,,,1791073254000000000,2026-10-03 20:20:54.000000000 ET,,,,,,,,,10
2.0,cfb_20261003_ncat_bry,aec-cfb-ncat-bryant-2026-10-03,vultr,outside coverage,1791073292,1791073293000000000,2026-10-03 20:21:33.000000000 ET,-1,timeout,0.28,,0.79,1791073295000000000,2026-10-03 20:21:35.000000000 ET,,,,,1791073353000000000,2026-10-03 20:22:33.000000000 ET,,,,,,,,,10
2.0,cfb_20261003_ncat_bry,aec-cfb-ncat-bryant-2026-10-03,vultr,outside coverage,1791073411,1791073412000000000,2026-10-03 20:23:32.000000000 ET,1,timeout,0.29500000000000004,,0.79,1791073414000000000,2026-10-03 20:23:34.000000000 ET,,,,,1791073472000000000,2026-10-03 20:24:32.000000000 ET,,,,,,,,,10
2.0,cfb_20261003_ncat_bry,aec-cfb-ncat-bryant-2026-10-03,vultr,outside coverage,1791073579,1791073580000000000,2026-10-03 20:26:20.000000000 ET,-1,timeout,0.305,,0.79,1791073582000000000,2026-10-03 20:26:22.000000000 ET,,,,,1791073640000000000,2026-10-03 20:27:20.000000000 ET,,,,,,,,,10
2.0,cfb_20261003_ncat_bry,aec-cfb-ncat-bryant-2026-10-03,vultr,outside coverage,1791073649,1791073650000000000,2026-10-03 20:27:30.000000000 ET,-1,timeout,0.30500000000000005,,0.79,1791073652000000000,2026-10-03 20:27:32.000000000 ET,,,,,1791073710000000000,2026-10-03 20:28:30.000000000 ET,,,,,,,,,10
2.0,cfb_20261003_ncat_bry,aec-cfb-ncat-bryant-2026-10-03,vultr,outside coverage,1791073762,1791073763000000000,2026-10-03 20:29:23.000000000 ET,-1,timeout,0.30000000000000004,,0.79,1791073765000000000,2026-10-03 20:29:25.000000000 ET,,,,,1791073823000000000,2026-10-03 20:30:23.000000000 ET,,,,,,,,,10
2.0,cfb_20261003_ncat_bry,aec-cfb-ncat-bryant-2026-10-03,vultr,outside coverage,1791073965,1791073966000000000,2026-10-03 20:32:46.000000000 ET,-1,timeout,0.115,,0.79,1791073968000000000,2026-10-03 20:32:48.000000000 ET,,,,,1791074026000000000,2026-10-03 20:33:46.000000000 ET,,,,,,,,,10
2.0,cfb_20261003_ncat_bry,aec-cfb-ncat-bryant-2026-10-03,vultr,outside coverage,1791074240,1791074241000000000,2026-10-03 20:37:21.000000000 ET,-1,timeout,0.05,,0.79,1791074243000000000,2026-10-03 20:37:23.000000000 ET,,,,,1791074301000000000,2026-10-03 20:38:21.000000000 ET,,,,,,,,,10
2.0,cfb_20261003_ncat_bry,aec-cfb-ncat-bryant-2026-10-03,vultr,outside coverage,1791074530,1791074531000000000,2026-10-03 20:42:11.000000000 ET,1,timeout,0.11,,0.79,1791074533000000000,2026-10-03 20:42:13.000000000 ET,,,,,1791074591000000000,2026-10-03 20:43:11.000000000 ET,,,,,,,,,10
2.0,cfb_20261003_ncat_bry,aec-cfb-ncat-bryant-2026-10-03,vultr,outside coverage,1791074593,1791074594000000000,2026-10-03 20:43:14.000000000 ET,1,timeout,0.28500000000000003,,0.79,1791074596000000000,2026-10-03 20:43:16.000000000 ET,,,,,1791074654000000000,2026-10-03 20:44:14.000000000 ET,,,,,,,,,10
2.0,cfb_20261003_ncat_bry,aec-cfb-ncat-bryant-2026-10-03,vultr,outside coverage,1791074806,1791074807000000000,2026-10-03 20:46:47.000000000 ET,-1,timeout,0.26,,0.79,1791074809000000000,2026-10-03 20:46:49.000000000 ET,,,,,1791074867000000000,2026-10-03 20:47:47.000000000 ET,,,,,,,,,10
5.0,cfb_20261003_ncat_bry,aec-cfb-ncat-bryant-2026-10-03,vultr,outside coverage,1791066433,1791066434000000000,2026-10-03 18:27:14.000000000 ET,-1,timeout,0.595,,0.79,1791066439000000000,2026-10-03 18:27:19.000000000 ET,,,,,1791066494000000000,2026-10-03 18:28:14.000000000 ET,,,,,,,,,10
5.0,cfb_20261003_ncat_bry,aec-cfb-ncat-bryant-2026-10-03,vultr,outside coverage,1791066942,1791066943000000000,2026-10-03 18:35:43.000000000 ET,-1,timeout,0.5,,0.79,1791066948000000000,2026-10-03 18:35:48.000000000 ET,,,,,1791067003000000000,2026-10-03 18:36:43.000000000 ET,,,,,,,,,10
5.0,cfb_20261003_ncat_bry,aec-cfb-ncat-bryant-2026-10-03,vultr,outside coverage,1791067065,1791067066000000000,2026-10-03 18:37:46.000000000 ET,-1,timeout,0.38,,0.79,1791067071000000000,2026-10-03 18:37:51.000000000 ET,,,,,1791067126000000000,2026-10-03 18:38:46.000000000 ET,,,,,,,,,10
5.0,cfb_20261003_ncat_bry,aec-cfb-ncat-bryant-2026-10-03,vultr,outside coverage,1791067514,1791067515000000000,2026-10-03 18:45:15.000000000 ET,1,timeout,0.42,,0.79,1791067520000000000,2026-10-03 18:45:20.000000000 ET,,,,,1791067575000000000,2026-10-03 18:46:15.000000000 ET,,,,,,,,,10
5.0,cfb_20261003_ncat_bry,aec-cfb-ncat-bryant-2026-10-03,vultr,outside coverage,1791067627,1791067628000000000,2026-10-03 18:47:08.000000000 ET,-1,timeout,0.395,,0.79,1791067633000000000,2026-10-03 18:47:13.000000000 ET,,,,,1791067688000000000,2026-10-03 18:48:08.000000000 ET,,,,,,,,,10
5.0,cfb_20261003_ncat_bry,aec-cfb-ncat-bryant-2026-10-03,vultr,outside coverage,1791067753,1791067754000000000,2026-10-03 18:49:14.000000000 ET,-1,timeout,0.385,,0.79,1791067759000000000,2026-10-03 18:49:19.000000000 ET,,,,,1791067814000000000,2026-10-03 18:50:14.000000000 ET,,,,,,,,,10
5.0,cfb_20261003_ncat_bry,aec-cfb-ncat-bryant-2026-10-03,vultr,outside coverage,1791068061,1791068062000000000,2026-10-03 18:54:22.000000000 ET,-1,timeout,0.43,,0.79,1791068067000000000,2026-10-03 18:54:27.000000000 ET,,,,,1791068122000000000,2026-10-03 18:55:22.000000000 ET,,,,,,,,,10
5.0,cfb_20261003_ncat_bry,aec-cfb-ncat-bryant-2026-10-03,vultr,outside coverage,1791068130,1791068131000000000,2026-10-03 18:55:31.000000000 ET,1,timeout,0.5700000000000001,,0.79,1791068136000000000,2026-10-03 18:55:36.000000000 ET,,,,,1791068191000000000,2026-10-03 18:56:31.000000000 ET,,,,,,,,,10
5.0,cfb_20261003_ncat_bry,aec-cfb-ncat-bryant-2026-10-03,vultr,outside coverage,1791068338,1791068339000000000,2026-10-03 18:58:59.000000000 ET,-1,timeout,0.5800000000000001,,0.79,1791068344000000000,2026-10-03 18:59:04.000000000 ET,,,,,1791068399000000000,2026-10-03 18:59:59.000000000 ET,,,,,,,,,10
5.0,cfb_20261003_ncat_bry,aec-cfb-ncat-bryant-2026-10-03,vultr,outside coverage,1791068408,1791068409000000000,2026-10-03 19:00:09.000000000 ET,1,timeout,0.645,,0.79,1791068414000000000,2026-10-03 19:00:14.000000000 ET,,,,,1791068469000000000,2026-10-03 19:01:09.000000000 ET,,,,,,,,,10
5.0,cfb_20261003_ncat_bry,aec-cfb-ncat-bryant-2026-10-03,vultr,outside coverage,1791068507,1791068508000000000,2026-10-03 19:01:48.000000000 ET,-1,timeout,0.615,,0.79,1791068513000000000,2026-10-03 19:01:53.000000000 ET,,,,,1791068568000000000,2026-10-03 19:02:48.000000000 ET,,,,,,,,,10
5.0,cfb_20261003_ncat_bry,aec-cfb-ncat-bryant-2026-10-03,vultr,outside coverage,1791068642,1791068643000000000,2026-10-03 19:04:03.000000000 ET,-1,timeout,0.5449999999999999,,0.79,1791068648000000000,2026-10-03 19:04:08.000000000 ET,,,,,1791068703000000000,2026-10-03 19:05:03.000000000 ET,,,,,,,,,10
5.0,cfb_20261003_ncat_bry,aec-cfb-ncat-bryant-2026-10-03,vultr,outside coverage,1791069098,1791069099000000000,2026-10-03 19:11:39.000000000 ET,-1,timeout,0.485,,0.79,1791069104000000000,2026-10-03 19:11:44.000000000 ET,,,,,1791069159000000000,2026-10-03 19:12:39.000000000 ET,,,,,,,,,10
5.0,cfb_20261003_ncat_bry,aec-cfb-ncat-bryant-2026-10-03,vultr,outside coverage,1791069221,1791069222000000000,2026-10-03 19:13:42.000000000 ET,-1,timeout,0.435,,0.79,1791069227000000000,2026-10-03 19:13:47.000000000 ET,,,,,1791069282000000000,2026-10-03 19:14:42.000000000 ET,,,,,,,,,10
5.0,cfb_20261003_ncat_bry,aec-cfb-ncat-bryant-2026-10-03,vultr,outside coverage,1791069434,1791069435000000000,2026-10-03 19:17:15.000000000 ET,1,timeout,0.45499999999999996,,0.79,1791069440000000000,2026-10-03 19:17:20.000000000 ET,,,,,1791069495000000000,2026-10-03 19:18:15.000000000 ET,,,,,,,,,10
5.0,cfb_20261003_ncat_bry,aec-cfb-ncat-bryant-2026-10-03,vultr,outside coverage,1791069511,1791069512000000000,2026-10-03 19:18:32.000000000 ET,1,timeout,0.545,,0.79,1791069517000000000,2026-10-03 19:18:37.000000000 ET,,,,,1791069572000000000,2026-10-03 19:19:32.000000000 ET,,,,,,,,,10
5.0,cfb_20261003_ncat_bry,aec-cfb-ncat-bryant-2026-10-03,vultr,outside coverage,1791069876,1791069877000000000,2026-10-03 19:24:37.000000000 ET,-1,timeout,0.445,,0.79,1791069882000000000,2026-10-03 19:24:42.000000000 ET,,,,,1791069937000000000,2026-10-03 19:25:37.000000000 ET,,,,,,,,,10
5.0,cfb_20261003_ncat_bry,aec-cfb-ncat-bryant-2026-10-03,vultr,outside coverage,1791070009,1791070010000000000,2026-10-03 19:26:50.000000000 ET,-1,timeout,0.385,,0.79,1791070015000000000,2026-10-03 19:26:55.000000000 ET,,,,,1791070070000000000,2026-10-03 19:27:50.000000000 ET,,,,,,,,,10
5.0,cfb_20261003_ncat_bry,aec-cfb-ncat-bryant-2026-10-03,vultr,outside coverage,1791070588,1791070589000000000,2026-10-03 19:36:29.000000000 ET,-1,timeout,0.35,,0.79,1791070594000000000,2026-10-03 19:36:34.000000000 ET,,,,,1791070649000000000,2026-10-03 19:37:29.000000000 ET,,,,,,,,,10
5.0,cfb_20261003_ncat_bry,aec-cfb-ncat-bryant-2026-10-03,vultr,outside coverage,1791070808,1791070809000000000,2026-10-03 19:40:09.000000000 ET,-1,timeout,0.29000000000000004,,0.79,1791070814000000000,2026-10-03 19:40:14.000000000 ET,,,,,1791070869000000000,2026-10-03 19:41:09.000000000 ET,,,,,,,,,10
5.0,cfb_20261003_ncat_bry,aec-cfb-ncat-bryant-2026-10-03,vultr,outside coverage,1791070924,1791070925000000000,2026-10-03 19:42:05.000000000 ET,1,timeout,0.335,,0.79,1791070930000000000,2026-10-03 19:42:10.000000000 ET,,,,,1791070985000000000,2026-10-03 19:43:05.000000000 ET,,,,,,,,,10
5.0,cfb_20261003_ncat_bry,aec-cfb-ncat-bryant-2026-10-03,vultr,outside coverage,1791071247,1791071248000000000,2026-10-03 19:47:28.000000000 ET,-1,timeout,0.335,,0.79,1791071253000000000,2026-10-03 19:47:33.000000000 ET,,,,,1791071308000000000,2026-10-03 19:48:28.000000000 ET,,,,,,,,,10
5.0,cfb_20261003_ncat_bry,aec-cfb-ncat-bryant-2026-10-03,vultr,outside coverage,1791071784,1791071785000000000,2026-10-03 19:56:25.000000000 ET,-1,timeout,0.295,,0.79,1791071790000000000,2026-10-03 19:56:30.000000000 ET,,,,,1791071845000000000,2026-10-03 19:57:25.000000000 ET,,,,,,,,,10
5.0,cfb_20261003_ncat_bry,aec-cfb-ncat-bryant-2026-10-03,vultr,outside coverage,1791071930,1791071931000000000,2026-10-03 19:58:51.000000000 ET,1,timeout,0.265,,0.79,1791071936000000000,2026-10-03 19:58:56.000000000 ET,,,,,1791071991000000000,2026-10-03 19:59:51.000000000 ET,,,,,,,,,10
5.0,cfb_20261003_ncat_bry,aec-cfb-ncat-bryant-2026-10-03,vultr,outside coverage,1791072269,1791072270000000000,2026-10-03 20:04:30.000000000 ET,1,timeout,0.32999999999999996,,0.79,1791072275000000000,2026-10-03 20:04:35.000000000 ET,,,,,1791072330000000000,2026-10-03 20:05:30.000000000 ET,,,,,,,,,10
5.0,cfb_20261003_ncat_bry,aec-cfb-ncat-bryant-2026-10-03,vultr,outside coverage,1791072420,1791072421000000000,2026-10-03 20:07:01.000000000 ET,-1,timeout,0.25,,0.79,1791072426000000000,2026-10-03 20:07:06.000000000 ET,,,,,1791072481000000000,2026-10-03 20:08:01.000000000 ET,,,,,,,,,10
5.0,cfb_20261003_ncat_bry,aec-cfb-ncat-bryant-2026-10-03,vultr,outside coverage,1791072571,1791072572000000000,2026-10-03 20:09:32.000000000 ET,1,timeout,0.315,,0.79,1791072577000000000,2026-10-03 20:09:37.000000000 ET,,,,,1791072632000000000,2026-10-03 20:10:32.000000000 ET,,,,,,,,,10
5.0,cfb_20261003_ncat_bry,aec-cfb-ncat-bryant-2026-10-03,vultr,outside coverage,1791072681,1791072682000000000,2026-10-03 20:11:22.000000000 ET,-1,timeout,0.19,,0.79,1791072687000000000,2026-10-03 20:11:27.000000000 ET,,,,,1791072742000000000,2026-10-03 20:12:22.000000000 ET,,,,,,,,,10
5.0,cfb_20261003_ncat_bry,aec-cfb-ncat-bryant-2026-10-03,vultr,outside coverage,1791072938,1791072939000000000,2026-10-03 20:15:39.000000000 ET,1,timeout,0.22999999999999998,,0.79,1791072944000000000,2026-10-03 20:15:44.000000000 ET,,,,,1791072999000000000,2026-10-03 20:16:39.000000000 ET,,,,,,,,,10
5.0,cfb_20261003_ncat_bry,aec-cfb-ncat-bryant-2026-10-03,vultr,outside coverage,1791073116,1791073117000000000,2026-10-03 20:18:37.000000000 ET,1,timeout,0.37,,0.79,1791073122000000000,2026-10-03 20:18:42.000000000 ET,,,,,1791073177000000000,2026-10-03 20:19:37.000000000 ET,,,,,,,,,10
5.0,cfb_20261003_ncat_bry,aec-cfb-ncat-bryant-2026-10-03,vultr,outside coverage,1791073193,1791073194000000000,2026-10-03 20:19:54.000000000 ET,-1,timeout,0.345,,0.79,1791073199000000000,2026-10-03 20:19:59.000000000 ET,,,,,1791073254000000000,2026-10-03 20:20:54.000000000 ET,,,,,,,,,10
5.0,cfb_20261003_ncat_bry,aec-cfb-ncat-bryant-2026-10-03,vultr,outside coverage,1791073292,1791073293000000000,2026-10-03 20:21:33.000000000 ET,-1,timeout,0.28,,0.79,1791073298000000000,2026-10-03 20:21:38.000000000 ET,,,,,1791073353000000000,2026-10-03 20:22:33.000000000 ET,,,,,,,,,10
5.0,cfb_20261003_ncat_bry,aec-cfb-ncat-bryant-2026-10-03,vultr,outside coverage,1791073411,1791073412000000000,2026-10-03 20:23:32.000000000 ET,1,timeout,0.29500000000000004,,0.79,1791073417000000000,2026-10-03 20:23:37.000000000 ET,,,,,1791073472000000000,2026-10-03 20:24:32.000000000 ET,,,,,,,,,10
5.0,cfb_20261003_ncat_bry,aec-cfb-ncat-bryant-2026-10-03,vultr,outside coverage,1791073579,1791073580000000000,2026-10-03 20:26:20.000000000 ET,-1,timeout,0.305,,0.79,1791073585000000000,2026-10-03 20:26:25.000000000 ET,,,,,1791073640000000000,2026-10-03 20:27:20.000000000 ET,,,,,,,,,10
5.0,cfb_20261003_ncat_bry,aec-cfb-ncat-bryant-2026-10-03,vultr,outside coverage,1791073649,1791073650000000000,2026-10-03 20:27:30.000000000 ET,-1,timeout,0.30500000000000005,,0.79,1791073655000000000,2026-10-03 20:27:35.000000000 ET,,,,,1791073710000000000,2026-10-03 20:28:30.000000000 ET,,,,,,,,,10
5.0,cfb_20261003_ncat_bry,aec-cfb-ncat-bryant-2026-10-03,vultr,outside coverage,1791073762,1791073763000000000,2026-10-03 20:29:23.000000000 ET,-1,timeout,0.30000000000000004,,0.79,1791073768000000000,2026-10-03 20:29:28.000000000 ET,,,,,1791073823000000000,2026-10-03 20:30:23.000000000 ET,,,,,,,,,10
5.0,cfb_20261003_ncat_bry,aec-cfb-ncat-bryant-2026-10-03,vultr,outside coverage,1791073965,1791073966000000000,2026-10-03 20:32:46.000000000 ET,-1,timeout,0.115,,0.79,1791073971000000000,2026-10-03 20:32:51.000000000 ET,,,,,1791074026000000000,2026-10-03 20:33:46.000000000 ET,,,,,,,,,10
5.0,cfb_20261003_ncat_bry,aec-cfb-ncat-bryant-2026-10-03,vultr,outside coverage,1791074240,1791074241000000000,2026-10-03 20:37:21.000000000 ET,-1,timeout,0.05,,0.79,1791074246000000000,2026-10-03 20:37:26.000000000 ET,,,,,1791074301000000000,2026-10-03 20:38:21.000000000 ET,,,,,,,,,10
5.0,cfb_20261003_ncat_bry,aec-cfb-ncat-bryant-2026-10-03,vultr,outside coverage,1791074530,1791074531000000000,2026-10-03 20:42:11.000000000 ET,1,timeout,0.11,,0.79,1791074536000000000,2026-10-03 20:42:16.000000000 ET,,,,,1791074591000000000,2026-10-03 20:43:11.000000000 ET,,,,,,,,,10
5.0,cfb_20261003_ncat_bry,aec-cfb-ncat-bryant-2026-10-03,vultr,outside coverage,1791074593,1791074594000000000,2026-10-03 20:43:14.000000000 ET,1,timeout,0.28500000000000003,,0.79,1791074599000000000,2026-10-03 20:43:19.000000000 ET,,,,,1791074654000000000,2026-10-03 20:44:14.000000000 ET,,,,,,,,,10
5.0,cfb_20261003_ncat_bry,aec-cfb-ncat-bryant-2026-10-03,vultr,outside coverage,1791074806,1791074807000000000,2026-10-03 20:46:47.000000000 ET,-1,timeout,0.26,,0.79,1791074812000000000,2026-10-03 20:46:52.000000000 ET,,,,,1791074867000000000,2026-10-03 20:47:47.000000000 ET,,,,,,,,,10
1.0,cfb_20261003_una_eky,aec-cfb-nal-ekent-2026-10-03,vultr,outside coverage,1791066224,1791066225000000000,2026-10-03 18:23:45.000000000 ET,1,timeout,0.485,,0.535,1791066226000000000,2026-10-03 18:23:46.000000000 ET,,,,,1791066285000000000,2026-10-03 18:24:45.000000000 ET,,,,,,,,,10
1.0,cfb_20261003_una_eky,aec-cfb-nal-ekent-2026-10-03,vultr,outside coverage,1791066606,1791066607000000000,2026-10-03 18:30:07.000000000 ET,-1,timeout,0.41000000000000003,,0.535,1791066608000000000,2026-10-03 18:30:08.000000000 ET,,,,,1791066667000000000,2026-10-03 18:31:07.000000000 ET,,,,,,,,,10
1.0,cfb_20261003_una_eky,aec-cfb-nal-ekent-2026-10-03,vultr,outside coverage,1791066772,1791066773000000000,2026-10-03 18:32:53.000000000 ET,1,timeout,0.455,,0.535,1791066774000000000,2026-10-03 18:32:54.000000000 ET,,,,,1791066833000000000,2026-10-03 18:33:53.000000000 ET,,,,,,,,,10
1.0,cfb_20261003_una_eky,aec-cfb-nal-ekent-2026-10-03,vultr,outside coverage,1791067017,1791067018000000000,2026-10-03 18:36:58.000000000 ET,1,timeout,0.475,,0.535,1791067019000000000,2026-10-03 18:36:59.000000000 ET,,,,,1791067078000000000,2026-10-03 18:37:58.000000000 ET,,,,,,,,,10
1.0,cfb_20261003_una_eky,aec-cfb-nal-ekent-2026-10-03,vultr,outside coverage,1791067685,1791067686000000000,2026-10-03 18:48:06.000000000 ET,1,timeout,0.665,,0.535,1791067687000000000,2026-10-03 18:48:07.000000000 ET,,,,,1791067746000000000,2026-10-03 18:49:06.000000000 ET,,,,,,,,,10
1.0,cfb_20261003_una_eky,aec-cfb-nal-ekent-2026-10-03,vultr,outside coverage,1791067998,1791067999000000000,2026-10-03 18:53:19.000000000 ET,-1,timeout,0.5900000000000001,,0.535,1791068000000000000,2026-10-03 18:53:20.000000000 ET,,,,,1791068059000000000,2026-10-03 18:54:19.000000000 ET,,,,,,,,,10
1.0,cfb_20261003_una_eky,aec-cfb-nal-ekent-2026-10-03,vultr,outside coverage,1791068131,1791068132000000000,2026-10-03 18:55:32.000000000 ET,1,timeout,0.655,,0.535,1791068133000000000,2026-10-03 18:55:33.000000000 ET,,,,,1791068192000000000,2026-10-03 18:56:32.000000000 ET,,,,,,,,,10
1.0,cfb_20261003_una_eky,aec-cfb-nal-ekent-2026-10-03,vultr,outside coverage,1791068646,1791068647000000000,2026-10-03 19:04:07.000000000 ET,1,timeout,0.755,,0.535,1791068648000000000,2026-10-03 19:04:08.000000000 ET,,,,,1791068707000000000,2026-10-03 19:05:07.000000000 ET,,,,,,,,,10
1.0,cfb_20261003_una_eky,aec-cfb-nal-ekent-2026-10-03,vultr,outside coverage,1791068767,1791068768000000000,2026-10-03 19:06:08.000000000 ET,-1,timeout,0.7,,0.535,1791068769000000000,2026-10-03 19:06:09.000000000 ET,,,,,1791068828000000000,2026-10-03 19:07:08.000000000 ET,,,,,,,,,10
1.0,cfb_20261003_una_eky,aec-cfb-nal-ekent-2026-10-03,vultr,outside coverage,1791069188,1791069189000000000,2026-10-03 19:13:09.000000000 ET,1,timeout,0.795,,0.535,1791069190000000000,2026-10-03 19:13:10.000000000 ET,,,,,1791069249000000000,2026-10-03 19:14:09.000000000 ET,,,,,,,,,10
1.0,cfb_20261003_una_eky,aec-cfb-nal-ekent-2026-10-03,vultr,outside coverage,1791069653,1791069654000000000,2026-10-03 19:20:54.000000000 ET,1,timeout,0.855,,0.535,1791069655000000000,2026-10-03 19:20:55.000000000 ET,,,,,1791069714000000000,2026-10-03 19:21:54.000000000 ET,,,,,,,,,10
1.0,cfb_20261003_una_eky,aec-cfb-nal-ekent-2026-10-03,vultr,outside coverage,1791071695,1791071696000000000,2026-10-03 19:54:56.000000000 ET,-1,timeout,0.79,,0.535,1791071697000000000,2026-10-03 19:54:57.000000000 ET,,,,,1791071756000000000,2026-10-03 19:55:56.000000000 ET,,,,,,,,,10
1.0,cfb_20261003_una_eky,aec-cfb-nal-ekent-2026-10-03,vultr,outside coverage,1791071771,1791071772000000000,2026-10-03 19:56:12.000000000 ET,-1,timeout,0.745,,0.535,1791071773000000000,2026-10-03 19:56:13.000000000 ET,,,,,1791071832000000000,2026-10-03 19:57:12.000000000 ET,,,,,,,,,10
1.0,cfb_20261003_una_eky,aec-cfb-nal-ekent-2026-10-03,vultr,outside coverage,1791071832,1791071833000000000,2026-10-03 19:57:13.000000000 ET,-1,timeout,0.695,,0.535,1791071834000000000,2026-10-03 19:57:14.000000000 ET,,,,,1791071893000000000,2026-10-03 19:58:13.000000000 ET,,,,,,,,,10
1.0,cfb_20261003_una_eky,aec-cfb-nal-ekent-2026-10-03,vultr,outside coverage,1791071921,1791071922000000000,2026-10-03 19:58:42.000000000 ET,1,timeout,0.665,,0.535,1791071923000000000,2026-10-03 19:58:43.000000000 ET,,,,,1791071982000000000,2026-10-03 19:59:42.000000000 ET,,,,,,,,,10
1.0,cfb_20261003_una_eky,aec-cfb-nal-ekent-2026-10-03,vultr,outside coverage,1791072392,1791072393000000000,2026-10-03 20:06:33.000000000 ET,1,timeout,0.645,,0.535,1791072394000000000,2026-10-03 20:06:34.000000000 ET,,,,,1791072453000000000,2026-10-03 20:07:33.000000000 ET,,,,,,,,,10
1.0,cfb_20261003_una_eky,aec-cfb-nal-ekent-2026-10-03,vultr,outside coverage,1791072468,1791072469000000000,2026-10-03 20:07:49.000000000 ET,-1,timeout,0.625,,0.535,1791072470000000000,2026-10-03 20:07:50.000000000 ET,,,,,1791072529000000000,2026-10-03 20:08:49.000000000 ET,,,,,,,,,10
1.0,cfb_20261003_una_eky,aec-cfb-nal-ekent-2026-10-03,vultr,outside coverage,1791072560,1791072561000000000,2026-10-03 20:09:21.000000000 ET,-1,timeout,0.575,,0.535,1791072562000000000,2026-10-03 20:09:22.000000000 ET,,,,,1791072621000000000,2026-10-03 20:10:21.000000000 ET,,,,,,,,,10
1.0,cfb_20261003_una_eky,aec-cfb-nal-ekent-2026-10-03,vultr,outside coverage,1791072750,1791072751000000000,2026-10-03 20:12:31.000000000 ET,1,timeout,0.625,,0.535,1791072752000000000,2026-10-03 20:12:32.000000000 ET,,,,,1791072811000000000,2026-10-03 20:13:31.000000000 ET,,,,,,,,,10
1.0,cfb_20261003_una_eky,aec-cfb-nal-ekent-2026-10-03,vultr,outside coverage,1791073007,1791073008000000000,2026-10-03 20:16:48.000000000 ET,-1,timeout,0.645,,0.535,1791073009000000000,2026-10-03 20:16:49.000000000 ET,,,,,1791073068000000000,2026-10-03 20:17:48.000000000 ET,,,,,,,,,10
1.0,cfb_20261003_una_eky,aec-cfb-nal-ekent-2026-10-03,vultr,outside coverage,1791073311,1791073312000000000,2026-10-03 20:21:52.000000000 ET,1,timeout,0.745,,0.535,1791073313000000000,2026-10-03 20:21:53.000000000 ET,,,,,1791073372000000000,2026-10-03 20:22:52.000000000 ET,,,,,,,,,10
1.0,cfb_20261003_una_eky,aec-cfb-nal-ekent-2026-10-03,vultr,outside coverage,1791073424,1791073425000000000,2026-10-03 20:23:45.000000000 ET,-1,timeout,0.445,,0.535,1791073426000000000,2026-10-03 20:23:46.000000000 ET,,,,,1791073485000000000,2026-10-03 20:24:45.000000000 ET,,,,,,,,,10
1.0,cfb_20261003_una_eky,aec-cfb-nal-ekent-2026-10-03,vultr,outside coverage,1791073862,1791073863000000000,2026-10-03 20:31:03.000000000 ET,-1,timeout,0.365,,0.535,1791073864000000000,2026-10-03 20:31:04.000000000 ET,,,,,1791073923000000000,2026-10-03 20:32:03.000000000 ET,,,,,,,,,10
1.0,cfb_20261003_una_eky,aec-cfb-nal-ekent-2026-10-03,vultr,outside coverage,1791074103,1791074104000000000,2026-10-03 20:35:04.000000000 ET,1,timeout,0.445,,0.535,1791074105000000000,2026-10-03 20:35:05.000000000 ET,,,,,1791074164000000000,2026-10-03 20:36:04.000000000 ET,,,,,,,,,10
1.0,cfb_20261003_una_eky,aec-cfb-nal-ekent-2026-10-03,vultr,outside coverage,1791074472,1791074473000000000,2026-10-03 20:41:13.000000000 ET,-1,timeout,0.375,,0.535,1791074474000000000,2026-10-03 20:41:14.000000000 ET,,,,,1791074533000000000,2026-10-03 20:42:13.000000000 ET,,,,,,,,,10
1.0,cfb_20261003_una_eky,aec-cfb-nal-ekent-2026-10-03,vultr,outside coverage,1791074727,1791074728000000000,2026-10-03 20:45:28.000000000 ET,1,timeout,0.455,,0.535,1791074729000000000,2026-10-03 20:45:29.000000000 ET,,,,,1791074788000000000,2026-10-03 20:46:28.000000000 ET,,,,,,,,,10
1.0,cfb_20261003_una_eky,aec-cfb-nal-ekent-2026-10-03,vultr,outside coverage,1791074827,1791074828000000000,2026-10-03 20:47:08.000000000 ET,1,timeout,0.515,,0.535,1791074829000000000,2026-10-03 20:47:09.000000000 ET,,,,,1791074888000000000,2026-10-03 20:48:08.000000000 ET,,,,,,,,,10
1.0,cfb_20261003_una_eky,aec-cfb-nal-ekent-2026-10-03,vultr,outside coverage,1791075004,1791075005000000000,2026-10-03 20:50:05.000000000 ET,-1,timeout,0.445,,0.535,1791075006000000000,2026-10-03 20:50:06.000000000 ET,,,,,1791075065000000000,2026-10-03 20:51:05.000000000 ET,,,,,,,,,10
1.0,cfb_20261003_una_eky,aec-cfb-nal-ekent-2026-10-03,vultr,outside coverage,1791075084,1791075085000000000,2026-10-03 20:51:25.000000000 ET,1,timeout,0.485,,0.535,1791075086000000000,2026-10-03 20:51:26.000000000 ET,,,,,1791075145000000000,2026-10-03 20:52:25.000000000 ET,,,,,,,,,10
1.0,cfb_20261003_una_eky,aec-cfb-nal-ekent-2026-10-03,vultr,outside coverage,1791075219,1791075220000000000,2026-10-03 20:53:40.000000000 ET,1,timeout,0.46499999999999997,,0.535,1791075221000000000,2026-10-03 20:53:41.000000000 ET,,,,,1791075280000000000,2026-10-03 20:54:40.000000000 ET,,,,,,,,,10
1.0,cfb_20261003_una_eky,aec-cfb-nal-ekent-2026-10-03,vultr,outside coverage,1791075406,1791075407000000000,2026-10-03 20:56:47.000000000 ET,1,timeout,0.505,,0.535,1791075408000000000,2026-10-03 20:56:48.000000000 ET,,,,,1791075467000000000,2026-10-03 20:57:47.000000000 ET,,,,,,,,,10
1.0,cfb_20261003_una_eky,aec-cfb-nal-ekent-2026-10-03,vultr,outside coverage,1791075489,1791075490000000000,2026-10-03 20:58:10.000000000 ET,1,timeout,0.46499999999999997,,0.535,1791075491000000000,2026-10-03 20:58:11.000000000 ET,,,,,1791075550000000000,2026-10-03 20:59:10.000000000 ET,,,,,,,,,10
1.0,cfb_20261003_una_eky,aec-cfb-nal-ekent-2026-10-03,vultr,outside coverage,1791075576,1791075577000000000,2026-10-03 20:59:37.000000000 ET,-1,timeout,0.365,,0.535,1791075578000000000,2026-10-03 20:59:38.000000000 ET,,,,,1791075637000000000,2026-10-03 21:00:37.000000000 ET,,,,,,,,,10
1.0,cfb_20261003_una_eky,aec-cfb-nal-ekent-2026-10-03,vultr,outside coverage,1791075876,1791075877000000000,2026-10-03 21:04:37.000000000 ET,-1,timeout,0.305,,0.535,1791075878000000000,2026-10-03 21:04:38.000000000 ET,,,,,1791075937000000000,2026-10-03 21:05:37.000000000 ET,,,,,,,,,10
1.0,cfb_20261003_una_eky,aec-cfb-nal-ekent-2026-10-03,vultr,outside coverage,1791076046,1791076047000000000,2026-10-03 21:07:27.000000000 ET,-1,timeout,0.14500000000000002,,0.535,1791076048000000000,2026-10-03 21:07:28.000000000 ET,,,,,1791076107000000000,2026-10-03 21:08:27.000000000 ET,,,,,,,,,10
1.0,cfb_20261003_una_eky,aec-cfb-nal-ekent-2026-10-03,vultr,outside coverage,1791076223,1791076224000000000,2026-10-03 21:10:24.000000000 ET,1,timeout,0.165,,0.535,1791076225000000000,2026-10-03 21:10:25.000000000 ET,,,,,1791076284000000000,2026-10-03 21:11:24.000000000 ET,,,,,,,,,10
1.0,cfb_20261003_una_eky,aec-cfb-nal-ekent-2026-10-03,vultr,outside coverage,1791076548,1791076549000000000,2026-10-03 21:15:49.000000000 ET,1,timeout,0.3,,0.535,1791076550000000000,2026-10-03 21:15:50.000000000 ET,,,,,1791076609000000000,2026-10-03 21:16:49.000000000 ET,,,,,,,,,10
2.0,cfb_20261003_una_eky,aec-cfb-nal-ekent-2026-10-03,vultr,outside coverage,1791066224,1791066225000000000,2026-10-03 18:23:45.000000000 ET,1,timeout,0.485,,0.535,1791066227000000000,2026-10-03 18:23:47.000000000 ET,,,,,1791066285000000000,2026-10-03 18:24:45.000000000 ET,,,,,,,,,10
2.0,cfb_20261003_una_eky,aec-cfb-nal-ekent-2026-10-03,vultr,outside coverage,1791066606,1791066607000000000,2026-10-03 18:30:07.000000000 ET,-1,timeout,0.41000000000000003,,0.535,1791066609000000000,2026-10-03 18:30:09.000000000 ET,,,,,1791066667000000000,2026-10-03 18:31:07.000000000 ET,,,,,,,,,10
2.0,cfb_20261003_una_eky,aec-cfb-nal-ekent-2026-10-03,vultr,outside coverage,1791066772,1791066773000000000,2026-10-03 18:32:53.000000000 ET,1,timeout,0.455,,0.535,1791066775000000000,2026-10-03 18:32:55.000000000 ET,,,,,1791066833000000000,2026-10-03 18:33:53.000000000 ET,,,,,,,,,10
2.0,cfb_20261003_una_eky,aec-cfb-nal-ekent-2026-10-03,vultr,outside coverage,1791067017,1791067018000000000,2026-10-03 18:36:58.000000000 ET,1,timeout,0.475,,0.535,1791067020000000000,2026-10-03 18:37:00.000000000 ET,,,,,1791067078000000000,2026-10-03 18:37:58.000000000 ET,,,,,,,,,10
2.0,cfb_20261003_una_eky,aec-cfb-nal-ekent-2026-10-03,vultr,outside coverage,1791067685,1791067686000000000,2026-10-03 18:48:06.000000000 ET,1,timeout,0.665,,0.535,1791067688000000000,2026-10-03 18:48:08.000000000 ET,,,,,1791067746000000000,2026-10-03 18:49:06.000000000 ET,,,,,,,,,10
2.0,cfb_20261003_una_eky,aec-cfb-nal-ekent-2026-10-03,vultr,outside coverage,1791067998,1791067999000000000,2026-10-03 18:53:19.000000000 ET,-1,timeout,0.5900000000000001,,0.535,1791068001000000000,2026-10-03 18:53:21.000000000 ET,,,,,1791068059000000000,2026-10-03 18:54:19.000000000 ET,,,,,,,,,10
2.0,cfb_20261003_una_eky,aec-cfb-nal-ekent-2026-10-03,vultr,outside coverage,1791068131,1791068132000000000,2026-10-03 18:55:32.000000000 ET,1,timeout,0.655,,0.535,1791068134000000000,2026-10-03 18:55:34.000000000 ET,,,,,1791068192000000000,2026-10-03 18:56:32.000000000 ET,,,,,,,,,10
2.0,cfb_20261003_una_eky,aec-cfb-nal-ekent-2026-10-03,vultr,outside coverage,1791068646,1791068647000000000,2026-10-03 19:04:07.000000000 ET,1,timeout,0.755,,0.535,1791068649000000000,2026-10-03 19:04:09.000000000 ET,,,,,1791068707000000000,2026-10-03 19:05:07.000000000 ET,,,,,,,,,10
2.0,cfb_20261003_una_eky,aec-cfb-nal-ekent-2026-10-03,vultr,outside coverage,1791068767,1791068768000000000,2026-10-03 19:06:08.000000000 ET,-1,timeout,0.7,,0.535,1791068770000000000,2026-10-03 19:06:10.000000000 ET,,,,,1791068828000000000,2026-10-03 19:07:08.000000000 ET,,,,,,,,,10
2.0,cfb_20261003_una_eky,aec-cfb-nal-ekent-2026-10-03,vultr,outside coverage,1791069188,1791069189000000000,2026-10-03 19:13:09.000000000 ET,1,timeout,0.795,,0.535,1791069191000000000,2026-10-03 19:13:11.000000000 ET,,,,,1791069249000000000,2026-10-03 19:14:09.000000000 ET,,,,,,,,,10
2.0,cfb_20261003_una_eky,aec-cfb-nal-ekent-2026-10-03,vultr,outside coverage,1791069653,1791069654000000000,2026-10-03 19:20:54.000000000 ET,1,timeout,0.855,,0.535,1791069656000000000,2026-10-03 19:20:56.000000000 ET,,,,,1791069714000000000,2026-10-03 19:21:54.000000000 ET,,,,,,,,,10
2.0,cfb_20261003_una_eky,aec-cfb-nal-ekent-2026-10-03,vultr,outside coverage,1791071695,1791071696000000000,2026-10-03 19:54:56.000000000 ET,-1,timeout,0.79,,0.535,1791071698000000000,2026-10-03 19:54:58.000000000 ET,,,,,1791071756000000000,2026-10-03 19:55:56.000000000 ET,,,,,,,,,10
2.0,cfb_20261003_una_eky,aec-cfb-nal-ekent-2026-10-03,vultr,outside coverage,1791071771,1791071772000000000,2026-10-03 19:56:12.000000000 ET,-1,timeout,0.745,,0.535,1791071774000000000,2026-10-03 19:56:14.000000000 ET,,,,,1791071832000000000,2026-10-03 19:57:12.000000000 ET,,,,,,,,,10
2.0,cfb_20261003_una_eky,aec-cfb-nal-ekent-2026-10-03,vultr,outside coverage,1791071832,1791071833000000000,2026-10-03 19:57:13.000000000 ET,-1,timeout,0.695,,0.535,1791071835000000000,2026-10-03 19:57:15.000000000 ET,,,,,1791071893000000000,2026-10-03 19:58:13.000000000 ET,,,,,,,,,10
2.0,cfb_20261003_una_eky,aec-cfb-nal-ekent-2026-10-03,vultr,outside coverage,1791071921,1791071922000000000,2026-10-03 19:58:42.000000000 ET,1,timeout,0.665,,0.535,1791071924000000000,2026-10-03 19:58:44.000000000 ET,,,,,1791071982000000000,2026-10-03 19:59:42.000000000 ET,,,,,,,,,10
2.0,cfb_20261003_una_eky,aec-cfb-nal-ekent-2026-10-03,vultr,outside coverage,1791072392,1791072393000000000,2026-10-03 20:06:33.000000000 ET,1,timeout,0.645,,0.535,1791072395000000000,2026-10-03 20:06:35.000000000 ET,,,,,1791072453000000000,2026-10-03 20:07:33.000000000 ET,,,,,,,,,10
2.0,cfb_20261003_una_eky,aec-cfb-nal-ekent-2026-10-03,vultr,outside coverage,1791072468,1791072469000000000,2026-10-03 20:07:49.000000000 ET,-1,timeout,0.625,,0.535,1791072471000000000,2026-10-03 20:07:51.000000000 ET,,,,,1791072529000000000,2026-10-03 20:08:49.000000000 ET,,,,,,,,,10
2.0,cfb_20261003_una_eky,aec-cfb-nal-ekent-2026-10-03,vultr,outside coverage,1791072560,1791072561000000000,2026-10-03 20:09:21.000000000 ET,-1,timeout,0.575,,0.535,1791072563000000000,2026-10-03 20:09:23.000000000 ET,,,,,1791072621000000000,2026-10-03 20:10:21.000000000 ET,,,,,,,,,10
2.0,cfb_20261003_una_eky,aec-cfb-nal-ekent-2026-10-03,vultr,outside coverage,1791072750,1791072751000000000,2026-10-03 20:12:31.000000000 ET,1,timeout,0.625,,0.535,1791072753000000000,2026-10-03 20:12:33.000000000 ET,,,,,1791072811000000000,2026-10-03 20:13:31.000000000 ET,,,,,,,,,10
2.0,cfb_20261003_una_eky,aec-cfb-nal-ekent-2026-10-03,vultr,outside coverage,1791073007,1791073008000000000,2026-10-03 20:16:48.000000000 ET,-1,timeout,0.645,,0.535,1791073010000000000,2026-10-03 20:16:50.000000000 ET,,,,,1791073068000000000,2026-10-03 20:17:48.000000000 ET,,,,,,,,,10
2.0,cfb_20261003_una_eky,aec-cfb-nal-ekent-2026-10-03,vultr,outside coverage,1791073311,1791073312000000000,2026-10-03 20:21:52.000000000 ET,1,timeout,0.745,,0.535,1791073314000000000,2026-10-03 20:21:54.000000000 ET,,,,,1791073372000000000,2026-10-03 20:22:52.000000000 ET,,,,,,,,,10
2.0,cfb_20261003_una_eky,aec-cfb-nal-ekent-2026-10-03,vultr,outside coverage,1791073424,1791073425000000000,2026-10-03 20:23:45.000000000 ET,-1,timeout,0.445,,0.535,1791073427000000000,2026-10-03 20:23:47.000000000 ET,,,,,1791073485000000000,2026-10-03 20:24:45.000000000 ET,,,,,,,,,10
2.0,cfb_20261003_una_eky,aec-cfb-nal-ekent-2026-10-03,vultr,outside coverage,1791073862,1791073863000000000,2026-10-03 20:31:03.000000000 ET,-1,timeout,0.365,,0.535,1791073865000000000,2026-10-03 20:31:05.000000000 ET,,,,,1791073923000000000,2026-10-03 20:32:03.000000000 ET,,,,,,,,,10
2.0,cfb_20261003_una_eky,aec-cfb-nal-ekent-2026-10-03,vultr,outside coverage,1791074103,1791074104000000000,2026-10-03 20:35:04.000000000 ET,1,timeout,0.445,,0.535,1791074106000000000,2026-10-03 20:35:06.000000000 ET,,,,,1791074164000000000,2026-10-03 20:36:04.000000000 ET,,,,,,,,,10
2.0,cfb_20261003_una_eky,aec-cfb-nal-ekent-2026-10-03,vultr,outside coverage,1791074472,1791074473000000000,2026-10-03 20:41:13.000000000 ET,-1,timeout,0.375,,0.535,1791074475000000000,2026-10-03 20:41:15.000000000 ET,,,,,1791074533000000000,2026-10-03 20:42:13.000000000 ET,,,,,,,,,10
2.0,cfb_20261003_una_eky,aec-cfb-nal-ekent-2026-10-03,vultr,outside coverage,1791074727,1791074728000000000,2026-10-03 20:45:28.000000000 ET,1,timeout,0.455,,0.535,1791074730000000000,2026-10-03 20:45:30.000000000 ET,,,,,1791074788000000000,2026-10-03 20:46:28.000000000 ET,,,,,,,,,10
2.0,cfb_20261003_una_eky,aec-cfb-nal-ekent-2026-10-03,vultr,outside coverage,1791074827,1791074828000000000,2026-10-03 20:47:08.000000000 ET,1,timeout,0.515,,0.535,1791074830000000000,2026-10-03 20:47:10.000000000 ET,,,,,1791074888000000000,2026-10-03 20:48:08.000000000 ET,,,,,,,,,10
2.0,cfb_20261003_una_eky,aec-cfb-nal-ekent-2026-10-03,vultr,outside coverage,1791075004,1791075005000000000,2026-10-03 20:50:05.000000000 ET,-1,timeout,0.445,,0.535,1791075007000000000,2026-10-03 20:50:07.000000000 ET,,,,,1791075065000000000,2026-10-03 20:51:05.000000000 ET,,,,,,,,,10
2.0,cfb_20261003_una_eky,aec-cfb-nal-ekent-2026-10-03,vultr,outside coverage,1791075084,1791075085000000000,2026-10-03 20:51:25.000000000 ET,1,timeout,0.485,,0.535,1791075087000000000,2026-10-03 20:51:27.000000000 ET,,,,,1791075145000000000,2026-10-03 20:52:25.000000000 ET,,,,,,,,,10
2.0,cfb_20261003_una_eky,aec-cfb-nal-ekent-2026-10-03,vultr,outside coverage,1791075219,1791075220000000000,2026-10-03 20:53:40.000000000 ET,1,timeout,0.46499999999999997,,0.535,1791075222000000000,2026-10-03 20:53:42.000000000 ET,,,,,1791075280000000000,2026-10-03 20:54:40.000000000 ET,,,,,,,,,10
2.0,cfb_20261003_una_eky,aec-cfb-nal-ekent-2026-10-03,vultr,outside coverage,1791075406,1791075407000000000,2026-10-03 20:56:47.000000000 ET,1,timeout,0.505,,0.535,1791075409000000000,2026-10-03 20:56:49.000000000 ET,,,,,1791075467000000000,2026-10-03 20:57:47.000000000 ET,,,,,,,,,10
2.0,cfb_20261003_una_eky,aec-cfb-nal-ekent-2026-10-03,vultr,outside coverage,1791075489,1791075490000000000,2026-10-03 20:58:10.000000000 ET,1,timeout,0.46499999999999997,,0.535,1791075492000000000,2026-10-03 20:58:12.000000000 ET,,,,,1791075550000000000,2026-10-03 20:59:10.000000000 ET,,,,,,,,,10
2.0,cfb_20261003_una_eky,aec-cfb-nal-ekent-2026-10-03,vultr,outside coverage,1791075576,1791075577000000000,2026-10-03 20:59:37.000000000 ET,-1,timeout,0.365,,0.535,1791075579000000000,2026-10-03 20:59:39.000000000 ET,,,,,1791075637000000000,2026-10-03 21:00:37.000000000 ET,,,,,,,,,10
2.0,cfb_20261003_una_eky,aec-cfb-nal-ekent-2026-10-03,vultr,outside coverage,1791075876,1791075877000000000,2026-10-03 21:04:37.000000000 ET,-1,timeout,0.305,,0.535,1791075879000000000,2026-10-03 21:04:39.000000000 ET,,,,,1791075937000000000,2026-10-03 21:05:37.000000000 ET,,,,,,,,,10
2.0,cfb_20261003_una_eky,aec-cfb-nal-ekent-2026-10-03,vultr,outside coverage,1791076046,1791076047000000000,2026-10-03 21:07:27.000000000 ET,-1,timeout,0.14500000000000002,,0.535,1791076049000000000,2026-10-03 21:07:29.000000000 ET,,,,,1791076107000000000,2026-10-03 21:08:27.000000000 ET,,,,,,,,,10
2.0,cfb_20261003_una_eky,aec-cfb-nal-ekent-2026-10-03,vultr,outside coverage,1791076223,1791076224000000000,2026-10-03 21:10:24.000000000 ET,1,timeout,0.165,,0.535,1791076226000000000,2026-10-03 21:10:26.000000000 ET,,,,,1791076284000000000,2026-10-03 21:11:24.000000000 ET,,,,,,,,,10
2.0,cfb_20261003_una_eky,aec-cfb-nal-ekent-2026-10-03,vultr,outside coverage,1791076548,1791076549000000000,2026-10-03 21:15:49.000000000 ET,1,timeout,0.3,,0.535,1791076551000000000,2026-10-03 21:15:51.000000000 ET,,,,,1791076609000000000,2026-10-03 21:16:49.000000000 ET,,,,,,,,,10
5.0,cfb_20261003_una_eky,aec-cfb-nal-ekent-2026-10-03,vultr,outside coverage,1791066224,1791066225000000000,2026-10-03 18:23:45.000000000 ET,1,timeout,0.485,,0.535,1791066230000000000,2026-10-03 18:23:50.000000000 ET,,,,,1791066285000000000,2026-10-03 18:24:45.000000000 ET,,,,,,,,,10
5.0,cfb_20261003_una_eky,aec-cfb-nal-ekent-2026-10-03,vultr,outside coverage,1791066606,1791066607000000000,2026-10-03 18:30:07.000000000 ET,-1,timeout,0.41000000000000003,,0.535,1791066612000000000,2026-10-03 18:30:12.000000000 ET,,,,,1791066667000000000,2026-10-03 18:31:07.000000000 ET,,,,,,,,,10
5.0,cfb_20261003_una_eky,aec-cfb-nal-ekent-2026-10-03,vultr,outside coverage,1791066772,1791066773000000000,2026-10-03 18:32:53.000000000 ET,1,timeout,0.455,,0.535,1791066778000000000,2026-10-03 18:32:58.000000000 ET,,,,,1791066833000000000,2026-10-03 18:33:53.000000000 ET,,,,,,,,,10
5.0,cfb_20261003_una_eky,aec-cfb-nal-ekent-2026-10-03,vultr,outside coverage,1791067017,1791067018000000000,2026-10-03 18:36:58.000000000 ET,1,timeout,0.475,,0.535,1791067023000000000,2026-10-03 18:37:03.000000000 ET,,,,,1791067078000000000,2026-10-03 18:37:58.000000000 ET,,,,,,,,,10
5.0,cfb_20261003_una_eky,aec-cfb-nal-ekent-2026-10-03,vultr,outside coverage,1791067685,1791067686000000000,2026-10-03 18:48:06.000000000 ET,1,timeout,0.665,,0.535,1791067691000000000,2026-10-03 18:48:11.000000000 ET,,,,,1791067746000000000,2026-10-03 18:49:06.000000000 ET,,,,,,,,,10
5.0,cfb_20261003_una_eky,aec-cfb-nal-ekent-2026-10-03,vultr,outside coverage,1791067998,1791067999000000000,2026-10-03 18:53:19.000000000 ET,-1,timeout,0.5900000000000001,,0.535,1791068004000000000,2026-10-03 18:53:24.000000000 ET,,,,,1791068059000000000,2026-10-03 18:54:19.000000000 ET,,,,,,,,,10
5.0,cfb_20261003_una_eky,aec-cfb-nal-ekent-2026-10-03,vultr,outside coverage,1791068131,1791068132000000000,2026-10-03 18:55:32.000000000 ET,1,timeout,0.655,,0.535,1791068137000000000,2026-10-03 18:55:37.000000000 ET,,,,,1791068192000000000,2026-10-03 18:56:32.000000000 ET,,,,,,,,,10
5.0,cfb_20261003_una_eky,aec-cfb-nal-ekent-2026-10-03,vultr,outside coverage,1791068646,1791068647000000000,2026-10-03 19:04:07.000000000 ET,1,timeout,0.755,,0.535,1791068652000000000,2026-10-03 19:04:12.000000000 ET,,,,,1791068707000000000,2026-10-03 19:05:07.000000000 ET,,,,,,,,,10
5.0,cfb_20261003_una_eky,aec-cfb-nal-ekent-2026-10-03,vultr,outside coverage,1791068767,1791068768000000000,2026-10-03 19:06:08.000000000 ET,-1,timeout,0.7,,0.535,1791068773000000000,2026-10-03 19:06:13.000000000 ET,,,,,1791068828000000000,2026-10-03 19:07:08.000000000 ET,,,,,,,,,10
5.0,cfb_20261003_una_eky,aec-cfb-nal-ekent-2026-10-03,vultr,outside coverage,1791069188,1791069189000000000,2026-10-03 19:13:09.000000000 ET,1,timeout,0.795,,0.535,1791069194000000000,2026-10-03 19:13:14.000000000 ET,,,,,1791069249000000000,2026-10-03 19:14:09.000000000 ET,,,,,,,,,10
5.0,cfb_20261003_una_eky,aec-cfb-nal-ekent-2026-10-03,vultr,outside coverage,1791069653,1791069654000000000,2026-10-03 19:20:54.000000000 ET,1,timeout,0.855,,0.535,1791069659000000000,2026-10-03 19:20:59.000000000 ET,,,,,1791069714000000000,2026-10-03 19:21:54.000000000 ET,,,,,,,,,10
5.0,cfb_20261003_una_eky,aec-cfb-nal-ekent-2026-10-03,vultr,outside coverage,1791071695,1791071696000000000,2026-10-03 19:54:56.000000000 ET,-1,timeout,0.79,,0.535,1791071701000000000,2026-10-03 19:55:01.000000000 ET,,,,,1791071756000000000,2026-10-03 19:55:56.000000000 ET,,,,,,,,,10
5.0,cfb_20261003_una_eky,aec-cfb-nal-ekent-2026-10-03,vultr,outside coverage,1791071771,1791071772000000000,2026-10-03 19:56:12.000000000 ET,-1,timeout,0.745,,0.535,1791071777000000000,2026-10-03 19:56:17.000000000 ET,,,,,1791071832000000000,2026-10-03 19:57:12.000000000 ET,,,,,,,,,10
5.0,cfb_20261003_una_eky,aec-cfb-nal-ekent-2026-10-03,vultr,outside coverage,1791071832,1791071833000000000,2026-10-03 19:57:13.000000000 ET,-1,timeout,0.695,,0.535,1791071838000000000,2026-10-03 19:57:18.000000000 ET,,,,,1791071893000000000,2026-10-03 19:58:13.000000000 ET,,,,,,,,,10
5.0,cfb_20261003_una_eky,aec-cfb-nal-ekent-2026-10-03,vultr,outside coverage,1791071921,1791071922000000000,2026-10-03 19:58:42.000000000 ET,1,timeout,0.665,,0.535,1791071927000000000,2026-10-03 19:58:47.000000000 ET,,,,,1791071982000000000,2026-10-03 19:59:42.000000000 ET,,,,,,,,,10
5.0,cfb_20261003_una_eky,aec-cfb-nal-ekent-2026-10-03,vultr,outside coverage,1791072392,1791072393000000000,2026-10-03 20:06:33.000000000 ET,1,timeout,0.645,,0.535,1791072398000000000,2026-10-03 20:06:38.000000000 ET,,,,,1791072453000000000,2026-10-03 20:07:33.000000000 ET,,,,,,,,,10
5.0,cfb_20261003_una_eky,aec-cfb-nal-ekent-2026-10-03,vultr,outside coverage,1791072468,1791072469000000000,2026-10-03 20:07:49.000000000 ET,-1,timeout,0.625,,0.535,1791072474000000000,2026-10-03 20:07:54.000000000 ET,,,,,1791072529000000000,2026-10-03 20:08:49.000000000 ET,,,,,,,,,10
5.0,cfb_20261003_una_eky,aec-cfb-nal-ekent-2026-10-03,vultr,outside coverage,1791072560,1791072561000000000,2026-10-03 20:09:21.000000000 ET,-1,timeout,0.575,,0.535,1791072566000000000,2026-10-03 20:09:26.000000000 ET,,,,,1791072621000000000,2026-10-03 20:10:21.000000000 ET,,,,,,,,,10
5.0,cfb_20261003_una_eky,aec-cfb-nal-ekent-2026-10-03,vultr,outside coverage,1791072750,1791072751000000000,2026-10-03 20:12:31.000000000 ET,1,timeout,0.625,,0.535,1791072756000000000,2026-10-03 20:12:36.000000000 ET,,,,,1791072811000000000,2026-10-03 20:13:31.000000000 ET,,,,,,,,,10
5.0,cfb_20261003_una_eky,aec-cfb-nal-ekent-2026-10-03,vultr,outside coverage,1791073007,1791073008000000000,2026-10-03 20:16:48.000000000 ET,-1,timeout,0.645,,0.535,1791073013000000000,2026-10-03 20:16:53.000000000 ET,,,,,1791073068000000000,2026-10-03 20:17:48.000000000 ET,,,,,,,,,10
5.0,cfb_20261003_una_eky,aec-cfb-nal-ekent-2026-10-03,vultr,outside coverage,1791073311,1791073312000000000,2026-10-03 20:21:52.000000000 ET,1,timeout,0.745,,0.535,1791073317000000000,2026-10-03 20:21:57.000000000 ET,,,,,1791073372000000000,2026-10-03 20:22:52.000000000 ET,,,,,,,,,10
5.0,cfb_20261003_una_eky,aec-cfb-nal-ekent-2026-10-03,vultr,outside coverage,1791073424,1791073425000000000,2026-10-03 20:23:45.000000000 ET,-1,timeout,0.445,,0.535,1791073430000000000,2026-10-03 20:23:50.000000000 ET,,,,,1791073485000000000,2026-10-03 20:24:45.000000000 ET,,,,,,,,,10
5.0,cfb_20261003_una_eky,aec-cfb-nal-ekent-2026-10-03,vultr,outside coverage,1791073862,1791073863000000000,2026-10-03 20:31:03.000000000 ET,-1,timeout,0.365,,0.535,1791073868000000000,2026-10-03 20:31:08.000000000 ET,,,,,1791073923000000000,2026-10-03 20:32:03.000000000 ET,,,,,,,,,10
5.0,cfb_20261003_una_eky,aec-cfb-nal-ekent-2026-10-03,vultr,outside coverage,1791074103,1791074104000000000,2026-10-03 20:35:04.000000000 ET,1,timeout,0.445,,0.535,1791074109000000000,2026-10-03 20:35:09.000000000 ET,,,,,1791074164000000000,2026-10-03 20:36:04.000000000 ET,,,,,,,,,10
5.0,cfb_20261003_una_eky,aec-cfb-nal-ekent-2026-10-03,vultr,outside coverage,1791074472,1791074473000000000,2026-10-03 20:41:13.000000000 ET,-1,timeout,0.375,,0.535,1791074478000000000,2026-10-03 20:41:18.000000000 ET,,,,,1791074533000000000,2026-10-03 20:42:13.000000000 ET,,,,,,,,,10
5.0,cfb_20261003_una_eky,aec-cfb-nal-ekent-2026-10-03,vultr,outside coverage,1791074727,1791074728000000000,2026-10-03 20:45:28.000000000 ET,1,timeout,0.455,,0.535,1791074733000000000,2026-10-03 20:45:33.000000000 ET,,,,,1791074788000000000,2026-10-03 20:46:28.000000000 ET,,,,,,,,,10
5.0,cfb_20261003_una_eky,aec-cfb-nal-ekent-2026-10-03,vultr,outside coverage,1791074827,1791074828000000000,2026-10-03 20:47:08.000000000 ET,1,timeout,0.515,,0.535,1791074833000000000,2026-10-03 20:47:13.000000000 ET,,,,,1791074888000000000,2026-10-03 20:48:08.000000000 ET,,,,,,,,,10
5.0,cfb_20261003_una_eky,aec-cfb-nal-ekent-2026-10-03,vultr,outside coverage,1791075004,1791075005000000000,2026-10-03 20:50:05.000000000 ET,-1,timeout,0.445,,0.535,1791075010000000000,2026-10-03 20:50:10.000000000 ET,,,,,1791075065000000000,2026-10-03 20:51:05.000000000 ET,,,,,,,,,10
5.0,cfb_20261003_una_eky,aec-cfb-nal-ekent-2026-10-03,vultr,outside coverage,1791075084,1791075085000000000,2026-10-03 20:51:25.000000000 ET,1,timeout,0.485,,0.535,1791075090000000000,2026-10-03 20:51:30.000000000 ET,,,,,1791075145000000000,2026-10-03 20:52:25.000000000 ET,,,,,,,,,10
5.0,cfb_20261003_una_eky,aec-cfb-nal-ekent-2026-10-03,vultr,outside coverage,1791075219,1791075220000000000,2026-10-03 20:53:40.000000000 ET,1,timeout,0.46499999999999997,,0.535,1791075225000000000,2026-10-03 20:53:45.000000000 ET,,,,,1791075280000000000,2026-10-03 20:54:40.000000000 ET,,,,,,,,,10
5.0,cfb_20261003_una_eky,aec-cfb-nal-ekent-2026-10-03,vultr,outside coverage,1791075406,1791075407000000000,2026-10-03 20:56:47.000000000 ET,1,timeout,0.505,,0.535,1791075412000000000,2026-10-03 20:56:52.000000000 ET,,,,,1791075467000000000,2026-10-03 20:57:47.000000000 ET,,,,,,,,,10
5.0,cfb_20261003_una_eky,aec-cfb-nal-ekent-2026-10-03,vultr,outside coverage,1791075489,1791075490000000000,2026-10-03 20:58:10.000000000 ET,1,timeout,0.46499999999999997,,0.535,1791075495000000000,2026-10-03 20:58:15.000000000 ET,,,,,1791075550000000000,2026-10-03 20:59:10.000000000 ET,,,,,,,,,10
5.0,cfb_20261003_una_eky,aec-cfb-nal-ekent-2026-10-03,vultr,outside coverage,1791075576,1791075577000000000,2026-10-03 20:59:37.000000000 ET,-1,timeout,0.365,,0.535,1791075582000000000,2026-10-03 20:59:42.000000000 ET,,,,,1791075637000000000,2026-10-03 21:00:37.000000000 ET,,,,,,,,,10
5.0,cfb_20261003_una_eky,aec-cfb-nal-ekent-2026-10-03,vultr,outside coverage,1791075876,1791075877000000000,2026-10-03 21:04:37.000000000 ET,-1,timeout,0.305,,0.535,1791075882000000000,2026-10-03 21:04:42.000000000 ET,,,,,1791075937000000000,2026-10-03 21:05:37.000000000 ET,,,,,,,,,10
5.0,cfb_20261003_una_eky,aec-cfb-nal-ekent-2026-10-03,vultr,outside coverage,1791076046,1791076047000000000,2026-10-03 21:07:27.000000000 ET,-1,timeout,0.14500000000000002,,0.535,1791076052000000000,2026-10-03 21:07:32.000000000 ET,,,,,1791076107000000000,2026-10-03 21:08:27.000000000 ET,,,,,,,,,10
5.0,cfb_20261003_una_eky,aec-cfb-nal-ekent-2026-10-03,vultr,outside coverage,1791076223,1791076224000000000,2026-10-03 21:10:24.000000000 ET,1,timeout,0.165,,0.535,1791076229000000000,2026-10-03 21:10:29.000000000 ET,,,,,1791076284000000000,2026-10-03 21:11:24.000000000 ET,,,,,,,,,10
5.0,cfb_20261003_una_eky,aec-cfb-nal-ekent-2026-10-03,vultr,outside coverage,1791076548,1791076549000000000,2026-10-03 21:15:49.000000000 ET,1,timeout,0.3,,0.535,1791076554000000000,2026-10-03 21:15:54.000000000 ET,,,,,1791076609000000000,2026-10-03 21:16:49.000000000 ET,,,,,,,,,10
