game_id,league,week,ingame_n_k_changes,ingame_n_pm_changes,ingame_lag_s,ingame_lag_corr,ingame_pmflow_to_dk_0s,ingame_kflow_to_dpm_0s,ingame_pmflow_to_dk_5s,ingame_kflow_to_dpm_5s,ingame_pmflow_to_dk_10s,ingame_kflow_to_dpm_10s,ingame_pmflow_to_dk_30s,ingame_kflow_to_dpm_30s,ingame_pmflow_to_dk_60s,ingame_kflow_to_dpm_60s,ingame_gg_pm,ingame_alpha_pm,ingame_alpha_k,ingame_is_pm_hi,ingame_is_pm_lo,ingame_is_pm,pregame_n_k_changes,pregame_n_pm_changes,pregame_lag_s,pregame_lag_corr,pregame_pmflow_to_dk_0s,pregame_kflow_to_dpm_0s,pregame_pmflow_to_dk_5s,pregame_kflow_to_dpm_5s,pregame_pmflow_to_dk_10s,pregame_kflow_to_dpm_10s,pregame_pmflow_to_dk_30s,pregame_kflow_to_dpm_30s,pregame_pmflow_to_dk_60s,pregame_kflow_to_dpm_60s,pregame_gg_pm,pregame_alpha_pm,pregame_alpha_k,pregame_is_pm_hi,pregame_is_pm_lo,pregame_is_pm,early_n_k_changes,early_n_pm_changes,early_lag_s,early_lag_corr,early_pmflow_to_dk_0s,early_kflow_to_dpm_0s,early_pmflow_to_dk_5s,early_kflow_to_dpm_5s,early_pmflow_to_dk_10s,early_kflow_to_dpm_10s,early_pmflow_to_dk_30s,early_kflow_to_dpm_30s,early_pmflow_to_dk_60s,early_kflow_to_dpm_60s,early_gg_pm,early_alpha_pm,early_alpha_k,early_is_pm_hi,early_is_pm_lo,early_is_pm,late_n_k_changes,late_n_pm_changes,late_lag_s,late_lag_corr,late_pmflow_to_dk_0s,late_kflow_to_dpm_0s,late_pmflow_to_dk_5s,late_kflow_to_dpm_5s,late_pmflow_to_dk_10s,late_kflow_to_dpm_10s,late_pmflow_to_dk_30s,late_kflow_to_dpm_30s,late_pmflow_to_dk_60s,late_kflow_to_dpm_60s,late_gg_pm,late_alpha_pm,late_alpha_k,late_is_pm_hi,late_is_pm_lo,late_is_pm,wf_league_is
nfl_20250905_dal_phi,NFL,5,1403.0,511.0,-10.0,0.11300787952770747,0.030845724374660547,-0.04893970865392737,0.005776610059880565,0.07778899466949948,0.005693868420669046,0.09338236133419339,0.020894450195191747,0.0020759487871902806,0.020471947157636203,0.0004465061455523288,0.16289238645981546,-0.2442233906818119,0.04752331754483379,0.06684672718894874,0.026625610510635802,0.04673616884979227,636.0,67.0,5.0,0.043223515894509956,0.0046570473842866686,0.027717138186696844,-0.004663902277522869,0.0039496849191301905,6.869965810875849e-05,-0.035898072100687954,-0.001328307657868356,-0.00016316050672436476,0.04126735475686609,-0.004147626955933099,0.7696755293726022,-0.049712926347575855,0.1661257390454636,0.6394531733339496,0.634895059467222,0.6371741164005857,383.0,177.0,-10.0,0.1372315851895044,0.021758761795739302,-0.03491650117052697,0.01190759804099355,-0.08637725283870779,0.01379265921021778,0.02754275828440111,0.01790162995708271,0.013100145094337896,0.006703220043712935,0.0047746578603743576,0.2263178489700878,-0.2694771242807862,0.07882756896057001,0.138808491536689,0.05341811504453287,0.09611330329061094,1020.0,334.0,-10.0,0.10525285251460656,0.03722780145434338,-0.05259038008191425,0.002690054349767382,0.11597569718994859,0.0015702895644971874,0.10920248864975396,0.023021076891385116,-0.00041658859720043804,0.02834737015943654,-0.00041440197692998044,0.14208009727044846,-0.2427942621070205,0.04020915270425511,0.049698817114934596,0.019780665433389674,0.034739741274162135,
nfl_20250906_kc_lac,NFL,5,1160.0,513.0,-10.0,0.1415743520481393,0.011856956039600427,-0.047876393906610075,-0.004690481483246235,0.006928106893436101,0.0278400074201375,-0.0022914089581445364,-0.011954010728666763,0.0038376838217033544,0.001262830563361359,0.02778160757781821,0.18744272185560742,-0.16235842801366535,0.037453243582504916,0.11131915081731159,0.04551354331227306,0.07841634706479232,531.0,46.0,,,,,,,,,,,,,,,,,,,378.0,185.0,10.0,0.10085748623269594,0.0047710916955128,0.0031195891854441746,-0.03545703009083617,0.056543859924655174,0.06002995506279544,-0.02347583037072723,-0.011620783239588074,-0.01943011193947756,-0.02607603653183226,-0.0003104087501236496,0.2674942493758423,-0.22567012431499509,0.08240953802581902,0.14762209978683272,0.10494387768765806,0.1262829887372454,782.0,328.0,-10.0,0.17590819404746885,0.014136009955127989,-0.06510945870062063,0.002819333587133936,-0.00931408295596577,0.020825847605301935,0.005888770539521955,-0.012179019877197392,0.0126806015640666,0.00788032289974721,0.03787745261116072,0.1427790129963501,-0.18631763629084983,0.031033127532734107,0.09026315584356637,0.02408671976052041,0.057174937802043385,
nfl_20250908_bal_buf,NFL,5,1297.0,637.0,-10.0,0.24152065750108562,0.013057585052882825,-0.046120110579090906,0.001531631956755453,-0.05846500442870656,-0.01118058143648127,-0.00967018337809711,0.015686472653695514,0.03432954698687209,0.015578863623156167,0.023330582128649524,0.21076199251396704,-0.25287863368456104,0.06752995192075929,0.09976096921086802,0.03227325668845561,0.06601711294966181,571.0,123.0,-40.0,0.054393722914912075,-0.004508529691444937,-0.0005569374152409516,0.04236933954383011,-0.023950406090516182,-0.02293604890113058,-0.011173182893605518,0.009285089076035988,0.003969320761309444,0.04634934488088501,-0.007860637495344623,0.7565949149207479,-0.07788123822623194,0.24208429659763595,0.6852214625327006,0.595707194130169,0.6404643283314349,413.0,217.0,-10.0,0.19057293112572682,-0.005417681035860882,-0.04232396766211644,0.03799059221753421,-0.02673985441945099,0.00894077551395374,0.15466187668659523,-0.06112979222429848,0.039719835775086386,-0.03399017913223609,0.010594427414866804,0.2855870630153587,-0.20877362058743174,0.08345739844843998,0.13853370800759324,0.055615223100378655,0.09707446555398594,884.0,420.0,-10.0,0.2565558888745226,0.017977453494087494,-0.041006277776886486,-0.010015509079415886,-0.06116451125639755,-0.017898472989643307,-0.047762737960920176,0.038223209485593906,0.03947487113153409,0.029714496991131243,0.03397901453732104,0.1908464027689244,-0.26445292786760416,0.06237368301636439,0.09196170934412017,0.02751840711436108,0.059740058229240625,
nfl_20250907_ten_den,NFL,5,1196.0,316.0,-20.0,0.09377897805700952,0.003710964193523016,-0.0011433013565652597,0.014975649440356118,0.03984699162815394,0.02109605921068019,0.06164403846952016,0.019454910271631598,0.009116300408164852,0.010533307931813767,0.01130144147104006,0.2899023192451746,-0.1272036763687799,0.051931785999670466,0.14811544607094784,0.06949368362269005,0.10880456484681894,274.0,33.0,,,,,,,,,,,,,,,,,,,418.0,106.0,-40.0,0.06532277368412864,0.052883951895281625,0.03417870173928674,0.04730277231518212,0.06700523011120214,0.030653914131526936,0.10418072375779325,0.032784122594326705,0.04548287461370301,-0.019088974602215265,0.006204121146749062,0.35755086475585274,-0.10761179900844131,0.0598906429826216,0.16465550674032448,0.11767138357744074,0.1411634451588826,778.0,210.0,-20.0,0.11280857888839711,-0.024524661484192332,-0.017731054638380764,-0.0035417357273751014,0.02744227205645598,0.015499257330140058,0.04208767763197299,0.011831221791920823,-0.007611098656731013,0.02670057862496764,0.014066535988622167,0.2518057882526474,-0.14181008487749233,0.04772637858472197,0.13636758047600928,0.049363128749113507,0.09286535461256139,
nfl_20250907_lv_ne,NFL,5,996.0,211.0,-5.0,0.09281414271652906,0.008151989015698769,0.04175735206469326,-0.021226414115876294,-0.047565670276826115,0.03258418831918462,0.030339084199051566,0.010052645932466039,-0.011501048371633316,0.026916532901304333,-0.027617462353637396,0.2765723398692252,-0.10411849233366617,0.03980535530418135,0.08640714802923351,0.05136037657621086,0.06888376230272218,392.0,40.0,,,,,,,,,,,,,,,,,,,407.0,104.0,-5.0,0.07980814744150935,0.002671006177526847,0.027466409758234306,-0.01978790720444182,-0.015375793197722185,0.027509314646186576,0.013501642371737508,0.04223864653977314,0.0008643388478062776,0.025229014522097748,0.02525592297760103,0.3805884659313549,-0.12975716224445585,0.07972741320756628,0.19847176948222522,0.12755380068733108,0.16301278508477815,589.0,107.0,-5.0,0.10493403820202776,0.01223004800527339,0.05454789270032889,-0.02245562401699134,-0.06780231174100308,0.03705554416928828,0.04282430665982251,-0.010401105962502896,-0.01791163520845809,0.02945532545862251,-0.05494483899349472,0.04467602800813782,-0.10325002694756709,0.004828520199417529,0.0049079748901669756,0.0007537696706052554,0.0028308722803861153,
nfl_20250907_mia_ind,NFL,5,566.0,117.0,-50.0,0.06170362916044238,0.004420549605109098,-0.03942506962136548,-0.003957252177249174,0.07824437549172462,0.0014895419013191496,-0.059154796502166464,0.011714752540225904,0.0189851870663224,0.01780108824572656,0.007207194653929796,0.1630267510602543,-0.06355202290324236,0.012378746668841674,0.030384059040413542,0.015932406075181437,0.02315823255779749,372.0,40.0,,,,,,,,,,,,,,,,,,,397.0,65.0,-50.0,0.07976599874345065,0.010424436302911726,-0.047029448988859565,-0.035493518779908646,0.0875549247488573,0.0036756087852995952,-0.06362710229936969,0.02797407542318098,0.02264238616104865,0.07648770321969584,0.010044099494079337,0.30525790500677447,-0.07947073384955994,0.03491809392160724,0.10285812956658377,0.07113046388156923,0.08699429672407649,169.0,52.0,50.0,0.08296108866557121,0.006743064876662134,0.047242594750061456,0.003530127712768652,0.03534703998249959,0.001921699982577992,-0.014959800525990294,0.01877952079614956,0.010120158872072777,0.015430544769242412,0.006048957636634001,0.3069699712081711,-0.04334110303503085,0.019197461290368062,0.11573431805186098,0.10241999091427903,0.10907715448307001,
nfl_20250907_tb_atl,NFL,5,1374.0,356.0,-5.0,0.2536617227084945,0.01623050001522481,0.0036876536750709075,0.024830211370767945,0.01965530576159934,0.017749725496394572,0.02663597453926837,0.007571863550425996,0.0033718492351015312,0.003632706148155221,-0.00022622727233891058,0.13106064843132226,-0.2999508376040562,0.04524107603475108,0.02645524885710644,0.01637988598611753,0.021417567421611987,410.0,49.0,,,,,,,,,,,,,,,,,,,387.0,82.0,5.0,0.12114706151977472,0.025825312516826383,-0.07181567768379046,0.10029725356415398,-0.012719924943766283,0.02633813353861355,0.038178748153763535,-0.028621056566277878,-0.0013746054780328374,-0.05139002785655642,0.016119188881070348,0.5195818325537968,-0.08499366816635538,0.09192234776652017,0.38443427039513955,0.27076576953415854,0.32760001996464905,987.0,274.0,-5.0,0.2658317308961931,0.015171366516709946,0.010386434478416029,0.011299016707806175,0.023381423320251532,0.016954401929843193,0.026896320110092804,0.015014741519435522,0.003821163878049172,0.014534695780685211,-0.0017813911294118706,0.10384349664524169,-0.3449237538167228,0.03996856412718777,0.014659623123509113,0.01001120713164811,0.012335415127578611,
nfl_20250907_cin_cle,NFL,5,1141.0,312.0,-10.0,0.16098967796083627,0.013547181949274659,0.05071279784745384,-0.005926727694543667,-0.031732662534727826,-0.006191401219283615,-0.008719721743168853,0.0039466091452927225,-0.005970025382481975,-0.006234880593624821,-0.0369342813438769,0.27736526187200095,-0.19118998210149737,0.07338349051729642,0.17656508702862406,0.05928097724583537,0.11792303213722971,354.0,68.0,-5.0,0.07532057587357371,0.04122228432411664,0.10599914126308836,0.0021224859334386895,0.007729852461145584,-0.006008207634149647,-0.002053439139201344,0.0426905923713657,-0.0018856182480983948,-0.0046575144203559295,-0.009628851838645994,0.733892510159523,-0.028062357787625822,0.07739261382722167,0.6028430541382427,0.5843444465463798,0.5935937503423112,408.0,95.0,50.0,0.0927456113092284,0.005953833807279603,0.023779770737828984,0.005378150032294826,-0.10748717367123672,-0.018445647298710174,0.01861087665566148,-0.0103546147943669,0.025659435057897917,-0.0009596411539470131,0.028160709190757735,0.6763357823572657,-0.10401771539475736,0.21735767837698716,0.5015258404650691,0.4048917554418342,0.45320879795345165,733.0,217.0,-10.0,0.2168237077901987,0.01700780735922076,0.054187976844287014,-0.009359550586000997,-0.022489981686163365,-0.0035938550893681765,-0.012212410114104648,0.00812047368243664,-0.009695975362668164,-0.008224429190758335,-0.04460305607223413,0.11419782427339684,-0.23638404349283174,0.030474686334662014,0.09031393420527688,0.010018248202291918,0.050166091203784395,
nfl_20250907_nyg_was,NFL,5,908.0,122.0,-20.0,0.05913274997326965,-0.0064369290734263875,-0.00840098065156137,-0.01847812741509408,-0.01785435860194264,0.016039759371929536,-0.01955707617286803,0.01055417124943369,0.021626137236515262,0.01051392784396936,0.024702703336187896,0.2895600144930412,-0.06443307220265371,0.02626153046202497,0.05463369241865241,0.05287684410962668,0.053755268264139545,449.0,31.0,,,,,,,,,,,,,,,,,,,396.0,47.0,,,,,,,,,,,,,,,,,,,512.0,75.0,-5.0,0.06347487829302426,-0.015194867804954892,0.003555078423500531,-0.006729040404386512,0.011182023674990422,0.013295651437469478,0.0010737985498919858,0.006212603612904132,-0.07907691220457905,0.019897404146178257,0.10106138716715987,0.22059672735763172,-0.060765864627116466,0.017198735676786904,0.03404747311335437,0.032670785694216574,0.03335912940378547,
nfl_20250907_ari_no,NFL,5,1000.0,212.0,-50.0,0.06978021045671447,0.004908226058962953,0.0061645283277579664,-0.002680906220860257,-0.01798418961683491,0.024602956972769895,-0.004792033957266206,0.020325577696042915,-0.0024483211431409187,0.0035906589734762333,-0.016332922667675272,0.33315405212235016,-0.06781516699731828,0.033880235386322996,0.1461128892916338,0.09352424137167534,0.11981856533165457,425.0,35.0,,,,,,,,,,,,,,,,,,,412.0,80.0,-40.0,0.09378775568033118,-0.016741220964181406,-0.08400365314938635,0.019410913054587753,-0.013286099739823528,0.03099432020402463,0.008805100667774523,-0.011293583242765474,-0.0018490183454991766,0.002108116904504491,-0.02317558156949445,0.20289061145290693,-0.06509390131084102,0.016568543324880745,0.05007618261948783,0.026425836431785928,0.038251009525636884,588.0,132.0,0.0,0.06948029491586977,0.01883786196324937,0.05863263544081087,-0.01669423352044574,-0.02262561897917239,0.022601218732879527,-0.013131271102285248,0.041731085279973094,-0.0030763527939422657,0.004810881191320082,-0.013968826879842041,0.47524873260588185,-0.07358820035852558,0.06664624009163277,0.34723070154766866,0.2525886531561338,0.2999096773519012,
nfl_20250907_det_gb,NFL,5,875.0,241.0,-5.0,0.08696612291179866,4.73025008296131e-05,0.0073749781951489264,0.00389754837044002,0.0215517562904072,-0.007696929594636046,0.024434587808027073,0.0008737478735169381,-0.029860867958025474,0.0014458984309035485,-0.004039416484876546,0.3520794736395783,-0.14453904284405472,0.0785423953316689,0.14620398378897478,0.08541668901651177,0.11581033640274327,417.0,39.0,,,,,,,,,,,,,,,,,,,445.0,115.0,-5.0,0.1220415469010571,-0.0009368736950135523,0.03259260255514506,0.019747863656708834,0.025257008437549952,-0.03554702218509646,0.04660825501588133,0.002665139661000839,-0.05393689377366479,0.006955729644789264,-0.0025788116043033438,0.4103975879427717,-0.17179512363642815,0.11957940286356399,0.20794105890379283,0.10811893031646842,0.15802999461013062,430.0,126.0,-25.0,0.05852746049033259,0.0004295921083705889,-0.022954432174530484,0.0010352007668440425,0.01894682232880608,-0.002851274831896535,-0.001278169992379561,0.000800181874094747,0.002667593665076092,0.0005172624120729442,-0.0042442432840443835,0.2835455835868872,-0.12200246910950728,0.048283966865450514,0.08538504321305407,0.0631625610471394,0.07427380213009674,
nfl_20250907_car_jac,NFL,5,741.0,112.0,-10.0,0.08472665502643596,-0.006188721860244035,-0.0028111964970532507,-0.005105187568131015,0.058183689620083114,-0.007591548585805006,0.0068145905106105735,-0.008964053378157711,0.0072367079862968526,-0.008726925772847591,0.021995115586844794,0.670948407929288,-0.0521723567693391,0.10638137166278908,0.4486259231459388,0.39046243217111487,0.4195441776585268,362.0,26.0,,,,,,,,,,,,,,,,,,,287.0,42.0,,,,,,,,,,,,,,,,,,,454.0,70.0,-10.0,0.07240300681248651,-0.0134797332039598,0.01325617381033476,0.006423550473355626,0.020878298242191982,-0.0007890858860206048,0.026092759158608328,-0.010447372466573259,0.03823788897877984,-0.01852730623392885,0.0060527045327842975,0.557281072058497,-0.05693382481689056,0.07166656071804484,0.3174584680380245,0.2557794888766542,0.28661897845733936,
nfl_20250907_pit_nyj,NFL,5,1249.0,351.0,-10.0,0.1798102890281115,0.006359325431196074,-0.030642464609303966,0.0069029498691298395,0.0109490967579559,0.012269032901851263,0.003276414029948899,-0.004265661979429706,0.025326332189045918,0.040659802565060146,-0.0608298708230998,0.179182530534869,-0.2456092538926276,0.0536159246999697,0.060373074132935585,0.030938409877823692,0.04565574200537964,408.0,45.0,,,,,,,,,,,,,,,,,,,453.0,108.0,-60.0,0.11854390807022504,-0.0004659015967731175,0.05682701596403408,0.02062348477955698,-0.02881897426942333,0.01591596772454492,0.030727880963303315,0.0045484067271034405,-0.01179474689779149,0.0023926199379476383,0.02470582788504996,0.1630128257419445,-0.13793409154668781,0.026864242034658918,0.016161234968949036,0.013622931299371751,0.014892083134160393,796.0,243.0,-10.0,0.2144481253296332,0.010784361854935974,-0.0490612115859416,-0.0021567958215779424,0.019263909426650433,0.010157997893584224,-0.002335536971451315,-0.011862119821750111,0.032938477675763286,0.06257186386529538,-0.07912644200073196,0.18691939873587035,-0.3008435349649991,0.06916103099963633,0.07290600887580255,0.03863394865674306,0.05576997876627281,
nfl_20250907_hou_la,NFL,5,1106.0,257.0,-15.0,0.17377276460834665,0.002568200885247925,0.013588394613707963,0.013585126604398187,0.010256935607946197,-0.013626736980893952,0.0025659191542470876,0.00445694784366106,-0.016881695994552578,0.0008512356713254594,0.005474189801375826,0.3189586371407109,-0.1512814038983326,0.07085107167288915,0.13959242327669089,0.10659490438952403,0.12309366383310746,246.0,50.0,20.0,0.07962829796580873,-0.027824012051025603,0.004660916471103836,-0.028768890342449702,7.313880960881216e-05,0.016795131031487654,-0.006304349713046785,0.004819394816986581,0.0332532660177699,0.009857472982697674,-0.010988094700634934,0.8658514835013065,-0.021321898271629326,0.1376205844940075,0.8363993529252846,0.7999839952106746,0.8181916740679795,443.0,87.0,-60.0,0.1254750770900292,0.017436168658357686,0.02594539403948778,-0.018798759663734028,0.03496841338352557,-0.029838254580679343,-0.011485549175574393,-0.025396842105007485,-0.02967638473336614,0.0251542630256394,0.029174884878764337,0.28462159719504293,-0.10542044643222091,0.04194274767438544,0.08578558893242479,0.05773536501540985,0.07176047697391733,663.0,170.0,5.0,0.21596691874568502,-0.006764133389604464,0.008573381971390523,0.033983005110120396,-0.0026320629497680547,-0.004564766163707381,0.011241772336259519,0.022991544485482907,-0.012313951004263878,-0.014783749311247032,-0.007613411444459069,0.31302070240245067,-0.1898453556950901,0.08650264541499071,0.1505375489454377,0.11178313136633326,0.13116034015588549,
nfl_20250907_sf_sea,NFL,5,1202.0,401.0,-15.0,0.24677906216539752,-0.0031993460761366582,-0.014734845021361897,0.009207948446336914,0.008071650545144882,-0.008501445053182925,0.007363870383781186,0.032126727337192386,0.0226464746469006,0.013329625165591856,-0.0007472052867684019,0.038438195765710136,-0.23369577991352192,0.009341931114962992,0.0062072551706623446,0.0009415010101455822,0.0035743780904039634,354.0,47.0,,,,,,,,,,,,,,,,,,,466.0,132.0,-25.0,0.18948915033226768,-0.005403498398559679,-0.00832411301242034,0.02434009327592673,0.02908127857123568,-0.001932596600477481,0.009680318258256874,0.05209334627315899,0.10097425203747984,-0.016424331644407004,-0.0025522758118172967,0.1892530967342776,-0.1394519962313096,0.0325523563842738,0.05493083921543532,0.01813426771239687,0.036532553463916095,736.0,269.0,-15.0,0.3036733175585122,-0.0026972897619397837,-0.024850041190999893,-0.00042401103660314675,0.0011010823706607983,-0.014335798620528355,0.00981118894889155,0.021830733949562725,-0.004396013769314019,0.031272066712806586,-0.0014069690578612326,0.029122668417261865,-0.2623996713683814,0.007871003239515456,0.0016850397831902264,0.0005807670610498668,0.0011329034221200466,
nfl_20250909_min_chi,NFL,6,1238.0,609.0,-5.0,0.13144578026621925,-4.075676902693744e-05,-0.02466739683607816,0.0020074428624909765,-0.02603168032024663,0.005367343430538303,-0.01836437756539603,0.0022323526424176568,0.010755352454852632,-0.005301982171018267,-0.0032982145999229774,0.04586628544557578,-0.19657812989498913,0.00944973275819272,0.022835371037392978,0.0014746129072723967,0.012154991972332687,636.0,97.0,-40.0,0.05398639733774661,0.028769424463747504,0.0189741142527407,0.0005988037964985768,-0.007025583507420514,-0.03221775253446148,-0.02419593496504073,0.028137795247536814,0.012863609568666442,0.03886126872821754,-0.019838439650554845,0.8497238380941801,-0.04575918287138864,0.2587414264805225,0.7978645029849264,0.7634965486774483,0.7806805258311873,388.0,219.0,-20.0,0.11232862173953943,0.01076239433305901,0.02954194402939937,-0.015359168736130212,-0.052239474563343664,0.019152371805282963,0.07878573944931014,0.005343450847069577,0.10093023641786157,-0.03394345639612798,-0.016496166908480225,0.09043474750631496,-0.19372698869130778,0.019261566181672917,0.02401435062264924,0.007074958685307167,0.015544654653978205,850.0,390.0,-5.0,0.14378465296742948,-0.0006507054779350862,-0.03779021764469692,0.004162769577451237,-0.018836088080961332,0.004834828996566663,-0.04210430394550118,0.0024673047197028056,-0.010828605406288062,-0.0026477283008712743,0.000850439963482051,0.0,-0.25895576493323647,-0.0002510428367669309,0.015712117939558956,5.604773979235012e-07,0.00785633920847844,0.09417392798109216
cfb_20250911_ncst_wake,CFB,6,1361.0,256.0,-55.0,0.07044539615338104,0.015700802340723453,0.045508261437861075,-0.019086323832889846,0.0063972636730275055,0.0481483432380048,0.028358576112548644,0.005090492590669704,0.01835971458392251,-0.008760449669213088,0.001974393609074663,0.06493271873174156,-0.10559387555987212,0.007332624677257483,0.01866315428164794,0.0026376888352941568,0.010650421558471047,317.0,7.0,,,,,,,,,,,,,,,,,,,448.0,89.0,-55.0,0.15451542911234498,0.003438235658120143,0.04023847692616882,-0.03593964200509197,-0.016787386844342327,0.0561965977183632,-7.289840544590594e-06,0.020591647509151538,-0.009575898717469597,-0.028228233846443955,-0.010041546553807741,0.0,-0.1003957522390164,-0.00875620930498614,0.0045598949666121324,0.001630447756329672,0.003095171361470902,913.0,167.0,-20.0,0.061009384984614744,0.023588138077968876,0.050871191676313904,-0.009342348562865947,0.012031966901698884,0.045079537818164046,0.05340188292508365,-0.003310198781924158,0.04461080469399561,0.0025196651057965546,0.01389290212670497,0.19317310681543845,-0.10921380494317948,0.026148322752032133,0.052466560887640484,0.02817860414197739,0.04032258251480894,
nfl_20250912_was_gb,NFL,6,966.0,369.0,-5.0,0.08239970437189972,0.029459769259572097,-0.0016381274573521825,0.022772101681476163,0.03871310048237541,-0.0318702320448133,0.00636639353627771,-0.02887039359438735,0.03326724987069007,0.036688514038131816,0.04261032089725243,0.15238909227237155,-0.18932313521297278,0.03403776480249745,0.06955229513618759,0.016076578047404106,0.042814436591795846,703.0,69.0,20.0,0.06820593561105016,-0.006616543754593294,0.009938239576626462,-0.002733344406417311,0.016841047473165293,-0.0217477564559789,-0.013358291130169401,0.004584647367115552,-0.007742545086856532,0.0016960171744925278,-0.015012272680155096,0.896606725139206,-0.05000511122989796,0.4336347705440718,0.8146467626242719,0.8025000028850567,0.8085733827546644,370.0,148.0,0.0,0.10006240545493585,0.07885121213134982,0.01187743540675848,0.008414523841122254,0.08663732490282007,0.0003314997207271284,0.0010216571716336203,-0.05181943670798288,0.06480717345611209,0.022964274019457363,-0.01655765198237724,0.0,-0.2001941683621072,-0.01250020965533916,0.020603138267833682,0.0016215234512140454,0.011112330859523864,596.0,221.0,-45.0,0.08029876783230028,-0.001131185041933663,-0.007025238306491736,0.03244425308858561,0.01713202536294347,-0.05310574882756401,0.010701558325803578,-0.020184927180946163,0.019972925465419913,0.0362270368604187,0.07490548592136816,0.29620604577107956,-0.18708275073080835,0.07873759286077164,0.16842120282172235,0.09593785465687184,0.1321795287392971,0.09417392798109216
cfb_20250912_colo_hou,CFB,6,1150.0,237.0,-5.0,0.07123091157937698,-0.027755292701548348,-0.026165442001475674,0.00488382879171168,0.01926888466315556,0.011922184213806445,-0.002569531602238791,-0.0019628295814672013,0.03546943474775109,0.02087392862400649,-0.02725348689393433,0.19328180982704682,-0.10029787789904038,0.02403039326283513,0.05840497968585546,0.03967957475829397,0.049042277222074715,531.0,48.0,,,,,,,,,,,,,,,,,,,394.0,77.0,-5.0,0.1139986163550689,-0.02790521205283261,-0.047415971994816744,-0.008772434764454076,0.003645930678970416,0.01707408399830751,0.0006147242135420999,0.01250089737092992,0.059144366595104435,0.0022358665045649232,-0.04188739582575886,0.1331432033595515,-0.09726781725052919,0.014939663416976674,0.042045967895632155,0.012942696939628637,0.027494332417630395,756.0,160.0,-35.0,0.05865807975233162,-0.030487762979047518,-0.013675514753697923,0.007595872787003208,0.031079739191598166,0.012192474887462406,-0.005022212917766658,-0.004553756940591321,0.022140369862796872,0.02588733398950113,-0.021436198444604954,0.2163095688036494,-0.10128695225410017,0.027956621767187217,0.07013865649193722,0.058439420905764344,0.06428903869885078,
cfb_20250913_unm_ucla,CFB,6,1210.0,252.0,-5.0,0.06122957214286887,0.04043642281221718,0.014750519831089241,-0.011385233270245272,0.024464940174633354,-0.0009301627690598024,0.026081671712275663,-0.04158339244835343,0.03270975474422664,-0.010458268563799463,-0.011741168304438764,0.11329225571234293,-0.13332459240961897,0.017034523396599936,0.035244060227560096,0.008287418042099197,0.021765739134829647,148.0,5.0,,,,,,,,,,,,,,,,,,,441.0,89.0,-5.0,0.10710299500483306,0.020293182455953702,0.008163302862293335,0.024273574605431544,0.04915801038321305,0.01450567707796083,0.07581470072239682,-0.04713206036676012,-0.014554057294543251,-0.010492636286778918,0.05131311491213099,0.03480343986686176,-0.1278300738009591,0.004609347432915115,0.000908790485925454,0.0007055516531968949,0.0008071710695611745,769.0,163.0,-10.0,0.12325614260445626,0.057533955045486064,0.01917174237778274,-0.04044903109470388,0.010938558227228496,-0.013248648667307794,-0.0018047655001791826,-0.03687510155684812,0.06188458151404054,-0.010051662850407346,-0.05003464270891626,0.18909797588165264,-0.1434181780408735,0.033444345143483836,0.11304219917818893,0.024537309037123787,0.06878975410765636,
cfb_20250913_ksu_ariz,CFB,6,1507.0,299.0,-20.0,0.10642740969235648,0.06326703740510586,0.006967406916459484,0.03444031282712706,0.014633712749664332,0.021053734710335212,-0.01284812139257396,-0.012192925307222683,0.04763421909985559,0.01917918949861346,0.024112970765915315,0.11220681982254123,-0.10689049492723536,0.013509725883054359,0.04371468375686282,0.010366291668284826,0.02704048771257382,409.0,30.0,,,,,,,,,,,,,,,,,,,449.0,75.0,-30.0,0.07441259967503006,0.04098054590346744,0.03590556101264567,0.02961877591461062,0.039015775198760885,0.04606621685321084,0.0014021855393450318,-0.010078291500063959,0.09200574284126753,-0.022029459037431805,0.011918219682958123,0.0,-0.11938993577515224,-0.003283975469855334,0.0004789105114064359,3.6499269727085445e-05,0.0002577048905667607,1058.0,224.0,-20.0,0.13584473669365468,0.07118363104755365,-0.003472698531015895,0.03635590450010287,0.005813460857564983,0.01343132741440107,-0.01808710303230016,-0.013351263078165743,0.03191616439008351,0.031995959208267935,0.02850208405503908,0.1491473665059714,-0.10339052357326013,0.018123496015169268,0.0736511004771497,0.02009363972182636,0.04687237009948803,
cfb_20250913_ohio_osu,CFB,6,267.0,12.0,,,,,,,,,,,,,,,,,,,17.0,1.0,,,,,,,,,,,,,,,,,,,109.0,3.0,,,,,,,,,,,,,,,,,,,158.0,9.0,,,,,,,,,,,,,,,,,,,
cfb_20250913_cmu_mich,CFB,6,16.0,4.0,,,,,,,,,,,,,,,,,,,40.0,8.0,,,,,,,,,,,,,,,,,,,16.0,3.0,,,,,,,,,,,,,,,,,,,0.0,1.0,,,,,,,,,,,,,,,,,,,
cfb_20250914_duke_tuln,CFB,6,760.0,59.0,-55.0,0.07735824901922488,0.019351185063062517,0.02151822298568793,0.012314375388764396,-0.0007230132925003979,0.010212384022824216,0.002700842823404744,0.003614375103955305,0.011901942384991102,0.0021374906157434212,-0.027482815670702203,0.208681030470523,-0.03553839808011656,0.009371934476738362,0.03765086836633641,0.03315490506532864,0.03540288671583253,155.0,4.0,,,,,,,,,,,,,,,,,,,322.0,29.0,,,,,,,,,,,,,,,,,,,438.0,30.0,,,,,,,,,,,,,,,,,,,
cfb_20250913_fla_lsu,CFB,6,1311.0,177.0,0.0,0.06738113461710456,-0.015549782328303594,-0.013884864972033145,0.029558435708646823,0.0008133368832014082,0.016846444967833267,-0.006538600893565123,-0.010531504835086294,0.0003992091642827328,0.01623561159792365,-0.007554358769962096,0.15791110275277942,-0.12885838938046765,0.02416392192384276,0.08177302635947745,0.03717671911350132,0.05947487273648938,229.0,11.0,,,,,,,,,,,,,,,,,,,458.0,86.0,-10.0,0.07125950056988674,-0.024187739566166103,0.06087739236455337,0.037320281600971096,0.02158721363778416,0.03544013895754631,-0.0012944048727465411,-0.017575445645312764,-0.012301881559124907,0.03011439181804861,-0.044440606259280514,0.3893429195066884,-0.09583419133078465,0.061101991663059,0.17044994655313203,0.140182249714663,0.15531609813389752,853.0,91.0,0.0,0.09874739862858001,-0.0009648342474409871,-0.047920716909241275,0.021293706628480808,-0.007990247838591247,-0.017670570681379796,-0.009787318258717852,0.0014567776967290486,0.005826434367388438,-0.007615550160283172,0.007155117859869444,0.05991220375714643,-0.14235057675659585,0.009072064113238739,0.04470401352688747,0.00671208697231862,0.025708050249603046,
cfb_20250913_wis_ala,CFB,6,217.0,37.0,,,,,,,,,,,,,,,,,,,288.0,17.0,,,,,,,,,,,,,,,,,,,217.0,30.0,,,,,,,,,,,,,,,,,,,0.0,7.0,,,,,,,,,,,,,,,,,,,
cfb_20250913_buff_kent,CFB,6,820.0,98.0,-60.0,0.0649751435776969,0.021933630098633215,-0.02775243065036405,-0.004273717944968773,-0.026491030510759805,-0.008712830817992425,-0.00407014170751716,0.01527946188697062,-0.005114150917149516,-0.004249252530972451,-0.023305870615615006,0.6022043693153325,-0.03182989536894115,0.04818580343136244,0.39771703583482093,0.3568840846225892,0.37730056022870506,38.0,8.0,,,,,,,,,,,,,,,,,,,231.0,34.0,,,,,,,,,,,,,,,,,,,589.0,64.0,-60.0,0.09555211779637635,0.008979360571294321,-0.027654445715617895,-0.009188719043059887,-0.040405250865582165,-0.00992199283480821,0.00630593478902194,0.0010431428040510924,-0.009952873358700704,-0.0038037296438947067,-0.029445599031152406,0.6207980682895242,-0.024318551663676434,0.03981232328725573,0.375377407881178,0.30874083456538404,0.342059121223281,
cfb_20250914_utah_wyo,CFB,6,453.0,20.0,,,,,,,,,,,,,,,,,,,22.0,1.0,,,,,,,,,,,,,,,,,,,235.0,13.0,,,,,,,,,,,,,,,,,,,218.0,7.0,,,,,,,,,,,,,,,,,,,
cfb_20250913_pitt_wvu,CFB,6,1495.0,142.0,-5.0,0.09266493384600333,0.018336826595737984,-0.017510834623239754,-0.00018044483206338654,-0.0026928287073763172,-0.02545362260354653,-0.01925722348587623,0.04638135740662475,-0.006911396279046733,-0.022760570930789467,-0.00613071774172372,0.0,-0.05460850780243455,-0.0019876945932114924,0.0005816113301930925,0.0003303519579172086,0.0004559816440551505,178.0,9.0,,,,,,,,,,,,,,,,,,,401.0,38.0,,,,,,,,,,,,,,,,,,,1094.0,104.0,-5.0,0.1068478174625588,0.012329255041758554,-0.01892356165264952,0.011086113222069649,-0.0019614388821580734,-0.030883344840679217,-0.01913410658272025,-0.00046202381024961896,-0.0019015922284176035,-0.01007142926087392,-0.01493884858268825,0.0,-0.0573282809661549,-0.0046113065480437145,0.003026720861322325,0.001344785377696185,0.0021857531195092553,
cfb_20250913_txam_nd,CFB,6,1626.0,339.0,-10.0,0.15270922390141461,-0.03501872534927645,-0.050630823738450514,-0.012744849010848769,-0.002786062917496176,-0.005162905892402178,0.07094921050477453,0.005506702246611961,0.015253475739178322,-0.012079690550404086,0.026926773996720825,0.0,-0.18423204473474206,-0.026483815535749466,0.028257803993422058,0.018734107929169595,0.023495955961295827,327.0,9.0,,,,,,,,,,,,,,,,,,,395.0,68.0,-35.0,0.1323661457787875,0.0013446698363618198,-0.006298059366917776,-0.013025805233043393,0.05073710533970089,-0.0014285623210477038,0.029262446571880374,0.05170715596479193,0.002294002998989507,-0.08953045958141889,0.029570710214019885,0.0,-0.11095260923083462,-0.014880328751522,0.01118450960532901,0.0040674829005769185,0.007625996252952964,1231.0,271.0,-10.0,0.15714751793981133,-0.03961604337316787,-0.053386957985693394,-0.012877307772461292,-0.006005573419516856,-0.0057136730415611675,0.07438877506406351,4.399475510599589e-05,0.01644921307529531,-0.003203299166543868,0.02716434342802509,0.0,-0.1930885683920651,-0.02594687092100276,0.026762903340300962,0.018655630873609504,0.022709267106955235,
cfb_20250913_usf_mia,CFB,6,609.0,31.0,,,,,,,,,,,,,,,,,,,241.0,8.0,,,,,,,,,,,,,,,,,,,244.0,14.0,,,,,,,,,,,,,,,,,,,365.0,17.0,,,,,,,,,,,,,,,,,,,
cfb_20250913_utep_tex,CFB,6,173.0,18.0,,,,,,,,,,,,,,,,,,,17.0,3.0,,,,,,,,,,,,,,,,,,,47.0,4.0,,,,,,,,,,,,,,,,,,,126.0,14.0,,,,,,,,,,,,,,,,,,,
cfb_20250913_usa_aub,CFB,6,137.0,14.0,,,,,,,,,,,,,,,,,,,18.0,1.0,,,,,,,,,,,,,,,,,,,117.0,10.0,,,,,,,,,,,,,,,,,,,20.0,4.0,,,,,,,,,,,,,,,,,,,
cfb_20250913_mem_troy,CFB,6,224.0,59.0,0.0,0.07326279849350825,0.0005637305003668631,0.02554982834203211,0.004336197733653784,0.02076785360889041,-0.0008749973763834018,0.00088993354819667,0.008542719255145406,0.01219309701626773,0.00023859363448735968,-0.011704688905822127,0.40664424257660564,-0.023588404728441138,0.016165831129776747,0.25262056039427394,0.18357042397350584,0.2180954921838899,66.0,5.0,,,,,,,,,,,,,,,,,,,134.0,27.0,,,,,,,,,,,,,,,,,,,90.0,32.0,,,,,,,,,,,,,,,,,,,
cfb_20250913_isu_arst,CFB,6,826.0,60.0,-55.0,0.09827330574318018,0.0028865020584174176,-0.03332646023840193,0.01578134619495715,-0.008292524785086023,0.0019374272861649006,0.09497187260790657,-0.012681036418199359,-0.008765304377076427,0.005162647843870193,-0.04786615343195413,0.14115681044761558,-0.041194802414900464,0.006770650319690757,0.028362083562129,0.009440139694887837,0.018901111628508417,51.0,3.0,,,,,,,,,,,,,,,,,,,142.0,5.0,,,,,,,,,,,,,,,,,,,684.0,55.0,-55.0,0.1077649854735826,0.0038227948367562823,-0.035107572734386215,0.002205156945444674,-0.008781645275465324,-0.003377843627246501,0.10155145891797432,-0.01554827175739796,-0.009221808419799485,0.006959354202087362,-0.05156512757164402,0.0,-0.048297734939404785,-0.0007943351583879707,0.0043207494122719,0.00011194076279730078,0.0022163450875346004,
cfb_20250913_uga_tenn,CFB,6,1604.0,482.0,-55.0,0.15869568994439487,0.023635317187769782,0.016146747679782473,0.005951229243915913,0.0083021358441364,4.273180690249969e-05,0.01822620865118271,0.01876493547320708,0.043508392574267744,0.004193840784304848,0.0008262074559166876,0.006409828455907972,-0.16810128823284992,0.0010844515693177765,0.0012819324785448554,4.1237157447135995e-05,0.0006615848179959957,490.0,22.0,,,,,,,,,,,,,,,,,,,433.0,140.0,-20.0,0.09201341493605347,0.025446623829520548,0.007693713469574315,-0.04525465469038062,0.02540180551981954,-0.031776222637864816,0.0036762413350911634,-0.0010827062215124264,0.08019952653605836,-0.0259850425779605,0.03744215127100667,0.10999545710046787,-0.15840852310646367,0.019577672998094375,0.019359604744140915,0.008929325976983623,0.01414446536056227,1171.0,342.0,-55.0,0.19053539521734672,0.02368914074023705,0.019710085467591548,0.024641732058421028,0.004839827324408031,0.011750211901735481,0.023447508782420145,0.02656741264348443,0.035672624463604724,0.015408685722922283,-0.007350922199871457,0.0,-0.1734779528840003,-0.001719034909547746,0.00023955991645304122,0.0001065104994427202,0.00017303520794788072,
cfb_20250913_okla_tem,CFB,6,54.0,5.0,,,,,,,,,,,,,,,,,,,81.0,1.0,,,,,,,,,,,,,,,,,,,54.0,4.0,,,,,,,,,,,,,,,,,,,0.0,1.0,,,,,,,,,,,,,,,,,,,
cfb_20250914_txst_asu,CFB,6,360.0,33.0,,,,,,,,,,,,,,,,,,,124.0,7.0,,,,,,,,,,,,,,,,,,,252.0,26.0,,,,,,,,,,,,,,,,,,,108.0,7.0,,,,,,,,,,,,,,,,,,,
cfb_20250914_minn_cal,CFB,6,1303.0,196.0,-20.0,0.09003609219964893,0.010785002631363132,0.02350199637346574,0.01790255125325204,0.025574063049200454,-0.016078773089547447,-0.002322686828543595,0.004251510664605348,-0.0033815895574948736,0.0017383898003665308,0.01669562751424465,0.1353498503526636,-0.11152460798790903,0.017457741732838036,0.014558905575568161,0.013603104929682855,0.014081005252625508,222.0,7.0,,,,,,,,,,,,,,,,,,,420.0,51.0,5.0,0.09770929106383312,0.030576960567543797,-0.05644131299335328,0.06599386848652435,0.0686621330802755,0.011382288467328913,0.025685684678486812,0.008742823440852887,-0.008820595423090072,-0.0075454787077230395,-0.04095425608619922,0.4837870311147387,-0.07435442178100024,0.06968384587733711,0.27061243295551574,0.2601445871190518,0.26537851003728374,883.0,145.0,-20.0,0.10747887382354807,0.010992356554799802,0.0406349577348602,0.01747364848410182,0.016405266714591516,-0.019123764551034095,-0.008433065383949024,0.00451654783201775,-0.006282945032686601,0.0023583776351100215,0.023430479629011663,0.03618944237510307,-0.12267652722989782,0.004606294336414589,0.0008595255611670128,0.0005749518359338437,0.0007172386985504283,
cfb_20250913_mtu_nev,CFB,6,131.0,34.0,,,,,,,,,,,,,,,,,,,6.0,4.0,,,,,,,,,,,,,,,,,,,34.0,6.0,,,,,,,,,,,,,,,,,,,97.0,28.0,,,,,,,,,,,,,,,,,,,
cfb_20250913_mass_iowa,CFB,6,14.0,5.0,,,,,,,,,,,,,,,,,,,2.0,0.0,,,,,,,,,,,,,,,,,,,14.0,3.0,,,,,,,,,,,,,,,,,,,0.0,2.0,,,,,,,,,,,,,,,,,,,
cfb_20250913_ecu_ccar,CFB,6,58.0,12.0,,,,,,,,,,,,,,,,,,,2.0,1.0,,,,,,,,,,,,,,,,,,,25.0,6.0,,,,,,,,,,,,,,,,,,,33.0,6.0,,,,,,,,,,,,,,,,,,,
cfb_20250914_navy_tlsa,CFB,6,146.0,33.0,,,,,,,,,,,,,,,,,,,1.0,1.0,,,,,,,,,,,,,,,,,,,81.0,24.0,,,,,,,,,,,,,,,,,,,65.0,9.0,,,,,,,,,,,,,,,,,,,
cfb_20250913_wsu_unt,CFB,6,108.0,30.0,,,,,,,,,,,,,,,,,,,25.0,9.0,,,,,,,,,,,,,,,,,,,101.0,23.0,,,,,,,,,,,,,,,,,,,7.0,7.0,,,,,,,,,,,,,,,,,,,
cfb_20250913_ark_miss,CFB,6,1349.0,116.0,-45.0,0.06316556934516622,-0.0027397245401024487,-0.027450490815106622,0.013499635635213052,-0.07665178618128651,0.005638417223774772,-0.01602527856191137,-0.016434959486492838,-0.023132124852424104,-0.0059721925199066415,-0.026088098548216376,0.0,-0.03898987745935159,-0.000490327424056647,0.0011093591446650602,0.00010994043365186987,0.000609649789158465,196.0,8.0,,,,,,,,,,,,,,,,,,,422.0,31.0,,,,,,,,,,,,,,,,,,,927.0,85.0,-5.0,0.04417992657125076,0.00723093951029458,-0.019288387880323478,0.01638568525737582,-0.06722773642669587,0.017690121302666617,-0.010481003423250682,-0.02498271790723848,-0.003701540299220619,-0.008814215991352875,-0.030103747461096605,0.009265294466812993,-0.0543498012786076,0.0005082762421127283,0.0031445576564050263,6.232176210708786e-05,0.001603439709256057,
cfb_20250913_clem_gt,CFB,6,1329.0,448.0,-5.0,0.10906184024444493,-0.013921053292510484,-0.02944484590195362,0.036680443749844124,0.0041044004434076815,-0.023291323919912853,-0.020308148583124488,0.02378607898517569,0.020332563650873218,-0.015972504880828502,0.008636563607916268,0.07851986734942988,-0.1449117490730049,0.012348015883811765,0.026766488263346905,0.005346233718501197,0.01605636099092405,583.0,39.0,,,,,,,,,,,,,,,,,,,417.0,99.0,-10.0,0.10855381638135908,-0.037547049198045995,0.0161742962620752,0.04033509995324492,-0.060471012708467164,-0.056676263608622574,-0.010198461844615814,0.017196445096234882,0.030867374237018942,-0.0062290942423924725,0.00851630782879972,0.0,-0.0951268546948445,-0.012445638017994382,0.010851835529289727,0.000249360311714309,0.005550597920502018,912.0,349.0,-5.0,0.1412683088076871,-0.007445608307753004,-0.04046458525131423,0.03578463413169269,0.02197493152210982,-0.014189646189351455,-0.02203679851404103,0.025696449242314155,0.01909348473387021,-0.01859914730691833,0.012005087372832644,0.11896218787878525,-0.16748934136780796,0.022615259210634044,0.04215346715183772,0.01379264140255104,0.027973054277194383,
cfb_20250913_van_scar,CFB,6,922.0,96.0,0.0,0.07399736492220067,5.0525969930292754e-05,0.016225136190837004,0.004678214266757721,-0.05288088573272116,0.00027213273829581995,0.03719195110050881,0.03369352043460741,0.017233973400023632,-0.023940962888772174,0.05123779690606207,0.3048605318141301,-0.07656427522229446,0.0335780468963258,0.12129020482385569,0.07269141738820353,0.09699081110602961,202.0,3.0,,,,,,,,,,,,,,,,,,,362.0,34.0,,,,,,,,,,,,,,,,,,,560.0,62.0,0.0,0.09645425928458436,-0.0011112530943783135,-0.008596307263549374,0.0006810144233077094,-0.0723661506439475,0.002998340636843354,0.004251248617698538,0.04605549146307138,0.011600596187642238,-0.03778198575856679,0.05623806421546512,0.42826036244810717,-0.07074257972565544,0.05298957924895234,0.2882848006075418,0.19062661912733156,0.2394557098674367,
cfb_20250913_orst_ttu,CFB,6,107.0,12.0,,,,,,,,,,,,,,,,,,,39.0,4.0,,,,,,,,,,,,,,,,,,,29.0,5.0,,,,,,,,,,,,,,,,,,,78.0,7.0,,,,,,,,,,,,,,,,,,,
cfb_20250913_ore_nw,CFB,6,136.0,11.0,,,,,,,,,,,,,,,,,,,41.0,6.0,,,,,,,,,,,,,,,,,,,127.0,6.0,,,,,,,,,,,,,,,,,,,9.0,5.0,,,,,,,,,,,,,,,,,,,
cfb_20250913_odu_vt,CFB,6,628.0,38.0,,,,,,,,,,,,,,,,,,,65.0,4.0,,,,,,,,,,,,,,,,,,,437.0,25.0,,,,,,,,,,,,,,,,,,,191.0,13.0,,,,,,,,,,,,,,,,,,,
cfb_20250913_nmsu_lt,CFB,6,29.0,14.0,,,,,,,,,,,,,,,,,,,0.0,1.0,,,,,,,,,,,,,,,,,,,18.0,6.0,,,,,,,,,,,,,,,,,,,11.0,8.0,,,,,,,,,,,,,,,,,,,
cfb_20250913_emu_uk,CFB,6,62.0,8.0,,,,,,,,,,,,,,,,,,,11.0,0.0,,,,,,,,,,,,,,,,,,,40.0,4.0,,,,,,,,,,,,,,,,,,,22.0,4.0,,,,,,,,,,,,,,,,,,,
cfb_20250913_jvst_gaso,CFB,6,247.0,69.0,15.0,0.09546678606213191,0.010454787879013066,0.001508268113358937,0.0004959841660600636,0.060847063322425746,-0.0012198263250601156,0.028983276590533485,0.0006399771355770374,0.0034380032978192257,-0.08964989534666885,-0.0004671579681898593,0.3566152119022565,-0.030596711533318596,0.016959140111514386,0.2720054140377552,0.261188954492734,0.2665971842652446,6.0,1.0,,,,,,,,,,,,,,,,,,,45.0,16.0,,,,,,,,,,,,,,,,,,,202.0,53.0,15.0,0.1306253001318975,0.019665025897598113,0.025355166426806554,-0.00022521170496755485,0.009521162089126217,-0.002552574274593705,0.04343621316922762,0.012717576164300965,0.0049754637932672655,-0.15249736405615882,1.5788096663926587e-05,0.36365964213544977,-0.033424660986501625,0.019101727719487555,0.2584605734756769,0.23268415007157617,0.24557236177362654,
cfb_20250914_bc_stan,CFB,6,987.0,127.0,-20.0,0.051189721269443954,-0.003810534553177473,0.011821390474245222,0.027680869775563628,-0.05155027299631193,0.0012790809471487435,0.05754691594069708,0.0007122544702261397,0.034446612987713884,0.00981337191290614,0.04268229775699438,0.0,-0.056937455915493804,-0.007489253389144884,0.013861163426431665,0.0026203076626872914,0.008240735544559478,101.0,2.0,,,,,,,,,,,,,,,,,,,322.0,25.0,,,,,,,,,,,,,,,,,,,665.0,102.0,5.0,0.06413509328140367,-0.001862486131960914,0.012228974143980456,0.04033874039655275,-0.05863026300266741,0.0012933487928663125,0.06378197744545297,-0.001368689825183719,0.040265673539092314,0.012164925933787719,0.04686237719810417,0.0,-0.07571206674588314,-0.017684074165628033,0.05980168388951683,0.02745490689583785,0.04362829539267734,
cfb_20250914_afa_usu,CFB,6,440.0,89.0,-40.0,0.09625079230953654,0.023948956294363888,0.021542110181568916,-0.014389146773392878,-0.038812344736922716,0.0074055240130572264,0.0032888206899925557,0.0001612296561276669,0.02287755250940255,0.024868874875926844,-0.004020521986515714,0.6917637506576007,-0.019487765495486805,0.04373570525807512,0.48494568799195825,0.46300463549544435,0.4739751617437013,15.0,4.0,,,,,,,,,,,,,,,,,,,90.0,13.0,,,,,,,,,,,,,,,,,,,350.0,76.0,-40.0,0.1066002453969589,0.024976463269441026,0.023279362031179973,-0.01514566238364356,-0.0437898193536827,0.007945688238200629,0.005189923993499993,-0.0004366978713899518,0.0325260936304404,0.026930536952216252,-0.0013290566906995769,0.7635340986407702,-0.01970355277749921,0.06362158063176275,0.5580853651781192,0.546914574996739,0.5524999700874291,
cfb_20250913_lib_bgsu,CFB,6,222.0,56.0,-20.0,0.04360477423672836,-0.0034308405547934227,0.004472712257150799,0.0009424845607344372,0.04371684492001517,-0.02255037060268933,0.026283706778940565,0.005745587563027841,-0.028391788779173272,0.0008650237629485137,-0.004008666016476115,0.33987602276198237,-0.02245357101498803,0.011560601760457239,0.15791214818637875,0.15287626583214056,0.15539420700925966,2.0,7.0,,,,,,,,,,,,,,,,,,,51.0,14.0,,,,,,,,,,,,,,,,,,,171.0,42.0,,,,,,,,,,,,,,,,,,,
cfb_20250914_akr_uab,CFB,6,200.0,41.0,,,,,,,,,,,,,,,,,,,2.0,2.0,,,,,,,,,,,,,,,,,,,29.0,10.0,,,,,,,,,,,,,,,,,,,171.0,31.0,,,,,,,,,,,,,,,,,,,
cfb_20250913_wmu_ill,CFB,6,150.0,3.0,,,,,,,,,,,,,,,,,,,10.0,0.0,,,,,,,,,,,,,,,,,,,81.0,0.0,,,,,,,,,,,,,,,,,,,69.0,3.0,,,,,,,,,,,,,,,,,,,
cfb_20250913_app_usm,CFB,6,190.0,59.0,55.0,0.17185987870830688,0.029488483317527705,-0.02243794311988882,0.0011930620230407303,-0.001383019853772935,-0.003326952214386865,0.010948587936655615,-0.01155967934064906,-0.014397553816369146,0.0015628012213659182,0.010338378350074505,0.6866867366506771,-0.01915744098219352,0.0419872446190486,0.7950892539498534,0.7692694265746483,0.7821793402622508,8.0,4.0,,,,,,,,,,,,,,,,,,,82.0,21.0,,,,,,,,,,,,,,,,,,,108.0,38.0,,,,,,,,,,,,,,,,,,,
nfl_20250914_jac_cin,NFL,6,1247.0,422.0,15.0,0.09926075228738121,-0.012013798314898906,-0.035541038523256734,0.0016866751069392135,0.03092428330455925,-0.040413114291250316,-0.0017756086097387288,-0.0026348445793680396,0.02594228622283786,-0.012132950001738672,-0.03835625862317217,0.08644062101126988,-0.2173412011056138,0.020564737035156985,0.020623675110342774,0.008606546214347201,0.014615110662344988,442.0,37.0,,,,,,,,,,,,,,,,,,,398.0,112.0,30.0,0.147132055455635,-0.02517832647593214,-0.044829424290852814,-0.010649529092065194,0.042795038229802275,-0.08347206751773786,-0.010209826690201994,-0.0037422443956262917,0.022394121141918515,0.022121935096033458,-0.041320999695177885,0.0788054917850162,-0.16996511209521342,0.014540017472436807,0.010700054453248975,0.008399662729308819,0.009549858591278897,849.0,310.0,15.0,0.11275263874833852,-0.008531261210877585,-0.03332986937969903,0.005520548341325358,0.028025957765595882,-0.029504033911999634,0.0006742235155496828,-0.002256616071519674,0.027399142815916336,-0.022263943712123074,-0.03843500230408375,0.08050699586115428,-0.24204881900108757,0.0211927912249513,0.021377556502106102,0.007049654308285226,0.014213605405195664,0.09417392798109216
nfl_20250914_cle_bal,NFL,6,621.0,95.0,35.0,0.05403146882444804,0.006341551185294224,0.019356776609697063,-0.008336230640001985,-0.00809142139887472,0.000771342390161751,-0.03063676040607668,0.009621364611340192,-0.009702666596738612,0.009126208813927322,0.004666125036021542,0.4132851642480519,-0.06228476858426927,0.043873734301453034,0.21187667757498768,0.2049996628803152,0.20843817022765143,429.0,25.0,,,,,,,,,,,,,,,,,,,274.0,49.0,,,,,,,,,,,,,,,,,,,347.0,46.0,,,,,,,,,,,,,,,,,,,0.09417392798109216
nfl_20250915_atl_min,NFL,6,980.0,425.0,-10.0,0.18044923502911703,0.013370427067513388,0.011904991262394278,-0.012736461133312322,0.05715655411253259,0.012008730741306829,-0.024165177388407684,0.012118644454023214,0.052226394321016154,-0.020407431815381166,0.026268172987555054,0.17067384673303476,-0.3568092240016713,0.07343070343350293,0.06453989000162334,0.02389907677553099,0.04421948338857717,615.0,86.0,-25.0,0.06847337384541645,-0.015736633272244407,0.01569073204028933,0.018375405134893077,-0.04755046181642776,-0.01664818818516847,0.005986149334662793,0.055946174022223356,-0.009618207010780167,-0.011302431143485956,0.08538697620857066,0.7925776748824682,-0.06272133763522948,0.239663362756542,0.7063404104638293,0.6579750048353975,0.6821577076496135,428.0,174.0,-10.0,0.24963173642085393,-0.004786816029183282,-0.07589748812921192,-0.05436587024450797,-0.0036225474563802013,0.025471090505637443,-0.019266912229192107,0.03262100200941109,0.030464302212771077,-0.038811799118660464,0.017446289169736118,0.21170830135880173,-0.3131797920471155,0.08410942536688591,0.08806111671660052,0.027058790046963353,0.057559953381781936,552.0,251.0,-20.0,0.14553814445896984,0.02086244390435434,0.04846728353751867,-0.0012450133092621644,0.082562308827173,0.009301888117906975,-0.027010595518002004,0.007215491138416743,0.06089215376256312,-0.017295314365649773,0.02998383885679411,0.13384505657258267,-0.4043689008382861,0.06248625470487647,0.045970228462827126,0.01733618513391361,0.031653206798370366,0.09417392798109216
nfl_20250914_car_ari,NFL,6,960.0,172.0,-10.0,0.16532051146729326,-0.0010774500137606792,-0.024628407993724157,0.020758102592752806,-0.09535585515227232,0.016387874912282725,-0.10746473500821281,-0.02374742607829049,0.0222340800022237,-0.01970585489487616,-0.02295477121181705,0.03877115130628735,-0.1823568464459157,0.007355360687416136,0.005796915259575556,0.0016020169918133066,0.003699466125694431,281.0,49.0,,,,,,,,,,,,,,,,,,,383.0,63.0,-55.0,0.07950146818264012,-0.0023763520238063037,0.012546550028840227,0.016353975860209407,-0.049399589316250034,0.020091244156457775,0.03972213679561283,-0.04769415825786401,-0.060748255981904725,-0.008566796976657418,-0.029683068472246322,0.2644842443490028,-0.08307648947842859,0.029873489961370726,0.06402089015781137,0.05931847752611957,0.06166968384196547,577.0,109.0,-10.0,0.1936369794673804,-0.0005038148927487216,-0.029054663997853825,0.023639903415589972,-0.10484013807257726,0.01509722683717379,-0.12504408316614765,-0.012520863305176476,0.032324073528891745,-0.026160958700797213,-0.022588454230017693,0.02680513225628174,-0.23143128811310235,0.006374413277061176,0.004636323928914644,0.000829119403386193,0.0027327216661504187,0.09417392798109216
nfl_20250914_chi_det,NFL,6,775.0,135.0,-60.0,0.05956863722244153,0.009052422997449374,-0.03094592163148471,0.011619241151017897,-0.004796128264849023,-0.042428584671418995,0.03398543162961806,-0.011326948684004322,0.04255875262336795,0.00081906497418527,0.013576448294134754,0.057488050927203285,-0.1657836795248077,0.010111893669673975,0.013331368411045421,0.006708315252584431,0.010019841831814926,486.0,20.0,,,,,,,,,,,,,,,,,,,379.0,64.0,-60.0,0.11028338723962655,-0.024081689101158824,-0.10157535774764499,0.03833227975708757,0.06361194002948667,-0.018520852807734068,0.01936899758977422,0.025695227182910358,0.16904834841067196,-0.007410361434955875,0.028370177889455648,0.09344534774120823,-0.13813249954305776,0.01423834671412458,0.022596534871018665,0.00930048276644395,0.01594850881873131,396.0,71.0,-10.0,0.05825939081953117,0.03789880973031377,-0.0031721516918032907,-0.01163705035728321,-0.032552023110650544,-0.06546352868743632,0.039638140649999515,-0.0444100437884846,-0.00821334860828162,0.007630352083730414,0.007444796597363658,0.06108762157801808,-0.18003027428029272,0.011713149725754905,0.02075068502280245,0.012151292805409638,0.016450988914106044,0.09417392798109216
nfl_20250914_ne_mia,NFL,6,1244.0,297.0,0.0,0.11231529746229538,0.009514475384391503,0.028681467517950622,0.0031035937224261436,0.0166864200997621,0.0014157363408751492,0.02684423505667122,0.01505528939806248,0.013695525956764407,-0.006644755354577725,-0.02812501459443736,0.0719676092351896,-0.1380340513597037,0.010704346926100772,0.048027071950469624,0.012428903439572482,0.030227987695021052,568.0,31.0,,,,,,,,,,,,,,,,,,,393.0,84.0,-10.0,0.1946596207750654,0.00921409102069535,0.034121546529853955,0.00886568284986529,0.007607874258702949,-0.014230026688414917,0.037421562816732916,0.002367704573275751,-0.04948003934809812,-0.042754170534232985,-0.0013145437456429702,0.008399205299462639,-0.10404388070396596,0.0008812880333050987,0.001945744515379048,7.059288886233593e-05,0.001008168702120692,851.0,213.0,0.0,0.12687056839236688,0.01007062453273777,0.02841374075441475,0.002361334616899331,0.017943741021213645,0.005047134887343385,0.025941993235928884,0.01821343094391389,0.02129265010780849,0.001077541635376286,-0.03180915120731816,0.0735267310150949,-0.14206910078346516,0.01127488175703906,0.05654383460554556,0.014004366103700181,0.03527410035462287,0.09417392798109216
nfl_20250914_sf_no,NFL,6,1098.0,177.0,-35.0,0.08693310910559164,0.0016379000284488172,-0.033832381373662,0.004042910104691771,-0.0730489332928116,0.0004555194048103093,0.03876916436931556,0.004907371534636992,0.011799156026184482,0.010589534719093747,-0.013299188480489195,0.0,-0.12203538305804644,-0.0029876179763395055,0.0004067865174653827,0.0002598477710989605,0.00033331714428217157,414.0,24.0,,,,,,,,,,,,,,,,,,,353.0,42.0,,,,,,,,,,,,,,,,,,,745.0,135.0,-35.0,0.0837102923894584,0.002497652782681412,-0.04133487099692021,0.007877763153889562,-0.07478819072854676,-0.0017885723375358098,0.010400570862741043,0.01110350988682709,0.013860208297837436,0.013546299553453527,-0.016181680418214134,0.0,-0.12729897406680754,-0.010094716308352266,0.0025228755279765535,0.000587444542268199,0.0015551600351223762,0.09417392798109216
nfl_20250914_nyg_dal,NFL,6,1540.0,567.0,-10.0,0.15192648477829954,0.008370527853920251,-0.02515009160409666,0.028482402463014377,-0.03666381867807693,0.007560985108852198,-0.006767061526862076,0.024096708559928404,0.0053363103462310685,0.02267512112039236,0.010486764457810698,0.10660774542209793,-0.2614269257731196,0.031195854907506593,0.025752464890502355,0.008775719959501792,0.017264092425002073,414.0,29.0,,,,,,,,,,,,,,,,,,,399.0,123.0,-5.0,0.11895476318398857,0.030167173619055545,0.0013720960908775637,-0.00024702748206507463,-0.009665060719203863,0.02921803987646463,-0.04128838847564443,-0.016609340338275116,-0.02024952508802836,0.02944721746464642,-0.022381636588742444,0.0,-0.15701079736735504,-0.015997016570227833,0.011869227760558045,0.0106110040695791,0.011240115915068571,1141.0,444.0,-10.0,0.15804795205329042,0.007162817526242523,-0.026679420550609307,0.03037378099043211,-0.038292440400604824,0.006423915478813572,-0.004077747376189954,0.02676977565357448,0.007495219930114204,0.022538578860118133,0.013019219944884445,0.1170848962609361,-0.27759342352933297,0.03681214315963913,0.030381705056069894,0.010475398265521326,0.02042855166079561,0.09417392798109216
nfl_20250914_sea_pit,NFL,6,927.0,201.0,40.0,0.13190251523575766,-0.014648089603837504,-0.004131574075108317,-0.0009228671920703104,0.04199982282721641,0.0017665944391335087,-0.014779703094210428,0.00822056725923485,-0.010594857311107209,-0.011957873843814379,0.02237917403604978,0.07320396167279941,-0.10268931012107908,0.008111023365915333,0.03473282026559787,0.0171962853092819,0.025964552787439886,535.0,20.0,,,,,,,,,,,,,,,,,,,363.0,66.0,-30.0,0.22789284789217584,0.004499047186130883,0.022714853006586825,-0.025392324884686443,0.0819418994040758,0.027794375310615665,0.08619105978857843,-0.018840987013757794,0.14421470686434382,-0.03194007550100455,0.02767479086782317,0.20621619041779737,-0.13752691183976837,0.03572795954914771,0.07887549203635524,0.041543040802562256,0.06020926641945875,564.0,135.0,40.0,0.15875145905232882,-0.020496823780056714,-0.007457102636135263,0.006459284968606476,0.04026913786969266,-0.006170101067439044,-0.030245218058323024,0.01645015206186456,-0.03430599194164234,-0.005752896743624189,0.02433900491161905,0.07479944775343782,-0.10125860279440144,0.008186427851685371,0.04121731407409198,0.021887560384460658,0.03155243722927632,0.09417392798109216
nfl_20250914_la_ten,NFL,6,920.0,141.0,55.0,0.0922011445463806,0.033837105887028915,0.019878293946182055,-0.05253026272036376,0.004416725090823608,0.02998549396825443,0.020175939142344165,-0.010021057318945575,-0.006542335395558424,0.02822031504203209,-0.0021337643684702016,0.1869908644292286,-0.0917155718456944,0.021094442006493953,0.03242226326037909,0.019209274743393047,0.02581576900188607,259.0,14.0,,,,,,,,,,,,,,,,,,,308.0,33.0,,,,,,,,,,,,,,,,,,,612.0,108.0,55.0,0.09540222597862567,0.03762659380039328,0.022764301111412675,-0.03160819958374747,0.012727074367376605,0.019861995643040205,0.024410131363155462,-0.014550062990055556,-0.025916191547954142,0.03139954587360765,-0.0026503398329553334,0.08958670934986587,-0.10126449974650782,0.009964653854922968,0.01119177853014946,0.0041995825825399255,0.007695680556344692,0.09417392798109216
nfl_20250914_den_ind,NFL,6,1290.0,370.0,-10.0,0.24673717692878902,0.0241231352754557,-0.15650026869950207,-0.022900999366509005,-0.0832733813240757,-0.010342448757609968,-0.017425479676947516,-0.007718241906197912,0.013479827194176076,0.00714731065290202,-0.018228420103412867,0.1873431321318976,-0.15225292095582763,0.03509911774070488,0.07740729910324586,0.019972351014724613,0.04868982505898523,318.0,44.0,,,,,,,,,,,,,,,,,,,459.0,108.0,-35.0,0.14030664510576782,0.018461066581469492,0.012753484926628738,-0.0351793582331023,-0.040937219419438925,0.03389030525599145,-0.03035875995670121,-0.021302979516442784,-0.016570451833779497,0.012472177810389843,-0.02062981344881095,0.2971696959795115,-0.11174485367007883,0.04724779794276527,0.10858735642730463,0.10627764586002846,0.10743250114366654,831.0,262.0,-10.0,0.27818395249812344,0.024768122937706655,-0.21384830434616942,-0.021799166931625397,-0.09799382794290076,-0.0169980380215174,-0.013312833241354561,-0.006691868871266504,0.02350312683598036,0.005694890727833468,-0.01762556669458236,0.14857915037708366,-0.18154266617703435,0.03168051981545965,0.06939040689537739,0.009768515865090399,0.03957946138023389,0.09417392798109216
nfl_20250914_phi_kc,NFL,6,1059.0,426.0,-10.0,0.17206022853281247,0.012421684276506575,-0.007301354884641986,-0.010547624269644,-0.0002412346304098617,0.03318793880597629,-0.017868032825976744,0.019842160278976177,0.002729859455504443,-0.009358738754846994,0.04906791633522723,0.14444109826403362,-0.16950748062262538,0.028617371189081916,0.09373821145259188,0.016941721753207867,0.05533996660289987,488.0,55.0,-35.0,0.06975985090160591,-0.03147848105286056,-0.017684083933803472,-0.042018160786547375,0.05923754716473218,0.03738965743575566,0.0055238071219264545,0.0191985542467239,-0.10424204596858726,0.04874464450067041,0.011613149204920927,0.8693160642368678,-0.02539528579720987,0.1689307088165385,0.8060377205545587,0.7966982447296609,0.8013679826421098,411.0,168.0,35.0,0.13139358635667,0.018686763430404207,-0.02670346816838602,-0.03764402917428365,-0.047048497979134914,0.07395041897680779,-0.03555908374803834,-0.006401540593539985,-0.02885512066088933,-0.014951285060887918,0.02970578301779507,0.2737221007078773,-0.1571545634632368,0.05922894981234239,0.13119808199627322,0.04885450268370087,0.09002629233998705,648.0,258.0,-10.0,0.22431651688103238,0.007948049478423093,0.0013991432682108505,0.007982716368140555,0.01826690495718496,0.004973392173821092,-0.00957444120345685,0.03776594063029056,0.0161156980525416,-0.005758695559095068,0.058815351675472485,0.059907392176225614,-0.19801934866615337,0.01261878104380091,0.05804877582317882,0.003095045998187824,0.03057191091068332,0.09417392798109216
nfl_20250914_buf_nyj,NFL,6,431.0,106.0,30.0,0.057042583011478604,0.0021651275899025246,0.01468763732965902,0.0040510960259833115,0.03245786052381949,-0.0030916462008773516,0.03288861972048106,0.007899001062919339,-0.026670887389998402,0.0032892113799211373,-0.08435762136435206,0.4185846454853895,-0.07080120490506428,0.050972677320959905,0.2962401539879647,0.24236470790712034,0.2693024309475425,333.0,64.0,-40.0,0.05038979104740082,-0.016307574172830713,0.06897675727773353,0.023439024001935427,-0.01475307638613079,0.004550710184834584,0.015354859453504819,-0.018703735843287352,-0.06558310704431419,0.0006072121044544702,0.019204991926304604,0.662475026939573,-0.05582136656453002,0.10956303761268725,0.5477976190737717,0.5331166383049141,0.5404571286893429,330.0,70.0,30.0,0.06954342925888264,0.04050116847206272,0.023345513890187422,0.04502255253942849,0.036400307711713736,-0.036547387418798864,0.048068990267283486,0.008407501799757829,-0.02673655215198466,0.06775190851291325,-0.09223605064917816,0.47301893013034213,-0.09122449460389853,0.0818832313082709,0.38597953148600705,0.3026132869414722,0.3442964092137396,101.0,36.0,,,,,,,,,,,,,,,,,,,0.09417392798109216
nfl_20250916_lac_lv,NFL,7,982.0,362.0,-5.0,0.09254121805471474,0.010144009523667978,-0.03135636906289373,-0.005741128332656425,0.008932898036787117,0.0024920749583566596,0.021393971382790106,0.006901413283702,-0.020861481307980476,-0.00197748047112036,-0.011328847096599173,0.22288381611580818,-0.17908058689621026,0.05136190112550026,0.07827650927027777,0.040951807801868176,0.05961415853607297,623.0,67.0,15.0,0.05904964307780516,0.014260856537175785,0.04185426756887639,-0.04594536114052624,-0.0394713059380453,0.02975045108985515,-0.007413757686562699,-0.07437274334017784,0.0016390101291321227,-0.048466475452636514,-0.02835986993739534,0.8863562594017509,-0.0368454653478889,0.28737358229983156,0.8195897071415401,0.7964815230972624,0.8080356151194013,411.0,155.0,-5.0,0.14764219813867485,0.03770910339886396,-0.07944110851343532,-0.05575224817605507,-5.0771605984672265e-05,0.0024799941461262887,0.04756716753590227,-0.006307385599800604,0.05395274620439534,0.05745297914712758,-0.038078982702184724,0.26757963404201834,-0.16847180737606277,0.0615488408833657,0.10781428536963214,0.05634648069072146,0.0820803830301768,571.0,207.0,-20.0,0.1518434801118219,0.000416587308721926,-0.012942804440497354,0.013756922954341888,0.013781333261611102,0.0028171059131003014,0.011807519352743623,0.013347056551453419,-0.055915098111231055,-0.02712952551014313,-0.004891894499256871,0.17231254574000218,-0.19044550508355124,0.03964799712353601,0.04624570389779423,0.025595617722878154,0.035920660810336194,0.07405027873932175
nfl_20250915_tb_hou,NFL,7,1175.0,563.0,-10.0,0.18572839920425166,-0.006490790037631696,-0.05226118713462088,-0.003426132145708561,0.02107106607668423,0.0003858067258281063,-0.047812065219876916,-0.0011293802059660096,0.04698922554560364,0.011449932896514869,-0.017104040134119272,0.037748648845546316,-0.3299760466145835,0.012944798566560979,0.0185082864197318,0.0009678311926401648,0.009738058806185983,570.0,56.0,-60.0,0.03310780539487729,0.02242717149400225,0.004104557641170841,0.000486328126766195,0.08426050523550231,0.00243184473862887,0.01893954699664501,0.01715553237260822,0.002097625362955828,0.035167443022454226,0.012740483145730766,0.9005991450035933,-0.03725143197653534,0.33750824164882715,0.8245085279399629,0.7934068401259268,0.8089576840329449,425.0,183.0,-10.0,0.1180208707485701,-0.04229009518232702,0.029851092853588033,0.04212873345312376,0.0004236901091898489,-0.02007148388253136,-0.10677425725227427,-0.037651938412208874,0.08547142436022027,0.023352519828619432,-0.024292385844841446,0.31409919238884265,-0.22741331708778903,0.10414091723338043,0.15638212342320865,0.10102990781594415,0.1287060156195764,750.0,380.0,-15.0,0.21170052969306316,0.0019493854534584827,-0.06587335252129706,-0.014293651924849392,0.025158581457986256,0.005198979141344932,-0.038284268583497656,0.00746329210451997,0.04172107608753884,0.008695255812710193,-0.01620219512082012,0.0,-0.36179472568977605,-0.005339505420040443,0.008873976425226297,0.0001396617146429881,0.004506819069934643,0.07405027873932175
cfb_20250918_rice_char,CFB,7,597.0,118.0,-10.0,0.06450185239033225,-3.651708409419767e-06,0.007365690866321405,0.01794289935675789,0.012274904645038748,0.009545941008556049,0.006228316143407457,0.00881344473039119,0.006850316435741789,-0.0010677599880472757,0.0040490868468928045,0.2692639809177251,-0.05863866348559567,0.02160736511340437,0.083870452128254,0.06056666586341973,0.07221855899583687,130.0,21.0,,,,,,,,,,,,,,,,,,,259.0,40.0,,,,,,,,,,,,,,,,,,,338.0,78.0,-10.0,0.06806764526545245,-0.010729395344295962,0.029120321477372015,0.027963791626110516,0.00805922227138265,0.01610167297640862,-0.007313619117276794,-0.0028977765614766173,0.01850918547322378,-0.0005440298238776738,0.02647447140055242,0.5504123756175535,-0.06765686394308108,0.08282962695180186,0.3402091618888433,0.2768681945410625,0.3085386782149529,0.1264958013099274
nfl_20250919_mia_buf,NFL,7,910.0,427.0,-25.0,0.12134409418753934,-0.0015413133861942921,-0.020284067086471166,0.01739908289605256,-0.013125988229034585,-0.005461557640500487,-0.01612207793213323,-0.003463820268717312,0.03402046266938529,-0.015755279445935744,0.04942269363687642,0.0,-0.2385070215470887,-0.019547707481650703,0.0066873340810436974,0.00011797192726724847,0.003402653004155473,760.0,92.0,-25.0,0.07644950389065988,-0.04912334864650156,-0.02662001639813431,0.045434784354172336,0.059147774734788564,-0.05989936320115087,-0.02551363161223203,-0.025483219231512273,-0.009038370579480261,-0.02423909829661076,-0.009143470076356854,0.8612510703363445,-0.07162619494909332,0.44460261577199844,0.7332850157523144,0.7117056109516652,0.7224953133519898,366.0,129.0,-35.0,0.07290997731930862,0.0012325027358506273,-0.05759803203458812,0.05508902736035035,-0.020503612553358922,-0.02523029463932792,-0.019276684158873812,0.015384073274035306,0.031298102096478236,-0.05294306487668805,-0.0035933359971440696,0.27569817698803445,-0.17426602327364146,0.06633260251604203,0.11165308186798761,0.07876333666585796,0.09520820926692278,544.0,298.0,-25.0,0.16005326722378482,-0.0027447976482517377,-0.011944784493350432,0.006147275388382098,-0.011628445891872934,-0.001026830349737226,-0.015605431988961947,-0.011019096273023922,0.03468474957704106,0.0010306131886395266,0.06240889755520085,0.0,-0.2546232560900815,-0.03611848376001005,0.023433201716725402,0.0032755337826214466,0.013354367749673425,0.07405027873932175
cfb_20250920_iowa_rutg,CFB,7,1407.0,351.0,-25.0,0.08221664514106858,-0.003468908880311304,0.014281476917686185,0.002528896812260984,0.09857898474911016,-0.0007794242263260144,0.02052243353528583,0.0017262747932674104,-0.0043455944034215925,-0.0011515170795768344,0.031052954295453485,0.0,-0.16082580215427547,-0.017987870944474505,0.02220897483846564,0.014280548621198968,0.018244761729832304,511.0,35.0,,,,,,,,,,,,,,,,,,,454.0,91.0,-35.0,0.08303083469012085,-0.022907858747787946,-0.045592453772625136,0.09437795930431707,0.0312882380520742,-0.07827564849602159,0.007236379704356021,0.025977883382000667,0.0720446610504583,-0.038105992680384615,0.06805134071939015,0.0,-0.1273976275763752,-0.005987888552007523,0.003680094798501109,0.0034069648956719088,0.0035435298470865087,953.0,260.0,-5.0,0.12459132604734995,-0.0034163046432849975,0.03280337937792152,2.136921754282655e-05,0.12039250793689803,0.0018923313697982143,0.025287677679545716,0.0013763318722607133,-0.0259141661462048,-0.00016431715245525052,0.014402262760185238,0.0,-0.1844617400330963,-0.026095128554142855,0.0376544329315539,0.023950180500239043,0.03080230671589647,0.1264958013099274
cfb_20250919_tlsa_okst,CFB,7,1517.0,304.0,-5.0,0.058276240212267856,0.02444101133549235,-0.0033985318127655495,0.0008543806350987341,0.03232813853689828,-1.8861291641906478e-05,0.04054786747763264,0.02081597111149108,0.01623497652313254,-0.0059066524187877095,-0.003613627088154187,0.0,-0.08315457457625687,-5.0001511108733635e-05,0.0041814723195916625,4.308772387604517e-07,0.0020909515984152117,454.0,17.0,,,,,,,,,,,,,,,,,,,477.0,107.0,-35.0,0.07946441093865803,0.036748106421134956,0.03791494754756634,0.0023731068038663284,0.03759936916592129,-0.030170328071695663,0.049158664939628005,0.0327759191015967,-0.01164356733304101,-0.0034754455659816866,0.05223297449938368,0.19853299852034242,-0.11604415185385195,0.028745529617266383,0.12410191867049615,0.07847988043634056,0.10129089955341836,1040.0,197.0,-5.0,0.08176084283250341,0.013113101868528092,-0.02197816579835145,-0.001656679832884673,0.03149070426360078,0.029012167709893833,0.03852855289138244,0.009587624218516095,0.030306560862205973,-0.009881053462473803,-0.026837261284542308,0.0,-0.07443117661858022,-0.00903084656468364,0.015709436818963793,0.004352447828677495,0.010030942323820645,0.1264958013099274
cfb_20250920_tuln_miss,CFB,7,388.0,36.0,,,,,,,,,,,,,,,,,,,211.0,10.0,,,,,,,,,,,,,,,,,,,262.0,18.0,,,,,,,,,,,,,,,,,,,126.0,18.0,,,,,,,,,,,,,,,,,,,0.1264958013099274
cfb_20250920_md_wis,CFB,7,973.0,107.0,-35.0,0.06503976641503031,-0.014556528003920497,-0.034687490916242784,-0.012907700491313573,-0.031312759635261506,0.015037821946472652,0.010760465258362457,0.006329194617978037,-0.007799225693857346,-0.00043346120011905983,-0.002530708130609067,0.0044067960065336574,-0.06365015838865329,0.0002817348116452117,0.0015685635747361554,1.4510218394497531e-05,0.0007915368965653264,174.0,14.0,,,,,,,,,,,,,,,,,,,405.0,52.0,-35.0,0.08910612030186138,-0.011630700754785745,-0.07923522734837057,0.0032877886972796986,-0.021297603346022983,0.018068376688926486,0.026679047530709214,0.02443011195966082,0.0055985535180009885,0.02890220951345391,0.010464058846135438,0.0,-0.07406347220396639,-0.002361140974361781,0.0009739482541294668,0.00010552767707623017,0.0005397379656028485,568.0,55.0,20.0,0.06747121781465656,-0.016937305458456304,0.025582300722681563,-0.023079876057765226,-0.04961440965346666,0.015782160473757044,-0.009693122632653614,-0.002948684014990596,-0.02909444044663027,-0.017109999621989756,-0.020038699589724002,0.3616934909493961,-0.055456133221177005,0.03142396659742054,0.1385663032629153,0.12557503376121407,0.13207066851206467,0.1264958013099274
cfb_20250920_bsu_afa,CFB,7,1124.0,56.0,-55.0,0.07829832683924448,-0.025836465590421444,-0.025621447446342437,0.006651474692864205,-0.006733117093685834,-0.014725093476795197,-0.020958124674850385,0.017791749890521267,-0.0022748833941541443,0.01534243414818235,0.016877153182398352,0.7958915339338274,-0.029401209117867384,0.11464577572564927,0.6378335884715329,0.6154177198850803,0.6266256541783066,97.0,5.0,,,,,,,,,,,,,,,,,,,410.0,18.0,,,,,,,,,,,,,,,,,,,714.0,38.0,,,,,,,,,,,,,,,,,,,0.1264958013099274
cfb_20250920_pur_nd,CFB,7,767.0,44.0,,,,,,,,,,,,,,,,,,,109.0,6.0,,,,,,,,,,,,,,,,,,,327.0,30.0,,,,,,,,,,,,,,,,,,,440.0,14.0,,,,,,,,,,,,,,,,,,,0.1264958013099274
cfb_20250921_cal_sdsu,CFB,7,1004.0,175.0,5.0,0.06234357454044348,0.01614032222209557,0.0219888401131834,0.016905612663761428,0.048389702460387374,-0.025608846585625077,-0.009962068028913987,0.010280946999126942,-0.04554732205157754,-0.005724620908205862,-0.004538405202430401,0.07999888167074976,-0.07895196001789417,0.006865283510323827,0.019004468524150765,0.005782897668625569,0.012393683096388167,187.0,3.0,,,,,,,,,,,,,,,,,,,468.0,51.0,5.0,0.15125268105842596,0.010268714745040704,0.008191824202101912,0.04919065926888016,0.11333511991044959,-0.03808548863129328,-0.012706311346634679,0.04072037058538815,-0.08630261950380211,-0.05680503191546775,0.013483967733575984,0.15356035621509195,-0.09431378666047203,0.017110326509301076,0.05887716311373433,0.023993446010606878,0.04143530456217061,536.0,124.0,-15.0,0.05776998524810044,0.020577450127320835,0.031795968091794295,-0.009275285894361327,0.003770128257833119,-0.01566805150795207,-0.007948206584781578,-0.014540736209643355,-0.01735935828143541,0.03495287535376407,-0.016892078139263262,0.010766962009196482,-0.07626495977666677,0.0008300793574546008,0.005290893272657081,9.271205529656346e-05,0.002691802663976822,0.1264958013099274
cfb_20250920_bgsu_lou,CFB,7,292.0,31.0,,,,,,,,,,,,,,,,,,,128.0,5.0,,,,,,,,,,,,,,,,,,,265.0,13.0,,,,,,,,,,,,,,,,,,,27.0,18.0,,,,,,,,,,,,,,,,,,,0.1264958013099274
cfb_20250920_ull_emu,CFB,7,426.0,47.0,,,,,,,,,,,,,,,,,,,7.0,4.0,,,,,,,,,,,,,,,,,,,79.0,13.0,,,,,,,,,,,,,,,,,,,347.0,34.0,,,,,,,,,,,,,,,,,,,0.1264958013099274
cfb_20250920_jmu_lib,CFB,7,237.0,37.0,,,,,,,,,,,,,,,,,,,8.0,8.0,,,,,,,,,,,,,,,,,,,73.0,18.0,,,,,,,,,,,,,,,,,,,164.0,19.0,,,,,,,,,,,,,,,,,,,0.1264958013099274
cfb_20250920_wash_wsu,CFB,7,393.0,10.0,,,,,,,,,,,,,,,,,,,61.0,0.0,,,,,,,,,,,,,,,,,,,212.0,3.0,,,,,,,,,,,,,,,,,,,181.0,7.0,,,,,,,,,,,,,,,,,,,0.1264958013099274
cfb_20250920_niu_msst,CFB,7,671.0,24.0,,,,,,,,,,,,,,,,,,,46.0,2.0,,,,,,,,,,,,,,,,,,,325.0,10.0,,,,,,,,,,,,,,,,,,,346.0,14.0,,,,,,,,,,,,,,,,,,,0.1264958013099274
cfb_20250920_nev_wku,CFB,7,223.0,53.0,-15.0,0.052744530271996916,0.0179265281617374,0.07791696739529436,0.00801369467029132,0.028136939836110843,-0.004279892102562245,0.008052101929945054,-0.0009551251826059751,-0.005967451108333005,-0.008979875135362601,0.02230923944313971,0.34534276240942113,-0.023244317003843416,0.012261770257014698,0.10779540343045493,0.08019512521995852,0.09399526432520672,2.0,5.0,,,,,,,,,,,,,,,,,,,67.0,14.0,,,,,,,,,,,,,,,,,,,156.0,39.0,,,,,,,,,,,,,,,,,,,0.1264958013099274
cfb_20250920_ball_conn,CFB,7,744.0,59.0,-20.0,0.04211693575660208,-0.03337354907454514,0.025868288789015672,0.017937694294996896,0.013842281632389524,0.005526330759440146,0.0041880593079892765,0.05764373147697108,0.021712310496696318,0.005737459167013012,0.0012462142709779179,0.8676443264931678,-0.02224467750215069,0.14582274955077745,0.7958599187551776,0.7490552699853135,0.7724575943702455,32.0,3.0,,,,,,,,,,,,,,,,,,,239.0,15.0,,,,,,,,,,,,,,,,,,,505.0,44.0,,,,,,,,,,,,,,,,,,,0.1264958013099274
cfb_20250920_byu_ecu,CFB,7,766.0,53.0,-35.0,0.0784734831843127,0.011887828081242863,-0.029855723114552736,0.011270372177682068,-0.004884755915854907,-0.0003739684883629239,-0.011430720213563842,-0.005858668718370608,0.00530434815025698,-0.01906085564646969,-0.005851085675676435,0.25677880558858807,-0.02349861003160969,0.008118639595157516,0.06698803173490415,0.03873988691616681,0.05286395932553548,140.0,9.0,,,,,,,,,,,,,,,,,,,363.0,24.0,,,,,,,,,,,,,,,,,,,403.0,29.0,,,,,,,,,,,,,,,,,,,0.1264958013099274
cfb_20250920_ark_mem,CFB,7,1261.0,262.0,-30.0,0.298943646092066,0.0032018316892167445,0.017177522134048624,0.02356868278512358,0.012095880564079266,-0.011688254463401044,-0.01938490003809182,0.03471582650498076,0.005837995465129688,0.0033289245956090677,-0.09317236935476803,0.22200113856428463,-0.11694962705080349,0.033371450328391145,0.10786612168214185,0.04217568147556448,0.07502090157885316,364.0,14.0,,,,,,,,,,,,,,,,,,,377.0,44.0,,,,,,,,,,,,,,,,,,,884.0,218.0,-30.0,0.324196645077304,0.005530850905023403,0.01491342664681784,0.02712541951800551,0.009105980140488211,-0.007512423769308444,-0.0255380310703291,0.03509829419572914,0.004386945377601651,0.002449727820218297,-0.08882711857167357,0.20604001097240227,-0.13179907309049807,0.03420308685703146,0.10394799423661324,0.0358208847887039,0.06988443951265857,0.1264958013099274
cfb_20250920_ccar_usa,CFB,7,142.0,33.0,,,,,,,,,,,,,,,,,,,5.0,1.0,,,,,,,,,,,,,,,,,,,27.0,0.0,,,,,,,,,,,,,,,,,,,115.0,33.0,,,,,,,,,,,,,,,,,,,0.1264958013099274
cfb_20250920_wvu_ku,CFB,7,430.0,25.0,,,,,,,,,,,,,,,,,,,158.0,12.0,,,,,,,,,,,,,,,,,,,228.0,10.0,,,,,,,,,,,,,,,,,,,202.0,15.0,,,,,,,,,,,,,,,,,,,0.1264958013099274
cfb_20250920_ill_ind,CFB,7,704.0,119.0,15.0,0.07618873784013165,-0.02743234677517882,0.009256663967203774,0.03362193145149189,0.0006249986759920753,-0.03103293977500992,0.046300921292646395,0.00637756871139037,-0.03683017497083909,0.014477621286610912,-0.05017923812123838,0.12150871808894954,-0.09108581177422506,0.012598554422419493,0.02267832843520381,0.010052502269413658,0.016365415352308735,193.0,16.0,,,,,,,,,,,,,,,,,,,448.0,92.0,15.0,0.08676788470530268,-0.024018384655731636,0.017172269000509676,0.04321632280019964,-0.007557331180536208,-0.04142038748895161,0.05765485335079148,0.016815557511171805,-0.03701865893799955,0.027667898920347354,-0.05737264059494018,0.0032090668513672805,-0.11426253341740518,0.00036785658471510756,0.002373116874232542,6.517815906971264e-06,0.0011898173450697568,256.0,27.0,,,,,,,,,,,,,,,,,,,0.1264958013099274
cfb_20250920_kent_fsu,CFB,7,2.0,20.0,,,,,,,,,,,,,,,,,,,97.0,5.0,,,,,,,,,,,,,,,,,,,2.0,16.0,,,,,,,,,,,,,,,,,,,0.0,4.0,,,,,,,,,,,,,,,,,,,0.1264958013099274
cfb_20250920_unlv_oh,CFB,7,735.0,93.0,35.0,0.06289595078231745,0.01057511060499147,-0.031656324141858996,-0.012408502952157063,0.014042216511172918,-0.016407953909504832,0.009851016969187226,-0.002539126054984648,0.018166767103175156,0.01870664183983782,-0.03547452916211058,0.20803730380363783,-0.04794947933989958,0.012595644275380916,0.07195401178663038,0.049232219912652676,0.06059311584964153,47.0,10.0,,,,,,,,,,,,,,,,,,,194.0,17.0,,,,,,,,,,,,,,,,,,,541.0,76.0,35.0,0.08261010178852833,0.01266589346012371,-0.04379163167319104,-0.014205086427641546,0.034861386865609474,-0.02004098052060638,0.012766683931028304,-0.003066270362861508,0.03422179751637234,0.022203839772917414,-0.04743181953977165,0.16953953274963085,-0.0708020917261368,0.014454334700229407,0.06209696669820009,0.03768530829991226,0.04989113749905617,0.1264958013099274
cfb_20250920_usm_lt,CFB,7,57.0,16.0,,,,,,,,,,,,,,,,,,,1.0,0.0,,,,,,,,,,,,,,,,,,,40.0,11.0,,,,,,,,,,,,,,,,,,,17.0,5.0,,,,,,,,,,,,,,,,,,,0.1264958013099274
cfb_20250920_scar_mizz,CFB,7,1424.0,227.0,-20.0,0.06196660616158783,0.007468092685640119,-0.02303433692667683,-0.006701246604133892,0.014354102158026828,-0.0027181373594671186,0.002705605025685535,0.004448333509180269,-0.05743947075419238,-0.003086912029140216,-0.006288434574283681,0.10474949405326832,-0.08873173643294935,0.010382127053913599,0.0354911629293486,0.009978448835741293,0.022734805882544944,310.0,29.0,,,,,,,,,,,,,,,,,,,441.0,47.0,,,,,,,,,,,,,,,,,,,983.0,180.0,0.0,0.06317205942752932,0.009095165725204954,-0.028967121215589833,-0.004221773389347918,0.012612269050071487,-0.010455745072755842,0.0030275850569538246,0.008178957583443721,-0.05264761104511895,0.001773500356356419,-0.0050601973963588925,0.15196130313167777,-0.10354133384968861,0.018553724114117744,0.06010529497894659,0.023273001804170457,0.041689148391558524,0.1264958013099274
cfb_20250920_syr_clem,CFB,7,1569.0,395.0,-10.0,0.05760528559830613,-0.038913601637294015,0.00694194321170569,0.006000668170242269,-0.010022375616338898,-0.0002507496265568109,0.02365136035838937,0.03120148968614567,0.007138580849488042,0.018414044150824763,-0.037497449025736616,0.21589195356801355,-0.09333664642459381,0.025698793715720872,0.1022640075031933,0.06812174363559924,0.08519287556939627,304.0,14.0,,,,,,,,,,,,,,,,,,,493.0,178.0,-10.0,0.13591265056569093,-0.04672910119416265,0.021359200329057606,-0.025332095335030287,-0.013926915271061055,0.032453414162869086,0.05160266854116711,0.013807567895878824,0.024120323608102325,-0.007624250468467429,-0.02547293494574708,0.0662474795142913,-0.12231286468231987,0.008677801472665784,0.0189698441671222,0.008319122385797703,0.013644483276459951,1076.0,217.0,-5.0,0.10249088496225969,-0.038254083620336506,-0.00791807990194444,0.024656468506874363,-0.012454827985548934,-0.027397989219845025,0.0007515018421487981,0.03980033046498151,-0.010196695158589739,0.032427000675888495,-0.057012397888401754,0.46340019233332563,-0.05909923724921567,0.05103728610549822,0.34506386930163907,0.2728521915960873,0.30895803044886316,0.1264958013099274
cfb_20250920_fla_mia,CFB,7,1173.0,135.0,-25.0,0.06679078700061435,0.008173386907764051,0.023371130630044624,-0.017360465779242034,0.052664726221325515,0.0008351456429079718,0.02100030296728343,-0.048284662948469316,0.01244291834896582,-0.023017584934883716,0.01133997811609671,0.17573722187023721,-0.05473713429825383,0.011670249063701916,0.038112866934164824,0.020279817339639815,0.02919634213690232,366.0,16.0,,,,,,,,,,,,,,,,,,,385.0,36.0,,,,,,,,,,,,,,,,,,,788.0,99.0,-25.0,0.08353564521484394,0.025889674397882805,-0.00591267973694444,-0.057162845840146366,0.08484037800135187,0.0151159734037695,0.057791902224773685,-0.04886783078313838,0.019778330091380077,-0.028921842166338845,0.023433207669539633,0.027033547740325393,-0.05193389184960058,0.0014429658303186507,0.009451049576227064,0.00032308977434648383,0.0048870696752867735,0.1264958013099274
cfb_20250921_utsa_csu,CFB,7,545.0,94.0,-5.0,0.1461075043783993,-0.014884931752928357,-0.04301602774358386,0.00037824500622269394,0.004071273665508815,-0.00506194128058867,-0.002156679352864414,-0.0020583749742276963,0.03790769933712152,-0.0018875100816748366,0.04460588860252936,0.15919923543937314,-0.06707518011429701,0.012700175643553854,0.028177914654832353,0.021731291066292534,0.024954602860562444,22.0,4.0,,,,,,,,,,,,,,,,,,,84.0,22.0,,,,,,,,,,,,,,,,,,,461.0,72.0,-5.0,0.16753525612511463,-0.017658132371482574,-0.0455326710710284,-0.0031888917095275323,0.003305884709813131,-0.006087739243972503,-0.003053709492011317,-0.0028276043875369665,0.04061537764060657,-0.0025696013527395315,0.04759861015740606,0.0712000682084641,-0.07843534904955601,0.0060127073776923045,0.005916206013898352,0.004008440130685102,0.0049623230722917275,0.1264958013099274
cfb_20250920_arst_kenn,CFB,7,429.0,65.0,-55.0,0.1069764023719758,0.0015019418021307684,-0.006286619193504711,-0.016855068250804267,0.006201056322060866,-0.03281023442983358,0.012781260056729065,0.007258067942502767,0.033897634221056086,0.04376878092600174,0.007305683281098904,0.5885722661282654,-0.02355676425486764,0.03369937653366662,0.33394236675181893,0.33032589276795515,0.33213412975988704,19.0,3.0,,,,,,,,,,,,,,,,,,,65.0,14.0,,,,,,,,,,,,,,,,,,,364.0,51.0,-55.0,0.11869216875150179,0.0017688931266370913,-0.00770999429158227,-0.02038690461637928,0.008305973459208789,-0.03567499045487152,0.009734369636128445,0.008021912097463746,0.033466569680263444,0.04786482363927715,0.007976902680594644,0.5534601443121977,-0.029104953045808044,0.03607389420619791,0.2807890309227604,0.27911458979513426,0.27995181035894734,0.1264958013099274
cfb_20250920_orst_ore,CFB,7,474.0,57.0,20.0,0.05560121185393164,-0.030512933401597518,0.07964472659404685,0.0009969050013348062,-0.019028829833049613,0.010093776811256937,-0.012410403437762167,-0.0038333310922482066,-0.034717435253696985,-0.006849318767858512,0.020986947323239497,0.8853463613093354,-0.014714231878057739,0.1136221388302172,0.7846205364700186,0.7273390505360394,0.755979793503029,49.0,9.0,,,,,,,,,,,,,,,,,,,411.0,37.0,,,,,,,,,,,,,,,,,,,63.0,20.0,,,,,,,,,,,,,,,,,,,0.1264958013099274
cfb_20250920_ttu_utah,CFB,7,1319.0,301.0,-10.0,0.0820996350152661,0.018301043947882862,0.010516370159941984,-0.006149267994868188,-0.0018521515891509936,-0.0026524981048211414,0.019740633403484805,-0.030739298906957094,0.013856211974650777,-0.01706123481478468,0.03113206492823949,0.1056921364500514,-0.14032136824622504,0.01658362383247634,0.02808338936317741,0.012265027681169232,0.02017420852217332,610.0,21.0,,,,,,,,,,,,,,,,,,,429.0,107.0,-35.0,0.12725132146003376,0.08114197424376528,-0.03529324197020342,0.02968280884578644,0.00809495009383298,0.017821493159863897,0.05144210016932864,-0.01472745741614895,0.05004216659977707,-0.05675456413392845,0.0057451690657081035,0.16417671832182074,-0.16969177808032224,0.03333173394678042,0.04220732489778482,0.03395738161320535,0.03808235325549508,890.0,194.0,-30.0,0.0709569664897923,-0.016083676337398087,0.03862149255249583,-0.015960798186354288,-0.008316114901907264,-0.014282395344342426,0.0005012268310908969,-0.0391573102914857,-0.01049184909467403,0.0028543815548360434,0.046580603793004945,0.060225865572084494,-0.1287652510765808,0.008251981425744064,0.020968934047723046,0.0034804609438836838,0.012224697495803365,0.1264958013099274
cfb_20250921_shsu_tex,CFB,7,0.0,6.0,,,,,,,,,,,,,,,,,,,32.0,2.0,,,,,,,,,,,,,,,,,,,0.0,6.0,,,,,,,,,,,,,,,,,,,0.0,0.0,,,,,,,,,,,,,,,,,,,0.1264958013099274
cfb_20250920_mich_neb,CFB,7,1388.0,299.0,-5.0,0.0547301434606514,0.0019456580006006383,-0.032837717248130865,0.0010742627753872343,0.0018606773655622476,0.0005464075661331797,-0.0003625136693494288,9.152439387162558e-05,0.019583288343498737,0.005219504913304303,0.02401948749176575,0.029709304036338,-0.13512940230320875,0.004137523439083879,0.015687251403899705,0.0007829350104352994,0.008235093207167503,456.0,31.0,,,,,,,,,,,,,,,,,,,465.0,99.0,-5.0,0.12371234704234109,-0.015084488520465974,-0.026503993387555415,0.0032667750323797373,-0.024619949266914333,0.012429986995263216,-0.009976036911734154,-0.027481419249550106,-0.0014092902314412987,0.014941539706014303,0.09552080839823565,0.14506281023212583,-0.1423783369188626,0.024158267901802703,0.05330035711570213,0.025009650163260327,0.039155003639481226,923.0,200.0,-20.0,0.10182898178914322,0.0037759057171045424,-0.036168633112676644,0.0010374842752650707,0.01460918329632716,-0.0003794095127440654,0.004242877653383532,0.002578556191645171,0.029800506441114233,0.005292732625891016,-0.012972025653952595,0.0,-0.13473597216807856,-0.003268824143411643,0.00939411692113852,0.0004719787115697186,0.004933047816354119,0.1264958013099274
cfb_20250920_unt_army,CFB,7,561.0,116.0,-10.0,0.14187030093526698,-0.014505931581185655,-0.02440640946392045,0.0030453028753692473,0.02911165708216711,0.006931056100774862,0.061672500544142805,0.0012864253695692375,0.026533257440613495,0.01781825105095753,0.046199539128226615,0.19895854808831906,-0.0667323935751747,0.01657464804660182,0.06813047228421289,0.03678532212409688,0.052457897204154884,70.0,11.0,,,,,,,,,,,,,,,,,,,127.0,13.0,,,,,,,,,,,,,,,,,,,434.0,103.0,-10.0,0.15377867760569505,-0.016664522331083086,-0.03444549337563882,0.00289221403814563,0.03744934037474477,0.0075243262510841695,0.07900403892093572,0.003462574398427768,0.03334586727700689,0.01989444561353939,0.05985315624690184,0.18525671642541744,-0.07520449846700715,0.017100034731544637,0.06482652566345075,0.03195148444559316,0.048389005054521955,0.1264958013099274
cfb_20250921_wyo_colo,CFB,7,766.0,68.0,-5.0,0.04981595408924174,0.004262894537152997,0.0030687184534642785,-0.016831527940000486,-0.07972354546157283,0.02083184727359985,-0.089509192562393,-0.028657680657927728,0.006659725279428993,0.0064964858125654956,0.00810232866032531,0.5790905742456195,-0.029471691859942094,0.040547390766019695,0.3597676197052592,0.3118246768048402,0.3357961482550497,288.0,11.0,,,,,,,,,,,,,,,,,,,440.0,39.0,,,,,,,,,,,,,,,,,,,326.0,29.0,,,,,,,,,,,,,,,,,,,0.1264958013099274
cfb_20250920_unc_ucf,CFB,7,670.0,61.0,20.0,0.06072028099920233,-0.018165786751686328,0.02513357044533735,-0.008667158659550986,0.011229668381249076,0.023428209082930307,0.0182203566438464,-0.0005994567276920561,-0.01667135422091127,-0.004930186141761374,-0.025491338504966633,0.6967675849792911,-0.017577696411536274,0.04039003903104768,0.5134806841328602,0.4668065859471865,0.49014363504002334,147.0,11.0,,,,,,,,,,,,,,,,,,,365.0,26.0,,,,,,,,,,,,,,,,,,,305.0,35.0,,,,,,,,,,,,,,,,,,,0.1264958013099274
cfb_20250920_asu_bay,CFB,7,1510.0,239.0,-10.0,0.09136981455875214,-0.02970098988195488,-0.030445232105861697,-0.01744762514767385,0.00799113835826227,-0.002732199477430807,-0.00011847172588337207,0.017189271333400008,0.034642394362736764,-0.009666394999807381,0.008387310709391187,0.01375944232381792,-0.10136484473349783,0.0014141820916994366,0.006842342366386419,0.00012668172678284613,0.0034845120465846324,309.0,16.0,,,,,,,,,,,,,,,,,,,447.0,41.0,,,,,,,,,,,,,,,,,,,1063.0,198.0,-10.0,0.1142941477185564,-0.03352770521654801,-0.026929386585618543,-0.009624302235573184,0.010860901316800077,-0.012202827752303464,0.010556267065977204,0.009188344165961598,0.05105915562227594,-0.006705900208178821,0.0023175122415401476,0.0,-0.10920817408526043,-0.0034725855115897227,0.0010446164939864923,0.0007141353281843659,0.000879375911085429,0.1264958013099274
cfb_20250920_aub_okla,CFB,7,1533.0,280.0,-5.0,0.12226224176425728,0.011266863734257917,-0.014442040775208581,0.005427039721183944,0.0029087380503538284,-0.003276572604868817,0.06337254128077911,0.016843275051229383,0.028267963189345918,0.027661429390784663,0.011349666664156821,0.14756786873549313,-0.09932889716420149,0.017195214869041495,0.06014129506291236,0.01917408389743924,0.0396576894801758,360.0,15.0,,,,,,,,,,,,,,,,,,,475.0,53.0,-10.0,0.19885591092766597,0.05569127410817031,-0.008268370810661589,-0.003916564367641075,-9.226034081701656e-05,0.0021344155386662502,0.09897476966042112,0.04132264519442491,-0.01171244681158939,0.04681287940539345,0.019608294834347468,0.0,-0.08246815552125228,-0.0005961978655323377,0.011836418538195208,3.0759422623265575e-05,0.005933588980409237,1058.0,227.0,-5.0,0.10990513563758815,-0.0032249017118048807,-0.016994312142800727,0.008820237409147155,0.004045465522409533,-0.00523767137179094,0.051830410561915514,0.009357282513451162,0.04271468771586326,0.02246795276176521,0.008678310754033509,0.1946239063536121,-0.11042887770324573,0.0266857927897316,0.09282483419169185,0.038387276204702205,0.06560605519819702,0.1264958013099274
cfb_20250920_gast_van,CFB,7,192.0,10.0,,,,,,,,,,,,,,,,,,,30.0,5.0,,,,,,,,,,,,,,,,,,,178.0,4.0,,,,,,,,,,,,,,,,,,,14.0,6.0,,,,,,,,,,,,,,,,,,,0.1264958013099274
cfb_20250920_troy_buff,CFB,7,197.0,51.0,-30.0,0.10561886315690493,0.06914342068083083,0.018304407914758063,0.018210696966150235,0.005238813962985349,-0.010461919044477701,-0.02689621446935236,0.03344466787821498,0.03727818897508166,0.0006009944531151563,0.004290055069095762,0.17191650543964904,-0.03809318371604491,0.007908438060355159,0.07669702040346436,0.03996012978292947,0.058328575093196916,4.0,3.0,,,,,,,,,,,,,,,,,,,48.0,13.0,,,,,,,,,,,,,,,,,,,149.0,38.0,,,,,,,,,,,,,,,,,,,0.1264958013099274
cfb_20250920_stan_uva,CFB,7,292.0,20.0,,,,,,,,,,,,,,,,,,,58.0,4.0,,,,,,,,,,,,,,,,,,,212.0,15.0,,,,,,,,,,,,,,,,,,,80.0,5.0,,,,,,,,,,,,,,,,,,,0.1264958013099274
cfb_20250920_ncst_duke,CFB,7,1413.0,153.0,-30.0,0.059328727577227916,0.0010240491945764044,0.025565526646167375,0.001723631415923184,-0.07144405996642594,-0.0016065005785325154,0.0008338573520538084,-0.006043377348229903,0.025629758763704505,0.01032918307738061,0.025127679262015604,0.0,-0.06729420739624517,-0.0022554200290949887,0.0008760979709909837,7.900303399511399e-05,0.0004775505024930489,172.0,8.0,,,,,,,,,,,,,,,,,,,454.0,26.0,,,,,,,,,,,,,,,,,,,959.0,127.0,-25.0,0.07139331102545624,0.011713890705706555,0.027543931536577252,0.004743714218687001,-0.0831909930968229,-0.013200910218028616,-0.005007232388890883,0.002040414874388807,0.03480023334472792,0.015907963286421585,0.026446526546941834,0.0,-0.07467467689626449,-0.004507184510534198,0.004253583741750991,0.0024023169659384514,0.0033279503538447214,0.1264958013099274
cfb_20250920_smu_tcu,CFB,7,1134.0,124.0,-15.0,0.0874967451150131,-0.030013045219253656,0.01899580328906578,-0.03348873563286507,-0.0003345947722466923,0.01713961311815723,-0.01245253686172287,0.03813294086864402,0.011557120337192703,-0.0015037129430296465,-0.01047110685487536,0.06743890033907261,-0.07134647400053706,0.005159477219686615,0.021008533179064683,0.003071613794401985,0.012040073486733334,308.0,14.0,,,,,,,,,,,,,,,,,,,360.0,25.0,,,,,,,,,,,,,,,,,,,774.0,99.0,-5.0,0.11062155580319445,-0.026408552183772794,0.017216027735867924,-0.03724270809675056,-0.010592904710519893,0.009675145489541672,-0.015077163907510334,0.053431183122581036,0.013890013465947475,-0.014053232188420752,-0.013955726222661337,0.0,-0.07828752528921387,-0.0028749250747825634,0.0034527811830446244,0.0008759604598965184,0.0021643708214705713,0.1264958013099274
cfb_20250921_msu_usc,CFB,7,1159.0,150.0,-35.0,0.05230762886179136,0.035223837035982426,0.005311741938410839,-0.056560949942617865,0.07340719454184959,0.02703315172042814,0.021159527131491548,0.016994641844627158,0.030552109552662007,0.012295778687419889,0.002542658389784167,0.28907525907854464,-0.05227441466317256,0.021255751969399255,0.09201718094098382,0.07595821936358638,0.0839877001522851,268.0,11.0,,,,,,,,,,,,,,,,,,,414.0,80.0,60.0,0.09098795706171203,0.05590597675084136,0.01196548391465214,-0.05906723810024385,0.12571627590021298,0.016162586236734094,0.03108803768043516,0.02853364246278153,0.0432931705607378,0.021841545107772958,0.013764560937561373,0.1440619460471549,-0.11063149785857306,0.0186202597279262,0.0367150568054916,0.022370430599002147,0.029542743702246875,745.0,70.0,-20.0,0.0633409806370216,0.01211242053788959,-0.007125181891255971,-0.07762749246688436,-0.02065606233686804,0.059603580600511734,0.003777715298833179,0.004016478683215993,0.00870397819193901,0.00018786559683578856,-0.01765272036680144,0.46095523243491393,-0.03356171691970638,0.028699748062706282,0.1812044437171056,0.17254378917185081,0.1768741164444782,0.1264958013099274
cfb_20250920_tol_wmu,CFB,7,172.0,23.0,,,,,,,,,,,,,,,,,,,3.0,0.0,,,,,,,,,,,,,,,,,,,45.0,6.0,,,,,,,,,,,,,,,,,,,127.0,17.0,,,,,,,,,,,,,,,,,,,0.1264958013099274
cfb_20250920_uab_tenn,CFB,7,0.0,14.0,,,,,,,,,,,,,,,,,,,40.0,6.0,,,,,,,,,,,,,,,,,,,0.0,8.0,,,,,,,,,,,,,,,,,,,0.0,6.0,,,,,,,,,,,,,,,,,,,0.1264958013099274
cfb_20250920_mrsh_mtu,CFB,7,100.0,21.0,,,,,,,,,,,,,,,,,,,16.0,3.0,,,,,,,,,,,,,,,,,,,4.0,0.0,,,,,,,,,,,,,,,,,,,96.0,21.0,,,,,,,,,,,,,,,,,,,0.1264958013099274
nfl_20250921_nyj_tb,NFL,7,952.0,192.0,-10.0,0.16900094849023886,0.0029363714622707843,-0.038931119229266876,0.0010631882090919832,-0.04535398595360452,0.0010195235793333387,0.022293902761600724,-0.0005671273901226449,-0.06415042057593782,-0.0011602804317482802,0.0929102227847545,0.17961120767866906,-0.15532858090033488,0.03400674687861359,0.03828577104664318,0.01569461561459586,0.02699019333061952,322.0,44.0,,,,,,,,,,,,,,,,,,,401.0,55.0,-10.0,0.14470579611772028,-0.08430224248128106,-0.015047245611856188,0.04167768572474952,0.029640453638002804,-0.04147896332342305,-0.06298230698314153,0.00964990226924328,0.02704317744538534,-0.054299180283293176,-0.01722064551764998,0.5404694401177002,-0.0718431112467258,0.08449711401517425,0.2817725119411946,0.26040169638846977,0.27108710416483217,551.0,137.0,-35.0,0.1944371628601411,0.004612085009247457,-0.04267327383494344,0.0005765575439094216,-0.05675987476553292,0.001727307895854983,0.03547042041155936,-0.000863780079888297,-0.07943756912811782,-0.0005922242232505598,0.11022817119328077,0.05138975584663626,-0.19966133225012758,0.010816399232021509,0.01089914227309528,0.0010271000301092354,0.005963121151602258,0.07405027873932175
nfl_20250922_kc_nyg,NFL,7,1028.0,479.0,-5.0,0.09129101292977596,0.02834674754922395,-0.04003640309400043,0.007830296808835718,-0.01313765687544359,-0.017534078441717636,0.03363310495739022,0.0007762825953464572,0.01195547648815605,0.011627170370348248,0.037145642235850075,0.1850994196904171,-0.1703309262476794,0.03868957314007441,0.08370117311112309,0.034927255021189055,0.05931421406615607,658.0,154.0,-5.0,0.06838534287560949,0.02720427844151221,0.005996128679846854,-0.031748386307974864,-0.022704017376622587,-0.010493365496918892,0.020064471895274025,-0.016633981482584437,0.013410848713774199,0.007398304244272823,0.03077227090755578,0.6785984502150381,-0.11722403075807254,0.24750361550406547,0.543037934427993,0.5045619810830269,0.5237999577555099,402.0,202.0,-5.0,0.12599975080817447,0.01825316865040348,-0.06795667929039162,0.027482666963840233,-0.011067401667441603,-0.0026556625967831754,0.06427379704321243,-0.008527873056511582,-0.005454401332732215,0.06831055652757535,-0.009225506923258292,0.26744442778868,-0.2350779099412828,0.08582321873577811,0.15761135936507237,0.06899952991121902,0.1133054446381457,626.0,277.0,-25.0,0.10031113638042412,0.0346214764988446,-0.027290265278107392,-0.00268393601980779,-0.016432616533311555,-0.026755086175193715,0.020287805404217867,0.005349355789197303,0.017020378459494653,-0.019361883891758736,0.06112311805136703,0.10846825963747865,-0.16483411537243656,0.02005455197373159,0.038270788506067445,0.011547783895224956,0.0249092862006462,0.07405027873932175
nfl_20250921_hou_jac,NFL,7,1204.0,297.0,-10.0,0.15420228799759417,0.00249356971888386,-0.020431680546595415,-0.005699882639615138,0.008593411351239037,0.003865220658468041,-0.003174732807140395,-0.004242997958611518,0.03763586395359689,0.0018976751498681063,-0.02597667308341872,0.14134159061375587,-0.17325086508089074,0.0285183870303508,0.05895732937765585,0.012995094647522241,0.03597621201258904,511.0,55.0,-35.0,0.05390491915963404,-0.02114074634458413,0.042773819960362745,0.025916050624118746,0.026461839163110408,0.0008004539990322989,0.007386958179150415,-0.0070969406314625606,0.009818755393075296,0.0003506151004339467,-0.025139656072432136,0.8992231399736049,-0.03609493687968736,0.32207197634060436,0.8405956418356397,0.8283573565196404,0.8344764991776401,403.0,86.0,-55.0,0.11078976311137594,-0.010641719057385491,-0.010555050519731626,0.008142001352581967,-0.008584043117543454,-0.010547329517734376,0.013273321297605802,-0.00773739407368166,0.03243868195668728,-0.008730149446299391,-0.026740668681952576,0.3843232333275156,-0.11926625420696292,0.07444944315734552,0.19902971395524674,0.12891450533031476,0.16397210964278075,801.0,211.0,-10.0,0.19195833070835097,0.0037102765260241476,-0.024179624400925834,-0.007379151827664522,0.014314930299448716,0.005341804572486209,-0.008763305116898929,-0.004596134721677904,0.04024741773249382,0.0028581231377348315,-0.026272891411156293,0.1029215364845448,-0.1951730626027395,0.02239214550391681,0.04195419981545321,0.006965356364220056,0.024459778089836633,0.07405027873932175
cfb_20250921_fres_haw,CFB,7,1074.0,295.0,-45.0,0.03928769428603688,-0.013160969205533357,0.023722653249811102,0.0007963478946364321,-0.019924171652055893,-0.006430967116828335,0.05411992321996454,-0.016458259080849216,-0.033153682493093646,-0.0032465767822586534,0.034421029971866406,0.14065871838237143,-0.09044817790285145,0.014804740626316986,0.09064346571787689,0.07683521490052506,0.08373934030920097,100.0,82.0,-40.0,0.04178873317682799,0.030163413840810574,0.01939861236759686,0.02803877508887159,0.0052917174435267245,0.007752402644312634,-0.00738622426055505,-0.020345660285096375,0.018638496261538136,-0.058692719118369124,0.0031793780590190493,0.46937482272305103,-0.05863950609731528,0.05187071582287375,0.43309716001203924,0.42058460272753834,0.4268408813697888,310.0,63.0,0.0,0.080141524178527,-0.027813775994422578,0.1516253048539943,-0.0009304328346718369,-0.0679058723799156,-0.046990986553485756,-0.06652108799740838,-0.022197272940381513,-0.012599591815264478,-0.015869865678039347,0.0969227790066234,0.5590541407372484,-0.05228343915859185,0.0662876689724794,0.6105366717781944,0.5087273526516807,0.5596320122149375,764.0,232.0,-45.0,0.06328391611312298,-0.0025313364860568618,0.0004360683181741881,0.002864548627436805,-0.010994758690477351,0.022757763237100662,0.07670029677747323,-0.01199445504395508,-0.03689614428423278,0.006680348970722209,0.02331285724724934,0.04258249664207288,-0.0992988816548796,0.004416458107147987,0.011062930384293866,0.00985500590370953,0.010458968144001698,0.1264958013099274
nfl_20250921_dal_chi,NFL,7,824.0,324.0,-15.0,0.08170211055254634,0.019963555575375977,-0.03885302149217846,-0.019961638964933748,-0.03333696464278114,0.03115594603541092,-0.009784855619353328,0.010567321283731427,0.010117215428480214,-0.021993390571227563,0.02653827579275698,0.1817159340150164,-0.13484587890492075,0.02994515700826703,0.0828212753767784,0.045199537541590236,0.06401040645918432,320.0,44.0,,,,,,,,,,,,,,,,,,,396.0,181.0,-15.0,0.1104981599693708,0.009432783599042963,-0.05942554564839984,-0.06338025657003893,0.013745746254338732,0.07290353424660839,-0.014288312856759971,0.021699548444935948,0.01579602308457192,-0.03462039816381219,-0.001635374533101937,0.15345160549349263,-0.1492287970004397,0.02705031234384314,0.07291445310679599,0.036326879057259884,0.05462066608202794,428.0,143.0,-25.0,0.07274930541505421,0.028931930403615774,-0.020856212740454603,0.021783178173959115,-0.08796619815353472,-0.011996214942939853,-0.006638620965823557,-0.0005438385646526916,0.003987690975532135,-0.013876187881298577,0.059261111036784685,0.2673537775775854,-0.17292372766113964,0.06310250487628646,0.13244633601267913,0.08614997483215475,0.10929815542241694,0.07405027873932175
nfl_20250921_la_phi,NFL,7,1259.0,492.0,-10.0,0.4152604120024593,0.0017342979760989136,-0.2541998328616482,0.1634252455344315,-0.11978480451528595,-0.11911350526380789,-0.018924243530113922,0.009681378478195208,1.0637047850986477e-05,-0.006054041190801632,0.026820519332780023,0.134764711419075,-0.2944739121320979,0.045865780456105995,0.01858819659701361,0.010000672902979929,0.01429443474999677,644.0,42.0,,,,,,,,,,,,,,,,,,,432.0,136.0,-10.0,0.08593352523887639,-0.07725696490116946,-0.04158300986664501,0.015953407004258187,-0.040606497816410105,-0.004324581418658005,0.021684516467888996,0.054022666981048795,-0.06152344928920846,0.02723762243661153,-0.011724464988339869,0.20357831774700685,-0.17936848564645663,0.04584949829772989,0.04463345311139094,0.03528362160146775,0.03995853735642935,827.0,356.0,-10.0,0.45396909388675344,0.008524860272136371,-0.27684149970657723,0.17722525986925386,-0.12720479826521522,-0.1301376425782513,-0.021787929585707463,0.00533995857465784,0.008712277222682767,-0.00943598241466673,0.032899009307197385,0.12341097192523194,-0.3286464793009775,0.04626863915855429,0.01464893262504907,0.007650368581794703,0.011149650603421886,0.07405027873932175
nfl_20250921_cin_min,NFL,7,521.0,115.0,0.0,0.09798711201149077,0.07643982442723123,0.04107709220868152,-0.010910959748229651,0.0050376792329483305,-0.033867771504068556,-0.017798426548776555,-0.05554164879453743,-0.004806279391357157,-0.03927114060542371,0.007487103146113736,0.0,-0.14212297721915065,-0.0040407352158560615,0.016184076683847175,0.00043428160240581285,0.008309179143126495,502.0,71.0,5.0,0.06512114377075814,0.03887762349080847,0.01797735193087965,0.017468088441069198,0.010661573274537275,-0.038524271647614926,-0.017104468156945465,0.016702971180842026,-0.04208718988057238,-0.05603909704981373,0.0005064854329899757,0.8795434889785421,-0.049464950277451195,0.3611807662387742,0.8555722147181294,0.8241978035087175,0.8398850091134235,406.0,79.0,-35.0,0.1003769264940373,0.06139455178026036,0.03471540872031246,0.009951253165746094,0.0018927251013560406,-0.046730353560751135,-0.011501449186440806,-0.07323121332557793,-0.012463321284021932,-0.072070732244153,0.007536022755481822,0.058063175193359226,-0.15047791794564708,0.009275808612964679,0.034046746330874046,0.0021314395711207372,0.018089092950997393,115.0,36.0,,,,,,,,,,,,,,,,,,,0.07405027873932175
nfl_20250921_ari_sf,NFL,7,1106.0,403.0,-10.0,0.15264669425252458,-0.008320459607705187,0.04197003475571124,0.008610319425533735,0.007051062112077492,0.010451312362953071,0.020711914573024872,0.0006064558628151669,0.03751005720010055,0.022186385438206502,0.02702701289259187,0.0,-0.19656472177966508,-0.017305704864283632,0.006049716788681997,4.340610885553736e-06,0.003027028699783775,389.0,77.0,-5.0,0.1018873988871191,-0.04061286969074336,-0.020075020397358246,0.004552116849549772,-0.00967568394229706,0.01150205946334469,-0.04430608310930404,-0.02707179103839115,-0.0026080087916233227,0.0336021541637955,-0.04465006930727809,0.6453458866817006,-0.04943418656963823,0.0899528519934008,0.5187516915512507,0.4829240729589288,0.5008378822550897,398.0,116.0,-20.0,0.10943586727967067,-0.03872247976809207,0.01122346807512083,0.0647874769392607,-0.012552660330409691,0.08120420261517362,0.041586569239266395,0.010408472945937395,-0.00873549803172987,-0.009857320224694776,0.0018915713497248902,0.21213358712497682,-0.17271468628294978,0.04650355104829051,0.0535714380013095,0.05020939026229106,0.05189041413180028,708.0,287.0,-15.0,0.17155772506197856,-0.002168558138723996,0.045765329490019206,-0.002575918158949599,0.009301987628806256,-0.0036156598050804804,0.018676744476609875,-0.001278916606948674,0.042954066200845964,0.028887579371031792,0.03004988893182647,0.0,-0.2039872504522081,-0.02789260853671773,0.014853673483943041,0.001401454182964844,0.008127563833453942,0.07405027873932175
nfl_20250921_no_sea,NFL,7,219.0,78.0,15.0,0.08978552050944184,0.007814704021621193,-0.021152155848607492,-0.004054362680553814,-0.016345783302116633,0.004636585973495339,0.054131482572991975,0.001653976300637672,0.045835426934579954,-0.015566580917291309,-0.03221865979268624,0.4348022249700836,-0.06955772192742657,0.053510211104943944,0.2419680149656145,0.20558422176180557,0.22377611836371003,262.0,17.0,,,,,,,,,,,,,,,,,,,219.0,61.0,15.0,0.08985460720429107,0.031720533546268255,-0.013880816622818096,-0.017119748144393442,-0.009264754443847925,0.018672310756448256,0.06458524451178298,0.006355595085354502,0.05286446339156961,-0.06481513876058449,-0.02741866378588553,0.48312074528498367,-0.08094861607058582,0.07566168572072363,0.3169592494735737,0.2720209264156213,0.2944900879445975,0.0,17.0,,,,,,,,,,,,,,,,,,,0.07405027873932175
nfl_20250921_ind_ten,NFL,7,544.0,96.0,-25.0,0.04579430501370723,-0.014577565897049513,-0.043412833274476446,0.010924335889846452,-0.017909501865570374,0.013334084932943977,0.013798186520453826,0.007389581117615057,0.005116551152349698,0.011946971168120357,-0.015078405778019843,0.38409551459272234,-0.0451748891559178,0.028172342803344706,0.10852725956857857,0.10483767601728607,0.10668246779293232,282.0,37.0,,,,,,,,,,,,,,,,,,,311.0,51.0,-25.0,0.08128298199444482,-0.04271718464625887,-0.06418919684223419,0.017838576218254496,-0.016396965030244823,0.0350051802265793,0.029868236108394335,0.027712205850142026,0.02578491313325073,0.04383154040892921,-0.020831445841119286,0.25688991029022173,-0.06089031248756622,0.021049514909134773,0.04531684822049562,0.030679811662119704,0.03799832994130766,233.0,45.0,,,,,,,,,,,,,,,,,,,0.07405027873932175
nfl_20250921_atl_car,NFL,7,746.0,229.0,-35.0,0.07094348526624263,-0.005490072802614768,-0.013533240654208148,0.0037145186866638625,0.021582518019641436,0.012672076346977163,0.021654300801489702,0.007788727714412913,0.003530460518736669,0.03818439212521522,-0.012524014536134128,0.14019679328715687,-0.131674911815345,0.02147049493273864,0.04630805373380271,0.01792120467944891,0.032114629206625805,331.0,41.0,,,,,,,,,,,,,,,,,,,361.0,128.0,-5.0,0.10872561954945867,-0.018756457755470343,-0.02603643433639543,0.012217082685631753,0.003735763218763821,0.004322350441829965,0.06963209645036159,-0.016487682093263557,-0.027679187864235733,0.048020658513784696,-0.015643827300949077,0.15828260048421816,-0.1396692446235634,0.02626441042967833,0.05388180830063602,0.02616940919580709,0.04002560874822156,385.0,101.0,-35.0,0.10948268721836038,0.013800155952122773,0.0015470382520323426,-0.00694421838971223,0.044815534435161626,0.025625418398972415,-0.034561012283666794,0.04271783647420786,0.042029146409723876,0.02621242549181426,-0.005651197220012402,0.08744363975916002,-0.12221742985501564,0.011711207520061414,0.024246918789152708,0.005572217873589183,0.014909568331370946,0.07405027873932175
nfl_20250921_gb_cle,NFL,7,1161.0,307.0,-10.0,0.24711561890191927,0.004817330922670756,-0.0022832174472834444,0.0005165589499470272,0.011454998286219993,-0.0829019521093971,0.013990744062071604,-0.016740057157026485,0.06835315681093068,-0.028276750503060565,0.049556367797947865,0.17547927294600535,-0.2246765296143996,0.047816959320883895,0.11474936126147658,0.031109754469973834,0.0729295578657252,367.0,38.0,,,,,,,,,,,,,,,,,,,411.0,60.0,0.0,0.061666214634158056,0.0451944741995595,-0.03299067962971186,-0.06165183723024169,-0.007885146124299818,-0.016920789809723256,-0.028870906758521084,0.013074563137223546,-0.005750442416647212,-0.0008959321830606874,-0.00816221329738956,0.3774674526472231,-0.08429887402754901,0.05111392388320585,0.15417327723306204,0.08637672942391997,0.120275003328491,750.0,247.0,-10.0,0.2797443555215723,-0.0001671687643513755,-0.00010589092765346354,0.008624917626166686,0.012842230296707717,-0.09329412016995192,0.01727720733185281,-0.019810411032583842,0.07459770474594833,-0.030691220545151228,0.05432278103780649,0.14971366241011147,-0.26427790796286965,0.04653257584656984,0.10188966041798853,0.023973360319892084,0.0629315103689403,0.07405027873932175
nfl_20250921_lv_was,NFL,7,822.0,120.0,-25.0,0.06977661261205992,0.011779563848877,-0.03556748695943993,-0.01009913559603663,0.02368559424541701,0.011119797571567114,0.048346939777484825,0.020810994982716553,0.030656172920707166,-0.0014682900648086221,0.01321339209650808,0.22454033664418777,-0.10296972303595299,0.02981567883827231,0.05559210337470323,0.0368305139002818,0.04621130863749252,516.0,54.0,-15.0,0.06321214649118,0.008702819486104529,-0.006892555357288925,0.011247682840117934,-0.0031496756064150044,-0.009369616845887005,0.0009979707474106238,-0.04652824833262554,0.008537994240174514,-0.005328612580158093,-0.004333516441922504,0.8875347239902075,-0.026500258042818723,0.20913032041689458,0.8537555646880939,0.8109979251204614,0.8323767449042776,398.0,53.0,-25.0,0.1271139892056698,0.02582399357776645,-0.07386044105138005,-0.015583571084951698,0.03230889073246366,0.021860637908535988,0.08190464160947028,0.10510043416799243,0.04142023395712722,0.018465074588628536,0.009720943523563874,0.10197460857932149,-0.145880056820955,0.01656530186781478,0.008865556169655273,0.007655944819251683,0.008260750494453477,424.0,67.0,0.0,0.09168684057137189,0.0063956723254865585,0.019067729651998645,-0.008937030696883098,0.017122775105564373,0.007358357785132449,0.008046417127258848,-0.018751604707838276,0.02302543515720351,-0.011538372147147162,0.023905512073001924,0.4866442427223395,-0.05096396199536858,0.04831214677105854,0.2601686517466079,0.17566423465766637,0.21791644320213716,0.07405027873932175
nfl_20250921_pit_ne,NFL,7,1049.0,319.0,-10.0,0.16100635386063367,0.026415506096499796,0.05552551900352404,0.004861258697599409,0.028235393250720612,0.03258345104435529,-0.012147309844524673,0.00291492869551919,-0.012202421677675664,-0.0011350066401472907,0.001502846364085748,0.12326326260846068,-0.10705202656570344,0.015050791760586664,0.037001378740233404,0.016011049958486595,0.02650621434936,490.0,41.0,,,,,,,,,,,,,,,,,,,415.0,103.0,-10.0,0.06368948563798761,0.04189587774577175,-0.03731037660881422,0.014605266899058545,-0.006226259990316743,0.0029395727854458183,-0.007344805082172376,-0.0022855753072336528,-0.0033520019456292406,-0.024890446605783573,0.016164106363106286,0.265338271290035,-0.04166423762064362,0.015047900758749391,0.14355789818974862,0.09822943237433307,0.12089366528204085,634.0,216.0,-10.0,0.1980727726648952,0.02679742482877851,0.08259814926597571,0.004055050662839638,0.038218036942144866,0.03890038168323279,-0.013643460481834254,0.00357156361928577,-0.014954299935755595,0.0015303575805011471,-0.003137092862690053,0.08203185973510072,-0.21242018409924132,0.018982382920070425,0.02132198837193294,0.006157212874518261,0.0137396006232256,0.07405027873932175
nfl_20250921_den_lac,NFL,7,1154.0,521.0,-10.0,0.10558429122054902,-0.020379453137803948,0.011531746544603878,-0.014299932915159224,-0.009678702942289416,-0.004452381979849587,-0.004267026179403567,0.000829438461833672,0.013406799986722721,-0.015028909626692462,0.005458854030800405,0.034065629338054834,-0.18652738857893456,0.006578265639694399,0.005909915522238275,0.0013643238727411029,0.003637119697489689,295.0,34.0,,,,,,,,,,,,,,,,,,,394.0,165.0,-10.0,0.0929401121509605,-0.03763353139441445,0.02039839266110307,-0.001443122356170931,-0.018792243429267278,0.032116423415598255,-0.014036691345860346,0.020489092717203675,0.028895527884506955,-0.0220524033810439,0.020507011997613154,0.01626345658737124,-0.19164201661339014,0.0031682889472581296,0.004009328399296713,0.0003108210008181185,0.002160074700057416,760.0,356.0,-15.0,0.1181868473822462,-0.013168642677506065,0.008143071414806656,-0.01942463094419836,-0.007391790799945298,-0.019303964746830285,-0.0017219699638368383,-0.007016638612953699,0.008125639520902358,-0.012090482088265563,0.000286114338283463,0.056295957921600345,-0.18896068407019395,0.011272308101832534,0.009958025454069304,0.003899999100195129,0.0069290122771322165,0.07405027873932175
nfl_20250923_det_bal,NFL,8,1016.0,628.0,-10.0,0.2263356609596122,0.0015748724275997826,-0.047478477042567614,0.028204573732256568,-0.030889925866280477,-0.012510214867053502,0.014189205338039246,-0.006495239300335385,0.01291628068248465,-0.015282720528007698,-0.022097922513675584,0.0844555727318721,-0.31647484528124237,0.0291936289680788,0.025856260404333135,0.0045914644072137245,0.01522386240577343,713.0,99.0,-55.0,0.05496191448977415,-0.0015244949621652315,-0.018759071037257425,-0.0016431788719840725,-0.0056740278691598785,0.0316353836096116,0.007933895763621364,0.04128760286209625,-0.03428159140388357,-0.03656504739217452,-0.031768974740855944,0.8601597036471992,-0.06554493234585734,0.40316783539953627,0.7877721789692498,0.7485000680502034,0.7681361235097266,379.0,228.0,-5.0,0.187522048673658,0.027131014665274466,-0.01672884138518317,0.00856918857522094,0.03002223594143012,0.007097154900794415,0.05943158919402157,-0.001265779588508683,0.0030476427126401888,-0.03268961838639418,0.009980546606899152,0.12717812072426937,-0.24711278858422897,0.03600659058312607,0.02814534298386576,0.013340915906598647,0.020743129445232204,637.0,400.0,-10.0,0.288704560996555,-0.008838354152765118,-0.05668564076326961,0.036786663118905834,-0.04760361058749384,-0.020528320510282687,0.002208077246699028,-0.008503952084136814,0.014966469907558566,-0.00780159657291786,-0.03158639310972085,0.06814057989263438,-0.35805430156306306,0.02618209057622473,0.025926903085385044,0.0026584765421443714,0.014292689813764707,0.06421366631703954
cfb_20250925_army_ecu,CFB,8,485.0,48.0,,,,,,,,,,,,,,,,,,,109.0,7.0,,,,,,,,,,,,,,,,,,,242.0,22.0,,,,,,,,,,,,,,,,,,,243.0,26.0,,,,,,,,,,,,,,,,,,,0.13527035681994454
nfl_20250926_sea_ari,NFL,8,1086.0,563.0,-10.0,0.16746632759457492,0.01699890339115215,-0.039349353674844864,-0.008135540790725648,0.017028959160595752,-0.01644690893535886,0.015434651942263998,0.005766922946886656,0.031071577155040265,-0.00567464350872757,-0.005706025514806561,0.032481442874013715,-0.2413572074776809,0.008102821686651045,0.01573294569057211,0.000910155458541551,0.008321550574556831,631.0,107.0,40.0,0.049678380571119396,0.007338555291715085,-0.02920349532993381,0.006757662002909239,0.044445435695318315,0.009465429258663862,0.023139269195056655,-0.006855591402734424,0.04594982290697344,-0.01666359295553793,-0.0030704987705768784,0.8469390356513964,-0.08747915341113602,0.4840522869102387,0.7625754194023969,0.7411951193353629,0.7518852693688799,406.0,198.0,15.0,0.09352873408517015,-0.02076911579064167,-0.06819936330444865,0.06850074963674124,0.06949092111690343,-0.061727040796745465,0.029275300801957324,-0.0023381167086315227,0.06471928143813328,-0.0298056701954595,-0.012275675383044088,0.0100364014415767,-0.3041508514419151,0.003083527564360507,0.02432183877163509,7.63118021298956e-05,0.012199075286882494,680.0,365.0,-10.0,0.20413060305855646,0.02473139350555867,-0.02440809835913153,-0.02397662022944876,-0.007261609135081539,-0.010239591235682863,0.01028816259376677,0.006781740029049318,0.0173001447594893,-0.002392476459926148,-0.002479752873677051,0.03465514216638692,-0.2183287858336871,0.007837836448480033,0.009673340678021105,0.0010679373166454075,0.005370638997333256,0.06421366631703954
cfb_20250926_fsu_uva,CFB,8,1591.0,611.0,-10.0,0.18979279150544398,0.031191930854175928,-0.008990233754258824,0.0032711430907892045,0.044562321502681926,0.0405478040497189,0.03265128319111233,0.018618825412151117,0.03359678438611195,0.017628990027262374,0.006744051255415313,0.06067683752310188,-0.2568979727641517,0.01659466856147929,0.022166128668286798,0.0062526752195913235,0.01420940194393906,540.0,28.0,,,,,,,,,,,,,,,,,,,427.0,178.0,25.0,0.12053367226944701,0.07738638625800796,-0.0012067704051760015,0.05449911417415006,0.1055019043597309,0.1330332192563132,0.01870987879725746,0.040410854083295186,0.021712356418819013,-0.006488099799644461,0.002295217754742098,0.17044511064857182,-0.22406684917883057,0.04603806136423549,0.14407244944680636,0.06555643878341129,0.10481444411510882,1164.0,433.0,-10.0,0.22968004583799992,0.013637226282576272,-0.012043281299146912,-0.02046520269963205,0.029304201160424984,0.0023677558955311133,0.03602717052294374,0.011398465470019553,0.03636588693451572,0.03102225291110288,0.006886818582297294,0.03455609015999338,-0.26641347930139264,0.009535725604299588,0.010685864500684117,0.0018618054687118974,0.006273834984698007,0.13527035681994454
cfb_20250927_usu_van,CFB,8,740.0,42.0,,,,,,,,,,,,,,,,,,,149.0,5.0,,,,,,,,,,,,,,,,,,,391.0,27.0,,,,,,,,,,,,,,,,,,,349.0,15.0,,,,,,,,,,,,,,,,,,,0.13527035681994454
cfb_20250927_uk_scar,CFB,8,788.0,54.0,-40.0,0.09880418565182028,0.008578852404672698,-0.07707705901592182,0.06255946013606399,0.0548223849288024,-0.04281322358301282,-0.001951292339332312,-0.017736847505282143,-0.03647566464110692,-0.019067345772208665,0.021855392169215785,0.18262397194801666,-0.03649183950578938,0.008153266606214897,0.06268661374003684,0.024850873312061164,0.043768743526049,129.0,6.0,,,,,,,,,,,,,,,,,,,419.0,38.0,,,,,,,,,,,,,,,,,,,369.0,16.0,,,,,,,,,,,,,,,,,,,0.13527035681994454
cfb_20250927_duke_syr,CFB,8,842.0,57.0,-15.0,0.09715404613216276,-0.017245707797962206,0.05409328486853124,0.003416141397218052,0.011911213619562147,0.03470709139638219,-0.007690462648629511,0.002771364030783337,0.018380229489632652,-0.006700959363991844,-0.0074666971485696015,0.2591733781274742,-0.05349614041246082,0.018715276986718328,0.053533806071999285,0.04321246314587251,0.0483731346089359,272.0,13.0,,,,,,,,,,,,,,,,,,,454.0,39.0,,,,,,,,,,,,,,,,,,,388.0,18.0,,,,,,,,,,,,,,,,,,,0.13527035681994454
cfb_20250927_mass_mizz,CFB,8,101.0,8.0,,,,,,,,,,,,,,,,,,,6.0,3.0,,,,,,,,,,,,,,,,,,,97.0,4.0,,,,,,,,,,,,,,,,,,,4.0,4.0,,,,,,,,,,,,,,,,,,,0.13527035681994454
cfb_20250927_mem_fau,CFB,8,275.0,40.0,,,,,,,,,,,,,,,,,,,8.0,1.0,,,,,,,,,,,,,,,,,,,81.0,9.0,,,,,,,,,,,,,,,,,,,194.0,31.0,,,,,,,,,,,,,,,,,,,0.13527035681994454
cfb_20250927_ariz_isu,CFB,8,682.0,33.0,,,,,,,,,,,,,,,,,,,130.0,3.0,,,,,,,,,,,,,,,,,,,397.0,14.0,,,,,,,,,,,,,,,,,,,285.0,19.0,,,,,,,,,,,,,,,,,,,0.13527035681994454
cfb_20250927_lou_pitt,CFB,8,1320.0,92.0,5.0,0.06729059958876969,0.04179880369987907,0.004354319667332229,0.0014197863745589463,0.006188724535212214,-0.017452157353481344,0.02561607703638408,0.023356573018379193,-0.0014590448887434558,0.02160226086781577,-0.008027740729875426,0.0,-0.03515833499581158,-0.004093704553348799,0.009734348620146226,0.0001791247143388729,0.004956736667242549,178.0,4.0,,,,,,,,,,,,,,,,,,,385.0,22.0,,,,,,,,,,,,,,,,,,,935.0,70.0,5.0,0.09355708518842205,0.024137219430646624,0.01402078136363334,0.0340504473815249,0.027404534916643138,-0.03512182244720083,0.026770250694801247,0.03058057955910351,-0.016867363069454536,0.029912470382967057,0.0008534635583230558,0.04021208832928806,-0.04562839550817695,0.0019116859549779342,0.015053754606306941,0.0010419776091081523,0.008047866107707547,0.13527035681994454
cfb_20250927_sjsu_stan,CFB,8,1246.0,62.0,-30.0,0.16665052435548544,0.008280999725936366,0.01769694617046228,0.0021057609233815027,0.01596755502326158,0.02264417213067415,-0.05165801114431673,0.02425786192776686,0.10773138301012171,-0.04862204006452441,-0.004411300532001296,0.0,-0.048740569499269464,-0.0007410176568437453,0.009044010202858261,0.0002440850926078178,0.004644047647733039,100.0,8.0,,,,,,,,,,,,,,,,,,,336.0,18.0,,,,,,,,,,,,,,,,,,,910.0,44.0,,,,,,,,,,,,,,,,,,,0.13527035681994454
cfb_20250927_ind_iowa,CFB,8,1246.0,74.0,-5.0,0.10325214111055442,0.014351286281443004,0.03057086242153696,-0.008298471358227227,0.0027782328692451466,-0.0019817422553536413,-0.019391160068887595,0.020673249741308613,0.004766711232608173,-0.020760297565211253,0.02637871956239175,0.0,-0.059325906865618505,-0.012397564601036101,0.03499431949490763,0.012186839783223552,0.023590579639065593,213.0,4.0,,,,,,,,,,,,,,,,,,,367.0,11.0,,,,,,,,,,,,,,,,,,,879.0,63.0,-5.0,0.12408383305647915,0.023278047318261816,0.035622096603707035,0.008051716222934617,0.011147097816640363,-0.0071260728325947854,-0.02726467346298086,0.0317327904412913,0.004237023404671607,-0.015120682544754228,0.03383213856723805,0.0,-0.06841568154544819,-0.016154183062848642,0.0513866680997572,0.02131228404191516,0.036349476070836176,0.13527035681994454
cfb_20250927_ucla_nw,CFB,8,787.0,83.0,-35.0,0.027743486498019644,0.06759316028482268,-0.0006115571394514354,-0.014705984594649724,0.03722028064114058,0.01616558486433285,-0.003757461037099,-0.01935608085674725,0.012852113021361177,-0.008463707462690737,0.01724129769736095,0.03603382364532216,-0.012343114014399616,0.00046139543537815326,0.018318323285437185,0.011512161593243192,0.014915242439340188,87.0,3.0,,,,,,,,,,,,,,,,,,,324.0,27.0,,,,,,,,,,,,,,,,,,,463.0,56.0,-35.0,0.03281193729242489,0.07647369667843071,-0.0004453304634224683,-0.017381611635587844,0.050495761575680226,0.02727454333447442,-0.00653693688612031,-0.024436535573168966,0.02061390576936815,-0.0030737801952300443,0.025861707903928957,0.015948937005979106,-0.012690199196509445,0.00020567549306095873,0.006485576398882304,0.0027612270302797095,0.004623401714581006,0.13527035681994454
cfb_20250927_ucf_ksu,CFB,8,1019.0,43.0,,,,,,,,,,,,,,,,,,,241.0,8.0,,,,,,,,,,,,,,,,,,,391.0,20.0,,,,,,,,,,,,,,,,,,,628.0,23.0,,,,,,,,,,,,,,,,,,,0.13527035681994454
cfb_20250927_tuln_tlsa,CFB,8,112.0,11.0,,,,,,,,,,,,,,,,,,,6.0,1.0,,,,,,,,,,,,,,,,,,,50.0,5.0,,,,,,,,,,,,,,,,,,,62.0,6.0,,,,,,,,,,,,,,,,,,,0.13527035681994454
cfb_20250927_rutg_minn,CFB,8,1318.0,121.0,-15.0,0.06362425308727174,0.0021597126588827928,-0.01290904039357292,-0.023549177696862073,0.0016757946957731463,-0.019259407448779763,0.01355155375236923,-0.08664333402802812,0.052768753797151235,0.005358961079151893,0.03995985522609727,0.0,-0.04667369221752721,-0.0005382139054154028,0.0037433659568737276,0.0001135343913263032,0.0019284501741000154,200.0,10.0,,,,,,,,,,,,,,,,,,,401.0,31.0,,,,,,,,,,,,,,,,,,,917.0,90.0,-20.0,0.07237712471632421,-0.021971785259847415,-0.03145084737090506,-0.020945970262535193,-0.003622634580165896,0.028603924501931607,-0.003971200963359924,-0.02647364200031145,0.0770395238745977,0.009592469545117272,-0.006264887791327241,0.0,-0.04945614009846516,-0.0017550966141650017,0.0007583863175982287,2.173271126743428e-05,0.0003900595144328315,0.13527035681994454
cfb_20250927_cin_ku,CFB,8,1270.0,109.0,-20.0,0.14401147048177323,0.011394694757269506,-0.028022759000065352,-0.013043602450653986,0.004829688420137281,5.210709662726592e-05,0.015598985006328408,-0.02242592916015712,0.030712896078084403,0.023256065641313453,-0.015950523690154473,0.038963475561757714,-0.06246032502877439,0.0025323401202266027,0.0015081839419463638,0.0010015108393339773,0.0012548473906401705,114.0,4.0,,,,,,,,,,,,,,,,,,,353.0,22.0,,,,,,,,,,,,,,,,,,,917.0,87.0,-20.0,0.1516956232514938,0.012271357498983091,-0.03262998942856557,-0.01085875280129035,0.003574295837185126,-0.014633536332836145,0.01758819797439893,-0.03922645755112146,0.0344646463156041,0.00679313691916586,-0.017494300186665923,0.011505118401191656,-0.06986081730383747,0.0008131119236395629,0.00011914123414712635,8.914647076263213e-05,0.00010414385245487924,0.13527035681994454
cfb_20250927_bay_okst,CFB,8,902.0,74.0,-40.0,0.07881994418743324,-0.01186184939569471,0.022569982322834588,-0.02420255184664087,-0.004264376190163149,-0.012701295600935107,0.03422936487195714,-0.005398946654777712,0.00964711207611453,-0.03128728829979089,0.009997105520808904,0.31862707743742097,-0.033359493011691645,0.015599736078642252,0.11574959262794478,0.09480288567425543,0.1052762391511001,52.0,0.0,,,,,,,,,,,,,,,,,,,308.0,38.0,,,,,,,,,,,,,,,,,,,594.0,36.0,,,,,,,,,,,,,,,,,,,0.13527035681994454
cfb_20250927_cal_bc,CFB,8,1210.0,110.0,60.0,0.21353155572783833,-0.04117117599734595,-0.05309823561705864,0.006003613398508564,-0.026804252261328456,0.0051783979342469024,-0.0052280258891908744,-0.07185731678201288,0.019273142656012345,0.057936065321248696,0.04228914500488932,0.24098837428878145,-0.09608517976485746,0.03050732094265479,0.14149216390500322,0.09812067933479736,0.1198064216199003,58.0,3.0,,,,,,,,,,,,,,,,,,,345.0,7.0,,,,,,,,,,,,,,,,,,,865.0,103.0,60.0,0.2232593590930349,-0.042410064564676594,-0.06050861248588972,0.00608616811981618,-0.03022265480598488,-0.00011824280351956891,-0.00514607896069972,-0.0734992026722166,0.022645960943844506,0.06431369305275975,0.04878625399847841,0.24200755560954537,-0.11255278354835974,0.03593521838531377,0.15069719693425618,0.10345740316950634,0.12707730005188125,0.13527035681994454
cfb_20250927_nd_ark,CFB,8,676.0,48.0,,,,,,,,,,,,,,,,,,,433.0,30.0,,,,,,,,,,,,,,,,,,,417.0,30.0,,,,,,,,,,,,,,,,,,,259.0,18.0,,,,,,,,,,,,,,,,,,,0.13527035681994454
cfb_20250927_aub_txam,CFB,8,1057.0,101.0,-50.0,0.1184543974993417,-0.06031952695947467,-0.005926968594531614,0.06380160807143202,-0.0028623081032286444,-0.08182087414828712,0.0007693805209973988,0.013190302015223672,0.32843111780398193,0.012153071768612233,-0.010547869467479955,0.03252377689064299,-0.0777117280524643,0.002612445499530361,0.008326745518256877,0.0015858075703557672,0.004956276544306322,278.0,6.0,,,,,,,,,,,,,,,,,,,304.0,20.0,,,,,,,,,,,,,,,,,,,753.0,81.0,-50.0,0.14634429219746,-0.07948811270483502,-0.007293375802028267,0.07701552772198252,0.0048768140007155805,-0.11966032306873374,-0.0037220910024490686,0.01576678252763086,0.34869480388282176,0.026668057157304876,-0.011314234111890325,0.005602254509811883,-0.0851670571331896,0.0004798155789026028,0.005157524196274632,5.610875696067915e-05,0.0026068164766176556,0.13527035681994454
cfb_20250928_lt_utep,CFB,8,206.0,34.0,,,,,,,,,,,,,,,,,,,7.0,3.0,,,,,,,,,,,,,,,,,,,19.0,12.0,,,,,,,,,,,,,,,,,,,187.0,22.0,,,,,,,,,,,,,,,,,,,0.13527035681994454
cfb_20250927_mtu_kenn,CFB,8,263.0,16.0,,,,,,,,,,,,,,,,,,,,,,,,,,,,,,,,,,,,,,,60.0,6.0,,,,,,,,,,,,,,,,,,,203.0,10.0,,,,,,,,,,,,,,,,,,,0.13527035681994454
cfb_20250927_wsu_csu,CFB,8,161.0,33.0,,,,,,,,,,,,,,,,,,,15.0,2.0,,,,,,,,,,,,,,,,,,,72.0,14.0,,,,,,,,,,,,,,,,,,,89.0,19.0,,,,,,,,,,,,,,,,,,,0.13527035681994454
cfb_20250927_akr_tol,CFB,8,29.0,2.0,,,,,,,,,,,,,,,,,,,5.0,2.0,,,,,,,,,,,,,,,,,,,29.0,1.0,,,,,,,,,,,,,,,,,,,0.0,1.0,,,,,,,,,,,,,,,,,,,0.13527035681994454
cfb_20250927_uri_wmu,CFB,8,62.0,7.0,,,,,,,,,,,,,,,,,,,5.0,7.0,,,,,,,,,,,,,,,,,,,61.0,3.0,,,,,,,,,,,,,,,,,,,1.0,4.0,,,,,,,,,,,,,,,,,,,0.13527035681994454
cfb_20250927_osu_wash,CFB,8,934.0,119.0,-15.0,0.07486474792671315,-0.010833908244648392,0.049257822388978446,0.0016122344757286428,0.01827322659189237,-0.038462857849300446,-0.025023452235450546,-0.02955005791476998,0.0007132065567537135,-0.015826962799655682,0.023302711750282187,0.25534300038369157,-0.056093382157236166,0.019234429420629633,0.08660877896800752,0.06151526668866789,0.07406202282833771,386.0,14.0,,,,,,,,,,,,,,,,,,,425.0,78.0,-10.0,0.07970993901566702,0.005837262663509388,0.07262194225432633,0.009658183436327555,0.0016491894869020882,-0.027405602974381472,-0.008918919336190195,-0.032317222963134114,-0.003458923463720692,-0.009644146583947936,0.030861593418822036,0.2672245622571463,-0.07871234711265021,0.028704390756055517,0.11541280683704985,0.08529084632237621,0.10035182657971303,509.0,41.0,,,,,,,,,,,,,,,,,,,0.13527035681994454
cfb_20250927_ore_psu,CFB,8,1422.0,334.0,-10.0,0.23596153730787697,-0.007932902384104885,0.040506669806875215,0.024626151528145783,-0.03716011013843623,0.011005710093879888,0.0007985947233506271,-0.05605376678507663,-0.00404546955417895,-0.006232810597825447,-0.02517764980854052,0.09010949838191304,-0.1263589711023519,0.01251375136001446,0.0224193176972273,0.011492045725620676,0.01695568171142399,258.0,32.0,,,,,,,,,,,,,,,,,,,381.0,69.0,-30.0,0.07517743576746527,0.020641376075153987,0.06278167549257416,-0.009999333170168625,0.049051923901654866,-0.020795734963888035,-0.02594037545182769,0.02201828332768777,0.05651092574817275,-0.05302422922050945,-0.036031594217961926,0.04557238286914904,-0.09346984553231223,0.004463034714066494,0.002199678916679287,0.001660372271323629,0.001930025594001458,1041.0,265.0,-10.0,0.2628995941507867,-0.013701064635424825,0.03829738296107663,0.03304528752758457,-0.04862279082301237,0.018683433260737688,0.004318576456281879,-0.07292808361805525,-0.01169572702105777,0.0045663180838408715,-0.023094144950077226,0.09726158654144768,-0.13547313290823457,0.014595957858837993,0.02753594231124791,0.014443978146040948,0.020989960228644428,0.13527035681994454
cfb_20250927_nmsu_unm,CFB,8,261.0,9.0,,,,,,,,,,,,,,,,,,,2.0,1.0,,,,,,,,,,,,,,,,,,,90.0,2.0,,,,,,,,,,,,,,,,,,,171.0,7.0,,,,,,,,,,,,,,,,,,,0.13527035681994454
cfb_20250927_utah_wvu,CFB,8,250.0,21.0,,,,,,,,,,,,,,,,,,,66.0,6.0,,,,,,,,,,,,,,,,,,,230.0,14.0,,,,,,,,,,,,,,,,,,,20.0,7.0,,,,,,,,,,,,,,,,,,,0.13527035681994454
cfb_20250927_wku_mosu,CFB,8,186.0,16.0,,,,,,,,,,,,,,,,,,,0.0,0.0,,,,,,,,,,,,,,,,,,,47.0,7.0,,,,,,,,,,,,,,,,,,,139.0,9.0,,,,,,,,,,,,,,,,,,,0.13527035681994454
cfb_20250927_tenn_msst,CFB,8,1411.0,193.0,-10.0,0.12984650492449396,0.025710797448062185,0.011980215652835304,-0.009393731194489989,0.024857960827279396,-0.0217098120034759,0.051990344670064,0.013661890845823324,0.01716160503505329,-0.0030304459105339504,0.007174065409698444,0.07775550496381874,-0.04290496202085543,0.003617367200716333,0.00914690257670737,0.004247013304574131,0.00669695794064075,193.0,7.0,,,,,,,,,,,,,,,,,,,377.0,36.0,,,,,,,,,,,,,,,,,,,1034.0,157.0,-10.0,0.16142530128325022,0.03732563720547789,0.022121392232644605,-0.011967270072020815,0.03527333534944268,-0.029381145660909803,0.04920881357157511,0.009080392509397104,0.018805506357147478,0.01395437133541751,-0.0006569121256144613,0.09353012684257145,-0.04261787514390947,0.004397338936468392,0.011966019275284397,0.007196250481042166,0.009581134878163282,0.13527035681994454
cfb_20250927_rice_navy,CFB,8,80.0,7.0,,,,,,,,,,,,,,,,,,,3.0,3.0,,,,,,,,,,,,,,,,,,,39.0,4.0,,,,,,,,,,,,,,,,,,,41.0,3.0,,,,,,,,,,,,,,,,,,,0.13527035681994454
cfb_20250927_usc_ill,CFB,8,1518.0,269.0,-20.0,0.15180494569966704,-0.004627804143907416,0.013592899810072223,0.007190583578312304,0.01384586693276936,0.04746872248615945,0.0035886708854719774,0.0697388161448371,0.05068468619130526,-0.03629376853564697,-0.006509072539496622,0.15217442955761828,-0.10050892023838345,0.018040134829558786,0.0387269154621535,0.035418240187950575,0.037072577825052036,487.0,13.0,,,,,,,,,,,,,,,,,,,395.0,40.0,,,,,,,,,,,,,,,,,,,1123.0,229.0,-20.0,0.18204121000165513,-0.0033738663430523514,0.016095337684061385,-0.0034861399961994563,0.018424150518537515,0.06265179021592414,-0.008174254545570804,0.07430629269794659,0.0719686600093467,-0.03812759737060406,0.01005138830990459,0.15506463851781427,-0.11590559678478007,0.021271283327632857,0.039028621464836266,0.037876629675042295,0.03845262556993928,0.13527035681994454
cfb_20250928_mrsh_ull,CFB,8,530.0,51.0,-55.0,0.146968106606038,-0.02577446943584087,-0.03861380245167522,-0.04554261529989957,0.00920153142648212,-0.007398759751438455,0.05560529007164192,-0.0021787222333161382,0.018765435175043636,0.013274283226744052,-0.013674570828987537,0.09028749915517223,-0.0385994842844924,0.0038309365887461257,0.0073157373159250675,0.0017645879879753426,0.004540162651950205,7.0,11.0,,,,,,,,,,,,,,,,,,,57.0,1.0,,,,,,,,,,,,,,,,,,,473.0,50.0,-55.0,0.14972180111517033,-0.0261406110778458,-0.039598224223830226,-0.04616374698571721,0.009442368652304994,-0.0075278642761375655,0.057035215053743434,-0.0022143813795584954,0.01925135648240479,0.013386279835964028,-0.014019903668300818,0.07771915173478942,-0.04604567268695468,0.0038801961777903153,0.0053727395001297844,0.0009194700881563375,0.003146104794143061,0.13527035681994454
cfb_20250927_lsu_miss,CFB,8,1432.0,355.0,-30.0,0.09132851754790768,0.002578378824898596,0.006221082856571466,0.012193980729148993,0.007214121932120018,0.0023261560473057255,-0.004705118537812888,-0.015250777876282423,0.010130051141355073,-0.0040682187604056536,0.012500583332081995,0.08379608389470809,-0.12672619883096212,0.011590388342846142,0.020828499288931334,0.009340235200890732,0.015084367244911034,427.0,23.0,,,,,,,,,,,,,,,,,,,429.0,116.0,-30.0,0.12583895056019037,-0.007095052594436303,0.015442289829485346,0.020956397787133523,-0.09250373037655582,-0.0019669533744716464,-0.005891229016063586,-0.08131732425982198,-0.012993975868452553,-0.022470427882670545,0.020048682579819826,0.0,-0.1856334808267145,-0.005569244823726796,0.001380007051377827,0.0011073508125906675,0.0012436789319842474,1003.0,239.0,-20.0,0.07782457674291351,0.004085171858566532,0.004915798592358926,0.011649503285695154,0.036474005239629535,0.002959780583495226,-0.0037836753145145626,-0.0067691089875910595,0.017796880794598305,-0.0020653169105782658,0.011797323360449323,0.11018163136291191,-0.12199809650365542,0.015106396731876194,0.025985791207471454,0.014693244554192544,0.020339517880832,0.13527035681994454
cfb_20250927_gt_wake,CFB,8,1609.0,274.0,-15.0,0.11266530501584048,0.00957813797138153,0.01418847625692271,-0.007012361660093503,0.022851389269388588,-0.010946594359472345,0.015153730067139468,-0.039385053057576114,0.016817072825161653,-0.0016778092012613992,-0.035315982350223825,0.04454877706117692,-0.11763221827393494,0.005484708524396088,0.009057517536745203,0.0038315214892939782,0.0064445195130195905,125.0,7.0,,,,,,,,,,,,,,,,,,,349.0,17.0,,,,,,,,,,,,,,,,,,,1260.0,257.0,-15.0,0.12257983198946866,0.010351334107615183,0.016251689091318914,-0.006878092757819313,0.02549537747541707,-0.014760564718169469,0.025559763156262422,-0.03777954128888717,0.020394812141177828,-0.001823701880762282,-0.03731391195884432,0.062005568083914005,-0.14632404783451491,0.009672664785209062,0.01562578024892652,0.00837067745989756,0.01199822885441204,0.13527035681994454
cfb_20250927_gaso_jmu,CFB,8,110.0,14.0,,,,,,,,,,,,,,,,,,,4.0,2.0,,,,,,,,,,,,,,,,,,,68.0,8.0,,,,,,,,,,,,,,,,,,,42.0,6.0,,,,,,,,,,,,,,,,,,,0.13527035681994454
cfb_20250927_usa_unt,CFB,8,264.0,25.0,,,,,,,,,,,,,,,,,,,23.0,4.0,,,,,,,,,,,,,,,,,,,76.0,7.0,,,,,,,,,,,,,,,,,,,188.0,18.0,,,,,,,,,,,,,,,,,,,0.13527035681994454
cfb_20250928_byu_colo,CFB,8,1324.0,236.0,0.0,0.06641762583916964,0.03807885880899243,-0.045695530962284986,-0.041338721538622884,-0.014652974888355683,0.03620135169435197,0.018407411813700255,-0.028568456912843522,-0.005770686762983494,-0.02459197057677619,-0.04866739198479351,0.17382717093025435,-0.1260250123771977,0.02651572479410263,0.09998334299650542,0.04159997744711572,0.07079166022181058,290.0,12.0,,,,,,,,,,,,,,,,,,,459.0,42.0,,,,,,,,,,,,,,,,,,,865.0,194.0,0.0,0.12776718510158808,0.04292799912196085,-0.05959657105212632,-0.007097739089388346,-0.012564632629856529,0.023208123005132256,0.029196271829486215,-0.04172254889574087,-0.008117464307047021,-0.04288609595842826,-0.057836322189779805,0.02927334303793625,-0.14083925324796895,0.004247164476184457,0.040343230354695024,0.00209073449855947,0.021216982426627246,0.13527035681994454
cfb_20250927_ala_uga,CFB,8,1366.0,423.0,-10.0,0.10873294840788497,0.00620673755346289,-0.012549107881481123,-0.00860553808520853,-0.019657478237450624,-0.0024927939775404905,-0.00853704447699473,0.009532624608992065,0.004666613555577356,-0.0003326435168900479,0.013612781451478774,0.0,-0.15465221915790237,-0.01645286944013048,0.012744439638501665,0.00808447207680059,0.010414455857651127,365.0,27.0,,,,,,,,,,,,,,,,,,,379.0,145.0,-10.0,0.14543902959469138,0.01474660956691201,-0.017528004598214,-0.030169034317947926,-0.040485443733317056,-0.0051087158103952715,0.00013461148747577774,-0.006526527719995626,-0.03661279192371824,0.023247195881637615,0.04607714025682257,0.024838824216387917,-0.11631878068845043,0.0029628145770500968,0.0114030164489318,0.0007078476329717713,0.006055432040951786,987.0,278.0,-15.0,0.13181048136930978,0.001233986148844205,-0.011536009557242701,0.004503446904629954,-0.013014724794305819,-0.0013549880285294703,-0.012465352647419178,0.022616595534712212,0.020044029655297623,-0.016998933681190015,0.0025370103804260016,0.0,-0.17215682633845486,-0.020814518497558984,0.016366847121121915,0.015017909413098543,0.01569237826711023,0.13527035681994454
cfb_20250927_bgsu_ohio,CFB,8,175.0,15.0,,,,,,,,,,,,,,,,,,,16.0,1.0,,,,,,,,,,,,,,,,,,,62.0,3.0,,,,,,,,,,,,,,,,,,,113.0,12.0,,,,,,,,,,,,,,,,,,,0.13527035681994454
cfb_20250927_sdsu_niu,CFB,8,189.0,11.0,,,,,,,,,,,,,,,,,,,10.0,3.0,,,,,,,,,,,,,,,,,,,62.0,1.0,,,,,,,,,,,,,,,,,,,127.0,10.0,,,,,,,,,,,,,,,,,,,0.13527035681994454
cfb_20250927_lib_odu,CFB,8,164.0,14.0,,,,,,,,,,,,,,,,,,,8.0,2.0,,,,,,,,,,,,,,,,,,,64.0,5.0,,,,,,,,,,,,,,,,,,,100.0,9.0,,,,,,,,,,,,,,,,,,,0.13527035681994454
cfb_20250927_haw_afa,CFB,8,338.0,37.0,,,,,,,,,,,,,,,,,,,9.0,3.0,,,,,,,,,,,,,,,,,,,104.0,7.0,,,,,,,,,,,,,,,,,,,234.0,30.0,,,,,,,,,,,,,,,,,,,0.13527035681994454
cfb_20250927_app_bsu,CFB,8,302.0,20.0,,,,,,,,,,,,,,,,,,,68.0,0.0,,,,,,,,,,,,,,,,,,,151.0,4.0,,,,,,,,,,,,,,,,,,,151.0,16.0,,,,,,,,,,,,,,,,,,,0.13527035681994454
cfb_20250927_emu_cmu,CFB,8,153.0,11.0,,,,,,,,,,,,,,,,,,,20.0,1.0,,,,,,,,,,,,,,,,,,,53.0,5.0,,,,,,,,,,,,,,,,,,,100.0,6.0,,,,,,,,,,,,,,,,,,,0.13527035681994454
cfb_20250927_jvst_usm,CFB,8,92.0,11.0,,,,,,,,,,,,,,,,,,,0.0,5.0,,,,,,,,,,,,,,,,,,,62.0,6.0,,,,,,,,,,,,,,,,,,,30.0,5.0,,,,,,,,,,,,,,,,,,,0.13527035681994454
cfb_20250927_conn_buff,CFB,8,906.0,26.0,,,,,,,,,,,,,,,,,,,32.0,2.0,,,,,,,,,,,,,,,,,,,301.0,3.0,,,,,,,,,,,,,,,,,,,605.0,23.0,,,,,,,,,,,,,,,,,,,0.13527035681994454
nfl_20250928_ten_hou,NFL,8,497.0,86.0,-30.0,0.12357398005681738,-0.0011220981654788366,-0.05962188208327762,0.004872364224681702,-0.009990539992341386,-0.002497733821313063,-0.053377737711554726,0.006333243025219064,-0.030297367051603966,0.00234753379523152,0.0043958582183574344,0.14907023317753226,-0.05670063776930646,0.009933108022708005,0.03406766382632768,0.02057931472594544,0.027323489276136557,326.0,15.0,,,,,,,,,,,,,,,,,,,205.0,25.0,,,,,,,,,,,,,,,,,,,292.0,61.0,-30.0,0.20294319313462825,0.000490621272812883,-0.10472987549261369,0.006553351178112922,-0.013761736745175997,-0.003068132731341766,-0.08526495913055841,0.007741238621805046,-0.03878519158650996,0.0015779883448317955,0.015731809594508678,0.1609793856927976,-0.07978352546723344,0.015307732252474001,0.04319493567345444,0.026469638282628084,0.03483228697804126,0.06421366631703954
nfl_20250928_ind_la,NFL,8,1015.0,373.0,-5.0,0.1781267211631986,-0.010816931992717601,0.02099899090292639,0.02929305507251387,0.00928279272769169,0.023325258945172553,-0.008510800289283969,0.009305356531569126,0.0532343543845272,0.00848159308126526,0.014337848693423267,0.1466582913721027,-0.18927275688154688,0.03252907814873868,0.053398506700484266,0.023835903393789246,0.038617205047136755,295.0,51.0,60.0,0.039312884784623,0.05302443287666523,0.064572035269039,-0.05167262096573642,-0.04358366920315276,0.05311961330259187,0.0009111684592650271,0.0045687946608070065,0.005291418069179849,0.013731821224476543,-0.034156305513183785,0.7450197122597924,-0.049023522037827276,0.14324044657050683,0.630466036727057,0.6061789239825575,0.6183224803548073,372.0,113.0,-10.0,0.11827933036923056,0.049393016462032355,0.010567870754311695,0.12577006223333828,-0.030028363363409236,-0.0014314489407964857,0.003367760602576804,-0.0676601412740724,-0.0008590321690647843,-0.026781687952342828,-0.04650652456969377,0.3581460809938192,-0.10048680122905121,0.05607031909614784,0.24761535051775846,0.18762520954167244,0.21762028002971545,643.0,260.0,-5.0,0.2031640405401878,-0.021948907704016682,0.024770448828853826,0.011884144064076828,0.02174007876534375,0.028101758206712974,-0.012540416522590286,0.023932848798901278,0.0711815559881908,0.014380551441656208,0.033972054694058576,0.0843127413996658,-0.24407232592164096,0.022473182524895247,0.026018984155014892,0.006965474065666166,0.01649222911034053,0.06421366631703954
nfl_20250929_gb_dal,NFL,8,1514.0,835.0,-15.0,0.20898713005666475,0.007447397310429541,-0.012902033328300207,-0.009749605666180427,0.015103455906952607,0.01123231207059775,0.016614849504104766,-0.029675774750165983,0.030441397282745572,0.006893321016048743,-0.028700449005223862,0.07164337080199219,-0.3068504871011304,0.02368034280872175,0.031141681234600784,0.0051861001439157195,0.018163890689258253,638.0,170.0,-10.0,0.050599280011231686,-0.0026240885051988356,0.060521953121849416,0.009647556578859668,-0.004422427419817388,0.0026559076759588565,0.03493299056293995,-0.01730819124712347,-0.03739124505692592,0.006355650037159559,0.0049764964368733105,0.6944459774496081,-0.10705692445980897,0.2433129497975432,0.5834605979900644,0.5452914129100183,0.5643760054500413,423.0,134.0,0.0,0.07459435088528102,0.023538293599238595,-0.007966876021265577,-0.06991190577789608,-0.045531228459047786,0.026764914434164393,-0.021587033862812896,-0.057942286541998296,0.06374538895622324,-0.014366310521955732,0.03629510186625937,0.280934108512781,-0.15821729671914375,0.06181441190759755,0.14445800505168607,0.07956162433910435,0.11200981469539521,1091.0,701.0,-15.0,0.22815337946418804,0.006047452813733613,-0.013222299759604105,-0.00426103904799335,0.01861401444776065,0.009921095324390172,0.01884232908897156,-0.027433305370236066,0.02867472589751104,0.008848800004482389,-0.03243437621816445,0.06817512307521179,-0.33891455465872056,0.02479601269295563,0.02818523769997078,0.004915639592176116,0.01655043864607345,0.06421366631703954
nfl_20250928_bal_kc,NFL,8,812.0,328.0,-5.0,0.07267510705248477,-0.0005761902485668716,-0.015557100036629141,0.0007580387632380877,0.0024415895305365913,-0.0015339272884406607,0.025272223042215262,-0.0011050242466965094,-0.02460181826701326,-0.0033848157637586143,0.010392966996909007,0.024658316191458047,-0.19222199087604178,0.004859702716144172,0.014102105469968452,0.000446828840031626,0.007274467155000039,556.0,88.0,-50.0,0.049396960498918625,0.03756103666299757,-0.04422768454813174,0.005491700395880676,0.004610481323037421,-0.04786207406473721,-0.04726829286544844,0.024834716550524993,-0.06402562225321938,0.01782519177989924,-0.020825243411871936,0.8382436405816696,-0.06021319102802967,0.3120330145898141,0.758528755010894,0.707304561073254,0.7329166580420741,412.0,142.0,-20.0,0.114068295500814,0.004404205762718319,-0.022936932266586864,0.009861951569266994,0.004241683190983039,-0.012363508495336227,0.01429644306414576,-0.06776204740897317,-0.01064663210652211,-0.02825282395155219,0.01962618045574303,0.10987403848502882,-0.24506655666073918,0.030250159462945486,0.04623275967871029,0.00918175093494775,0.02770725530682902,400.0,186.0,-10.0,0.056525862301422425,-0.0011263245883030594,-0.008203043312650862,0.0005670360897747296,0.00418055101024941,-0.0014879834532518109,0.03786273308917902,0.0027641916791573797,-0.03307229020167827,-0.0033339314460589294,0.011838513036964267,0.0,-0.152704565033384,-0.007564670394266488,0.0020319742849822507,0.0017301405475118967,0.0018810574162470737,0.06421366631703954
nfl_20250928_cle_det,NFL,8,713.0,124.0,-15.0,0.08076160123788041,0.0010397730056647023,0.008942452064705682,-0.007650142592546011,0.013161789396687915,0.008979328221528481,0.033652950724164715,-0.011554928507831217,-0.01882646498875301,-0.003031096230444537,0.018487430736983244,0.29941271850049767,-0.04810302010940791,0.02055797528641285,0.09549808642792806,0.07070664867539492,0.08310236755166149,447.0,18.0,,,,,,,,,,,,,,,,,,,317.0,65.0,-15.0,0.11101126373329193,-0.008993050230022647,0.00768850255069925,-0.03866670114439005,0.022569283228919716,0.04502407006023674,0.03716162890964567,-0.0927015488582386,-0.0650794284308022,0.0060182645521572545,0.027381726804256434,0.38948570774075386,-0.05212032509475914,0.03325085418080644,0.2045498663118035,0.15142437947570347,0.17798712289375349,396.0,59.0,-15.0,0.04552876215504783,0.0031984626082016453,0.0045301813317110305,-0.0035635813318700155,-0.010328476501302109,0.004263723782289187,0.021390925081601,0.0011309879756208634,0.05625922095332879,-0.005548542084854192,-0.004267847078191596,0.37302725680435794,-0.06589984411235844,0.039208144755659854,0.1334767773860832,0.11603939819366813,0.12475808778987567,0.06421366631703954
nfl_20250928_chi_lv,NFL,8,1096.0,311.0,-10.0,0.3300026335648292,0.02225223686083354,-0.0539256927503223,-0.003871642004153482,0.025304267458026084,0.02511180349652934,0.010208218240603289,0.007208307801419214,0.03178728046840096,0.003584306046733747,0.041253893295568535,0.0,-0.16957531064658657,-1.3650885501401091e-05,0.0003500874954659174,4.735735595902169e-09,0.00017504611560075663,383.0,58.0,-40.0,0.09151741556659625,0.05516490868874026,-0.03876053615807572,-0.051920051886356816,-0.014828867054185098,0.013122390661043374,0.019897236478740997,-0.016500286424888086,-0.0277828944452656,-0.021768889406281775,-0.040741452409047876,0.7575211848113854,-0.05328824835652868,0.1664763043326532,0.6475228046088459,0.6099419447582808,0.6287323746835634,372.0,72.0,-40.0,0.1603602450779912,0.037128134843260774,-0.02961217293236189,0.012417693767104422,0.09780329664830993,-0.02683087534326397,0.07362371982351174,0.05628401918639601,-0.045160828319910584,0.009679948939438276,0.03887189156358908,0.0,-0.11479517580919983,-0.012216770788309265,0.007289564768588829,0.007114991022343268,0.0072022778954660485,724.0,239.0,-10.0,0.38351767914340346,0.01996546813594228,-0.05588067641792082,-0.006669340785043402,0.016740591471340972,0.036334864352538264,0.002967984737108684,-0.0020205619105661383,0.04481625896348519,0.002916826541582579,0.043282995287698335,0.0335675990419255,-0.19314136263645404,0.006708479364893392,0.0017922468390103262,0.0009066940448163212,0.0013494704419133238,0.06421366631703954
nfl_20250928_car_ne,NFL,8,506.0,108.0,-10.0,0.17225584293042562,0.0009940616890257849,-0.0014189505986729315,0.003970097577542972,-0.018526923727241667,-0.009691839565009481,-0.07464802962090616,0.006468167385998267,0.00045050108704348246,0.004371271124338339,0.020168524234449304,0.0,-0.12942486007950732,-0.041767884981681894,0.11672766413313423,0.11065238581622022,0.11369002497467723,443.0,21.0,,,,,,,,,,,,,,,,,,,345.0,71.0,-10.0,0.19064052735124185,0.03005742483924622,0.002642762335954278,0.02384295577883174,-0.01535504417798364,-0.09221364750872732,-0.07696440759029688,0.033254635701307454,0.006891764825800808,0.05106106776176099,0.026719695953233313,0.0,-0.16695450376246138,-0.04751089683171355,0.11608610955006943,0.10306991908329151,0.10957801431668046,161.0,37.0,,,,,,,,,,,,,,,,,,,0.06421366631703954
nfl_20250928_jac_sf,NFL,8,1158.0,390.0,-5.0,0.15217482333415833,-0.03872920054285059,-0.04871746970653246,0.026026420544998336,-0.005368762883334772,0.006420893277447255,-0.03933749057998948,0.029849821569230238,0.0012520030109574014,-0.012604224178723186,-0.03772201789606395,0.0,-0.19635009441501178,-0.003756529972126575,0.00032649986626830373,0.0003014771239373655,0.0003139884951028346,383.0,40.0,,,,,,,,,,,,,,,,,,,392.0,153.0,-5.0,0.24800541351071312,-0.06412206749026249,-0.025653588515116923,0.03034499134749892,0.0357365321249595,0.017204484590651322,-0.03223419618360179,0.024259451295542526,0.009308367343722231,-0.00020969056050415525,-0.05070364688794208,0.12705300890656698,-0.1971105421340648,0.028688440101006237,0.01682298285416831,0.00593244678028717,0.01137771481722774,766.0,237.0,-30.0,0.14994034222860075,-0.023240469876617664,-0.06586640334232044,0.024280893721196576,-0.03167607396684399,-0.000805105519546671,-0.04549334918949093,0.03505170702106855,-0.0032716619909279386,-0.021675041215798573,-0.030884161893929733,0.0,-0.2029413883090681,-0.010565071696126934,0.002228787769972107,0.0009417083094041723,0.0015852480396881397,0.06421366631703954
nfl_20250928_phi_tb,NFL,8,1078.0,281.0,50.0,0.08418728449413222,-0.0045412870439295585,-0.020997053323102515,0.00464377800486245,-0.021407042015628153,-0.0002666240358151795,0.03748258578630601,-0.0033443718939368916,0.02546742681774462,0.00047589206631386684,-0.01016749144189547,0.29543348360795724,-0.15651841495152335,0.06563011369702178,0.13114458998989845,0.09831575716705226,0.11473017357847536,563.0,68.0,20.0,0.05859314402362787,-0.04869788940932079,-0.00033789210113863404,0.025362626147945502,-0.008116166994226494,0.01786034432114723,-0.02301702877261992,0.0020437570866256084,-0.03211129662733067,-0.010210841155444286,0.0014136435341698217,0.8513663732787526,-0.040009080917183575,0.22917012031577813,0.7448592591930688,0.7431559330082282,0.7440075961006485,352.0,76.0,40.0,0.07080395848038969,-0.06608518775953989,0.012428184725973753,0.045585567288725745,-0.032660475041044454,-0.017280862997184503,0.030811729856704762,0.01656793077424896,0.1410409418128695,0.029092954624687944,0.053076360410689145,0.2951223677901957,-0.10144193678244796,0.04247231463793776,0.12797776901708502,0.07766252163862072,0.10282014532785287,726.0,205.0,50.0,0.10555634893301513,-0.0016187254343940484,-0.028745629328648922,0.002599369886272198,-0.018076122408782862,0.0005213729567591843,0.04051115108971252,-0.0048761080050383765,-0.0020006331918472637,-0.0011646189690990103,-0.025133762190057415,0.29607369654115023,-0.17472837107351247,0.07349132211731993,0.1321596627685272,0.10449902638955301,0.1183293445790401,0.06421366631703954
nfl_20250928_lac_nyg,NFL,8,1193.0,534.0,-10.0,0.12547262506241877,0.027375087483460212,0.018407141880515804,-0.007646798561252731,0.02311177574314691,0.023858215560832646,0.05699684440334288,-0.031981348193045,0.0422688731750599,0.016703475994406063,0.054999582139159314,0.016033680355616312,-0.2422955969502872,0.003948194237459459,0.00806605174919489,0.0002767410663483665,0.004171396407771628,443.0,34.0,,,,,,,,,,,,,,,,,,,316.0,206.0,-30.0,0.10934208952957106,0.03990853023226263,0.03520283997429509,0.011163003431117289,-0.00032656087781605687,0.028302645507300953,-0.05056291972840616,-0.0709442274806088,0.021187994298047057,0.017878001554831074,0.04175176593840606,0.14484377407835736,-0.16447183209833394,0.027857741274151075,0.07953665794994398,0.026398094821449825,0.0529673763856969,877.0,328.0,-10.0,0.15922319550369377,0.02336154628921601,0.014784583072285579,-0.016067982705147227,0.030993629903844615,0.023269831500292663,0.08841652765668197,-0.01609989061444463,0.05038976196222701,0.016671240860107066,0.06087595704298122,0.0,-0.273997008577131,-0.007944160018968811,0.0008818519575374194,0.0008424318511103795,0.0008621419043238995,0.06421366631703954
nfl_20250928_min_pit,NFL,8,1168.0,507.0,-35.0,0.09445674317594226,0.0009835970550369877,-0.09259620460462759,0.0007779866139835657,-0.050870157650402086,0.008094522884786983,-0.05871179704138215,0.0036738793809265053,0.025456949269092304,-0.0006878209800038263,-0.06906805170930407,0.28970807674084703,-0.23491273634376983,0.09581429102531505,0.10917821674164219,0.09154107265404737,0.10035964469784478,502.0,56.0,-60.0,0.04433366990800338,-0.0038600957111427623,0.008184638494115166,0.008111682755085682,0.008507250886385489,0.024000075057393506,0.0008046683233245531,-0.027306968333395746,-0.005964913031301489,0.024522512664453468,0.005484931862702811,0.8214064152573446,-0.04742196892091191,0.21810811150859882,0.6679348395366531,0.632319667442336,0.6501272534894946,428.0,174.0,-20.0,0.11931951579787363,-0.013537343030061131,-0.043336063812829256,0.06430753574437306,-0.014678626481344343,-0.06264198722470875,-0.040334797083241586,0.036690444794770884,0.014866379431216402,0.0864219157587551,-0.02159601019678475,0.06303289761192284,-0.2177211649134133,0.014646827899248536,0.009057559601941309,0.003109740864970952,0.006083650233456131,740.0,333.0,-35.0,0.09877252256276454,0.002676691613454287,-0.10821215568554335,-0.008133113095517555,-0.06175311299389274,0.017940560025250022,-0.06358589878196695,-0.0008141417212800271,0.0323673613841828,-0.012911080792338334,-0.0843728503410057,0.3538566562218833,-0.2555597127487675,0.13995579508648115,0.18783964284141377,0.15065777816860168,0.16924871050500773,0.06421366631703954
nfl_20250928_no_buf,NFL,8,836.0,239.0,-15.0,0.10393064761591488,-0.030182362611712806,-0.056994094317447536,-0.0003215404397038994,-0.006293969061701933,-0.0041749416056264125,-0.03747719390255481,-0.002482989928804351,0.07505430740523025,-0.0006754016913600853,-0.02902855578250487,0.2320540429029706,-0.13699039354067863,0.04139506740832666,0.06552777748892105,0.03868840503159522,0.05210809126025814,410.0,28.0,,,,,,,,,,,,,,,,,,,290.0,67.0,40.0,0.07131551533199168,-0.01936575873190223,0.04676621592741064,-0.004364889546167585,0.003162549360293605,0.005815721777203062,-0.10212804679568406,0.021228069706707656,-0.02812514691716,-0.022606652039703235,-0.0806805538257491,0.30054761788926715,-0.1053889168828375,0.045284552217097596,0.10016904693621247,0.08591793453525394,0.0930434907357332,546.0,172.0,-15.0,0.12603036804312692,-0.033753571067145036,-0.08541454582685701,0.0005270536513397904,-0.008692166864810174,-0.006514720151881866,-0.020447973581611305,-0.008645368405285491,0.10401011031434322,0.005000501075281669,-0.01668842026376316,0.21756699615287195,-0.1500090238732427,0.04171221377351625,0.0629790677942883,0.025551592348302683,0.04426533007129549,0.06421366631703954
nfl_20250928_was_atl,NFL,8,889.0,205.0,-20.0,0.053054281723999196,0.003697188809404154,0.0023715512041396565,-0.0017795049322388,0.05364162139002412,0.0009951938331135887,0.047648173455853815,-0.0030289372673522014,0.05157266179932442,0.009989052895310994,0.018619979382128733,0.2145492061978783,-0.10674774550047272,0.029158598146772526,0.06545094437627498,0.04212503093660742,0.0537879876564412,444.0,97.0,-30.0,0.05811848057712732,0.02131131276125225,0.03892242426568138,0.010532878917051496,-0.0063062072651522035,-0.021758766146791626,-0.012784974113963374,-0.018816464474505332,0.018563561648762227,-0.017044061967201474,0.004862351197535356,0.75008761864963,-0.04391840778542283,0.1318168140876003,0.6476620920525379,0.6157013745362823,0.63168173329441,377.0,76.0,-5.0,0.11207387266107147,0.025208721364827245,0.0012429943592226788,-0.019142891810625298,-0.015395141574405939,-0.02374883500120611,0.0327753968960874,-0.0247345347294422,0.08214474442706661,0.0850151675354038,0.02095995228251959,0.402490876305116,-0.10619378568497131,0.07153368570205777,0.20671508476456293,0.14726871275565515,0.17699189876010904,512.0,129.0,-25.0,0.093164916194431,0.0026361416113026208,0.002851315356779965,-0.0004512235840004251,0.09434225907725864,0.0038826240111358443,0.05643332014875461,-0.0016765544262257654,0.03373725311064372,0.005413775659613161,0.017249867079995502,0.0496611854062412,-0.10773868402603815,0.005630024450941389,0.005824710807979887,0.002174763222769485,0.003999737015374686,0.06421366631703954
nfl_20250930_cin_den,NFL,9,833.0,283.0,-10.0,0.09678841116419733,-0.019871414770759894,0.003973469244401525,0.010169444885672514,0.05179906347885212,-0.007099614045441698,-0.0015687255852571882,-0.021217888201362032,-0.008801744445657966,0.008492098141141468,0.009129529753883245,0.2788215195761476,-0.15436134207423868,0.05967907408393222,0.10484358052887222,0.06280933700786916,0.08382645876837069,526.0,74.0,15.0,0.04196472583264498,-0.023424825248684365,0.09021618295961274,-0.01080676500603672,0.01713374566242851,0.029681015935771375,-0.04933210180649494,-0.0044296033362308095,0.009978292227705129,0.01933760072544164,0.03508199672471287,0.8419783243523764,-0.06034913716592219,0.32155503464210355,0.751757425304669,0.7224549728243256,0.7371061990644974,390.0,151.0,-10.0,0.1277818693175038,0.000387323142826586,-0.022213813107282928,-0.019085436753720104,0.10713419790902737,0.007179404581950432,-0.020303438593282368,-0.032496093343058564,-0.012421544902567992,-0.011637995447972343,0.026173403547538377,0.29070044004275863,-0.1764329426626018,0.07230955292450625,0.13583844445923124,0.07414842305693341,0.10499343375808232,443.0,132.0,-55.0,0.06988746689803293,-0.038238348107765274,0.034144569107441326,0.037236418665890156,0.0002877871904261075,-0.01913654937430172,0.019071682126860993,-0.012473346762890549,-0.006821064288475899,0.027574430875155813,-0.006541647259514656,0.279757531554355,-0.11794479447000344,0.04581227295833088,0.06637328785740727,0.058050581362227995,0.06221193460981764,0.05895815327075086
nfl_20250929_nyj_mia,NFL,9,1082.0,440.0,-10.0,0.09755142119034649,0.0002535110666442039,-0.02888914661306389,0.01778630977166182,0.006390797908004626,0.0011412293102478742,0.03015742120990764,-0.025228978669160324,-0.01636411078957083,0.0021260026687788093,0.016377020099912955,0.19139014568326201,-0.21781615084761288,0.05155497997005932,0.05635579394358867,0.029171840205959025,0.04276381707477385,616.0,98.0,-5.0,0.048842741177511265,-0.0068040596637957826,-0.023076455288912504,0.03956803224291796,0.022465630472834737,-0.030038054886842344,-0.022318280711451408,0.0052671164940579236,-0.06292490722735485,0.05377550335421927,0.004776884450908492,0.7793592331424375,-0.07116899895026606,0.2513869818137518,0.6465034501785333,0.590470450582939,0.6184869503807362,405.0,182.0,-15.0,0.13854854096582683,-0.008730319285165988,-0.06734438449934134,0.03265247324495949,0.030476312820828095,0.01898181862943385,0.018278539824142764,-0.060127330894771944,0.011876476828876369,0.014745695672537059,0.023769858600295925,0.13556146047463852,-0.26032387678567037,0.040824053208990414,0.02190770236870413,0.01025873709642408,0.016083219732564106,677.0,258.0,-55.0,0.09216200781851207,0.002429372220098829,0.008548260133153608,0.01719085381516949,-0.015767553212824786,-0.004567919045249487,0.04237964347475332,-0.021837097333348984,-0.04202883352191688,-0.0015571464343459753,0.010324288016982671,0.22053773404670463,-0.19417730994419266,0.054939701136145616,0.09369745084049477,0.05145127364625244,0.0725743622433736,0.05895815327075086
nfl_20251003_sf_la,NFL,9,1418.0,1093.0,-5.0,0.24493209882998573,-0.008957497285447372,-0.01385471115335481,-0.009855217017918527,0.002852347571470806,-0.022539028383140237,0.05539919545918373,-0.004885390523001996,-0.013707178611043822,0.016379824796342365,-0.009241237314139861,0.11786624794065687,-0.3204719446300471,0.04281983950348668,0.041656680416980806,0.0073133334229204825,0.024485006919950644,596.0,72.0,35.0,0.04872299893468868,0.0018305262822670347,-0.020712746927890845,-0.051495302947646274,0.005410773809158178,-0.0032389755897954723,0.028469903149912483,0.0666568049968729,0.06686124671844518,-0.06790211988922128,0.015618328928043644,0.8381870392415689,-0.051542856002436584,0.26699068890552896,0.7718294959495621,0.7041222846949681,0.7379758903222651,439.0,336.0,-5.0,0.11596922596396596,0.05790088871828394,-0.04096551240001314,-0.011194263018686463,0.014512057495395914,-0.0130293616586332,0.06072395640696562,0.007432182450557603,-0.002520132854149252,-0.06334150842728818,0.04857746875451091,0.06904777733786807,-0.3142914356854528,0.023310675394653375,0.03946973037773026,0.004697954185489251,0.022083842281609756,979.0,757.0,-5.0,0.2614340661127295,-0.019188834482068987,-0.009366843358628089,-0.009907402158411542,0.0008985095894335534,-0.024540187462502052,0.054614369371211224,-0.007220516388249334,-0.015615415730903292,0.025377377076782774,-0.019068673449964126,0.12914339433022792,-0.31705897613634715,0.047018156737323194,0.04322016733525667,0.00818320878099928,0.025701688058127975,0.05895815327075086
cfb_20251003_shsu_nmsu,CFB,9,,,,,,,,,,,,,,,,,,,,,,,,,,,,,,,,,,,,,,,,,,,,,,,,,,,,,,,,,,,,,,,,,,,,,,,,,,,,,,,,,0.10456292673561557
cfb_20251004_wvu_byu,CFB,9,562.0,48.0,,,,,,,,,,,,,,,,,,,418.0,13.0,,,,,,,,,,,,,,,,,,,324.0,23.0,,,,,,,,,,,,,,,,,,,238.0,25.0,,,,,,,,,,,,,,,,,,,0.10456292673561557
cfb_20251004_unm_sjsu,CFB,9,1217.0,252.0,-45.0,0.0902752087481057,0.00968875225276847,0.014401588288228094,0.0020466369774276966,0.03861107167502502,0.004323291079587337,0.007179132612686464,-0.004162212323985993,-0.017962106590404432,0.010427613752853235,-0.010087981946749133,0.09390875918355479,-0.10013283417413288,0.01037792860943282,0.06765962829896019,0.027259433968827275,0.04745953113389373,103.0,8.0,,,,,,,,,,,,,,,,,,,429.0,82.0,-45.0,0.10765509820397938,0.014402648932939107,0.01782347733160187,0.03998808348802863,0.00722041363393932,-0.03232518292158096,-0.009860993842566957,0.008652030939617084,0.0457889548061916,0.015835966851349335,-0.005445029405006121,0.005202599815553799,-0.09581230726667866,0.0005010800108856176,0.012865790861031587,7.46370770388789e-05,0.006470213969035233,788.0,170.0,-45.0,0.07615465494867463,0.007845345656073368,0.012123572445434884,-0.016138564946540354,0.06251622915197792,0.02170740616884427,0.02036554465012107,-0.010652774116280843,-0.06588460039290385,0.00837773949551318,-0.013457132218926082,0.14583847407521328,-0.11359009108880354,0.019394230542660023,0.11460481775646464,0.06783881572683038,0.0912218167416475,0.10456292673561557
cfb_20251004_csu_sdsu,CFB,9,432.0,45.0,,,,,,,,,,,,,,,,,,,62.0,9.0,,,,,,,,,,,,,,,,,,,270.0,29.0,,,,,,,,,,,,,,,,,,,162.0,16.0,,,,,,,,,,,,,,,,,,,0.10456292673561557
cfb_20251003_char_usf,CFB,9,22.0,4.0,,,,,,,,,,,,,,,,,,,56.0,4.0,,,,,,,,,,,,,,,,,,,18.0,1.0,,,,,,,,,,,,,,,,,,,4.0,3.0,,,,,,,,,,,,,,,,,,,0.10456292673561557
cfb_20251003_wku_del,CFB,9,1187.0,192.0,-10.0,0.2226686854059966,-0.0009412303794929258,0.14356387935771486,0.020051713210786755,-0.01190952704931716,-0.002381197643391367,-0.1544056770540988,-0.009512154461335794,0.03495773577930295,0.013415840839697492,-0.00397591018113608,0.27154447445406504,-0.0987395274774365,0.03680687723057499,0.06285005054593754,0.04209382842244726,0.0524719394841924,215.0,22.0,,,,,,,,,,,,,,,,,,,400.0,69.0,-15.0,0.10713335056901269,-0.004782492601428114,-0.05846865259720201,0.058876041472731566,0.04885811024344527,0.014121837880655038,0.018981229050601813,0.0006138514573370858,0.04494080661988552,0.0638056338008937,-0.047747338802320245,0.49027931752123877,-0.06084923312713563,0.05852836958505382,0.26519939919316093,0.18072941953928467,0.2229644093662228,787.0,123.0,-10.0,0.28223504202464594,0.0003174566796469975,0.17270564727975127,0.0121448789198153,-0.020147537893367404,-0.0055845202302343255,-0.17909526084820993,-0.011380638235520702,0.03403406386514257,0.0030685005311886044,0.00222188116649439,0.23297195933484596,-0.11092236956365956,0.03369081754677452,0.03767822938747134,0.02934419290356382,0.03351121114551758,0.10456292673561557
cfb_20251004_wash_md,CFB,9,1281.0,107.0,-30.0,0.07663196130557426,-0.02174348576495525,0.02493037026260044,0.01116907479043786,0.006692156407459551,-0.022382061303420898,-0.003676680918273594,0.010472264004235086,-0.03570691132476077,-0.0017712453282784167,0.02082249914359649,0.3460872934587078,-0.04702233322965061,0.02488685703270641,0.1284931725910637,0.10498245701012392,0.11673781480059381,174.0,4.0,,,,,,,,,,,,,,,,,,,399.0,31.0,,,,,,,,,,,,,,,,,,,882.0,76.0,-5.0,0.07547368246616942,-0.024598037436986138,0.010792887058666684,0.012303922851868203,0.013938388660929286,-0.03273390385234613,-0.006426895493349311,0.014843660370887489,-0.013592150943906107,-0.0024450209821805235,0.027025724207617563,0.36126172070843565,-0.052892861884959744,0.02991548638504551,0.13989359620003072,0.11835952994657248,0.12912656307330161,0.10456292673561557
cfb_20251004_emu_buff,CFB,9,247.0,60.0,0.0,0.09028078547983676,-0.015505478523683508,0.004564582347296719,0.0028355423689352616,0.01366372522761283,0.0036913771174206782,-0.005142659826813338,-0.0010317641665572857,0.01239723180515283,-0.0016967766051579525,0.016993766939506685,0.5577344230118512,-0.03625156224161898,0.0457162962756411,0.38867186182663493,0.2939828056333056,0.34132733372997026,1.0,1.0,,,,,,,,,,,,,,,,,,,43.0,10.0,,,,,,,,,,,,,,,,,,,204.0,50.0,0.0,0.09476455202490577,-0.01621441362728075,0.004705337704046142,0.004233046102403929,0.012113831906756564,0.0038823978543182113,-0.005317074239686904,-0.005487927931345496,0.013971279295727251,-0.0010288752411412494,0.017699976937765302,0.5483180494428576,-0.04050188504010146,0.049167150860365744,0.38258675117064656,0.2850964054407145,0.3338415783056805,0.10456292673561557
cfb_20251004_usa_troy,CFB,9,603.0,48.0,,,,,,,,,,,,,,,,,,,13.0,6.0,,,,,,,,,,,,,,,,,,,158.0,8.0,,,,,,,,,,,,,,,,,,,445.0,40.0,,,,,,,,,,,,,,,,,,,0.10456292673561557
cfb_20251005_duke_cal,CFB,9,1183.0,274.0,-5.0,0.07449142870995595,-0.028089684664260386,0.0018765238701064241,-0.008268580956592178,-0.03070070081289884,0.006427681169329049,0.020875824391772515,-0.009028550554070338,0.013955576335768823,-0.02336488804180154,-0.041561519693542014,0.10378873780129806,-0.10398621965161829,0.012042471392171746,0.017896451562113863,0.016243292480125338,0.0170698720211196,379.0,22.0,,,,,,,,,,,,,,,,,,,471.0,110.0,-5.0,0.07006181932389935,-0.025620307237947934,-0.031619529196850966,-0.025205527627990405,-0.029560309820575892,-0.030970559733943626,0.015084708817004246,-0.021674989582068066,0.03325870050633882,-0.013350414475891453,0.020013816478543958,0.0,-0.10488913280793463,-0.0012648830510793986,0.00016618500145594123,3.516484906413214e-05,0.00010067492526003668,712.0,164.0,-10.0,0.08932921968487303,-0.03138594290768385,0.02786173083813459,-0.0021716175070507753,-0.002491486282002886,0.022065880103069067,0.028081837332042125,-0.004834133207898506,0.00259288950206542,-0.029656294145018625,-0.08516460798818308,0.19279226887526071,-0.10867497623789736,0.02595576631764392,0.0798063140574817,0.0693938059685502,0.07460006001301595,0.10456292673561557
cfb_20251004_txst_arst,CFB,9,347.0,57.0,0.0,0.09944912950538513,0.024567636916553635,-0.08758466593468166,-0.016464559020910378,-0.03388174431464107,0.007236010026819113,-0.0038067970580903457,-0.0005531454138234694,-0.05172813314592985,0.008086795850599243,0.0380631735372059,0.8543223142887117,-0.008763907040197078,0.0513956637094773,0.8807287796260473,0.7927730005200322,0.8367508900730398,9.0,1.0,,,,,,,,,,,,,,,,,,,37.0,1.0,,,,,,,,,,,,,,,,,,,310.0,56.0,0.0,0.10091729545557662,0.024746181440131382,-0.08777998322653546,-0.016617785982179778,-0.033509413616078274,0.007274340691683575,-0.0032793124788821613,-0.0005925577060370675,-0.051312877673659545,0.008118679327732269,0.03878699549896007,0.8450042640179397,-0.012673887523724087,0.06909537821395402,0.8666972099577225,0.7706158211600918,0.8186565155589072,0.10456292673561557
cfb_20251004_ccar_odu,CFB,9,61.0,5.0,,,,,,,,,,,,,,,,,,,7.0,4.0,,,,,,,,,,,,,,,,,,,59.0,2.0,,,,,,,,,,,,,,,,,,,2.0,3.0,,,,,,,,,,,,,,,,,,,0.10456292673561557
cfb_20251004_bsu_nd,CFB,9,788.0,92.0,-10.0,0.03947212626462298,0.01005427978166288,0.026041759073149814,-0.00470585176485914,-0.012975621484957536,0.011243629645443082,-0.0220967049405124,0.024040271053087217,0.026378072861703687,-0.008379070624955893,-0.014599312893282626,0.17612189639918602,-0.047654988662580576,0.010187292197053006,0.043678213278406,0.029709463155741914,0.036693838217073955,165.0,5.0,,,,,,,,,,,,,,,,,,,348.0,31.0,,,,,,,,,,,,,,,,,,,440.0,61.0,0.0,0.03910156753675612,0.009731138642357643,0.010966345418222216,0.0008820450900829184,-0.010762198235649119,0.01029645550657664,-0.01614557673087269,0.02499581879807983,0.020811806855807226,0.00094722162438428,0.017435854610333774,0.17202103230551627,-0.05604630095325848,0.01164418774275273,0.06257592197564285,0.03408816964034598,0.04833204580799441,0.10456292673561557
cfb_20251004_isu_cin,CFB,9,1471.0,287.0,-5.0,0.08019659140552257,-0.0009588940215759741,0.02292095555711186,0.01037566440089075,0.033119641440807035,-0.02767587963629793,-0.03474300182382004,0.031159855194900672,0.004779609008285485,-0.021538582717288823,0.011934837742047129,0.06694377477956873,-0.11988207176780681,0.00860115199449657,0.02070055474893416,0.004230179747144659,0.01246536724803941,469.0,48.0,,,,,,,,,,,,,,,,,,,423.0,88.0,-5.0,0.10830250723301317,-0.008642979142225476,0.008582089641691007,0.016559559295872207,0.07001259539039915,-0.05401268999639104,-0.020188836509037734,0.1131714521241585,0.009220069592286568,-0.09103159933398382,-0.00931343309396572,0.06859422687298902,-0.131558650664971,0.00968875670645725,0.01643789337830666,0.00459433084083111,0.010516112109568885,1048.0,199.0,-5.0,0.0678704916040792,0.003942188665292379,0.028714727894896378,0.007603606458313567,0.02098144050454006,-0.012579749528726255,-0.039673123997985525,-0.014146357560245274,0.003768609352203367,0.017988112265382595,0.019995931191500997,0.07474639572719957,-0.11815742730939299,0.009545320092772898,0.025811166748648882,0.0052355556723501905,0.015523361210499537,0.10456292673561557
cfb_20251004_psu_ucla,CFB,9,1448.0,388.0,-5.0,0.12856145012950984,0.03398310743699683,-0.03258508660346373,-0.026459331213566938,0.02956883289672239,0.01243226870348433,0.015099910009812737,0.022871779316863378,0.011108805944507845,-0.01252131726990503,-0.009466286113996948,0.11191236908349504,-0.1723281431385401,0.021715932174948663,0.0645157540992556,0.01037135321431226,0.03744355365678393,92.0,8.0,,,,,,,,,,,,,,,,,,,443.0,77.0,0.0,0.12863040114869906,-0.07268753248873319,-0.013920564760494606,-0.020277136800660383,-0.019505818711319123,0.03302856560522084,0.04592872051013282,-0.07905468939221484,0.05655436727243038,-0.042860117425124175,-0.030433242705240896,0.2932545566250421,-0.08632985076815802,0.03582141540188283,0.1815038692364182,0.06767927061962772,0.12459156992802296,1005.0,311.0,-5.0,0.17740203879225738,0.05802622579524247,-0.03716793245506741,-0.029549052144940538,0.0400615713691736,0.007619262853475825,0.007931729896564793,0.04589232236596568,0.0007044204448660885,-0.005220845288839686,-0.005289730928656111,0.0904457469476304,-0.21081130448286112,0.020963000101390208,0.04917946828885443,0.007287918162297146,0.028233693225575788,0.10456292673561557
cfb_20251004_tex_fla,CFB,9,1409.0,221.0,-25.0,0.024708634156803837,-0.006768885206242639,0.006134722729913421,0.0020876675964646295,-0.008782371679733893,0.015706820625845455,-0.005928936663267938,-0.002386080695295575,-0.012616223570436477,0.0326428533070874,0.010035396936963386,0.04372202760794466,-0.018117005698745352,0.0008283284214446846,0.012266613154979547,0.005787599885525153,0.00902710652025235,421.0,31.0,,,,,,,,,,,,,,,,,,,460.0,57.0,-40.0,0.09924612044199181,-0.014212415123839922,0.022545544195391655,-0.0035716221361333433,0.006818670361345743,-0.009178836678649093,-0.041522052322604426,-0.05429948688366673,-0.04646633608282699,0.031547127155294646,0.003372485421440787,0.0,-0.09896104984934337,-0.0036825101515825572,0.007941323751602041,0.0007063265266160254,0.004323825139109033,949.0,164.0,-35.0,0.021818078871069447,-0.00618395525182587,0.002836088849231127,0.003250952077785712,-0.014040307362632991,0.021760095276571297,0.0022743524710143203,0.006685418623903119,-0.005660308871900653,0.0364573806290506,0.012108150988197432,0.05013113930700394,-0.016864525775233157,0.0008900574868492539,0.01648887362567458,0.011359792888282677,0.013924333256978628,0.10456292673561557
cfb_20251004_fau_rice,CFB,9,464.0,62.0,-5.0,0.12446186790068917,-0.02679871931368528,-0.003644964245551466,0.024691904597614063,-0.007266463083379387,-0.0015052587363014827,0.029972275968434086,-0.049368747676299445,0.004271804820707459,0.0014137948482008881,0.01160598533826029,0.5502029815859695,-0.03268472488921903,0.039980774327437164,0.28602390580638454,0.2851726386829103,0.2855982722446474,7.0,7.0,,,,,,,,,,,,,,,,,,,175.0,14.0,,,,,,,,,,,,,,,,,,,289.0,48.0,,,,,,,,,,,,,,,,,,,0.10456292673561557
cfb_20251004_oh_niu,CFB,9,100.0,20.0,,,,,,,,,,,,,,,,,,,8.0,2.0,,,,,,,,,,,,,,,,,,,38.0,8.0,,,,,,,,,,,,,,,,,,,62.0,12.0,,,,,,,,,,,,,,,,,,,0.10456292673561557
cfb_20251004_cmu_akr,CFB,9,134.0,33.0,,,,,,,,,,,,,,,,,,,2.0,4.0,,,,,,,,,,,,,,,,,,,24.0,3.0,,,,,,,,,,,,,,,,,,,110.0,30.0,,,,,,,,,,,,,,,,,,,0.10456292673561557
cfb_20251005_tlsa_mem,CFB,9,94.0,8.0,,,,,,,,,,,,,,,,,,,13.0,3.0,,,,,,,,,,,,,,,,,,,89.0,5.0,,,,,,,,,,,,,,,,,,,5.0,3.0,,,,,,,,,,,,,,,,,,,0.10456292673561557
cfb_20251004_wmu_mass,CFB,9,98.0,28.0,,,,,,,,,,,,,,,,,,,9.0,1.0,,,,,,,,,,,,,,,,,,,60.0,8.0,,,,,,,,,,,,,,,,,,,38.0,20.0,,,,,,,,,,,,,,,,,,,0.10456292673561557
cfb_20251004_unlv_wyo,CFB,9,346.0,65.0,-5.0,0.10099545184052555,0.018841555557098696,0.013627189449825657,-0.11391077241882443,0.25513052195098346,-0.007905365989300677,0.14964290238173086,0.0001645627976358749,-0.006048499226064397,-0.008584356769876452,0.004048606080753218,0.7477863075450871,-0.02677959730836955,0.07939860835410387,0.5725314742272062,0.5139640797132452,0.5432477769702257,9.0,3.0,,,,,,,,,,,,,,,,,,,189.0,19.0,,,,,,,,,,,,,,,,,,,157.0,46.0,,,,,,,,,,,,,,,,,,,0.10456292673561557
cfb_20251004_uk_uga,CFB,9,416.0,41.0,,,,,,,,,,,,,,,,,,,323.0,19.0,,,,,,,,,,,,,,,,,,,240.0,16.0,,,,,,,,,,,,,,,,,,,176.0,25.0,,,,,,,,,,,,,,,,,,,0.10456292673561557
cfb_20251004_clem_unc,CFB,9,212.0,24.0,,,,,,,,,,,,,,,,,,,310.0,26.0,,,,,,,,,,,,,,,,,,,212.0,17.0,,,,,,,,,,,,,,,,,,,0.0,7.0,,,,,,,,,,,,,,,,,,,0.10456292673561557
cfb_20251004_ill_pur,CFB,9,964.0,45.0,,,,,,,,,,,,,,,,,,,165.0,4.0,,,,,,,,,,,,,,,,,,,438.0,23.0,,,,,,,,,,,,,,,,,,,526.0,22.0,,,,,,,,,,,,,,,,,,,0.10456292673561557
cfb_20251004_army_uab,CFB,9,233.0,36.0,,,,,,,,,,,,,,,,,,,75.0,7.0,,,,,,,,,,,,,,,,,,,98.0,13.0,,,,,,,,,,,,,,,,,,,135.0,23.0,,,,,,,,,,,,,,,,,,,0.10456292673561557
cfb_20251004_fiu_conn,CFB,9,214.0,20.0,,,,,,,,,,,,,,,,,,,40.0,3.0,,,,,,,,,,,,,,,,,,,167.0,8.0,,,,,,,,,,,,,,,,,,,47.0,12.0,,,,,,,,,,,,,,,,,,,0.10456292673561557
cfb_20251004_ohio_ball,CFB,9,278.0,45.0,,,,,,,,,,,,,,,,,,,18.0,0.0,,,,,,,,,,,,,,,,,,,44.0,4.0,,,,,,,,,,,,,,,,,,,234.0,41.0,,,,,,,,,,,,,,,,,,,0.10456292673561557
cfb_20251005_nev_fres,CFB,9,637.0,64.0,60.0,0.047812023270293484,0.011489787878130995,-0.008857000004240683,-0.01573822565847992,-0.0031817524857176574,0.0012033583936593556,-0.014016152331216983,-0.0012134243295631503,0.010964113683729198,0.026552455264345964,0.00113029885875902,0.5666426434084296,-0.036039410984913936,0.04712385008989522,0.3774315255720592,0.32898967707433757,0.35321060132319837,29.0,5.0,,,,,,,,,,,,,,,,,,,275.0,27.0,,,,,,,,,,,,,,,,,,,362.0,37.0,,,,,,,,,,,,,,,,,,,0.10456292673561557
cfb_20251004_colo_tcu,CFB,9,1405.0,188.0,-15.0,0.08522127209931317,0.006258265268605433,-0.0011274446937154545,0.015341166413184964,0.00470755982356415,-0.03715700568202584,0.0044591944312562795,-0.011466383733074416,0.017919417307601587,0.02556120206709666,0.031694544683297285,0.04082089394697215,-0.037794015625018516,0.0016084436096690754,0.010332251903100742,0.0011499242749663848,0.005741088089033564,188.0,8.0,,,,,,,,,,,,,,,,,,,401.0,20.0,,,,,,,,,,,,,,,,,,,1004.0,168.0,-15.0,0.09870815547934451,0.012750180949727208,0.0022775590181315737,0.018331110600159743,0.008468444957244246,-0.035732537522578246,0.011262360262041898,-0.014647478931035901,0.017300687379614436,0.028691355607174323,0.041841046370153095,0.03784791315466673,-0.06023329522914954,0.0023693806395274366,0.011053315288140818,0.0011494880507626382,0.006101401669451728,0.10456292673561557
cfb_20251004_ku_ucf,CFB,9,1383.0,173.0,-5.0,0.10092356943355368,-0.01048224960431712,0.0310461327374964,0.003938019378663108,0.05986559133430463,0.010690130953628578,0.04019669205520618,0.02074302611615527,0.052211919338001844,0.017297864168862677,0.00524746725092406,0.07403181375516589,-0.055713887171503544,0.004454364825841323,0.004611504977536899,0.0038780352174768735,0.004244770097506886,211.0,9.0,,,,,,,,,,,,,,,,,,,414.0,34.0,,,,,,,,,,,,,,,,,,,969.0,139.0,-15.0,0.0692557383087511,-0.010500030048681136,0.04204924152346234,-0.01631277355940978,0.08799816549852901,0.033912041059206775,0.06295093293386834,0.014600175925689357,0.055999552359122996,0.027656612378169118,0.0066956302865540255,0.2049905680704425,-0.05856448907921176,0.015100660951864747,0.03579299629807428,0.022447285464948577,0.02912014088151143,0.10456292673561557
cfb_20251004_msu_neb,CFB,9,1132.0,48.0,,,,,,,,,,,,,,,,,,,146.0,8.0,,,,,,,,,,,,,,,,,,,307.0,8.0,,,,,,,,,,,,,,,,,,,825.0,40.0,,,,,,,,,,,,,,,,,,,0.10456292673561557
cfb_20251004_okst_ariz,CFB,9,354.0,16.0,,,,,,,,,,,,,,,,,,,98.0,3.0,,,,,,,,,,,,,,,,,,,301.0,9.0,,,,,,,,,,,,,,,,,,,53.0,7.0,,,,,,,,,,,,,,,,,,,0.10456292673561557
cfb_20251004_wis_mich,CFB,9,836.0,72.0,-60.0,0.06580175425823662,-0.0009573725685993052,0.012483632644521191,-0.00671133863324302,0.008971430408624201,-0.005243373090232089,0.0012123481435961465,0.00223090895464432,0.04901081343424462,0.010107036972618609,-0.011181020670983735,0.5712778026700758,-0.03627587050825477,0.04833806069050373,0.3465604629241506,0.29733549971562484,0.3219479813198877,243.0,6.0,,,,,,,,,,,,,,,,,,,350.0,25.0,,,,,,,,,,,,,,,,,,,486.0,47.0,,,,,,,,,,,,,,,,,,,0.10456292673561557
cfb_20251004_kent_okla,CFB,9,1.0,5.0,,,,,,,,,,,,,,,,,,,6.0,2.0,,,,,,,,,,,,,,,,,,,1.0,1.0,,,,,,,,,,,,,,,,,,,0.0,4.0,,,,,,,,,,,,,,,,,,,0.10456292673561557
cfb_20251004_bc_pitt,CFB,9,328.0,31.0,,,,,,,,,,,,,,,,,,,140.0,7.0,,,,,,,,,,,,,,,,,,,296.0,23.0,,,,,,,,,,,,,,,,,,,32.0,8.0,,,,,,,,,,,,,,,,,,,0.10456292673561557
cfb_20251004_jmu_gast,CFB,9,242.0,26.0,,,,,,,,,,,,,,,,,,,1.0,1.0,,,,,,,,,,,,,,,,,,,77.0,11.0,,,,,,,,,,,,,,,,,,,165.0,15.0,,,,,,,,,,,,,,,,,,,0.10456292673561557
cfb_20251004_wake_vt,CFB,9,1400.0,132.0,10.0,0.07310302586344143,-0.01651923279704462,-0.0005805138685909851,0.0012111529878444135,-0.01761269098676922,0.03602473952096953,0.00783137767922587,-0.013688174840728507,0.08748531947651786,0.007345084602600681,0.0016430249856082195,0.0,-0.050844061970254824,-0.0016513905007888919,0.0007381055388487025,0.00012696390047532783,0.00043253471966201514,91.0,8.0,,,,,,,,,,,,,,,,,,,392.0,18.0,,,,,,,,,,,,,,,,,,,1008.0,114.0,10.0,0.08160755846429096,-0.017700596447093906,-0.0009487180042875497,0.008130737588269496,-0.01636074401214015,0.0380599440119896,0.007762836593215264,-0.014404883855917434,0.10180266809539952,0.010287318016228002,0.007248287636116428,0.0,-0.06622839274287733,-0.0018737727247092517,0.0012296476222588698,0.0005651252869799617,0.0008973864546194157,0.10456292673561557
cfb_20251004_utsa_tem,CFB,9,418.0,38.0,,,,,,,,,,,,,,,,,,,10.0,3.0,,,,,,,,,,,,,,,,,,,61.0,3.0,,,,,,,,,,,,,,,,,,,357.0,35.0,,,,,,,,,,,,,,,,,,,0.10456292673561557
cfb_20251004_uva_lou,CFB,9,1357.0,166.0,-15.0,0.10586832488658375,0.011599266019568096,0.001994590013580358,-0.009908889026911236,0.040290419511347764,-0.013254759877901806,-0.007004436419602491,0.0036154780843166683,0.0166881938318597,-0.005202760695815802,0.037463257183133716,0.03426365046259739,-0.0856617961087064,0.003039220633325997,0.005180125076786814,0.000735224271340148,0.002957674674063481,158.0,16.0,,,,,,,,,,,,,,,,,,,343.0,37.0,,,,,,,,,,,,,,,,,,,1014.0,129.0,-15.0,0.13692184413643643,0.007257904171736003,0.0015570071362098828,-0.007588714020446867,0.04872810084651608,-0.024143337456444737,-0.00846441960021339,-0.0036615445097351604,0.02095735462144374,0.001538532834896374,0.030529342520075328,0.04193532940979257,-0.08862209846111312,0.003879066837590823,0.007644677730813312,0.0010937302256526448,0.0043692039782329785,0.10456292673561557
cfb_20251004_syr_smu,CFB,9,368.0,18.0,,,,,,,,,,,,,,,,,,,20.0,1.0,,,,,,,,,,,,,,,,,,,324.0,10.0,,,,,,,,,,,,,,,,,,,44.0,8.0,,,,,,,,,,,,,,,,,,,0.10456292673561557
cfb_20251004_ttu_hou,CFB,9,750.0,46.0,,,,,,,,,,,,,,,,,,,219.0,4.0,,,,,,,,,,,,,,,,,,,429.0,21.0,,,,,,,,,,,,,,,,,,,321.0,25.0,,,,,,,,,,,,,,,,,,,0.10456292673561557
cfb_20251004_ksu_bay,CFB,9,1497.0,279.0,-10.0,0.22428553011673133,0.003143363873306357,-0.0350799841440181,-0.026819390342251993,0.00561129745515494,-0.009593016535234204,0.013625011820120096,-0.028604647471322645,-0.030528254346836974,-0.002572424717138791,-0.021326110313587197,0.30927002111892044,-0.13780610210658945,0.06170181896239751,0.1605844457900833,0.12897383741920965,0.14477914160464647,301.0,11.0,,,,,,,,,,,,,,,,,,,400.0,55.0,-10.0,0.07599501474347184,0.008608404008319318,-0.041432588422690875,-0.03811458961625895,0.0009742081889318412,0.05634113384093343,0.004663541030928804,-0.03386078107669366,0.12514013388450762,0.04526859722736305,0.015488055859493671,0.0,-0.08387025453660071,-0.020273153414800026,0.03675821750166234,0.03202817786424572,0.03439319768295403,1097.0,224.0,-10.0,0.23723458910268239,0.0025853212515999165,-0.03570270323006029,-0.025811710562655344,0.0064657937602634954,-0.015917875232533175,0.015461152174152127,-0.027709168202674887,-0.05394448887823716,-0.007599074819623456,-0.027511474871354444,0.3335513136534454,-0.16041854111796627,0.08028797448396911,0.1970607167485131,0.1585364914896476,0.17779860411908036,0.10456292673561557
cfb_20251004_minn_osu,CFB,9,293.0,64.0,0.0,0.0698243804827014,0.034080925943295204,0.022553046619103033,-0.04647175141258545,0.003915037346643778,0.05402442370349144,0.00029143074585043704,-0.004012714322158562,0.04222020797051799,-0.009833134927794508,-0.008358288584645095,0.3602987565561067,-0.024369163452185243,0.01372543727266485,0.14213774276281121,0.11485921429630791,0.12849847852955956,237.0,10.0,,,,,,,,,,,,,,,,,,,275.0,56.0,0.0,0.07077442596177308,0.05540797697425228,0.044494398817457,-0.07467408633224236,0.007781050455789271,0.0875561619036272,0.001214346411047091,-0.006125162504723207,0.07717397210309956,-0.015434935554100412,-0.01356151761794903,0.4735742995397419,-0.07687055239158563,0.06915300292567399,0.2982348894860972,0.24702768683188475,0.27263128815899096,18.0,8.0,,,,,,,,,,,,,,,,,,,0.10456292673561557
cfb_20251004_msst_txam,CFB,9,823.0,121.0,-10.0,0.05681766601554813,-0.015311790894499301,0.0028468685304715202,0.016799411316815616,0.025794766832770162,0.0025515657819882433,-0.015180839433768054,0.009689717093733303,-0.028128124798766967,-0.012131100406270412,-0.010929381355531773,0.37512090739657444,-0.06107622914127635,0.03666464563629904,0.2059129191711149,0.16469714738859695,0.18530503327985592,241.0,16.0,,,,,,,,,,,,,,,,,,,397.0,70.0,-25.0,0.06674415652868196,-0.04731772553393531,0.038160131712545335,0.0646499609365988,0.053815423835851826,0.01295385267302217,-0.019938681971204103,0.02925419296737068,-0.05078904034386362,-0.024587612416213912,-0.015507993113850396,0.3522271285190112,-0.13335110425716457,0.0725097925603988,0.2052100655103135,0.15478800750290744,0.17999903650661048,426.0,51.0,-10.0,0.10139067005213447,-0.008212621979725648,-0.06682232891134683,0.00441870891420732,-0.029518752440076727,0.0005586263415185551,-0.007604408011201776,0.005278704788562784,0.012352633790889151,-0.013270124512999477,-0.003459164485206663,0.3329753624397859,-0.041748189774603046,0.020840487500206503,0.12738186210449498,0.09425357713055184,0.1108177196175234,0.10456292673561557
cfb_20251004_afa_navy,CFB,9,687.0,96.0,-30.0,0.09038877535651513,-0.0044211975537257605,6.82231622461617e-05,0.06819676027080432,0.049461932513264605,0.007715992151822907,0.005402903763449482,0.010458481659375844,0.004414230468483034,-0.02672019374132786,-0.0052575578440066505,0.08225657033166446,-0.05515032759169871,0.004943077393646221,0.01958345904046608,0.005746359807554309,0.012664909424010194,58.0,3.0,,,,,,,,,,,,,,,,,,,247.0,22.0,,,,,,,,,,,,,,,,,,,440.0,74.0,-30.0,0.12668641440238582,0.013606052835792517,0.0013893368229529804,0.08416382597789944,0.01480924410628864,0.005264023944878805,-0.005344023457551512,0.02879885973394899,0.004084287991611069,-0.04144727178509515,-0.006147233424927432,0.05131058149357625,-0.059166112407546545,0.0032000437373118583,0.01591795993728629,0.0022283732541395775,0.009073166595712933,0.10456292673561557
cfb_20251004_orst_app,CFB,9,402.0,109.0,5.0,0.0822182374443188,0.0004920733370067802,0.010731430422109651,0.003483235346956263,0.05131542420520518,-0.0011562053281368204,0.02983093525868803,0.0007388450816475278,0.009592759256944925,0.00016134973300988175,0.028866182902854035,0.4325346546273858,-0.05399643232054997,0.04115727664311255,0.25166581372698194,0.24609108013975675,0.24887844693336936,30.0,6.0,,,,,,,,,,,,,,,,,,,83.0,32.0,,,,,,,,,,,,,,,,,,,319.0,77.0,5.0,0.08611975279468136,0.0022002716549179295,0.007983835695611976,0.014678318146477094,0.052344851486474026,-0.010964337046536916,0.03254370845160805,0.0044224999926672824,0.005579849156740245,-0.01076291903604712,0.02535146248859005,0.43877191276233735,-0.061325315328868736,0.0479445461114397,0.2564300415839275,0.25436118934139357,0.25539561546266054,0.10456292673561557
cfb_20251004_mia_fsu,CFB,9,1127.0,209.0,-45.0,0.05816895884818432,-0.027312916753308554,0.018664316308465025,0.01479093492976435,-0.015459095212462172,-0.009474761166678307,0.009057082091771803,-0.01547412330348787,0.04124473276818018,0.013323935187820535,0.005654472286567571,0.3073106956861953,-0.0912058231046252,0.040463343052019825,0.09503197456894398,0.07448551250022586,0.08475874353458493,552.0,50.0,55.0,0.05074503922463999,0.01855587301401579,0.035253228689274184,-0.025442434173275984,-0.0660969049209757,-0.0020992754505657837,0.04009568834604414,-0.002443136895403243,0.04241878176013985,0.0236946510028373,-0.06807488468508517,0.8783393999581873,-0.02205086591986464,0.15919816550268412,0.8034980636264853,0.786223394640815,0.7948607291336502,446.0,90.0,20.0,0.08796724922700785,-0.014339583251099556,0.022751167795328636,0.008739192693526332,0.0880668474179682,0.010631542419908878,-0.02492070497378842,-0.007451358810219792,0.027081970423358706,0.02597481085313706,-0.05817295022368608,0.32728593036938564,-0.12574374411831285,0.06117630080858816,0.1044844595756979,0.09616359429976787,0.10032402693773287,681.0,119.0,45.0,0.07850427543208544,-0.03711972379823619,0.016946667767811008,0.019657467825873156,-0.09647862664096336,-0.019297619412623406,0.03474532262628742,-0.02137146458708203,0.05614738587208171,0.010297615690629447,0.05281405940026446,0.32027306410212064,-0.07290992203248411,0.034353624815448854,0.11371430794445464,0.07292268534401097,0.0933184966442328,0.10456292673561557
cfb_20251004_van_ala,CFB,9,1282.0,317.0,-5.0,0.11583232071008513,-0.031172101598832984,0.02946529641887423,-0.0031768763103522746,0.005671276720015134,-0.003951996540041167,0.03565319327382186,0.035525215454522314,-0.01933786629585497,0.01111508585539496,-0.0010495191167731776,0.0,-0.1557682346830175,-0.006021409944162894,0.0027975911309928154,0.0015795993672638481,0.002188595249128332,342.0,30.0,,,,,,,,,,,,,,,,,,,429.0,110.0,-5.0,0.14115692166654437,-0.03334464484392505,0.05661598680914403,-0.009734829260634697,-0.010389329120432994,-0.023345630500438076,0.04274169787224636,0.06388191296248538,-0.054095859073049285,0.0020017801197006846,0.03327800193235085,0.0,-0.1679590661741437,-0.013658582471129763,0.010485310975646134,7.5581568037354e-06,0.005246434566224935,853.0,207.0,-5.0,0.10081191426838683,-0.031104759182962183,0.007840769629644733,0.0002256267778397776,0.019994478449237664,0.008077388843511491,0.03106839165046095,0.01666118287781845,0.010430575499246728,0.016984262765010635,-0.030496840362283253,0.001568544971978669,-0.15012635905559973,0.00023584988681222633,0.00533694020724048,1.855632103749274e-06,0.0026693979196721145,0.10456292673561557
nfl_20251005_lv_ind,NFL,9,537.0,110.0,-15.0,0.05760402198248438,-0.006982063941509157,-0.023656175464522068,0.0007727108118400804,0.033023001519090975,0.006599339867182628,-0.03705949628107634,-0.03518383113505601,-0.004728758314762865,-0.02591715716524268,0.021647352513786862,0.3381855740868609,-0.05286258620470257,0.027012653945533448,0.08600125540436651,0.07750826421003015,0.08175475980719833,442.0,41.0,,,,,,,,,,,,,,,,,,,357.0,56.0,-15.0,0.08352299580955798,-0.011222852354694968,-0.02410124378788909,0.039035548454632724,0.037110469498914035,-0.034899458969180605,-0.041878101357500974,0.0224301548347788,-0.0016506045376530225,-0.054925069369559015,0.02956014028869235,0.4735846477899826,-0.07356029732996863,0.06617783344669838,0.24817525292325912,0.2080798527809474,0.22812755285210326,180.0,54.0,-5.0,0.06783798699546971,-0.005335803199217131,-0.016797351112474077,-0.045841387662174826,0.026420030132749784,0.055749402751539515,-0.01553906241144228,-0.11425814880892722,-0.009347525933073171,0.0002241597699477077,0.0009932399690661805,0.3944307102865857,-0.0460505148448228,0.02999448219691327,0.10746901932964405,0.06477561763377686,0.08612231848171045,0.05895815327075086
nfl_20251005_den_phi,NFL,9,1288.0,512.0,-10.0,0.24224992934432021,0.030462065054791664,-0.06947722403048344,0.0018481476242337752,-0.02850146868487567,0.0023005940445178347,-0.0069973018561702675,0.012055755026892129,0.023967555334427976,0.041745312752040666,0.008577336322853051,0.0,-0.24279798309988776,-0.009806007373494621,0.0010977922732961518,0.0005311902239464508,0.0008144912486213013,550.0,60.0,-55.0,0.07348098816919868,-0.010586531778454897,-0.03208700144696902,0.02753473726223964,0.001466100580279723,0.012180017845714214,-0.03481389564934928,-0.041184692872367624,-0.05830790365456583,0.03293322178252959,0.02419293242801206,0.8140374261065997,-0.04552445788858176,0.19927995052253125,0.7509895992236468,0.6840684153372926,0.7175290072804696,387.0,121.0,-25.0,0.09374909673680376,0.10681173955455424,-0.05879368211589538,0.05842246817222801,0.014748226572247777,-0.04514959743581589,-0.006489793908391535,0.09723264534114548,0.010781534004630017,0.009245706277344412,0.03869776709942,0.03291120729539084,-0.15411011178437956,0.005244554454061141,0.013024013715227462,0.0010710785541195088,0.007047546134673485,901.0,391.0,-10.0,0.2973462668179283,0.0167852454693714,-0.07328597585521926,-0.008299587783701316,-0.0360924173467146,0.011287856463426484,-0.008071793946565431,-0.0029554194430801554,0.025349169155265142,0.048148653633822286,0.0035904618330036882,0.0,-0.2975869899236923,-0.01486748683536247,0.0030388022741085156,0.001508883458981872,0.002273842866545194,0.05895815327075086
nfl_20251005_nyg_no,NFL,9,1141.0,447.0,-10.0,0.2824125706987216,0.07093060036898614,-0.01924805946315953,-0.023325766604403435,0.003715813763881698,0.013980832318681123,0.13382678809267365,-0.02104314151284164,0.040091647898140195,0.01633007794319722,0.01002836901159695,0.1313067267616304,-0.23449663253607247,0.03544517518842058,0.04640511899678671,0.01506015308133568,0.030732636039061196,355.0,108.0,45.0,0.0726338111967666,0.02820099773743912,-0.04068449166109673,-0.003818438865816503,-0.02871539646604042,0.012935200976111581,-0.015705246867427792,0.032493023442219215,-0.030332052190955732,0.049642609341156614,0.022434955216352782,0.5707192668894653,-0.09257271827947765,0.12307338726246678,0.4903853025865484,0.42064136365926086,0.45551333312290465,427.0,119.0,-15.0,0.12887426356125561,0.044201692059508906,-0.02125006005838406,-0.012637454546134939,0.08666197749999845,0.035290324038139885,-0.03520832352372671,-0.011136494158949295,0.06548987084337454,0.022535581609867433,0.0016629748332484277,0.17004852414494184,-0.23191481906177672,0.04751696196234435,0.03527011832369163,0.022294109490565442,0.028782113907128537,714.0,328.0,-10.0,0.356416675926588,0.08090145152525664,-0.018380005216707757,-0.027309963592884155,-0.0154941410023721,0.006225196414395018,0.17442374131046146,-0.02487941926716134,0.034602727040260774,0.01419056932077105,0.012388452363455265,0.10308498440937533,-0.2423024231425271,0.02784850412561468,0.041264441302149915,0.009266835628330422,0.02526563846524017,0.05895815327075086
nfl_20251005_det_cin,NFL,9,624.0,128.0,-35.0,0.03677148386519076,-0.0021992285419737763,-0.0018016170114689468,0.0017029241008308454,-0.005547132292167543,-0.006185051024564962,-0.020255291829483595,0.00433545079384081,0.00627982062304564,-0.03498467947571265,-0.025509570158188492,0.6125505354034874,-0.05036223416306738,0.07962177346877768,0.3847977271953011,0.3783496169153285,0.3815736720553148,450.0,71.0,30.0,0.0632626290560954,0.007409988348714219,-0.03738651349913471,-0.025221553120234077,-0.003728951597243788,0.05644221284009449,-0.0574082967589751,-0.040062772278331216,-0.08059297263005531,-0.04140714719952352,0.11700818380056574,0.8202341013304334,-0.033583404704743525,0.15323403371540006,0.7332640679199692,0.7250025310817154,0.7291332995008424,353.0,64.0,5.0,0.07963459404944832,-0.018658183589733326,-0.0063654367866505515,0.025399838967623396,-0.00418187334315921,-0.05857323601790834,-0.03630244929400216,0.04573002660821201,0.027535249562578648,-0.07072721160359885,-0.042743324234791914,0.610656357170595,-0.060264067837669695,0.09451967898229577,0.40233797224082885,0.39752236949165876,0.39993017086624383,271.0,64.0,-25.0,0.15060896408839838,-0.0017639342838107258,0.006589627746987348,0.00018857498984465245,-0.008103707367273037,-0.004236098052339344,0.00937996297859691,0.0024326851634088606,-0.029904271911123523,-0.02612543516729316,0.0059569128191538315,0.6203196375694384,-0.0438793475715386,0.07168983090964648,0.36766982786165325,0.34447004525876057,0.3560699365602069,0.05895815327075086
nfl_20251005_ten_ari,NFL,9,981.0,243.0,-10.0,0.2352158628867665,5.291872011749707e-05,0.0022056586789839646,-0.0665532917279448,0.016777832601099107,-0.006622114675827194,-0.005636816109269548,0.001033731953012138,-0.038638657715177244,-0.0424130845092008,-0.016578971999417696,0.0,-0.14641585554582542,-0.024989702285891858,0.016809106949836526,1.077179639021893e-05,0.008409939373113372,381.0,48.0,,,,,,,,,,,,,,,,,,,391.0,53.0,40.0,0.07102240081826453,0.010929028363789993,-0.04502791704405156,-0.03731909225667964,0.041642393782022225,-0.006718505434051205,0.04746468425976379,-0.03372353133651861,-0.02554700595413793,-0.00911344960964363,0.10711781553330542,0.4659128470936901,-0.08602437549996488,0.0750436730981922,0.22474678454285188,0.21747327342334194,0.2211100289830969,590.0,190.0,-10.0,0.2856673537134529,-0.0006737878748625206,0.008987216945404608,-0.07615647956339394,0.014681629828286755,-0.007118352227230808,-0.01124493612683513,0.004417777362155956,-0.039223202098814546,-0.04981823334352131,-0.031150701750265283,0.0,-0.16745334726431166,-0.040881695083327424,0.039333894477123446,0.0050213685771268845,0.022177631527125166,0.05895815327075086
nfl_20251005_tb_sea,NFL,9,1170.0,628.0,-10.0,0.21136112114146507,0.008466258965054001,-0.005033003441753374,0.00040344977945642384,-0.020424441771594207,0.004988615984389625,0.0007047704135743907,0.00459660355746604,0.011747872363417998,0.0003530796608860222,0.004960869610971456,0.1552205442187855,-0.28673326227076235,0.05268462994775068,0.06224723272938646,0.01974761224181474,0.0409974224856006,550.0,133.0,-45.0,0.04894045608435342,-0.00027392179690241086,-0.017996854003298774,-0.014334351826392524,-0.005666413905565982,-0.016613468651731404,0.08079140335061522,0.04069052555188705,-0.022025273460784645,0.06230483298811493,0.014418625987580964,0.847399426001586,-0.07681606015206639,0.4265638298401217,0.7878623359394702,0.7377147693791378,0.762788552659304,439.0,252.0,-15.0,0.13279736978288925,0.02937324777876731,-0.04880976277974662,-0.0019710734429745193,-0.0074859680186357925,0.02291116431989933,-0.010468300499958744,-0.02220540799107967,0.018040759478261247,-0.024783643312154446,0.04011666131644526,0.14403020493312862,-0.249240582334513,0.04193859685024018,0.03530340464218768,0.016183358751284335,0.02574338169673601,731.0,376.0,-10.0,0.25241770203220454,0.00739002622301261,0.003821956143129054,0.0007437589173798152,-0.023321828968707502,0.0039245826397044555,0.002745827647820545,0.007306005935226231,0.0101220257022211,0.0025783495134750027,-0.002497948742785185,0.15931675910587734,-0.2992958652558452,0.05671916001993416,0.07064083023420648,0.02117362661833079,0.04590722842626863,0.05895815327075086
nfl_20251005_min_cle,NFL,9,1259.0,587.0,-10.0,0.2279056749348361,-0.004694812680832343,0.015990047520531056,-0.0034568207153707047,-0.027048791636476163,0.0018948102607527948,0.05376538064131705,0.0014788676152992799,0.019557979911425476,-0.006186610625325356,0.04444512927977501,0.009660601699310998,-0.17603248581352457,0.0017171686136107259,0.0140355647250846,5.632693703081205e-05,0.007045945831057706,505.0,79.0,-35.0,0.058161142286407515,-0.0197338398141813,0.00010364915237408325,-0.013904967377866223,-0.00030449061685282146,0.02958401780296276,-0.004342788442726733,-0.036101766455604145,0.0017633653215520732,-0.027291606931211125,6.764433810998591e-05,0.8717208626196891,-0.040400297248282625,0.2745402150854363,0.8268346437875553,0.8168662264603992,0.8218504351239773,435.0,130.0,-25.0,0.08721330772731303,-0.05981170645673915,0.015286711424310958,-0.06681613085513144,0.018178249474808644,-0.022177963087550257,0.034511382440743726,0.010504412483525424,0.03913574311385314,-0.024751192219797758,-0.0627593440028605,0.20528155955900362,-0.15668683406688746,0.04047335008580508,0.09919650452991277,0.03112471257158856,0.06516060855075066,824.0,457.0,-10.0,0.27909205727742,-0.0006937542861870933,0.016120438752074518,0.001353323757421343,-0.04038903667580272,0.004364109103099505,0.05953926596609054,0.0005990641192169123,0.014912466656304114,-0.0045345935973346175,0.07312791315272797,0.0,-0.18010348790412706,-0.00707742886944477,0.002107314038070446,0.0009700438072590705,0.0015386789226647583,0.05895815327075086
nfl_20251005_hou_bal,NFL,9,574.0,188.0,-10.0,0.10514102584546332,0.02808387375813673,0.03191617889054335,-0.008101614203200345,0.006037369183205475,-0.0030313150517057865,0.0016253486058098155,0.0035625999130787845,0.009225197179885762,-0.013470389188634293,-0.007907672007830583,0.14017029297672795,-0.16956592894840594,0.02764280618060315,0.03951919940963282,0.018519054341552668,0.029019126875592743,455.0,99.0,-40.0,0.04955025688683584,0.006298213673265611,-0.07975628182943018,0.0393429312604821,0.031952510674504865,-0.04435416300664152,0.03982238519697924,0.05496610415323662,-0.010761467579940757,0.004470887583093632,0.033300458200715324,0.6864361407210636,-0.05686863957914855,0.12449358663506584,0.5845036601854842,0.584250814488278,0.5843772373368811,398.0,127.0,-10.0,0.12136632289109721,0.04033003270330846,0.03925676075088435,-0.015187480738713528,-0.0033199640760019477,-0.005207646114535462,-0.00014681356309022853,0.004531983728618577,0.018638535969394965,-0.024561916064213214,-0.015220449293756278,0.1477201509869553,-0.20984381048979847,0.03637086973853422,0.04812027203913463,0.022952622146675587,0.03553644709290511,176.0,61.0,20.0,0.08846890371370082,0.0023107358477027417,0.02768986829481823,0.0011419795042297237,0.07511375375915175,-0.003758260576608627,0.018995996628703174,0.0018125368023015531,-0.02675114923616386,0.004496436259977006,0.03246520913027169,0.5817630586037024,-0.05083092628147783,0.07070526827794375,0.30734813002029365,0.2803481131464165,0.29384812158335505,0.05895815327075086
nfl_20251006_ne_buf,NFL,9,1193.0,699.0,-15.0,0.2016909804673522,0.0066914899575843826,0.007199570502304035,-0.031571518228755965,0.00066293847561262,-0.01788182608893753,0.015768384047247758,0.026833991927285902,0.0021491256714594995,-0.016979908750014597,-0.03747607514724732,0.1486284075624067,-0.288591387573349,0.05038091328422647,0.045630791452553596,0.018787808444703995,0.0322092999486288,641.0,129.0,-45.0,0.07927564978999549,-0.00418309704271205,0.014923603295547011,-0.01583505522120575,-0.0599099861499571,0.01590172633461384,-0.0345606633085785,-0.0032545968342786715,-0.024765307688465917,-0.010571190578640676,0.013260318238598563,0.7645189186959265,-0.0862098969028272,0.27989126258482416,0.7034900645603855,0.6416204880749891,0.6725552763176873,434.0,174.0,-5.0,0.12851341239472105,0.03239375295912259,0.004079966775766844,-0.04699419887310398,-0.006126056680712082,-0.006955246239351993,-0.02036922423420145,0.018549412405880587,-0.045984883940277034,-0.035524545772864596,-0.008818220055250061,0.03569711254477041,-0.2009980770371417,0.007440661093748309,0.008989802121738638,0.0008273013875335288,0.004908551754636083,759.0,525.0,-15.0,0.2331413632647356,-8.931069695950923e-05,0.007707573748634708,-0.027095907234181094,0.0016789548487170446,-0.020694568892361834,0.021354893912237678,0.029706224093063612,0.009518015010822806,-0.0113851151763809,-0.04244193929262626,0.17235555289987115,-0.34483447672106865,0.0718111951363182,0.05849647079447354,0.026591079101087354,0.042543774947780444,0.05895815327075086
nfl_20251005_dal_nyj,NFL,9,811.0,268.0,-30.0,0.08993977134904434,-0.00610245089547018,0.027294639595509422,0.0035949202116391755,0.0204820011089623,-0.018255813226565946,0.019264756570793847,-0.015295332090761296,0.108147529792525,-0.01333689139100404,0.011476820678343472,0.1988145877344255,-0.13162943337550254,0.03266391415722864,0.06833576727304652,0.039901042116642305,0.05411840469484441,322.0,109.0,-25.0,0.06200066100845341,0.03575471714860688,-0.05532795634223066,-0.05481571517860934,-0.0125691071718156,0.05687714598960489,0.017244064338680653,-0.03231300351275799,0.05376366516480444,-0.012224443516965068,0.006996973778678515,0.6032038083840442,-0.03952619954183139,0.06008715456033531,0.5517974260614852,0.48839775570847815,0.5200975908849816,416.0,139.0,-30.0,0.14442966950566544,-0.02577156619749014,0.027455843584021793,-0.0052974304458294035,-0.011407548421243821,-0.011732157680218878,0.053685208526013085,-0.02265671836960044,0.11862967262658125,-0.05119081510966441,-0.022902351126278073,0.18120034894796427,-0.1481593891344222,0.03278767031297672,0.059110060397107984,0.0335348995836122,0.04632247999036009,395.0,129.0,20.0,0.07934529382309713,-0.0009742841879237927,0.025762691078619362,0.0072316116927354426,0.07397938953911914,-0.028373729908895657,-0.04424097351179589,-0.01905259765568891,0.08976251749471555,-0.003471675330838992,0.06104522056249821,0.39233346029586036,-0.09464615633104656,0.06110728761722123,0.24208323205496693,0.21024474458430148,0.2261639883196342,0.05895815327075086
nfl_20251005_mia_car,NFL,9,1226.0,364.0,-15.0,0.13428945820535396,-0.01497803705915056,0.034679403574782476,0.008751568297939783,0.018827300007795273,0.01261057011144448,0.07920720483021554,0.01690823249876586,0.0051757809781977455,0.017206675655543034,0.018596297053684527,0.23685103600190957,-0.2148534748448994,0.06668195923247296,0.15325263998780775,0.0762672909668044,0.11475996547730608,395.0,53.0,-60.0,0.07564278541880573,-0.05142871449351596,-0.06089518450135456,0.032373306069797846,0.012009458304320757,-0.014581068444100549,0.07690102405990719,0.06556422705261283,0.012965910542561894,0.0027744864610609503,-0.005007672092625163,0.8545112035051571,-0.030283724549516024,0.1778678670446139,0.8109143022095961,0.8023254451722738,0.8066198736909349,414.0,85.0,-55.0,0.08578047366648596,0.04235027072729631,-0.02308725211205521,-0.03659460638336857,0.02397787903978661,0.013137204889642085,-0.031179355148954202,0.05458986247613568,-0.031202368813094346,-0.022649753249221142,0.03763984093594552,0.30791885645338507,-0.1380750010582036,0.06143195321399238,0.15313617196388157,0.10015932590504789,0.12664774893446473,812.0,279.0,-15.0,0.14959164852498047,-0.024365921394766964,0.044778340039499785,0.016316571116285688,0.017608517919866163,0.013099330624032368,0.1032901324842022,0.01171215808799489,0.011300003590829468,0.02434209802897388,0.01253896949723714,0.2105793315008473,-0.2572601006587638,0.06862457771920032,0.14086258206777233,0.062215322715624646,0.1015389523916985,0.05895815327075086
nfl_20251005_was_lac,NFL,9,1056.0,355.0,-10.0,0.09681397510958294,-0.031308860554725024,-0.033808309369791234,0.023516039421478056,0.0008784318341982373,-0.012134824290413312,0.06739328566511961,-0.011003410427192547,-0.006718878878313535,0.01997777613694426,-0.010600943137907581,0.0,-0.1770856376707166,-0.006793621617275625,0.0011069213887972714,0.00013151924818873397,0.0006192203184930027,467.0,69.0,-35.0,0.04016255303861649,-0.006841777689365131,0.0877387848523218,-0.0008609800509353016,-0.01093756495495319,-0.02927864972444301,-0.0011783151914433313,0.03725016841010026,0.004394224373789694,0.008258832224013052,0.058052236533791275,0.8009702968439989,-0.04244492505628138,0.17081432410721,0.6718518738664168,0.6629148382822788,0.6673833560743478,455.0,150.0,-10.0,0.15243798485237076,-0.03414486018500083,-0.06116523855956225,0.04610092985932949,-0.022836041218363023,-0.010084757539958595,0.07006326733983254,-0.02651016587918596,0.02961759177431699,-0.01940738626268917,0.032462853234947964,0.19337838918170322,-0.22255636152984484,0.05335536528846736,0.047846195129020795,0.039457430607070895,0.04365181286804584,601.0,205.0,-35.0,0.12947667151115302,-0.03066519718516124,-0.024312328160734833,0.013381975558250995,0.010228141486454892,-0.013377998061587269,0.06885039686036903,-0.0040183048412184,-0.020774072812401963,0.03893230569885205,-0.02645996351205469,0.0,-0.17225126984184994,-0.018966198457824497,0.009222309517367192,0.003673911336042778,0.0064481104267049855,0.05895815327075086
nfl_20251007_kc_jac,NFL,10,1177.0,747.0,-10.0,0.3541523775029735,0.025853984567201716,-0.009495924947856942,0.004956720229448117,-0.028182545239913547,-0.004116618722836277,0.02063257363210723,-0.025669044046018278,0.04449818337313448,9.988625828894354e-05,0.006115444111819489,0.0,-0.34349640670289605,-0.011496816866511609,0.0010015371601228024,0.0002704420498387295,0.000635989604980766,679.0,136.0,-20.0,0.0476557663865786,0.03462380177135664,-0.018957952392487338,-0.03976499241867641,0.048344511548736424,0.03454898932092652,-0.06423802769096176,0.06546428010271424,-0.03947072433237801,0.0600290880169978,-0.016163806945721358,0.7334949571437047,-0.08890195468496248,0.24468255738335185,0.6375404979677797,0.564797783175582,0.6011691405716808,435.0,228.0,-10.0,0.13801481697391071,-0.012319981505465653,0.04591753138730702,0.002563088481803119,-0.00026421647909426654,-0.031741186812501085,0.0011950160056258745,0.018456637213262194,0.03461348954860371,-0.008745778354283574,0.0220582804869574,0.33025331021990234,-0.187313048613061,0.09236440477541746,0.1517828505494415,0.09398485857872736,0.12288385456408443,742.0,519.0,-10.0,0.39892461269756235,0.035402084698937575,-0.01664229525278889,0.0065235377442834155,-0.03158098251326459,0.00278148273423091,0.0279641261423245,-0.03441507168803005,0.051344368673845654,0.0020041227129536008,0.006195183091181563,0.0,-0.4413640200835536,-0.03547470272443458,0.006201716354574241,0.0030311634617807446,0.004616439908177493,0.05959137233382442
cfb_20251008_mosu_mtu,CFB,10,989.0,162.0,-10.0,0.1630893146432275,0.029512542545097484,0.020278075256739827,0.043554840149290404,0.08758746022751335,0.031057984207883166,0.013569616413430104,-0.008404693155378456,0.005752687851592161,0.0376596542030597,-0.009603767153100448,0.18942130203464605,-0.05742742979389686,0.01342001529446573,0.04818649124177758,0.02892150266210424,0.03855399695194091,107.0,32.0,,,,,,,,,,,,,,,,,,,219.0,33.0,,,,,,,,,,,,,,,,,,,770.0,129.0,-10.0,0.19748690420915488,0.03226856684509084,0.011110321495794856,0.04832932681442719,0.09830767134723176,0.039358333097513125,0.02504917650894435,-0.009401810318154008,0.008267496001622496,0.04287078081689717,-0.0066639055336951995,0.2592069163950936,-0.08203781912187998,0.028705411258540144,0.0857100163550221,0.05707696605065619,0.07139349120283914,0.1171178558746666
cfb_20251009_lib_utep,CFB,10,401.0,91.0,0.0,0.03840869422124564,-0.009041537490362114,0.09785949077315621,-0.0031623942326336426,0.01836488969063029,-0.005532802102033164,0.009198457703886062,0.013488073371704086,-0.002263976143813464,-0.027397168481597133,0.00879710851533934,0.6047372088255465,-0.029082454239116925,0.044495061500989926,0.5002457089821152,0.4352453336725536,0.4677455213273344,38.0,11.0,,,,,,,,,,,,,,,,,,,221.0,43.0,,,,,,,,,,,,,,,,,,,180.0,48.0,,,,,,,,,,,,,,,,,,,0.1171178558746666
cfb_20251009_ecu_tuln,CFB,10,719.0,201.0,-20.0,0.06746618403834714,-0.004176396879893742,0.0159416872000369,0.011334494463535143,0.1316048291901813,0.0034408087866051444,-0.008898224657741918,-0.0023856922796618853,0.025003238646959552,-0.009430801823614405,-0.011599519895471573,0.43193817150358577,-0.07668995421301338,0.05831287534869421,0.27474531315909234,0.20751504251244476,0.24113017783576857,36.0,7.0,,,,,,,,,,,,,,,,,,,141.0,20.0,,,,,,,,,,,,,,,,,,,578.0,181.0,-20.0,0.06676792566869286,-0.004102805923014801,0.017297774300212662,0.01176019974860134,0.13997176563854877,0.004724835291184668,-0.017554403575744545,-0.002998337526670151,0.026908151400541706,-0.009944294390934243,-0.005657518559002214,0.38262538735565227,-0.08234847496863423,0.05103646390327382,0.22240268144546646,0.15653292588707263,0.18946780366626953,0.1171178558746666
nfl_20251010_phi_nyg,NFL,10,1007.0,645.0,-5.0,0.18572588049749325,0.10613642896635418,0.027331882068288058,0.03819104643141842,0.054783385046628816,-0.03743839333592041,-0.004576239863393983,0.021746614459944077,0.04000602323628545,-0.00035961713949507436,-0.012772615531748436,0.09285377491465316,-0.307047540409506,0.03142880653292669,0.0827928328385021,0.008515446000942716,0.045654139419722406,684.0,80.0,-45.0,0.0525755126516269,-0.004145661075571798,0.001604943770460116,-0.0004596870983754215,0.01807947034593576,-0.00221284471986421,0.029266172321879797,-0.004641966287971586,0.06590397698499093,0.06109720184251219,0.03951796299397712,0.7671360044602079,-0.03746636249170041,0.12342739184267511,0.6141220516617942,0.5890452138966598,0.601583632779227,400.0,215.0,-5.0,0.1292671344135008,0.17528920081724308,0.05241130993296024,0.06034494086469351,0.10239315396280987,-0.04574235153019857,-0.0769666382390704,-0.011860664769079893,-0.012086281464010152,-0.0546544933972555,0.04696456204100372,0.18906479755014585,-0.24307755322850283,0.056672109252740896,0.10928865991020284,0.03929563124645433,0.07429214557832858,607.0,430.0,-10.0,0.21241233354778724,0.09493724618758845,0.018943260691780785,0.03473068155102265,0.038999545852580676,-0.03740586242576816,0.019028751312240907,0.03037100889644708,0.056903207194214184,0.012159600438061238,-0.03190205642370985,0.04852245911901938,-0.4013287121177898,0.02046654302422475,0.06547156365763494,0.002158913820799601,0.033815238739217275,0.05959137233382442
cfb_20251010_jvst_shsu,CFB,10,746.0,49.0,,,,,,,,,,,,,,,,,,,27.0,7.0,,,,,,,,,,,,,,,,,,,106.0,11.0,,,,,,,,,,,,,,,,,,,640.0,38.0,,,,,,,,,,,,,,,,,,,0.1171178558746666
cfb_20251010_usm_gaso,CFB,10,391.0,72.0,0.0,0.17512108909441607,-0.005824564943400346,-0.0006631909514819041,0.006551632733691015,0.009244573661247804,0.0014019071390058541,-0.033031574256332345,-0.003421286731850568,0.032047032073190915,0.00038643463249637646,0.04540893178113494,0.10035738299671679,-0.06326624478485256,0.007057507768792496,0.10966125712788796,0.01736883170995565,0.0635150444189218,21.0,11.0,,,,,,,,,,,,,,,,,,,83.0,15.0,,,,,,,,,,,,,,,,,,,308.0,57.0,0.0,0.22754620591236346,-0.0031754058890621395,-0.004260072311438135,0.0015315492879300705,0.0037590035348092007,0.002094044617081904,-0.03667443285795994,-0.004457928857476803,0.03542176966888399,0.0039254861929319314,0.0515491357336936,0.0,-0.11214845788307654,-0.005794101696978431,0.03585545831361745,0.005628144257898423,0.020741801285757935,0.1171178558746666
cfb_20251009_lt_kenn,CFB,10,618.0,98.0,15.0,0.0960164181165953,0.003768782032175921,0.017719789653272606,0.0019057737580119225,0.04306928742826186,-0.008803390204941489,0.12179052229056563,0.0036448686169859644,0.05195841316979851,0.0018257131612102644,-0.026362355777186913,0.6372883932479031,-0.030041439726046584,0.05278314919475697,0.3952960988141926,0.34970121813407523,0.3724986584741339,99.0,22.0,,,,,,,,,,,,,,,,,,,291.0,41.0,,,,,,,,,,,,,,,,,,,327.0,57.0,15.0,0.1226290336110736,0.00020335724921565997,0.020618293492456898,0.00023438415904655777,0.013107003277840354,0.0005456199103821241,0.17969513887135097,5.8991630498127515e-05,0.10068222741584437,0.004318767854867049,-0.011829718785484633,0.7525135040224542,-0.02875689890652179,0.08743893146771758,0.6157424724380092,0.5776142880015669,0.596678380219788,0.1171178558746666
cfb_20251010_usf_unt,CFB,10,1183.0,334.0,-25.0,0.09143705178721485,-0.01993690124792197,0.024403630896003642,0.0018928491103351957,-0.019193900613425515,-0.004844371822158744,-0.03903177319295003,-0.0027438201193063336,0.025020289623093727,0.010560334838532321,-0.012103088411817474,0.18947975140160606,-0.12542710629401158,0.02932178062264295,0.04934257569742514,0.03393947060308359,0.041641023150254364,509.0,44.0,,,,,,,,,,,,,,,,,,,451.0,134.0,-25.0,0.09024249202874937,-0.05920731755539409,0.045160815945233565,0.027099176914180234,-0.06219682748206318,-0.011250177695294265,-0.010954012661026778,-0.03081469723178382,0.1012856711983302,0.021318171603579194,-0.013636098725019799,0.1614550409672781,-0.13457932946454906,0.025912160007630185,0.0272952250958669,0.025985699298777008,0.026640462197321954,732.0,200.0,-10.0,0.10568081965940865,-0.004326634102105775,0.0142559313282937,-0.00945950923882487,0.004923134512437769,-0.002922692962728723,-0.054789620392413405,0.009530864440755822,-0.016212688932208275,0.0031498687570533698,-0.010478593661903604,0.2120162003651087,-0.12368215415238641,0.03327812118537304,0.07008664318350727,0.03935345811448098,0.05472005064899413,0.1171178558746666
cfb_20251011_rutg_wash,CFB,10,1232.0,311.0,-5.0,0.06796255201985293,-0.0053990239883237616,-0.011811465293299381,0.025953732571993602,0.02709857266425885,-0.013713174704356852,0.06931617253136925,0.018263573353515014,0.009397716501645385,0.0025181839689109565,-0.011644531285410086,0.087319019851332,-0.10388745622559076,0.00993923512133352,0.02274573984289305,0.01092559194837812,0.016835665895635586,395.0,13.0,,,,,,,,,,,,,,,,,,,457.0,107.0,-5.0,0.1097150743332943,-0.011157705471843166,-0.05340793528195816,0.0655373836008593,0.054048104691151955,-0.013110408057731077,-0.0011266528264288118,0.0467140861373405,0.001637930145604691,-0.0018641802345074994,0.016183830209693856,0.1754748721800918,-0.13502607751625031,0.028736157205773282,0.040727432929955426,0.030231116095403274,0.03547927451267935,775.0,204.0,-10.0,0.08279991477493501,-0.00423993181184573,0.0017471266485546719,0.01661139225903491,0.018046370759729428,-0.015218111814122243,0.09243530708508528,0.011790166472471442,0.01174887945133173,0.0042667961329628905,-0.02057089671992093,0.05723010499988339,-0.09811545206842767,0.005956021351303806,0.018013382194172273,0.00584175981723814,0.011927571005705207,0.1171178558746666
cfb_20251011_fres_csu,CFB,10,774.0,252.0,-50.0,0.09744234634480312,-0.013470181633764296,0.031736492616852206,0.010355930536699313,-0.0496476134683235,-0.0068693520619836695,-0.0008097344315608703,-0.00030702116434723806,0.0075707046657918255,0.010241460759241528,-0.003792913210396814,0.09304485970453855,-0.08288759432713053,0.008503468631207182,0.015872100052588805,0.012050988920103105,0.013961544486345956,66.0,11.0,,,,,,,,,,,,,,,,,,,291.0,90.0,-50.0,0.11389605708462638,0.016837430738647227,0.016919069642297332,-0.023644104993180287,-0.03985344147033641,-0.004656963070322685,-0.0034257362821814887,0.0656633025773597,0.008983908949830892,0.02082096015758573,-0.0043827048363727986,0.06423404517054174,-0.07481991006038989,0.0051358840933156584,0.01320826236565346,0.0063948848996002935,0.009801573632626877,483.0,162.0,-50.0,0.07335381943507999,-0.03080303334949128,0.06669786809068634,0.029121239737844213,-0.07409448484748365,-0.009116551635025926,0.004747517506994791,-0.03244678144509308,0.003595582542788153,0.007996416400951306,-0.003417771047022888,0.23477292858005314,-0.13067742570289234,0.04009204989917799,0.07633049528505675,0.07286491307393637,0.07459770417949657,0.1171178558746666
cfb_20251011_wake_orst,CFB,10,530.0,37.0,,,,,,,,,,,,,,,,,,,94.0,9.0,,,,,,,,,,,,,,,,,,,348.0,25.0,,,,,,,,,,,,,,,,,,,182.0,12.0,,,,,,,,,,,,,,,,,,,0.1171178558746666
cfb_20251011_mass_kent,CFB,10,162.0,39.0,,,,,,,,,,,,,,,,,,,19.0,14.0,,,,,,,,,,,,,,,,,,,66.0,9.0,,,,,,,,,,,,,,,,,,,96.0,30.0,,,,,,,,,,,,,,,,,,,0.1171178558746666
cfb_20251011_hou_okst,CFB,10,490.0,40.0,,,,,,,,,,,,,,,,,,,186.0,12.0,,,,,,,,,,,,,,,,,,,291.0,23.0,,,,,,,,,,,,,,,,,,,199.0,17.0,,,,,,,,,,,,,,,,,,,0.1171178558746666
cfb_20251011_ucf_cin,CFB,10,467.0,37.0,,,,,,,,,,,,,,,,,,,181.0,13.0,,,,,,,,,,,,,,,,,,,252.0,15.0,,,,,,,,,,,,,,,,,,,215.0,22.0,,,,,,,,,,,,,,,,,,,0.1171178558746666
cfb_20251011_navy_tem,CFB,10,550.0,138.0,-60.0,0.13142638017619934,-0.013072794185302564,-0.031918516304354064,-0.030806389802407158,-0.007013412493585832,0.062155816364773624,-0.006340092633109358,-0.0164292283446188,0.002630999816585313,0.0035486970216014185,0.009390502310835339,0.4773362832234385,-0.03521362714949496,0.03215976422855772,0.23175886589512984,0.17078052056163523,0.20126969322838253,11.0,3.0,,,,,,,,,,,,,,,,,,,84.0,19.0,,,,,,,,,,,,,,,,,,,466.0,119.0,-60.0,0.14959465732512234,-0.013911045763159796,-0.03356332066818822,-0.032580597366954935,-0.006935189444229232,0.0650349869981054,-0.005036446479918328,-0.016898156873031974,0.0030866266341262587,0.0035821354355210985,0.010356425428243922,0.4619017726451173,-0.03910013165464476,0.033563426162388735,0.22060536641258963,0.1478975167204111,0.18425144156650036,0.1171178558746666
cfb_20251011_char_army,CFB,10,98.0,29.0,,,,,,,,,,,,,,,,,,,23.0,5.0,,,,,,,,,,,,,,,,,,,66.0,11.0,,,,,,,,,,,,,,,,,,,32.0,18.0,,,,,,,,,,,,,,,,,,,0.1171178558746666
cfb_20251011_stan_smu,CFB,10,649.0,28.0,,,,,,,,,,,,,,,,,,,119.0,17.0,,,,,,,,,,,,,,,,,,,287.0,10.0,,,,,,,,,,,,,,,,,,,362.0,18.0,,,,,,,,,,,,,,,,,,,0.1171178558746666
cfb_20251011_sjsu_wyo,CFB,10,448.0,68.0,-40.0,0.08931496226710682,0.007056290932531413,0.029616430099591532,-1.028121738317566e-05,0.021657136112498032,0.018029540553749158,-0.001037232793073999,-0.0035918789150214125,0.009163849528142871,-0.006293610728324467,0.004026084010710925,0.18596184270423746,-0.04568913030885546,0.010437391401914098,0.027870013070565035,0.01901439614040603,0.02344220460548553,10.0,1.0,,,,,,,,,,,,,,,,,,,95.0,12.0,,,,,,,,,,,,,,,,,,,353.0,56.0,-45.0,0.10450798885632916,0.0030887586888512153,0.031377146258739226,0.0006403398129846045,0.025218408409725564,0.026409691669281556,-0.0031056726119053192,-0.008594018248068661,0.009744998652935112,-0.005690093722914968,0.00395733522105834,0.2254669336006112,-0.0606925066385492,0.017667616733192098,0.043051822470430996,0.029380634248574972,0.036216228359502986,0.1171178558746666
cfb_20251011_vt_gt,CFB,10,421.0,35.0,,,,,,,,,,,,,,,,,,,82.0,5.0,,,,,,,,,,,,,,,,,,,227.0,17.0,,,,,,,,,,,,,,,,,,,194.0,18.0,,,,,,,,,,,,,,,,,,,0.1171178558746666
cfb_20251011_iowa_wis,CFB,10,536.0,58.0,-5.0,0.08238926463730688,-0.014910525952752563,0.019881718155476423,-0.013420806099554594,-0.040718558997496344,-0.03383288791045137,0.04129666400322971,0.0015038340325368384,-0.020760262875335625,0.02026795024166618,-0.01148061069767935,0.5250923015195975,-0.03598976584764563,0.039792888261362826,0.2101556789748468,0.1946724934024336,0.2024140861886402,110.0,12.0,,,,,,,,,,,,,,,,,,,398.0,41.0,,,,,,,,,,,,,,,,,,,138.0,17.0,,,,,,,,,,,,,,,,,,,0.1171178558746666
cfb_20251011_odu_mrsh,CFB,10,273.0,29.0,,,,,,,,,,,,,,,,,,,11.0,4.0,,,,,,,,,,,,,,,,,,,129.0,13.0,,,,,,,,,,,,,,,,,,,144.0,16.0,,,,,,,,,,,,,,,,,,,0.1171178558746666
cfb_20251011_clem_bc,CFB,10,391.0,29.0,,,,,,,,,,,,,,,,,,,100.0,3.0,,,,,,,,,,,,,,,,,,,281.0,14.0,,,,,,,,,,,,,,,,,,,110.0,15.0,,,,,,,,,,,,,,,,,,,0.1171178558746666
cfb_20251011_tcu_ksu,CFB,10,1093.0,93.0,-5.0,0.03513659035571473,-0.010244874573620612,-0.0445803884177541,0.012256104458787052,0.02885235734454319,-0.01012019197816622,-0.014217950618626714,0.0014396664213445116,-0.008109516097693129,0.031089719944320023,-0.024447767536205818,0.6631501873212025,-0.028785440739060992,0.05666938112990436,0.45828456906302545,0.41046086983799623,0.4343727194505108,115.0,19.0,,,,,,,,,,,,,,,,,,,358.0,30.0,,,,,,,,,,,,,,,,,,,735.0,63.0,-10.0,0.036239772207825406,-0.008173098094752728,-0.05751829919431231,0.00679445253228343,-0.0037953089572550793,-0.014532010007622316,-0.02645477009616346,-0.00660782394404135,0.002153751275766955,0.030890086718570787,-0.037360483571238834,0.7021306786343833,-0.028826511810503937,0.06794918727238726,0.5123878693382151,0.4742241966355158,0.4933060329868655,0.1171178558746666
cfb_20251011_afa_unlv,CFB,10,739.0,130.0,15.0,0.36059485630208493,0.005159260064640434,-0.006084465208072827,-0.017904670495511556,-0.03533591108739844,0.007626078455684029,0.02348028972813522,-0.030994539380617102,0.006099630914918367,0.0005511512214398419,0.028185051964586965,0.6734943822776017,-0.04497343241719961,0.09276824789727797,0.60265683327069,0.5987296344029103,0.6006932338368001,28.0,3.0,,,,,,,,,,,,,,,,,,,124.0,18.0,,,,,,,,,,,,,,,,,,,615.0,112.0,15.0,0.37685817777428393,0.004824191905956709,-0.006737921275071754,-0.019227864011608028,-0.03546113744255376,0.007694141325284261,0.026578007326869196,-0.03253139284997634,0.006524959336403079,0.0005722308621509929,0.02904434658032134,0.6813388030315258,-0.059922894547594835,0.12812288924302823,0.6230385017568917,0.61009975970713,0.6165691307320109,0.1171178558746666
cfb_20251012_unm_bsu,CFB,10,1077.0,162.0,20.0,0.05132461700433048,-0.021937399581605482,0.012696735478952828,0.03127508946465337,-0.02334135399369402,-0.0026918459883434826,0.011279930054142908,-0.0013054536424003818,-0.001562797674313278,-0.017857970461383564,0.009349765322178565,0.28692317496526704,-0.04565444784127887,0.01837013722226615,0.11123785571017955,0.09763966797291289,0.10443876184154621,122.0,3.0,,,,,,,,,,,,,,,,,,,351.0,38.0,,,,,,,,,,,,,,,,,,,726.0,124.0,20.0,0.11912789719315196,-0.025869541371006693,0.03799938052871983,0.04043717213394603,0.01201701081227839,-0.007999117975134949,0.014747730039200647,0.001315158381265914,0.013596972186334011,-0.014911613758938323,0.033867950751034936,0.4098588998985229,-0.06464650917941481,0.044897647579534176,0.2333353625182041,0.17156274013603454,0.20244905132711932,0.1171178558746666
cfb_20251012_troy_txst,CFB,10,337.0,49.0,,,,,,,,,,,,,,,,,,,11.0,2.0,,,,,,,,,,,,,,,,,,,28.0,6.0,,,,,,,,,,,,,,,,,,,309.0,43.0,,,,,,,,,,,,,,,,,,,0.1171178558746666
cfb_20251011_niu_emu,CFB,10,381.0,72.0,40.0,0.15003933502251393,0.003939050261493779,0.0979572048792379,-0.03718270506162963,-0.004503748248153799,0.002402566624200582,-0.02142024874612908,0.00018267411603805036,-0.02742309904084642,0.009207448873582354,0.01666904257382269,0.5733500811475052,-0.026496341674227118,0.035606896843879035,0.4793160901631353,0.47752741765327317,0.47842175390820424,30.0,6.0,,,,,,,,,,,,,,,,,,,74.0,15.0,,,,,,,,,,,,,,,,,,,307.0,57.0,40.0,0.15928383002963747,0.004736403953327834,0.10169973442818282,-0.047951199797298935,-0.00449823395352746,0.0028547572315414304,-0.02228108080157344,0.004878456985339815,-0.02848043446990659,0.014700787232764736,0.017291583891956907,0.5862611989973141,-0.029759714618285516,0.04216903498451599,0.5079682593002813,0.5043688011429385,0.5061685302216099,0.1171178558746666
cfb_20251011_ku_ttu,CFB,10,854.0,98.0,-10.0,0.15538634011345875,0.0030202077681873007,0.04126834370837218,-0.024590589691340706,-0.00539483948757627,0.011997361107135828,-0.044935142806309385,-0.014665107068582981,-0.06766984006415644,-0.0075645139132378926,-0.010708864450500588,0.31783483874055146,-0.043802048554769005,0.020408279152232915,0.12648822712915045,0.07864446066821952,0.10256634389868499,225.0,7.0,,,,,,,,,,,,,,,,,,,234.0,17.0,,,,,,,,,,,,,,,,,,,620.0,81.0,-10.0,0.18411566103666374,0.0037802749372296946,0.043858061246379774,-0.029960736612335264,-0.006197391808438937,0.009753605794272443,-0.049300738349238114,-0.014320440768467864,-0.0731191415110386,-0.007668652690270015,-0.010305652953618127,0.09884803464995279,-0.05593036343766305,0.006135043495048046,0.03151104048104249,0.006559652350457307,0.019035346415749898,0.1171178558746666
cfb_20251011_ull_jmu,CFB,10,504.0,78.0,-5.0,0.10656852215518643,0.03003320417868285,-0.0009706131981472426,0.010602016412957426,-0.00963835207659741,0.007659727501686309,0.015029798753589865,0.011584155153271318,0.02869973768423381,-0.020693300487004403,0.011653069263620704,0.5374216373325974,-0.04737052172016219,0.0550348771121692,0.2832834285792914,0.2419550319033461,0.2626192302413187,14.0,9.0,,,,,,,,,,,,,,,,,,,102.0,14.0,,,,,,,,,,,,,,,,,,,402.0,64.0,-5.0,0.08815583154372732,0.03477842463726497,-0.01166786463464496,0.011051743712850096,-0.022465483733314397,0.007117389823841487,0.01157683447606753,0.013770575966515517,0.03492515620843019,-0.02614601140023612,0.02230209314425583,0.5179877969090736,-0.054588554785868874,0.05866284099999952,0.2536607486910366,0.23025809476237785,0.24195942172670723,0.1171178558746666
cfb_20251011_ucla_msu,CFB,10,854.0,70.0,-35.0,0.06665307118355629,-0.011268863194343077,-0.012171700371979765,-0.020844359199036436,0.080566217969579,0.027290295588095315,0.02439300506421948,-0.006399684377503024,0.0029853037721947646,0.0009982505674341292,0.0040058082914720475,0.0,-0.049427593636952975,-0.012399737036711751,0.03399610315355884,0.026854890979896545,0.030425497066727692,316.0,34.0,,,,,,,,,,,,,,,,,,,439.0,36.0,,,,,,,,,,,,,,,,,,,415.0,34.0,,,,,,,,,,,,,,,,,,,0.1171178558746666
cfb_20251011_okla_tex,CFB,10,1207.0,439.0,-10.0,0.14279531643651533,0.0486054583874984,0.007226580403309521,-0.010491772225416323,0.04910020170618327,0.021742380605940265,0.037597698380125125,0.007816962775296574,0.033213745015886725,-0.029580813383853002,0.027459860526225538,0.20655867255582616,-0.1393832074048689,0.036285997845440975,0.1030462149798202,0.048287420024465615,0.07566681750214291,289.0,54.0,40.0,0.03944300191446645,-0.031187586753016406,-0.017757886644625714,0.00862694485314466,-0.026015396006643522,0.004411972850446104,-0.002052593061356245,-0.010481104566016225,-0.001986473135766403,0.005799659898992697,0.0075989263889580634,0.7447358989215924,-0.0413432375865339,0.12061936276295593,0.6105696784772762,0.591703406686861,0.6011365425820686,452.0,141.0,-10.0,0.1939272137917271,0.15854557778323602,0.017388686047768786,-0.024259512194863272,0.08022641533318708,-0.03057698455191724,0.0047107892808402885,-0.009904923904958781,-0.008849544675546881,-0.022223247020362328,-0.003340421935409593,0.24983912762855762,-0.1853819940096153,0.06174099098902556,0.138087324188447,0.0732788400373041,0.10568308211287555,755.0,298.0,-5.0,0.1680129425873582,-0.003276390085086695,-0.0007624165707710307,-0.004266981295648559,0.026001897261631483,0.048117771152811274,0.061828249094555,0.016716274685756285,0.06392867211983955,-0.034502855984702,0.04948403503901742,0.1879521194166522,-0.12020036306879966,0.027820912453096636,0.08691005132775242,0.03918829580287318,0.06304917356531281,0.1171178558746666
cfb_20251012_sdsu_nev,CFB,10,76.0,25.0,,,,,,,,,,,,,,,,,,,17.0,7.0,,,,,,,,,,,,,,,,,,,76.0,18.0,,,,,,,,,,,,,,,,,,,0.0,7.0,,,,,,,,,,,,,,,,,,,0.1171178558746666
cfb_20251011_scar_lsu,CFB,10,1199.0,128.0,-35.0,0.15609090042285403,-0.004690701526487751,-0.03436732786258931,-0.0008081153958173752,0.011485063224400776,0.007939452683565723,-0.013980638373955934,-0.0002849725768768559,0.006648611998297018,0.004759159718162241,0.010817500603645716,0.07050470743034325,-0.06928573795017004,0.005255508793129349,0.0029325959648588036,0.00042953383640388935,0.0016810649006313465,262.0,6.0,,,,,,,,,,,,,,,,,,,387.0,23.0,,,,,,,,,,,,,,,,,,,812.0,105.0,-35.0,0.2095964731707524,-0.0019061409573738054,-0.02618668216736511,0.0007564380871973414,0.018125861551074107,0.00035996249814802947,-0.01587372753793372,-0.003155389633378905,0.0010885474452341905,0.0037399939289429374,0.008625220242004879,0.003353014481637165,-0.10880938971992193,0.0003660668870425017,0.00366781830290323,6.6985395680132746e-06,0.0018372584212356217,0.1171178558746666
cfb_20251012_byu_ariz,CFB,10,1237.0,215.0,-5.0,0.07215941313963997,-0.00691908354109516,0.030545921626387956,-0.01150269127515959,0.1171732084325099,-0.03159549801239138,0.03338658187269274,0.044042756412652574,-0.004241880888502349,0.0013857452270173768,-0.016958718627769504,0.30656294321787597,-0.10818385553448746,0.04782721205470618,0.15156414471452906,0.07419961773970932,0.11288188122711919,260.0,11.0,,,,,,,,,,,,,,,,,,,293.0,26.0,,,,,,,,,,,,,,,,,,,944.0,189.0,-5.0,0.06569069793219812,0.013423064966894275,0.034275606389101446,-0.013624223023373912,0.10359337448956589,0.0020699391129713352,0.032050927447019206,-0.002378107558977234,-0.005570303312777545,0.004030633457160592,-0.019643044669529607,0.2333683114090105,-0.13244933836182626,0.0403185504861524,0.10830372567041252,0.04275571220250417,0.07552971893645835,0.1171178558746666
cfb_20251011_uab_fau,CFB,10,88.0,38.0,,,,,,,,,,,,,,,,,,,9.0,6.0,,,,,,,,,,,,,,,,,,,44.0,9.0,,,,,,,,,,,,,,,,,,,44.0,29.0,,,,,,,,,,,,,,,,,,,0.1171178558746666
cfb_20251011_ind_ore,CFB,10,1296.0,229.0,-25.0,0.08363085707490066,0.01727188362073497,0.03433202816860092,-0.002969454069892983,-0.005896054071946352,-0.0003996199922543045,0.010202053173746662,0.01932836657387494,-0.020028371675465884,-0.009174518392374017,-0.02581243521428367,0.0,-0.11146549035383439,-0.0012061863088895,0.0005533958252574173,7.100488553708644e-05,0.0003122003553972519,364.0,15.0,,,,,,,,,,,,,,,,,,,427.0,61.0,35.0,0.07560195168350246,0.01635045286547272,0.011035528862470024,-0.013814327305253973,0.015833160910407956,-0.003230075108345395,0.0006908678634972893,0.040987296322207295,-0.05861271408877634,-0.005917352296452522,0.004238513840286779,0.11179463516935656,-0.05919751099563984,0.0074509391709803455,0.0115005750059756,0.006188101753495742,0.00884433837973567,869.0,168.0,-25.0,0.10753955731610809,0.018953943641476876,0.04054737264173113,-0.0017575097451423514,-0.012297617674925012,-1.873095815327616e-05,0.01248497861803103,0.018043590416745307,-0.01044045951840831,-0.010349577452671255,-0.03445663947890861,0.0,-0.13579067982818763,-0.003118242032111114,0.0003615588390464017,0.00013977865311871782,0.0002506687460825598,0.1171178558746666
cfb_20251011_tol_bgsu,CFB,10,289.0,69.0,-30.0,0.09927051154883483,0.016701205445522713,0.03197991617997558,0.003016308431984492,0.019807628764755794,0.0034843766230690607,0.005123518878694364,-0.012945507951619972,0.0029708799348042323,0.003333579204119725,0.05601821975981536,0.31853666509645506,-0.04573357576523268,0.021377262665577188,0.10770261449431039,0.08400629719038966,0.09585445584235003,18.0,10.0,,,,,,,,,,,,,,,,,,,43.0,7.0,,,,,,,,,,,,,,,,,,,246.0,62.0,-30.0,0.11981760680236749,0.016328129147539637,0.026267240536835552,0.0033962489351118683,0.022979522285931666,0.0038755501073884776,0.005663247938558447,-0.013501400554853037,0.003192602680215776,0.003756110818283452,0.06405529978185698,0.2649733300794609,-0.052733937396504275,0.019010312920569438,0.062314307403573944,0.045556954582180335,0.05393563099287714,0.1171178558746666
cfb_20251011_isu_colo,CFB,10,1238.0,173.0,-10.0,0.11475506777598939,0.030653265241303823,-0.04257282802227468,-0.007195202818659614,0.0740643294935342,-0.009724012609198708,0.014408581311699831,0.0032454999390405903,-0.0002690323292679756,0.012461166977631834,0.011806885306279867,0.0,-0.07525229478096808,-0.013048052601768865,0.024626415382835862,0.012351767880542945,0.018489091631689405,144.0,16.0,,,,,,,,,,,,,,,,,,,372.0,61.0,-60.0,0.09236464777614613,0.07681153717862585,-0.03765948316686709,-0.014299103199360504,0.047279522099309225,-0.038887113376120594,-0.08295608387046804,0.02918360747958328,0.050301812681427804,0.05352256074629571,-0.01048373604445228,0.16113057510263865,-0.05005933108628079,0.009615428298835344,0.06484498861899936,0.01738325418024525,0.041114121399622304,866.0,112.0,-10.0,0.1454872358841887,-0.0025592970788638454,-0.04675594470657474,-0.002720359295612215,0.07119642882461201,0.014497051198332995,0.04349280524747474,-0.019635304005747766,-0.0008324893844587163,-0.021308428484062145,0.02018607785533126,0.0,-0.08159888979264002,-0.017833879675499868,0.04185980049490181,0.03305539402881756,0.03745759726185968,0.1171178558746666
cfb_20251011_app_gast,CFB,10,75.0,37.0,,,,,,,,,,,,,,,,,,,19.0,8.0,,,,,,,,,,,,,,,,,,,40.0,14.0,,,,,,,,,,,,,,,,,,,35.0,23.0,,,,,,,,,,,,,,,,,,,0.1171178558746666
cfb_20251011_pur_minn,CFB,10,1440.0,201.0,-10.0,0.11008457446349015,-0.004558767558857189,0.002126324090696647,-0.02486965055573788,-0.007522234232758665,0.005425435719721893,-0.00676861976085102,0.006638397802253615,0.015433304007028569,-0.022808894373020177,0.00775601352615584,0.10719676721978232,-0.06961246713211647,0.008358203869310162,0.025510095804640642,0.011885052366776738,0.01869757408570869,91.0,4.0,,,,,,,,,,,,,,,,,,,418.0,30.0,,,,,,,,,,,,,,,,,,,1022.0,171.0,-10.0,0.13079418325318587,-0.005042336160714335,0.009257149596483816,-0.028492038418450157,-0.012948600999811455,0.007137007517922089,-0.00453702426510809,0.006103501708497208,-0.004284727150477467,-0.025737359483571635,0.005092176845884799,0.15425659058365584,-0.07837396713857848,0.014294762249055917,0.05449227041397068,0.02863869957191378,0.04156548499294223,0.1171178558746666
cfb_20251011_fla_txam,CFB,10,1128.0,255.0,-15.0,0.05897346219994093,-0.009408284116887815,0.01722835098665846,0.005644922443731141,-0.039193180110665124,0.017775464659675,-0.025144134013200335,-0.02204517303081284,0.01959449897218251,0.03036473102244621,0.0009118686010079703,0.15559723761803695,-0.11113317824375041,0.020478397647186397,0.04372041519558371,0.021828988338860558,0.032774701767222136,249.0,11.0,,,,,,,,,,,,,,,,,,,375.0,69.0,55.0,0.10815295548684313,-0.043386328514676116,0.06393212151792753,0.006104611310346282,-0.09259126708702159,0.05175033319997038,-0.04335243210831603,0.017131388622810457,0.008681326392513894,0.0015738389386119448,0.0010392628737638655,0.25920602778391577,-0.09898600598241565,0.034635499719499196,0.09395825524446479,0.05473838870457934,0.07434832197452207,753.0,186.0,25.0,0.054564560203600884,0.006881369380704421,-0.00727073338533876,0.005278780140960805,-0.002672993300776205,0.001271482496926293,-0.010237488119160615,-0.04306713218315116,0.031238873255330032,0.04567780172199584,0.007516367429556751,0.029886630723220526,-0.14355027913822507,0.004422404966975905,0.007094064413974714,0.0007633038305386404,0.003928684122256677,0.1171178558746666
cfb_20251012_asu_utah,CFB,10,676.0,115.0,55.0,0.06874842656825246,-0.01033132887977663,-0.022261097042644767,-0.04643845928630148,0.010563404811598806,0.028951618650159675,0.032750940075907224,0.0016847645990164253,0.0002819491327399572,0.04164767724399664,0.036038475405601886,0.5573702571953677,-0.03892816203391026,0.049019298946117826,0.3795375868851567,0.36554119259682555,0.3725393897409911,261.0,43.0,,,,,,,,,,,,,,,,,,,397.0,83.0,55.0,0.07796749895811368,-0.013397023047401485,-0.008924072378492378,-0.018325317960161586,0.028771585650908833,0.005448751304583342,0.03642775104774628,0.0015009022563058458,0.01057878909125288,0.06800433378814864,0.06474944311530738,0.5804685600668865,-0.06864746996333396,0.09498143464099924,0.4301978993639915,0.40371025374718456,0.416954076555588,279.0,32.0,,,,,,,,,,,,,,,,,,,0.1171178558746666
cfb_20251011_pitt_fsu,CFB,10,1362.0,175.0,-15.0,0.07840228590361818,-0.005441090369328283,-0.0008864277824685347,-0.017022263443142917,0.01959549487818977,0.004806400074545014,-0.029806476624464735,0.0223774262883145,-0.013279144620771819,0.016245317802292738,-0.012114259659128554,0.12627141969857777,-0.07315140491918878,0.010571854876150328,0.009757519329322731,0.008380003062301234,0.009068761195811983,284.0,41.0,,,,,,,,,,,,,,,,,,,406.0,42.0,,,,,,,,,,,,,,,,,,,956.0,133.0,-15.0,0.0853468351171023,-0.0008848089879972678,0.004449474312091236,-0.02079139087994867,0.027195880833923228,0.002501512977324759,-0.03891304831537009,0.023998866428449915,-0.01807276523115775,0.01830951130862574,-0.010236514818493294,0.18758430795936037,-0.09479260329764153,0.021887323279773347,0.02548678880439021,0.02320653917255092,0.024346663988470567,0.1171178558746666
cfb_20251011_wsu_miss,CFB,10,1098.0,91.0,-20.0,0.05687491657797319,0.014108441188628636,0.01639557583500977,0.0007514711868525985,-0.011008787335483099,0.03570695434659693,0.009265955415371495,0.0360812715378103,0.009853014250511214,-0.016943895859994184,-0.03463917529345958,0.4852770138695088,-0.03555777234388323,0.03352360405081447,0.19319298405987967,0.17857831328628337,0.18588564867308152,137.0,13.0,,,,,,,,,,,,,,,,,,,390.0,18.0,,,,,,,,,,,,,,,,,,,708.0,73.0,-20.0,0.0640721893125486,0.00728825132397243,0.006716044051286049,0.0001773445129660955,-0.02820220377771435,0.03607052101577273,0.016767607206092005,0.06420862010179564,-0.010559031012186353,-0.02144948683913741,-0.034690539299099925,0.4868887893616399,-0.0469504231468078,0.04455103340565559,0.22962491368193427,0.20092524956417473,0.2152750816230545,0.1171178558746666
cfb_20251011_osu_ill,CFB,10,725.0,81.0,55.0,0.04981608732666525,0.008708799611266445,0.0244033951591508,-0.0025805410148177395,-0.0075072321837383734,0.0018741025983656438,-0.010068802076712935,-0.00019424701183213235,0.09379138563692739,-0.001550949226444649,0.02586537779600915,0.3924112705243055,-0.040014125084211066,0.025843128585948998,0.11966051596629586,0.10693721993348636,0.11329886794989111,472.0,46.0,,,,,,,,,,,,,,,,,,,359.0,35.0,,,,,,,,,,,,,,,,,,,366.0,46.0,,,,,,,,,,,,,,,,,,,0.1171178558746666
cfb_20251011_rice_utsa,CFB,10,45.0,17.0,,,,,,,,,,,,,,,,,,,9.0,1.0,,,,,,,,,,,,,,,,,,,45.0,12.0,,,,,,,,,,,,,,,,,,,0.0,5.0,,,,,,,,,,,,,,,,,,,0.1171178558746666
cfb_20251011_neb_md,CFB,10,1212.0,119.0,-25.0,0.1356468242766982,0.019226113142055343,0.012419084441213814,0.003221077325438585,0.06096776773143972,-0.0006784580776800962,0.04995332423926123,0.011073755183283419,0.09040226689804512,0.02192436024927991,0.014978598246979521,0.014066884605191494,-0.06895294377282693,0.0009837919916628466,0.004740207283830357,0.00011515610665522668,0.002427681695242792,124.0,17.0,,,,,,,,,,,,,,,,,,,348.0,19.0,,,,,,,,,,,,,,,,,,,864.0,100.0,-15.0,0.13570322643567165,0.02824385674515574,-0.003052791177431664,0.007873477130058046,0.07910363963664187,0.005896840788604445,0.03599460999902681,0.007427977354111872,0.12327610271489409,0.030511935020215365,0.017124210729598677,0.0,-0.08002315050375174,-0.0015360753483468627,0.0008398308291870893,0.0001915243164504615,0.0005156775728187754,0.1171178558746666
cfb_20251011_ark_tenn,CFB,10,1198.0,127.0,-10.0,0.07502988871472692,-0.012473149868700505,-0.013717219157239028,0.0028666621705617,-0.02249142941560862,-0.00044634181403932683,0.00045374418490257585,-0.01775255073897982,-0.02570410282324466,0.0025933708044883594,0.03404572229253217,0.6223000069539825,-0.03468830869436836,0.05715259502029511,0.4069801432630593,0.36489931989304447,0.3859397315780519,181.0,12.0,,,,,,,,,,,,,,,,,,,369.0,29.0,,,,,,,,,,,,,,,,,,,829.0,98.0,15.0,0.05114160061773826,-0.01787659629805169,-0.01772535791636073,0.0032123908428342376,-0.02368094834723405,-0.0003519202450358869,0.020603128944385,-0.017390868362716052,-0.03243645128304064,0.005985351589252354,0.04568186973179675,0.6577425460187005,-0.03390601918309985,0.06515981207547204,0.47109626978904773,0.4643819538356804,0.46773911181236405,0.1171178558746666
cfb_20251011_ball_wmu,CFB,10,66.0,23.0,,,,,,,,,,,,,,,,,,,1.0,4.0,,,,,,,,,,,,,,,,,,,45.0,10.0,,,,,,,,,,,,,,,,,,,21.0,13.0,,,,,,,,,,,,,,,,,,,0.1171178558746666
cfb_20251011_uga_aub,CFB,10,1438.0,449.0,0.0,0.07567216713375087,-0.003082031593893719,0.0010453376639365036,-0.0075588646044109096,-0.04571553950994098,-0.0068529572897602945,0.024744536974739776,-0.014940250204611196,0.0305085305850195,0.00915040250041216,0.0007418219083591652,0.011190185760393967,-0.1608603254815249,0.0018204278494140362,0.013044471984072816,0.00012016334019346568,0.006582317662133141,358.0,26.0,,,,,,,,,,,,,,,,,,,425.0,70.0,-45.0,0.07491405935224067,0.015306560849050832,0.00048424739489106016,-0.013490078690756347,0.008482345368917498,0.02850794433166264,0.014948244397455717,-0.027330098951425904,-0.001918703157983059,-0.05903971888896447,0.03580184123016565,0.12869970935128028,-0.05875183240136309,0.008678229348782636,0.04076965234512271,0.00870640053518236,0.024738026440152536,1013.0,379.0,-15.0,0.0879402236392451,-0.0057659878944605605,0.0034546534748948,-0.009033309150452088,-0.05253986611873953,-0.011658726999558732,0.028530917182810648,-0.017159243354719564,0.03825682318378672,0.015622861287063933,-0.0025155500927341733,0.0,-0.2255931231486603,-0.0021841375099525967,0.008608271384567052,0.00011037632107596958,0.004359323852821511,0.1171178558746666
cfb_20251011_oh_akr,CFB,10,129.0,25.0,,,,,,,,,,,,,,,,,,,29.0,4.0,,,,,,,,,,,,,,,,,,,53.0,8.0,,,,,,,,,,,,,,,,,,,76.0,17.0,,,,,,,,,,,,,,,,,,,0.1171178558746666
cfb_20251011_ala_mizz,CFB,10,1354.0,324.0,-5.0,0.11701525744420119,-0.02987023161968129,-0.0038221084183373503,0.03894889746363447,0.02844858097884615,-0.005557010349874603,0.056704795371458436,0.013369391533703747,0.03272076956516055,0.020598990016280284,0.0305222490610674,0.0,-0.16804775979625114,-0.006097855744600911,0.0011405047750211914,0.00017446538408829617,0.0006574850795547438,629.0,58.0,-15.0,0.06181139845258396,-0.05210809844802055,-0.01631546559918853,0.031045858336188586,-0.005820136051542967,-0.022569589062980656,0.014299556466056101,0.006024962092464751,0.10674886922668825,0.020279919770870666,0.022896450628167114,0.9427431461402983,-0.018136750488712265,0.29862446264313974,0.9405476830394799,0.9072859965616825,0.9239168398005813,439.0,78.0,40.0,0.10542641823186225,0.04392293465067886,0.07401026279732634,0.0023443348575560227,0.0026137505102588506,0.019844953651650014,-0.002301489310235769,-0.03015189581416923,0.016083086586863915,0.01116238317272131,0.059450950078438064,0.0894757000004045,-0.11292526049379255,0.011096976467750066,0.0102697835247766,0.006100074938544538,0.00818492923166057,915.0,246.0,-5.0,0.14536456423948463,-0.04306231106100702,-0.014965673962952793,0.044659080756542055,0.032366351621167404,-0.009614242769666806,0.06556382843299707,0.020111575309326363,0.035365651549845806,0.023072327208271827,0.026708632308390875,0.0,-0.19124866070015523,-0.00799591801977449,0.0016536016462344763,2.4774958860205456e-05,0.0008391883025473408,0.1171178558746666
cfb_20251011_nw_psu,CFB,10,1127.0,108.0,-40.0,0.09098808534004016,0.007030258670988942,-0.01296113704919214,-0.022164252961869465,-0.025695320335543725,0.005966657298149348,-0.01025211731677854,-0.020521221362687584,0.020454660693366922,0.0025274685091772574,0.010948987923211277,0.10332100602364988,-0.07617128848097286,0.00877693601482912,0.022941323075688063,0.007466018380833849,0.015203670728260956,68.0,1.0,,,,,,,,,,,,,,,,,,,368.0,17.0,,,,,,,,,,,,,,,,,,,759.0,91.0,-40.0,0.1046030532708101,0.008316104802084338,-0.00030346879722969116,-0.03088976657630081,-0.03584215691433951,0.014713487764862369,-0.0001987667352159842,-0.027044322934059582,0.03361471401687991,0.0002623285897204304,0.008579222990677895,0.07462624315635663,-0.10210952130971744,0.008234564584832592,0.01992416039408812,0.004097176899583115,0.012010668646835617,0.1171178558746666
cfb_20251011_mich_usc,CFB,10,1038.0,146.0,-15.0,0.06138193389893206,-0.008264349600536977,0.04250291649099972,0.018320620959684043,-0.014305315861135065,-0.022318389706337257,0.024984700000680492,-0.012146511911661616,0.0001394554709045303,0.06852893847629563,0.012308495910146733,0.043798888309173854,-0.07511913476375966,0.003440839540106607,0.008871939781914027,0.0009313169907476383,0.004901628386330833,292.0,21.0,,,,,,,,,,,,,,,,,,,425.0,71.0,-45.0,0.06612516338189817,-0.007244280974476037,0.018045196066963563,0.012170876315443486,-0.023578323355890152,-0.022519057306925286,0.03356498673146858,-0.038394052278987414,-0.04360001546342851,0.11418269172363503,-0.023584574834047686,0.07094528407203028,-0.09237523173948682,0.007054037770457456,0.01345387874694567,0.001899974340597513,0.007676926543771591,613.0,75.0,-15.0,0.09135917913425025,-0.009627010310564356,0.05673949483410216,0.025569592287448047,-0.010113456240243086,-0.022361812833551632,0.017898641993010833,0.01791873064929188,0.026623717680531563,0.019930517087007615,0.03381409561328181,0.09765546609516211,-0.07516432941046204,0.008134595319755189,0.019038780846040874,0.0068906931730076705,0.012964737009524272,0.1171178558746666
nfl_20251012_dal_car,NFL,10,1126.0,411.0,-5.0,0.16863779585681588,0.003144555618685871,-0.005226980885666564,0.005402441320267883,0.06768037101596726,-0.002587507164851943,0.05074848867079092,0.029252833845106435,0.003995736624392676,-0.01604853778094552,0.024199660906666722,0.0,-0.1772909182775275,-0.023970197042576465,0.020562186246028947,0.000816499064727418,0.010689342655378183,446.0,88.0,-55.0,0.07429158487925902,-0.016188684506796933,0.06479688860841462,0.03464786554404555,-0.08282295329471938,-8.42782710115951e-05,-0.01996130121205684,0.029116361007783736,0.0704197436550063,-0.02169267108565481,0.018855411043739445,0.7113050352705061,-0.03781115847502905,0.09316153968220402,0.6320551936677057,0.6271000101508819,0.6295776019092938,396.0,121.0,-10.0,0.15835720373711937,-0.00012094514856475043,0.023779229073974534,0.007587175488462768,0.09627036985075418,-0.02501703211701549,0.05183001373239282,-0.014426981471160134,0.019132015127948123,0.024944576652523108,-0.00886705307143146,0.0,-0.14193565821822485,-0.026198455903610477,0.040563120021729106,0.0255619001348643,0.033062510078296706,730.0,290.0,-5.0,0.22558910244037514,0.004192071279579916,-0.0190712521849971,0.005304194440171474,0.05411451538323271,0.002789719544890472,0.05037475937639991,0.0413267324034949,-0.0030480770738443596,-0.02649873013894507,0.040240268992663975,0.0,-0.20936239127897255,-0.028385639462571267,0.01999551255418151,0.006586558230801955,0.013291035392491733,0.05959137233382442
nfl_20251012_sea_jac,NFL,10,1094.0,328.0,-5.0,0.17456683489317984,0.02483922043941771,-0.030290228855463328,-0.02661699452910021,0.02267888519558454,0.004477073890348194,0.036081961268420615,0.022232763463488427,-0.05441634393712579,0.007189786472432306,-0.0003569651630333014,0.016546817992822118,-0.13806783572524117,0.0023230219701416907,0.0020505482935432966,0.0002030550629768149,0.0011268016782600557,566.0,68.0,20.0,0.123916327727391,0.05375589965518185,0.02722077879589032,-0.07024971589560326,0.0006774915351067899,0.08025516610814662,-0.023974236741490598,0.059684259730400986,0.007756011280657331,0.056750563174274724,0.000668589210789058,0.7718303414461523,-0.04432770283781734,0.14994748308641484,0.6121182627329328,0.5840331259484044,0.5980756943406687,397.0,99.0,-5.0,0.12926612708312143,-0.0011063628263165068,-0.039982750241108825,-0.05811657298060114,-0.014875725858426728,-0.01698147814040259,-0.012876758132531859,-0.010766393780556965,0.017616212859782487,0.0355838143325513,-0.030028055246046945,0.04807705469301966,-0.1067125831135936,0.0053895398992942255,0.026468498467341995,0.001049864527147636,0.013759181497244815,697.0,229.0,-5.0,0.2002029052914411,0.035448408449221515,-0.027620788668794534,-0.01835125799151684,0.03406136905018275,0.012113412366857762,0.051024813638122966,0.03483698793133759,-0.07721014712095041,-0.0008357292165808391,0.008716123930135083,0.0,-0.1550038654029053,-0.00013321649809257797,0.00037780770283730303,6.752121383891259e-07,0.00018924145748784607,0.05959137233382442
nfl_20251012_lac_mia,NFL,10,993.0,293.0,-15.0,0.22295716034394322,-0.012851856719972661,0.058289975429355635,-0.0009366025847692764,0.06808450729769012,-0.025850793768081373,0.11745480387835429,-0.017006851884391782,-0.07607882255764072,0.03592497157571049,-0.0004052425411299083,0.0,-0.16979176712147778,-0.02716787970185871,0.01266330724386182,0.0009682944619336961,0.006815800852897758,405.0,44.0,,,,,,,,,,,,,,,,,,,380.0,72.0,-10.0,0.15217946108353356,-0.06250290960626037,0.055008385951929195,0.02003322627722653,0.025083933415572926,0.013893885668458146,-0.01718782335790604,-0.061721019042117437,0.04490810230852751,0.04405664130479282,0.06278851569913199,0.0,-0.08983079996401491,-0.00022055026220684323,0.001664124912581414,2.965299429225849e-06,0.00083354510600532,613.0,221.0,-15.0,0.26514730579054263,0.010290748606669363,0.0592653144925706,-0.01142716131287034,0.07854484940537577,-0.04636417954770993,0.1499239419263083,0.003412887100468925,-0.10528217200856506,0.033326084022543584,-0.01549463960198717,0.0,-0.2136436448917965,-0.04646468427215804,0.023856637589930813,2.3808769600644348e-05,0.011940223179765728,0.05959137233382442
nfl_20251012_cin_gb,NFL,10,927.0,355.0,-30.0,0.05480512769151255,0.03345269329840471,0.02376141214863637,-0.022640892046608827,-0.010069899267137836,0.01794737642900001,-0.02411460745004697,0.023380085089704,0.028824877881450134,0.010289823357588192,-0.00474541472824495,0.07191585694297434,-0.17053911154313847,0.013214821566200068,0.02173940794306029,0.0034551659479380437,0.012597286945499166,287.0,80.0,25.0,0.05051035905963232,0.008551757832980079,0.003679386509961864,-0.004832831062390253,-0.0038023766967722234,-0.005863250384911683,0.04061554383968061,-0.01097137918215234,-0.03555161567181778,-0.017672053078475823,0.036081330859784586,0.6635004497470272,-0.10259922030223433,0.20230228766442573,0.5001108518418662,0.4727897632332824,0.48645030753757434,386.0,124.0,-20.0,0.08408253870006174,0.03759622252293001,0.024523801477761648,-0.025702858714799017,0.006348374800731997,0.000638082694162839,0.023582280240001766,0.03133982037986373,0.0837192037487733,0.019307237902187403,0.05033271573769246,0.15740215850995198,-0.15737411438603613,0.029398396338339947,0.030953199577179714,0.020227405341758924,0.02559030245946932,541.0,231.0,40.0,0.08841029511188148,0.029322459344316043,0.024606556657837765,-0.020004596911217667,-0.017604137627098664,0.039954057086920985,-0.04664476056496951,0.014177886365026938,0.007985016798211545,-0.0007175573538445791,-0.027778954974264844,0.009817408361699524,-0.18298500203865242,0.0018142497194457688,0.017099999605883754,5.6288160482361206e-05,0.008578143883183058,0.05959137233382442
nfl_20251012_ari_ind,NFL,10,1047.0,374.0,-20.0,0.13566407001566322,0.015161910897629294,0.010673246328029965,0.009698352160759429,0.036752716514051056,0.013886326616984189,0.07671324665431681,0.015863862115512863,0.05003552876223227,-0.0021172484401614095,-0.05493278334253642,0.05907864007915163,-0.21607624820003477,0.013567011485568933,0.018581930893890975,0.002772044147537441,0.010676987520714208,427.0,64.0,0.0,0.07143215221415967,0.011292641180546091,-0.010249077127883933,0.017248493202917988,3.0658828786140753e-05,-0.0008943609291501573,-0.0020276545730459382,-0.002066087537971323,0.009984433035036227,-0.00713514858596404,0.002194727751663348,0.864675746727409,-0.02678560398453763,0.1711508585251201,0.8137163260949843,0.7557860740683262,0.7847512000816552,377.0,110.0,-40.0,0.10913797346116562,0.00877333241804573,-0.011480977295659335,0.037126910375014394,0.15473060865922886,0.02107693236795997,-0.06166723780142979,0.024298820662859818,0.16045506651942423,0.03152387304165482,0.021685785443541515,0.30798051981094915,-0.1856116211785106,0.08260571444881,0.21323468030525952,0.10031412715059959,0.15677440372792956,670.0,264.0,-20.0,0.14499903991002575,0.016837030358178663,0.016266029502660453,0.00523938369466878,0.005407254838414382,0.013133415428676886,0.11284757839467255,0.014992952223710328,0.021300106617792355,-0.008053373498470016,-0.075097422391936,0.004621302907921221,-0.22765519929368833,0.0010569481118822704,0.0042324084264283015,1.6053093434999308e-05,0.0021242307599316505,0.05959137233382442
nfl_20251012_den_nyj,NFL,10,1104.0,478.0,-5.0,0.12593610337894143,0.029681132243855015,-0.00776091947294177,0.030209142497852656,0.08274486105860736,-0.012020994265014606,0.05531795927604458,0.009582120214339906,-0.009582669284304774,0.02086006901252299,0.002145646684980881,0.21144835066802833,-0.22194611783414817,0.059514352158111364,0.15120486457038768,0.054197496786830605,0.10270118067860914,473.0,109.0,-5.0,0.08624037396000193,0.0018760007997361675,0.01783445827701721,-0.0373413339417213,0.003254918827082574,0.03390291113218391,-0.0009748529830476194,0.004954290452123512,-0.002616838909495077,0.0020798945738550287,0.00961124881876203,0.7504532940392676,-0.05532090188603192,0.16636466063442465,0.6714434609358014,0.6051217223062239,0.6382825916210126,375.0,125.0,-20.0,0.09192894291498392,-0.004223348489045763,0.008670635418451046,0.0736187812213578,0.15232334169500336,0.014876650855449763,0.1132385774069537,0.03309120181817939,-0.015350610397273812,0.0838554872016486,-0.0079627722137438,0.16933921631984347,-0.1826483355220685,0.03723484556764658,0.09010526803913606,0.020366629070553526,0.05523594855484479,729.0,353.0,-5.0,0.14240655915072084,0.03970661429274587,-0.010363432749642494,0.017569002594818927,0.07184208774641682,-0.020373785909467014,0.04623006283732505,0.0026643953091245887,-0.008687787524028245,0.002555311465238392,0.0036463342169556494,0.2189562798684749,-0.232408824340335,0.06515303852337018,0.16693416880151882,0.06566460486179218,0.1162993868316555,0.05959137233382442
nfl_20251012_la_bal,NFL,10,838.0,281.0,-20.0,0.09999336602119431,0.04293468154527941,-0.03774649848174455,-0.04209029877367028,0.03450724709168886,0.034440153103313206,-0.04936939153183442,0.03657063201686127,0.01155156708496509,-0.01283374239797643,0.030894661633536796,0.19663285952537826,-0.16804996090251653,0.041132058669797814,0.07352908418961152,0.035613862047288204,0.054571473118449856,489.0,72.0,-40.0,0.06596459429072447,-0.018560417969380922,-0.03207321371485384,0.010319727457365074,0.06566398841592709,-0.040662112022627935,-0.012577908591592505,0.022031431899285605,0.08063006759222766,-0.055896392020603466,-0.0619967290529374,0.8652903330696404,-0.02637893830789521,0.16944173966566278,0.7892403402954458,0.7710177103906093,0.7801290253430275,372.0,118.0,-20.0,0.10396807714508233,0.10211922211100655,-0.06296158153678116,-0.039216295695366894,0.061708475065883284,0.05533762671955904,-0.07326094192675964,0.02219548117692671,0.06895267918913214,-0.03282547425760619,0.021235582122663174,0.12131740792339353,-0.19828093319791354,0.027376129984950506,0.01823127716951923,0.015173386040777068,0.016702331605148148,466.0,163.0,30.0,0.10009431271541476,0.023014630691688933,-0.013591839145145288,-0.045730929793580406,0.0096815583207225,0.02900172031275469,-0.02687915079543306,0.045045590890782285,-0.043189929000939944,-0.00597673560584295,0.04103450825190854,0.25507241351996746,-0.18573518101515657,0.0635980218170829,0.14463157656140327,0.05009491512825878,0.09736324584483103,0.05959137233382442
nfl_20251012_cle_pit,NFL,10,855.0,155.0,-35.0,0.10438035694258198,-0.040035887581584696,0.015980267182086567,0.012570417834742926,0.026055308222073324,0.010750218935598427,0.005011029235689316,-0.0033844276577530575,0.018628171640653057,0.026327349881870677,0.018821884764689552,0.3266060711049899,-0.07831028002586911,0.03798165054494925,0.09348286861199272,0.07421100216425582,0.08384693538812427,422.0,44.0,,,,,,,,,,,,,,,,,,,360.0,50.0,-35.0,0.09959392598482678,-0.06919102214991481,-0.010679128494507608,0.022544953743816428,0.018184355257413014,0.03311165061542364,-0.005862704478379604,0.0033350629212591312,-0.008335791929633444,0.05633847190150546,0.028775387750719996,0.39693239043041434,-0.0722723468771403,0.047568854557507596,0.13661821497939855,0.117007004027151,0.12681260950327478,495.0,105.0,-35.0,0.1094000469949271,0.01589661496068101,0.02706093057683102,-0.006162709052800859,0.03146743479716908,-0.03592155593698828,0.009371560462432347,-0.018762108744471866,0.029884594603912455,-0.03217616924699163,0.0172243393502197,0.25480004744082146,-0.10567980478066268,0.03613422032459299,0.059876324760669744,0.041754545514556964,0.05081543513761336,0.05959137233382442
nfl_20251012_ten_lv,NFL,10,753.0,254.0,-20.0,0.0734743856865493,-0.008932235489401226,-0.008675613318655484,-0.0061254954075719474,0.04996395077851853,0.012624564964857952,-0.0031862566505967754,-0.009501467425365269,0.020016626714335534,-0.017149436843144576,-0.0740184168253978,0.33348561308692876,-0.12259233275654825,0.06133817971795157,0.143615198862622,0.08560489506998109,0.11461004696630155,296.0,32.0,,,,,,,,,,,,,,,,,,,391.0,129.0,-20.0,0.09705035970656191,0.022431777310554006,-0.0023744271002774987,-0.026044158307565683,0.05555609519239062,-0.013704911052675836,-0.016355033872829612,-0.016583026068597618,0.029093919535741246,-0.13912386755957543,-0.10562610707585841,0.36747783218737656,-0.15028056389946648,0.08730883857027458,0.19703633483151525,0.10431042371694284,0.15067337927422905,362.0,125.0,-45.0,0.06841387204341287,-0.025447557348882297,-0.018887654468507813,-0.0028878970911182297,0.043048037164163895,0.029310688384985944,0.02708166067573079,-0.012384630484296407,0.005774231235504128,0.015524381078513352,-0.005080186515604997,0.2953498229704152,-0.09326557207129949,0.03909169556532486,0.07784470491821932,0.07602631731994894,0.07693551111908413,0.05959137233382442
nfl_20251012_sf_tb,NFL,10,1092.0,478.0,-10.0,0.11901808051588544,-0.013316369020090164,0.005720987742402657,0.004213923753349763,-0.039392756525759194,0.014348710303351685,0.023860542586913662,-0.03786200751421248,-0.007476656776869332,-0.014463124491794363,0.007879164524527124,0.05075313383280816,-0.2236609134369599,0.01195841954018608,0.01720495282587112,0.0017725145611708077,0.009488733693520964,438.0,82.0,35.0,0.056930411250818866,0.006531227271524143,-0.005832704674989583,0.005852789960582197,0.027789326652608703,-0.0021166563824422417,-0.0014766359680162802,0.0488713752556481,-0.017193106406783436,-0.004430198688273068,0.013423140284224271,0.730515482045258,-0.050518839306439,0.13694587922304355,0.6614315377827304,0.6086405861097288,0.6350360619462296,436.0,188.0,-10.0,0.13805312517655366,0.03279522752872398,-0.015856364205786736,-0.005795982080328484,-0.023840057170528707,-0.014549535073280178,0.06885099513261739,0.008213010151306955,-0.050577004979983145,0.004866740967734382,0.016719634201649618,0.0280195627465718,-0.22837948583541046,0.006583561857970428,0.015197392090612202,0.0006085403531518594,0.007902966221882031,656.0,290.0,-15.0,0.13078283036802957,-0.022222837324141227,0.020056356606887794,0.006495665377438992,-0.05068582062830573,0.021227914453505116,-0.00419897768258944,-0.051473309737094936,0.020372710190849543,-0.019873484098969656,0.0019899241264213106,0.06833786097241543,-0.23402127570053585,0.017165571867182008,0.019992849695865903,0.0028290530783794837,0.011410951387122694,0.05959137233382442
nfl_20251013_det_kc,NFL,10,889.0,484.0,-5.0,0.11195033792738743,-0.01084483615326325,-0.04242979520491462,-0.011258713169183993,0.004152421692520418,0.019958899899504907,0.01925793443759821,0.016095540508509143,0.020204224662799933,0.016726765852253165,0.00045048470895985677,0.0,-0.20206243690756473,-0.008290245066486021,0.0043872407607470675,0.0009579839501948525,0.00267261235547096,530.0,110.0,10.0,0.0652980262978605,-0.0408477952587509,0.010206564808775093,0.04549332267944417,-0.021046665780954352,0.0004095610090202322,0.035393636426840694,0.0027379997858198507,0.05296097648960513,0.0005502996334852277,-0.02059438176691585,0.8594413167845273,-0.09697519121108436,0.5929515283102131,0.8094937398269564,0.7557211567920958,0.7826074483095261,390.0,186.0,-20.0,0.11898902023506722,0.048818577991176816,-0.08414143673001773,-0.029118194273352303,-0.0355982418170632,0.030737122486125788,0.017659413634810342,0.003140030534982816,0.021044402271215252,-0.02211820673778004,0.03626793570840097,0.07181367176332444,-0.22873178773386743,0.017696952676908982,0.02658577086508066,0.0026928860875124823,0.014639328476296572,499.0,298.0,-5.0,0.1318854241203862,-0.040015600584313436,-0.016610962023886223,-0.0044045345547715185,0.029923879501563902,0.01720323133012249,0.02081175278249021,0.024220503432200752,0.020282394784060166,0.037453545608792854,-0.023324587499458087,0.0,-0.1842013007865312,-0.03670061996507346,0.02789782121868644,0.004079745559993059,0.01598878338933975,0.05959137233382442
nfl_20251012_ne_no,NFL,10,1121.0,249.0,15.0,0.068371252771011,0.015943273151288545,0.0016618413486214575,0.009380332626225651,0.005832507714359066,0.010100685306592826,-0.0015891506963657054,0.004803966033999902,-0.017623270032927026,-0.007803198535793199,-0.007396459716458565,0.1924021082325573,-0.12775392946409397,0.030436094019625347,0.05552351297010133,0.03157717843297284,0.04355034570153708,377.0,61.0,40.0,0.09599985816068109,0.022706338427507747,0.03436696473837168,0.020141345189755855,-0.009967994231971306,-0.02284407994437322,0.01243721209872476,0.07430024536092442,0.01695092821111013,0.051179194886985836,0.00039137824801659045,0.7964492207406253,-0.04220540518762455,0.16514042439450788,0.7261162805165274,0.6982202136716321,0.7121682470940798,409.0,85.0,-10.0,0.13021112771211282,0.02107954361065071,-0.0154925136127565,0.0024747101543471208,0.011111092698071302,0.038014720183548324,0.06271314594530926,-0.008048690867819742,-0.03541618465654818,0.04019880325868741,0.008757729245768564,0.2629506808804195,-0.10653021169081707,0.03800585791449706,0.08436404810153296,0.05709632791228017,0.07073018800690656,712.0,164.0,-20.0,0.09505799931480124,0.01603626376834331,0.0059553652457563395,0.011664257876544208,0.004383936098444633,0.004862458236622798,-0.018283840203971998,0.008111085623023673,-0.01803228474063613,-0.0180294154514314,-0.01234236771246837,0.16907322986691023,-0.13794742545610034,0.02806891968344218,0.047523048032841325,0.025089005009004357,0.03630602652092284,0.05959137233382442
cfb_20251012_usu_haw,CFB,10,1201.0,187.0,40.0,0.061153151716159336,0.015152061781067023,-0.005566056430378175,0.015579540743516501,0.015699696535800493,-0.013011515767783439,0.012054986669879928,-0.00781944631835953,0.013457691484379215,-0.015591180666133003,-0.02009299386481139,0.16102630483037753,-0.08153305584139849,0.015648841887724297,0.04404380146870804,0.02277114062235169,0.033407471045529866,99.0,13.0,,,,,,,,,,,,,,,,,,,360.0,40.0,,,,,,,,,,,,,,,,,,,841.0,147.0,-15.0,0.07194958961698085,0.01743122942378977,-0.005441169021584531,0.0499963530291615,0.03374785716144968,-0.03646580275303016,0.026934201096266347,-0.021426269271490186,0.010965661648541025,0.03656660241340801,-0.016271962681792363,0.3763332355055568,-0.11216188240734094,0.06768076561040555,0.2156541302103462,0.14048259495750293,0.17806836258392456,0.1171178558746666
nfl_20251013_buf_atl,NFL,11,1044.0,645.0,-10.0,0.13958497443453424,0.009438445018272465,-0.00758152688305508,-0.0030779295376292086,0.014926896864112743,0.017800198138077566,0.04057329507565894,-0.01611580302839663,0.011099675384396698,-0.004755778504172501,0.03773452511590266,0.03024538509287274,-0.29422857485735354,0.009176606550864466,0.03021699935314509,0.0009852612736274866,0.015601130313386289,591.0,63.0,0.0,0.05086771878724961,0.0014839616720543675,0.0060402584409071786,-0.0031920364030788425,0.003407275384975713,-0.0028471415872940078,-0.09581477588609447,-0.053287865728608684,0.025062109281196003,-0.019540987504041082,0.04342355184081288,0.9007816919302047,-0.028666587609622256,0.2602577870073761,0.8609431103028531,0.811361214913242,0.8361521626080475,384.0,233.0,-35.0,0.09222645481222552,0.06993437269016617,0.0485764666326213,-0.06933935039890568,-0.01936631944156248,0.04655654960663563,0.10760282352659784,-0.007868781828803711,-0.03969315056988674,-0.003910902714734911,0.0230159990053944,0.17331145047499333,-0.3124944792927337,0.06551302966851265,0.1015322965503687,0.02703215156174002,0.06428222405605435,660.0,412.0,-10.0,0.16069210057893207,-0.012917482083546563,-0.01743363650330535,0.021868642924962198,0.02388604556596284,0.007489714527386644,0.029256939482575083,-0.01932566146911272,0.02373495105402773,-0.005346421781873352,0.04442989799414988,0.0,-0.2912949770820734,-0.0029231545949761277,0.015681895904635652,0.00011946816833325245,0.007900682036484452,0.05591399281630713
nfl_20251014_chi_was,NFL,11,1240.0,628.0,-10.0,0.2391696093458461,0.028832539246949094,-0.008577123991624734,0.013942558482665516,-0.018493043697528754,-0.012802738215720786,0.04388850465056993,0.022323497795510433,0.025560276212347056,0.04395537075291379,0.03969652546908479,0.03250027661503807,-0.2622878968624614,0.008810782054781793,0.012998338514129338,0.0006748190462944659,0.006836578780211902,533.0,101.0,55.0,0.06280825518863026,-0.04823919268213504,0.005538051659609155,0.06236822508230846,-0.015522881348178143,-0.0003830713415541161,0.05955578995977006,0.007533960426282434,-0.013497713134011591,0.006803684166755783,0.008629830087173584,0.6962548358614806,-0.07171475349879909,0.16438695927149682,0.5919275581900915,0.5512740932065939,0.5716008256983427,448.0,191.0,-10.0,0.11874833103715816,0.03236279415856895,0.031243493132114563,-0.001557023504884515,0.043509879653197615,-0.03332829779760427,0.008921806878840316,-0.030976863224987262,0.051156189646585824,0.05682274324515848,-0.008994170866159465,0.18172711487289603,-0.28038699103794085,0.06227008111273634,0.11494036812853886,0.021835137834927482,0.06838775298173318,792.0,437.0,-10.0,0.2687949005734094,0.028063361736483876,-0.015470801951214122,0.017801416259835164,-0.029196746517889376,-0.007749011657813544,0.04985308931205632,0.035476346226729086,0.021130777170593886,0.040957401238502514,0.048148431378224305,0.015678069265402692,-0.2598096618135393,0.0041381927462426984,0.005068519006073657,0.00016024493429339073,0.0026143819701835236,0.05591399281630713
cfb_20251015_fiu_wku,CFB,11,734.0,210.0,-25.0,0.05583310002927468,0.0189801960760219,-0.013372612246862835,0.009426002868477147,0.01984566576611182,0.020776504292171268,0.006241811972275691,-0.0018959039119565656,-0.006780134963754736,-0.008532975056406662,0.0017113761041480258,0.20040484862093033,-0.12739934494220254,0.03193046680374868,0.10849051774652757,0.07057126016635305,0.08953088895644032,61.0,29.0,,,,,,,,,,,,,,,,,,,331.0,69.0,-30.0,0.12421429077742407,0.05565632000938805,0.013698637586614586,-0.010227194345398585,0.05604513516486861,0.13986502581856144,0.01864897574999526,0.0677721495176537,-0.007763792992219633,0.029541206236479108,0.035367663794711825,0.4162860560944326,-0.10757982073637494,0.07672247640693106,0.33760264444170157,0.2766318431790419,0.30711724381037175,403.0,141.0,-25.0,0.08235680367304334,0.004328371543283157,-0.03224099270600261,0.020379646167740025,-0.005176980482682118,-0.03321800567063417,-0.002314547317162491,-0.03640064274363267,-0.006289083640313471,-0.028637617913084477,-0.021554325648970737,0.054285870454252455,-0.14028586677841198,0.008052687543278373,0.021206211321851458,0.005972398334160406,0.013589304828005931,0.12345707177385404
cfb_20251014_arst_usa,CFB,11,749.0,218.0,0.0,0.08722995760124326,0.04294783558652098,-0.011444459886722701,0.011481085498378155,0.13866747222610518,0.01901884572639662,-0.10677153919869242,-0.0353508867099203,0.027815945016624533,0.021085527709365233,-0.002225489294908063,0.5386803368425226,-0.0853725476272383,0.0996890364442286,0.412076120990789,0.32550213222226243,0.36878912660652574,63.0,20.0,,,,,,,,,,,,,,,,,,,177.0,46.0,,,,,,,,,,,,,,,,,,,572.0,172.0,0.0,0.08918374585984587,0.04373919744929244,-0.01698466389151481,0.01149434886374942,0.1440804872912244,0.019182290360363875,-0.1117215038248653,-0.03644582296641558,0.027885272414154345,0.02163590086884514,-0.0023116779959934178,0.5454453348281427,-0.09072877087174155,0.10887048049099382,0.4258551660435907,0.3360939526174046,0.3809745593304976,0.12345707177385404
cfb_20251014_nmsu_lib,CFB,11,1116.0,298.0,-5.0,0.10870976809959508,0.004948487458707543,-0.06046006520932952,0.003491486533397625,-0.029601327676443794,-0.003402179249680756,0.04540516996490746,-0.0026129049556856223,-0.006314461311701677,-0.009528356252319717,0.024922021933473447,0.09951278953990257,-0.16529542637601194,0.0182667880074166,0.029564861740241758,0.01005232763260193,0.019808594686421845,113.0,37.0,,,,,,,,,,,,,,,,,,,347.0,65.0,-20.0,0.09517556740698495,-0.011644006269125413,0.0478074223090375,0.005844656435591285,0.038457029786216526,0.0021511301518595143,0.0001986377416553162,-0.000521968860629141,0.005542629066751325,0.04508449321319353,0.031089794488769664,0.22441348013928689,-0.10270947059930007,0.02971865697793731,0.08005321279758733,0.050932533111368805,0.06549287295447806,769.0,233.0,-5.0,0.1184907792696471,0.008110797705914715,-0.07904023740263982,0.0030395517889342145,-0.041002566351542875,-0.004579516342343157,0.05387774647851878,-0.0031144739443147024,-0.008261251541570454,-0.02008425239771655,0.024876405509966386,0.09030552090508356,-0.17747015786848142,0.017617491827988153,0.025822504613288364,0.008288487000063184,0.017055495806675775,0.12345707177385404
cfb_20251015_del_jvst,CFB,11,907.0,207.0,-30.0,0.09642311363179655,-0.02536607806471538,-0.004910128709370314,-0.004487741337814905,0.0187393161387239,0.008634608583630778,0.020643885803648215,-0.022434147577592507,0.03156117501427045,-0.026715148908889097,0.005586104255515002,0.28878765282546137,-0.11247353096918097,0.04566985815505037,0.06612443864109578,0.05079765504609769,0.05846104684359674,208.0,24.0,,,,,,,,,,,,,,,,,,,439.0,104.0,-60.0,0.11795228874518039,-0.027600340560574574,-0.0070402524576648395,0.0315349392267396,0.018943133840315957,0.040879164177623585,0.06700527156559109,-0.007454298420452214,0.05941329850593842,0.04046434397423346,0.006249185465422359,0.2646576784062066,-0.13192980586383557,0.047482968281801353,0.049942971824124584,0.04499831473011404,0.047470643277119313,468.0,103.0,-30.0,0.12942031041000765,-0.031611727232335574,-0.00749995200855319,-0.017323734311524803,0.022653067793684603,0.0009172540648091617,-0.0043097632059851424,-0.033731482298943946,0.02206788365247409,-0.05573870888967226,0.005077872408496894,0.3734585271593279,-0.08060894380015392,0.048048052255800014,0.12004638956245436,0.08449633239336363,0.102271360977909,0.12345707177385404
cfb_20251015_utep_shsu,CFB,11,1042.0,315.0,-20.0,0.08288006045757208,0.005638712549521564,-0.017677236785857132,0.004824753722371908,0.0013857226863231908,-0.006747604713924115,0.034460983051812756,0.0032704831920602954,-0.007326547358605085,-0.01571503357788356,0.03845999360313292,0.21385639296859277,-0.13338745902739418,0.03628568699116171,0.09178039721695307,0.037416240964598876,0.06459831909077597,158.0,36.0,,,,,,,,,,,,,,,,,,,359.0,138.0,-10.0,0.20108383472994423,0.008877697452362256,0.0030067259578659164,0.013836529944689193,-0.00040433002793413883,-0.023977642768113133,0.05479032111331207,0.006428622423214122,0.004563705996917066,-0.014433160828744821,0.02229827004063009,0.23705438399470796,-0.11889736348829193,0.036942529937961426,0.07717517568182478,0.055074167338189504,0.06612467151000714,683.0,177.0,0.0,0.08693690568779164,0.0035464864646124286,-0.034387853787876094,-0.0009746463347842188,0.0010247208737102437,0.004024500864514537,0.01904916858522768,0.0011098145243217743,-0.01793407555524577,-0.01746927497349183,0.04905028205504883,0.21052971763793846,-0.14425487130655124,0.03846875303931621,0.10436149999942763,0.03304601477109262,0.06870375738526013,0.12345707177385404
cfb_20251016_tlsa_ecu,CFB,11,664.0,183.0,-60.0,0.06385384347985688,0.007573819324274704,0.0375317682170112,0.02933120356004499,0.07630102597975846,0.022065585581220584,0.0250962015030615,0.0023025514934831674,0.034170203019778626,0.001772515255112928,-0.07151480833266728,0.5906750353634604,-0.042544967718713536,0.061394374843720616,0.3726904224727585,0.37099944717333655,0.37184493482304753,83.0,25.0,,,,,,,,,,,,,,,,,,,239.0,72.0,-60.0,0.07984070079695092,0.0273814888287917,0.08606491764528267,0.051465507202924615,0.12748725714730358,0.0514456592426372,-0.01400756251885595,0.01567777711080611,0.04913375400956153,0.005269158784405079,-0.13597932741596253,0.5240863637114966,-0.05444992634814414,0.05996143360527414,0.2719914125672615,0.2485158675282173,0.26025364004773943,425.0,111.0,-60.0,0.054688630229875364,-0.02679502906498777,0.01752081820399565,0.001377870149444353,0.05602605699775749,-0.02336914495508015,0.04253968143542688,-0.02242663580044855,0.028555648670816818,-0.004337300780467947,-0.04536603460802458,0.6293624362141856,-0.04162819558513611,0.07068690588469868,0.45337083901998976,0.4360775495270955,0.4447241942735426,0.12345707177385404
nfl_20251017_pit_cin,NFL,11,1189.0,758.0,-5.0,0.2812954751560452,-0.002479744365679209,0.002433356309290319,0.005165559881317974,0.05364603570166887,-0.0016118022453956028,0.048065271246461726,0.002126904033895405,0.002135809492077786,0.004820375483536337,0.004618609350934898,0.018480785354243894,-0.3483167285669668,0.006558370534051959,0.01588280286400803,0.0003257032380177827,0.008104253051012906,718.0,151.0,35.0,0.05998207828553221,-0.01581063701107415,-0.007277275153678627,0.004471239400106447,-0.06288456242569326,0.007737906878908324,-0.01042548480538727,-0.0260468297927217,-0.005015986965775797,0.029309320650554218,0.011686642921767517,0.8723812922563839,-0.07269499009814227,0.4969314493435212,0.8449622317810147,0.80860641698634,0.8267843243836773,423.0,199.0,-10.0,0.14107178881194166,0.0363860502635039,0.07590373963423017,-0.007359701932478654,0.09094579569474404,-0.0013683752782458647,0.05180942543065053,0.03306712040203609,0.1520309617503199,0.002120227162943502,-0.04890767459361527,0.16288330638571805,-0.275214268772699,0.0535502521980289,0.05830717194478979,0.03730281037830615,0.047804991161547974,766.0,559.0,-5.0,0.32692499105294004,-0.0063448412325858294,-0.011345867523010745,0.006553120305404754,0.04665975993204602,-0.0017454775038828014,0.04738656594085928,-0.0006437912791409428,-0.026198960332218284,0.005436353587031436,0.01497144133312794,0.0,-0.3678946249703731,-0.004619932090201511,0.007069559316859086,0.0001380717718022361,0.003603815544330661,0.05591399281630713
cfb_20251017_lou_mia,CFB,11,1402.0,569.0,-10.0,0.26768609615566286,-0.0030431955640168643,-0.05832592761739858,-0.0013262059126307826,-0.004058885489264243,0.0017525706375216372,0.02419082279051969,0.009859189202719085,0.04051886900279805,0.004586668215298316,0.024102493883153296,0.015435299223661205,-0.26833094002145774,0.004206700023809165,0.007644939041815308,0.00018312893759264728,0.0039140339897039775,558.0,75.0,20.0,0.04900948605662389,-0.018988923583946243,0.0054952180546371954,0.016827851287621008,0.007079328618967298,0.01874666682507455,-0.01434029638442385,0.0035252358047257433,0.0324022604845555,-0.023736171627655803,0.009259562620872488,0.8941353053617411,-0.03823245141333919,0.322912041035064,0.8680230747386322,0.8551052794586835,0.8615641770986578,445.0,164.0,-20.0,0.13519421075253849,-0.03136169122431342,-0.03195157858903049,-0.007457206596605626,-0.006527821069099763,0.0012890538482862946,-0.011350702736407986,0.020365592136755793,0.030883039114509632,-0.017662522065530914,-0.009965304158800531,0.1762761178243591,-0.21233430104600648,0.04543933601934558,0.05832949465530988,0.03199280012329984,0.04516114738930486,957.0,405.0,-10.0,0.32620164436721405,-0.002147213222828508,-0.06738310099309505,-0.0010515216078102456,-0.004218256885479618,0.0021408626434523594,0.0338196676636809,0.010681407127127325,0.04300181105488052,0.006042517248202688,0.03329322284157759,0.0,-0.288209519002297,-0.01054187011869091,0.000981460230102951,0.0007883733866049949,0.0008849168083539729,0.12345707177385404
cfb_20251018_neb_minn,CFB,11,1069.0,285.0,-5.0,0.12400292767344957,0.05128980926463409,0.05244480842463171,0.023032346208905933,0.18543612547071403,-0.02831948284836818,-0.013803104952946111,0.003722524481078624,0.013231859686685516,-0.02108269524601137,-0.003411991175769458,0.07218589411071877,-0.12294886602819674,0.009565681064568184,0.06606572702865793,0.004799799717873385,0.035432763373265654,333.0,43.0,,,,,,,,,,,,,,,,,,,407.0,57.0,-5.0,0.12446440925585889,0.09861046446492241,0.014760634978149544,0.012492633294568924,0.28263323213612035,-0.014630286968046349,0.13830634339742495,0.02165273119930833,0.043302358438458796,0.02552642980183315,0.1217258401073124,0.05586631741160116,-0.08462947699422933,0.005007698921592853,0.04719967165231882,0.001986993576659725,0.024593332614489274,662.0,228.0,-5.0,0.12519791041550674,0.03607871335394227,0.06521959126365107,0.027461997725267483,0.15651840269175424,-0.0342366472020073,-0.0602525948097256,-0.0025515989902936188,0.00462683316032994,-0.040466119789643804,-0.04097004290625118,0.07211026141894958,-0.15729751955973148,0.012224259827843531,0.07194885544473777,0.005450615522596649,0.03869973548366721,0.12345707177385404
cfb_20251018_unc_cal,CFB,11,1468.0,504.0,-15.0,0.12237117751811571,0.04422610797647603,0.0032706957937642376,-0.0032176052074857076,0.021454190824208182,0.02016123147145691,-0.019446345111002038,0.0030114747189062545,0.02701595830366119,-0.028885249978745187,0.028207637203050754,0.20747512743108434,-0.1916563561684793,0.05017372740635945,0.18345833625763378,0.06453832365664827,0.12399832995714102,240.0,30.0,,,,,,,,,,,,,,,,,,,453.0,153.0,-45.0,0.073039486608548,0.07639976138621145,-0.01552447154310208,-0.0730975992026248,0.028918913946718867,0.039147231044008794,-0.02206480622318525,0.048090965577248804,0.03692821664075652,-0.0635575468894018,0.022263656127996256,0.08730676690210668,-0.23106582162623995,0.022103384901071266,0.04238050483099033,0.011916134587768083,0.027148319709379205,1015.0,351.0,-15.0,0.15672238926846704,0.03196003330767696,0.007896257364274687,0.02225140819904558,0.01806933676727106,0.012725635842397913,-0.020106110060618763,-0.014166480617002958,0.023233230086432653,-0.016634688829464516,0.029508149514544623,0.23216386848489867,-0.1830432856515044,0.05534519092398796,0.22420328779163254,0.07853603881421926,0.1513696633029259,0.12345707177385404
cfb_20251018_sjsu_usu,CFB,11,933.0,340.0,-15.0,0.0711154203674318,0.03744470167431143,0.006453727768713226,-0.013904968594440884,0.030759377815887806,-0.007310400747462333,-0.0010816971274571344,-0.007990508611461907,0.02203973906804408,-0.013314008347308061,0.020177737710605784,0.030461246282433553,-0.11605285948542488,0.003646181981907642,0.007273912777756175,0.001327233369796135,0.004300573073776155,24.0,18.0,,,,,,,,,,,,,,,,,,,130.0,57.0,-5.0,0.11318068473360943,-0.0021091472301960593,0.006972376232003137,-0.042425444229163986,0.041200038697723165,-0.0038393982123329355,0.009981648824951993,0.006206578544592875,0.004307563873823032,0.0016405417687214018,0.002583104774806141,0.2756461871504196,-0.06852934292171119,0.026078211709801492,0.262965973136244,0.18736682127087423,0.2251663972035591,803.0,283.0,-15.0,0.08342816962070347,0.041346552528513165,0.00641158342635283,-0.011348099582113243,0.029495523776112913,-0.007515069628749329,-0.002632595259905024,-0.009114240676080456,0.02461246609055459,-0.014504357932079987,0.022720577675962746,0.0,-0.13148548103866722,-0.004909251202161405,0.0018188426830989181,3.447283323508458e-05,0.0009266577581670014,0.12345707177385404
cfb_20251018_wash_mich,CFB,11,1097.0,137.0,-5.0,0.12797689135693138,-0.10077906880723533,-0.02937967062556346,0.04923350854543674,0.0361190072723034,0.017973044583320195,0.030273073743754295,0.024620879525210537,0.010076917946778731,-0.021522118175416754,0.04888609834214245,0.05419566556620601,-0.06537012400234578,0.003745782557206647,0.0025143347498756113,0.0017749251070608622,0.0021446299284682366,406.0,28.0,,,,,,,,,,,,,,,,,,,401.0,60.0,-5.0,0.21541653637270192,-0.17410388680377653,0.009687465663486506,0.07556639878319026,0.12726217105033066,0.032891868121287644,-0.007405181774871003,0.03219106849978036,0.017037561737416728,-0.05692923592673803,-0.009045631861936207,0.11719721103906611,-0.08647435957885918,0.011479974798176725,0.011680563738077882,0.010663002831296654,0.011171783284687268,696.0,77.0,-60.0,0.127833569141692,-0.013423140420106679,-0.04689110768106863,0.01991704276640023,0.0020148669651850683,-8.188890194988944e-05,0.04778737347118824,0.01779750910486748,0.008198751463733323,0.024716690832677874,0.07580966654525806,0.04201867514189265,-0.0585214787654398,0.0025668506694871123,0.0028259011062718694,0.0009533778266945239,0.0018896394664831965,0.12345707177385404
cfb_20251018_okla_scar,CFB,11,827.0,70.0,-50.0,0.06454172754616937,0.0031705926043994843,0.0492249624201574,-0.0012282985202881822,-0.012218976831415299,0.006892765959374572,-0.003876888525963299,0.007248236029273268,-0.01379765968480023,0.002698767527626615,-0.005507638936708677,0.14018108875301208,-0.05006587391983585,0.008162519599941177,0.014005864760970661,0.012350102650034436,0.01317798370550255,362.0,35.0,,,,,,,,,,,,,,,,,,,354.0,22.0,,,,,,,,,,,,,,,,,,,473.0,48.0,,,,,,,,,,,,,,,,,,,0.12345707177385404
cfb_20251018_tenn_ala,CFB,11,1236.0,225.0,-10.0,0.0812237475729432,0.016218233560600964,-0.01572845144860678,-0.009479974007264599,0.014994079228636102,-0.0017207969174211487,0.0045169647716962165,0.023000252114124563,0.036846496983068626,-0.020211753882707125,0.004375020340679886,0.14009693480452534,-0.11623540827677516,0.018937279182307597,0.02981727331130432,0.01548319166719106,0.02265023248924769,324.0,20.0,,,,,,,,,,,,,,,,,,,410.0,86.0,-45.0,0.06764541702453575,0.0036587920700862525,-0.03126242051777278,-0.016368688029657092,0.0514045183042616,1.243222408141487e-05,-0.019784560800362387,0.03997636989599319,0.12579378626378035,0.04711091461608719,0.011776579845908406,0.20724393206381178,-0.13839404109700618,0.03617925666064153,0.04588041904314004,0.04143980848200208,0.04366011376257106,826.0,139.0,-10.0,0.09303114557657859,0.020774592654379313,-0.007448934150352468,-0.00799078423421027,-0.005751735053089704,-0.00256153283098853,0.017750857276621207,0.018586725227577972,-0.01368911930616544,-0.042976330427366684,0.007726438102166259,0.0951816150929532,-0.10522029557388682,0.011068561205583064,0.023363833665846566,0.006282234389277622,0.014823034027562094,0.12345707177385404
cfb_20251018_usm_ull,CFB,11,180.0,34.0,,,,,,,,,,,,,,,,,,,4.0,16.0,,,,,,,,,,,,,,,,,,,57.0,13.0,,,,,,,,,,,,,,,,,,,123.0,21.0,,,,,,,,,,,,,,,,,,,0.12345707177385404
cfb_20251018_msst_fla,CFB,11,1203.0,177.0,-20.0,0.35149413724080514,-0.21993777529080882,-0.0138884365912629,-0.13101039517010757,-0.14293734092222432,-0.012872629614119557,0.011666125164093169,-0.0019771716614667965,0.01506634326476517,-0.026713582778607123,-0.027047580137886544,0.0,-0.14821678387404397,-0.0006680019475514689,0.0007226103043860683,1.553677709452575e-05,0.00036907354074029703,130.0,63.0,35.0,0.049707526015484935,0.006588898292425587,0.004404935079215266,-0.0023015634920190947,-0.011547010051312156,-0.002163108072744909,0.02597540075600025,-0.0017510821184527118,0.006780707425622414,0.0006994497894464389,0.0143118381395397,0.7646573941070723,-0.056252584948460894,0.18277164415374333,0.77287000751981,0.6882735467865003,0.7305717771531552,404.0,39.0,,,,,,,,,,,,,,,,,,,799.0,138.0,-20.0,0.4521295239532065,-0.31468849197135285,-0.01818669156291885,-0.1718431485469101,-0.19121433448972963,-0.002346120398300751,0.021054550281615514,-0.016068402909650965,0.0157854521985936,-0.021671694789156655,-0.01617426455535322,0.0,-0.2147088561316753,-0.000161234868953732,0.00027035990619771937,5.032625633576339e-07,0.0001354315843805385,0.12345707177385404
cfb_20251018_osu_wis,CFB,11,46.0,25.0,,,,,,,,,,,,,,,,,,,124.0,26.0,,,,,,,,,,,,,,,,,,,38.0,19.0,,,,,,,,,,,,,,,,,,,8.0,6.0,,,,,,,,,,,,,,,,,,,0.12345707177385404
cfb_20251018_tem_char,CFB,11,50.0,20.0,,,,,,,,,,,,,,,,,,,4.0,4.0,,,,,,,,,,,,,,,,,,,27.0,12.0,,,,,,,,,,,,,,,,,,,23.0,8.0,,,,,,,,,,,,,,,,,,,0.12345707177385404
cfb_20251018_emu_oh,CFB,11,201.0,52.0,0.0,0.0727554423038135,-0.00773411679893576,0.024301909548159306,0.0016319928019350083,-0.006842987583432461,-0.0102977408843707,0.004441655231275868,-0.0022591443928664376,0.0014048667507908783,-0.0039776181597210485,0.005270658771498671,0.5430086764154394,-0.01079962973231579,0.012832393842235622,0.3552837570829983,0.2793068842532646,0.3172953206681315,28.0,7.0,,,,,,,,,,,,,,,,,,,93.0,22.0,,,,,,,,,,,,,,,,,,,108.0,30.0,,,,,,,,,,,,,,,,,,,0.12345707177385404
cfb_20251018_fau_usf,CFB,11,400.0,29.0,,,,,,,,,,,,,,,,,,,68.0,5.0,,,,,,,,,,,,,,,,,,,193.0,16.0,,,,,,,,,,,,,,,,,,,207.0,13.0,,,,,,,,,,,,,,,,,,,0.12345707177385404
cfb_20251019_fsu_stan,CFB,11,1627.0,641.0,-5.0,0.09228695706033099,0.01974738762991887,0.01645982473468737,-0.024512220926083544,0.05563748627927061,0.022142139235307442,0.031279096667623185,-0.0014796466268176159,-0.012170662444477906,-0.018257967831995986,-0.027301938756759462,0.2462722152496532,-0.20132468230255754,0.06578061270688838,0.1305446184463594,0.07098481602594174,0.10076471723615057,138.0,34.0,,,,,,,,,,,,,,,,,,,475.0,127.0,-5.0,0.10688790548018881,0.010680319347357753,0.01855540195591609,0.03101475054078382,0.005325974530777511,0.035898394977612325,0.02037950919010068,-0.03983608257826137,0.010793253838881287,0.03658428449983332,-0.012330480883372694,0.42294543938984147,-0.12171584830572443,0.08921021764032076,0.34087684225743425,0.22922984022825071,0.2850533412428425,1152.0,514.0,-10.0,0.1119244584566233,0.02169815251846829,0.01606377026073461,-0.029871464179364354,0.06391849295528908,0.022781696484795576,0.03380688581053752,0.0009309764380129696,-0.016233544039806803,-0.02310268465636974,-0.02779587338380222,0.2205957541552623,-0.22626201563490933,0.06403922000909328,0.10868626019580599,0.05661924798874675,0.08265275409227638,0.12345707177385404
cfb_20251018_pur_nw,CFB,11,691.0,100.0,-5.0,0.07852007139570562,0.006883054530935826,-0.022328325277683487,0.013768480798505026,0.019178996410518637,0.00813086886535221,0.01639132385469556,-0.1837209637074126,-0.040714039769230874,0.027450855518160497,0.0018776039875755379,0.29268270168548927,-0.08492825748162783,0.035142689014387635,0.14492729771000318,0.1217228787257574,0.1333250882178803,132.0,6.0,,,,,,,,,,,,,,,,,,,424.0,66.0,-5.0,0.08042959389850296,0.0056473783285793475,-0.025712959925592613,0.014943654359495033,0.020272331070376008,0.008450785345812404,0.018501796626799995,-0.20720142890448995,-0.051649683827827204,0.028146640210277796,-0.0023180546443574267,0.25031960049595237,-0.1079916950354612,0.036058616413128484,0.12331444275841578,0.09564552472196597,0.10947998374019088,267.0,34.0,,,,,,,,,,,,,,,,,,,0.12345707177385404
cfb_20251018_wvu_ucf,CFB,11,510.0,27.0,,,,,,,,,,,,,,,,,,,139.0,15.0,,,,,,,,,,,,,,,,,,,284.0,13.0,,,,,,,,,,,,,,,,,,,226.0,14.0,,,,,,,,,,,,,,,,,,,0.12345707177385404
cfb_20251018_wsu_uva,CFB,11,1410.0,211.0,0.0,0.060647225254134254,0.04465572917350012,-0.001064344723857308,-0.03158270670349727,0.006454532249535104,0.008473502212001549,0.014523701716900652,0.0046966644707010135,0.021781507053107208,-0.009036667419344066,0.01616310198989125,0.0,-0.11292545838376698,-0.009491590112389378,0.006963600080784775,7.849958766704731e-06,0.00348572501977574,111.0,3.0,,,,,,,,,,,,,,,,,,,444.0,49.0,,,,,,,,,,,,,,,,,,,966.0,162.0,-35.0,0.09258273955768517,0.04548955832919358,-0.00030627409029522,-0.01720968195034865,0.00944483188181641,0.009752549079771675,0.013510670540615975,0.008724385385482735,0.026369480133058353,-0.00850707368242171,0.018042861989154203,0.0,-0.12554676158307726,-0.009451056353521864,0.005155821694630182,1.3271068101350682e-06,0.0025785744007201586,0.12345707177385404
cfb_20251018_mem_uab,CFB,11,671.0,258.0,-50.0,0.08936000787503791,-0.009428819682928708,0.02122727308193502,0.01449292200911089,0.04188613935481639,0.012389504796939779,-0.04590754207938668,0.0028908773048295666,0.02998068998305612,-0.027261409588602962,-0.016495160932038604,0.48149682031589147,-0.07665156042592398,0.07118082215005747,0.3567862413747516,0.27107974265641854,0.3139329920155851,0.0,13.0,,,,,,,,,,,,,,,,,,,120.0,95.0,-30.0,0.05865505677593485,-0.018516123848568,-0.05753244703014302,9.278105805867431e-05,-0.05499358705702365,0.022750481943565163,-0.00039329456850692896,-0.010299057478922615,-0.002048998562865008,0.0008492283313840923,0.010258627758635598,0.3932947237753401,-0.06697258887132558,0.04341476310305542,0.413841613034523,0.3521736893913999,0.38300765121296143,551.0,163.0,-50.0,0.1102817584690313,-0.007405848611454906,0.04026081208004943,0.019357913630904465,0.065905595286127,0.010732266597826662,-0.05810343740155788,0.006729897963461766,0.03862684474286111,-0.03594670528245843,-0.023138554134974683,0.5106072657992826,-0.08275884231762193,0.08634632932491328,0.36109385487483386,0.26362987725803844,0.3123618660664361,0.12345707177385404
cfb_20251018_tex_uk,CFB,11,1357.0,411.0,-10.0,0.16322054435701555,0.0021061826874959047,0.011379958258814948,0.04436947264269105,0.042532221045651505,-0.011072165530282414,0.016415034520331294,-0.025282084756961837,-0.02083624921808311,-0.04380616478418213,-0.08333353069383861,0.0,-0.22071818918455197,-0.01722136472900543,0.012908690666944235,0.012732173376439842,0.012820432021692038,194.0,17.0,,,,,,,,,,,,,,,,,,,372.0,48.0,,,,,,,,,,,,,,,,,,,985.0,363.0,-10.0,0.17798368918330398,0.006722164382554042,0.01362315552254787,0.04383933843251053,0.04507360430658759,-0.009957453235878475,0.017885006051311037,-0.03223934877988407,-0.026113487975415982,-0.04868574170768106,-0.08881272457493537,0.0,-0.23990041908663812,-0.020080655703108623,0.020494752492859696,0.016635860329668475,0.018565306411264085,0.12345707177385404
cfb_20251018_pitt_syr,CFB,11,759.0,51.0,-50.0,0.025093076064205928,-0.0025526691179593394,-0.0005562858155632823,-0.003080555761842038,0.006736881871490351,-0.011063748063026213,0.04834736044460154,-0.007392863223089324,0.0076329509978371015,0.04834385962290641,-0.0015098455468926918,0.4909256927382374,-0.021150438026455498,0.020396420113411466,0.20072179428686907,0.19508772409162436,0.19790475918924672,104.0,9.0,,,,,,,,,,,,,,,,,,,337.0,18.0,,,,,,,,,,,,,,,,,,,422.0,33.0,,,,,,,,,,,,,,,,,,,0.12345707177385404
cfb_20251018_wyo_afa,CFB,11,234.0,26.0,,,,,,,,,,,,,,,,,,,11.0,3.0,,,,,,,,,,,,,,,,,,,16.0,6.0,,,,,,,,,,,,,,,,,,,218.0,20.0,,,,,,,,,,,,,,,,,,,0.12345707177385404
cfb_20251019_nev_unm,CFB,11,618.0,115.0,-5.0,0.08422039726624506,-0.03362752839329767,-0.013417083645116174,-0.03375832865438793,0.021562183720798305,0.041668541463544616,0.004247145217329962,0.01673752172205361,0.005997870330045879,-0.04759281770254609,0.0008193714911539151,0.4249461174905675,-0.027753459250627784,0.020508903798755765,0.1397321092847504,0.1310688793799161,0.13540049433233325,16.0,1.0,,,,,,,,,,,,,,,,,,,51.0,7.0,,,,,,,,,,,,,,,,,,,567.0,108.0,-5.0,0.09537791184504046,-0.03484238575702086,-0.01585125196047038,-0.03506323125265434,0.025096082390075006,0.04318367992928487,0.005256330975028039,0.017310002035559175,0.006227383392137202,-0.049255097322575915,0.0007763788027211876,0.472073291522066,-0.06058506918925075,0.054175309886707775,0.15940437141547706,0.14294564985403221,0.15117501063475464,0.12345707177385404
cfb_20251018_ariz_hou,CFB,11,1198.0,210.0,-10.0,0.10736302858311784,0.03436709828443335,-0.012073961380183603,-0.01679120295726794,-0.020281277167571755,0.0051962614856539795,0.027798001907120812,0.018399688686245294,0.006988975144804948,0.011396693591308894,-0.011764299207806224,0.0,-0.09136704935593461,-0.005732901068217256,0.0036335188315457863,0.00046277012949930965,0.002048144480522548,239.0,41.0,,,,,,,,,,,,,,,,,,,376.0,47.0,,,,,,,,,,,,,,,,,,,822.0,163.0,-10.0,0.1163996366851231,0.04321026719240923,-0.016616958012138354,-0.021217569147709725,-0.02242606808175585,0.007538959397803265,0.024664029839130443,0.02323203990374589,0.017064176439752367,0.011985311471926401,0.018854727615369795,0.0,-0.11721764465393268,-0.01500448527535306,0.01649001283375635,0.010279601108253173,0.013384806971004762,0.12345707177385404
cfb_20251018_niu_ohio,CFB,11,29.0,17.0,,,,,,,,,,,,,,,,,,,1.0,3.0,,,,,,,,,,,,,,,,,,,5.0,12.0,,,,,,,,,,,,,,,,,,,24.0,5.0,,,,,,,,,,,,,,,,,,,0.12345707177385404
cfb_20251018_ccar_app,CFB,11,258.0,39.0,,,,,,,,,,,,,,,,,,,4.0,8.0,,,,,,,,,,,,,,,,,,,13.0,9.0,,,,,,,,,,,,,,,,,,,245.0,30.0,,,,,,,,,,,,,,,,,,,0.12345707177385404
cfb_20251019_laf_orst,CFB,11,664.0,65.0,-25.0,0.06894961752463383,-0.004801975913494385,0.010469959039747548,0.017993109891601265,0.043877498074246755,-0.012106109397569797,0.015320015783144826,-0.007031172624308593,0.04795785578900523,0.009545621904407548,0.005430539930003909,0.7266849423658853,-0.03964478814289351,0.10540681818304025,0.5220515119545446,0.5023519357579761,0.5122017238562604,20.0,5.0,,,,,,,,,,,,,,,,,,,174.0,10.0,,,,,,,,,,,,,,,,,,,490.0,55.0,-25.0,0.06657036838211723,-0.005111502392583438,0.012833137571972318,0.02008129041364455,0.048049751509656666,-0.013530262151699697,0.011786131797591297,-0.008135845892633695,0.05499842437683307,0.010382830910916935,0.006359724785996206,0.7121845898275382,-0.04745121789944955,0.11741562460566969,0.5059075582524918,0.46992633377318893,0.48791694601284036,0.12345707177385404
cfb_20251018_akr_ball,CFB,11,351.0,83.0,-25.0,0.07385837664705198,0.08851937130609168,-0.005470107308192164,0.005793168222846445,0.05688181179494815,0.014139889839843085,-0.013867744632495647,-0.0009863018589908582,-0.0024170263694139223,0.013404386793218951,0.0005902934256396318,0.7142457043595091,-0.0199904437983464,0.04996631311947954,0.7481237510575413,0.7459110853748327,0.7470174182161871,0.0,10.0,,,,,,,,,,,,,,,,,,,25.0,25.0,,,,,,,,,,,,,,,,,,,326.0,58.0,-25.0,0.078945319490198,0.22282440522749503,0.012416812466494356,0.0034479071350580676,0.04502710547847793,0.026035714295222508,0.023030008969869578,-0.006506975740559665,-0.005248460694451846,-0.007578598376358404,0.002361538138649067,0.7159109781747719,-0.024910969951794027,0.06277622679993151,0.734296890055614,0.7316726063441784,0.7329847481998962,0.12345707177385404
cfb_20251018_buff_mass,CFB,11,507.0,164.0,50.0,0.11047458127030624,0.015949923002356092,-0.06254745479175645,-0.008396915476325517,-0.01661976156584983,-0.0010480626900110177,0.014756176715238099,-0.03867348270314773,0.03925561722195187,-0.023452620951410888,0.008788169689957971,0.3761654234850293,-0.08429400469078424,0.05082836246252368,0.21962622725625003,0.21038741919427484,0.21500682322526243,14.0,12.0,,,,,,,,,,,,,,,,,,,91.0,37.0,,,,,,,,,,,,,,,,,,,416.0,127.0,50.0,0.11511859815658143,0.017371054508973947,-0.07614693913669843,0.0002581320134353663,-0.019650659756436352,-0.002143101188793288,0.018104380937595452,-0.04262977114063455,0.04769467702668705,-0.025803429435878,0.010741008297961334,0.37803050555124534,-0.09218107086329268,0.0560272764689054,0.2152421242532672,0.20800256045187335,0.21162234235257027,0.12345707177385404
cfb_20251018_gt_duke,CFB,11,1173.0,338.0,35.0,0.07834795797079915,0.006455169226960611,0.0006312096151709158,-0.005818211369462603,0.0408910163415163,0.0009479264906988834,-0.0015114611878305566,-0.009626243403259266,-0.019513794504664315,-0.004468625178193139,0.001979011939786821,0.1238532780403835,-0.19366043219383328,0.02737609894867496,0.013897922033475285,0.012667458038543309,0.013282690036009296,339.0,122.0,5.0,0.07202074496225395,0.036469358011864045,-0.03495996883611708,0.028851317346481116,5.425856965476885e-05,-0.008939486781478923,0.04751455695574608,0.006961111771884898,-0.005259826595229673,-0.016564313166146365,0.06570117803257984,0.6354334551514875,-0.07648156888156311,0.1333061090123131,0.501704963185042,0.49013124071988223,0.4959181019524621,428.0,119.0,-20.0,0.11540766600122265,-0.020236337165464188,0.023237410553945903,0.05666124379818976,0.062236509118783846,-0.015921102824733423,0.01601089296860873,-0.01483534573058913,-0.012317719593006649,-0.019277047805180192,-0.009384701381718505,0.08582439063861313,-0.24782288881698658,0.023266042324052646,0.0056017736511592186,0.004249188126472974,0.0049254808888160966,745.0,219.0,-40.0,0.08884776998371033,0.010526033246488738,-0.011133732394472406,-0.013276473801936872,0.03130048056808454,0.002776909652322818,-0.010678831291155913,-0.011372838605989513,-0.017628046206501654,-0.003975042061433827,-1.8768132892674655e-05,0.15410070323909866,-0.16649358179964113,0.030330771213979556,0.025360976488396365,0.020556671244642458,0.02295882386651941,0.12345707177385404
cfb_20251018_md_ucla,CFB,11,1493.0,311.0,-5.0,0.12268375173755418,0.05676589216107071,0.03255318139890156,-0.001755477166347645,-0.01489740657963621,-0.02220330466094801,-0.002629781970338516,0.007954144915886129,0.027362728843452186,0.02438075513560257,0.027296700761863777,0.0,-0.118293509078648,-0.01974338547162174,0.024217567637963747,0.007571870156867957,0.015894718897415852,219.0,20.0,,,,,,,,,,,,,,,,,,,382.0,46.0,,,,,,,,,,,,,,,,,,,1111.0,265.0,-5.0,0.12776211190737805,0.06658727516606172,0.03428719125276783,-0.004419448690389827,-0.015271001272688994,-0.039715337525445024,-0.0022217787206446327,0.003873403792038439,0.02286252091479329,0.03427521515731271,0.030195720741801674,0.0,-0.12111935788940263,-0.020176844423645597,0.02705865136906973,0.008884822333827012,0.017971736851448372,0.12345707177385404
cfb_20251018_ttu_asu,CFB,11,1500.0,378.0,-10.0,0.12290953956116665,-0.011787211080131388,0.03136398340224331,0.003424148706488207,0.055816352716595505,0.05623519549168616,0.004749936941254856,0.006910476731126399,-0.0040106533659060965,-0.0013297261443517496,0.07107020398855361,0.0,-0.15966131244967147,-0.006260636305106984,0.0021638683725173575,0.0010181991927257063,0.0015910337826215318,220.0,26.0,,,,,,,,,,,,,,,,,,,402.0,92.0,-15.0,0.06532842596310674,-0.0003451390182399437,0.02605093995128761,-0.026302335896224587,0.09239692760334865,-0.008565882432280892,-0.011234317965135267,0.019035821286355645,0.06454377743530262,0.04595259655832794,-0.016221906387267202,0.15954569713000388,-0.10511326183856187,0.019953932748484095,0.039632801082239155,0.026227913578720986,0.03293035733048007,1098.0,286.0,-10.0,0.14034833865737342,-0.015033966782056186,0.032286417008880124,0.01258558384324728,0.050415904846446404,0.07614853308159825,0.006950389264319191,0.0035645352443053327,-0.015479160159034005,-0.015261197531751949,0.08517842991901133,0.0,-0.18344232912218883,-0.014106642217834073,0.0037764734473978144,0.0006540757003495572,0.0022152745738736857,0.12345707177385404
cfb_20251018_cmu_bgsu,CFB,11,189.0,42.0,,,,,,,,,,,,,,,,,,,17.0,12.0,,,,,,,,,,,,,,,,,,,83.0,15.0,,,,,,,,,,,,,,,,,,,106.0,27.0,,,,,,,,,,,,,,,,,,,0.12345707177385404
cfb_20251018_kent_tol,CFB,11,283.0,39.0,,,,,,,,,,,,,,,,,,,22.0,0.0,,,,,,,,,,,,,,,,,,,212.0,25.0,,,,,,,,,,,,,,,,,,,71.0,14.0,,,,,,,,,,,,,,,,,,,0.12345707177385404
cfb_20251018_mizz_aub,CFB,11,1647.0,332.0,-15.0,0.16179442169657188,0.016887424957188167,0.025263266620927937,-0.003839889453560463,-0.04205715049803811,0.006193551002945911,0.01195388757860134,-0.016760767039852697,0.013067281140437962,0.010924058294235215,0.03519435505238488,0.0,-0.13875190696406686,-0.02742732098019147,0.033876879238151934,0.004845487302384302,0.019361183270268117,375.0,19.0,,,,,,,,,,,,,,,,,,,437.0,40.0,,,,,,,,,,,,,,,,,,,1210.0,292.0,-10.0,0.18364573241489465,0.021050560974211024,0.026672699011811792,-0.004330217315712258,-0.0398914598678215,0.008196174808636818,0.014306706918840107,-0.020366600566274783,0.015456244067344804,0.0127094889301521,0.040040977755344286,0.0,-0.1719920470239462,-0.031120211980619206,0.03228727934400256,0.005664862456199176,0.018976070900100867,0.12345707177385404
cfb_20251018_ore_rutg,CFB,11,281.0,29.0,,,,,,,,,,,,,,,,,,,200.0,10.0,,,,,,,,,,,,,,,,,,,281.0,29.0,,,,,,,,,,,,,,,,,,,0.0,0.0,,,,,,,,,,,,,,,,,,,0.12345707177385404
cfb_20251019_cin_okst,CFB,11,455.0,38.0,,,,,,,,,,,,,,,,,,,66.0,10.0,,,,,,,,,,,,,,,,,,,216.0,24.0,,,,,,,,,,,,,,,,,,,239.0,14.0,,,,,,,,,,,,,,,,,,,0.12345707177385404
cfb_20251018_haw_csu,CFB,11,302.0,67.0,-5.0,0.042320523365082,0.0041011695692972,0.0077485632679953455,0.02822565289626361,0.04958285326501571,-0.010567433840073817,0.01710746977387787,-0.000533801422142916,-0.003365569010517094,0.0034370242883897634,0.00447032825409101,0.40428360457968676,-0.023739868172381516,0.016111088348013784,0.2445670983810662,0.2231446556260348,0.23385587700355048,32.0,6.0,,,,,,,,,,,,,,,,,,,105.0,14.0,,,,,,,,,,,,,,,,,,,197.0,53.0,-15.0,0.06330244112354656,0.018629417457285368,-0.0020572719811951436,0.04144708919784724,0.04509722727575833,-0.021430796169281507,0.00895006939106883,-0.001461276048658026,-0.006614222698955854,0.00715559004469294,0.00564614914853195,0.42069777540061964,-0.04007000529211165,0.029099425776139956,0.29232458134189987,0.22581370784327617,0.259069144592588,0.12345707177385404
cfb_20251018_smu_clem,CFB,11,1294.0,227.0,-55.0,0.07783172136995334,-0.022239607920946435,-0.0025444603432609957,0.01823556235596363,0.012072634978866903,0.017399395388681318,0.022226046463125856,0.0033141434051609316,-0.006322029925900535,0.017390045811787373,0.03056450213650591,0.012189459664242806,-0.1198849909182128,0.001479365932508639,0.0026870644345335284,0.00012628153250889668,0.0014066729835212125,158.0,29.0,,,,,,,,,,,,,,,,,,,414.0,75.0,45.0,0.071827030186393,0.018999966123157706,-0.02194435894863966,0.028755968847617053,0.024305643816071275,0.049527174803537403,-0.008508851945501033,0.06871848574900859,-0.046403194226870406,-0.01063506896289971,-0.015811633702712033,0.14760666176813772,-0.11660855845034963,0.020192790434231347,0.04768557666401785,0.021388867101100148,0.034537221882559,880.0,152.0,-55.0,0.08182667744880391,-0.03901941179893126,0.004386048468626172,0.017531357536143276,0.008614128926556433,0.009506954155659884,0.03587541450268173,-0.017556976414062047,0.007857725433387995,0.029105088834356578,0.050928975212175966,0.0,-0.1196321439449797,-0.005626916826239547,0.001966713319965846,0.0008117266913455697,0.001389220005655708,0.12345707177385404
cfb_20251018_conn_bc,CFB,11,969.0,55.0,-50.0,0.03463976490180547,-0.0006140161723594586,0.02034417406608189,0.0016638160139340265,-0.04422268892787883,-0.011689690123408597,0.009400537624158344,0.014837033746199003,0.004270396033340071,0.004031375340756409,-0.03604444297835782,0.182427419197185,-0.024369181463588033,0.0054375684639336634,0.019321204138928544,0.01527048371728633,0.017295843928107436,257.0,17.0,,,,,,,,,,,,,,,,,,,346.0,24.0,,,,,,,,,,,,,,,,,,,623.0,31.0,,,,,,,,,,,,,,,,,,,0.12345707177385404
cfb_20251018_lsu_van,CFB,11,1075.0,324.0,-10.0,0.13172546536600055,-0.0029429051583053996,0.017734228087570133,-0.0014438604610001117,-0.009943209027813763,-0.00178255337119172,0.023147636615494075,0.001588018513278557,0.02061808196069237,0.008279093458128117,0.017968537753616922,0.06285816721085445,-0.18265629157770755,0.012251549676247801,0.010944364818386723,0.0057244936128190045,0.008334429215602863,564.0,86.0,0.0,0.04440092035975893,0.01491190327252681,-0.027329761538162786,-0.02767656527376144,-0.020004800137371843,-0.003669513959179378,0.04082613861373825,0.010691452061818837,0.013654418729196802,-0.0257384347432495,-0.0069634373929759906,0.8998520631761111,-0.03730094631592108,0.33515751362734386,0.8434046212738034,0.8077530085052796,0.8255788148895415,330.0,112.0,-5.0,0.15786216621507432,-0.028635224874601,0.05147491798093517,-0.027387069925325164,-0.01703045949328613,0.02577108630471728,-0.0008230915791366586,0.010274489536755001,0.017674165119615674,0.023991337291398396,0.035079422206311446,0.14669643201951468,-0.1903331867198338,0.03272129689177889,0.04307065525300689,0.032325206054454304,0.0376979306537306,745.0,212.0,-10.0,0.16315547861692417,0.0054839524209704385,0.0007433749888891543,0.007085970550175963,-0.006246303264242376,-0.010915824548333302,0.036280888002625966,-0.001310677345389189,0.022594966105167365,0.0032147958652862423,0.009555557407070533,0.03525814633237455,-0.18372873024507652,0.006714681685899021,0.004913101187421841,0.0017868754820173393,0.00334998833471959,0.12345707177385404
cfb_20251018_txst_mrsh,CFB,11,460.0,37.0,,,,,,,,,,,,,,,,,,,4.0,6.0,,,,,,,,,,,,,,,,,,,16.0,9.0,,,,,,,,,,,,,,,,,,,444.0,28.0,,,,,,,,,,,,,,,,,,,0.12345707177385404
cfb_20251018_usc_nd,CFB,11,1199.0,355.0,-5.0,0.07980220911338384,0.03189135462980505,0.018826893723539503,0.044018596997442656,0.14670146801291847,0.0012900183638034962,0.006784497118475587,0.03596173796141169,0.06689895174792697,0.0018459303692793991,0.05777488761685487,0.25210611898060376,-0.1430881538566029,0.04823331231393257,0.13203361798313173,0.07844318444758495,0.10523840121535835,257.0,37.0,,,,,,,,,,,,,,,,,,,413.0,109.0,-5.0,0.11037142571788645,-0.005113975127040405,0.10645714273559258,-0.06394634132892889,0.05612108260538815,-0.016399792556505005,0.0296447915182681,0.021175820078363706,-0.0006733316098301746,-0.026121281581564442,0.08032778235816405,0.13619387439926514,-0.13413324585888592,0.02114841038730337,0.052674143299816824,0.01812273385046072,0.035398438575138774,786.0,246.0,-5.0,0.06737778434568774,0.039829216220404445,-0.004189378528736106,0.06436947769109584,0.17191235903066057,0.003835494876742195,-4.886512676520605e-05,0.03868921503018094,0.0849998832122336,0.00663697139791256,0.05231473704920309,0.27620402571513636,-0.14710070548573098,0.05613433686314606,0.15906697031065506,0.09992188819455018,0.12949442925260263,0.12345707177385404
cfb_20251018_gast_gaso,CFB,11,214.0,48.0,,,,,,,,,,,,,,,,,,,2.0,1.0,,,,,,,,,,,,,,,,,,,50.0,9.0,,,,,,,,,,,,,,,,,,,164.0,39.0,,,,,,,,,,,,,,,,,,,0.12345707177385404
cfb_20251018_odu_jmu,CFB,11,161.0,29.0,,,,,,,,,,,,,,,,,,,8.0,6.0,,,,,,,,,,,,,,,,,,,19.0,13.0,,,,,,,,,,,,,,,,,,,142.0,16.0,,,,,,,,,,,,,,,,,,,0.12345707177385404
cfb_20251019_utah_byu,CFB,11,1384.0,317.0,-10.0,0.11899858964203085,0.03562733442537318,-0.02355282562796001,0.000248360590734118,0.10242174358894861,0.004925855622163363,-0.010852811157404439,-0.018929776040141125,-0.0319904302116845,0.007755989800920912,-0.016852769805682462,0.04538918565186168,-0.11720748694190794,0.005572901861820175,0.01701888041280003,0.003133072214546437,0.010075976313673234,302.0,33.0,,,,,,,,,,,,,,,,,,,426.0,75.0,-10.0,0.11452910105801366,0.11556517888979756,-0.011478053044347103,0.09246225710309493,0.043686552014011185,-0.050851835938560214,0.005945347755036721,-0.012982863756133745,-0.0012073393076933866,0.02155591516783769,0.011540127211501465,0.04613763987394231,-0.09888578338508257,0.004783034589886395,0.006673713616099726,0.0061974034090939625,0.006435558512596844,958.0,242.0,-10.0,0.12730395081051002,0.019918379029415578,-0.031077595651525257,-0.018840582459477645,0.139218474842454,0.016601089711369955,-0.020225236090774323,-0.02062075792880235,-0.05047189422042894,0.004986330485240536,-0.05012914474360104,0.06756621740383173,-0.1631437386121306,0.011821756694024795,0.03743755350505788,0.004313034072397609,0.020875293788727746,0.12345707177385404
cfb_20251018_bay_tcu,CFB,11,1180.0,107.0,0.0,0.04994224413484219,0.05090542476379654,0.007145356637394771,-0.011834864634752872,0.00310172075779825,-0.007538313203239048,0.01860019768398649,0.014369555256952203,-0.001270658950938116,-0.004406964098501331,0.007234410050043494,0.265823998522051,-0.0490458268188395,0.01775808221674152,0.08171474258764148,0.04578987108225776,0.06375230683494962,233.0,18.0,,,,,,,,,,,,,,,,,,,363.0,31.0,,,,,,,,,,,,,,,,,,,817.0,76.0,0.0,0.04770996231288415,0.029992957348470073,0.015716444083464613,-0.013204698682186503,-0.01516568795839489,-0.0018087232292374987,0.0398255447313764,0.03703542266927921,-0.016983743421171652,0.010290596151841061,-0.0053969642455200155,0.34474332107930067,-0.04846444504493358,0.02549808994938558,0.13883883763290228,0.09538262628471286,0.11711073195880757,0.12345707177385404
cfb_20251018_miss_uga,CFB,11,1363.0,381.0,-10.0,0.10823039373327452,-0.00023332414296236528,0.011788272075350449,0.0030436838236630286,-0.03688267373572621,-0.24715414106271982,-0.005882859114991037,-0.0336667896303167,0.049434609914169265,-0.0010921828852157528,0.040567270446546656,0.05656980068551347,-0.1450010850727644,0.008694530329546035,0.00715057275298663,0.0022337059561986904,0.0046921393545926605,259.0,25.0,,,,,,,,,,,,,,,,,,,416.0,136.0,-5.0,0.11527181716297817,-0.009026233943605681,-0.04239059339856283,-0.03858572566722186,-0.007505172432142043,-0.017671750763682458,-0.0420911961019848,-0.04835160199529643,0.02258479377102414,-0.006818029622102771,0.013189713324006239,0.10371396381767022,-0.14480838492803175,0.016756538636808493,0.02358572356417222,0.008325234532098784,0.0159554790481355,947.0,245.0,-10.0,0.17945899387086583,0.0022960572708299286,0.02385281193915397,0.01680391563372992,-0.04688798396601443,-0.3298214650382321,0.0010497770543926547,-0.029655304099529416,0.057236243531705644,0.0002504888270914303,0.048015966817041324,0.04760601335510581,-0.14478084022028612,0.007236961498855272,0.004192285327043581,0.0015116841424884643,0.0028519847347660224,0.12345707177385404
cfb_20251018_army_tuln,CFB,11,573.0,80.0,-40.0,0.2200647540937816,0.0006332884741223448,0.04253869610251334,-0.01581310179041908,0.007938902879672458,0.00769295760094412,0.00447816478324991,0.007975433301283327,-0.0093275744541737,0.004602268185667398,-0.025021470408149723,0.17980053575880695,-0.05187549334710903,0.011371918543243282,0.030562163596501893,0.016088383598325855,0.023325273597413876,13.0,6.0,,,,,,,,,,,,,,,,,,,120.0,16.0,,,,,,,,,,,,,,,,,,,453.0,64.0,-40.0,0.237860536778855,0.002572224909444627,0.03986319888657605,-0.010729575920944418,0.007852866871779012,0.009176081802269656,0.00037009000055651436,0.002517097533375243,-0.010444226518543176,0.004663041624129238,-0.026320544537156338,0.16608402263826122,-0.059559367091001056,0.011861937582197694,0.02689033943748006,0.01358526559747776,0.02023780251747891,0.12345707177385404
cfb_20251018_unlv_bsu,CFB,11,903.0,58.0,-5.0,0.06220492704984108,-0.006850859203719804,-0.005695560201938568,-0.0019194565099490209,0.06633171792148175,-0.003644231906643477,-0.02610688318766376,0.01127895931543555,-0.0027764783885446255,0.0028626342226767,0.00295722480494685,0.5932745525919172,-0.03711961077742494,0.054144929009733854,0.26694404381237374,0.25796788638460094,0.26245596509848734,93.0,2.0,,,,,,,,,,,,,,,,,,,364.0,34.0,,,,,,,,,,,,,,,,,,,539.0,24.0,,,,,,,,,,,,,,,,,,,0.12345707177385404
cfb_20251018_msu_ind,CFB,11,564.0,48.0,,,,,,,,,,,,,,,,,,,78.0,12.0,,,,,,,,,,,,,,,,,,,321.0,29.0,,,,,,,,,,,,,,,,,,,243.0,19.0,,,,,,,,,,,,,,,,,,,0.12345707177385404
cfb_20251018_psu_iowa,CFB,11,1246.0,158.0,-5.0,0.08776528774539248,0.030680589368646913,0.013021738385796374,-0.00018195174176918928,0.009138049005534372,-0.020128954080280974,-0.002414006635409482,-0.026236853703279772,0.023047183728004635,-0.018876203164703127,0.0075537126560830566,0.0,-0.14625014313366458,-0.015526878278032836,0.028905953207982747,0.019009444349050175,0.02395769877851646,256.0,30.0,,,,,,,,,,,,,,,,,,,400.0,26.0,,,,,,,,,,,,,,,,,,,846.0,132.0,-5.0,0.10263898994159268,0.045187623437470174,0.01341841574411765,0.0037930766795323347,0.0223978826646957,-0.03459926756486066,-0.0018638387245829833,-0.038056739070651525,0.02862419013416246,-0.011209576029407396,0.010207799286802276,0.0,-0.16560497476426314,-0.019964313788436924,0.04646304658893942,0.03894442258507655,0.042703734587007984,0.12345707177385404
nfl_20251019_la_jac,NFL,11,759.0,312.0,-15.0,0.10929220646649196,0.0021966764836993517,-0.023853357720669266,-0.0014032478778002347,0.050066026548916516,-9.964946469651115e-05,-0.01600442558666627,-0.008520421215874919,0.05504171562295752,-0.0047008937729492465,0.009103598978135294,0.24241035259282365,-0.14432049960446858,0.04617906714436486,0.06181682657850546,0.03471048974137894,0.0482636581599422,444.0,85.0,-35.0,0.0671193729573298,-0.037168249743838026,0.1110153195149953,0.03178597567149291,-0.030105452911139686,-0.0020318426738399897,-0.020071625098364982,-0.046203077777753954,-0.021784205247695913,0.0015637542799950364,0.02875300092296118,0.8799889973281797,-0.0344404146853735,0.25253672839836183,0.8380599974869369,0.8251065708022156,0.8315832841445763,361.0,146.0,-15.0,0.14839837534966882,0.01846463488994411,-0.05359217150182324,-0.029660661971528352,0.07757676433443864,-0.004525903629610585,-0.013657017323769045,-0.006454132124566784,0.024405011219360298,-0.02987070677843965,-0.0009395805070354647,0.11356267468447002,-0.16336858694666928,0.020929368792635527,0.03027411433386307,0.007361159375206381,0.018817636854534726,398.0,166.0,-30.0,0.06373762387241165,0.0007441334434288287,0.010139680171521098,0.0032227725935897143,0.04172314191692646,0.0009940981682393462,-0.017253611146184532,-0.012006574551291142,0.12264180718797703,-0.001974396534689918,0.03222025894560974,0.46388158735409346,-0.10455610084635396,0.09046816689020441,0.1245095315145218,0.11575581121776866,0.12013267136614524,0.05591399281630713
nfl_20251019_gb_ari,NFL,11,1235.0,538.0,-10.0,0.20781585337027425,-0.0032833096038405534,-0.02560239621650045,0.011174618172910065,0.018702273934842802,0.004443233262482578,0.007588062385491177,-0.0038731122619481834,-0.008033999885138162,-0.022804611285852833,0.013150671312894742,0.0,-0.3138358004413723,-0.0026319062062660635,0.007033027684638614,5.296887795966819e-05,0.003542998281299141,426.0,67.0,45.0,0.05306929848420086,0.0054658881436045,0.003550929654808482,0.021249469296945784,-0.10640256605477025,-0.023109076963231997,-0.004355409255251596,-0.004837809913500259,-0.004422893853543942,0.016009009059084967,0.0021372409058624826,0.8366574964264675,-0.03406809027659927,0.17450034433945705,0.8360017031887358,0.8160775494980121,0.826039626343374,447.0,137.0,-35.0,0.10047974809528419,-0.004771830778977418,-0.08433479951010699,0.008464332767468392,-0.04762117347653518,0.05123393482835497,-0.05884867124604464,-0.048219890753876685,0.013333512167070528,-0.010870021454929154,-0.012264550720995145,0.2018903091054432,-0.17307252356954356,0.04378053001956421,0.10169983334021042,0.029188329462075387,0.0654440814011429,788.0,401.0,-10.0,0.2442293490677932,-0.003317911098577548,-0.015039567092843627,0.012837294645912357,0.031034374998979933,0.0028999815447959608,0.019750390423237372,-0.0018902788793463965,-0.012919350856983706,-0.025647303620648477,0.01735026133647134,0.0,-0.36956618964278,-0.011696372906094637,0.0009171036356074966,0.0008272017676847949,0.0008721527016461458,0.05591399281630713
nfl_20251019_phi_min,NFL,11,1151.0,489.0,-10.0,0.16579983763740813,0.008994310704583688,-0.030422881839132578,0.009655513176131439,-0.0174169123400416,0.017020785204010815,0.00880858195060293,0.014893987475070425,0.017002180415428093,0.025817858219358485,-0.009483553484114955,0.08011430420981408,-0.2419949603810832,0.021075724910102296,0.02805794467998641,0.005400384539984844,0.016729164609985626,509.0,79.0,-30.0,0.06850338934362372,-0.007221863706894248,-0.0334679645731532,0.01035912422799486,0.003800319975848911,0.046154989164425016,-0.01323321638328141,0.04155364721268858,0.033406697866212164,-0.028535357518764733,-0.02770627851898326,0.8765245574016932,-0.04247632833620306,0.30152995698150215,0.8412800352405444,0.8329691220366437,0.8371245786385941,417.0,165.0,-5.0,0.07559812955594565,-0.021342770706619094,0.012692484246643744,0.009720084617610815,-0.01518865362373585,0.038156650931347215,0.05382998304604042,0.038000272967096065,0.1268801184962199,0.016167499745330893,-0.07618050084694034,0.1555424334062188,-0.23578200332505336,0.04342918815743613,0.06784912709673226,0.02131891364998521,0.044584020373358735,734.0,324.0,-10.0,0.2115122582092452,0.017380191540393636,-0.03941560548178937,0.01009462164023069,-0.0190107580192409,0.012500645418682205,0.002363505531380581,0.009678831708178862,0.0009548316864046731,0.029992017949608686,0.00044201027851016584,0.04842514402765488,-0.2455214458761177,0.012494457271341148,0.015434841356841028,0.001953416259485429,0.00869412880816323,0.05591399281630713
nfl_20251019_ne_ten,NFL,11,705.0,276.0,-5.0,0.07852288561591178,0.0012823842404903311,-0.061690592062569445,0.0009679666381377211,0.028786276912188945,0.01713169921827244,0.056900496578837556,-0.0159981890290231,-0.006070723767526632,0.019053101366507157,0.005513398309866539,0.0,-0.140472626761069,-0.01129840047441087,0.0052223940696990555,0.00018303374292854673,0.002702713906313801,341.0,68.0,-40.0,0.08304578043658682,-0.00477393110004966,-0.018093135296883868,-0.0015751791825807631,0.012725895043227057,-0.1015263833363076,-0.0015110421883605433,-0.1218576997282348,0.049961405234446525,0.008581272330065953,0.01769606586157758,0.7361417114088374,-0.056839313112496216,0.15857674759184026,0.642775989407966,0.6389853284053366,0.6408806589066514,432.0,154.0,20.0,0.10746383645442457,0.0008231150528367193,-0.14023654811700825,0.0028946869221704004,0.004844552129868117,0.04126915134671139,0.08865969277960582,-0.031669289201346394,-0.015395903777466602,0.048674374962225465,0.01749481192501378,0.0,-0.1687460702674844,-0.015078308584584928,0.006650044486018151,7.285847664204937e-05,0.0033614514813301,273.0,122.0,-20.0,0.08716223106651233,0.0021381453216521517,0.017506868131152847,-0.00029703387977639186,0.061579790643696085,0.0011939480299099899,0.0309418506913497,-0.006458555634413614,0.0033819516979657887,-0.000941022642676087,-0.006717107829943638,0.0,-0.10890173213129176,-0.004714210851924318,0.0013818183243452867,0.00022460247230410621,0.0008032103983246964,0.05591399281630713
nfl_20251019_was_dal,NFL,11,969.0,360.0,0.0,0.0667825828402938,0.02408695385247603,0.020133825468781525,0.003291891371874915,-0.034457088794362295,-0.009392972782185613,0.054437202760416525,-0.0014618021776714638,-0.006660061712632273,-0.003915974152221807,-0.006328936547265504,0.09059504107615986,-0.1823746531771545,0.01816818682777648,0.03926228861092833,0.006593291879174338,0.022927790245051333,552.0,60.0,-15.0,0.05787870617951299,0.050219443967563705,-0.01176069877310728,-0.06120408908316599,0.04667661083178002,0.015852940328597336,-0.01182899801376153,0.011480805794427786,-0.04908932568250929,-0.009325345473804448,-0.0005718843527874992,0.8373569245884136,-0.0713265970766302,0.367220183326595,0.7882515350967852,0.7737496424519652,0.7810005887743752,440.0,146.0,-20.0,0.07821622464647396,0.05537160241029072,0.014508497033673412,-0.05883551229206446,-0.0826426251970327,0.03551692962702315,-0.03678333068965278,0.0929838202857744,-0.06483586749825195,-0.03541819092950637,-0.022541127124409435,0.15560898631358633,-0.19396041541610726,0.03574408436216661,0.05067945092400524,0.022765476309932604,0.036722463616968924,529.0,214.0,0.0,0.09918926494080461,0.023166621952481047,0.025075421221133935,0.018563111265438918,-0.005717276176180324,-0.023062218935789826,0.11626684330898468,-0.02486654374275214,0.030058747823601285,0.0016297587928584911,0.004636182130204272,0.021904065996871655,-0.17077225058763723,0.003824376032314583,0.03088418307864297,0.00032768108764681995,0.015605932083144895,0.05591399281630713
nfl_20251019_mia_cle,NFL,11,725.0,203.0,-30.0,0.08928308273474456,-0.0010350336324238488,0.018684834623434284,0.00045191225423801406,-0.024007933555190507,-0.00034833039287674003,0.02409066168070109,-0.0004532954057807237,-0.02132915136322038,0.0002690025195260568,0.005616893060498342,0.21869290567246638,-0.09777324934958949,0.027367364449319302,0.09682662594379066,0.04470958841033252,0.07076810717706158,510.0,87.0,40.0,0.04689242891800175,-0.022875486946564123,-0.004956263799914741,-0.0001325210672328041,0.09866073234447169,-0.00994902484462458,0.005035355095193596,-0.028023711193744954,0.006214553927440657,-0.020324280357599173,0.008155725201434073,0.7856618404552216,-0.04743222376086914,0.17386399274863135,0.692013375856779,0.688179219210242,0.6900962975335105,424.0,93.0,-30.0,0.11159643334872946,-0.019669742868962812,0.02640015024475143,0.006099539686116321,-0.027114641403111827,-0.005856518276431457,0.026322899019060708,-0.018263189624360555,-0.023134894898970554,0.007024852752254216,0.019766097449510436,0.1883434834849144,-0.11355730966793805,0.026350776274014037,0.09492018906352886,0.033710777241033905,0.06431548315228139,301.0,110.0,-25.0,0.07266284881954417,-0.0006292230107014178,-0.011336745448422005,0.0003485735633907658,-0.010110743867185499,-0.00032591648258398307,0.016569134849961916,0.00040991464081582563,-0.012942602049449655,-7.106457008506964e-05,-0.04768301348392595,0.37066752421455046,-0.060663089019129826,0.0357296625918818,0.1411315542647927,0.13240574841882521,0.13676865134180896,0.05591399281630713
nfl_20251019_car_nyj,NFL,11,1189.0,390.0,-5.0,0.11368872152236777,-0.01565883718919104,0.0011891431790759701,0.01130405737619087,0.021616602265746715,-0.005992542569152387,-0.018564485552770855,0.0007724276875453905,0.009874064102867498,-0.0039180472948602465,-0.006613979149852859,0.32858297335019826,-0.18863064822993325,0.09231344574270796,0.2172273226264375,0.14087510710864515,0.17905121486754133,452.0,146.0,35.0,0.048659368204793114,-0.023015912672685573,0.042338712682007035,-0.009118142047940382,0.009958860862876964,0.0045505352752790345,0.0006336611541473941,0.008237453842306421,-0.022940434215333635,0.00824661830670666,0.019757689350542378,0.7471451853503502,-0.07158852724718062,0.21153254895764534,0.6476569135923327,0.6088328161435559,0.6282448648679443,436.0,122.0,60.0,0.13185172854783594,0.046747599012250146,0.016087367630714573,0.029108537045662904,0.0011685554366365825,-0.033186221791385244,-0.014675482764318406,-0.010953983674021981,0.006899733603579862,0.02445857236755214,-0.030347538484888012,0.2769242964864127,-0.20818885258746891,0.07973238660758702,0.1476521599693332,0.08967892050080971,0.11866554023507145,753.0,268.0,-5.0,0.1473809465978679,-0.03042118563018074,-0.007686754792935336,0.009662216356972304,0.034741204886909995,-0.0014462216217485562,-0.02076544809748125,0.0032787308980344247,0.012107253540545,-0.01019031712672091,0.008978087917545357,0.35474952387670083,-0.18668007020047483,0.10263404440825682,0.25993964239408707,0.1721036241673008,0.21602163328069393,0.05591399281630713
nfl_20251019_nyg_den,NFL,11,1484.0,792.0,-10.0,0.24780530032060158,-0.0068003342677224925,-0.02040644725212277,-0.004583583273456863,-0.01603491210950235,-0.00132244605964782,0.00624334091030275,0.01241294787594366,-0.009967788275025374,0.006257968172874354,-0.03612242200441801,0.0,-0.3528949450668744,-0.020308863255374406,0.0028923364353867476,0.0024964795435275865,0.002694407989457167,352.0,48.0,,,,,,,,,,,,,,,,,,,488.0,208.0,-5.0,0.10677861439371716,0.0007454643007339517,0.015959168991500686,-0.005164645904066027,0.07219688495556348,-0.05034301864810028,0.0008016355891777801,0.03167496074888719,-0.0352379016953497,0.024835257995168693,-0.012415081537809767,0.0,-0.2286142082471987,-0.008164942487672485,0.013614644031981137,0.001146003213715186,0.007380323622848161,996.0,584.0,-10.0,0.30416288470976544,-0.00843794905252521,-0.03167537128483564,-0.004766200021214738,-0.043796459165360485,0.007027520412545834,0.008484981091386299,0.009047715193689626,-0.001820248943005569,0.002935272548283203,-0.04362518083301979,0.0,-0.41247761975691544,-0.018647254575728207,0.0018673525747483753,0.0014419456465371151,0.0016546491106427452,0.05591399281630713
nfl_20251020_atl_sf,NFL,11,971.0,577.0,-5.0,0.17288189271602972,0.002379512643258855,-0.043874009463952146,0.003842877945336047,0.05008577369285789,0.00018805238426648695,0.07081148517875124,-0.0012918580528581717,0.005364506612788626,-0.003401652784365049,0.0026055760019671353,0.11114473255403164,-0.20643006792515345,0.025812542863786828,0.06808887643295011,0.012924292250598025,0.040506584341774066,681.0,173.0,25.0,0.05373708815895281,-0.00044222166854935164,-0.012601826524380775,0.007005404954861431,0.030719056293871862,-0.009644571484439732,-0.05675771360511834,-0.022103556836411162,-0.0675905465455731,0.006427978998460122,0.024827248001557754,0.7960297202472334,-0.10235533978169914,0.3994596300549092,0.7470365385345883,0.6698973979331706,0.7084669682338794,392.0,183.0,-5.0,0.1918070404367346,-0.019062437378214333,-0.027788951196195462,0.025804520994964934,0.1528556258416396,-0.0016609620528486337,-0.009303104865308038,-0.0053788154961639184,0.011946201044637457,-0.022630522043433833,-0.0366677249348302,0.11648332768520735,-0.25121077919323515,0.033119768339126505,0.07278517771607104,0.010285175274503754,0.0415351764952874,579.0,394.0,-5.0,0.16416758315112828,0.00737688383556242,-0.05065069758683042,-0.0003424404955869474,0.0071172513111187425,0.0007005160970490862,0.10526441591720027,-0.0004540894616207118,-0.0008046313841155207,0.00011795649092406157,0.005808290221748043,0.11558429483564191,-0.1869062238522259,0.02442677573250175,0.06917646061908699,0.016744458414245857,0.042960459516666424,0.05591399281630713
nfl_20251019_lv_kc,NFL,11,377.0,126.0,35.0,0.05612489273741309,-0.0017333908799334879,-0.008743389471545387,0.0008922794937862805,-0.0016483421481246878,-0.0022975862733092536,0.006401174336304698,-0.0014203966307032648,0.030444897158987037,-0.0017880187868468348,0.04523459884582,0.43475572922670896,-0.11897462528907257,0.09150893277743825,0.3329334104951145,0.2595300667722546,0.29623173863368457,561.0,105.0,-5.0,0.04169123040877666,-0.05901606063910817,-0.006476039522254861,0.007942648832684326,-0.019729726576506505,0.03435196929176045,0.08091240075446143,-0.0005258768080571194,0.05691409579646269,0.0008608751436302072,-0.01020300524428731,0.7626243282022401,-0.07335754092984637,0.2356780918048586,0.6629975880025414,0.5911637702808952,0.6270806791417183,328.0,83.0,35.0,0.057111145606539716,-0.014044507449128002,-0.007862801487723519,0.006588904064637286,-0.0031432597428193623,-0.038385704765051314,0.00887237261711571,-0.013511614244716119,0.04416257074824099,-0.017686330148241,0.06154761706588418,0.43791579634251016,-0.1545268875231669,0.12039079654918072,0.3603521064971906,0.2685288981577863,0.31444050232748844,49.0,43.0,,,,,,,,,,,,,,,,,,,0.05591399281630713
nfl_20251019_ind_lac,NFL,11,1102.0,515.0,-5.0,0.0821452788473402,-0.02651965914717938,-0.03508079982956375,-0.0012297553243270757,-0.005281540801219467,0.008749787012605124,-0.028488042418880675,0.036441729423948584,0.006465289357891969,0.0041703791592403805,0.025376316368823353,0.266065476214481,-0.16642179249890263,0.060331122244125346,0.1227245835479708,0.05995590469825199,0.0913402441231114,528.0,88.0,15.0,0.049228192757869736,0.01398643541761221,-0.015019617744508289,-0.016288910226926554,-0.008663478091192977,0.02189129624567003,-0.025979060387054942,0.0025950756665058207,0.03696926086511578,-0.017199364162188424,0.03260701089435146,0.8943911801344399,-0.0348295694763415,0.2949683538474822,0.8809002141172555,0.8462803532521267,0.8635902836846912,469.0,201.0,-5.0,0.10489059980760702,0.06546699934677101,-0.041226129177684444,-0.040973686846187025,-0.013929098577425044,-0.013630099457962466,-0.041673793263537144,-0.011164182916976774,-0.008056532617824625,-0.03961411277823775,0.03198417412358512,0.3120987190196914,-0.17431432749077877,0.07908588022851544,0.17302703477664255,0.08881664326762273,0.13092183902213264,633.0,314.0,35.0,0.0653237212616975,-0.06365413456023304,-0.02524807675433479,0.010982751311506675,0.010471330364640817,0.01834074803372001,-0.004404886595236475,0.062216165521522974,0.031230651459267785,0.01789362580934875,0.011536683029337783,0.1924941226584917,-0.15881439951956322,0.037858347980945485,0.0634121182693764,0.02790914870650895,0.04566063348794268,0.05591399281630713
nfl_20251019_no_chi,NFL,11,961.0,280.0,-5.0,0.20490398905613452,0.023993125336874557,0.06078317048599694,-0.026060122642683703,0.13141499647086805,-0.017199041438107875,-0.014097749361276257,-0.009658158934721934,0.015725330377262196,0.030117809545527063,0.0061473378077032135,0.05796122322941015,-0.19997913434364,0.01230420183620385,0.040904024752777074,0.002834040417651782,0.02186903258521443,460.0,70.0,-15.0,0.06467256985521652,0.04203803676558046,0.006400297152427229,-0.0082893919766277,-0.0006266944409630781,-0.03887797274227218,0.007227245931698224,0.03824729717576743,-0.008663353441788119,-0.005667459752259485,-0.015611265760053034,0.7029613756151759,-0.046021762086410276,0.10891351672361899,0.5468081520130005,0.536534928565096,0.5416715402890482,398.0,94.0,-5.0,0.25660396373773003,0.008374719980381706,0.14225853137313957,-0.02137001159336947,0.1599594947296499,-0.025458076499613083,-0.013869758446334424,0.022532639175782274,0.024984006394779767,0.05240468713375236,0.030605064706768118,0.0,-0.2609386461688271,-0.0006476228446748858,0.006592340637357402,6.241148602371074e-06,0.0032992908929798865,563.0,186.0,-5.0,0.1626849073361787,0.04064260680803841,0.001487022281402627,-0.03166441645058136,0.11721863018940504,-0.009570655386722741,-0.015040721895430957,-0.04196929033716331,0.00964265556547728,0.010266746449346453,-0.012149666412872667,0.1803175549853365,-0.1756215306770141,0.03863404078867999,0.13962334707313984,0.024877316921127796,0.08225033199713382,0.05591399281630713
nfl_20251020_tb_det,NFL,12,955.0,630.0,-10.0,0.08703768034939892,0.014933816756964745,0.0031138242568697887,-0.008437056417173098,0.10177155871466881,0.013168510962320561,0.05434547811894989,0.0002172161599845104,-0.016132602034602806,-0.002048851295445008,0.0002906597437976915,0.09517495533881751,-0.2324434382460714,0.024449802737450805,0.04108770592299128,0.008807658052864887,0.024947681987928086,415.0,213.0,50.0,0.044312745007107225,-0.012340031871742013,0.007942102754664396,0.004648909324385504,-0.014307886231591975,0.006666735472926087,-0.026628760664420978,0.01608452370871772,0.06619727552363985,0.028825500852601712,-0.01387683134872407,0.630997181324069,-0.11420157354260267,0.1952854215767972,0.5471258742273838,0.5148247623727685,0.5309753183000762,334.0,214.0,-10.0,0.13907888312588337,0.06197415393204654,0.007723438976342373,0.037980340463064075,0.07376062512583312,-0.014465318958575866,0.03512269027158919,0.005695164453984137,0.024997690047876216,-0.0013776477650246997,0.023956460488829438,0.15167693977310265,-0.2779431424477834,0.049695177761787626,0.05663063486239434,0.024329550951686534,0.04048009290704044,621.0,416.0,-5.0,0.11790010464463874,0.012713462746647992,0.0009033716180842058,-0.01500843111608288,0.11823235750564838,0.018568026506855722,0.06550435937888487,-0.000281775795654096,-0.03441103880085935,-0.0022580338604144814,-0.011473109995080569,0.0602117018428559,-0.21084873476555416,0.013508958535174375,0.035744533152053976,0.0033142914291716535,0.019529412290612815,0.05580512229574524
nfl_20251021_hou_sea,NFL,12,1129.0,676.0,-10.0,0.12093018628615607,0.0033147233478047116,0.012718841786962231,-0.00998462667236339,0.04088607902112366,-0.009626471555592995,0.10339549453352131,-0.0053672731462946445,0.00700828814493296,0.0047150446625761734,0.011433813828733442,0.18835444522682682,-0.27093746134592345,0.06287507511482399,0.09251270871875943,0.03579894979881282,0.06415582925878613,552.0,84.0,-25.0,0.05942979452839543,0.03698189326805953,0.047428201004864,0.0005171460083825003,-0.03398411755222174,-0.03211623408365116,-0.045847108976759705,-0.00682650094002508,0.054897584610124874,-0.03383018307509353,0.0029451624001569534,0.729984272649465,-0.028184298268839402,0.07619591152631258,0.6276308683610899,0.597473580215275,0.6125522242881825,393.0,251.0,10.0,0.07203856041515438,0.044102412015851154,-0.01974715672416488,-0.09528561133125545,0.0296946266742454,0.03570938199829255,0.054134645138387304,0.0387367449667423,0.007231102294450991,0.0456185974225872,0.009878460231134397,0.2275857722971394,-0.34887752494344865,0.10279401660881034,0.12291646033779029,0.07108612968769051,0.09700129501274041,736.0,425.0,-10.0,0.16670365575281332,-0.000472546063621812,0.03414340391280106,-0.0023549083206062227,0.05007681262904686,-0.016423714888382807,0.13925674558727413,-0.011154430565822701,0.007668849795467083,0.0012734879123731657,0.013576450551638542,0.17671336422220754,-0.22535955162082902,0.048372028399199685,0.08565592340308466,0.02532579971143429,0.05549086155725948,0.05580512229574524
cfb_20251021_kenn_fiu,CFB,12,972.0,226.0,-30.0,0.08175086891960473,0.0045151537693360316,0.017509224797491396,-0.0010039032662865898,0.012898111397798201,0.003992772109735716,0.023833925254121667,-0.002016924265162588,0.007162546208608435,0.002633678293299446,0.007033304343194647,0.37389986010612775,-0.08343155764769142,0.049824374321647505,0.14710111799251444,0.1288195733663129,0.13796034567941368,200.0,30.0,,,,,,,,,,,,,,,,,,,345.0,73.0,60.0,0.06720758216933367,0.0181583445712078,-0.04316937010428839,-0.02059838070105337,-0.027409687811030387,0.07319042291260036,0.05226360336138257,-0.03148516057042367,-0.011433343243370078,0.012790027602987327,0.01484406052500123,0.3176632151953666,-0.08384978887989955,0.03903643204091364,0.090763796059415,0.0781610870843687,0.08446244157189184,627.0,153.0,-30.0,0.12285079119532476,0.004925298227558831,0.05064586116798871,0.00028809346226656276,0.03471349937268751,9.845117584593891e-05,0.008314751411584618,-0.00023243418274589635,0.0171055770671925,0.0027833099024462816,0.002704520499174119,0.4160600894167245,-0.08350187123640075,0.05949549839533738,0.2032345867671406,0.18068621056508352,0.19196039866611206,0.12124566855742976
cfb_20251021_wku_lt,CFB,12,1308.0,320.0,-10.0,0.18134828084324925,-0.0025046823532706036,-0.022321149387374034,0.022320206029849608,-0.009779057283869354,-0.00818729117654332,0.04483059051872268,-0.005531246960325971,-0.010659656497538542,0.005158001183787692,0.013909094303943624,0.05651027852136581,-0.15174354261054981,0.009088673317290715,0.013222698955475596,0.002217321629715353,0.007720010292595475,132.0,40.0,,,,,,,,,,,,,,,,,,,339.0,61.0,40.0,0.10540712129152878,-0.022745830829081902,-0.024308887579979496,0.016481694094833698,0.02613646908683577,-0.002947938625834004,0.03235456298884619,-0.011901211683140797,0.019920670405660455,0.002412568415543483,0.033112349528688675,0.38031530193016133,-0.1055616205770471,0.06478568815244855,0.23448461454907138,0.21876181926622465,0.22662321690764803,969.0,259.0,-10.0,0.2167596437397921,0.0006835546085198258,-0.02249581941809724,0.02320707512531556,-0.01849188959819807,-0.009328401130163512,0.047083214374622845,-0.0047111099665831675,-0.018085999249548963,0.005421606879208431,0.009411802425648612,0.0,-0.16122582148320974,-0.00011740868545842195,0.005423457237723579,3.197760844990127e-07,0.002711888506904039,0.12124566855742976
cfb_20251022_mtu_del,CFB,12,850.0,185.0,-10.0,0.0741469205537137,0.00026902400849207844,-0.013875759410807537,0.008112268069484417,0.039439474482943215,0.011699096577993649,0.01639283583070036,-0.0058233460481809714,-0.002970581314957662,-0.001333109058542545,0.012713433614669567,0.46915484214148767,-0.047947637236130096,0.04237557006137287,0.3265676744765685,0.2381050100208768,0.2823363422487226,121.0,23.0,,,,,,,,,,,,,,,,,,,285.0,58.0,-10.0,0.10505165215965083,0.010336392790043615,-0.036463822164369254,0.0009668995209672813,0.15854640534860312,-0.0057813950625435675,-0.044047818456666,-0.005235426756989867,-0.019647159228019847,-0.004680183790185306,0.03604286488027499,0.4950265188771782,-0.05681918021604062,0.0556999566101184,0.3382203846304699,0.23860709583519985,0.28841374023283484,565.0,127.0,-10.0,0.05298655264389962,-0.009597950140398506,-0.0007303691488867205,0.014799840507203527,-0.0234882471597714,0.028403074239668497,0.049994436715134254,-0.006716563614045203,0.007031669741394273,0.0017061242880241896,0.0012392360345989837,0.4553747028273127,-0.044648284010479454,0.037331536321521364,0.32479134427906625,0.24027995319336937,0.28253564873621784,0.12124566855742976
cfb_20251023_mosu_nmsu,CFB,12,1001.0,284.0,-5.0,0.10559890788125222,0.007447654075917026,-0.017450071604542493,-0.023696681927147117,0.1402544524330478,0.00011421775815409866,0.027997619147311092,-0.0006910732144345136,0.11060386142368152,0.0029260022784250105,0.005584603887382719,0.23561229348664897,-0.12375950085514724,0.03814721193025209,0.08209464889194677,0.038147930064822276,0.06012128947838452,79.0,25.0,,,,,,,,,,,,,,,,,,,240.0,63.0,-15.0,0.07905384759289612,-0.034729275139498264,0.010755752123140191,0.019163600480255463,-0.010397692494418385,-0.013032639822363926,-0.007186891238288749,-0.0005440381919002212,-0.019851027906361503,-0.007758467491102265,0.006796022550864023,0.5206927098888413,-0.047312211668788455,0.051397348241756666,0.2889219765772191,0.263067230281081,0.27599460342915005,761.0,221.0,-5.0,0.12396978153101777,0.008695835035864524,-0.020965789559577706,-0.0267920412863408,0.157897613994577,0.00020846381343695493,0.031953342391711353,-0.0009001676428794564,0.12584469618641186,0.0031382958563928756,0.005283241228908347,0.15234519303042954,-0.1685869976456743,0.030299384239406337,0.048838465428653895,0.013994650545793888,0.03141655798722389,0.12124566855742976
cfb_20251023_usa_gast,CFB,12,882.0,213.0,-25.0,0.07768492835092264,0.023439267739934468,0.044451117115169025,-0.008052981330264674,-0.0030572327310231773,-0.00483054131915912,0.0067957233587923075,0.012787474036898526,-0.005395658482112964,-0.011981578221960477,0.023102137993334913,0.2553310414363505,-0.060707947742631434,0.020815455434704724,0.07507280669117741,0.06681557936536087,0.07094419302826914,121.0,11.0,,,,,,,,,,,,,,,,,,,251.0,76.0,-25.0,0.1375002073929918,0.034291395283078424,0.02828612027364545,-0.027270953346564677,0.05020495796491271,0.004654032120956225,0.036682960103030994,-0.0018790364911006113,0.00918262585168399,-0.05680819294519718,0.03504957557222878,0.4708220967962764,-0.15263038088245942,0.13579885994262386,0.27718786334063883,0.26267602685633856,0.2699319450984887,631.0,137.0,55.0,0.06271743039158274,0.020830668082524335,0.04742602292940995,-0.0027188175364114306,-0.009969692808891225,-0.007156464784472443,0.0030722400566098457,0.01704530904230294,-0.007458278058293891,0.00027469686917092507,0.022022752724000727,0.20490227678135342,-0.05348809914532476,0.013784259438219931,0.05254059305544557,0.042284638615800396,0.04741261583562298,0.12124566855742976
nfl_20251024_min_lac,NFL,12,686.0,454.0,-5.0,0.026984141505700627,-0.02673600752750437,0.008499253529353382,0.0003119397650073693,-0.0006500493860744521,0.03527656823904475,0.005974289128760807,0.0008687365137173855,-0.007132470811677209,-0.011786853743790732,0.00732115559675594,0.08126919412881504,-0.299567512885982,0.02649917712983564,0.03343696353460973,0.022238133744132072,0.0278375486393709,692.0,123.0,-25.0,0.07176118350874837,-0.012152142974852356,-0.015214497533573108,0.020046810541095507,-0.006491600272536685,0.045712765371871265,-0.07432382892183378,-0.0272405958156814,-0.06624944067021697,-0.009511808592953344,-0.023436187340168432,0.660986832202497,-0.098744893602381,0.19252666450229597,0.5142884757174808,0.4732321608829667,0.49376031830022377,319.0,212.0,-60.0,0.06647187194955292,-0.03560118332036875,0.015813570204253204,0.0036552934986370357,0.030895743020304567,0.03977095973480798,0.01241987578627079,0.020065321210011575,0.022832989443238052,-0.031964584064171235,-0.021625444038090417,0.20956714816415448,-0.2865114549881643,0.07596266830101556,0.08665514223773424,0.05992788471835028,0.07329151347804226,367.0,242.0,-35.0,0.025606367092195072,-0.021325743539155423,0.008471452457616357,-0.0010150295977898157,-0.0035287743123317158,0.03575983828757118,0.0060221676708261404,-0.011399027150788207,-0.011409387104410456,0.0027205999975019554,0.01077049304107798,0.053069801142803165,-0.3121876211650764,0.01749625790208207,0.02454036500156606,0.017381703602632075,0.020961034302099068,0.05580512229574524
cfb_20251025_bsu_nev,CFB,12,908.0,146.0,60.0,0.06268833800934291,-0.029904040126385714,0.02767968839823845,0.01031856910346874,-0.004310907253101715,-0.001691223253569086,-0.002124313783521652,-0.007828667882295281,0.025249651540096178,0.03679410932578886,0.0030453112869155813,0.2285629092861545,-0.08046238638151713,0.023839555215641052,0.107954896725742,0.10528833704584824,0.10662161688579512,126.0,20.0,,,,,,,,,,,,,,,,,,,396.0,45.0,,,,,,,,,,,,,,,,,,,512.0,101.0,20.0,0.11579427094404716,-0.012684034528475933,0.029795843490125127,-0.014373589891128127,-0.01181850207272109,-0.0004264012449427294,-0.010476372762714686,0.024468464348687675,0.024606892751587582,-0.0024552986468879827,0.00905455359609961,0.17903146880536472,-0.08423841547689663,0.018370164847512152,0.08742070647356767,0.08076693812255407,0.08409382229806087,0.12124566855742976
cfb_20251024_cal_vt,CFB,12,1652.0,428.0,-25.0,0.13681538422796788,0.010551575296440142,0.026693426678122988,0.0011456988836359156,0.01130060622943805,0.021600848259007044,0.025773944142710597,-0.00851283768598605,0.05077978234579453,-0.017531946816704124,-0.0025352122092241088,0.17699675433644962,-0.15685871805393384,0.03373435540043113,0.06411260449580447,0.04445032154490055,0.05428146302035251,412.0,48.0,,,,,,,,,,,,,,,,,,,415.0,100.0,-20.0,0.09556497051772879,-0.0018799103536815108,0.004269503145878707,0.006840973486562578,0.05052427326156483,0.012070246733663997,0.00530197502267697,0.0001292363277807182,0.03200500200924815,0.014089979955908018,0.015778830298192336,0.14344718973086518,-0.08941992324814398,0.014975184883072847,0.028532173109546026,0.028188052117680967,0.028360112613613497,1237.0,328.0,-25.0,0.15379022301928014,0.015591259285634991,0.02811170886095882,0.0005432086443897849,0.006308003109334339,0.026096459390682253,0.027014438440929836,-0.010242047106313048,0.0521645407219582,-0.027814606025087233,-0.005540897899103793,0.19903489757556272,-0.18648154764945404,0.04633951669528954,0.08184701739002616,0.05796136526744599,0.06990419132873607,0.12124566855742976
cfb_20251024_unt_char,CFB,12,790.0,275.0,-5.0,0.080309950009414,-0.005346496361050445,0.00984561433061464,0.0018850321125827422,-0.0026993752354510588,0.004953215081331266,0.007162255631329048,-0.0017267846007297837,0.0038720404387198475,-0.0032553286988713506,-0.0003609460803586522,0.24916848718593418,-0.09338488311922656,0.03099040151583933,0.11696554240922825,0.09432254512068708,0.10564404376495767,141.0,35.0,,,,,,,,,,,,,,,,,,,314.0,98.0,-35.0,0.13781512181477512,-0.05227517772955892,0.09055211547390923,0.008806595164266351,-0.005409182145099684,0.03899085997112397,0.009583126049375458,0.0005164617030915862,-0.026650091599515667,-0.02486245011545414,-0.018529575722034595,0.42965179532790226,-0.12220115413276361,0.09205594903988334,0.26647804010949794,0.24374828464417883,0.2551131623768384,476.0,177.0,55.0,0.10849331171104247,-0.00012388951869213673,0.002468574619272015,0.0011827170657797831,-0.002648480374316461,0.0011127010274420005,0.007629056863643062,-0.002730261126590076,0.0074314908553477655,-0.0009417467763853589,0.0014200585671541482,0.17648090444381617,-0.0862195384226459,0.018476926890542034,0.07896437813959463,0.055827811910322024,0.06739609502495833,0.12124566855742976
cfb_20251025_miss_okla,CFB,12,1537.0,471.0,-5.0,0.12825854138148116,-0.024256009322273675,-0.013697588987311816,0.10965426522457017,0.03667387249481518,0.019746584464282176,0.04001994933915793,0.008893001754826943,0.07058715708477195,0.014331301325321294,-0.005332692168706198,0.09947914220919689,-0.24213724756455401,0.02674852611821845,0.0447271848363215,0.022517357362187546,0.03362227109925452,383.0,51.0,10.0,0.053389275363354985,-0.011785125294445538,-0.008514360305696857,-0.023790855881494082,0.008475334991436365,-0.01047856278836065,-0.024124545431760677,-0.020858961793799626,-0.04570929796579087,0.005804034739614656,-0.025643646905742775,0.8524829058739885,-0.040976311373293356,0.23679699765278264,0.7579693552355932,0.7341380796130439,0.7460537174243185,428.0,102.0,-30.0,0.08022233712095958,0.055298006953014074,-0.04208415335426518,0.011235709736533064,0.02626463187485162,-0.01356210976359874,0.07548780196224418,0.034689172100634234,0.10699587357438854,-0.05138127336730125,0.005320359283726188,0.05794584589016787,-0.12566329573405116,0.00772956197569823,0.025162914539284705,0.003292569173231533,0.014227741856258119,1109.0,369.0,-5.0,0.15221225167329774,-0.03604675331615348,-0.0077438206295150774,0.1321727669575969,0.039582813714122575,0.025111849121533643,0.032963555106044935,0.006699337376910667,0.06390891490118218,0.02344861503262922,-0.007760143983209866,0.10479421714095247,-0.3004405318048516,0.03517004797192888,0.05189799551713613,0.030204004221769016,0.04105099986945257,0.12124566855742976
cfb_20251025_rutg_pur,CFB,12,1139.0,189.0,-15.0,0.1337112451256363,-0.01935813186841017,-0.02039532103766141,0.006584921396603297,0.0607084469853147,0.013587898553121371,0.05022763598825728,0.010199504991086983,0.018773787133678863,-0.002674348035056899,-0.03517305762263942,0.0,-0.07551455655091456,-1.3913004020500232e-05,4.828755134968313e-05,3.0627419510329176e-08,2.415908938459673e-05,186.0,47.0,,,,,,,,,,,,,,,,,,,365.0,54.0,-10.0,0.0710623683963909,0.011493028652712982,0.015112070956699293,0.027508760371667874,-0.005868246468958601,-0.0639289404660205,0.010959270894673372,0.007488159219056607,-0.019556384107892705,-0.0496577621471757,0.0018176949905212754,0.3346535226985446,-0.09311932698730051,0.04683681641181749,0.13512598563486,0.11594286972071563,0.12553442767778783,774.0,135.0,5.0,0.15358589608673062,-0.021295105609877216,-0.02586310983634379,0.0066141644305330975,0.07110880302844962,0.01607176408070994,0.05656059930053122,0.010952825785674946,0.02447050852214093,-0.0019108220479975445,-0.04107874367368715,0.0,-0.07369441157158557,-0.001812059283468253,0.0016346506695069554,0.0005857139876531049,0.00111018232858003,0.12124566855742976
cfb_20251025_stan_mia,CFB,12,634.0,116.0,25.0,0.056610889160227836,-0.0038302695037526185,0.029650537346952128,0.03516511575975001,0.013632441859263031,-0.03435136870026738,0.06011504182732541,-0.038554904153985575,0.011072739449935842,-0.0011030492278830022,0.05766438299515632,0.2960018100674925,-0.04975350256061419,0.020919268011969343,0.0940159258359506,0.09385342379586506,0.09393467481590784,82.0,13.0,,,,,,,,,,,,,,,,,,,374.0,73.0,-25.0,0.055238842208389344,0.0042404263110875084,0.05222984985953905,0.03842941848390983,0.026242036399008847,-0.04067267639617345,0.06429236207438759,-0.03173832764026806,-0.02511809130072827,0.0035637551200898526,0.08732698943545726,0.4251656009841942,-0.06541544289880105,0.04838331898949431,0.2558169424680642,0.2521029114664781,0.25395992696727115,260.0,43.0,,,,,,,,,,,,,,,,,,,0.12124566855742976
cfb_20251025_wmu_oh,CFB,12,247.0,45.0,,,,,,,,,,,,,,,,,,,10.0,11.0,,,,,,,,,,,,,,,,,,,57.0,4.0,,,,,,,,,,,,,,,,,,,190.0,41.0,,,,,,,,,,,,,,,,,,,0.12124566855742976
cfb_20251026_colo_utah,CFB,12,261.0,38.0,,,,,,,,,,,,,,,,,,,282.0,47.0,,,,,,,,,,,,,,,,,,,261.0,33.0,,,,,,,,,,,,,,,,,,,0.0,5.0,,,,,,,,,,,,,,,,,,,0.12124566855742976
cfb_20251025_okst_ttu,CFB,12,16.0,9.0,,,,,,,,,,,,,,,,,,,18.0,13.0,,,,,,,,,,,,,,,,,,,16.0,5.0,,,,,,,,,,,,,,,,,,,0.0,4.0,,,,,,,,,,,,,,,,,,,0.12124566855742976
cfb_20251025_minn_iowa,CFB,12,229.0,35.0,,,,,,,,,,,,,,,,,,,155.0,13.0,,,,,,,,,,,,,,,,,,,229.0,26.0,,,,,,,,,,,,,,,,,,,0.0,9.0,,,,,,,,,,,,,,,,,,,0.12124566855742976
cfb_20251025_ull_troy,CFB,12,216.0,35.0,,,,,,,,,,,,,,,,,,,7.0,2.0,,,,,,,,,,,,,,,,,,,88.0,14.0,,,,,,,,,,,,,,,,,,,128.0,21.0,,,,,,,,,,,,,,,,,,,0.12124566855742976
cfb_20251025_gaso_arst,CFB,12,378.0,51.0,30.0,0.05584765365686561,-0.0010027501982134554,0.005455202550196297,0.01558145232771162,0.003232086169928409,0.020759154867936194,0.02553115903046624,0.005102739105889705,-0.035125602268062425,-0.0009969298637955422,0.05096961871661076,0.31825327294156963,-0.017095747715629418,0.007980643614320002,0.13436548484059968,0.10033850281770694,0.11735199382915332,16.0,2.0,,,,,,,,,,,,,,,,,,,116.0,11.0,,,,,,,,,,,,,,,,,,,262.0,40.0,,,,,,,,,,,,,,,,,,,0.12124566855742976
cfb_20251025_akr_buff,CFB,12,397.0,112.0,60.0,0.1006134873350598,0.007963124434492545,-0.013240019511017359,0.003307938491972678,-0.02136772755619256,0.0015154845572678643,-0.011748023043805437,0.015593591154909945,-0.007465515240159167,-0.009366614635710214,-0.010922274254084695,0.5217812008817709,-0.023777522964294643,0.025943489693796565,0.3951190142224389,0.37656926682414066,0.38584414052328975,16.0,36.0,,,,,,,,,,,,,,,,,,,74.0,25.0,,,,,,,,,,,,,,,,,,,323.0,87.0,-15.0,0.061711771139525515,0.009626077878750831,-0.016945758600177732,0.004363516001899868,-0.025545852074620137,0.0022190671500677507,-0.01449435867358077,0.019275291678745473,-0.009488547730454301,-0.008632057699284164,-0.013788397802107957,0.5611050762631365,-0.02288675905159345,0.029259569861782308,0.40697719504943375,0.4031569475007259,0.4050670712750798,0.12124566855742976
cfb_20251025_tex_msst,CFB,12,1570.0,389.0,-10.0,0.12912075387594366,-0.025016943654391628,-0.031944445012708066,0.009654181249095145,0.013769431161788309,0.02383074391147074,-0.007423785987436055,0.02106503597523421,-0.003168360542496461,0.010358553799169707,0.024828593126722507,0.01901598509425035,-0.16731662596183697,0.003243366269955216,0.0016839956097839085,0.0007924059864189823,0.0012382007981014455,266.0,18.0,,,,,,,,,,,,,,,,,,,412.0,62.0,-35.0,0.07771138290274252,0.02512535810874478,0.0008741597363838659,-0.07664062666123904,-0.025426534462593083,0.01238125718632305,0.02378706860399999,0.01781507211594129,0.013294761701617445,0.057632861970586195,0.025169296752705028,0.0,-0.09461620120318984,-0.004747292969208031,0.023597034700992697,0.004907444572473894,0.014252239636733296,1158.0,327.0,-10.0,0.15139193223759934,-0.032275216848016576,-0.03754850634441465,0.018967883560369686,0.018797091884784286,0.02560234555291425,-0.01255635073494733,0.02183948584392466,-0.0062285765827939715,0.0051665687333531315,0.024645971016263025,0.031849931983786724,-0.244243769810946,0.008035063687886883,0.005646366137207171,0.002254169635111107,0.003950267886159139,0.12124566855742976
cfb_20251025_wis_ore,CFB,12,661.0,97.0,-25.0,0.04583490071933438,0.023725871643595353,0.017850402510711808,-0.04443901388211018,0.01083358046679363,0.028580766469500966,0.051625350904803344,-0.01678031499545208,-0.02080349314325517,-0.0057727535353365176,-0.008707279327028772,0.3473133319517191,-0.037069510007376655,0.019725751520218278,0.13938117386422666,0.1262647853470173,0.13282297960562198,54.0,6.0,,,,,,,,,,,,,,,,,,,296.0,63.0,-25.0,0.086868251296344,0.038689980910493325,0.05238962714715499,-0.06741289806466041,0.012387342114528247,0.03485459176995583,0.05462095094577116,-0.00541935747381702,-0.0381460540404327,-0.022499761888471945,0.012019653307921664,0.3006968753384443,-0.05538339208041439,0.02381458391492882,0.09882012099710184,0.08159208456330067,0.09020610278020125,365.0,34.0,,,,,,,,,,,,,,,,,,,0.12124566855742976
cfb_20251025_ohio_emu,CFB,12,330.0,67.0,55.0,0.05619617366559487,0.0020694827155348914,0.014532355890939753,0.016690865625951665,-0.009945456013531096,-0.001754611615085478,0.016382138328029712,-0.00422247464281923,0.016579044575373944,-0.0038623133014745034,0.004582047212173579,0.5237881834460889,-0.0245020260652047,0.026949922864817007,0.32517348477905955,0.3001880366827272,0.31268076073089335,12.0,24.0,,,,,,,,,,,,,,,,,,,119.0,19.0,,,,,,,,,,,,,,,,,,,211.0,48.0,,,,,,,,,,,,,,,,,,,0.12124566855742976
cfb_20251025_tol_wsu,CFB,12,272.0,64.0,-35.0,0.08642194979901859,0.006317219978207215,0.018453874323893223,0.0007433097040300834,-0.03159830098951019,-0.0021284622537646822,0.0017666752720121037,0.0212378137500699,0.002630752075002485,-0.0032977483193240057,-0.0035852192674726184,0.49611955031120336,-0.04391539107423316,0.04323899465626283,0.4293205187579499,0.38278585435690826,0.40605318655742906,12.0,8.0,,,,,,,,,,,,,,,,,,,112.0,30.0,,,,,,,,,,,,,,,,,,,160.0,34.0,,,,,,,,,,,,,,,,,,,0.12124566855742976
cfb_20251025_ucla_ind,CFB,12,210.0,51.0,45.0,0.09999617584722222,-4.980351518401099e-05,0.007187086815952245,-0.0007551966672126713,0.010536319577727132,0.0031844194193287735,0.007593395125963147,-0.0030361451573935067,-0.002917235170511606,-0.0023579338208485168,-0.03351773405787954,0.33830116432583396,-0.0550599494433135,0.028150034426789813,0.1721456087240011,0.13380031085501934,0.1529729597895102,301.0,34.0,,,,,,,,,,,,,,,,,,,210.0,33.0,,,,,,,,,,,,,,,,,,,0.0,18.0,,,,,,,,,,,,,,,,,,,0.12124566855742976
cfb_20251025_sdsu_fres,CFB,12,199.0,26.0,,,,,,,,,,,,,,,,,,,14.0,9.0,,,,,,,,,,,,,,,,,,,102.0,9.0,,,,,,,,,,,,,,,,,,,97.0,17.0,,,,,,,,,,,,,,,,,,,0.12124566855742976
cfb_20251025_usf_mem,CFB,12,1487.0,188.0,10.0,0.11426966662447814,0.009551977761646397,0.009337716431816018,-0.008161269100661624,-0.0718146083494819,0.009599081051264165,0.02245440475462452,0.027263322993275257,-0.019906637342061596,0.003296793154921887,-0.028615762267181287,0.18443387744843878,-0.11478324166990111,0.02595732919980707,0.06916994799482236,0.03176270165098836,0.05046632482290536,333.0,28.0,,,,,,,,,,,,,,,,,,,447.0,32.0,,,,,,,,,,,,,,,,,,,1040.0,156.0,10.0,0.12611855186129461,0.012140076154157027,0.011084139420349361,-0.009891287982994873,-0.08000059317038308,0.010254742646808099,0.015912145406185213,0.03055173564270676,-0.025978122984287012,0.003933406572922054,-0.03571689439324257,0.17341101182201116,-0.15148876056477129,0.03178099348638154,0.07394455252737007,0.028816653841398795,0.051380603184384435,0.12124566855742976
cfb_20251025_ill_wash,CFB,12,1097.0,116.0,15.0,0.06433235102380998,-0.006990256617497222,0.03805274760965422,0.02147840808591326,0.023054946197626058,0.025835917118284864,0.007715397693863472,0.03143575447239917,0.036281924809448605,-0.012861947937787319,0.005146604630885831,0.2743245931516153,-0.05494476839494576,0.02077058295418073,0.09812139918540487,0.05837408007355319,0.07824773962947904,184.0,14.0,,,,,,,,,,,,,,,,,,,439.0,53.0,-45.0,0.093883404115551,-0.054959226619460774,-0.0033885101334509976,0.03309277368075664,0.021361144400818474,0.001961815335793594,-0.032293434367548904,0.01866943755764298,0.03372199038028857,0.005097293551294734,0.07819215959042343,0.26060459296746585,-0.06297211757688204,0.022194921571511265,0.13473343178135727,0.07074796809261492,0.10274069993698609,658.0,63.0,15.0,0.1056165277329588,0.015990233314226204,0.07369855922232006,0.013919955772116738,0.019342594485515726,0.037132589453286874,0.0396429470664317,0.037007397854258,0.040778439608274486,-0.024862251323505863,-0.07443056502798963,0.3218609095687259,-0.045096322019534105,0.02140378489931986,0.08530992652868125,0.060923900867558084,0.07311691369811966,0.12124566855742976
cfb_20251025_bc_lou,CFB,12,1185.0,105.0,-55.0,0.02431115086470489,-0.029808713531668782,0.004887173273752883,-0.005105824034461507,0.011860210060649103,0.008864569664682655,0.0008583963809687788,-0.009418120474305819,-0.023332651032928264,0.02608527592851493,0.0875323272019594,0.3504535961350039,-0.03688363562426035,0.019900045117856983,0.16047205680274762,0.13418108343968455,0.14732657012121608,54.0,7.0,,,,,,,,,,,,,,,,,,,407.0,44.0,,,,,,,,,,,,,,,,,,,778.0,61.0,20.0,0.05368974339630333,-0.0221044757913713,0.02125129049403953,-0.010500949923583823,0.01818617509059294,0.024818631199043942,0.012523363365888768,0.014784585784680426,-0.08732497149049127,0.0343113806587992,-0.0013206704185677004,0.6714061350229636,-0.032114245634354735,0.06561808919362214,0.3825256264096542,0.30693632859349806,0.3447309775015761,0.12124566855742976
cfb_20251025_mizz_van,CFB,12,1429.0,357.0,-15.0,0.07200180823513777,-0.004477415228815646,-0.024721234435496852,-0.010276029141550508,-0.018288336739711756,0.012605089225681853,0.010680907305578214,0.0022453573107611485,0.05209856120035475,0.004963626181488451,0.02705965838639352,0.0,-0.225892652457551,-0.012660180759741195,0.009490080153104711,0.008234590755958346,0.00886233545453153,363.0,42.0,,,,,,,,,,,,,,,,,,,426.0,103.0,-20.0,0.11148806908913551,-0.06916619532656505,-0.005358516230824383,-0.05546703297815084,0.04774682327016391,0.05850106641220173,-0.008153780730525284,0.049171087950918804,0.03846762193911462,-0.03821294856134202,-0.012573505041534573,0.0,-0.1476867600558573,-0.013103626518497828,0.006671444173190098,0.000283682835770989,0.0034775635044805436,1003.0,254.0,-15.0,0.0886791093574992,0.005557038224704138,-0.02743627248193971,-0.0036320231117889594,-0.026710506202809407,0.005954974103349843,0.013209271779077904,-0.005036546234053853,0.05474295920502947,0.01230490857455419,0.03248850962553016,0.0,-0.23948370899443108,-0.011722465117303592,0.013266140814598138,0.007647752356099795,0.010456946585348967,0.12124566855742976
cfb_20251025_conn_rice,CFB,12,1301.0,171.0,-10.0,0.0955064384163635,0.0028680431682499273,-0.07299887333329327,-0.012761436469030782,0.004221768850542771,0.029114351340416237,-0.014345666799822007,-0.016048756635995556,-0.03304096859663354,-0.0059364060092130825,0.03329054001054483,0.02205368075044722,-0.11700852357293401,0.002638660807005072,0.01451111224680196,0.00024062901106085068,0.007375870628931406,57.0,8.0,,,,,,,,,,,,,,,,,,,349.0,33.0,,,,,,,,,,,,,,,,,,,952.0,138.0,-15.0,0.10671154090579019,-0.003098900542824612,-0.09266788814711731,0.00976087057500802,-0.0011855828235479574,0.0013264889478531005,-0.010240331111259535,-0.024834829653949335,-0.04597551048193563,0.003935523041943515,0.008870550113292306,0.0,-0.12986614179189226,-0.009960732994354573,0.0041503794296894325,0.0026981642310490005,0.0034242718303692165,0.12124566855742976
cfb_20251025_bgsu_kent,CFB,12,259.0,71.0,55.0,0.04454327402317262,0.017385455836426894,0.0007461422735847998,-0.024676553211990426,-0.029753039085671694,-0.0016734065172605086,0.0036280177771198466,-0.05396481684513218,-0.0020801797337312183,-0.01116708753743585,-0.01653371897217352,0.6196874514893642,-0.026874672207806746,0.04379002795276439,0.3817210302479075,0.36408894355695476,0.3729049869024311,19.0,5.0,,,,,,,,,,,,,,,,,,,59.0,17.0,,,,,,,,,,,,,,,,,,,200.0,54.0,-45.0,0.04852361362180538,0.017820144744114023,-0.0003243283911394145,-0.02650204028187072,-0.033055177235506314,-0.0009068863285955028,0.003164580604832829,-0.05704741105824642,-0.002381082751109947,-0.01235025812697592,-0.018426529106544475,0.6147568885091355,-0.02704965042001908,0.04316484430602229,0.35777060892594986,0.34480130109215906,0.35128595500905446,0.12124566855742976
cfb_20251025_ball_niu,CFB,12,193.0,51.0,-25.0,0.060458815819025624,0.002236099477100052,-0.008260056030341313,-0.014503919895766307,0.06956251928543256,-0.043220352751733325,0.013611280163196498,0.12841875345939827,0.0018657056643089332,-0.0035541419095309248,-0.02411978273426619,0.39397105910870983,-0.020993660491867044,0.013647689244651397,0.2784379403159601,0.23935406789262728,0.2588960041042937,3.0,3.0,,,,,,,,,,,,,,,,,,,70.0,20.0,,,,,,,,,,,,,,,,,,,123.0,31.0,,,,,,,,,,,,,,,,,,,0.12124566855742976
cfb_20251025_smu_wake,CFB,12,1354.0,153.0,-20.0,0.23491045898829568,-0.0015880862710143811,-0.039719930524126944,-0.00039119606976649294,-0.08966003359733402,0.014501038173933972,-0.060841719606676156,0.01698686119661275,0.1301823025318684,-0.018689457900547247,0.029973323517019538,0.0,-0.11918853700083303,-0.019587342139400638,0.021355899648854922,0.0027264745190713935,0.012041187083963158,236.0,51.0,-5.0,0.05876954161483164,0.028105737924320057,0.0048036037116194604,-0.00016154220804187011,-0.004282156617743623,-0.041581501919430185,-0.0012576110091995587,-0.008068360115428013,-0.006991513716941514,0.03308616898862945,0.006165227653636075,0.8833996479231535,-0.01745457174764167,0.13224113188229314,0.8916082634876366,0.8547765777076284,0.8731924205976325,344.0,35.0,,,,,,,,,,,,,,,,,,,1010.0,118.0,-20.0,0.2516111567327118,-0.0048377557803997474,-0.048161698701445065,-0.005663939866115625,-0.0971847982984971,0.004923781791999505,-0.073686576653132,0.019161011643046826,0.15416116062355362,-0.019255274103241106,0.03430048228578187,0.0,-0.13096072961933883,-0.0229544795560742,0.023525791934587766,0.0035916657559594478,0.013558728845273607,0.12124566855742976
cfb_20251025_txam_lsu,CFB,12,1090.0,265.0,-5.0,0.06461432344725153,0.010432252352961668,0.0032141677060367876,0.03901197312887117,0.09931727219626373,0.017328565097023175,0.01848531289163764,-0.0005043335361717948,0.0320604871423311,-0.01474021051342856,-0.03562936601876469,0.0,-0.1244610304947095,-0.001372210646163996,0.008484924682264543,0.00011386416063039271,0.004299394421447468,528.0,48.0,,,,,,,,,,,,,,,,,,,401.0,77.0,-10.0,0.10636922478395337,-0.03302994194910021,-0.010190146195503692,-0.017251691850281733,0.09150340944240469,0.010129652492361748,0.007989872268135164,-0.01684811186632896,0.02728898451109841,0.004505294935220722,-0.06583741002103229,0.10884356055980746,-0.09915384207661623,0.012110395815108796,0.025116451808143828,0.011179675884932,0.018148063846537915,689.0,188.0,-5.0,0.1158035199617339,0.03529400972842232,0.009234911700162536,0.0720240862762975,0.10304066317497938,0.021770608495085605,0.023362196603584653,0.009042354756154954,0.03431280342794011,-0.025906847005368463,-0.021762507540694465,0.0,-0.16927613327050595,-0.017727409939929266,0.011503113237017902,0.00022889838658323865,0.005866005811800571,0.12124566855742976
cfb_20251025_syr_gt,CFB,12,584.0,68.0,0.0,0.06980632229300675,0.026365593519160804,0.013643899252951772,-0.0018586993241436378,0.01280175244232127,0.03095155582487771,-0.004563523266273553,0.05712728431533218,-0.001961571296681849,-0.004293941079500455,0.025621047363521103,0.5464256097166214,-0.03130586575233188,0.03771448994449877,0.30361147578668324,0.23130601310161164,0.2674587444441474,265.0,11.0,,,,,,,,,,,,,,,,,,,339.0,34.0,,,,,,,,,,,,,,,,,,,245.0,34.0,,,,,,,,,,,,,,,,,,,0.12124566855742976
cfb_20251025_csu_wyo,CFB,12,76.0,16.0,,,,,,,,,,,,,,,,,,,17.0,8.0,,,,,,,,,,,,,,,,,,,51.0,9.0,,,,,,,,,,,,,,,,,,,25.0,7.0,,,,,,,,,,,,,,,,,,,0.12124566855742976
cfb_20251025_ksu_ku,CFB,12,889.0,114.0,-35.0,0.08602628199919761,0.01830380186481084,-0.025571486423966484,-0.0294923039243402,-0.0336655920149953,0.04557863078179258,-0.027155689922422954,-0.010347883840429804,-0.01711621428701166,-0.018572524905510358,-0.02622328889759802,0.0,-0.06787554002305313,-0.017064197596938686,0.03063495574546942,0.019620966571692516,0.02512796115858097,206.0,13.0,,,,,,,,,,,,,,,,,,,400.0,35.0,,,,,,,,,,,,,,,,,,,489.0,79.0,-35.0,0.10254531582108697,0.02856862603054379,-0.030474675700946363,-0.035565801153871146,-0.029823390367175847,0.061954799854333484,0.0041225513857478515,-0.008003769147986142,-0.013865946485611009,-0.026128548124363764,-0.039840351224528364,0.0,-0.06691203860738207,-0.011022612811551081,0.01367814959399731,0.0007272493586288749,0.007202699476313092,0.12124566855742976
cfb_20251025_tem_tlsa,CFB,12,437.0,81.0,45.0,0.03965535664760613,0.0052975786671790245,-0.025744362677714978,0.013324330392452385,0.005153354045478964,-0.0021088102652942428,0.030171518534212065,-0.003321112977940095,0.01932946670202041,-0.0010854266310776147,0.005148661290568545,0.35587886631789256,-0.04274555019322356,0.023617045222438945,0.24355631656600027,0.2240858051183768,0.23382106084218854,4.0,1.0,,,,,,,,,,,,,,,,,,,59.0,18.0,,,,,,,,,,,,,,,,,,,378.0,63.0,45.0,0.06756767110444457,0.0055239844628231375,-0.04875704212744085,0.012672285841110064,0.009335274530368929,-0.005804324097546226,0.05694207792912789,-0.0036398792531739045,0.036638418958860414,-0.0011322898535912921,0.00984573201396072,0.45055203745013467,-0.025920334798244148,0.021254896643062255,0.20080273599770557,0.19364553557291336,0.19722413578530945,0.12124566855742976
cfb_20251025_ala_scar,CFB,12,1428.0,433.0,-10.0,0.12089902549664089,-0.005262138343593857,-0.005825707272437518,0.004104249204248199,-0.006522354469454777,0.017164897749673242,0.019710078706014544,-0.0037356042930983806,0.020896233758791405,0.021395676805482777,-0.005573296989086031,0.1391798861608292,-0.1992053076460668,0.0322080903955185,0.04443679464712426,0.02929754123517692,0.03686716794115059,232.0,16.0,,,,,,,,,,,,,,,,,,,429.0,105.0,-15.0,0.13394869561431294,-0.00219174716594539,0.0017957501609213895,0.04053985173501717,-0.025744172991641067,-0.02001484910170659,-0.02040521486641994,0.012891636172787886,0.026922933725773025,-0.004351290630681142,0.0020449837402491387,0.0,-0.20090500850749934,-0.0008174437956917495,0.00011722870651280964,1.8276262310627398e-05,6.775248441171851e-05,999.0,328.0,-10.0,0.1434012380132757,-0.006022016598369307,-0.007504768468036578,-0.00132535467089885,-0.001943590225920343,0.02376292207964873,0.029270448885141576,-0.006497632085440556,0.019735987448244407,0.026578940458291817,-0.007382606523686946,0.16972416220068834,-0.20141263539355053,0.04117257090054682,0.06871541048464125,0.04730650848329244,0.05801095948396684,0.12124566855742976
cfb_20251025_app_odu,CFB,12,309.0,70.0,45.0,0.06901973264711384,0.0006213717929201269,0.0007438251133553202,-0.0009491687111881344,-0.01183692432778465,0.008740893169901728,-0.0034397514193620893,0.011994345507788471,0.010738025125010148,-0.0040673389882839375,-0.005594603883948142,0.6508388432594937,-0.026336978569975238,0.04909231263708955,0.6065644667887031,0.5789892812002672,0.5927768739944852,44.0,13.0,,,,,,,,,,,,,,,,,,,98.0,31.0,,,,,,,,,,,,,,,,,,,211.0,39.0,,,,,,,,,,,,,,,,,,,0.12124566855742976
cfb_20251025_uva_unc,CFB,12,1321.0,154.0,-25.0,0.16878455642499998,0.03694888555044047,0.0034501642960291946,-0.14645456650626215,0.07913079156008015,0.22447242393986808,-0.07772097190824137,-0.06984807797577508,0.014718442110127508,-0.02259011177622455,-0.01759822200196973,0.18889947138619975,-0.11309388316774709,0.026338750862252337,0.11573343690291991,0.04906304243573162,0.08239823966932577,236.0,10.0,,,,,,,,,,,,,,,,,,,363.0,24.0,,,,,,,,,,,,,,,,,,,958.0,130.0,-25.0,0.17736636907512437,0.038486485739320016,0.007873744195728406,-0.16080284918172294,0.09298550515871029,0.25348247400844853,-0.0861606032459045,-0.06838264883123658,0.017108167517652137,-0.02337657197325799,-0.02090673860100102,0.2328545636135617,-0.17111100398351792,0.05193797195710575,0.1787811177848241,0.07873047148676432,0.12875579463579423,0.12124566855742976
cfb_20251025_tenn_uk,CFB,12,751.0,82.0,-20.0,0.045054559404001646,0.004107729273211832,-0.007138767431495945,-0.004934365350766162,0.007312980964118417,0.014036223280904316,-0.006365042482578208,-0.027982110067853963,0.012456853397802267,-0.014065694370546762,-0.051172211699129846,0.1217146465093504,-0.04903992857857627,0.006796057281454764,0.018169160218150196,0.013080356405574544,0.01562475831186237,191.0,18.0,,,,,,,,,,,,,,,,,,,356.0,33.0,,,,,,,,,,,,,,,,,,,395.0,49.0,,,,,,,,,,,,,,,,,,,0.12124566855742976
cfb_20251025_byu_isu,CFB,12,1288.0,351.0,-35.0,0.0657260179136343,-0.011313491905814611,-0.05049769897030142,-0.014075102354356914,0.0015122250172771893,0.006628112100081879,0.02300679545780791,-0.008590520458544122,0.07197861488329022,0.0126427459331893,-0.0062943993268483045,0.023611558533498195,-0.16244975145510218,0.003928448609523994,0.00858952890772144,0.0006481834559604516,0.004618856181840946,261.0,20.0,,,,,,,,,,,,,,,,,,,398.0,113.0,-5.0,0.11410745553053502,-0.059918936769815176,-0.11016445538471105,0.07852377831718568,0.03480718830185502,-0.0011319163398957528,0.06203784467330459,-0.12055744626921058,0.15991986307834072,-0.06290069600890975,-0.015599368613482786,0.09863426420790496,-0.1558545492722263,0.017054784956310437,0.032586316530159816,0.011686497331350354,0.022136406930755085,890.0,238.0,-35.0,0.07850945367688796,-0.008047034317797498,-0.011604823972829947,-0.026718431283938346,-0.009577358034562264,0.008007719850507383,0.00924086030926658,0.0019522783249375857,0.03253117745531455,0.02347030659797402,0.0054094979586524995,0.0,-0.16945210015579507,-0.0032448139869682177,0.0018824572132530016,0.0004261322378066627,0.0011542947255298321,0.12124566855742976
cfb_20251025_aub_ark,CFB,12,1214.0,117.0,30.0,0.10109138977805553,0.003928053638637785,0.1254359108385277,-0.017052448193664478,0.010158484225291961,0.013672464682894434,0.023765048780995505,0.007360650889546051,0.02793151423539831,-0.003524660238784302,-0.0032833578754413455,0.0,-0.03630245110361063,-0.008719252894301437,0.028713925845416103,0.01574732636696876,0.022230626106192433,318.0,13.0,,,,,,,,,,,,,,,,,,,393.0,31.0,,,,,,,,,,,,,,,,,,,821.0,86.0,30.0,0.11203926087889166,0.011256734982090105,0.1864866181160945,-0.028456590124067965,-0.0017250475994957312,0.019982487307755183,0.012934115374758194,0.004422604391269257,0.022528129676873246,-0.006234406733211483,-0.028415329259222626,0.0,-0.027207911583633847,-0.001778986438377212,0.0018711999314638941,0.00016000604959204775,0.0010156029905279708,0.12124566855742976
cfb_20251026_hou_asu,CFB,12,1357.0,204.0,60.0,0.0801396339562947,-0.0003870369994656489,0.011597649536139022,0.012714018873581263,0.023690948337692946,0.00622411660671355,-0.011431809192193524,-0.005294653445073175,-8.583319053526839e-05,-0.012216890389770743,0.0014587684139438896,0.3597890818733758,-0.0716604240203815,0.040272100076635134,0.20908375745826188,0.20388884415010164,0.20648630080418176,226.0,4.0,,,,,,,,,,,,,,,,,,,494.0,71.0,60.0,0.13319851283142764,-0.08935163408239548,-0.0036206669275228687,0.012167457404202818,0.04887443885933894,0.0613345331668004,0.017315029526026725,0.07104319814747055,0.019204302642780183,-0.02256653056856796,-0.037339263136597696,0.4399709478035707,-0.12159975103587961,0.09553139699825612,0.3667447211702365,0.35841685473112495,0.3625807879506807,863.0,133.0,-45.0,0.0725753092725508,0.014287961732018474,0.021479658794367595,0.017306345630783985,0.017821299693128373,-0.0007566085619173539,-0.028715018632491467,-0.01987080289216422,-0.009752327766136843,-0.014860425426760587,0.019431608901813457,0.20080979345563302,-0.0483885267626477,0.012158419842060744,0.0441845067126419,0.04153909864630733,0.04286180267947462,0.12124566855742976
cfb_20251025_tcu_wvu,CFB,12,852.0,87.0,-60.0,0.07950894979360436,-0.026384209185105215,-0.002890090751735272,-0.02594463017165534,0.004094793044937826,0.019221811071252176,0.0017075738713670878,-0.0005530164369685388,-0.003988860792479338,0.004536620184687755,0.009514494442258988,0.33513029239251024,-0.04667398663841805,0.023526213648000095,0.10557905567025354,0.09739574089528545,0.1014873982827695,102.0,5.0,,,,,,,,,,,,,,,,,,,286.0,29.0,,,,,,,,,,,,,,,,,,,566.0,58.0,-60.0,0.09553997978503917,-0.009143562313818443,0.009713709302368185,-0.01977983378915807,-0.02178755113938414,0.009546076174827193,-0.0187337791825292,0.01053349848677645,-0.00858745674253005,0.016541041232127508,0.0004430573071045557,0.46359588056655987,-0.05689188899669966,0.04916972935326738,0.20065075654767198,0.1642267507973431,0.18243875367250756,0.12124566855742976
cfb_20251025_bay_cin,CFB,12,844.0,63.0,-55.0,0.062343403023779685,-0.025272754987752066,-0.019092991734740522,-0.03981723350322975,0.025342610924859933,0.03848747321366967,0.0015818781187455493,-0.005499849620878613,0.040852426155346414,-0.026546543330181634,0.026047140766015615,0.25224163833983654,-0.0466995014794051,0.015753162206927303,0.06859296318591283,0.06629773662441538,0.0674453499051641,113.0,9.0,,,,,,,,,,,,,,,,,,,309.0,17.0,,,,,,,,,,,,,,,,,,,535.0,46.0,,,,,,,,,,,,,,,,,,,0.12124566855742976
cfb_20251025_nw_neb,CFB,12,1061.0,138.0,-10.0,0.11820733380479209,0.0009621297720646869,0.03475839206190968,-0.0032062932733067876,0.020354028437268905,-0.014635770582861578,0.014643507050174108,-0.007621385166539029,-0.006101859819752076,0.0005837705130296149,-0.03772609478150778,0.0,-0.10098869976547377,-0.012978801491314395,0.03314545956898181,0.013007578995801381,0.023076519282391593,269.0,15.0,,,,,,,,,,,,,,,,,,,326.0,29.0,,,,,,,,,,,,,,,,,,,735.0,109.0,-10.0,0.1403067114750659,0.0004510522650101788,0.039741385910301616,-0.003390206226006026,0.0219278321471047,-0.016510758090418656,0.014831632123529283,-0.008846120299944502,-0.008797265105411258,0.0014343784706981613,-0.043159658493869775,0.0,-0.11419561867293344,-0.021324679590331592,0.08760780881080656,0.05153047319085018,0.06956914100082837,0.12124566855742976
cfb_20251025_mich_msu,CFB,12,1064.0,111.0,-25.0,0.04997236931353733,-0.021816124818327898,0.013092898556179199,0.01961750247990101,0.03384991717334412,0.015243181934831616,0.0459191061126712,-0.025044205847607016,-0.015596102164419987,0.027537464778736323,-0.018289773743626413,0.3142114213305442,-0.04829517783252836,0.022127659955509842,0.12592254844877424,0.08785770794208692,0.10689012819543058,238.0,11.0,,,,,,,,,,,,,,,,,,,352.0,26.0,,,,,,,,,,,,,,,,,,,712.0,85.0,0.0,0.07141643094504234,-0.025831532674436802,0.010918109082457302,0.020506838277530554,0.034696777510989686,0.022320791941667292,0.06901885849448784,-0.030984409040100913,-0.01030227415020132,0.030096814178935994,-0.030632610889933975,0.20172043448468419,-0.0542531609290398,0.013709446749659319,0.06862482927627324,0.03449559597655868,0.051560212626415955,0.12124566855742976
cfb_20251025_usu_unm,CFB,12,157.0,48.0,,,,,,,,,,,,,,,,,,,15.0,6.0,,,,,,,,,,,,,,,,,,,73.0,11.0,,,,,,,,,,,,,,,,,,,84.0,37.0,,,,,,,,,,,,,,,,,,,0.12124566855742976
cfb_20251025_fau_navy,CFB,12,245.0,32.0,,,,,,,,,,,,,,,,,,,18.0,3.0,,,,,,,,,,,,,,,,,,,122.0,11.0,,,,,,,,,,,,,,,,,,,123.0,21.0,,,,,,,,,,,,,,,,,,,0.12124566855742976
cfb_20251025_mass_cmu,CFB,12,53.0,21.0,,,,,,,,,,,,,,,,,,,4.0,2.0,,,,,,,,,,,,,,,,,,,51.0,12.0,,,,,,,,,,,,,,,,,,,2.0,9.0,,,,,,,,,,,,,,,,,,,0.12124566855742976
nfl_20251026_nyj_cin,NFL,12,1009.0,395.0,-5.0,0.26895052443321843,0.0455772198558249,0.022628252104026213,-0.0070854139580889385,-0.05345261098877687,0.02270859501427598,0.03256327438527579,0.035772522430442606,0.03165208478287546,-0.03159109061207799,0.057477257330119956,0.0,-0.16257467006224863,-0.033142532757201165,0.024784415993367042,0.0020939805286485113,0.013439198261007777,392.0,92.0,55.0,0.0788671372585054,-0.03173395636624124,0.005132307415041767,-0.037572341811203745,0.006300599513507063,0.05320616995817684,0.08242592000049878,-0.01804155391048355,0.004577344342869036,-0.01716382006339046,-0.0015461502495285181,0.6493387829519406,-0.022705163665676778,0.04204440817695146,0.5757150856192944,0.5414138157376239,0.5585644506784592,337.0,85.0,50.0,0.06502926700979553,0.0104931958670287,-0.06629138984985015,-0.054579435657012815,0.002502046126034416,0.002643395818813272,0.002469265966129459,0.030558289414236314,0.07735525559778365,-0.014359164337674708,0.03546883309314134,0.36859560756996546,-0.16974335584263686,0.09909125772309947,0.19824612603675434,0.1331803393560112,0.16571323269638277,672.0,310.0,-5.0,0.3133826454656483,0.051268557801696195,0.035787655357309725,-0.0007381928557550757,-0.0627528009990793,0.025937510226061805,0.03638434477224937,0.03724587142842557,0.024071815848590004,-0.03445872436475311,0.06028327225678848,0.0,-0.161661385014244,-0.04283843996049314,0.04288819263908067,0.012293678402908199,0.027590935520994432,0.05580512229574524
nfl_20251026_dal_den,NFL,12,843.0,397.0,-55.0,0.05938231049438287,0.008241533768909775,0.013637265125003064,-0.0146055472822923,-0.04008384609668232,-0.0031131946063699782,0.040157917586567934,0.0034912600432618433,0.005214622997582376,-0.012854580804232341,-0.007923068478086447,0.1558343873624966,-0.19572627203841395,0.03613139795940621,0.04352622761857067,0.024428640111071404,0.033977433864821036,494.0,104.0,20.0,0.06513236395270552,-0.014611165289337367,-0.011509769508641408,-0.012180220275149823,-0.019059687719097704,0.02209847841384589,-0.03530877646416439,-0.004408797948820212,-0.05735179436093836,0.013727183629779774,-0.04934475916144831,0.7474222112337292,-0.0581630182384387,0.17211462621533113,0.6091996382624635,0.5658593511255383,0.5875294946940008,384.0,170.0,-55.0,0.07264064367543784,0.006542360158328894,0.005211092015075711,-0.03868438838532645,-0.02590746028098107,0.010693617589482778,0.0445611603394194,0.001360277595457077,-0.015776855137505454,-0.02168943955474321,-0.008942799472190963,0.13609993496770642,-0.17477379414389965,0.02753408985581553,0.03570203072724216,0.01610370138659166,0.02590286605691691,459.0,227.0,-30.0,0.0667851475761759,0.009902699651920869,0.021723248246923364,0.003729906742073098,-0.05136688684263726,-0.014040266005431155,0.03743366936632245,0.0053492009557874,0.019779837697148903,-0.006026014680208382,-0.0009059318938279071,0.1915003672937361,-0.21630138430467039,0.051232916954876216,0.059730239453975,0.04371738073906994,0.051723810096522466,0.05580512229574524
nfl_20251026_mia_atl,NFL,12,725.0,251.0,-35.0,0.07659883634127458,0.0009768514760455991,0.022257089377595123,0.0039868891785842485,-0.012151575716990522,-0.00441363396504915,0.01403191515695034,-0.00019287644629674267,-0.011451120426275493,0.0003243968334073186,-0.03271751595882943,0.044815395317042685,-0.17546973263971002,0.008232697005239641,0.011261526308146,0.0017640781444680977,0.0065128022263070484,365.0,54.0,-30.0,0.057026092470295546,-0.059105034435553976,-0.0003913290571061087,0.02503583879170563,-0.002197356534631746,-0.0013576269151957694,0.0009267443866878014,-0.03924967447296021,0.027570252192956855,0.003563300827114251,-0.005006370094389474,0.8237952402563238,-0.018687836340414918,0.08736966385197474,0.8013392904757488,0.7991033834954865,0.8002213369856177,377.0,117.0,-35.0,0.0814031273473083,-0.001499898077001948,0.06800902172526765,0.003980595467130732,-0.04823939089302851,-0.09165181684579096,-0.028480670431406615,0.008218087242111193,0.027752935293788285,0.014375624513806749,-0.020915302756823833,0.23932235407952712,-0.1971287864498998,0.062020128346143996,0.08278434597774874,0.07320557985834839,0.07799496291804855,348.0,134.0,-45.0,0.08554774159675366,0.0008985297161592782,-0.014316273788803435,0.004932745732421612,0.01886979446053117,0.003944378961606841,0.04308548066040611,-0.0026499691589229896,-0.04988612155208902,-0.0021762035861598297,-0.037526212604459375,0.0,-0.20434964582212095,-0.031967962076497033,0.01984833953237045,8.78488710656127e-06,0.009928562209738504,0.05580512229574524
nfl_20251027_gb_pit,NFL,12,1025.0,588.0,-10.0,0.15747683194716777,0.001240122146036884,-0.015037480796512813,0.015735037776662835,0.026110085528949868,-0.005183381366081941,0.025815559684940186,0.008628521430659867,-0.019667604398799544,-0.0015296941356845231,-0.027042529791293363,0.17032883086143485,-0.29364362303839037,0.060284094304464915,0.07593966780839033,0.03800065430458402,0.056970161056487174,700.0,182.0,20.0,0.0833333333333333,0.058664281290934935,-0.04645770337904253,-0.05345342969242885,0.009017832823320904,0.03958260313922317,-0.0356702019446152,0.02578035021591493,-0.020006499067987852,0.03337253145641307,-0.0020981796404438884,0.7815712250499183,-0.11102952390971575,0.3972804454846081,0.7033270630342795,0.6457555487833396,0.6745413059088096,419.0,206.0,-10.0,0.09655480953884468,-0.027120897002001713,-0.02800771912273893,0.050538148918939985,0.07442387993556776,-0.008083704185004788,0.02069328315634008,0.02246078123962275,-0.034379881626245536,-0.000655097556215701,-0.1451716674529483,0.18815190355073708,-0.32511902911099927,0.07534878073292987,0.09665536412121253,0.03830045123789527,0.0674779076795539,606.0,382.0,-10.0,0.19410055775590246,0.00588974278659877,-0.01248205730716566,0.01638387454922536,0.015908546341942064,-0.004922580470100834,0.027414735702993118,0.010094718157776275,-0.01748990060610537,-0.0011741817042462972,-0.0010120067774946053,0.13042670058946895,-0.32475415217620024,0.048709651733539805,0.042615997906417374,0.023395907538467955,0.033005952722442666,0.05580512229574524
nfl_20251026_tb_no,NFL,12,811.0,319.0,15.0,0.1188432641241029,-0.0055472784857140975,0.04865597995469372,-0.04265509131097507,0.009822629187305773,0.025761517058366566,0.0742697553531832,0.011103625397851292,-0.006918726053811874,-0.003261356964394681,0.018925303117775665,0.18929137264689877,-0.15600847310080931,0.03642622888350839,0.1003486469682047,0.02546595734455511,0.06290730215637991,236.0,43.0,,,,,,,,,,,,,,,,,,,393.0,172.0,15.0,0.21586486960840015,0.008347220886191239,0.06567631289608718,-0.06575818729616584,0.008931439376631281,0.04425893088975471,0.0631270300132189,0.03466105731006652,-0.01365096981159521,-0.0010587436478349315,0.017946186804343914,0.19295965070968038,-0.22690932971033478,0.05425298133132522,0.11227381371017418,0.025187627764182288,0.06873072073717823,418.0,147.0,-20.0,0.09155922396803926,-0.015252390166010063,0.01417571594153327,-0.03462069635592806,0.012609495944150124,0.01817507801101043,0.1017372378254082,-0.002052384464972642,0.006623378312114998,-0.005061744807174055,0.021131715971121644,0.18696677381790333,-0.11199666170017362,0.025754980045264105,0.08250985515355376,0.027074369953067494,0.05479211255331062,0.05580512229574524
nfl_20251026_chi_bal,NFL,12,1037.0,463.0,-10.0,0.09048899687311525,-8.876289908812879e-05,-0.004023468469068323,0.004634767427994797,-0.03686176789778147,-0.0024851878428083303,0.03884018418014722,0.005119280656505752,0.03670893838029325,-0.0019511798209900985,0.03446464291020038,0.1163450384198719,-0.19747036680671284,0.02599962475379583,0.03084610156206207,0.01205549274529218,0.021450797153677127,340.0,134.0,-5.0,0.07495974922257843,0.003316974446979678,-0.004710135944865708,-0.006566943895960024,0.017038215849809916,0.018430108275550396,-0.024377988689132647,0.07544966083491297,-0.027456174199534094,-0.01965944997316613,0.019351969242492356,0.5038577828666636,-0.16173372552011575,0.1642488656300552,0.3972904691027044,0.34357671014302726,0.3704335896228658,394.0,160.0,-5.0,0.09999625853431282,0.01410742882101183,-0.0030615587722053602,0.017432716451236813,-0.07128316500067673,-0.04053070872858801,0.03955185453577861,0.006816320761074744,0.06796230432882389,-0.034985770394818066,0.0008494185783717319,0.18741098986888072,-0.20319998637552272,0.04686490970611933,0.06634538641265963,0.041447776870165175,0.05389658164141241,643.0,303.0,-15.0,0.11421175647681461,-0.0015640276035568347,-0.004349173125554018,0.004124218261460138,-0.02272858505181769,0.000476808016289666,0.039568691551301945,0.00561034541424966,0.02444636262519144,0.0005304877438804667,0.04994771970568549,0.0707441595710574,-0.20117102692583727,0.015315131324163216,0.020446744269603658,0.0037743667922696127,0.012110555530936635,0.05580512229574524
nfl_20251026_cle_ne,NFL,12,689.0,187.0,-15.0,0.08281895021454515,-0.002224663998928343,0.008009035270491422,0.00752912152807817,-0.014392363191360327,0.010343379253084031,0.012887190353512323,0.013253075680778322,0.01795132490356281,-0.011934796027716127,0.023274722078609488,0.0,-0.13631222756576605,-0.004027036175843513,0.0006674227919562863,0.00016604918916062383,0.0004167359905584551,404.0,64.0,0.0,0.09477888407849039,0.06284912612382398,0.012552518006091229,-0.04895039118915733,-0.017562412222147085,-0.00999259140709318,-0.0028440076564473786,0.001597921705842853,-0.006725123838066695,0.003783486193782245,-0.01419323920966076,0.8902338960174618,-0.021936398938551885,0.17791034921643006,0.884679386408406,0.7985266423819022,0.8416030143951541,396.0,109.0,-10.0,0.1313147459224444,-0.030080755681881358,0.03510543212708966,0.011012663363736564,-0.037789139926825595,0.0469385795259843,0.013257501915823745,0.054556499553189246,0.01039673433859826,-0.00908965605833864,-0.017007051061969012,0.0,-0.20413678115596612,-0.0006111736396228342,2.4761489772119364e-05,7.690216920421791e-06,1.6225853346270577e-05,293.0,78.0,-15.0,0.11894314296003565,0.010755134183205934,-0.029182628784495953,0.008008802674636193,0.02012123855486372,-0.004772538975441317,0.017085624540258998,-0.003328512419878891,0.035631590713506266,-0.017095404252536146,0.07345011679932052,0.0,-0.11338073613362178,-0.013494024950402944,0.007559084301451975,0.0017494650259953638,0.00465427466372367,0.05580512229574524
nfl_20251026_ten_ind,NFL,12,517.0,189.0,55.0,0.07403393805275003,0.003816148167020721,0.014084705526366878,0.014665456719112856,0.03476067004491111,0.003057762705642451,-0.016015603587811462,0.004128265209887559,-0.018124054829103724,0.01122457873554421,-0.011886870055278408,0.5067192380456664,-0.09180417748270417,0.09430520395553468,0.39144409462311974,0.3255436162048235,0.3584938554139716,273.0,67.0,-10.0,0.07407653490433876,0.0021139327194387484,0.0493165018327732,0.008435193389945436,-0.055969919236078434,0.004262087896707276,-0.14255385333716147,-0.059971438015746795,-0.01554586818499796,0.05669957589401057,-0.0427344569222539,0.7475881869689804,-0.031809454135556546,0.09421259591662302,0.7292952644008664,0.6887205817783971,0.7090079230896318,321.0,120.0,55.0,0.07797268882126294,0.018361117211496213,0.013263403938293564,0.03315040014598173,0.04795166790301302,-0.007449638191606183,-0.03413516145097409,0.014619847486655358,-0.02138446606844033,0.021520416213420213,-0.03994807106973505,0.5212492075545326,-0.11739518153642423,0.12781628001911202,0.45993752437481195,0.370177674504012,0.415057599439412,196.0,69.0,-45.0,0.1265092934254216,-0.003122497462555321,0.01634613108239519,0.008588612864540488,-0.003628867226471635,0.009944704897287944,0.036338712451244946,-0.0004440831230783597,-0.016875966559519114,0.008859170447480556,0.07030048591327506,0.4781107526998424,-0.11037031076193145,0.10111193634873461,0.262287370362497,0.22953280760066735,0.24591008898158218,0.05580512229574524
nfl_20251026_nyg_phi,NFL,12,814.0,249.0,-5.0,0.06556171979970027,-0.006355548280231742,-0.006058406949653293,0.023958205438742514,0.07229475544793573,-0.010084410199145013,0.06721690078873413,-0.029554390373635733,0.042920450809188576,-0.00937425436015739,0.020567782563440575,0.2923969270858812,-0.0984213216301261,0.04066982338822151,0.17930220563971594,0.08593759725219491,0.13261990144595542,562.0,83.0,-45.0,0.06436881456621286,0.026320650710096923,-0.005439924104311054,-0.02388781198527406,-0.01061020213471252,0.005480650120639894,0.016830688645181523,-0.008003958093892403,0.021902564450199655,0.0369739385735207,-0.01268422477585655,0.87324892531025,-0.057749649986324356,0.3978650272673305,0.8379005062967726,0.76868904233723,0.8032947743170014,385.0,121.0,-5.0,0.08909844474176286,-0.0157157744110691,-0.023775247623492552,0.07327015527060374,0.053070086260456485,-0.032119611406226496,0.11709450643381933,-0.09576493944524589,0.014412945558057838,-0.03679626391987149,0.04331308596433794,0.35455023218944687,-0.11790568965785038,0.06476644927218801,0.2896330346565337,0.14996587470968203,0.21979945468310788,429.0,128.0,-15.0,0.08460612819919112,-0.0014537050535262425,0.013567728895657138,0.0006282944123117678,0.10242185974394605,0.0011279919027067486,0.01678922239326644,0.0030811290391423393,0.08048371435628544,0.004772366251868109,-0.003976274111535993,0.20285584902424167,-0.08931234880527991,0.022728050281830694,0.06601418798291224,0.029842698412047168,0.0479284431974797,0.05580512229574524
nfl_20251026_buf_car,NFL,12,521.0,157.0,-55.0,0.08102336887360245,-0.02142476191770505,0.027757534787998243,0.012793151751839716,-0.0007936119565482629,0.015638395549079885,-0.003969765954109608,0.007525942389087813,0.029836847911111415,0.013440834359093306,0.01327748938806594,0.14960067883407313,-0.1554734941046857,0.027350610095593014,0.04221795663227047,0.01976563778344291,0.03099179720785669,520.0,104.0,-35.0,0.06494139401278708,0.06544926316467332,-0.012212127485079752,-0.03379764942369739,0.011791347529130369,-0.025150912255414427,0.004541171561366268,0.04592218960385271,0.031540368786017646,0.026339826597497305,0.037788728938317515,0.7536776572746429,-0.028106689627489644,0.08599862991645388,0.7016200156697225,0.6971286778893936,0.6993743467795581,371.0,95.0,55.0,0.10480967018969795,-0.023789365456243883,0.027250689477091625,0.00789774123379017,0.0050697195819933314,0.027125014129956045,-0.007044864461688399,0.017514920749921788,0.0393483533442177,0.02795799987315747,0.013016353680400885,0.13035564378816264,-0.17228882285975977,0.025825293133872686,0.0374588562917905,0.014907812096361123,0.026183334194075814,150.0,62.0,-30.0,0.11730196781907998,-0.01593429060062866,0.027317836578834305,0.02686068900440801,-0.03243944334669509,-0.02130929096841454,0.005764413910685765,-0.024867550174161066,-0.017137328412681008,-0.03343467040508561,0.011109035625799879,0.41153068892190786,-0.08366099352060512,0.05850613728072053,0.20912405108994206,0.20824210737185986,0.20868307923090096,0.05580512229574524
nfl_20251026_sf_hou,NFL,12,907.0,333.0,-10.0,0.06348165772550902,0.0048432618730140245,0.013556630104269668,-0.009389277046780371,-0.010943558300783047,0.004091200699999006,0.011614203050582713,0.0037534194753384917,0.015002744738829028,0.0030485071931720853,-0.002079069079942992,0.14921078158652865,-0.1704843218593243,0.029899413817579126,0.0421019877906819,0.018428988867908294,0.030265488329295098,324.0,132.0,-20.0,0.06927952177616636,0.0009173461015762679,-0.0027752045024296633,0.037195477530379877,-0.030767772286999718,-0.00877182955501255,0.0561864559710318,-0.029619682737593037,-0.01527129395445256,-0.0033025326404139384,-0.027065489122746287,0.6842198939633781,-0.08180225126901962,0.17724589554341064,0.583811807850369,0.5566261206689538,0.5702189642596613,362.0,131.0,20.0,0.06845959678055062,0.059194331704581236,-0.021873197851057825,-0.1058143294327407,-0.027255821197793878,0.033331585030312055,0.0014601721059563815,0.019084784713241123,0.010620944035944376,0.02346470271787723,-0.05725678986803027,0.17531953968700453,-0.18717604588711778,0.03979191915485476,0.04636518363879483,0.02862267064109112,0.03749392713994297,545.0,202.0,-10.0,0.06934533989205359,-0.0003313300048566565,0.0412384509733958,-0.0010646568083234245,0.003931131767828333,0.0015480715797204793,0.023826818217294828,0.0024099338076536358,0.02373065823105261,0.0007318591942221714,0.03747535299649677,0.09591075377062208,-0.16696375078636613,0.017712431883331825,0.028144300216847492,0.006427066629946083,0.017285683423396786,0.05580512229574524
nfl_20251028_was_kc,NFL,13,747.0,351.0,-10.0,0.1315389708984479,-0.007465293461796316,-0.05144543373988074,-0.003999382399270909,-0.02342567279195128,0.023059552522377853,-0.023573830750810713,-0.0015443455359050555,0.00473018938789375,0.0075148744510261795,0.02794880209832283,0.0,-0.1481651354439894,-0.01122350392346591,0.0039481329939777,0.00023496889038746325,0.0020915509421825813,682.0,130.0,35.0,0.06506264743041465,0.0058245062427522715,0.0021143252016516158,-0.008414940823469953,-0.09176943787794499,0.02084328087652979,0.022662702465775186,0.026453166839815866,-0.004643454300210736,-0.004372599512640923,-0.015620742483862077,0.8066457799582203,-0.11037490114296979,0.46046808909080994,0.695401841728827,0.6219863792030744,0.6586941104659507,369.0,146.0,-10.0,0.17333391083014768,0.07219435752781363,-0.08826546580977611,-0.04958948408844959,-0.036204508132969854,0.058786014471871345,0.012505669457264374,0.016489049461835072,0.0287160341596791,-0.013256179263805654,-0.01634832633130196,0.0,-0.13548414253585025,-0.011977790412957743,0.0052523978735639475,0.0025024178261256946,0.003877407849844821,378.0,205.0,10.0,0.08819820048694904,-0.04050423413645707,-0.02122827891571066,0.01432830927486346,-0.013049444787192024,0.014432713520192209,-0.05798983169685455,-0.008405450001450652,-0.017024928932616402,0.01810076397270154,0.07000108283521085,0.0,-0.18375645610362493,-0.011650260846173736,0.0028420766264370904,0.0006087205294239866,0.0017253985779305384,0.056502745802844985
cfb_20251029_jmu_txst,CFB,13,937.0,115.0,-55.0,0.046951002189762114,-0.018338369004383508,-0.0011740325846571673,0.009052024882410855,-0.014719871052315217,-0.016841483091662064,0.0017717840043691264,-0.012600579306232993,-0.0022821530522103076,-0.008344099574771037,-0.028275326266016542,0.5354875171601771,-0.035218263178768784,0.040599426290973704,0.25990103082854754,0.21170297346782815,0.23580200214818786,338.0,12.0,,,,,,,,,,,,,,,,,,,473.0,33.0,,,,,,,,,,,,,,,,,,,464.0,82.0,-25.0,0.06411471755922482,-0.03544234970881194,0.011084257409470255,0.018759847233706346,-0.06678787765398506,-0.029620235260516242,-0.014758173203273791,-0.019792099140422965,0.041146450040170646,-0.01103348575298667,0.0020858017827376876,0.5461785229673586,-0.054002537349088185,0.06499257434590992,0.31721149077478616,0.241115186669589,0.27916333872218757,0.12225415290313035
cfb_20251029_utep_kenn,CFB,13,1354.0,199.0,-5.0,0.06489231362289244,0.01815877800882893,0.009281163068216669,0.00805438791576948,0.020886953471881305,-0.005216372065556385,-0.0026513414754851064,-0.007112109389864371,0.02243412855729397,-0.017297923996244476,0.022188255421248037,0.2068538773655975,-0.06610062030416626,0.01723915583268951,0.061743747973561934,0.03937979380341034,0.05056177088848614,259.0,16.0,,,,,,,,,,,,,,,,,,,362.0,27.0,,,,,,,,,,,,,,,,,,,992.0,172.0,-5.0,0.06513906954675514,0.023150854093364717,0.01090970256712693,0.008571801819756178,0.012725447303555086,-0.007284037467996369,-0.0029073078570625915,-0.005812828253581157,0.023210606924389962,-0.020002135966118013,0.024126647631496995,0.17826748967319397,-0.06583135084893749,0.014281520458486041,0.05329948555503507,0.03251333513017142,0.04290641034260324,0.12225415290313035
cfb_20251029_jvst_mtu,CFB,13,1513.0,242.0,-10.0,0.08470416819293075,0.019720210432581278,-0.029293472496415052,0.004120858564591417,-0.04297571268871755,-0.031079722760449957,-0.004388539295579228,0.005421039108394513,-0.031204574422518006,-0.009232959854397833,0.004980721577665836,0.0,-0.13472326006319718,-0.00385282584194067,0.0010766584796992554,0.00015365375174407458,0.0006151561157216651,288.0,36.0,,,,,,,,,,,,,,,,,,,473.0,50.0,-20.0,0.11722367824699427,0.04938504911929435,-0.005981570809324734,0.06257622752255554,0.021311545709792365,-0.05771908703958277,0.04413884711726828,-0.054279186501260235,0.036722531448754446,-0.040961161720737646,0.012552621932456773,0.0,-0.09835514036506499,-0.022491034379745152,0.05573550250488951,0.05147730542027617,0.053606403962582844,1040.0,192.0,-10.0,0.09709838812753382,0.004072903255293329,-0.034654417256616506,-0.0278348501570054,-0.05767633499772189,-0.01739406069855319,-0.01531810955832536,0.038372523286920014,-0.046646831744106367,0.007683937237811978,0.0032939326329551495,0.028680509155469425,-0.15667914836748256,0.004626323049811,0.007536880937903115,0.0011641698837825348,0.004350525410842825,0.12225415290313035
cfb_20251030_fiu_mosu,CFB,13,1223.0,133.0,-5.0,0.0725478519440556,-0.0016141701203045205,-0.01721896742344764,-0.007298545660578661,0.01841572031740982,0.00815391741382686,0.029143390854584162,-0.0058111997129530355,0.026093822932349874,-0.06346436272974032,0.006446735913334148,0.02401080392821297,-0.0424883482364506,0.0010452773481972142,0.0010483974907875156,0.000872094482684214,0.0009602459867358649,265.0,28.0,,,,,,,,,,,,,,,,,,,403.0,26.0,,,,,,,,,,,,,,,,,,,820.0,107.0,-5.0,0.10909555661540714,-0.0034629437704757574,-0.04112356156024659,-0.0014324985012521758,0.03308127243913041,-0.01325905004621114,0.04538958239589547,0.010976390241904615,0.033673851041603,-0.01632607095706118,0.011217221789452801,0.4129698506876511,-0.052361230507185816,0.03683560302601877,0.27527660893629297,0.23849860392018046,0.2568876064282367,0.12225415290313035
cfb_20251030_tuln_utsa,CFB,13,1155.0,234.0,-5.0,0.14246438385665747,-0.013002295921681659,0.028278172680806513,-0.0015047315004475472,0.02524281974641969,-0.006151506793915589,0.0009158497859129981,0.004269020474195041,-0.0071611860190332124,-0.005722240647055482,0.012872358236844432,0.04100866013775755,-0.10286744503916351,0.004398846910814111,0.02279570602513788,0.0017527910153663248,0.012274248520252103,274.0,25.0,,,,,,,,,,,,,,,,,,,492.0,120.0,-5.0,0.18721180659137768,-0.010543003687004414,0.07013137987232897,-0.011833923381734626,0.02774595634356463,0.06599244827814245,0.01955961940777975,-0.007198334030890117,-0.013191754409441826,0.02780545994697965,0.016033857198803056,0.07210393397434493,-0.13844839064537884,0.010758396315555351,0.04057558805282168,0.006645814329047191,0.023610701190934436,663.0,114.0,-45.0,0.05397678796054576,-0.019642653482211725,-0.004808561051391635,0.0004695956543290076,0.0360936822855359,-0.02916626434223745,-0.01754442083747133,0.009164968988989788,-0.000829020174050174,-0.01741523100418427,0.018142424115650806,0.0,-0.08214572078320999,-0.011945601519740095,0.012918968193970952,0.004436171925234806,0.008677570059602879,0.12225415290313035
nfl_20251031_bal_mia,NFL,13,634.0,353.0,0.0,0.09111025209681875,0.021887485306849832,-0.009248750303513074,0.007134739238748206,0.041911145534424585,-0.005437956399433666,0.04069369289783549,0.003675428148708477,-0.014102646333058683,-0.04377266490032802,0.009866252919784482,0.08151384914604165,-0.1873931382179769,0.01663077443846215,0.047310375973820325,0.007087031113252815,0.02719870354353657,656.0,111.0,55.0,0.057488038330830424,0.014457503904212628,0.025316190077939817,-0.022901361219692457,0.01781162889397772,-0.010586352698517695,-0.01108608220654209,-0.022707933068790025,0.08820452103045513,-0.06389146380899281,0.010458136168168616,0.6152273152199597,-0.08180599810032729,0.13080264418698223,0.44410704881860213,0.41568776879789326,0.42989740880824767,367.0,198.0,0.0,0.1121595996508801,0.044303476906191845,-0.03313597866924395,-0.027360578648614874,0.05591410604586271,-0.0001416474495907378,0.06148319326496767,-0.027223198175132354,0.016740581803139056,-0.036471473242109496,-0.0014455288514023086,0.04462595947277412,-0.27583484028810873,0.012884371860348316,0.04572803136119632,0.0019482764344725886,0.023838153897834453,267.0,155.0,-25.0,0.15014367997841258,0.005842583261280128,0.021289330658527682,0.03766980848297039,0.02675939921303886,-0.01093025890485681,0.016206416331258047,0.030446646109118222,-0.05959425145691186,-0.058306812774614386,0.024778066782641005,0.1499387325485997,-0.13328741698369825,0.023510007022352654,0.04434227847459346,0.026573726953375187,0.035458002713984325,0.056502745802844985
cfb_20251030_mrsh_ccar,CFB,13,1183.0,175.0,-5.0,0.0994176306922462,0.004564888127485345,0.029686598519671065,-0.003710288465067044,0.009447947196867068,0.003306822194136558,0.01913662151162092,0.014412969441257095,-0.05832808423291096,0.015784443452056617,-0.03155397847543003,0.06722163679311194,-0.08936140841301646,0.006439922254423461,0.019466905821634312,0.0037909151163730867,0.0116289104690037,235.0,13.0,,,,,,,,,,,,,,,,,,,382.0,52.0,-60.0,0.09329680258722499,0.04242709703837304,-0.015681358652275906,-0.0364698069648195,0.024768037739838267,0.0542693768003559,0.035136700895899445,0.018402431392037257,-0.004819452391600824,-0.05651347659756133,-0.014343496762261277,0.034113552516595765,-0.06047305573757764,0.0021358108586344185,0.005743977934150285,0.00044272522910573085,0.0030933515816280077,801.0,123.0,-5.0,0.11754055088554642,0.0024358551879487796,0.03384026160083312,-0.001073282084458355,0.0072549884499955525,1.6133250848796477e-05,0.016904136051364347,0.015926472712815522,-0.06469046616487675,0.02341601920040894,-0.034082071556369484,0.05972494578784368,-0.1015313094239008,0.006449125629725614,0.018639694550425252,0.003440644055288896,0.011040169302857073,0.12225415290313035
cfb_20251101_shsu_lt,CFB,13,85.0,33.0,,,,,,,,,,,,,,,,,,,188.0,15.0,,,,,,,,,,,,,,,,,,,85.0,22.0,,,,,,,,,,,,,,,,,,,0.0,11.0,,,,,,,,,,,,,,,,,,,0.12225415290313035
cfb_20251031_mem_rice,CFB,13,186.0,60.0,60.0,0.13444997147225976,-0.001273555266456277,-0.00806600072643653,0.0007495566262717932,-0.041118702896797435,-0.0043058910985908725,0.00031820112541488453,8.54484103034607e-06,-0.014646947416206473,-0.0015049250652275994,0.04883764724207763,0.436989862123243,-0.07086149804113687,0.055000352881072384,0.1971204633935179,0.16744679535970317,0.18228362937661052,370.0,21.0,,,,,,,,,,,,,,,,,,,186.0,40.0,,,,,,,,,,,,,,,,,,,0.0,20.0,,,,,,,,,,,,,,,,,,,0.12225415290313035
cfb_20251031_unc_syr,CFB,13,1053.0,229.0,-30.0,0.07743195152965954,-0.008468043285773313,-0.0428637352973527,0.012997419290979254,0.038798226501103386,-0.01009374976142595,0.02895816115370456,0.028127685856673516,0.044061295972293545,-0.025563661204325717,-0.022891865650129975,0.028416259495346263,-0.14069319146571743,0.004114904429999683,0.0039536142333821194,0.0007844893311813994,0.0023690517822817594,450.0,47.0,,,,,,,,,,,,,,,,,,,430.0,96.0,-25.0,0.1217924323197994,-0.03523130354147709,0.0001650528320787037,0.04070258379144228,0.07202030030314159,-0.03665902371063929,0.05039255176794342,0.00793367297204816,0.09597247729065092,-0.023476712729750628,-0.06293488780568708,0.2002200619906201,-0.14633082959300897,0.036633036639020455,0.07392513895903575,0.049826876445362565,0.06187600770219916,623.0,133.0,-30.0,0.15929868730959929,0.010048243494578942,-0.06839842300908068,-0.005839598194201907,0.020475951924640086,0.008233056628881776,0.018491683616146445,0.043127242277424226,0.01461926992408736,-0.02348023061013977,2.6971417136549562e-05,0.0,-0.13820706223539966,-0.02125789893527707,0.023080173631158617,0.016356757158892034,0.019718465395025326,0.12225415290313035
cfb_20251101_ull_usa,CFB,13,496.0,53.0,-15.0,0.06670858846288061,-0.050299863442513366,0.018872456359228466,0.005722525450079922,0.022417294286817352,0.0045359659156198094,-0.0038779956687384366,0.004665849896048121,0.03489497316291355,-0.009563108840724506,0.0015939473619557552,0.33686444734377025,-0.025415069486653778,0.012910532850383004,0.16837856308704874,0.16351791603712487,0.16594823956208682,30.0,2.0,,,,,,,,,,,,,,,,,,,169.0,11.0,,,,,,,,,,,,,,,,,,,327.0,42.0,,,,,,,,,,,,,,,,,,,0.12225415290313035
cfb_20251102_haw_sjsu,CFB,13,1689.0,312.0,30.0,0.07161601395902945,0.0019098627463210894,-0.03286772253946567,-0.030714082307543782,-0.045975850622382755,0.020592672181642627,0.030638785083597766,0.023004590926324033,-0.056814629469613895,0.00915992648340284,0.0026847454711679815,0.1833825981131061,-0.07313080255808839,0.01642252117602598,0.04323160475369609,0.03486865972894281,0.03905013224131945,140.0,19.0,,,,,,,,,,,,,,,,,,,447.0,57.0,-35.0,0.09802843896312766,-0.01916056465545345,-0.036217146439283955,-0.00782643626275918,-0.045119161008521355,-0.027222524718709208,0.021825995086648193,0.01179646828640627,0.001561892673226298,-0.050617384350475206,0.024785837528596224,0.022092950121047387,-0.11596360315908978,0.0026198585036970854,0.0032407050849911374,0.00038676275800165284,0.0018137339214963951,1242.0,255.0,30.0,0.0852305455441416,0.007381427233902427,-0.03193166068425131,-0.03675123389992843,-0.046418620660313555,0.0330832823090332,0.03342933972947769,0.02605304756771697,-0.07592587690010576,0.0252287801820361,-0.004297123650270544,0.23290217740644703,-0.0663520240193069,0.020145450051172298,0.06796571402979874,0.06059962912226838,0.06428267157603357,0.12225415290313035
cfb_20251101_okla_tenn,CFB,13,1398.0,353.0,-10.0,0.16203338031221806,-0.03236794236662219,-0.006538471502501729,-0.03312450646414966,-0.014861356903885865,0.025265084287477754,0.06382340698251192,-0.026144775822246273,0.0034001299761994524,-0.0014697924997353852,-0.010158864891733791,0.10668549099761211,-0.15835998210825203,0.01891239006568825,0.013772024598527374,0.011125986845025616,0.012449005721776495,426.0,50.0,-60.0,0.07241172538869964,-0.020295016678751516,0.02984221383932009,0.0065670046615750165,0.02343220739214559,0.0036644851583249546,-0.05194794094034957,0.00406219022833413,0.026426569673185372,-0.004291298743890694,0.05080951836201213,0.9072565760152507,-0.018938374993052235,0.18526343446533527,0.8833743442249196,0.847834187694825,0.8656042659598723,408.0,79.0,-15.0,0.16965756245391234,-0.06047551193277247,0.01647282935146556,-0.05269207176457463,-0.0041561577846647435,0.04912838405651092,-0.010362375311332788,-0.06511592585021748,0.033305271963283284,-0.00488630016964956,0.0011667582659711038,0.0978979719705676,-0.15848182887947274,0.01719877481638996,0.014019077877000498,0.005556839142598194,0.009787958509799346,990.0,274.0,-10.0,0.20061887364716433,0.0005382449725330809,-0.011413115694133743,-0.017853263018612633,-0.0174381988495482,-0.007915079623031162,0.0777458939153845,0.032634005771661284,-0.0027589147113293625,0.002250451987754428,-0.012423474200970794,0.11234939751483879,-0.15759107756258944,0.019946206951588396,0.014647457211473824,0.01336295447503891,0.014005205843256367,0.12225415290313035
cfb_20251101_ucf_bay,CFB,13,443.0,31.0,,,,,,,,,,,,,,,,,,,180.0,20.0,,,,,,,,,,,,,,,,,,,221.0,15.0,,,,,,,,,,,,,,,,,,,222.0,16.0,,,,,,,,,,,,,,,,,,,0.12225415290313035
cfb_20251101_duke_clem,CFB,13,1402.0,371.0,-5.0,0.14062260750615013,0.0010489357451113756,-0.006258283631144622,0.0038725509137001036,-0.01184095591164736,0.002718652709456344,0.003659296385262335,0.010552184627038462,-0.006257754851867571,0.012330014702967062,-0.01624510314380234,0.09531651597457326,-0.13837678275338497,0.014579234679001135,0.023955088932331794,0.016015061446666454,0.019985075189499123,297.0,48.0,,,,,,,,,,,,,,,,,,,393.0,85.0,-20.0,0.2155940759435466,-0.006176904221815775,0.020112417314469458,-0.025782401067453414,-0.11797677125070825,0.04350427984355891,0.01618132032076516,0.03391736694669931,-0.017545575810792243,0.008285525103009964,-0.03943902512179068,0.0,-0.09360629878883316,-0.0002924956450794807,0.009479233228253255,9.738932344319927e-06,0.004744486080298788,1009.0,286.0,-5.0,0.1558835188872531,0.000914386393813844,-0.009895319963844577,0.004372517770438817,0.0011214266665980337,0.0019644033289871305,0.0017833325140963396,0.010364260623686481,-0.005187437857358708,0.013311111065416839,-0.013333787216061363,0.11015396523175153,-0.1540971835811894,0.019075677296167295,0.02793463497341593,0.02356644036580904,0.025750537669612487,0.12225415290313035
cfb_20251101_rutg_ill,CFB,13,422.0,49.0,,,,,,,,,,,,,,,,,,,132.0,8.0,,,,,,,,,,,,,,,,,,,251.0,28.0,,,,,,,,,,,,,,,,,,,171.0,21.0,,,,,,,,,,,,,,,,,,,0.12225415290313035
cfb_20251101_uga_fla,CFB,13,1410.0,408.0,-5.0,0.1069804791031665,0.0011976195416185634,-0.017209082374199266,0.0007759353284483389,0.008349713476168431,-0.0026465554535757977,-0.0101146459872878,-0.0165887775606074,0.028609642268406267,-0.013649452445685233,0.04258298296149583,0.05141852738138512,-0.14592688343464977,0.007910069580898843,0.023413578951283338,0.003036674005430221,0.01322512647835678,332.0,16.0,,,,,,,,,,,,,,,,,,,407.0,108.0,-5.0,0.1393403050723296,0.010743658048079273,0.023149436191678627,-0.043726669634583784,0.0002833693382198199,-0.030517554888695664,-0.008225459428845908,-0.018498475423694562,0.009685807326432379,0.00851933606470431,0.021199967826191844,0.2384439019020408,-0.08863015081014815,0.02775018024032638,0.09079955865362911,0.057752827340866404,0.07427619299724776,1003.0,300.0,-10.0,0.11406761764477404,0.000857881456920329,-0.02596297505265682,0.005840544952879116,0.012216862854176298,0.00036035239225839496,-0.009073300322721908,-0.017770820145788933,0.034293726285127495,-0.016733710492806263,0.04822749284470957,0.012714151438286123,-0.1699342676537463,0.002188393580898089,0.014012556741715499,0.00019909886246306818,0.007105827802089283,0.12225415290313035
cfb_20251101_asu_isu,CFB,13,1237.0,286.0,-5.0,0.1542895891407227,-0.005580726733772179,-0.003776941088889139,0.02059289030776064,0.008180813864364088,-0.006559390537998117,0.011902000213714415,0.0036981318769543133,0.011963630835350049,0.013275477574272446,0.011394816310216683,0.0015647255889070287,-0.10388704570550045,0.00016280947091661024,1.6266928996784596e-05,2.4298392246610978e-06,9.348384110722847e-06,209.0,16.0,,,,,,,,,,,,,,,,,,,305.0,42.0,,,,,,,,,,,,,,,,,,,932.0,244.0,-5.0,0.18630406269530347,-0.0029029500411809498,0.0006387588184077903,0.013347362124950123,0.008415606474996768,-0.005023858837631165,0.021502832470125584,0.014627370513228556,0.012633267998853103,0.01634552920485817,0.012694947901216898,0.004008996348600682,-0.11291911622220369,0.0004545144714785744,0.00010720151504916546,1.6559483336134068e-05,6.188049919264977e-05,0.12225415290313035
cfb_20251102_arst_troy,CFB,13,881.0,105.0,30.0,0.08466723770466197,0.003190429279357644,-0.01722200597189274,0.00236792129616754,0.012006847900175421,-0.01054159622124551,0.0027775798423228686,0.002329908283338088,0.0019266881285755068,0.008515012210485793,0.01866887017424556,0.4182196659709383,-0.05689708779434861,0.04090114371394852,0.14485246500530613,0.10062911252761395,0.12274078876646004,65.0,5.0,,,,,,,,,,,,,,,,,,,339.0,30.0,,,,,,,,,,,,,,,,,,,542.0,75.0,60.0,0.04617312650102821,0.039492039787410387,0.03942899165844242,0.000244471900989894,0.022191397569296587,-0.05296296649058715,0.033428959358848744,0.004945537013719959,0.0005957995227090913,0.02630629371400264,0.02554886609822154,0.4128908849201598,-0.051922561764396344,0.03651510753892466,0.16746147341038023,0.14852062837903277,0.1579910508947065,0.12225415290313035
cfb_20251102_cin_utah,CFB,13,893.0,262.0,-15.0,0.09773559719362553,-0.02381265224903933,0.0012960508215169525,-0.015943155675088232,-0.0014193290345997005,0.01240299571426785,-0.02560611253000548,-0.04706504945066352,0.055856261472888996,-0.015832973098368924,-0.02306857921848836,0.0,-0.0770042710082931,-0.0004501753375548698,0.00013770666986960122,2.32854999345997e-05,8.049608490210046e-05,171.0,9.0,,,,,,,,,,,,,,,,,,,330.0,119.0,-15.0,0.13341003459986675,-0.03474999661450683,0.008519589923542036,-0.012386235489361278,-0.00523132553200389,0.013879541193872028,-0.02938046303592774,-0.03764341749603902,0.07271526986897137,-0.043226583376888714,-0.02276959587315418,0.0,-0.0823840531346433,-0.00011510642563283341,0.001328322606480315,1.2347056889652198e-05,0.0006703348316849837,563.0,143.0,-40.0,0.056250506183747676,-0.014189154276843927,-0.019279266642203165,-0.01859926675782935,0.011929159926284754,0.01218080781061063,-0.025450947433157345,-0.05603631487960027,0.033975050247504565,0.007746163501760636,-0.03423649157504508,0.013090960872904902,-0.08725506282252869,0.0011574041457588493,0.00016895449213593345,5.797935823707049e-05,0.00011346692518650197,0.12225415290313035
cfb_20251101_okst_ku,CFB,13,443.0,63.0,-5.0,0.08582270877075344,-0.005563591577837454,-0.003934995582925951,-0.006550758104921938,0.07991774153558943,-0.023528504589095334,0.004886064250922008,-0.0015683654900944346,0.03930005913699674,-0.021347104346175285,-0.018054632446091724,0.11971264119200484,-0.043786930721313504,0.005954702261586274,0.017095830062063284,0.0142625477535399,0.01567918890780159,112.0,3.0,,,,,,,,,,,,,,,,,,,239.0,48.0,,,,,,,,,,,,,,,,,,,204.0,15.0,,,,,,,,,,,,,,,,,,,0.12225415290313035
cfb_20251101_psu_osu,CFB,13,582.0,114.0,10.0,0.08626194165241972,0.003571420100245467,0.03705248017370747,-0.005262592220800068,0.07240999296565001,0.004901143920511955,0.017986098238944363,0.009118252198175626,-0.07781021588359775,0.0002900418408254855,0.017348579831181096,0.07983377598424068,-0.0803145497573761,0.006968103812399555,0.014540365221719335,0.005176445949471293,0.009858405585595314,507.0,27.0,,,,,,,,,,,,,,,,,,,241.0,36.0,,,,,,,,,,,,,,,,,,,341.0,78.0,10.0,0.09727310733063528,0.0023024930215835683,0.03478580267017467,-0.004435098998511232,0.014476830397687329,0.006867205247473333,0.03841508489149148,0.008934671890344551,-0.12175382156809537,0.012625477583148255,-0.0030342753956630183,0.0,-0.08428241453516488,-0.0003294442226207537,0.0016139275500868721,1.0535764467573835e-05,0.000812231657277223,0.12225415290313035
cfb_20251101_wyo_sdsu,CFB,13,784.0,50.0,50.0,0.07958242339193243,0.0015547528970312053,0.0018282506115876638,-0.011994632570498357,0.005021516491842766,0.003997455212376587,0.007557176756125185,0.0008929387216364002,0.023852317462499956,-0.00648560908652927,0.009966254651343855,0.2623416611315603,-0.03751221138385142,0.013340886056075536,0.03773647846353338,0.03633651998432856,0.03703649922393097,29.0,9.0,,,,,,,,,,,,,,,,,,,327.0,22.0,,,,,,,,,,,,,,,,,,,457.0,28.0,,,,,,,,,,,,,,,,,,,0.12225415290313035
cfb_20251101_navy_unt,CFB,13,786.0,81.0,-5.0,0.0705640301726834,0.025096437726474737,0.011299373558466852,-0.03722816244964397,0.004760677167681929,0.012046642557082423,0.01585182232666513,-0.01001851783193692,-0.015665286293869467,0.04503168322167124,-0.0056027753234919216,0.0,-0.029459687229470767,-0.00025092764698042596,0.0004736669189373124,3.007031830399835e-05,0.0002518686186206554,218.0,6.0,,,,,,,,,,,,,,,,,,,331.0,17.0,,,,,,,,,,,,,,,,,,,455.0,64.0,-5.0,0.10317043051452451,0.03787860291172569,0.036235921505321254,-0.016385333727859618,0.014028034166286103,0.025029902561130375,0.04224922612284897,-0.03189870423095437,-0.02849550884572164,0.017707940054535295,0.01507967777446433,0.0,-0.03727326547232665,-0.0011728229239746785,0.00044927883420900727,0.00013576386057152204,0.0002925213473902647,0.12225415290313035
cfb_20251101_lou_vt,CFB,13,1120.0,288.0,-15.0,0.07793596604858781,-0.04015830952230907,0.008313772561405102,0.004034275926953789,-0.01671794460578095,0.010041145711597699,0.04853758554928371,0.0223406873797958,-0.02717653361225704,0.027179568007593104,0.04186226662166362,0.17567154846444327,-0.1120438501732176,0.02387751704940177,0.06493108641222625,0.03332820526019856,0.049129645836212404,102.0,8.0,,,,,,,,,,,,,,,,,,,387.0,90.0,-50.0,0.09143304763977177,-0.04725901072133458,-0.010896867845265137,0.009651948832528654,-0.05912417187241657,0.009172623849769227,0.06527256903775332,0.017467805594904955,-0.03111591102583479,0.01103435224454166,0.011873276157921126,0.2305742936382082,-0.10215449420548102,0.030612702628266222,0.10637936132772786,0.07171850479094764,0.08904893305933775,733.0,198.0,-25.0,0.10034830261422435,-0.03872622585865925,0.018709569992249514,-0.003855842141133887,0.003266437376736399,0.008918018946486365,0.044110823977465394,0.02419993469593704,-0.02440425718935405,0.03991019075675035,0.059552684308193805,0.14453818226417317,-0.1185568607912329,0.020031277607533326,0.04684654627044847,0.019709261562740554,0.03327790391659451,0.12225415290313035
cfb_20251101_uab_conn,CFB,13,183.0,25.0,,,,,,,,,,,,,,,,,,,108.0,14.0,,,,,,,,,,,,,,,,,,,157.0,14.0,,,,,,,,,,,,,,,,,,,26.0,11.0,,,,,,,,,,,,,,,,,,,0.12225415290313035
cfb_20251101_wake_fsu,CFB,13,568.0,72.0,-5.0,0.08104732960128039,0.009941407705521902,0.04386047128203952,0.0010724225312789034,0.012431319500552464,0.0015482195206762944,0.061956151111180094,-0.007493934070783279,-0.031028332952009217,-0.016259585989026024,0.010192726404169582,0.4865480666479371,-0.04920983194416299,0.04663133399107339,0.21560133208055762,0.1709888772433186,0.1932951046619381,105.0,10.0,,,,,,,,,,,,,,,,,,,382.0,43.0,,,,,,,,,,,,,,,,,,,186.0,29.0,,,,,,,,,,,,,,,,,,,0.12225415290313035
cfb_20251101_wvu_hou,CFB,13,1213.0,216.0,-5.0,0.12398957997048529,0.008056340514626668,0.010615267301032287,-0.015423960458089896,0.017826574447275537,-0.027040613362798595,-0.021046013238727818,0.003699262973001329,-0.018139703587066906,-0.008953993826076253,-0.029586248540585235,0.0,-0.10838405646613197,-0.010662167481726362,0.009973936617416681,0.006326609359446725,0.008150272988431703,114.0,23.0,,,,,,,,,,,,,,,,,,,441.0,63.0,-30.0,0.1252553041938498,-0.006576619740401044,-0.02697035073933299,-0.0389935154950746,0.015118084966119548,0.0031129995351010476,-0.014501709376185633,0.044041630392538944,0.013475107870631371,0.03571225996880718,0.006926516468913794,0.0,-0.08142336470271425,-0.0002847975911290458,0.008566599202674802,1.556577156706732e-05,0.004291082487120935,772.0,153.0,-25.0,0.18697807008296174,0.013742942504606124,0.0251425091753847,-0.006347756893577029,0.01865148196470669,-0.03897070531606029,-0.02452764598267472,-0.01208862131367845,-0.031786709641853,-0.02659135594463952,-0.04554834387677726,0.0,-0.14054382221479653,-0.02297740810622951,0.024214655018372635,0.006629754740397452,0.015422204879385044,0.12225415290313035
cfb_20251101_wsu_orst,CFB,13,999.0,124.0,-10.0,0.09707192131639168,-0.02264417890877854,0.013683315234670606,-0.013366879411763625,0.02292584177194218,-0.005674480934162709,-0.007990265504213423,0.009912090071944291,-0.03033001250354704,-0.016275855314209088,0.008630068311143461,0.08660645089989785,-0.08401060347576525,0.007965745118479332,0.011724336559223536,0.006968135974993085,0.00934623626710831,65.0,16.0,,,,,,,,,,,,,,,,,,,282.0,28.0,,,,,,,,,,,,,,,,,,,717.0,96.0,10.0,0.11469137099204961,-0.024475203765053077,0.010267231064366847,-0.0134072968288105,0.023693478021285776,-0.00406431880056371,-0.012938803203023225,0.007246515354049459,-0.02320838393499341,-0.028697570894763328,0.012878391407657005,0.07533355056502358,-0.08303282254650078,0.006764771599192014,0.007001034245749474,0.005308403016169812,0.006154718630959643,0.12225415290313035
cfb_20251101_msu_minn,CFB,13,1166.0,203.0,5.0,0.14352051049238315,0.042676816783840596,0.05299776438063535,0.0036552118609116777,0.03438402641735911,-0.013937895538001684,-0.013036243643066945,-0.007776649699207919,-0.016152361445071095,-0.03224053403826635,-0.00560770562721103,0.11146257458748743,-0.14195615311562282,0.017807689189295543,0.019883447455815356,0.015668036315179455,0.017775741885497406,150.0,8.0,,,,,,,,,,,,,,,,,,,315.0,27.0,,,,,,,,,,,,,,,,,,,851.0,176.0,5.0,0.15116140780920748,0.03968041473875605,0.056337616560684,0.0003879200959477485,0.03583944235708727,-0.013910673917184905,-0.01612864437891714,-0.009239311893881403,-0.015722347030615775,-0.036725602480805766,-0.004047925873887177,0.08616965636574646,-0.1655030435448694,0.015606113858104113,0.011782877670141354,0.009515897758220499,0.010649387714180926,0.12225415290313035
cfb_20251101_ttu_ksu,CFB,13,1172.0,185.0,-20.0,0.060488415882408726,-0.011910907158751635,-0.028168671985411897,0.042071058095630914,0.0038759983627723715,-0.0015032031988240387,0.005482474516727958,-0.06315102656340389,-0.005535969953150187,0.008183995862275303,-0.008509471855563663,0.0851491851173819,-0.06417909675309147,0.005973430532273747,0.022590489923082085,0.007357575855489453,0.014974032889285768,184.0,10.0,,,,,,,,,,,,,,,,,,,436.0,105.0,-35.0,0.09537555532392186,-0.002493881605269943,-0.013960479818136473,0.031427930405641936,0.004596512531269254,0.0019014070176886617,-0.018351162475250562,-0.028758214727237167,0.014164312392731705,0.05316940981189848,0.01241210117685389,0.07186532883399385,-0.09523844766414924,0.0073742987646660384,0.022194330812303896,0.0052511387260347694,0.013722734769169333,736.0,80.0,-10.0,0.07003890670454821,-0.019417863018731288,-0.045410122677335414,0.061470033363752806,0.005880385742702253,-0.0030051963747782704,0.03602092847199839,-0.09903608810654503,-0.026498573172551422,-0.0076903831457406395,-0.027518414188750426,0.11194246927870292,-0.03819677807823024,0.004814825063298323,0.024073797167217987,0.012488151638873578,0.018280974403045783,0.12225415290313035
cfb_20251101_cmu_wmu,CFB,13,755.0,83.0,-25.0,0.09211506264460143,-0.01878172783890545,-0.012262005918796408,0.009175847908049982,-0.0069876553074908546,0.012712565460746858,0.0219799087777151,0.008875537898562364,-0.008107941057241613,0.0012944139404549478,0.000917093217115504,0.5695836885548227,-0.07333954065453702,0.0970525627680545,0.28047308681793753,0.2399232067239977,0.26019814677096764,46.0,5.0,,,,,,,,,,,,,,,,,,,199.0,24.0,,,,,,,,,,,,,,,,,,,556.0,59.0,-25.0,0.10012387609841755,-0.017839279769884857,-0.012236009436078029,0.01778370940226408,-0.0065440144743911695,0.0035169934495091412,0.02471099491473234,0.01786850533288455,-0.003995379299577462,0.0016534793409062186,0.0008433810636575235,0.5705157747619329,-0.08427194660526992,0.11194468174366931,0.2685093770899932,0.22510188009080626,0.24680562859039973,0.12225415290313035
cfb_20251101_uva_cal,CFB,13,1058.0,117.0,-35.0,0.09945507543836538,0.01751608634708909,-0.13682550110723807,0.0094929678905794,-0.038624997526731875,0.022501441241214875,0.005437988242624702,-0.008349278566365203,0.01992474330641404,-0.024514231896655914,-0.005432545397686945,0.22584390940358823,-0.04481957448167714,0.0130751770110716,0.0549626954235516,0.044767195430589664,0.04986494542707064,181.0,5.0,,,,,,,,,,,,,,,,,,,309.0,17.0,,,,,,,,,,,,,,,,,,,749.0,100.0,-35.0,0.11216642516940895,0.004752235901050918,-0.16364646187959067,-0.04356928296946515,-0.059062375485519056,-0.030367738024687712,0.005604224371031958,-0.03275511247677317,0.021193873892148423,-0.03234563972280243,-0.006188017806516576,0.2511217973989246,-0.05502655153848941,0.018452088041840113,0.07024565396789322,0.05788438450027443,0.06406501923408382,0.12225415290313035
cfb_20251101_ecu_tem,CFB,13,491.0,42.0,,,,,,,,,,,,,,,,,,,96.0,4.0,,,,,,,,,,,,,,,,,,,247.0,19.0,,,,,,,,,,,,,,,,,,,244.0,23.0,,,,,,,,,,,,,,,,,,,0.12225415290313035
cfb_20251101_uk_aub,CFB,13,988.0,112.0,-10.0,0.11014223208839755,-0.014684095701204757,-0.038790012923891774,0.01945047962245304,0.010284353322835092,-0.019490097775574613,0.010012650459132844,-0.010167920807516122,0.02658790292422036,-0.013274688101060474,-0.0035250163020073035,0.07638332498978195,-0.057307064775607645,0.004739308277340594,0.003715970443401207,0.0030960876723256764,0.003406029057863442,112.0,5.0,,,,,,,,,,,,,,,,,,,317.0,24.0,,,,,,,,,,,,,,,,,,,671.0,88.0,-10.0,0.1208524432477081,-0.01455287385103033,-0.05091316933331542,0.015837555965476296,0.011507321977958116,-0.0160127260026808,0.025185246565894055,-0.008288081993935447,0.019018651937516073,-0.008104606252622696,0.006371027103989516,0.0,-0.06611996954646683,-0.001089103719898578,0.0006732620593528264,0.000153844328688364,0.00041355319402059515,0.12225415290313035
cfb_20251101_scar_miss,CFB,13,1021.0,154.0,-10.0,0.03672611761214119,-0.01354613989259054,0.021441393429347328,0.024026561161370526,-0.045958431943327945,-0.02485764428321192,0.0404362234451775,0.0327247611709365,0.006841139497730681,-0.011407764066294745,0.042386884029405776,0.26883811601221796,-0.07646178417551121,0.028113940913556634,0.1138118685139043,0.08314208171784711,0.0984769751158757,224.0,13.0,,,,,,,,,,,,,,,,,,,426.0,76.0,-15.0,0.08761124574523085,0.006187235828510917,-0.00447769001788765,0.03379335726135399,-0.05633791655476055,-0.015085819514108095,0.007722119707920748,0.026320465116089646,-0.02782623392371354,-0.027894572294645682,0.06831373828805695,0.31014136659813235,-0.08543812430962315,0.038410618277399534,0.13912427620519208,0.11853748278288082,0.12883087949403643,595.0,78.0,-10.0,0.077500538255083,-0.023973369715581037,0.04232382352545841,0.01978595148398439,-0.039898818088294534,-0.031113071004332856,0.06768109210975418,0.036077521146124704,0.05043445661659026,-0.005589065180956043,0.014206552453106933,0.2695981205995138,-0.07284440023720283,0.026887544999566696,0.1260481067440624,0.0835766298599565,0.10481236830200943,0.12225415290313035
cfb_20251101_usc_neb,CFB,13,1251.0,258.0,-50.0,0.12655389421874322,-0.015253996976590217,-0.038563478759182965,0.006831665559031923,-0.014509972193027194,-0.022488388484544788,0.014739031702771594,-0.014742797405619611,-0.0300328909548623,-0.030910434146153926,0.02126404047438231,0.14351500069441667,-0.11539232091963983,0.01933545716543702,0.040041590300321,0.023135762657900946,0.03158867647911097,322.0,35.0,,,,,,,,,,,,,,,,,,,394.0,70.0,-50.0,0.08183988361367808,-0.03484929370116671,-0.0022500304226252773,0.04966127204784976,0.0056879493959709525,0.01334243007454269,-0.025649904660154987,0.0011639090422641317,-0.0423614052914165,-0.056007147596285625,-0.008452260069099113,0.14942975555244106,-0.09814111363436978,0.01724161257199068,0.016374085499027167,0.01408914579526464,0.015231615647145903,857.0,188.0,-50.0,0.1421078516989346,-0.010070223811617212,-0.04400951910191472,-0.004791379617683607,-0.016893797177751118,-0.03289310498474848,0.02322382247187483,-0.019429524638120702,-0.026035231406102734,-0.024639681946089363,0.02725528970837906,0.14305506878958704,-0.12072154523866926,0.020152787337349532,0.04826101100806498,0.026365894668138865,0.03731345283810192,0.12225415290313035
cfb_20251101_unm_unlv,CFB,13,1259.0,160.0,-10.0,0.11367937538348902,0.025587005804613986,0.01641915134244092,0.05720242577913598,0.02858625540299886,-0.012590353702194634,0.03561944569208893,-0.0032453875071325653,0.01007966969751981,-0.01648310624330223,0.027330552674954815,0.0,-0.09781775798535544,-0.0019953024084751383,0.0007258476052627801,1.1776703501939568e-06,0.000363512637806487,111.0,10.0,,,,,,,,,,,,,,,,,,,468.0,44.0,,,,,,,,,,,,,,,,,,,791.0,116.0,-10.0,0.13593051612993917,0.025294362057388376,0.018283669619966473,0.07444366478916527,0.0322832134213672,-0.008009562914915997,0.03956399753195079,-0.005800093405798379,0.008525792541399853,-0.031420391651952616,0.031152394719156047,0.017758214223168582,-0.15949567172264476,0.002883565276016896,0.0029100332967715884,0.0006238029777677602,0.0017669181372696743,0.12225415290313035
cfb_20251101_nmsu_wku,CFB,13,374.0,26.0,,,,,,,,,,,,,,,,,,,25.0,4.0,,,,,,,,,,,,,,,,,,,162.0,9.0,,,,,,,,,,,,,,,,,,,212.0,17.0,,,,,,,,,,,,,,,,,,,0.12225415290313035
cfb_20251101_pitt_stan,CFB,13,579.0,70.0,-55.0,0.07118083042330321,-0.005647369857491377,-0.0015568432606642743,0.01124816601443369,-0.04814108084627936,0.005567790619475095,-0.016513176650353276,0.02444259433663843,-0.009668312042278245,0.008883439503941905,-0.011143682223358483,0.17950391185890954,-0.05358162042791055,0.011722311184127542,0.03916397409382623,0.029090215450666555,0.03412709477224639,76.0,5.0,,,,,,,,,,,,,,,,,,,290.0,46.0,,,,,,,,,,,,,,,,,,,289.0,24.0,,,,,,,,,,,,,,,,,,,0.12225415290313035
cfb_20251101_pur_mich,CFB,13,837.0,95.0,-50.0,0.03582128092152957,0.02625982162769901,0.013667127124840972,0.0016309569137683186,0.0007056773725392724,-0.012288491910735519,0.01410329621605,0.013864641355507221,0.021089024967997656,0.001903249843307696,0.008120004946300625,0.31056747026259857,-0.03583296504683152,0.016141613321961103,0.09947471881590816,0.09255641909944394,0.09601556895767605,157.0,9.0,,,,,,,,,,,,,,,,,,,302.0,40.0,,,,,,,,,,,,,,,,,,,535.0,55.0,-50.0,0.059256736238177475,-0.011662225207118302,0.04575787361127344,-0.0071095008614065255,0.009231816876045055,-0.02045092811878659,0.036031746660925804,0.014381716855622409,0.02519296148494088,0.04253994510146478,0.030989556254123623,0.3811023787645711,-0.04215509345776614,0.025958100084030215,0.14811653670483557,0.13777041028878714,0.14294347349681136,0.12225415290313035
cfb_20251101_mia_smu,CFB,13,1455.0,332.0,-15.0,0.18189048775035851,-0.009716385535476926,0.00915917076868354,0.00299401269039659,-0.027543447297155986,0.011254000832509575,-0.002381790897759778,0.005043567511700861,0.06490525150134721,0.014851449614816062,-0.023083035154251856,0.06879312791310394,-0.18464196143283615,0.01364046857011403,0.019197655077741984,0.007536061057351037,0.01336685806754651,371.0,13.0,,,,,,,,,,,,,,,,,,,371.0,43.0,,,,,,,,,,,,,,,,,,,1084.0,289.0,-15.0,0.19988347217947824,-0.010056107026545887,0.012112301163369555,0.001938430267523159,-0.029114111847089872,0.015120335334367619,-0.0014195402948110004,0.0036180059868153687,0.06708464298431806,0.016874492228433235,-0.028674425551689555,0.07954176129681075,-0.24152675617198666,0.02087162978006664,0.026822065873548993,0.010594872140201977,0.018708469006875485,0.12225415290313035
cfb_20251101_ind_md,CFB,13,496.0,77.0,45.0,0.07304939796730979,0.02104558518049873,-0.03712932579325435,0.0018053659314123305,0.0903319645896602,0.014723814240689376,0.02075623475980527,-0.020249516890720125,0.00289236203733396,0.03118355302102215,0.11886485273386616,0.21673529527056012,-0.07001265264173852,0.019373032962367337,0.05699592563576562,0.05126846662536591,0.05413219613056576,197.0,8.0,,,,,,,,,,,,,,,,,,,347.0,55.0,45.0,0.08729924964805715,0.02044948471438195,-0.04299107932994918,0.008640031525861732,0.10690105700330055,0.00933462226066554,0.03020694696579508,-0.025786135556589537,0.0031453982866655847,0.040824377328990885,0.13497554047979735,0.10828890433445244,-0.10499338443347607,0.012750338778930547,0.015776416654603536,0.013343827954372152,0.014560122304487843,149.0,22.0,,,,,,,,,,,,,,,,,,,0.12225415290313035
cfb_20251101_buff_bgsu,CFB,13,418.0,32.0,,,,,,,,,,,,,,,,,,,48.0,15.0,,,,,,,,,,,,,,,,,,,271.0,18.0,,,,,,,,,,,,,,,,,,,147.0,14.0,,,,,,,,,,,,,,,,,,,0.12225415290313035
cfb_20251101_van_tex,CFB,13,894.0,148.0,-5.0,0.06394421703498192,-0.005799980220120318,0.008488461766524668,0.005122401284176778,0.05495794915592307,-0.004481238130091787,0.0197342322325879,0.0008109358556458104,0.000640349335880424,-0.000927583562862563,-0.028769166282451603,0.09770747099466892,-0.07921863446584756,0.008578429035472318,0.00746192789791645,0.0068085789504652135,0.007135253424190831,533.0,108.0,-25.0,0.05836119129342318,-0.023702289373059435,-0.0010664975149021995,0.011151828401737727,0.02764855250600534,-0.019958987912362412,0.03678730119619594,-0.02583809679370186,-0.03973862284620278,0.0029258044674599823,0.007441426235384203,0.8602014091941447,-0.05368059468823766,0.33030463991821374,0.7884787730436615,0.7757407024807121,0.7821097377621868,349.0,73.0,-10.0,0.09608816897957666,-0.05075557906611254,0.033881611108093596,0.03193843736651007,0.022715864323786996,-0.026402756499048427,0.035955184573998586,0.01541930523495118,-0.010829885089395573,-0.023956428975602816,-0.06566302275971561,0.0,-0.08358947075523436,-0.015504031247903893,0.03068688039884871,0.024387171691227984,0.027537026045038347,545.0,75.0,-5.0,0.10999438042085065,-0.005989347569941886,-0.007480722173510745,0.0051714984477818195,0.08149199333364696,-0.0050425029619775,0.010834916982478389,0.00029582717542784963,0.008831496068736375,-0.0006776669325921789,-0.008396305729236237,0.35904505367312717,-0.07487615806951176,0.041943531830075306,0.1123994121455077,0.10733684913630998,0.10986813064090883,0.12225415290313035
cfb_20251101_del_lib,CFB,13,469.0,86.0,-5.0,0.20515609821077196,-0.02627566402181799,0.008347108762023006,0.02589701202636339,0.014675596757224376,0.02149162749710434,0.00544805561260232,0.045474506467548664,0.0058111966626252344,-0.000961761661800376,-0.00038936770056006905,0.4018992073681651,-0.039360319096631805,0.026448520452691984,0.21972835194724874,0.16854470317561215,0.19413652756143046,68.0,9.0,,,,,,,,,,,,,,,,,,,213.0,24.0,,,,,,,,,,,,,,,,,,,256.0,62.0,0.0,0.12685388065997555,0.00020905901598952328,0.011825227751553922,0.02668146497252251,0.00328896860740639,0.03385377778372055,-0.0077337268893253736,-0.0150784764622607,0.005955262317289835,-0.031219836548163755,-0.0009538277159009176,0.18757999466014644,-0.0730791218046189,0.016873268983749558,0.14776513825915144,0.05407607941399029,0.10092060883657086,0.12225415290313035
cfb_20251101_fres_bsu,CFB,13,919.0,56.0,-45.0,0.07141046264066313,-0.00016950327557944345,0.014058608260238468,-0.0003278737963873935,0.012465938194761906,-0.0016720161448893858,-0.006006505266058297,-0.0051062348607829496,-0.01112590144660466,-0.0014767206625713205,-0.003420974308883839,0.5914559795850521,-0.0308673330697342,0.04468715194850945,0.3142828940259693,0.29826817779182296,0.3062755359088961,74.0,1.0,,,,,,,,,,,,,,,,,,,309.0,15.0,,,,,,,,,,,,,,,,,,,610.0,41.0,,,,,,,,,,,,,,,,,,,0.12225415290313035
cfb_20251101_ariz_colo,CFB,13,460.0,68.0,-50.0,0.09673137617759767,0.02978690513934279,0.010906201039432333,-0.015152541574085686,-0.025598985087103274,-0.00804624523836771,0.02309518211355794,0.02691716412081485,0.18448997844066545,-0.004640871534307209,-0.012587935836120208,0.24874141613542283,-0.055211632755697175,0.018280549485577148,0.06367824716228855,0.054342939855407946,0.05901059350884825,128.0,17.0,,,,,,,,,,,,,,,,,,,372.0,52.0,-50.0,0.09463062328714819,0.047492703391568844,0.004063611128297097,-0.03740724692760625,-0.028970580867119775,-0.011164879985375818,0.027712424554288573,0.042601471486868075,0.21582912365212195,-0.010125135842418398,-0.014182660394664778,0.2894710197580416,-0.06385615342185845,0.026015132897966732,0.08651686925759625,0.07287515941597004,0.07969601433678314,88.0,16.0,,,,,,,,,,,,,,,,,,,0.12225415290313035
cfb_20251101_army_afa,CFB,13,1025.0,242.0,-25.0,0.12492569200097599,0.027900502905275147,0.00977131951781056,0.0012489675853581171,0.0010013868514915727,-0.014172150075215727,0.00574123419357515,-0.021232215654130332,0.05923709552377892,0.0016155382642855571,-0.004679417155962309,0.0,-0.12947813796757057,-0.003133415155650147,0.0004902503422693304,1.6080952265355642e-05,0.00025316564726734304,221.0,72.0,-5.0,0.06788378278980393,0.0018579339659685996,-0.10696780242546852,-0.0018364165012790445,0.004253344671387856,0.03305038530682636,0.00034776158055170364,-0.0025771068520308756,-0.0007291831179915454,0.006451395209241336,-0.003571816284953559,0.8318855223467027,-0.030473553544227424,0.1507931283597134,0.8091368793862656,0.7736680689723553,0.7914024741793104,360.0,67.0,-25.0,0.13725397442604384,0.07484794120919883,-0.030297801861459646,0.008744570410715313,0.0036000487594342054,-0.02476428758668953,0.08505658949011757,-0.02244558395052044,0.03230410539933745,0.009053415506926192,0.0013083477812338624,0.017285477669852133,-0.06733211716314537,0.001184339684863647,0.0050766523093496605,0.00019715644940727773,0.002636904379378469,665.0,175.0,-30.0,0.12402501367019264,0.008114750021965711,0.01670304851936958,-0.002025813814945112,0.0005313018148289476,-0.009899445653188356,-0.007892561654680571,-0.0209653380369719,0.06425843849982286,-0.0016654579666051555,-0.005775919824315131,0.0,-0.18708311617840614,-0.006309564675356694,0.0010036029413636215,0.00033854202435892563,0.0006710724828612735,0.12225415290313035
cfb_20251101_msst_ark,CFB,13,1253.0,209.0,-10.0,0.16855352633714457,0.0015485882796159715,0.0005310013049621438,-0.0025402141117722636,0.03396653309905934,0.022775512150757887,0.026321408109288763,0.013736502424228102,-0.044115669525437336,-0.0028009665135704824,0.0037903591937322703,0.19163572845307825,-0.07781547734910108,0.018447408194058722,0.17367483999070435,0.06721676916704299,0.12044580457887366,158.0,17.0,,,,,,,,,,,,,,,,,,,354.0,31.0,,,,,,,,,,,,,,,,,,,899.0,178.0,-10.0,0.19049454371680963,-0.003225465893495441,-0.0025901171912700157,-0.008122786846697108,0.04018102515232426,0.028569641209896527,0.002918539890274243,0.01815970171904789,-0.0554847085490011,-0.011008486360635731,-0.004307162620735296,0.17831988035425134,-0.09838406626189078,0.021351173656420922,0.1830162129644556,0.06197808831654821,0.12249715064050191,0.12225415290313035
cfb_20251101_nd_bc,CFB,13,733.0,90.0,-30.0,0.09656223274226208,0.006435108965612279,0.02154404972688685,-0.01748297151102561,0.014031230256115166,0.00047693735871918633,0.00651987922741789,0.03784740271913801,0.0023458953366070168,0.027903652732595072,0.03709944021546398,0.24831660015873702,-0.05660770933759614,0.018700205337053178,0.04811228116019517,0.047543731689123125,0.04782800642465915,63.0,10.0,,,,,,,,,,,,,,,,,,,242.0,26.0,,,,,,,,,,,,,,,,,,,491.0,64.0,-30.0,0.09867820287035829,-0.011200536204662716,0.025899433484181535,0.001993533627264001,0.01929755789679434,-0.00561419107450424,0.012336586119409442,0.02484039387666747,0.004531319314087991,0.010418335524987101,0.012506513289714355,0.3222123464777157,-0.058900864956695644,0.028000784329188105,0.08522001309312585,0.08128752587451973,0.08325376948382279,0.12225415290313035
nfl_20251102_car_gb,NFL,13,1091.0,404.0,-10.0,0.2052133722493673,0.0033668810763608213,-0.031921162314348286,0.01470755264672327,-0.002785533107948991,-0.024115201662735616,0.03916130951893115,0.027749625779043417,0.03911766917957627,0.018551342216692975,0.045614374099032726,0.06361793869218946,-0.23554990539645543,0.016003296154064987,0.00890785799734093,0.003821182780838561,0.006364520389089746,478.0,55.0,-30.0,0.05895756656962465,0.013541696665755887,0.004360993008601571,-0.0010668117671596854,0.0042369093764749515,-0.04358057937111992,0.08158877128136724,-0.008422160146221122,-0.002183919679805836,-0.014768889191344607,0.008273333119414323,0.8966033640147064,-0.03545582841070265,0.30745502234217514,0.8641722188062839,0.8179945572635214,0.8410833880349027,376.0,107.0,-15.0,0.11021076370488231,0.060833041361473016,-0.013207036072026229,-0.02891348101594475,0.051163174481323695,-0.030511697243778304,0.04286114355746576,-0.01927013429237937,0.021837734261834326,0.06348475652714777,0.03680784035896842,0.05274568183724896,-0.1849761483591837,0.010299972121274545,0.016556325396329424,0.001606562699010111,0.009081444047669768,715.0,297.0,-10.0,0.2340241992220128,-0.0014359113874108627,-0.034016980350434975,0.019455301263008064,-0.009678472908306996,-0.024540063644193335,0.03945577324706204,0.03350236013457524,0.04242648063182013,0.015714103446168828,0.04775193642333456,0.07228620846094203,-0.25277731585733754,0.01969606781197841,0.007689723789279686,0.005487368938615892,0.006588546363947789,0.056502745802844985
nfl_20251102_lac_ten,NFL,13,817.0,193.0,-5.0,0.07172763119969314,0.01071973588312658,-0.019143179801754732,0.0025614704825764707,0.020442781538140806,-0.00545953532991119,0.016832760249295583,0.0025899903587162064,0.024195653024317466,-0.006917813825588454,0.051566738747638625,0.0,-0.24893162330392565,-0.00019433457287416778,0.0004920201062207615,1.4436775420475485e-06,0.00024673189188140454,310.0,45.0,,,,,,,,,,,,,,,,,,,350.0,81.0,45.0,0.0918141131289786,0.020458558362752725,-0.026218868977780092,-0.002644193769419223,0.018001887115231718,0.022237202458816156,0.012202380086064788,0.014874870376866545,0.05130553351129703,0.028691908267231222,0.08416080728086964,0.0,-0.4091409395799223,-0.021043471838008747,0.0183517207448229,0.011078872184404929,0.014715296464613914,467.0,112.0,-30.0,0.11636847031844398,0.012616188776502111,-0.013578996302486884,0.003922615563635873,0.038260941759907144,-0.009485373604493879,0.03825451704780429,0.0024811677591805386,-0.02731856034973179,-0.012143668029777767,0.0029348895522693743,0.14022417390756528,-0.11597540123476358,0.018914877969591525,0.04471854786165347,0.014321235173647496,0.02951989151765048,0.056502745802844985
nfl_20251103_sea_was,NFL,13,521.0,345.0,0.0,0.06847357672669073,0.03322521803863446,0.011188952927300414,-0.027338409827234858,0.01839775730473307,0.034260232070562315,0.01680132809637665,0.006515511220402242,-0.03502882830041517,0.007616359490537214,-0.0017586511072338088,0.23679307477062989,-0.1666471955185506,0.051704066779635884,0.15584634790203644,0.06229119588738066,0.10906877189470855,602.0,127.0,-30.0,0.06095878183772518,-0.0009385185583750038,0.05910360852751768,-0.006405256969301883,-0.00568262683694087,0.04930537902155847,0.06231685566078348,-0.07305335336962526,-0.011628142540546563,0.04655615093428,0.06790585851924491,0.769109167002265,-0.09261501320180725,0.3085053431127104,0.6975155253160762,0.6378345599572022,0.6676750426366391,322.0,199.0,0.0,0.0946029608242423,0.0024562892858127298,0.05152744408766434,-0.00295563934057477,0.05373936379443815,0.02511923978378361,0.07257874866223672,-0.0018037163049464929,-0.05250615253874207,0.03460165356585643,-0.010354567053919043,0.2130843922958955,-0.2754962993371282,0.07460007267525681,0.16817624529283076,0.05047533592333512,0.10932579060808294,199.0,146.0,5.0,0.0831457989885006,0.06552767287380543,0.006501640831093791,-0.05388023675359211,0.025139124777589564,0.0541134012011921,0.011326480323931526,0.013778377281299162,-0.06684866272586802,-0.005216093695129542,0.0024981356444123606,0.4788275384019241,-0.052900874514096925,0.04860271290087602,0.31756046996373843,0.26647500883463276,0.2920177393991856,0.056502745802844985
nfl_20251102_kc_buf,NFL,13,985.0,562.0,-5.0,0.14405791487133285,-0.046545690052223525,-0.017346939200973834,0.02479762526005303,0.03159161238066945,-0.015005048493373311,0.028291284943409146,0.011950350903193668,0.032524763525941275,-0.024214494426403874,0.005076904548837405,0.0934464528293448,-0.274667370114191,0.02831238322903422,0.0328052364343892,0.008715627368112551,0.020760431901250875,478.0,134.0,-25.0,0.04899253815872688,0.003504083696482022,0.03214677160490044,0.02812663847909388,0.09225418763988244,-0.016041988769929343,0.03339257286287251,-0.02729494148191924,0.05376283818019251,-0.004255485076044063,-0.020260447251985152,0.6733191126033354,-0.03849132393733886,0.07933413026684813,0.6121013122148775,0.6119267498605044,0.6120140310376909,357.0,187.0,-5.0,0.17855708741562526,-0.000620873117145412,0.024856085855219087,0.035058395688784535,0.020685002814507334,-0.008860550734422231,0.07799508839087103,0.03241519026581536,0.06890649985678417,0.020938144112553077,-0.01932532321396287,0.08259555830941455,-0.2748044206214133,0.02474113217208086,0.02618332393873918,0.007181065355888327,0.016682194647313756,628.0,375.0,-5.0,0.12230097961748462,-0.06547106233405238,-0.03753393885847599,0.021500628056116473,0.03670728847898978,-0.018021194715577383,0.005903974409631522,0.004453961998326108,0.01799206317482781,-0.04234425771673994,0.02046923413964035,0.09666815493482227,-0.2794176123029788,0.029901287312276207,0.03742118842556166,0.008825279447029028,0.023123233936295347,0.056502745802844985
nfl_20251102_min_det,NFL,13,1266.0,511.0,-5.0,0.15350217068003286,0.014407216516723952,0.009790205574652015,-0.009764626785172342,-0.022243672586979374,0.0036071264477925795,-0.007279757503212437,-0.013676057694214998,0.04125854177679799,-0.003781034578000614,-0.019572617375746927,0.0,-0.23098451798362768,-0.0013437933523755387,0.008681558332472533,2.048938385088011e-05,0.0043510238581617065,520.0,93.0,-55.0,0.050541614293158135,-0.007256816158436242,0.06919148679360188,0.013148566139683671,-0.0014440597800928026,0.00023214692841611202,-0.01451266346479404,-0.008238181429557555,-0.00809457228154865,-0.006051997534680506,0.03596918091302931,0.6225069319375948,-0.06729655339992352,0.11097573579824105,0.44018034780087445,0.4248985762604798,0.4325394620306771,435.0,136.0,-5.0,0.11197186612980092,0.0310349875745306,-0.009754302531824355,-0.01848206949810539,0.013955543585902574,0.013683785638525727,0.033309585877660836,0.03408038333380982,-0.009553793420129804,0.004011483393670899,-0.08845659196375331,0.2123991680044493,-0.1320269385016164,0.03560485305845428,0.033382346387633106,0.02875855840974549,0.0310704523986893,831.0,375.0,-10.0,0.17655867137980244,0.010364642407002854,0.013212240524959317,-0.00799708872235862,-0.030056408316776455,0.0008640881497909822,-0.015884033604540784,-0.0271770293323191,0.051048535295428014,-0.006187628578177514,-0.006425477073611037,0.0,-0.28827304102321905,-0.02090521152866726,0.0036256909825455085,0.0025479697747002664,0.0030868303786228874,0.056502745802844985
nfl_20251102_sf_nyg,NFL,13,887.0,191.0,-5.0,0.10650430165504512,0.018231532238382253,-0.015145137164484417,-0.004640671900248657,0.07666730548191648,0.0003029205370269597,0.03762675273463158,0.0113655297762608,0.01100964974924381,0.013608989985552291,0.0449303750670045,0.0,-0.11230661898036366,-0.012922567501235735,0.007416707229407837,0.0030423698993818755,0.005229538564394856,420.0,47.0,,,,,,,,,,,,,,,,,,,401.0,91.0,-50.0,0.10325646054382079,0.1148076994592025,-0.041075393520886655,-0.03704939584091659,0.11716636468390103,0.007831980547818718,0.09338956609615318,0.004927277389412201,0.0021677177228233155,0.023912335152226592,0.04142660930541811,0.0,-0.15338261795536962,-0.029512331021991054,0.023858779259301018,0.0005267620495823047,0.012192770654441661,486.0,100.0,-5.0,0.11174750286311723,0.001267332136557867,0.011291787356422965,0.0003845309957321032,0.03770787458625099,-0.002026440779463232,-0.020034129384900477,0.014880873622205705,0.020807296888744276,0.01405110251738607,0.05056047838958794,0.20065058905601607,-0.07507574462652418,0.018845316174489243,0.08781573436496279,0.026434354278808962,0.05712504432188588,0.056502745802844985
nfl_20251102_no_la,NFL,13,471.0,148.0,-50.0,0.06171168300881381,0.0009195581562666974,-0.04300560997657522,8.624461922866438e-05,0.004099035236000501,0.001453050966999677,0.009465986981554025,-6.866927992127141e-06,-0.04125040956249052,-0.0035046072241943344,-0.02426419284814656,0.4689796196918806,-0.07755869764646575,0.06849727406871227,0.25042697131983865,0.2020112586303556,0.2262191149750971,274.0,47.0,,,,,,,,,,,,,,,,,,,287.0,75.0,10.0,0.08213554112906658,0.01680529160499983,-0.0248061736097922,-0.03434221760617322,-0.03348382416258224,-0.009215171875532611,0.0355863549785215,0.007354249978166095,-0.04140108642591647,-0.024849756254548064,-0.019871609904669876,0.5538023469879695,-0.10881824021465354,0.13506076605102837,0.3925724856166485,0.31794664636997794,0.3552595659933132,184.0,73.0,-5.0,0.09342396868311768,-0.001614060889918463,-0.08268220631672957,0.0065251905526815986,0.09316310511473544,0.004209634506432019,-0.04447511065749582,-0.0014876115830545372,-0.04099039583969538,-0.0017595163321691698,-0.02328171396179773,0.3444213716421751,-0.058188148287555884,0.030570309921054143,0.10924946160654153,0.0883776567557066,0.09881355918112406,0.056502745802844985
nfl_20251102_atl_ne,NFL,13,942.0,339.0,-5.0,0.1909684348341496,0.015775646920318107,-0.008124180535795424,0.022838104933635476,0.0758548304552628,0.010874225580639083,0.007727988287001867,-0.008028986452753604,0.08712421147082648,-0.0014071096953470457,-0.011703799948042898,0.0,-0.24739352402937292,-0.012898841596156849,0.0018255577414867344,0.0016201383440657465,0.0017228480427762404,489.0,49.0,,,,,,,,,,,,,,,,,,,341.0,98.0,-5.0,0.14474729591653676,-0.0037935097425575385,-0.030750977168516165,-0.05856656094349361,0.09106010546024892,0.04405298002543355,0.04547031773221327,0.0592215938176137,0.0005599449684094457,-0.03422118867124904,0.07322145181382421,0.09809836727585215,-0.14238842153091905,0.01548735600907951,0.02309216583070471,0.0070537760761657685,0.01507297095343524,601.0,241.0,-20.0,0.21102151748201314,0.01873925336955322,-0.0036331796305709716,0.03418209804013694,0.07276146792560494,0.006748211378381961,6.31736732264268e-05,-0.017117755030059016,0.10453524261590255,0.0030206446217543436,-0.028759983489668434,0.0,-0.2967889725619251,-0.021360132784543677,0.0035587420622604075,0.000416916049302507,0.001987829055781457,0.056502745802844985
nfl_20251102_ind_pit,NFL,13,1011.0,470.0,-25.0,0.12355753534573465,0.0007827965228726336,-0.011897461533025639,-0.005828090362411312,0.0016198206094750276,0.0057839539785306746,0.05034952828689598,0.0033824183794506726,0.04607742842713913,-0.0010014818691609256,-0.013816517370904119,0.12779757703501815,-0.21094296516100122,0.03090796256735524,0.03284550076288615,0.013154385528448415,0.022999943145667282,585.0,87.0,-20.0,0.04748245802303538,-0.010319875478317512,0.0525160558516256,-0.022247538187788674,-0.0034767217758948942,0.005143067160131609,0.015543565366612565,-0.014999184046021978,-0.005113643190865095,0.023909614663303814,0.05528588877271523,0.7825292627107642,-0.058348082281281965,0.20995506051663435,0.6447102499490067,0.6346377362108997,0.6396739930799532,393.0,146.0,-25.0,0.19446440078886215,0.0006670015022235954,9.833851737238004e-05,-0.0164486493643764,0.012467332374048744,0.029243226565261852,0.06490824009152842,0.023187371791723067,0.08908342254651852,-0.041525411274444764,-0.06647685423068385,0.15073564744033632,-0.24449009983584338,0.04339446649377556,0.027720278541568017,0.0158714812177713,0.02179587987966966,618.0,324.0,-10.0,0.12169370085412042,0.0013493103933015216,-0.016993064142610044,-0.007376441943049741,-0.0027335066874580338,0.007626871353840624,0.044813385888036406,0.004423105911033215,0.025741830066232554,-4.615720931786338e-05,0.014286194771668238,0.12543142711442018,-0.19334100891791758,0.02772914488374717,0.04433514814796474,0.01431388181358395,0.029324514980774347,0.056502745802844985
nfl_20251102_den_hou,NFL,13,1302.0,556.0,-10.0,0.1830503090955047,0.0196316659839262,0.026977567134174315,0.012919667188722091,0.01992528753888269,0.002999271789950459,0.07008478705810635,-0.0009693384248807148,0.01866313322165761,-0.006371876806161542,-0.006317169405710523,0.023168176880381062,-0.24110268668410956,0.00571839446589008,0.0071876393861126636,0.0004273023747186351,0.0038074708804156495,474.0,136.0,35.0,0.05030715649340513,0.006299157128019608,-0.0023627933147154887,0.023228817474347827,0.01765751923562324,0.01032930070306563,-0.011868333923288002,-0.005878700786395118,0.007288978960052773,0.005602419791099037,0.010343277366635588,0.7052361044810392,-0.11336973861556884,0.2712422859201033,0.5840270559185582,0.5739955575272405,0.5790113067228994,401.0,176.0,-10.0,0.14801298055520687,0.013657316946878013,-0.02051657630941959,0.0226918198092823,0.042968078922329546,-0.006892455546780108,0.012973422519497612,-0.028009716687597084,-0.0038316534512572225,0.06350861432612928,0.010319767356647839,0.1776267657124632,-0.16365293226083016,0.03534786863781643,0.06014888149472843,0.032082614101186756,0.046115747797957594,901.0,380.0,-10.0,0.1972591263545335,0.021965855881839934,0.03643313171894607,0.01206120179575396,0.01649203160340939,0.004945010533030553,0.08303778279126865,0.0036571782026524925,0.02329649303248369,-0.018932660246153105,-0.009520565255067172,0.0,-0.2929261627147806,-0.011337774626936742,0.0011468913461305447,0.0006309030941087592,0.0008888972201196519,0.056502745802844985
nfl_20251102_jac_lv,NFL,13,1265.0,518.0,-5.0,0.3560165240449383,-0.0017058241299641242,-0.02447802819925826,0.0019135951421266459,0.03966947446016396,-0.005386559233547801,0.07686636778381004,0.00031766157720583094,0.014901623635331433,0.005973789398839795,-0.0007213177871424748,0.05128782497990456,-0.22784069463387854,0.012317174773723889,0.005591293085252795,0.0018439514978579761,0.0037176222915553856,263.0,49.0,,,,,,,,,,,,,,,,,,,355.0,146.0,-5.0,0.18081720411511548,0.0008647581258719727,-0.040536515512627706,-0.005793156713570848,-0.029056243002860034,-0.008527856911350773,0.007764315917237121,0.043813353913899164,0.0758482194243312,0.058910237039875496,-0.0874997964211074,0.0,-0.17299476656306229,-0.006668346980973218,0.0008445762766891182,8.77114562541772e-05,0.0004661438664716477,910.0,372.0,-5.0,0.38715525842087306,-0.001297862114993666,-0.019696832836809,0.003317999816220613,0.054421778895529974,-0.004610800756859962,0.09202362494761894,-0.002667152347812085,0.006008977081472147,0.0023495930106792883,0.016767708923855908,0.05720463489069853,-0.25778204701101537,0.015641069553765177,0.004640509214135111,0.002330324178369606,0.0034854166962523586,0.056502745802844985
nfl_20251102_chi_cin,NFL,13,1234.0,466.0,-10.0,0.43335543253137804,0.018394391237524482,-0.01477686525320182,-0.012937191494467185,-0.019386527966345036,-0.010720635895530347,0.00581331199663566,1.8347448131706496e-05,0.014781671835532431,-0.05158152144717293,-0.03973956114911755,0.15681668257997292,-0.14999702646862545,0.027896704787332575,0.06640780208390455,0.019403582946057017,0.04290569251498078,538.0,62.0,55.0,0.13061535725746848,-0.004849751097207913,-0.007295604959855744,-0.016373276272792323,-0.01335524998077283,-0.025095250857865552,-0.02029491017029087,-0.0041900514230363145,0.009109743456458355,-0.028521889403202213,-0.05907552196645123,0.897055243319295,-0.04660743320509336,0.4061347433552113,0.8511953768579505,0.8119183071673387,0.8315568420126447,372.0,117.0,-10.0,0.23052075579563958,0.04850834177672717,0.012447196230326987,-0.03387307792369752,-0.04316685609212801,-0.015040438584085419,-0.008798944590404529,0.022378067845136348,0.024974297974245833,0.003470043893932032,-0.0012943567016797475,0.3177757660090042,-0.16047066366179646,0.07474622789165486,0.12710085972689267,0.0841636272000331,0.1056322434634629,862.0,349.0,-10.0,0.4695708559203301,0.01637724527102213,-0.016817066363178795,-0.011487647581844437,-0.017887543136068235,-0.01069803664300186,0.006861530411095034,-0.001980874456746238,0.014159879666041361,-0.05847674709479646,-0.04278060999596721,0.11587511975856861,-0.1496788098325721,0.019617194812946673,0.049510735923888466,0.01021523073061212,0.029862983327250292,0.056502745802844985
nfl_20251104_ari_dal,NFL,14,915.0,665.0,-5.0,0.1903556691812425,-0.011128483107241398,-0.007095713713250896,0.028988667788348212,0.07058914277250349,-0.0190576501875759,0.06264855036545028,0.00016464251095434402,0.015263523208565308,-0.01933088836844126,-0.007625557864983948,0.01427758725053545,-0.237796180408476,0.0034443324710006487,0.008776603412735402,0.00016143152520273045,0.004469017468969066,552.0,126.0,-30.0,0.043857355586792164,0.006672272510306757,-0.00892159836021117,0.01422813555024657,-0.013375276276483215,-0.005188848563549846,-0.007509155130011563,0.0021257608725795307,-0.012827367827392532,-0.022645146151772384,-0.040901498954372964,0.7641016161409785,-0.11686566334631605,0.37854113611763335,0.6949308796022974,0.6557978687061898,0.6753643741542437,345.0,261.0,-5.0,0.18769711140808426,0.019069513933987293,-0.04584323397527292,0.011111152702835966,0.09040398698671724,-0.027093768058239827,0.10003597593135119,-0.01982928329452517,0.01860948739742646,-0.02717389426395141,-0.007359280519437348,0.028528637696293935,-0.3336774504433851,0.009798912721985537,0.007392212221265622,0.0006466500166698493,0.004019431118967735,570.0,404.0,-5.0,0.1926243229585283,-0.04123525167344593,0.030726688342889327,0.04657437787506998,0.05691724978835631,-0.01161465458124668,0.032427280517146675,0.019540396321519143,0.01461313068919694,-0.012358766695063675,-0.004060351316631483,0.01187174187425247,-0.21111095819017542,0.00253636588352777,0.013928447070648001,0.00010945832735066195,0.007018952698999332,0.05415681687445594
cfb_20251105_mass_akr,CFB,14,458.0,65.0,-55.0,0.0791061024307069,0.004706062631506313,0.02292757410834213,-0.0010304632916232368,0.03416596487549885,0.02195286051214964,0.01079931936898402,0.03750565612708475,0.024322719076792024,0.0029454278250748787,0.01131646827680779,0.35847922610989214,-0.04727689181805578,0.026418136842316618,0.12667085108816453,0.08228405982404119,0.10447745545610286,216.0,22.0,,,,,,,,,,,,,,,,,,,306.0,39.0,,,,,,,,,,,,,,,,,,,152.0,26.0,,,,,,,,,,,,,,,,,,,0.11200386927462265
cfb_20251105_oh_ohio,CFB,14,1465.0,184.0,-5.0,0.0995857051533688,-0.02009319360199108,-0.012488878636875419,-0.003873821723494674,-0.021811072176592436,0.017841307603658,0.020011504673204294,0.002053054739884322,0.019814893443191973,0.014768068409945887,0.007497334944498748,0.13769054372189307,-0.07906543096007905,0.012624890170505115,0.021795386989887894,0.006300758776220424,0.01404807288305416,374.0,22.0,,,,,,,,,,,,,,,,,,,485.0,49.0,,,,,,,,,,,,,,,,,,,980.0,135.0,-5.0,0.11614695490022,-0.01290296926449875,-0.01496703126514662,0.0031274649992875663,-0.027559501864029466,0.0061332743685816975,0.0250148410099063,0.003981917563281146,0.01885075165242748,0.013529138531060466,0.005924925066705338,0.13129529622111605,-0.07561654874049568,0.011428621397943864,0.021468437794187348,0.003933484852676318,0.012700961323431834,0.11200386927462265
cfb_20251106_kent_ball,CFB,14,1235.0,218.0,-10.0,0.14992234193202142,-0.014992637128562311,0.005427333156875239,0.052663752174034205,0.019170336176355936,0.010693144687194272,0.06406354488443367,-0.002894569558743395,-0.03289903969131611,0.010961500620557047,0.0012552777134663606,0.0,-0.1526276150216525,-0.01767811080334188,0.009813142814006727,0.0009798083036427535,0.00539647555882474,409.0,32.0,,,,,,,,,,,,,,,,,,,429.0,58.0,-55.0,0.09473640072976933,-0.08756834942567492,-0.0008303338992637048,0.09140622284836446,-0.0039196976809567526,0.048525156522479726,0.0027214644152927393,0.022306361698256953,-0.07074863802039406,0.010987784858166535,0.02940053232106927,0.0,-0.10274745256664945,-0.0009277842950425128,0.00037824172764359677,4.6176815026573784e-05,0.00021220927133508527,806.0,160.0,-10.0,0.17379707337637457,0.0275885154525367,0.006573663380737891,0.038331837007649985,0.023290466175738402,-0.01065121752972235,0.0751495511747523,-0.029224371912550853,-0.026302821168581784,0.009933897432390357,-0.0035767520716132924,0.0,-0.16297148420344296,-0.017281025395772347,0.00869766836417429,0.0003749738787079345,0.004536321121441113,0.11200386927462265
cfb_20251106_niu_tol,CFB,14,315.0,34.0,,,,,,,,,,,,,,,,,,,237.0,20.0,,,,,,,,,,,,,,,,,,,286.0,18.0,,,,,,,,,,,,,,,,,,,29.0,16.0,,,,,,,,,,,,,,,,,,,0.11200386927462265
cfb_20251107_gaso_app,CFB,14,1463.0,224.0,-20.0,0.085759780502792,0.002516376347051821,-0.0016427422441150244,0.016599319986378456,0.003566034147605491,-0.01354520251138466,0.0004305066465530717,-0.017644432132222384,0.022832474988288623,0.002381768425054926,0.0014178431025950002,0.32374866120747975,-0.08441361600616375,0.040412186419437925,0.13494511086064814,0.09023928458242084,0.11259219772153449,329.0,31.0,,,,,,,,,,,,,,,,,,,453.0,65.0,0.0,0.06925812030183541,0.020279990389794698,-0.019316222722688552,0.018175376850338442,0.007960155052269272,0.01706588914181034,0.007983282204656385,-0.07795859333148349,0.05281389894467689,0.03086549194586391,-0.038774907759446274,0.33388501499165457,-0.05930887650289728,0.029728118366921224,0.1663143503890572,0.10533782293538692,0.13582608666222207,1010.0,159.0,-20.0,0.11289726092737544,0.0008521852081362517,-0.0013178540624645266,0.01872128155551969,0.003123525716185099,-0.01899002671369337,-0.000866584807081767,-0.015108707531671981,0.024016997129768392,-0.0002655689987845135,0.004050528378139124,0.34516961810400004,-0.1079352338554654,0.05689406673829912,0.14030981428277928,0.10186098797682548,0.12108540112980237,0.11200386927462265
nfl_20251107_lv_den,NFL,14,1027.0,694.0,-5.0,0.2200643927041742,0.009209198043545787,0.032795338235521526,-0.010816808095122988,0.04330181929625638,-0.009396300161705515,0.049805441229119424,-0.006587767159221072,-0.003255331574361404,-0.005946460759884971,0.016704670530484977,0.07017395671624495,-0.32171153810133674,0.0242795646700878,0.02561630271239379,0.004226189152437025,0.014921245932415408,708.0,135.0,-45.0,0.0748163231167956,0.02204170087297525,0.006939966961688327,-0.02321289155132428,-0.003915810225458294,0.026512325167851347,0.010161607146019797,-0.0030497413902223105,-0.04471206928428376,-0.02128304349476615,0.0319245917865328,0.671003548862314,-0.0737802280927099,0.15047820338147233,0.531198774334352,0.47746296960388174,0.5043308719691169,373.0,278.0,-5.0,0.21358721039536424,0.019067345425656152,0.08593652523464744,-0.02985794357185431,-0.026322651714751885,-0.02832105459481752,0.05023228163633787,-0.04348108061740213,0.02897256178148954,0.011180173488827994,0.010392536681917227,0.14586141742903258,-0.329165859826325,0.05621172004547029,0.09102637175427515,0.021690712968017604,0.056358542361146374,654.0,416.0,-15.0,0.22614699277963965,0.004102932315093626,0.007454511002615946,-0.0008882746228441582,0.07670953538661042,0.00046227058576248927,0.049920665595370985,0.01255511155148422,-0.019021265569907318,-0.01469286164910371,0.019761722596762274,0.03885947346446931,-0.34294831858117975,0.013865601041323967,0.011337952696137842,0.0011774179841955727,0.006257685340166707,0.05415681687445594
cfb_20251107_utsa_usf,CFB,14,328.0,63.0,-10.0,0.10450381115522855,-0.00407287253521256,-0.010932090598052422,-0.0038238951831808736,0.015005876603267377,0.09843992147813316,-0.10088766916585622,0.03997662779572027,-0.020901197741253673,0.048901708131350745,-0.028385037749732858,0.3963753980209142,-0.054526958474511535,0.035805606327744106,0.1610581805975153,0.1220656290985747,0.141561904848045,284.0,23.0,,,,,,,,,,,,,,,,,,,302.0,42.0,,,,,,,,,,,,,,,,,,,26.0,21.0,,,,,,,,,,,,,,,,,,,0.11200386927462265
cfb_20251108_tuln_mem,CFB,14,1321.0,366.0,-5.0,0.13261643008912188,-0.006207627450000906,0.025937809975526947,0.016939325955479468,0.004961952585448808,-0.0013612378289866807,0.01676083634205642,0.008020447797028823,0.0917508602173185,0.008578629458050952,-0.017502875943518934,0.042368731750927424,-0.1981737045202071,0.008767851265191121,0.0017601425905690313,0.0012632470081910565,0.001511694799380044,260.0,47.0,,,,,,,,,,,,,,,,,,,413.0,92.0,-60.0,0.10345620543815728,0.03246228802778204,0.0011790649240726234,0.0036042431971118165,0.013739933742738075,0.04493526030420298,0.029536373646350693,-0.06112232317289988,0.060030216670577646,0.013724809667891226,0.048304982947806566,0.16618089983552017,-0.12354462514214756,0.024622555386311248,0.03104330261031028,0.023118772397757743,0.02708103750403401,908.0,274.0,-15.0,0.16460517499680669,-0.008636820155553783,0.030444842161447456,0.020030831389506887,0.005032479119746925,-0.003235802726438644,0.01666447366847674,0.011432614024571595,0.0987472175936918,0.009843330310056748,-0.02461618143034623,0.007697172409479817,-0.2513305987446358,0.0019495409027631544,0.0003284753670126719,5.968782422293901e-05,0.00019408159561780546,0.11200386927462265
cfb_20251108_hou_ucf,CFB,14,1470.0,486.0,-10.0,0.13212012789054492,0.009763511982129653,-0.016276846993049696,-0.004231459628795217,0.01833741753548063,0.007086243962219769,0.01736364211741837,0.021545089461439307,-0.0007558521870784336,-0.007047564684893343,-0.014605450685518802,0.18282500200129997,-0.2108518301221147,0.047173477356088546,0.07343102868119393,0.029075457031228547,0.05125324285621124,424.0,65.0,-40.0,0.052402885380920125,0.0091319626060502,0.012408894598223667,-0.03091764429884558,-0.009229622840538996,0.0338047901531646,-0.0012366466428396683,-0.019740431374421052,0.0194405128016334,0.002723586086948583,-0.012309229352909835,0.2000376157222032,-0.1596231258155915,0.039915163674980846,0.10995744001790074,0.072926609280526,0.09144202464921336,441.0,133.0,35.0,0.12198379391205066,0.11286719718152355,-0.02068681774066348,-0.010787472984213056,-0.07423393461183152,0.05714736009649254,0.04700061742194803,0.07144771489050494,0.006027241921913662,-0.05909747116081263,0.030786503116577074,0.22036631520235536,-0.20693299359783837,0.05849036821027567,0.09852445044309834,0.04042451964340086,0.0694744850432496,1029.0,353.0,-10.0,0.14956534892558496,-0.011979467327982095,-0.015540287006130651,-0.002859054895668124,0.03518921628747668,-0.0037541419933453286,0.011969637533375805,0.011151713883301762,-0.002103721034310705,0.0038794301528792497,-0.021859267523654198,0.17684175782543968,-0.21960606615500242,0.04717868421676436,0.06820233043400621,0.02748373179729518,0.04784303111565069,0.11200386927462265
cfb_20251108_nw_usc,CFB,14,960.0,157.0,-10.0,0.07997648238433956,0.03314563863250019,-0.007409402490712727,-0.007366723275021573,0.00013515094624492227,0.025274744859345985,0.015336488574314732,0.041577381141277236,0.028560801014728736,-0.03592264797207008,-0.02089704571947943,0.31901655387342426,-0.09788383424985854,0.045855099209714395,0.15572335702702408,0.07716429613159782,0.11644382657931096,153.0,20.0,,,,,,,,,,,,,,,,,,,407.0,74.0,-10.0,0.1068812709828646,0.08795378721812629,-0.03875497171745311,0.031506983759017886,-0.023277053456606,-0.022559419536591022,0.014766569733724325,0.05201783466082953,0.010218138372862031,-0.0352918918794665,-0.02505087528541158,0.28359210936694884,-0.12611620483760777,0.04992345983744999,0.15473960102955536,0.06475413302374945,0.1097468670266524,553.0,83.0,-15.0,0.049104375519690144,0.017253629186246656,0.024227610610484382,-0.024968439186919343,0.024713165065012112,0.049185247792873144,0.018415629973453883,0.04259559533271319,0.05522931743295156,-0.051577778200464476,-0.02052381015345334,0.3891863144929775,-0.0698561288822615,0.04450956157255456,0.15061978760890463,0.10573555372915955,0.12817767066903207,0.11200386927462265
cfb_20251108_ore_iowa,CFB,14,1309.0,191.0,-5.0,0.13918398980604185,-6.602036693948147e-05,-0.03411468742718153,-0.004191953718334941,-0.03080024742059873,0.004138455915648509,0.10118790685080119,-0.001338876244005624,0.030331244109326888,0.003037336045297333,0.05996500068843104,0.0,-0.09319221307538303,-0.002930881015791338,0.0008121939712187052,0.000757420510322658,0.0007848072407706816,456.0,28.0,,,,,,,,,,,,,,,,,,,409.0,33.0,,,,,,,,,,,,,,,,,,,900.0,158.0,-15.0,0.1809097080252256,-0.0012172190894107569,-0.04237745035248442,-0.003132679038558359,-0.03834293643308691,0.006299536920072213,0.1117328151035753,-0.001366337913300591,0.03353167184193187,0.005551163373470609,0.05313423839843772,0.03120431108050381,-0.11869382087852719,0.0038230546981045978,0.000800824144150291,0.0003116017448511255,0.0005562129445007083,0.11200386927462265
cfb_20251109_wake_uva,CFB,14,1091.0,196.0,-10.0,0.15127543416308556,0.019734051854381027,-0.017706451195491038,0.029677694522460586,0.056867470933132006,0.036626634661460274,0.07334410199820976,-0.010400967890700276,0.006807178942457909,0.018350319705749688,0.013012025392044792,0.03269990629308142,-0.0788738860278666,0.0026663583502803652,0.0013734924419104805,0.0007007929822372112,0.0010371427120738459,91.0,13.0,,,,,,,,,,,,,,,,,,,358.0,37.0,,,,,,,,,,,,,,,,,,,733.0,159.0,-10.0,0.18753821940421883,0.022883124004122807,-0.022412807633848512,0.027955556182306426,0.07565132570557398,0.042453195653791485,0.08912366246440373,-0.010993018484215838,0.00749032826949856,0.019368759765497606,0.021420186787540742,0.10544861835830757,-0.1207737924169861,0.014236666339827234,0.011097466245523676,0.007043997199753932,0.009070731722638805,0.11200386927462265
cfb_20251108_fiu_mtu,CFB,14,645.0,85.0,-10.0,0.026780358517094708,-0.0010071753359940146,-0.028441389586840057,0.04904826122654422,0.05135640977260976,0.1019680924187338,0.01957344794196004,-0.0832708963301139,0.0272199779497355,-0.0006904127012126552,0.01831982088123172,0.4281770806388939,-0.030855360041289064,0.023104282002726156,0.12355587858197525,0.10226681340827119,0.11291134599512323,49.0,16.0,,,,,,,,,,,,,,,,,,,218.0,29.0,,,,,,,,,,,,,,,,,,,427.0,56.0,-60.0,0.01878831195574744,-0.001705004564449983,-0.019580862541887848,0.08877846806737294,0.03384086337445139,0.19635335708502505,0.006212932308026533,-0.19676458281485806,0.023532808210779847,-0.00044214156790379783,0.027935301506299796,0.5854324711593879,-0.027897418426033632,0.03939540236977763,0.22944205721380476,0.2065508202483879,0.2179964387310963,0.11200386927462265
cfb_20251108_gast_ccar,CFB,14,399.0,31.0,,,,,,,,,,,,,,,,,,,33.0,4.0,,,,,,,,,,,,,,,,,,,181.0,13.0,,,,,,,,,,,,,,,,,,,218.0,18.0,,,,,,,,,,,,,,,,,,,0.11200386927462265
cfb_20251108_aub_van,CFB,14,1611.0,318.0,-30.0,0.1209355627738443,0.011613138072148721,0.00730613205996166,0.06734707657827131,0.009760267788249575,-0.028052081420361114,0.014101960804553393,0.017273254905783388,0.012203384689133383,-0.024850694498543963,0.012960497974202954,0.021247900337181644,-0.12052801202244029,0.0026165636714073964,0.003313759951720257,0.000380294040257072,0.0018470269959886647,222.0,16.0,,,,,,,,,,,,,,,,,,,396.0,63.0,-35.0,0.14062281479724453,-0.004452420863320922,0.023071797410333217,0.015359077492768134,0.0025647813395567667,-0.037040460767739064,-1.769044501700834e-05,-0.017736040496932275,0.013313526415192994,-0.007215455455071908,0.023257889813169754,0.11414437273083365,-0.08467385173336471,0.010910405031351472,0.014052567411929904,0.011558127745163144,0.012805347578546525,1215.0,255.0,-30.0,0.12950659527506833,0.015811886678946587,0.0047053039788964145,0.08197070698017792,0.01170374707811384,-0.026101943046330272,0.017430276464598556,0.026759563903792645,0.012564369914819535,-0.03044786212419701,0.011484901328385803,0.0,-0.13249140975290802,-0.0005269419185782859,0.0014356877832866226,1.3085547873917696e-05,0.0007243866655802701,0.11200386927462265
cfb_20251109_lsu_ala,CFB,14,1159.0,155.0,45.0,0.06230070712884752,-0.0061049206171216236,0.030838345824607632,0.05876748495599004,0.12102944484960393,-0.011354593229327479,0.03415450882356756,0.014822581222337353,0.026625078239716375,-0.027665533415997912,0.029642884152077564,0.1682729622528183,-0.07323205638950421,0.014816128971718114,0.05044246591208563,0.025758025041488154,0.03810024547678689,446.0,22.0,,,,,,,,,,,,,,,,,,,401.0,64.0,10.0,0.11261475754359529,0.037485542959031115,0.04401498035032786,0.07276097006569338,0.1108874622636389,-0.000736797666124787,0.030010074824084597,0.00446514115891009,0.03500317992341998,-0.034288011113456904,0.022597942412210328,0.2138594976213131,-0.09097566039787792,0.02474876815224224,0.0795465852961149,0.03797338730064372,0.05875998629837931,758.0,91.0,5.0,0.05110211409171671,-0.0286796290251542,0.021781008860807714,0.05433161086709822,0.12878379817512023,-0.017553695831230242,0.037023993990621736,0.020478330591335484,0.02117310483572915,-0.02604842895155057,0.034395968415294575,0.18175150153554942,-0.07550577853697771,0.016771541468710165,0.05480769168040207,0.03568577055103438,0.045246731115718225,0.11200386927462265
cfb_20251108_byu_ttu,CFB,14,729.0,150.0,-20.0,0.045824849309504305,0.0018370031071236223,-0.03075940541661357,0.003134308940717107,0.026518625450419425,-0.00021899051052691308,-0.012639833928574032,-0.004677668249862429,-0.00031407129443996164,0.006934268382484306,0.009561592792742539,0.293564965548612,-0.09003871733773741,0.03741633931536415,0.1120239943804013,0.10357161422178691,0.1077978043010941,342.0,56.0,20.0,0.06555586481424078,0.0046151837225967786,0.0028549269832105237,0.019858808824528555,0.005542129515817522,-0.02091101230711284,-0.005849062215915748,0.025074000426593808,0.006688251401860848,-0.008105827155814819,0.10395120768242422,0.661429840467992,-0.04707524077648405,0.09196607592299792,0.5559604273153224,0.5160509703729248,0.5360056988441235,311.0,70.0,-20.0,0.10510067647709466,0.006669470771624478,-0.04876484098409756,0.011929785832008597,0.03527591916868062,-0.017727715552166696,-0.0365385497595873,-0.02143985512276411,0.01543831830526675,0.030412092119037747,0.02231098090167199,0.33052354820339686,-0.13602151500061893,0.06715443635001092,0.13744116506990792,0.11098575503041226,0.1242134600501601,418.0,80.0,-5.0,0.03867047218973857,0.0006189696394958971,-0.01095471596920415,0.0011334265906803572,0.022061177504026887,0.0038883483310088334,0.013181383820411882,-0.001545738155891816,-0.011720033304313529,0.0019057583674022514,0.001667264419733491,0.28532217547657057,-0.07201873340319663,0.028752174734636076,0.12504681789900826,0.1099899963587091,0.11751840712885868,0.11200386927462265
cfb_20251109_cal_lou,CFB,14,1291.0,231.0,-10.0,0.3245691300150897,-0.016925220447716584,-0.02688871835114432,0.013031387384355548,0.03526505795896231,0.0063091343387370645,0.02821584076476764,0.02724143571517514,0.0046714378626535715,-0.15225634571547772,0.015473603082717634,0.06868456721852677,-0.08832698099749285,0.00651411997481131,0.0037028925120630935,1.74589807686181e-05,0.0018601757464158557,117.0,5.0,,,,,,,,,,,,,,,,,,,271.0,46.0,,,,,,,,,,,,,,,,,,,1020.0,185.0,-10.0,0.33921597353205923,-0.016323910183507904,-0.030099644117800136,0.013148588567021386,0.0373280678786828,0.0017693745905552722,0.031859510717601715,0.031040165958161142,0.0038085721921418464,-0.1617661812906231,0.023520779823560444,0.06218831606925756,-0.0865857734919437,0.005741689447127631,0.0030344634572114977,0.00041686923699831534,0.0017256663471049065,0.11200386927462265
cfb_20251108_kenn_nmsu,CFB,14,397.0,44.0,,,,,,,,,,,,,,,,,,,36.0,9.0,,,,,,,,,,,,,,,,,,,91.0,11.0,,,,,,,,,,,,,,,,,,,306.0,33.0,,,,,,,,,,,,,,,,,,,0.11200386927462265
cfb_20251108_tlsa_fau,CFB,14,341.0,60.0,-5.0,0.07308114381443764,-0.003997051997292749,0.01796468032069614,0.04150492500415108,0.002539321230332496,-0.0009848540808139598,0.004033097288494145,-0.028149800296224155,0.025469761624976182,0.009137135177344723,0.01656737298261258,0.4936238688936167,-0.01213037474809265,0.011824890918930289,0.5198312064883248,0.43157714194590713,0.47570417421711597,41.0,4.0,,,,,,,,,,,,,,,,,,,197.0,34.0,,,,,,,,,,,,,,,,,,,144.0,26.0,,,,,,,,,,,,,,,,,,,0.11200386927462265
cfb_20251108_osu_pur,CFB,14,129.0,36.0,,,,,,,,,,,,,,,,,,,77.0,14.0,,,,,,,,,,,,,,,,,,,129.0,20.0,,,,,,,,,,,,,,,,,,,0.0,16.0,,,,,,,,,,,,,,,,,,,0.11200386927462265
cfb_20251109_neb_ucla,CFB,14,1152.0,174.0,-15.0,0.06659661072725662,-0.0019516140541560652,0.016139522473739044,-0.01118092521094797,0.039762154909873726,0.08740228861200147,0.010230236844235106,0.01024379328272098,0.036063616012194336,-0.03351558649359061,0.0017565660940781352,0.26988598241713235,-0.07632742611922663,0.028214363630157956,0.09233733421692243,0.06058261257400303,0.07645997339546273,384.0,37.0,,,,,,,,,,,,,,,,,,,399.0,47.0,,,,,,,,,,,,,,,,,,,753.0,127.0,10.0,0.08934282998573795,-0.017396028499194364,-0.0031290285586718083,0.03984086725545925,0.045580617432989814,0.026987253669176092,-0.012719490986388289,0.00260423240504286,0.03187303670155241,-0.06104996463711896,0.0016025078630811684,0.4042493336313487,-0.0842065960680756,0.057138770075364755,0.20121233173085154,0.1369209323802484,0.16906663205554998,0.11200386927462265
cfb_20251108_isu_tcu,CFB,14,1293.0,150.0,-10.0,0.19017582776056763,0.04167391700950694,-0.009689182374747207,-0.007406167775660052,0.022741341515156183,-0.01801840266738636,0.05282855321373318,0.009830921476187693,0.005307613522336281,-1.6866551756286467e-05,-0.08748853835113093,0.06531043628812652,-0.051610459717779375,0.0036062258230562627,0.012245226660016328,0.003202160379393447,0.007723693519704887,104.0,9.0,,,,,,,,,,,,,,,,,,,371.0,36.0,,,,,,,,,,,,,,,,,,,922.0,114.0,-10.0,0.22949310464642433,0.05246709476681722,-0.01129331058717687,-0.009878032480185256,0.027441699622622013,-0.025332744082563714,0.06442533401206839,0.009142894748675185,-0.002419620324894064,0.00047841842971148703,-0.1175597418022916,0.11106453147346232,-0.054323590326518026,0.006787246455101838,0.022908820566186795,0.009809250880691704,0.01635903572343925,0.11200386927462265
cfb_20251109_unlv_csu,CFB,14,710.0,107.0,-50.0,0.1664807697842927,0.009128832836102852,-0.018627066235301717,0.003135273787580655,-0.006565335708565286,0.07347971209199024,0.025306574839671976,0.03135824966982287,0.03919756816727701,0.01374068269583027,0.016055355589117647,0.07899957102945314,-0.06640056596326901,0.005695563283368364,0.03211852442854028,0.005206826111179689,0.018662675269859985,93.0,5.0,,,,,,,,,,,,,,,,,,,391.0,55.0,-50.0,0.20391434438335576,0.02279073278261425,-0.02320938321697628,0.0027564004165183797,0.04084017097560023,0.08067076975754417,0.02535399818484129,0.026327113991939703,0.06657248032785232,0.005478858739359472,0.01657600330729973,0.11034069855367955,-0.0761930581052441,0.00944990429775324,0.05960538481641498,0.011388481910163594,0.03549693336328929,319.0,52.0,-30.0,0.11078253664150002,-0.04441486021343257,-0.02890300506342194,0.002574957786543204,-0.0758373747496157,0.0453084164325717,0.039823156808944965,0.04918827113699094,0.03298695243080004,0.04374757680905243,0.0066177963539671624,0.15883691830270946,-0.05525156872776717,0.010433159870022812,0.022912475715394013,0.01899112900026388,0.020951802357828946,0.11200386927462265
cfb_20251109_sdsu_haw,CFB,14,819.0,92.0,-10.0,0.08420358308779267,0.00514874829068015,-0.057541127101456986,-0.028121081146204825,0.025940250354551116,0.016202662438344763,0.02350121398882977,-0.0002186816459397187,-0.03374287191731546,-0.05286200311089727,-0.01248855031868063,0.011175348310877176,-0.0666550207273266,0.0007533115927320143,0.00042747473330909916,7.757212861510076e-05,0.00025252343096209993,257.0,12.0,,,,,,,,,,,,,,,,,,,449.0,48.0,,,,,,,,,,,,,,,,,,,370.0,44.0,,,,,,,,,,,,,,,,,,,0.11200386927462265
cfb_20251108_ind_psu,CFB,14,1313.0,376.0,-10.0,0.2245541762390445,0.011707605547098291,0.008616995533537768,-0.019041128726111547,0.09458096887518061,0.033173443265017886,-0.017999416751384258,-0.02058578549635287,0.05520551161190253,0.013884431156732695,0.005760907044177055,0.37465424724071433,-0.15188922727296564,0.09099916943040552,0.2370390017196449,0.11838462611470274,0.17771181391717383,583.0,29.0,,,,,,,,,,,,,,,,,,,348.0,74.0,40.0,0.08374397494372784,-0.00027282043186182685,0.05993384730884057,-0.049751217187266626,-0.020387388026609415,0.056686929204263874,-0.0006064046938938942,-0.01803522548351199,-0.0003856819004163904,0.02222146531949128,0.016557650182650124,0.17379967126517065,-0.11606820799730942,0.024416132132457996,0.03599318609040989,0.021089530706662196,0.028541358398536044,965.0,302.0,-10.0,0.2481251505467428,0.014529417894693622,0.006837677884587068,-0.012659719228136978,0.101628396528697,0.028636573237247807,-0.01916465700705295,-0.021503919922496943,0.058770531981977306,0.012363866112624952,0.005489079471399045,0.39469284232321,-0.16881304012505305,0.1100751870899843,0.2691331912443971,0.1330457208607914,0.20108945605259426,0.11200386927462265
cfb_20251108_jvst_utep,CFB,14,1021.0,108.0,-55.0,0.12508187385222383,0.00657846477913753,0.020999140723671074,0.019433454001450287,0.01385934141798196,-0.0024061496715707532,0.018569129726368303,-0.009689922140594576,-0.007720330090825625,0.028004869970412665,0.02152169867968769,0.37831249496142755,-0.047588822473711864,0.0289589963066563,0.18054232256142017,0.14678441680873755,0.16366336968507886,82.0,29.0,,,,,,,,,,,,,,,,,,,251.0,19.0,,,,,,,,,,,,,,,,,,,770.0,89.0,-5.0,0.08226531878391374,0.008881612449303146,0.0035943400137189844,0.01820890271616937,0.02852960714928456,-0.016846127740859036,0.027027976449139502,0.013453652394030935,0.004103189626709573,0.01733860140133691,0.020038732571929858,0.3667107240354165,-0.04345599685677798,0.025163508487898407,0.1728707650274432,0.14758018126472444,0.16022547314608382,0.11200386927462265
cfb_20251108_uga_msst,CFB,14,610.0,125.0,-5.0,0.12910995614384455,0.002084994826480081,0.02763289287378425,0.045725501439195335,0.17248260513764038,-0.016754869462587977,0.026298179379664513,-0.010878581907089523,-0.0104858104622951,0.01759128922970315,0.04346468398606449,0.11709001835314552,-0.08406811696338874,0.011148970521090767,0.038349331153190974,0.009965825688667208,0.02415757842092909,433.0,16.0,,,,,,,,,,,,,,,,,,,378.0,70.0,-5.0,0.16688065325388024,-0.00024864976561378037,0.035869326192440744,0.10588853374101852,0.2153513949131336,-0.04249922233140895,0.03207087910722166,-0.029446640037209332,-0.012668602911450557,0.039620330848218435,0.05503805281784124,0.10366276735239985,-0.11228489964031779,0.012985919813037674,0.043993164519366655,0.009213070266157856,0.026603117392762256,232.0,55.0,60.0,0.06750211331636843,0.00268279760614588,-0.009240760787314126,0.0036390538334598347,-0.029852301141574937,-0.0005811910871161245,0.0017943260422533462,0.0004706424571327535,0.0027929317403274185,0.0016302154563981792,-0.009518040320505305,0.5180560055322877,-0.05550452324542198,0.0596634711326893,0.24004477073049135,0.22788161525724165,0.2339631929938665,0.11200386927462265
cfb_20251108_mosu_lib,CFB,14,787.0,92.0,-5.0,0.20796878680993017,-0.01096208776979779,0.008961166345555186,-0.030629145899015796,0.009705282454560522,0.0010909821505158763,0.058705785858884744,0.009863116715410885,-0.025819433215464833,0.039396838534777046,0.04940068837591832,0.0,-0.09493401126153009,-0.021098292163199056,0.01779890762432417,0.0009839769406622797,0.009391442282493225,53.0,6.0,,,,,,,,,,,,,,,,,,,196.0,7.0,,,,,,,,,,,,,,,,,,,591.0,85.0,-5.0,0.21598905172293004,-0.011184799134059429,0.00942593285865903,-0.03207913759679768,0.009940668935645505,0.0006928099799979292,0.06060551751410504,0.009914520102336389,-0.02614087578373422,0.0404506950407936,0.05030879611278782,0.0,-0.11762175460412927,-0.03378830025030174,0.030782441005185814,0.005014849248148717,0.017898645126667265,0.11200386927462265
cfb_20251108_txam_mizz,CFB,14,953.0,105.0,-20.0,0.04213584792235549,-0.004664473028330773,-0.03788419192046105,0.005172265783621154,0.011198845343182152,0.006954012986489357,-0.04562213877849792,-0.009369577819963405,0.02825176796695531,0.010229599472703726,-0.02871259677741935,0.18738950826579473,-0.05044730597822555,0.0116332436717859,0.017585721824399842,0.015910068861482326,0.016747895342941084,347.0,20.0,,,,,,,,,,,,,,,,,,,394.0,32.0,,,,,,,,,,,,,,,,,,,559.0,73.0,60.0,0.07341102997240244,0.00968597343987524,-7.627193379903574e-05,0.0008953410453393788,-0.0029913801713888403,0.008269593377412749,-0.006389120350409049,-0.0027292050349169475,0.01586673532677177,0.02449332834825503,-0.022032096793167814,0.3412450969729658,-0.05183690186728138,0.026852306560749217,0.08329299477826257,0.07644832345723047,0.07987065911774652,0.11200386927462265
cfb_20251108_bgsu_emu,CFB,14,1235.0,158.0,-10.0,0.0808110961642333,0.022025977336686924,-0.005858269347485946,0.009776611587648094,0.0030327114178961964,0.029900228479369115,0.0056350971538751205,0.025412556284515275,0.08481907641137179,-0.04021863010587958,-0.029855603597648894,0.3983454558443995,-0.054375231052524516,0.036000935105811586,0.19572982878586806,0.13142822141262955,0.16357902509924882,89.0,30.0,,,,,,,,,,,,,,,,,,,344.0,33.0,,,,,,,,,,,,,,,,,,,891.0,125.0,-10.0,0.08106709921622268,0.027757719492922665,-0.007837046375535006,0.0074689117971385496,-0.014036378764989239,0.03470062118431013,0.00311220389857116,0.02895279260566717,0.09253493615098375,-0.04659152248163462,-0.03635571704280159,0.44900837878239336,-0.047615652814301586,0.03880245406920841,0.25896319656672157,0.1679579444856368,0.21346057052617917,0.11200386927462265
cfb_20251108_smu_bc,CFB,14,410.0,57.0,-15.0,0.08094145752679262,-0.01985668957996712,0.05826859414669987,0.009971571305313632,0.020457718482511156,0.003971192878314935,-0.0010518134329402908,0.015083253975575925,-0.001817084132934814,0.0010954762297277045,0.0010102989128288199,0.2187066009706996,-0.04437766276803659,0.012422590277967093,0.06205167747224659,0.036907247651542435,0.04947946256189451,130.0,50.0,45.0,0.045689565265459316,0.0008311344863010676,-0.023765161765511255,-0.005840092789262307,-0.0006053709911202325,-0.016936651828170668,0.015583341279908064,0.01773539082913804,-0.002408829937216414,-0.003079959448219135,-0.006541506388945866,0.645422963051651,-0.03081443190726254,0.056090326992144855,0.6347964707349362,0.5898549753911919,0.6123257230630641,225.0,29.0,,,,,,,,,,,,,,,,,,,185.0,28.0,,,,,,,,,,,,,,,,,,,0.11200386927462265
cfb_20251108_syr_mia,CFB,14,404.0,64.0,0.0,0.06168166799676827,0.059346078115159524,0.039744950278937076,-0.028017125963372976,0.04061443665154284,-0.006385685173437108,-0.002954121076456854,0.004501900371155821,-0.006173651144084417,0.012827140859469403,0.02510417110035366,0.6758872827459154,-0.04111437728081666,0.08573771796907596,0.5347027010530857,0.456902764453302,0.49580273275319386,43.0,5.0,,,,,,,,,,,,,,,,,,,237.0,40.0,,,,,,,,,,,,,,,,,,,167.0,24.0,,,,,,,,,,,,,,,,,,,0.11200386927462265
cfb_20251108_tem_army,CFB,14,921.0,85.0,-60.0,0.06762695446962207,-0.003735249644595388,-0.001033288577030322,-0.013915161914703421,-0.03210380334183508,-0.006966068928914148,-0.014497134604301368,-0.00021715073610832481,0.00010829323698768828,0.010887139324060444,0.007461651730582436,0.11147997748065576,-0.036320404532527335,0.004557013659516382,0.017763404894766736,0.006207553132227235,0.011985479013496985,132.0,12.0,,,,,,,,,,,,,,,,,,,271.0,26.0,,,,,,,,,,,,,,,,,,,650.0,59.0,-60.0,0.0796553665209434,-0.005033775294391884,-0.00031192765329708525,-0.013927312074183469,-0.033505037630029114,-0.00857157395611068,-0.016243083267104424,-0.0041622469695049204,-0.0012835399533755833,0.011924505283045624,0.009618851047222123,0.14763821457266804,-0.04074805533427962,0.007058000768822849,0.032023873877492254,0.013068557807793176,0.022546215842642714,0.11200386927462265
cfb_20251109_fla_uk,CFB,14,710.0,76.0,-15.0,0.09625979234039832,-0.007556890654058329,0.0005416631704138539,0.042295177801478755,0.027141812070243205,-0.051436272507497334,-0.005549068750764272,-0.007260695188996059,-0.0015832876019762502,0.026317711775576732,0.02164141398218556,0.0,-0.08136176031408456,-0.013379630683400494,0.02311941758870353,0.02281062899575374,0.022965023292228635,195.0,22.0,,,,,,,,,,,,,,,,,,,376.0,38.0,,,,,,,,,,,,,,,,,,,334.0,38.0,,,,,,,,,,,,,,,,,,,0.11200386927462265
cfb_20251108_usm_arst,CFB,14,972.0,101.0,-5.0,0.059467106370839316,0.022400382756488812,0.0055234979819030975,0.03642013515130508,0.019455461882957464,0.011690976266940812,-0.012243407672747116,-0.005047633916929399,0.022407248103880725,0.006190048529480698,0.006228975085719148,0.3144939328852905,-0.03651313322665057,0.016751359938718634,0.1368322155014149,0.08885973254098359,0.11284597402119924,165.0,19.0,,,,,,,,,,,,,,,,,,,332.0,28.0,,,,,,,,,,,,,,,,,,,640.0,73.0,-40.0,0.0681070191182268,-0.004707954775141789,0.00823734169915815,0.040680067635441325,0.031851445079157714,0.012659469462711487,-0.010536098904316846,-0.005831707519269968,0.02324823061078162,-0.016308779848390232,0.00022295828679807104,0.4260251031286524,-0.04434944539935631,0.032917775939239835,0.22593220549109844,0.19394821916703237,0.2099402123290654,0.11200386927462265
cfb_20251109_shsu_orst,CFB,14,982.0,213.0,-5.0,0.2273845327903762,0.01001041486557401,-0.050924174857318476,0.008429723839872345,0.00169639111459545,0.011761702687875648,0.008700217870415932,-0.014422014201203192,0.017749646922627572,-0.007917422954862021,1.803150622455697e-05,0.08110047646444017,-0.15287396945743267,0.013492391109644838,0.030738047005780273,0.00784454268273808,0.019291294844259177,85.0,12.0,,,,,,,,,,,,,,,,,,,197.0,18.0,,,,,,,,,,,,,,,,,,,785.0,195.0,-5.0,0.23502945492425725,0.009696109004027273,-0.05138704560898168,0.009777319168144307,0.0014064181489635518,0.011892235467745307,0.009521747637462084,-0.012342273660021394,0.017700644742357424,-0.008941080883990317,-0.00026970378990589237,0.06625280811277344,-0.1686020325223052,0.01196293622639668,0.023784199090447874,0.005300126210671703,0.014542162650559787,0.11200386927462265
cfb_20251108_wash_wis,CFB,14,1055.0,121.0,-10.0,0.10253809540216677,-0.021802180995473333,0.012777777946830706,-0.04429281647877384,-0.023019711030756392,-0.03452364488098885,0.05632780850491619,-0.038201555077499866,0.08568613943084422,0.00955558722798117,-0.030600872768819246,0.33568471103642067,-0.04947658908596954,0.025000981892653627,0.09390998476855292,0.08790554097893087,0.09090776287374189,100.0,14.0,,,,,,,,,,,,,,,,,,,353.0,23.0,,,,,,,,,,,,,,,,,,,702.0,98.0,-15.0,0.11622354141981907,-0.041887621315393725,0.010124630497039334,-0.050106084191825516,-0.022855552761606245,-0.03800271069330178,0.06778380478778276,-0.03878065581632574,0.0948534539395186,-0.002815031723239789,-0.036928643917602824,0.27535533693532527,-0.058720507405058596,0.02231301205359196,0.058324499188595905,0.05740916938157523,0.05786683428508557,0.11200386927462265
cfb_20251108_afa_sjsu,CFB,14,1039.0,192.0,-10.0,0.06958906337652916,-0.001666074861397063,0.016143257083295066,-0.1817914890480622,-0.00453569818830557,0.1882828223565005,0.010563285095547645,-0.010076693906127962,-0.016527008124538438,-0.016003234115161896,0.0006618512478044745,0.26399007505361416,-0.08819686978047155,0.0316342178056044,0.07429045514821252,0.0401407798197846,0.05721561748399856,51.0,7.0,,,,,,,,,,,,,,,,,,,297.0,67.0,-5.0,0.09966491702882799,0.013126874224860743,0.02326244632411092,0.003347056202991549,0.11009949200108783,0.042559374645724075,-0.008639344933624157,-0.0185195435790022,-0.06255784069053083,-0.015060633294598016,-0.05329223249380939,0.2583734479166485,-0.07515976463622147,0.026184725289449713,0.09345928465551175,0.0668117252539333,0.08013550495472252,742.0,125.0,-10.0,0.08156411570949376,-0.012283525015599105,0.015019705619080018,-0.38746470782833997,-0.03889800961788862,0.36942916837379736,0.01723989337769696,-0.006848960966645535,-0.002714589568949229,-0.02200973523954825,0.01741659600442201,0.24402138640146662,-0.09543862068912877,0.03080651240376581,0.059516835507885286,0.02748940298130158,0.043503119244593436,0.11200386927462265
cfb_20251108_jmu_mrsh,CFB,14,574.0,81.0,-25.0,0.16952938268305853,0.05416794403528146,0.002763708508571838,-0.04054169222722151,0.13182392976435242,-0.020311647192201625,0.010400979192902763,-0.04252569464579832,0.015560070354165059,0.00993813539391683,-0.005881504473618512,0.1397532188145267,-0.0719620755098893,0.011690751892406941,0.01845365562739253,0.013027788806899284,0.015740722217145908,138.0,13.0,,,,,,,,,,,,,,,,,,,177.0,24.0,,,,,,,,,,,,,,,,,,,397.0,57.0,-25.0,0.20662429625208759,0.06273297706604168,-0.00869555614980952,-0.04403619062623135,0.1687666395195151,-0.01728064583202579,0.014935070546218485,-0.046210040781974875,0.0169658875936467,0.01118562711291356,-0.007140837286949923,0.09418591969841901,-0.08985747880423878,0.009343318311126997,0.010059243960894132,0.005361309104940536,0.007710276532917334,0.11200386927462265
cfb_20251109_navy_nd,CFB,14,278.0,75.0,45.0,0.044400010349077014,-0.043216724843179316,0.03524065377572421,-0.04117245409237122,-0.08187061683285236,-0.03511411963374647,0.009167172373962576,-0.03086338777075427,0.013068843294306697,-0.004680633115601598,0.012328020794985418,0.38978871644767227,-0.04043151994252714,0.02582671066107001,0.22701608863275083,0.21617911980082613,0.22159760421678848,93.0,19.0,,,,,,,,,,,,,,,,,,,191.0,55.0,-15.0,0.059395943947479914,-0.05822837796276377,0.045311318869354716,0.0022986867789405304,-0.11017422100855648,-0.04301522639045102,0.013341080150262672,-0.04213660938870356,0.02485539979196749,-0.008262416723767861,0.005699067412721774,0.41952152381779906,-0.06741539462046783,0.0487222356046147,0.2976131387905604,0.268188695101876,0.2829009169462182,87.0,20.0,,,,,,,,,,,,,,,,,,,0.11200386927462265
cfb_20251108_txst_ull,CFB,14,893.0,187.0,-55.0,0.09633482404916027,0.015033207604452387,-0.0005637024715117574,-0.010425343953143295,0.016071456457206562,0.012095470165859712,0.042536811969948435,-0.008051137593832568,0.01796910512840662,0.004166617616837767,0.020713111126765667,0.4126640565448047,-0.06830703734326415,0.04799273641385638,0.17532211626914454,0.13330272480262606,0.1543124205358853,45.0,24.0,,,,,,,,,,,,,,,,,,,216.0,70.0,-10.0,0.2474035450230429,0.14827383093667632,0.011144765145452613,0.017142878616498665,0.11832136797042055,0.006631570766314162,-0.0605103098646064,0.010707516333594428,0.0009180804484413502,0.01254315723065722,-0.01377974479805986,0.46669960466089194,-0.06892082916762615,0.06031370688367694,0.23216112524959337,0.1571468486541335,0.19465398695186342,677.0,117.0,-55.0,0.11411398678572077,0.007839019339357151,-0.0021105715316433855,-0.013247632760672355,0.005475206767224492,0.013676654815727591,0.055844710539781815,-0.010179580290427821,0.02054041517742422,0.004149843618249797,0.02534225338638746,0.41244844881657877,-0.06847290097990737,0.04806649176272462,0.17704320148891384,0.14171296414839787,0.15937808281865584,0.11200386927462265
cfb_20251108_lt_del,CFB,14,1004.0,148.0,-15.0,0.17384483552434285,0.006054088836871899,0.006029100425626685,0.05421679670336152,-0.0022290609752880024,0.011924826716810359,0.0007271036054522592,0.008696076628514092,-0.0023145922498790856,-0.008420112195928352,-0.0012799098244860062,0.0,-0.06382242083843342,-0.004266667020492163,0.004782681007268534,0.0037689849106088253,0.00427583295893868,41.0,5.0,,,,,,,,,,,,,,,,,,,183.0,22.0,,,,,,,,,,,,,,,,,,,821.0,126.0,-5.0,0.18454066378691583,0.023508896152786767,0.006059488143117468,0.04148540495326103,-0.0028365706925986265,-0.001619842450083625,0.0008078627158527602,0.010892449462266807,-0.002472304835934051,-0.018168970291379365,-0.0016600261354233824,0.0,-0.06929390877592871,-0.008313034939125335,0.012601967754395498,0.00042281445676018814,0.006512391105577843,0.11200386927462265
cfb_20251108_char_ecu,CFB,14,56.0,14.0,,,,,,,,,,,,,,,,,,,30.0,6.0,,,,,,,,,,,,,,,,,,,46.0,7.0,,,,,,,,,,,,,,,,,,,10.0,7.0,,,,,,,,,,,,,,,,,,,0.11200386927462265
cfb_20251108_colo_wvu,CFB,14,1101.0,166.0,-10.0,0.1289731995708333,-0.003487443561287288,0.02054348527535321,-0.05166867463025854,0.035149759673390665,0.04445086909720795,0.04793791058307042,-0.010485516240345001,-0.0181233920458864,-0.029765373875899212,0.011347777410477424,0.09713032447335865,-0.08849994665918055,0.009520785521860727,0.013557921620626367,0.006620543898272996,0.010089232759449682,262.0,14.0,,,,,,,,,,,,,,,,,,,361.0,57.0,-10.0,0.2736148431300847,0.034242037890888984,-0.009499860623678762,0.026293171879047523,0.01646658087117225,0.06168813192826079,0.06416975508696532,-0.01621347864005394,-0.03359268412934367,0.018006561570651218,-0.02165206713820373,0.1772106235376201,-0.08102990399713747,0.01745204814659244,0.026584043253344073,0.015829154621762005,0.02120659893755304,740.0,109.0,-40.0,0.1471553776600568,-0.02306650465881782,0.03347462670191009,-0.09210993059679318,0.04282194381534974,0.03609665570679818,0.03923316523020837,-0.009134783479836081,-0.007893282010025364,-0.054939069834649565,0.025202433620228788,0.09006073439216918,-0.09565924827715735,0.00946782106989174,0.01514771330082077,0.007225214119832714,0.011186463710326743,0.11200386927462265
cfb_20251108_md_rutg,CFB,14,1076.0,232.0,20.0,0.08305679575753702,-0.08044719544575916,0.003999460123643217,0.01671741069984754,0.22118321619405812,0.07388295861791769,0.03234467382780591,0.03629143938084319,0.02613847035823161,-0.01635274684816659,0.06313467206155723,0.35875542934098026,-0.07001399561495775,0.03917054772238853,0.1676720158811967,0.14043327770542316,0.15405264679330993,172.0,28.0,,,,,,,,,,,,,,,,,,,346.0,70.0,20.0,0.1340900068598107,-0.08569399350510311,-0.0020252693818250066,-0.03436407824792427,0.21311041344067594,0.047430938990652274,0.019524347149394012,0.021711093890734407,-0.019069679017578965,-0.018562766991124868,0.05284845356307106,0.4311365379598957,-0.07599691050189915,0.05759737982104208,0.19806186899492356,0.1924139784592912,0.19523792372710738,730.0,162.0,-5.0,0.07132836013235862,-0.074192148378591,0.013554487656740392,0.06423104736046581,0.27454594665661286,0.08228429768634685,0.057921051405159685,0.027129951107021513,0.04514516326718217,-0.006401647421368588,0.082285253391098,0.2864586295381754,-0.06688149202676535,0.02685027293519855,0.13383554502536715,0.09363101526533628,0.11373328014535172,0.11200386927462265
cfb_20251108_uab_rice,CFB,14,1063.0,187.0,-15.0,0.04345935863984183,0.006519014824226518,-0.023813916768886844,0.04465918192150227,0.012989156694652323,-0.03403153489376204,0.030223720902377165,0.016399682216045392,0.02066167316194599,-0.02881693071113508,0.0014478566405316596,0.10483744088637587,-0.05843563411054172,0.006843720477750897,0.019307466994429374,0.007915834880737186,0.013611650937583281,102.0,41.0,,,,,,,,,,,,,,,,,,,256.0,38.0,,,,,,,,,,,,,,,,,,,807.0,149.0,-15.0,0.061502190287697364,0.0030018679353741055,-0.03228783352356588,0.049800635695613014,0.012008045052408656,-0.04313124832485228,0.037415834401816735,0.01737142951797868,0.03387958169771326,-0.03380760511684438,-0.002766285974938288,0.1339464241230449,-0.06127631425915031,0.009477177171333853,0.02580451650337474,0.012614070458376576,0.019209293480875658,0.11200386927462265
cfb_20251108_stan_unc,CFB,14,760.0,64.0,-40.0,0.0873244160888902,-0.011257455793663159,0.013936052086485535,0.01601399643995004,0.014342923664278714,0.015291163840002637,0.033023550997401376,0.009462223610655221,0.012379530498479044,0.016605878988394662,0.010873680966676777,0.42188371589635937,-0.01934155123385522,0.014114609344364714,0.15388273956576912,0.12866775421437238,0.14127524689007076,115.0,5.0,,,,,,,,,,,,,,,,,,,233.0,9.0,,,,,,,,,,,,,,,,,,,527.0,55.0,-10.0,0.11689296900333512,-0.01427668879683227,0.017771776259109494,0.022005504573344742,0.019097964412610517,0.018324697875726548,0.04191657731190822,0.012422930721180295,0.015141989654765596,0.02041004265378189,0.012791542327353585,0.464123800727464,-0.04493244940029931,0.038916113871023665,0.2357156725672936,0.18500875204819142,0.2103622123077425,0.11200386927462265
cfb_20251108_cit_miss,CFB,14,0.0,4.0,,,,,,,,,,,,,,,,,,,0.0,5.0,,,,,,,,,,,,,,,,,,,0.0,3.0,,,,,,,,,,,,,,,,,,,0.0,1.0,,,,,,,,,,,,,,,,,,,0.11200386927462265
cfb_20251109_nev_usu,CFB,14,67.0,11.0,,,,,,,,,,,,,,,,,,,17.0,4.0,,,,,,,,,,,,,,,,,,,67.0,7.0,,,,,,,,,,,,,,,,,,,0.0,4.0,,,,,,,,,,,,,,,,,,,0.11200386927462265
cfb_20251109_fsu_clem,CFB,14,905.0,91.0,-10.0,0.061016670423443914,0.009088306998920867,0.020746100902759305,0.02163987440577921,0.03865988037448308,0.012074851976308266,0.04091152682712819,-0.008923889345644627,0.03906930031533384,-0.0011449622166146286,0.005364965256545454,0.2566507517020863,-0.041984726267958544,0.014495759000699765,0.07309051452287137,0.049605027223516555,0.06134777087319396,217.0,31.0,,,,,,,,,,,,,,,,,,,391.0,40.0,,,,,,,,,,,,,,,,,,,514.0,51.0,-15.0,0.08114893738644656,0.0010873544011278514,0.00978903952048722,-0.00567578147293749,0.06647739104465696,0.019467452601954465,0.041268608532245815,0.021917819643458666,0.04293792533828377,0.0017295765033689878,-0.020675435730108507,0.09390627907751867,-0.04560132030956279,0.0047260567118083815,0.008907941766159444,0.00512159048219633,0.007014766124177887,0.11200386927462265
cfb_20251108_duke_conn,CFB,14,1152.0,186.0,-15.0,0.18955323188480158,0.030479720123837782,0.0014415374037076317,0.012656490525540664,0.01482272731589876,0.00496425132017152,0.005631898143976671,0.04075992605784348,0.004638836820799524,0.011198865354489641,0.006998742227828125,0.0,-0.07910076017146792,-0.010790163605097847,0.01526304808835356,0.0020144481291228867,0.008638748108738223,101.0,20.0,,,,,,,,,,,,,,,,,,,328.0,34.0,,,,,,,,,,,,,,,,,,,824.0,152.0,-15.0,0.22122319808701546,0.031190022527203758,-0.00018132262889390541,0.018476714417741395,0.013434908022930389,0.002629869381473099,0.004746728424355664,0.04766719615825102,-0.0044448121316970094,0.0138223322152676,0.006862940822644565,0.0,-0.10109367013915364,-0.014337552975014628,0.017814930649911277,0.0026466679672438338,0.010230799308577555,0.11200386927462265
cfb_20251108_ku_ariz,CFB,14,1195.0,137.0,-20.0,0.13865223905430873,0.026778520537251077,0.0002983095072834588,0.03271326470265919,-0.01471288689828692,0.024479339431323237,0.024621648776596235,-0.07474251734059277,0.021382025939752063,0.06620780707872183,0.04944376899142456,0.2618073048693155,-0.06731119452041526,0.023872577636120315,0.06227337331762803,0.049033233571732095,0.05565330344468006,73.0,22.0,,,,,,,,,,,,,,,,,,,308.0,31.0,,,,,,,,,,,,,,,,,,,887.0,106.0,-20.0,0.15391921079928872,0.03087443721253384,-0.004268256606632281,0.044119310793010666,-0.022309348251818312,0.027030777147045312,0.02477623399594309,-0.07589808081730492,0.021499095743838324,0.06988680346051017,0.048495948816683856,0.26628191469170376,-0.0760146175205406,0.027587323119372224,0.06414752964543247,0.05158948802503562,0.05786850883523405,0.11200386927462265
nfl_20251110_pit_lac,NFL,14,826.0,537.0,-5.0,0.15484051673697738,0.011243919430543061,-0.008357112044625765,-0.008719140142624844,0.03743303699748945,0.0046284497416994395,-0.003134940856105329,-0.011164756301471153,0.04081900120810092,-0.009481166377470557,0.013703887920136533,0.10044749433781526,-0.194175925801638,0.02168243108070973,0.03875989227151919,0.010561967370964489,0.02466092982124184,635.0,138.0,20.0,0.08468359475216745,-0.011100059485530432,-0.0053129502712630115,0.020638988238284004,0.048996590336046864,-0.005391102900933977,0.032022791645513936,0.012211969771558653,0.027033500150029567,0.03812285404309154,-0.016984015796392707,0.8008423012451837,-0.08332783691295807,0.3350734472650805,0.7333630561958614,0.6517321332659063,0.6925475947308839,355.0,228.0,-5.0,0.23979030927370407,0.049382618650133735,-0.03131153442474754,-0.03844233417074426,0.02035352049146308,0.008003385027787257,0.08829495245159996,-0.04118757580868861,0.037843711097981424,-0.031185120854068497,-0.007206633914730022,0.12330104401277975,-0.3049017628828861,0.04288211526665135,0.054804772129681566,0.01306505599317172,0.033934914061426645,471.0,309.0,-55.0,0.0857513649928707,0.003395256664681293,0.0074367303828961825,-0.0028134633572446666,0.050630464047643736,0.004791803822622217,-0.05708369113282448,-0.005826794884871836,0.04788327870229763,-0.006028865716758098,0.026077257318442626,0.0841249673002946,-0.1496360304593681,0.013744370923874271,0.025939676445833743,0.00887859260111252,0.017409134523473133,0.05415681687445594
nfl_20251109_atl_ind,NFL,14,1261.0,726.0,-10.0,0.2172823751542669,0.01849385981332473,0.003221983207069217,0.02788131314991749,0.02985218580627875,-0.041124181093855336,0.041547506723737485,-0.0008551702530104654,0.03361076865858806,0.02657417448220343,0.04651882495658827,0.0,-0.32072900998477943,-0.006174183887401903,0.03134232192295434,0.000224369984893695,0.015783345953924017,357.0,54.0,-50.0,0.05533985777665838,-0.027097977984581106,-0.016023733733008024,0.003316527804901871,0.0034676235837116146,-0.026997641605126386,-0.016580111939465462,0.06282082173086319,0.02143966905984467,-0.040118432149164045,0.0028525474860773593,0.7172178801053333,-0.05725054185600291,0.1452040612756523,0.560124639778573,0.5538770010607785,0.5570008204196757,406.0,163.0,-10.0,0.13709921506097988,-0.029504404231563825,0.021341899806885303,0.0750915991461839,0.028310543805858932,-0.029708280460604017,0.007532114886540616,-0.023077376839713205,0.00674723678563985,0.004767204236573997,-0.030799004863736417,0.07881144637955433,-0.20268987578275965,0.017340947425095038,0.02491167089819804,0.0035777712161544134,0.014244721057176227,855.0,563.0,-10.0,0.2341792544422902,0.026910187321594878,0.001119345780119619,0.02101604501882885,0.03006003663242411,-0.04333571659998878,0.04581246047098241,0.00320061044871501,0.03696387992734633,0.03072525965875508,0.05606911529413392,0.0,-0.36217138549905964,-0.012830643897495475,0.028316375148050348,0.0007851456932139981,0.014550760420632173,0.05415681687445594
nfl_20251109_no_car,NFL,14,893.0,227.0,-5.0,0.217033608753001,0.007710002889884901,-0.02006130666006663,-0.0020014076082539825,0.0364578283534644,-0.007590986740432548,0.05649060967275889,-0.0014255190003165435,0.001693174178932423,-0.012082057679379133,-0.02007667830985479,0.10454827056106382,-0.13312078890007484,0.015542488553735459,0.02719041777014908,0.008015454515931178,0.017602936143040128,206.0,46.0,,,,,,,,,,,,,,,,,,,376.0,95.0,-5.0,0.2626355456496735,0.011103223481716726,-0.029531900847953294,0.003946743412094822,-0.01066620458990692,-0.030281514987480163,0.1535101166883042,-0.016572393011157368,-0.00299921826981018,0.01993487969074152,-0.014028683473095,0.2431177015625639,-0.1648083835200051,0.05293800037647093,0.1248987688292588,0.0475867698132419,0.08624276932125034,517.0,132.0,-5.0,0.19990103283257477,0.006791833922111683,-0.015647820465798896,-0.0038714688532325067,0.059124470088612935,0.000253651868359081,0.012132186907217549,0.00392066235671038,0.004134334883170463,-0.02307275916004963,-0.022960453630611402,0.06729715265720533,-0.1314382135934781,0.009483639457508502,0.012190412638632152,0.0032827994437398685,0.00773660604118601,0.05415681687445594
nfl_20251109_bal_min,NFL,14,1107.0,435.0,-5.0,0.0959664886338916,0.00540411393449429,-0.00448643095329652,0.019476024628943284,0.057888867853399036,-0.0039192732897230164,-0.025034946639129942,0.0016511468200398137,0.05211007633043729,0.009541032548536452,-0.0110940706131104,0.034248587571158264,-0.16152393000753523,0.005728147420243419,0.007685548818022337,0.0008681902946279987,0.004276869556325167,516.0,64.0,-35.0,0.04568701785673639,0.0019324253969269876,0.016652093345450016,0.05043440029326335,-0.1192297760624451,0.009853594990096115,0.0043078769357660154,0.008079606679565879,0.016468605961913844,-0.07559655016699066,0.003985900850975081,0.8477122371548114,-0.045366526031347866,0.2525334836855602,0.7597038130185371,0.7472968301007327,0.7535003215596349,409.0,143.0,-5.0,0.13199965115126752,-0.012598699761436818,-0.0259684326779018,0.009733458776236712,-0.026350203396086673,0.007968332531820407,0.025296583942938045,-0.017355643064427845,-0.024336135907938854,0.011494499473201188,-0.007191302305119375,0.09573288399353172,-0.2359694184815337,0.02498159290064488,0.02367432641692146,0.006890954797803926,0.015282640607362693,698.0,292.0,-30.0,0.10000065475421543,0.01692247107048748,0.009451695916733676,0.025932443255765335,0.11078753297584065,-0.011073846117420997,-0.05507451228064346,0.013839992177374982,0.09998721110847922,0.00898490180509675,-0.012310210395068091,0.0,-0.16359738367561413,-0.00782543188305532,0.0016624972615234587,0.00010062479486610352,0.0008815610281947811,0.05415681687445594
nfl_20251109_ari_sea,NFL,14,236.0,228.0,20.0,0.1383103114142437,0.013954890661713916,0.015157174314853673,0.0026122060207752875,0.028359851233365152,-0.0004452109999031885,-0.0027940015254835655,0.0038572790902828497,0.030826976151975726,0.00593504605418558,-0.011730172208861323,0.346127075444183,-0.1362347341159252,0.07211574041774804,0.16958665392443883,0.14981025874432366,0.15969845633438123,376.0,48.0,,,,,,,,,,,,,,,,,,,222.0,118.0,20.0,0.146921153955041,0.020708962433452615,0.019734895648474804,0.008706339660995368,0.02575675406326943,-0.005412100962093962,-0.004085410931900778,0.006565174386378752,0.043762960936673284,0.01712409379020595,-0.020495321829969,0.3866796566773969,-0.19371864659673632,0.12213366240590406,0.22292428152663865,0.19518542332984493,0.2090548524282418,14.0,110.0,,,,,,,,,,,,,,,,,,,0.05415681687445594
nfl_20251109_ne_tb,NFL,14,1047.0,403.0,-10.0,0.2726600926014184,-0.03175241150461424,0.016132129366443326,-0.013735686729622179,0.01658683204093489,-0.023778824029333873,0.09271185500025751,-0.029237429481218533,0.0314935908840494,0.011497510197932487,0.021975807235584077,0.06235883198418643,-0.26739148220306075,0.017783157439629427,0.009777052798056953,0.002581466735368818,0.006179259766712885,508.0,63.0,45.0,0.08593478276639599,0.08246145699385588,-0.039006751965523175,-0.06713502774789196,0.005543931474393401,-0.005431488382982182,0.03813917682689296,0.0676170642152032,-0.048062751017288276,-0.04440936085358775,-0.03758286739255374,0.8313201927238704,-0.03286825381921921,0.16198763527611112,0.7784835095148639,0.7330581200458501,0.755770814780357,401.0,137.0,-10.0,0.20544623908758003,-0.038480204908966004,0.06713236095263603,0.017618665303989103,-0.04751249876139438,-0.03083352186611884,0.15039742877214912,-0.015123332306351895,0.030360826761380116,0.02005211428450232,0.13660257763938063,0.14421216248254715,-0.22386234379826292,0.03772392090919442,0.01965837347274452,0.015311880910635674,0.017485127191690097,646.0,266.0,-10.0,0.2953673338904201,-0.032812864867646466,0.006590892962779953,-0.019010501203888967,0.028977701600969998,-0.024322202991944413,0.08256453833963408,-0.033099589913557194,0.032014885657935525,0.010754778562309468,0.0010956753915959553,0.04314790151858095,-0.2905064692869049,0.013099981227188,0.006750247579355336,0.0012089534053586,0.003979600492356968,0.05415681687445594
nfl_20251109_buf_mia,NFL,14,987.0,559.0,-10.0,0.15819889822398658,-0.0031195109545351916,0.003132417332202238,-0.0029080092839915755,-0.004156286826402707,0.007046755330094522,0.036224742224717596,-0.007144470911433156,0.022682644235630673,0.0028681956869672704,-0.0318125939115906,0.1253042971127617,-0.21605142361935528,0.03095038844648909,0.04123733649315087,0.009912366114030999,0.025574851303590933,303.0,70.0,0.0,0.0480559573159986,-0.002886753708246213,-0.03769776947513839,-0.060014332659876705,0.036379834115066956,0.04971354661909174,0.0043194296585987585,0.014987802697986366,-0.025669285578905455,-0.012536206720446792,0.0006994141197623363,0.6579362606309374,-0.03527424842884278,0.06784760977777746,0.553596603367391,0.5003766670578401,0.5269866352126156,405.0,228.0,-20.0,0.13784565744696825,-0.010646897768312253,0.03347513283390408,0.006971484923955933,0.05391960368518794,0.060185398900481496,0.08322063140763751,-0.021487499695215316,0.017698161852896528,0.01831114124957645,-0.05025456721560922,0.04202052143787925,-0.2945565983567048,0.012920341336011281,0.016044281208251777,0.0009569551474860591,0.008500618177868919,582.0,331.0,-10.0,0.20017456161147446,-0.002459763426413787,-0.007546574645665878,-0.004404389564922421,-0.02708375306334921,0.002303927192815426,0.020269864840019056,-0.006566711988142793,0.029545275539263744,0.0019467998121199038,-0.02410444674505987,0.2405984883281979,-0.20484722562149107,0.06490102016554376,0.09608898774466268,0.04447472361121029,0.07028185567793649,0.05415681687445594
nfl_20251109_det_was,NFL,14,532.0,231.0,-10.0,0.08491845451368557,-0.03145652516457359,0.0018008060760948841,0.002569759079280744,0.12723953839881527,0.020286245460416408,0.021912149710910992,0.020254466401659683,0.025725801179132753,0.0444980518467056,0.011897870233815862,0.21592767666166357,-0.15388391333435694,0.042378483327174275,0.07794018617943566,0.05626258288444443,0.06710138453194005,374.0,86.0,-30.0,0.08392751792325623,0.010195165852319683,0.006471308467136935,0.0031683939331357343,0.010644155555798469,-0.005190431498850075,-0.09456260772051595,-0.012121519544151988,-0.033981571707932305,-0.044103696715469605,-0.03250022742114487,0.8232889229937015,-0.04243632022987744,0.19770889844458564,0.7763080857025659,0.7439752569617933,0.7601416713321796,275.0,121.0,-10.0,0.10508976531920092,-0.050516283394390786,0.012552680117714713,0.01459354820610903,0.10957715783724202,0.03632555744660457,0.0431329753435316,-0.02155241285924289,0.03163929129284308,0.06260772528883443,0.00851828914716874,0.15223479420299613,-0.23151958620609836,0.04157440800712414,0.04442516735854557,0.03594466730593449,0.04018491733224003,257.0,110.0,30.0,0.08593688342785628,-0.02302082328920832,-0.034238103205870396,-0.004667629238657414,0.19861349237786707,0.012448712966227836,-0.049637001342998054,0.04840575932492193,0.008164792753071111,0.03843411295889014,0.02750652893326738,0.4416793594590693,-0.09042559730989495,0.07153437827382308,0.24271473681103953,0.15479910065175684,0.19875691873139817,0.05415681687445594
nfl_20251109_nyg_chi,NFL,14,1087.0,360.0,-15.0,0.18088571116439225,0.006628043948000716,0.03825780221294223,-0.004604902149947076,0.02540274688025551,0.0033117505402313714,0.11801194639249146,-0.012218744034408128,0.09389522428077646,-0.0075491980745212,0.07048460346895537,0.1701901413170905,-0.18930956002220956,0.0388265099959093,0.06788985019716853,0.02164569563104126,0.0447677729141049,404.0,40.0,,,,,,,,,,,,,,,,,,,362.0,86.0,-15.0,0.21380915320330415,0.0543115110180726,0.020231149822570786,0.008633833801614268,0.07319475861616123,0.011809043998711176,0.10362130606023702,-0.018411344756880596,0.06740347475493749,0.010855515377329709,-0.026791606797226176,0.0,-0.15696354772365048,-0.006374505803797192,0.004312498028292527,0.0008503675881900859,0.002581432808241306,725.0,274.0,-5.0,0.208531045051787,0.0014172831539370988,0.043448212408307936,-0.00634946029478169,0.01047587403868106,0.00248790532469049,0.12247560629620168,-0.01207104931289459,0.10187431958544078,-0.010433174684828878,0.10012041555966943,0.21731593391359544,-0.20870678117441718,0.05794842520789463,0.09795517967653664,0.03871738450720109,0.06833628209186886,0.05415681687445594
nfl_20251109_cle_nyj,NFL,14,1031.0,298.0,-5.0,0.44679915514375246,-0.028949575716465534,-0.03517955399438792,0.05562460115805165,0.0845515691214095,0.0012477732918831635,0.06358421307486338,-0.0020171664678520587,0.049140728871577784,-0.024313859843893462,-0.02748214125344773,0.29282239174630736,-0.22207946908594214,0.09195687269578666,0.09766718256698609,0.07251107233928471,0.0850891274531354,344.0,42.0,,,,,,,,,,,,,,,,,,,342.0,125.0,-5.0,0.5470011239882293,-0.004457233786931565,-0.009804537269222723,0.018199638770351717,0.11837812675122043,-0.007484858338661728,0.12352102513850124,-0.011553340398335811,0.08399198627617177,0.01058475954557832,-0.018541825908621974,0.32934047922741566,-0.2828303797212765,0.13888939158005748,0.12784379259158815,0.09579176643254239,0.11181777951206527,689.0,173.0,-5.0,0.2945141101109504,-0.045893857891952695,-0.06280481767186881,0.0838232842599899,0.0576729507663701,0.005551343989125654,0.009300626362539772,0.0020250896597934294,0.01857046134947119,-0.04541859181109017,-0.03796127131930493,0.2842372435805162,-0.15467787703121663,0.06142428202072108,0.08994717883372001,0.0783968419807602,0.08417201040724011,0.05415681687445594
nfl_20251109_la_sf,NFL,14,803.0,323.0,-10.0,0.11153016917415134,0.005327762924278331,0.010719808905966197,-0.02510535649177829,0.03302472237698572,0.001712455179216059,0.0743139401212282,0.02228192386068621,-0.014547822986344184,0.010255442476647744,0.05984620202685385,0.038760994077559084,-0.18882190397445034,0.007614052963491204,0.0018004101429756109,0.0010149862426736523,0.0014076981928246315,331.0,63.0,55.0,0.04996243560450988,-0.04674697910871163,-0.009988998682382304,0.035250142080736846,-0.02053514258045322,-0.03666808182874599,0.03492135175319393,0.003176372064907422,0.0216353016382759,-0.026677231565610512,-0.0055120251833954085,0.7785957965255623,-0.03956628021898595,0.13913981297203193,0.7035398957052558,0.6929877060783804,0.698263800891818,348.0,122.0,-15.0,0.06613746212840452,-0.004969727761730472,0.02718031179118242,-0.007866762387854288,0.06776780445292918,-0.01735189901983163,0.06423451739027018,-0.06173938327655498,-0.041529127712727563,-0.06379179240789681,0.09348413217715665,0.07731909793020951,-0.20436308096673247,0.017125280294780547,0.008308123171932946,0.003471006467174886,0.005889564819553916,455.0,201.0,-10.0,0.15307850886878818,0.007367054193585246,0.00153368574101362,-0.032448367358866644,0.013225604734654563,0.003539218195051917,0.08295833404207435,0.03394458288152017,0.002647242186527172,0.01828681101916398,0.041806547927415616,0.037314851346894995,-0.1910188731557186,0.007404124667581721,0.001043880343948856,0.0006802707612614242,0.0008620755526051402,0.05415681687445594
nfl_20251109_jac_hou,NFL,14,1168.0,499.0,-10.0,0.4900852074940154,0.007407981339330798,-0.013968040394211739,-0.015913685113553407,-0.0362799496248525,-0.011942067519724762,-0.023607701395486312,0.04210093812926642,-0.010196782607272241,-0.0022418178577808326,-0.10364013191394526,0.22708731624621403,-0.26837896920030824,0.0788516751421791,0.04217760432170585,0.040689393679673704,0.04143349900068978,417.0,79.0,-25.0,0.06771666442880879,-0.014446776316216808,-0.005180157184358136,0.028577566599629393,-0.009495215472008392,-0.01671610779257636,-0.017257563255217233,-0.013823898550963361,0.035124308157173975,0.01571420898470328,0.048749864654058714,0.80712405867281,-0.04827036078991288,0.201996004510818,0.7765702078970782,0.725167676576852,0.7508689422369651,380.0,128.0,-35.0,0.0693685656995259,-0.033223034577463985,0.011076487988066978,0.06738994083218836,0.10052584459113614,-0.04601222643476413,0.04007147318727582,0.04074238524501705,0.00709687724192004,-0.014667051665195854,0.013892616606351384,0.16753999406393047,-0.17514870825159737,0.03525023824751922,0.04231742772756136,0.02046891751578273,0.031393172621672044,788.0,371.0,-10.0,0.5390522086166386,0.010577649502187283,-0.016773284487564606,-0.024068388418205282,-0.05270147026671163,-0.009560023969270573,-0.031141534274270053,0.04258159982085951,-0.012009532856344414,-0.0014540693996501746,-0.11820053627644264,0.23939121136626804,-0.29759052338472103,0.09366254630341339,0.04485385188915061,0.04129017421003922,0.04307201304959492,0.05415681687445594
nfl_20251111_phi_gb,NFL,15,1115.0,719.0,-5.0,0.206241635626707,0.01899122233976224,0.04475554352294156,0.0144180510468989,0.10492591345925324,-0.007702386459428191,0.04184427100365076,0.000726358902745032,0.02602709467909907,-0.01010155046310377,-0.029363951446023606,0.08978702759257289,-0.26474649032998493,0.026115646725429185,0.028823152784769372,0.005485669166124007,0.01715441097544669,651.0,196.0,-45.0,0.06968358829245253,0.015601219291755201,-0.00991517711535995,0.0032554607956608575,0.04381361105128024,0.016899594317837163,-0.006783992098496309,0.016751309958237422,0.05805765405175622,0.03486630376843756,-0.024072972460411034,0.5453227647305535,-0.135540760867816,0.16256248766516393,0.4723105234516129,0.37128442290749925,0.42179747317955607,396.0,231.0,-10.0,0.14133558514519134,0.0006869662293488744,-0.09428559012320352,0.10304368067976127,0.05304505510167041,-0.04924625175535749,0.12095954070781988,0.011959807481175234,0.002676549107067574,0.00546843279176276,0.04174535552432993,0.0,-0.2703656099094368,-0.0011890116514601354,0.005283040450612487,1.1912044977060119e-05,0.0026474762477947736,719.0,488.0,-5.0,0.2570074245946432,0.030407810114988554,0.06854377540989834,-0.036494361020435,0.11703873665436636,0.015840982286084635,0.029188253285404416,-0.005934787292371847,0.030883857324028284,-0.01982398960585102,-0.04166173942442392,0.09457017627860063,-0.2986265239185871,0.031190891075768598,0.02911162254997392,0.005892239626069604,0.017501931088021762,0.052499863888854
cfb_20251112_ohio_wmu,CFB,15,1101.0,186.0,-10.0,0.09402644295004536,-0.025888647597077454,-0.01695036533257577,0.026802758074610567,-0.010450424207763915,-0.01275978648458414,0.026095544249517637,0.0012999361943615614,0.035512946380646324,-0.0037482289891093775,0.0221288047937355,0.15350795033257608,-0.08791656405316038,0.015943317546084045,0.04863694981983419,0.014500475080120104,0.03156871244997715,413.0,69.0,-10.0,0.04903420616505601,0.01846339218949343,0.04300485020265104,-0.0030139252119495783,0.014961563706512524,-0.011405591074932369,0.007352107471546471,0.0028304170221554775,-0.03627502858503974,0.016813368532843685,-0.040501605550489726,0.9311760250365574,-0.025876857275496445,0.35010923317105946,0.9498529307518586,0.9178569705621277,0.9338549506569931,406.0,66.0,-40.0,0.07987514287670042,0.01798009498121965,0.004090383800031241,0.06065811960261644,0.0025012706548457925,-0.033039914556524955,0.0037852997024498064,-0.02622864389377432,0.036976191427997136,-0.030847391144868622,0.04120410372634449,0.3355462013331555,-0.10154876389754047,0.051281672321331635,0.11681344235961737,0.0562413552805346,0.08652739882007598,695.0,120.0,-10.0,0.13408291826862653,-0.03589176471139983,-0.02405423061299652,0.03449081700256098,-0.01511735577192001,-0.01650306798074884,0.03206619859390181,0.0024390731520080857,0.03436320167632333,-0.00432866443757397,0.01563260734266127,0.07533532482092643,-0.08237225719833724,0.006711125577569887,0.024384790450109994,0.00409844561063927,0.014241618030374633,0.10742029030414062
cfb_20251112_kent_akr,CFB,15,1528.0,405.0,-10.0,0.10730671053062715,-0.007941351929751612,-0.07119171763607068,-0.005868292127168746,-0.020492754899129186,-0.0048584225470452375,-0.07363822663849114,0.049345908372960656,0.00677620460864069,-0.05731145887050718,-0.015489916651434763,0.06425645981839569,-0.20215144210994873,0.013881512892568533,0.016523012737400294,0.0028286253017822055,0.00967581901959125,323.0,32.0,,,,,,,,,,,,,,,,,,,420.0,76.0,-20.0,0.09699061253177733,0.01235117807825534,0.006093403714771184,-0.00914244075594699,0.08347414453059719,-0.019162871842542922,0.025709855136426096,-0.009393167160133198,0.01875393440190706,0.015763880750845713,-0.0020711217943724775,0.12391629456542666,-0.1244638905707526,0.01760460105701192,0.03792527308080091,0.006323996219669047,0.022124634650234978,1108.0,329.0,-10.0,0.12249244825874397,-0.010199515197029243,-0.07613020547007388,-0.005762882024004566,-0.02630866560646793,-0.003679875843967774,-0.07978118433155226,0.05726605350733946,0.006209080107340639,-0.06684085589789812,-0.016386884432350503,0.060474814160490255,-0.2256571203428458,0.014524967102963965,0.01406070314237937,0.00273768012212273,0.00839919163225105,0.10742029030414062
cfb_20251113_tol_oh,CFB,15,789.0,98.0,-50.0,0.05871422189070499,0.014573025433035553,0.013253915672383047,-0.012397876051542417,0.019037200737870994,0.019095764059922613,0.002545607740940918,0.015166289256189378,-0.057309167847633104,0.0057693177108785855,0.001507088877928944,0.4468194984969296,-0.07756058784351906,0.0626478750953876,0.2167770872905955,0.1529503660890999,0.18486372668984768,244.0,33.0,,,,,,,,,,,,,,,,,,,392.0,55.0,0.0,0.07988309323448814,0.013856618257648633,0.02656647205073954,-0.05297543905385833,0.053346776361965026,0.05172595477194933,-0.003044231065203602,0.0068476106861466825,0.001002054708766308,-0.03365199300016036,-0.004108503986169975,0.550651192427015,-0.08085080514703706,0.09907802471617551,0.3297509889598624,0.19948207298395892,0.2646165309719106,397.0,43.0,,,,,,,,,,,,,,,,,,,0.10742029030414062
cfb_20251113_buff_cmu,CFB,15,1172.0,369.0,-10.0,0.12987856627476874,-0.02195545253061712,-0.01652219178919859,0.046663547701864774,-0.002177505295815232,-0.007917582802534483,0.027107871538276717,0.01728339707408514,-0.00828653138583712,0.05026438991267065,0.009780279350677202,0.10468324179554099,-0.1447638943258905,0.016926248296047885,0.03484200534179891,0.0070536812613790955,0.020947843301589004,297.0,66.0,15.0,0.06049454075854037,0.003103043501855356,0.01415023461023529,0.0020880719019358094,0.019672285980527508,-0.0484996184164135,-0.09154882445964381,0.009616575322147646,0.040902213314033736,0.04003051922219952,0.07678975964399706,0.8106932462735768,-0.03657614071689745,0.1566348250670042,0.8130399416606907,0.7759663210563736,0.7945031313585322,403.0,135.0,-10.0,0.2389912246063203,0.03759299430254074,0.02157706381397637,0.08611700112520417,0.0032530474110162274,0.05786550860553743,0.11371768755046999,0.05853299081766614,0.017973564142201855,0.06671271730368768,0.030125938495741977,0.0,-0.16839003953083354,-0.025948568844552124,0.011566803694214733,0.0001467351113357335,0.005856769402775234,769.0,234.0,-5.0,0.10530006407354804,-0.04370735105141494,-0.02962376773652368,0.03497240606852448,-0.0032265921137222646,-0.03132632760191944,-0.002037880172578582,0.003882028804057717,-0.017456755773409625,0.04710485382356416,0.00351094650035487,0.1783874622831094,-0.14339872920033853,0.031134548491378655,0.06346423081944041,0.02465455638157175,0.044059393600506085,0.10742029030414062
cfb_20251113_niu_mass,CFB,15,299.0,49.0,,,,,,,,,,,,,,,,,,,204.0,28.0,,,,,,,,,,,,,,,,,,,296.0,35.0,,,,,,,,,,,,,,,,,,,3.0,14.0,,,,,,,,,,,,,,,,,,,0.10742029030414062
cfb_20251114_troy_odu,CFB,15,498.0,89.0,-60.0,0.07918709582478488,0.008595011959890559,-0.00025113903517506197,-0.0010888219694916348,0.01732376801530383,-3.566577382639179e-05,-0.04721136020035685,0.011915662141563855,0.0063261335523728136,-0.007317698993619816,-0.013384281121015699,0.3903481653820473,-0.048983528583852395,0.03136319687880228,0.18617115900287476,0.11807720440881979,0.15212418170584727,321.0,14.0,,,,,,,,,,,,,,,,,,,327.0,47.0,,,,,,,,,,,,,,,,,,,171.0,42.0,,,,,,,,,,,,,,,,,,,0.10742029030414062
nfl_20251114_nyj_ne,NFL,15,805.0,411.0,-10.0,0.04734473675688289,0.014646533133771096,0.0301812620212908,0.019650897732101606,-0.02355090810140169,0.024956457140386776,0.032361808945751705,0.013334355497786773,0.05747033796138023,-0.00933295461353053,0.031009686826137518,0.19601279752174217,-0.2211065913834956,0.05390598431664432,0.11792762777213596,0.04648973411867575,0.08220868094540586,638.0,90.0,-45.0,0.041182775139501276,-0.011150121627463618,-0.011206078176334818,0.0070358434536374566,0.034137662539961755,0.0010184118857962208,0.024542975941442932,0.014992902667391944,0.04095389380662866,-0.014729759686478735,-0.011403723064803636,0.7149905866380712,-0.06311368433843957,0.15833052549996507,0.6088909692987647,0.5705531699391403,0.5897220696189525,351.0,162.0,30.0,0.08381119690206544,0.010686830675619414,-0.008625377719949928,-0.0025944010176598207,0.03566020106261156,0.04909821716127047,0.033804225555674125,0.05998807929903205,0.1088006060959809,0.0034430050524317116,0.02643836302607259,0.40106813832314375,-0.21688877079206953,0.145237181540532,0.3098973073724856,0.208660021921198,0.2592786646468418,454.0,249.0,-10.0,0.07696066863471415,0.017792289115957073,0.061918975921301356,0.03766753708656095,-0.06981394476241146,0.005343364835580031,0.03223532312897832,-0.02434634782645466,0.018683818347746104,-0.020490664951502036,0.036464519833390635,0.03857743266508939,-0.26506839052761866,0.010635966259423917,0.03720131245767466,0.0016992344648837038,0.019450273461279182,0.052499863888854
cfb_20251115_clem_lou,CFB,15,1414.0,632.0,-5.0,0.44009992201607356,0.24284147532140682,-0.006229720123317358,0.022901985595998448,0.1974888576422221,-0.06102723601073176,0.11073891297041748,-0.019632159980300084,0.08670966651273788,-0.021212836699777207,0.009849992239514823,0.0696553036897029,-0.3927161497542885,0.029402825408123997,0.036973379984741934,0.002943785730377086,0.019958582857559512,606.0,118.0,5.0,0.06263203751821343,0.03285837836033633,-0.000319929732576938,0.01738722681732794,-0.00011109141044459748,-0.05234081962513445,0.008962819735413071,-0.03147607649613323,0.011564124914489736,0.024933853914525166,0.002085041051107786,0.6742824302640613,-0.07093322815176727,0.14684203097617382,0.5387265252591455,0.5198701266025878,0.5292983259308667,405.0,150.0,-10.0,0.20942383987533456,0.15160819657041533,0.045311104615844526,0.03902879615568325,0.3288069933030873,-0.013534286955143792,0.11435981000929299,-0.010814992935359142,0.056661539905323875,0.04754528927803444,0.038716486093290876,0.16874356412465236,-0.3199815565297046,0.0649556815113467,0.09450997689347773,0.025592816164295512,0.06005139652888662,1009.0,482.0,-5.0,0.4944208533112097,0.2605306626217457,-0.015054181782038652,0.0200084519942762,0.17695657280027227,-0.0698100916891309,0.11067770896941624,-0.02184060878804311,0.09188069648120444,-0.03405891971881674,0.004765969907598031,0.0661825806321637,-0.3988274391280504,0.02826615631809524,0.02961009135189742,0.0025042729308666755,0.016057182141382048,0.10742029030414062
cfb_20251115_minn_ore,CFB,15,93.0,45.0,,,,,,,,,,,,,,,,,,,136.0,12.0,,,,,,,,,,,,,,,,,,,51.0,15.0,,,,,,,,,,,,,,,,,,,42.0,30.0,,,,,,,,,,,,,,,,,,,0.10742029030414062
cfb_20251115_utsa_char,CFB,15,261.0,41.0,,,,,,,,,,,,,,,,,,,62.0,9.0,,,,,,,,,,,,,,,,,,,110.0,16.0,,,,,,,,,,,,,,,,,,,151.0,25.0,,,,,,,,,,,,,,,,,,,0.10742029030414062
cfb_20251115_unt_uab,CFB,15,109.0,20.0,,,,,,,,,,,,,,,,,,,44.0,3.0,,,,,,,,,,,,,,,,,,,80.0,10.0,,,,,,,,,,,,,,,,,,,29.0,10.0,,,,,,,,,,,,,,,,,,,0.10742029030414062
cfb_20251115_scar_txam,CFB,15,1431.0,754.0,-10.0,0.13538501738477207,-8.604868821586899e-06,-0.028094261170978407,0.0365428126296936,-0.011652919597061074,0.013476584365652957,0.033534777349388964,0.00399368690733695,0.007098220595176931,0.01012838226675568,0.0012319920534586304,0.012958833400339296,-0.2755333252847336,0.003617468631938604,0.014746576692485079,0.00011053505709063526,0.007428555874787857,308.0,44.0,,,,,,,,,,,,,,,,,,,443.0,183.0,-15.0,0.148723246031003,-0.0007537897456090282,-0.006895250547942045,0.04661893597389491,0.0053144500670773785,0.014830819432980306,0.03862660646335241,0.03042668432943418,-0.00660275912884831,-0.01328960754369819,-0.0002684924300362016,0.0,-0.22775056453529152,-0.02894422849771997,0.008402861858784463,0.000651442503658422,0.004527152181221443,988.0,571.0,-10.0,0.16912503095758497,0.002569629629538293,-0.03250526401607962,0.034109692982901875,-0.015110251480095685,0.015207329292452356,0.032782920274796616,-0.0064569525767575785,0.009965886982335524,0.025332777240616527,0.0013902644480081197,0.05986238459920214,-0.30243493494388973,0.0192572620170373,0.029816288892746012,0.0027390302612980894,0.01627765957702205,0.10742029030414062
cfb_20251115_okla_ala,CFB,15,1296.0,476.0,-15.0,0.19091861819496556,-0.0013628136284764213,-0.028604672289614032,-0.01584322851949497,0.004866900204118427,0.010048671469316808,0.08263978898044483,0.03400059141503616,0.02780935504190091,0.014972420558319363,0.042783262511199543,0.05700336654199349,-0.20803733819959128,0.012575685026918033,0.00894407752061946,0.002294945948226622,0.005619511734423041,420.0,23.0,,,,,,,,,,,,,,,,,,,411.0,165.0,-10.0,0.1179811399607961,-0.04699870631578242,0.0060535794113497155,-0.017817465807809674,0.01552405121918608,0.0634275159769055,0.02813392666151136,0.014509129015946606,0.011291269606770245,0.02784747019326817,0.05499771457622209,0.013628959033424159,-0.29119375855670365,0.004023503977031906,0.011295166429543676,0.00010602515142402146,0.005700595790483849,885.0,311.0,-15.0,0.24558297908527835,0.012174832279458625,-0.05132071683293387,-0.016100233010848595,-0.0020707181015598075,-0.005804426687676197,0.11805908938408356,0.041052030763879484,0.03774266895821167,0.011676625118863802,0.03617112240335823,0.09425440415695471,-0.1899142671176036,0.01976300648904989,0.010718272040788531,0.007045093669342204,0.008881682855065368,0.10742029030414062
cfb_20251115_fau_tuln,CFB,15,374.0,42.0,,,,,,,,,,,,,,,,,,,25.0,7.0,,,,,,,,,,,,,,,,,,,168.0,16.0,,,,,,,,,,,,,,,,,,,206.0,26.0,,,,,,,,,,,,,,,,,,,0.10742029030414062
cfb_20251115_app_jmu,CFB,15,169.0,13.0,,,,,,,,,,,,,,,,,,,21.0,4.0,,,,,,,,,,,,,,,,,,,159.0,8.0,,,,,,,,,,,,,,,,,,,10.0,5.0,,,,,,,,,,,,,,,,,,,0.10742029030414062
cfb_20251116_tex_uga,CFB,15,1117.0,229.0,-25.0,0.08803215745710963,0.000682755010175961,-0.02180379231077453,0.001449754967188812,0.007666881261341869,-0.019943854725143824,0.030556849923882457,-0.020629563385242883,-0.010945604031060189,-0.04009733287957096,0.03259867285798733,0.014698246575275273,-0.1117922951173224,0.0016676624324873694,0.0026090470090657254,0.00013259588910128015,0.0013708214490835027,557.0,30.0,,,,,,,,,,,,,,,,,,,431.0,101.0,-15.0,0.09235608322023431,0.0011073500481542384,-0.06876569102511795,0.0011002327135109693,-0.04827162620927622,-0.03188383163772903,0.05068344709891783,-0.03179581718508231,0.02507164396420249,-0.06627954020621325,0.034401129396524,0.0,-0.1373450607575975,-0.024401670103223166,0.016448037288998095,0.001958060895462679,0.009203049092230388,686.0,128.0,-5.0,0.12280818019008503,0.0036333173555232823,0.006622641350535878,0.014002526955090988,0.04181272542995077,-0.0008524070151712461,0.018010256640965103,-0.010743204871454299,-0.033587148141169254,0.01289085617659508,0.03128310337010813,0.11177441789529746,-0.10307599484633984,0.012971096031289727,0.012819623962653182,0.009971856093817245,0.011395740028235214,0.10742029030414062
cfb_20251115_ucf_ttu,CFB,15,40.0,7.0,,,,,,,,,,,,,,,,,,,50.0,4.0,,,,,,,,,,,,,,,,,,,40.0,5.0,,,,,,,,,,,,,,,,,,,0.0,2.0,,,,,,,,,,,,,,,,,,,0.10742029030414062
cfb_20251115_mtu_wku,CFB,15,500.0,56.0,-25.0,0.05829664000753033,0.025572263954572457,0.004883022970089218,0.01612055750088097,-0.0021928399646962593,0.009647889365544744,-0.0015705928201065979,-0.0071353100882643496,0.0033137474030420122,0.0026361199623866336,-0.004319832043312057,0.2449188946561352,-0.03168789482609762,0.010278318606917521,0.04676682512480452,0.041764048604736606,0.044265436864770566,6.0,3.0,,,,,,,,,,,,,,,,,,,137.0,17.0,,,,,,,,,,,,,,,,,,,363.0,39.0,,,,,,,,,,,,,,,,,,,0.10742029030414062
cfb_20251115_mem_ecu,CFB,15,1094.0,151.0,-20.0,0.17453400082770604,-0.02902150398993897,0.006031652197952754,0.013484052327031662,-0.005556093515531336,-0.005448005185071337,-0.04346729852049092,0.04194598302229424,-0.021401041896458684,0.019724430736504078,-0.0008397332014853438,0.0,-0.1014098006460415,-0.007383533824407245,0.0028481607899376628,0.0004208461829010019,0.0016345034864193324,85.0,29.0,,,,,,,,,,,,,,,,,,,307.0,21.0,,,,,,,,,,,,,,,,,,,787.0,130.0,-20.0,0.18534619757967652,-0.031925806832119284,-0.0007121321819237352,0.015624664523084041,-0.006212636978693442,-0.006571766032437537,-0.05062397746610185,0.04831289734422154,-0.02769108762152847,0.02265488455530012,-0.0022001081363745793,0.0,-0.11724198025007973,-0.014413535100896937,0.009558450712497016,0.0009488677958570545,0.005253659254177035,0.10742029030414062
cfb_20251116_tcu_byu,CFB,15,732.0,171.0,25.0,0.06008227670829737,-0.02239230814075947,0.13287349040200813,0.015465276153354548,0.033565351493618105,-0.011058101512586987,0.04810557169567804,-0.034701222709275226,0.0032759294823798755,-0.0029156105444530477,0.05205119282851957,0.23351231009635948,-0.11845626467540347,0.03608798467881026,0.048386728057048925,0.03674131951041438,0.042564023783731655,235.0,24.0,,,,,,,,,,,,,,,,,,,372.0,96.0,-60.0,0.06963101717322097,-0.02943897071105044,0.1580910510753033,0.01952135790462102,0.04232251523041224,-0.01190547158192716,0.011219339668605348,-0.052421263725647864,-0.01074626697032403,0.003180685374970579,0.04105304794661203,0.20986980804194907,-0.1685071348263618,0.04475788977518901,0.04765560653443518,0.02520962343877628,0.03643261498660573,360.0,75.0,25.0,0.07479230261257597,-0.009658836271631081,0.0696181185877783,0.0001336105472087018,-0.001557908743199363,-0.015079147337637966,0.14180618458806465,0.007454225212357645,0.025612054466570614,-0.025528900447041314,0.07702539795686993,0.5019585830364276,-0.06615208140615991,0.06667237686775586,0.25118611279456704,0.19290898126111555,0.2220475470278413,0.10742029030414062
cfb_20251115_ccar_gaso,CFB,15,1167.0,109.0,-35.0,0.07562327120280599,0.023363610241670593,-0.007644211714126116,-0.015598837452324594,-3.161996130649608e-05,0.006600716538486356,-0.019907869211911913,0.0010272078687403466,0.041485150863859635,-0.005781423994201433,-0.00624967238709951,0.5006728222705369,-0.04601148310705093,0.04613548016515471,0.1768291624479681,0.14575390906077812,0.1612915357543731,96.0,3.0,,,,,,,,,,,,,,,,,,,260.0,21.0,,,,,,,,,,,,,,,,,,,907.0,88.0,-35.0,0.0893504979378791,0.025322666212207964,-0.004774475604283759,-0.0172020843018253,-0.0034395455486661538,0.007256486142776917,-0.02373548362789701,0.002089500270975186,0.045970597418716334,-0.00623217675784271,-0.004947723717280881,0.5582240156130661,-0.05513742294722069,0.06967113364223855,0.24386900257437336,0.201901390406273,0.22288519649032318,0.10742029030414062
cfb_20251115_ariz_cin,CFB,15,1180.0,285.0,-20.0,0.11506142377522127,-0.005078909584423453,-0.006903790896136065,-0.0033459019635350374,0.13411829752662438,-0.009159795585368854,0.06769508356334146,-0.0002482680034294465,0.04999269908581959,0.025503908078316782,-0.04967036565162727,0.21795006911933745,-0.17884424805311835,0.049842234729026685,0.07538964007571686,0.033077346527875334,0.054233493301796096,338.0,14.0,,,,,,,,,,,,,,,,,,,367.0,82.0,-5.0,0.10355620676145118,-0.024460971041767296,-0.024835249936404624,-0.01944016111791782,0.02202099343245917,0.07269489828025331,0.08483206726233752,0.03351443518730065,0.045416021555620495,0.023661836440337685,-0.020112465493637405,0.2962138616109012,-0.09843572272947199,0.04143023563507072,0.07564195521019369,0.04247335136537096,0.05905765328778233,813.0,203.0,-20.0,0.1280140067734843,-0.004674154338233812,-0.004685202726657563,-0.0029434372787909453,0.15162308746895076,-0.01343780009832359,0.06514907127243881,-0.0017419429737791702,0.050597481949223595,0.02754034009865799,-0.05495484259420947,0.21629764021818337,-0.19935310869674136,0.05502038681275465,0.0819351789130918,0.03534104553643974,0.05863811222476577,0.10742029030414062
cfb_20251115_afa_conn,CFB,15,661.0,118.0,-30.0,0.06978786688828,-0.01705261629036241,-0.018282059900080857,0.014563718713166156,0.0029477812920082475,0.013466115996989774,0.022247606805787475,0.0010367767094995523,0.033093682756383316,0.02369036547628188,0.016673162966017514,0.27204221765049025,-0.07033239811825737,0.026283641745011955,0.04665487294220702,0.0424631142031721,0.04455899357268956,142.0,20.0,,,,,,,,,,,,,,,,,,,290.0,50.0,-15.0,0.11534040351393987,-0.04476274043509875,-0.010285243019432394,0.030720172914459484,-0.01592849538682369,-0.008972944770276513,0.015392687961149249,0.0004965823472508943,0.06953879388984902,0.02151887047861292,0.029902160197388974,0.13657555071735492,-0.09806679072762292,0.015512099479967675,0.007564615633140501,0.007075207217624854,0.007319911425382677,371.0,68.0,-20.0,0.0871990236090219,4.510188710560368e-05,-0.025880742456341133,0.003928760760632768,0.015276406484262168,0.030297750268469693,0.026634112726087032,0.0008307484449660607,0.006965428051554225,0.02746935975830826,0.007389534099656053,0.36768607012707294,-0.05345810248581427,0.03108550783217679,0.12231793677944061,0.11273068676567088,0.11752431177255575,0.10742029030414062
cfb_20251115_orst_tlsa,CFB,15,366.0,55.0,-50.0,0.06271523033173936,-0.003205778622841725,-0.029307293789709275,-0.0017752114705382128,-0.00404098785622762,-0.0003148411654330164,0.05127228965105388,0.0016215121887208884,0.008320751552886807,-0.0012781980956171378,0.02015013457981687,0.37396771317362054,-0.03905376233637582,0.0233292219891703,0.09469776237928652,0.08760558096855274,0.09115167167391963,80.0,26.0,,,,,,,,,,,,,,,,,,,244.0,34.0,,,,,,,,,,,,,,,,,,,122.0,21.0,,,,,,,,,,,,,,,,,,,0.10742029030414062
cfb_20251115_txst_usm,CFB,15,516.0,208.0,-25.0,0.11358542535941295,0.018681611136425687,0.015287438259829084,-0.005171479347977174,0.009251817699850529,0.011149773212603851,-0.02310986982027636,-0.005312881862586467,0.003256895690695988,0.015219956476496193,0.004113538867705912,0.27244969100099964,-0.11739806983608264,0.04396268884135467,0.10265426261084969,0.05943748967289633,0.081045876141873,47.0,94.0,,,,,,,,,,,,,,,,,,,346.0,132.0,-25.0,0.12035474098062574,0.02538330305644012,0.04945984312707427,-0.010528152554802318,0.009877622663077354,0.013937646449522079,-0.056412604917538335,-0.014215393871493898,0.014844320430378014,0.018409746543146206,0.024194759039626867,0.33668403824017984,-0.13604705473195125,0.06905437893626565,0.16190114257253793,0.0986167809526458,0.13025896176259186,170.0,76.0,-5.0,0.09255152517022479,-0.00390684980618731,-0.01887843207293696,0.00792737317823572,0.01704894062270482,0.00030957645646932565,-0.007223627954271644,0.02462375988345918,-0.013135454793485336,0.006580690466360404,-0.023280647820914584,0.334916167445285,-0.08463707502477719,0.042620679384422475,0.1649827774868173,0.14965845766473834,0.1573206175757778,0.10742029030414062
cfb_20251115_tntc_uk,CFB,15,187.0,13.0,,,,,,,,,,,,,,,,,,,72.0,6.0,,,,,,,,,,,,,,,,,,,142.0,4.0,,,,,,,,,,,,,,,,,,,45.0,9.0,,,,,,,,,,,,,,,,,,,0.10742029030414062
cfb_20251115_ark_lsu,CFB,15,1246.0,282.0,-20.0,0.11644093854264155,-0.011089234273043775,0.051510161438600335,0.013857608069341438,-0.002273172860108103,-0.010443771684533202,0.017634822861758728,-0.019762629399889903,0.0416658361888268,-0.03199069703024035,-0.022359925547377577,0.02546249091061213,-0.16541746747871292,0.0043219893773702575,0.0010968017358121546,0.0004284687920701629,0.0007626352639411588,384.0,43.0,,,,,,,,,,,,,,,,,,,439.0,81.0,-20.0,0.2769553487081222,-0.023002627824661972,-0.011409379933014283,0.0025133514307267265,-0.028982479327535348,-0.0473947334171096,-0.04907234801561436,-0.022291021244369297,-0.0279031432931648,-0.013184439878902186,0.01912643447504002,0.08147724864414843,-0.1951521336389372,0.017310903722814436,0.003057271562772249,0.002819013566528389,0.002938142564650319,807.0,201.0,-10.0,0.13578076613048368,-0.013262524703115279,0.06600559165281929,0.018060179460436337,0.0036893188673281347,-0.011004260497332633,0.033313756229376205,-0.02475972913768647,0.058576376468382256,-0.041410804779681086,-0.034678734605248854,0.014634350450655574,-0.15485874120025991,0.002299914848978598,0.000943777462993706,0.00017038419713383163,0.0005570808300637689,0.10742029030414062
cfb_20251115_utep_mosu,CFB,15,715.0,97.0,-5.0,0.09315002351040112,0.002284631263825568,-0.002266160097133538,0.0013857375942700977,-0.0066374584796229635,0.005639820142114903,-0.004632903564797481,0.003290957445668283,-0.0061428528155963655,-0.0031770458554737486,0.0018112625843972972,0.2064489923395689,-0.07320378188320019,0.019044581708475655,0.03007852982429577,0.023050368716565656,0.026564449270430713,23.0,19.0,,,,,,,,,,,,,,,,,,,212.0,19.0,,,,,,,,,,,,,,,,,,,503.0,78.0,-5.0,0.10390655348715114,-0.007725585818524771,-0.0024189891902596313,-0.0003945568975413844,-0.005899112994122296,0.008040601172499006,-0.0039731665792337246,0.006673364482723389,0.0007813248753252669,0.0007924457036867274,0.0019522139931459068,0.14335602786723103,-0.10437443627316129,0.017466654855166377,0.013416670325190392,0.009376421289330403,0.011396545807260398,0.10742029030414062
cfb_20251115_csu_unm,CFB,15,750.0,113.0,-15.0,0.06698289295592648,-0.0426964792478423,0.007026966950225628,0.05440201539649768,-0.02164311542242249,-0.0083870012141746,-0.007410212730283846,-0.005175825835788799,-0.011106804679989384,-0.00550942124629531,0.006848102983223666,0.6252294688392304,-0.04943675801783659,0.08247531592436226,0.39569795521201234,0.324140896859516,0.3599194260357642,36.0,9.0,,,,,,,,,,,,,,,,,,,201.0,22.0,,,,,,,,,,,,,,,,,,,549.0,91.0,-15.0,0.10121250227630126,-0.05118129878561821,0.00887952933012773,0.07235007483266126,-0.036320593811279285,-0.008517217360516543,-0.0112697269851519,-0.009484685379721294,-0.012602123736303789,-0.00632164219077736,0.009946333048030902,0.5423395370381738,-0.09302092095296538,0.11023220768953293,0.31424716641868977,0.23290122375330094,0.27357419508599534,0.10742029030414062
cfb_20251115_mrsh_gast,CFB,15,714.0,116.0,0.0,0.11568611025039749,0.006202905707150561,0.0069348955595998196,-3.074822186256866e-05,0.014840209530770079,0.0003101548869105389,0.012487688561632541,-0.0027605684841995096,0.04432943071218385,-0.0026154427893272,-0.03274676257999874,0.47067350588439044,-0.05200506777740903,0.04624255133014818,0.2871886344548918,0.1385681526752076,0.2128783935650497,20.0,5.0,,,,,,,,,,,,,,,,,,,239.0,28.0,,,,,,,,,,,,,,,,,,,475.0,88.0,-25.0,0.13873732354426735,0.007785744561155103,0.016203646864826393,0.0004958025951766481,0.014695666262899799,0.00020533635977091632,0.020458843952145034,-0.0030894227590279673,0.051758744482849686,-0.0036385882178794978,-0.03297280217843812,0.48394648110702015,-0.08111098477926834,0.07606454413343984,0.33000922156556134,0.14516462888372014,0.23758692522464075,0.10742029030414062
cfb_20251115_iowa_usc,CFB,15,1178.0,351.0,-5.0,0.13829539967276347,0.024286764941263743,0.0020947102951120963,0.024589049149401857,0.049891486512372615,0.019540105596638192,0.11797507997435401,-0.024581532616780474,0.025090198943528937,0.0073108448460491365,0.024294127397368408,0.13288465319022819,-0.16276137529457474,0.024943035535419957,0.029759749123127184,0.012406890689357072,0.021083319906242126,253.0,10.0,,,,,,,,,,,,,,,,,,,421.0,122.0,-5.0,0.10911298765544583,0.04473785035779226,-0.006307642752657219,0.03743022941302931,0.047566208859603436,0.001283478074436458,0.07417143194538747,0.02797014303476298,0.015883506032672957,0.008370713647009469,0.06476562092445018,0.25718977064789106,-0.12316497209531907,0.04264450013387404,0.0725351089952014,0.050124390418216355,0.061329749706708875,757.0,229.0,-5.0,0.1495823650545398,0.01627380015625905,0.003107320318331295,0.01940893188202858,0.049225418889958246,0.025998548507622822,0.12965119839212452,-0.04838617775017879,0.02637846347409251,0.012229715745914967,0.010213511765805474,0.0816628075619009,-0.18343540716530454,0.01631192820973428,0.015274134248641581,0.004528361940305877,0.009901248094473729,0.10742029030414062
cfb_20251116_del_shsu,CFB,15,860.0,93.0,-5.0,0.09632316317150692,-0.005700496162878361,-0.03184382620376166,-0.005328216265671143,0.08396540778483436,0.004341526313908652,-0.023954878951263425,0.005109507924432155,0.012475655361071933,0.0039757154599592785,0.005784629305322581,0.392291833305937,-0.05974355265672351,0.03856605700629761,0.13942184428657997,0.07619225704215594,0.10780705066436796,42.0,9.0,,,,,,,,,,,,,,,,,,,177.0,22.0,,,,,,,,,,,,,,,,,,,683.0,71.0,-5.0,0.0990245906238496,-0.0056282986891007525,-0.03420937698396762,-0.005030280301080065,0.0902975879162326,0.005178148546692446,-0.02563029241167034,0.005268923129644016,0.012867463578258206,0.004360930767572907,0.006038555711617417,0.4136681301168588,-0.06174877614113053,0.04356491958794073,0.15640859230555054,0.08673122235490788,0.12156990733022921,0.10742029030414062
cfb_20251115_usf_navy,CFB,15,1414.0,206.0,-45.0,0.1271943346220179,-0.02270912719731868,0.018771510670641648,0.011646050356975716,-0.018877154752491365,0.0020020351310299184,0.01169838271683484,-0.016904844821999127,0.028994358971213243,0.005719956231558964,0.021034197514090427,0.0,-0.09700973676587024,-0.009696793436598851,0.004704773634352721,0.0018387627154162886,0.003271768174884505,243.0,18.0,,,,,,,,,,,,,,,,,,,452.0,77.0,-10.0,0.1409394253391799,0.0233107985894084,0.06745637379008497,0.01845265426305335,-0.03896323879305151,-0.0015790256704917623,0.021962437294973217,-0.006304528820381368,0.019739771258668385,0.028878630841760577,0.10875590390178733,0.14216413810456094,-0.13119104035715273,0.021741526564540623,0.025641625744587223,0.011476835972105583,0.018559230858346404,962.0,129.0,-45.0,0.13188026673093653,-0.03093491710153065,0.008769445665052037,0.011482722418365569,-0.014512720873661492,0.0027167162009699023,0.010073268738613746,-0.0195586058345897,0.03222094274056802,0.002739807879461398,0.0027058388971545107,0.0,-0.08956304485741425,-0.017661082564286962,0.018756353753406986,0.014592716044457516,0.016674534898932253,0.10742029030414062
cfb_20251116_pur_wash,CFB,15,282.0,37.0,,,,,,,,,,,,,,,,,,,104.0,10.0,,,,,,,,,,,,,,,,,,,258.0,28.0,,,,,,,,,,,,,,,,,,,24.0,9.0,,,,,,,,,,,,,,,,,,,0.10742029030414062
cfb_20251115_emu_ball,CFB,15,580.0,119.0,0.0,0.06440942368457554,0.030206463303971025,0.0806337016132611,-0.0028871682269126313,-0.011788125646161933,0.005221877987319134,0.01359886441381112,-0.003350194858938073,0.01394355956633692,-0.040742352924056556,-0.006603196013234055,0.2801577855323046,-0.08155914294690012,0.03174227409657097,0.13197958769703827,0.07244308886376624,0.10221133828040226,213.0,49.0,,,,,,,,,,,,,,,,,,,286.0,48.0,,,,,,,,,,,,,,,,,,,294.0,71.0,-40.0,0.06386980965351233,0.0015117458241087805,0.04367405521434567,-0.005875183964866471,-0.012108938943173218,0.005619296683316294,-0.010863100046443511,-0.00898797327933787,0.00915417941375077,-0.02128107821225206,-0.018902429184216953,0.4118431409252586,-0.07868185744927397,0.05509513798193172,0.2491114309273508,0.1827507725682498,0.21593110174780028,0.10742029030414062
cfb_20251115_md_ill,CFB,15,591.0,34.0,,,,,,,,,,,,,,,,,,,23.0,6.0,,,,,,,,,,,,,,,,,,,266.0,15.0,,,,,,,,,,,,,,,,,,,325.0,19.0,,,,,,,,,,,,,,,,,,,0.10742029030414062
cfb_20251115_nmsu_tenn,CFB,15,9.0,10.0,,,,,,,,,,,,,,,,,,,15.0,6.0,,,,,,,,,,,,,,,,,,,9.0,8.0,,,,,,,,,,,,,,,,,,,0.0,2.0,,,,,,,,,,,,,,,,,,,0.10742029030414062
cfb_20251116_lt_wsu,CFB,15,579.0,90.0,-25.0,0.06574290257941587,-0.007457904600853681,0.02743221098616261,0.007953357372077478,-0.01820714825242666,-0.015040347530156479,-0.019544597913689298,-0.00912295078505546,-0.0027272290799635673,-0.005020366021575538,0.0011917714002545197,0.1553393528096613,-0.05619697809280465,0.010335040747823345,0.02793176097246355,0.018114686013934983,0.02302322349319927,100.0,6.0,,,,,,,,,,,,,,,,,,,268.0,29.0,,,,,,,,,,,,,,,,,,,311.0,61.0,-55.0,0.06844976779394996,-0.016034458563903325,0.048782290251422375,0.030573334986074265,-0.008288513117159403,-0.020942732605769548,0.004078375758188552,0.007871190870049796,0.003832952092952525,-0.0025729775322197277,-0.002385712844031325,0.27817866177261635,-0.04832841795668052,0.01862501691317699,0.12254008663750084,0.06953386946676458,0.09603697805213271,0.10742029030414062
cfb_20251116_kenn_jvst,CFB,15,923.0,126.0,-5.0,0.039977395247883914,0.020127262171767083,0.013879004947708709,0.0032001870702470466,-0.005842077118738705,-0.009691603042326505,0.004283579750261915,-0.0015177737965647838,0.026000141921723133,-0.001846412054963377,-0.018742298657719297,0.38792480133311147,-0.06323232615365168,0.04007577437284065,0.17678850251598763,0.1704048120514364,0.173596657283712,76.0,21.0,,,,,,,,,,,,,,,,,,,268.0,24.0,,,,,,,,,,,,,,,,,,,655.0,102.0,-55.0,0.05381295984298447,-0.008303435331315777,0.016713130980632276,-0.004708524628801528,0.010660825604971806,-0.010559453797549275,0.011191374502366949,0.0006743636330591176,0.03302403480281963,-0.0026682762590225775,-0.024231641957683632,0.16255790690444455,-0.07483627217056467,0.014526649501949773,0.05251891716607573,0.027988848100556952,0.04025388263331634,0.10742029030414062
cfb_20251115_psu_msu,CFB,15,860.0,122.0,-5.0,0.0649680936602728,-0.023941608816916284,-0.012400688872607337,0.03695533419526627,-0.004659752464471908,0.009284018801712226,0.020158227632530428,0.012740612650299653,0.017558300073025467,0.0476634287327921,0.004988451930364789,0.0,-0.048783479196002386,-0.005098588727263547,0.007185385673412932,0.0005296007235286272,0.0038574931984707798,111.0,15.0,,,,,,,,,,,,,,,,,,,400.0,58.0,-10.0,0.08489545984542493,-0.05705140391011956,-0.004287514616139386,0.02651489565826974,-0.010263911238306462,-0.012700198314986297,-0.009213568238870028,-0.0042899946586020575,0.050724897940170384,0.04337951898754377,0.0029312363047035873,0.09772906456632773,-0.06113275763523502,0.006621566741679379,0.028166669721820463,0.006407238131112741,0.017286953926466602,460.0,64.0,-5.0,0.08253359113193365,0.020538329825076796,-0.020792749176208606,0.051808679111890125,-0.0009004192263498315,0.03932826840535457,0.044957186613609965,0.036169734966924286,-0.012554794588251678,0.054746647811799595,0.005718916827432645,0.0,-0.04366980870964021,-0.010668211241858428,0.044001544788515444,0.030617514285629123,0.037309529537072283,0.10742029030414062
cfb_20251115_mich_nw,CFB,15,1475.0,359.0,-15.0,0.2105528516180618,0.029783852504954696,0.013043517402028039,0.047954823177596265,0.09020722288612958,0.017941709056303712,0.02846654512385727,-0.006283911079393403,0.06882264802427901,0.0011785063186577729,-0.0021222634327234882,0.16464141700003243,-0.24035598152487178,0.047371931273602584,0.07064947686195376,0.015754068455857348,0.043201772658905555,381.0,22.0,,,,,,,,,,,,,,,,,,,389.0,59.0,-35.0,0.11196491760620891,0.02823701642433969,0.014924450284636638,0.059883303847331856,0.16598922066262886,0.0021324529129913526,0.008292310299268451,-0.002848738165613015,0.03323428341292025,-0.036632232578032005,0.11035692662692242,0.44531042938284027,-0.13013930781284458,0.10447716003970355,0.26662719873856977,0.17093789776846752,0.21878254825351864,1086.0,300.0,-15.0,0.2232819870644629,0.03011941381746696,0.012934328938758483,0.04621927906711447,0.0823642890397526,0.020496584283414866,0.031030856035345777,-0.006870639004221831,0.07358747063680025,0.007152763993148611,-0.014823551683293218,0.14720991284952714,-0.2563512120553269,0.04425173340327142,0.06252085521067914,0.012433416849858197,0.03747713603026867,0.10742029030414062
cfb_20251116_vt_fsu,CFB,15,582.0,48.0,,,,,,,,,,,,,,,,,,,103.0,5.0,,,,,,,,,,,,,,,,,,,288.0,22.0,,,,,,,,,,,,,,,,,,,294.0,26.0,,,,,,,,,,,,,,,,,,,0.10742029030414062
cfb_20251116_usu_unlv,CFB,15,1538.0,211.0,-5.0,0.16647181653860288,0.013006880880875725,-0.025426758660784747,-0.010667996740097836,0.015435991551997819,0.000666884106849381,0.004761697162320838,-0.012109458268582679,-0.018401890776025425,0.015339219888273142,0.003209026968289288,0.23439285258326356,-0.08299416258771401,0.025408904008186645,0.13908406732229567,0.08095651603976962,0.11002029168103264,61.0,3.0,,,,,,,,,,,,,,,,,,,395.0,40.0,,,,,,,,,,,,,,,,,,,1143.0,171.0,-5.0,0.19023844129272727,0.013205400018540142,-0.024591787738771194,-0.013558226238459252,0.016602882345950514,0.0002519221890659663,0.0055056567869716565,-0.011565072443553924,-0.0202178877158663,0.01724078514690115,0.004058456572839916,0.24240814077394726,-0.08833569255441917,0.028264943366697923,0.14698521122146765,0.08508581739710086,0.11603551430928426,0.10742029030414062
cfb_20251115_uva_duke,CFB,15,937.0,132.0,-20.0,0.0919103704875509,0.0066869306785924286,0.0008765702925412823,-0.006922765332579396,0.003791439758005437,-0.008698729876468445,0.035818580217111644,0.007366803841281038,0.05633175634356095,-0.0043920741675727605,0.02657632021923594,0.19724809306740188,-0.08824703151323295,0.0216836092627378,0.027574978737603322,0.026351826401352852,0.026963402569478087,170.0,24.0,,,,,,,,,,,,,,,,,,,422.0,59.0,-20.0,0.10901178277787232,-0.003630317933902961,0.005396909038557957,0.04360428045626777,0.019331985688525954,-0.08199253660301745,0.05201075339764236,0.013608323084553535,0.08684950605958491,-0.0394610463336553,-0.00835534779309085,0.20197554965866024,-0.12209683097781089,0.030902028800966937,0.035221460193538126,0.027615055459699795,0.03141825782661896,515.0,73.0,-40.0,0.10511680605180913,0.01302654918037178,-0.004205270491894888,-0.031639166940306995,-0.014826990407551852,0.024418658517836193,0.02102492462704181,0.005836932684410908,0.026369813785723957,0.008447145452972886,0.0771224844889271,0.13136366149146456,-0.08996505307085889,0.013605393020920484,0.012324830225400304,0.007158359911720243,0.009741595068560274,0.10742029030414062
cfb_20251116_utah_bay,CFB,15,720.0,62.0,-10.0,0.11746809547370674,-0.01495126175705866,-0.02509648739407925,0.04302537170812699,-0.019834120461050143,0.00302712413540786,0.040794313023237994,0.004890993051041517,0.08391343887144219,-0.028346876524101637,0.03917055425275077,0.0,-0.05647070943862305,-0.005030393607211964,0.003812854529751004,0.0025735805915995864,0.003193217560675295,160.0,10.0,,,,,,,,,,,,,,,,,,,328.0,21.0,,,,,,,,,,,,,,,,,,,392.0,41.0,,,,,,,,,,,,,,,,,,,0.10742029030414062
cfb_20251115_lib_fiu,CFB,15,1008.0,152.0,-15.0,0.08480875157998567,-0.002679116598647656,-0.04122659336052013,-0.002090226428759198,-0.028280753258899043,0.013286240194314574,0.01112290108997839,0.00852687378599959,0.01637536537277661,0.003922166455036978,0.010586791127180672,0.42427259145760976,-0.06568669588281316,0.048406701284288554,0.15860273644624703,0.14982450197452032,0.15421361921038368,40.0,1.0,,,,,,,,,,,,,,,,,,,161.0,18.0,,,,,,,,,,,,,,,,,,,847.0,134.0,-15.0,0.09908181605048885,-0.002949985251038267,-0.04325439543453884,-0.0023060768357986102,-0.02886775628596427,0.01517452718412821,0.01252764043754279,0.008451230589591019,0.017719625116362624,0.004608368685327233,0.01043310260766219,0.2587891585694393,-0.09847567670404817,0.0343821704828426,0.052469732871922824,0.04843348193947054,0.05045160740569668,0.10742029030414062
cfb_20251116_ucla_osu,CFB,15,17.0,12.0,,,,,,,,,,,,,,,,,,,96.0,22.0,,,,,,,,,,,,,,,,,,,17.0,8.0,,,,,,,,,,,,,,,,,,,0.0,4.0,,,,,,,,,,,,,,,,,,,0.10742029030414062
cfb_20251116_bsu_sdsu,CFB,15,1059.0,215.0,55.0,0.06254840659244713,-0.020482188524527115,-0.008139134242253944,-0.010884933867318133,-0.040936010363203525,-0.00978063662974403,-0.017163715655226276,0.020335364861964435,-0.012476323041626162,0.009705961717628768,-0.001733301767052773,0.10741229991450094,-0.10965792662041454,0.013196025556957659,0.025217630554851142,0.006654732849596429,0.015936181702223787,156.0,13.0,,,,,,,,,,,,,,,,,,,403.0,77.0,55.0,0.07408225296336386,0.0715873506352284,0.0061929200301272525,0.006570490726599637,-0.062280844948581125,-0.007854596997946654,-0.025431390253046703,0.01263220800828079,0.005337321959885367,-0.006636751701614518,0.004916172706363945,0.20055152207605767,-0.09546741269884342,0.02394917928311788,0.049377827025551116,0.024615903729519266,0.03699686537753519,656.0,138.0,0.0,0.0780283780716633,-0.09732354006979313,-0.020142087279482038,-0.02562787600735722,-0.023097162981354547,-0.011715432047786519,-0.010186344632160026,0.027478162306845248,-0.027573160422768906,0.02345486505123179,-0.00842108051919969,0.0,-0.12762169647705207,-0.0027257111040563473,0.005484893224223431,0.00025053413700402137,0.002867713680613726,0.10742029030414062
cfb_20251116_msst_mizz,CFB,15,833.0,60.0,-10.0,0.11072476601923711,-0.020094377724509203,0.014360058516736477,0.0024571649037851543,-0.02232143262917381,-0.005398521761225732,-0.030270851630052633,0.007704776667768217,-0.006448663722841815,0.015834344199222486,0.0016695873431767897,0.3674557085315396,-0.022152153651067787,0.012868561814787186,0.08593152670882051,0.07810133468201089,0.0820164306954157,222.0,13.0,,,,,,,,,,,,,,,,,,,315.0,15.0,,,,,,,,,,,,,,,,,,,518.0,45.0,,,,,,,,,,,,,,,,,,,0.10742029030414062
cfb_20251116_fla_miss,CFB,15,1273.0,286.0,-10.0,0.11922693734399986,0.0009019671508106273,-0.004493501809672943,0.0025939156230662783,0.049323261606190535,0.0009015202605982493,0.054416995361664,0.00744095618504702,0.01983897906209455,0.004223643346282019,0.023240258023510717,0.0,-0.17212382062198245,-0.023450332257769855,0.013805280380492566,0.00027261187218083365,0.0070389461263367,264.0,23.0,,,,,,,,,,,,,,,,,,,391.0,79.0,-10.0,0.11610285936009931,-0.022885982398048864,-0.04629615771959964,0.08545722088953145,0.0374991323185034,0.0012838458283779735,0.03890036914336529,0.10022628347865738,0.04833819638146845,-0.051313987240513795,0.07204326144805061,0.013778966310962528,-0.1253079128140827,0.001750736853283023,0.009277262870658652,0.00011896121993190253,0.004698112045295278,882.0,207.0,-10.0,0.12051651939346672,0.002620922687761439,0.008051532698628882,-0.0016902832631629438,0.052761648179735415,0.001198947718466289,0.05899097343942295,0.0032199593061333818,0.010910286286248997,0.008244128169037484,0.008110550753045348,0.0,-0.19305045735935383,-0.03261600175979745,0.02266644748372073,0.0025666421799413574,0.012616544831831044,0.10742029030414062
cfb_20251115_nd_pitt,CFB,15,564.0,97.0,-10.0,0.07415851922964643,-0.002863071927391716,0.06268852502943398,0.00031179124137122906,0.022399091828951823,-0.0024055523114680545,0.04536463349434568,-0.012860068144387728,0.04371561883490379,0.00936173926749352,0.07962701341247887,0.493968210914372,-0.06921507463437522,0.0675650173030169,0.17462907079604467,0.13362964008333145,0.15412935543968806,525.0,36.0,,,,,,,,,,,,,,,,,,,356.0,49.0,,,,,,,,,,,,,,,,,,,208.0,48.0,,,,,,,,,,,,,,,,,,,0.10742029030414062
cfb_20251115_gt_bc,CFB,15,1273.0,286.0,-10.0,0.12386366920158728,0.02009657245662997,0.03391688034181932,0.0023679441115061024,0.02214149616384179,0.004557948065992512,0.04129735354616209,0.01439774696314524,0.08170264211571546,-0.026796442153396965,0.01874159635600901,0.0,-0.16855339639135786,-0.014624837776065876,0.004595750220572348,0.0030687629642977988,0.0038322565924350733,60.0,8.0,,,,,,,,,,,,,,,,,,,327.0,36.0,,,,,,,,,,,,,,,,,,,946.0,250.0,-10.0,0.13211015386716382,0.023461585266544065,0.034841137983478626,0.0032899636588507083,0.016386609632323444,0.006306174928706322,0.047178947568171446,0.020249262471479432,0.08701020345367216,-0.02357325087625248,0.017930168403191893,0.0,-0.18631246426097628,-0.016474783617600817,0.004847176180602753,0.0045573538880011874,0.00470226503430197,0.10742029030414062
cfb_20251115_unc_wake,CFB,15,816.0,94.0,15.0,0.1066401689837535,-0.0014741898342427809,-0.007099644919877294,-0.00437925645380236,-0.024619045411439822,-0.0035528778924282882,-0.013895579127532563,-0.0012156712836348931,0.010073811818716727,0.006312860439572639,0.028830471235550683,0.3647419051886399,-0.03821809090397908,0.021943426463742057,0.07558155697926135,0.06109105480051121,0.06833630588988628,114.0,16.0,,,,,,,,,,,,,,,,,,,280.0,29.0,,,,,,,,,,,,,,,,,,,536.0,65.0,15.0,0.12637920664065258,-0.0016595947357661432,-0.005200809388727581,0.0017245205014792802,-0.030126971954837017,-0.005921882197020018,-0.017010408976442366,-0.00403984155994798,0.02932141405124497,0.008433848996571909,0.039918142839044685,0.3631593237475258,-0.049300278240965806,0.028113555515816423,0.07364380120568258,0.05093867367736889,0.06229123744152573,0.10742029030414062
cfb_20251115_wvu_asu,CFB,15,784.0,128.0,-10.0,0.17252076220822385,0.002418952625746011,-0.04204630387698496,-0.03633419140869692,-0.01706262498390572,-0.030714265161316378,0.0009146421127674544,0.06032262160449138,0.09318319918159462,-0.018264262783883104,0.0062186583709406325,0.24083443444430952,-0.14036995594499277,0.04453036397698027,0.03755059728323043,0.011230851062791912,0.02439072417301117,155.0,11.0,,,,,,,,,,,,,,,,,,,246.0,26.0,,,,,,,,,,,,,,,,,,,538.0,102.0,-10.0,0.18481228312448691,0.0022160134742544185,-0.044815776017562814,-0.037226168805644035,-0.019232717638712062,-0.030993076725543897,0.0026237750276457026,0.0642472210249175,0.09967681291692558,-0.01940204351790702,0.005158041656099597,0.2499923634212225,-0.18377404081043594,0.061255518686766756,0.04087827157870409,0.011037981876681327,0.02595812672769271,0.10742029030414062
cfb_20251115_wis_ind,CFB,15,274.0,58.0,35.0,0.05844897812248877,-0.0015217046857453219,0.028531586356449416,-0.011020549834368568,0.08044653040694981,0.0032013886562045793,0.01011512587196107,-0.007461073178428811,0.042457411311082605,-0.0016730271016154872,0.053153301159855476,0.5703160698849493,-0.03209313429132249,0.04259696241005832,0.196369515111141,0.19033909809405009,0.19335430660259556,93.0,12.0,,,,,,,,,,,,,,,,,,,129.0,26.0,,,,,,,,,,,,,,,,,,,145.0,32.0,,,,,,,,,,,,,,,,,,,0.10742029030414062
cfb_20251115_ksu_okst,CFB,15,897.0,152.0,-40.0,0.08525066264222497,-0.0023908787647621914,-0.04936588271304609,-0.006667178072410354,0.03037108752077097,0.001062215083764711,-0.0017566754089486662,-5.530055926649405e-06,0.03765671251330467,-0.002392872508307919,0.03372972361557684,0.0,-0.13551370648716718,-0.009247711373112569,0.0013455568832960463,1.68210007622559e-05,0.0006811889420291511,110.0,8.0,,,,,,,,,,,,,,,,,,,308.0,49.0,,,,,,,,,,,,,,,,,,,589.0,103.0,-25.0,0.11210524321868413,-0.003805479074150298,-0.0621421679886761,-0.004726798136756049,0.02741754951781792,-0.001294660503025978,-0.0015268611967719913,-0.0030871427113044244,0.04718006570486925,-0.001643105416944494,0.034181907162972765,0.0,-0.13185468239784312,-0.013083421795149125,0.0027386819406180385,4.607280803357667e-06,0.0013716446107106981,0.10742029030414062
cfb_20251115_sjsu_nev,CFB,15,382.0,51.0,25.0,0.09222988788476713,0.007262725302856179,-0.0291971599327299,-0.005969573583759366,-0.01016007609108626,0.00993672304690389,-0.024562515658091668,0.0009775914109887635,0.006326954089207287,-0.004585553041701084,-0.04020791927618745,0.38660637228075767,-0.05003143902594747,0.03153354105377299,0.13283451254170792,0.10050666702554982,0.11667058978362888,21.0,7.0,,,,,,,,,,,,,,,,,,,326.0,30.0,,,,,,,,,,,,,,,,,,,56.0,21.0,,,,,,,,,,,,,,,,,,,0.10742029030414062
cfb_20251116_wyo_fres,CFB,15,1087.0,244.0,-30.0,0.06496125255269322,0.016314377947415536,-0.01120604358543278,-0.009326631608263712,0.07420532192161869,0.007157937793986564,-0.018124663492504522,-0.0070906015031776985,0.05511655694873506,-0.027724904523349626,-0.014415371372613934,0.29460055386059814,-0.107704697566044,0.04498141263081497,0.10864411948821942,0.07183253382761084,0.09023832665791513,71.0,25.0,,,,,,,,,,,,,,,,,,,420.0,77.0,-10.0,0.09156317833614404,-0.004390147954312665,-0.04421960705305512,0.0012818858984447094,0.05823395757023856,0.0006301787980528336,-0.0071014943668793774,-0.04363681444743831,0.07568142390409792,-0.0007107404577854414,-0.006947508507052871,0.4100975459278714,-0.08962532138565753,0.06230712230392043,0.20269111484747698,0.15034369654894886,0.17651740569821292,667.0,167.0,10.0,0.07528389748364794,0.026219425878730152,0.01000083324762104,-0.014795396103253113,0.08527303686250992,0.01034152891361721,-0.023956939506089975,0.006282715082741951,0.04539153116469567,-0.04170131640608083,-0.017763578764774517,0.18692264039774753,-0.12577804464959788,0.02891577773296971,0.04740751855582238,0.02655281299951791,0.036980165777670146,0.10742029030414062
nfl_20251116_gb_nyg,NFL,15,1017.0,475.0,-10.0,0.22813609586324982,0.01933127135833893,0.00816866674178496,-0.030235879444678346,-0.008204785090066736,0.033810192239466186,0.13674865662601104,0.00855924284904677,0.021382682224911055,-0.014522405052434514,-0.005508088809589978,0.19741767318810616,-0.23664919526305817,0.058210518634583,0.05504736821920751,0.037892223249697696,0.046469795734452604,475.0,63.0,30.0,0.08274768385919042,0.003281344583670129,-0.044122897907176994,0.03813496829754561,0.03651110934774872,-0.018552327902376545,-0.00501875928743694,-0.02828380004939277,0.07049425030926547,-0.023124923967375,0.0681260489126274,0.7802977083802646,-0.029662826703757562,0.10535090704053354,0.7011122926382513,0.6491814647008138,0.6751468786695325,357.0,124.0,-40.0,0.149860462091402,0.011383318644623339,-0.00790145771083999,-0.01760880886891072,0.04251067426728201,0.009002848589947472,0.12271933185255782,0.04488803236987757,-0.0347551652589323,-0.06446566593348409,-0.09542853786409967,0.2094533071461904,-0.1624734535157769,0.043046922427180855,0.0390328758403124,0.038372042637238465,0.03870245923877543,660.0,351.0,-10.0,0.29410346310861263,0.021900186317691896,0.014168304370852485,-0.03418808983391766,-0.0266681867397213,0.04033600254920828,0.14471835569572428,0.003675977238706795,0.042196442692260736,-0.007971942717630671,0.0214684098515373,0.21124184939776128,-0.28819634187239407,0.0771835171532758,0.06477659930064081,0.045777502463200684,0.055277050881920746,0.052499863888854
nfl_20251116_kc_den,NFL,15,1174.0,687.0,-5.0,0.21852082006077472,-0.007406457899527732,-0.045340957184431624,0.011666941085416667,0.05194780237154708,-0.016699757389149434,0.056331146874049776,-0.003708310335005704,0.012403481919305126,0.02269864999849998,-0.03747066270091612,0.11472344016194265,-0.2721667569576063,0.03527022861828363,0.044832925190269914,0.008934322752901253,0.026883623971585585,464.0,69.0,40.0,0.06405164376130719,0.005665564238330581,-0.01181644710284209,0.004598294173404902,0.003490824704553534,-0.018142889065363692,-0.02419449614934917,-0.004605116314636248,-0.09622742430311425,-0.058436276184967315,-0.005925813594931695,0.7957292967495232,-0.06055778460224507,0.2359007071864139,0.760361653644666,0.7027647528151654,0.7315632032299157,381.0,194.0,-10.0,0.11000299463674788,0.005521123084590197,0.0009511739988622158,0.05044881042327605,0.03197571421886394,-0.06487032842011793,-0.024660558374581792,0.024453654783599243,0.11267320676955381,0.04138032003754541,0.03846560278412259,0.2495432166527045,-0.27581788370799243,0.09171545042718555,0.08248697762751285,0.046673706634052514,0.06458034213078268,793.0,493.0,-5.0,0.25727001753606493,-0.009842629078621136,-0.05090956671475425,0.005309446279969851,0.054836185946683345,-0.009360158586113486,0.06691203709074835,-0.008450883612954017,0.00039672792603979914,0.02003091033422801,-0.046058372051451,0.08622555880333564,-0.27312893240776787,0.02577298484227318,0.032700696415655726,0.005049566909443035,0.01887513166254938,0.052499863888854
nfl_20251116_was_mia,NFL,15,1156.0,712.0,-10.0,0.32692765576525573,0.02013945973982819,0.0685660133260641,0.00892116146057746,0.04171622498671791,0.013941882428874253,0.07881996820310161,0.008017974121642199,0.03344464707400237,0.029418987176433254,-0.00894285222003331,0.0,-0.33972241259204106,-0.004359928744535886,0.002537295873554193,7.901636809777283e-05,0.0013081561208259829,231.0,119.0,25.0,0.05175573036231657,-0.033406899450034576,0.0035398168945757775,-0.00789124938831162,-0.01428499396198066,0.029156455881303084,0.020251020215959658,-0.004077467208993386,-0.0231877789316522,0.05702452652916635,-0.001305178996971297,0.40501045200723984,-0.11713066651027204,0.07973105468368966,0.31128347737292106,0.30037686860797064,0.30583017299044585,419.0,171.0,-15.0,0.09551572368306135,-0.014382815967362121,-0.017687990948416495,-0.008529553890160477,0.0566507801057777,0.04630185537508998,-0.07740298803179256,0.04434975054292525,0.07526457335577447,0.022287759792948635,0.018692569291728536,0.26157745198340254,-0.23330975142031707,0.0826472193506689,0.08958463605956606,0.04868592057006888,0.06913527831481747,737.0,541.0,-10.0,0.4054337512308656,0.03187264754306004,0.08862564217249481,0.01487503555878295,0.038841742023910115,0.0031553212343702138,0.11470371888147099,-0.004039526293197755,0.024515874135038897,0.032063860868722927,-0.014812213288709334,0.0,-0.3729315981669585,-0.014827000836678065,0.0007916693998799207,0.00018286638804369536,0.000487267893961808,0.052499863888854
nfl_20251116_hou_ten,NFL,15,939.0,425.0,-25.0,0.21253530327595155,0.003406612582084674,-0.007058209341420014,0.004743572904674569,-0.005785942297149089,-0.0016087788860907482,0.019034040042325027,-0.004256535858764371,0.04036547806733757,0.002699120987251502,-0.016337280431249893,0.19090025052410126,-0.22820259672067628,0.05384247481530734,0.04674445802842951,0.031478969841098874,0.03911171393476419,306.0,48.0,,,,,,,,,,,,,,,,,,,318.0,133.0,-10.0,0.19373488546927586,0.05219094057830437,-0.020850105385197205,0.03185594348403745,0.056886790061378284,-0.029116639524999568,0.07370883487961079,0.0011347808683340418,0.03213313385466175,0.02217687108474801,-0.025577619682716733,0.12311824164861176,-0.21428783168684,0.03008699952155373,0.030596682230880565,0.01564966229486974,0.023123172262875153,621.0,292.0,-25.0,0.2610755061064131,-3.373131246629568e-05,-0.0027637927392066314,0.0031924195033939343,-0.02005031913505655,0.000963207526769731,0.007293611048091218,-0.004578348296336486,0.04441762945765929,0.0016447576979937988,-0.013412229402656727,0.1634383189617774,-0.2509090213601403,0.0490198745567123,0.03122796539718219,0.019588745930283046,0.025408355663732618,0.052499863888854
nfl_20251116_sea_la,NFL,15,1100.0,524.0,-10.0,0.34117924666240856,-0.021244008388107145,-0.08065044501600158,0.019014965116018134,-0.1049402531749554,0.016380836466018737,-0.021338795868282145,-0.014506283780448114,-0.05413881613133989,0.033916757105738625,0.008939914932295998,0.14626449413928166,-0.3014480030804401,0.0516449642508489,0.014824282854238674,0.014718987658236786,0.01477163525623773,364.0,53.0,-30.0,0.052753373522828384,-0.047487301053385444,0.0354165427119912,0.04146168396296348,-0.00659134449403741,0.0010278469953606977,0.006920535743135136,0.013554635885364258,-0.003376472611968334,-0.01670798150502585,0.012921518265996098,0.8301102489581941,-0.056286766019051415,0.2750267221336304,0.7257700851057174,0.7005410460740696,0.7131555655898936,380.0,170.0,-15.0,0.19865371354379746,-0.00021402129200051912,-0.02456948777131655,0.0035219671503295517,0.05543421147363142,0.021890390475791013,-0.032681766236942224,-0.018748265381834377,-0.0018738030331875589,0.010757484235864444,-0.04260031204593158,0.41948570807807883,-0.2513677548183651,0.18164097264320428,0.22304204013425577,0.18970920951042147,0.20637562482233862,720.0,354.0,-10.0,0.39634681245183656,-0.026737243607784955,-0.09342360178219139,0.02330178050109983,-0.1409064163841046,0.015138367285424014,-0.019069288327988897,-0.013332657325909379,-0.06604092099126359,0.040237582322338844,0.02036090037962226,0.02313150951977242,-0.30851344540532855,0.007305365838817166,0.0002901682418436671,9.872176633254546e-06,0.00015002020923846082,0.052499863888854
nfl_20251117_det_phi,NFL,15,1058.0,621.0,-5.0,0.2836516986144832,-0.013800950548611314,0.0015327384310920688,0.027489240469500277,0.11537889415624272,-0.0054252390739797235,0.08169859923077762,-0.020114647616167085,0.01808383600596773,-0.014231560562435979,-0.013380599909211161,0.0995714310073248,-0.20907501131841696,0.02311998839412297,0.03706693716094147,0.008298348024245894,0.022682642592593682,676.0,130.0,10.0,0.07123936380313825,-0.020997942939400507,-0.022203092090799476,-0.012932877972160585,0.042046461238572114,-0.02344183252817035,-0.025409562433243063,-0.06874983529237576,0.046325968936022296,0.04756091053749779,0.008347211371959708,0.6735949907538004,-0.0959686218302045,0.198048378864223,0.5624867950579857,0.5241445108499677,0.5433156529539767,395.0,210.0,-5.0,0.31128570948371603,-0.003326801920201127,-0.03158187713294561,0.01828060868602789,0.13400609421631604,0.01886537165823639,0.13914432581533942,-0.06525825984661766,0.0020216890341634396,0.021395175004252483,-0.006476431276216633,0.025454938723014204,-0.30290401150260177,0.007911797368969953,0.022215144755567687,0.0004938165245016184,0.011354480640034652,663.0,411.0,-5.0,0.26778470839626095,-0.017323238676781632,0.015369029019129305,0.03155658645636548,0.11110746482246023,-0.013820180101848404,0.05972451277289862,-0.006146392822610368,0.024493117235973968,-0.02567913505896277,-0.0174964120388327,0.12983541468629614,-0.1936281008076501,0.028890838799441647,0.04237076165742848,0.014252551493209217,0.02831165657531885,0.052499863888854
nfl_20251116_chi_min,NFL,15,1104.0,500.0,-10.0,0.41408728134820294,0.022189495834800198,0.025773056706165445,0.012527637633113813,0.03065958126596382,-0.10530611329148333,0.1447464686369608,0.020017853301771003,0.07255290140117175,-0.013144289332448518,0.027294176957284397,0.030111586346860966,-0.311556687434708,0.009672727257660874,0.005574289798682341,0.0006471800237547671,0.003110734911218554,488.0,63.0,-20.0,0.07629496411634439,0.022374095464466125,0.0005923094096731876,0.0035465335628019753,0.035726020117598296,-0.01933056596915228,-0.024319304594329474,-0.0024181724980425466,-0.009186635201855982,0.011202187370332985,0.014048045573440941,0.7542899435726503,-0.062441441391553935,0.19168507788673333,0.6515601575074739,0.611091612129932,0.6313258848187029,391.0,138.0,-10.0,0.24631640719807815,-0.013718511441493374,-0.0033440967523953587,-0.014472159971943507,-0.02902568290616045,-0.0015879198969904842,0.11394801306032822,-0.027497776148051142,-0.017253612942837233,-0.02405681769692661,-0.03923651340476394,0.02872910462597766,-0.21931929295207633,0.0064872189043503475,0.019169106793476,0.0005917335288084783,0.009880420161142238,713.0,362.0,-10.0,0.4516415010326564,0.02739231984573232,0.030538761815549622,0.016403428376838527,0.0402625341605208,-0.12191824223893037,0.14991680043415673,0.026788532837267454,0.0872565952327651,-0.012330486335691518,0.03872187467970564,0.038085731063469165,-0.3518281589194183,0.013930173482065888,0.0033499812397973835,0.0010494318396247926,0.002199706539711088,0.052499863888854
nfl_20251116_cin_pit,NFL,15,1005.0,304.0,-10.0,0.18883918657577672,-0.002746418287251747,-0.009214322562175862,0.021449469681923454,-0.01586661272002031,-0.02471888936421792,0.12937945371717816,-0.007065067460141729,0.05053877784637549,-0.0020275605649308416,-0.016195383233130935,0.08190942636523055,-0.1617854843923136,0.01443404017136453,0.02452632064430836,0.0045585033012404816,0.014542411972774422,425.0,42.0,,,,,,,,,,,,,,,,,,,388.0,73.0,-20.0,0.09774378420578374,0.0022565515621500282,0.004864277585519779,0.03583708834103976,-0.006363871223990188,-0.03375816016688856,0.036261857912179965,-0.029489769405983444,0.10405910039204956,-0.003617453198468461,-0.014136446999806786,0.17478024516844493,-0.13345658629273327,0.028265894914681115,0.055067599819932866,0.024586741413461316,0.03982717061669709,617.0,231.0,-10.0,0.2615485669625042,-0.00437569453174069,-0.017664276346294135,0.0163894480477086,-0.02209141133963906,-0.021042213959503703,0.16711942617279887,0.0017846116464286996,0.02285425242051594,-0.0012301139160388165,-0.018972077969362216,0.07036729007053015,-0.17908740839432974,0.01355577905108286,0.017753054932947772,0.0032375956399842546,0.010495325286466014,0.052499863888854
nfl_20251116_sf_ari,NFL,15,711.0,290.0,-10.0,0.13088618608345312,0.01203434123611903,0.025333421284796546,-0.0016156321738885497,0.05122946715377444,-0.01969804497784628,0.09173968505475145,0.0022195411296378285,-0.03525955227606313,0.005762683725503212,-0.00429450901653719,0.2585536260132689,-0.15294849617000716,0.05333546654951964,0.11381519682899963,0.04837923158605867,0.08109721420752915,236.0,45.0,,,,,,,,,,,,,,,,,,,423.0,168.0,-10.0,0.14975152949517548,0.027214889292559698,0.011224983180182295,0.05490792766218328,0.023031678502029605,-0.037790176606917296,0.06547800511385804,0.011351776085632995,-0.04547719004780461,-0.006373521801939332,-0.006795210349277975,0.24552189934348004,-0.2068887373607696,0.06732563305070077,0.09949118600843668,0.040119452243543435,0.06980531912599006,288.0,122.0,-5.0,0.16125088200267312,-0.002756817806809019,0.047567580718908375,-0.06258112364877878,0.09533595459172965,-0.003125753655305516,0.13341850092345342,-0.007281722796666575,-0.018939020988037316,0.019351519237771283,-0.0003662822114750855,0.2705128830599889,-0.11237500335638945,0.04167158738776283,0.12968048664562482,0.05840574374598583,0.09404311519580533,0.052499863888854
nfl_20251116_car_atl,NFL,15,1309.0,667.0,-10.0,0.2931184654595006,0.0016331026181490365,-0.03236858037926598,-0.005229990342709401,-0.005039429692591467,-0.006463379873926588,0.04460774608898793,0.05372440391359589,-0.04013504967764699,-0.050656636357472605,0.010161264226103507,0.14135303480615743,-0.2659269464167666,0.043777690292375736,0.031711242164242905,0.015489886396394486,0.023600564280318696,388.0,51.0,-20.0,0.07087153780835657,-0.03231636345949139,0.0030371450709933976,-0.000725691289398789,-0.0038183379393705043,-0.012616439063989019,0.009639716752320093,0.0021775475741636183,0.017730082050688094,-0.02021125198555509,-0.006536390542991268,0.8645009403966678,-0.02669960678809726,0.17034682929979322,0.7881105696937228,0.7709213940443681,0.7795159818690455,369.0,137.0,5.0,0.10309235189826461,0.12432935309398736,-0.029021760530453286,0.053599737805190166,-0.0060948689408450345,0.02251958827573522,0.06585692344689173,0.017423667951067295,0.03021448609674069,-0.011979015188519567,-0.0011981280415242516,0.23198195727569784,-0.2349632941904677,0.07097130775847793,0.11681061647975256,0.05497242326660619,0.08589151987317938,940.0,530.0,-10.0,0.3242464675036884,-0.0035872155004110914,-0.031992889885624376,-0.007989610822800502,-0.004147821345062018,-0.00799750073762253,0.04421685118838385,0.05719755850935332,-0.04474027201143141,-0.05422988513386092,0.011962175683342194,0.15274972895141195,-0.2664320564275778,0.04803471393749,0.0298807470101038,0.018481748365694082,0.024181247687898942,0.052499863888854
nfl_20251116_tb_buf,NFL,15,1074.0,491.0,-10.0,0.21120510408349735,-0.02246967327592993,0.04870670844572625,0.0021933245080740195,0.008527365872029789,-0.0007898336181535365,0.07309648615121299,0.025873159679195495,-0.01078551325035747,0.017149984806116438,0.046112691539628374,0.05836745229922102,-0.2036472311681143,0.012623151228254336,0.010611493727305774,0.0021834374618531637,0.006397465594579469,419.0,73.0,-50.0,0.08121847838736561,-0.020444378940441925,-0.05316604194888564,-0.0712491516831597,0.04141129105946508,0.05819943338653924,-0.06755659320391573,-0.02040811906483839,0.02036947409020152,0.0029227209957059714,0.001840072097173367,0.728053814879876,-0.047419203635274555,0.12695060270831712,0.6202606061968844,0.5948297825833391,0.6075451943901118,367.0,140.0,-10.0,0.14358341652297282,0.020289473340596432,-0.09558023563697869,-0.025311116400150414,-0.057356370225969414,0.043000606837832106,0.016648815844186045,0.020469168869582,-0.010989257265521631,0.06321490060845743,-0.0009878448847904823,0.0680447209073583,-0.19559441489333526,0.014280907754943933,0.0033178321210096465,0.002452869456199593,0.00288535078860462,707.0,351.0,-10.0,0.23414273655261952,-0.03427688546275104,0.08571509953342388,0.009211871017667262,0.024549648109071977,-0.012788754788613443,0.08739690728001068,0.02727244139549022,-0.012480391933491833,0.004883709102136477,0.05638064023662433,0.04579627958093555,-0.21088957996995733,0.010121484498895768,0.012613356097167343,0.0012708703837357306,0.006942113240451537,0.052499863888854
nfl_20251116_lac_jac,NFL,15,559.0,298.0,-10.0,0.12662089679574023,-0.011793544828711509,0.01575720134018353,-0.020222631721058308,0.05522018202776525,-0.006355990990267243,-0.005829529570250528,0.03860782328591837,0.004315561054645826,-0.011719035890922205,-0.0071393821426660046,0.1165486868128591,-0.22416344975651192,0.029572603844245503,0.035262190085810524,0.01566165250162965,0.02546192129372009,347.0,72.0,-30.0,0.07586326927828403,0.002988495154775789,0.014272092848370688,-0.02209228520911775,6.17931817470681e-05,-0.056285870476426816,0.03139225410105847,-0.005735291978068244,0.009769437284463996,0.007233008213564813,0.06199259876496254,0.7021839607177187,-0.05235639364032858,0.12344472763743854,0.5783533052886903,0.4835984854061316,0.530975895347411,300.0,146.0,-10.0,0.1441495627864747,-0.0766914043026147,0.08243937909661479,0.0003107822825598133,0.05884862225664481,-0.014948026998832197,-0.0143218309081645,0.02065845715835165,0.0022664277758259995,-0.026481141816071453,0.021271729527886928,0.1143939130498066,-0.25435877260243944,0.03285557286167955,0.0392077405884161,0.014693213172794336,0.026950476880605218,259.0,152.0,-50.0,0.10354140262280176,-0.003980715324176757,-0.0915524016300659,-0.03861087693566001,0.06123512610517071,-0.008816203905356751,0.015238477612637498,0.06737954082848564,0.015609874822547836,-0.016158750402520496,-0.04712298525522327,0.1528095635640719,-0.1601749172970018,0.028891094792141536,0.0404019818579731,0.031036373023551233,0.03571917744076217,0.052499863888854
nfl_20251116_bal_cle,NFL,15,1099.0,536.0,-10.0,0.21809207399019528,0.00298379629469158,0.0024567202684534647,-0.02826770464778793,-0.03465145130890699,-0.006465210570147214,0.14961925351030217,-0.0031442799267547275,0.01052562420717924,-0.02436582114523426,0.043601876629337316,0.0894574137012897,-0.30524710473240363,0.02998938977710747,0.010786266926185204,0.005667006694577569,0.008226636810381386,292.0,59.0,25.0,0.056603635557757756,0.011245508469344707,-0.14675400392317212,-0.011410300150395215,-0.00972052435118117,-0.02637889584806775,-0.02308126110564103,0.03197032349963655,-0.03033115840992355,-0.012242140474354953,0.002572870873866938,0.8969722252790753,-0.02855731892112092,0.24862346071306235,0.8627215768563752,0.8359370212289109,0.8493292990426431,399.0,188.0,-10.0,0.19411572020820583,-0.013303414928345957,0.011092025867385976,-0.009204222656634526,-0.046744748720601526,-0.001114684045537588,0.06923349827201707,-0.055892845145230706,-0.02324779745504193,-0.05231363351079489,0.08638378004252259,0.09273917808976417,-0.26564845157582934,0.027154285146017705,0.03255083186704508,0.003924894414085516,0.018237863140565296,700.0,348.0,-10.0,0.23007044934582951,0.00738401356117833,0.0015752101199874677,-0.03361687294079537,-0.030293670303202142,-0.007325358832368875,0.171941007719664,0.008397059184952111,0.020625091766462586,-0.01975109109324139,0.03416350643175609,0.0825737632176674,-0.3258858363932707,0.029331644127280364,0.005603301385939114,0.0045032899781978965,0.005053295682068505,0.052499863888854
nfl_20251118_dal_lv,NFL,16,824.0,433.0,-10.0,0.13837462949466287,0.002039735747372953,0.042583445661330405,-0.00854334444934172,-0.016324630849180476,-0.009398048105292524,0.07407463118544656,-0.013221086699728053,0.045366722429328564,0.021796994401401374,-0.03310017592169951,0.07593327360676923,-0.19873669839390914,0.01633077749022738,0.03474888673645896,0.002624907476662243,0.0186868971065606,600.0,119.0,-35.0,0.06531834986545479,0.022065440891905225,0.006752334563743357,-0.02705995566331324,-0.049127600280794236,0.00362052595650288,0.05700738813105203,-0.02410769180966462,0.03856825835526078,-0.025024852943447126,0.011868654320309707,0.8026728307283949,-0.06714781719177289,0.2731389129105034,0.6585270469245065,0.6316684558258147,0.6450977513751606,400.0,222.0,-10.0,0.1576868201920773,0.039185305182529336,0.032076757371482266,-0.013713343603377857,-0.03106096070274074,-0.010811453266970613,0.11535909478080307,0.007261703006893159,0.03916995711545784,0.043707172684842255,-0.06292027596832647,0.10960423511389185,-0.28702485523882193,0.03533163673700829,0.055574379884947914,0.005711436727976517,0.030642908306462217,424.0,211.0,-10.0,0.0995079347569377,-0.012233472016212027,0.05285632124665665,-0.010471696464024863,-0.006667209500328182,-0.013000415753692549,0.012498187970480325,-0.025951644159431457,0.04878637482989792,0.01765844918925259,0.0023466638789593854,0.37290355884733795,-0.15984900790237758,0.09505438081493059,0.17007666090498158,0.12266012079097309,0.14636839084797734,0.050202499780075
cfb_20251119_akr_bgsu,CFB,16,1468.0,231.0,-10.0,0.2739224968944388,0.010084549576847573,-0.07576842691452912,0.004142601152338249,0.033247572613889234,0.010593651907798084,0.08969567059176857,0.003515865308984074,-0.0029683832349039806,-0.02077707770285295,0.030658914607353507,0.2642157751552652,-0.07325814506763995,0.026306567784281927,0.08581976687147788,0.04344666319410833,0.06463321503279311,315.0,22.0,,,,,,,,,,,,,,,,,,,453.0,58.0,-30.0,0.21358271845043467,-0.05322364741972557,-0.05302961377074647,0.004881659052913744,0.02069348389753375,0.01768225764194021,0.01098826369265651,-0.01616579049534425,-0.03142376356716471,-0.0013404250975933153,-0.00914900130035193,0.21382259116681696,-0.07647120965402533,0.020798450851128615,0.04676220519988913,0.02216475495222295,0.03446348007605604,1015.0,173.0,-10.0,0.33319217666935086,0.01923683653556807,-0.080849827352544,0.004298139089015463,0.03732501676570752,0.01050577094608318,0.10268817040190512,0.006299666953384611,0.0005492250381332557,-0.025423877715093756,0.03758648161774737,0.2825774716465406,-0.07279492963786498,0.028672374162776765,0.09641554758546848,0.05466508772303046,0.07554031765424947,0.10269903509638832
cfb_20251119_mass_ohio,CFB,16,341.0,65.0,-5.0,0.040813810371559046,-0.003453621463290396,-0.008992049438737078,-0.0009505593143659378,0.0024129656328273816,0.0059440508125693835,0.023490128973249497,0.006096470508838627,0.013055819190929517,0.004853615957449845,0.0332118165311718,0.6254690598528181,-0.025746513906091797,0.04299684250652934,0.3958626335339795,0.37028545049228445,0.383074042013132,52.0,15.0,,,,,,,,,,,,,,,,,,,199.0,33.0,,,,,,,,,,,,,,,,,,,142.0,32.0,,,,,,,,,,,,,,,,,,,0.10269903509638832
cfb_20251119_wmu_niu,CFB,16,929.0,121.0,-10.0,0.10758669024301554,0.002654216332638906,0.033776543202429905,-0.012432456417537402,0.05443393462797766,-0.00031837218238286785,0.00917471493980104,-0.013693536343394522,0.032528144381671814,0.004673484635128951,-0.03553549943254083,0.12842575438971818,-0.06702276808211045,0.009875750225048434,0.02761754578608795,0.005365486493883019,0.016491516139985483,142.0,19.0,,,,,,,,,,,,,,,,,,,444.0,76.0,-10.0,0.09281386228941253,0.003643250418650582,0.005031880189031135,-0.03705754521992347,0.032808434605638946,-0.006467234120986548,0.038054076994987494,-0.03623829921576156,-0.031286050920726886,0.015001293024717584,-0.09605322140993504,0.08290918909003335,-0.07781410286953064,0.007034749549262013,0.031859138220328286,0.0021253307133738417,0.016992234466851063,485.0,45.0,,,,,,,,,,,,,,,,,,,0.10269903509638832
cfb_20251120_cmu_kent,CFB,16,809.0,157.0,-10.0,0.0685334393730725,0.004068970155343639,-0.05295282258494598,0.005839526215557096,0.01937681441800814,-0.02224908633517975,0.02760586729070927,-0.06043657697964074,-0.0252075359208353,0.003718293131760731,-0.0073151303196671135,0.372400217518476,-0.08165534968637493,0.048452008483046996,0.1537090255225063,0.10199405732684289,0.1278515414246746,287.0,24.0,,,,,,,,,,,,,,,,,,,345.0,40.0,,,,,,,,,,,,,,,,,,,464.0,117.0,-10.0,0.07247706748826976,0.01277572309201472,-0.06418575768324228,0.006295990190390651,0.021685598537633737,-0.03487133188586796,0.03277154140673017,-0.0949359317267471,-0.01648222500768059,-0.0070940085404262165,-0.01857161883632095,0.24036612072354913,-0.0783095022497541,0.02477897811705587,0.08408987517127973,0.039745319860463243,0.06191759751587149,0.10269903509638832
cfb_20251120_moh_buff,CFB,16,1331.0,356.0,-5.0,0.06879896047830729,0.006007411578812014,0.008507787770148982,-0.007878000177645087,0.022696976600631674,0.0034804231107153486,-0.02579680154500773,-0.0026980396971994884,0.008016824429184012,0.010784857108679222,0.018415314170401917,0.09565655057771551,-0.11632756009316932,0.01230449907360195,0.017064667667384747,0.0060178941465496225,0.011541280906967185,329.0,60.0,45.0,0.048981731908120725,0.02740518826513508,-0.0848875698187066,0.015093195147997243,0.01134479343920963,0.007171500210283695,-0.01617878849086559,0.017322911054771347,0.006389824631442628,-0.009757401093880924,0.008329412748126324,0.7498972997531405,-0.04540735078344668,0.13614746945091358,0.6158424734893889,0.6011889971308325,0.6085157353101107,467.0,84.0,-5.0,0.12678663338386992,0.03335820510065415,0.01391828524505974,-0.038845859682242564,0.10000540694506045,0.02172919141451447,-0.03555719542467713,-0.005446191416509712,0.022097162746510805,-0.017206237955713213,-0.001109805136410963,0.0,-0.07253119516676201,-0.012279109605669074,0.009742840669088924,0.0004473177875091802,0.005095079228299052,864.0,272.0,10.0,0.06797709492434094,0.0030822171364617516,0.008858133234212048,-0.006109363443726889,0.020412385228172934,0.001242925091791267,-0.026924643448409183,-0.0036208658920689222,0.00604410602082296,0.015827537805242944,0.021226981792975337,0.16387666143742885,-0.14366047277591842,0.02815684908343022,0.03610942245266368,0.024367187430380677,0.03023830494152218,0.10269903509638832
nfl_20251121_buf_hou,NFL,16,1073.0,818.0,-5.0,0.4325503296302987,0.020778382158588373,-0.10278439334948031,0.004512034822930702,0.07414302735108637,-0.03497664081815696,0.0578024439454193,-0.0006381656633976966,-0.03759204946220506,-0.005060148978137857,0.012908821191552339,0.0,-0.4340497526291347,-0.0010799591560863699,0.010139220082524535,2.6613547043425897e-06,0.005070940718614439,661.0,122.0,0.0,0.06553124763012112,0.00183653318195619,-0.00783187481335488,-0.020963047648672014,-0.015485487542419402,0.0035162360673882025,0.06206696503686875,0.005308663613257992,-0.06587480579221937,-0.001604632351551299,-0.053792623446176455,0.7070598438388649,-0.07953317096882488,0.1919665510599869,0.6233781557442757,0.5445331793875084,0.5839556675658921,396.0,278.0,-5.0,0.35526589560629934,0.033952281122685994,0.015506953296900553,-0.04533782810959805,0.17091190129413203,-0.03733470734217283,0.09876952874518642,-0.04001162926046002,-0.02155330157425005,0.015597175477937226,0.004060902651657842,0.0,-0.37858207723251386,-0.001263180067311671,0.04344666624237684,6.411291453067968e-06,0.021726538766914955,677.0,540.0,-5.0,0.44905542866768833,0.01718174933203258,-0.12857534292080233,0.017431686053667846,0.0530822138742231,-0.03489297838677094,0.04857483244339016,0.009461698902935968,-0.041868093709054824,-0.010804075784067526,0.01439817082054002,0.013824036966312653,-0.460702287704903,0.006458041662367948,0.00696972789859243,7.706954144076442e-05,0.003523398720016597,0.050202499780075
cfb_20251121_ull_arst,CFB,16,1493.0,439.0,-10.0,0.3904490925853478,-0.03926065899486004,-0.026030543293536965,0.037914171007237464,-0.019293863482062388,0.0034475268460086054,0.010706705077080702,0.005703700450629727,0.017956941154274268,0.07133195256166847,-0.00840449152037952,0.264412213590986,-0.19233381747697378,0.0691357460892014,0.14955798454379404,0.041538624140003304,0.09554830434189868,250.0,11.0,,,,,,,,,,,,,,,,,,,449.0,101.0,-5.0,0.08682157669164349,0.01624881974526448,0.013326317496245282,-0.05815046342799044,-0.03516365111495362,0.039373324433711776,0.03980587862575271,0.0655238748609188,0.007893259202052989,0.04049730626902886,-0.010365440201812515,0.3343310346902114,-0.1263335889148403,0.06345081669590837,0.11827686532783321,0.07225815586768933,0.09526751059776127,1044.0,338.0,-10.0,0.4222305341739482,-0.07609933015391247,-0.028495484816565345,0.09340376637090561,-0.018349296343692808,-0.012443038544694238,0.008924333195628806,-0.020711067980860545,0.018594697542474583,0.10557453932135494,-0.008295190157519327,0.2602777291174496,-0.21320811976763152,0.07501913546054546,0.15136062377137316,0.03945861251595511,0.09540961814366414,0.10269903509638832
cfb_20251122_haw_unlv,CFB,16,952.0,290.0,55.0,0.07933071209829282,0.005915577707205281,-0.007647898940819393,0.008769110566965693,-0.03647560233300883,0.013486917447129104,-0.014391407899744529,0.00819351985771906,0.09144986026918847,0.002173657037090396,-0.01910811849919906,0.29113148109457326,-0.0895571771648918,0.03678102911231489,0.09907880085130234,0.07602979693020383,0.08755429889075309,300.0,48.0,,,,,,,,,,,,,,,,,,,427.0,141.0,55.0,0.08386508257841604,-0.0016464220902490789,0.011419971685982465,0.018935307855601716,-0.07943043296425747,0.011299583074620046,0.0005787997913277575,0.03921250661965001,0.12373241147301696,-0.03499873322459105,-0.03762264594132168,0.3219598250771428,-0.08531455373794479,0.040510665612296964,0.1008009202547013,0.07947347968411655,0.09013719996940893,525.0,149.0,-35.0,0.08733962004906351,0.013510210469261603,-0.028415707725492182,-0.007793494810775221,0.0015845512440494976,0.014219119257890643,-0.031189436159260384,-0.03762831671265443,0.07127052535307699,0.049146982546295535,-0.0017834126701987048,0.38316127141236994,-0.12477365335782438,0.07750556092484145,0.25907649751037143,0.20967807883042613,0.23437728817039877,0.10269903509638832
cfb_20251122_del_wake,CFB,16,146.0,34.0,,,,,,,,,,,,,,,,,,,118.0,8.0,,,,,,,,,,,,,,,,,,,133.0,17.0,,,,,,,,,,,,,,,,,,,13.0,17.0,,,,,,,,,,,,,,,,,,,0.10269903509638832
cfb_20251122_odu_gaso,CFB,16,104.0,19.0,,,,,,,,,,,,,,,,,,,71.0,15.0,,,,,,,,,,,,,,,,,,,102.0,6.0,,,,,,,,,,,,,,,,,,,2.0,13.0,,,,,,,,,,,,,,,,,,,0.10269903509638832
cfb_20251122_usf_uab,CFB,16,485.0,78.0,-5.0,0.09772364201745708,-0.028966986204363922,-0.02835326120103156,0.010186344239504213,-0.004458699466131434,0.013979479431212354,-0.041715415468015715,-0.032343405233669444,-0.007813023279261385,-0.0393800402798455,-0.019811708061266732,0.6303305699319764,-0.037356602302745644,0.06369747267411027,0.4761008371914517,0.47408787279923253,0.47509435499534214,32.0,8.0,,,,,,,,,,,,,,,,,,,283.0,60.0,-5.0,0.13357630074865723,-0.0434071899937421,-0.04668125977149968,0.01678034184470521,-0.004439848944797116,0.02290390944710206,-0.06644390872852653,-0.051495667068287836,-0.009761065626684017,-0.06250453182230424,-0.028477070096293054,0.5102010449530727,-0.08976054072875483,0.09349942706794032,0.3244112799211296,0.31565466290360983,0.32003297141236975,202.0,18.0,,,,,,,,,,,,,,,,,,,0.10269903509638832
cfb_20251122_ark_tex,CFB,16,1009.0,188.0,-40.0,0.06036524448097529,0.017864102818710603,0.006884696799150649,-0.018683536387145042,-0.0023310310026698018,-0.024728569376642046,0.0546095690330735,-0.004981187886326914,0.04379418901132254,0.03876051159272976,-0.0697777990763263,0.30445559115427084,-0.06474331751566438,0.028339621103750736,0.12660255068758433,0.09600123780106871,0.11130189424432652,303.0,20.0,,,,,,,,,,,,,,,,,,,414.0,70.0,-40.0,0.060489832370662924,-0.08123363304570178,0.040163924836026606,0.005568114073072497,0.011822568997252196,0.05530976791869148,0.07307701093466239,-0.025417105077247686,0.10322628218961809,0.015263289592331995,-0.15442296384946316,0.2400929420138139,-0.109943507778964,0.034736695705818735,0.06489049080546595,0.042976485552744234,0.053933488179105094,595.0,118.0,15.0,0.0803952828869379,0.05285350126880287,-0.019435214398550858,-0.028673343121079522,-0.014237788614475081,-0.05393155068260768,0.040797511834797816,0.0013973115168997776,-0.0015413151533270654,0.05019031186215933,-0.003466776557535003,0.35199881958710844,-0.050838339859707815,0.027615745404943687,0.19555928438097184,0.1573353481006582,0.176447316240815,0.10269903509638832
cfb_20251123_neb_psu,CFB,16,530.0,99.0,35.0,0.05508100785836053,0.002414340334478352,-0.07539660328024023,0.00557431892679222,0.053206513686976625,0.009398104213237227,-5.764990138020881e-05,-0.011525504733901145,-0.0012294911683313698,-0.0037601488881621524,-0.040891451007742524,0.450237657214787,-0.06323013250928125,0.05178344260927623,0.2558263155823483,0.21909066646325218,0.23745849102280026,120.0,16.0,,,,,,,,,,,,,,,,,,,360.0,56.0,60.0,0.07069927442263932,0.0034615785545575556,-0.08950143631533262,0.01699611431012694,0.06917709193485384,0.022379939230777215,-0.004827007796476978,-0.0242576257782947,0.005576257392131187,-0.0048087795763800106,-0.03518650703218744,0.5440271533972966,-0.07683321926854221,0.09167071652719663,0.3688907558520413,0.3366040406677715,0.3527473982599064,170.0,43.0,,,,,,,,,,,,,,,,,,,0.10269903509638832
cfb_20251122_eiu_ala,CFB,16,0.0,3.0,,,,,,,,,,,,,,,,,,,0.0,2.0,,,,,,,,,,,,,,,,,,,0.0,2.0,,,,,,,,,,,,,,,,,,,0.0,1.0,,,,,,,,,,,,,,,,,,,0.10269903509638832
cfb_20251122_ccar_scar,CFB,16,12.0,8.0,,,,,,,,,,,,,,,,,,,63.0,7.0,,,,,,,,,,,,,,,,,,,12.0,3.0,,,,,,,,,,,,,,,,,,,0.0,5.0,,,,,,,,,,,,,,,,,,,0.10269903509638832
cfb_20251122_fur_clem,CFB,16,9.0,1.0,,,,,,,,,,,,,,,,,,,15.0,4.0,,,,,,,,,,,,,,,,,,,9.0,1.0,,,,,,,,,,,,,,,,,,,0.0,0.0,,,,,,,,,,,,,,,,,,,0.10269903509638832
cfb_20251122_rutg_osu,CFB,16,213.0,48.0,,,,,,,,,,,,,,,,,,,80.0,30.0,,,,,,,,,,,,,,,,,,,105.0,20.0,,,,,,,,,,,,,,,,,,,108.0,28.0,,,,,,,,,,,,,,,,,,,0.10269903509638832
cfb_20251123_byu_cin,CFB,16,1274.0,284.0,0.0,0.07762024461397259,0.040948989607924875,-0.0009495204166480329,-0.030520342482315985,0.040986849203412924,0.006838113925985596,0.01979151401254438,-0.013126967923540648,0.0042995404290871245,0.004072942398180223,-0.01813059665813647,0.0,-0.13751445041044325,-0.0004450528284584821,0.01484214258288225,7.2551132134748905e-06,0.007424698848047862,254.0,15.0,,,,,,,,,,,,,,,,,,,457.0,103.0,-40.0,0.11627727260781553,0.10803441849090897,0.012660021579774557,-0.04026877638780692,0.10019067739198242,-0.03312559886411253,-0.014788353250962286,-0.051647322224156265,0.016215683849080554,0.03126170130408036,-0.004299109359404878,0.0,-0.1646372280129006,-0.017274507946358587,0.007576080781428332,0.001152212783666831,0.004364146782547582,817.0,181.0,15.0,0.07164225094807324,0.014753711379139512,-0.0074569976072189695,-0.028477270303572874,0.0156269596964898,0.024992603143230967,0.03867711120274742,0.0028043937804726714,-0.0010603247918090284,-0.007341609996409487,-0.02632992396744031,0.09464784727434025,-0.12019860031791155,0.012565871447070477,0.04577126369458469,0.007510885081361841,0.026641074387973265,0.10269903509638832
cfb_20251122_msu_iowa,CFB,16,1007.0,237.0,-5.0,0.15795547018447978,-0.017242564256686115,-0.06859499536085793,0.027058047317428405,0.09998900818283424,0.012948564537790419,0.015490529022573777,0.008868601870829124,0.0035508053878524396,0.05043911704620071,-0.0046674387773624195,0.07856088409556929,-0.11721200094407687,0.00999336609640136,0.051995723676945924,0.00437076879921948,0.0281832462380827,34.0,6.0,,,,,,,,,,,,,,,,,,,181.0,19.0,,,,,,,,,,,,,,,,,,,826.0,218.0,-5.0,0.16726470895962733,-0.01790491168772266,-0.07737515826128638,0.027696214977600598,0.11337241687265416,0.013159660229909453,0.02048537387706589,0.008743373536333173,-0.0027326042766663548,0.05205371118517605,-0.015034666043115928,0.050255220982431355,-0.13576760182296377,0.007184067743889729,0.04682671807671397,0.0017090062446515908,0.02426786216068278,0.10269903509638832
cfb_20251122_nmsu_utep,CFB,16,1094.0,161.0,-25.0,0.11761086177585862,-0.011152878261609449,0.020821669014726058,0.011767211112146982,0.013163112164927814,0.001767985365699442,-0.0017681449422083419,0.011202567536844966,0.03235213727729716,-0.017197974428041662,0.0021975981709042186,0.14363786308307874,-0.06001487396521223,0.010066311759880714,0.011958489007160386,0.010688874584068779,0.011323681795614583,22.0,17.0,,,,,,,,,,,,,,,,,,,247.0,18.0,,,,,,,,,,,,,,,,,,,847.0,143.0,-25.0,0.13327357329263745,-0.011776353868630665,0.024189917018150195,0.011763279945093377,0.01670667971204475,0.001229744684214816,-0.004372079004219054,0.01166137494515144,0.03966859922731933,-0.018610891731025238,0.0012420792138202082,0.19027591000275088,-0.1415947374869995,0.033273145581022526,0.020311664937889582,0.019236750620701466,0.019774207779295526,0.10269903509638832
cfb_20251123_unm_afa,CFB,16,425.0,57.0,25.0,0.07426226194942609,-0.0014692750033877752,0.01168318422601543,0.00046366660695127993,0.04179908463513584,-0.0015181017333716774,-0.011497460465969287,-0.004409662418163849,-0.028272743519845895,-0.021480904812396524,0.015103692455824434,0.4726254535526092,-0.03415584604492894,0.030609976035443725,0.3054765594518487,0.27632488939903643,0.29090072442544257,40.0,17.0,,,,,,,,,,,,,,,,,,,280.0,29.0,,,,,,,,,,,,,,,,,,,145.0,28.0,,,,,,,,,,,,,,,,,,,0.10269903509638832
cfb_20251122_mer_aub,CFB,16,443.0,26.0,,,,,,,,,,,,,,,,,,,85.0,17.0,,,,,,,,,,,,,,,,,,,321.0,15.0,,,,,,,,,,,,,,,,,,,122.0,11.0,,,,,,,,,,,,,,,,,,,0.10269903509638832
cfb_20251123_wku_lsu,CFB,16,983.0,114.0,-30.0,0.04661890930292121,0.0014941191987083364,0.010113765129904147,0.022564293662315008,-0.03153725160634808,-0.03591438983314076,-0.007815952454414844,-0.01612993433068213,0.0005140597052621486,-0.01793400410611248,0.010324912070444395,0.3603072120767175,-0.07286310048016865,0.04104016973914017,0.16212716567841207,0.11855987845778224,0.14034352206809714,125.0,13.0,,,,,,,,,,,,,,,,,,,361.0,48.0,,,,,,,,,,,,,,,,,,,622.0,66.0,-20.0,0.05023144845248368,0.0038529022200975336,-0.0076950867540410885,0.016360857301077253,-0.024827627058895685,-0.007471740523766708,0.013703743966435634,0.040181216227264206,0.0005855226382613451,0.02335987792531624,-0.00989432035697922,0.42164131686621487,-0.07484407256970485,0.05456363713073379,0.20493174239082312,0.18579820572426922,0.19536497405754616,0.10269903509638832
cfb_20251122_mosu_kenn,CFB,16,1129.0,131.0,-10.0,0.09292310753724646,0.03831099892447627,-0.006388637946551619,0.001652981573613783,0.0039002416663455183,-0.01935002947090257,-0.001460541769653299,0.016571925563160877,0.023028477810817228,-0.01834866027175965,-0.018142320523342366,0.0,-0.07899935701691994,-0.006045747416182603,0.006024206925834877,0.004240971850656772,0.005132589388245824,64.0,10.0,,,,,,,,,,,,,,,,,,,192.0,15.0,,,,,,,,,,,,,,,,,,,937.0,116.0,-10.0,0.10138383310358032,0.043622668717810946,-0.012806796332968112,0.0013352294971002313,0.00885283914738926,-0.021404666919700513,-0.0026846938479685185,0.01786777159963204,0.04852403309101782,-0.015321622758353436,-0.03748550864693455,0.0,-0.08598488271801658,-0.013782058030395556,0.027021960847397615,0.02062217335699874,0.023822067102198176,0.10269903509638832
cfb_20251122_lou_smu,CFB,16,750.0,126.0,-5.0,0.0803220575792535,-0.03624067944039792,-0.03216777945419526,0.05742067916524269,0.1377498409555114,0.014921067158756128,0.014171987555240193,-0.07606369838964362,-0.002380539286519606,0.014982632013797612,-0.029018676921772495,0.5303640139569369,-0.05965011619339896,0.06736339632718835,0.3554690272178527,0.32811800808657926,0.341793517652216,374.0,27.0,,,,,,,,,,,,,,,,,,,403.0,66.0,-5.0,0.09055893724405985,-0.03732100217804307,0.008860566563257358,0.069738578130813,0.10736370324134804,0.02030161864979088,0.04429498883669375,-0.11660572823040725,-0.008112903934277252,0.021750833980481183,-0.05205298662793317,0.5436004694183083,-0.08232523431938801,0.09805451807532327,0.3850704970282211,0.3615462326389459,0.37330836483358354,347.0,60.0,-50.0,0.05258698173053943,-0.03558976641477298,-0.09926614520219539,0.03410950322788686,0.2113465263014656,0.004327723287618819,-0.02028949998751229,0.00446006640308841,0.0009555041173308959,0.0015706747882213844,-0.010527171396542223,0.6975802613175536,-0.026293215105288308,0.06064957249131529,0.6593895412905837,0.617090660680072,0.6382401009853278,0.10269903509638832
cfb_20251123_cal_stan,CFB,16,1054.0,125.0,-15.0,0.07568415367778786,0.011827210891214303,-0.03959462432956705,-0.002540524987394435,-0.04623584844015363,0.005407683416803492,-0.005485315513256157,0.0015788874205613728,0.04279682690678443,-0.001048248328220095,-0.0019589441708206794,0.0,-0.05443716459645165,-0.0003942958545321207,0.0007333787340770961,2.9896194250619614e-05,0.00038163746416385784,97.0,6.0,,,,,,,,,,,,,,,,,,,373.0,34.0,,,,,,,,,,,,,,,,,,,681.0,91.0,-40.0,0.08931711926995411,0.013330452846418421,-0.010372660466267766,-0.0018855917594308312,-0.026142612370998044,0.006327757183765997,-0.0015322770427750319,-0.0003380614006847365,0.06152018950379017,-0.00012472020270337488,6.883467533323077e-05,0.015047514377072852,-0.048870539962644594,0.0007466148503987186,0.005513629631827482,0.00012275993917625563,0.002818194785501869,0.10269903509638832
cfb_20251123_wash_ucla,CFB,16,612.0,124.0,-5.0,0.06444584653582355,-0.014657559694000863,-0.02396745786990726,0.0016066828286919938,0.01286569330053282,-0.01510274896044407,0.004745533768096588,0.01959481954639869,0.01965923180203822,-0.009356557020884648,-0.005128335948445105,0.0,-0.12146481672375874,-0.002526012086251194,0.0018482741407490828,0.00029005143167802416,0.0010691627862135535,215.0,19.0,,,,,,,,,,,,,,,,,,,392.0,59.0,50.0,0.08001048969307793,-0.030241897062352967,-0.04240004798112678,0.004983684568469003,0.0006953541230973521,-0.023685349902630996,0.003818116786456081,0.012457076687377349,0.026025656351924407,0.00589025765484885,-0.01694488024464569,0.0,-0.14526662974093266,-0.02557244265606734,0.01885951385029316,0.003702264257014051,0.011280889053653605,220.0,65.0,-5.0,0.07563863229944134,0.008553987911853534,-0.014360288304526356,-0.005120651322039381,0.024419986142939058,-0.0036668799931239802,0.0039770690210047255,0.032755310682222295,0.015198854810122833,-0.03714016351026404,0.003067295247294921,0.34965479708609726,-0.08713308838692892,0.046846662669163985,0.21531229635292418,0.19429717865899104,0.20480473750595762,0.10269903509638832
cfb_20251123_ill_wis,CFB,16,1145.0,196.0,-5.0,0.08227873305021766,-0.0015851008202473695,0.005049289102157126,0.05657518524077008,0.03803444553028079,0.026842081320542818,0.011558999828266572,-0.021668385589686773,0.04599718213013399,-0.02602467666861457,0.004466799656174131,0.03712684594697819,-0.11977160785383816,0.004618201281127905,0.008607722875753945,0.0010258483132669892,0.004816785594510467,156.0,5.0,,,,,,,,,,,,,,,,,,,436.0,64.0,-50.0,0.10700791457302196,-0.027665386690191984,-0.023391298747654974,-0.0260174700769952,-0.011495427368921554,0.043332368307108654,0.006439849813479864,-0.08127281631062629,0.034878512438918395,0.016491851505331397,0.0038630786849513502,0.048146142121152875,-0.122239730242497,0.006183062007251691,0.009705798321570615,0.0018245790011125924,0.005765188661341604,709.0,132.0,-10.0,0.10037393974990827,0.0026150683601611118,0.019184925949176278,0.07680613919019748,0.06284605847093613,0.026598152595713687,0.013973845186949321,-0.013772953441597164,0.05151469524357719,-0.03636321527778683,0.0027515054640062085,0.044116728370078157,-0.1214838684360917,0.005606825628408248,0.0099811656815992,0.0014502396339821028,0.005715702657790651,0.10269903509638832
cfb_20251122_conn_fau,CFB,16,1164.0,222.0,-20.0,0.133284745372656,0.010064278045921742,-0.04816538067101667,-0.0009095137877796156,0.07693317778334532,0.01173838751378128,-0.03663938020210493,0.0065004384081321955,0.08410959091027011,0.011060858676825611,0.021631385741545012,0.09900011749240892,-0.12383084900880473,0.013606293229403535,0.007959919915363305,0.004893289258579383,0.006426604586971344,35.0,8.0,,,,,,,,,,,,,,,,,,,214.0,40.0,,,,,,,,,,,,,,,,,,,950.0,182.0,-20.0,0.13962503775409044,0.011141270087813421,-0.052936312393388925,-0.0016133161928815433,0.08258545900326647,0.010860222188085853,-0.03720701594321767,0.006731486560103013,0.08890022957701643,0.009920139348657715,0.02060317875010568,0.09915345592983384,-0.1283453332643415,0.01412658285630778,0.007980764960661742,0.004590285622186257,0.006285525291424,0.10269903509638832
cfb_20251122_syr_nd,CFB,16,0.0,3.0,,,,,,,,,,,,,,,,,,,19.0,8.0,,,,,,,,,,,,,,,,,,,0.0,3.0,,,,,,,,,,,,,,,,,,,0.0,0.0,,,,,,,,,,,,,,,,,,,0.10269903509638832
cfb_20251122_bay_ariz,CFB,16,992.0,182.0,-45.0,0.08373400952908053,0.006341723804088417,-0.0009508872927710736,0.017636120603406587,0.02035400346313739,0.018587168019830642,0.015448686613928703,-0.02108565267805819,-0.0097521090466629,0.006172467591837984,-0.0043068602721852926,0.3890584120297649,-0.07742189287887094,0.049303631137416704,0.1784541642083292,0.15440049392234906,0.16642732906533914,176.0,16.0,,,,,,,,,,,,,,,,,,,392.0,55.0,-45.0,0.11194857376157116,-0.0006971196221223985,-0.05781148781321406,0.019521418570065063,0.025050379276162233,0.002850378654984726,0.11811164217615329,-0.0068213408839656485,0.04761504745686718,0.00012935171054749973,-0.009710904349292171,0.47038384329626387,-0.07878782130210468,0.06997618505387605,0.2323365048900479,0.21399242081708295,0.22316446285356542,600.0,127.0,-5.0,0.10889295002524928,0.009391476817164478,0.00849580496159556,0.0236980924701908,0.023385694806378803,0.02702971192240725,0.0018195999546913987,-0.030402670227023785,-0.0204962827234666,0.009063428148205882,-0.0037938704555983836,0.2785724897510215,-0.08186184490102863,0.03161018622899653,0.10338066700466225,0.07852889349551843,0.09095478025009035,0.10269903509638832
cfb_20251122_ecu_utsa,CFB,16,249.0,56.0,50.0,0.19913562175712532,0.012420088845312552,0.014025296080730207,-0.008561485095089052,-0.0026019339694939303,-0.017150976161576122,0.004631519673346517,0.007798190916142534,-0.0009041601215178365,-0.016219308593993197,-0.01631966894646784,0.3326523475512811,-0.041255989699137186,0.020564846184161923,0.18528626389505054,0.16494174220632746,0.175114003050689,56.0,18.0,,,,,,,,,,,,,,,,,,,247.0,40.0,,,,,,,,,,,,,,,,,,,2.0,16.0,,,,,,,,,,,,,,,,,,,0.10269903509638832
cfb_20251123_tenn_fla,CFB,16,624.0,95.0,-10.0,0.12326935209610498,-0.028064849712612826,0.028241006040899092,0.02547024781887229,0.005461279236637303,-0.01583393938601133,0.00010132794437067298,0.017756551688935456,-0.01565067718880302,0.022734735540489975,0.03013089453017379,0.16056460611663426,-0.08176931120249775,0.015640580968261826,0.03721287247590022,0.015563988224361957,0.026388430350131088,285.0,27.0,,,,,,,,,,,,,,,,,,,413.0,61.0,-10.0,0.13502037776072556,-0.04885705826287101,0.025643832119977263,0.03176673487192248,-0.002853997674123129,0.00033093715177157627,-0.004689622676394961,0.001973042302273535,-0.020728088095847055,0.052210469401657425,0.024678167799370068,0.2362731412995032,-0.11440149060293762,0.03539223381523335,0.08976473219398853,0.04591353820404528,0.06783913519901691,211.0,34.0,,,,,,,,,,,,,,,,,,,0.10269903509638832
cfb_20251122_tcu_hou,CFB,16,1181.0,219.0,-15.0,0.2720448479560075,0.012086121898574763,0.0039011745146119562,0.011345426222577715,0.014324912053105593,-0.01546625726138141,-0.005178392668002822,0.01915185760035559,0.007639817734783867,0.0008492756672536841,-0.02215791914677626,0.0,-0.1054759027634617,-0.006364154443819432,0.002432090128477625,0.0009409080705995964,0.0016864990995386106,178.0,18.0,,,,,,,,,,,,,,,,,,,367.0,54.0,-30.0,0.10244680569216316,-0.02179362096680212,0.012264421811535657,0.02184819913264077,0.07465990060139864,0.07695309380295809,-0.020818788055044925,0.025186831046617352,0.0462933480377416,-0.012026126079982576,-0.06273170865585516,0.0810640697463142,-0.04640636689808543,0.004093744557208595,0.0073610795714574365,0.005276341056599956,0.006318710314028696,814.0,165.0,-15.0,0.31438457017617405,0.015795003401030513,0.001998473606400487,0.010819611789437793,0.002729277988170209,-0.024181093990430187,-0.0026451143915652256,0.019206203108589056,0.0002019088609623415,0.0023452347063966654,-0.015256552243555349,0.0,-0.13914834568078346,-0.011613112407043314,0.004511621651573589,0.0028163650840105567,0.0036639933677920728,0.10269903509638832
cfb_20251122_duke_unc,CFB,16,968.0,144.0,-5.0,0.13559462533542316,-0.010519887357494682,0.01594628626988006,0.016375156154693093,0.022676323552640938,-0.03176532753386783,-0.0062057151949033275,0.021035089388896522,0.019092762495037007,-0.07197755328345397,0.02466929903877149,0.20546258091387876,-0.07397758671817292,0.019130157412068433,0.08510070238697835,0.03562920740544002,0.06036495489620919,82.0,6.0,,,,,,,,,,,,,,,,,,,282.0,32.0,,,,,,,,,,,,,,,,,,,686.0,112.0,-5.0,0.17299785830640746,-0.02983209487651195,-0.005219262571701204,0.0322229899788127,0.013577332803253838,-0.050846753116468774,-0.015136493039132348,0.04729180983651439,-0.00030558750764744336,-0.07888053630125319,0.005520047126103736,0.21656051116416075,-0.08288280961008279,0.022910695556785217,0.09446264863278918,0.03860539304216488,0.06653402083747703,0.10269903509638832
cfb_20251123_csu_bsu,CFB,16,382.0,41.0,,,,,,,,,,,,,,,,,,,4.0,5.0,,,,,,,,,,,,,,,,,,,304.0,24.0,,,,,,,,,,,,,,,,,,,78.0,17.0,,,,,,,,,,,,,,,,,,,0.10269903509638832
cfb_20251122_wsu_jmu,CFB,16,1085.0,205.0,-10.0,0.1318915479814149,0.021752041936416583,-0.03064332562026981,-0.012565946472629935,0.008432651755525948,0.05006787579165965,0.03482349670454803,-0.0018609119033595398,0.05089027985571136,0.027070778538315503,-0.04019486721771115,0.1708571158140274,-0.06643311862850004,0.013689523554845798,0.04114613419920357,0.02202899556400851,0.03158756488160604,150.0,22.0,,,,,,,,,,,,,,,,,,,294.0,43.0,,,,,,,,,,,,,,,,,,,791.0,162.0,-10.0,0.16349255574987834,0.03651666858052679,-0.03903290375177239,0.012321896414698068,0.0040933831838976245,0.04102442690566101,0.03969299372445699,-0.010039103503434486,0.061339076690221817,0.03902860673212551,-0.04516508379037276,0.14505371363361058,-0.07384369619745225,0.01252862610515185,0.035623667881403996,0.017152015162606605,0.026387841522005302,0.10269903509638832
cfb_20251122_ball_tol,CFB,16,47.0,12.0,,,,,,,,,,,,,,,,,,,22.0,11.0,,,,,,,,,,,,,,,,,,,40.0,11.0,,,,,,,,,,,,,,,,,,,7.0,1.0,,,,,,,,,,,,,,,,,,,0.10269903509638832
cfb_20251122_tuln_tem,CFB,16,511.0,98.0,0.0,0.05941882947093601,0.022445718710010623,0.018122441318723433,0.017813828121815704,0.00896880820203193,-0.019807291127884732,0.007530834389368592,0.00777211486548726,0.0015756309428222167,0.010557338568951392,0.01855255624441568,0.45611435447678755,-0.04283562948508502,0.035922892343299664,0.32529330359805503,0.24831970358069952,0.28680650358937726,37.0,12.0,,,,,,,,,,,,,,,,,,,252.0,34.0,,,,,,,,,,,,,,,,,,,259.0,64.0,40.0,0.055396428178006274,0.0010289475400566137,0.016068268203576118,0.0006054319912987208,0.0011160792852239467,-0.016335204342698494,0.004231173718818349,0.0014359954053167893,-0.005561209031195226,0.00030093984504794,0.008320501644179369,0.566831115607018,-0.0662323011125827,0.08666949654399839,0.555716253434787,0.5039787544436969,0.529847503939242,0.10269903509638832
cfb_20251123_unt_rice,CFB,16,509.0,59.0,-5.0,0.15176332233446116,-0.04302008401885389,0.02721187321769403,-0.03306964266665256,-0.10261398077056245,-0.0055528427240426215,0.0281446599652004,0.0077192972219693725,0.017492470944871098,0.0028823465677809902,-0.07412308160218332,0.36083589738217403,-0.05805670325635931,0.032775530623134756,0.06864507121125679,0.0649629710332198,0.0668040211222383,54.0,8.0,,,,,,,,,,,,,,,,,,,378.0,39.0,,,,,,,,,,,,,,,,,,,131.0,20.0,,,,,,,,,,,,,,,,,,,0.10269903509638832
cfb_20251122_jvst_fiu,CFB,16,1021.0,138.0,-50.0,0.0566120510756865,0.014603557365588113,0.003483995034654584,0.013254490430314987,0.002343272805782443,-0.005386312779927754,-0.017421048364339088,0.019182769905830434,-0.006806378337441498,-0.013470107686492044,-0.007611621820819593,0.5129601829189845,-0.048304533725360435,0.05087531159994555,0.31421045707776857,0.24331678998546502,0.27876362353161677,23.0,10.0,,,,,,,,,,,,,,,,,,,270.0,33.0,,,,,,,,,,,,,,,,,,,751.0,105.0,0.0,0.06301534038142864,0.007409054031350499,-0.0013383713582549648,0.010091037798125079,0.004177337111576729,-0.002458007027606014,-0.005726540999108751,0.019080576557405245,0.002397795211611413,-0.011630405015823256,-0.013601305736832037,0.5378952891215091,-0.05106299213407211,0.059437920174305055,0.3746508968164999,0.28895795025736914,0.3318044235369345,0.10269903509638832
cfb_20251122_shsu_mtu,CFB,16,750.0,62.0,-30.0,0.08562467229805215,-0.004906300148300126,-0.0148680066640586,0.002232363715445829,-0.0014068808138622355,0.01030907385957432,0.018652771957057335,-0.006663445315225903,-0.008353720844943843,0.002098572831658762,0.07094686258179772,0.5865016767351727,-0.03289436569566761,0.04665702265325256,0.28139377675645527,0.2705470731619076,0.27597042495918145,15.0,8.0,,,,,,,,,,,,,,,,,,,309.0,20.0,,,,,,,,,,,,,,,,,,,441.0,42.0,,,,,,,,,,,,,,,,,,,0.10269903509638832
cfb_20251122_mich_md,CFB,16,343.0,64.0,-25.0,0.05785308150636293,0.00836452799400855,-0.005954168420279277,-0.001685669963971248,0.020158781822664475,0.0008898633395416905,0.006451485578410651,-0.007315244436613096,-0.016158422648775532,-0.008149529512852327,-0.01977553280515301,0.4876544895854856,-0.017075464015753473,0.01625256105455216,0.3157649016767037,0.30685564127245524,0.31131027147457946,98.0,12.0,,,,,,,,,,,,,,,,,,,211.0,28.0,,,,,,,,,,,,,,,,,,,132.0,36.0,,,,,,,,,,,,,,,,,,,0.10269903509638832
cfb_20251122_okst_ucf,CFB,16,940.0,109.0,40.0,0.08470447262779955,-0.010731975556048315,0.0006980620389434082,-0.006269560452122184,0.03902409085155336,0.042781636506295635,0.014172217554666121,0.005086845416008156,-0.014253736050802737,0.018189100225085957,-0.0008313565692266705,0.40609776136071724,-0.03458693972421169,0.023649816216387974,0.23064316553418235,0.18810651067778075,0.20937483810598156,57.0,7.0,,,,,,,,,,,,,,,,,,,313.0,32.0,,,,,,,,,,,,,,,,,,,627.0,77.0,40.0,0.10612376528769475,0.016364915542727967,0.010600476170472948,-0.02286354160387686,0.019663823430375295,0.008735384981713034,0.013563996269211558,0.0312712408002811,-0.0029405399618137045,-0.003799705514353925,-0.00047511831236874633,0.3875575260831851,-0.03276888533368584,0.02073636083925787,0.1963863457690648,0.16993791719687934,0.18316213148297206,0.10269903509638832
cfb_20251122_usm_usa,CFB,16,345.0,65.0,35.0,0.03680658000549696,0.0016025404028425527,0.09367712789989563,0.002951351544718496,0.005114014429735772,0.02985478139602481,0.007113017773133841,0.006779501004051536,0.01107803503666083,0.0004838816258662017,0.0012452958731934808,0.20671466591197465,-0.015387365574917945,0.0040096469673692875,0.1799857725573329,0.16371885836526864,0.17185231546130075,36.0,31.0,,,,,,,,,,,,,,,,,,,191.0,28.0,,,,,,,,,,,,,,,,,,,154.0,37.0,,,,,,,,,,,,,,,,,,,0.10269903509638832
cfb_20251123_pitt_gt,CFB,16,1265.0,377.0,-10.0,0.10233582784214515,0.028312048645748805,-0.010492084991207965,-0.004973472086052673,0.04458986798179553,0.008337869400863607,0.06552811768572837,0.030098120950495917,0.02032705353783061,0.0029371116367278537,0.03982552119314218,0.18358118859309572,-0.15557752586855678,0.03498340155600341,0.08370575189000685,0.029069273314162227,0.05638751260208454,236.0,27.0,,,,,,,,,,,,,,,,,,,414.0,107.0,25.0,0.1476681240184937,0.023139962178000267,-0.03416059201278806,-0.024321668597402656,0.06648251871927148,0.039477190522806675,0.055088652156878595,0.0485385218226351,0.07520905444792708,0.01806950749795891,0.05571548618645042,0.3667900505536512,-0.12969298215646413,0.07512531273903149,0.2646182335682765,0.137950703267757,0.20128446841801675,851.0,270.0,-10.0,0.13858856745131598,0.03207505704113908,0.007167956211817901,-0.0005025058877395207,0.04243829212617192,0.0008275140898766891,0.07871752527994066,0.027913758950964495,0.0022089725521290795,-0.0008567183319742156,0.04046532886577795,0.10767120334892752,-0.17045710395306352,0.020567891085528065,0.03952836687811046,0.0094490967623958,0.02448873182025313,0.10269903509638832
cfb_20251122_mizz_okla,CFB,16,1216.0,290.0,-10.0,0.11361619067241113,0.0005121511903525849,-0.014577719661086088,0.00032889194708349425,-0.012483688195348694,0.0003400832078107618,0.06193716208197961,0.00044319098484574076,0.01338087239581813,0.0003248629481369908,-0.018311587303583034,0.3091501523028149,-0.10612294259951846,0.0474892250129647,0.15319411617732479,0.0834836896443904,0.1183389029108576,531.0,64.0,-60.0,0.036664178516577973,0.025136195285137993,-0.012879216816209854,-0.02044141273048721,0.10116540346228958,0.02516421116267762,-0.01201548204298872,0.01637838757437298,-0.006929910502464767,-0.019354858805972576,-0.02835855811299442,0.8257625507705224,-0.02820477489161514,0.13367072900461285,0.7418132559397184,0.7276938828985422,0.7347535694191303,407.0,129.0,-10.0,0.2184850832292353,0.021742944556516316,-0.021169062239114127,-0.009704136635514704,-0.03054846362457455,0.005222329575145186,0.119603224720877,0.0026965497834309364,0.017991317669675037,0.0316187868914349,0.013875115534414046,0.3110934015520847,-0.17609344573256505,0.07951950111581468,0.15683805004917786,0.08268845960122616,0.119763254825202,809.0,161.0,-20.0,0.06821111574837123,0.0004885958512906258,-0.009719454624683795,0.00047478856699154613,0.0032853152983054754,0.00033697538687480687,0.0006275831948764007,0.0004886496638656974,0.009341827973250342,2.9954334549175074e-05,-0.052123808479541865,0.37345343783703394,-0.1007791581462107,0.060069475031666084,0.19747019788535794,0.13673053520624376,0.16710036654580085,0.10269903509638832
cfb_20251122_uk_van,CFB,16,383.0,53.0,-10.0,0.10716418177452511,0.021642815987517328,-0.09427081053622022,-0.011791105728859434,-0.0016801750987565874,-0.02154793198767474,0.0025358563042305413,-0.03194484947160205,0.008130468365988837,-0.02795767478273394,0.013620331271686274,0.4686545906277453,-0.01633732030328167,0.014409760625831854,0.2309672224978811,0.22480825980372698,0.22788774115080404,107.0,8.0,,,,,,,,,,,,,,,,,,,260.0,31.0,,,,,,,,,,,,,,,,,,,123.0,22.0,,,,,,,,,,,,,,,,,,,0.10269903509638832
cfb_20251122_sam_txam,CFB,16,0.0,1.0,,,,,,,,,,,,,,,,,,,0.0,12.0,,,,,,,,,,,,,,,,,,,0.0,1.0,,,,,,,,,,,,,,,,,,,0.0,0.0,,,,,,,,,,,,,,,,,,,0.10269903509638832
cfb_20251122_gast_troy,CFB,16,384.0,58.0,-35.0,0.14229165750521972,0.002887027885410982,0.03671283822345001,0.007569315529031408,0.03388109589601039,0.003313167827595469,0.009072951867836711,0.006478929861470209,0.005806559680054517,0.0007360780061138096,-0.0031392942008739554,0.48625239622618466,-0.03153915481122994,0.02985121388256838,0.2874096532687636,0.24988345634368114,0.26864655480622235,11.0,9.0,,,,,,,,,,,,,,,,,,,111.0,16.0,,,,,,,,,,,,,,,,,,,273.0,42.0,,,,,,,,,,,,,,,,,,,0.10269903509638832
cfb_20251122_tlsa_army,CFB,16,957.0,116.0,-30.0,0.09879189409004435,0.05161538354710008,-0.016860534507259724,0.010305870993501071,-0.00017746478077571807,0.012023095775245298,0.08563114387346678,0.049783783288559647,-0.00455127897995328,0.03735129421825444,0.009929881829840516,0.0,-0.09920720683610698,-0.009477750839818912,0.008032564183639901,0.00585208806965586,0.00694232612664788,93.0,18.0,,,,,,,,,,,,,,,,,,,383.0,50.0,-60.0,0.07164993191369333,-0.03566779502473758,-0.04829638517873667,0.053755973254012525,-0.01077973290409861,0.011091351133053328,0.1025877236170092,0.0029352652603421557,0.033396719537873515,0.035022165882912654,0.03801233967234563,0.0,-0.05073511244129892,-0.002961511227164631,0.003087497408020435,0.00015195637920976992,0.0016197268936151024,574.0,66.0,-30.0,0.14056662021740807,0.08989963860519978,-0.005019326843723283,-0.009999287116639454,0.004222091594407408,0.011531493926093227,0.08053371449069927,0.06995378246194607,-0.017703711518916674,0.03765705871650406,0.0004186688279523213,0.0,-0.1464242114327121,-0.014714058870064396,0.008822528112552115,0.008708736837888288,0.008765632475220202,0.10269903509638832
cfb_20251122_ksu_utah,CFB,16,1512.0,370.0,-30.0,0.06639836899685508,0.029571561249422944,0.007160721526103109,-0.006424927846695296,-0.003523356899684451,0.03111883780469897,-0.01669135136242086,0.004475514739813659,-0.01504641091461851,-0.0064974587943911035,-0.009584717169851683,0.029310276617162827,-0.1257607235771605,0.003797383970209547,0.008445857112209649,0.0016719707387681834,0.005058913925488916,78.0,5.0,,,,,,,,,,,,,,,,,,,355.0,44.0,,,,,,,,,,,,,,,,,,,1157.0,326.0,-20.0,0.07553919714200065,0.030838661791611623,0.008295597127367561,-0.005986599154316931,-0.008443854625175372,0.02408230063114455,-0.017172937478314956,0.005191852324054678,-0.017327493399383182,-0.007073435394255758,-0.011011997644162178,0.02562680468176451,-0.21066034853873417,0.005540537888494952,0.008471763860550235,0.0013961706088955021,0.004933967234722869,0.10269903509638832
cfb_20251122_mrsh_app,CFB,16,915.0,103.0,-10.0,0.20406006292492787,-0.04464293754062908,0.07571940132686057,-0.0048446088798947805,-0.045425981110135016,0.02043716631743281,-0.0019146869833560692,-0.009067758361105674,0.043764174091908636,-0.0064268515627025945,-0.01564662171792065,0.0035397729501797977,-0.08849523044662314,0.0003143658065333123,0.0019804468020785484,8.209666711536487e-06,0.0009943282343950425,55.0,13.0,,,,,,,,,,,,,,,,,,,247.0,24.0,,,,,,,,,,,,,,,,,,,668.0,79.0,-10.0,0.2237967872245463,-0.05095326334764235,0.0828562174105115,-0.009239662870392601,-0.04478467752178417,0.015718470499112923,-0.0019320268331299382,-0.008363833805963906,0.04851192090371198,-0.0075467333088119854,-0.018839155647131685,0.0,-0.12366768896799919,-0.007565268963246754,0.002669457946917586,0.00048783414440537745,0.0015786460456614817,0.10269903509638832
cfb_20251123_asu_colo,CFB,16,1124.0,255.0,-5.0,0.13792708149084168,0.009328161337136622,-0.009174944439182545,-0.010477993171045604,0.02203315685965731,-0.020112795684349635,0.06401433337896387,-0.05478178733775845,0.03436870013433417,-0.01364180812351122,0.021148683298507217,0.1691885703237451,-0.11792554219906108,0.024014659857395374,0.03706914467308453,0.025978886441321587,0.03152401555720306,154.0,4.0,,,,,,,,,,,,,,,,,,,396.0,81.0,-15.0,0.1513485641250851,-0.009218974432967778,0.04622278401458325,-0.03350660944015202,0.028626559373029693,-0.006221539273208838,0.13680720211601802,-0.02980614018035993,0.030166339416708127,-0.03469804099802595,0.06832695740970757,0.09091582841489586,-0.12949516336079853,0.012950572037945907,0.009627363242446478,0.005729798864057531,0.007678581053252004,728.0,174.0,-5.0,0.15963067050066534,0.01624675422449068,-0.0335900675469277,-0.0032019394918893587,0.02017136623047988,-0.026184354891506584,0.0324097247596707,-0.06681564166165675,0.03752295524735952,-0.007286816824615075,0.0007854248046854223,0.20724259655014574,-0.11916543126289783,0.031152220447857364,0.061902484504553726,0.044765495710595446,0.053333990107574586,0.10269903509638832
cfb_20251122_char_uga,CFB,16,0.0,0.0,,,,,,,,,,,,,,,,,,,0.0,18.0,,,,,,,,,,,,,,,,,,,0.0,0.0,,,,,,,,,,,,,,,,,,,0.0,0.0,,,,,,,,,,,,,,,,,,,0.10269903509638832
cfb_20251122_nev_wyo,CFB,16,910.0,123.0,-10.0,0.12869177848372249,0.018324461009831743,-0.061196553897380976,0.00483087761855786,0.03067958374748759,0.006244675482588164,-0.0019165895686324402,0.008268489452436436,0.0011319545148845904,-0.003268834551584518,0.022169683192936298,0.37768844774835975,-0.030619461894622887,0.01858332372591704,0.23679726365996948,0.14034088636595154,0.1885690750129605,30.0,25.0,,,,,,,,,,,,,,,,,,,178.0,11.0,,,,,,,,,,,,,,,,,,,732.0,112.0,-10.0,0.15157483836079638,0.020820442081334323,-0.06393840427795361,0.004908777715131703,0.03215268361480205,0.007176865049629286,-0.0022548574687483464,0.009586206692753339,0.0011393019256275465,-0.0039170239554162396,0.023129242308153143,0.23342543582557365,-0.042476678861848,0.012934341601104458,0.13332911896659072,0.04913632729275077,0.09123272312967075,0.10269903509638832
cfb_20251122_lib_lt,CFB,16,869.0,131.0,-5.0,0.1553115727414785,0.000388014381222727,-0.04995673263893043,0.024364647378317394,0.10567033922911342,0.008143306165950983,0.06105434565124272,-0.0038241648432730986,-0.044381885007402117,0.00929731143445995,0.03530276063340393,0.268303502272486,-0.09016603793535995,0.03306270269056287,0.11989837540411079,0.045667081887051146,0.08278272864558096,44.0,8.0,,,,,,,,,,,,,,,,,,,260.0,23.0,,,,,,,,,,,,,,,,,,,609.0,108.0,-5.0,0.16861719359492747,-0.00013968410441865634,-0.058536452994585736,0.03432487492000466,0.1367546369816791,0.008946016222134975,0.07229064840771299,-0.005348853327593701,-0.047239671945266466,0.010854718135856159,0.027869928643979545,0.07008501530674194,-0.11559318062144568,0.008711925247533588,0.03739837033400323,0.0023298876236004383,0.019864128978801833,0.10269903509638832
cfb_20251123_usu_fres,CFB,16,1295.0,438.0,-15.0,0.1424205439690046,-0.0026746938523026062,0.003525824194825431,0.007970114850280203,0.0008000318906212756,-0.0013961086835056551,-0.0019452552349153258,0.0060645164539565675,0.0008769505233338178,-0.0013311328267649712,0.020185351234911435,0.12520203330662694,-0.17946929358721697,0.025685839849579256,0.026881853742887606,0.015002829099722056,0.02094234142130483,151.0,42.0,,,,,,,,,,,,,,,,,,,420.0,123.0,-15.0,0.10591129838950034,-0.006204763769323833,-0.024231812607058936,0.00017835894231652,0.008308614745992232,0.04847068698436537,-0.012971255287788934,-0.0011043447844254013,-0.028142576158386966,-0.022405793686834517,0.0745883183580928,0.252543014973582,-0.17373760484312967,0.058700660265850635,0.08809205583300231,0.07390021589328918,0.08099613586314575,875.0,315.0,-15.0,0.16511217725855495,-0.0022864113005925278,0.008248779379039624,0.010412437519602741,-0.001438141352557224,-0.012560697515635134,-0.0009566961315844181,0.008206289001471582,0.005534952308043567,0.0031491760812403817,0.012358897382319552,0.04779474924940807,-0.183846122655555,0.009227925729113302,0.008137707710355553,0.0019566039584996697,0.005047155834427611,0.10269903509638832
cfb_20251123_sjsu_sdsu,CFB,16,426.0,90.0,-15.0,0.055243124963439055,0.006230128593968579,-8.694111074812701e-05,0.012632493860010825,-0.012478934035788383,0.001207115339121367,0.01022910173023779,-0.008437701994415105,-0.004233750251476461,0.00314578731177534,0.019228494610307994,0.39950825199406886,-0.04214395845351641,0.02803845220152584,0.25789912791305586,0.20695719439020968,0.23242816115163278,92.0,15.0,,,,,,,,,,,,,,,,,,,278.0,31.0,,,,,,,,,,,,,,,,,,,148.0,59.0,0.0,0.0793738548412047,0.000528257324051745,0.038020663750253064,0.0014698101073961306,-0.006069318578204155,-0.0007230343866180988,0.028573073301506147,-0.006925177136993839,-0.009988541616760351,-0.006599186350095882,-0.0019069667150034286,0.26807987820224766,-0.06618609245163302,0.02424193443341261,0.18935425744609352,0.12052508131183899,0.15493966937896625,0.10269903509638832
cfb_20251122_ku_isu,CFB,16,633.0,123.0,-10.0,0.07970825396915784,-0.00872011421295878,-0.02958502780478129,-0.010109310969827784,-0.02393575130332757,-0.031056969135692333,0.07057261033528764,0.005593462022930547,-0.006661917273534377,0.0013136958895024094,0.011940042222739514,0.29874860423080735,-0.07027264582853197,0.029937701348675294,0.10164788638228993,0.0755073011867553,0.08857759378452262,188.0,12.0,,,,,,,,,,,,,,,,,,,303.0,59.0,-35.0,0.09039555682463445,-0.005047822228854373,-0.01999827766982488,-0.03478784005462491,-0.05762104465846556,-0.12028853138972015,0.03788366016025722,0.052359950690523356,-0.019489062655902594,0.026146956034721995,-0.00011240573677027737,0.4405108272773188,-0.08371944022319466,0.06591605641346927,0.2193302206915038,0.1791241798285115,0.19922720026000765,330.0,64.0,-15.0,0.11766997845144476,-0.012391777367890199,-0.038783140444297266,-0.005304772154686422,-0.0006999210724742794,-0.012912247205717505,0.0935951690662504,-0.007020859910928807,0.0010221511183889796,-0.005693548860223395,0.019102975135336184,0.21240732064478432,-0.06624550671250398,0.017865872746657168,0.06297806623475331,0.04014824978019209,0.0515631580074727,0.10269903509638832
cfb_20251122_minn_nw,CFB,16,1367.0,392.0,-5.0,0.25553060393898114,-0.03270014986944842,-0.0102790583463712,0.04103088390272911,0.11933062656787698,0.0196726116725543,0.12607465677857416,-0.0042139420366590855,0.04957500009086228,-0.013797682738099054,-0.013100503709067226,0.11581202877851358,-0.1685239501487233,0.022073474419167093,0.04995167650479261,0.009968344328886053,0.029960010416839333,253.0,19.0,,,,,,,,,,,,,,,,,,,426.0,127.0,-5.0,0.08257915220194033,-0.07729387115744182,0.021494554262685393,0.11244605010312984,0.09606180413313842,0.07681710129598723,0.01082757446139298,-0.039853459286733124,0.04142106227909561,0.05606155121134234,0.03744074484593461,0.2307533287518848,-0.18243595130250184,0.05472588263367439,0.1293226455780935,0.06843493006961941,0.09887878782385645,941.0,265.0,-5.0,0.31096011876165836,-0.017712942161639957,-0.023392308188980908,0.01651338868652387,0.12668230708494063,-4.1184072067128216e-05,0.16722296683446602,0.007783552194098367,0.051261609822961664,-0.03806895572241016,-0.03265816952530821,0.07158510638581854,-0.1623921729051509,0.01252119182231729,0.031955278521462974,0.0031276260392749705,0.017541452280368974,0.10269903509638832
cfb_20251122_usc_ore,CFB,16,1273.0,249.0,-5.0,0.05872899434987016,-0.004585885051802503,0.010954778824595295,0.01080066487599423,-0.022298614714775202,-0.0015683528088706739,0.02127149080257386,0.0070320338757575845,-0.0159654676598024,0.01876314532358179,0.03553810511463597,0.19578778508332662,-0.10866896020422619,0.026455772035118962,0.04665370430120121,0.03389467496493036,0.04027418963306578,350.0,16.0,,,,,,,,,,,,,,,,,,,353.0,106.0,-55.0,0.09333836150216855,0.00313101398401177,0.04731620040622445,-0.006254547981623773,-0.026888829636676256,0.04189701932972999,0.030099927305065003,-0.028072533002235524,-0.0181893880326083,0.0288019763226345,0.02302464953402482,0.19066184611549164,-0.1303029223930081,0.0306964346342181,0.06828287236385736,0.04270056778510802,0.05549172007448269,920.0,143.0,-5.0,0.08129990572335473,-0.00623321524616645,-0.007422443527625901,0.014549262563507588,-0.02178131834424789,-0.00972959997598734,0.01756056207979546,0.013964304035768654,-0.01615773819101955,0.017933037921886275,0.04348419857547263,0.2031012112101646,-0.09725651484044807,0.024787233008812807,0.03875072533337861,0.031191348089500918,0.034971036711439765,0.10269903509638832
cfb_20251122_mia_vt,CFB,16,348.0,59.0,-5.0,0.08388281831013045,0.03172537313946029,-0.002680858495753802,-0.03409916555348794,0.030729800021727743,0.0073881843978136075,0.09608265018703217,-0.01730101677058691,-0.027246450603329506,0.024412549158806595,0.00012156530447480236,0.7243783523678217,-0.02182596656431117,0.05736217686279108,0.5983514672227609,0.59830813964521,0.5983298034339855,315.0,30.0,,,,,,,,,,,,,,,,,,,221.0,20.0,,,,,,,,,,,,,,,,,,,127.0,39.0,,,,,,,,,,,,,,,,,,,0.10269903509638832
nfl_20251123_phi_dal,NFL,16,1186.0,700.0,-10.0,0.3395430295153569,0.01037271255622917,-0.024708934671465562,-0.004623618728766849,-0.00857504394734428,0.005714411435395311,0.04995862924738294,0.008605903183460875,0.029571871534372875,-0.008101247101371474,-0.035589073378388375,0.03198676286679346,-0.29075221630597164,0.009607536177414862,0.013317981034441189,0.000549725100263702,0.006933853067352446,631.0,105.0,-40.0,0.051213070077156454,0.008820808042965695,0.0034567341204941055,-0.007165857890893288,0.0817286431611814,0.029298422855584427,-0.022043779280710583,0.02540284681430026,0.022542645069280547,-0.0346003518304439,-0.011749463601997632,0.8774838468781729,-0.061298152511944044,0.439028954975594,0.8291772690899458,0.7894241769640119,0.8093007230269789,378.0,222.0,-15.0,0.1046651879704971,0.059687410060855386,-0.056308616522186786,-0.025528538682443393,0.0513162334911481,0.02454195699225981,0.033599393887899634,0.05327069797255068,0.0009489331484766182,-0.04120867830590904,-0.03507769748321764,0.0,-0.2827132473237143,-0.0047537682279214285,0.00625244180501927,0.00032137890710893624,0.003286910356064103,808.0,478.0,-10.0,0.39995163096668646,0.00286140322088321,-0.013842369938137094,-0.0007322931696738186,-0.024638493709177475,0.003180284396623557,0.05653631964094114,0.0018834365407393264,0.039741009752690834,-0.002252853749141869,-0.03418925306174051,0.04275933347524644,-0.285716793812899,0.012762787973141395,0.013669456428112316,0.0008373998100422016,0.007253428119077259,0.050202499780075
nfl_20251123_nyj_bal,NFL,16,791.0,268.0,-5.0,0.10474891052820724,-0.01364907789920584,0.03398859062116205,0.005132847246579922,0.044624930732442114,-0.008640599232462473,0.03787689436686439,0.019940622145154883,0.07564666689216805,0.03222482951084299,0.026839235715679415,0.2147182407399946,-0.14364165828527695,0.039275691559490615,0.08927125562797986,0.04054619700548286,0.06490872631673136,395.0,34.0,,,,,,,,,,,,,,,,,,,325.0,94.0,50.0,0.12688449018151735,-0.037326772539037045,0.05418509629835222,0.004051579348735525,0.1194164949721215,0.004772409900121352,-0.06449877628671115,0.029326244767589466,0.1433908233907579,-0.031655168500224616,0.05270778697201902,0.0838744001113104,-0.23090981687730186,0.02114057545466407,0.03418971203005843,0.005104501471634173,0.019647106750846303,466.0,174.0,-5.0,0.0933105982301241,-0.009015253503563409,0.021507002772559642,0.006115446410232349,-0.0017597981166972232,-0.011900370490879502,0.10130611805243138,0.019682979360821064,0.034302424343860265,0.049168440487139906,0.01113374189204867,0.3180457289043902,-0.1033818896700594,0.04821462354477651,0.16575717549798005,0.10168022123780823,0.13371869836789413,0.050202499780075
nfl_20251123_jac_ari,NFL,16,1268.0,612.0,-10.0,0.33670106789172,0.013822925962085173,-0.03613081120496862,0.03327000573012898,-0.034360653995698535,-0.004064514574120349,0.03805132828196641,-0.0003513526308643295,-0.001549389044405222,-0.0038927080609684034,-0.031645719683470325,0.02212815712994929,-0.3842806992630032,0.008695846758754195,0.0016832165237164367,0.00033911841236766114,0.001011167468042049,260.0,43.0,,,,,,,,,,,,,,,,,,,403.0,163.0,-10.0,0.28378595487660185,0.017099066429523163,0.004823083046552606,0.07706202774853248,0.03750976429299728,-0.026143029134891325,0.03523232415395708,0.014333822443580571,-0.0277658106747604,0.034493489391749836,-0.017836633314204847,0.28008187319195904,-0.21918610027458785,0.08527365995733038,0.10461034829495751,0.052410660934161274,0.07851050461455938,865.0,449.0,-10.0,0.34742270476092646,0.013015163512791899,-0.042366404199115054,0.021292623048662047,-0.044950539043473875,0.002066357356627859,0.03880552769247202,-0.004506837958370323,0.0020802355069315655,-0.014448458305142797,-0.034214562768264456,0.0,-0.4217476220665852,-0.003476289213931138,4.840061493917101e-05,1.498599834848946e-05,3.169330664383024e-05,0.050202499780075
nfl_20251123_ne_cin,NFL,16,1156.0,538.0,-10.0,0.2210064952048023,0.023374329259388413,-0.05534181340906994,-0.0025979720420694634,0.052285590197940275,-0.02416383090351579,0.0701736056796338,-0.02102648190428456,0.001968832022130872,0.003092618968081535,0.015015290885645204,0.0,-0.26249016458565033,-0.0013799094397637147,0.004451765760809638,2.0043881356100055e-05,0.002235904821082869,456.0,78.0,-20.0,0.058518964406560035,-0.024779448560961786,-0.003445210486795049,0.03895037601922977,-0.0020012908425991473,-0.0493475020413136,-0.02075865880459818,0.025605721702677435,0.02114535639616963,0.009414960272133002,0.051888201747049376,0.6774740633422232,-0.05495186449583225,0.11542781121421808,0.5201461665364943,0.4996794737253785,0.5099128201309364,391.0,184.0,-10.0,0.15172307327834397,0.034313713171398016,0.014753707120143305,-0.015785835262821003,0.07933551070203333,-0.05372809187138003,0.004857644399402182,-0.03156658151038889,-0.02684621427405147,0.008070783771998515,0.046684481866732054,0.030744872746094866,-0.315459262614114,0.010006400392357357,0.02874310318183771,0.0006720098422810145,0.014707556512059362,765.0,354.0,-10.0,0.25133388728409484,0.017282648250121144,-0.07674852063706003,0.003997953676950746,0.04470145148252183,-0.00899768727428101,0.08971732753934163,-0.015923837505529025,0.010056077638061761,0.0001709246764633953,0.005777090844044569,0.0,-0.3107985942036949,-0.001265918744706172,0.0012162855530984584,1.1777543871565752e-05,0.0006140315484850121,0.050202499780075
nfl_20251123_atl_no,NFL,16,984.0,398.0,-15.0,0.1432908520308011,-3.7027546881195206e-05,-0.00622368897788318,0.01161108200153987,0.016622352063830923,-0.0071672843155770275,0.01780664750703705,-0.011339072340947973,0.036088710317625346,-0.0018153218789847597,-0.0032302608194827525,0.20641054229614847,-0.17013433933751684,0.044251496671165215,0.09108135695236594,0.034890552886378684,0.06298595491937231,248.0,71.0,35.0,0.043571758616081105,0.002513905678859824,0.06340313105471267,-0.010010276468393316,0.039611819238714,0.03891445616720699,-0.02918960001290901,0.003066033566340544,0.004183897411351847,-0.04172211189459017,0.005298690653257749,0.8503730920755714,-0.03569457452596155,0.20286261429190586,0.825500782940444,0.819334481980389,0.8224176324604165,392.0,184.0,-15.0,0.14833468255273,-1.2941493206527202e-05,0.026490934864704944,0.029623534530230075,0.019767109478102098,-0.025186495031798463,-0.003197605603297151,-0.026018017352120264,0.019876217189149496,0.0004960926379309349,0.01247321963369621,0.26494670917718727,-0.2271971826868366,0.08189222011348814,0.166096074424049,0.06657899860144739,0.1163375365127482,592.0,214.0,-15.0,0.13982589888849445,-4.876587596964299e-05,-0.03450502545079296,-0.0019066614026270322,0.013995553578013738,0.0062983358256899,0.03606610863005932,-0.00038430061369051986,0.05046983474768865,-0.0034685902576744123,-0.017170030573503248,0.14878868218642577,-0.1764134571160093,0.030836438913505224,0.04918626895016172,0.015048214244600396,0.03211724159738106,0.050202499780075
nfl_20251123_ind_kc,NFL,16,1395.0,949.0,-5.0,0.23772080903490445,0.0010052383299859328,0.041201292467735455,0.0007019838974974392,0.054856275603375686,0.0005706697953266352,0.03541262405581994,0.00021250452216310195,0.018189157973163422,0.0012764436635194763,0.0346022824351022,0.10402530428095716,-0.43447817029494623,0.05044419678849721,0.03018981094499416,0.010217749738489587,0.020203780341741875,376.0,175.0,-45.0,0.031600517519703934,-0.013592217960229745,-0.01875557886670084,-0.002850729271911953,0.05166279396656283,-0.0013216879371378103,0.0115202035049814,-0.006129806525491958,0.005759227965512349,0.007491030248244549,-0.010611867721631089,0.6326728711446502,-0.0991489518464429,0.17077108415908424,0.5657233888871588,0.5348468355741718,0.5502851122306653,436.0,244.0,-15.0,0.12085764587214587,0.05523083724594145,0.04258927094009987,-0.05672247563748891,0.10288566615579578,0.0031342712149775008,0.1959896750711626,-0.016846663261867498,0.036476621707675835,-0.034054595077131405,-0.0636914154792832,0.21380759517543904,-0.36368611394940376,0.09890562786545187,0.08738431892330885,0.03943384239517727,0.06340908065924306,959.0,705.0,-5.0,0.27555651232667344,-0.00031770826600775525,0.0408983067086138,0.002432197835804558,0.04736572809117957,0.0006365089719813689,0.010386693793500696,0.0007754888836843596,0.015258976930197177,0.0024469547257671945,0.0496542210097777,0.09152642702198883,-0.4571805367980782,0.04605978894901303,0.020679679281664077,0.008172424317572941,0.014426051799618509,0.050202499780075
nfl_20251123_cle_lv,NFL,16,913.0,464.0,-5.0,0.18632776964571876,0.0075422836626322185,-0.024540399734078792,0.008327779166693269,0.1518077733132781,-0.012929906162914047,0.07477006186157255,0.021464437121328745,0.01913447533497522,-0.014538483689405341,0.01909017462710307,0.27668213237985345,-0.20505770134057627,0.0784382698224964,0.19817315891558893,0.07843693984174303,0.13830504937866597,274.0,44.0,,,,,,,,,,,,,,,,,,,390.0,241.0,-5.0,0.30926819790298077,-0.057181156005929885,-0.03360789497421827,-0.0006235471626651433,0.1628651192646912,-0.011087887417383487,0.11918841367907282,0.044849285438498844,0.0383408308702578,0.007006321975684093,0.02918973748784658,0.2569529122020081,-0.3420207254883991,0.11827409445628573,0.1882949975728721,0.07020157395261248,0.12924828576274228,523.0,223.0,-20.0,0.13776840516200678,0.042316029887011074,0.004171113046139563,0.013922431551255695,0.1289117120823938,-0.015008833567919813,-0.062194394353637286,0.010972347989577129,-0.04149059236634986,-0.028045287147305534,-0.013064016259847875,0.33662475699831534,-0.13312975309684927,0.06755568776231645,0.22040554626599285,0.1042933950154571,0.16234947064072497,0.050202499780075
nfl_20251123_pit_chi,NFL,16,1157.0,478.0,-5.0,0.2369762055673841,0.05892305295786997,0.004388972251333354,-0.053386918386357195,0.12496537937468301,-0.010910967730894994,0.04538372111888867,-0.0009435154366640312,0.018891272277814525,-0.034980566665914106,0.01172735977770594,0.1300946846425839,-0.25947813752745674,0.038805058294660424,0.0521474685731485,0.012401518549911637,0.032274493561530074,616.0,75.0,-45.0,0.06599848203755478,-0.030203724601156223,-0.018567722130552657,0.035315344217305776,0.021104683525291427,-0.020185396466988664,-0.01167762695427747,-0.006601671699021841,0.01319041446362997,-0.018316749492075568,-0.010317346395777867,0.7558062271769564,-0.04463330938667779,0.13814493622821578,0.5905055668317262,0.5642134678158236,0.5773595173237749,394.0,137.0,-5.0,0.3234579458525915,0.053484101319191416,-0.029694340624336017,-0.06100981294778709,0.10918938056181068,-0.0009951231277969853,0.09554314834096943,0.0039261663834501736,0.030435532148621533,-0.09482358282598122,0.014177518195624659,0.17866325883648984,-0.2790060174376414,0.06069145797591424,0.0658575010529521,0.020552881599981143,0.04320519132646662,763.0,341.0,-5.0,0.19388822582637205,0.06227005983602888,0.02088118058375566,-0.050024805550504314,0.13322902442398202,-0.019141779561848128,0.023484176583309757,-0.005587967478901998,0.0149367212647824,0.004470605971529802,0.010380297557409993,0.0875422312352472,-0.2620155637019804,0.025138069782543626,0.03500037623884604,0.005749962813265086,0.020375169526055562,0.050202499780075
nfl_20251123_min_gb,NFL,16,674.0,189.0,-35.0,0.0918426929577921,-0.03441809454227275,0.04812135034569304,-0.011704030289483332,-0.006849994839499374,0.019414861663082067,0.004270469077551516,0.011450620340402637,0.0035483291172828135,0.059979584194871545,-0.09519866019866025,0.11125821039444737,-0.13798185596350893,0.017273424678519805,0.014023210756614732,0.00724096285355679,0.010632086805085761,492.0,83.0,-55.0,0.05834110669811505,-0.010999767086239176,0.00606431499941929,0.00029957684294652814,0.017196331439566035,0.018741928566547987,0.03193240981209078,-0.03400031901403424,-0.018538642983125152,0.025621032514967935,-0.010358557186625561,0.7136885533317522,-0.061846095983803535,0.154163765666839,0.6174900208154629,0.5527855732417236,0.5851377970285933,345.0,89.0,-35.0,0.1134896064107448,-0.06602748685772625,0.08882810509730399,-0.00030069796060324685,-0.09026902928967105,0.03534496672574353,-0.006349922239056341,0.018043597465522872,-0.020497106158425,0.06652575609828607,-0.030692938317694426,0.15775345191838663,-0.14745229381116456,0.027617932534098527,0.015359850367350774,0.01473250829607483,0.015046179331712803,329.0,100.0,-20.0,0.1166766723675021,0.03996526070041854,-0.007708941661737869,-0.039192577604217536,0.10609593283122708,-0.01694220583757648,0.01821226508055841,-0.002993605776391985,0.03574826551853553,0.04890833184256582,-0.18335891190872763,0.03588393860023949,-0.12643103540744044,0.004705702656937838,0.01193733683224549,0.0006931632636759783,0.006315250047960734,0.050202499780075
nfl_20251123_sea_ten,NFL,16,505.0,227.0,-45.0,0.05076556427075505,0.001831650772736139,0.04408499148404909,0.0013203936957253636,0.04574767183897638,-0.005593415859978785,0.02594860951916304,0.002059137178440728,-0.004337354593696745,-0.00031008732390945304,0.015162079954521766,0.4709883311829609,-0.07193464597847178,0.06404467209466258,0.2837783167537896,0.21373669281440486,0.24875750478409725,202.0,39.0,,,,,,,,,,,,,,,,,,,210.0,90.0,-5.0,0.08552723523764864,-0.004358249665326368,0.11277182321378243,0.0005027233118356536,0.1124283435761945,-0.00935203934741606,0.0882557025972377,-0.024870170276959768,-0.03680771005099519,-0.002121510811947771,0.028354649862371906,0.3327194675428976,-0.15548679004799987,0.07752883454313968,0.17627019850096856,0.123538378055864,0.1499042882784163,295.0,137.0,0.0,0.07109057991594224,0.004113002342850346,-0.005984227040700612,0.0019597321612140686,-0.0017722443695706623,-0.004837590164813103,-0.024553531520326778,0.010413175318369798,0.025868247966348488,0.00046752096352248713,0.00831295765141321,0.7787643062619659,-0.032215706541062164,0.11340142239839769,0.7118869093836926,0.6227294773970667,0.6673081933903797,0.050202499780075
nfl_20251124_tb_la,NFL,16,418.0,320.0,-5.0,0.12835504935566647,0.005442152002457802,-0.012953122624030032,-0.018526456413794665,-0.020203782462911175,-0.007733742843589219,-0.017436976909122846,-0.016793738504744016,0.023002334620336424,0.03642529426997985,0.054858291325633995,0.2549200842619705,-0.10905777230457311,0.037312798155036325,0.11876479800977634,0.07683849334671218,0.09780164567824426,477.0,147.0,35.0,0.05625439504630117,0.010855997887537711,0.010291528990980762,0.030044568308206218,-0.0055724582807356714,0.03388579159391928,-0.07463147572423101,-0.023747409058802817,0.006586141806582428,0.025439170539459592,0.004371239217962663,0.560446309749407,-0.11742222126492328,0.14971743395667197,0.4280130740582448,0.4191229005931246,0.4235679873256847,233.0,179.0,-5.0,0.1514606060714431,0.024115514060514043,-0.009456077291841093,-0.0030088426442913727,-0.02052552259872971,-0.009742945229837216,-0.02030856057127857,-0.05575393256020362,0.02966215768956478,0.05354911574870036,0.06375957689514614,0.27737408734325725,-0.2831497876196585,0.10868474621079179,0.185652849167541,0.11207039648085872,0.14886162282419985,185.0,141.0,-5.0,0.08042328820438366,-0.019572514482781748,-0.023472250974361494,-0.039343492323487654,0.02490055874401949,-0.003854720617876832,0.06797611290523736,0.03881731184976601,-0.020966832134782037,0.014528656802195363,-0.0030482396550748823,0.6267064575713287,-0.05282741084968273,0.08868966578117532,0.43436031245719636,0.43036975342597567,0.432365032941586,0.050202499780075
nfl_20251123_nyg_det,NFL,16,1210.0,745.0,-5.0,0.23067493725147753,0.011989921712542642,-0.00929192090940876,0.0017470537986986328,-0.008356666084413754,-0.004164000770650379,0.01632374835543873,0.010009768347082379,0.012733162474343791,-0.0017974498222303294,-0.015648351490541574,0.0,-0.33893481344049653,-0.02213429467597003,0.01718094483040346,0.003098418819780069,0.010139681825091765,472.0,54.0,-45.0,0.04458525010633367,0.000724293483961041,0.0021514645457584845,0.07340987391218706,0.00038297501758305494,-0.08490613368495413,-0.014563187157729005,-0.052853568267814885,0.013155691503449748,0.026099981206425354,-0.009950081504898914,0.7734121396250205,-0.04304648902069494,0.14693054218237767,0.6440941312096545,0.6039473699757828,0.6240207505927187,371.0,195.0,-10.0,0.1723775561301047,-0.0035459052319060155,0.012593325505718416,-0.014982054957537598,0.08719216619355676,0.026277473443438747,-0.015334181434834893,0.05665476874007135,0.07009407283207664,-0.008794838939844708,-0.010349707203414712,0.03693383653600479,-0.36871532656900746,0.014140328168977834,0.028347060754660387,0.0009141700684826923,0.01463061541157154,839.0,550.0,-5.0,0.2576733401968025,0.013812409650021246,-0.012842604288083924,0.003334963992680295,-0.02310746993943679,-0.0069615829701582515,0.020946785903121514,0.00633105818765389,0.0038117199050745447,-0.001121256106705752,-0.01667424913167841,0.0,-0.3326430730028987,-0.02441060520026982,0.015791362956682018,0.0040455428279276276,0.009918452892304823,0.050202499780075
nfl_20251125_car_sf,NFL,17,785.0,358.0,-5.0,0.07354648870397534,0.017237596683853443,0.01178133980453842,0.02454311321313766,0.018678109768280608,-0.0072324871584497664,0.001956762326980926,-0.014621786017869664,-0.04675403817602393,-0.010336998049086192,0.03806208623328284,0.2360836586954023,-0.25670757737744404,0.07933390190161561,0.16827036041931853,0.06232165897987783,0.11529600969959818,652.0,141.0,-5.0,0.07114642207892942,0.02020359972726362,-0.04776131764160564,-0.0022300201884228477,0.06621358528607506,-0.0033491775714373506,-0.035468058749731635,0.0015889538527705178,-0.03146134687750657,0.010651662514437478,0.021494836541979326,0.7670513427984029,-0.07287263583640628,0.23995439099354993,0.7320858310976466,0.6889726370380899,0.7105292340678682,353.0,188.0,-5.0,0.12676695794373388,0.006667006626138424,-0.04786060699763529,0.04005361469522053,0.038077182387444966,-0.025718002886006557,-0.025649033459820888,-0.014416144687035207,-0.055137637752111425,-0.00388089231213457,0.0018906601056159357,0.16145598735670227,-0.33815330311218394,0.06510913513031362,0.11021149965451331,0.02870709547554193,0.06945929756502763,432.0,170.0,5.0,0.09088280283592434,0.030361363543443484,0.06577178863380238,0.004283453553683249,0.003632317626904435,0.015971009983326904,0.025762306032504702,-0.015458962672794719,-0.04882379022061722,-0.01920878864597479,0.07608235290933701,0.3714130145113173,-0.19343846371861068,0.11429693040226144,0.29131246367558206,0.16225258648265192,0.226782525079117,0.050299181643753896
cfb_20251126_wmu_emu,CFB,17,794.0,155.0,-5.0,0.12493794026648025,-0.006484268682216521,0.01935930898482011,-0.003435742538625798,0.015036224009439431,-0.0017888987924303418,0.042832728967506145,0.00425622581248654,0.0031850993495134484,-0.00878027612212285,0.013511624354673171,0.3764216327053329,-0.09001847214725717,0.05433944157863648,0.1974253714043259,0.10327211730975418,0.15034874435704004,228.0,17.0,,,,,,,,,,,,,,,,,,,443.0,98.0,-5.0,0.14945835845874655,0.0064377439349724485,0.016271236028923212,0.020188335022676057,0.030169386149269298,-0.015504474986793661,0.042028427678228265,0.002148099914682309,-0.0015048849612632922,-0.014392450664603854,0.030454743958793634,0.3476055240247416,-0.11888200266729186,0.06334210720055498,0.19661690193309966,0.09069677828254052,0.1436568401078201,351.0,57.0,45.0,0.09232887213899557,-0.03591569589299367,0.04292477060580319,-0.05634420752563847,-0.0213112014774897,0.028032796110598335,0.0803994239941799,0.00895987869310287,0.021980332358285885,0.008570497825508304,-0.01909032921540123,0.5376804173584484,-0.05694234610428165,0.06622428633410792,0.170731846639862,0.15305781180832184,0.16189482922409193,0.10615001080855477
cfb_20251125_bgsu_mass,CFB,17,386.0,87.0,5.0,0.04966133490259084,-0.0005703142212555688,-0.006316152905121186,0.041352242859556895,0.013272862094070212,-0.017121723835108436,0.0047457411468100974,0.001950579398186545,-0.00826675014204427,-0.01996116440003428,0.04634616179770178,0.6688962809263388,-0.04498863240294445,0.09088610959273742,0.41038364071067146,0.3986889417829329,0.4045362912468022,129.0,22.0,,,,,,,,,,,,,,,,,,,116.0,31.0,,,,,,,,,,,,,,,,,,,270.0,56.0,30.0,0.0573516023711023,0.002623098320352954,-0.007012454905956281,0.05914546008501437,0.02971724410105622,-0.028941725384234108,0.021727627096202285,0.0016783864716285633,-0.01167791088273457,-0.023707525146933403,0.04228373568904934,0.7262599483916012,-0.06129161130623586,0.16261282264892798,0.4956510988137311,0.44270558015457967,0.4691783394841554,0.10615001080855477
cfb_20251128_navy_mem,CFB,17,1210.0,282.0,-5.0,0.06114595776378558,-0.019117779998030236,0.0028928193069109364,0.001364227178309439,0.049409910703495916,-0.02143928276512859,-0.01842748737055557,-0.03250838664051619,0.01072506159513496,-0.05965035962375946,0.03920726223964268,0.16593146973457215,-0.12241008518971547,0.024352537721810258,0.05679450744443329,0.016329142635534276,0.036561825039983786,191.0,35.0,,,,,,,,,,,,,,,,,,,487.0,135.0,0.0,0.07736128557787646,-0.035065227471435784,0.009291981701094984,0.022693496455964468,0.08751239838932996,-0.031138377674348856,-0.021584597097558476,-0.061525541585600724,-0.02654054792921978,-0.07433579970453057,-0.027808286300363735,0.36206466137714266,-0.11272538318506549,0.06397807931383191,0.21023849899295094,0.10078680501489737,0.15551265200392417,723.0,147.0,-5.0,0.0733994475176866,0.005330278676687312,-0.0011811922686786763,-0.03546698454668171,0.02816239594389954,-0.008617467410647997,-0.017473927194023495,0.01204887675396442,0.03022241962039544,-0.04719713098867751,0.0746957305950051,0.0461022648242274,-0.13182921348088908,0.0063713594102890354,0.013939241145111034,0.0010837910117059385,0.0075115160784084865,0.10615001080855477
nfl_20251128_cin_bal,NFL,17,1084.0,792.0,-5.0,0.28030630148373203,0.003522549872691252,0.0010054945274807086,2.098279498202728e-05,0.017747423032297777,-0.014757874958191372,0.022634500553321064,-0.07807005754696585,0.007417436555181379,-0.011707437358507851,0.014499677491863363,0.16198714826197513,-0.2005034802649093,0.038757146644413605,0.13512488632421166,0.021243009153587063,0.07818394773889936,497.0,116.0,-10.0,0.12195420186587727,-0.041147212479747584,-0.019690513686903208,0.0037610657008406555,-0.024399421288242018,0.01773529850372501,0.02313759187365624,0.039660640771757585,0.011423555493409569,-0.035120745441391446,-0.012823446038678047,0.7815287999117754,-0.05710133106842919,0.20426644209970513,0.7466023011840687,0.6950094268633532,0.7208058640237109,381.0,265.0,-5.0,0.26540628501167224,-0.05909646624801325,0.018239129551999425,0.0645667357618711,0.010688730607337956,-0.054068617909961605,0.027083457292639612,0.01785578555702442,-0.04377264414496377,-0.09458269219367582,0.1346443787691397,0.2238717832070712,-0.27141167747040956,0.07828785876333397,0.13723495888868656,0.04422915765143583,0.0907320582700612,703.0,527.0,-5.0,0.2869622699654442,0.015558022638961704,-0.00024168618169425935,-0.013038561018937191,0.02078068074803689,-0.007802186925218102,0.02476419074871154,-0.10310674551131288,0.014732506451444926,0.0033296999958571474,0.0028329976671887793,0.08950395445548905,-0.2940074174287355,0.028901637330429303,0.10814084240639323,0.005558362705223923,0.05684960255580857,0.050299181643753896
nfl_20251127_kc_dal,NFL,17,1201.0,930.0,-5.0,0.20154414299959014,0.011206166784889032,-0.03258612988583294,0.0009629506449348038,0.005905693148528776,0.01364293812590972,0.04457140176635691,-0.006582635059202939,0.015499135060326429,-0.01081321541855687,-0.009395744089786287,0.07949925844029318,-0.32445984967352254,0.028022049606378222,0.025782856317149307,0.006785102863661504,0.016283979590405406,631.0,114.0,20.0,0.030010062669863818,0.0028930819921006564,-0.0202142894921029,0.039238403103962295,-0.00447794302287828,0.013669682411274692,0.00899803224388346,-0.018274436021613272,-0.0004459716000447573,-0.04822848056207735,-0.0065882948731686135,0.6765557682101528,-0.11749853263822878,0.2457743938505998,0.5833575753453877,0.5098425905600547,0.5466000829527211,356.0,265.0,-5.0,0.13310534066025606,-0.02654168157537431,-0.012979548937424411,0.00035525489250263635,0.05903736894000229,0.00416378262140594,0.0771532933931445,0.009081839519683856,-0.026541422047270183,0.000295552783487724,0.00838081313450757,0.061943655052397996,-0.3868724790407741,0.02554675475523422,0.019615852088456197,0.004187294364011476,0.011901573226233836,845.0,665.0,-5.0,0.22173101407936666,0.02662725170927895,-0.04213169549359746,0.0014788606856195813,-0.017509621472253052,0.017834010840560254,0.03130794454090774,-0.012589576264949059,0.03451065329435029,-0.01506885455977076,-0.017467307866233458,0.07976645758335303,-0.4066587529619682,0.03524945209436139,0.025711549580242576,0.006415957883181822,0.016063753731712198,0.050299181643753896
nfl_20251127_gb_det,NFL,17,1123.0,872.0,-5.0,0.29088926656407293,0.021109312441311562,-0.05083809101777096,0.011907708403423867,0.0621069706807348,-0.013442792950054986,0.08058601772076551,-0.00894401879706902,0.05491148999391967,-0.0023529680177010884,-0.02707353128367749,0.06578884487896795,-0.2733368694044638,0.019248878374421956,0.06603038430208516,0.0030265878238248446,0.034528486062955,634.0,184.0,40.0,0.06253574537996963,-0.02763465851773278,0.0008400804140088821,0.010802646484833483,0.020884858795315816,-0.029086490143524334,-0.0014183063223547493,0.0045668903612932224,0.014766745705919258,0.05037964232498503,-0.003811173868520183,0.525909115687504,-0.07243230449638059,0.08034917030758756,0.3916674645268556,0.35859227371271485,0.3751298691197852,394.0,316.0,-5.0,0.2491150811875933,0.10238148479707534,-0.07238627189346104,0.048060558522491366,0.0966604420883592,-0.04117379720944353,0.11493642069784508,0.006575382987754609,0.09099906646421685,0.058594700195899005,-0.0385119645781788,0.1266357266455886,-0.3834344941274462,0.0555970827594279,0.12389901245927046,0.013824131402508431,0.06886157193088945,729.0,556.0,-5.0,0.3179016179282205,0.021182386197909193,-0.03437110336001422,0.012435617462809363,0.036433258193365854,-0.014911010754327261,0.05511529286317199,-0.011758092483137401,0.02811874507922618,-0.006150341392843203,-0.018353382940031353,0.037046519626010486,-0.22835312172216962,0.008785147546541465,0.04498848787550416,0.0008401817506888177,0.02291433481309649,0.050299181643753896
cfb_20251128_miss_msst,CFB,17,995.0,261.0,-5.0,0.06399219349525356,-0.010867644039995197,-0.0056513143952330045,0.018711397161691203,0.013337363454933015,-0.03479002922433304,0.038372964358621586,0.02385403165381948,-0.00504126532124922,0.017215361554207848,0.04827321162590878,0.18485379208810376,-0.09870552705244118,0.022383826114383106,0.05003685709433248,0.023646404844011128,0.036841630969171806,366.0,68.0,25.0,0.08298814261751061,-0.024512684450605872,0.013115945081152611,0.036749312341870524,-0.0525357553792082,-0.04778023094332392,0.007475235730577921,0.03964829441573065,0.008581417673311002,0.007199513650708677,0.03932107152739462,0.7260316998516124,-0.04294020470829835,0.1137940039028473,0.6631322857347003,0.5663235400576097,0.6147279128961549,394.0,115.0,-15.0,0.11922880069945986,-0.021507206278264204,-0.03378513217509234,-0.0011774684054226719,-0.0036795363168662036,-0.11112368035784381,0.05341555081821018,0.05677764438498127,-0.0003271135764907393,0.040635154450181725,0.03639338553996457,0.03521248605345658,-0.16246847991214544,0.00592971923903826,0.017564211091618473,0.0005525627403626101,0.009058386915990542,601.0,146.0,-10.0,0.08418032731072174,-0.007995704639708183,0.018646004757231924,0.02729855307947969,0.028180353713315436,-0.010510117189631572,0.025660308353503015,0.014253757046837543,-0.009252529320291988,0.010485972063388577,0.06918407644652824,0.2703813438807962,-0.0839718597908979,0.03111820689892469,0.08699767006261766,0.06581983694860967,0.07640875350561366,0.10615001080855477
cfb_20251128_iowa_neb,CFB,17,914.0,260.0,-25.0,0.07513813955728788,0.01322330317624627,-0.020923367096591167,-0.02899723552135095,0.003984166783960678,0.002810499135362417,0.018238075325777366,0.019019526235317812,0.041031296864666625,-0.001931467988790032,-0.017230282601411042,0.051519399934157425,-0.1278941851710334,0.006946933521489266,0.0042652174600674,0.0016856033450449205,0.0029754104025561602,363.0,41.0,,,,,,,,,,,,,,,,,,,407.0,117.0,-25.0,0.09269011230169172,0.022873976266689466,-0.012565031953474172,-0.04436114454088774,0.0002535941123548684,0.02326308354087669,-1.633565589640822e-05,0.022902833840799434,0.02299842749709283,-0.010785214093029441,-0.02878936066404099,0.0,-0.14183507795543074,-0.021360629506314267,0.012684835832696032,0.004548295967531243,0.008616565900113638,507.0,143.0,-30.0,0.0646172841141952,-0.0003077711118297595,-0.03047455967727472,-0.009519432564160994,0.00827522135298865,-0.024183259753915685,0.038697449507659985,0.014299243276906933,0.0649769534499717,0.009829134543050327,-0.0010108329880268289,0.34875352506868057,-0.10133535921724277,0.054266802357496834,0.14541920502858643,0.13477998516548753,0.14009959509703698,0.10615001080855477
cfb_20251128_tem_unt,CFB,17,178.0,43.0,,,,,,,,,,,,,,,,,,,88.0,27.0,,,,,,,,,,,,,,,,,,,178.0,35.0,,,,,,,,,,,,,,,,,,,0.0,8.0,,,,,,,,,,,,,,,,,,,0.10615001080855477
cfb_20251129_ind_pur,CFB,17,238.0,49.0,,,,,,,,,,,,,,,,,,,85.0,30.0,,,,,,,,,,,,,,,,,,,207.0,30.0,,,,,,,,,,,,,,,,,,,31.0,19.0,,,,,,,,,,,,,,,,,,,0.10615001080855477
nfl_20251128_chi_phi,NFL,17,1039.0,795.0,-5.0,0.33205124339183545,-0.0018826134587299106,0.0019312715217595776,0.013480630535402858,0.04863883968499146,-0.004368181904938178,0.029728534958974127,-0.010814615225778888,0.022049792493640332,-0.009599410209614986,-0.030561166096957422,0.08943656168187689,-0.3449855357750106,0.03388486606346424,0.0658109490630705,0.005531462667238895,0.035671205865154695,461.0,116.0,-15.0,0.08905981279574743,-0.006090383513788158,-0.042358463404760655,0.0040602615748085834,0.002688601290301198,-0.038512352870381884,0.021545000481232715,0.0008181829816505413,0.008319097975710796,-0.0223796647090456,0.043794736673676254,0.6370742793674128,-0.08304465198385798,0.14577531657364573,0.5366026049136309,0.5105840915292249,0.5235933482214279,416.0,305.0,-5.0,0.19443318834649417,0.015299875976557195,0.018105960842779188,0.0242192564766521,0.12066519308397765,-0.06266335006780582,0.0028570253938120945,-0.00682266745578655,0.014959914183534422,-0.07401107740786797,-0.07102317277393737,0.09826745543185719,-0.33888566071827825,0.036930497586817816,0.043730948054544784,0.009193269179153408,0.026462108616849098,623.0,490.0,-5.0,0.39209177722436667,-0.003273468932670434,-0.0029559552853696924,0.014451581740079628,0.028447733112792334,-0.0012582105522136405,0.03844762807448124,-0.01247468436321755,0.024528788320957687,-0.00677306166044397,-0.019566003380305945,0.0867412979010565,-0.414684137289267,0.03938669317333684,0.0777215120524835,0.004436344684335769,0.04107892836840963,0.050299181643753896
cfb_20251129_txam_tex,CFB,17,1389.0,577.0,-15.0,0.14506122207868613,3.009477091257989e-05,0.003759848513812911,-0.0035162689951047945,0.05255386746546078,0.005194162102384443,0.044531545431011524,-0.001847377588014333,0.03580023002215508,-0.002755371802716209,0.012050073256301815,0.0,-0.2250908023440532,-0.007462761168974633,0.0017791355518244603,0.0007105716325350539,0.001244853592179757,708.0,74.0,-55.0,0.047637116742855624,-0.01868388615116536,0.0015037843111428003,-0.0009754174312138289,0.0008439417670102068,-0.013923188915410686,0.007753669469370881,0.026748135151387943,-0.007291447988668508,0.04575652974696948,0.013519483285532746,0.8509594354184964,-0.033129266686230986,0.1891542893326008,0.7426317338902894,0.7404259963641473,0.7415288651272183,431.0,176.0,-15.0,0.11014717071298137,-0.019463975120571107,0.027246994468885344,-0.013685665252802372,0.02560655973639675,0.03268460632686944,0.020039649189440675,-0.024420341425914264,0.027803076588118834,0.0012458998380854864,-0.0010978419153560054,0.0,-0.19081939903646314,-0.0008775416755057869,0.007440598074120059,1.1858353271404663e-05,0.0037262282136957315,958.0,401.0,-5.0,0.16545124355194044,0.004401022409404094,-0.002875046028085789,-0.0015001988083894683,0.060184461513896,-0.00037043042624506625,0.051422279402221355,0.0030041306273087057,0.03807852508792837,-0.0038053038027662965,0.015654159354816916,0.0,-0.24448756363726415,-0.006038361380638423,0.0008779044026813556,0.0004189974162527771,0.0006484509094670664,0.10615001080855477
cfb_20251128_bsu_usu,CFB,17,1595.0,379.0,-5.0,0.1356986880052446,-0.019934125196703532,0.015707258274580208,0.007281556502226132,0.02280428053392307,0.011246262154557004,0.03289317369796006,-0.009691074590705279,-0.001187141045700821,0.044433748564266455,0.03941123967080198,0.0,-0.09010080112440093,-0.0017165366076510905,0.002572150652602609,0.00018577301587196788,0.0013789618342372886,112.0,23.0,,,,,,,,,,,,,,,,,,,396.0,41.0,,,,,,,,,,,,,,,,,,,1199.0,338.0,-5.0,0.15925597447776202,-0.024036263331661548,0.01741872143765763,0.008600708254252038,0.025451667132941606,0.014124575911631437,0.0358991887394039,-0.01117374576047635,-0.0027551976742458515,0.05354810288544834,0.04335401232012212,0.07630623231745193,-0.23452522300518092,0.019374100786491287,0.018167316748447553,0.0033758129354645007,0.010771564841956027,0.10615001080855477
cfb_20251128_afa_csu,CFB,17,746.0,119.0,-10.0,0.06292204576217225,-0.021879296941416906,0.03743153052092748,-0.0010911877647207904,0.011955973114952757,0.027724118235045937,-0.0216129771003482,-0.0018823953807206937,0.0031399059585681256,0.003472503679953544,-0.008165082172426393,0.5674386374018211,-0.062311195607137555,0.0817404950775447,0.31439655065589367,0.31417256425290024,0.314284557454397,63.0,24.0,,,,,,,,,,,,,,,,,,,377.0,48.0,,,,,,,,,,,,,,,,,,,369.0,71.0,-5.0,0.08574129886194787,-0.030223700644082887,0.028774533852618234,0.0043146622179312645,0.026577285636408703,0.03185563877414852,-0.024224223321863837,-0.007151701535279778,0.02289824967771836,-0.001895275636862454,-0.02056332810574895,0.5722824777008403,-0.09030823870148763,0.12083167021793953,0.3940932223386042,0.3907992807278909,0.3924462515332475,0.10615001080855477
cfb_20251128_kent_niu,CFB,17,1021.0,221.0,-5.0,0.14651247059697772,0.0016703650141215503,0.04779152538655102,-0.001645855007697449,0.011710618304120205,0.007939042985017925,0.03894655769667926,0.0021467015157972448,0.034182530791616664,-0.005672712680745982,0.01564958274756485,0.3071722405568249,-0.10578831231263286,0.046902325253123475,0.12293623671436825,0.06340289074905112,0.09316956373170968,111.0,25.0,,,,,,,,,,,,,,,,,,,355.0,57.0,-60.0,0.17100536340276948,-0.02429121468268283,0.006327134980832201,0.0245928547378023,-0.02677335591431533,-0.020666598544426602,0.01819518585743901,-0.02737844747421219,0.03822829500689042,-0.011748293232533851,0.03257262554969177,0.5243274151016957,-0.05622480449035816,0.061975836613182955,0.24864293337414498,0.1790350233743077,0.21383897837422633,666.0,164.0,-5.0,0.1867110452163752,0.005192714970894217,0.055755875757472845,-0.005277973417087727,0.019082958970563627,0.012756929225451307,0.042845502814301994,0.006232537759222467,0.033215595392120524,-0.005800740742944235,0.012110915871137292,0.22739423595743385,-0.1376336569352933,0.04050849957042814,0.07871570125240385,0.03566405214406977,0.05718987669823681,0.10615001080855477
cfb_20251128_sdsu_unm,CFB,17,1529.0,286.0,-5.0,0.11180434977646136,0.0014695272030614103,-0.02264308442770058,0.0058884507863961166,-0.020135593033467323,0.012916458393697039,0.02367287729628459,0.004135649519495133,0.0067570965136393366,0.036904609450975505,0.027414735286966422,0.17731854284609372,-0.12694664936341102,0.027361738481608795,0.05692950532402016,0.021855446238549313,0.03939247578128474,183.0,17.0,,,,,,,,,,,,,,,,,,,420.0,47.0,,,,,,,,,,,,,,,,,,,1109.0,239.0,-5.0,0.12135146602636694,0.003992136195018764,-0.021215694283386093,0.005946203798260069,-0.023841243461590476,0.014250421955671447,0.02522000933386547,0.005873038311678136,0.007155111464822977,0.043988272287312336,0.036082976852166326,0.1320263672780824,-0.1547581871318307,0.023540071360789092,0.04134921950124729,0.012868830416564564,0.02710902495890593,0.10615001080855477
cfb_20251128_uga_gt,CFB,17,1135.0,285.0,10.0,0.038332210338621255,0.002499546619824641,0.0010627096986785757,0.0068048484901183405,-0.009783125440177572,0.026263598693452603,0.02933330520526948,-0.018005521992980503,0.07959938163867485,-0.0032251594849525647,-0.024555663955938795,0.4369269352133987,-0.11425336893926714,0.08865700998743212,0.17228572357857994,0.15629225534642974,0.16428898946250484,351.0,17.0,,,,,,,,,,,,,,,,,,,385.0,111.0,-40.0,0.07840419333508278,0.0023701752084610847,-0.03819710219074109,0.025690936069311377,-0.047829627787998104,-0.008077952598334891,0.0610494859337773,0.02877791901735244,0.10102102054134711,0.03458828479749137,-0.010921802988491785,0.46113071921939464,-0.1107936384576485,0.09481028518252076,0.15958942422514447,0.15672689897621384,0.15815816160067914,750.0,174.0,-10.0,0.055040359886246906,0.002949679589691823,0.02925493578243774,0.005753848780051987,0.017362248110854975,0.03532238661979049,0.007277392145482679,-0.027139440613775486,0.06612912276164987,-0.00819259229691597,-0.034364175700347076,0.42392143666263177,-0.11705333162362118,0.08613654398206312,0.18711920139951993,0.1570095784137419,0.17206438990663092,0.10615001080855477
cfb_20251128_utah_ku,CFB,17,1136.0,334.0,-5.0,0.1593359780575184,-0.01144704709148784,-0.017305222062282636,0.007517052376042031,-0.007433108469481608,-0.008612358355606845,0.011750066238655252,-0.005226027276893079,0.005411131375935496,-0.01599583740170234,0.020574398382644413,0.039558113644173575,-0.14260542397925835,0.005873548049274783,0.022879775307974637,0.0009226456247165037,0.01190121046634557,199.0,18.0,,,,,,,,,,,,,,,,,,,385.0,42.0,,,,,,,,,,,,,,,,,,,751.0,292.0,-5.0,0.18340828947224455,-0.01132039465476523,-0.0174344091765173,0.006371070447279948,-0.012900400208049945,-0.008210382085180122,0.013925790777933308,-0.005731040961567103,0.0022336374090641715,-0.01771862260939567,0.020218298842765832,0.024053640786841426,-0.20247015312107622,0.004990176239970427,0.022316447964204556,0.0003449497896855496,0.011330698876945053,0.10615001080855477
cfb_20251129_ariz_asu,CFB,17,1196.0,298.0,-20.0,0.11985316921271796,0.04541858805498228,-0.0008507781007674397,0.05556399586950702,0.05361153011204026,-0.01454144467049598,0.03676578111911981,0.02041572287061194,0.019249372801861307,0.012365785788506506,-0.0029186628122428652,0.10040037827612285,-0.1243300159710122,0.013875929172408524,0.026563133643275155,0.006467844159340387,0.01651548890130777,346.0,15.0,,,,,,,,,,,,,,,,,,,391.0,79.0,-50.0,0.10232909488814977,-0.005651961772918744,-0.004319386213383643,0.12442012018475208,0.00025451502843677737,0.002861110752862834,0.04982193672717607,-0.02163072481749446,0.036872347225240736,0.020697858393909595,0.01720808781045948,0.0,-0.0848571345158058,-0.0025082941608400005,0.0011264288518279518,0.00039224802806849077,0.0007593384399482213,805.0,219.0,-20.0,0.13420125183871184,0.06425721361931559,0.0017359246438923065,0.03455350109973377,0.06682656752954662,-0.01987415906651779,0.03850641086464946,0.03594780753040999,0.0194574501572146,0.01070906613711277,-0.0029671064237538065,0.12690302346528215,-0.15927654692656296,0.023150550185517677,0.03877525283659778,0.011475189397262699,0.02512522111693024,0.10615001080855477
cfb_20251128_ohio_buff,CFB,17,816.0,105.0,-25.0,0.09497010148883264,-0.057743674813847394,-0.023135278940010814,0.008070520933924753,-0.009099364544320363,0.0014013659686473972,-0.005017338273439843,-0.044050055258736544,-0.005887860560214883,0.032411711963334436,-0.057721038473058164,0.5273553913224155,-0.060230300074158714,0.06720223373317162,0.3257795723199523,0.31947659004761064,0.3226280811837815,94.0,9.0,,,,,,,,,,,,,,,,,,,304.0,26.0,,,,,,,,,,,,,,,,,,,512.0,79.0,-45.0,0.11497264798602139,-0.0916559284322379,-0.031896849976847934,0.012405750080884383,0.016321152586995923,-0.008438948922948487,0.005496096234206634,-0.06065018063710209,0.014466236511441704,0.05066247212814055,-0.0935492602622395,0.4762363303039085,-0.08982330500741924,0.08167256269859842,0.25119138996483087,0.2503033523070155,0.25074737113592316,0.10615001080855477
cfb_20251129_usa_txst,CFB,17,289.0,20.0,,,,,,,,,,,,,,,,,,,32.0,12.0,,,,,,,,,,,,,,,,,,,179.0,12.0,,,,,,,,,,,,,,,,,,,110.0,8.0,,,,,,,,,,,,,,,,,,,0.10615001080855477
cfb_20251130_fres_sjsu,CFB,17,848.0,155.0,-30.0,0.11817583890690654,0.006705397723639605,0.05318635533428675,0.02576937441679607,0.0394080670826326,-0.0009220588631934038,0.048991188035885355,-0.029101894227729873,0.04870866821973062,0.004450387130451678,0.009073176314416483,0.17575251962030172,-0.05879314936075349,0.012536336940702726,0.052852605630405655,0.022138090892002273,0.037495348261203966,118.0,14.0,,,,,,,,,,,,,,,,,,,365.0,66.0,-30.0,0.17528702618717046,0.0053621298275235724,0.036004090372925436,0.034312629008081866,0.05340306229456597,-0.0014982806235720684,0.0538636867290791,-0.05563073242604136,0.054597399246679425,0.00015508435338729658,0.02316015094095593,0.0991497522037707,-0.07504982863905503,0.00826016525021919,0.035686452358018594,0.005893260904551225,0.02078985663128491,483.0,89.0,55.0,0.05627355292049329,0.008002545827182569,0.0727500782090421,0.01394107977313131,0.02599363810931145,-0.0006613523171564924,0.04566118220840362,0.005677446898741074,0.04451652377879826,0.009652965955612623,-0.005628362558200376,0.39088026339383547,-0.06152959351543228,0.03948436124206256,0.1942666401340453,0.1765269543175939,0.1853967972258196,0.10615001080855477
cfb_20251129_fiu_shsu,CFB,17,248.0,17.0,,,,,,,,,,,,,,,,,,,40.0,4.0,,,,,,,,,,,,,,,,,,,173.0,7.0,,,,,,,,,,,,,,,,,,,75.0,10.0,,,,,,,,,,,,,,,,,,,0.10615001080855477
cfb_20251129_ucf_byu,CFB,17,798.0,109.0,30.0,0.05231520926586531,0.04660816375857054,-0.0026151085677363914,0.00048296959174843284,0.017972237199191683,-4.43351625772609e-05,0.00045688697884247207,0.0023280164619485684,-0.016836908472740525,-0.050301904786309304,-0.05374115815995914,0.07546877374360124,-0.0827037647681232,0.006751044782232752,0.014068748551441444,0.004154860926908892,0.009111804739175168,169.0,9.0,,,,,,,,,,,,,,,,,,,380.0,48.0,,,,,,,,,,,,,,,,,,,418.0,61.0,10.0,0.06349545528702641,-0.0003794330111621571,0.00519538982258338,0.014628525487501326,0.021360924010533203,0.00830148174533212,-0.01737278678379393,-0.0031077667072020375,0.000895469677005739,-0.031871270551807745,0.015456994806260043,0.28661808327498123,-0.04436538377191644,0.017824843835181126,0.07387445566016836,0.06482235571164456,0.06934840568590646,0.10615001080855477
cfb_20251129_kenn_lib,CFB,17,920.0,155.0,-20.0,0.10079911558289868,0.05821146570215608,-0.09682752684624371,-0.03146670366971155,0.05926775480545884,-0.03858442583131485,-0.04117998960052288,0.0037914977279786552,-4.8566481018578595e-05,-0.018657451009732737,-0.0333539213577392,0.3787804120714178,-0.07377100154881726,0.04498089066823604,0.16589004594147266,0.15282541509595599,0.15935773051871432,22.0,19.0,,,,,,,,,,,,,,,,,,,202.0,26.0,,,,,,,,,,,,,,,,,,,718.0,129.0,-20.0,0.11948440479192976,0.06757399349756975,-0.10183483498428807,-0.03612183517441495,0.06229521520147664,-0.04428199856229525,-0.04337653663521237,0.0029188925578124384,-7.500697843713174e-05,-0.02165313396985193,-0.034393383816545484,0.27921509336951456,-0.08246863851602668,0.03194640785550438,0.09312543333695025,0.08129516039654736,0.0872102968667488,0.10615001080855477
cfb_20251129_uk_lou,CFB,17,562.0,109.0,-10.0,0.098609616060742,0.023506529493341945,0.011700299309074296,0.0773007380149769,0.019495770150340215,-0.05401570006319191,0.025421291377042566,-0.004776795683254336,-0.0009017314126153105,-0.021203723119785033,0.021948870276503312,0.0,-0.08437421605602415,-0.013037623255557547,0.03273049504291925,0.016339446461944896,0.02453497075243207,292.0,28.0,,,,,,,,,,,,,,,,,,,378.0,62.0,-10.0,0.11815402602528027,0.02441325210312574,0.01363871266221842,0.08874155773401145,0.027929986642115413,-0.06828288249356687,0.04216627849184162,-0.0056699128701882245,-0.007819634807504916,-0.03551706712401698,0.037643209255132946,0.0,-0.1111743319277947,-0.02140936030083207,0.05689993586475057,0.026020337433675114,0.041460136649212845,184.0,47.0,,,,,,,,,,,,,,,,,,,0.10615001080855477
cfb_20251129_isu_okst,CFB,17,814.0,108.0,-20.0,0.06998762852608578,-0.0004832190301815939,-0.014208641288348308,-0.0020397550118849395,-0.028598901036261688,0.004443792229403502,0.010855380582627966,-0.0038549395278972697,-0.028688908345901425,-0.00030642018615938024,0.016700547361810276,0.44869309818937214,-0.06476474784737903,0.05271019693324247,0.1579770088727042,0.1347422514620165,0.14635963016736034,224.0,9.0,,,,,,,,,,,,,,,,,,,337.0,41.0,,,,,,,,,,,,,,,,,,,477.0,67.0,-5.0,0.09124129777236804,-0.0006238874847402015,-0.017603365223995096,-0.0013230334608563066,-0.020921054580684606,0.005683765089318273,-0.0035920918177643796,-0.0026400513291570623,-0.022796446888922184,-0.00045328555937207497,0.04518464223155553,0.3924769817991667,-0.061611703685796784,0.039802895991855845,0.09604288444873571,0.08262256918606257,0.08933272681739915,0.10615001080855477
cfb_20251130_nd_stan,CFB,17,41.0,12.0,,,,,,,,,,,,,,,,,,,53.0,25.0,,,,,,,,,,,,,,,,,,,41.0,10.0,,,,,,,,,,,,,,,,,,,0.0,2.0,,,,,,,,,,,,,,,,,,,0.10615001080855477
cfb_20251129_van_tenn,CFB,17,1306.0,266.0,-55.0,0.05901299539300571,0.022070804711595525,0.02570298316534815,0.006006433076659138,0.006263434843367096,-0.002759919903462508,0.09966213945091079,-0.019489151649074356,0.025179967551755684,-0.011445687631203239,-0.006555236597475003,0.2960433092958593,-0.1294093038263646,0.05442203911736318,0.09596089342238509,0.05159696818788217,0.07377893080513363,419.0,29.0,,,,,,,,,,,,,,,,,,,436.0,89.0,-10.0,0.13618081102199356,0.020963185687059772,-0.07503084169842085,0.03052760213976289,0.0413435094281224,0.015030249085929336,0.05342157755447185,-0.025130578264395437,-0.021456720052014495,-0.010768963494258134,0.023345416838221965,0.3122552741492627,-0.13845359607001798,0.06286179155255006,0.09295293551765868,0.057260574880588555,0.07510675519912362,870.0,177.0,-15.0,0.08902833736534838,0.024582228453713294,0.05247401195420812,-0.005373086484938879,-0.005510716125726618,-0.010653674555347685,0.11434429271614072,-0.014954892077717108,0.03604745843003423,-0.010147080119136141,-0.01663662687319135,0.29710271193728904,-0.12291691839891855,0.05195488788972966,0.10140490518838749,0.052799977448564434,0.07710244131847596,0.10615001080855477
cfb_20251130_smu_cal,CFB,17,1431.0,355.0,-10.0,0.1530558433651633,0.05878247090947681,-0.05619225043500773,-0.003053048716839426,0.03682518515694345,-0.0030564344246691516,0.040350034855915894,0.0032346628576140008,0.03194467288876206,0.02162689192007946,-0.00345938529994393,0.015267268090786268,-0.1484755365614635,0.002301960469225256,0.0004362160267619113,0.00015731774808742683,0.0002967668874246691,172.0,28.0,,,,,,,,,,,,,,,,,,,415.0,77.0,-25.0,0.10553494998956779,0.08899921734551669,-0.03966991741005518,-0.049666906811146064,0.04889192385007456,0.043517319180140235,0.022012720034505454,0.03475936646044922,-0.06119221895009295,-0.020815165395656813,0.021411196133529233,0.07979505341272565,-0.07606252812767043,0.0065957192657611656,0.010609698978647924,0.002505822882456694,0.006557760930552309,1016.0,278.0,-10.0,0.17370198978150536,0.04791597414893005,-0.061649162307003465,0.013659837962403361,0.034727528333931036,-0.019832032900612397,0.044791671342353234,-0.008066267694221018,0.051626280489590025,0.03672281677940391,-0.009034981063376243,0.0578485504956768,-0.21083121643181177,0.012945137723066956,0.002816051776860488,0.0017291075926124484,0.0022725796847364683,0.10615001080855477
cfb_20251129_fsu_fla,CFB,17,1058.0,146.0,-20.0,0.049180092602412274,-0.006563123375725853,-0.005045266506121474,-0.01486819672721745,-0.012055348060931276,0.04285733135784935,0.05423343338441529,0.0018875476526241971,0.014289437615899169,0.0021274698584356384,-0.021717082101042173,0.21122602906497548,-0.04858013625214342,0.013009289923464019,0.025713376829667674,0.0236024694977437,0.024657923163705686,307.0,17.0,,,,,,,,,,,,,,,,,,,403.0,56.0,-20.0,0.08270367566805625,-0.046559792074807343,-0.05454249522934485,-0.06889277537160497,-0.02786255048909106,0.07859579465043637,0.09908496544629893,-0.0071529663538479685,0.022839747678460972,-0.03729140989716253,0.01873891004972176,0.23247649351988253,-0.06464966222798284,0.019581845578817567,0.03808559784396516,0.037066369266683524,0.03757598355532434,655.0,90.0,-5.0,0.0782933162433568,-0.004628804688855836,0.033187548189520306,-0.013479806118802697,-0.00018537476029420021,0.04969662501674421,0.018258965450360366,0.001833890131109693,0.011886816571933703,0.005602377604693253,-0.04822991109977017,0.24914119822000258,-0.039010121680397455,0.012943882971235396,0.034029773049374185,0.029383844182223888,0.03170680861579904,0.10615001080855477
cfb_20251129_wku_jvst,CFB,17,1139.0,113.0,-5.0,0.0612743813113743,-0.011438389291907915,0.02799500950946914,0.008010124714614833,-0.016356536201390236,-0.005654737274925908,0.05821344379076496,-0.010500562308416905,0.010232199470890007,0.037547555157574665,0.07754316168333968,0.1557271364402216,-0.02961364543880137,0.005462272214099229,0.035770860532633404,0.01367245994777457,0.024721660240203988,41.0,8.0,,,,,,,,,,,,,,,,,,,319.0,18.0,,,,,,,,,,,,,,,,,,,820.0,95.0,-30.0,0.08729975766899521,0.009352800794356467,0.03370602033004357,0.022472037563627267,-0.018783729415687882,-0.016159927205821198,0.06515363809460696,0.0728609365053105,0.011542381523962933,0.051051567957315615,0.08635129742123375,0.023333628500584718,-0.06696466783429221,0.0015998592021875147,0.015730541752225068,0.0004199664669939442,0.008075254109609506,0.10615001080855477
cfb_20251129_lsu_okla,CFB,17,1254.0,360.0,-5.0,0.24700206706246672,0.03035738107537258,-0.03069862425977256,-0.02851341471015457,0.09015234433996393,-0.006492996336833698,0.060456484502824946,-0.01697511726045193,0.027327400492097455,0.010050867803911179,0.02331633136747253,0.0,-0.16721736656138006,-0.004716095283519007,0.004951954216784745,0.00046837707712050987,0.0027101656469526274,302.0,13.0,,,,,,,,,,,,,,,,,,,351.0,71.0,-15.0,0.11012882833892249,0.2345541072320083,0.05631614156215241,-0.0033769098172156185,0.1392914171692515,-0.019522611552892748,0.10472749408091031,-0.03954849837662789,0.018691894120782152,-0.07526861729214036,0.03469094251825536,0.1849938122127572,-0.11029978299207735,0.0250363465305013,0.08992363421801339,0.02630364337027007,0.05811363879414173,903.0,289.0,-5.0,0.2678225454841468,0.008234518786273242,-0.04873980170198029,-0.031519629201178095,0.08187018723362002,-0.005164000737904732,0.05283412519921484,-0.014657002845934871,0.02941426768357989,0.019410021934362764,0.021640845348412683,0.0,-0.1958605263312989,-0.011593578311435954,0.0020366485846342376,0.0013371647610869752,0.0016869066728606064,0.10615001080855477
cfb_20251129_troy_usm,CFB,17,588.0,51.0,-5.0,0.040573503935039466,0.017713928552128742,0.013255996012968936,0.03463857583756702,0.00026415059990009254,0.020031423885734066,-0.00588933481186998,-0.0021939129311245144,-0.06894144403820957,-0.0027929426470319468,-0.004445413530696941,0.3065792871360373,-0.030790268136176347,0.013613176360032222,0.08630407462187152,0.0738978499232939,0.0801009622725827,22.0,1.0,,,,,,,,,,,,,,,,,,,174.0,13.0,,,,,,,,,,,,,,,,,,,414.0,38.0,,,,,,,,,,,,,,,,,,,0.10615001080855477
cfb_20251130_nw_ill,CFB,17,1191.0,155.0,-30.0,0.10664065865162901,-0.0036594815980400615,0.040844518591656435,0.006270402375602158,0.018072829460406295,-0.006797403821105657,0.034815515268727996,-0.002285837606009008,0.03624033287976367,0.006156386787692845,0.04982884044226046,0.0,-0.10443251733799454,-0.0009257397886422036,0.0030873028695731337,4.210861856718175e-05,0.0015647057440701577,49.0,6.0,,,,,,,,,,,,,,,,,,,412.0,44.0,,,,,,,,,,,,,,,,,,,779.0,111.0,-25.0,0.11525787133389868,-0.0010471655992049746,0.0712604518603534,0.01952902623856617,0.028373399678862488,-0.017249922764540765,0.040083686545322385,-0.01123531397433675,0.04960759142431337,0.015761868981347314,0.06725049885683436,0.0,-0.11492273860713091,-0.0007626006130927276,0.0020111503204667167,2.8534196898863318e-05,0.00101984225868279,0.10615001080855477
cfb_20251130_vt_uva,CFB,17,674.0,67.0,50.0,0.04133659433821769,0.019260217088788802,0.005966074648517325,-0.009500099153802014,0.046716610315996394,-0.04464977078047092,0.003226250037524721,0.04088172784548339,0.06160975010223648,-0.02976889365137461,0.03210790092951411,0.28150265506157446,-0.0296388904454432,0.011612327327648532,0.055199490056756055,0.047832827511561794,0.051516158784158925,158.0,10.0,,,,,,,,,,,,,,,,,,,391.0,33.0,,,,,,,,,,,,,,,,,,,283.0,34.0,,,,,,,,,,,,,,,,,,,0.10615001080855477
cfb_20251129_arst_app,CFB,17,1188.0,151.0,-15.0,0.13406246798125146,-0.01856896418123502,-0.013350413056929992,0.012343132706863411,-0.0026302111425829076,0.027618279299744527,-0.013511078627269264,-0.004049443749419397,1.756639456033602e-05,-0.003153991154715067,0.04811630247807385,0.3384358432727478,-0.0771144248060576,0.03944936424131383,0.15556450134103814,0.0995492872765955,0.1275568943088168,45.0,39.0,,,,,,,,,,,,,,,,,,,296.0,18.0,,,,,,,,,,,,,,,,,,,892.0,133.0,-15.0,0.16364832589460307,-0.05651347031853327,-0.014251546037252164,0.03082864837146788,-0.0023570780003053203,0.045202881474850375,-0.013604043740483374,0.014562209611203584,-0.00011408635690976275,0.00046019141746319545,0.051322801965484735,0.27883904900449047,-0.13275095554696695,0.05132855591814225,0.1279542565541811,0.06734885829955893,0.09765155742687001,0.10615001080855477
cfb_20251129_mizz_ark,CFB,17,1079.0,192.0,0.0,0.13541271460950788,-0.022665378700721907,0.008554262559334993,0.02244794292684628,0.03610044085994705,0.008251133087398384,-0.0012079515568958281,-0.01291261868779658,0.028777643722360073,-0.006984211380532873,0.01189711228714401,0.22476960348123867,-0.0509593520951637,0.014775108684497482,0.09759339692337383,0.022827790502588523,0.06021059371298118,161.0,3.0,,,,,,,,,,,,,,,,,,,346.0,88.0,0.0,0.23806859407511427,-0.020731238571850802,0.01836162452516541,0.01409310648200648,0.006663797333594696,0.005542420368659703,0.011466441349842442,0.003042943701791015,0.04498847647694526,0.009189140309952989,0.041350247449382135,0.4656772078779876,-0.09847746382465272,0.08582585483701019,0.3018633549289085,0.14822532804538527,0.22504434148714686,733.0,104.0,-5.0,0.11698081374889528,-0.026420904234498062,0.0016585106931366943,0.034206076817326264,0.06080635444035675,0.012408209989528168,-0.010596683032814844,-0.03160042975127924,0.017318419134646157,-0.025314379555824364,-0.010429822867351977,0.07085293831209834,-0.04056795343078484,0.0030935454896212832,0.03823693234912546,0.0017105791217008634,0.01997375573541316,0.10615001080855477
cfb_20251130_wyo_haw,CFB,17,768.0,78.0,5.0,0.059438131674611205,0.00284109982599986,-0.00843755972744814,0.005472787193776619,-0.008953647651715487,-0.03318323478085809,0.0036243003025351384,-0.025400886229853415,0.007928742515707844,-0.008377107867312812,0.012853927730183012,0.2854186266952465,-0.056303621452792524,0.022488834600746733,0.06013241891556399,0.05056280731237188,0.055347613113967936,178.0,16.0,,,,,,,,,,,,,,,,,,,457.0,46.0,,,,,,,,,,,,,,,,,,,311.0,32.0,,,,,,,,,,,,,,,,,,,0.10615001080855477
cfb_20251129_clem_scar,CFB,17,1264.0,270.0,-10.0,0.11196252191237559,-0.012059148515552093,-0.00875478022382338,-0.0005874151480832324,0.023885346531838436,0.022985854023589134,0.002291108174946024,-0.001974145152562802,0.012465917903099966,0.0123121765181717,-0.0013059517652893493,0.15216167595850474,-0.09448526074075313,0.016957284449181917,0.03184185709908813,0.016068891889389342,0.023955374494238735,445.0,44.0,,,,,,,,,,,,,,,,,,,412.0,95.0,-10.0,0.17866364327512446,-0.007693520706338301,0.03975736138188789,0.004656160825527604,0.022531065469620772,-0.021450230931750715,-0.004020659017861949,0.03003454319906176,-0.01905876107719409,0.00946721759889274,0.06229349003267079,0.14437682689891584,-0.12750790425384986,0.021515530667525217,0.0162370591556405,0.014572374449790941,0.01540471680271572,852.0,175.0,-5.0,0.138088429349091,-0.013829651460991296,-0.03091670614753177,-0.0022942153400909195,0.02490474878079459,0.038876892663533405,0.004698183765247841,-0.012797232183296304,0.02624999735493489,0.013763698591862973,-0.02942908884526524,0.15088841837745048,-0.09581582314678597,0.01702661737639418,0.04288641435330812,0.014298769746211073,0.028592592049759596,0.10615001080855477
cfb_20251129_psu_rutg,CFB,17,1001.0,227.0,-15.0,0.16722736521294723,-0.0016683492490091995,-0.013482118784712695,-0.0016029573072315697,-0.006059625158287884,-0.003256284108304829,0.07560390127873984,-0.001501294076319371,0.033363633099533885,0.0007391415636491609,-0.003390964460621098,0.3048190676954034,-0.09158325824799518,0.04015691757125121,0.06748858282455397,0.06743133919693728,0.06745996101074563,94.0,11.0,,,,,,,,,,,,,,,,,,,224.0,54.0,-5.0,0.11730622760011816,0.029741196799605258,-0.037683776742592504,-0.02141526475360225,0.0062001817489791685,0.029912174208031012,0.0554910402878447,-0.02333961705635588,0.0017867089505907206,-0.024707202623069344,0.014167997593732039,0.051383983137244765,-0.06427091757290922,0.00348138307394763,0.0032207109857958524,0.002836959181743518,0.0030288350837696853,777.0,173.0,-15.0,0.1917213486401825,-0.0024627188363751345,-0.009437417009611681,-0.001243085967162637,-0.007915152423251371,-0.0041128189715745715,0.07923034063578446,-0.001074159418726884,0.03873448265015552,0.0012207413770719336,-0.006091847764885946,0.32489707371091797,-0.09961368598140374,0.04793964566975952,0.07477582857735775,0.07080442586282601,0.07279012722009187,0.10615001080855477
cfb_20251129_mia_pitt,CFB,17,847.0,103.0,-10.0,0.07090773010311345,-0.041072404093320546,0.002166181281282992,0.012612156592018529,0.02265119397977896,0.019835118010198015,0.014195108916168825,0.014246010436969794,0.02459807663818339,0.01884303578574338,0.007446616190369522,0.29364730837411374,-0.05744950907903629,0.023883102462088742,0.06429295389797753,0.05021815396511538,0.05725555393154645,530.0,33.0,,,,,,,,,,,,,,,,,,,414.0,44.0,,,,,,,,,,,,,,,,,,,433.0,59.0,-5.0,0.09993382249853774,-0.07629880981059937,-0.0006954881155666954,0.015023627762463878,0.04844609265689714,0.03415392916028756,0.004228556700286019,0.014431169985497809,0.013936630123093284,0.020219487709059975,-0.027335375857099456,0.4622900262736621,-0.04286623460326844,0.036853757023825276,0.20462215762337935,0.20035145848092628,0.2024868080521528,0.10615001080855477
cfb_20251129_gaso_mrsh,CFB,17,1113.0,195.0,-5.0,0.07091796938404465,0.004139005320795664,-0.011627379530169079,0.009100021503825512,0.054650549175712805,0.010184151465257418,-0.02701941546385861,0.010147081457285,0.018586168925286698,0.01632944698513791,0.005111114030640803,0.5394384246734584,-0.06881696513960053,0.08060271905964858,0.3085101516160601,0.29420913050489966,0.30135964106047985,58.0,18.0,,,,,,,,,,,,,,,,,,,368.0,32.0,,,,,,,,,,,,,,,,,,,745.0,163.0,-25.0,0.08251874800736068,0.00862351250143295,-0.012590713607580255,0.016786823548654444,0.06714883379711825,0.014571005835083228,-0.03203931735123551,0.015518240258561787,0.02331374717759208,0.023620090694568344,0.002535898043587027,0.4157477953350014,-0.08034040535225004,0.05716939728224067,0.22408814917448552,0.22360380656131779,0.22384597786790167,0.10615001080855477
cfb_20251129_bc_syr,CFB,17,762.0,84.0,0.0,0.05606146102461804,0.004995235487241162,-0.0015755968068892718,0.02364397198909159,-0.008131597457669757,-0.024500371756041694,-0.00803641853967223,0.0021147227889667464,-0.0025314395944378083,0.03160682530448825,-0.0021311843085940916,0.09878704086797628,-0.03878885652787571,0.004251865573184661,0.024574835085848477,0.007473445210930969,0.016024140148389723,55.0,12.0,,,,,,,,,,,,,,,,,,,337.0,19.0,,,,,,,,,,,,,,,,,,,425.0,65.0,0.0,0.10675188105555797,0.008571851763287475,-0.0034721326305227128,0.04071208999377466,-0.009320704339629858,0.00538551340383141,-0.01902528918097114,-0.01731529807146986,-0.002976503342566381,0.037009871063980196,-0.006321818333411391,0.0,-0.06169957777698281,-0.007513015726144526,0.014039142688265123,3.289219689463009e-05,0.007036017442579877,0.10615001080855477
cfb_20251129_mtu_nmsu,CFB,17,1207.0,188.0,-20.0,0.13835657368739399,0.018443220422677643,-0.11939644124985992,0.02009361173321867,0.04299449379374208,0.038237588552077574,-0.0024512441364601223,0.011192399302187087,0.014566620358074345,0.015611049292091832,-0.010618956661330661,0.3117439478253636,-0.09753947261989565,0.044180272977265074,0.1679285524693344,0.1194219949362212,0.1436752737027778,18.0,10.0,,,,,,,,,,,,,,,,,,,220.0,12.0,,,,,,,,,,,,,,,,,,,987.0,176.0,-20.0,0.13954001920289144,0.021295282225641813,-0.12254286709240562,0.022852060565069453,0.04760886996438437,0.04842103379331466,-0.003231420687450394,0.012727366298714115,0.0149105772948702,0.017932204558026892,-0.006986900836963448,0.2839662764150866,-0.12880481383369588,0.05108170490290535,0.15113068165028543,0.10063534060725328,0.12588301112876935,0.10615001080855477
cfb_20251130_rice_usf,CFB,17,77.0,9.0,,,,,,,,,,,,,,,,,,,4.0,15.0,,,,,,,,,,,,,,,,,,,77.0,4.0,,,,,,,,,,,,,,,,,,,0.0,5.0,,,,,,,,,,,,,,,,,,,0.10615001080855477
cfb_20251129_ball_oh,CFB,17,255.0,88.0,-5.0,0.11830660689009984,-0.000969169753407001,-0.015406124685126822,0.0027259320710695217,0.009017821134576528,-0.002184764934760653,0.0017136140257024287,-0.0032962831343131666,0.050654958227882206,-0.001461657873866784,0.019391382724816147,0.7123715355740688,-0.04516039110894198,0.11184907316322669,0.6364458010256583,0.5596668382344475,0.5980563196300529,98.0,23.0,,,,,,,,,,,,,,,,,,,218.0,52.0,-5.0,0.12067022722595268,0.011849901365903453,-0.019915739605329354,0.05055817580474371,0.003526246630153637,-0.02932655504499442,-0.019459747646396335,-0.052880107960436476,0.07484412384777815,-0.007917924788041902,0.023701046075487116,0.7405356589243735,-0.06073341725384523,0.17333889111065232,0.6894017321866818,0.5902205317239496,0.6398111319553157,37.0,36.0,,,,,,,,,,,,,,,,,,,0.10615001080855477
cfb_20251129_jmu_ccar,CFB,17,209.0,23.0,,,,,,,,,,,,,,,,,,,57.0,9.0,,,,,,,,,,,,,,,,,,,58.0,5.0,,,,,,,,,,,,,,,,,,,151.0,18.0,,,,,,,,,,,,,,,,,,,0.10615001080855477
cfb_20251130_char_tuln,CFB,17,6.0,6.0,,,,,,,,,,,,,,,,,,,6.0,1.0,,,,,,,,,,,,,,,,,,,6.0,4.0,,,,,,,,,,,,,,,,,,,0.0,2.0,,,,,,,,,,,,,,,,,,,0.10615001080855477
cfb_20251129_ecu_fau,CFB,17,176.0,16.0,,,,,,,,,,,,,,,,,,,57.0,6.0,,,,,,,,,,,,,,,,,,,176.0,13.0,,,,,,,,,,,,,,,,,,,0.0,3.0,,,,,,,,,,,,,,,,,,,0.10615001080855477
cfb_20251129_utep_del,CFB,17,619.0,52.0,-50.0,0.10259941209802637,-0.018994034778595053,0.01105983734502632,0.004577508460742564,0.004007839973527351,0.0012348114832141507,-0.0027035854301987465,0.016300067614084812,0.005336389946733857,0.011906161478155106,-0.005596872555791628,0.6162764553490537,-0.024593030523389264,0.039497460837416586,0.35409119636024233,0.35349662203580223,0.3537939091980223,52.0,7.0,,,,,,,,,,,,,,,,,,,203.0,11.0,,,,,,,,,,,,,,,,,,,416.0,41.0,,,,,,,,,,,,,,,,,,,0.10615001080855477
cfb_20251129_tol_cmu,CFB,17,865.0,87.0,-5.0,0.07485576477866858,-0.009197825247332593,-0.0027741307058443843,0.002391503418123708,-0.00374491650036967,0.006803675118801024,-0.05888958275439306,0.007949217719200286,0.004227537969872513,0.004171626873598387,0.013354515441452759,0.4971177347729747,-0.05456467092946915,0.05393919707795805,0.24443451212748213,0.2029884255577485,0.2237114688426153,73.0,8.0,,,,,,,,,,,,,,,,,,,287.0,39.0,,,,,,,,,,,,,,,,,,,578.0,48.0,,,,,,,,,,,,,,,,,,,0.10615001080855477
cfb_20251129_ttu_wvu,CFB,17,30.0,10.0,,,,,,,,,,,,,,,,,,,112.0,5.0,,,,,,,,,,,,,,,,,,,30.0,8.0,,,,,,,,,,,,,,,,,,,0.0,2.0,,,,,,,,,,,,,,,,,,,0.10615001080855477
cfb_20251129_army_utsa,CFB,17,1031.0,87.0,-40.0,0.08708607164201444,0.02209499154323978,0.0032188536456702983,-0.022709875253924264,-0.033161513249855765,-0.005311605744365133,0.005137509048260324,0.0011514754489780174,-0.0195635516144915,-0.006945025089999021,-0.0014053441186961885,0.337925697097244,-0.03854732866768335,0.019674729640091055,0.06753357356405623,0.06543779310153792,0.06648568333279709,42.0,4.0,,,,,,,,,,,,,,,,,,,233.0,12.0,,,,,,,,,,,,,,,,,,,798.0,75.0,-40.0,0.09521855307705847,0.026434512924851578,0.010746876182852548,-0.02520427463628736,-0.05377211541285932,-0.006164993705153678,0.008178904073059259,-0.0008242822082728676,-0.009287118827387449,-0.004637674287757467,0.002059571381766319,0.2702320174616163,-0.04457132807368578,0.016504697649793336,0.03933236642277267,0.03732009553146892,0.0383262309771208,0.10615001080855477
cfb_20251129_wis_minn,CFB,17,917.0,133.0,-10.0,0.13066423270606148,-0.0008897395536879924,0.0039041981728337046,0.015618547286855466,-0.004141026120998442,-0.02839320648036674,-0.002152617805518757,-0.001637820823454046,-0.009836401841714453,-0.009884014737761973,0.020241881697009134,0.0,-0.07062340815937207,-1.6319304798241406e-05,0.0007705809214472246,3.8038958376759925e-08,0.00038530948020280067,142.0,16.0,,,,,,,,,,,,,,,,,,,317.0,37.0,,,,,,,,,,,,,,,,,,,600.0,96.0,-10.0,0.1779417468741842,0.003703561065846359,0.013341878764529944,0.019376344533842165,-0.003051970913713256,-0.03374319843104847,-0.003797032793504633,0.004745309040355865,-0.023596175237392984,-0.019837071539500328,0.022248849770745722,0.0,-0.0971512509131627,-0.0021333885358656487,0.0009409366767109833,0.0003409660299252817,0.0006409513533181325,0.10615001080855477
cfb_20251130_unlv_nev,CFB,17,348.0,52.0,-25.0,0.06322462150149281,-0.0031665531434120348,-0.02418357610828863,0.015223145788331132,0.024242961497877455,-0.010356407354593353,-0.004071485887780743,0.0005577957087038087,-0.003828784680778489,0.005733543127640674,-0.0017738393473946223,0.36839731777610224,-0.04257665283748007,0.024833847522597586,0.16096774057841204,0.1407444718102649,0.15085610619433848,107.0,22.0,,,,,,,,,,,,,,,,,,,235.0,30.0,,,,,,,,,,,,,,,,,,,113.0,22.0,,,,,,,,,,,,,,,,,,,0.10615001080855477
cfb_20251129_orst_wsu,CFB,17,347.0,44.0,,,,,,,,,,,,,,,,,,,48.0,9.0,,,,,,,,,,,,,,,,,,,259.0,27.0,,,,,,,,,,,,,,,,,,,88.0,17.0,,,,,,,,,,,,,,,,,,,0.10615001080855477
cfb_20251130_md_msu,CFB,17,1252.0,168.0,-30.0,0.12118283496154915,0.003305738404829211,0.053834760264032715,-0.017062791557162813,0.030695652005600423,0.0018401425827066628,0.04945527874202557,0.009957786409641121,0.013162900661903322,-0.019750021559724374,-0.014980642050153944,0.13730003207589578,-0.11927431103831843,0.018982690785068156,0.020768584235935198,0.013221727567811373,0.016995155901873286,56.0,9.0,,,,,,,,,,,,,,,,,,,395.0,40.0,,,,,,,,,,,,,,,,,,,857.0,128.0,-30.0,0.14047766663810798,0.009055296158973849,0.050282557246813554,0.01816746380113241,0.03277367912170672,0.011527240086456858,0.05410563325340749,-0.018094610401237707,0.015331939712972602,-0.016246708302077396,-0.02050652526727084,0.12782644946664987,-0.12397808229286666,0.01817032637769184,0.017030281569007655,0.011378132392249152,0.014204206980628404,0.10615001080855477
cfb_20251129_gast_odu,CFB,17,699.0,82.0,-5.0,0.09312778576041326,-0.00010472725008550366,-0.0026273734490073935,-0.002284846481889621,0.013533427474906167,0.002589817479413442,0.0024076574915430646,0.001386017566591157,-0.032716348454908006,-0.0018766822375388486,0.028110538434464517,0.28146397049473393,-0.038942567113716686,0.015254530198898006,0.060446661121976046,0.04849453163563476,0.0544705963788054,20.0,5.0,,,,,,,,,,,,,,,,,,,278.0,30.0,,,,,,,,,,,,,,,,,,,421.0,52.0,-5.0,0.13604942362364525,-0.0007669130050460101,0.007361555894098405,-0.0026433471287357325,0.014599997492400688,0.002315833964871707,0.001034027547726466,0.004034388333198216,-0.008190111004653325,-0.0004890507980806829,0.024915935948465272,0.11101002113163148,-0.0331410752203934,0.00413839474908817,0.01791895318447974,0.006498203026460819,0.01220857810547028,0.10615001080855477
cfb_20251129_uab_tlsa,CFB,17,989.0,73.0,-35.0,0.050163593018972635,0.014853299755355126,0.03308220829292272,0.026419838289392303,-0.007585385918324507,0.1535598344450363,0.027254090843534175,-0.02032690074216813,0.004056838100721865,-0.0015801018987107787,0.002435254117378076,0.5711795654139319,-0.02182840609296534,0.02907496588378261,0.3897242275465534,0.36860337480166183,0.37916380117410764,9.0,11.0,,,,,,,,,,,,,,,,,,,319.0,14.0,,,,,,,,,,,,,,,,,,,670.0,59.0,-35.0,0.06500659655115446,0.015312950404235031,0.03771063004388458,0.029208154372861856,-0.009453111323993532,0.17216680395644515,0.034861508354401584,-0.022612918830267087,0.006039186833900233,-0.0017199794615268332,0.005375413631392513,0.5497233248901199,-0.02557622531249272,0.031224907693678222,0.3748174146207928,0.34869804229003626,0.36175772845541454,0.10615001080855477
cfb_20251129_osu_mich,CFB,17,1013.0,385.0,-15.0,0.08549974037064145,0.0009510584980809756,-0.011987159676907529,0.0004619992594667258,0.04922484640652755,-0.0015984970306327012,0.004922400968969698,-0.0034181231023632267,0.01593696765585423,-0.0015036348024856437,0.03783372634007308,0.204253632764346,-0.17577384965746348,0.04511795317675473,0.06732018068184419,0.0321060987214384,0.04971313970164129,606.0,70.0,55.0,0.04954897235285729,0.06237609711775558,-0.017741389954404226,-0.06127608979136002,0.007484384922495792,0.00344983581076305,-0.014093592765849337,-0.002605547330645762,0.04187442759205568,-0.006864917871858195,-0.011722148146885793,0.8172503216580604,-0.056673494006409704,0.25344193011143173,0.6792874960943807,0.656093961267918,0.6676907286811493,408.0,175.0,-15.0,0.09468136229432604,0.019911679472690933,-0.036344932692528926,0.010903076726687042,0.040118141267851036,0.03364687615739046,0.0001460965728428942,0.03718911155918681,0.017543394476171467,-0.029323553493935756,0.06845029621002717,0.20506526107747589,-0.18972676099674607,0.04894284508174387,0.08179453786270274,0.030435557601570677,0.056115047732136714,605.0,210.0,-15.0,0.07554754015321986,0.0009968534661652022,0.01362659883857188,0.0004917271142815966,0.05882517135985552,-0.002961682864348479,0.009917123323787802,-0.0056279324247401966,0.013809946395922009,-0.0014917073408774496,0.005966712390411857,0.19449478596374215,-0.16717588549890283,0.04036576983217963,0.047618366854944874,0.030959958425467258,0.039289162640206064,0.10615001080855477
cfb_20251130_ala_aub,CFB,17,1397.0,370.0,-15.0,0.16345319646278894,-0.01634241040905785,-0.02547533410089967,0.0052736308348265435,0.03421297349745343,-0.005790242702229774,-0.002821775438134906,-0.007480763967538534,-0.00852810787493562,-0.006532887190835609,0.026959982408749167,0.15048061124003648,-0.21479630978217346,0.03804819573960147,0.047150943472367444,0.017733330313058758,0.0324421368927131,539.0,39.0,,,,,,,,,,,,,,,,,,,404.0,85.0,55.0,0.08251577844600205,-0.022086013228509373,0.023487616361247157,0.007446930288111605,0.012585071319514725,-0.02225139399399581,0.021740914166127744,-0.03267940134802285,0.01701481764930249,-0.02679107098684408,-0.031203031710986224,0.15528162474215892,-0.11464511892023858,0.021074811269801867,0.04559272404657616,0.016904163296602034,0.031248443671589098,993.0,285.0,-10.0,0.18822020107050758,-0.01712176826912512,-0.0375617465587598,0.00541190844297909,0.037813881737078774,-0.004723193736553366,-0.009055867713108071,-0.005704325160320883,-0.015796787267745825,-0.005195786069771784,0.03890760868120864,0.16052176862406542,-0.26263763616016284,0.050220549250661266,0.051593719834876595,0.0212836818449154,0.036438700839896,0.10615001080855477
cfb_20251129_lt_mosu,CFB,17,886.0,119.0,-5.0,0.05788659501404458,-0.000900868528296185,-0.003849867670317446,-0.01571426239735798,-0.00812431601232262,0.0001889163704668111,0.12736891451017793,0.0058051581749093,0.006907275278270093,-0.013611283061459657,0.006537953921928434,0.3407230123651768,-0.04833624284053206,0.024980805603612554,0.11921555958760716,0.10064142059803069,0.10992849009281892,24.0,15.0,,,,,,,,,,,,,,,,,,,222.0,23.0,,,,,,,,,,,,,,,,,,,664.0,96.0,-45.0,0.09133378079183521,0.00011066291610901638,0.0006188497386831408,-0.018105844069224837,-0.00916511580953415,0.0019108139419452552,0.17894380394351458,0.0062235580208857,0.008229691146722782,-0.016534175586501224,0.00964801687469516,0.42482010195748904,-0.06378123925594711,0.04710796162365857,0.24504193842894129,0.18241955160050444,0.21373074501472286,0.10615001080855477
cfb_20251129_wake_duke,CFB,17,931.0,93.0,-10.0,0.08728741572081138,-0.001505154960928112,0.0005015010896516062,-5.004657622502601e-05,-0.005997643420068291,-0.03199756684942315,0.01197941429472252,-0.001745994160002173,0.014247630901617256,0.005091762605448452,0.008051155876626763,0.0701084867743864,-0.027551501817519263,0.002077225217474785,0.006689168736882226,0.0025349231287156554,0.004612045932798941,117.0,10.0,,,,,,,,,,,,,,,,,,,323.0,22.0,,,,,,,,,,,,,,,,,,,608.0,71.0,-10.0,0.06724882134092378,-0.002498968861138353,0.011074699969523885,-0.006023879617447821,-0.016787307644252077,-0.009736478083261443,0.008990731764004027,-0.003813339764978051,-0.004253817795386699,0.0003646624078998245,0.00022544578046911846,0.033753702202247285,-0.02356418342191799,0.0008231632366150961,0.0026784465496309156,0.0005462743253784279,0.0016123604375046718,0.10615001080855477
nfl_20251130_buf_pit,NFL,17,850.0,537.0,-5.0,0.15757455322104835,-0.0031790876154917944,0.020193182166380746,-0.014826716786282036,-0.0032315347705464473,0.0011360314596726992,0.019543625709056163,0.006818988290916012,0.029176277488533162,0.008402325816048738,0.006929950037417002,0.14220550188740147,-0.3022412391660355,0.05010566890000546,0.04309582416791014,0.015112815132022372,0.029104319649966258,558.0,72.0,-25.0,0.06514843350509127,-0.01109256029682019,-0.010014286861639089,0.020900845446910756,0.0002286160148476796,-0.00830430882622481,0.03895866352193352,-0.022947221215472605,-0.07967291339825575,-0.026843275343384466,0.0367350059281094,0.9280047768151946,-0.03481594697586789,0.44877095553985047,0.9192614509443128,0.8780305586147575,0.8986460047795352,395.0,274.0,-10.0,0.11888551389700774,-0.0662290623990187,0.06924411981958276,0.014734229338893574,-0.02320759183999116,0.008115891727977017,0.015737250227531595,-0.017894001139869328,0.01904020578748896,-0.03760834124272547,0.03332358136232812,0.18989839361792143,-0.3302170545104648,0.0774071890522869,0.06462890202865591,0.029521229681899443,0.04707506585527768,455.0,263.0,-5.0,0.21860888459463426,0.010925410327811655,0.01455501278938441,-0.024820754371356703,0.005255329027869761,0.0004243764382378602,0.028433900101118202,0.014759952192577024,0.0418083997623645,0.02154279545652639,0.004366487488773721,0.05042226022192511,-0.3060413828191179,0.016250695016070828,0.015070518615505266,0.0015574412641084661,0.008313979939806867,0.050299181643753896
nfl_20251130_la_car,NFL,17,940.0,525.0,-10.0,0.2686155333004916,0.02228849585668011,0.014406134065546227,0.007948157629004304,0.16501670640957655,0.00479781410795989,0.015495500339722738,-0.004460357202590428,0.00872697154883206,-0.0060968432096785135,0.014356880012747169,0.12130830926301703,-0.22765031107375366,0.03142840046250437,0.06455132345134988,0.010873629342014985,0.03771247639668243,477.0,81.0,35.0,0.06619472514984795,0.0687771247323714,0.025655054383617662,-0.06933169713165027,-0.0036288412363247287,-0.00043746607096870743,0.06840084690125757,0.05733910269546583,0.017321696082294544,0.015809398873775,0.016176892153638465,0.8818480733580208,-0.024599168509115622,0.18360030151438533,0.8407577650604059,0.7721883694126372,0.8064730672365216,413.0,195.0,-10.0,0.19257343245513786,0.08460460561584224,0.004115736349796812,0.017010668234214318,0.028484474590193685,0.0076023463518685615,0.12931934827978886,-0.02542001497018972,-0.0004887369781486477,0.01935563292498385,-0.05943655638766133,0.2938119028196194,-0.3289461011940779,0.1368591177093153,0.16391181853852674,0.07967272796050051,0.12179227324951362,527.0,330.0,-10.0,0.30512858417821215,0.01913689582078917,0.017995922029577543,0.008445272383535148,0.2068828656296495,0.005509099837595562,-0.01727460905010434,-0.002563205917408964,0.011753987154940965,-0.009565487931014426,0.036470957749954215,0.04449229845855635,-0.20350706752797762,0.009476111152504026,0.03559584864785468,0.0013618310749054386,0.018478839861380058,0.050299181643753896
nfl_20251201_den_was,NFL,17,1344.0,969.0,-10.0,0.40845038833299757,-0.010036914931920054,-0.1322725740746599,0.004417768560248294,-0.027091358346605542,-0.0016800981202808344,0.12284674196857555,-0.024163263955098893,0.011265086907910423,-0.024992605335553836,-0.06246032789261955,0.0,-0.4720574166693712,-0.010162584166140506,0.00701477372629453,0.0002695264428973769,0.0036421500845959533,531.0,127.0,-35.0,0.059731227686430216,-0.010908894984502962,-0.0157950376437234,0.0036995276918176854,-0.005600255830900386,0.00989129920611942,0.024629206650188702,-0.014144616943013381,0.07555439794387757,0.00797659421603434,-0.00770075770195246,0.6925437688987031,-0.08678280111519791,0.19547786670195802,0.5540255435476988,0.5483214294374278,0.5511734864925633,384.0,242.0,-10.0,0.2631719651487347,-0.019990808140943717,0.0017197078131849259,-0.09867962008527888,0.09642851650729155,0.04882344074800221,0.028593787266093514,-0.011512943140440777,-0.021298467197799896,-0.06030202467474528,0.0386060164254879,0.13228116102301773,-0.2657639843237256,0.040514930442092284,0.051183898460463756,0.011219633118418365,0.03120176578944106,960.0,727.0,-10.0,0.42507388907938337,-0.00977489647631699,-0.1445137057140838,0.00985677434591643,-0.03797606380502476,-0.004345893267556685,0.1316909710950587,-0.02541656454816589,0.013957093668144566,-0.023795205731531797,-0.0714100977878276,0.0,-0.5633189230256175,-0.023600611677315513,0.004164703746779307,0.0009986645585463,0.0025816841526628037,0.050299181643753896
nfl_20251130_hou_ind,NFL,17,1012.0,545.0,-5.0,0.24951974736614982,-0.0017163893289401876,0.013276307031046236,-0.00620000808287044,0.03162383061861006,0.00489553309623089,0.041906653871820375,-0.00251470289355476,0.0158040985487138,0.001107842233549247,0.011708452771378303,0.0,-0.24018805647050034,-0.028548925265414804,0.010129473374646526,0.0034751132533797973,0.006802293314013162,409.0,83.0,35.0,0.03280363442322434,-0.0190359654034278,-0.004380785913103203,0.03319663136328653,0.000410495966446577,0.026505506112495657,-0.0038757820989540424,-0.0016348716856338069,0.03987363212406572,-0.014893120906797069,-0.0011546360183199256,0.6785769958694946,-0.072433447156601,0.15291895832085914,0.5561464637665336,0.5236088509187041,0.5398776573426189,382.0,177.0,-10.0,0.2357411185404817,0.001417906799456586,0.007828380429893264,-0.0371435126340021,-0.0035118133159077287,0.026441019550450945,0.01983918789866837,0.013045074974565663,0.0033405012643407364,-0.009426573797497366,0.0707268605136577,0.09138746466128601,-0.2546755025413968,0.025615042257722084,0.04102677338133326,0.006451051266357229,0.023738912323845243,630.0,368.0,-5.0,0.3124569393752038,-0.002445701251631093,0.020541284996420005,-4.124712443835767e-05,0.06723679517583848,0.000704115129391703,0.068259366760612,-0.005842308286323451,0.029236186765302884,0.003381629507753604,-0.035086826413032776,0.0,-0.2450678194734982,-0.0508403261736512,0.031552653893687964,9.158075539996143e-05,0.01582211732454396,0.050299181643753896
nfl_20251130_sf_cle,NFL,17,854.0,303.0,-5.0,0.09248701665834498,-0.0028266862114086637,-0.0116403030295215,0.0049484632529873335,0.01373533934273168,-0.0018603917315508326,0.0277401513053578,-0.0006829119686248966,0.00029003698106813057,0.006816228937778414,-0.007653906815981856,0.14595329629455173,-0.13038428189630125,0.02228217221048659,0.0314826377649532,0.01455089522954055,0.023016766497246873,657.0,68.0,-50.0,0.07209528480817116,-0.03635970406700465,-0.013607153247991275,0.026494908910644818,0.01613240637987712,-0.015001604196868697,0.005742738819040491,0.03266782475361064,-0.007567475805265583,-0.0037628763682962785,0.07794929768234438,0.832263057980456,-0.04501564021310102,0.22335481933573223,0.7402399820086055,0.726735824556336,0.7334879032824708,408.0,139.0,-15.0,0.12961443222118335,-0.027725404351633395,0.013113160156144815,0.047887744929180014,-0.018646863443769156,0.00801245201502258,0.05233126672967643,-0.012013318828934085,-0.04846275900508506,-0.0006623731228733507,-0.03752299687199059,0.19620502812871887,-0.20094013273491895,0.049049155288516576,0.04150533473589555,0.026853589199655553,0.03417946196777555,446.0,164.0,-5.0,0.1377918531768632,-0.0003160694974684906,-0.03160240010421574,0.0016069368440789391,0.03862416047077174,-0.0032209940011608132,0.008387049639987395,0.0008473031026818704,0.037811602803592054,0.010481333769805127,0.013564614153665664,0.0,-0.11633135752959939,-0.003452394155392893,0.002524331763068109,0.00046768561169621844,0.0014960086873821638,0.050299181643753896
nfl_20251130_no_mia,NFL,17,1041.0,289.0,-5.0,0.278122187212625,0.001237469466899385,-0.010970355373890506,0.006653220498635953,0.0365305962240721,0.0020659573602503974,0.08378866716461286,0.012796105454918058,0.032424943615269174,0.004399903467125116,0.08101603039137416,0.0,-0.20970043058356297,-0.03535038386076394,0.025041101486405936,0.00041661023681679565,0.012728855861611366,427.0,29.0,,,,,,,,,,,,,,,,,,,371.0,56.0,-5.0,0.13829530201511947,0.05412934669603497,0.02025599984858251,-0.00810022383612752,-0.006039789371146663,-0.02182138498033017,0.0696725833820064,-0.006653019843316576,0.041709915435883,0.014365285970471126,-0.028612381907309567,0.10297040251086698,-0.08358084242213201,0.00959427984371334,0.055106752528971015,0.004187767945532471,0.029647260237251744,670.0,233.0,-5.0,0.3056943967716431,0.0007347733981173538,-0.013760382035440505,0.007606709939430634,0.0402218344217085,0.002598447334331442,0.08530634132028422,0.014516539734146105,0.03173059070850865,0.004751858674158208,0.09047961285465336,0.0,-0.2571624889269141,-0.05041104060185395,0.037645166709107634,0.006203313639890923,0.021924240174499277,0.050299181643753896
nfl_20251130_ari_tb,NFL,17,937.0,339.0,-15.0,0.11339907821518193,0.0006186963857116675,-0.03912613295219741,0.017642863916638923,0.03872110492549892,0.02847337126723949,0.04132949538406985,-0.030541026480516858,0.0370781589765763,0.04636521666522155,0.008523084128909975,0.17224031359890082,-0.1969408129262208,0.04097946292397465,0.08923596097083386,0.017122038827028493,0.05317899989893118,145.0,81.0,50.0,0.04578999561847705,-0.02604814500662559,-0.0018344706901939742,0.017247577124732804,0.009757770643320606,0.004379157999330806,-0.015949270362160508,0.005154737902276587,-0.006814867433505036,0.012506912982643607,0.0007548637713920369,0.627640454833982,-0.029399932139603444,0.04955583123822365,0.5125927310336025,0.4959004441188823,0.5042465875762424,391.0,116.0,-15.0,0.09504849785083143,0.008721230743496748,-0.12173928585472836,0.028544927232057135,0.005853246703781051,0.022724768435631683,0.05393854952974259,-0.03665517598199485,-0.008916639015885689,0.03768633376670799,-0.028575001728162127,0.2439516027659386,-0.19877776895120602,0.0641389565896688,0.11312951616696373,0.04304917819562579,0.07808934718129476,546.0,223.0,-5.0,0.12542753333281875,-0.0037971775580947892,0.017638708710562296,0.011878192905692387,0.061268716267887983,0.03139503685387038,0.0326946915635238,-0.027965243549957133,0.06801442384394418,0.05057655525117698,0.0334584456330646,0.14845225055543196,-0.2069204941040874,0.03607291905337054,0.0886102737314101,0.011569484970828211,0.05008987935111916,0.050299181643753896
nfl_20251130_atl_nyj,NFL,17,1102.0,507.0,-10.0,0.33734390584013907,0.0021255875772716658,-0.0635082118297842,0.01158890832358016,-0.02093356832517024,0.008737060798845793,0.08860186866633755,0.002279942122505081,0.0007201496686425549,-0.0027874282740203617,-0.018103139008662696,0.1172124018104106,-0.29550343362768156,0.03923556161159976,0.026589813812958014,0.010486249613648867,0.01853803171330344,452.0,64.0,-20.0,0.05722964415660046,-0.03621162584942482,0.02504583388353925,0.004737467047374159,0.00898563653593879,0.027363653007005023,0.11015435804862113,0.012168600997849752,-0.020778435228321134,-0.009765703934681774,0.010977551781642631,0.8195340327489561,-0.03483630927420169,0.15819903032388077,0.7076706059880394,0.6880071650433083,0.6978388855156739,318.0,133.0,-10.0,0.22767692730977948,-0.012105487966684168,-0.05647502741303239,0.024819065807725096,0.05469309344973902,0.05318090963709786,0.11354180284860411,-0.02834983327114456,-0.027829908114421306,-0.002253059431013355,-0.0269898303173219,0.3421489351303742,-0.1833599879315315,0.09536569592499633,0.16301660217540195,0.11842167144175597,0.14071913680857895,784.0,374.0,-10.0,0.3581305118949551,0.003993893966867103,-0.06503126226322825,0.01046036942771049,-0.0331828088452312,0.0038371505565543236,0.08453548313338122,0.006037098286919155,0.0057041370994662145,-0.002821972421087238,-0.017023357863681074,0.06990592991314015,-0.33071188971445376,0.024856326824728305,0.012768434513476985,0.003468090931191682,0.008118262722334334,0.050299181643753896
nfl_20251130_min_sea,NFL,17,541.0,275.0,-15.0,0.1428940116600044,-0.03692718702629621,0.03320445661562991,0.02953952341932246,-0.08045136645285277,-0.012547245474591668,0.028478151109067942,0.020613684933170354,0.06069906223194723,-0.005197756898576339,-0.003054007103203707,0.17441847635130456,-0.21148131606440174,0.044679111472482026,0.08682831895748525,0.021539716933504427,0.054184017945494836,379.0,48.0,,,,,,,,,,,,,,,,,,,333.0,168.0,-15.0,0.1807241391897208,-0.036957373957571704,0.04941926016642448,0.04126300199208797,-0.08860625418671172,-0.045677899492019156,0.014762147567503554,0.01614896020230556,0.05477564032348638,-0.00978802188786333,0.027886352055763067,0.10570028506703953,-0.28616951617884284,0.03382333565863651,0.061977355181668976,0.007438628726920356,0.034707991954294665,208.0,107.0,10.0,0.10677506162881478,-0.04760300457040373,-0.023718570694011468,0.02615154134487072,-0.046569083714250455,0.01375546185835405,0.09714437643253179,0.02976438862983542,0.09996382894591173,-0.002875798999695485,-0.12665315553373035,0.49484150874973915,-0.07869355570624777,0.07708637686794734,0.30000983459269787,0.23739468622325366,0.26870226040797573,0.050299181643753896
nfl_20251130_lv_lac,NFL,17,809.0,288.0,-5.0,0.10378895163051845,-0.00464380769059425,-0.0032333634799188277,-0.009376676180225314,0.06261705072140238,0.023708842002144456,0.0131018555080762,0.023026510978108063,0.024466196332213384,-0.02994873742091334,-0.006210803994388254,0.14051026263236652,-0.2154685822904968,0.03522502453535578,0.0509056249758579,0.014360540491558632,0.03263308273370827,100.0,82.0,-40.0,0.0750824060245254,0.002884529293404697,-0.03179931303969565,-0.0067292532627605955,-0.013639568481536293,0.0067252521131317185,0.16306849092015635,-0.03253733586691534,-0.04363825826956556,-0.00750438341695469,0.033841785338933825,0.3539823465568201,-0.08366781329956512,0.04584538630671169,0.27594567989868185,0.2227318110557782,0.24933874547723,391.0,143.0,-10.0,0.14669035085963458,0.013785223396542737,-0.02442015125735988,-0.033213162955121354,0.061991142068774006,0.02912148277673408,-0.0008962068545440041,0.06128206951087922,-0.05059323461802938,-0.018655200458475473,0.017725229744115476,0.28350444422326165,-0.21587596220538163,0.08541824745842412,0.1425565102780047,0.08230565055157865,0.11243108041479168,418.0,145.0,-15.0,0.13316858433910123,-0.013218164015493075,0.01932813091197711,0.0015257028784052963,0.061592478414183825,0.024793434106906587,0.02630456241326786,0.0037150379290836408,0.11770656061100754,-0.03947470548570288,-0.03581000357190082,0.0,-0.22431795584546962,-0.013571241258317513,0.005323310024380591,0.0017977249906625515,0.0035605175075215712,0.050299181643753896
nfl_20251130_jac_ten,NFL,17,436.0,172.0,30.0,0.11822096450178832,0.01739377682381177,0.0002699891184870677,-0.03628177647472674,-0.005026538108655248,-0.003340671837190343,0.009400587189634114,0.001680124149684501,-0.00040140815396960656,-0.002690370755645366,0.029665593006017094,0.1475969763939926,-0.08564198584748854,0.014829250733992036,0.04728329441853724,0.013453228903821326,0.030368261661179285,199.0,68.0,30.0,0.06217408803663778,-0.050930441919078126,0.009985350790938303,-0.014215972087537306,-0.02868962154244226,-0.0041708524638666864,0.010898794256176627,0.044723717111468685,-0.03202474115325103,0.0033098045435800954,-0.05419502027119162,0.6977073961600553,-0.04651978068415351,0.10737012629082632,0.6806211487117428,0.6022502998299988,0.6414357242708708,272.0,104.0,30.0,0.1501055962957089,0.02764751717134485,0.003621621057194028,-0.09419849641606708,-0.01215281434960732,0.004536232033151248,0.03333825423252812,0.007772493204510879,-0.014379726002729366,-0.005339889828982321,0.10458243852490964,0.14492485752301426,-0.1298354412406502,0.02200553131357734,0.06328244921013958,0.013423111445769893,0.038352780327954736,164.0,68.0,35.0,0.09517655568222318,0.01653711496943011,-0.0020881311221610283,-0.009103977225875401,-0.004255124465082843,-0.011847469004561845,-0.00022922660094815866,-0.0027558681220641312,0.009172402711860974,-0.0028005259276591976,0.0003232355505025859,0.45432640676365776,-0.05155389419572673,0.04292363749123856,0.19858259107205195,0.18778791000704145,0.19318525053954672,0.050299181643753896
nfl_20251202_nyg_ne,NFL,18,604.0,355.0,-20.0,0.10144516552857917,0.007295978237532065,0.03185470020046638,-0.00563163902000017,0.0012654630336081409,0.007815622991062025,0.01415867266273498,0.009588447637350849,0.009072943477946105,0.0016407562804740237,0.005675873842070568,0.17063562440810634,-0.1840315803468564,0.03786314501498268,0.05029067098026785,0.022259503581034536,0.036275087280651194,666.0,126.0,-30.0,0.051477365681094095,0.01840112173292612,-0.03982346578730408,0.011112169377126778,-0.018123029585479043,-0.0035282520270600785,0.02231120623459953,-0.029499264184366932,-0.0669653929627896,0.04937819852670053,0.013784335045631013,0.7555593865812698,-0.10115511721940758,0.3126677569939188,0.6237005694219366,0.5937769506380027,0.6087387600299696,387.0,175.0,-20.0,0.14078283552381324,0.03966193915936362,0.008806390250485725,-0.01078867247957386,0.018089455347431605,0.02608340752988281,0.06769147056055941,0.03456847993081459,-0.012853843833719817,0.013651390535823716,-0.01924593990849491,0.1049171467976399,-0.28734719593711233,0.0336814048332668,0.03476268528675975,0.0075136829795709155,0.021138184133165334,217.0,180.0,-5.0,0.08022278172346788,-0.0036447573313329053,0.06837611296194475,-0.006043149354980431,-0.006804812876639266,0.0035721866392544564,-0.002088668768265341,0.002929374291899821,0.027217013584279536,-0.0030146500761389504,0.02306085400234868,0.4523063673466743,-0.076257089344576,0.06297602347279455,0.23068365811600053,0.22846877052896483,0.22957621432248268,0.04914418671325485
nfl_20251205_dal_det,NFL,18,1074.0,865.0,-10.0,0.193257461495492,-0.00273610790306824,0.010734586987862005,0.016534623685029937,0.014209696397522115,-0.016514035189400218,0.04357540172554089,-0.027972013255599632,-0.020025714601101086,-0.01591327558084191,-0.020573066635414795,0.17691674339305472,-0.35982839710272074,0.07734292695757781,0.08445858885057829,0.02195863535211535,0.05320861210134682,497.0,219.0,-40.0,0.04844170581772089,-0.013549921205706339,-0.034213168129841216,0.01895137030890645,0.010216874220983729,-0.009261571331846175,0.02987942174821364,-0.04021120708929321,-0.022705455609001127,0.028879759359186467,0.013793106035859235,0.5468730603898909,-0.15006068921196924,0.18110631079268344,0.44737641981678833,0.40636399445889365,0.42687020713784096,362.0,318.0,-10.0,0.2922292338390983,-0.01467551867106627,-0.015283160509803212,-0.001923445337646896,0.025395775822739407,-0.04625744295796345,0.03382305529079993,0.004792410954377026,0.007716058962465276,-0.012397107506410413,-0.015522304614120498,0.18620882035622063,-0.4358324111688852,0.09972563132508977,0.06794380668825463,0.02119122235848105,0.04456751452336784,712.0,547.0,-5.0,0.18125655831012358,0.00026587432313819424,0.02240992710097653,0.022583205680647946,0.010233429918737453,-0.009818193939645135,0.04935200193971066,-0.03753026901708061,-0.031517921273406684,-0.012865238689820318,-0.021202900157140662,0.17345380350131007,-0.33133534943754306,0.06953195942081694,0.09896861692148005,0.022526634440380524,0.06074762568093029,0.04914418671325485
cfb_20251206_kenn_jvst,CFB,18,1291.0,234.0,-5.0,0.23903660456315665,-0.03579541912528403,-0.03172628580121211,0.021544800676079303,0.013661968936642229,0.019205500278117623,0.01179310843093449,0.030736627684546523,-0.025784677965637534,-0.013417588487491628,-0.00864373640873448,0.032023300359057164,-0.12797814155471118,0.004233864790258537,0.030369370556179366,0.0006105074284196838,0.015489938992299526,326.0,15.0,,,,,,,,,,,,,,,,,,,428.0,60.0,-15.0,0.12078451869155683,-0.16571319663590275,-0.004146333858069311,0.041700004335512235,0.15652991351293877,0.00310979274853558,-0.024379744244519892,-0.013182037351656154,-0.03333735746253074,0.0017072862219706289,0.030738040120565784,0.17074840955272072,-0.08727708492709349,0.01797093139569491,0.03447470948361868,0.01291727483446565,0.023695992159042164,863.0,174.0,-10.0,0.27575665442378666,0.0023799376235556155,-0.03584098239584606,0.015753453386669232,-0.006130447084714965,0.024009014686447908,0.016964510695396822,0.0436336124996979,-0.024977808849271557,-0.0177076035640496,-0.014222601858093346,0.01775898952391401,-0.13807141481083604,0.002496341308320195,0.024117094159915153,0.00020272342143610442,0.012159908790675628,0.10598084642605805
cfb_20251206_unlv_bsu,CFB,18,1080.0,201.0,-60.0,0.05853069558372129,-0.007985775316626732,-0.0659437650490775,0.00031426370836797865,0.027123499418022574,0.011632426589573799,0.047255821926688646,0.015334937944834608,0.019956139506029442,0.005156514010456698,0.012325587793012542,0.28078474477375664,-0.06726923535135779,0.026262200282883483,0.05493619969656974,0.03480156916518305,0.044868884430876395,335.0,21.0,,,,,,,,,,,,,,,,,,,345.0,34.0,,,,,,,,,,,,,,,,,,,735.0,167.0,-45.0,0.06401835218926255,-0.009053530394811117,-0.06913567237709375,0.0014382978619818922,0.0403164264962227,0.009302228096948953,0.06555620186129886,0.015277390994500649,0.030689184922217984,0.0020033332584762343,0.016701759989425236,0.1985803789445946,-0.07196522382896992,0.017831958493815598,0.03639409425683629,0.016057356058532975,0.026225725157684635,0.10598084642605805
cfb_20251206_troy_jmu,CFB,18,919.0,213.0,-50.0,0.07995703400424438,-0.006636489983678217,-0.005518112395286704,0.01177010325197295,0.03804735686127106,0.010999084432028171,0.02227320201470107,-0.008834828475746674,-0.014153752972268856,-0.000883093677381833,-0.002514858857005612,0.07032381090838635,-0.09564161221218699,0.007234650872100866,0.006424242233266503,0.0030005014215173428,0.004712371827391922,239.0,18.0,,,,,,,,,,,,,,,,,,,292.0,63.0,-10.0,0.08640712769193686,-0.056420532226221835,-0.01670518891452651,0.0272337689737445,0.04675729804875771,0.0429507462395811,0.056624433165514146,0.017987562016757535,-0.03147180514373189,-0.008237647999981355,0.01335666621822114,0.14879968948777617,-0.1298116314382805,0.022692579186553756,0.025091821553740092,0.008393500374928463,0.01674266096433428,627.0,150.0,-50.0,0.08721933468806907,0.008632909802905774,-0.002025370158209323,0.00696360596242232,0.03691725057800091,0.0010858504599103346,0.010559865230444087,-0.017334640489358167,-0.008934763429615876,0.0012845284093412543,-0.008815968430816525,0.05402213292020843,-0.09290169220771381,0.005305354109869554,0.003514897679330674,0.001999903051096068,0.002757400365213371,0.10598084642605805
cfb_20251206_unt_tuln,CFB,18,1253.0,399.0,-5.0,0.12467501333139322,0.012897565135725035,0.007500777507923774,0.008638546544254808,0.13166709984678987,-0.043913847946568836,-0.013596113415591995,0.011530716619974974,-0.01931758488465096,0.010994725456582491,0.06708395835631788,0.4097819505997561,-0.13980245092192903,0.09706331599928036,0.2530672493379426,0.12848555549589702,0.19077640241691982,601.0,112.0,15.0,0.07556518247121802,-0.005576276479795092,0.03130815342071592,0.017559277152777653,0.0031265552272955596,0.0006280394689482798,0.02197585722178392,-0.018778864649858642,0.02857362424798848,-0.03672838174556624,0.006638685419644507,0.875063351859396,-0.030037977803383284,0.21038769593150394,0.8484405820547014,0.8240639506942093,0.8362522663744554,446.0,126.0,-5.0,0.19320534519557306,-0.037609586749623856,0.026820987613212798,0.04099300812915462,0.25010697240929547,-0.09322895150020351,-0.0788425356964245,-0.03384420675700123,-0.04526616409092397,-0.08069635184708646,0.02945866181985039,0.4733180270051664,-0.16700672439810157,0.15008543550337242,0.37702149239913746,0.19957227955936155,0.2882968859792495,807.0,273.0,-15.0,0.07509765633621247,0.03290265194863454,-0.004999143556520013,-0.000758699249684631,0.0634351999187053,-0.03500972233567916,0.03201282823910946,0.02829241881038256,-0.0030609883032075205,0.03830441995139981,0.10382517027940402,0.33429468908287524,-0.12480644866383545,0.06267357683257058,0.13236591365979017,0.06675337124271444,0.0995596424512523,0.10598084642605805
cfb_20251207_ind_osu,CFB,18,1205.0,646.0,-5.0,0.401526765168993,0.003855446278455523,0.012856076264429412,0.015035896379503973,0.044698764086872435,0.023764968213821274,0.06838938784925055,-0.006599727302935186,0.01946588002063169,-0.012647102492347857,-0.0008517862690422604,0.0,-0.2813749254041364,-0.00664809569923711,0.058813607835320476,0.0003070780540042555,0.029560342944662366,627.0,102.0,35.0,0.044540750744312074,0.04123488038897906,0.006271430098798236,0.00736816957047909,-0.008989299180691603,-0.026704002393733713,0.007870902139793176,0.0006776516228221534,-0.011868916546322678,-0.01214852158405297,-0.01710125698366904,0.6974804886381697,-0.056204221622518265,0.12958287478494238,0.6197796661232582,0.569543672641749,0.5946616693825035,415.0,241.0,-10.0,0.27643784227415263,-0.03165598866283989,-0.02075247648729854,0.051025274754396326,0.090067147872296,0.1196165926989019,0.13665670747205133,-0.0481268986493744,0.019594425912500043,-0.0061301412219583835,0.026031527814105657,0.05213745343775281,-0.23510367110379438,0.012931945406721325,0.027750651246503166,0.0012971267898473826,0.014523889018175274,790.0,405.0,-5.0,0.4554828723768168,0.010228906447266338,0.017947663888876482,0.010180103928135564,0.032914327984695756,0.009520149201434406,0.05174140359969293,0.00025116054533049794,0.017330864672327643,-0.013975553552120469,-0.008809996713260911,0.0,-0.30436678081649293,-0.017736461298503464,0.05644119179239272,0.0020225432699286896,0.029231867531160707,0.10598084642605805
cfb_20251206_uga_ala,CFB,18,897.0,489.0,-5.0,0.24129001234873615,-0.020075353880077612,0.006204108732687289,0.016260916004470525,0.04991841714494011,-0.03403738577993141,-0.00043020151073312377,-0.008960671011585188,-0.002393471967284793,0.0034628099862761474,0.007508030196746481,0.18902463616163565,-0.21187095922950383,0.04938353588452021,0.040547131726293706,0.024268469772867764,0.03240780074958073,622.0,90.0,-20.0,0.04922388789039175,0.024915385097989292,0.030625212577267358,-0.002707320012853026,-0.0076342759820131525,-0.026215867495018953,-0.013743239041299265,-0.036195552944414525,0.008409274396214214,0.023604290857625575,0.023300815557225376,0.7294670083870083,-0.0800146523583582,0.2157520557288476,0.5832143156091458,0.5432063521752101,0.5632103338921779,375.0,205.0,-5.0,0.3083848389189841,-0.04791149546756527,0.005795431475609435,0.025100069161233887,0.061330660023281504,-0.07155385971608838,0.00038553645225193953,0.022915564099712106,-0.01071742292847511,0.00820359370105999,-0.0013546747301263354,0.26792600882737455,-0.2883724469161574,0.1055391663816277,0.07181550061520049,0.05753548365915134,0.06467549213717591,522.0,284.0,-5.0,0.12763865885832007,0.002620798452896674,0.006686125890287361,0.00829909024902174,0.030199699119653194,-0.0036012554722255853,-0.0022537669343234,-0.039239751805454734,0.012151102787039774,-0.0016039517479024057,0.02274531398521381,0.12124647555332013,-0.18464806883865925,0.025476913538993954,0.023906900229456594,0.008641006760414996,0.016273953494935794,0.10598084642605805
cfb_20251207_duke_uva,CFB,18,1548.0,728.0,-10.0,0.33308003875690034,0.015136324744473526,0.0055510843950959,0.04545697916858434,0.06705572870613787,-0.015347918000896908,0.09051091204042272,0.005158247886643179,-0.014609598211456423,-0.00691824982471354,-0.030804084377955922,0.16637016160144863,-0.3098236488282462,0.061832492251629755,0.06015923196643198,0.02179696546832597,0.04097809871737897,424.0,35.0,,,,,,,,,,,,,,,,,,,414.0,164.0,-5.0,0.14092371961533243,0.05826529467606273,0.051854067324549155,0.05509957276868854,0.21903672926347426,-0.017839595040671737,0.10683219969648008,-0.006455004059373018,-0.029736672724427628,-0.02543950811008568,0.01971428856998647,0.0,-0.21352012212855553,-0.014123730477923247,0.01725594712739325,0.001728870549426895,0.009492408838410071,1134.0,564.0,-10.0,0.3751366645580601,0.006507413586031361,-0.0032916567294451185,0.04369382129581868,0.040872095092175695,-0.014684625012725586,0.09198570913256184,0.007723142256874527,-0.012561992172394844,-0.003034458217832322,-0.04236903410759655,0.20249207233057928,-0.3429881582837318,0.08708676183155219,0.07708503482252267,0.03581004140421841,0.05644753811337054,0.10598084642605805
cfb_20251206_byu_ttu,CFB,18,909.0,387.0,-5.0,0.14997442972466335,0.0021458341793229954,0.011056572647657638,0.0054476001237222,0.10211276358487742,-0.019179473095876778,0.10033985579564955,0.004997039130122695,-0.014643213610048689,-0.03537924455885027,-0.018596864783489476,0.16490227368829577,-0.20402054619529514,0.040286844146159934,0.10249376556087161,0.023270938412476568,0.06288235198667409,563.0,66.0,-5.0,0.07263682984100109,-0.007534647616985706,-0.04141845396839705,0.040698783173245386,-0.003123395208669948,0.0003566263754119033,-0.06720422139934877,-0.003798168182689408,-0.011020087055965164,0.03850077564278641,-0.044393678146315355,0.7480146097981988,-0.019400792659108657,0.05759094342357307,0.6162895367338985,0.6152571336005008,0.6157733351671997,368.0,192.0,-5.0,0.15448528171413908,-0.03916271432626049,0.0020973949389057603,0.04781736698032987,0.09623137507930457,-0.09120224139608517,0.2534409033694418,0.05465084696475311,-0.02897649386740068,-0.08442678632793665,0.021607293424014063,0.2531697144149426,-0.26734246612375945,0.09062703683276131,0.1750069652025128,0.051761623123425096,0.11338429416296894,541.0,195.0,-5.0,0.14741418795966788,0.022197397440531785,0.016515464531116592,-0.014755587097644874,0.10583611104857019,0.01463047152997229,0.010051540295136222,-0.01875155789757698,-0.005073795974913674,-0.013574875936493069,-0.04210022118863446,0.07034693698314302,-0.1759208819454637,0.013311950111879616,0.052465229407744444,0.004159805131060821,0.028312517269402634,0.10598084642605805
cfb_20251206_oh_wmu,CFB,18,1009.0,208.0,-50.0,0.07263126596716411,-0.014476608987467388,0.058666637939989844,-0.011826387606599332,0.053459046262201826,0.03241560556710671,0.04871662260803085,-0.048200060002063214,0.008826986177246447,0.003142513846378976,-0.017563548626696006,0.3690111049338419,-0.07676336733403404,0.044892287677114034,0.17502471636703332,0.10639780676832634,0.14071126156767982,392.0,26.0,,,,,,,,,,,,,,,,,,,396.0,73.0,-50.0,0.12792969487188355,0.07211143123369691,-0.04084439029217301,-0.04919433093430918,-0.019419164252864638,0.0024271527734604902,0.147369191467336,-0.15414710280977736,-0.02179115006130872,0.029640790979188765,-0.02058509763333686,0.2947539130581053,-0.14392658329107486,0.0601533626398169,0.14773680953846852,0.04717573139990125,0.09745627046918488,613.0,135.0,-30.0,0.06901609778831719,-0.03614809852837768,0.11457179283854037,-0.009181815475139384,0.09537999692594819,0.05030076603939554,0.003757818474785651,-0.0463290950816886,0.024562394224961388,-0.0006689147293228396,-0.018827712056979445,0.45145793142479473,-0.05838355090632298,0.048050493538015895,0.2491450668894735,0.22633744641954945,0.23774125665451146,0.10598084642605805
nfl_20251207_la_ari,NFL,18,493.0,156.0,-20.0,0.07098778771553245,8.303363253771363e-05,-0.022337524621405595,0.0006601370202252983,-0.04911899250480786,0.0032170065479513914,-7.054976396263594e-05,-0.002959678762330491,0.021785803253256807,-0.0035286301754710136,0.015581100851373002,0.3129738208838904,-0.11445965137109008,0.0521419350755103,0.10213544435207998,0.048522757214681744,0.07532910078338087,353.0,45.0,,,,,,,,,,,,,,,,,,,371.0,99.0,-55.0,0.07952759902498602,-0.008770795846710115,-0.020481632867309675,0.0024920447655025365,-0.06273734511554188,0.021722922162760998,-0.0002432933653062069,-0.02378395502531795,0.034316420835073844,-0.030103618105198574,0.017480110610794564,0.32774398206715205,-0.14723034473720834,0.07177899219655974,0.1319154723830856,0.05699447351414886,0.09445497294861722,122.0,57.0,10.0,0.07965078704253399,0.0028659241058975977,-0.030259614439917495,-0.00016891994000383908,-0.007670912462116734,-0.001460327573267421,0.005790902971351053,0.0012133259450920583,-0.013011006549113613,0.002342337965490241,0.01790379497067621,0.6791134376976592,-0.08182807055354381,0.1731781533482381,0.4558292615956388,0.4472077174452921,0.45151848952046547,0.04914418671325485
nfl_20251207_sea_atl,NFL,18,727.0,359.0,-5.0,0.298082011079078,0.00581124722774334,-0.023074067763606935,0.006799218554157163,0.13110029707560938,0.014298394360243208,0.08525269876538386,0.000491397363590734,0.030926363858334974,0.00692464583480059,0.04828020806706118,0.26582359890344337,-0.18563717618092238,0.06721374071542163,0.14976419125701404,0.05023242511437216,0.09999830818569311,393.0,76.0,-35.0,0.07931181672286053,0.04117818196454664,0.0329916752593838,0.002759423920776748,0.015535870824438561,-0.0008250210063791418,-0.004041774062512821,-0.0019279153588805272,-0.061498579524157625,-0.0010754635247941543,-0.06185171724292752,0.6925673322023661,-0.05538862674979504,0.12477643881264004,0.5871530362759665,0.5100486704460765,0.5486008533610215,391.0,149.0,-5.0,0.3283398335702317,-0.015215004861931268,-0.09747377447214664,0.02552134977188849,0.14547530368593561,0.03907153238155877,0.08157179283335673,-0.010376501658080541,0.011110046279961535,0.05005288865508808,0.08042203747141156,0.21358990846268291,-0.26401011612521114,0.07170545894976005,0.12139322281984248,0.02938112347452214,0.07538717314718231,336.0,210.0,-5.0,0.2271724721982634,0.01244412774367126,0.02634421418444253,0.009442673279066588,0.16526760698874746,0.021229634636078763,0.11725578850921363,0.0025177699127916097,0.05661956172171868,0.006814567889547928,0.03992364135027736,0.30314556998982445,-0.1686615820342769,0.07337115073003096,0.1623940395936207,0.06370993347897322,0.11305198653629696,0.04914418671325485
nfl_20251207_ind_jac,NFL,18,679.0,313.0,-25.0,0.20877606300055743,0.002482890559626173,0.030631538091855877,-0.012227167670622605,0.10375921519203259,0.016767765298608586,0.12657656776347018,-0.0026636214953119023,0.009984938704721977,0.02253786441110207,0.05120502895691481,0.2562902181698714,-0.14544009939275268,0.050120188969802144,0.15383887180754044,0.04364502903671395,0.09874195042212719,535.0,114.0,-35.0,0.06878061486886501,0.006699360704732251,-0.002536668393521499,-0.028793376301453733,0.010235078964700103,0.021848248931856263,-0.0007773283872588198,-0.005879713878079423,-0.09482557672855504,0.03971814982869051,0.000875266304522752,0.8420696531686427,-0.04126742794518406,0.22003401774372225,0.8258755812658459,0.8032182339770696,0.8145469076214578,393.0,182.0,-25.0,0.2639956574293265,0.07774708612041568,0.02990853803633601,-0.03389432895020088,0.11755495405610018,0.01638495070549698,0.13917078758826307,-0.005745495939113298,0.005585362511033705,0.06704151666910883,0.05131192213628997,0.18540873955673676,-0.16458411457175906,0.037460914099675405,0.11652604809485806,0.01951643181260204,0.06802123995373005,286.0,131.0,-10.0,0.11636805973637086,-0.0521488649356135,0.02013554689081236,-0.0026786676132087117,-0.005199224770564971,0.026415892137663526,0.03184976901456169,0.0013516332169913252,0.0157346428050858,0.005482698798765927,0.02235406897241342,0.49402988804021075,-0.10469726223930376,0.10222654563894562,0.38280757591519027,0.2777912769446546,0.33029942642992244,0.04914418671325485
nfl_20251207_no_tb,NFL,18,1060.0,400.0,-5.0,0.18965826596562146,0.002462520557979228,-0.02567008442570591,-0.01209426793650466,0.019729790252145316,-0.008325483039989255,0.03825805682146837,-0.014496929168047018,0.014992315843441887,0.004462939409679266,0.05578317341939119,0.12097606827640996,-0.2032625526954182,0.027974101233742756,0.040732015711305886,0.00649316543917377,0.023612590575239827,297.0,48.0,,,,,,,,,,,,,,,,,,,374.0,110.0,-10.0,0.19549279380152076,-0.04992460046385277,0.11938704057950068,-0.05618786559053259,0.1973916560430672,-0.042574157860998045,0.11797425812661608,-0.03639302389218673,-0.023316422933639537,0.01062285600426061,0.007465398543886216,0.2361551579654075,-0.20714177340161496,0.06404127582847209,0.16814922683869965,0.0352305643718457,0.10168989560527267,686.0,290.0,-5.0,0.2114240791631455,0.008615193414931839,-0.043625370325404804,-0.007238835921437588,-0.0005292143164717566,-0.004532468652762328,0.030500767576408582,-0.012286769877499883,0.020647548054479343,0.0038334540070507,0.0641319668589128,0.048922341188758524,-0.2147962631400332,0.011048872796088493,0.014765278400468202,0.000875068913366728,0.007820173656917465,0.04914418671325485
nfl_20251207_mia_nyj,NFL,18,526.0,216.0,-35.0,0.07144921792384921,0.0006207425377756933,0.0060307289528555635,0.00010091202095270733,-0.04862718801304674,0.003817765842149823,0.012323763158142069,0.004490668571924697,0.0017357970924200528,0.00485402250341542,0.017527177701058744,0.5176991368983433,-0.08181284682171679,0.08781746711880115,0.35816888038472267,0.2995646115068215,0.3288667459457721,317.0,73.0,20.0,0.06587538344691916,-0.00048271945226353017,0.08778471226128835,0.03611850235887974,-0.05422235687292778,0.03406990871273886,-0.005890626351011242,-0.02556881094388343,0.05374908712993735,-0.028246092901508573,0.01095760119348277,0.7443042077119165,-0.058833654039943964,0.17125872844892448,0.7015878252129829,0.6813706191738886,0.6914792221934358,270.0,106.0,-10.0,0.045291694343597616,0.009599505020893559,0.011942914171279434,-0.008952584564089606,-0.09942797160181319,0.018772790209629808,-0.0010386864797063684,0.01396963026015836,-0.007131317658016818,0.0192128613127241,0.025305205058533634,0.4587416481134379,-0.11968011049561049,0.10143446460233325,0.33167722154444124,0.23953729981784525,0.2856072606811432,256.0,110.0,-35.0,0.12726286569559508,-0.002643062829781428,-0.00023639337124782642,0.002496516519495126,-0.0040356694068797005,-0.0005876688708331421,0.026187303356007843,0.0019624405472428146,0.009680359024061667,0.0009543224643107145,0.01117751471408932,0.5991059059638505,-0.056612860407390796,0.08460363853730529,0.40690898934986863,0.39354030715205696,0.4002246482509628,0.04914418671325485
nfl_20251207_pit_bal,NFL,18,1328.0,726.0,-5.0,0.3971473377652947,0.019462856594239342,0.02337071630802458,0.06150117316131058,0.006947880570119604,-0.03922900110239248,0.04742292895769331,0.002840916554605231,0.010331687868027217,-0.05580008041991065,-0.003793265049843332,0.15097383261633732,-0.3652402644815467,0.06494702362885602,0.03974628797820146,0.011723400676123647,0.025734844327162554,470.0,67.0,35.0,0.06887150808069246,-0.03768128580899885,0.008684399173370279,-0.0045725865134339,0.0712119491338015,0.0443324603241503,-0.02895758138073799,0.035451068104611634,-0.03016984658644119,0.005670411835780066,0.0012170708345843795,0.8032781382306056,-0.04165376055787615,0.17008559664028025,0.7116218912625893,0.6665798806451001,0.6891008859538448,419.0,209.0,-15.0,0.09891971972132785,0.003938368278439775,-0.00869855969253881,0.05026655333656524,0.02810956724266994,0.0010849352146785776,0.05735681881794563,-0.02300802711177122,0.08332849954615351,0.06274368915163475,-0.00428041512422532,0.3427558280410533,-0.24935857081295784,0.1300416299826355,0.22088465385297584,0.10806699300000693,0.1644758234264914,909.0,517.0,-5.0,0.4449367637032188,0.021933678122062414,0.02722073617400736,0.06355326443991713,0.0050536366342858645,-0.044627014288437204,0.04676273677136072,0.00650441203617986,0.002887723165631291,-0.07197161004415426,-0.003415274352051861,0.13939195454762407,-0.39162415585308225,0.0634310320718996,0.02521094169462181,0.009192279734053519,0.017201610714337665,0.04914418671325485
nfl_20251207_chi_gb,NFL,18,962.0,586.0,-10.0,0.2328555508083445,-0.0027049192318624577,-0.06931450531938736,-0.0008126358896659382,0.017039715554896202,-0.005632214679994316,0.06146362020814296,0.0009460546635551882,0.022233828626269613,0.0006773829339333946,0.06363646045776988,0.04694666075292052,-0.2536045953237795,0.012492363660834479,0.013796793537413615,0.0011766175312430802,0.007486705534328348,311.0,64.0,-35.0,0.043166871020700666,-0.0159639340100654,0.019043153042671904,0.05823173294238338,0.024430258833664877,-0.08961178833959431,0.010214537886498757,-0.014700766608783122,0.015703709816591898,0.001499299875887608,0.026655213838083367,0.6820657762964081,-0.05289002315969211,0.11346521391916088,0.521394189847936,0.5170676289427086,0.5192309093953222,335.0,217.0,-5.0,0.11854564926454715,0.026322488622859814,-0.017725540044567674,-0.026357882133018852,0.04003569079218455,-0.015095872275165335,-0.02155930577971305,-0.02197445712088676,0.0009946475752042794,-0.03397740405291894,0.05737678803198542,0.165670104489377,-0.24059876995174828,0.047774895245155706,0.03962492411966582,0.02331971169797571,0.03147231790882076,627.0,369.0,-10.0,0.28450543671641393,-0.005150863349522912,-0.0923657561288554,0.0006198949751955174,0.008088149788434192,-0.005900459447384943,0.10234054140403041,0.0024989250682939486,0.03380816575166842,0.0029039116955526536,0.067868350137363,0.0,-0.25070110357316516,-0.001584407683413326,0.0072090809706478,1.752440595839037e-05,0.003613302688303095,0.04914418671325485
nfl_20251207_den_lv,NFL,18,742.0,280.0,-10.0,0.1322178506131041,-0.008710815220909489,-0.015679598917004583,0.027281984445569868,0.06740937827029587,-0.006445268329135366,0.05213858573358572,0.021793686688282257,0.007475434020765434,0.03181070827964942,0.003003488118232986,0.36374726585720096,-0.13142777236219552,0.07513758336749504,0.18046538809959084,0.10571576193332348,0.14309057501645717,340.0,64.0,40.0,0.07457157493362566,0.0005210045862658526,-0.005909035106989292,-0.0019396533534234868,-0.03328847174739396,0.0010490909895353887,0.0008488602033486785,-0.007638582864508227,-0.004577683988668664,0.011814251618368708,-0.013013542639762302,0.7458703663565739,-0.07187132518965804,0.2109423087783585,0.6986701196067863,0.6324983295579134,0.6655842245823498,402.0,154.0,-10.0,0.13405817152920285,0.01044277286833553,-0.01802855997888524,0.035246091248904446,0.0647881160996086,-0.030368091371988613,0.079931476208965,0.049810436213667916,-0.01812600609493501,0.06297213643853668,0.0027902976920662135,0.3576805416080935,-0.19209705174894962,0.10697072401153965,0.1910094511144334,0.10027992588656152,0.14564468850049747,340.0,126.0,-10.0,0.12905074524688312,-0.034434119984300515,-0.010383804193619419,0.017849637754564926,0.07397860107210093,0.024294543678244233,-0.01990958782829611,-0.01397106648179254,0.07303194969170781,-0.007267672815839605,0.003498458096857212,0.3871353281044702,-0.09515692303071306,0.060108876083473296,0.16259217225776582,0.12087208676057036,0.14173212950916808,0.04914418671325485
nfl_20251207_ten_cle,NFL,18,1024.0,523.0,-5.0,0.33598021384885846,0.0010404315993651362,0.0009079945901347974,0.03180740680164235,0.013961598612007287,0.001063060936518415,0.06656479938906176,0.0077454900281186635,0.06122178000451102,0.0007728513587015555,0.01321271344873029,0.23168638844798808,-0.24115558549886082,0.0727209121616723,0.11815750705284506,0.03859277224610865,0.07837513964947686,254.0,72.0,-55.0,0.0664975723029892,-0.039513765239408714,0.021503316155134573,0.046530167604105346,-0.08720190805038694,-0.0004369424421763235,0.007865671525019446,-0.005426134362924897,-0.00889940402519363,-0.002680360744954446,-0.007065292191025383,0.6930012296140863,-0.06132290281919596,0.13842676634758866,0.6034169513561817,0.5730926106609825,0.5882547810085821,316.0,188.0,-5.0,0.2621725794532546,0.0019431781369424503,-0.007858193386196156,-0.0319489722348125,0.010517845597873832,0.05380461412339443,0.16422228224827987,-0.049732509740678214,0.0033965795090399233,0.028667351584129377,-0.02411873209922183,0.3009006533590062,-0.2847927183550385,0.12257816494416612,0.1836610162038125,0.08495880371173813,0.1343099099577753,708.0,335.0,-5.0,0.37469048350657186,0.0012096938354828686,0.0033132220955349105,0.051726139729970554,0.014940919332043159,-0.013846690010362485,0.03422204064297339,0.025126429387114575,0.08243905508364646,-0.006935618603197051,0.024975014672589127,0.18542377482724545,-0.2221912719273176,0.05057788712860192,0.0880482452216716,0.020602808291106695,0.054325526756389145,0.04914418671325485
nfl_20251207_cin_buf,NFL,18,1128.0,742.0,-10.0,0.30812081122254087,-0.013607830623460142,-0.03596147938401537,0.06617673907532728,0.007573489432705903,0.021071103776274903,0.11683945317601667,-0.0038516437249846874,0.022470850735646433,0.01089438693790201,0.0028344020322003992,0.19443459454617665,-0.37475980048823454,0.09045357380892739,0.12062464385972371,0.02134519114636089,0.0709849175030423,503.0,57.0,-5.0,0.03878967192210188,0.02465078385403658,-0.003997042908339623,0.0003696696133176945,-0.019291457854653145,0.0023629999608375213,-0.007854433988648357,-0.03365024812235806,-0.02885850614635823,0.02370891948879002,0.01792827208084717,0.8700889701971266,-0.05898839203979953,0.3950792273864214,0.7865721479493549,0.725971071860178,0.7562716099047664,435.0,264.0,-10.0,0.2702288429103323,-0.05672128083778096,-0.03110313500312441,0.018409443358456998,0.011542231161802812,-0.01307284636454565,0.02636840380798532,-0.0035093499051879577,0.012544983568541746,-0.001629479259656136,-0.0030677763661711944,0.08656783344050506,-0.3940686625872119,0.03734669261261494,0.07724043152275104,0.0038765776894132413,0.04055850460608214,693.0,478.0,-5.0,0.3239349334199136,-0.007715915527762527,-0.04045066529833074,0.07742271990556755,0.00413382231222151,0.027546644058018856,0.13848796212502823,-0.0042528128936984546,0.022605073267796767,0.01335784736757148,0.0013278904694765583,0.23884725470469878,-0.36179904305518873,0.11353136242712097,0.13748810519785618,0.03406077978038799,0.08577444248912208,0.04914418671325485
nfl_20251208_hou_kc,NFL,18,1046.0,856.0,-5.0,0.29434793612259724,-0.006053587023887201,-0.009093173964224724,0.0009774425385604228,0.015610055692377094,0.02002286238159687,0.06813313350906962,0.004287025074436157,-0.015628797108374663,0.002505729012784452,0.001917178083788212,0.09635657109956454,-0.37003289531141914,0.039457046713257296,0.04307614771374415,0.005694384578816442,0.024385266146280296,535.0,165.0,-60.0,0.06192089464479074,-0.009549356908297103,-0.05915037594620801,-0.014462352594131426,-0.03184274279182094,0.010650566265285178,-0.023790083211019764,0.020516543581400447,0.01749215210140406,0.013708333773628916,0.012917539731759643,0.5794189931304347,-0.11242978066075271,0.15489037603767022,0.4423514215760907,0.4378876381610677,0.44011952986857916,379.0,283.0,-10.0,0.26584125535476255,0.011101458813192739,-0.059056403972679736,-0.003919220716723327,0.00891445544210158,-0.006134040513636746,0.1439527501855068,0.04180017492187046,-0.033425670372529144,-0.0010429396929638336,0.012769383111619735,0.0018035711808854688,-0.410734940840104,0.0007421281832858067,0.01667051564357143,1.6265717615845162e-06,0.008336071107666506,667.0,573.0,-5.0,0.3409888583350209,-0.010212132916282311,0.01154287210399663,0.0021588320255143695,0.0196475522157376,0.027922702736657756,0.04050606806003629,-0.004656632088489494,-0.007798252507450959,0.0038359890315444044,-0.0008974004792258133,0.15870531029362456,-0.3487632887964756,0.06579214946285689,0.0675154295161511,0.017326520884771872,0.04242097520046148,0.04914418671325485
nfl_20251207_was_min,NFL,18,574.0,240.0,-5.0,0.20565661052583034,0.000436844699736151,-0.03605249106185359,-0.0030606319725215484,0.004171149440678473,0.004210058545098934,0.04462663720796269,0.0002490952251140228,0.062393008349524215,-0.00294236581323576,0.039235819328531735,0.32237087142120097,-0.1014974935806601,0.04828575702064183,0.1989616962833132,0.06529265595600511,0.13212717611965916,538.0,109.0,60.0,0.08558874921784565,-0.003390626415226997,-0.013462881573050131,0.007360761174346522,0.062270276015238116,-0.02231062310409902,-0.011605178164631826,-0.011367018739764506,0.029699336158220385,-0.02180764931779882,0.022930473565214757,0.7913082741769903,-0.07211157936833908,0.2734295727015638,0.7055436845791709,0.6936051640915641,0.6995744243353675,364.0,150.0,-5.0,0.24335675316064806,-0.019156676297417224,-0.06704976928039631,-0.02754302783419692,0.03465893708850475,0.03639224332525672,0.04934674932098002,-0.013503367225550763,0.08004250613442646,-0.01773020077611124,0.09871597892797598,0.391421249308162,-0.1654719422429881,0.10642703887470303,0.28272769061081193,0.10378382948400229,0.1932557600474071,210.0,90.0,-15.0,0.1943111772380024,0.0038040031265524406,0.005066643757704021,-0.0011130792597683124,-0.03622772344586666,0.001217608713671425,0.04279904998459435,0.00253034990767774,0.04400678055428166,-0.002616620410539855,-0.035747695799918495,0.3793819626044043,-0.09947971797440966,0.060811656075679524,0.24024515249502876,0.10192145905117192,0.17108330577310032,0.04914418671325485
nfl_20251212_atl_tb,NFL,19,1198.0,886.0,-5.0,0.45438776561943717,0.004236458566981688,-0.05300352010533373,-0.015051989066250812,0.002785589801065822,0.02165365743433135,0.023089499824192262,0.006249318763463372,-0.043505451336117176,-0.01895349930260892,0.00823478139314498,0.1440654573860843,-0.28280256298413525,0.04759952841936394,0.07694595436602793,0.009279093991287977,0.04311252417865795,682.0,153.0,35.0,0.037134554006859916,0.08067287143736089,-0.06211577511753581,0.00498999794151838,0.032802162630936126,-0.020050884636315047,-0.020826058874157647,0.0033055941795680902,0.04952295377445441,0.04094322736393117,0.05611614100526969,0.7303443408007577,-0.0621905532366514,0.16843895931031225,0.6835654809669539,0.635071801680329,0.6593186413236414,392.0,200.0,-10.0,0.22386878982008082,0.060390285079807135,-0.031422782452785306,-0.15015711224708816,0.07829312382928034,0.009238961938120072,0.08668807075417506,-0.013005774588193075,-0.055956394513056264,-0.10222413411396779,0.05955324237139984,0.4577167741071715,-0.26036101731619987,0.21975897328010718,0.32191263979193613,0.13155429343078362,0.22673346661135987,806.0,686.0,-5.0,0.49532297999386204,-0.005088480817297542,-0.05495552407338912,0.008442909433101324,-0.003965684484195029,0.024223673743740192,0.017464067381249726,0.010030351662522754,-0.04235826461023843,-0.004250119449037024,0.0036663355313729285,0.09334900719984937,-0.27897126470062295,0.028722949408196145,0.04758683985751822,0.0037579613392381417,0.025672400598378182,0.0516089133103807
cfb_20251214_bsu_wash,CFB,19,600.0,154.0,-10.0,0.14312875872835887,-0.004038331477340002,-0.016799029849491106,0.008582886067213445,0.05822264930458343,-0.011469532071527497,0.04097719371277004,-0.0016914425583669243,0.02356000518671254,-0.008909132130366088,-0.0037481858232180105,0.3633001512156317,-0.10534874822145099,0.060111866262108495,0.16431725220852772,0.1131956299986457,0.1387564411035867,373.0,37.0,,,,,,,,,,,,,,,,,,,334.0,109.0,-15.0,0.15396811675391556,-0.01299598971792262,-0.00448176765413388,0.04944100836426464,0.07747809130898953,-0.002472902744054711,0.04546899428952473,-0.03506935084556108,0.01533013318152948,-0.07407423299422262,-0.011067138024515545,0.3794744307557035,-0.11913795012473796,0.0728572810626399,0.19364667498923946,0.141282757650153,0.16746471631969623,266.0,45.0,,,,,,,,,,,,,,,,,,,0.10512242501333642
cfb_20251213_army_navy,CFB,19,1133.0,525.0,-10.0,0.29022678083782794,0.002274551216475658,-0.027166061850774432,0.013910283918172091,0.029801191675440656,-0.00633604944588791,0.21879152265754373,-0.010136631564969509,0.06956040403039955,-0.01647585678726677,-0.005782867312770584,0.09793924647205114,-0.22274811623101598,0.024184382893738924,0.011000335876062929,0.007015863480890865,0.009008099678476897,596.0,59.0,-10.0,0.030838927408800676,-0.012603475015901788,0.04291168911460193,-0.011166725536404765,0.01226667932447176,-0.0024219116844250046,0.021493450461840015,-0.03322168662003712,-0.03928713735463875,0.04049916349667056,0.012366691533306074,0.8715688514352814,-0.03182018244800345,0.21594044885997504,0.7990744848337017,0.7948034989856497,0.7969389919096757,410.0,182.0,-10.0,0.14921545890864502,0.012701330066001593,0.004845630166516822,0.03161041791540847,0.012462497719522635,0.0007132888240554144,0.02941676988300286,-0.03241140816021735,-0.010651661481831175,-0.08250642611435409,-0.05708460605110748,0.31667827686248057,-0.23190901377226053,0.10747579710047755,0.1558650011465362,0.07514238544861182,0.11550369329757401,723.0,343.0,-10.0,0.32962032311644696,3.526486760039646e-05,-0.03169433183326634,0.009742960688666182,0.03316976730345027,-0.007671361275939177,0.2495655160731577,-0.003317127056865063,0.08289160404504892,0.0023712351408726943,0.0027168638926221814,0.05910425678946397,-0.2166250097346268,0.013607735282856515,0.0026265015343894275,0.001108276531622622,0.0018673890330060247,0.10512242501333642
nfl_20251214_det_la,NFL,19,1093.0,634.0,-10.0,0.2269143368034006,-0.006596115397977209,-0.03725981552278223,-0.010384102223002482,0.007053952529234012,0.0052600373484197605,0.094793180663816,0.019215041488320952,-0.009689285616227962,0.01708980254147255,-0.01109098455280049,0.10761947302525493,-0.28549161427829495,0.0344297708802749,0.032837303881980716,0.008819844474571448,0.020828574178276084,352.0,38.0,,,,,,,,,,,,,,,,,,,356.0,239.0,-10.0,0.2994929943080657,-0.01872260356848632,-0.07169952467936362,0.004997963070639947,-0.017969858742788676,-0.004539060301957299,0.052935409954678624,0.05355101805010161,-0.0032740599892311095,-0.002048684640159794,0.010577074944727356,0.19475482804515235,-0.3304163890304427,0.0799137818767727,0.0514879903913103,0.030532770681164178,0.04101038053623724,737.0,395.0,-10.0,0.17833324365410136,-0.0022415260009891486,-0.02334446565376229,-0.017027087121827267,0.01728243030665381,0.009275876652865831,0.11460296138113316,0.006960620032725022,-0.014271394940243407,0.025354235381135116,-0.03782510442482073,0.06281277165587647,-0.25987746900197056,0.01741767666613363,0.024116560736097477,0.002992850996437654,0.013554705866267565,0.0516089133103807
nfl_20251215_min_dal,NFL,19,990.0,724.0,-5.0,0.2118666380013279,0.007851311861495566,0.0030797023684901526,0.014741054817573825,0.006076000982283258,0.012606198979904193,0.0878384991921524,0.006180421126391842,0.03597441269703748,-0.007560073805859853,-0.00820612785047018,0.11656029427550364,-0.3350226889500931,0.04420261276457881,0.05408639627370303,0.01160805345169451,0.03284722486269877,584.0,114.0,-40.0,0.050974586583167475,0.0052297230156766,-0.008567185387555689,-0.008387163694926071,-0.014410214987892482,0.007786794849656919,-0.023388740499537333,-0.003677213629940585,-0.015874217003973536,0.023977179002261265,0.05496613627987814,0.7217033580631536,-0.08099350786071928,0.21003949669525757,0.6465896521940503,0.5735111941776888,0.6100504231858696,346.0,246.0,-5.0,0.19307275458512113,-0.030469392750232038,0.03004491983173568,0.034094029196084764,0.03263192700274156,-0.005002911728314278,0.10527308593869178,-0.029622746682031093,0.029457899008288987,0.042999072541378705,-0.016784549989344026,0.21900487049644307,-0.3802601732883692,0.10663168931528531,0.1496805932955021,0.051104736411627036,0.10039266485356457,644.0,478.0,-10.0,0.2562271917970451,0.01869857179642668,-0.009550017168699763,0.010375444434667484,-0.006473045567034088,0.01812720917529011,0.08080534319227356,0.016214277344749065,0.03843349081565026,-0.021664133956611403,-0.005350921508754734,0.05709775638046523,-0.348874172117766,0.02112619056939531,0.02499707545170082,0.0023669883948430137,0.013682031923271916,0.0516089133103807
nfl_20251214_ten_sf,NFL,19,508.0,182.0,-45.0,0.05569508513216381,0.017977236393907896,-0.025635928179278844,-0.0007754323202619319,0.009141923538678319,0.0046476640739725504,0.011732651794598078,-0.0035868295020619087,-0.008136916705888713,-0.0074187173390251795,0.032865247555598213,0.48997575474087723,-0.0827746497462871,0.07952086956619703,0.30238276095551425,0.2665628079446401,0.2844727844500772,364.0,36.0,,,,,,,,,,,,,,,,,,,258.0,71.0,-45.0,0.09031820031260657,-0.0060219556959030225,0.00820938338114073,0.044155002957741954,-0.011361167981120227,-0.003014128208877319,0.011739817041900061,0.028718320871781357,-0.02321040272196388,-0.03675689510083786,0.08395697132263984,0.5052470184716434,-0.10472185729047034,0.106943076929776,0.33961573132557926,0.2755693711629605,0.3075925512442699,250.0,111.0,-50.0,0.08095752124800938,0.029243594090322126,-0.047177153376869584,-0.006559775852546386,0.021235044012746722,0.007824118133838792,0.013019179213150128,-0.00907766119337177,-0.001039599457689175,-0.007113369948332356,0.008939332224521656,0.4409908999732001,-0.07928525639881409,0.06254652486380403,0.21135980354313122,0.2081804288510188,0.20977011619707503,0.0516089133103807
nfl_20251214_ari_hou,NFL,19,537.0,157.0,35.0,0.06358080559848038,0.017994479551044884,-0.004490388640039405,0.002666414085393462,-0.005624145635912793,-0.014301223276810923,0.009230059836305213,0.006331391533558243,-0.006552905303020718,0.02038963894933374,0.008800369334163147,0.5414095769223088,-0.09957767017761678,0.1175609030820063,0.4079834814707226,0.3593643499994839,0.38367391573510323,426.0,61.0,-50.0,0.042559167497699855,-0.046763510323447104,-0.008136805164519952,0.0074634942429012115,-0.026024420274468583,-0.014803263256239017,0.005620204715012931,0.05940228950115564,-0.006559789623125087,-0.0093990317250453,0.0051413967293968705,0.8601934653611188,-0.045222074617156036,0.27823973447470224,0.7960432727874038,0.7753899015141876,0.7857165871507957,287.0,69.0,35.0,0.073848485487979,0.04582254518391687,-0.004984523802124767,0.01743656092186704,-0.006917951249743526,-0.04264073089166104,0.004759951596967547,0.013070536774330089,-0.008688382226193869,0.0522241961979236,0.0034242594343134878,0.4696056879265837,-0.17133672265922245,0.15169977822147762,0.3366130235745393,0.26372704185219936,0.30017003271336934,250.0,88.0,-15.0,0.07836374615927048,0.004644338239910664,-0.004038167747021552,-0.005575401811733869,-0.0012102316738601619,1.1841613049663518e-05,0.036155359280512896,0.003409067775854093,0.002123794876314716,0.005319994136977907,0.040495353928846234,0.6196985624454827,-0.06764807773384532,0.11023207483367628,0.4801654093236527,0.4648568222381955,0.4725111157809241,0.0516089133103807
nfl_20251214_ind_sea,NFL,19,1087.0,643.0,-5.0,0.36960062214407047,0.0505385660603676,-0.03236646916682525,0.01913341431229837,-0.015864158207990562,0.020657917537374226,0.016622245607684084,0.0034342315478693907,0.0066906001078323625,0.02338742178188533,0.02185496783276031,0.15346529340975032,-0.345223302072391,0.06258431571910293,0.013685942735220398,0.012421389515703412,0.013053666125461905,427.0,107.0,40.0,0.11436605908260263,-0.029952320938158493,0.053349526762870934,0.005905330117967243,-0.03271381040880883,0.013931679793436078,0.016293791571889,0.06583324660219841,0.002532617060104773,0.014205638985467686,0.02557357187165555,0.8387762882365107,-0.05983597547637878,0.3113003469782021,0.8123207499693402,0.7781072445222093,0.7952139972457748,373.0,228.0,-5.0,0.08682543345878323,-0.013064119957706387,-0.004259692129908746,0.03978409996041784,-0.09232020083112194,-0.02295379356999006,0.09226647102642595,0.005625268476263048,-0.04125460463948303,-0.04256905423288848,0.04806895327310706,0.2574469327508706,-0.26887336641956033,0.09321976641959374,0.1631280228568347,0.0663724598748243,0.11475024136582951,714.0,415.0,-5.0,0.4233051717790975,0.05706695608972054,-0.037912182555000146,0.018492873311155258,-0.0017246172654457844,0.024646733535215376,0.001979286028515816,0.0035362203086486904,0.015421473976775747,0.028433801752831268,0.016094168612246787,0.17434159646647557,-0.37070278646105836,0.07827561050623734,0.01689947642248994,0.006251037623845468,0.011575257023167704,0.0516089133103807
nfl_20251214_was_nyg,NFL,19,1038.0,523.0,-10.0,0.23649219492658433,-0.00728618755374451,-0.021127253563696644,0.0005975979858292242,0.07323045622826425,-0.004761055492395873,0.06415733746376805,0.005832651961874117,0.001964829366004685,0.008260143736646889,-0.02757991612014221,0.1556949512463458,-0.22485139397969164,0.04146395532635913,0.037352131526236294,0.02120600867668838,0.029279070101462336,206.0,37.0,,,,,,,,,,,,,,,,,,,374.0,191.0,-10.0,0.28153974102109985,-0.00790135576105533,-0.0023114961571165434,-0.002141554990493682,0.07066331919228772,0.06369294434058845,0.1298228847446036,-0.0006282036980012754,-0.007250270373447574,0.05568254440160611,-0.054388536065565186,0.16940667419154756,-0.22311880419730976,0.04550700492551044,0.06860433174742109,0.02022462678578691,0.044414479266603996,664.0,332.0,-10.0,0.22096860478837402,-0.007619583715219811,-0.02900702276999094,0.0011187506302740386,0.0751053695465485,-0.016540584411785082,0.038047118593136135,0.007334221167601964,0.005817972498233061,0.0007969960695436266,-0.017007486556937148,0.1519443404849313,-0.24217811531235509,0.04339054117280564,0.027945210772810463,0.02173718043652913,0.024841195604669797,0.0516089133103807
nfl_20251214_car_no,NFL,19,1109.0,557.0,-5.0,0.28376419310483864,-0.01135888347763961,0.025808943749267243,0.032821311344762516,0.05378479205044553,-0.031212837994340194,0.047380609444918925,-0.04119476798257523,0.006833079667588896,-0.020659217570796765,-0.0063695673467143886,0.018288702603779593,-0.2771660794026587,0.005163440628110573,0.024224546935050256,0.00024068462291389247,0.012232615778982074,137.0,55.0,-20.0,0.11648599461075203,0.013817039428487674,0.04404708302133403,-0.003298252474311004,-0.05424443295713145,-0.025461713103128312,-0.020641606834522562,-0.0044954213117214675,0.017224316184001803,-0.02963235428078115,0.006780070053948148,0.5378571029439014,-0.07218357743370542,0.08400962145244603,0.42300745564075126,0.38373803463103434,0.40337274513589283,417.0,163.0,-5.0,0.21441626143208012,-0.02033817868504322,-0.00616016249093397,0.03243765261022054,-0.01549880006678339,-0.04281440909339058,0.03066350761769626,-0.0909265176975408,0.002774473405614555,-0.05941089628004481,-0.1174333647888643,0.21912258402448,-0.21125316342898484,0.05927990502334634,0.12202142958352614,0.02761242567845251,0.07481692763098932,692.0,394.0,-5.0,0.3098336055202371,-0.0051329816622670095,0.033012456149542575,0.03584004403409567,0.06981731658061129,-0.024568174704737773,0.0513760757201679,-0.0044390739385927825,0.007466798054528811,0.008898333476799572,0.018303272959510532,0.0,-0.2929911113963157,-0.008629901805906016,0.00762982545389059,0.0007222487574629503,0.00417603710567677,0.0516089133103807
nfl_20251214_bal_cin,NFL,19,828.0,332.0,-5.0,0.2215110972194415,0.005064456074190991,0.002160491874882798,0.0036603207253906385,0.032913655897918344,0.0010745639480384298,0.016347465036461235,0.016672350296328454,0.042115497240016224,0.00902464477262195,0.012045531728085103,0.020729673790410554,-0.15654497326864986,0.0033138206504718594,0.034102438144910485,0.00023534680085745605,0.01716889247288397,320.0,84.0,-55.0,0.0380161752361738,0.017586706787708677,0.02118305472801771,-0.01582389544516294,0.03160178255620487,-0.023974664299946758,0.0012997876611163556,0.0032972247869133713,0.010849354048651965,-0.035066357259006246,-0.017528381193377452,0.5102299074262232,-0.05185483665955922,0.054021037440997524,0.36019269825978595,0.35187707815596797,0.356034888207877,361.0,203.0,-5.0,0.31928176290522137,-0.005157725775622423,0.0070022377944742005,0.0443785726295147,0.06417021808031378,-0.02159097692240471,0.022734112761033376,0.016307690797753398,0.06342789903839874,0.0347362557112523,0.02731932554214752,0.0,-0.2655134301808867,-0.04122126128489921,0.014117970112633703,0.002548314833180368,0.008333142472907035,467.0,129.0,-15.0,0.1008107851954165,0.010306375370329692,-0.006176925377180768,-0.01623060550969285,-0.018183850530433688,0.011313568388249394,0.0073489915081630585,0.01943887765092942,0.010278652748284493,-0.0027828335568741602,-0.014216443562204327,0.32243989039538234,-0.08441393139439628,0.040171223779002355,0.11635655877146503,0.08078096184310064,0.09856876030728284,0.0516089133103807
nfl_20251214_nyj_jac,NFL,19,515.0,104.0,-60.0,0.04406176698586749,-0.01567075086909055,0.03251165326240892,-0.0003555435959128464,0.01925669855761942,0.00834730469049651,0.009467743141732316,0.00540368453905087,-0.05899119581050936,0.016807514238219235,0.007492557773223706,0.5609086468786161,-0.0542619653336207,0.06931588457821836,0.35013352595870784,0.3183259622646604,0.33422974411168416,374.0,71.0,10.0,0.055980939436360795,-0.029649139769460292,0.01024913425893586,-0.005501138668575522,-0.006363586263658005,0.05608842246950882,-0.004376927474967439,0.015551410063342859,-0.020397620351797062,0.04044289238557961,0.03415599854067277,0.8174686827693665,-0.04399669003212416,0.1970397014191746,0.7419209730899566,0.7223190742897406,0.7321200236898486,312.0,70.0,-60.0,0.05427128481472125,-0.029520904947361776,0.017345191481902795,-0.003351860290824108,0.03752706677947288,0.016987904365386216,0.0010827424575820881,0.009816119296969147,-0.10453399095662383,0.02681630972937605,0.0040375315157864106,0.6772683274123104,-0.0734188608520248,0.154073099460845,0.522216054684233,0.4852709082740388,0.503743481479136,203.0,34.0,,,,,,,,,,,,,,,,,,,0.0516089133103807
nfl_20251214_buf_ne,NFL,19,1085.0,721.0,-10.0,0.2591543970873852,0.0013530243879425594,-0.0682069165808993,-0.003414146386967815,0.05758502909421308,0.005003206013698891,-0.00979641240816408,-0.0004031707013107897,0.00039240146966410775,0.00020968548059181345,0.06543718911148838,0.0,-0.2838595277785102,-0.005457933274567181,0.005978537315706928,0.00020035998111391813,0.0030894486484104233,492.0,133.0,25.0,0.05168917285557558,0.0034001791972593457,0.01748814261706166,-0.02092698182189507,-0.005744677209036828,0.052638319880549775,-0.018873207145977223,-0.00923932411276048,0.0017606707208217079,0.0032085404221344972,-0.021069226693537727,0.6290909134355404,-0.0971047494631123,0.16469727421482921,0.51308508750189,0.4529292029109353,0.48300714520641264,415.0,253.0,-5.0,0.11385252543880232,0.04774661839293568,0.004460463292867365,-0.03834072453314625,-0.015620388424556186,0.0014573680673146269,-0.0335154126930827,0.01447199019929461,-0.06415815408310006,0.05421760615565372,0.04947272275912451,0.16356434115274762,-0.4064791305216717,0.07948667715547543,0.09173270146780746,0.019500051349740966,0.05561637640877421,670.0,468.0,-10.0,0.30889815704495016,0.0004773193763785398,-0.0900933024726472,-0.0022264308441429658,0.08084319488348259,0.006350935465833749,-0.0019080096921284004,-0.00046268205900019873,0.02086865366849361,-0.001066425864795142,0.07104944360680054,0.0,-0.2573750743484588,-0.011804222183065366,0.0011634618859264027,0.0005771821408799808,0.0008703220134031917,0.0516089133103807
nfl_20251214_gb_den,NFL,19,1150.0,743.0,-5.0,0.2327572225743114,0.009282115796502817,-0.02326522606314792,-0.024977602372802638,0.004912846004820774,-0.010129717576748427,0.06212994875270013,-0.010781659161465446,0.025969793644746202,0.016523712672070815,-0.0376371531084966,0.13591559100547487,-0.2726872546288328,0.042892163065024184,0.04980555662850143,0.01774070110434767,0.03377312886642455,612.0,113.0,0.0,0.0448513432904429,0.04200853964842364,-0.05750551004290383,0.02087197401729539,0.01872549443406164,-0.007071805198801109,-0.02372427054348779,0.020274404094989228,0.010222206912936212,0.006169444030309736,-0.0004972150541667349,0.858687935928313,-0.04980236362118652,0.3026258876279212,0.820794288184853,0.743404698273604,0.7820994932292284,350.0,235.0,-10.0,0.24155529808094292,-0.023767669519629223,0.006138676100278231,-0.04141340143152335,-0.05306723148782599,-0.0463230392783599,0.07710400410188264,-0.060803745989293334,0.010538338414078632,-0.007650150234169584,-0.007336878211901125,0.24986935836306368,-0.3019864022296099,0.1005920094062815,0.08704018354289059,0.06395204435025263,0.0754961139465716,800.0,508.0,-5.0,0.26633128555662455,0.01879182641356945,-0.02925128646275365,-0.02052011811764623,0.018403716495921544,-3.3690579102640994e-05,0.06011733685914512,0.003013150524788118,0.030333611235202458,0.023620583378221715,-0.04400672824223889,0.08571486495545219,-0.29200595224762727,0.027375760365910426,0.03408002800153012,0.006706474413979891,0.020393251207755005,0.0516089133103807
nfl_20251214_cle_chi,NFL,19,465.0,154.0,45.0,0.08839072203186003,-0.0030306969168447675,0.0055202068759007015,0.0018259016761332622,0.07570830225208973,0.0035954768255543673,0.03084881921904876,-0.002038353111768662,0.005962531525069926,0.002004559575430974,0.004685748300777828,0.3948586135489941,-0.07301292149549664,0.04764139686751949,0.17435035816476613,0.14782515141237682,0.16108775478857146,338.0,68.0,30.0,0.06317651728097831,0.017851872565847523,-0.06188310976924493,-0.0004686637179594895,0.050934486516260695,-0.0009873676561295652,-0.06264602712916659,0.000964762887090103,0.0015029081892042545,-0.04218822248871797,-0.0054539092452595755,0.8287634834043768,-0.03334629816821771,0.1613919435992514,0.8137376160056933,0.785143561710666,0.7994405888581797,266.0,84.0,45.0,0.11291517583182184,-0.012308412473875218,0.006390280027279767,-0.01012943300262522,0.06255229074397138,0.02709146034899724,0.03603377854317935,-0.051031421981270066,0.007686942207519809,-0.005572721219318445,0.005914911252408445,0.33900641748488414,-0.1417468525437359,0.07269827414627153,0.14968735038640613,0.11120817792895285,0.1304477641576795,199.0,70.0,15.0,0.0803544381604607,-0.0029938858837456257,0.005444527767078387,0.004582517149495748,0.10859174243349577,0.00039054200895638334,0.02797064696518287,0.005878293202305268,0.004649070761812439,0.00393992447548616,0.003952612319362087,0.6292566864774333,-0.03216158563624852,0.054587344049548445,0.44598371576611595,0.43994421179501814,0.442963963780567,0.0516089133103807
nfl_20251214_lv_phi,NFL,19,353.0,125.0,-45.0,0.09233549233560297,-0.004843343484343,0.008542322583750692,0.011262480294381537,0.11965929560506247,-0.004773222039555752,0.015186222270770284,-0.018142260315085826,0.03608750920806273,-0.011116310734649434,-0.03991011360660162,0.5566636401385081,-0.053371107994809625,0.06701402804836072,0.3996478060623429,0.39898310041424584,0.39931545323829437,561.0,42.0,,,,,,,,,,,,,,,,,,,294.0,90.0,-45.0,0.09340745730524325,-0.007265770835285749,0.01591463712432771,0.022544272716477614,0.17171057876255455,-0.007398983349419972,0.020528768080576264,-0.03795839949211475,0.026483458081830558,-0.021090299397878275,-0.030383092913965983,0.6056249347186821,-0.11750631232725663,0.18044942238288877,0.5023407971672892,0.4774459677234819,0.48989338244538555,59.0,35.0,,,,,,,,,,,,,,,,,,,0.0516089133103807
nfl_20251214_lac_kc,NFL,19,1034.0,608.0,-5.0,0.3783344775682532,-0.000799363696362398,-0.012418061569701344,-0.003950691699930343,0.09762535225061456,0.03101473322690942,0.05546235126383252,-0.002015358282767674,0.04451902663697057,0.01424828150597595,-0.00312425668802308,0.06888671494920502,-0.23763074835567244,0.017580676688820383,0.02893288114089504,0.0026448257324060897,0.015788853436650565,209.0,87.0,45.0,0.07211921466675172,-0.005845909902885376,-0.0022186718268315136,0.0036439698167790094,0.002840375325875264,0.0029599147911455047,-0.09682953578742846,-0.02140203437053135,0.0007224982949573251,0.010750580307122604,0.0015555848958606752,0.47323202378893164,-0.04810966444885603,0.043220231485400946,0.3508844437660206,0.3305003684441032,0.3406924061050619,323.0,158.0,-5.0,0.13685941472505495,-0.00014376340012928456,-0.032964364981729444,0.04439301002303654,0.008522996674401007,-0.05743661160685407,-0.10883804093564944,-0.05515481419330746,-0.010463817340361349,-0.03617118757479702,-0.006910650502557041,0.3391585646729524,-0.22239162128254955,0.1141363404855997,0.16999720755382583,0.11586225456462595,0.1429297310592259,711.0,450.0,-5.0,0.4288874317685988,-0.00038409924064805936,-0.009029841274972724,-0.006899193421260632,0.11086658820352249,0.03937909397923897,0.07895523806260789,0.001998050452067009,0.052840985461538925,0.019021761477462523,-0.002002214010039611,0.0,-0.2622122403977902,-0.009846832335721787,0.006970450048289978,0.0006754918909306791,0.003822970969610329,0.0516089133103807
nfl_20251216_mia_pit,NFL,20,640.0,483.0,-5.0,0.1493100324472537,-0.0393163531356672,0.007138472721623295,0.0018003471096411055,-0.0001357033507840425,0.032168002384661776,0.029319273974879937,-0.01676523937472482,-0.012907337820098562,-0.03248220393382699,0.07134564312668373,0.05057744390544721,-0.14936184424322047,0.007956773567609755,0.026669820569298053,0.001458893836156139,0.014064357202727097,688.0,154.0,40.0,0.06512367388608349,-0.03224358956462514,0.028644457508967373,-0.019170494223325736,-0.008706318345262766,0.048120440629318605,-0.00835312566741383,0.014239780839224387,0.01623354337467847,-0.026239122859970616,-0.004085863600530587,0.8415004651981042,-0.07481001209970893,0.39717883123167314,0.76494197044348,0.741459555427649,0.7532007629355645,365.0,240.0,-5.0,0.19563488909980906,-0.04780256596238515,-0.017242854331614467,0.0035050380423475524,0.00899058205176977,0.056686748315613746,0.038295677607421405,0.0006219709554592317,-0.012233125141112616,-0.06553939752815997,0.08897884475738492,0.0,-0.25039411736370165,-0.00024220980692211833,0.01067504145526029,3.552347153011493e-07,0.005337698344987795,275.0,243.0,-35.0,0.1165369637345128,-0.03511659334040642,0.02831738020500831,0.00018921421921025796,-0.008054706687148784,0.010039266676433265,0.019048182395037958,-0.037368967944146646,-0.02236145514898017,-0.002888038369798254,0.06180984816562974,0.11935784711786747,-0.19008572800383702,0.025763271935277405,0.07722840157963394,0.01287632269107988,0.04505236213535691,0.05615765182983081
cfb_20251217_troy_jvst,CFB,20,1206.0,642.0,-5.0,0.33592389191239863,0.03796985327694984,-0.0454390253539644,-0.002836744657917964,0.048294564337860266,-0.04209603501260866,0.1310268850226561,-0.016046330750676754,-0.01337449341177827,-0.008367619205711736,0.008970407780370197,0.12205923817563898,-0.17888419535873615,0.024870093241573018,0.07326865798024305,0.008867314692421696,0.04106798633633237,467.0,30.0,,,,,,,,,,,,,,,,,,,442.0,189.0,-5.0,0.18535937909928493,0.06486427261048283,-0.025060432174543217,0.023543650108249464,0.018571006466698212,-0.10101143864585246,0.015676862727098038,-0.11798380511198384,-0.04363131087244514,-0.0013325431560253975,-0.011970664598063526,0.2765222025601871,-0.2556924821517696,0.09772884336311742,0.2107585793952245,0.05030678685621333,0.13053268312571892,764.0,453.0,-5.0,0.4004387053097773,0.03484648226234725,-0.05226847270301993,-0.009611724614513116,0.05378339528480992,-0.035251481800844114,0.1558279802259142,0.0013258914144177634,-0.00922262683147203,-0.011627797927182118,0.011868413610487084,0.1061609264852304,-0.16674857275352134,0.019804664506324208,0.04818084151092283,0.0066532602968365434,0.027417050903879685,0.10498600512415605
cfb_20251218_ull_del,CFB,20,1112.0,392.0,-10.0,0.22702069887284634,0.01067977621137961,-0.018955331171973806,-0.006126638150321969,0.06795201952357664,0.0027232271808810687,0.09067549064460949,0.016263694506223163,-0.0012500750112200154,0.0032919926544404225,0.016872111253211957,0.1810921893367727,-0.16060896148717188,0.03551685315989552,0.07089268507530667,0.024148237390357007,0.04752046123283184,315.0,63.0,30.0,0.047223865366710055,0.004732107210523104,0.09323905959913359,-0.0003964427723346087,0.010547121761763664,-0.01654666911787949,-0.01606271892139145,0.04756890663201136,-0.0375043748461642,0.044900590614394664,0.00960291338497764,0.8619207838997338,-0.020638731085981216,0.12883149092769536,0.8491643850289663,0.8392317574618218,0.844198071245394,429.0,139.0,-5.0,0.13250340386999268,0.03002071745316277,-0.0765740357308015,-0.04804673716365069,0.13138329401518076,0.0327049500170522,0.014860044400937385,0.030084566540136182,-0.03448159365147103,0.021209576572015377,0.015494046000846216,0.1705701433677413,-0.1206788341258486,0.024817295728750466,0.10057568158605082,0.017520540458052566,0.059048111022051694,683.0,253.0,-10.0,0.2935342986026934,0.005893885919176004,-0.005439558963086355,0.005883903191240959,0.05447459091614458,-0.005582414010616914,0.1119547907018862,0.01345456007675697,0.0068192056624922556,-0.001486292746136055,0.01772453077264501,0.17668874164637074,-0.2049747467553873,0.04398911068690507,0.05455697135005541,0.024205515745555246,0.039381243547805325,0.10498600512415605
cfb_20251217_odu_usf,CFB,20,1470.0,703.0,-5.0,0.22530869211661742,0.017239983910753116,-0.03170636532379029,0.0004324198517830739,0.13725797877377888,-0.010601164781589728,0.051677986798063194,-0.044496010914071155,0.0014593986995279898,-0.00018806433356535217,0.005464563315014459,0.16751488812875698,-0.2862683106961228,0.057603677660107065,0.06454391136511806,0.017131289140603218,0.04083760025286064,473.0,25.0,,,,,,,,,,,,,,,,,,,434.0,186.0,-10.0,0.24802347340071199,0.07647462318673917,-0.04147503068017671,-0.028524901800263347,0.053676100881435304,0.01950008156662956,0.0011820577558354218,-0.027551703149347313,0.006490205691103984,-0.016065220050766698,-0.015986041480264522,0.2885978025665271,-0.22811337287912964,0.09253980151658449,0.16555685378584084,0.056976824088908626,0.11126683893737474,1036.0,517.0,-5.0,0.2718889961708466,0.015069403144498837,-0.028509098037243854,0.0029739014297797905,0.1781721401367924,-0.013588325919752984,0.07535617864816402,-0.05014446350493921,-0.0007894405148411366,0.00114846717313574,0.014794463944058756,0.1179657246228506,-0.30966012782087926,0.04141480936166,0.03708136198074127,0.007921026918455575,0.022501194449598423,0.10498600512415605
cfb_20251219_mosu_arst,CFB,20,854.0,147.0,-10.0,0.06011390505508933,0.02113470334248351,-0.00335500426710727,0.015898964453313336,0.01539161866702432,-0.013997926159454083,0.004927902145127351,-0.013457829765118038,0.008296003975304353,-0.004675293703234185,0.005915851966808787,0.6328680402953246,-0.06706911264898253,0.11561482667063869,0.4356166819229535,0.33683757989316243,0.38622713090805794,171.0,31.0,,,,,,,,,,,,,,,,,,,414.0,81.0,-5.0,0.08279412471286254,0.05334647435502014,0.010580694458085531,0.06443156294917698,0.015083243699525215,-0.029236608064068702,-0.003832058313953996,-0.040131876445120555,0.0039042704451467563,-0.011111288963444307,-0.004872610708687632,0.4646843700716078,-0.1297467988433725,0.11262759037580347,0.26428798061047537,0.161191238269,0.2127396094397377,440.0,66.0,0.0,0.03702908025947149,0.008230439523092097,-0.04339867852737804,-0.005611222144491885,0.011629837698388793,-0.007480415209097323,0.020398726571751687,-0.0012279154752253645,0.013643059715140635,-0.0013903311708960227,0.02637264799842555,0.8520686229197307,-0.02055749586885344,0.11840893758561714,0.7536480740115579,0.7089028588640202,0.731275466437789,0.10498600512415605
nfl_20251219_la_sea,NFL,20,1412.0,1142.0,-10.0,0.3893498633816559,-0.0047879202326478465,-0.01787299488083633,0.05195614772686778,0.05108785623731921,0.009983412405026138,-0.033836567832181266,0.015653370605858,0.005035095990292386,0.025101339069552656,-0.008629674720551875,0.10108796181982627,-0.40613610732184463,0.045672401266000764,0.022487839362385163,0.0066407372967784845,0.014564288329581824,561.0,158.0,-60.0,0.0725259106236661,-0.02853722640352239,0.014504064880355957,0.028930070990319943,-0.059902833466963096,-0.004534835572981838,0.002380540162725083,0.03897348501782949,0.030944060890405092,-0.039439301545579286,0.019535255944228933,0.627373799126838,-0.10364353828273809,0.17449991496846595,0.5422168874447486,0.5292406175936588,0.5357287525192037,357.0,273.0,-10.0,0.2710429487262302,-0.003388733583184329,0.008296134038852175,0.0016197018141300647,-0.008839435586686277,0.003848612080207766,0.049243782084262715,-0.007693842898202314,0.01608108340159211,0.020837337009977863,-0.039604316590140035,0.15385588954167922,-0.2856797701337008,0.05194566104605422,0.07642800577371969,0.01993231941168446,0.04818016259270208,1055.0,869.0,-10.0,0.39896796168448245,-0.00519114241701485,-0.020511438888818814,0.05788863203928591,0.05764702010008331,0.010534611077701844,-0.04244947531969376,0.018081908129043315,0.004110298489426972,0.025408428697864218,-0.005428464732248393,0.10426218248804778,-0.43394050404362394,0.050509851361665935,0.021348039784633694,0.0069496653708881855,0.01414885257776094,0.05615765182983081
cfb_20251220_ala_okla,CFB,20,1243.0,592.0,-5.0,0.17018540408084698,-0.01778665834458538,0.020455866507491358,0.01627141508489986,0.02491838920511144,-0.02052461400269287,0.07864742937021801,-0.020437916608734077,0.023265073932206025,0.021816541891845138,0.0004873825606446968,0.141039425718502,-0.22787082624758195,0.03741588547162703,0.07557477187367186,0.013618379302197475,0.044596575587934666,593.0,90.0,-40.0,0.05042460121485622,-0.017023755763650106,-0.023628137346147972,-0.03393246925182176,-0.02996571732406961,0.002705878251570804,0.0071808311806436185,0.04341851879882497,-0.003019989190111047,-0.006673323743881933,-0.019927065894584355,0.7082777973500157,-0.08281225554708363,0.2010614256291273,0.5783964467914415,0.5622197793321528,0.5703081130617972,389.0,172.0,-10.0,0.15904659665098383,-0.029123878241974047,-0.061505366655453204,0.03924931269491773,-0.019417574807513105,-0.025373108857942767,0.0771359242876638,-0.07423741834185374,0.011581381057239317,0.09509262438153239,-0.011852434560264052,0.14802926048643866,-0.2269274431484077,0.039428468649658883,0.03494215672773469,0.013563287662088454,0.02425272219491157,854.0,420.0,-5.0,0.2092076661367865,-0.015298134116995328,0.047059157094730894,0.013323704393415672,0.04156008614197676,-0.0186736768496573,0.08491977454550559,-0.004499043284228292,0.034330610843953856,0.009076462299470695,0.008820215365389406,0.1272877305249346,-0.23249743549714116,0.033910455888398645,0.08448237458750722,0.011271252322941488,0.047876813455224355,0.10498600512415605
cfb_20251219_mem_ncst,CFB,20,695.0,111.0,-10.0,0.08882017780041303,-0.025605553152503204,0.010535709166580967,0.022056326961943006,0.037493274479219074,0.05234117108461248,-0.006693702121860903,0.0005387829839319043,0.012896715604515637,-0.006936670812205707,-0.011078585490091592,0.08937062900216393,-0.10046142398469236,0.009859445497707727,0.022941109137289997,0.0035857432294241634,0.01326342618335708,588.0,23.0,,,,,,,,,,,,,,,,,,,438.0,79.0,-30.0,0.10377915577875235,-0.01836704309944881,-0.006916916254463845,0.043200507184294495,0.062170316154724035,-0.0031716419622311288,-0.007229425650641489,-0.035649735947821795,0.03133648779652578,-0.0020444270818585496,-0.02291759343492968,0.0,-0.12309049338253318,-0.0009529309462886437,0.011921330393315135,2.3753142757461523e-05,0.005972541768036298,257.0,32.0,,,,,,,,,,,,,,,,,,,0.10498600512415605
cfb_20251219_kenn_wmu,CFB,20,264.0,34.0,,,,,,,,,,,,,,,,,,,569.0,39.0,,,,,,,,,,,,,,,,,,,264.0,29.0,,,,,,,,,,,,,,,,,,,0.0,5.0,,,,,,,,,,,,,,,,,,,0.10498600512415605
nfl_20251221_gb_chi,NFL,20,1238.0,815.0,-10.0,0.3816808076443176,0.02201069236743094,-0.03588918639552675,0.009263099805014047,-0.002639412146276957,0.0005972529368630384,0.05199362920026477,-0.0023588321221315375,-0.029946796363295534,-0.024302316973337852,-0.03522761275899982,0.0,-0.2566565527179575,-0.007510635576339329,0.012188511977687295,0.000390114795397852,0.0062893133865425735,678.0,135.0,-35.0,0.05073223746537518,-0.04199806280902104,-0.022391768923685145,0.010309158136895091,-0.0046731368657409785,-0.015520105422660937,0.017606413156551676,0.02705051425255584,-0.05191115108903544,0.014421919630592592,0.008393047609542315,0.8343044200247439,-0.08099452879383409,0.40782073595812407,0.7831093079141809,0.7191524986726752,0.751130903293428,422.0,247.0,-15.0,0.19431896048360717,-0.0029615308844327393,-0.05346232548386947,0.018179580327210898,0.025828136657390997,0.016316307874159712,0.06552978910982135,-0.01864089461634698,-0.062440432579635385,-0.05047724052484507,-0.019838528804405467,0.0,-0.24822160834882206,-0.014748041295728757,0.002077689975712196,0.00045803192991394616,0.001267860952813071,816.0,568.0,-10.0,0.43461185966684157,0.03270560906746469,-0.030113271259765106,0.006170192035938883,-0.009112267543316175,-0.005398696266089525,0.04988185583064446,0.0039655691997907755,-0.020894735160852395,-0.014863968596162824,-0.03949932135116013,0.0,-0.2626072613154311,-0.008209445951115273,0.01149485629987137,0.000421339114641319,0.0059580977072563445,0.05615765182983081
cfb_20251220_mia_txam,CFB,20,1278.0,574.0,-5.0,0.36051018576261135,0.019609277006341772,-0.049460312916806116,0.002330652789921879,0.06147186198974552,0.01169199251014729,0.06156799382521661,0.01226776469388291,0.014148865027527255,0.016340882334007118,0.024639596972086793,0.0,-0.3056301476883712,-0.024999373135678567,0.004680464702052356,0.003242280770065486,0.003961372736058921,553.0,116.0,-50.0,0.0434303430737362,-0.06147191500887994,-0.05685205897685077,-0.007671451053101533,0.017435427462281165,0.0667436004739338,0.012887714852989788,-0.06380992802416788,-0.04165049771874815,0.05996759216164574,0.025666519789827265,0.7373692085418416,-0.07398228119594934,0.20771462412574057,0.6366296453236483,0.6001398921966962,0.6183847687601722,398.0,150.0,-10.0,0.1495846348906498,-0.03882155227377368,-0.013183499358723065,0.06124418154371092,0.029654052061445335,0.014397417801468092,0.08399102575526245,0.01921997043968902,-0.0013152500522072058,-0.0016644816382150008,0.036266469037404374,0.13009078457916773,-0.19364808932073993,0.028959150478483967,0.03168708776809464,0.008412280417997362,0.020049684093046,880.0,424.0,-5.0,0.4061960899176092,0.027080059680782597,-0.05878265347702902,-0.003290416979242877,0.06835717791506107,0.012397824521554107,0.057049122016437914,0.0125131991151792,0.016775250920358666,0.019360655386300413,0.021819727669691473,0.0,-0.34887948216052506,-0.043983434361135,0.00790530355942872,0.0008046939359002812,0.0043549987476645,0.10498600512415605
cfb_20251220_tuln_miss,CFB,20,702.0,124.0,55.0,0.044825668460861785,-0.009327172887468671,0.0022686809744152515,0.0003399919452452263,-0.015799563765053315,-0.0014128865742239086,0.012367110976123759,-0.013948365797915174,0.005019851255794167,0.01833368899718238,-0.04204890575354833,0.29788621753784567,-0.10411323349492232,0.04417218134171675,0.09700590044365355,0.08710337276357862,0.09205463660361608,439.0,46.0,,,,,,,,,,,,,,,,,,,359.0,76.0,25.0,0.07409898994865464,0.006944472798781772,-0.014523784087777583,-0.058874376272529956,-0.10698211559919583,0.042194621933654475,-0.0028187032029546627,0.0033576866803733717,0.07563404567876006,0.021219783790659655,-0.005618840896748736,0.30889178774908715,-0.1381289776568108,0.06173694089005473,0.08751075504985674,0.06311012611706411,0.07531044058346043,343.0,48.0,,,,,,,,,,,,,,,,,,,0.10498600512415605
cfb_20251221_jmu_ore,CFB,20,269.0,78.0,20.0,0.10108600246418518,-0.004355938417710299,-0.007631263485450347,0.00311794232389817,0.0662017736173726,-0.00040884854441753705,0.0321422215974741,-0.008582053928287073,0.06635628899820327,-0.001648984477093889,0.04967901054701039,0.46500040032075257,-0.06185398266938041,0.05376102471840871,0.20175469784204098,0.19207058132438923,0.1969126395832151,522.0,47.0,,,,,,,,,,,,,,,,,,,269.0,64.0,20.0,0.10161561673651602,-0.030529098359344704,-0.006279763411097889,0.02045914459694412,0.07210548126479664,-0.0036698986166852116,0.03723457754552479,-0.05916603149855613,0.07313661435101645,-0.011995237802971253,0.05427295016626856,0.5077343563771418,-0.07626569452416224,0.07866223008759889,0.25872670514344936,0.2531992532298811,0.2559629791866652,0.0,14.0,,,,,,,,,,,,,,,,,,,0.10498600512415605
nfl_20251220_phi_was,NFL,20,883.0,494.0,-10.0,0.15547879878403678,0.012208631548452784,-0.04537464502207692,0.003200425400119816,-0.053295335399720485,-0.01715324561833025,0.016730138833105788,0.028251834586520426,0.014341528411857768,0.015877603441691004,-0.022405063673738967,0.16114550968537614,-0.25436774328703976,0.048864517163322324,0.04611882976189494,0.019456011865253815,0.03278742081357438,535.0,63.0,45.0,0.05367538180972116,-0.00826307687875938,-0.014788970944558708,-0.006652120434172349,-0.034334674199627255,0.008068943752540539,-0.07167476884424827,0.013565035663545904,0.031826259092597536,0.02556117252746091,0.014768522289806576,0.8487483866471496,-0.057572912576474435,0.3230703830567716,0.8578945889646441,0.8133786345063592,0.8356366117355016,387.0,205.0,-5.0,0.19405041724846978,-0.031631823033010285,-0.018446680771321413,0.01199092564807427,-0.053539340361802176,-0.021095730946212966,0.03697956996310954,0.011716645596934444,-0.019310965663572825,-0.06263203480381968,-0.07224656999368627,0.10299068588893157,-0.24980193582500185,0.028681165627020715,0.0437241513179819,0.006531897492088485,0.02512802440503519,496.0,289.0,-10.0,0.20774889932017718,0.029631524849168846,-0.06117404102131277,0.00031560164331241526,-0.05247976152702544,-0.01606272537798729,0.006566196037563808,0.03605260295236191,0.033745858006600696,0.046370123593022616,0.017157873162592794,0.18802360519848116,-0.2615067893426426,0.060555269378369664,0.04864724199880086,0.02892331037299793,0.038785276185899394,0.05615765182983081
nfl_20251221_lac_dal,NFL,20,890.0,451.0,-5.0,0.22468462665777297,0.008109697355128115,0.039578748031003995,-0.004494747669060445,0.07244736770172198,0.019583509488779103,0.05611540244637354,-0.008066585562165371,0.036792811066745326,0.009534152063152125,-0.0008628862077038639,0.0024175506584571105,-0.21084967509175773,0.0005109750789922196,0.01641698326908974,3.3264857070740495e-06,0.008210154877398406,335.0,98.0,-15.0,0.046127558143583845,0.007247799290428902,-0.034322086360263064,0.0036529281979415774,0.05961653358527833,-0.0210494788008482,-0.05386355268291877,0.006637637884462958,0.014609266526805815,-0.002541364380152655,0.06152100247581285,0.559991885706709,-0.09381362748033828,0.1193952303404201,0.4605305844288599,0.3980227092935888,0.42927664686122435,388.0,184.0,-5.0,0.18729969248417533,0.013106440142875774,0.04971145961813167,0.0032648293157007424,0.011042550969637032,0.011210439488742509,0.02801623851204362,-0.029929204042870566,0.017258416331300014,0.02509887610021225,-0.034865719031311866,0.0,-0.2438385825917433,-0.00017638397559379857,0.00794942661593538,2.603695806116357e-07,0.0039748434927579955,502.0,267.0,-5.0,0.2559741883264386,0.0068239483720839746,0.03871173710997541,-0.008281503496824582,0.0971510242237885,0.02472974736141723,0.06880395432134555,0.0024275959374555336,0.04213215172999245,0.0045905820527151284,0.009404124382907712,0.03317268654297436,-0.2304645105595183,0.00790743792780811,0.031150716967837912,0.0007057620397291803,0.015928239503783546,0.05615765182983081
nfl_20251221_lv_hou,NFL,20,897.0,330.0,-5.0,0.3185207279607092,0.0012895613152936166,-0.02466769255379781,-0.04700470831924037,0.0269364796151082,0.015852273572545098,0.0857645294560644,-0.0019635769316407297,-0.002290079871017518,0.002936584659569185,0.014258719868742756,0.07976802021671336,-0.2168079591708503,0.018793458660671135,0.037648545702878296,0.0030174365026226016,0.02033299110275045,208.0,57.0,-40.0,0.05476888592827789,0.005387486430637756,-0.02204595587541298,-0.11743555773718725,0.004242887347782146,0.02563796992566856,-0.004382061775448301,-0.027435683575696364,-0.002891730089783907,-0.019303627186075725,0.018099952316549366,0.6907477101122208,-0.06306416430589436,0.1408604835238078,0.5208018586941403,0.5106012847668552,0.5157015717304978,296.0,74.0,-5.0,0.18522363033484116,-0.012716641166258171,-0.009642219483813897,0.010099862743531174,0.060882849046106524,-0.028074494704073444,0.2839397893378152,0.006738286004399466,-0.09135683395939226,0.1055208571669337,-0.0005545156156768552,0.3272437727038128,-0.1267053616977292,0.06163234006827167,0.17471104862395243,0.08184997391177896,0.1282805112678657,601.0,256.0,-5.0,0.35034796061234086,0.002062601433646429,-0.02898790079296604,-0.05337172437547803,0.01800432149882036,0.019090108477659802,0.03436284331392333,-0.002358483827124351,0.020540298723238655,-0.0006469459051162886,0.01805278268009317,0.0,-0.2686114140315414,-0.0002256432490817694,0.01802453578977872,2.80668850080851e-07,0.0090124082293144,0.05615765182983081
nfl_20251221_buf_cle,NFL,20,1040.0,409.0,-5.0,0.11898274361961018,-0.03659648075633754,0.0174777331032272,0.008453818204998147,0.06393766513868988,-0.06199158456813904,0.10093972452999965,-0.009921518266997999,0.03329394189766642,-0.01125915415374968,0.002537825846035924,0.2132778418755166,-0.19654630420142416,0.053283069703568296,0.11600753576672156,0.029073432033197254,0.0725404838999594,615.0,53.0,15.0,0.038804223344561656,-0.018309327072417066,-0.00027335611574201736,0.0033453268170028838,-0.0013559594129084903,0.02585364532151633,0.013138561852066064,-0.014715283944198911,-0.001581858692800121,-0.017829597541881667,0.014392240906349963,0.8433089036206257,-0.039174738103940815,0.21083779616981596,0.7876739063199212,0.770378915512102,0.7790264109160117,386.0,131.0,-5.0,0.09440947507974214,-0.029796750431713433,0.011601776254135882,0.011100613244022926,0.07224835871847533,-0.05411481747124892,0.0004407792556222355,-0.00021149142632007466,0.019303546318888292,0.0058467599205847065,0.011890745816452613,0.44903305738713023,-0.14543233395851546,0.11852603216201187,0.26757725594443643,0.16940893111499758,0.21849309352971702,654.0,278.0,-10.0,0.14575723177949795,-0.04024198183725037,0.020052567297668224,0.007217349949912749,0.06017500956374067,-0.066552173602448,0.14372627906265859,-0.01501710053000723,0.039094348649231406,-0.020161737558106987,-0.00061351475022086,0.10280900780632528,-0.23233568490724701,0.026623318168759354,0.06785181135402689,0.0060561277275764025,0.03695396954080164,0.05615765182983081
nfl_20251221_pit_det,NFL,20,1267.0,839.0,-10.0,0.531245873724433,-0.03738299225260117,-0.2535560199787499,-0.0010477610414539303,-0.2268338418859484,-0.016624330373490363,0.07562653620326917,0.005854360404096425,-0.015703082317689274,0.018931901922366323,0.0029506520544292465,0.4281022340983015,-0.3304764983810169,0.24738289902362576,0.1324624025209525,0.12855453687777424,0.13050846969936336,176.0,72.0,-55.0,0.08240591758460282,-0.04572316202619155,0.013036702545202013,0.04526855290249737,0.055151159384017795,0.003119562437179745,-0.013832875113912143,-0.030159871787358676,-0.007876047052787591,0.04758232559905467,-0.017609328249798308,0.5814026900987797,-0.06932724883701079,0.09629075012569271,0.5299870817345264,0.4205176892782735,0.4752523855063999,350.0,191.0,-5.0,0.10516899442459085,-0.03252543164089449,0.0438730034021279,0.006686319978748908,0.02451292343298087,-0.03478476066847002,0.08088727832698385,-0.006058077179582539,0.03286195415145721,-0.017583603219542433,-0.023001812522355627,0.17661235305777298,-0.29111141548895814,0.062441879329155604,0.09916183976720148,0.02422998488482001,0.061695912326010745,917.0,648.0,-10.0,0.5536553187539482,-0.0376035796274459,-0.2671612901830556,-0.0013274960925278773,-0.23830627252446818,-0.015931754656897338,0.07560728809874723,0.006330819458897263,-0.01776586929706288,0.020344171778811468,0.004335798502061329,0.446902999976879,-0.3756587304034599,0.3035326779530423,0.13617033647327914,0.13455102699439145,0.1353606817338353,0.05615765182983081
nfl_20251221_min_nyg,NFL,20,1167.0,506.0,-5.0,0.3003385054055123,0.04650575613827051,-0.006624044005394239,-0.004830109859694945,0.12138470045237111,0.011983402405886105,0.12308242262151498,0.006602180907551388,-0.010953773101776629,0.00012725687085970397,0.016301716728181235,0.13576536107136594,-0.28138709076410834,0.04420399074233942,0.15195696987220178,0.009958652334716147,0.08095781110345897,442.0,40.0,,,,,,,,,,,,,,,,,,,443.0,155.0,-5.0,0.3999021422523234,0.11196009331206398,-0.052330013715401816,-0.04320340426408034,0.1799571787625907,0.01761479845579576,0.33712573124119766,0.0032418775900427857,-0.10458786007222885,-0.019135532269421524,-0.013518506567412818,0.0,-0.4048091216097357,-0.017015203478125022,0.12912892528655906,0.0006236087403407315,0.0648762670134499,724.0,351.0,-10.0,0.2622502477549572,0.048032756095195084,0.01409099636417386,-0.0010990047505282587,0.0964397769915339,0.013632310245288139,0.024304166705942647,0.008230908330757519,0.03249009027292764,0.002358595467489824,0.030234193001046777,0.2440775553031024,-0.2529674169292484,0.0816798986835071,0.19518306041800507,0.04362248931927007,0.11940277486863757,0.05615765182983081
nfl_20251222_ne_bal,NFL,20,1053.0,813.0,-5.0,0.34787517628885617,-0.0053129282547330695,-0.061060808680271764,0.005972945789616936,-0.0018743101769740874,0.014129253898512493,0.05940838301536396,0.023828708204040813,-0.029578692155776718,0.024595899860982068,0.003394142252445749,0.12440135436739877,-0.22642602656146596,0.03216965273846947,0.033729154327004435,0.012418035656773529,0.023073594991888983,204.0,179.0,-40.0,0.04329667954864937,-0.03836646501429773,-0.018081281095502923,0.0019040819704731118,-0.01425804498707706,-0.001908197629556027,0.020537338570825354,-0.04250805002045246,0.06682972978437206,0.003672883572814432,-0.07830850981273624,0.5086471365606192,-0.1273319171281079,0.1318136513678353,0.3987232274988801,0.38007001700536536,0.38939662225212274,346.0,262.0,-5.0,0.1665035117634779,0.016247874037007677,0.0041411566722987575,0.017583106671285136,0.016703370807496915,0.06266145107484208,0.017687819994448024,0.0344223351990606,0.014120698000873101,0.02551567902329519,0.0187283556582914,0.17309540132289833,-0.3404099076817688,0.07125778436682217,0.12559400585265817,0.025556382726110632,0.0755751942893844,707.0,551.0,-5.0,0.3894751969695961,-0.007972212836544625,-0.084824095851645,0.004794428429079129,-0.006909114455869595,0.009898740825411298,0.07549610074907394,0.023570447324179185,-0.04721052749208205,0.025304317865296612,-0.0033227117033827252,0.15243525183342266,-0.25687819970574644,0.04619976603246583,0.03166652944150612,0.018923470474184818,0.025294999957845468,0.05615765182983081
nfl_20251221_atl_ari,NFL,20,1125.0,399.0,-5.0,0.2833032648924701,0.012817054674500132,-0.0008424288355565981,0.004832783844913174,0.0010604380914211225,0.002327942170107355,0.028145136191621623,-0.0018843548791182762,0.10807757752192693,0.003981989534755337,-0.030655473541055047,0.241654758260198,-0.20848206503576394,0.06643502227589722,0.10713870053492537,0.03576522154270662,0.071451961038816,266.0,126.0,-35.0,0.058994325535096134,-0.07258585453485362,-0.06885998853598083,0.01593983478230567,-0.0269539391997494,0.005517332028171721,0.02655873247596613,0.04043343844773279,-0.012604128062008071,-0.007086340649553869,-0.06452910598039029,0.8041943111313236,-0.06541865285944218,0.2686812052060573,0.8228384049042933,0.8066562437357803,0.8147473243200367,387.0,136.0,-5.0,0.2638335727914295,0.013773612801334604,-0.05153703155303246,-0.017686056965699092,-0.019269759421711604,0.0325203779743163,0.04554656782904452,0.0015165866608784335,-0.028479004187700534,0.00016877531810401556,0.03517910614575566,0.3480210347367508,-0.1772952930306018,0.09463877612915302,0.11872960166216051,0.07379496333540318,0.09626228249878185,738.0,263.0,-5.0,0.29586428399702724,0.015556221820249183,0.006211151228731765,0.008289056282199355,0.004086034893894572,0.00019352544930497016,0.02764085047974011,-0.0022152113905045843,0.13325058732966688,0.0054728995392031845,-0.041487965972410945,0.19095334446032952,-0.22925689160200796,0.05410982159339275,0.09947763528965267,0.022844789465536492,0.06116121237759458,0.05615765182983081
nfl_20251221_jac_den,NFL,20,1052.0,594.0,-5.0,0.20050201029589193,-0.0108199179992792,-0.020503971536673007,-0.006157347822180885,0.04852411315522428,-0.045283506128805065,0.004216268824257362,0.024799207521039604,-0.013396396895612698,-0.03330600093190131,-0.012147937265767749,0.13278327802972703,-0.21666235882787205,0.03317410458305713,0.04969680446295078,0.01617917417777075,0.03293798932036077,523.0,65.0,-35.0,0.058958328829572255,-0.015533419599442278,0.007528349267143361,0.007926392830569168,-0.00314557810026223,-0.00600273506557285,-0.0020274697459540785,-0.01760384512071776,-0.014679563270606742,-0.050433974496559196,-0.005933709312156889,0.9219899670522572,-0.03348701538701311,0.3957784793403806,0.8823169041022185,0.8703734255049572,0.8763451648035878,408.0,209.0,-5.0,0.19148197745492132,0.03610196686846629,-0.040671303259952586,-0.0324148912992104,0.016506597525630304,-0.030495729635876354,-0.004566363476007021,0.03228608918215121,-0.028987034295167108,-0.02468326567057787,-0.04794045444510746,0.03381517149354248,-0.2372994859765893,0.00830516333612065,0.01809901154728177,0.0007539354354979715,0.009426473491389871,644.0,385.0,-10.0,0.2180702365777783,-0.03629690782881826,-0.015200892671190857,0.008324664517681196,0.05843423544006687,-0.05318564972415241,0.006723226495217279,0.02101344149785089,-0.00929370167092132,-0.03790647666805696,-0.0022270979630703365,0.16342709967039296,-0.282060889399937,0.055101465833905634,0.06492764086120346,0.027026589743008908,0.045977115302106186,0.05615765182983081
nfl_20251221_tb_car,NFL,20,988.0,441.0,-5.0,0.48846437030477174,0.008490028537059744,-0.03914540110284167,0.009551044032753761,0.004055491685395471,-0.03615087761191955,0.06320715651077069,-0.02666999749205895,0.0056974922709808465,-0.032464213241193016,-0.00962712733134925,0.07117045530439918,-0.26241482267623456,0.020107222595520915,0.06576569551951357,0.002115712879136882,0.033940704199325225,374.0,53.0,-25.0,0.07120852180935594,0.02269990808247824,0.0050014837773686965,-0.016182115926272687,0.008168277515552151,0.00778551777619188,0.011034241411190632,-0.0025143649234370454,-0.00568684163196453,-0.016838639731862268,0.00013795934800117483,0.7709440555033346,-0.03604229039431327,0.12130918316605946,0.6841249630291821,0.6508664611290368,0.6674957120791094,350.0,120.0,-5.0,0.15723606177674634,0.00830478900885417,-0.03945686784403543,0.03633472876435472,-0.061568595932749014,-0.05263245560420451,0.05203208500655142,-0.009505225375362905,0.03763254551611423,0.01667175235597695,-0.001777677943301762,0.2716598448961709,-0.1710157681928138,0.06378629097476637,0.1752863341274268,0.05623377927760389,0.11576005670251535,638.0,321.0,-5.0,0.553117439705866,0.008629828426898845,-0.038869217225424704,0.0040437369061214964,0.012718767480227851,-0.0326798347727491,0.06522166057034479,-0.030362816580720993,0.0020782642558516994,-0.04283206979506633,-0.01035245661644451,0.015998604817443328,-0.3224021300748815,0.00524184650207031,0.039619692416680445,8.994791752432647e-05,0.019854820167102386,0.05615765182983081
nfl_20251221_cin_mia,NFL,20,602.0,241.0,-10.0,0.3367814739157837,-0.010524436761382084,-0.07972578432898166,0.008687713436073094,0.018525118562804692,0.0031271736151062307,0.1724973262901635,-0.019941215237310232,-0.03193713153885292,-0.01736922111452183,0.07011077272154442,0.03502095805533028,-0.12527161126282188,0.004546349353575366,0.02226102150448207,0.0005506839999212473,0.011405852752201658,350.0,86.0,40.0,0.05335346324911122,-0.022837385727329258,-0.0008218023560524308,-0.012537798167729751,-0.000787007803796354,0.004179318742222269,0.014407184185100388,0.04712177858723052,-0.006020076923603136,-0.056887988953856675,0.0009836335481188466,0.8358323111970324,-0.04272782189707504,0.21754155393824243,0.7987971793655697,0.7830082531133916,0.7909027162394806,347.0,124.0,-10.0,0.3176337606189215,-0.03700527753305087,-0.0006459813815774287,0.047577826410088446,0.03934873204830504,0.007730487390770995,0.045861731483648825,-0.08278969391152287,0.00973976096286802,-0.06204745887684973,0.03170658897845913,0.12163619352653578,-0.20115907504609765,0.02785659427403247,0.049565224654198825,0.006393610700388159,0.02797941767729349,255.0,117.0,-10.0,0.36898218528727517,-0.004424554763359604,-0.12200619803900543,-0.0031009289619229638,0.017546870769426393,0.0023119713024785885,0.2507774978541327,-0.003474309633478984,-0.05217196702028863,-0.00693099758409256,0.09867224685908894,0.0,-0.09925454872534016,-0.01980261155223967,0.02194583629683378,0.0034741003298206213,0.0127099683133272,0.05615765182983081
nfl_20251221_kc_ten,NFL,20,818.0,351.0,-5.0,0.13767873323591928,0.006624776161444084,0.006283128900745923,0.004044399203745166,0.08977242027147249,0.0043300458367958585,0.02548790451184236,0.0017685272616260583,0.035298262238937755,-0.003396091340091455,-0.01560410355849473,0.1740996769818065,-0.1775998595812195,0.03743802650676936,0.08557784084382179,0.022421007490208058,0.05399942416701493,292.0,91.0,-35.0,0.043246402336153414,-0.009982680777770992,-0.05841728025529441,0.0048410401604331195,-0.0016352815464190029,0.007963221184154703,-0.016201918484280455,-0.021766429488808067,0.002443923313168962,-0.004859712069117532,-0.00044115598486246143,0.6308068909062149,-0.03992980988332191,0.06822445654199931,0.5747128712702347,0.568684905060862,0.5716988881655484,369.0,152.0,-5.0,0.14328048111433664,0.029075005193485486,0.019715993242612126,0.04643664156452097,0.15604192105498627,0.010126833171187321,0.015185028301986139,-0.008836614056310513,0.059567460808553664,-0.004676059651131853,-0.04576432413537199,0.2533651177299264,-0.2106357414457751,0.07147770710535181,0.15732123827320413,0.05750373949859781,0.10741248888590096,449.0,199.0,-5.0,0.13274788480700905,0.005179846992936489,-0.01207327197605539,-0.0005508968588831073,0.003946072262092593,0.004406236223747853,0.04023129625145906,0.0033409363784227355,0.003717126374595171,-0.004215600841375378,0.02398578543866548,0.1370391699929301,-0.19947101367612047,0.03167622585094622,0.061685769999830754,0.011954336589183923,0.03682005329450734,0.05615765182983081
nfl_20251221_nyj_no,NFL,20,626.0,196.0,-10.0,0.13948849803280838,-0.010663130635951965,0.028148494895421924,0.05067775961395715,0.03809993551071334,0.0006655121131099326,0.04281745790103698,0.007241386013202782,-0.004472549759148218,-0.0031615215762765556,-0.0031947254775620735,0.34565128648723614,-0.11314457316486282,0.05976716461095509,0.17136051912385805,0.09129612593358391,0.13132832252872098,214.0,52.0,-30.0,0.07583704957147716,0.019602684209613978,-0.0011801756982734043,0.003270768492116077,-0.000662716238845573,-0.03426473594379774,-0.002841512120108635,-0.020427103271650954,3.631351618632282e-05,0.018163757996073317,0.008951311491987935,0.7731570188515322,-0.028247010188596176,0.09627529173842983,0.7706196608780751,0.7153521546469387,0.742985907762507,257.0,92.0,-10.0,0.21569750412197278,0.0008099126343241261,0.045060942979318744,0.07815988921410363,0.11542587209416535,0.02821604164818185,0.16748966224921466,0.012625386407371528,0.007336255401910456,0.0050209091926113605,-0.00032998617683360705,0.30700495481751017,-0.17192326847161268,0.07616402979520144,0.1636272306909344,0.07688523224489237,0.1202562314679134,369.0,104.0,-5.0,0.12412639205503104,-0.02145654247843595,0.02572856775174008,0.02443518090280075,0.005738473444445142,-0.025706548867716204,-0.013672703547388304,0.002360913142159037,-0.012894779301675818,-0.01098469968993175,-0.006252389435376351,0.3839592991991926,-0.08101550552009203,0.05049448304848445,0.15518537330489346,0.0998337679623122,0.12750957063360283,0.05615765182983081
nfl_20251223_sf_ind,NFL,21,898.0,613.0,-5.0,0.18741958049857063,-0.008598658670819671,-0.025627285207439912,0.00927677955477593,0.026565737050247454,0.033792937635656654,0.03518282314259096,0.020871781435126305,0.005213990294580628,0.037116605855450076,0.01283126309506403,0.15584208929400012,-0.22115498119448707,0.04082797056098145,0.10032617801854436,0.020554757424466035,0.0604404677215052,412.0,176.0,45.0,0.07777464503766661,0.016594973113928217,-0.04369538541079594,0.05297597006692319,-0.041966170766902386,-0.01952433761595301,0.051886236796108445,0.00623320212482287,-0.01843632939748957,-0.012727982350085536,-0.010887345990338084,0.5204414604449926,-0.0988215290360809,0.10724617883495298,0.4211210471906481,0.3982891741569151,0.40970511067378157,347.0,279.0,-5.0,0.2253963987684667,-0.0320103571331665,-0.020885202548520013,0.028904006483447663,0.06395902542911072,0.058690373050216224,0.042512189182366864,0.019658795875961126,-0.008347229412586149,0.08148900185434683,0.0020467343824684165,0.056631572704774806,-0.3573179558965522,0.021450238541579326,0.047073176726706384,0.0027183566838617206,0.024895766705284053,551.0,334.0,-5.0,0.15019018818351315,0.005768529364716429,-0.032333598207969334,-0.004892950134250084,0.009572439416747704,0.016410552031812256,0.03631074994575291,0.020716668775511562,0.013361924880859242,0.0064181648153444236,0.02046240552559113,0.28491106322348564,-0.1638491918483061,0.06528201606396739,0.1965923968189853,0.06961887348863476,0.13310563515381002,0.05548483968754676
cfb_20251222_wsu_usu,CFB,21,1137.0,286.0,-5.0,0.14833037923303705,-0.006068340633758936,-0.020937137518245705,0.012409247483272403,0.0009203576391687831,0.01707795675128242,0.03378668818731828,-0.024759593918366615,0.03958139952447434,0.023380562121861313,0.004240177392438417,0.3877257738026294,-0.11707825344393599,0.07414040060764751,0.21197391983326236,0.11008948523212282,0.16103170253269258,556.0,64.0,20.0,0.10340496643943374,0.0011971139642875963,-0.007434810004801014,0.011986401372543554,0.004244991522984252,-0.02375507945825116,-0.008821618440191826,-0.016513697489528543,0.026499816957371684,0.06864113787584265,-0.007336996330177365,0.8825735364755463,-0.03994859876521638,0.3002523880157336,0.8607070916525463,0.8359823098941542,0.8483447007733502,465.0,183.0,-5.0,0.19582124092616734,-0.0388716611030403,-0.03558220371676434,0.04814326447610894,0.013821792449230078,-0.003962490812238753,0.13734638185893652,-0.022372493162436145,0.03731137210445078,-0.00397207948614836,0.021913299904509995,0.33220337839807046,-0.30453931353844316,0.15149670654190045,0.19464170252109145,0.06997753893964181,0.13230962073036662,672.0,103.0,-50.0,0.0778598265612195,0.009186136838002398,-0.019550496674604147,-0.002700300883183604,-0.0067946696441724625,0.03246560942511879,-0.02361140668626006,-0.03273624334169904,0.06336610366840854,0.043836274090405344,-0.005370663994722359,0.44283806876575693,-0.053388986195614364,0.04243411872712392,0.16784071506074177,0.14435582247552284,0.15609826876813232,0.10481805605200802
cfb_20251224_unlv_ohio,CFB,21,1191.0,242.0,-10.0,0.16208629052808998,0.018719040607554506,-0.0012007482560064161,0.002247149085093335,0.01826532202946806,0.01240846711465165,0.023613210141679577,0.007845588857228192,-0.010407607654881348,0.023921412937234984,0.014237868427452779,0.0,-0.15534996854680613,-0.009968959719218082,0.003915864311050775,0.0019959716110295794,0.0029559179610401773,338.0,30.0,,,,,,,,,,,,,,,,,,,470.0,76.0,-15.0,0.12535431014077925,0.007217375039557898,-0.03652362087451529,0.0023717995199245443,0.0009059280700071625,0.03000634694583717,0.011335499869746569,-0.009914963075581365,-0.054676229311115605,-0.0343209920619766,-0.009104472291589288,0.0,-0.13881571536602375,-0.024260924365826556,0.012288875464835985,0.000176744541512655,0.00623281000317432,721.0,166.0,-10.0,0.1974993606949399,0.02409328261436173,0.01337749685355612,0.002832273642689278,0.025522399514604097,0.014605420939856477,0.028826797258059252,0.010904452759355233,0.00867698565732178,0.0342396920531459,0.023341170630915974,0.0,-0.1705411607168867,-0.0013076292279231062,0.010612803343509091,3.153358668258047e-05,0.005322168465095836,0.10481805605200802
cfb_20251223_wku_usm,CFB,21,1584.0,412.0,-10.0,0.26744688370528025,0.0538182374527842,-0.0029357278988883066,0.026642050560575056,0.10965887860429514,-0.053000563080568615,0.13452676248066753,0.02056179954999995,-0.028758111584887936,-0.0194273082337809,0.013288731316395208,0.16146235884444068,-0.17238167529025233,0.03319248957693144,0.06840733230997596,0.017760344032895916,0.04308383817143594,510.0,97.0,-20.0,0.05287451322990847,0.016628638892586093,-0.0019107524348829152,0.04342468364523219,0.04369098933447324,-0.005651370479494066,0.01203533253622427,0.0028518917182768604,-0.022390613784980414,-0.05176080547143392,-0.008816477255601071,0.856297816643176,-0.04313792978838413,0.25705187095576426,0.8087397618756808,0.7797053757549132,0.794222568815297,436.0,107.0,-5.0,0.1846916656977131,0.016667043524225954,-0.009358718953717673,0.01930943739830735,0.031057271588791183,-0.038752942023519144,0.07427025135448852,0.04925115791166048,0.04649627218455056,-0.019338240204453367,0.07142181497553794,0.0,-0.11710249184220217,-0.010437201496492287,0.010975631754491313,0.003291111448510284,0.007133371601500798,1148.0,305.0,-10.0,0.30205680461053697,0.05953738951463111,-0.0021576306049147643,0.02818289625965012,0.12298238314244951,-0.05644848272339425,0.1447313412037462,0.01800053006647753,-0.042026748730757596,-0.020207302170853075,0.003058036699042535,0.2071626904672915,-0.196761679437844,0.05141241261366862,0.09182080997098221,0.032854900865003346,0.06233785541799278,0.10481805605200802
cfb_20251223_tol_lou,CFB,21,1176.0,220.0,-5.0,0.0716757751429933,-0.001284297494927941,0.011119565770259294,-0.0018028596148482148,0.04571280112576642,-0.0007725621333081736,-0.018183144404454163,0.0032631998538284607,-0.04149140487236569,0.001364279788306401,0.004678684786832622,0.3132268038721524,-0.10286929948294439,0.046917122093989946,0.10419524869564536,0.06054316749244878,0.08236920809404707,497.0,119.0,50.0,0.06400950875290498,0.013998978554573268,-0.0028858926880717594,-0.03560832033310563,0.020324491132801936,-0.009613671656127348,0.006022935474609175,0.0023710027438578335,0.011488949241574752,0.02234231754597995,0.03492181506169354,0.743791677760809,-0.05500083381223593,0.15967148179228313,0.665989791504422,0.6234075881833271,0.6446986898438745,390.0,55.0,-30.0,0.11038864336811641,-0.05027841949713192,-0.00821643503005071,0.036607397272564,0.08465107334337989,-0.03078639164399382,-0.007207676007591282,-0.04576233757352064,-0.010484867143745843,0.013295178959664103,0.06440573024499947,0.4660017081064545,-0.10095788476480881,0.08810242928004422,0.17315007970210874,0.1323191117149908,0.15273459570854978,786.0,165.0,-20.0,0.08472645646914974,-0.0008611209419752154,0.01715767299473721,-0.0024005389838509814,0.03622724894554331,-0.00044153364922231054,-0.02026830470527912,0.004627301710294169,-0.04943267933180583,0.0016835910897569104,-0.009813779614134769,0.21941650275619862,-0.10405004765764103,0.02924773281688372,0.06584223573671599,0.028185273708744886,0.047013754722730436,0.10481805605200802
cfb_20251225_cal_haw,CFB,21,1515.0,891.0,-10.0,0.3906109173758944,-0.01453689199683018,-0.029199277510625142,0.010010092097839452,-0.04646798892657981,-0.008233876313056127,0.013617420481012544,-0.0034747124712379645,-0.01743840614410709,0.017561039108203634,-0.005738708632209661,0.1862704838669195,-0.3294407711523873,0.0754121494076545,0.0983257080032484,0.02142933758376077,0.059877522793504584,698.0,182.0,-30.0,0.05189201770225238,-0.02156906749262619,-0.024338085658521996,-0.006279603675044064,-0.01935050075105144,0.0387935790432923,0.021289282822062536,-0.014794547779848819,0.00676694493063806,-0.042837410352993974,-0.027710890319743293,0.711339330769369,-0.06899049857233813,0.1700115752336255,0.6231280389080577,0.6125581849610116,0.6178431119345347,409.0,272.0,-5.0,0.15149015447289527,-0.014420231848057128,0.007964440043929781,0.015786686173225147,0.04889222301321029,-0.02768171044982039,0.01321747932236515,-0.006304866905712938,0.013911577660795295,0.0038412679469590374,-0.002005067711902817,0.0,-0.3894596074706867,-0.014163000617225805,0.018968016346743402,0.000982032649195784,0.009975024497969593,1106.0,619.0,-10.0,0.461478688402906,-0.0160164105029014,-0.04267828892372818,0.0073299011498502665,-0.0847557633579824,-0.004988336153461787,0.017659000809192037,-0.00407860862947653,-0.02804516704325309,0.019580285308491416,-0.0047013048736680215,0.2352562268424906,-0.3158692035829165,0.09717005828480835,0.1186922522831577,0.032993633472541355,0.07584294287784953,0.10481805605200802
nfl_20251225_dal_was,NFL,21,974.0,515.0,-10.0,0.19428529336297765,-0.0027221251800239217,0.004360127479173778,0.01659049737476976,0.04986144539784651,-0.0018178846918781807,0.0742567025550339,-0.004488836785237653,0.028496144674829665,-0.005976394050874254,0.04855354416355449,0.27801580715058055,-0.18726881256753639,0.0721119528595456,0.15495317015263022,0.06162470088595768,0.10828893551929394,95.0,103.0,20.0,0.050010716690436385,0.000808008070972174,0.01583647544348407,0.0006746705266945502,0.054387195362403676,0.0005775083603441787,0.02250391124205944,0.007145659330525254,0.03328447043392696,0.00023194730305637815,0.025686395394545928,0.28700822825174377,-0.11957896527401579,0.04813540396871488,0.2000024187678972,0.19189482324106064,0.1959486210044789,367.0,177.0,-10.0,0.17204524358859077,-0.021330530217572148,-0.017376123382674292,0.05222562886293804,-0.008404014520094255,-0.026748268159119938,0.06259185711213257,-0.008024944267769554,-0.028861263493399906,-0.034778928250697526,0.021201172149667886,0.4896541815945402,-0.1639513789965262,0.15730407776175773,0.380742743890807,0.23139803563713746,0.3060703897639722,607.0,338.0,-10.0,0.2052533934347579,0.004391478411652897,0.010934283959149938,0.0026002014803849093,0.06697674034847163,0.007769881811060046,0.07833173711850185,-0.003378428640550928,0.04501682520708798,0.005108355900983508,0.05670827795398627,0.2125842070262656,-0.2521452633584098,0.06807343889312167,0.11231202663833142,0.03407929914895395,0.07319566289364268,0.05548483968754676
cfb_20251227_fiu_utsa,CFB,21,1034.0,250.0,-10.0,0.11623290353413761,0.003380120979171875,0.024063276982926866,0.003545556518111334,-0.022612363445259877,-0.006875460786635452,0.04377716497121073,0.009655914506227999,0.029536507462386043,-0.007206797509279091,-0.01858855769431082,0.0,-0.1671864722287546,-0.007655997985967147,0.001365674551499039,0.00035530082369668027,0.0008604876875978597,309.0,273.0,30.0,0.05164278141700704,0.033269854370130574,0.014381941501621016,0.014474563216586123,-0.0038574978520781156,0.041142816382908724,0.03176678804672973,-0.014037372931451289,0.00591363550370873,0.030101530350695724,0.027016203995882667,0.658157583434614,-0.1768398419997123,0.34047408228296133,0.715835329519474,0.6929431250090361,0.7043892272642551,427.0,114.0,-10.0,0.1427911633981969,-0.009274986302992729,0.052036421024370234,-0.00582159651297949,-0.03133572087177069,-0.008163697925068325,0.04770006900066834,-0.005013417580810111,0.04164017973713538,-0.013077205126376201,-0.04708605894838397,0.0,-0.19939844587683228,-0.030987176230053138,0.020634805760111508,0.013382498086832399,0.01700865192347195,607.0,136.0,-20.0,0.09165267311195469,0.008639117425939405,-0.008634665515647262,0.007707109797244999,-0.020478637003384176,-0.008314002071359955,0.05815414485249454,0.017254225296015228,0.02427678507780111,-0.007203779334587412,0.014486651455707596,0.4238425769289748,-0.0933606818862422,0.06867954904337523,0.18918320630511207,0.13207025912561526,0.16062673271536365,0.10481805605200802
cfb_20251226_unm_minn,CFB,21,1507.0,834.0,-15.0,0.13414652231757337,-0.00891400192058131,0.010386331007318145,0.014011475301623742,-0.02433582983115973,0.011076904411563216,0.02857942411925297,-0.00438443733185659,0.006223617158719778,0.010160504516466868,0.005991955486165514,0.05978878773091814,-0.3524575075496532,0.022413056585655507,0.022620784791537455,0.005485984425641023,0.014053384608589238,638.0,56.0,-55.0,0.12674140123973282,0.018027518810345873,0.01951195006784314,0.0034018600150092474,0.042689957441371496,0.026426837703269118,-0.042161101915867354,-0.01898348164775445,-0.0047562939834323616,0.0008516075286809044,-0.025340777897691995,0.8186846401311769,-0.03168233128352529,0.14305372696574065,0.7314812590011689,0.6870860352854153,0.7092836471432922,441.0,256.0,-15.0,0.0997434337058503,0.02050525065530448,0.0038696181456285136,0.006185919507771509,0.11196079332133597,0.033046925725175286,0.07942311628531122,-0.08764866677811083,0.02461011454179459,0.0016129669517256436,0.0002729258328519843,0.11957172674475311,-0.3186259931595932,0.04327287224317612,0.04140782684104069,0.009724483915998327,0.025566155378519508,1066.0,578.0,-15.0,0.14338688671551938,-0.012664351926034335,0.011505532223846412,0.01568681732428338,-0.04000638062245229,0.009125590933079268,0.023366541205714096,0.005585938875341859,0.004450015830622445,0.011914259287712106,0.006973732143417582,0.05322340860929095,-0.35271376927851644,0.019827939595399965,0.02044507646561323,0.004944597389296931,0.01269483692745508,0.10481805605200802
cfb_20251226_cmu_nw,CFB,21,566.0,119.0,-10.0,0.15475687212776282,0.015785968104557683,-0.012272048043572849,-0.011628364215018791,-0.021127519186406752,0.0024919840564613994,0.048612441195386484,-0.008756637136789298,-0.0019587108432327738,-0.02092372679989204,0.029542587201688675,0.424272662324133,-0.14902316951331282,0.10982014009032544,0.1799939041011843,0.15243378232883223,0.16621384321500826,360.0,18.0,,,,,,,,,,,,,,,,,,,368.0,87.0,-10.0,0.17622215873065944,0.05374376485811191,-0.018332566711695423,-0.051706474987174754,-0.03701958455652508,0.0011927420053683129,0.09043187749145964,-0.017306018962652263,0.007501922683205644,0.034013533236788566,0.05530202636238279,0.36399227665869116,-0.17217217580302982,0.09853550506995054,0.12721210109350542,0.1141613090670065,0.12068670508025596,198.0,32.0,,,,,,,,,,,,,,,,,,,0.10481805605200802
cfb_20251227_oh_fres,CFB,21,1179.0,344.0,-10.0,0.1085962823440826,-0.031566202907988776,-0.012612446088742216,-0.01845714674553837,0.01874651565738972,0.018898491833476392,0.04241093401706015,-0.002298037084854805,0.02060016308149026,0.008052081948701047,0.07435269340470801,0.40290423012239335,-0.12065603333821637,0.081415459084094,0.2090984415877915,0.10252114229563707,0.1558097919417143,238.0,33.0,,,,,,,,,,,,,,,,,,,489.0,166.0,-10.0,0.15396157157332263,-0.09320524219628284,-0.042535054797311386,-0.013700135997381818,-0.028904488293591914,0.04351932504838312,0.06276820855352123,0.03190416984635453,0.03035236636635456,0.015753404676607546,-0.02779744990840434,0.27339575466280247,-0.1667766167992973,0.0627522056230115,0.12398887409699715,0.040129597742591616,0.08205923591979439,690.0,178.0,-15.0,0.08019876810440044,0.0005148260603481058,0.007910406411491605,-0.02111999158415134,0.05323529365287432,0.006598394673148849,0.030193274880213644,-0.01670749409175966,0.017965122220649794,0.0020269026873733927,0.15187463570584187,0.527896113830677,-0.1250489551451062,0.13982697324379217,0.33628003555908514,0.20269432954802044,0.2694871825535528,0.10481805605200802
cfb_20251227_gt_byu,CFB,21,1312.0,731.0,-10.0,0.3463618825155196,0.03717685562585157,-0.06380065135058641,0.02588837006606309,-0.002033957153467906,-0.0399979079534156,0.13363698170476623,0.002123041335350404,-0.009179733418468162,0.005744477259097958,-0.0034173149864916083,0.08672446595188314,-0.33637719312212105,0.031942312417593405,0.06432534013397988,0.004185737565824561,0.03425553884990222,620.0,64.0,15.0,0.049454817758734684,0.009112432240317428,-0.06331864638835925,-0.01023751409088843,-0.005714460222237095,0.008254016187547978,0.015831024882540252,-0.0300056637808615,0.045021532313297655,0.021304660825892982,-0.03663658838853872,0.915719424266346,-0.02411550368807714,0.26201808614747013,0.8457174499489253,0.8174431355846008,0.831580292766763,440.0,226.0,-10.0,0.18905609380718233,-0.04407987450012498,-0.07172572817406109,-0.01273575401880574,-0.0062567417121995195,0.0008842056983959575,0.09175814762956006,0.010055968676599024,0.010367405477127877,-0.04524381302449232,-0.04387314308060876,0.11219031720461353,-0.3062849895473507,0.03870447777065805,0.05433454443401436,0.007177875473892571,0.030756209953953464,872.0,505.0,-10.0,0.3870251892272038,0.05310931633001125,-0.06054925061478216,0.03367436749730013,0.0004998416497703989,-0.048107487591316576,0.1448784652702842,0.0006244829975870337,-0.010299491816496356,0.01560033617864838,0.0054543399534189825,0.06689963727565405,-0.3546604785826194,0.025427765673472765,0.0582734451505628,0.0023710421363264287,0.030322243643444612,0.10481805605200802
cfb_20251227_psu_clem,CFB,21,1157.0,551.0,-10.0,0.1534523680030983,0.00978222238914774,0.00398848208262969,-0.008675918230909869,0.07711346229312874,0.006048919141036977,0.09192224994122132,0.0018591933057688441,0.04063029788524429,0.0102874628566993,0.021595104568176645,0.12937975508861665,-0.18912323539021167,0.028104926366423918,0.053200951103961946,0.015309489462152857,0.0342552202830574,454.0,60.0,45.0,0.06494014519487938,-0.04748320475718132,-0.01292786325608699,0.03656549598892203,-0.008249505623595495,-0.022055352785039315,0.009774564095716113,-0.01300792246896258,-0.051262156991546876,0.00980054433776969,0.0018192638221926822,0.8173281937759325,-0.029292858793312292,0.1310649949927355,0.753884057116189,0.7241734785062586,0.7390287678112237,383.0,154.0,-5.0,0.12392459385672858,0.05889180682206026,0.020818362556116177,0.07454341002152069,0.09643326158318884,-0.020947145532629594,0.013849830653844855,0.009699941934817716,0.07854025440530661,0.030280326629020277,-0.0046330867827641935,0.03691451459927011,-0.16064170941990452,0.006157304639645106,0.014364412142033895,0.0010666648713973648,0.00771553850671563,774.0,397.0,-10.0,0.20716875942341534,0.009712524609466984,-0.004329164559847369,-0.013223903731664953,0.06792737322779135,0.008257318548114932,0.12738627978239195,0.0020133744203703684,0.022973258573980953,0.011345008765377711,0.033151154819411985,0.18575875024546135,-0.21452352348878512,0.048940804256162,0.08829995659378881,0.03396615996542063,0.06113305827960472,0.10481805605200802
nfl_20251228_bal_gb,NFL,21,943.0,712.0,-10.0,0.23144287315208456,0.0171043457115273,-0.013641739955621934,0.005775489535914233,0.04707339079636266,-0.019189354138320187,0.07432627493597659,0.040191295810146875,0.019157457133080008,-0.03600373854134617,-0.005603591649300276,0.05973782770067851,-0.24364402096681329,0.015479474739714037,0.032230185329109075,0.002710310846294172,0.017470248087701624,541.0,96.0,0.0,0.05086564564183879,0.001963668385658527,-0.0960586829829011,-0.02572429517817966,0.02253620481459518,0.0221504145789504,0.07187926692386215,-0.004429270301111772,0.011974963667440365,-0.007445555351968474,-0.016559490308180828,0.7003682889799899,-0.05544989516441355,0.12961027412024026,0.5481345648032504,0.5124674170134946,0.5303009909083725,370.0,309.0,-10.0,0.24882811717680356,-0.02166597349384697,-0.032716625038847966,0.021405677622619284,0.024743711603428253,-0.024264520225176094,0.07806851797949026,0.04413802988701115,0.028346554616680675,-0.0402312822109091,-0.02103611412696625,0.0858144730374136,-0.33510123988625273,0.03145590852938496,0.02878584346239564,0.005636988872179146,0.017211416167287392,573.0,403.0,-10.0,0.21917479413824367,0.033954981662616485,-0.011229579782671341,-0.0006978076890832956,0.05805972707721268,-0.01805929352309816,0.08260701550555127,0.039940911157670546,0.019313059807994536,-0.03598736127296089,-0.003311379981693805,0.027472804454631655,-0.2646342486139511,0.007475621244804871,0.030143789981226472,0.0005353412876685727,0.015339565634447522,0.05548483968754676
cfb_20251228_uva_mizz,CFB,21,1211.0,401.0,-10.0,0.24298666036060793,0.02242090045021341,-0.0343782244820124,-0.0032821627904424827,0.010723232301614151,0.028306383454782303,0.07160471358492679,0.022334064465978663,0.0025022029588349344,-0.006169341954189699,0.03787507988131503,0.22842913420451377,-0.17545099169173428,0.05194353481212103,0.12748051000452462,0.03535500386486317,0.0814177569346939,345.0,29.0,,,,,,,,,,,,,,,,,,,421.0,112.0,-10.0,0.23917912640773864,-0.04719160377824847,-0.028427749505781905,0.028728109326214776,0.005286110017431926,0.0021105097612349267,0.0923889251087422,0.0507028807505026,0.004703392746105575,-0.019212254285486723,0.021989982470374942,0.021817988289449988,-0.20337011463955193,0.004536095252733822,0.01906321464629301,0.000200919163825598,0.009632066905059305,790.0,289.0,-5.0,0.26451904581614766,0.03763034806000644,-0.03513891662304091,-0.009492155009963725,0.012971543427160672,0.034885974312263736,0.0673492409118953,0.017525387764631976,0.0028252002809953888,-0.0033173515126214024,0.043011905974676135,0.24576378339074365,-0.1844808582371187,0.060112087811628044,0.1416325485455909,0.043582335608242276,0.0926074420769166,0.10481805605200802
nfl_20251227_hou_lac,NFL,21,1019.0,798.0,-5.0,0.2587763529766923,-0.0047094379684657324,-0.02575827335110678,0.00023052908059718617,0.03794239881725121,0.004568209139758209,0.0309627446706931,-0.002951360670968809,-0.0009374204840370055,0.004166044527392067,0.030433173442739967,0.10449841557190924,-0.29335326458992683,0.03423215758135382,0.040571039018857336,0.006758093214872325,0.023664566116864832,659.0,161.0,30.0,0.05573435993247814,0.022829552083008707,-0.011063022264095192,0.0007829797052220234,-0.014797701138118112,0.005619195393084076,0.011852512690010156,0.005911589979250262,-0.02603383686524172,0.0005959852832936462,-0.002156748038845258,0.6286567551009576,-0.08510036984187117,0.14406865641847597,0.5337765157764199,0.49163652587238516,0.5127065208244026,364.0,304.0,-15.0,0.1796335365441723,-0.024048834845227924,-0.051865165934085945,0.012995843193616782,0.06181222131128846,0.03838130682068926,0.025513802539319445,-0.0356912062030373,-0.015504921888804224,-0.030739092910602374,0.010162320676470944,0.23177880435397033,-0.3383995410551949,0.10209799139132973,0.1100799184182526,0.04433118901587143,0.07720555371706202,655.0,494.0,-5.0,0.3045540112535826,-0.003072250190787727,-0.004713984129316363,-0.0011742504875642712,0.018213768581042743,0.0012881001524884946,0.03720353950006542,0.00039123820918964333,0.010687395545831188,0.008605436183664496,0.04352449393989297,0.04549794303782875,-0.3125034550622115,0.014896001840788776,0.021853367284196727,0.0010821390606845708,0.01146775317244065,0.05548483968754676
cfb_20251228_lsu_hou,CFB,21,1349.0,673.0,-5.0,0.19996155749554387,-0.009341432320895737,-0.012700219550514268,-0.0055995596146814226,0.06549254715244436,-0.032417207258507316,0.0955678182009943,0.023042716671997414,0.0016901393383423455,0.0010643863184295636,-0.006959719054383877,0.06960971208502369,-0.26306737951148806,0.01968211059876174,0.04677322575385607,0.0028308342422804895,0.02480202999806828,611.0,43.0,,,,,,,,,,,,,,,,,,,396.0,106.0,-10.0,0.18214541799197873,-0.0492809456370608,-0.026723653619173136,-0.057872181112955785,0.09071058267789545,-0.13084550802977446,0.08583561615452343,0.03838718168734899,0.02353422297331521,-0.05853991899514413,0.005220306060403951,0.03396489825389603,-0.18728947125430512,0.006584924112675094,0.08894721000132472,0.0003726686660137664,0.04465993933366924,953.0,567.0,-5.0,0.22270795833578452,-0.0002653798816319829,-0.009770539582359797,0.006627246449042013,0.059872838941111346,-0.010355127278977786,0.09717633648392919,0.02038584943220968,-0.003282136927103787,0.015279539796408522,-0.009779575599257807,0.07407290871662628,-0.3489782553776116,0.027917786074111266,0.03912400560737511,0.0036732119142965035,0.021398608760835807,0.10481805605200802
cfb_20251227_pitt_ecu,CFB,21,1254.0,680.0,-5.0,0.3880154175668261,0.042928351624525296,-0.013521285540860984,0.0028074776385644583,0.08815097668171279,-0.0029704915606792925,0.07427556199063041,-0.0006276639710432919,-0.016463323891391293,0.0011286517005680808,-0.01789311926955954,0.0,-0.26583084177090943,-0.010204023622551496,0.002620638977515576,0.0007667282635725714,0.0016936836205440737,468.0,187.0,-50.0,0.02743715928515531,0.03979207933244412,0.021634844499184725,-0.02720410917999172,0.0004860013612284409,0.026327835812101883,-0.03413176875775192,-0.04659016764514669,-0.0071655320673185505,0.020235110162497467,0.011551113819065793,0.6680286012861416,-0.08930357708578557,0.17970627566589822,0.670250814256785,0.63190191845629,0.6510763663565375,403.0,152.0,-5.0,0.1399239325601296,0.08395121240836295,0.02810483647260895,-0.03189015104648895,0.1216391507429321,-0.02260071325085956,0.05230919080287401,0.005025739148475704,-0.02022920780154734,0.03964096787580086,0.03439646668237529,0.31273695736147944,-0.21041514847798118,0.09574877337377645,0.14118429082731637,0.07867208469250624,0.10992818775991131,851.0,528.0,-5.0,0.4478971186541395,0.04468950200084027,-0.02224486521582828,0.0051686262223123135,0.08176272595906155,-0.0020174511865222286,0.07860675028917202,-0.0009677512600947114,-0.01582031080584299,-0.0009377671708692832,-0.02878601987967768,0.0,-0.29256441099806996,-0.04533799979133363,0.01257808906292857,0.0031896889207185196,0.007883888991823544,0.10481805605200802
cfb_20251227_unt_sdsu,CFB,21,1067.0,319.0,-15.0,0.07122916538791237,0.015080152666959909,0.030790201716814854,-0.004432096749647891,0.022019759879786393,0.015092506124998024,0.018757871946158307,0.0012516508245065466,-0.009608685537673732,-0.012570861299676963,0.02278204018091363,0.26782886307386294,-0.10960639368761844,0.04009411779085542,0.10028756805319584,0.04388503463521152,0.07208630134420368,343.0,41.0,,,,,,,,,,,,,,,,,,,387.0,86.0,-5.0,0.13226238529200343,0.06368829637524721,0.014484110714990462,-0.016354818096600898,0.06748316662409995,0.05335025233208391,0.04044841138770654,-0.019173607910859643,0.01198338105095503,0.013698221044976049,0.039021123930597944,0.15738918889510412,-0.1099706023460275,0.020541136759035267,0.06696043893569371,0.012300230712179904,0.03963033482393681,680.0,233.0,-15.0,0.08139710594184167,0.01101523448697937,0.03831363153449132,-0.0035024679548186356,0.0158230120598046,0.01245390146233052,0.01681082504632219,0.004290766341455929,-0.016096961611393325,-0.018157435280299682,0.022590396370531497,0.348060694249602,-0.1199222105109848,0.06402468370634026,0.1408818693000471,0.08690077338849327,0.11389132134427019,0.10481805605200802
nfl_20251228_tb_mia,NFL,21,899.0,470.0,-10.0,0.1420624675832984,0.009756923337525193,0.005615679448718219,0.0025846920841827293,0.009885557809105217,0.03257155866681995,0.04020420468124381,-0.027850901720930875,0.03628682352303143,-0.016024000515881303,0.05707972210218645,0.1626589581867698,-0.23563573419490438,0.045773778092519334,0.0964326253428633,0.015230807721335747,0.05583171653209952,361.0,42.0,,,,,,,,,,,,,,,,,,,351.0,211.0,-10.0,0.15684005546412538,0.015971362593417287,0.06433093369596987,0.0035766082705366393,-0.013776680937207983,0.02265395712364,0.10602772917229446,-0.043541832950749544,0.012370281000053303,0.002374774908783807,-0.011141841213230816,0.19466394180914673,-0.3016306969403851,0.07290946411732689,0.11385457257591086,0.020915982310606707,0.06738527744325878,548.0,259.0,-10.0,0.13472255585373208,0.0039191046705367855,-0.0037991922561703253,0.0023891366779956766,0.014854125663955598,0.04457251457541781,0.03558825444106728,-0.011418224504352007,0.046012972588100075,-0.03599069527395909,0.07818401432616749,0.18735648646845604,-0.23825135473727124,0.05492929676622859,0.10677677799042964,0.022781636386632408,0.06477920718853103,0.05548483968754676
nfl_20251228_phi_buf,NFL,21,1168.0,942.0,-10.0,0.44269779566196776,0.004470673281867745,-0.10742492208078082,0.021113459337262937,-0.049914900096766954,-0.005355975579235015,0.032655200031863285,-0.004305656715884002,-0.019460730626815515,0.0016339222072338428,-0.02595855199262503,0.10473942990643857,-0.4383219905002931,0.05128070746560209,0.026101670835084842,0.0057961584467322354,0.01594891464090854,536.0,111.0,-50.0,0.06140365293228994,-0.018064828487636266,-0.05645835679701736,-0.005293429962280033,0.06582850956733427,0.03752160151692718,-0.07504873671311288,0.01016903142265902,-0.008130619634456925,-0.008579181275104071,-0.026682453090480715,0.6166305246502202,-0.1059293980277106,0.1703821104226229,0.4478348626020294,0.4462141770350239,0.44702451981852664,437.0,344.0,-5.0,0.19978071891506718,0.024307071474024285,-0.071287854066982,0.01574209653607761,-0.03714284773938182,-0.03158715172547686,0.11332391018259541,0.0072907293880064925,-0.04574373383215065,-0.02581465284825211,-0.017335277273832342,0.09469630331764184,-0.4369424693185136,0.045704923948259514,0.04626815216176831,0.006086070917121643,0.026177111539444974,731.0,598.0,-10.0,0.5316141211934562,0.0022171032913061274,-0.11664890088817716,0.02227927362280367,-0.05517391104345784,-0.0030639682357670316,0.015210919541168957,-0.006104363659733382,-0.013842779405812812,0.004381113957498196,-0.029943456125326836,0.1298811482430846,-0.42104303422355815,0.06284837138545939,0.025339658993678377,0.00823245753412303,0.016786058263900703,0.05548483968754676
nfl_20251228_ari_cin,NFL,21,446.0,192.0,-25.0,0.12801633485523592,-0.004225196833035693,0.021839453025010613,0.007439377398753669,0.020531020279347455,-0.007201675145442834,0.030535257292735735,0.010965646866644843,0.04717662288354774,0.0012880861788030617,0.02847350964918055,0.3042110138543764,-0.13594485400272902,0.05943744826078616,0.12777503492338835,0.07724203558796744,0.1025085352556779,269.0,61.0,35.0,0.06373400199421336,0.0659121886932507,-0.009964791096262325,0.004049613579272979,-0.0016859510158068719,0.007411325374978302,0.03822882493277509,-0.0006034368999167501,-0.00036847262574113795,-0.02203503414253637,-0.004339254724904202,0.7818397953971815,-0.04860559286559246,0.17419211194076112,0.7773339436013984,0.7631818470182371,0.7702578953098178,302.0,135.0,-25.0,0.13584481643053203,-0.008056140094031317,0.004412409988327801,0.01927096943808455,0.03876044365307234,-0.01850868685799784,0.05098881130379944,0.04221889968209085,0.04868487586887211,0.006060163265703299,0.058739239903374416,0.2849740450470079,-0.19405503755354994,0.07734075753518595,0.132163441959459,0.06544233739845437,0.09880288967895669,144.0,57.0,-15.0,0.10487509292036129,-0.0051949143481283605,0.061405660008269344,0.004121327223338573,-0.0013905434822665988,-0.004307903810318422,0.0073735521980678575,-0.0027940715138568308,0.06669612647709547,-0.001592215054636373,-0.012616819782425813,0.5436329184859952,-0.08755346309953467,0.10429530655553051,0.35493434045181005,0.3449176786937594,0.34992600957278475,0.05548483968754676
nfl_20251228_ne_nyj,NFL,21,180.0,137.0,35.0,0.07182033431626898,0.012432256521744185,0.0024665792636066465,-0.03054017401146824,0.0036480604209281776,0.012624949514668943,0.03574482433905469,-0.010362087145071341,0.027676557275846073,0.004132245353814713,0.1280351866523821,0.642115985900238,-0.08171925927653947,0.14662080637880948,0.39212957496751694,0.36788880466486773,0.38000918981619236,575.0,78.0,-10.0,0.05379846242718261,-0.025760844052251323,-0.003982824728339479,0.008764422395892292,-0.020518799430148914,0.0012177886991676238,0.005934496599378932,0.014719789429892596,-0.001463344771939419,0.00904570915870302,0.04817603196989557,0.8176795970193731,-0.027238282967016556,0.12215960405888514,0.7684603304856551,0.7533872351943219,0.7609237828399885,180.0,110.0,35.0,0.0719831421083967,0.03944170605710428,0.004236297105602058,-0.09930497135460091,0.005700600698059008,0.04006230866437012,0.03834334188993255,-0.0338844646706187,0.030109287544461415,0.012765733876751477,0.13241037676113557,0.6849518250653719,-0.09617569499391682,0.2090972843333657,0.4847176272415342,0.4684802395636795,0.47659893340260684,0.0,27.0,,,,,,,,,,,,,,,,,,,0.05548483968754676
nfl_20251228_pit_cle,NFL,21,942.0,663.0,-10.0,0.31343694108781156,-0.005684059244479215,-0.021875285678675888,-0.012322499123402414,0.03093087846504226,0.018875077368489073,0.08440135811833618,-0.000818710805124619,0.015141714330850844,0.01430654473036155,0.0460219391836206,0.1463471388289765,-0.3443588283623087,0.05903562390945469,0.05361366749949387,0.014554962589533281,0.03408431504451358,535.0,169.0,0.0,0.03688576953831164,0.002228948383450196,0.016141427120062793,0.03312659288130328,-0.002723251006541702,-0.033562024631946005,-0.011664573000001345,-0.05208245051226945,-0.007184962299416701,-0.03166643266947845,-0.0075382504556977545,0.872658515309594,-0.034916086847460004,0.23927646660319565,0.8791436781284847,0.8390089500491024,0.8590763140887936,379.0,276.0,-10.0,0.29156453140815236,0.05133632130259411,-0.00500414769734845,-0.019275265306806014,0.0378424764915638,0.016199285540852863,0.09702482622058552,-0.043947946517739894,0.04954391882141774,0.07450587303999427,0.03272130218948574,0.17433386729541064,-0.3507287859206873,0.07405403128391841,0.05915991629824829,0.023666851408041784,0.04141338385314504,563.0,387.0,-10.0,0.32849450475589886,-0.022907213061241816,-0.029870290869275024,-0.01162358018161307,0.028822034245871243,0.021090029556301744,0.08119000444809846,0.011338340837270288,0.00031941944508104595,-0.00202428011552287,0.05416386663525903,0.10748510396524275,-0.3337788891665268,0.04019681773700082,0.05040931679852668,0.006901024020439275,0.028655170409482976,0.05548483968754676
nfl_20251228_nyg_lv,NFL,21,773.0,378.0,-5.0,0.17849519017381904,0.0009732630368715457,-0.045881185566980336,0.008255962298895667,0.010402975108342047,-0.0034272766987810317,0.10803623112702034,-0.0039713141619255,0.010448903753384725,-0.00423464824149921,-0.011727802468256839,0.1501474430165137,-0.22581298141241085,0.03989544007416318,0.05793401988882365,0.01476192898660406,0.036347974437713856,368.0,64.0,35.0,0.04587974911076224,0.006754707065098511,-0.04959966252692961,0.020103250194656523,-0.006853562266358018,0.025789046806200182,-0.0016756745509194186,-0.008945121854449636,0.09312279348463862,-0.06143539696193059,-0.023310957203862715,0.7716083092143424,-0.04809288916855827,0.1624790848079065,0.7155463529625222,0.6770184865971967,0.6962824197798594,421.0,196.0,-5.0,0.22539030003902713,0.011324657041058837,-0.06887692965634601,0.018278116275425655,0.0032103937057629648,-0.0040400520438639426,0.15775939375329534,0.004661807364127408,0.008508049266917188,-0.01873167908067716,0.00939368666839184,0.1523003775164838,-0.313197925253539,0.05627012327048784,0.051805022262437515,0.016629527021021658,0.034217274641729585,352.0,182.0,-50.0,0.10559633995234884,-0.003339521467946798,-0.01292228094181468,0.007314278767158849,0.022521171793261106,-0.005641222738745065,0.01958961875379843,-0.010971639570080181,0.010304077603664972,-0.0014813693283826852,-0.06824475498350434,0.4547592047636019,-0.13457647002115952,0.11224378113560081,0.2630316769406492,0.1798196460796454,0.2214256615101473,0.05548483968754676
nfl_20251228_jac_ind,NFL,21,1084.0,670.0,-10.0,0.30150731363593625,0.025109259605746864,-0.005675423529245484,0.0030277454674217945,0.060436152088746024,0.003609749937796121,0.08296651711928588,0.0059250382815812,-0.014381793904752553,0.002086075366700807,-0.006182360485548638,0.0,-0.3444369323671284,-0.005939673547995656,0.011776957098830957,0.00014725236157992616,0.0059621047302054414,172.0,164.0,-30.0,0.0457959124873773,0.012931585378938664,0.016369496266355314,-0.0486762501712372,0.0037846175186988665,-0.0014718037343074701,0.0745714118602437,0.020793364829318525,0.0072123668784236416,0.0011216523595017139,0.0029568790658828646,0.3886271420036154,-0.06761435550492613,0.04297994815211645,0.3292687529192855,0.3127652804511401,0.32101701668521276,388.0,253.0,-10.0,0.15548060778576375,-0.005334901636088919,0.013604724406297909,0.05238263725476161,0.2057245396314539,0.0025057113788759804,-0.025876138196128235,0.043612199237442716,0.008574816649652236,0.006817731871012979,-0.05753660309093148,0.14684201752383935,-0.3565640383840879,0.06137032513111391,0.06821850055910281,0.013666454779645053,0.04094247766937393,696.0,417.0,-10.0,0.3565289915647467,0.031300560014061264,-0.008710169644587682,-0.002719025472254692,0.042133139200760485,0.004035044115606252,0.10232285546016615,0.0020887299710306965,-0.01947280047562103,0.0016420580096932031,0.001395832480368036,0.0,-0.3356294481424764,-0.02700976573491808,0.0031936512267767263,0.002573263274046556,0.002883457250411641,0.05548483968754676
nfl_20251228_sea_car,NFL,21,896.0,420.0,-5.0,0.20340615603998008,-0.001729666088727152,-0.007150275379957318,0.0008339034876740011,0.060039004332368265,0.0019168691413695032,0.07445507043896454,-0.002837135732486096,-0.033236089096730335,-0.001145961145675238,-0.04118461262773639,0.15340176266267183,-0.2936486440572405,0.05320849679956927,0.05123094853314934,0.013926734518619284,0.03257884152588431,482.0,130.0,-5.0,0.08447889405749767,0.004297636477879031,-0.0026317379788395718,0.00027226053731398353,-0.06613652970358791,-0.01503228744914712,-0.015830197303537866,-0.04130929549086812,-0.005638872958021858,-0.01784503979018855,0.011220699326568493,0.8545129087255002,-0.06179942766722428,0.3629765928432373,0.8186381988323682,0.7840747992420493,0.8013564990372087,362.0,181.0,-5.0,0.21405678454858842,-0.11766080154216789,-0.02747870253768587,0.09918561253202884,0.07226618669432257,0.0320515027270807,0.12773801424570613,-0.0023744049165720592,-0.12151530821649578,0.04161795427890308,-0.020843930112750833,0.05095475794505361,-0.38969375667753886,0.0209228708646252,0.021288260659927546,0.0012398386175086766,0.011264049638718111,534.0,239.0,-5.0,0.1930008459272173,-0.000770307696794413,0.0037331141331195445,-1.0933094725168614e-05,0.0588729113630312,0.0023529729184057642,0.050334121654355024,-0.0037773903070750523,0.015247689969283334,-0.0020407870527277884,-0.058259954062554166,0.25414571781969947,-0.22865598529405892,0.07791326121565587,0.10363192524795144,0.04765881361001114,0.07564536942898129,0.05548483968754676
nfl_20251229_chi_sf,NFL,21,1129.0,857.0,-10.0,0.546243023316143,-0.049087091160615735,-0.07932076013782062,-0.009552346653620165,-0.04192540850633969,0.0007949862876846957,-0.004415720112678548,0.0053957401276199315,0.0021423280724754403,0.0012769897445758134,-0.028198655406369646,0.2816071630229732,-0.3271827352098192,0.1282543437379516,0.10338107519093105,0.06336341516348774,0.0833722451772094,607.0,166.0,-60.0,0.04269487167057195,-0.008280417105208163,-0.028639669886541857,-0.010600735203629273,-0.028730418027646434,-0.041052168134465834,0.011297860325121771,0.03316024580561494,0.029644140560904066,-0.015170165537225397,0.013252395517106106,0.7797730223761654,-0.07996779868037314,0.2831475632212218,0.7144450383089279,0.6675767452758096,0.6910108917923687,375.0,270.0,-5.0,0.32616114808904817,-0.01062089008376888,-0.03985356948072895,0.011736666560699915,0.0762743655191606,0.08212994370239009,-0.049367745881250036,0.08810766569285486,0.028247072307046803,0.013132431926152627,0.04905172269049595,0.0,-0.30105332230585774,-0.021880384434476704,0.010873716981647618,0.003063155447936414,0.0069684362147920155,754.0,587.0,-10.0,0.6268264369060728,-0.05350646094189269,-0.08441846850795572,-0.011160343018257092,-0.056713682839926366,-0.0038198182491913455,0.0010614706933951708,0.0009233920647363121,-0.00120751713457021,0.0006633608292472886,-0.03783778073690467,0.3182715714497503,-0.3497688351258264,0.16329299489003188,0.13662310855071141,0.0797439864128715,0.10818354748179146,0.05548483968754676
nfl_20251228_no_ten,NFL,21,993.0,558.0,-10.0,0.2786577765714207,0.016866413256970452,-0.030495080984857297,0.0030814718446566408,0.04582536875667551,-0.0020439051500728412,0.06949240771553762,-0.006536864267901167,0.026947580061426786,0.001319915915484775,0.004605036876340223,0.12673272226554957,-0.21498238365794464,0.031199271305334623,0.05465607750652675,0.009754976650851075,0.032205527078688914,412.0,97.0,-25.0,0.05696363445991123,-0.0241260767537255,0.000920686356532213,-0.0031264997049314154,0.06129759912179654,-0.013365947117776325,-0.05654656480729614,0.007473914577478723,0.014045157183875836,0.02531660917984699,-0.009023325433335729,0.8071541154144596,-0.06001305904427122,0.2511839321347202,0.7454701847306,0.6746679193731644,0.7100690520518822,359.0,167.0,-5.0,0.15209753004549162,0.03720086978841108,-0.04611306319111427,-0.03354747293253592,0.08003457172034337,0.010641794647096726,-0.0012372017304710847,0.020437483247600943,0.011625077598958205,0.016655665334967776,0.042619804031868685,0.3164285986459536,-0.194451376049735,0.09001250828562149,0.25423116960021475,0.07566176205979677,0.16494646583000577,634.0,391.0,-10.0,0.32431831839913505,0.01340733069383023,-0.027704135574853586,0.01020255476855514,0.039274196666919295,-0.004570118146199955,0.08420333235272986,-0.011950474166353621,0.0301908481373423,-0.002038562245794103,-0.003031993624292567,0.05759630203763884,-0.21847416039486456,0.013352349695496143,0.020365576804833,0.0017955918899143005,0.01108058434737365,0.05548483968754676
cfb_20251229_gaso_app,CFB,22,844.0,234.0,-10.0,0.11838121660373271,0.011495406249243768,-0.019596872718487084,-0.014858776944551984,0.009488861577545358,0.0010693479668017567,0.04238410147777011,0.031133089267328728,0.02002419706563909,0.03084607736124559,-0.010499156397109879,0.16388017052900206,-0.167810910047328,0.03289107563993858,0.04266587747902353,0.014216911608718361,0.028441394543870943,396.0,29.0,,,,,,,,,,,,,,,,,,,376.0,119.0,-10.0,0.14867358367508762,0.043721117442954135,-0.07718925814744634,-0.05985646959405381,0.0011187513838975694,0.018132376474314694,0.12601776963459793,-0.0027808563055946476,0.023778236446939077,0.03306871957498136,-0.02522493275946307,0.16796420771958911,-0.21980018635689766,0.04437136539146881,0.07779391218407733,0.014161685646000689,0.04597779891503901,468.0,115.0,-10.0,0.08075810486598729,-0.0031820498294778325,0.03193961415335801,0.007505377388017564,0.01615972632750864,-0.006999829979759981,-0.03520639144285753,0.05312646266679012,0.016331329627903308,0.031533153374890745,0.0009640872595127974,0.1625149660358393,-0.13910794813047117,0.026994062638624135,0.014543572013739408,0.010211446741340524,0.012377509377539966,0.10349543237411586
nfl_20251230_la_atl,NFL,22,1029.0,918.0,-10.0,0.3500392992681456,-0.008236813998371251,-0.025221174249735145,-0.02162934042125619,0.027533159477330153,0.0113712125816342,0.06843440088957649,-0.0014465413307966617,0.015123402353067271,-0.002547653869789318,0.009249497407991962,0.0,-0.4020919785540169,-0.014905947866344294,0.04356475235930599,0.0006920692076754194,0.022128410783490707,673.0,126.0,55.0,0.07050026643229584,-0.02114311297637124,-0.006574213629324281,-0.004780008247700203,0.004182644719778068,0.018537759729435353,-0.02651658169077968,-0.06042334638452682,-0.0021293054586060986,-0.020860405188969113,0.022279371922389678,0.6596613417212335,-0.14416371883296286,0.2794253014742173,0.52926907970103,0.49338117843761853,0.5113251290693243,384.0,297.0,-5.0,0.3785106497709776,0.013495007492815018,0.005931334765354599,-0.034105037513546196,0.09724175473280257,0.03180776850046496,0.04382372205183037,0.03885176591426869,-0.02362132964470172,-0.06018446532799552,-0.0008879235620961873,0.0486031301146997,-0.36761243872130706,0.018779875945048888,0.024936770193281395,0.001109941918457196,0.013023356055869295,645.0,621.0,-10.0,0.38478535812181264,-0.012401958848697981,-0.028256524332872224,-0.02009946968586424,0.019411542392003794,0.0078040126707839726,0.07442960640951671,-0.008970086181983269,0.022710590981818452,0.006763590584213694,0.012960253048599728,0.0,-0.41791433227256897,-0.014607192275869197,0.05391844042196136,0.0006243732787052595,0.02727140685033331,0.056325815187780105
cfb_20251230_ccar_lt,CFB,22,1523.0,662.0,-5.0,0.21583290015870352,-0.02292124972156043,-0.005083952666085843,0.015712915967476957,0.00907724626664468,0.0038964906891709034,0.036954251345111634,0.005432268856622019,-0.03019671637504301,-0.0028058633301733453,0.011808828473215927,0.12091908939849139,-0.27791550651084035,0.038227755342812524,0.05281155884978536,0.009347001690822814,0.03107928027030409,494.0,30.0,,,,,,,,,,,,,,,,,,,440.0,113.0,-30.0,0.10419139532079721,0.012142199972160334,0.016436268054152648,-0.004262773691382779,-0.011536552957613085,0.024009383819278033,-0.005021861578134451,-0.015127968117989547,0.013855089236901087,-0.019246578100336854,-0.05022029818042205,0.17069576837602674,-0.15363514281733526,0.03162273596676478,0.07618172717825518,0.010821402153751863,0.04350156466600352,1083.0,549.0,-5.0,0.24391605870995103,-0.027494071103307725,-0.008796670327144334,0.01898824818354159,0.011396442462114935,0.00301163720267601,0.04243990511519512,0.007982663200925453,-0.03722620252023763,-0.0015524062205269076,0.019990058437323956,0.1313192499151811,-0.3264872741813843,0.04935537474286749,0.050751843057062464,0.01261571502782813,0.0316837790424453,0.10349543237411586
cfb_20251231_usc_tcu,CFB,22,1439.0,708.0,-5.0,0.5049617983729608,0.060802284859079736,-0.03082110273126232,0.006053145244941348,0.03560835994213695,-0.01749436428918239,0.04615118579541314,0.0014545652121806594,0.006013649723598725,-0.012488659864208775,-0.017386193639090643,0.012779373142869132,-0.31211921533586756,0.004040320683467455,0.005849439054042495,7.785228738618267e-05,0.0029636456707143387,575.0,82.0,45.0,0.04484193889226294,0.021836205261610574,0.051618385977712816,0.01457327300409558,-0.006565213809531855,0.0035295963438943556,0.01163838807648992,0.012663140476449772,-0.018396061428322837,-0.0341352096387237,0.0005462687127100572,0.9573007385307212,-0.024714150029771714,0.5540815756891145,0.9615802292652756,0.932114298176711,0.9468472637209933,414.0,166.0,-10.0,0.16187128487985153,0.019898411237525372,-0.019304604567541666,0.07238471168593087,0.013169993491950928,-0.01786369708877221,0.1303597186553877,-0.06487227617918048,0.026612258426806618,-0.06314873163498119,-0.02231685880858364,0.0,-0.2463637486995495,-0.062349241770211436,0.0336116873474833,0.0004519445680340408,0.01703181595775867,1025.0,542.0,-5.0,0.5379416876282923,0.06396610990136893,-0.03278598638247949,0.004492878640800169,0.03890635219972905,-0.017931883374383253,0.03707212077599145,0.0034771189334083874,0.0036751712680241815,-0.011358049664324176,-0.017169581145432187,0.07257076138440655,-0.35396663293537217,0.027697668983500612,0.009017393389760745,0.0027231433063778145,0.00587026834806928,0.10349543237411586
cfb_20251230_tenn_ill,CFB,22,1310.0,793.0,-10.0,0.27362774139263785,-0.005566248832356806,-0.01916147180074252,0.04112795757910553,0.041782360237221594,0.0065502422961517094,0.06783318024958321,0.0007121853574374238,0.009551009986621862,0.03403035813330897,0.003135704305542174,0.12830956508131794,-0.2964411142808098,0.04363502101424376,0.04264395120734597,0.009602020616483777,0.026122985911914875,475.0,97.0,55.0,0.06378896497897259,0.049220328651715,-0.0303916636444251,-0.013264651060437635,0.017499367889148826,-0.05427088967770749,-0.013796239790192117,0.051988735556849214,0.006208836527999207,0.019013064791653135,-0.0035982542566889487,0.7990603975406868,-0.043926020045668444,0.17467708012998118,0.7774199961884991,0.7232697004657069,0.750344848327103,431.0,230.0,-10.0,0.10970951608328952,-0.005740412557785776,-0.009107906851679093,0.021232047720229786,0.03444509628573567,0.0031602549312993986,0.05774824635344692,0.01796772458228741,0.014534197220880628,0.023867006548945444,0.012406341741829512,0.15608409243256197,-0.3485881676748248,0.06447214384320264,0.08111354869807115,0.017118405386070838,0.04911597704207099,879.0,563.0,-10.0,0.32112488890637925,-0.005762782736410827,-0.021930035699501166,0.045419711862524643,0.04372836635813136,0.007242108652123176,0.07053529899787048,-0.0017115675837060529,0.008149084206550548,0.03665401840758816,1.6975246452103096e-05,0.131684900717079,-0.28191805650247675,0.042754469329784606,0.034494649263444595,0.009777940847933063,0.02213629505568883,0.10349543237411586
cfb_20251231_neb_utah,CFB,22,636.0,193.0,0.0,0.11119181158696662,-0.006081357725743192,-0.014320171873563192,-0.03348757330731718,-0.003947053155364065,0.0389810775768694,0.0793439020502802,0.00669999186409322,0.014095411242280233,-0.040147376991681,0.005788839101224964,0.23886886921114822,-0.15969807636550132,0.05011869489175495,0.17035733187827073,0.04666253297843879,0.10850993242835476,257.0,11.0,,,,,,,,,,,,,,,,,,,319.0,131.0,-15.0,0.13873538355468826,-0.02249343167228764,-0.025102322521841604,-0.014585417077210438,-0.030263306817393018,0.030866708862944677,0.12816613224359857,0.015890063215901824,0.017436456372680455,-0.03992738850620161,0.03385110687476225,0.2095105648392235,-0.2224903711088756,0.05896863544144421,0.16264090848866472,0.03476337419930338,0.09870214134398406,317.0,62.0,-25.0,0.07780272497660913,0.006238179758916583,-0.0009079308374393799,-0.052349323741786045,0.03262144906120498,0.04981380003470812,0.020053639958157635,-0.00016327829661694248,0.01119046760766401,-0.04547070755463057,-0.034600662084515156,0.3838261230607276,-0.08556271126298258,0.053298597963561095,0.2641504518682088,0.1597270249551584,0.2119387384116836,0.10349543237411586
cfb_20260101_mia_osu,CFB,22,1110.0,776.0,-5.0,0.24628072164967488,0.06952245759704435,0.002679710193266062,-0.003970256927605968,0.08338889960231322,-0.01129724239262687,0.03799447172006448,0.0006611030870880011,-0.0005002601960091077,0.008285154608408679,-0.006002335099596923,0.028644153297888882,-0.29517169037306673,0.008704269580451725,0.06841913227951088,0.0006139873665260317,0.034516559823018454,593.0,114.0,30.0,0.030368908994650657,0.010100718142764987,0.023301955868381866,-0.007187171207815274,0.01464763752921024,-0.0006403035302912558,0.01128778344989309,0.07308371943831003,-0.00417685990374007,-0.00882007262943515,0.02852915212253695,0.6570614120940721,-0.07556871696510367,0.1447876956116958,0.5408925369637066,0.5014869480019263,0.5211897424828165,371.0,267.0,-10.0,0.2636898062634348,0.08808013858351886,-0.0016115434679863912,-0.025238530930501237,0.049350702675626267,0.01002273398494052,0.044564702351518125,-0.008693467591498643,-0.02032178698522721,0.015372615518741216,-0.014469036689874122,0.04345109208445679,-0.28498657754051804,0.012945472961263962,0.05858813939464258,0.0013348926588768505,0.029961516026759717,739.0,509.0,-5.0,0.26711308896151387,0.06083814171229819,0.008501092707650981,0.007126178643928194,0.11463467981331388,-0.021467070117314024,0.038087227228000516,0.005765592532103109,0.015757108726942474,0.00544152861377699,0.0018244391071339633,0.028517124304568084,-0.29810450757894646,0.00875062598740653,0.07932338831639987,0.0006261195727155186,0.0399747539445577,0.10349543237411586
cfb_20251231_asu_duke,CFB,22,1560.0,648.0,-5.0,0.27933514249043895,0.02617538501940135,-0.022593447664149703,0.003916430403738541,-0.0009132020314411498,0.07100553826359814,0.046608349359228564,-0.04038469964233625,0.00026658508380371333,0.016220962378347626,-0.009597935747721578,0.11353063977229379,-0.2865019691692054,0.03669247163539502,0.07095074325314703,0.006865985631015529,0.038908364442081275,348.0,52.0,10.0,0.06783154473648936,0.002363255557175493,0.007991524155432188,-0.0630154519231607,-0.0011224746898047453,0.013867826399896593,-0.009128862072487812,-0.004385155254448881,0.010339690436008138,-0.058814718643025996,0.04836644675567979,0.7916500738097233,-0.020170634598660506,0.0766407008670385,0.7257105318973718,0.7028510545283984,0.7142807932128851,402.0,116.0,-20.0,0.26041637485471036,0.054602327867720214,-0.05672272429460599,-0.0026771080267847824,0.012115593490308881,0.01445598525929063,0.09644455546666685,-0.023725275701333176,0.009089500855650976,0.061230092087316716,0.0064556809546618115,0.0,-0.2376687221827897,-0.023413532298679082,0.027564955181539785,0.003563398079461995,0.01556417663050089,1158.0,532.0,-5.0,0.30389122443633865,0.02173998671821308,-0.0174691633852877,0.0050340136576691175,-0.0030920130577708886,0.08197275803150726,0.0387710977098047,-0.04407802990280875,-0.001290444153897352,0.007998134238075544,-0.01229276219491197,0.16139803388573654,-0.3156939534641822,0.06075872160761392,0.08755169351577415,0.015709623764679062,0.051630658640226604,0.10349543237411586
cfb_20251231_iowa_van,CFB,22,1246.0,630.0,-5.0,0.2334225019550177,-0.035031143012032216,-0.02276433150465131,-0.007291280625769191,0.0653590385241889,0.021979494353454455,0.06503204553887587,0.0069131721070374704,-0.02427476741010912,0.007043663983034224,-0.03578475738740439,0.11625097642310979,-0.2707585868469251,0.03561639023769497,0.07074380565246385,0.011719015561043147,0.0412314106067535,470.0,128.0,-60.0,0.062212029707210625,-0.03171465678297828,-0.005617532274132259,-0.0015318676236554965,-0.05369883055119978,0.0016630894368750387,0.0002986452011143056,-0.013706540726148877,0.0033143303705045505,0.006882443419947108,-0.0025666068103264157,0.6811375025679447,-0.042045874179182076,0.08981621219910516,0.5964300693992234,0.5925169540138369,0.5944735117065301,415.0,187.0,-5.0,0.18416545600996365,-0.06213825759489398,-0.017163842315317267,0.0037912193046926077,0.09568595490788015,0.03181754329403857,0.07235722778018214,0.02541568507190466,-0.04535609475976331,0.03283264634105911,-0.008100907446940869,0.10493998394189592,-0.39115990020154223,0.04586096229238638,0.04357960703392349,0.010444065610112992,0.02701183632201824,831.0,443.0,-5.0,0.2688274908833917,-0.02105165225439701,-0.02633511163483979,-0.013230777342677946,0.04780229289529696,0.016922873208029827,0.06152184745292652,-0.00272224975269098,-0.012767451461168504,-0.005384363436279128,-0.05269041201018918,0.12422945576523066,-0.22132675199629523,0.031395554609353504,0.09109098124664332,0.012189981717844304,0.05164048148224381,0.10349543237411586
cfb_20251231_mich_tex,CFB,22,1388.0,647.0,-5.0,0.20934833497165062,-0.00459777297847633,-0.035353945231922285,0.021450657749888708,0.05598729802518508,-0.016016280290714145,0.010498151057855168,-0.0033972710640946687,0.029834529116191437,0.023775815127491332,-0.01871836416375766,0.06474702136632342,-0.24103963676969953,0.01668703427692736,0.04003252621846889,0.00236864823937192,0.021200587228920403,576.0,59.0,20.0,0.03932390073426437,0.03977573808954941,0.03291669941688304,-0.027311043048581597,-0.12623894591891857,0.000363512255821264,0.0013026152506591488,-0.01490918479918559,-0.06007150895980619,-0.020235440904616153,-0.0735072392520977,0.8942144817965696,-0.040261528779585276,0.3403343170729679,0.8619916845313949,0.8331738051454817,0.8475827448384383,428.0,168.0,-10.0,0.1210874549959516,-0.00226927740702139,-0.07508431502964798,0.018191758870043692,0.041749159902726735,-0.05973545222394492,0.04290768506235696,0.012283016979435925,0.016565764144234395,0.05176870076079377,-0.02918354728646692,0.1703187433103838,-0.19500670092999128,0.04003139274475024,0.08408398765041489,0.018818233280620978,0.05145111046551793,960.0,479.0,-5.0,0.26824733805924544,-0.005282548387818428,-0.023444918833665222,0.02323625041389675,0.06229449109798323,-0.005445009954242673,0.0038532862817078073,-0.007417876361214403,0.035556191857966116,0.01755757505947955,-0.01461930514289389,0.025887837072024224,-0.27732128460270755,0.007370042696951906,0.024190144491236243,0.00035760561099688567,0.012273875051116564,0.10349543237411586
cfb_20260101_ore_ttu,CFB,22,974.0,714.0,-10.0,0.2308129114055151,-0.012988697417487486,-0.030295585387838414,0.025374614134410892,-0.0010739814163044183,-0.0161222859208824,0.10522958450703807,-0.004465550387841397,0.01638482081974168,0.0022151949609245437,0.000714917564592768,0.044308537492072426,-0.27304153039258994,0.01265897139495745,0.02755947361718024,0.0010171150724755478,0.014288294344827894,580.0,143.0,-5.0,0.0671982871377356,-0.014995647581791815,-0.036577330229280856,0.010386393233057942,0.018752439507484054,-0.07732179344088154,0.005169265637564482,-0.06412727193527355,-0.030119241321826463,-0.049043013144423296,-0.01639406556484345,0.6978785352510121,-0.0649929446735278,0.15012895911945823,0.607297265518551,0.5938913752428935,0.6005943203807222,380.0,281.0,-10.0,0.24284164118146326,0.005652437143877077,-0.0528046313496581,0.00397353538075946,-0.002150542332287647,-0.0674997294023409,0.18904611478569716,-0.015727713989195365,0.011277776996037672,-0.04786707961598154,-0.008165125227798501,0.19398513661980865,-0.34311100218135904,0.0825771802207018,0.11451039615149881,0.022584910132328533,0.06854765314191368,594.0,433.0,-10.0,0.2182414873728807,-0.01996905798725733,-0.020882724378232922,0.03508727221695049,-0.0008426730955694049,-0.008182455480268682,0.07068045882733696,-0.0011036019818611452,0.017808448127382307,0.013021347932208289,0.0009808010299623394,0.0,-0.275085245345981,-0.027845788547500337,0.00533904469514045,0.0003054120354335948,0.0028222283652870224,0.10349543237411586
cfb_20260101_ala_ind,CFB,22,686.0,466.0,-5.0,0.07891590604583874,-0.005084512795359037,0.006273494708925533,0.028320819390271836,0.009428992104587652,-0.004297417596264,-0.005565555317734433,-0.002130206296626986,0.010948933171961337,-0.009487499075563722,0.012085997194046039,0.09783075035232493,-0.3356145431590614,0.03639386135054612,0.05381856620580001,0.007929882186820692,0.03087422419631035,354.0,203.0,-15.0,0.09718022853921983,-0.013565868599717482,0.013435265350206753,-0.0023390429951466616,-0.019808790056757418,0.0029992434772830854,0.0175424697993499,-0.031124378727134167,0.010773494617774286,0.005193852696893927,0.02230601656367282,0.4645457596798626,-0.19073833976750015,0.1654794756959865,0.387395220058845,0.3079716809127634,0.3476834504858042,349.0,269.0,-5.0,0.09481556884094051,0.0058032242435032515,0.015569160753560128,0.051809299247481906,0.00559289653121499,-0.0026485279053725438,-0.017543136091217625,0.008825351376941256,0.03218733848551869,-0.0032413708338970932,0.014874520945620225,0.011117038293782671,-0.40271385583231856,0.004527315698715422,0.032063514776898776,8.958109842112483e-05,0.01607654793765995,337.0,197.0,-25.0,0.12105850711424539,-0.011622103554603422,0.00618789984936183,0.029833136904977697,0.017657684913837502,-0.007086608847684511,-0.0014197759141222792,-0.007308563976604264,0.007230590873637298,-0.0156590718655961,0.015156312003945965,0.3501036206451465,-0.22650377085954376,0.12201912918244769,0.20400395738348465,0.15967721216269712,0.1818405847730909,0.10349543237411586
cfb_20260102_miss_uga,CFB,22,1409.0,944.0,-10.0,0.3890976434112421,0.006637097289030805,-0.0448648265408291,-0.0031396712301633646,-0.004428146009568966,-0.019113398763267616,0.03860096247339774,0.017564444146618403,0.009164112816137975,-0.0029730187689793915,-0.0013588275730264116,0.09744300543777504,-0.34316182739443696,0.03704887338339449,0.05311872298355259,0.004940959378177814,0.0290298411808652,661.0,143.0,-10.0,0.071856002418221,-0.016414890790096014,0.030464401862841363,-0.006729488888394476,0.08015123945330653,-0.009659472316134695,0.013352666106160673,-0.0024446309733423175,0.005787360650175906,-0.014488913870372459,-0.006604513001486408,0.7043180350694472,-0.053697638428253265,0.1279084275381485,0.5806164282384756,0.5406529691474815,0.5606346986929786,421.0,222.0,-5.0,0.1789233626271747,0.04535231902167829,0.013135845392197174,-0.01504147504703806,0.03535403825149013,0.02545404543096421,0.06535572258580442,0.06719728028861664,0.03570778685601721,0.017631174919723377,0.017172366054072668,0.13452136990409408,-0.332107812953118,0.051619527508559575,0.07926805050953364,0.011591838168790261,0.045429944339161955,988.0,722.0,-10.0,0.44259280762917463,0.00471249817404845,-0.04992193024452395,-0.0022054992400305836,-0.0073445486165107385,-0.022700268565368845,0.03736087784007249,0.01544662555037678,0.007569033984614468,-0.004246660255080764,-0.0025931759372349234,0.09387775535959644,-0.3466406799154094,0.03591330986438511,0.04524136317755456,0.004458505268150162,0.024849934222852362,0.10349543237411586
cfb_20260103_wake_msst,CFB,22,1371.0,599.0,-10.0,0.1981792666544066,-0.0008578820792494597,-0.012272146337100078,0.007736508321937361,0.028085548177853345,0.006638522094680163,0.04465529513998744,-0.0025371071148698895,0.026663856692261654,-0.006089586927234926,0.0011161912477498648,0.2479128708160206,-0.25781248683599556,0.08498354946331484,0.10638403067976711,0.04985949763882524,0.07812176415929617,473.0,50.0,30.0,0.05799969073505073,-0.004173141336913467,0.012127093462254128,-0.036205106544548254,0.011653468198772608,0.022031276210023012,0.004367725468584972,-0.012203477294720634,-0.0036945445227004204,-0.002882828041741968,-0.0106088835107389,0.8402373202671513,-0.017531359439125628,0.09220239983707797,0.7976080187016098,0.7763294389265314,0.7869687288140705,409.0,164.0,-10.0,0.22048493778419476,0.0156383159438554,-0.07757902075647718,0.04531517107744468,0.004727496466789552,0.014367410947212613,0.054948480072414305,0.03463892055818667,-0.018129460346023835,-0.00647781343202526,-0.0494029905401889,0.2501424419102106,-0.24858935351804695,0.08292608009485317,0.07656766876184028,0.03941452792796938,0.05799109834490483,962.0,435.0,-10.0,0.19218674487940554,-0.001420743723281358,-0.0021179906999406577,0.007903104747129318,0.03246002170914493,0.007525131156458376,0.04408796994756369,-0.005836349383693353,0.034466832636122824,-0.0067484958799606705,0.009326320025773526,0.23998774887532695,-0.27342324646582117,0.08633838377264796,0.11292755490462,0.04928776557732294,0.08110766024097146,0.10349543237411586
cfb_20260102_rice_txst,CFB,22,577.0,239.0,-25.0,0.06516220643657268,0.01371506881779914,0.041156979292058166,-0.018488902686912903,0.05544876670478601,-0.002279153737907677,0.008592364154767052,0.015205245483255506,0.017461469254649267,-0.011175377577600978,-0.014859279537111894,0.0,-0.1396506281089111,-0.005540592693431971,0.0035602308229533554,0.001099950170379217,0.002330090496666286,471.0,37.0,,,,,,,,,,,,,,,,,,,293.0,102.0,-10.0,0.059537442375263115,0.006388465641039206,0.07792038986640068,-0.013425713300133398,-0.012530122661408192,0.010434304673097321,0.011860305587730968,-0.006120292674132188,0.03415006303015856,-0.006641564879057614,0.009936879979102345,0.0,-0.16831350245229726,-0.013755213923457778,0.005250754817539739,0.0013001365046519588,0.0032754456610958487,284.0,137.0,-25.0,0.09499703030310033,0.02086427743413906,-0.02851962911216644,-0.02289293992234285,0.1883045530765017,-0.012501660840082767,0.0030016869557618884,0.034345016356092356,-0.013888729860400071,-0.014898327828553971,-0.06242442799596808,0.04453616264919155,-0.10614935490414841,0.004947842869936026,0.04002213421352093,0.0012280519668072946,0.020625093090164113,0.10349543237411586
cfb_20260103_ariz_smu,CFB,22,911.0,249.0,-15.0,0.07277402912294775,-0.0037940728472693895,0.012152075852909698,0.013817637053231815,0.003135800306266298,0.003412704868492939,0.017436234660928113,-0.04273987576685074,0.03221215840961428,-0.000424373390138117,0.011031488972507027,0.3145968347410238,-0.11483736428425989,0.052709811020758085,0.0950933643870924,0.06021957371443572,0.07765646905076407,487.0,136.0,-10.0,0.05605488247079567,0.021410790042561682,-0.005605236778306736,-0.03513135900820355,-0.005284676289545259,-0.028942393951884485,-0.06195848251308137,0.0244536774846245,-0.032620612428845876,0.025795671436142645,0.018577121816888413,0.6530994167882053,-0.0675758832470333,0.12722310677304374,0.5791444569816081,0.5462937030697922,0.5627190800257001,403.0,111.0,-15.0,0.09587213369712334,0.01484192127187331,0.010336594954425649,-0.0534873899833208,0.03632218692343102,0.014128358430325779,0.0019735045139785278,-0.03756828149549884,0.08757859268980464,0.01050969692798927,-0.0003801222382465544,0.2217402903604135,-0.17177776563835842,0.048942597385328135,0.05776236910631039,0.03144128508345638,0.04460182709488339,508.0,138.0,-5.0,0.06236570922357048,-0.007524504000143432,0.020829036182822874,0.02849990124497552,-0.02912935822831681,0.00392541547902888,0.04331847238138971,-0.062410106682817185,-0.0018340469235947267,-0.0016915182416578102,0.028958601685879604,0.513434281687485,-0.05164737877635031,0.05449938995916888,0.1778003255871459,0.13415016435113955,0.15597524496914272,0.10349543237411586
cfb_20260102_navy_cin,CFB,22,913.0,468.0,-15.0,0.07542145604099128,-0.013764934403560272,-0.00619295696196196,0.0134667350595075,0.06249376142760953,0.013093829552262563,0.037145035937243026,-0.000698742856094055,0.013068279996998678,-0.012947831699701632,-0.01515427979079237,0.3023877093238601,-0.24193820788183878,0.10487077343262083,0.1684214985402622,0.0884757861169267,0.12844864232859446,560.0,56.0,55.0,0.05670449552622404,-0.03532838321899077,-0.015790738007518942,-0.004737676694472254,0.03451777311485845,0.05082849970160008,0.03270858117807188,-0.013781124324775369,-0.04213407239520919,-0.025532501714875987,0.03430740814496082,0.9133339065464068,-0.026355512688833137,0.2777485681411815,0.8522379098213632,0.8435881002622572,0.8479130050418102,433.0,221.0,-15.0,0.10343857509406376,-0.004114741762594293,-0.012710169569061305,0.019926087263435005,0.03367470413216276,-0.03171190573328773,0.019141871653464298,-0.02079347674813761,0.036598828707345384,-0.045595735230052226,-0.041520150879800016,0.27517492275819916,-0.30169999745710024,0.11453835705067772,0.13464012908281178,0.07033272949233205,0.10248642928757191,480.0,247.0,40.0,0.07595574783154636,-0.022765895606284097,-0.0025089658788663804,0.013440388845277599,0.09285712097638243,0.04339656151586149,0.05563850193052476,0.011415516552715353,-0.004426075596038208,0.0035010518087589173,0.0019509366591508896,0.2977798922659412,-0.20479735216073414,0.08684532497874467,0.17845842231198078,0.08396991875294428,0.13121417053246254,0.10349543237411586
nfl_20260104_gb_min,NFL,22,551.0,291.0,-20.0,0.08448831179675081,0.005010832529949002,0.0014860900283436241,0.0035619924022352208,0.0008766980071725917,-0.012714262523679696,-1.1697028395651726e-05,0.0038625221504082086,0.02396950504070391,0.009178553307737682,0.0006374677142015254,0.31327445295089357,-0.16133482259549245,0.07359865743704187,0.13906588320349586,0.11378266480338091,0.1264242740034384,243.0,96.0,-25.0,0.04819029992690043,-0.012406590535796382,0.0013845783644498599,-0.009057369383432956,-0.00017029671143896222,0.0016465200253197158,-0.001959239691640301,-0.022952331831605353,-0.004566856490511926,-0.006473943947456753,-0.0013221246620934138,0.55242776421166,-0.04302269560854767,0.05310188980674024,0.45876741101095253,0.44184049892983845,0.4503039549703955,246.0,144.0,-20.0,0.1263736237428076,-0.0007912226996283105,0.00602197799290364,0.021612430960570663,0.007325449070011444,-0.03530174867711997,0.006037252813448776,0.0640657963144361,-0.04193126731804228,-0.005261604668389926,0.023814253208522294,0.2090967362543552,-0.2549888156702559,0.06741321168091778,0.09342327050558925,0.06554001265748119,0.07948164158153523,305.0,147.0,60.0,0.10106154430114157,0.007058073748288151,0.003145742993003166,0.0011886133918133826,0.001451368724903407,-0.011347051802899398,-0.0007558112700487366,-0.00564611068324454,0.06557262879532808,0.012563339110029428,-0.0004133743831448256,0.661726006041283,-0.05924824552836717,0.11590044040815153,0.44408210172698276,0.4370580368115017,0.44057006926924225,0.056325815187780105
nfl_20260104_dal_nyg,NFL,22,943.0,516.0,-5.0,0.12414853596638246,0.028972891039110656,0.014333891029564434,-0.009890502620871544,0.011903075277063406,0.019161325485831746,0.045629970729174095,-0.01679319609458413,0.005023304018939353,0.007872057499523737,0.009327706361798216,0.21696578060964974,-0.221818370935362,0.06146218749037822,0.10483675754755968,0.03794806170823102,0.07139240962789535,381.0,85.0,30.0,0.06583871962343998,0.01736714678744746,-0.010459166734599666,-0.008884586970102349,-0.0008478944532376081,0.011363035942230114,0.0035232995207376697,0.040436341272823556,-0.008222580818597107,0.00023514723000892226,-0.006148850726397869,0.8332485044777815,-0.02420164842077305,0.12093437176891307,0.7913793205942787,0.7698048574612696,0.7805920890277742,403.0,178.0,-10.0,0.1766692932138353,0.11260276543964065,0.019658243997927063,0.007733306846523034,0.016907078824970594,0.011878532855955014,0.007699894545393104,-0.06487431302413248,0.02640412869529081,-0.009878614711984656,0.048267960548785876,0.3313359104904361,-0.22921674221332447,0.11358130214022383,0.2086223219464635,0.08510407314512591,0.1468631975457947,540.0,338.0,-5.0,0.1313576151102306,0.00421153546576417,0.013702457656276697,-0.016409661149536025,0.011236080130468434,0.02297938253703532,0.05770561973826848,-0.002700315086819173,-0.00018172490219238894,0.015677099886258716,-8.225677240162403e-05,0.12710792875819546,-0.23291427411319027,0.03391627892624664,0.04737139213689541,0.012715213183263695,0.030043302660079554,0.056325815187780105
nfl_20260104_ari_la,NFL,22,709.0,404.0,-5.0,0.15319776017928308,0.02197555407560973,0.027882733695705247,0.0011718025354673697,0.009282505808862251,0.016266918234011933,0.057786471990919075,0.0035338486529018606,-0.0027678733030310457,0.017271273595801735,0.0003562885797336646,0.17892930894762796,-0.2303145628493833,0.050190593843260925,0.11427755540858675,0.01939066802227925,0.066834111715433,194.0,31.0,,,,,,,,,,,,,,,,,,,285.0,110.0,-10.0,0.10324389733169843,-0.03100809570629128,0.027438343774566814,0.01759713690265407,0.025767246300256792,-0.0036251100466860382,0.03008525209063256,-0.0252272984845336,-0.06448124434203854,0.008490019547742419,-0.04101858266015479,0.37426452875324573,-0.25478785220163847,0.1523935589687772,0.18247908494500617,0.1135763165506662,0.1480277007478362,424.0,294.0,-5.0,0.19453854959422365,0.035843388328381756,0.028519852148723435,-0.0023614451779928984,0.004507160975148994,0.022223055824169932,0.06671621593202298,0.01034061999393944,0.01674178663084006,0.020829393979273112,0.013334434729756338,0.07103620595084625,-0.2180358155218925,0.01667281028097242,0.07934375113025358,0.00273328291580307,0.041038517023028326,0.056325815187780105
nfl_20260104_mia_ne,NFL,22,553.0,196.0,-45.0,0.08958858351610986,-0.003183722516038776,-0.01267006151794073,0.0006843967704809033,-0.01093943526706463,0.0032135213509432614,0.013450352979406183,0.02323908773519474,-0.009666310324958608,-0.015855103979462087,0.02152977280775634,0.38481552607153335,-0.10858150910480896,0.06792084702818207,0.16034991400193555,0.10345791872014728,0.13190391636104143,350.0,46.0,,,,,,,,,,,,,,,,,,,329.0,94.0,35.0,0.1118749177330872,-0.006900331030291959,-0.014950754720207678,0.015544144296194627,-0.04285481079364337,0.03519670699878437,0.029627810111871544,0.0614316615675959,-0.02117178172795225,-0.020048098052374258,0.028768732395474898,0.39103760202140336,-0.1068249446666773,0.06859630469333967,0.1597459936315307,0.10719301925033967,0.1334695064409352,224.0,102.0,-10.0,0.17147842157359464,-0.0034806823729382347,-0.013655569837229455,-0.0035206791099308687,0.006293799721274181,-0.004799433581824436,0.003529454431656531,0.019794138032656273,-0.004889023935171911,-0.019876797875422746,0.018553421390062892,0.40555389488912863,-0.1167033451894256,0.07961949078518141,0.18319168604540642,0.12138151342337568,0.15228659973439104,0.056325815187780105
nfl_20260104_no_atl,NFL,22,1029.0,553.0,-5.0,0.21388949407129826,0.005763410892416976,-0.010483763335653682,0.023625880537417876,0.024693813632130517,0.011939548560505298,0.11320319931000053,-0.0055314484175461275,0.022409404328765713,0.015122134133283215,-0.008931389109427583,0.15146250895690802,-0.25323726740754854,0.04520242451018687,0.09265382452050869,0.01666796225342248,0.05466089338696559,414.0,112.0,-55.0,0.04976697410464067,0.032107649173267014,0.003843015101262641,0.0066868072072871505,0.028840166728201232,-0.013945057381286608,-0.09613169169821667,-0.021946546165122212,-0.006971510065692379,0.009798904251032536,0.0007731089509258735,0.7435620245951502,-0.04168306397221842,0.12086331359300587,0.697238475566827,0.6898683198929867,0.6935533977299069,376.0,193.0,-10.0,0.21194554240109123,-0.015344982585166561,-0.016432784233981892,-0.01164312077712976,0.008087699200309509,0.00755975659102632,0.09501613483476547,-0.010245577296711645,0.006459775967153418,0.06689428639361597,0.026323335975449374,0.1353955084471403,-0.2486011142896101,0.038930487406228724,0.07835355976179326,0.01486322664748024,0.04660839320463675,653.0,360.0,-5.0,0.26353014377185596,0.008943173169799257,-0.008864856474815221,0.02994029974774466,0.02985225004220416,0.013501989996182245,0.11979130030186579,-0.005243770679938286,0.027295773149781717,0.009920508453822774,-0.020041503597968725,0.1532296165103552,-0.26477181927321375,0.04791249802902413,0.09522251279535662,0.015953840783538058,0.055588176789447344,0.056325815187780105
nfl_20260104_cle_cin,NFL,22,1008.0,692.0,-5.0,0.3474530192010755,-0.02939191568091742,-0.20557624561883528,-0.018564704313550017,-0.014497786508566634,-0.001389752003656868,0.044966003034688,0.010461045519794362,-0.029600759316263325,0.0009644278193978644,0.004469810897421783,0.05517338063041784,-0.3246098873655904,0.018955673458870975,0.04200217934488275,0.0015602362946264365,0.02178120781975459,280.0,34.0,,,,,,,,,,,,,,,,,,,369.0,218.0,-5.0,0.20949855770906575,-0.013981899287467214,-0.03916728746083196,-0.02497571185613694,-0.02424341242809621,0.007792956884302589,0.19207581836166643,0.013918311481745192,-0.00761166740028759,0.02048694548281099,0.0075992297514767965,0.2471998176280719,-0.33587484304444254,0.11029248117984991,0.08583463704580226,0.064181456128138,0.07500804658697013,639.0,474.0,-5.0,0.3866655690213782,-0.03445971587624262,-0.23433787808245396,-0.016499318660682726,-0.013912886905382525,-0.004702191311291321,0.029414308640433273,0.009340774984158225,-0.03357370533461252,-0.005339515916176465,0.003599508819583996,0.0,-0.3446945990431239,-0.01414749426655019,0.02900381785572168,0.0007087990153118569,0.014856308435516767,0.056325815187780105
nfl_20260105_bal_pit,NFL,22,1120.0,887.0,-10.0,0.7653378956337303,-0.0017035712906703574,-0.47263142152958215,0.004789983624024671,-0.14094443460693062,-0.010258081332980902,0.03593922784626526,-0.00044083876759065736,-0.031100516693544723,-0.04423411045472079,-0.015946971626163937,0.0,-0.4784122290746677,-0.049411453735403656,0.002504791602255053,2.8917829884720037e-05,0.0012668547160698865,574.0,221.0,-60.0,0.048911038980708595,-0.025142075925785972,0.01005655647561815,0.0101454729900955,0.007967816529180338,-0.010860122783066042,-0.057207382214454955,0.008578097974256306,-0.03890569463308236,0.001029242575974594,-0.011008976770185657,0.7382616744897181,-0.09119665964674654,0.2572301879268774,0.6615473409549611,0.6396894820839409,0.6506184115194511,352.0,237.0,-5.0,0.1473937008458429,0.050180912563680784,-0.04525462705675012,-0.030365480782060483,-0.035736685772679584,-0.02759261412594364,0.033950883873915386,-0.01030713903137001,-0.0010153336292544218,0.0854393828524076,0.02167843011423007,0.19104731713996992,-0.27212419450516634,0.06426654907093343,0.07709759280242337,0.023949022355930744,0.05052330757917706,768.0,650.0,-10.0,0.7971893166565461,-0.0023989104570016203,-0.4931124107242417,0.005572538917721127,-0.14563897637464782,-0.009998922606772391,0.03675571798819606,-0.00013152155839146396,-0.03198447735539955,-0.0468860500988104,-0.017119103092707928,0.0,-0.533039268294064,-0.06711993539267844,0.0032760743643428336,0.0004076734136533168,0.0018418738889980752,0.056325815187780105
nfl_20260104_ind_hou,NFL,22,1089.0,752.0,-5.0,0.3032375432995676,0.013205962951591928,0.05756322093323492,0.010560740386007274,0.055420250741767374,-0.00978303105240899,0.056640091015599754,0.00507740348169959,0.01523642879074468,-0.016560027581015154,0.04153661117575365,0.10183913475553384,-0.2670041478339244,0.03027461164670583,0.0545385150740582,0.0058014215661076505,0.030169968320082924,315.0,38.0,,,,,,,,,,,,,,,,,,,328.0,162.0,-5.0,0.20579081331243076,0.0002776610223501749,-0.008626955769691459,0.001989381343637862,0.027272020035176647,0.03270471554600328,0.04701814957245413,0.02832256569997196,-0.09865207071931384,-0.008329345057340006,0.03714416356688545,0.3595520687925029,-0.22957325932370345,0.12888407676428618,0.2309872400508107,0.10780170612684661,0.16939447308882866,761.0,590.0,-5.0,0.321909476058296,0.014883776474760604,0.06385851714467636,0.011663378903745155,0.058546420185322794,-0.015043806282688822,0.058267043418840106,0.0024218291732362824,0.024878739477170366,-0.017968944560445545,0.04252078980141929,0.031815265593679386,-0.2682972214253177,0.008816444893573777,0.029248325941988774,0.0004932426201272946,0.014870784281058034,0.056325815187780105
nfl_20260104_kc_lv,NFL,22,1160.0,658.0,-10.0,0.427753186852894,3.943064813150804e-05,-0.09917487224541392,-0.0051391577412093865,-0.04531337474770618,-0.003050403034725122,0.031608811361252556,0.011092546920814008,0.00039129665150299426,-0.0018423254100380416,0.010071064811648774,0.09659066278640652,-0.3700488810657966,0.0395648630284885,0.01868400617743374,0.005052624816792951,0.011868315497113346,377.0,77.0,-45.0,0.05230664992872906,-0.01463271081070436,0.016148310332498313,0.0031892293187635256,0.04326629824242791,0.01403861088273779,-0.022108224313494747,0.021122817297536716,0.027050821795298444,0.020098326134429724,0.015328427528128784,0.7984600047952367,-0.04289181153157577,0.169928534563987,0.7377383076443842,0.7257589628338124,0.7317486352390983,456.0,192.0,-10.0,0.15762979319048512,-0.02355514782573339,-0.0038945008617671463,0.013077986597696694,0.06008708043859575,-0.05428976878737081,-0.0012295176062087645,0.02589606297044895,0.008541111451070397,-0.024672599905520023,-0.02608612174743926,0.35968703087599213,-0.31146494978024514,0.17496116494666816,0.22061272377521854,0.13479399575099726,0.17770335976310792,704.0,466.0,-10.0,0.5000858606159035,0.002743006129174855,-0.15260858373564778,-0.007523439825323864,-0.09833755527996663,0.002582401531536819,0.04981925873809931,0.010003819340409644,-0.003300935999518436,0.0007066587324232737,0.027539480105020164,0.04735287494672973,-0.3734079514791582,0.018560849621540986,0.003021539225744776,0.0010215460055289405,0.002021542615636858,0.056325815187780105
nfl_20260104_sea_sf,NFL,22,750.0,726.0,-10.0,0.18201201939579303,0.0028625635735075065,0.005373943260851884,0.0018503594831471698,0.07451903522386065,0.03125378476878503,0.028227526322417467,-0.018635707312480137,0.03876468522914797,-0.002230160630052265,-0.01292668094076243,0.07232618034392878,-0.20413535030833954,0.015915432610188157,0.04284318721257814,0.004833720984028994,0.02383845409830357,487.0,170.0,5.0,0.0647213938582564,0.04022922342749083,0.014624059907957582,-0.0005998468660810772,0.06185667531286219,0.024789367433503375,-0.045201031060805676,-0.037695831580527035,-0.0047487126662605714,0.05014834430873955,-0.022617971053260237,0.6465514439013076,-0.11413338498542352,0.20878032626356063,0.5920372925167208,0.5818208532521113,0.5869290728844161,327.0,340.0,-5.0,0.19374701566644278,0.014458898450211867,-0.017980655300133992,-0.0075535904114090125,0.09468522028019205,0.04867849106734744,0.02817368633691376,-0.017415711481369393,-0.005093243394013096,-0.014337060643445334,-0.017955049961883,0.06481089502986724,-0.32990700684047247,0.022863363437749223,0.03442704047301763,0.0041564491607956324,0.019291744816906632,423.0,386.0,-10.0,0.21214350335193016,-0.009182297442645091,0.025167404741951505,0.014496659618070418,0.06097212518720449,0.01372259961871467,0.029940486320084024,-0.019360149841539744,0.07545619791185877,0.0025903306479887205,-0.0079705888109242,0.1463541935640823,-0.2945080838789056,0.050492244897399376,0.09386365534732544,0.019189051468803453,0.056526353408064445,0.056325815187780105
nfl_20260104_det_chi,NFL,22,1113.0,711.0,-5.0,0.2778851709671474,0.006425108635445814,0.008602029052537095,0.04566616267441865,-0.01968175070192642,0.016367369047891822,0.04854637949821932,0.01867227625691764,0.0046174277329642,-0.008616004757916733,0.022571777094728462,0.10243567100315522,-0.32182445214830346,0.03672862505340291,0.07060365969604761,0.006197167073229647,0.03840041338463863,542.0,74.0,-50.0,0.07341163045878982,0.03655965853165682,0.06714570998113033,-0.054496976983917964,0.00496676280964588,0.0669821253399959,0.02287996458989926,0.07450571839380314,0.05649526275141314,-0.041872418204743626,0.02224216369586791,0.8856134208432778,-0.032746400313205234,0.25353194243134924,0.822031228296461,0.8059762697506164,0.8140037490235388,428.0,250.0,-5.0,0.17114816310515113,0.02312780035597446,0.004596074992742369,0.05074737743658275,-0.042056818723312635,-0.037263606308055926,0.06634054687566492,-0.003409080660069822,0.04898813039729857,0.008712236048258139,0.01535463339163174,0.28693981647108824,-0.3785187176527888,0.1523182669331573,0.17426291661813312,0.07726629742825841,0.12576460702319575,685.0,461.0,-5.0,0.3256983408945403,-0.003711060442449621,0.010781586473743379,0.04300921955414996,-0.0069695828781614925,0.04786915675552751,0.03851523007292319,0.03158045010988701,-0.021912874968664887,-0.018902369199924135,0.026765064720891744,0.008998914436630418,-0.2956356188828177,0.002684557744186888,0.04398515190216382,3.8436547803203924e-05,0.022011794224983512,0.056325815187780105
nfl_20260104_nyj_buf,NFL,22,281.0,126.0,-10.0,0.11592190461285418,-0.0019868120073050066,0.026514294154022042,-0.004309942127284816,0.06216568309274573,-0.012306474442862342,0.010370950853048544,0.006600972115735296,-0.02976710803567639,-0.008357242967394056,-0.014608815322171904,0.49634529307465264,-0.10148207406510742,0.1000092902956535,0.33677743933331356,0.23987290571992417,0.2883251725266189,305.0,34.0,,,,,,,,,,,,,,,,,,,279.0,98.0,-10.0,0.11683907593792488,-0.005482352320820192,0.027673556806560844,-0.011953626284424784,0.07565926649718076,-0.03437562850901985,0.010588048243712716,0.01849075634046675,-0.03505566583580959,-0.02333304370566335,-0.01805602371948746,0.514702152309768,-0.11820387625960177,0.12536587543452052,0.3662428783644653,0.2602085645740286,0.31322572146924693,2.0,28.0,,,,,,,,,,,,,,,,,,,0.056325815187780105
nfl_20260104_lac_den,NFL,22,736.0,281.0,-35.0,0.049765150387012284,0.0034702645538663784,0.0661190854231923,0.004784346895792147,-0.00689836932286495,-0.004374775815599988,0.08859017344773076,0.00920578831752007,-0.004766757652517114,-0.005986467664430341,0.0032684937624711356,0.478504070976273,-0.10978831015538712,0.10073741793786513,0.2336622705612214,0.19626349353989897,0.2149628820505602,347.0,96.0,50.0,0.04214275622906128,-0.04075253216806493,-0.02474873258362351,0.03417811500396787,-0.011077523512826757,-0.011665060519978633,-0.0014253693789067893,-0.03167447744437022,-0.05574956111823162,0.006204080364940165,0.013551576043891535,0.688958730995601,-0.07002523626524944,0.15510642066693434,0.5256692420097023,0.5232595770731541,0.5244644095414281,281.0,95.0,-35.0,0.08767928143687428,0.029699373458870727,0.01739891740971765,0.012332477846471188,0.010337858962939367,0.0075317102539461354,0.049835654379069824,0.06504567678317065,-0.0356487275225042,-0.02726731130006282,0.03649910299326772,0.5120484597642444,-0.137111349491573,0.14388243408235968,0.3102653216366788,0.2601809446685659,0.2852231331526224,455.0,186.0,-60.0,0.07781494321994227,-0.0030644136220603787,0.09078402064430485,0.0032060827905745454,-0.013277753257289996,-0.007742261398231526,0.11137035616496783,-0.004580738565486162,0.007219088537244087,-0.000829621884608507,-0.009893533522080162,0.45817615422568664,-0.10090507248696792,0.08532717490104766,0.18889977118019483,0.16116977794207962,0.17503477456113722,0.056325815187780105
nfl_20260104_ten_jac,NFL,22,195.0,150.0,-5.0,0.11271826069642772,-0.0013931454535484598,0.0808054496837668,0.00042993110529911783,0.08322405563588829,0.0013450321736209944,-0.01911207961630192,-0.004679730446351707,0.06254699282393147,0.00016897345792835945,0.009524369830593179,0.25234314658620133,-0.1055663438730891,0.03562990597210864,0.094685945264098,0.05053161587930143,0.07260878057169971,273.0,68.0,40.0,0.08095747277692782,-0.010964824603328429,0.017183110135562858,0.007651971125765221,0.05935290878569919,0.013641340979509219,-0.03394939035140763,0.01991065466243335,0.02938286357694228,0.017129391333064358,0.01807589740814059,0.8590139455862948,-0.04470138866431419,0.27236109563745786,0.8435283251558088,0.8111535613151972,0.827340943235503,195.0,121.0,-5.0,0.11198166122879309,-0.011924947525030975,0.08608865048746742,0.00048187931812901656,0.08768397951273224,0.006842537598952583,-0.016441266051509307,-0.03989631968234293,0.06716969324751391,-0.0006925655338699927,0.013085921645046022,0.36783214959141586,-0.13412755742147933,0.07804324078470866,0.2041761069808279,0.1317345100993392,0.16795530854008356,0.0,29.0,,,,,,,,,,,,,,,,,,,0.056325815187780105
nfl_20260103_car_tb,NFL,22,874.0,757.0,-10.0,0.31851807503477925,-0.028323615982766195,-0.01958854797231996,0.0004863386134476092,-0.020707505904500222,-0.0008204055113448101,-0.006954807299080366,-0.007383603319705487,0.022435719839301475,-0.002517900059498415,0.02425023788068909,0.09028013704300297,-0.27306145590184533,0.02709848016272876,0.021035287621945738,0.004694781982889431,0.012865034802417585,634.0,155.0,-15.0,0.048250749100601016,0.06047068635899134,0.058173232520703264,-0.009229590749640235,-0.0018953093546222773,-0.0587267215895439,-0.008916565397801123,0.0660348193625624,0.02600122195564407,0.003617480460167023,-0.042999046065612674,0.8064876639923946,-0.07316339651949137,0.30491790841920735,0.7348729182488793,0.6673791542710655,0.7011260362599725,340.0,255.0,-10.0,0.249507553015269,-0.027168114053966064,0.02540964542368041,-0.10462949100099635,0.03921134930797564,-0.06118997234031671,-0.011601816827650711,-0.009111103547852639,0.05581056656282321,0.008191697923453693,0.005106281610031789,0.0,-0.26301687778866906,-0.00109678543611782,0.0016948912236124187,8.750175319377076e-06,0.000851820699465898,534.0,502.0,-10.0,0.34924434277347877,-0.02870859932357203,-0.02936106963845976,0.03382513665786943,-0.03325849573337497,0.018537659851388194,-0.006585653922801839,-0.006582036292301454,0.0171684188198214,-0.005454916470642731,0.02932896755939877,0.13410606168149825,-0.285908417128099,0.04428030977685054,0.03573184765754955,0.010988389117815151,0.02336011838768235,0.056325815187780105
nfl_20260104_was_phi,NFL,22,1060.0,621.0,-5.0,0.27620144842401645,0.004085694462947144,-0.009107237777675392,0.0017851656572497908,0.011453792110141572,-0.003642083907650054,0.08329093195889271,-0.003664383281756406,0.05865991599004589,0.0014851475010060652,-0.011083702509749438,0.13649463606911832,-0.36187561070307306,0.0572018216080932,0.078248666825648,0.012924540925470279,0.04558660387555914,348.0,65.0,5.0,0.05182632390127159,0.007029716310724265,0.07367178186284187,-0.0056848196142598294,-0.008784514868612488,-0.0441763381103038,-0.03860325626728555,-0.01434482537437748,0.04133471126431634,-0.017276776123817908,0.05115739570002964,0.793546346791436,-0.024446883757829233,0.09396653919638921,0.7598931957696603,0.7476561825083415,0.7537746891390009,374.0,230.0,-5.0,0.2251259746581303,0.013742890692355424,-0.0010789051117629277,-0.010521557126081455,-0.01850375795238346,-0.01824898029636545,-0.004960859665143737,-0.018735487007140228,0.055001816055166304,0.005822908910399741,-0.0054348487925305975,0.10325355608120589,-0.42478353304653826,0.04891060416155422,0.08482269564808065,0.008825999727568524,0.046824347687824584,686.0,391.0,-5.0,0.30000357330122035,0.0024758256106468964,-0.011874602504511816,0.004167918524311717,0.0182341737977938,-0.0010479276160602889,0.10809441276657233,-0.0010045835611402886,0.06361864935419623,0.0007668779748882656,-0.012633014201093916,0.14569926083104145,-0.34534448363952347,0.058897802250882716,0.07175589652980881,0.01330154759446195,0.04252872206213538,0.056325815187780105
cfb_20260109_mia_miss,CFB,23,1414.0,1154.0,-5.0,0.3288324654826312,-0.0035523154055746953,-0.02985061267764058,0.028258458878882467,0.07909342343486131,-0.0011682687701086054,0.055085963164975056,-0.007681241660354788,0.026433399749015082,-0.019315403334891373,0.042156399287905315,0.15502169005418806,-0.29082160874139074,0.053354810130285375,0.049848849467743955,0.018126342716103402,0.03398759609192368,604.0,151.0,-60.0,0.04670563283761883,-0.03499798675642327,-0.02790078643176147,-0.01027779783549139,0.00941014559223112,0.001886314084700524,-0.008474098659104224,0.0008354842644890023,0.03247382952919055,0.0037879168058039124,0.005508137491170236,0.5955384171940488,-0.08804194653296947,0.1296349609304753,0.4574822326555143,0.45609312847398464,0.4567876805647495,342.0,279.0,-30.0,0.16888429783477404,-0.02889594383516577,-0.0006831058265777586,0.02884034295764818,0.07932900656572034,0.013516309493311259,0.048753807811944674,-0.005611563813594274,0.06038395076377473,0.043349920316463106,-0.008373008604941607,0.12697882993499063,-0.24222714910885965,0.035231356382848245,0.028709148167592215,0.019206277012248998,0.023957712589920604,1072.0,875.0,-5.0,0.38281783804677094,-0.0014410382060522386,-0.04312249453671768,0.028691002927452164,0.08324881781741769,-0.0025291773283328193,0.06041772161989284,-0.008068108585289053,0.014729330318603419,-0.025251330173350153,0.06492185242274047,0.1707897403431155,-0.3230984118549186,0.06654752907761662,0.05376004202483657,0.01916774622867266,0.03646389412675462,0.10156329696989377
cfb_20260110_ore_ind,CFB,23,586.0,550.0,-5.0,0.2367816947078338,0.013685566352384344,-0.0061820566710276,0.00516502537814831,0.053537402204047096,0.002012947225903741,0.03557819156897437,0.032237740072649866,0.034232734516622905,-0.010559520200350853,-0.013230677053711504,0.189390928769195,-0.21169782599541906,0.04946113892213769,0.10694265094391542,0.03394272860297447,0.07044268977344495,655.0,150.0,15.0,0.059024872186235824,-0.0032394019459548212,0.030636932764550675,-5.491866251468373e-05,0.012648249135995437,0.0028145241746493723,0.007599126354958178,-0.0592050560953287,0.018477987712974313,-0.0036110045368674772,0.042509423447780165,0.7795844856672424,-0.09183298753495162,0.3248027824694813,0.7435628129445028,0.7090536586887269,0.7263082358166149,380.0,274.0,-5.0,0.28158812686948864,0.13194110735886683,-0.003894278532082448,0.01689741753178401,0.05132933431477152,0.018221865338759687,0.05776458108446863,0.06165734532992554,0.07347968401162891,0.006928805563244214,-0.007209361482053418,0.17193997443978132,-0.3368955824475201,0.06995364592767597,0.11207256795725277,0.02674000705121407,0.06940628750423342,206.0,276.0,15.0,0.1291098542701252,-0.03858639688775487,-0.016990927367671688,0.0028504395674676278,0.08621778080625911,-0.0048694963334478415,0.002909019120625783,0.04008110667551631,-0.043776064122005236,-0.026536142583973556,-0.03422935179116205,0.3344922610989864,-0.12883184702459186,0.06475244883549591,0.12247307163937342,0.08519476195267205,0.10383391679602273,0.10156329696989377
nfl_20260110_la_car,NFL,23,994.0,925.0,-10.0,0.3241797963038702,0.017842222144545505,-0.04271041767472829,-0.025555624574964415,0.012192504618388085,0.04307893496811752,0.018987317618427233,0.0076049434135250565,0.011792819668865468,0.004916878233969748,0.01776624102637135,0.03241849714894929,-0.32625396418089,0.010931030798404746,0.014036579612550075,0.0006387561597530525,0.0073376678861515636,611.0,174.0,-40.0,0.05803485201753898,0.04363155450365535,0.051323017862218386,-0.004093793084649334,0.005678346879315542,-0.0009690606962061809,-0.021236702149911142,-0.007837542384344792,-0.012898066710868484,-0.012134848586486618,0.001522819138299142,0.6670932272074912,-0.12091423373024543,0.24229325741205035,0.6467251478403743,0.5898064532188914,0.6182658005296329,298.0,218.0,-15.0,0.13738944129009198,0.007164114537840638,0.0005995046165876473,-0.01874553215434776,0.016923629804507973,0.010155457958732163,-0.009873582941938713,-0.057252564984409206,-0.03260115214112939,-0.05367190686910997,-0.01691801280308324,0.20219358143409202,-0.2784378805503659,0.0705664318627508,0.07095372630865555,0.043673217427102215,0.057313471867878885,696.0,707.0,-10.0,0.372000882275643,0.020121981235685107,-0.04930597109145487,-0.026969328213210624,0.011722155524510154,0.04996080888127101,0.023662472342897676,0.020777541173899183,0.018617131783418294,0.016785792057670734,0.023325173679195406,0.006203410037725932,-0.3358066031908051,0.0020961493267425764,0.00891890661760116,2.1303635692896552e-05,0.004470105126647028,0.05735733505896532
nfl_20260111_gb_chi,NFL,23,1171.0,1151.0,-10.0,0.23220021708344596,0.00870757851661231,-0.01681751319169758,-0.016949451667653583,-0.038261464043029346,-0.002130061743814033,0.01448146164221404,0.03834596584511677,-0.011017054170636248,-0.009323544841434122,-0.0357252032800271,0.1414382099278445,-0.36823839890418086,0.06066305369043468,0.06404737757664354,0.01230320795808363,0.03817529276736359,533.0,139.0,15.0,0.05669844039554656,-0.007163254750627496,-0.028386173499407683,0.005674723563757379,0.03703185012752091,0.009288712354739069,0.02091498444783147,-0.026265207351533117,0.07117513858091971,-0.005960483514779659,0.02492414538433684,0.5566502648130237,-0.14092814071547227,0.17694312327894035,0.42511095320364123,0.38038653323484106,0.40274874321924115,329.0,347.0,-10.0,0.15284532123214611,0.032928130940442134,-0.05809505726226021,0.015777292022196347,0.04194732756014877,-0.05622634473670563,0.02682190704632593,0.01926505339524299,0.02627550776792414,0.01648543623079522,0.023636130250332392,0.06892650376197981,-0.42829148646420206,0.03170601984942774,0.06896498952884761,0.0039824620657134945,0.03647372579728055,842.0,804.0,-10.0,0.25263716573324885,0.0011682673209086297,-0.00030492915101042916,-0.027715582040427303,-0.05639213441246376,0.0141868475320622,0.015958710127894484,0.04483859384928861,-0.016715884659305385,-0.017707965623053795,-0.04749590201823686,0.13933342067964516,-0.36689829562647597,0.059397211184309746,0.050876976926285844,0.010324891205438442,0.030600934065862142,0.05735733505896532
nfl_20260112_lac_ne,NFL,23,891.0,817.0,-5.0,0.18466272354027186,-0.009023042325918136,-0.031263016168581376,0.010450121843169343,0.013087705788523312,-0.018181777151386833,0.019867171464770638,-0.008604465781432695,0.014513356959661602,-0.01754490096201066,0.028126180594739387,0.130114890952354,-0.37857310152235113,0.05662586623192462,0.08369959808592396,0.011302791139295928,0.047501194612609945,683.0,189.0,10.0,0.07977051489434403,0.016893614989593086,0.06270044786549546,-0.0115230405244988,0.012083244756398485,0.0004122247034365917,-0.027356792212761816,0.045555687332461355,-0.015734312094343162,0.0024677238233506613,0.06975869213292102,0.8787086627745254,-0.07355585655857762,0.5328836323708003,0.8652743614658367,0.8305416593583782,0.8479080104121075,403.0,324.0,-10.0,0.16999193170799107,0.00482286703078044,-0.041478985315506416,0.026234376494970568,-0.0061288473774655065,-0.07798822868902602,0.034302974579871706,-0.02382987639057986,0.033657958443139326,0.006183337925506442,0.030988208634172707,0.2122101546402586,-0.4108050331515594,0.11066022255247518,0.12054231828755643,0.03209078870083136,0.07631655349419389,488.0,493.0,-5.0,0.22062359573199436,-0.01634111775863731,-0.024523377978850243,0.0034079603591659472,0.025755338887577747,0.00983019847139027,0.010352328647418346,-0.0017670372693561658,0.0019447153866797415,-0.029903173179207956,0.025888108426028816,0.05810289517270907,-0.3923526527844641,0.024203094943847533,0.05796171901700381,0.0020854181152659083,0.030023568566134858,0.05735733505896532
nfl_20260111_buf_jac,NFL,23,997.0,1028.0,-10.0,0.28775063669871387,0.0034964038433797353,-0.10948185675110007,0.0030954341313218325,-0.028034072442691363,0.008794079459061471,-0.007961685567302286,0.008480540831317928,0.016632829682808905,-0.010884810216649561,-0.001991794372169212,0.0627292058744566,-0.3355048064722358,0.022454503233190027,0.008794910036807274,0.002425479654334841,0.005610194845571057,448.0,276.0,-25.0,0.08743443524144312,0.02190532721239367,-0.008430677767469277,-0.030890945487526293,-0.02895550841865966,0.03709391603341838,-0.004993388141432104,-0.04618480864284231,-0.039235427500179505,0.009470608936905453,-0.026351204524474613,0.47303152990921926,-0.12463552291988333,0.11187867099083092,0.43679549279361163,0.4017119324441254,0.4192537126188685,352.0,380.0,-5.0,0.19934019492748314,0.017182922245204256,-0.011978983446313946,0.062012835271731785,-0.01062472299023381,0.02409068615150359,0.0385943521952998,0.07900526680421412,0.07754402741676598,-0.03011010442081457,-0.028638676596688867,0.13479686423479642,-0.3272782054076125,0.05098926945326034,0.05499547021877211,0.016286299617635353,0.03564088491820373,645.0,648.0,-10.0,0.34320307760094115,0.00167693520595911,-0.14064184567754273,-0.004757931666309474,-0.0336657372900599,0.00719927071197725,-0.02276837215733883,-0.00044461618704633545,-0.0017621821769682508,-0.008553498422840311,0.006678548028322959,0.03957975659413746,-0.3403364862762475,0.01402556368361077,0.002786660870999544,0.0008515066700258246,0.0018190837705126842,0.05735733505896532
nfl_20260111_sf_phi,NFL,23,951.0,1009.0,-5.0,0.40366841513817736,-0.013218189970143963,-0.1297761557842993,-0.005129413745451917,0.012067691718093217,0.009014508269206528,0.050255460708453055,0.04262387487844023,-0.013369616584315297,0.015523125426792224,-0.02987781949447729,0.0,-0.26038856696114615,-0.0019908960772759892,0.015211496202301812,3.249704114443848e-05,0.007621996621723125,327.0,161.0,60.0,0.045230892705960875,-0.011980363443233064,-0.002699162917837642,0.017140680729558405,0.019839547132735797,0.008523997390775953,-0.02413971950656267,-0.01717537307082755,0.005904861708257216,0.0023472441908085253,0.02873595195558431,0.6639573837183412,-0.11466034934223626,0.22654741356284744,0.5880284334901326,0.5694485252420092,0.5787384793660708,298.0,308.0,-10.0,0.2226433385738902,0.015359408582199294,-0.06373595938538107,-0.05444611207693804,0.18904924251667124,0.0537613855645941,0.1332404714479921,-0.0474088044073856,0.059563142075930026,-0.00406462026739439,-0.06990320342132204,0.19707155880943414,-0.31036389465635256,0.07617602438817814,0.10942839428556572,0.03603822557720719,0.07273330993138646,653.0,701.0,-5.0,0.44969137788126023,-0.016302708589575866,-0.14064969537562177,0.0016906570002173488,-0.018539717803737817,0.004290586996159826,0.038643992153937136,0.05564818616199123,-0.024837688919726784,0.01943480545950711,-0.01995519561650202,0.0,-0.28080618143193503,-0.03285182944233507,0.007071239251135371,0.0015798900393911841,0.004325564645263277,0.05735733505896532
nfl_20260113_hou_pit,NFL,24,840.0,814.0,-5.0,0.26982942001813576,0.006902044845624024,-0.001778983385944124,0.00973252331772088,0.07025326899880178,-0.011151425875573164,0.059442184628163544,0.03497277499641714,0.00881961577572807,0.017527570706519408,-0.040984684246742946,0.1091233177574934,-0.207293471583131,0.02539133846412916,0.07188514861459173,0.008581035268994846,0.04023309194179329,675.0,262.0,-20.0,0.05402849115920047,0.005208532553073626,0.027007810628672708,0.007715380158565124,-0.01394860239936139,-0.026160552766728375,0.0009485962507386742,-0.012335859028613684,0.016265001286772676,0.03315863445337079,0.04557360201887902,0.7948850714071442,-0.10504830873329729,0.4070953438714022,0.7272810029945456,0.6780303029770958,0.7026556529858207,347.0,335.0,-5.0,0.27098938031520897,0.026344409270862106,-0.0445785080809984,-0.012726111209740746,0.04873775698495968,0.019629927367670878,0.0458375809976391,-0.03698262392821232,0.02106649871401152,0.05391579139376392,0.0011499507364829762,0.2637086057585432,-0.2819618776658448,0.10098688402154118,0.20774775412981425,0.06534980717287348,0.13654878065134385,493.0,479.0,-5.0,0.269304082538683,0.003822322975604826,0.026431319665502814,0.015988693898835775,0.08558125228733512,-0.01936642796258518,0.06969314098923042,0.05520756839177418,0.000820868906163514,0.01251035969292076,-0.06872912714151648,0.009152813188318103,-0.23644965833794584,0.002184170859053142,0.029033817614743638,4.6694711571723565e-05,0.014540256163157681,0.05669842875034704
nfl_20260117_buf_den,NFL,24,1260.0,1355.0,-10.0,0.33807145019290846,0.005799504489850572,-0.04860189293985051,0.000934800368872572,-0.06817531490911372,-0.0017103472930666726,0.05035210992362964,0.00021095649398567075,0.008491326760494343,-0.0013556461194854953,0.04175802636299384,0.0,-0.3893683144929281,-0.01897488464480104,0.0016248661647944001,0.001174674320590242,0.001399770242692321,550.0,254.0,-55.0,0.058088440034198816,-0.0036188663313369315,-0.010299887883818562,-0.03218616879681358,-0.013374671545827133,0.03519390354822822,-0.0551116334635027,-0.0020054254846087914,0.045021287796822046,0.007918099602966279,0.030266779999576353,0.5789522853311435,-0.12968270046478333,0.17831730985892913,0.47964985363079427,0.44849484005659224,0.46407234684369325,364.0,364.0,-5.0,0.279039529995217,0.018341315678490788,-0.026642072567124926,0.0018413358651312266,0.031954420594181375,-0.011121829530484089,0.0910880245107739,-0.021653832385338176,0.0970880307385719,0.031348197506904825,0.04190399228300676,0.0,-0.35167897358783523,-0.02764943887175038,0.0050713322504058475,0.004661715086834979,0.004866523668620414,896.0,991.0,-10.0,0.3899739777794664,0.005167403484102131,-0.05354267531490277,0.0010795126010446124,-0.09013628342233164,-0.0008282305205819457,0.042095814632185896,0.002130741059458539,-0.010390125169673919,-0.0037778486733679585,0.04228663378766507,0.0,-0.39089358117967893,-0.014035462991719613,0.0014164914704727798,0.0008662807422345549,0.0011413861063536675,0.05669842875034704
nfl_20260118_hou_ne,NFL,24,951.0,1014.0,-5.0,0.21087112360031043,-0.0019751790360934343,0.006445181950843799,0.010892230671128987,0.09316903429441115,0.015141605218272153,0.03446658085137145,-0.041372782719884586,0.032071800740612784,0.027093291547196214,0.02672061162158744,0.04697327239155998,-0.365383410390878,0.018009205792914075,0.054108205347694414,0.0016448087652385288,0.027876507056466472,614.0,329.0,-10.0,0.058762611644467666,-0.017184452874578846,0.025222936625258915,-0.03919813827604368,0.04342238214001191,0.056834260303070865,-0.014436156910305453,-0.024965543980382917,-0.04224362608720481,-0.008060240273876848,0.02983724342590467,0.48656690294991667,-0.10920431160419046,0.10349002429199744,0.4082413602943343,0.3614504872950623,0.3848459237946983,358.0,371.0,-5.0,0.2460970197821325,0.011329068160922917,0.03592197374450366,0.03461101919578456,0.22844566761289775,-0.011762306965816366,-0.010555199359645048,0.015694474560759838,-0.024348593365521642,-0.01461247138920932,9.265689105451782e-05,0.07452465564912837,-0.46026081397221275,0.03706287680102948,0.07113540404660633,0.004258603037762737,0.03769700354218453,593.0,643.0,-5.0,0.18284525284751463,-0.004812644678211526,-0.010549523702242719,0.007656574613851678,0.016815169924198473,0.023558800832839212,0.06153068714584843,-0.05959354054091135,0.06563798268186688,0.04041097975280793,0.043414922786769825,0.013162297472437735,-0.3180426408106553,0.004242006397351434,0.04003538444423153,0.00012364932358943358,0.02007951688391048,0.05669842875034704
nfl_20260118_sf_sea,NFL,24,652.0,721.0,55.0,0.05261160846389632,0.0013654293627262909,-0.003061665536064268,0.025202581728181673,0.04541541463822795,-0.02557231223390718,0.022132050445420434,0.02463775189633739,0.0033643922672562552,0.013313518549201916,0.018305283834406553,0.16717723825054487,-0.26867731784033383,0.05393312243622794,0.09100211331034667,0.03712361543661536,0.06406286437348102,299.0,172.0,-45.0,0.06186480039013537,-0.01951379828229597,-0.05296560486415528,-0.0017979299382196846,0.06531525515640367,-0.014044643564857757,0.036438360921566715,0.008784748813770178,0.009661384856931405,-0.0003818635089389697,0.014799959517672767,0.4615421137883089,-0.0884549913640521,0.07581967826029919,0.37975168595168585,0.37030016196684973,0.3750259239592678,276.0,355.0,-10.0,0.05312879160627643,0.008574666309151801,-0.025405509174177558,0.030392590525976596,0.053592896619550016,-0.05417936010539502,0.03426638713830455,0.047799725912272446,0.010741902128297471,0.025381856559537543,0.03903926830630781,0.14508254320641628,-0.33088035395207066,0.05615157681824739,0.08504362911548502,0.02834356748109927,0.056693598298292146,376.0,366.0,-50.0,0.07557904643729149,-0.006144143543149343,0.04129485186248136,0.02085689457059763,0.03790062850387087,0.015957695603848097,0.006418338250904062,-0.004000636833160215,-0.004437222747830981,-0.0012071732393732699,-0.011645866506206736,0.2043621328429278,-0.22416197395728985,0.057576720504617325,0.09811261835392025,0.056011647500590844,0.07706213292725556,0.05669842875034704
nfl_20260118_la_chi,NFL,24,1227.0,1271.0,-10.0,0.3548690044727235,-0.0018540320894723033,-0.08202098587114409,0.0023378344394268534,-0.05627505690612068,0.001704238224899127,0.00037892494428807703,0.00034826673408453243,-0.021043474339771478,0.0013055957984142664,-0.007457872127907487,0.14906366682015698,-0.354909258815681,0.06217160255667259,0.03828100624570346,0.011671022852646795,0.024976014549175127,545.0,233.0,-40.0,0.06136147946837797,0.050966134161253666,-0.026159376064633807,-0.025034002938576185,0.07081366999666412,-0.004309600692097455,0.00043943699643228556,0.010559059567658778,-0.004939312189197592,-0.014126516778634092,0.031009763695322743,0.5799323528004715,-0.1320475197742328,0.18230070640923082,0.5492198888304216,0.533487175015911,0.5413535319231664,341.0,361.0,-5.0,0.14380492718705226,-0.002169285233166525,0.07815158610121153,0.011575341289120538,-0.025932825977532093,-0.008483783758582757,0.005942888656788162,-0.03660961729961339,-0.018593199287251328,0.029051815402101486,-0.018187082365106376,0.2544590755082566,-0.3243179388808557,0.11069230432202752,0.16987797754133524,0.07197811300308929,0.12092804527221226,886.0,910.0,-10.0,0.4016761245944478,-0.0016805332099983636,-0.10803143152981114,0.002558496877897419,-0.06300897339924542,0.0022487520545117945,-0.002170760199862295,0.001290365542172087,-0.023568791052372078,0.001297188436917371,-0.007793383057221427,0.15127374576918176,-0.3779939712307314,0.06737221055811751,0.03222332051012224,0.010423805742368094,0.021323563126245167,0.05669842875034704
