i,true_lead,real_lead,real_zero,pl1,pl2,pl3,pl4,pl5
0,9,9.0,0.0,-10.0,-1.0,3.0,5.0,-13.0
1,4,4.0,0.0,-11.0,11.0,8.0,11.0,3.0
2,3,3.0,0.0,-7.0,7.0,-13.0,-9.0,12.0
3,4,4.0,0.0,-5.0,-7.0,-14.0,5.0,9.0
4,5,5.0,0.0,9.0,6.0,12.0,12.0,-9.0
5,5,5.0,0.0,13.0,-11.0,-9.0,2.0,-15.0
6,5,5.0,0.0,-12.0,9.0,-10.0,-4.0,2.0
7,0,0.0,0.0,-2.0,-8.0,-4.0,1.0,0.0
8,1,1.0,0.0,8.0,4.0,-1.0,-14.0,4.0
9,8,8.0,0.0,5.0,2.0,8.0,9.0,-11.0
10,7,7.0,0.0,6.0,-8.0,6.0,-8.0,-3.0
11,7,7.0,0.0,-10.0,9.0,-7.0,-13.0,14.0
12,0,0.0,0.0,-3.0,7.0,1.0,13.0,12.0
13,7,7.0,0.0,-11.0,-10.0,-6.0,9.0,4.0
14,6,6.0,0.0,10.0,15.0,-2.0,14.0,-9.0
15,5,5.0,0.0,-14.0,-3.0,-9.0,14.0,-15.0
16,8,8.0,0.0,9.0,3.0,-11.0,7.0,-9.0
17,4,4.0,0.0,-15.0,-13.0,-2.0,6.0,-6.0
18,5,5.0,0.0,15.0,0.0,-6.0,-11.0,-3.0
19,8,8.0,0.0,-7.0,12.0,-3.0,-10.0,-4.0
20,5,5.0,0.0,4.0,1.0,-3.0,3.0,-8.0
21,6,6.0,0.0,2.0,-7.0,6.0,-13.0,-6.0
22,7,7.0,0.0,8.0,-6.0,8.0,12.0,-8.0
23,5,5.0,0.0,-15.0,10.0,4.0,15.0,-3.0
24,6,6.0,0.0,8.0,-12.0,15.0,4.0,-5.0
25,3,3.0,0.0,-9.0,-10.0,-1.0,-10.0,14.0
26,3,3.0,0.0,10.0,3.0,-7.0,12.0,-15.0
27,2,2.0,0.0,6.0,-1.0,-7.0,-10.0,-6.0
28,4,4.0,0.0,-12.0,10.0,7.0,-11.0,-8.0
29,9,9.0,0.0,8.0,5.0,10.0,14.0,-2.0
30,5,5.0,0.0,-3.0,11.0,4.0,12.0,-15.0
31,5,5.0,0.0,-11.0,6.0,-14.0,1.0,-8.0
32,8,8.0,0.0,7.0,0.0,14.0,8.0,5.0
33,6,6.0,0.0,6.0,7.0,-2.0,-4.0,8.0
34,3,3.0,0.0,-6.0,-12.0,-1.0,-14.0,-15.0
35,3,3.0,0.0,3.0,6.0,10.0,-5.0,-5.0
36,5,5.0,0.0,9.0,-13.0,-15.0,-1.0,-13.0
37,7,7.0,0.0,-15.0,10.0,-13.0,2.0,9.0
38,6,6.0,0.0,12.0,10.0,-5.0,-12.0,-11.0
39,9,9.0,0.0,9.0,6.0,10.0,-14.0,14.0
40,4,4.0,0.0,-10.0,4.0,5.0,-12.0,0.0
41,8,8.0,0.0,8.0,3.0,14.0,1.0,-2.0
42,7,7.0,0.0,10.0,7.0,-14.0,11.0,0.0
43,8,8.0,0.0,-8.0,-1.0,-10.0,-3.0,-5.0
44,5,5.0,0.0,-15.0,-15.0,-14.0,15.0,11.0
45,2,2.0,0.0,8.0,-15.0,10.0,-5.0,9.0
46,3,3.0,0.0,-7.0,-8.0,-2.0,5.0,-14.0
47,5,5.0,0.0,10.0,-2.0,-7.0,15.0,4.0
48,8,8.0,0.0,13.0,-1.0,5.0,5.0,4.0
49,6,6.0,0.0,-4.0,-1.0,-14.0,10.0,2.0
50,4,4.0,0.0,-3.0,14.0,15.0,9.0,-1.0
51,8,8.0,0.0,-11.0,12.0,6.0,-2.0,1.0
52,6,6.0,0.0,14.0,0.0,9.0,-4.0,10.0
53,7,7.0,0.0,-11.0,-4.0,11.0,14.0,13.0
54,6,6.0,0.0,4.0,-6.0,-13.0,-14.0,-14.0
55,5,5.0,0.0,-8.0,-1.0,-9.0,15.0,11.0
56,5,5.0,0.0,14.0,-3.0,2.0,-4.0,-8.0
57,6,6.0,0.0,4.0,-5.0,-7.0,11.0,-6.0
58,8,8.0,0.0,-1.0,13.0,-5.0,4.0,-5.0
59,8,8.0,0.0,-1.0,-12.0,-10.0,12.0,2.0
60,6,6.0,0.0,-15.0,-14.0,13.0,-10.0,-1.0
61,7,7.0,0.0,-2.0,12.0,1.0,-15.0,-12.0
62,7,7.0,0.0,8.0,15.0,-5.0,-2.0,-3.0
63,7,7.0,0.0,-11.0,-8.0,-7.0,2.0,-3.0
64,5,5.0,0.0,7.0,6.0,-10.0,3.0,-3.0
65,4,4.0,0.0,3.0,5.0,9.0,-9.0,-3.0
66,7,7.0,0.0,-11.0,-15.0,-5.0,-2.0,-14.0
67,4,4.0,0.0,-10.0,9.0,6.0,-8.0,-3.0
68,5,5.0,0.0,-13.0,7.0,12.0,10.0,-15.0
69,7,7.0,0.0,3.0,-6.0,-10.0,-12.0,9.0
70,6,6.0,0.0,-14.0,0.0,11.0,-12.0,10.0
71,6,6.0,0.0,-14.0,-7.0,10.0,10.0,12.0
72,2,2.0,0.0,8.0,2.0,-4.0,-11.0,12.0
73,6,6.0,0.0,-15.0,0.0,-12.0,14.0,12.0
74,1,1.0,0.0,4.0,13.0,-5.0,-2.0,0.0
75,3,3.0,0.0,-13.0,9.0,-7.0,-5.0,-13.0
76,3,3.0,0.0,2.0,-11.0,4.0,-5.0,-2.0
77,3,3.0,0.0,-5.0,-1.0,12.0,-14.0,6.0
78,3,3.0,0.0,10.0,-4.0,-11.0,0.0,2.0
79,0,0.0,0.0,-9.0,8.0,10.0,-9.0,0.0
80,4,4.0,0.0,-8.0,-11.0,10.0,-11.0,7.0
81,10,10.0,0.0,10.0,4.0,-8.0,-2.0,9.0
82,4,4.0,0.0,-11.0,0.0,2.0,-10.0,10.0
83,1,1.0,0.0,-12.0,14.0,9.0,1.0,-4.0
84,5,5.0,0.0,-3.0,-8.0,0.0,3.0,15.0
85,3,3.0,0.0,-11.0,-8.0,4.0,-10.0,2.0
86,5,5.0,0.0,15.0,14.0,-4.0,12.0,3.0
87,0,0.0,0.0,8.0,14.0,3.0,-7.0,-8.0
88,4,4.0,0.0,-10.0,-7.0,12.0,-14.0,-7.0
89,2,2.0,0.0,-9.0,-7.0,-15.0,5.0,-7.0
90,3,3.0,0.0,-3.0,14.0,-10.0,-7.0,-5.0
91,2,2.0,0.0,13.0,-15.0,1.0,-10.0,-8.0
92,5,5.0,0.0,11.0,-4.0,6.0,10.0,9.0
93,5,5.0,0.0,-7.0,14.0,11.0,-7.0,-12.0
94,6,6.0,0.0,-6.0,8.0,-15.0,-3.0,12.0
95,6,6.0,0.0,5.0,-3.0,-12.0,14.0,-1.0
96,7,7.0,0.0,1.0,10.0,1.0,11.0,-6.0
97,6,6.0,0.0,12.0,-3.0,-1.0,12.0,-2.0
98,7,7.0,0.0,4.0,1.0,-6.0,11.0,-9.0
99,7,7.0,0.0,-10.0,8.0,2.0,-11.0,-6.0
100,1,1.0,0.0,-7.0,-7.0,13.0,13.0,12.0
101,6,6.0,0.0,2.0,1.0,3.0,-13.0,-8.0
102,8,8.0,0.0,-9.0,-1.0,-2.0,10.0,-4.0
103,3,3.0,0.0,12.0,-3.0,-1.0,5.0,-13.0
104,7,7.0,0.0,15.0,11.0,-11.0,5.0,11.0
105,7,7.0,0.0,10.0,6.0,12.0,10.0,6.0
106,1,1.0,0.0,13.0,1.0,-5.0,15.0,-14.0
107,4,4.0,0.0,13.0,1.0,7.0,14.0,0.0
108,4,4.0,0.0,15.0,0.0,-12.0,11.0,-1.0
109,4,4.0,0.0,-10.0,15.0,4.0,-14.0,1.0
110,5,5.0,0.0,0.0,-2.0,5.0,-10.0,6.0
111,3,3.0,0.0,12.0,-14.0,-1.0,-1.0,-3.0
112,7,7.0,0.0,-10.0,8.0,-3.0,-7.0,15.0
113,4,4.0,0.0,14.0,-2.0,13.0,-6.0,-2.0
114,3,3.0,0.0,-14.0,10.0,1.0,13.0,-2.0
115,5,5.0,0.0,-13.0,-5.0,-14.0,0.0,13.0
116,4,4.0,0.0,-5.0,-11.0,-15.0,12.0,9.0
117,5,5.0,0.0,10.0,-1.0,9.0,8.0,0.0
118,3,3.0,0.0,-8.0,15.0,9.0,6.0,-3.0
119,5,5.0,0.0,10.0,-7.0,-6.0,9.0,7.0
120,5,5.0,0.0,-5.0,-4.0,-13.0,2.0,15.0
121,4,4.0,0.0,-13.0,-4.0,-1.0,12.0,-14.0
122,3,3.0,0.0,10.0,1.0,2.0,-1.0,-9.0
123,0,0.0,0.0,-7.0,14.0,1.0,2.0,7.0
124,4,4.0,0.0,6.0,-11.0,6.0,-9.0,4.0
125,3,3.0,0.0,2.0,6.0,15.0,5.0,8.0
126,6,6.0,0.0,-1.0,6.0,3.0,-10.0,-11.0
127,7,7.0,0.0,-14.0,0.0,-10.0,12.0,13.0
128,3,3.0,0.0,2.0,-11.0,14.0,1.0,6.0
129,6,6.0,0.0,-15.0,-15.0,-15.0,-13.0,-4.0
130,6,6.0,0.0,2.0,14.0,9.0,-10.0,-5.0
131,6,6.0,0.0,13.0,-8.0,2.0,-11.0,-12.0
132,5,5.0,0.0,-1.0,-10.0,-15.0,10.0,13.0
133,3,3.0,0.0,0.0,3.0,1.0,-1.0,11.0
134,5,5.0,0.0,-9.0,1.0,12.0,9.0,-2.0
135,7,7.0,0.0,15.0,13.0,-12.0,-7.0,-7.0
136,8,8.0,0.0,-3.0,7.0,5.0,-4.0,13.0
137,3,3.0,0.0,1.0,12.0,-11.0,14.0,12.0
138,3,3.0,0.0,4.0,11.0,5.0,-10.0,15.0
139,6,6.0,0.0,-6.0,6.0,10.0,1.0,-8.0
140,8,8.0,0.0,-7.0,0.0,9.0,-3.0,-7.0
141,5,5.0,0.0,-12.0,-11.0,-5.0,-6.0,-10.0
142,6,6.0,0.0,4.0,-2.0,-5.0,10.0,-5.0
143,8,8.0,0.0,-4.0,-9.0,-15.0,-1.0,-8.0
144,4,4.0,0.0,-10.0,-12.0,14.0,0.0,-9.0
145,6,6.0,0.0,15.0,-12.0,10.0,-14.0,14.0
146,8,8.0,0.0,9.0,2.0,15.0,-15.0,-10.0
147,4,4.0,0.0,12.0,-10.0,6.0,-1.0,-9.0
148,7,7.0,0.0,-5.0,10.0,13.0,10.0,-15.0
149,5,5.0,0.0,11.0,10.0,-7.0,11.0,0.0
150,4,4.0,0.0,-8.0,-1.0,6.0,10.0,12.0
151,3,3.0,0.0,14.0,3.0,-7.0,-6.0,-4.0
152,3,3.0,0.0,-15.0,11.0,9.0,3.0,15.0
153,4,4.0,0.0,9.0,-4.0,12.0,-6.0,3.0
154,5,5.0,0.0,1.0,12.0,15.0,2.0,-10.0
155,2,2.0,0.0,-6.0,14.0,-5.0,-12.0,3.0
156,3,3.0,0.0,-10.0,11.0,-15.0,2.0,2.0
157,4,4.0,0.0,8.0,-13.0,8.0,10.0,2.0
158,4,4.0,0.0,3.0,13.0,14.0,3.0,0.0
159,7,7.0,0.0,0.0,-13.0,-10.0,11.0,6.0
160,2,2.0,0.0,13.0,8.0,4.0,-4.0,-14.0
161,4,4.0,0.0,-3.0,-2.0,-13.0,-2.0,-7.0
162,5,5.0,0.0,1.0,-12.0,-1.0,6.0,13.0
163,6,6.0,0.0,10.0,-10.0,-12.0,-14.0,12.0
164,7,7.0,0.0,-14.0,-14.0,11.0,0.0,-9.0
165,7,7.0,0.0,-8.0,13.0,-9.0,-2.0,1.0
166,8,8.0,0.0,10.0,13.0,9.0,-14.0,-12.0
167,1,1.0,0.0,2.0,11.0,-14.0,15.0,11.0
168,6,6.0,0.0,-8.0,-1.0,6.0,-11.0,-13.0
169,6,6.0,0.0,14.0,7.0,-5.0,-8.0,12.0
170,7,7.0,0.0,-15.0,-11.0,4.0,11.0,-4.0
171,2,2.0,0.0,8.0,8.0,-12.0,-12.0,-13.0
172,3,3.0,0.0,3.0,12.0,11.0,-11.0,-6.0
173,4,4.0,0.0,1.0,-2.0,10.0,-3.0,3.0
174,5,5.0,0.0,-11.0,-4.0,-10.0,11.0,-4.0
175,7,7.0,0.0,-5.0,5.0,15.0,-10.0,-15.0
176,6,6.0,0.0,3.0,14.0,10.0,-11.0,-2.0
177,4,4.0,0.0,-13.0,-13.0,-8.0,-14.0,-9.0
178,2,2.0,0.0,-2.0,1.0,-15.0,-10.0,-9.0
179,6,6.0,0.0,10.0,13.0,10.0,10.0,-10.0
180,1,1.0,0.0,-3.0,9.0,-8.0,4.0,2.0
181,2,2.0,0.0,-11.0,10.0,7.0,14.0,2.0
182,4,4.0,0.0,-13.0,10.0,-11.0,8.0,-2.0
183,4,4.0,0.0,5.0,11.0,10.0,-13.0,-9.0
184,6,6.0,0.0,-9.0,-7.0,6.0,7.0,12.0
185,3,3.0,0.0,0.0,-7.0,14.0,-10.0,8.0
186,3,3.0,0.0,-9.0,0.0,5.0,-13.0,-5.0
187,2,2.0,0.0,11.0,12.0,-11.0,7.0,1.0
188,5,5.0,0.0,-10.0,6.0,-3.0,-8.0,-2.0
189,4,4.0,0.0,8.0,-3.0,13.0,9.0,11.0
190,3,3.0,0.0,8.0,3.0,12.0,-10.0,11.0
191,6,6.0,0.0,-12.0,10.0,-13.0,15.0,-12.0
192,3,3.0,0.0,5.0,3.0,-12.0,-12.0,-13.0
193,5,5.0,0.0,-6.0,12.0,-7.0,-6.0,2.0
194,6,6.0,0.0,6.0,-2.0,0.0,1.0,9.0
195,5,5.0,0.0,4.0,3.0,-1.0,-9.0,-5.0
196,1,1.0,0.0,-4.0,-5.0,-12.0,-11.0,-4.0
197,2,2.0,0.0,12.0,14.0,-15.0,8.0,-7.0
198,8,8.0,0.0,6.0,0.0,-2.0,-15.0,-10.0
199,5,5.0,0.0,-8.0,14.0,-10.0,12.0,-8.0
200,4,4.0,0.0,-13.0,7.0,5.0,-14.0,8.0
201,4,4.0,0.0,-10.0,10.0,-12.0,14.0,13.0
202,8,8.0,0.0,-8.0,-12.0,-14.0,-15.0,-4.0
203,3,3.0,0.0,7.0,-7.0,9.0,12.0,-9.0
204,5,5.0,0.0,5.0,11.0,-14.0,15.0,3.0
205,6,6.0,0.0,6.0,-8.0,3.0,-8.0,15.0
206,4,4.0,0.0,-10.0,11.0,5.0,1.0,-8.0
207,6,6.0,0.0,1.0,-8.0,-3.0,15.0,-3.0
208,2,2.0,0.0,4.0,9.0,-9.0,-15.0,-8.0
209,7,7.0,0.0,-3.0,12.0,9.0,13.0,-13.0
210,3,3.0,0.0,7.0,6.0,-6.0,14.0,7.0
211,5,5.0,0.0,-6.0,13.0,-13.0,7.0,13.0
212,5,5.0,0.0,2.0,12.0,-10.0,-6.0,7.0
213,9,9.0,0.0,-14.0,4.0,-11.0,1.0,5.0
214,2,2.0,0.0,-15.0,0.0,8.0,-14.0,2.0
215,0,0.0,0.0,4.0,0.0,11.0,7.0,-8.0
216,4,4.0,0.0,-3.0,-13.0,-3.0,-2.0,2.0
217,6,6.0,0.0,13.0,-4.0,4.0,6.0,-2.0
218,2,2.0,0.0,-12.0,-13.0,5.0,4.0,-1.0
219,4,4.0,0.0,-12.0,-1.0,11.0,-5.0,-12.0
220,7,7.0,0.0,-8.0,-13.0,4.0,7.0,-8.0
221,4,4.0,0.0,-15.0,-8.0,-9.0,-13.0,12.0
222,3,3.0,0.0,15.0,-10.0,7.0,-14.0,-12.0
223,4,4.0,0.0,-5.0,12.0,7.0,3.0,5.0
224,3,3.0,0.0,-9.0,-13.0,5.0,-11.0,3.0
225,3,3.0,0.0,14.0,-2.0,-15.0,7.0,8.0
226,9,9.0,0.0,8.0,1.0,-1.0,-1.0,9.0
227,4,4.0,0.0,-3.0,9.0,-6.0,-14.0,2.0
228,2,2.0,0.0,-9.0,8.0,-9.0,13.0,-3.0
229,7,7.0,0.0,0.0,-3.0,-7.0,-10.0,-5.0
230,6,6.0,0.0,10.0,7.0,1.0,12.0,14.0
231,5,5.0,0.0,14.0,8.0,2.0,2.0,-8.0
232,5,5.0,0.0,10.0,7.0,-2.0,-6.0,5.0
233,9,9.0,0.0,6.0,-13.0,-4.0,-13.0,-10.0
234,6,6.0,0.0,-12.0,3.0,-12.0,-10.0,-13.0
235,6,6.0,0.0,7.0,-15.0,2.0,-11.0,1.0
236,3,3.0,0.0,-8.0,-8.0,1.0,-6.0,-15.0
237,9,9.0,0.0,15.0,2.0,4.0,13.0,5.0
238,3,3.0,0.0,1.0,-1.0,-3.0,-15.0,-9.0
239,5,5.0,0.0,-2.0,-14.0,9.0,11.0,1.0
240,3,3.0,0.0,2.0,-6.0,3.0,1.0,9.0
241,8,8.0,0.0,10.0,14.0,15.0,-5.0,4.0
242,4,4.0,0.0,14.0,13.0,5.0,-7.0,0.0
243,1,1.0,0.0,-6.0,-5.0,-9.0,-15.0,6.0
244,5,5.0,0.0,-10.0,14.0,14.0,-11.0,-13.0
245,5,5.0,0.0,3.0,3.0,-9.0,9.0,-9.0
246,8,8.0,0.0,15.0,-13.0,-11.0,0.0,-1.0
247,4,4.0,0.0,-5.0,0.0,-9.0,0.0,1.0
248,3,3.0,0.0,-10.0,-2.0,-9.0,10.0,-15.0
249,6,6.0,0.0,11.0,15.0,-12.0,-5.0,8.0
250,6,6.0,0.0,-9.0,13.0,-1.0,6.0,-11.0
251,3,3.0,0.0,-5.0,9.0,7.0,8.0,12.0
252,6,6.0,0.0,10.0,-8.0,-6.0,-7.0,-11.0
253,4,4.0,0.0,-4.0,-6.0,-3.0,-4.0,-12.0
254,5,5.0,0.0,-12.0,11.0,-10.0,-14.0,2.0
255,7,7.0,0.0,9.0,5.0,-7.0,14.0,11.0
256,1,1.0,0.0,13.0,14.0,-7.0,-9.0,-15.0
257,8,8.0,0.0,-6.0,-12.0,-11.0,-3.0,14.0
258,6,6.0,0.0,6.0,-13.0,-4.0,-8.0,-7.0
259,3,3.0,0.0,15.0,6.0,15.0,13.0,-1.0
260,4,4.0,0.0,-15.0,7.0,15.0,-7.0,-3.0
261,5,5.0,0.0,-13.0,15.0,4.0,-10.0,-15.0
262,7,7.0,0.0,-5.0,2.0,-14.0,2.0,7.0
263,4,4.0,0.0,6.0,5.0,8.0,0.0,12.0
264,3,3.0,0.0,8.0,-6.0,7.0,-7.0,-5.0
265,4,4.0,0.0,14.0,1.0,14.0,12.0,14.0
266,3,3.0,0.0,-8.0,3.0,11.0,-10.0,14.0
267,7,7.0,0.0,4.0,-5.0,-11.0,-7.0,15.0
268,4,4.0,0.0,-13.0,6.0,5.0,-7.0,-1.0
269,3,3.0,0.0,2.0,-8.0,-12.0,7.0,5.0
270,5,5.0,0.0,4.0,-10.0,-11.0,10.0,1.0
271,8,8.0,0.0,-4.0,0.0,11.0,-2.0,15.0
272,5,5.0,0.0,-5.0,-15.0,-7.0,-12.0,-13.0
273,4,4.0,0.0,-4.0,5.0,0.0,-4.0,-9.0
274,4,4.0,0.0,5.0,9.0,-13.0,13.0,7.0
275,6,6.0,0.0,-2.0,-14.0,-5.0,6.0,-9.0
276,6,6.0,0.0,-13.0,-2.0,-11.0,-6.0,-1.0
277,3,3.0,0.0,-1.0,7.0,15.0,1.0,-14.0
278,5,5.0,0.0,7.0,-12.0,-9.0,12.0,15.0
279,5,5.0,0.0,6.0,7.0,13.0,-12.0,8.0
280,4,4.0,0.0,13.0,4.0,10.0,-4.0,8.0
281,9,9.0,0.0,-8.0,0.0,-10.0,-9.0,7.0
282,4,4.0,0.0,0.0,8.0,-12.0,0.0,7.0
283,5,5.0,0.0,-7.0,-8.0,9.0,-11.0,-5.0
284,5,5.0,0.0,4.0,-12.0,0.0,14.0,-3.0
285,7,7.0,0.0,-14.0,-1.0,3.0,2.0,-9.0
286,9,9.0,0.0,-12.0,7.0,-1.0,-7.0,7.0
287,6,6.0,0.0,9.0,-9.0,1.0,7.0,9.0
288,7,7.0,0.0,-6.0,10.0,-3.0,7.0,-7.0
289,4,4.0,0.0,8.0,9.0,-3.0,12.0,-6.0
290,3,3.0,0.0,-1.0,2.0,-11.0,-10.0,-14.0
291,7,7.0,0.0,1.0,-8.0,-9.0,0.0,-1.0
292,4,4.0,0.0,-7.0,11.0,-15.0,8.0,6.0
293,5,5.0,0.0,-1.0,5.0,0.0,-10.0,-10.0
294,7,7.0,0.0,3.0,7.0,-14.0,7.0,-1.0
295,7,7.0,0.0,-12.0,9.0,15.0,-12.0,-1.0
296,1,1.0,0.0,-6.0,-12.0,-11.0,-10.0,1.0
297,5,5.0,0.0,5.0,-5.0,9.0,15.0,-8.0
298,3,3.0,0.0,6.0,-15.0,6.0,-13.0,-8.0
299,1,1.0,0.0,-3.0,-3.0,-10.0,-1.0,-6.0
300,6,6.0,0.0,-1.0,-10.0,9.0,9.0,-13.0
301,6,6.0,0.0,-8.0,-14.0,-7.0,-15.0,-15.0
302,9,9.0,0.0,11.0,3.0,9.0,-7.0,1.0
303,8,8.0,0.0,-3.0,-12.0,10.0,1.0,14.0
304,9,9.0,0.0,1.0,-11.0,4.0,13.0,-1.0
305,5,5.0,0.0,2.0,3.0,14.0,13.0,13.0
306,4,4.0,0.0,9.0,-12.0,1.0,-13.0,0.0
307,5,5.0,0.0,4.0,-13.0,-8.0,8.0,13.0
308,4,4.0,0.0,14.0,-14.0,-5.0,8.0,-14.0
309,5,5.0,0.0,6.0,-12.0,5.0,0.0,5.0
310,4,4.0,0.0,12.0,8.0,-7.0,9.0,6.0
311,5,5.0,0.0,0.0,6.0,8.0,-10.0,-14.0
312,2,2.0,0.0,-4.0,-3.0,5.0,-9.0,-7.0
313,1,1.0,0.0,15.0,14.0,-8.0,15.0,-6.0
314,6,6.0,0.0,4.0,7.0,-13.0,6.0,-6.0
315,6,6.0,0.0,1.0,13.0,-14.0,12.0,-6.0
316,6,6.0,0.0,1.0,2.0,-4.0,-13.0,5.0
317,4,4.0,0.0,-3.0,-8.0,7.0,-6.0,-3.0
318,5,5.0,0.0,-6.0,4.0,-3.0,11.0,-10.0
319,3,3.0,0.0,-15.0,-3.0,-1.0,-7.0,-10.0
320,3,3.0,0.0,-3.0,-13.0,3.0,5.0,5.0
321,6,6.0,0.0,-1.0,-14.0,-15.0,9.0,1.0
322,8,8.0,0.0,-7.0,-6.0,-13.0,4.0,-13.0
323,2,2.0,0.0,4.0,-4.0,5.0,8.0,9.0
324,0,0.0,0.0,-3.0,10.0,-5.0,1.0,-7.0
325,5,5.0,0.0,-3.0,-9.0,-2.0,-11.0,-11.0
326,2,2.0,0.0,12.0,12.0,10.0,14.0,-13.0
327,7,7.0,0.0,3.0,15.0,2.0,15.0,15.0
328,7,7.0,0.0,13.0,-3.0,-13.0,7.0,14.0
329,6,6.0,0.0,13.0,-4.0,-4.0,11.0,11.0
330,4,4.0,0.0,15.0,1.0,-7.0,8.0,-6.0
331,3,3.0,0.0,-3.0,-14.0,-6.0,9.0,-5.0
332,4,4.0,0.0,-4.0,12.0,3.0,-6.0,-8.0
333,4,4.0,0.0,-12.0,-5.0,-10.0,-2.0,12.0
334,6,6.0,0.0,14.0,3.0,-7.0,-1.0,-12.0
335,5,5.0,0.0,15.0,7.0,-15.0,7.0,-15.0
336,5,5.0,0.0,11.0,2.0,-8.0,-3.0,-3.0
337,7,7.0,0.0,-11.0,0.0,7.0,-5.0,13.0
338,4,4.0,0.0,-11.0,9.0,4.0,1.0,-12.0
339,4,4.0,0.0,-14.0,-14.0,5.0,-4.0,15.0
340,5,5.0,0.0,14.0,-15.0,-7.0,-1.0,7.0
341,8,8.0,0.0,2.0,-9.0,-1.0,13.0,-9.0
342,5,5.0,0.0,-15.0,9.0,-13.0,15.0,-6.0
343,4,4.0,0.0,-15.0,-10.0,-13.0,-4.0,12.0
344,5,5.0,0.0,-10.0,9.0,-8.0,-11.0,11.0
345,5,5.0,0.0,-10.0,9.0,-3.0,-3.0,-4.0
346,5,5.0,0.0,6.0,15.0,1.0,-13.0,0.0
347,5,5.0,0.0,10.0,10.0,-10.0,0.0,10.0
348,7,7.0,0.0,-3.0,-14.0,-6.0,-6.0,-1.0
349,4,4.0,0.0,-13.0,3.0,15.0,-12.0,15.0
350,6,6.0,0.0,15.0,-3.0,4.0,13.0,5.0
351,7,7.0,0.0,2.0,3.0,12.0,9.0,-3.0
352,6,6.0,0.0,-13.0,4.0,-9.0,3.0,-9.0
353,6,6.0,0.0,14.0,-2.0,-1.0,-11.0,-11.0
354,3,3.0,0.0,-6.0,6.0,9.0,-2.0,-9.0
355,3,3.0,0.0,-15.0,11.0,8.0,9.0,14.0
356,3,3.0,0.0,4.0,3.0,-3.0,-4.0,-14.0
357,6,6.0,0.0,-1.0,-15.0,12.0,-10.0,6.0
358,7,7.0,0.0,-14.0,4.0,10.0,12.0,-13.0
359,1,1.0,0.0,-4.0,-8.0,3.0,-10.0,-13.0
360,3,3.0,0.0,11.0,13.0,0.0,-4.0,11.0
361,4,4.0,0.0,0.0,-15.0,-9.0,-3.0,4.0
362,3,3.0,0.0,-12.0,-8.0,-10.0,3.0,-14.0
363,6,6.0,0.0,-14.0,8.0,-10.0,-5.0,-1.0
364,6,6.0,0.0,-4.0,15.0,13.0,10.0,12.0
365,5,5.0,0.0,7.0,-6.0,-9.0,8.0,-6.0
366,7,7.0,0.0,11.0,3.0,4.0,-12.0,5.0
367,7,7.0,0.0,-7.0,7.0,4.0,-7.0,-15.0
368,7,7.0,0.0,15.0,9.0,-10.0,-11.0,-12.0
369,5,5.0,0.0,-1.0,3.0,12.0,-9.0,8.0
370,6,6.0,0.0,-11.0,2.0,-1.0,-8.0,2.0
371,3,3.0,0.0,-13.0,5.0,-14.0,11.0,10.0
372,9,9.0,0.0,-7.0,14.0,-12.0,4.0,12.0
373,7,7.0,0.0,-1.0,-14.0,-5.0,14.0,-4.0
374,4,4.0,0.0,-9.0,-6.0,-3.0,-7.0,4.0
375,7,7.0,0.0,8.0,-10.0,-14.0,9.0,13.0
376,7,7.0,0.0,10.0,7.0,5.0,0.0,8.0
377,3,3.0,0.0,12.0,4.0,-6.0,5.0,-11.0
378,7,7.0,0.0,7.0,-15.0,-11.0,7.0,15.0
379,5,5.0,0.0,-1.0,14.0,6.0,-9.0,-5.0
380,8,8.0,0.0,-4.0,5.0,13.0,6.0,-7.0
381,5,5.0,0.0,10.0,-8.0,-3.0,-6.0,-11.0
382,3,3.0,0.0,-3.0,-14.0,14.0,0.0,2.0
383,4,4.0,0.0,14.0,-4.0,-14.0,-15.0,-15.0
384,7,7.0,0.0,15.0,-12.0,-3.0,15.0,-14.0
385,6,6.0,0.0,-5.0,-5.0,-1.0,5.0,12.0
386,11,11.0,0.0,-2.0,-4.0,7.0,-15.0,-2.0
387,5,5.0,0.0,-4.0,-11.0,9.0,-7.0,3.0
388,4,4.0,0.0,-11.0,-10.0,2.0,2.0,-10.0
389,4,4.0,0.0,2.0,10.0,-6.0,2.0,1.0
390,5,5.0,0.0,8.0,8.0,11.0,2.0,-9.0
391,4,4.0,0.0,-9.0,11.0,-1.0,-2.0,-11.0
392,3,3.0,0.0,-3.0,8.0,-2.0,-7.0,-11.0
393,4,4.0,0.0,4.0,-14.0,-11.0,14.0,-9.0
394,4,4.0,0.0,9.0,8.0,1.0,-10.0,4.0
395,7,7.0,0.0,-1.0,8.0,5.0,-7.0,-2.0
396,3,3.0,0.0,4.0,4.0,-6.0,-6.0,-3.0
397,7,7.0,0.0,-15.0,8.0,9.0,-11.0,-13.0
398,5,5.0,0.0,-9.0,5.0,1.0,2.0,-11.0
399,5,5.0,0.0,9.0,-9.0,14.0,-9.0,10.0
400,7,7.0,0.0,12.0,6.0,-13.0,-1.0,-3.0
401,4,4.0,0.0,9.0,-5.0,5.0,2.0,9.0
402,3,3.0,0.0,7.0,-8.0,15.0,-5.0,-6.0
403,5,5.0,0.0,-3.0,11.0,13.0,7.0,5.0
404,3,3.0,0.0,5.0,-13.0,2.0,-10.0,-13.0
405,6,6.0,0.0,-10.0,-14.0,0.0,6.0,5.0
406,6,6.0,0.0,-15.0,14.0,9.0,5.0,3.0
407,6,6.0,0.0,0.0,-12.0,5.0,-12.0,0.0
408,10,10.0,0.0,-15.0,0.0,-4.0,-15.0,12.0
409,8,8.0,0.0,-4.0,3.0,11.0,10.0,7.0
410,7,7.0,0.0,-15.0,-2.0,-15.0,11.0,-7.0
411,5,5.0,0.0,9.0,-8.0,-8.0,-13.0,-8.0
412,1,1.0,0.0,-6.0,15.0,6.0,15.0,-4.0
413,7,7.0,0.0,10.0,0.0,1.0,4.0,6.0
414,4,4.0,0.0,5.0,-9.0,-3.0,-5.0,-14.0
415,6,6.0,0.0,-2.0,-6.0,-7.0,3.0,15.0
416,6,6.0,0.0,15.0,-9.0,-6.0,13.0,-5.0
417,5,5.0,0.0,-15.0,1.0,9.0,12.0,-5.0
418,8,8.0,0.0,2.0,13.0,-3.0,-5.0,6.0
419,3,3.0,0.0,-15.0,5.0,14.0,11.0,-9.0
420,9,9.0,0.0,-11.0,8.0,14.0,-8.0,9.0
421,4,4.0,0.0,3.0,13.0,8.0,-9.0,-10.0
422,5,5.0,0.0,-15.0,-11.0,-4.0,5.0,-2.0
423,3,3.0,0.0,7.0,-1.0,2.0,-1.0,-13.0
424,5,5.0,0.0,-13.0,9.0,-5.0,6.0,3.0
425,3,3.0,0.0,-12.0,-10.0,-6.0,-6.0,-9.0
426,9,9.0,0.0,2.0,9.0,-14.0,10.0,-14.0
427,4,4.0,0.0,4.0,-4.0,-15.0,7.0,14.0
428,5,5.0,0.0,-13.0,-6.0,4.0,-4.0,-3.0
429,5,5.0,0.0,12.0,-7.0,-4.0,11.0,-6.0
430,4,4.0,0.0,-3.0,1.0,-2.0,-11.0,10.0
431,5,5.0,0.0,12.0,6.0,0.0,11.0,-8.0
432,3,3.0,0.0,-15.0,1.0,-12.0,-13.0,11.0
433,5,5.0,0.0,-2.0,-14.0,1.0,-1.0,6.0
434,6,6.0,0.0,-3.0,-10.0,6.0,-8.0,-2.0
435,4,4.0,0.0,9.0,-3.0,0.0,-8.0,14.0
436,7,7.0,0.0,0.0,15.0,10.0,11.0,-7.0
437,4,4.0,0.0,-3.0,-11.0,14.0,-14.0,-14.0
438,4,4.0,0.0,-4.0,3.0,-2.0,8.0,-9.0
439,7,7.0,0.0,-10.0,-3.0,8.0,5.0,-4.0
440,0,0.0,0.0,9.0,14.0,14.0,7.0,1.0
441,6,6.0,0.0,-13.0,8.0,-7.0,3.0,5.0
442,5,5.0,0.0,-2.0,-10.0,-15.0,9.0,-12.0
443,4,4.0,0.0,15.0,-5.0,-9.0,-15.0,-6.0
444,5,5.0,0.0,-2.0,11.0,12.0,6.0,11.0
445,0,0.0,0.0,-11.0,1.0,-8.0,15.0,11.0
446,4,4.0,0.0,5.0,15.0,-8.0,2.0,0.0
447,4,4.0,0.0,8.0,-12.0,15.0,-10.0,-7.0
448,8,8.0,0.0,-3.0,-8.0,-13.0,-7.0,-7.0
449,3,3.0,0.0,0.0,6.0,0.0,-3.0,-14.0
450,4,4.0,0.0,15.0,11.0,1.0,15.0,1.0
451,6,6.0,0.0,-10.0,1.0,-4.0,-8.0,11.0
452,5,5.0,0.0,7.0,-10.0,7.0,-9.0,5.0
453,7,7.0,0.0,-1.0,2.0,0.0,-1.0,-14.0
454,5,5.0,0.0,9.0,8.0,9.0,-10.0,-6.0
455,1,1.0,0.0,1.0,2.0,-14.0,14.0,-14.0
456,4,4.0,0.0,-6.0,-1.0,-7.0,15.0,-10.0
457,5,5.0,0.0,-8.0,-4.0,-7.0,-12.0,1.0
458,7,7.0,0.0,-2.0,-1.0,-12.0,-5.0,-15.0
459,6,6.0,0.0,13.0,2.0,-2.0,13.0,14.0
460,3,3.0,0.0,6.0,-14.0,-3.0,5.0,-5.0
461,9,9.0,0.0,11.0,-6.0,5.0,-3.0,7.0
462,5,5.0,0.0,-2.0,-9.0,-5.0,4.0,-3.0
463,5,5.0,0.0,-11.0,4.0,5.0,5.0,-7.0
464,2,2.0,0.0,3.0,-15.0,-4.0,-7.0,3.0
465,8,8.0,0.0,13.0,-2.0,13.0,-6.0,-6.0
466,7,7.0,0.0,3.0,11.0,-12.0,3.0,-8.0
467,2,2.0,0.0,14.0,0.0,8.0,13.0,-13.0
468,3,3.0,0.0,5.0,-7.0,10.0,-8.0,4.0
469,6,6.0,0.0,9.0,-15.0,12.0,5.0,-4.0
470,5,5.0,0.0,15.0,10.0,12.0,2.0,-15.0
471,4,4.0,0.0,-5.0,-13.0,-15.0,-11.0,-13.0
472,7,7.0,0.0,13.0,-9.0,0.0,-10.0,-2.0
473,6,6.0,0.0,15.0,0.0,-3.0,3.0,5.0
474,3,3.0,0.0,1.0,7.0,15.0,-10.0,6.0
475,6,6.0,0.0,7.0,13.0,-12.0,-12.0,6.0
476,4,4.0,0.0,2.0,13.0,-2.0,-4.0,15.0
477,4,4.0,0.0,11.0,6.0,-14.0,6.0,-5.0
478,4,4.0,0.0,-1.0,-15.0,2.0,-14.0,-14.0
479,8,8.0,0.0,9.0,-1.0,-13.0,-6.0,3.0
480,3,3.0,0.0,-7.0,12.0,7.0,15.0,-15.0
481,2,2.0,0.0,-8.0,-5.0,4.0,-8.0,6.0
482,9,9.0,0.0,-15.0,10.0,-2.0,3.0,-11.0
483,6,6.0,0.0,-3.0,5.0,11.0,3.0,11.0
484,3,3.0,0.0,2.0,-5.0,11.0,5.0,-9.0
485,5,5.0,0.0,14.0,-10.0,3.0,4.0,-14.0
486,5,5.0,0.0,-13.0,-8.0,5.0,-6.0,12.0
487,4,4.0,0.0,1.0,-2.0,-12.0,1.0,2.0
488,5,5.0,0.0,2.0,3.0,7.0,-6.0,-10.0
489,8,8.0,0.0,0.0,-14.0,15.0,7.0,-13.0
490,5,5.0,0.0,13.0,-6.0,-14.0,11.0,-6.0
491,9,9.0,0.0,-4.0,14.0,-4.0,13.0,13.0
492,5,5.0,0.0,-15.0,-12.0,-14.0,6.0,9.0
493,3,3.0,0.0,-6.0,3.0,3.0,0.0,12.0
494,8,8.0,0.0,3.0,-7.0,8.0,-5.0,14.0
495,4,4.0,0.0,0.0,7.0,4.0,-4.0,5.0
496,6,6.0,0.0,5.0,-15.0,-9.0,-13.0,4.0
497,7,7.0,0.0,10.0,14.0,9.0,0.0,-10.0
498,1,1.0,0.0,3.0,-7.0,-14.0,4.0,-12.0
499,3,3.0,0.0,15.0,14.0,10.0,-12.0,5.0
500,5,5.0,0.0,-1.0,-14.0,-5.0,1.0,-12.0
501,7,7.0,0.0,3.0,7.0,-11.0,-6.0,-15.0
502,3,3.0,0.0,6.0,-12.0,11.0,-8.0,10.0
503,5,5.0,0.0,-9.0,12.0,9.0,-13.0,-1.0
504,5,5.0,0.0,-13.0,-15.0,15.0,-6.0,7.0
505,6,6.0,0.0,-15.0,11.0,-8.0,11.0,-12.0
506,8,8.0,0.0,-6.0,0.0,2.0,-2.0,7.0
507,2,2.0,0.0,-8.0,11.0,-15.0,10.0,-10.0
508,6,6.0,0.0,-11.0,6.0,10.0,-6.0,6.0
509,6,6.0,0.0,0.0,2.0,-13.0,-4.0,-9.0
510,9,9.0,0.0,-14.0,10.0,-14.0,9.0,-1.0
511,3,3.0,0.0,1.0,14.0,-5.0,6.0,-6.0
512,3,3.0,0.0,13.0,-8.0,-1.0,2.0,-9.0
513,5,5.0,0.0,5.0,-5.0,-8.0,-12.0,-13.0
514,5,5.0,0.0,8.0,-1.0,12.0,-9.0,4.0
515,4,4.0,0.0,-8.0,-12.0,12.0,-12.0,12.0
516,1,1.0,0.0,6.0,8.0,1.0,11.0,12.0
517,8,8.0,0.0,10.0,-9.0,7.0,7.0,-6.0
518,6,6.0,0.0,-7.0,-7.0,2.0,-4.0,-5.0
519,6,6.0,0.0,0.0,0.0,-11.0,-8.0,9.0
520,3,3.0,0.0,-2.0,1.0,9.0,0.0,13.0
521,5,5.0,0.0,-12.0,-1.0,-2.0,-6.0,-4.0
522,4,4.0,0.0,4.0,7.0,0.0,-4.0,-4.0
523,4,4.0,0.0,-13.0,-4.0,10.0,1.0,6.0
524,3,3.0,0.0,10.0,-2.0,-12.0,11.0,-6.0
525,4,4.0,0.0,9.0,6.0,-2.0,-6.0,10.0
526,4,4.0,0.0,-6.0,-4.0,-15.0,11.0,9.0
527,3,3.0,0.0,9.0,6.0,-13.0,-14.0,13.0
528,0,0.0,0.0,2.0,8.0,14.0,-7.0,1.0
529,2,2.0,0.0,-12.0,0.0,6.0,10.0,-11.0
530,7,7.0,0.0,8.0,-11.0,2.0,6.0,-3.0
531,2,2.0,0.0,2.0,9.0,8.0,7.0,-10.0
532,2,2.0,0.0,-12.0,-3.0,11.0,10.0,3.0
533,5,5.0,0.0,-5.0,8.0,-9.0,-6.0,-7.0
534,2,2.0,0.0,8.0,14.0,-6.0,-10.0,11.0
535,11,11.0,0.0,-13.0,7.0,-13.0,12.0,2.0
536,4,4.0,0.0,-5.0,7.0,-2.0,15.0,-7.0
537,5,5.0,0.0,3.0,-14.0,4.0,-1.0,2.0
538,1,1.0,0.0,-14.0,-2.0,-4.0,-13.0,-12.0
539,2,2.0,0.0,-4.0,-10.0,5.0,-14.0,3.0
540,6,6.0,0.0,-15.0,11.0,10.0,15.0,-6.0
541,3,3.0,0.0,-13.0,-9.0,1.0,-2.0,11.0
542,7,7.0,0.0,-15.0,-1.0,0.0,2.0,10.0
543,2,2.0,0.0,3.0,-11.0,14.0,-8.0,-12.0
544,6,6.0,0.0,4.0,6.0,8.0,10.0,-13.0
545,5,5.0,0.0,-1.0,14.0,12.0,3.0,1.0
546,0,0.0,0.0,11.0,2.0,10.0,-14.0,12.0
547,9,9.0,0.0,-5.0,5.0,13.0,-11.0,1.0
548,3,3.0,0.0,4.0,-3.0,-10.0,12.0,-15.0
549,2,2.0,0.0,5.0,-6.0,-15.0,12.0,-1.0
550,5,5.0,0.0,-10.0,-14.0,-10.0,5.0,-13.0
551,2,2.0,0.0,6.0,-9.0,-11.0,9.0,3.0
552,8,8.0,0.0,-8.0,-10.0,-5.0,14.0,14.0
553,7,7.0,0.0,-1.0,-11.0,-5.0,-2.0,-11.0
554,2,2.0,0.0,1.0,11.0,11.0,9.0,1.0
555,5,5.0,0.0,3.0,-3.0,-6.0,-14.0,11.0
556,5,5.0,0.0,3.0,-6.0,11.0,0.0,13.0
557,2,2.0,0.0,-15.0,10.0,12.0,-2.0,8.0
558,5,5.0,0.0,-13.0,14.0,4.0,-12.0,-11.0
559,3,3.0,0.0,-12.0,6.0,-2.0,-11.0,13.0
560,2,2.0,0.0,-13.0,-6.0,-12.0,-8.0,13.0
561,5,5.0,0.0,12.0,13.0,-3.0,-11.0,0.0
562,1,1.0,0.0,12.0,-8.0,-7.0,-15.0,-15.0
563,4,4.0,0.0,-15.0,-9.0,2.0,15.0,-7.0
564,2,2.0,0.0,-1.0,-6.0,-1.0,4.0,15.0
565,4,4.0,0.0,-12.0,-9.0,11.0,-11.0,4.0
566,4,4.0,0.0,1.0,10.0,-14.0,5.0,14.0
567,6,6.0,0.0,15.0,5.0,-3.0,-9.0,1.0
568,5,5.0,0.0,-14.0,-10.0,6.0,-8.0,5.0
569,3,3.0,0.0,15.0,-14.0,12.0,12.0,15.0
570,6,6.0,0.0,7.0,2.0,5.0,0.0,10.0
571,7,7.0,0.0,13.0,-14.0,-13.0,-8.0,9.0
572,8,8.0,0.0,-15.0,-6.0,5.0,-3.0,-5.0
573,6,6.0,0.0,-2.0,-12.0,-3.0,2.0,10.0
574,3,3.0,0.0,-1.0,3.0,-3.0,5.0,6.0
575,3,3.0,0.0,11.0,-3.0,-8.0,-4.0,15.0
576,1,1.0,0.0,3.0,14.0,1.0,4.0,-4.0
577,0,0.0,0.0,10.0,-8.0,4.0,3.0,-8.0
578,3,3.0,0.0,14.0,-5.0,-13.0,-5.0,8.0
579,3,3.0,0.0,-2.0,9.0,-3.0,-7.0,-6.0
580,4,4.0,0.0,5.0,6.0,13.0,-10.0,4.0
581,7,7.0,0.0,-12.0,-15.0,-7.0,-8.0,-8.0
582,7,7.0,0.0,-9.0,11.0,15.0,-15.0,6.0
583,2,2.0,0.0,-10.0,-9.0,-12.0,12.0,-12.0
584,5,5.0,0.0,4.0,-15.0,5.0,-12.0,11.0
585,6,6.0,0.0,-8.0,-3.0,-7.0,-2.0,-11.0
586,4,4.0,0.0,-5.0,-13.0,0.0,13.0,14.0
587,6,6.0,0.0,15.0,-5.0,0.0,-3.0,10.0
588,2,2.0,0.0,0.0,4.0,-1.0,-2.0,10.0
589,5,5.0,0.0,-8.0,-15.0,-6.0,4.0,-11.0
590,6,6.0,0.0,-8.0,0.0,-14.0,-13.0,8.0
591,6,6.0,0.0,-11.0,7.0,14.0,0.0,7.0
592,7,7.0,0.0,-13.0,-2.0,-8.0,11.0,-4.0
593,5,5.0,0.0,15.0,-5.0,-8.0,-5.0,7.0
594,7,7.0,0.0,5.0,-12.0,4.0,-14.0,1.0
595,4,4.0,0.0,10.0,-9.0,4.0,15.0,-8.0
596,5,5.0,0.0,0.0,-15.0,-4.0,-11.0,13.0
597,4,4.0,0.0,8.0,-9.0,5.0,1.0,13.0
598,7,7.0,0.0,0.0,-15.0,-11.0,5.0,3.0
599,3,3.0,0.0,-4.0,-7.0,-11.0,-8.0,12.0
600,6,6.0,0.0,-12.0,0.0,12.0,7.0,-9.0
601,7,7.0,0.0,13.0,-11.0,3.0,-3.0,15.0
602,4,4.0,0.0,11.0,1.0,-6.0,11.0,7.0
603,3,3.0,0.0,13.0,1.0,8.0,-15.0,12.0
604,4,4.0,0.0,-2.0,0.0,5.0,0.0,-8.0
605,4,4.0,0.0,-3.0,4.0,0.0,6.0,-2.0
606,3,3.0,0.0,10.0,-13.0,2.0,-4.0,-4.0
607,6,6.0,0.0,3.0,-7.0,-6.0,10.0,-1.0
608,10,10.0,0.0,8.0,0.0,-11.0,3.0,8.0
609,6,6.0,0.0,13.0,-5.0,-3.0,9.0,14.0
610,3,3.0,0.0,11.0,-11.0,7.0,-9.0,-15.0
611,4,4.0,0.0,1.0,5.0,-5.0,-5.0,-3.0
612,7,7.0,0.0,6.0,2.0,-12.0,-11.0,2.0
613,5,5.0,0.0,-2.0,14.0,6.0,15.0,1.0
614,3,3.0,0.0,-9.0,14.0,2.0,7.0,-11.0
615,5,5.0,0.0,-14.0,11.0,7.0,2.0,13.0
616,4,4.0,0.0,11.0,-3.0,6.0,10.0,8.0
617,5,5.0,0.0,10.0,-9.0,8.0,3.0,0.0
618,7,7.0,0.0,12.0,10.0,-4.0,11.0,5.0
619,1,1.0,0.0,9.0,11.0,7.0,12.0,-12.0
620,7,7.0,0.0,-5.0,14.0,0.0,12.0,-14.0
621,3,3.0,0.0,-9.0,6.0,-12.0,13.0,13.0
622,3,3.0,0.0,-5.0,4.0,-2.0,12.0,-15.0
623,3,3.0,0.0,11.0,12.0,-11.0,2.0,-15.0
624,1,1.0,0.0,-3.0,7.0,3.0,10.0,-12.0
625,4,4.0,0.0,-14.0,-13.0,-2.0,12.0,-9.0
626,5,5.0,0.0,-9.0,-6.0,-14.0,6.0,-2.0
627,4,4.0,0.0,-5.0,5.0,13.0,-8.0,-4.0
628,1,1.0,0.0,-10.0,4.0,-7.0,-9.0,-8.0
629,7,7.0,0.0,-5.0,5.0,9.0,-5.0,-7.0
630,7,7.0,0.0,3.0,-1.0,6.0,5.0,1.0
631,3,3.0,0.0,-4.0,6.0,-11.0,6.0,4.0
632,2,2.0,0.0,4.0,3.0,-10.0,3.0,10.0
633,4,4.0,0.0,9.0,14.0,-15.0,-14.0,15.0
634,2,2.0,0.0,-8.0,4.0,6.0,9.0,-8.0
635,4,4.0,0.0,14.0,5.0,-13.0,14.0,-12.0
636,6,6.0,0.0,-14.0,14.0,6.0,13.0,-12.0
637,8,8.0,0.0,-1.0,5.0,9.0,6.0,7.0
638,6,6.0,0.0,-10.0,6.0,-11.0,2.0,1.0
639,2,2.0,0.0,5.0,-13.0,0.0,-14.0,-11.0
640,8,8.0,0.0,-15.0,-6.0,-9.0,0.0,1.0
641,5,5.0,0.0,-4.0,-3.0,2.0,5.0,-10.0
642,4,4.0,0.0,-2.0,-5.0,6.0,-9.0,-10.0
643,3,3.0,0.0,-10.0,14.0,4.0,1.0,3.0
644,5,5.0,0.0,-2.0,8.0,-6.0,4.0,6.0
645,3,3.0,0.0,14.0,-15.0,-11.0,-2.0,7.0
646,8,8.0,0.0,12.0,-10.0,-6.0,-4.0,-11.0
647,7,7.0,0.0,6.0,-7.0,3.0,9.0,13.0
648,5,5.0,0.0,-11.0,-8.0,2.0,-5.0,5.0
649,8,8.0,0.0,7.0,0.0,12.0,8.0,-2.0
650,6,6.0,0.0,0.0,13.0,9.0,-4.0,-7.0
651,3,3.0,0.0,1.0,1.0,12.0,10.0,3.0
652,5,5.0,0.0,12.0,6.0,12.0,5.0,9.0
653,5,5.0,0.0,-12.0,-11.0,6.0,-5.0,4.0
654,5,5.0,0.0,-12.0,-1.0,8.0,1.0,-14.0
655,7,7.0,0.0,-12.0,10.0,1.0,12.0,15.0
656,7,7.0,0.0,-6.0,-9.0,-9.0,-11.0,-13.0
657,9,9.0,0.0,-1.0,-11.0,-2.0,7.0,6.0
658,3,3.0,0.0,6.0,8.0,-14.0,-12.0,15.0
659,4,4.0,0.0,-2.0,2.0,-8.0,0.0,2.0
660,7,7.0,0.0,9.0,13.0,14.0,0.0,-11.0
661,5,5.0,0.0,-13.0,14.0,-7.0,-12.0,-4.0
662,5,5.0,0.0,11.0,15.0,-5.0,-11.0,-2.0
663,9,9.0,0.0,-14.0,-6.0,15.0,11.0,-5.0
664,8,8.0,0.0,8.0,11.0,10.0,-3.0,-10.0
665,9,9.0,0.0,1.0,0.0,14.0,-5.0,14.0
666,1,1.0,0.0,2.0,1.0,3.0,-1.0,13.0
667,5,5.0,0.0,14.0,-5.0,-13.0,-9.0,9.0
668,5,5.0,0.0,-4.0,4.0,-13.0,-5.0,-14.0
669,4,4.0,0.0,11.0,1.0,5.0,6.0,2.0
670,7,7.0,0.0,-2.0,15.0,4.0,-11.0,-5.0
671,7,7.0,0.0,-12.0,-11.0,-10.0,10.0,1.0
672,2,2.0,0.0,-3.0,2.0,5.0,6.0,-14.0
673,7,7.0,0.0,-4.0,-10.0,-11.0,7.0,6.0
674,4,4.0,0.0,-8.0,-8.0,-12.0,-10.0,7.0
675,5,5.0,0.0,8.0,-13.0,12.0,9.0,-13.0
676,5,5.0,0.0,11.0,-1.0,-2.0,-14.0,-12.0
677,5,5.0,0.0,-3.0,12.0,13.0,-2.0,12.0
678,4,4.0,0.0,4.0,0.0,10.0,15.0,10.0
679,1,1.0,0.0,-6.0,3.0,8.0,-7.0,10.0
680,3,3.0,0.0,-6.0,-14.0,13.0,5.0,-1.0
681,6,6.0,0.0,10.0,-15.0,7.0,-8.0,2.0
682,10,10.0,0.0,2.0,13.0,13.0,1.0,15.0
683,7,7.0,0.0,15.0,5.0,5.0,-15.0,-7.0
684,1,1.0,0.0,-9.0,-3.0,15.0,-1.0,2.0
685,3,3.0,0.0,-8.0,12.0,-9.0,3.0,-15.0
686,4,4.0,0.0,1.0,-9.0,8.0,-11.0,9.0
687,4,4.0,0.0,0.0,-4.0,1.0,2.0,1.0
688,3,3.0,0.0,-15.0,0.0,-10.0,-11.0,3.0
689,4,4.0,0.0,-5.0,1.0,6.0,-2.0,-10.0
690,5,5.0,0.0,10.0,-4.0,13.0,7.0,-11.0
691,7,7.0,0.0,11.0,-11.0,14.0,7.0,-7.0
692,5,5.0,0.0,4.0,-3.0,-3.0,-9.0,-3.0
693,8,8.0,0.0,1.0,5.0,5.0,3.0,10.0
694,4,4.0,0.0,9.0,14.0,-2.0,-10.0,-8.0
695,7,7.0,0.0,13.0,8.0,14.0,-10.0,-11.0
696,6,6.0,0.0,14.0,-6.0,7.0,-3.0,10.0
697,4,4.0,0.0,11.0,-12.0,-14.0,-9.0,-3.0
698,2,2.0,0.0,-3.0,-11.0,10.0,1.0,4.0
699,3,3.0,0.0,-13.0,1.0,3.0,-1.0,-10.0
700,8,8.0,0.0,-7.0,12.0,11.0,8.0,-15.0
701,3,3.0,0.0,4.0,-11.0,8.0,7.0,-13.0
702,7,7.0,0.0,-12.0,-12.0,15.0,-5.0,-1.0
703,4,4.0,0.0,9.0,-11.0,-2.0,-10.0,-13.0
704,6,6.0,0.0,0.0,-13.0,13.0,-7.0,-3.0
705,6,6.0,0.0,-13.0,-5.0,11.0,-11.0,-5.0
706,4,4.0,0.0,2.0,7.0,-1.0,1.0,-12.0
707,3,3.0,0.0,4.0,-4.0,-11.0,-12.0,-8.0
708,3,3.0,0.0,8.0,-5.0,1.0,11.0,-1.0
709,7,7.0,0.0,10.0,-3.0,15.0,-11.0,-9.0
710,5,5.0,0.0,-1.0,-4.0,12.0,11.0,11.0
711,7,7.0,0.0,-5.0,5.0,-10.0,-7.0,-4.0
712,8,8.0,0.0,-10.0,-4.0,-14.0,0.0,7.0
713,6,6.0,0.0,-4.0,-11.0,0.0,8.0,-14.0
714,6,6.0,0.0,-8.0,4.0,9.0,14.0,10.0
715,4,4.0,0.0,7.0,9.0,-6.0,-10.0,15.0
716,7,7.0,0.0,-12.0,9.0,-12.0,15.0,13.0
717,7,7.0,0.0,-13.0,-4.0,10.0,-10.0,15.0
718,5,5.0,0.0,-3.0,6.0,-13.0,0.0,15.0
719,6,6.0,0.0,3.0,15.0,8.0,-1.0,8.0
720,1,1.0,0.0,0.0,8.0,-7.0,-15.0,-5.0
721,9,9.0,0.0,1.0,15.0,6.0,-10.0,11.0
722,4,4.0,0.0,-6.0,2.0,-1.0,-5.0,12.0
723,5,5.0,0.0,-14.0,-5.0,2.0,6.0,11.0
724,6,6.0,0.0,4.0,-5.0,-4.0,-9.0,-7.0
725,5,5.0,0.0,-12.0,-14.0,-6.0,11.0,-15.0
726,2,2.0,0.0,-6.0,9.0,11.0,9.0,15.0
727,6,6.0,0.0,-2.0,-15.0,-8.0,-7.0,7.0
728,5,5.0,0.0,-1.0,-4.0,9.0,-3.0,-15.0
729,7,7.0,0.0,-11.0,-10.0,-12.0,-12.0,-3.0
730,3,3.0,0.0,-5.0,11.0,-10.0,9.0,-6.0
731,7,7.0,0.0,-1.0,5.0,-6.0,-15.0,2.0
732,4,4.0,0.0,0.0,-3.0,-9.0,10.0,-11.0
733,7,7.0,0.0,15.0,-5.0,14.0,-6.0,8.0
734,1,1.0,0.0,-1.0,7.0,2.0,12.0,-4.0
735,7,7.0,0.0,-12.0,11.0,8.0,9.0,-11.0
736,6,6.0,0.0,-1.0,-5.0,11.0,-12.0,-14.0
737,6,6.0,0.0,-8.0,-4.0,-4.0,-12.0,-11.0
738,4,4.0,0.0,1.0,4.0,-4.0,-2.0,-7.0
739,7,7.0,0.0,-1.0,4.0,9.0,-1.0,-12.0
740,6,6.0,0.0,15.0,-7.0,-12.0,-14.0,10.0
741,3,3.0,0.0,-5.0,0.0,-3.0,-4.0,-11.0
742,7,7.0,0.0,9.0,13.0,-4.0,-10.0,-3.0
743,2,2.0,0.0,10.0,-13.0,2.0,6.0,-12.0
744,6,6.0,0.0,12.0,6.0,8.0,-4.0,4.0
745,3,3.0,0.0,6.0,8.0,-6.0,-6.0,14.0
746,6,6.0,0.0,-12.0,3.0,-14.0,14.0,14.0
747,6,6.0,0.0,-4.0,-6.0,14.0,4.0,12.0
748,8,8.0,0.0,5.0,1.0,12.0,-1.0,-15.0
749,8,8.0,0.0,-6.0,14.0,12.0,14.0,0.0
750,7,7.0,0.0,10.0,-11.0,-13.0,-1.0,7.0
751,4,4.0,0.0,-13.0,-10.0,14.0,12.0,0.0
752,7,7.0,0.0,-3.0,13.0,-4.0,0.0,2.0
753,5,5.0,0.0,12.0,-1.0,10.0,-6.0,4.0
754,4,4.0,0.0,-4.0,-14.0,0.0,9.0,-7.0
755,3,3.0,0.0,3.0,-14.0,-8.0,-6.0,-15.0
756,5,5.0,0.0,9.0,15.0,10.0,-2.0,2.0
757,6,6.0,0.0,-1.0,-9.0,-2.0,-14.0,-11.0
758,9,9.0,0.0,-9.0,14.0,-4.0,-5.0,5.0
759,6,6.0,0.0,-8.0,-9.0,12.0,-13.0,-2.0
760,8,8.0,0.0,-10.0,7.0,-6.0,12.0,-6.0
761,6,6.0,0.0,-14.0,-5.0,-10.0,7.0,-5.0
762,7,7.0,0.0,-14.0,-10.0,-3.0,6.0,3.0
763,6,6.0,0.0,-9.0,-8.0,-5.0,-5.0,-12.0
764,4,4.0,0.0,-6.0,5.0,-4.0,-4.0,-8.0
765,3,3.0,0.0,-13.0,-5.0,-6.0,4.0,6.0
766,7,7.0,0.0,0.0,12.0,-11.0,-6.0,-6.0
767,5,5.0,0.0,-5.0,-12.0,-15.0,-14.0,-11.0
768,6,6.0,0.0,-11.0,8.0,9.0,-6.0,5.0
769,4,4.0,0.0,-14.0,3.0,-6.0,6.0,14.0
770,3,3.0,0.0,8.0,-6.0,6.0,-10.0,-14.0
771,8,8.0,0.0,14.0,7.0,9.0,9.0,2.0
772,1,1.0,0.0,4.0,-8.0,3.0,3.0,11.0
773,1,1.0,0.0,8.0,14.0,10.0,8.0,-15.0
774,3,3.0,0.0,4.0,-5.0,4.0,5.0,14.0
775,7,7.0,0.0,7.0,-6.0,-3.0,-2.0,3.0
776,3,3.0,0.0,0.0,5.0,11.0,1.0,-10.0
777,2,2.0,0.0,12.0,7.0,12.0,-3.0,-13.0
778,5,5.0,0.0,-7.0,9.0,-9.0,8.0,11.0
779,4,4.0,0.0,-8.0,-6.0,-11.0,0.0,0.0
780,3,3.0,0.0,-11.0,7.0,13.0,-2.0,11.0
781,6,6.0,0.0,-13.0,15.0,-13.0,-12.0,-14.0
782,6,6.0,0.0,-8.0,14.0,10.0,-3.0,7.0
783,6,6.0,0.0,-3.0,6.0,14.0,2.0,-9.0
784,2,2.0,0.0,-8.0,-4.0,-8.0,8.0,2.0
785,5,5.0,0.0,-8.0,9.0,1.0,-14.0,-4.0
786,5,5.0,0.0,-6.0,10.0,-3.0,-7.0,3.0
787,0,0.0,0.0,2.0,13.0,-10.0,15.0,13.0
788,6,6.0,0.0,-14.0,7.0,6.0,-5.0,-11.0
789,2,2.0,0.0,-10.0,2.0,-12.0,-15.0,0.0
790,6,6.0,0.0,-6.0,-15.0,-9.0,-7.0,-9.0
791,5,5.0,0.0,7.0,13.0,-4.0,-6.0,-13.0
792,6,6.0,0.0,5.0,9.0,-4.0,13.0,-5.0
793,3,3.0,0.0,10.0,-4.0,-3.0,10.0,-10.0
794,9,9.0,0.0,-9.0,-12.0,-4.0,-9.0,8.0
795,5,5.0,0.0,4.0,-11.0,-1.0,5.0,15.0
796,5,5.0,0.0,3.0,2.0,8.0,-12.0,-14.0
797,2,2.0,0.0,4.0,9.0,-12.0,-7.0,-5.0
798,4,4.0,0.0,-14.0,8.0,-13.0,8.0,-7.0
799,6,6.0,0.0,10.0,-1.0,-12.0,14.0,-4.0
800,4,4.0,0.0,-6.0,-9.0,-12.0,-14.0,0.0
801,6,6.0,0.0,-5.0,-7.0,5.0,-12.0,8.0
802,3,3.0,0.0,3.0,13.0,-13.0,12.0,-6.0
803,10,10.0,0.0,-8.0,10.0,-15.0,-7.0,1.0
804,7,7.0,0.0,-3.0,-15.0,11.0,13.0,6.0
805,1,1.0,0.0,-12.0,-15.0,4.0,6.0,-5.0
806,6,6.0,0.0,3.0,-8.0,12.0,1.0,-9.0
807,2,2.0,0.0,-12.0,15.0,4.0,-1.0,-2.0
808,1,1.0,0.0,6.0,-6.0,-9.0,6.0,2.0
809,5,5.0,0.0,-12.0,-11.0,-1.0,3.0,2.0
810,3,3.0,0.0,-14.0,-4.0,-6.0,-12.0,9.0
811,4,4.0,0.0,5.0,10.0,5.0,-1.0,9.0
812,3,3.0,0.0,-4.0,-10.0,8.0,11.0,14.0
813,3,3.0,0.0,11.0,-3.0,12.0,-6.0,6.0
814,7,7.0,0.0,1.0,0.0,-5.0,-11.0,5.0
815,4,4.0,0.0,1.0,-14.0,9.0,-4.0,2.0
816,8,8.0,0.0,14.0,8.0,-9.0,-12.0,5.0
817,5,5.0,0.0,0.0,8.0,1.0,-1.0,-15.0
818,9,9.0,0.0,-1.0,3.0,-9.0,-2.0,-13.0
819,2,2.0,0.0,10.0,11.0,-3.0,-15.0,-15.0
820,9,9.0,0.0,-15.0,-14.0,6.0,-13.0,-8.0
821,6,6.0,0.0,-3.0,13.0,-4.0,-1.0,12.0
822,4,4.0,0.0,-10.0,-8.0,9.0,5.0,3.0
823,5,5.0,0.0,-3.0,7.0,3.0,14.0,-7.0
824,3,3.0,0.0,13.0,6.0,10.0,0.0,12.0
825,6,6.0,0.0,5.0,11.0,5.0,-15.0,7.0
826,2,2.0,0.0,0.0,-11.0,12.0,-6.0,-8.0
827,7,7.0,0.0,12.0,5.0,9.0,-9.0,6.0
828,7,7.0,0.0,-11.0,-14.0,2.0,12.0,13.0
829,5,5.0,0.0,-4.0,7.0,-13.0,10.0,14.0
830,4,4.0,0.0,-10.0,10.0,10.0,0.0,2.0
831,6,6.0,0.0,-14.0,1.0,14.0,-2.0,0.0
832,2,2.0,0.0,3.0,-14.0,11.0,-11.0,-9.0
833,8,8.0,0.0,-11.0,-12.0,8.0,-3.0,2.0
834,5,5.0,0.0,-14.0,0.0,-14.0,-10.0,13.0
835,0,0.0,0.0,-13.0,-13.0,-7.0,-6.0,0.0
836,5,5.0,0.0,15.0,9.0,-7.0,12.0,15.0
837,4,4.0,0.0,6.0,3.0,-15.0,-12.0,8.0
838,4,4.0,0.0,-3.0,-8.0,3.0,-7.0,3.0
839,3,3.0,0.0,-2.0,-2.0,-14.0,-15.0,4.0
840,7,7.0,0.0,6.0,4.0,-9.0,-7.0,-6.0
841,5,5.0,0.0,-12.0,-9.0,-9.0,-15.0,10.0
842,1,1.0,0.0,12.0,11.0,-15.0,-11.0,14.0
843,10,10.0,0.0,8.0,-14.0,4.0,-2.0,-15.0
844,4,4.0,0.0,10.0,-5.0,15.0,1.0,-10.0
845,3,3.0,0.0,8.0,10.0,-3.0,-11.0,11.0
846,4,4.0,0.0,-7.0,12.0,-8.0,2.0,12.0
847,4,4.0,0.0,-11.0,14.0,-7.0,-5.0,5.0
848,5,5.0,0.0,7.0,13.0,9.0,-6.0,-5.0
849,6,6.0,0.0,0.0,1.0,-12.0,11.0,-14.0
850,5,5.0,0.0,-9.0,11.0,15.0,4.0,9.0
851,3,3.0,0.0,5.0,7.0,5.0,9.0,-12.0
852,1,1.0,0.0,6.0,-2.0,-10.0,4.0,-7.0
853,2,2.0,0.0,-6.0,-1.0,4.0,15.0,-7.0
854,2,2.0,0.0,-6.0,-14.0,-7.0,11.0,9.0
855,3,3.0,0.0,12.0,0.0,-10.0,-1.0,-7.0
856,2,2.0,0.0,7.0,-5.0,10.0,1.0,-5.0
857,8,8.0,0.0,-13.0,-9.0,-6.0,-14.0,-4.0
858,7,7.0,0.0,0.0,3.0,-5.0,6.0,-12.0
859,5,5.0,0.0,-9.0,7.0,8.0,-6.0,-4.0
860,4,4.0,0.0,12.0,-13.0,12.0,8.0,9.0
861,5,5.0,0.0,-15.0,3.0,1.0,14.0,-6.0
862,4,4.0,0.0,3.0,4.0,-3.0,8.0,5.0
863,6,6.0,0.0,-4.0,-8.0,5.0,8.0,4.0
864,4,4.0,0.0,4.0,13.0,-8.0,-7.0,12.0
865,4,4.0,0.0,-6.0,13.0,9.0,9.0,-10.0
866,6,6.0,0.0,-15.0,-6.0,-14.0,-11.0,-12.0
867,5,5.0,0.0,-6.0,8.0,3.0,12.0,-11.0
868,5,5.0,0.0,6.0,3.0,8.0,13.0,8.0
869,0,0.0,0.0,-2.0,3.0,-6.0,3.0,-14.0
870,4,4.0,0.0,-5.0,-8.0,5.0,10.0,11.0
871,5,5.0,0.0,-10.0,-11.0,12.0,8.0,-8.0
872,8,8.0,0.0,-3.0,14.0,-15.0,2.0,-11.0
873,3,3.0,0.0,-2.0,8.0,3.0,-3.0,-11.0
874,2,2.0,0.0,8.0,-11.0,-9.0,2.0,-5.0
875,4,4.0,0.0,4.0,-6.0,9.0,-10.0,-5.0
876,3,3.0,0.0,-6.0,14.0,-5.0,-7.0,2.0
877,5,5.0,0.0,-5.0,0.0,13.0,-10.0,-10.0
878,7,7.0,0.0,-15.0,-4.0,9.0,11.0,5.0
879,2,2.0,0.0,-10.0,2.0,0.0,5.0,-2.0
880,5,5.0,0.0,-9.0,3.0,5.0,-12.0,-1.0
881,9,9.0,0.0,9.0,-3.0,9.0,15.0,-13.0
882,4,4.0,0.0,-10.0,-15.0,14.0,-2.0,5.0
883,1,1.0,0.0,-14.0,11.0,6.0,15.0,-12.0
884,3,3.0,0.0,-9.0,-15.0,1.0,-4.0,0.0
885,4,4.0,0.0,10.0,-6.0,9.0,-1.0,-14.0
886,7,7.0,0.0,12.0,0.0,-2.0,-11.0,-9.0
887,2,2.0,0.0,-12.0,-14.0,3.0,14.0,9.0
888,6,6.0,0.0,6.0,-8.0,-7.0,-7.0,10.0
889,3,3.0,0.0,-14.0,-4.0,-15.0,-14.0,2.0
890,5,5.0,0.0,-2.0,-14.0,14.0,-9.0,14.0
891,5,5.0,0.0,-7.0,12.0,-13.0,10.0,7.0
892,8,8.0,0.0,8.0,1.0,-11.0,-11.0,-2.0
893,7,7.0,0.0,13.0,-13.0,5.0,-5.0,8.0
894,4,4.0,0.0,8.0,11.0,-9.0,8.0,-13.0
895,8,8.0,0.0,-5.0,-2.0,-8.0,13.0,8.0
896,3,3.0,0.0,-12.0,-8.0,4.0,1.0,-13.0
897,6,6.0,0.0,13.0,-15.0,-14.0,-3.0,-10.0
898,7,7.0,0.0,-7.0,-4.0,9.0,-4.0,4.0
899,3,3.0,0.0,3.0,0.0,10.0,-9.0,-11.0
900,4,4.0,0.0,-7.0,-3.0,14.0,9.0,-8.0
901,4,4.0,0.0,9.0,-9.0,1.0,4.0,4.0
902,3,3.0,0.0,8.0,-1.0,9.0,-1.0,-13.0
903,8,8.0,0.0,6.0,13.0,3.0,12.0,-7.0
904,4,4.0,0.0,10.0,11.0,-3.0,-10.0,-5.0
905,6,6.0,0.0,-15.0,-1.0,-13.0,-10.0,-7.0
906,6,6.0,0.0,-2.0,15.0,1.0,2.0,-15.0
907,2,2.0,0.0,-7.0,13.0,12.0,2.0,3.0
908,7,7.0,0.0,-1.0,7.0,1.0,5.0,8.0
909,7,7.0,0.0,11.0,11.0,10.0,2.0,-3.0
910,5,5.0,0.0,-1.0,1.0,9.0,-9.0,3.0
911,7,7.0,0.0,14.0,7.0,-11.0,-14.0,-9.0
912,7,7.0,0.0,8.0,-6.0,0.0,-8.0,-8.0
913,5,5.0,0.0,8.0,-6.0,-9.0,6.0,-3.0
914,2,2.0,0.0,6.0,-14.0,-7.0,3.0,11.0
915,3,3.0,0.0,5.0,-12.0,14.0,-14.0,13.0
916,6,6.0,0.0,-1.0,-2.0,12.0,-3.0,9.0
917,6,6.0,0.0,12.0,5.0,3.0,-8.0,13.0
918,9,9.0,0.0,0.0,9.0,4.0,5.0,8.0
919,6,6.0,0.0,7.0,-4.0,-5.0,-9.0,4.0
920,7,7.0,0.0,7.0,13.0,-7.0,0.0,-11.0
921,3,3.0,0.0,14.0,-14.0,-9.0,13.0,1.0
922,4,4.0,0.0,14.0,-9.0,11.0,-9.0,-6.0
923,2,2.0,0.0,-4.0,-11.0,-1.0,14.0,-3.0
924,7,7.0,0.0,-8.0,8.0,-15.0,12.0,10.0
925,6,6.0,0.0,-14.0,-1.0,4.0,9.0,4.0
926,3,3.0,0.0,-1.0,-5.0,7.0,8.0,-15.0
927,4,4.0,0.0,-4.0,7.0,-15.0,-4.0,8.0
928,5,5.0,0.0,-4.0,5.0,-6.0,-6.0,15.0
929,4,4.0,0.0,8.0,-9.0,-4.0,8.0,-15.0
930,4,4.0,0.0,-15.0,4.0,13.0,-8.0,-7.0
931,6,6.0,0.0,13.0,-8.0,-1.0,-2.0,4.0
932,1,1.0,0.0,-13.0,10.0,10.0,-2.0,8.0
933,5,5.0,0.0,12.0,3.0,13.0,4.0,-6.0
934,7,7.0,0.0,8.0,3.0,-10.0,6.0,-6.0
935,5,5.0,0.0,-2.0,-10.0,-7.0,15.0,0.0
936,4,4.0,0.0,15.0,12.0,-13.0,-6.0,-15.0
937,5,5.0,0.0,0.0,9.0,-9.0,-13.0,-3.0
938,4,4.0,0.0,5.0,14.0,12.0,5.0,13.0
939,10,10.0,0.0,7.0,-8.0,-12.0,13.0,-8.0
940,8,8.0,0.0,2.0,6.0,1.0,8.0,13.0
941,3,3.0,0.0,1.0,-3.0,-12.0,-6.0,13.0
942,5,5.0,0.0,-4.0,-11.0,-9.0,-2.0,6.0
943,3,3.0,0.0,11.0,-5.0,15.0,-15.0,2.0
944,5,5.0,0.0,10.0,7.0,-2.0,14.0,3.0
945,5,5.0,0.0,1.0,6.0,-6.0,-3.0,-2.0
946,2,2.0,0.0,-3.0,-15.0,-13.0,11.0,-15.0
947,4,4.0,0.0,10.0,8.0,-5.0,-4.0,-14.0
948,3,3.0,0.0,8.0,2.0,-8.0,-7.0,12.0
949,5,5.0,0.0,-10.0,8.0,9.0,1.0,15.0
950,3,3.0,0.0,6.0,-2.0,-12.0,-15.0,-14.0
951,3,3.0,0.0,9.0,-15.0,12.0,-2.0,-5.0
952,4,4.0,0.0,-1.0,-1.0,-2.0,-4.0,-2.0
953,7,7.0,0.0,8.0,7.0,14.0,-14.0,-9.0
954,4,4.0,0.0,-8.0,7.0,-3.0,11.0,5.0
955,6,6.0,0.0,-2.0,3.0,14.0,15.0,12.0
956,7,7.0,0.0,-14.0,8.0,-15.0,6.0,-5.0
957,1,1.0,0.0,-6.0,12.0,3.0,-3.0,5.0
958,5,5.0,0.0,-10.0,-1.0,-2.0,3.0,14.0
959,6,6.0,0.0,11.0,-13.0,-13.0,8.0,9.0
960,3,3.0,0.0,10.0,-12.0,2.0,-4.0,11.0
961,5,5.0,0.0,6.0,-2.0,-3.0,8.0,4.0
962,6,6.0,0.0,10.0,6.0,-3.0,-11.0,7.0
963,5,5.0,0.0,-11.0,3.0,13.0,-8.0,7.0
964,4,4.0,0.0,2.0,7.0,7.0,9.0,8.0
965,8,8.0,0.0,-2.0,-14.0,5.0,7.0,-14.0
966,5,5.0,0.0,-13.0,15.0,1.0,-12.0,4.0
967,2,2.0,0.0,-15.0,15.0,-14.0,-15.0,-15.0
968,2,2.0,0.0,14.0,-9.0,-2.0,-12.0,5.0
969,4,4.0,0.0,-8.0,-12.0,13.0,-12.0,0.0
970,5,5.0,0.0,-11.0,15.0,13.0,-9.0,-12.0
971,1,1.0,0.0,5.0,7.0,-11.0,0.0,11.0
972,3,3.0,0.0,-8.0,-13.0,13.0,4.0,14.0
973,9,9.0,0.0,-10.0,9.0,-11.0,-2.0,13.0
974,5,5.0,0.0,-7.0,-3.0,-9.0,12.0,2.0
975,4,4.0,0.0,5.0,-3.0,-6.0,0.0,9.0
976,5,5.0,0.0,-12.0,-1.0,-15.0,0.0,13.0
977,6,6.0,0.0,12.0,13.0,-9.0,11.0,4.0
978,2,2.0,0.0,1.0,-12.0,3.0,-14.0,8.0
979,5,5.0,0.0,-8.0,4.0,-12.0,14.0,9.0
980,7,7.0,0.0,-13.0,2.0,-6.0,-10.0,-1.0
981,3,3.0,0.0,5.0,-4.0,-11.0,6.0,-5.0
982,7,7.0,0.0,-3.0,13.0,14.0,-13.0,-11.0
983,6,6.0,0.0,12.0,1.0,9.0,-2.0,14.0
984,7,7.0,0.0,15.0,-3.0,3.0,-9.0,1.0
985,7,7.0,0.0,-2.0,-9.0,-1.0,3.0,-1.0
986,5,5.0,0.0,-1.0,-13.0,11.0,-14.0,1.0
987,4,4.0,0.0,7.0,5.0,-14.0,-3.0,6.0
988,1,1.0,0.0,-7.0,-13.0,3.0,-9.0,11.0
989,3,3.0,0.0,14.0,11.0,-14.0,11.0,3.0
990,8,8.0,0.0,6.0,12.0,-7.0,-8.0,10.0
991,4,4.0,0.0,5.0,7.0,0.0,-9.0,-4.0
992,5,5.0,0.0,15.0,11.0,-9.0,-14.0,4.0
993,6,6.0,0.0,-13.0,0.0,-2.0,5.0,12.0
994,6,6.0,0.0,8.0,12.0,-7.0,5.0,14.0
995,8,8.0,0.0,5.0,-14.0,3.0,-8.0,-2.0
996,5,5.0,0.0,-5.0,14.0,4.0,-12.0,5.0
997,3,3.0,0.0,7.0,-12.0,10.0,-15.0,8.0
998,4,4.0,0.0,-9.0,6.0,12.0,-10.0,12.0
999,7,7.0,0.0,14.0,7.0,-1.0,14.0,-13.0
1000,5,5.0,0.0,-14.0,-14.0,7.0,-7.0,-14.0
1001,10,10.0,0.0,-9.0,1.0,5.0,-3.0,-8.0
1002,3,3.0,0.0,-4.0,-9.0,-14.0,10.0,10.0
1003,9,9.0,0.0,8.0,-8.0,-4.0,0.0,11.0
1004,5,5.0,0.0,2.0,10.0,3.0,9.0,7.0
1005,5,5.0,0.0,-3.0,-2.0,2.0,3.0,5.0
1006,3,3.0,0.0,4.0,-5.0,2.0,1.0,13.0
1007,4,4.0,0.0,13.0,1.0,10.0,-9.0,14.0
1008,7,7.0,0.0,-14.0,4.0,1.0,-15.0,-15.0
1009,9,9.0,0.0,-8.0,-6.0,-11.0,-14.0,-15.0
1010,8,8.0,0.0,-8.0,8.0,5.0,2.0,14.0
1011,7,7.0,0.0,0.0,8.0,1.0,-13.0,6.0
1012,3,3.0,0.0,-14.0,-10.0,3.0,13.0,3.0
1013,5,5.0,0.0,-3.0,1.0,-8.0,7.0,-6.0
1014,5,5.0,0.0,15.0,-9.0,6.0,-15.0,12.0
1015,5,5.0,0.0,2.0,0.0,-6.0,-3.0,1.0
1016,7,7.0,0.0,-13.0,-7.0,8.0,-12.0,-6.0
1017,4,4.0,0.0,3.0,-12.0,1.0,-8.0,-8.0
1018,4,4.0,0.0,15.0,5.0,-3.0,7.0,6.0
1019,7,7.0,0.0,-2.0,11.0,-2.0,11.0,-10.0
1020,6,6.0,0.0,14.0,12.0,9.0,-6.0,-9.0
1021,7,7.0,0.0,6.0,7.0,9.0,15.0,-6.0
1022,5,5.0,0.0,-10.0,-7.0,13.0,14.0,-7.0
1023,6,6.0,0.0,4.0,0.0,-11.0,14.0,1.0
1024,5,5.0,0.0,-15.0,12.0,-12.0,-2.0,-12.0
1025,5,5.0,0.0,6.0,3.0,3.0,-4.0,-9.0
1026,7,7.0,0.0,12.0,-5.0,10.0,12.0,1.0
1027,3,3.0,0.0,15.0,14.0,7.0,9.0,-13.0
1028,7,7.0,0.0,6.0,3.0,5.0,-7.0,-8.0
1029,6,6.0,0.0,12.0,9.0,5.0,-3.0,6.0
1030,6,6.0,0.0,9.0,-5.0,1.0,1.0,-11.0
1031,7,7.0,0.0,-15.0,5.0,-5.0,14.0,4.0
1032,2,2.0,0.0,-9.0,-14.0,1.0,11.0,-8.0
1033,4,4.0,0.0,14.0,-11.0,8.0,-5.0,-3.0
1034,6,6.0,0.0,1.0,0.0,0.0,15.0,-6.0
1035,6,6.0,0.0,1.0,-9.0,13.0,1.0,-6.0
1036,4,4.0,0.0,2.0,2.0,-13.0,14.0,-14.0
1037,2,2.0,0.0,9.0,-13.0,9.0,-10.0,4.0
1038,8,8.0,0.0,2.0,13.0,-4.0,1.0,-8.0
1039,3,3.0,0.0,0.0,-10.0,10.0,7.0,-13.0
1040,4,4.0,0.0,-14.0,1.0,-2.0,-11.0,-14.0
1041,2,2.0,0.0,-7.0,2.0,8.0,-12.0,-3.0
1042,1,1.0,0.0,-13.0,0.0,-8.0,-1.0,5.0
1043,2,2.0,0.0,-10.0,-2.0,12.0,-5.0,-3.0
1044,4,4.0,0.0,5.0,-8.0,-6.0,7.0,-1.0
1045,6,6.0,0.0,0.0,-3.0,-13.0,2.0,5.0
1046,1,1.0,0.0,-10.0,15.0,5.0,-9.0,2.0
1047,2,2.0,0.0,-9.0,-15.0,-10.0,6.0,8.0
1048,6,6.0,0.0,7.0,-10.0,7.0,2.0,10.0
1049,6,6.0,0.0,-3.0,15.0,-15.0,10.0,-8.0
1050,3,3.0,0.0,-14.0,-5.0,1.0,-10.0,4.0
1051,3,3.0,0.0,-8.0,3.0,-2.0,1.0,8.0
1052,5,5.0,0.0,8.0,10.0,-7.0,2.0,10.0
1053,5,5.0,0.0,4.0,9.0,4.0,12.0,-3.0
1054,7,7.0,0.0,3.0,10.0,15.0,-2.0,3.0
1055,4,4.0,0.0,-12.0,15.0,11.0,-11.0,-11.0
1056,5,5.0,0.0,8.0,-12.0,-6.0,-12.0,3.0
1057,5,5.0,0.0,-13.0,11.0,-9.0,15.0,-10.0
1058,5,5.0,0.0,5.0,5.0,2.0,5.0,-13.0
1059,5,5.0,0.0,9.0,-4.0,-9.0,-5.0,1.0
1060,9,9.0,0.0,-12.0,7.0,-11.0,-6.0,12.0
1061,5,5.0,0.0,-12.0,-6.0,15.0,11.0,3.0
1062,1,1.0,0.0,0.0,-13.0,-6.0,-14.0,6.0
1063,5,5.0,0.0,-1.0,0.0,-1.0,-15.0,-4.0
1064,4,4.0,0.0,-15.0,-14.0,9.0,13.0,-7.0
1065,4,4.0,0.0,2.0,-13.0,-6.0,-6.0,-8.0
1066,5,5.0,0.0,4.0,-10.0,-4.0,13.0,2.0
1067,2,2.0,0.0,2.0,-15.0,-2.0,1.0,-1.0
1068,3,3.0,0.0,2.0,-5.0,10.0,7.0,-4.0
1069,7,7.0,0.0,-6.0,-9.0,-11.0,13.0,-15.0
1070,9,9.0,0.0,11.0,14.0,0.0,7.0,8.0
1071,7,7.0,0.0,5.0,6.0,7.0,-5.0,15.0
1072,3,3.0,0.0,-3.0,-3.0,5.0,-1.0,14.0
1073,1,1.0,0.0,-2.0,6.0,15.0,-4.0,2.0
1074,4,4.0,0.0,-15.0,-15.0,-7.0,-7.0,6.0
1075,4,4.0,0.0,-15.0,-3.0,7.0,-5.0,-14.0
1076,1,1.0,0.0,14.0,13.0,13.0,-4.0,-12.0
1077,6,6.0,0.0,6.0,1.0,0.0,-10.0,-15.0
1078,6,6.0,0.0,10.0,-4.0,-3.0,-13.0,-11.0
1079,8,8.0,0.0,14.0,-15.0,13.0,-15.0,2.0
1080,4,4.0,0.0,7.0,9.0,-14.0,-7.0,15.0
1081,6,6.0,0.0,3.0,3.0,-9.0,12.0,-14.0
1082,5,5.0,0.0,15.0,5.0,13.0,-12.0,-15.0
1083,1,1.0,0.0,3.0,-9.0,-5.0,2.0,-6.0
1084,6,6.0,0.0,9.0,-8.0,-1.0,-7.0,-5.0
1085,4,4.0,0.0,5.0,-3.0,14.0,12.0,2.0
1086,3,3.0,0.0,5.0,1.0,-2.0,12.0,10.0
1087,5,5.0,0.0,5.0,0.0,-9.0,4.0,8.0
1088,7,7.0,0.0,10.0,2.0,-15.0,-2.0,13.0
1089,6,6.0,0.0,-6.0,-11.0,11.0,-1.0,14.0
1090,2,2.0,0.0,-4.0,-9.0,-12.0,2.0,11.0
1091,4,4.0,0.0,-2.0,11.0,8.0,-7.0,10.0
1092,7,7.0,0.0,-10.0,2.0,-8.0,-4.0,-3.0
1093,8,8.0,0.0,-12.0,-11.0,11.0,-10.0,-10.0
1094,5,5.0,0.0,11.0,10.0,9.0,-5.0,-5.0
1095,3,3.0,0.0,-9.0,11.0,5.0,-2.0,-2.0
1096,6,6.0,0.0,1.0,3.0,11.0,-1.0,6.0
1097,8,8.0,0.0,5.0,9.0,12.0,13.0,6.0
1098,8,8.0,0.0,4.0,-6.0,2.0,-5.0,-13.0
1099,7,7.0,0.0,-7.0,-7.0,-11.0,-1.0,0.0
1100,5,5.0,0.0,-10.0,4.0,6.0,-7.0,-10.0
1101,5,5.0,0.0,4.0,-12.0,-15.0,-7.0,12.0
1102,4,4.0,0.0,5.0,1.0,7.0,-9.0,-9.0
1103,5,5.0,0.0,-14.0,3.0,-1.0,11.0,0.0
1104,4,4.0,0.0,12.0,12.0,3.0,-14.0,-6.0
1105,5,5.0,0.0,5.0,-1.0,0.0,3.0,-11.0
1106,3,3.0,0.0,-2.0,-11.0,10.0,8.0,-1.0
1107,4,4.0,0.0,-8.0,4.0,12.0,1.0,-4.0
1108,1,1.0,0.0,-9.0,2.0,9.0,11.0,0.0
1109,7,7.0,0.0,0.0,12.0,-8.0,-3.0,-5.0
1110,1,1.0,0.0,-12.0,11.0,-1.0,-14.0,-15.0
1111,7,7.0,0.0,-7.0,-1.0,-3.0,14.0,-2.0
1112,4,4.0,0.0,10.0,1.0,5.0,-15.0,-10.0
1113,5,5.0,0.0,-1.0,-6.0,-8.0,6.0,-1.0
1114,6,6.0,0.0,-12.0,-2.0,6.0,-1.0,15.0
1115,4,4.0,0.0,-12.0,14.0,2.0,-2.0,-7.0
1116,7,7.0,0.0,-13.0,-2.0,-6.0,-15.0,-4.0
1117,5,5.0,0.0,-6.0,-12.0,-4.0,1.0,-4.0
1118,5,5.0,0.0,12.0,-12.0,-7.0,1.0,11.0
1119,7,7.0,0.0,-7.0,1.0,-14.0,7.0,-11.0
1120,4,4.0,0.0,-12.0,10.0,2.0,13.0,4.0
1121,5,5.0,0.0,-9.0,-14.0,-15.0,-1.0,-7.0
1122,4,4.0,0.0,-4.0,-13.0,6.0,5.0,9.0
1123,7,7.0,0.0,15.0,13.0,6.0,10.0,10.0
1124,10,10.0,0.0,-6.0,10.0,6.0,0.0,0.0
1125,5,5.0,0.0,7.0,0.0,9.0,0.0,-14.0
1126,5,5.0,0.0,11.0,-9.0,4.0,3.0,6.0
1127,4,4.0,0.0,-15.0,-5.0,-8.0,0.0,3.0
1128,3,3.0,0.0,4.0,13.0,0.0,6.0,11.0
1129,5,5.0,0.0,14.0,9.0,1.0,10.0,7.0
1130,0,0.0,0.0,-11.0,-6.0,5.0,0.0,-8.0
1131,5,5.0,0.0,8.0,-13.0,13.0,-9.0,12.0
1132,6,6.0,0.0,-9.0,3.0,6.0,5.0,-7.0
1133,7,7.0,0.0,-14.0,-12.0,11.0,-7.0,13.0
1134,4,4.0,0.0,-9.0,12.0,13.0,9.0,-9.0
1135,7,7.0,0.0,-15.0,-15.0,-3.0,9.0,3.0
1136,4,4.0,0.0,1.0,3.0,15.0,-8.0,-5.0
1137,6,6.0,0.0,7.0,12.0,11.0,-12.0,-1.0
1138,5,5.0,0.0,-15.0,-15.0,11.0,-2.0,-4.0
1139,4,4.0,0.0,-2.0,2.0,7.0,8.0,10.0
1140,6,6.0,0.0,1.0,14.0,-14.0,8.0,-8.0
1141,5,5.0,0.0,11.0,-7.0,-12.0,-14.0,10.0
1142,5,5.0,0.0,10.0,1.0,-12.0,6.0,3.0
1143,6,6.0,0.0,13.0,14.0,7.0,-13.0,11.0
1144,8,8.0,0.0,-9.0,12.0,-11.0,0.0,-15.0
1145,6,6.0,0.0,8.0,0.0,13.0,2.0,-14.0
1146,7,7.0,0.0,-12.0,6.0,-4.0,0.0,-2.0
1147,4,4.0,0.0,-14.0,5.0,-3.0,-12.0,-2.0
1148,6,6.0,0.0,13.0,-5.0,-15.0,-7.0,-3.0
1149,8,8.0,0.0,10.0,12.0,-12.0,10.0,-10.0
1150,5,5.0,0.0,-2.0,6.0,2.0,-11.0,11.0
1151,5,5.0,0.0,-4.0,3.0,8.0,-15.0,15.0
1152,8,8.0,0.0,15.0,-9.0,13.0,-12.0,14.0
1153,7,7.0,0.0,0.0,-9.0,-10.0,3.0,-7.0
1154,2,2.0,0.0,15.0,8.0,-8.0,14.0,-4.0
1155,6,6.0,0.0,3.0,-15.0,-8.0,-12.0,10.0
1156,5,5.0,0.0,-11.0,-2.0,13.0,10.0,-2.0
1157,2,2.0,0.0,-1.0,-14.0,15.0,11.0,-11.0
1158,7,7.0,0.0,-11.0,14.0,-3.0,5.0,9.0
1159,5,5.0,0.0,-14.0,5.0,-8.0,5.0,-3.0
1160,7,7.0,0.0,10.0,-1.0,-9.0,-7.0,-3.0
1161,3,3.0,0.0,-10.0,14.0,-1.0,10.0,0.0
1162,6,6.0,0.0,-14.0,14.0,-8.0,2.0,-13.0
1163,4,4.0,0.0,8.0,11.0,11.0,-3.0,-7.0
1164,1,1.0,0.0,-10.0,9.0,11.0,-9.0,-2.0
1165,0,0.0,0.0,-8.0,9.0,15.0,8.0,13.0
1166,6,6.0,0.0,-15.0,-5.0,4.0,6.0,11.0
1167,6,6.0,0.0,8.0,-13.0,12.0,-11.0,7.0
1168,7,7.0,0.0,5.0,4.0,13.0,4.0,10.0
1169,5,5.0,0.0,-12.0,4.0,-12.0,-2.0,11.0
1170,7,7.0,0.0,-11.0,13.0,13.0,12.0,14.0
1171,5,5.0,0.0,-14.0,-13.0,4.0,-7.0,-10.0
1172,4,4.0,0.0,-1.0,-4.0,-14.0,10.0,-5.0
1173,8,8.0,0.0,8.0,-2.0,-2.0,5.0,-9.0
1174,5,5.0,0.0,-11.0,7.0,6.0,2.0,3.0
1175,8,8.0,0.0,-6.0,7.0,-5.0,-11.0,14.0
1176,6,6.0,0.0,-1.0,-14.0,-4.0,-11.0,3.0
1177,3,3.0,0.0,12.0,12.0,4.0,0.0,-6.0
1178,2,2.0,0.0,-6.0,13.0,1.0,5.0,-6.0
1179,5,5.0,0.0,2.0,11.0,-8.0,-3.0,-7.0
1180,5,5.0,0.0,6.0,8.0,5.0,-5.0,-6.0
1181,2,2.0,0.0,5.0,4.0,9.0,14.0,15.0
1182,6,6.0,0.0,1.0,-12.0,12.0,-1.0,-8.0
1183,3,3.0,0.0,14.0,-10.0,-4.0,9.0,15.0
1184,6,6.0,0.0,9.0,14.0,0.0,1.0,15.0
1185,5,5.0,0.0,7.0,0.0,0.0,-7.0,11.0
1186,1,1.0,0.0,-14.0,-13.0,8.0,2.0,3.0
1187,6,6.0,0.0,-10.0,11.0,-10.0,5.0,0.0
1188,4,4.0,0.0,10.0,12.0,-11.0,9.0,-2.0
1189,2,2.0,0.0,-2.0,2.0,-13.0,12.0,15.0
1190,7,7.0,0.0,-7.0,-3.0,2.0,-12.0,-6.0
1191,5,5.0,0.0,-9.0,8.0,14.0,-5.0,-14.0
1192,3,3.0,0.0,8.0,-4.0,13.0,12.0,4.0
1193,6,6.0,0.0,8.0,-2.0,-9.0,3.0,-11.0
1194,3,3.0,0.0,14.0,2.0,-9.0,6.0,-11.0
1195,3,3.0,0.0,-1.0,-1.0,-15.0,-5.0,-5.0
1196,5,5.0,0.0,-1.0,9.0,-2.0,-2.0,-10.0
1197,6,6.0,0.0,7.0,-9.0,4.0,-2.0,-13.0
1198,4,4.0,0.0,7.0,-1.0,3.0,5.0,12.0
1199,6,6.0,0.0,1.0,-8.0,15.0,1.0,7.0
1200,3,3.0,0.0,-2.0,3.0,-7.0,-9.0,6.0
1201,6,6.0,0.0,6.0,-4.0,-6.0,-13.0,-15.0
1202,5,5.0,0.0,13.0,-5.0,-1.0,-7.0,11.0
1203,5,5.0,0.0,-12.0,-13.0,-5.0,-4.0,12.0
1204,10,10.0,0.0,-9.0,7.0,-9.0,13.0,-10.0
1205,7,7.0,0.0,-6.0,-13.0,0.0,13.0,3.0
1206,6,6.0,0.0,7.0,-8.0,10.0,-3.0,12.0
1207,8,8.0,0.0,15.0,12.0,14.0,-11.0,11.0
1208,5,5.0,0.0,-8.0,-6.0,-10.0,-8.0,-8.0
1209,6,6.0,0.0,12.0,2.0,12.0,8.0,9.0
1210,4,4.0,0.0,-5.0,10.0,-5.0,-2.0,2.0
1211,4,4.0,0.0,-9.0,9.0,15.0,-11.0,6.0
1212,4,4.0,0.0,-2.0,11.0,0.0,-1.0,13.0
1213,7,7.0,0.0,-12.0,11.0,-15.0,11.0,-3.0
1214,4,4.0,0.0,-10.0,3.0,14.0,-9.0,1.0
1215,7,7.0,0.0,-15.0,-2.0,4.0,9.0,-2.0
1216,7,7.0,0.0,14.0,13.0,7.0,-11.0,5.0
1217,8,8.0,0.0,11.0,3.0,4.0,14.0,13.0
1218,7,7.0,0.0,2.0,-7.0,13.0,6.0,2.0
1219,5,5.0,0.0,13.0,8.0,13.0,4.0,-9.0
1220,3,3.0,0.0,-6.0,5.0,13.0,14.0,-8.0
1221,2,2.0,0.0,0.0,3.0,10.0,11.0,-8.0
1222,5,5.0,0.0,-13.0,-9.0,12.0,15.0,-11.0
1223,5,5.0,0.0,-8.0,-3.0,10.0,0.0,3.0
1224,4,4.0,0.0,-7.0,12.0,7.0,-14.0,1.0
1225,6,6.0,0.0,7.0,8.0,-12.0,12.0,8.0
1226,5,5.0,0.0,-12.0,-10.0,-1.0,-12.0,7.0
1227,0,0.0,0.0,-13.0,-10.0,-3.0,3.0,-14.0
1228,4,4.0,0.0,13.0,11.0,-5.0,-7.0,14.0
1229,6,6.0,0.0,8.0,-2.0,7.0,-11.0,4.0
1230,6,6.0,0.0,10.0,-11.0,-12.0,9.0,-13.0
1231,8,8.0,0.0,15.0,-13.0,-5.0,-3.0,-13.0
1232,7,7.0,0.0,-13.0,-10.0,1.0,-13.0,-2.0
1233,2,2.0,0.0,-1.0,5.0,13.0,-1.0,14.0
1234,5,5.0,0.0,0.0,-5.0,8.0,-10.0,-9.0
1235,6,6.0,0.0,15.0,-7.0,-11.0,-3.0,6.0
1236,5,5.0,0.0,-7.0,13.0,-5.0,12.0,15.0
1237,5,5.0,0.0,4.0,7.0,2.0,-9.0,0.0
1238,6,6.0,0.0,13.0,-12.0,15.0,5.0,7.0
1239,5,5.0,0.0,-12.0,-2.0,-12.0,7.0,-8.0
1240,1,1.0,0.0,6.0,-11.0,2.0,-1.0,2.0
1241,6,6.0,0.0,6.0,10.0,-2.0,-3.0,5.0
1242,4,4.0,0.0,-2.0,-10.0,-7.0,-15.0,-12.0
1243,6,6.0,0.0,-10.0,11.0,-15.0,-6.0,2.0
1244,5,5.0,0.0,-13.0,-15.0,3.0,10.0,6.0
1245,5,5.0,0.0,5.0,12.0,1.0,-8.0,11.0
1246,9,9.0,0.0,-14.0,13.0,6.0,-6.0,-12.0
1247,7,7.0,0.0,6.0,14.0,-9.0,-12.0,2.0
1248,7,7.0,0.0,9.0,-3.0,-1.0,-13.0,11.0
1249,5,5.0,0.0,0.0,-15.0,10.0,-8.0,3.0
1250,9,9.0,0.0,0.0,-10.0,9.0,-3.0,4.0
1251,8,8.0,0.0,1.0,3.0,0.0,-9.0,2.0
1252,3,3.0,0.0,11.0,0.0,12.0,-10.0,-11.0
1253,6,6.0,0.0,-8.0,0.0,12.0,9.0,6.0
1254,6,6.0,0.0,-13.0,-13.0,13.0,9.0,14.0
1255,2,2.0,0.0,2.0,15.0,3.0,13.0,-5.0
1256,7,7.0,0.0,-9.0,13.0,15.0,-10.0,-7.0
1257,1,1.0,0.0,-13.0,-14.0,-6.0,-11.0,-14.0
1258,5,5.0,0.0,-9.0,10.0,-11.0,10.0,-7.0
1259,8,8.0,0.0,14.0,6.0,-7.0,0.0,6.0
1260,5,5.0,0.0,0.0,8.0,1.0,4.0,-10.0
1261,8,8.0,0.0,10.0,1.0,7.0,0.0,-2.0
1262,3,3.0,0.0,-6.0,10.0,-13.0,-2.0,2.0
1263,4,4.0,0.0,13.0,10.0,6.0,-2.0,-12.0
1264,5,5.0,0.0,-7.0,-7.0,3.0,4.0,0.0
1265,5,5.0,0.0,13.0,-9.0,-12.0,-10.0,1.0
1266,8,8.0,0.0,14.0,8.0,-3.0,-5.0,8.0
1267,6,6.0,0.0,-6.0,-12.0,0.0,10.0,14.0
1268,5,5.0,0.0,-5.0,15.0,5.0,-7.0,-9.0
1269,3,3.0,0.0,8.0,-6.0,5.0,9.0,-4.0
1270,4,4.0,0.0,11.0,1.0,-1.0,15.0,-5.0
1271,9,9.0,0.0,-10.0,-15.0,2.0,8.0,-11.0
1272,5,5.0,0.0,-3.0,13.0,-12.0,-8.0,7.0
1273,4,4.0,0.0,6.0,-4.0,0.0,-7.0,13.0
1274,7,7.0,0.0,0.0,10.0,15.0,5.0,-5.0
1275,8,8.0,0.0,1.0,9.0,-12.0,-6.0,-14.0
1276,1,1.0,0.0,-2.0,-3.0,-2.0,-2.0,-8.0
1277,3,3.0,0.0,-11.0,11.0,-11.0,0.0,13.0
1278,3,3.0,0.0,6.0,7.0,-1.0,6.0,-13.0
1279,4,4.0,0.0,-8.0,14.0,13.0,8.0,15.0
1280,4,4.0,0.0,-14.0,8.0,-9.0,-15.0,-8.0
1281,9,9.0,0.0,9.0,3.0,-12.0,12.0,14.0
1282,6,6.0,0.0,-15.0,15.0,7.0,-15.0,-6.0
1283,5,5.0,0.0,-2.0,9.0,-14.0,-2.0,6.0
1284,7,7.0,0.0,-8.0,-10.0,13.0,-14.0,-10.0
1285,7,7.0,0.0,-1.0,-6.0,-2.0,-10.0,1.0
1286,6,6.0,0.0,-7.0,1.0,7.0,14.0,12.0
1287,5,5.0,0.0,-9.0,0.0,-3.0,-4.0,13.0
1288,6,6.0,0.0,11.0,5.0,-13.0,8.0,-15.0
1289,5,5.0,0.0,11.0,14.0,0.0,8.0,-1.0
1290,6,6.0,0.0,-2.0,5.0,-10.0,12.0,9.0
1291,8,8.0,0.0,3.0,1.0,-13.0,10.0,14.0
1292,5,5.0,0.0,1.0,7.0,-15.0,-14.0,12.0
1293,2,2.0,0.0,-13.0,13.0,1.0,-14.0,-3.0
1294,7,7.0,0.0,12.0,-13.0,14.0,7.0,14.0
1295,7,7.0,0.0,-10.0,11.0,8.0,6.0,-6.0
1296,3,3.0,0.0,3.0,-4.0,12.0,9.0,-14.0
1297,4,4.0,0.0,-9.0,11.0,-5.0,5.0,8.0
1298,4,4.0,0.0,-13.0,-14.0,3.0,8.0,-8.0
1299,5,5.0,0.0,-14.0,6.0,5.0,-3.0,-12.0
1300,3,3.0,0.0,7.0,14.0,1.0,-4.0,-8.0
1301,4,4.0,0.0,10.0,3.0,-5.0,-13.0,-2.0
1302,6,6.0,0.0,9.0,-3.0,15.0,15.0,-5.0
1303,2,2.0,0.0,1.0,12.0,2.0,-5.0,-4.0
1304,3,3.0,0.0,10.0,14.0,-3.0,11.0,-4.0
1305,3,3.0,0.0,-2.0,2.0,15.0,9.0,11.0
1306,0,0.0,0.0,-5.0,12.0,3.0,14.0,15.0
1307,8,8.0,0.0,-1.0,-2.0,-14.0,2.0,-5.0
1308,7,7.0,0.0,-15.0,2.0,-6.0,10.0,10.0
1309,3,3.0,0.0,-14.0,-13.0,-12.0,1.0,8.0
1310,3,3.0,0.0,-5.0,9.0,11.0,15.0,-3.0
1311,1,1.0,0.0,-7.0,-2.0,-9.0,8.0,14.0
1312,3,3.0,0.0,-9.0,-4.0,-7.0,-13.0,15.0
1313,7,7.0,0.0,2.0,-10.0,11.0,-8.0,-13.0
1314,6,6.0,0.0,13.0,-3.0,3.0,13.0,-5.0
1315,4,4.0,0.0,5.0,-7.0,-10.0,-12.0,9.0
1316,5,5.0,0.0,2.0,-1.0,3.0,10.0,2.0
1317,5,5.0,0.0,0.0,7.0,-13.0,12.0,-9.0
1318,9,9.0,0.0,-10.0,1.0,6.0,3.0,14.0
1319,5,5.0,0.0,10.0,8.0,1.0,3.0,-13.0
1320,4,4.0,0.0,14.0,-7.0,15.0,-15.0,-14.0
1321,3,3.0,0.0,-15.0,3.0,13.0,9.0,13.0
1322,7,7.0,0.0,0.0,14.0,-15.0,-12.0,-11.0
1323,5,5.0,0.0,-7.0,15.0,-2.0,-1.0,-9.0
1324,6,6.0,0.0,6.0,15.0,3.0,0.0,14.0
1325,6,6.0,0.0,4.0,4.0,-3.0,4.0,15.0
1326,8,8.0,0.0,-1.0,9.0,-1.0,11.0,13.0
1327,5,5.0,0.0,3.0,12.0,-4.0,4.0,14.0
1328,6,6.0,0.0,4.0,-8.0,3.0,0.0,8.0
1329,4,4.0,0.0,3.0,13.0,1.0,-11.0,-5.0
1330,5,5.0,0.0,0.0,5.0,4.0,-6.0,10.0
1331,0,0.0,0.0,-10.0,0.0,11.0,-4.0,12.0
1332,3,3.0,0.0,-4.0,-4.0,14.0,-12.0,-6.0
1333,3,3.0,0.0,-15.0,2.0,13.0,-6.0,12.0
1334,3,3.0,0.0,-10.0,-7.0,13.0,15.0,10.0
1335,3,3.0,0.0,10.0,-2.0,-15.0,1.0,13.0
1336,3,3.0,0.0,0.0,-10.0,-2.0,-7.0,-2.0
1337,6,6.0,0.0,3.0,-12.0,13.0,-9.0,9.0
1338,4,4.0,0.0,2.0,-10.0,-9.0,3.0,12.0
1339,5,5.0,0.0,4.0,13.0,7.0,-14.0,-13.0
1340,5,5.0,0.0,-9.0,0.0,4.0,5.0,-5.0
1341,5,5.0,0.0,5.0,-14.0,-7.0,6.0,10.0
1342,7,7.0,0.0,-13.0,-15.0,3.0,-9.0,-14.0
1343,6,6.0,0.0,-12.0,-10.0,9.0,9.0,-2.0
1344,3,3.0,0.0,-10.0,14.0,14.0,6.0,6.0
1345,4,4.0,0.0,7.0,-3.0,-4.0,15.0,9.0
1346,5,5.0,0.0,-15.0,1.0,-3.0,-2.0,14.0
1347,4,4.0,0.0,2.0,-3.0,13.0,11.0,-13.0
1348,6,6.0,0.0,6.0,7.0,13.0,0.0,-5.0
1349,7,7.0,0.0,-6.0,4.0,-10.0,-12.0,7.0
1350,4,4.0,0.0,-14.0,-14.0,2.0,3.0,13.0
1351,5,5.0,0.0,-2.0,-10.0,-6.0,15.0,12.0
1352,4,4.0,0.0,8.0,-12.0,-14.0,-8.0,13.0
1353,4,4.0,0.0,-2.0,-1.0,-11.0,-6.0,-15.0
1354,9,9.0,0.0,-4.0,-15.0,10.0,-15.0,6.0
1355,6,6.0,0.0,-8.0,4.0,6.0,5.0,-7.0
1356,5,5.0,0.0,-11.0,-13.0,5.0,-14.0,8.0
1357,7,7.0,0.0,-7.0,-5.0,13.0,11.0,-1.0
1358,4,4.0,0.0,1.0,-15.0,-1.0,-7.0,13.0
1359,2,2.0,0.0,13.0,-4.0,-8.0,-3.0,6.0
1360,5,5.0,0.0,-9.0,-7.0,5.0,-2.0,-11.0
1361,2,2.0,0.0,14.0,0.0,0.0,14.0,6.0
1362,5,5.0,0.0,12.0,-7.0,-5.0,-14.0,-13.0
1363,5,5.0,0.0,11.0,10.0,-12.0,14.0,-15.0
1364,4,4.0,0.0,-2.0,9.0,-7.0,-8.0,10.0
1365,4,4.0,0.0,-14.0,-14.0,5.0,-14.0,-7.0
1366,5,5.0,0.0,15.0,-7.0,7.0,12.0,-10.0
1367,5,5.0,0.0,3.0,5.0,6.0,1.0,3.0
1368,4,4.0,0.0,-6.0,-5.0,-10.0,-7.0,15.0
1369,4,4.0,0.0,2.0,-4.0,8.0,-11.0,15.0
1370,4,4.0,0.0,-14.0,2.0,-2.0,3.0,15.0
1371,4,4.0,0.0,13.0,11.0,14.0,-15.0,-6.0
1372,0,0.0,0.0,-5.0,1.0,-8.0,9.0,14.0
1373,3,3.0,0.0,-6.0,1.0,1.0,12.0,9.0
1374,2,2.0,0.0,14.0,2.0,9.0,0.0,-7.0
1375,5,5.0,0.0,13.0,-10.0,-15.0,1.0,11.0
1376,4,4.0,0.0,10.0,2.0,-13.0,-10.0,2.0
1377,7,7.0,0.0,12.0,-11.0,-14.0,13.0,-1.0
1378,3,3.0,0.0,8.0,-1.0,9.0,6.0,-13.0
1379,3,3.0,0.0,9.0,-13.0,15.0,11.0,-6.0
1380,3,3.0,0.0,8.0,3.0,10.0,-14.0,-3.0
1381,4,4.0,0.0,-2.0,6.0,7.0,-5.0,14.0
1382,11,11.0,0.0,-1.0,-8.0,0.0,5.0,-13.0
1383,8,8.0,0.0,-2.0,2.0,-2.0,8.0,7.0
1384,6,6.0,0.0,-8.0,3.0,7.0,13.0,10.0
1385,9,9.0,0.0,-11.0,-8.0,-5.0,14.0,4.0
1386,5,5.0,0.0,6.0,-4.0,7.0,-5.0,5.0
1387,6,6.0,0.0,1.0,-4.0,-14.0,11.0,8.0
1388,7,7.0,0.0,-12.0,3.0,-2.0,4.0,-7.0
1389,7,7.0,0.0,6.0,-5.0,-1.0,-12.0,8.0
1390,7,7.0,0.0,5.0,2.0,-14.0,6.0,-6.0
1391,4,4.0,0.0,-1.0,4.0,13.0,1.0,4.0
1392,3,3.0,0.0,-11.0,3.0,-1.0,-7.0,12.0
1393,0,0.0,0.0,-12.0,4.0,-4.0,-9.0,7.0
1394,6,6.0,0.0,3.0,-11.0,5.0,15.0,-11.0
1395,6,6.0,0.0,-9.0,7.0,-15.0,-2.0,5.0
1396,4,4.0,0.0,7.0,-9.0,7.0,-1.0,-11.0
1397,2,2.0,0.0,-5.0,14.0,-3.0,11.0,10.0
1398,8,8.0,0.0,-7.0,-12.0,-11.0,13.0,-12.0
1399,5,5.0,0.0,7.0,-5.0,-3.0,-6.0,-5.0
1400,5,5.0,0.0,-15.0,10.0,-9.0,5.0,-10.0
1401,5,5.0,0.0,13.0,3.0,10.0,4.0,-14.0
1402,8,8.0,0.0,-9.0,13.0,15.0,11.0,2.0
1403,5,5.0,0.0,-12.0,2.0,7.0,15.0,11.0
1404,9,9.0,0.0,10.0,14.0,14.0,-3.0,9.0
1405,3,3.0,0.0,12.0,-8.0,3.0,-9.0,-7.0
1406,5,5.0,0.0,-1.0,-10.0,3.0,-1.0,7.0
1407,3,3.0,0.0,-13.0,15.0,-10.0,-15.0,-4.0
1408,2,2.0,0.0,-12.0,-2.0,-7.0,6.0,10.0
1409,3,3.0,0.0,4.0,14.0,-12.0,14.0,-5.0
1410,3,3.0,0.0,-13.0,-9.0,-3.0,4.0,-3.0
1411,6,6.0,0.0,-6.0,-14.0,2.0,-2.0,-9.0
1412,3,3.0,0.0,0.0,1.0,-4.0,13.0,0.0
1413,6,6.0,0.0,-7.0,-10.0,-4.0,10.0,4.0
1414,10,10.0,0.0,-3.0,2.0,-5.0,2.0,-2.0
1415,8,8.0,0.0,-1.0,8.0,-2.0,12.0,0.0
1416,4,4.0,0.0,5.0,-10.0,11.0,9.0,15.0
1417,5,5.0,0.0,-10.0,-4.0,-10.0,-14.0,-2.0
1418,4,4.0,0.0,15.0,-3.0,-9.0,-15.0,-1.0
1419,5,5.0,0.0,6.0,-3.0,6.0,-14.0,14.0
1420,4,4.0,0.0,-5.0,10.0,-10.0,-2.0,13.0
1421,8,8.0,0.0,-1.0,-1.0,11.0,13.0,-11.0
1422,6,6.0,0.0,-7.0,1.0,-14.0,4.0,12.0
1423,1,1.0,0.0,-9.0,-6.0,6.0,11.0,-4.0
1424,4,4.0,0.0,-3.0,-15.0,-5.0,-7.0,8.0
1425,3,3.0,0.0,3.0,-15.0,9.0,-9.0,-5.0
1426,4,4.0,0.0,10.0,-15.0,0.0,-2.0,-12.0
1427,5,5.0,0.0,4.0,-4.0,-8.0,11.0,7.0
1428,3,3.0,0.0,7.0,6.0,-3.0,-8.0,0.0
1429,3,3.0,0.0,10.0,-10.0,12.0,10.0,-14.0
1430,9,9.0,0.0,-14.0,-5.0,15.0,1.0,-3.0
1431,6,6.0,0.0,2.0,9.0,-3.0,-14.0,4.0
1432,4,4.0,0.0,-1.0,5.0,2.0,-2.0,-2.0
1433,4,4.0,0.0,-14.0,11.0,13.0,-10.0,-13.0
1434,2,2.0,0.0,-7.0,1.0,-6.0,2.0,0.0
1435,2,2.0,0.0,-2.0,14.0,13.0,-13.0,0.0
1436,6,6.0,0.0,14.0,-1.0,-2.0,8.0,-12.0
1437,1,1.0,0.0,-10.0,3.0,15.0,-6.0,2.0
1438,3,3.0,0.0,-4.0,2.0,-8.0,-6.0,3.0
1439,1,1.0,0.0,12.0,-9.0,11.0,10.0,10.0
1440,7,7.0,0.0,-11.0,0.0,6.0,5.0,-2.0
1441,9,9.0,0.0,-12.0,6.0,5.0,14.0,9.0
1442,6,6.0,0.0,-14.0,6.0,4.0,7.0,5.0
1443,7,7.0,0.0,8.0,-9.0,2.0,0.0,-4.0
1444,10,10.0,0.0,-3.0,-11.0,-3.0,-4.0,11.0
1445,5,5.0,0.0,-15.0,-10.0,-13.0,6.0,14.0
1446,5,5.0,0.0,7.0,5.0,8.0,-11.0,4.0
1447,4,4.0,0.0,11.0,-15.0,-10.0,9.0,-15.0
1448,7,7.0,0.0,13.0,-11.0,-13.0,-4.0,12.0
1449,3,3.0,0.0,0.0,11.0,15.0,-1.0,-13.0
1450,4,4.0,0.0,1.0,5.0,15.0,-13.0,14.0
1451,5,5.0,0.0,5.0,0.0,-1.0,2.0,2.0
1452,3,3.0,0.0,1.0,-5.0,4.0,-15.0,-2.0
1453,3,3.0,0.0,1.0,5.0,-14.0,-10.0,14.0
1454,4,4.0,0.0,-1.0,6.0,5.0,6.0,-2.0
1455,5,5.0,0.0,5.0,8.0,-8.0,-6.0,13.0
1456,5,5.0,0.0,-11.0,-7.0,-2.0,11.0,-6.0
1457,3,3.0,0.0,12.0,4.0,-2.0,-1.0,-6.0
1458,7,7.0,0.0,-8.0,11.0,8.0,1.0,-14.0
1459,8,8.0,0.0,-7.0,-15.0,-7.0,11.0,3.0
1460,3,3.0,0.0,9.0,11.0,13.0,-14.0,-2.0
1461,4,4.0,0.0,-2.0,5.0,-11.0,-10.0,10.0
1462,2,2.0,0.0,-4.0,-15.0,12.0,8.0,-9.0
1463,5,5.0,0.0,-8.0,-3.0,-5.0,-6.0,3.0
1464,4,4.0,0.0,-11.0,-1.0,11.0,11.0,-1.0
1465,8,8.0,0.0,3.0,11.0,9.0,3.0,14.0
1466,5,5.0,0.0,-7.0,10.0,11.0,0.0,-5.0
1467,6,6.0,0.0,-11.0,-11.0,-14.0,15.0,3.0
1468,7,7.0,0.0,0.0,1.0,-6.0,10.0,0.0
1469,6,6.0,0.0,-6.0,0.0,12.0,-13.0,-14.0
1470,5,5.0,0.0,-9.0,-13.0,5.0,15.0,5.0
1471,8,8.0,0.0,14.0,1.0,-14.0,-12.0,12.0
1472,4,4.0,0.0,7.0,-4.0,-15.0,-6.0,5.0
1473,3,3.0,0.0,-6.0,2.0,-11.0,-7.0,8.0
1474,5,5.0,0.0,-4.0,13.0,0.0,-5.0,-13.0
1475,7,7.0,0.0,9.0,-15.0,3.0,-9.0,15.0
1476,7,7.0,0.0,-9.0,-6.0,-13.0,0.0,-12.0
1477,7,7.0,0.0,-1.0,8.0,-13.0,3.0,5.0
1478,8,8.0,0.0,-4.0,8.0,2.0,8.0,-14.0
1479,6,6.0,0.0,-6.0,13.0,-13.0,7.0,4.0
1480,5,5.0,0.0,-11.0,11.0,1.0,9.0,-9.0
1481,7,7.0,0.0,8.0,8.0,2.0,-12.0,1.0
1482,6,6.0,0.0,8.0,-15.0,-14.0,-5.0,-15.0
1483,8,8.0,0.0,-14.0,-12.0,-8.0,-1.0,-6.0
1484,5,5.0,0.0,-8.0,2.0,-1.0,-4.0,1.0
1485,6,6.0,0.0,1.0,-14.0,4.0,11.0,-2.0
1486,5,5.0,0.0,5.0,10.0,-1.0,15.0,-14.0
1487,0,0.0,0.0,3.0,-2.0,12.0,-13.0,-4.0
1488,5,5.0,0.0,7.0,-5.0,-13.0,-12.0,-8.0
1489,2,2.0,0.0,-12.0,-10.0,-5.0,-5.0,-1.0
1490,7,7.0,0.0,0.0,6.0,8.0,8.0,2.0
1491,6,6.0,0.0,6.0,8.0,8.0,-12.0,10.0
1492,3,3.0,0.0,10.0,13.0,14.0,-15.0,-12.0
1493,3,3.0,0.0,-15.0,6.0,-3.0,-14.0,-10.0
1494,3,3.0,0.0,-1.0,0.0,-9.0,1.0,11.0
1495,4,4.0,0.0,-14.0,-15.0,-7.0,-6.0,1.0
1496,4,4.0,0.0,0.0,-9.0,0.0,12.0,-15.0
1497,4,4.0,0.0,9.0,4.0,5.0,11.0,-14.0
1498,6,6.0,0.0,-10.0,13.0,5.0,-13.0,8.0
1499,7,7.0,0.0,-9.0,10.0,-11.0,10.0,-10.0
1500,4,4.0,0.0,-13.0,-3.0,-12.0,-7.0,14.0
1501,2,2.0,0.0,9.0,1.0,-2.0,7.0,-10.0
1502,8,8.0,0.0,-14.0,-12.0,1.0,1.0,-1.0
1503,6,6.0,0.0,14.0,3.0,1.0,-1.0,-5.0
1504,5,5.0,0.0,-3.0,-14.0,5.0,8.0,14.0
1505,2,2.0,0.0,14.0,5.0,-11.0,10.0,-14.0
1506,6,6.0,0.0,-12.0,-12.0,3.0,6.0,10.0
1507,7,7.0,0.0,6.0,-8.0,-11.0,5.0,-4.0
1508,9,9.0,0.0,7.0,-9.0,-1.0,13.0,-9.0
1509,5,5.0,0.0,-3.0,-2.0,-7.0,-7.0,-2.0
1510,7,7.0,0.0,6.0,-11.0,12.0,-4.0,9.0
1511,7,7.0,0.0,7.0,0.0,-3.0,8.0,-10.0
1512,6,6.0,0.0,-1.0,5.0,5.0,2.0,8.0
1513,4,4.0,0.0,4.0,-12.0,-14.0,7.0,6.0
1514,6,6.0,0.0,-8.0,-2.0,8.0,5.0,11.0
1515,8,8.0,0.0,-7.0,-9.0,1.0,-12.0,6.0
1516,6,6.0,0.0,-14.0,11.0,-7.0,-6.0,-2.0
1517,3,3.0,0.0,4.0,3.0,-12.0,-12.0,-14.0
1518,5,5.0,0.0,-10.0,-8.0,6.0,15.0,-7.0
1519,3,3.0,0.0,-6.0,15.0,-10.0,12.0,5.0
1520,4,4.0,0.0,-15.0,9.0,-2.0,-8.0,9.0
1521,6,6.0,0.0,-1.0,7.0,-7.0,6.0,15.0
1522,4,4.0,0.0,2.0,1.0,0.0,5.0,2.0
1523,3,3.0,0.0,14.0,1.0,14.0,-10.0,8.0
1524,5,5.0,0.0,15.0,-6.0,-9.0,4.0,5.0
1525,4,4.0,0.0,3.0,-5.0,6.0,-12.0,-8.0
1526,6,6.0,0.0,-8.0,-13.0,8.0,11.0,-12.0
1527,6,6.0,0.0,-8.0,-11.0,12.0,8.0,3.0
1528,5,5.0,0.0,12.0,-14.0,5.0,-2.0,-10.0
1529,2,2.0,0.0,4.0,14.0,-2.0,1.0,-11.0
1530,3,3.0,0.0,8.0,-1.0,-13.0,-10.0,-6.0
1531,3,3.0,0.0,11.0,-15.0,-2.0,-6.0,-7.0
1532,3,3.0,0.0,13.0,-5.0,3.0,15.0,-14.0
1533,6,6.0,0.0,15.0,10.0,4.0,10.0,-1.0
1534,3,3.0,0.0,7.0,7.0,-2.0,12.0,-4.0
1535,4,4.0,0.0,-4.0,-8.0,-15.0,8.0,-9.0
1536,7,7.0,0.0,-10.0,1.0,-1.0,-6.0,2.0
1537,9,9.0,0.0,-12.0,-9.0,15.0,12.0,10.0
1538,8,8.0,0.0,-15.0,2.0,10.0,-15.0,4.0
1539,4,4.0,0.0,-13.0,12.0,4.0,2.0,-6.0
1540,6,6.0,0.0,10.0,13.0,-2.0,-3.0,6.0
1541,4,4.0,0.0,14.0,-13.0,-8.0,12.0,-14.0
1542,5,5.0,0.0,13.0,11.0,2.0,-4.0,-6.0
1543,9,9.0,0.0,-14.0,-4.0,-13.0,-9.0,4.0
1544,5,5.0,0.0,5.0,-2.0,1.0,4.0,8.0
1545,7,7.0,0.0,12.0,-1.0,-7.0,4.0,5.0
1546,8,8.0,0.0,14.0,-1.0,0.0,-5.0,11.0
1547,5,5.0,0.0,11.0,12.0,-14.0,-10.0,-15.0
1548,4,4.0,0.0,-9.0,4.0,12.0,1.0,-3.0
1549,4,4.0,0.0,-8.0,2.0,12.0,11.0,9.0
1550,2,2.0,0.0,12.0,1.0,-10.0,-10.0,-4.0
1551,6,6.0,0.0,2.0,-12.0,-15.0,3.0,4.0
1552,3,3.0,0.0,12.0,1.0,14.0,-8.0,-10.0
1553,2,2.0,0.0,-14.0,6.0,8.0,3.0,5.0
1554,1,1.0,0.0,9.0,5.0,-8.0,7.0,8.0
1555,4,4.0,0.0,6.0,13.0,11.0,9.0,-7.0
1556,7,7.0,0.0,-13.0,-8.0,-1.0,-10.0,5.0
1557,5,5.0,0.0,9.0,-9.0,12.0,-13.0,-14.0
1558,6,6.0,0.0,7.0,0.0,9.0,10.0,3.0
1559,5,5.0,0.0,-14.0,-6.0,2.0,15.0,5.0
1560,6,6.0,0.0,-3.0,-15.0,-7.0,11.0,-7.0
1561,6,6.0,0.0,11.0,-6.0,10.0,-2.0,-14.0
1562,5,5.0,0.0,6.0,2.0,10.0,9.0,-9.0
1563,5,5.0,0.0,0.0,-4.0,14.0,11.0,9.0
1564,4,4.0,0.0,1.0,-9.0,-6.0,-5.0,10.0
1565,7,7.0,0.0,-15.0,-6.0,-10.0,-12.0,10.0
1566,8,8.0,0.0,-9.0,-7.0,-1.0,13.0,-13.0
1567,4,4.0,0.0,8.0,7.0,-8.0,-8.0,15.0
1568,2,2.0,0.0,-7.0,6.0,-15.0,-3.0,3.0
1569,5,5.0,0.0,-7.0,-5.0,12.0,-1.0,-9.0
1570,7,7.0,0.0,-13.0,-15.0,15.0,1.0,13.0
1571,4,4.0,0.0,2.0,-3.0,-6.0,11.0,14.0
1572,6,6.0,0.0,-11.0,-10.0,5.0,-6.0,-10.0
1573,5,5.0,0.0,9.0,-2.0,-7.0,-15.0,0.0
1574,3,3.0,0.0,-9.0,0.0,10.0,-7.0,-14.0
1575,7,7.0,0.0,-9.0,10.0,-12.0,0.0,3.0
1576,3,3.0,0.0,15.0,15.0,2.0,4.0,-1.0
1577,5,5.0,0.0,12.0,1.0,-13.0,5.0,6.0
1578,4,4.0,0.0,-1.0,1.0,-12.0,-1.0,0.0
1579,3,3.0,0.0,-10.0,-10.0,-14.0,3.0,7.0
1580,8,8.0,0.0,14.0,-6.0,-12.0,2.0,8.0
1581,7,7.0,0.0,3.0,7.0,-5.0,9.0,-15.0
1582,5,5.0,0.0,-13.0,13.0,-9.0,-3.0,12.0
1583,5,5.0,0.0,-7.0,-15.0,-12.0,3.0,-13.0
1584,5,5.0,0.0,-3.0,15.0,-15.0,-14.0,10.0
1585,6,6.0,0.0,-12.0,-5.0,3.0,6.0,-15.0
1586,5,5.0,0.0,-7.0,-13.0,5.0,-8.0,-3.0
1587,6,6.0,0.0,-6.0,-7.0,-12.0,-14.0,-3.0
1588,6,6.0,0.0,-2.0,-2.0,-10.0,6.0,0.0
1589,7,7.0,0.0,-11.0,-5.0,-13.0,11.0,11.0
1590,6,6.0,0.0,6.0,-9.0,-3.0,4.0,5.0
1591,6,6.0,0.0,2.0,-14.0,-11.0,10.0,14.0
1592,8,8.0,0.0,-14.0,3.0,-6.0,14.0,5.0
1593,6,6.0,0.0,1.0,15.0,-2.0,9.0,6.0
1594,3,3.0,0.0,8.0,9.0,-7.0,7.0,15.0
1595,5,5.0,0.0,4.0,-14.0,-7.0,-2.0,-7.0
1596,6,6.0,0.0,-12.0,8.0,-15.0,10.0,12.0
1597,7,7.0,0.0,1.0,3.0,-8.0,-15.0,5.0
1598,4,4.0,0.0,7.0,14.0,-14.0,-15.0,10.0
1599,4,4.0,0.0,-1.0,8.0,11.0,-2.0,-6.0
1600,8,8.0,0.0,11.0,-9.0,-8.0,-10.0,3.0
1601,5,5.0,0.0,8.0,3.0,8.0,13.0,9.0
1602,6,6.0,0.0,9.0,-1.0,-1.0,-12.0,-4.0
1603,5,5.0,0.0,-4.0,-5.0,-14.0,-2.0,-2.0
1604,4,4.0,0.0,3.0,-13.0,-12.0,0.0,-11.0
1605,2,2.0,0.0,7.0,-7.0,-1.0,6.0,-13.0
1606,7,7.0,0.0,-11.0,3.0,-6.0,12.0,15.0
1607,7,7.0,0.0,-3.0,-4.0,-12.0,8.0,-11.0
1608,5,5.0,0.0,0.0,-5.0,15.0,11.0,-15.0
1609,4,4.0,0.0,4.0,0.0,13.0,9.0,13.0
1610,7,7.0,0.0,-15.0,-9.0,5.0,-8.0,-2.0
1611,7,7.0,0.0,-5.0,5.0,9.0,10.0,5.0
1612,5,5.0,0.0,6.0,-7.0,-3.0,-10.0,11.0
1613,5,5.0,0.0,-1.0,14.0,2.0,2.0,-13.0
1614,7,7.0,0.0,8.0,-7.0,-3.0,-2.0,-10.0
1615,4,4.0,0.0,-13.0,-9.0,2.0,5.0,8.0
1616,7,7.0,0.0,-3.0,6.0,4.0,15.0,-15.0
1617,3,3.0,0.0,-3.0,12.0,12.0,12.0,1.0
1618,7,7.0,0.0,-15.0,-8.0,12.0,15.0,-8.0
1619,8,8.0,0.0,-11.0,0.0,3.0,-4.0,5.0
1620,6,6.0,0.0,8.0,10.0,8.0,15.0,-14.0
1621,7,7.0,0.0,2.0,6.0,-3.0,-5.0,-12.0
1622,8,8.0,0.0,-1.0,-3.0,-4.0,10.0,-7.0
1623,4,4.0,0.0,5.0,5.0,-9.0,5.0,0.0
1624,9,9.0,0.0,8.0,-4.0,6.0,-12.0,9.0
1625,5,5.0,0.0,8.0,13.0,7.0,15.0,8.0
1626,3,3.0,0.0,9.0,-9.0,-11.0,-6.0,-10.0
1627,6,6.0,0.0,-13.0,-9.0,-6.0,-2.0,12.0
1628,4,4.0,0.0,14.0,-8.0,-10.0,1.0,-5.0
1629,7,7.0,0.0,4.0,-1.0,-4.0,14.0,-12.0
1630,4,4.0,0.0,-11.0,14.0,-14.0,3.0,11.0
1631,4,4.0,0.0,-1.0,-3.0,7.0,8.0,7.0
1632,3,3.0,0.0,-2.0,-5.0,-9.0,14.0,11.0
1633,4,4.0,0.0,3.0,4.0,-9.0,13.0,-1.0
1634,9,9.0,0.0,5.0,0.0,4.0,2.0,8.0
1635,3,3.0,0.0,9.0,-14.0,8.0,7.0,-8.0
1636,3,3.0,0.0,-5.0,14.0,-7.0,11.0,15.0
1637,3,3.0,0.0,0.0,14.0,6.0,-13.0,11.0
1638,8,8.0,0.0,-4.0,-10.0,-10.0,-5.0,1.0
1639,5,5.0,0.0,-7.0,5.0,-3.0,-12.0,9.0
1640,4,4.0,0.0,4.0,-6.0,-5.0,6.0,6.0
1641,1,1.0,0.0,6.0,-4.0,-2.0,1.0,11.0
1642,1,1.0,0.0,-6.0,-7.0,8.0,-13.0,8.0
1643,4,4.0,0.0,3.0,12.0,0.0,-1.0,-13.0
1644,5,5.0,0.0,11.0,-8.0,-2.0,10.0,4.0
1645,6,6.0,0.0,0.0,14.0,14.0,9.0,-4.0
1646,7,7.0,0.0,12.0,9.0,14.0,11.0,-10.0
1647,4,4.0,0.0,0.0,11.0,-6.0,-14.0,13.0
1648,7,7.0,0.0,-12.0,-12.0,12.0,-5.0,-6.0
1649,5,5.0,0.0,-5.0,-3.0,11.0,11.0,14.0
1650,4,4.0,0.0,1.0,9.0,4.0,-15.0,-11.0
1651,6,6.0,0.0,-9.0,-15.0,3.0,0.0,-4.0
1652,5,5.0,0.0,12.0,-9.0,6.0,-14.0,-14.0
1653,4,4.0,0.0,5.0,-9.0,-5.0,10.0,-6.0
1654,4,4.0,0.0,-6.0,-14.0,12.0,-7.0,-4.0
1655,8,8.0,0.0,-5.0,-7.0,1.0,6.0,1.0
1656,4,4.0,0.0,3.0,11.0,-12.0,11.0,12.0
1657,5,5.0,0.0,-2.0,11.0,10.0,0.0,14.0
1658,5,5.0,0.0,-12.0,9.0,-15.0,11.0,-5.0
1659,6,6.0,0.0,-8.0,-6.0,11.0,4.0,-14.0
1660,6,6.0,0.0,-2.0,-12.0,-4.0,-6.0,-11.0
1661,3,3.0,0.0,-1.0,3.0,3.0,11.0,-2.0
1662,5,5.0,0.0,7.0,6.0,2.0,1.0,15.0
1663,4,4.0,0.0,7.0,13.0,2.0,-9.0,-8.0
1664,5,5.0,0.0,-7.0,10.0,10.0,-7.0,-9.0
1665,6,6.0,0.0,5.0,-4.0,-13.0,-2.0,4.0
1666,3,3.0,0.0,-3.0,-5.0,14.0,10.0,-13.0
1667,7,7.0,0.0,-14.0,1.0,4.0,9.0,-5.0
1668,8,8.0,0.0,12.0,9.0,1.0,-15.0,-6.0
1669,4,4.0,0.0,-3.0,-3.0,15.0,-8.0,-8.0
1670,5,5.0,0.0,11.0,11.0,9.0,10.0,1.0
1671,6,6.0,0.0,14.0,4.0,4.0,-4.0,-8.0
1672,2,2.0,0.0,-1.0,-4.0,4.0,11.0,4.0
1673,7,7.0,0.0,-5.0,-12.0,-15.0,13.0,6.0
1674,2,2.0,0.0,6.0,-8.0,-3.0,-4.0,1.0
1675,7,7.0,0.0,-6.0,15.0,5.0,15.0,1.0
1676,4,4.0,0.0,1.0,14.0,5.0,-12.0,-11.0
1677,7,7.0,0.0,11.0,-7.0,-3.0,1.0,8.0
1678,6,6.0,0.0,-7.0,13.0,12.0,8.0,5.0
1679,8,8.0,0.0,2.0,7.0,8.0,-7.0,-3.0
1680,4,4.0,0.0,10.0,10.0,-2.0,-10.0,15.0
1681,6,6.0,0.0,-4.0,-3.0,11.0,-1.0,8.0
1682,8,8.0,0.0,12.0,4.0,-11.0,4.0,2.0
1683,5,5.0,0.0,-11.0,7.0,-9.0,-8.0,10.0
1684,4,4.0,0.0,3.0,1.0,-14.0,13.0,-6.0
1685,4,4.0,0.0,1.0,-3.0,2.0,-10.0,7.0
1686,5,5.0,0.0,-5.0,9.0,4.0,-1.0,15.0
1687,7,7.0,0.0,7.0,9.0,-13.0,9.0,0.0
1688,4,4.0,0.0,2.0,-11.0,10.0,-7.0,12.0
1689,3,3.0,0.0,-5.0,8.0,-2.0,11.0,15.0
1690,4,4.0,0.0,-5.0,1.0,-6.0,-5.0,-10.0
1691,6,6.0,0.0,15.0,-5.0,-7.0,10.0,-14.0
1692,7,7.0,0.0,4.0,15.0,-11.0,-4.0,13.0
1693,9,9.0,0.0,3.0,7.0,-9.0,-15.0,-10.0
1694,6,6.0,0.0,-5.0,12.0,9.0,2.0,-4.0
1695,5,5.0,0.0,-8.0,6.0,9.0,6.0,-4.0
1696,5,5.0,0.0,8.0,13.0,-15.0,15.0,-13.0
1697,1,1.0,0.0,3.0,-2.0,0.0,4.0,-9.0
1698,6,6.0,0.0,13.0,-15.0,4.0,-11.0,-12.0
1699,6,6.0,0.0,-12.0,-2.0,-4.0,-7.0,13.0
1700,7,7.0,0.0,7.0,-15.0,3.0,13.0,2.0
1701,3,3.0,0.0,14.0,-1.0,-7.0,-14.0,9.0
1702,7,7.0,0.0,10.0,2.0,-8.0,5.0,-8.0
1703,4,4.0,0.0,8.0,6.0,-14.0,7.0,13.0
1704,4,4.0,0.0,-14.0,-7.0,6.0,14.0,2.0
1705,1,1.0,0.0,15.0,-14.0,6.0,0.0,-6.0
1706,5,5.0,0.0,3.0,11.0,10.0,-1.0,6.0
1707,2,2.0,0.0,6.0,8.0,-7.0,14.0,6.0
1708,7,7.0,0.0,8.0,-3.0,13.0,8.0,9.0
1709,8,8.0,0.0,9.0,-6.0,11.0,6.0,-1.0
1710,8,8.0,0.0,7.0,9.0,-8.0,-2.0,13.0
1711,3,3.0,0.0,-8.0,13.0,7.0,11.0,15.0
1712,4,4.0,0.0,-3.0,-6.0,-12.0,14.0,7.0
1713,6,6.0,0.0,-6.0,15.0,3.0,-2.0,-13.0
1714,4,4.0,0.0,-12.0,5.0,14.0,4.0,3.0
1715,3,3.0,0.0,-10.0,12.0,-15.0,6.0,2.0
1716,8,8.0,0.0,-6.0,-3.0,-3.0,-11.0,-12.0
1717,3,3.0,0.0,-8.0,13.0,-6.0,3.0,14.0
1718,7,7.0,0.0,-6.0,0.0,-3.0,8.0,-15.0
1719,5,5.0,0.0,8.0,-11.0,-10.0,-6.0,-8.0
1720,7,7.0,0.0,7.0,-13.0,-9.0,5.0,7.0
1721,5,5.0,0.0,-5.0,-12.0,-2.0,10.0,-13.0
1722,5,5.0,0.0,3.0,13.0,3.0,-3.0,13.0
1723,6,6.0,0.0,9.0,-6.0,12.0,-12.0,13.0
1724,7,7.0,0.0,5.0,3.0,-10.0,-1.0,-9.0
1725,9,9.0,0.0,9.0,10.0,-10.0,-4.0,-13.0
1726,7,7.0,0.0,12.0,-4.0,-6.0,-10.0,-15.0
1727,5,5.0,0.0,7.0,-14.0,1.0,9.0,5.0
1728,5,5.0,0.0,-1.0,7.0,13.0,4.0,4.0
1729,6,6.0,0.0,-12.0,-6.0,-14.0,-9.0,-14.0
1730,4,4.0,0.0,-10.0,13.0,-15.0,3.0,4.0
1731,3,3.0,0.0,8.0,13.0,-8.0,-6.0,-8.0
1732,4,4.0,0.0,0.0,-4.0,-15.0,-1.0,3.0
1733,4,4.0,0.0,15.0,-11.0,8.0,14.0,7.0
1734,4,4.0,0.0,-12.0,12.0,3.0,15.0,-5.0
1735,1,1.0,0.0,3.0,13.0,10.0,-7.0,-1.0
1736,4,4.0,0.0,-14.0,-13.0,-12.0,7.0,3.0
1737,3,3.0,0.0,13.0,13.0,5.0,11.0,-4.0
1738,7,7.0,0.0,-15.0,13.0,-13.0,9.0,-14.0
1739,6,6.0,0.0,-2.0,1.0,13.0,-4.0,-1.0
1740,8,8.0,0.0,3.0,-1.0,-1.0,-15.0,6.0
1741,8,8.0,0.0,13.0,0.0,-13.0,10.0,8.0
1742,6,6.0,0.0,-13.0,3.0,1.0,-2.0,-8.0
1743,6,6.0,0.0,-15.0,-5.0,-6.0,-5.0,0.0
1744,5,5.0,0.0,-7.0,-8.0,-15.0,-15.0,-10.0
1745,7,7.0,0.0,6.0,10.0,-11.0,13.0,15.0
1746,5,5.0,0.0,-11.0,-4.0,-10.0,-3.0,5.0
1747,6,6.0,0.0,-1.0,14.0,7.0,-9.0,0.0
1748,4,4.0,0.0,8.0,-1.0,-2.0,13.0,5.0
1749,6,6.0,0.0,-5.0,6.0,12.0,-7.0,10.0
1750,4,4.0,0.0,9.0,15.0,-9.0,10.0,14.0
1751,6,6.0,0.0,0.0,3.0,-7.0,4.0,2.0
1752,4,4.0,0.0,-3.0,-7.0,12.0,6.0,-14.0
1753,3,3.0,0.0,1.0,13.0,7.0,-7.0,-9.0
1754,6,6.0,0.0,2.0,-3.0,1.0,-9.0,3.0
1755,6,6.0,0.0,-4.0,2.0,14.0,-12.0,7.0
1756,8,8.0,0.0,-1.0,14.0,-9.0,4.0,-9.0
1757,7,7.0,0.0,-3.0,-12.0,1.0,6.0,-8.0
1758,4,4.0,0.0,14.0,-6.0,-4.0,4.0,-5.0
1759,6,6.0,0.0,15.0,-11.0,-9.0,14.0,3.0
1760,5,5.0,0.0,10.0,8.0,-10.0,6.0,-11.0
1761,7,7.0,0.0,-4.0,-7.0,11.0,-5.0,-11.0
1762,3,3.0,0.0,5.0,2.0,-4.0,-11.0,-12.0
1763,7,7.0,0.0,10.0,-9.0,14.0,-12.0,-8.0
1764,1,1.0,0.0,6.0,-13.0,-8.0,-13.0,-15.0
1765,5,5.0,0.0,-3.0,5.0,4.0,4.0,5.0
1766,1,1.0,0.0,9.0,14.0,-4.0,6.0,9.0
1767,5,5.0,0.0,-2.0,10.0,3.0,-13.0,-13.0
1768,7,7.0,0.0,12.0,-3.0,-11.0,3.0,3.0
1769,6,6.0,0.0,2.0,7.0,-10.0,-1.0,13.0
1770,5,5.0,0.0,-11.0,5.0,-9.0,-4.0,1.0
1771,5,5.0,0.0,-13.0,-14.0,4.0,4.0,0.0
1772,7,7.0,0.0,-9.0,-3.0,-3.0,-7.0,-11.0
1773,4,4.0,0.0,8.0,-8.0,5.0,-10.0,-11.0
1774,6,6.0,0.0,7.0,-9.0,-15.0,4.0,-10.0
1775,0,0.0,0.0,6.0,13.0,5.0,1.0,-6.0
1776,6,6.0,0.0,-5.0,-13.0,2.0,0.0,-12.0
1777,8,8.0,0.0,-1.0,6.0,-1.0,4.0,-3.0
1778,6,6.0,0.0,7.0,13.0,2.0,10.0,5.0
1779,1,1.0,0.0,-10.0,4.0,9.0,-10.0,8.0
1780,4,4.0,0.0,1.0,-1.0,-3.0,4.0,-10.0
1781,3,3.0,0.0,13.0,-3.0,-15.0,-13.0,-15.0
1782,6,6.0,0.0,12.0,5.0,8.0,3.0,4.0
1783,8,8.0,0.0,-12.0,14.0,-10.0,-10.0,-14.0
1784,3,3.0,0.0,15.0,-11.0,-8.0,-5.0,2.0
1785,5,5.0,0.0,11.0,13.0,1.0,5.0,-6.0
1786,7,7.0,0.0,12.0,-1.0,2.0,10.0,-15.0
1787,5,5.0,0.0,1.0,6.0,6.0,4.0,-2.0
1788,2,2.0,0.0,9.0,11.0,-14.0,8.0,-3.0
1789,7,7.0,0.0,-3.0,-12.0,-7.0,-8.0,-15.0
1790,4,4.0,0.0,-9.0,14.0,7.0,7.0,-9.0
1791,7,7.0,0.0,9.0,-6.0,6.0,-4.0,8.0
1792,8,8.0,0.0,5.0,-3.0,14.0,-5.0,4.0
1793,5,5.0,0.0,1.0,13.0,13.0,-10.0,7.0
1794,5,5.0,0.0,5.0,-7.0,-11.0,-8.0,-8.0
1795,5,5.0,0.0,8.0,4.0,-13.0,-2.0,-7.0
1796,9,9.0,0.0,-3.0,-8.0,-3.0,11.0,11.0
1797,4,4.0,0.0,12.0,11.0,-14.0,14.0,7.0
1798,9,9.0,0.0,-4.0,-14.0,9.0,-12.0,-10.0
1799,4,4.0,0.0,4.0,-13.0,7.0,-8.0,-6.0
1800,6,6.0,0.0,11.0,-3.0,-9.0,-8.0,7.0
1801,5,5.0,0.0,2.0,-6.0,13.0,13.0,13.0
1802,3,3.0,0.0,-2.0,-11.0,-3.0,4.0,-15.0
1803,4,4.0,0.0,-2.0,7.0,5.0,4.0,12.0
1804,5,5.0,0.0,14.0,-1.0,-10.0,11.0,-14.0
1805,6,6.0,0.0,7.0,-2.0,-7.0,4.0,-1.0
1806,4,4.0,0.0,3.0,10.0,-5.0,5.0,-12.0
1807,2,2.0,0.0,-2.0,0.0,6.0,11.0,3.0
1808,8,8.0,0.0,8.0,-5.0,11.0,-1.0,-7.0
1809,1,1.0,0.0,12.0,-12.0,-5.0,11.0,-3.0
1810,8,8.0,0.0,6.0,-14.0,0.0,-1.0,3.0
1811,7,7.0,0.0,-7.0,-12.0,-7.0,-14.0,-6.0
1812,7,7.0,0.0,-3.0,0.0,15.0,-13.0,-2.0
1813,2,2.0,0.0,0.0,7.0,5.0,-2.0,-1.0
1814,3,3.0,0.0,-11.0,-3.0,4.0,5.0,13.0
1815,7,7.0,0.0,-2.0,-1.0,3.0,14.0,7.0
1816,5,5.0,0.0,-9.0,-12.0,-6.0,1.0,5.0
1817,3,3.0,0.0,0.0,5.0,2.0,-9.0,-14.0
1818,7,7.0,0.0,-14.0,7.0,13.0,12.0,9.0
1819,3,3.0,0.0,-7.0,-15.0,10.0,-15.0,-2.0
1820,0,0.0,0.0,-14.0,3.0,-4.0,15.0,13.0
1821,5,5.0,0.0,-11.0,15.0,7.0,9.0,-14.0
1822,6,6.0,0.0,-15.0,-3.0,-11.0,0.0,11.0
1823,6,6.0,0.0,-8.0,-9.0,10.0,-8.0,-8.0
1824,4,4.0,0.0,-3.0,3.0,-10.0,7.0,-13.0
1825,6,6.0,0.0,-9.0,0.0,-4.0,15.0,1.0
1826,4,4.0,0.0,12.0,3.0,8.0,-11.0,8.0
1827,4,4.0,0.0,8.0,5.0,-14.0,-11.0,-10.0
1828,8,8.0,0.0,15.0,12.0,6.0,-2.0,-7.0
1829,9,9.0,0.0,8.0,-1.0,-2.0,5.0,-8.0
1830,4,4.0,0.0,5.0,-14.0,-13.0,-3.0,-15.0
1831,4,4.0,0.0,-11.0,8.0,13.0,-3.0,1.0
1832,6,6.0,0.0,8.0,-6.0,10.0,11.0,15.0
1833,5,5.0,0.0,2.0,-9.0,11.0,0.0,1.0
1834,5,5.0,0.0,5.0,8.0,-13.0,5.0,-11.0
1835,4,4.0,0.0,-15.0,3.0,-13.0,-11.0,2.0
1836,4,4.0,0.0,11.0,10.0,-10.0,-13.0,12.0
1837,5,5.0,0.0,-6.0,-10.0,-14.0,8.0,0.0
1838,5,5.0,0.0,0.0,1.0,12.0,-2.0,-15.0
1839,3,3.0,0.0,11.0,11.0,-4.0,-10.0,8.0
1840,1,1.0,0.0,4.0,-10.0,-5.0,-8.0,-3.0
1841,4,4.0,0.0,-6.0,12.0,7.0,-4.0,-15.0
1842,5,5.0,0.0,8.0,12.0,6.0,-7.0,-15.0
1843,7,7.0,0.0,-6.0,0.0,-5.0,10.0,-11.0
1844,5,5.0,0.0,1.0,14.0,0.0,9.0,-1.0
1845,4,4.0,0.0,0.0,-4.0,11.0,2.0,11.0
1846,3,3.0,0.0,-1.0,15.0,10.0,10.0,13.0
1847,5,5.0,0.0,-9.0,10.0,7.0,0.0,-9.0
1848,4,4.0,0.0,12.0,-11.0,5.0,-6.0,15.0
1849,7,7.0,0.0,-3.0,7.0,-11.0,15.0,-4.0
1850,9,9.0,0.0,-12.0,-15.0,-8.0,-9.0,-6.0
1851,5,5.0,0.0,13.0,-12.0,13.0,-3.0,-5.0
1852,6,6.0,0.0,-2.0,3.0,-3.0,-10.0,-13.0
1853,8,8.0,0.0,9.0,-5.0,-15.0,4.0,-4.0
1854,1,1.0,0.0,-3.0,-11.0,-1.0,11.0,-1.0
1855,7,7.0,0.0,-7.0,-11.0,1.0,-7.0,6.0
1856,4,4.0,0.0,-2.0,2.0,-3.0,12.0,13.0
1857,4,4.0,0.0,-9.0,15.0,14.0,9.0,-3.0
1858,8,8.0,0.0,-14.0,-6.0,11.0,-8.0,-1.0
1859,9,9.0,0.0,13.0,6.0,1.0,3.0,-1.0
1860,5,5.0,0.0,-14.0,0.0,9.0,-12.0,13.0
1861,0,0.0,0.0,9.0,4.0,1.0,-11.0,-6.0
1862,2,2.0,0.0,-11.0,-5.0,-12.0,2.0,5.0
1863,6,6.0,0.0,-14.0,10.0,5.0,-10.0,11.0
1864,6,6.0,0.0,5.0,13.0,9.0,3.0,1.0
1865,3,3.0,0.0,11.0,12.0,9.0,-13.0,15.0
1866,3,3.0,0.0,-5.0,-15.0,-2.0,-11.0,-13.0
1867,7,7.0,0.0,-8.0,-10.0,-13.0,0.0,4.0
1868,4,4.0,0.0,7.0,14.0,10.0,12.0,4.0
1869,4,4.0,0.0,5.0,10.0,13.0,-8.0,-6.0
1870,2,2.0,0.0,-9.0,5.0,-3.0,-12.0,-7.0
1871,6,6.0,0.0,1.0,11.0,-3.0,-12.0,5.0
1872,3,3.0,0.0,13.0,-10.0,15.0,1.0,-11.0
1873,2,2.0,0.0,14.0,9.0,-3.0,-5.0,-10.0
1874,4,4.0,0.0,-1.0,7.0,-8.0,-14.0,4.0
1875,9,9.0,0.0,15.0,-6.0,-9.0,-3.0,2.0
1876,5,5.0,0.0,-8.0,12.0,-15.0,0.0,-6.0
1877,8,8.0,0.0,13.0,6.0,4.0,-6.0,-2.0
1878,6,6.0,0.0,9.0,-5.0,9.0,14.0,14.0
1879,5,5.0,0.0,6.0,-6.0,3.0,-13.0,4.0
1880,10,10.0,0.0,-2.0,10.0,-6.0,3.0,-12.0
1881,4,4.0,0.0,5.0,-14.0,-5.0,9.0,1.0
1882,9,9.0,0.0,-3.0,-3.0,-12.0,-3.0,-9.0
1883,6,6.0,0.0,4.0,-13.0,1.0,11.0,13.0
1884,8,8.0,0.0,15.0,-7.0,-5.0,5.0,5.0
1885,7,7.0,0.0,-2.0,14.0,3.0,-8.0,-4.0
1886,3,3.0,0.0,12.0,12.0,15.0,-9.0,12.0
1887,6,6.0,0.0,-6.0,-6.0,-10.0,-9.0,3.0
1888,10,10.0,0.0,-4.0,11.0,12.0,5.0,-4.0
1889,3,3.0,0.0,-5.0,5.0,12.0,-4.0,3.0
1890,5,5.0,0.0,-2.0,-15.0,-9.0,10.0,-1.0
1891,7,7.0,0.0,-1.0,-13.0,14.0,-3.0,-10.0
1892,3,3.0,0.0,-2.0,10.0,-3.0,0.0,-12.0
1893,6,6.0,0.0,-5.0,-2.0,5.0,-2.0,-7.0
1894,2,2.0,0.0,-11.0,9.0,0.0,-14.0,-8.0
1895,6,6.0,0.0,4.0,-12.0,-15.0,-12.0,13.0
1896,6,6.0,0.0,9.0,-3.0,12.0,9.0,-11.0
1897,2,2.0,0.0,13.0,-10.0,-13.0,0.0,-4.0
1898,4,4.0,0.0,-7.0,10.0,0.0,9.0,-12.0
1899,5,5.0,0.0,-9.0,6.0,-14.0,9.0,14.0
1900,4,4.0,0.0,-2.0,-12.0,3.0,-13.0,10.0
1901,6,6.0,0.0,11.0,4.0,0.0,13.0,1.0
1902,6,6.0,0.0,8.0,-15.0,15.0,4.0,-10.0
1903,4,4.0,0.0,-5.0,-7.0,8.0,3.0,2.0
1904,7,7.0,0.0,-4.0,-10.0,-13.0,-2.0,6.0
1905,4,4.0,0.0,13.0,4.0,-10.0,5.0,0.0
1906,3,3.0,0.0,7.0,10.0,4.0,7.0,-13.0
1907,4,4.0,0.0,-3.0,10.0,0.0,15.0,-1.0
1908,0,0.0,0.0,-10.0,-2.0,-3.0,8.0,-3.0
1909,4,4.0,0.0,-8.0,13.0,-13.0,-12.0,-12.0
1910,5,5.0,0.0,11.0,-10.0,-7.0,-15.0,14.0
1911,5,5.0,0.0,12.0,13.0,-4.0,5.0,10.0
1912,7,7.0,0.0,8.0,-3.0,-6.0,2.0,0.0
1913,4,4.0,0.0,-5.0,-14.0,13.0,-15.0,8.0
1914,3,3.0,0.0,-11.0,-3.0,3.0,6.0,3.0
1915,7,7.0,0.0,3.0,4.0,-2.0,1.0,11.0
1916,4,4.0,0.0,-12.0,-14.0,0.0,11.0,-13.0
1917,4,4.0,0.0,-7.0,-14.0,8.0,-8.0,8.0
1918,4,4.0,0.0,13.0,7.0,2.0,-9.0,4.0
1919,3,3.0,0.0,-13.0,-12.0,-15.0,-2.0,4.0
1920,7,7.0,0.0,-3.0,12.0,2.0,7.0,5.0
1921,4,4.0,0.0,-5.0,-15.0,-8.0,2.0,3.0
1922,3,3.0,0.0,3.0,-11.0,2.0,-7.0,3.0
1923,6,6.0,0.0,6.0,-2.0,2.0,-9.0,6.0
1924,4,4.0,0.0,5.0,1.0,-9.0,-6.0,-1.0
1925,5,5.0,0.0,-13.0,-8.0,-12.0,-12.0,2.0
1926,8,8.0,0.0,-11.0,7.0,10.0,6.0,5.0
1927,7,7.0,0.0,3.0,-12.0,8.0,5.0,0.0
1928,6,6.0,0.0,-15.0,-10.0,-13.0,-8.0,-5.0
1929,5,5.0,0.0,1.0,2.0,1.0,2.0,-3.0
1930,6,6.0,0.0,-4.0,3.0,2.0,2.0,14.0
1931,5,5.0,0.0,-14.0,13.0,10.0,1.0,-7.0
1932,5,5.0,0.0,7.0,11.0,3.0,-13.0,1.0
1933,7,7.0,0.0,4.0,1.0,11.0,8.0,-4.0
1934,6,6.0,0.0,-11.0,-1.0,11.0,-9.0,5.0
1935,4,4.0,0.0,0.0,-1.0,1.0,-7.0,14.0
1936,5,5.0,0.0,-8.0,11.0,4.0,-14.0,15.0
1937,4,4.0,0.0,-13.0,10.0,6.0,12.0,15.0
1938,7,7.0,0.0,-1.0,-9.0,-4.0,-3.0,-11.0
1939,8,8.0,0.0,-1.0,5.0,-4.0,-2.0,13.0
1940,5,5.0,0.0,-10.0,4.0,-14.0,13.0,-12.0
1941,6,6.0,0.0,7.0,-10.0,-6.0,15.0,-6.0
1942,4,4.0,0.0,-12.0,-14.0,-4.0,11.0,0.0
1943,4,4.0,0.0,15.0,14.0,-4.0,2.0,-2.0
1944,7,7.0,0.0,6.0,14.0,-8.0,-3.0,9.0
1945,8,8.0,0.0,-6.0,-5.0,-4.0,-11.0,10.0
1946,5,5.0,0.0,2.0,-7.0,3.0,-7.0,1.0
1947,5,5.0,0.0,-4.0,-3.0,-7.0,-15.0,15.0
1948,4,4.0,0.0,-10.0,12.0,-1.0,7.0,-3.0
1949,8,8.0,0.0,1.0,-6.0,-15.0,12.0,-2.0
1950,9,9.0,0.0,-9.0,-2.0,-15.0,-9.0,-4.0
1951,6,6.0,0.0,-7.0,5.0,-2.0,15.0,7.0
1952,6,6.0,0.0,-7.0,1.0,3.0,-13.0,-6.0
1953,2,2.0,0.0,3.0,3.0,-15.0,11.0,15.0
1954,8,8.0,0.0,14.0,6.0,-4.0,-8.0,13.0
1955,1,1.0,0.0,-12.0,5.0,-14.0,-3.0,-12.0
1956,4,4.0,0.0,10.0,-1.0,3.0,-9.0,-1.0
1957,2,2.0,0.0,-2.0,-13.0,-5.0,7.0,7.0
1958,4,4.0,0.0,-11.0,1.0,9.0,-2.0,-3.0
1959,2,2.0,0.0,13.0,0.0,-15.0,-13.0,3.0
1960,6,6.0,0.0,14.0,12.0,6.0,-13.0,-3.0
1961,6,6.0,0.0,3.0,3.0,-3.0,-4.0,13.0
1962,4,4.0,0.0,-6.0,3.0,-10.0,10.0,10.0
1963,4,4.0,0.0,10.0,-6.0,8.0,13.0,-9.0
1964,4,4.0,0.0,-8.0,-13.0,-1.0,-11.0,-3.0
1965,9,9.0,0.0,2.0,-5.0,4.0,13.0,7.0
1966,3,3.0,0.0,-3.0,14.0,-4.0,-13.0,-2.0
1967,4,4.0,0.0,-9.0,15.0,-14.0,3.0,-8.0
1968,3,3.0,0.0,6.0,-13.0,10.0,-12.0,-12.0
1969,8,8.0,0.0,9.0,-6.0,0.0,14.0,11.0
1970,6,6.0,0.0,-3.0,1.0,-7.0,10.0,-14.0
1971,4,4.0,0.0,-14.0,-6.0,-10.0,-8.0,11.0
1972,4,4.0,0.0,-14.0,14.0,-9.0,7.0,11.0
1973,5,5.0,0.0,-15.0,3.0,1.0,1.0,-6.0
1974,3,3.0,0.0,12.0,7.0,-15.0,-10.0,14.0
1975,7,7.0,0.0,-13.0,15.0,5.0,-2.0,-3.0
1976,8,8.0,0.0,7.0,2.0,-10.0,11.0,5.0
1977,5,5.0,0.0,1.0,8.0,-1.0,-9.0,8.0
1978,5,5.0,0.0,-7.0,-11.0,-5.0,-7.0,8.0
1979,3,3.0,0.0,4.0,-1.0,-2.0,0.0,11.0
1980,3,3.0,0.0,-12.0,15.0,-11.0,12.0,-2.0
1981,4,4.0,0.0,-6.0,2.0,-11.0,9.0,1.0
1982,3,3.0,0.0,8.0,-8.0,13.0,14.0,-12.0
1983,3,3.0,0.0,12.0,2.0,-10.0,-12.0,8.0
1984,7,7.0,0.0,0.0,-14.0,5.0,8.0,15.0
1985,4,4.0,0.0,0.0,-15.0,-11.0,-5.0,10.0
1986,2,2.0,0.0,-3.0,14.0,3.0,0.0,3.0
1987,5,5.0,0.0,6.0,-10.0,-5.0,14.0,-1.0
1988,4,4.0,0.0,7.0,5.0,11.0,14.0,11.0
1989,9,9.0,0.0,-3.0,7.0,2.0,15.0,8.0
1990,9,9.0,0.0,15.0,-15.0,-3.0,1.0,-9.0
1991,5,5.0,0.0,7.0,13.0,12.0,10.0,-5.0
1992,3,3.0,0.0,12.0,4.0,-5.0,11.0,-1.0
1993,7,7.0,0.0,-15.0,-11.0,-4.0,10.0,0.0
1994,7,7.0,0.0,-7.0,-8.0,4.0,-13.0,13.0
1995,6,6.0,0.0,14.0,-5.0,5.0,8.0,11.0
1996,6,6.0,0.0,-4.0,5.0,1.0,-7.0,-8.0
1997,7,7.0,0.0,13.0,0.0,6.0,1.0,-14.0
1998,7,7.0,0.0,-4.0,10.0,-8.0,-8.0,14.0
1999,5,5.0,0.0,5.0,4.0,9.0,4.0,-5.0
2000,5,5.0,0.0,-15.0,-3.0,-5.0,8.0,0.0
2001,7,7.0,0.0,1.0,14.0,0.0,-4.0,3.0
2002,3,3.0,0.0,9.0,-10.0,-14.0,7.0,-8.0
2003,2,2.0,0.0,-4.0,-5.0,-10.0,-6.0,-6.0
2004,3,3.0,0.0,14.0,-2.0,-3.0,-13.0,13.0
2005,7,7.0,0.0,11.0,9.0,8.0,6.0,9.0
2006,7,7.0,0.0,5.0,-10.0,1.0,-10.0,-7.0
2007,5,5.0,0.0,2.0,-14.0,-8.0,-10.0,-12.0
2008,3,3.0,0.0,-5.0,-7.0,-7.0,11.0,12.0
2009,2,2.0,0.0,-6.0,-9.0,9.0,-5.0,10.0
2010,5,5.0,0.0,5.0,0.0,5.0,-5.0,14.0
2011,10,10.0,0.0,12.0,8.0,11.0,10.0,1.0
2012,3,3.0,0.0,-13.0,-7.0,3.0,2.0,-1.0
2013,5,5.0,0.0,15.0,-13.0,7.0,7.0,13.0
2014,5,5.0,0.0,-1.0,12.0,5.0,9.0,5.0
2015,7,7.0,0.0,9.0,-1.0,-9.0,-5.0,-12.0
2016,5,5.0,0.0,-2.0,-15.0,13.0,13.0,-15.0
2017,3,3.0,0.0,12.0,2.0,2.0,6.0,4.0
2018,8,8.0,0.0,-15.0,15.0,14.0,-12.0,2.0
2019,4,4.0,0.0,-15.0,10.0,4.0,-6.0,-9.0
2020,4,4.0,0.0,-1.0,0.0,6.0,0.0,15.0
2021,4,4.0,0.0,-1.0,-6.0,10.0,-5.0,-11.0
2022,5,5.0,0.0,4.0,-13.0,-14.0,2.0,15.0
2023,0,0.0,0.0,12.0,-2.0,-15.0,2.0,8.0
2024,3,3.0,0.0,-12.0,1.0,-10.0,12.0,0.0
2025,5,5.0,0.0,-1.0,15.0,-8.0,10.0,0.0
2026,3,3.0,0.0,-14.0,8.0,-14.0,11.0,9.0
2027,4,4.0,0.0,14.0,2.0,-5.0,13.0,-13.0
2028,6,6.0,0.0,6.0,-15.0,9.0,-4.0,-5.0
2029,4,4.0,0.0,-2.0,-14.0,-4.0,4.0,-11.0
2030,7,7.0,0.0,-15.0,0.0,10.0,14.0,11.0
2031,4,4.0,0.0,-3.0,-1.0,-7.0,6.0,4.0
2032,3,3.0,0.0,-5.0,-10.0,-14.0,-9.0,-14.0
2033,3,3.0,0.0,-11.0,-5.0,13.0,4.0,5.0
2034,8,8.0,0.0,7.0,1.0,-4.0,-14.0,0.0
2035,6,6.0,0.0,-4.0,7.0,-14.0,-10.0,6.0
2036,7,7.0,0.0,-13.0,6.0,-11.0,13.0,-13.0
2037,5,5.0,0.0,-9.0,5.0,0.0,6.0,13.0
2038,2,2.0,0.0,10.0,9.0,7.0,-9.0,7.0
2039,7,7.0,0.0,7.0,-3.0,-12.0,-9.0,-9.0
2040,6,6.0,0.0,13.0,9.0,10.0,-15.0,0.0
2041,2,2.0,0.0,15.0,7.0,-10.0,0.0,0.0
2042,8,8.0,0.0,12.0,13.0,-7.0,7.0,-6.0
2043,4,4.0,0.0,-9.0,1.0,14.0,10.0,15.0
2044,2,2.0,0.0,-1.0,-8.0,-5.0,-7.0,-7.0
2045,4,4.0,0.0,-9.0,10.0,7.0,6.0,-2.0
2046,6,6.0,0.0,-13.0,2.0,0.0,2.0,4.0
2047,4,4.0,0.0,4.0,1.0,-10.0,15.0,2.0
2048,6,6.0,0.0,8.0,-15.0,14.0,13.0,-5.0
2049,3,3.0,0.0,-9.0,-4.0,-8.0,-4.0,-14.0
2050,8,8.0,0.0,-8.0,-1.0,14.0,-9.0,-12.0
2051,2,2.0,0.0,-6.0,9.0,-6.0,-15.0,6.0
2052,7,7.0,0.0,8.0,-14.0,-5.0,-11.0,-10.0
2053,7,7.0,0.0,3.0,-6.0,-1.0,3.0,-5.0
2054,0,0.0,0.0,-14.0,6.0,12.0,7.0,2.0
2055,6,6.0,0.0,-14.0,7.0,15.0,-1.0,11.0
2056,3,3.0,0.0,2.0,13.0,-8.0,7.0,-4.0
2057,2,2.0,0.0,-1.0,5.0,13.0,1.0,3.0
2058,5,5.0,0.0,-12.0,13.0,-13.0,1.0,14.0
2059,5,5.0,0.0,4.0,7.0,5.0,-15.0,-12.0
2060,0,0.0,0.0,-14.0,-5.0,-2.0,-5.0,-12.0
2061,8,8.0,0.0,-14.0,6.0,2.0,15.0,12.0
2062,8,8.0,0.0,-7.0,-3.0,-11.0,8.0,15.0
2063,1,1.0,0.0,-2.0,-11.0,2.0,12.0,2.0
2064,4,4.0,0.0,-8.0,5.0,-2.0,-3.0,12.0
2065,2,2.0,0.0,13.0,15.0,-2.0,8.0,10.0
2066,4,4.0,0.0,-7.0,4.0,8.0,13.0,2.0
2067,5,5.0,0.0,-5.0,14.0,3.0,10.0,-3.0
2068,4,4.0,0.0,-2.0,14.0,1.0,12.0,-6.0
2069,4,4.0,0.0,-5.0,14.0,8.0,3.0,-8.0
2070,7,7.0,0.0,2.0,-7.0,-15.0,13.0,3.0
2071,8,8.0,0.0,0.0,15.0,-10.0,-11.0,14.0
2072,3,3.0,0.0,5.0,-15.0,3.0,-3.0,-13.0
2073,8,8.0,0.0,-10.0,-2.0,8.0,9.0,-7.0
2074,6,6.0,0.0,-15.0,6.0,5.0,5.0,13.0
2075,4,4.0,0.0,-5.0,10.0,12.0,-5.0,-1.0
2076,4,4.0,0.0,-7.0,6.0,-12.0,-3.0,-6.0
2077,5,5.0,0.0,9.0,13.0,3.0,11.0,-3.0
2078,6,6.0,0.0,-7.0,11.0,-2.0,11.0,5.0
2079,6,6.0,0.0,4.0,14.0,0.0,7.0,-4.0
2080,7,7.0,0.0,-14.0,-4.0,-11.0,-2.0,-12.0
2081,2,2.0,0.0,9.0,9.0,2.0,-12.0,-6.0
2082,6,6.0,0.0,-10.0,-3.0,1.0,-12.0,-12.0
2083,0,0.0,0.0,-2.0,4.0,-9.0,-6.0,-1.0
2084,8,8.0,0.0,5.0,-5.0,-9.0,6.0,-9.0
2085,4,4.0,0.0,3.0,9.0,-8.0,1.0,15.0
2086,7,7.0,0.0,-1.0,-9.0,14.0,5.0,5.0
2087,3,3.0,0.0,-14.0,-7.0,9.0,9.0,-12.0
2088,4,4.0,0.0,-12.0,13.0,2.0,7.0,8.0
2089,6,6.0,0.0,-5.0,-12.0,15.0,-14.0,-12.0
2090,6,6.0,0.0,-6.0,9.0,9.0,-1.0,-13.0
2091,3,3.0,0.0,4.0,14.0,-4.0,-1.0,-4.0
2092,4,4.0,0.0,-6.0,-15.0,7.0,-6.0,-10.0
2093,5,5.0,0.0,3.0,14.0,-8.0,10.0,11.0
2094,7,7.0,0.0,11.0,6.0,2.0,-8.0,10.0
2095,5,5.0,0.0,-3.0,6.0,5.0,-14.0,-15.0
2096,2,2.0,0.0,5.0,11.0,8.0,7.0,3.0
2097,3,3.0,0.0,-4.0,7.0,-12.0,1.0,10.0
2098,4,4.0,0.0,-13.0,11.0,0.0,7.0,0.0
2099,8,8.0,0.0,10.0,11.0,-10.0,-3.0,-3.0
2100,4,4.0,0.0,1.0,10.0,11.0,-8.0,13.0
2101,4,4.0,0.0,12.0,-15.0,-2.0,-13.0,-14.0
2102,7,7.0,0.0,0.0,12.0,4.0,15.0,-11.0
2103,3,3.0,0.0,0.0,11.0,5.0,6.0,0.0
2104,4,4.0,0.0,6.0,-11.0,2.0,4.0,-10.0
2105,8,8.0,0.0,15.0,6.0,14.0,14.0,-5.0
2106,5,5.0,0.0,-11.0,-2.0,6.0,-8.0,8.0
2107,9,9.0,0.0,-6.0,15.0,-1.0,-10.0,-9.0
2108,6,6.0,0.0,-10.0,12.0,-8.0,1.0,15.0
2109,8,8.0,0.0,-6.0,-12.0,14.0,-7.0,12.0
2110,5,5.0,0.0,-3.0,4.0,-13.0,12.0,7.0
2111,1,1.0,0.0,8.0,14.0,12.0,1.0,-5.0
2112,2,2.0,0.0,-5.0,1.0,8.0,-1.0,1.0
2113,5,5.0,0.0,7.0,6.0,-2.0,-5.0,5.0
2114,3,3.0,0.0,-3.0,-10.0,-13.0,8.0,-11.0
2115,4,4.0,0.0,-1.0,1.0,6.0,11.0,5.0
2116,3,3.0,0.0,1.0,6.0,-1.0,13.0,8.0
2117,7,7.0,0.0,-12.0,-9.0,15.0,6.0,-12.0
2118,9,9.0,0.0,-5.0,5.0,3.0,-10.0,-2.0
2119,4,4.0,0.0,-5.0,-6.0,-15.0,4.0,4.0
2120,4,4.0,0.0,-3.0,-8.0,-10.0,-6.0,-15.0
2121,4,4.0,0.0,9.0,0.0,2.0,-1.0,3.0
2122,5,5.0,0.0,-6.0,7.0,14.0,9.0,-6.0
2123,6,6.0,0.0,13.0,7.0,0.0,-12.0,-2.0
2124,5,5.0,0.0,-6.0,10.0,8.0,-13.0,-4.0
2125,9,9.0,0.0,13.0,12.0,-4.0,-14.0,3.0
2126,5,5.0,0.0,7.0,5.0,3.0,11.0,12.0
2127,5,5.0,0.0,-14.0,3.0,-13.0,2.0,13.0
2128,7,7.0,0.0,11.0,-12.0,2.0,-3.0,-11.0
2129,4,4.0,0.0,12.0,-1.0,-2.0,2.0,-13.0
2130,5,5.0,0.0,-4.0,-10.0,-14.0,-14.0,1.0
2131,9,9.0,0.0,-5.0,-3.0,-4.0,8.0,0.0
2132,4,4.0,0.0,0.0,-10.0,10.0,-13.0,7.0
2133,5,5.0,0.0,9.0,2.0,0.0,-13.0,-3.0
2134,7,7.0,0.0,-4.0,10.0,1.0,12.0,-7.0
2135,5,5.0,0.0,-2.0,-11.0,-8.0,0.0,2.0
2136,5,5.0,0.0,9.0,-13.0,-14.0,-7.0,0.0
2137,8,8.0,0.0,-11.0,-10.0,-4.0,14.0,6.0
2138,3,3.0,0.0,-15.0,5.0,14.0,11.0,2.0
2139,3,3.0,0.0,11.0,15.0,-8.0,-5.0,5.0
2140,8,8.0,0.0,7.0,-8.0,12.0,6.0,11.0
2141,8,8.0,0.0,7.0,-7.0,15.0,-13.0,-6.0
2142,7,7.0,0.0,-7.0,14.0,-4.0,12.0,-1.0
2143,6,6.0,0.0,4.0,-10.0,-8.0,8.0,-15.0
2144,4,4.0,0.0,-10.0,8.0,15.0,-12.0,4.0
2145,6,6.0,0.0,10.0,-10.0,6.0,-1.0,4.0
2146,5,5.0,0.0,-2.0,3.0,9.0,-11.0,-12.0
2147,9,9.0,0.0,-5.0,2.0,4.0,-12.0,8.0
2148,1,1.0,0.0,-13.0,-8.0,11.0,12.0,14.0
2149,7,7.0,0.0,2.0,10.0,-8.0,0.0,11.0
2150,5,5.0,0.0,11.0,13.0,-15.0,-11.0,5.0
2151,9,9.0,0.0,7.0,-7.0,-8.0,8.0,14.0
2152,3,3.0,0.0,-13.0,4.0,15.0,7.0,10.0
2153,4,4.0,0.0,3.0,15.0,-7.0,-5.0,4.0
2154,3,3.0,0.0,-13.0,15.0,-9.0,5.0,14.0
2155,1,1.0,0.0,8.0,6.0,5.0,-12.0,-9.0
2156,4,4.0,0.0,-3.0,3.0,0.0,6.0,-3.0
2157,3,3.0,0.0,8.0,6.0,-8.0,15.0,-11.0
2158,5,5.0,0.0,3.0,10.0,11.0,5.0,-12.0
2159,3,3.0,0.0,6.0,-4.0,-6.0,1.0,-13.0
2160,6,6.0,0.0,8.0,13.0,14.0,4.0,-9.0
2161,7,7.0,0.0,4.0,0.0,11.0,-10.0,2.0
2162,6,6.0,0.0,-9.0,10.0,-6.0,-12.0,-12.0
2163,4,4.0,0.0,-10.0,12.0,2.0,12.0,4.0
2164,2,2.0,0.0,-2.0,-6.0,-10.0,-8.0,15.0
2165,3,3.0,0.0,3.0,1.0,-11.0,-3.0,0.0
2166,4,4.0,0.0,-14.0,-6.0,15.0,14.0,14.0
2167,2,2.0,0.0,-10.0,-15.0,7.0,4.0,-15.0
2168,6,6.0,0.0,10.0,5.0,-10.0,-1.0,10.0
2169,5,5.0,0.0,5.0,12.0,-2.0,1.0,-6.0
2170,3,3.0,0.0,4.0,5.0,5.0,-8.0,-12.0
2171,7,7.0,0.0,-6.0,-9.0,-10.0,-7.0,-10.0
2172,5,5.0,0.0,-5.0,-3.0,10.0,-4.0,-13.0
2173,7,7.0,0.0,-3.0,-1.0,7.0,-14.0,15.0
2174,4,4.0,0.0,-14.0,6.0,3.0,-15.0,10.0
2175,4,4.0,0.0,9.0,-2.0,11.0,-4.0,0.0
2176,4,4.0,0.0,-5.0,-4.0,1.0,-3.0,4.0
2177,5,5.0,0.0,8.0,7.0,11.0,4.0,1.0
2178,5,5.0,0.0,-8.0,15.0,0.0,-13.0,5.0
2179,7,7.0,0.0,5.0,4.0,-3.0,7.0,14.0
2180,2,2.0,0.0,-13.0,-14.0,5.0,3.0,6.0
2181,1,1.0,0.0,9.0,10.0,3.0,0.0,2.0
2182,4,4.0,0.0,15.0,-10.0,12.0,-3.0,-13.0
2183,7,7.0,0.0,4.0,0.0,-2.0,14.0,6.0
2184,6,6.0,0.0,11.0,-14.0,-11.0,-9.0,-6.0
2185,5,5.0,0.0,15.0,4.0,4.0,-10.0,-5.0
2186,6,6.0,0.0,14.0,11.0,-11.0,6.0,-8.0
2187,4,4.0,0.0,1.0,-10.0,-12.0,-8.0,-8.0
2188,7,7.0,0.0,-5.0,12.0,15.0,7.0,-5.0
2189,5,5.0,0.0,11.0,12.0,-6.0,4.0,-13.0
2190,6,6.0,0.0,6.0,0.0,1.0,10.0,12.0
2191,8,8.0,0.0,-3.0,-9.0,-8.0,1.0,11.0
2192,4,4.0,0.0,-4.0,11.0,-13.0,-7.0,-5.0
2193,6,6.0,0.0,4.0,11.0,-10.0,5.0,-8.0
2194,6,6.0,0.0,6.0,2.0,2.0,-10.0,6.0
2195,5,5.0,0.0,10.0,0.0,-8.0,8.0,-1.0
2196,6,6.0,0.0,-9.0,4.0,10.0,-9.0,10.0
2197,6,6.0,0.0,12.0,-6.0,0.0,9.0,5.0
2198,9,9.0,0.0,3.0,13.0,4.0,-6.0,4.0
2199,3,3.0,0.0,7.0,0.0,-5.0,1.0,13.0
2200,6,6.0,0.0,-15.0,-2.0,15.0,15.0,-4.0
2201,6,6.0,0.0,-13.0,-9.0,-14.0,0.0,-6.0
2202,6,6.0,0.0,-5.0,-15.0,10.0,1.0,15.0
2203,9,9.0,0.0,-9.0,-7.0,-7.0,-8.0,-1.0
2204,3,3.0,0.0,-4.0,-4.0,-5.0,14.0,14.0
2205,3,3.0,0.0,-12.0,-13.0,15.0,-10.0,15.0
2206,8,8.0,0.0,11.0,0.0,10.0,-1.0,-9.0
2207,3,3.0,0.0,10.0,-9.0,-5.0,1.0,-2.0
2208,2,2.0,0.0,15.0,-9.0,-9.0,-10.0,-12.0
2209,5,5.0,0.0,13.0,-14.0,2.0,0.0,14.0
2210,5,5.0,0.0,4.0,-2.0,-4.0,-12.0,-12.0
2211,6,6.0,0.0,14.0,0.0,0.0,12.0,12.0
2212,5,5.0,0.0,-4.0,-12.0,-4.0,8.0,7.0
2213,3,3.0,0.0,-8.0,8.0,13.0,9.0,7.0
2214,5,5.0,0.0,-13.0,3.0,2.0,6.0,4.0
2215,10,10.0,0.0,-7.0,-4.0,-8.0,-7.0,3.0
2216,5,5.0,0.0,-4.0,10.0,-12.0,10.0,-10.0
2217,4,4.0,0.0,-14.0,11.0,6.0,-4.0,-2.0
2218,9,9.0,0.0,5.0,14.0,6.0,-13.0,-4.0
2219,5,5.0,0.0,-11.0,14.0,-13.0,1.0,10.0
2220,5,5.0,0.0,-1.0,0.0,1.0,6.0,7.0
2221,5,5.0,0.0,-5.0,2.0,-2.0,-13.0,-2.0
2222,6,6.0,0.0,13.0,-11.0,6.0,-4.0,-8.0
2223,5,5.0,0.0,-4.0,-2.0,-14.0,15.0,4.0
2224,4,4.0,0.0,15.0,15.0,-11.0,1.0,-9.0
2225,3,3.0,0.0,-15.0,-4.0,-2.0,-11.0,13.0
2226,8,8.0,0.0,10.0,14.0,9.0,-15.0,-14.0
2227,6,6.0,0.0,-5.0,-12.0,12.0,11.0,2.0
2228,7,7.0,0.0,4.0,13.0,0.0,5.0,9.0
2229,6,6.0,0.0,10.0,12.0,-6.0,-5.0,-12.0
2230,8,8.0,0.0,11.0,-3.0,11.0,-12.0,-12.0
2231,5,5.0,0.0,3.0,-5.0,-10.0,-8.0,12.0
2232,3,3.0,0.0,2.0,-14.0,-7.0,-2.0,12.0
2233,4,4.0,0.0,6.0,0.0,3.0,0.0,7.0
2234,7,7.0,0.0,7.0,-3.0,-4.0,-14.0,-7.0
2235,6,6.0,0.0,8.0,6.0,1.0,11.0,0.0
2236,4,4.0,0.0,14.0,-12.0,12.0,11.0,13.0
2237,1,1.0,0.0,11.0,-8.0,9.0,2.0,12.0
2238,6,6.0,0.0,-4.0,-2.0,-8.0,-5.0,-1.0
2239,7,7.0,0.0,-2.0,10.0,1.0,-7.0,-14.0
2240,6,6.0,0.0,7.0,-1.0,-10.0,-14.0,-4.0
2241,5,5.0,0.0,-3.0,10.0,6.0,-7.0,-11.0
2242,3,3.0,0.0,-5.0,1.0,6.0,4.0,-14.0
2243,10,10.0,0.0,2.0,-13.0,4.0,-13.0,-11.0
2244,5,5.0,0.0,-12.0,1.0,-1.0,8.0,11.0
2245,5,5.0,0.0,12.0,-3.0,5.0,11.0,4.0
2246,4,4.0,0.0,-15.0,9.0,-11.0,-15.0,-1.0
2247,8,8.0,0.0,9.0,12.0,-9.0,-12.0,7.0
2248,4,4.0,0.0,-2.0,5.0,4.0,13.0,-2.0
2249,2,2.0,0.0,12.0,0.0,-7.0,0.0,3.0
2250,5,5.0,0.0,-3.0,11.0,11.0,0.0,-11.0
2251,9,9.0,0.0,1.0,-9.0,14.0,-12.0,1.0
2252,6,6.0,0.0,-7.0,-11.0,8.0,-14.0,0.0
2253,7,7.0,0.0,-11.0,-9.0,8.0,6.0,5.0
2254,4,4.0,0.0,-1.0,0.0,6.0,-15.0,-14.0
2255,4,4.0,0.0,5.0,7.0,-5.0,11.0,-5.0
2256,4,4.0,0.0,3.0,10.0,2.0,-3.0,-10.0
2257,8,8.0,0.0,7.0,-14.0,3.0,-10.0,-10.0
2258,6,6.0,0.0,-12.0,1.0,-9.0,0.0,0.0
2259,1,1.0,0.0,5.0,15.0,-9.0,13.0,-15.0
2260,1,1.0,0.0,-12.0,1.0,-10.0,-4.0,13.0
2261,6,6.0,0.0,-11.0,4.0,3.0,5.0,8.0
2262,3,3.0,0.0,10.0,-13.0,-13.0,-8.0,0.0
2263,4,4.0,0.0,11.0,3.0,-9.0,3.0,3.0
2264,3,3.0,0.0,-4.0,1.0,15.0,-9.0,-11.0
2265,7,7.0,0.0,-11.0,-1.0,-11.0,1.0,-9.0
2266,6,6.0,0.0,10.0,-1.0,12.0,3.0,-5.0
2267,5,5.0,0.0,8.0,6.0,1.0,3.0,-10.0
2268,3,3.0,0.0,5.0,1.0,-4.0,-3.0,10.0
2269,9,9.0,0.0,-11.0,5.0,2.0,9.0,-9.0
2270,5,5.0,0.0,15.0,1.0,-1.0,14.0,1.0
2271,7,7.0,0.0,-11.0,-9.0,1.0,14.0,6.0
2272,2,2.0,0.0,5.0,15.0,-1.0,-14.0,6.0
2273,4,4.0,0.0,6.0,15.0,2.0,-10.0,5.0
2274,1,1.0,0.0,-14.0,15.0,-3.0,5.0,15.0
2275,4,4.0,0.0,6.0,-10.0,-8.0,-8.0,-1.0
2276,5,5.0,0.0,-10.0,15.0,-15.0,-11.0,-2.0
2277,4,4.0,0.0,-2.0,-3.0,10.0,-13.0,-10.0
2278,0,0.0,0.0,7.0,-11.0,10.0,5.0,-7.0
2279,6,6.0,0.0,7.0,7.0,7.0,-3.0,-13.0
2280,6,6.0,0.0,8.0,11.0,-15.0,-12.0,10.0
2281,1,1.0,0.0,-6.0,-9.0,-14.0,-12.0,4.0
2282,7,7.0,0.0,-14.0,-11.0,7.0,7.0,-15.0
2283,3,3.0,0.0,-10.0,2.0,6.0,-7.0,6.0
2284,4,4.0,0.0,-14.0,-1.0,-6.0,-5.0,8.0
2285,4,4.0,0.0,-14.0,1.0,-14.0,3.0,-13.0
2286,4,4.0,0.0,-3.0,-14.0,-5.0,-5.0,5.0
2287,3,3.0,0.0,-9.0,-12.0,-12.0,0.0,6.0
2288,5,5.0,0.0,9.0,15.0,10.0,-3.0,14.0
2289,2,2.0,0.0,14.0,-15.0,-2.0,12.0,7.0
2290,6,6.0,0.0,-4.0,-1.0,-7.0,1.0,-9.0
2291,3,3.0,0.0,-11.0,-5.0,14.0,11.0,-5.0
2292,6,6.0,0.0,9.0,4.0,-5.0,5.0,-13.0
2293,8,8.0,0.0,15.0,-5.0,-7.0,-9.0,4.0
2294,6,6.0,0.0,-8.0,4.0,-9.0,-1.0,-12.0
2295,7,7.0,0.0,-6.0,-8.0,5.0,-9.0,-7.0
2296,5,5.0,0.0,5.0,-2.0,11.0,-4.0,6.0
2297,5,5.0,0.0,14.0,10.0,-4.0,7.0,-5.0
2298,7,7.0,0.0,-11.0,5.0,-15.0,6.0,-13.0
2299,7,7.0,0.0,-6.0,9.0,7.0,11.0,7.0
2300,5,5.0,0.0,-7.0,4.0,11.0,2.0,-7.0
2301,3,3.0,0.0,-14.0,-13.0,3.0,-7.0,1.0
2302,2,2.0,0.0,8.0,3.0,15.0,0.0,-1.0
2303,7,7.0,0.0,0.0,-14.0,-3.0,6.0,0.0
2304,4,4.0,0.0,-1.0,4.0,10.0,6.0,5.0
2305,6,6.0,0.0,-6.0,-2.0,-2.0,-13.0,-9.0
2306,4,4.0,0.0,3.0,13.0,-15.0,-5.0,15.0
2307,7,7.0,0.0,6.0,10.0,-14.0,2.0,15.0
2308,4,4.0,0.0,8.0,-13.0,12.0,-12.0,5.0
2309,4,4.0,0.0,7.0,13.0,-2.0,-5.0,-3.0
2310,5,5.0,0.0,-11.0,15.0,3.0,-1.0,-10.0
2311,6,6.0,0.0,0.0,-9.0,-12.0,9.0,3.0
2312,4,4.0,0.0,9.0,11.0,-4.0,-5.0,-7.0
2313,7,7.0,0.0,8.0,7.0,-1.0,-5.0,6.0
2314,2,2.0,0.0,5.0,-15.0,3.0,-4.0,-15.0
2315,5,5.0,0.0,9.0,11.0,-12.0,-7.0,9.0
2316,4,4.0,0.0,14.0,-9.0,13.0,12.0,9.0
2317,10,10.0,0.0,-15.0,4.0,-9.0,-5.0,5.0
2318,4,4.0,0.0,9.0,10.0,15.0,8.0,9.0
2319,5,5.0,0.0,8.0,-6.0,4.0,-8.0,13.0
2320,8,8.0,0.0,-6.0,1.0,-3.0,-10.0,-10.0
2321,5,5.0,0.0,0.0,-7.0,-6.0,-6.0,14.0
2322,6,6.0,0.0,5.0,11.0,-14.0,1.0,9.0
2323,4,4.0,0.0,15.0,-5.0,5.0,-12.0,3.0
2324,4,4.0,0.0,-1.0,10.0,-10.0,14.0,6.0
2325,5,5.0,0.0,6.0,-5.0,8.0,-3.0,6.0
2326,5,5.0,0.0,8.0,5.0,2.0,-14.0,-12.0
2327,3,3.0,0.0,-4.0,10.0,-9.0,-15.0,-15.0
2328,4,4.0,0.0,7.0,1.0,-14.0,-9.0,4.0
2329,5,5.0,0.0,10.0,-10.0,11.0,-6.0,7.0
2330,5,5.0,0.0,4.0,13.0,-12.0,-13.0,-14.0
2331,3,3.0,0.0,-7.0,11.0,-12.0,12.0,-2.0
2332,6,6.0,0.0,-6.0,15.0,-15.0,-13.0,1.0
2333,5,5.0,0.0,-14.0,13.0,-1.0,8.0,-10.0
2334,3,3.0,0.0,-7.0,6.0,-4.0,7.0,10.0
2335,5,5.0,0.0,-9.0,9.0,-9.0,15.0,15.0
2336,4,4.0,0.0,-1.0,-1.0,8.0,-1.0,-6.0
2337,8,8.0,0.0,10.0,12.0,11.0,15.0,-10.0
2338,3,3.0,0.0,6.0,-8.0,-12.0,0.0,-13.0
2339,6,6.0,0.0,2.0,-5.0,-12.0,11.0,3.0
2340,6,6.0,0.0,7.0,8.0,6.0,-13.0,-14.0
2341,3,3.0,0.0,13.0,-9.0,-1.0,5.0,14.0
2342,5,5.0,0.0,-7.0,-2.0,11.0,9.0,-10.0
2343,6,6.0,0.0,-1.0,-3.0,-3.0,-14.0,0.0
2344,6,6.0,0.0,12.0,-2.0,-11.0,-7.0,-14.0
2345,7,7.0,0.0,-12.0,4.0,14.0,5.0,9.0
2346,6,6.0,0.0,-2.0,5.0,10.0,-1.0,-14.0
2347,10,10.0,0.0,4.0,-9.0,-7.0,11.0,0.0
2348,3,3.0,0.0,1.0,-4.0,-12.0,10.0,-9.0
2349,7,7.0,0.0,11.0,9.0,-10.0,0.0,15.0
2350,6,6.0,0.0,9.0,13.0,-7.0,-6.0,12.0
2351,5,5.0,0.0,-14.0,0.0,-5.0,-4.0,-10.0
2352,6,6.0,0.0,-4.0,3.0,10.0,-4.0,5.0
2353,3,3.0,0.0,-14.0,-1.0,15.0,-5.0,5.0
2354,4,4.0,0.0,5.0,12.0,3.0,-13.0,3.0
2355,4,4.0,0.0,9.0,6.0,-7.0,-7.0,8.0
2356,3,3.0,0.0,3.0,-2.0,-15.0,-8.0,-4.0
2357,6,6.0,0.0,14.0,11.0,-1.0,-3.0,7.0
2358,10,10.0,0.0,7.0,-9.0,4.0,12.0,13.0
2359,1,1.0,0.0,10.0,6.0,8.0,-9.0,-7.0
2360,4,4.0,0.0,-2.0,11.0,-6.0,6.0,-8.0
2361,2,2.0,0.0,-5.0,2.0,12.0,-10.0,-9.0
2362,8,8.0,0.0,12.0,1.0,-3.0,9.0,11.0
2363,4,4.0,0.0,2.0,-13.0,-6.0,-11.0,9.0
2364,7,7.0,0.0,-9.0,10.0,-10.0,-15.0,1.0
2365,9,9.0,0.0,-1.0,-7.0,10.0,3.0,-15.0
2366,6,6.0,0.0,-3.0,-8.0,4.0,-4.0,-15.0
2367,6,6.0,0.0,-5.0,-9.0,12.0,12.0,11.0
2368,8,8.0,0.0,14.0,15.0,3.0,-7.0,-3.0
2369,4,4.0,0.0,4.0,15.0,9.0,5.0,10.0
2370,5,5.0,0.0,13.0,-13.0,-8.0,-7.0,-7.0
2371,3,3.0,0.0,10.0,6.0,5.0,-14.0,14.0
2372,4,4.0,0.0,-13.0,13.0,10.0,-12.0,0.0
2373,4,4.0,0.0,-12.0,-13.0,-7.0,-1.0,-2.0
2374,6,6.0,0.0,-3.0,8.0,4.0,10.0,4.0
2375,7,7.0,0.0,1.0,-4.0,-5.0,13.0,1.0
2376,6,6.0,0.0,-8.0,-15.0,10.0,5.0,11.0
2377,7,7.0,0.0,11.0,3.0,-1.0,5.0,-12.0
2378,0,0.0,0.0,-11.0,1.0,-14.0,5.0,6.0
2379,5,5.0,0.0,6.0,1.0,-14.0,7.0,-10.0
2380,0,0.0,0.0,9.0,-2.0,-11.0,-3.0,-4.0
2381,7,7.0,0.0,6.0,1.0,-11.0,15.0,14.0
2382,4,4.0,0.0,12.0,12.0,15.0,-11.0,-7.0
2383,1,1.0,0.0,-5.0,4.0,1.0,8.0,13.0
2384,4,4.0,0.0,9.0,9.0,-8.0,-10.0,-14.0
2385,4,4.0,0.0,13.0,-12.0,-4.0,-10.0,-14.0
2386,9,9.0,0.0,12.0,-9.0,12.0,-3.0,-9.0
2387,7,7.0,0.0,0.0,-10.0,6.0,12.0,12.0
2388,2,2.0,0.0,-5.0,-7.0,1.0,3.0,-12.0
2389,5,5.0,0.0,-14.0,-14.0,15.0,-6.0,9.0
2390,5,5.0,0.0,-3.0,-10.0,-2.0,4.0,-11.0
2391,5,5.0,0.0,1.0,6.0,12.0,-7.0,1.0
2392,6,6.0,0.0,15.0,11.0,-14.0,3.0,1.0
2393,6,6.0,0.0,-10.0,-9.0,14.0,-10.0,-9.0
2394,5,5.0,0.0,1.0,14.0,-6.0,11.0,-7.0
2395,4,4.0,0.0,-10.0,1.0,2.0,3.0,2.0
2396,6,6.0,0.0,-6.0,1.0,-7.0,13.0,11.0
2397,3,3.0,0.0,-5.0,8.0,-12.0,0.0,0.0
2398,7,7.0,0.0,8.0,4.0,13.0,7.0,6.0
2399,5,5.0,0.0,-4.0,5.0,-15.0,-10.0,6.0
2400,3,3.0,0.0,12.0,-9.0,-14.0,-11.0,1.0
2401,3,3.0,0.0,-8.0,9.0,-10.0,-8.0,5.0
2402,6,6.0,0.0,-13.0,1.0,-9.0,-14.0,-8.0
2403,8,8.0,0.0,15.0,-12.0,-4.0,-15.0,5.0
2404,7,7.0,0.0,11.0,-10.0,2.0,-9.0,1.0
2405,4,4.0,0.0,11.0,-8.0,-2.0,-8.0,8.0
2406,5,5.0,0.0,0.0,13.0,-14.0,5.0,15.0
2407,6,6.0,0.0,-3.0,-2.0,-12.0,8.0,4.0
2408,7,7.0,0.0,-11.0,1.0,10.0,-3.0,11.0
2409,0,0.0,0.0,9.0,0.0,5.0,-7.0,14.0
2410,6,6.0,0.0,-4.0,6.0,-6.0,15.0,-10.0
2411,9,9.0,0.0,-13.0,12.0,4.0,13.0,-5.0
2412,3,3.0,0.0,-7.0,10.0,-2.0,-15.0,-1.0
2413,1,1.0,0.0,2.0,-7.0,3.0,2.0,-12.0
2414,5,5.0,0.0,-9.0,5.0,2.0,-6.0,-6.0
2415,7,7.0,0.0,1.0,2.0,-13.0,9.0,-12.0
2416,5,5.0,0.0,-13.0,6.0,15.0,6.0,-10.0
2417,5,5.0,0.0,3.0,-2.0,-1.0,15.0,3.0
2418,0,0.0,0.0,2.0,-2.0,-11.0,-3.0,5.0
2419,9,9.0,0.0,10.0,-9.0,13.0,-5.0,-12.0
2420,3,3.0,0.0,-1.0,-15.0,4.0,-5.0,-4.0
2421,2,2.0,0.0,-13.0,3.0,-13.0,2.0,0.0
2422,6,6.0,0.0,-14.0,-5.0,-6.0,10.0,3.0
2423,8,8.0,0.0,13.0,-7.0,-9.0,2.0,8.0
2424,3,3.0,0.0,6.0,13.0,-11.0,6.0,11.0
2425,4,4.0,0.0,-6.0,4.0,-14.0,9.0,13.0
2426,6,6.0,0.0,-1.0,10.0,14.0,6.0,5.0
2427,1,1.0,0.0,7.0,4.0,12.0,11.0,-4.0
2428,4,4.0,0.0,15.0,7.0,4.0,2.0,12.0
2429,6,6.0,0.0,-14.0,-2.0,-10.0,11.0,-8.0
2430,4,4.0,0.0,-3.0,0.0,-9.0,-8.0,8.0
2431,7,7.0,0.0,5.0,-3.0,-3.0,-15.0,3.0
2432,7,7.0,0.0,-2.0,8.0,-14.0,-9.0,13.0
2433,5,5.0,0.0,15.0,-3.0,4.0,14.0,-2.0
2434,6,6.0,0.0,-7.0,8.0,-8.0,5.0,-14.0
2435,5,5.0,0.0,3.0,-12.0,-9.0,15.0,1.0
2436,7,7.0,0.0,10.0,-14.0,-3.0,-8.0,-6.0
2437,5,5.0,0.0,-5.0,14.0,11.0,-2.0,14.0
2438,4,4.0,0.0,2.0,6.0,-15.0,7.0,3.0
2439,5,5.0,0.0,-6.0,-13.0,1.0,-5.0,14.0
2440,6,6.0,0.0,9.0,-1.0,-13.0,-11.0,-4.0
2441,6,6.0,0.0,-4.0,-8.0,-1.0,12.0,7.0
2442,5,5.0,0.0,13.0,12.0,3.0,12.0,0.0
2443,5,5.0,0.0,-6.0,-11.0,-7.0,5.0,6.0
2444,5,5.0,0.0,12.0,3.0,14.0,15.0,7.0
2445,1,1.0,0.0,-10.0,-1.0,10.0,12.0,4.0
2446,4,4.0,0.0,-3.0,7.0,0.0,-5.0,-12.0
2447,5,5.0,0.0,1.0,-12.0,2.0,2.0,-2.0
2448,5,5.0,0.0,8.0,-4.0,13.0,-14.0,15.0
2449,8,8.0,0.0,2.0,-13.0,-3.0,7.0,10.0
2450,1,1.0,0.0,-1.0,8.0,1.0,-10.0,-4.0
2451,6,6.0,0.0,5.0,-8.0,6.0,-5.0,-10.0
2452,5,5.0,0.0,-14.0,1.0,-15.0,-12.0,-3.0
2453,9,9.0,0.0,4.0,4.0,7.0,8.0,12.0
2454,5,5.0,0.0,-13.0,5.0,-11.0,11.0,-11.0
2455,5,5.0,0.0,-7.0,-6.0,8.0,-8.0,1.0
2456,5,5.0,0.0,0.0,-11.0,-3.0,11.0,12.0
2457,5,5.0,0.0,3.0,4.0,-12.0,-5.0,14.0
2458,5,5.0,0.0,-6.0,6.0,10.0,1.0,-10.0
2459,5,5.0,0.0,13.0,-4.0,-13.0,13.0,1.0
2460,4,4.0,0.0,11.0,9.0,-14.0,7.0,7.0
2461,5,5.0,0.0,0.0,-10.0,-7.0,-6.0,0.0
2462,4,4.0,0.0,10.0,1.0,0.0,15.0,6.0
2463,3,3.0,0.0,8.0,3.0,11.0,-15.0,-1.0
2464,5,5.0,0.0,15.0,1.0,-5.0,-10.0,8.0
2465,7,7.0,0.0,-7.0,-7.0,-14.0,-14.0,-7.0
2466,8,8.0,0.0,8.0,0.0,-7.0,-13.0,-14.0
2467,5,5.0,0.0,-14.0,-14.0,-4.0,1.0,7.0
2468,4,4.0,0.0,-1.0,-11.0,11.0,9.0,-14.0
2469,7,7.0,0.0,4.0,11.0,-10.0,-14.0,3.0
2470,4,4.0,0.0,-13.0,6.0,-11.0,-2.0,-6.0
2471,2,2.0,0.0,-1.0,-13.0,6.0,-2.0,-7.0
2472,7,7.0,0.0,-3.0,0.0,-4.0,-12.0,-13.0
2473,5,5.0,0.0,2.0,-13.0,10.0,-5.0,7.0
2474,6,6.0,0.0,-4.0,12.0,-12.0,15.0,9.0
2475,3,3.0,0.0,-14.0,7.0,1.0,-7.0,13.0
2476,4,4.0,0.0,13.0,-6.0,-4.0,-11.0,12.0
2477,5,5.0,0.0,-15.0,-2.0,2.0,3.0,4.0
2478,3,3.0,0.0,-7.0,-11.0,-9.0,5.0,-4.0
2479,9,9.0,0.0,3.0,-11.0,-5.0,1.0,12.0
2480,8,8.0,0.0,14.0,4.0,-8.0,2.0,-14.0
2481,6,6.0,0.0,7.0,10.0,-12.0,6.0,6.0
2482,5,5.0,0.0,-15.0,-8.0,-10.0,2.0,-2.0
2483,3,3.0,0.0,8.0,-15.0,6.0,-11.0,-14.0
2484,8,8.0,0.0,-7.0,-11.0,11.0,-10.0,13.0
2485,4,4.0,0.0,-4.0,12.0,10.0,11.0,-8.0
2486,9,9.0,0.0,0.0,-15.0,8.0,10.0,0.0
2487,5,5.0,0.0,-13.0,11.0,-7.0,2.0,15.0
2488,0,0.0,0.0,-5.0,4.0,-7.0,9.0,-6.0
2489,7,7.0,0.0,-7.0,2.0,8.0,-4.0,-5.0
2490,3,3.0,0.0,11.0,8.0,-1.0,10.0,10.0
2491,7,7.0,0.0,-6.0,-13.0,9.0,-12.0,-9.0
2492,2,2.0,0.0,2.0,9.0,10.0,15.0,-11.0
2493,4,4.0,0.0,-13.0,10.0,9.0,13.0,7.0
2494,6,6.0,0.0,-1.0,-7.0,8.0,5.0,7.0
2495,5,5.0,0.0,6.0,13.0,8.0,14.0,-9.0
2496,4,4.0,0.0,-11.0,6.0,5.0,15.0,-6.0
2497,5,5.0,0.0,13.0,12.0,4.0,2.0,-1.0
2498,1,1.0,0.0,8.0,4.0,-10.0,6.0,-14.0
2499,8,8.0,0.0,9.0,-1.0,15.0,-2.0,12.0
2500,2,2.0,0.0,-12.0,14.0,-12.0,15.0,-3.0
2501,5,5.0,0.0,-14.0,-5.0,13.0,2.0,9.0
2502,6,6.0,0.0,15.0,-10.0,5.0,-7.0,0.0
2503,4,4.0,0.0,-13.0,5.0,2.0,-1.0,4.0
2504,5,5.0,0.0,-1.0,7.0,5.0,-13.0,10.0
2505,3,3.0,0.0,-1.0,0.0,-8.0,12.0,-8.0
2506,4,4.0,0.0,-4.0,-6.0,2.0,3.0,-10.0
2507,8,8.0,0.0,-5.0,-10.0,12.0,-13.0,-6.0
2508,4,4.0,0.0,-15.0,1.0,-8.0,11.0,4.0
2509,5,5.0,0.0,10.0,4.0,-8.0,0.0,-8.0
2510,5,5.0,0.0,10.0,-4.0,1.0,-11.0,-14.0
2511,6,6.0,0.0,5.0,14.0,-2.0,-9.0,-7.0
2512,7,7.0,0.0,-9.0,15.0,15.0,-7.0,-2.0
2513,5,5.0,0.0,2.0,-2.0,-11.0,-4.0,-11.0
2514,4,4.0,0.0,-6.0,3.0,-7.0,-1.0,-12.0
2515,5,5.0,0.0,-5.0,2.0,5.0,13.0,14.0
2516,5,5.0,0.0,3.0,-3.0,11.0,8.0,-2.0
2517,7,7.0,0.0,-10.0,-12.0,9.0,12.0,11.0
2518,2,2.0,0.0,-14.0,-6.0,-12.0,2.0,3.0
2519,4,4.0,0.0,11.0,-8.0,8.0,5.0,-12.0
2520,5,5.0,0.0,-12.0,8.0,-14.0,5.0,0.0
2521,5,5.0,0.0,-2.0,9.0,-9.0,6.0,-7.0
2522,4,4.0,0.0,-13.0,-3.0,-6.0,-5.0,-11.0
2523,7,7.0,0.0,-3.0,5.0,-15.0,1.0,-4.0
2524,7,7.0,0.0,-4.0,-9.0,-11.0,-8.0,4.0
2525,7,7.0,0.0,8.0,13.0,8.0,-12.0,14.0
2526,4,4.0,0.0,5.0,-14.0,-6.0,-12.0,-12.0
2527,6,6.0,0.0,-3.0,-5.0,-2.0,-1.0,1.0
2528,9,9.0,0.0,-2.0,0.0,2.0,13.0,8.0
2529,6,6.0,0.0,8.0,2.0,15.0,-9.0,-4.0
2530,6,6.0,0.0,15.0,4.0,10.0,-6.0,-14.0
2531,6,6.0,0.0,7.0,-11.0,4.0,15.0,-1.0
2532,3,3.0,0.0,15.0,7.0,-11.0,0.0,7.0
2533,2,2.0,0.0,13.0,11.0,14.0,5.0,1.0
2534,7,7.0,0.0,-15.0,5.0,7.0,-7.0,-5.0
2535,4,4.0,0.0,-6.0,13.0,8.0,10.0,5.0
2536,6,6.0,0.0,-1.0,0.0,11.0,-4.0,-3.0
2537,4,4.0,0.0,10.0,-15.0,-2.0,13.0,-2.0
2538,3,3.0,0.0,9.0,-2.0,-7.0,-14.0,-1.0
2539,6,6.0,0.0,-12.0,-11.0,8.0,8.0,-15.0
2540,3,3.0,0.0,-3.0,-13.0,2.0,-2.0,4.0
2541,6,6.0,0.0,1.0,-7.0,7.0,10.0,0.0
2542,6,6.0,0.0,0.0,15.0,-10.0,2.0,-1.0
2543,7,7.0,0.0,1.0,10.0,-3.0,-11.0,-10.0
2544,1,1.0,0.0,-3.0,-9.0,1.0,8.0,11.0
2545,3,3.0,0.0,3.0,-2.0,-14.0,-5.0,5.0
2546,7,7.0,0.0,12.0,15.0,3.0,-5.0,6.0
2547,8,8.0,0.0,2.0,7.0,1.0,10.0,-8.0
2548,2,2.0,0.0,-1.0,10.0,12.0,-3.0,4.0
2549,7,7.0,0.0,-11.0,3.0,7.0,12.0,10.0
2550,7,7.0,0.0,-4.0,-9.0,2.0,7.0,13.0
2551,6,6.0,0.0,10.0,9.0,7.0,15.0,-2.0
2552,5,5.0,0.0,0.0,-14.0,-3.0,8.0,-3.0
2553,5,5.0,0.0,2.0,-13.0,6.0,13.0,-1.0
2554,7,7.0,0.0,-10.0,-9.0,12.0,15.0,10.0
2555,6,6.0,0.0,-13.0,-15.0,-5.0,8.0,-1.0
2556,5,5.0,0.0,9.0,0.0,5.0,-11.0,2.0
2557,7,7.0,0.0,-14.0,-1.0,-8.0,6.0,15.0
2558,6,6.0,0.0,-14.0,-7.0,-3.0,5.0,2.0
2559,4,4.0,0.0,4.0,10.0,11.0,5.0,5.0
2560,8,8.0,0.0,-15.0,-15.0,-8.0,-7.0,4.0
2561,6,6.0,0.0,-7.0,5.0,-10.0,15.0,-4.0
2562,3,3.0,0.0,11.0,7.0,-12.0,-11.0,-3.0
2563,7,7.0,0.0,4.0,2.0,-8.0,4.0,-11.0
2564,7,7.0,0.0,-7.0,2.0,5.0,1.0,11.0
2565,0,0.0,0.0,-4.0,-11.0,12.0,-2.0,-13.0
2566,9,9.0,0.0,-14.0,8.0,1.0,0.0,-14.0
2567,3,3.0,0.0,13.0,-13.0,-2.0,4.0,12.0
2568,5,5.0,0.0,-4.0,11.0,-6.0,-14.0,6.0
2569,7,7.0,0.0,-11.0,4.0,2.0,-15.0,3.0
2570,6,6.0,0.0,0.0,-7.0,-12.0,8.0,3.0
2571,4,4.0,0.0,9.0,4.0,7.0,2.0,4.0
2572,2,2.0,0.0,-3.0,-11.0,2.0,4.0,-14.0
2573,8,8.0,0.0,2.0,-6.0,4.0,5.0,-11.0
2574,6,6.0,0.0,-7.0,9.0,-14.0,14.0,15.0
2575,3,3.0,0.0,-12.0,-14.0,3.0,-15.0,-2.0
2576,5,5.0,0.0,-10.0,-2.0,-7.0,-15.0,5.0
2577,2,2.0,0.0,-4.0,-10.0,-8.0,14.0,6.0
2578,0,0.0,0.0,-8.0,7.0,-14.0,-14.0,14.0
2579,3,3.0,0.0,-12.0,2.0,1.0,0.0,-5.0
2580,5,5.0,0.0,11.0,11.0,15.0,-5.0,-1.0
2581,6,6.0,0.0,-15.0,-9.0,13.0,-10.0,7.0
2582,8,8.0,0.0,-14.0,-5.0,6.0,-5.0,11.0
2583,5,5.0,0.0,4.0,15.0,-14.0,-11.0,4.0
2584,10,10.0,0.0,-9.0,-1.0,-12.0,15.0,10.0
2585,2,2.0,0.0,4.0,6.0,3.0,9.0,5.0
2586,6,6.0,0.0,0.0,14.0,-8.0,0.0,-8.0
2587,2,2.0,0.0,3.0,3.0,-13.0,0.0,-13.0
2588,6,6.0,0.0,7.0,10.0,-6.0,-5.0,10.0
2589,4,4.0,0.0,8.0,6.0,4.0,4.0,-15.0
2590,5,5.0,0.0,9.0,-3.0,4.0,11.0,-10.0
2591,3,3.0,0.0,-7.0,-10.0,-2.0,-14.0,-5.0
2592,6,6.0,0.0,-13.0,-8.0,15.0,-4.0,-6.0
2593,5,5.0,0.0,-10.0,8.0,15.0,-13.0,12.0
2594,8,8.0,0.0,-7.0,-1.0,-8.0,-10.0,2.0
2595,4,4.0,0.0,11.0,-1.0,-4.0,-10.0,-10.0
2596,2,2.0,0.0,6.0,-12.0,7.0,-1.0,6.0
2597,0,0.0,0.0,-7.0,-5.0,8.0,-5.0,-5.0
2598,5,5.0,0.0,0.0,-9.0,-3.0,-2.0,2.0
2599,1,1.0,0.0,8.0,14.0,7.0,13.0,-14.0
2600,2,2.0,0.0,4.0,9.0,8.0,8.0,4.0
2601,3,3.0,0.0,8.0,0.0,3.0,3.0,12.0
2602,5,5.0,0.0,15.0,-9.0,-5.0,8.0,-12.0
2603,4,4.0,0.0,-12.0,-13.0,-10.0,-8.0,14.0
2604,4,4.0,0.0,-7.0,-12.0,-8.0,9.0,7.0
2605,5,5.0,0.0,-6.0,-9.0,-7.0,-8.0,-2.0
2606,6,6.0,0.0,9.0,4.0,-11.0,-5.0,-6.0
2607,6,6.0,0.0,-13.0,8.0,-1.0,11.0,10.0
2608,6,6.0,0.0,-1.0,12.0,-12.0,14.0,-4.0
2609,5,5.0,0.0,15.0,5.0,12.0,10.0,12.0
2610,3,3.0,0.0,9.0,4.0,13.0,1.0,8.0
2611,0,0.0,0.0,-1.0,-15.0,14.0,3.0,3.0
2612,3,3.0,0.0,-5.0,13.0,6.0,-4.0,5.0
2613,5,5.0,0.0,-3.0,-11.0,5.0,14.0,6.0
2614,7,7.0,0.0,-2.0,1.0,2.0,-3.0,2.0
2615,8,8.0,0.0,-6.0,6.0,-5.0,-4.0,8.0
2616,2,2.0,0.0,8.0,11.0,-14.0,6.0,-7.0
2617,5,5.0,0.0,-9.0,-15.0,12.0,4.0,6.0
2618,7,7.0,0.0,9.0,-13.0,-13.0,-4.0,5.0
2619,3,3.0,0.0,4.0,-12.0,4.0,7.0,-7.0
2620,6,6.0,0.0,-13.0,11.0,-3.0,-4.0,-5.0
2621,2,2.0,0.0,-7.0,12.0,-7.0,-6.0,-14.0
2622,6,6.0,0.0,8.0,11.0,5.0,13.0,-11.0
2623,10,10.0,0.0,6.0,-9.0,-15.0,2.0,12.0
2624,3,3.0,0.0,-1.0,0.0,-7.0,-7.0,-2.0
2625,4,4.0,0.0,-5.0,-4.0,4.0,8.0,-1.0
2626,5,5.0,0.0,-15.0,-9.0,-8.0,-2.0,11.0
2627,7,7.0,0.0,-15.0,-5.0,-5.0,4.0,14.0
2628,5,5.0,0.0,10.0,0.0,-6.0,-14.0,10.0
2629,3,3.0,0.0,7.0,13.0,-11.0,13.0,3.0
2630,5,5.0,0.0,-10.0,1.0,-12.0,4.0,5.0
2631,6,6.0,0.0,9.0,9.0,-10.0,-10.0,-12.0
2632,5,5.0,0.0,8.0,-1.0,-14.0,6.0,-7.0
2633,3,3.0,0.0,4.0,-8.0,0.0,11.0,-3.0
2634,6,6.0,0.0,-4.0,-15.0,-4.0,-9.0,-6.0
2635,4,4.0,0.0,-4.0,12.0,3.0,7.0,-8.0
2636,5,5.0,0.0,13.0,1.0,-6.0,-4.0,-10.0
2637,4,4.0,0.0,-9.0,-2.0,5.0,0.0,-4.0
2638,6,6.0,0.0,-15.0,-2.0,-5.0,-10.0,-6.0
2639,6,6.0,0.0,14.0,-1.0,9.0,4.0,-10.0
2640,3,3.0,0.0,-13.0,-4.0,-14.0,-3.0,-1.0
2641,2,2.0,0.0,6.0,15.0,12.0,0.0,-14.0
2642,7,7.0,0.0,-13.0,-13.0,3.0,6.0,3.0
2643,5,5.0,0.0,12.0,1.0,11.0,-3.0,5.0
2644,4,4.0,0.0,11.0,-15.0,-9.0,7.0,5.0
2645,3,3.0,0.0,2.0,14.0,14.0,-10.0,12.0
2646,6,6.0,0.0,13.0,-12.0,-14.0,-8.0,15.0
2647,6,6.0,0.0,15.0,13.0,0.0,4.0,-1.0
2648,4,4.0,0.0,6.0,14.0,13.0,9.0,0.0
2649,6,6.0,0.0,3.0,-15.0,7.0,11.0,-2.0
2650,7,7.0,0.0,11.0,10.0,3.0,-13.0,-2.0
2651,7,7.0,0.0,9.0,-15.0,12.0,-13.0,-14.0
2652,7,7.0,0.0,6.0,-9.0,-3.0,5.0,-2.0
2653,2,2.0,0.0,-5.0,-12.0,6.0,-13.0,-2.0
2654,8,8.0,0.0,3.0,1.0,-4.0,10.0,11.0
2655,2,2.0,0.0,6.0,-9.0,-14.0,1.0,1.0
2656,3,3.0,0.0,-9.0,13.0,6.0,9.0,8.0
2657,4,4.0,0.0,-2.0,-4.0,-4.0,-14.0,10.0
2658,9,9.0,0.0,3.0,0.0,15.0,14.0,14.0
2659,6,6.0,0.0,8.0,-7.0,12.0,10.0,0.0
2660,9,9.0,0.0,-3.0,-6.0,9.0,-15.0,-1.0
2661,6,6.0,0.0,7.0,-6.0,-5.0,-5.0,-12.0
2662,6,6.0,0.0,0.0,-13.0,-4.0,-5.0,-2.0
2663,6,6.0,0.0,-3.0,4.0,-12.0,10.0,-9.0
2664,7,7.0,0.0,7.0,8.0,15.0,-5.0,-9.0
2665,4,4.0,0.0,-14.0,8.0,11.0,-15.0,-2.0
2666,5,5.0,0.0,2.0,1.0,4.0,-5.0,8.0
2667,6,6.0,0.0,-15.0,11.0,-1.0,2.0,-3.0
2668,3,3.0,0.0,-13.0,-11.0,0.0,-8.0,-11.0
2669,5,5.0,0.0,-5.0,-14.0,10.0,6.0,-12.0
2670,6,6.0,0.0,7.0,-5.0,3.0,-12.0,-9.0
2671,4,4.0,0.0,9.0,-4.0,-10.0,11.0,-11.0
2672,4,4.0,0.0,-7.0,12.0,-12.0,-1.0,-12.0
2673,1,1.0,0.0,5.0,-8.0,-5.0,15.0,3.0
2674,5,5.0,0.0,7.0,-13.0,13.0,10.0,8.0
2675,6,6.0,0.0,2.0,-5.0,-14.0,7.0,6.0
2676,7,7.0,0.0,15.0,-7.0,14.0,-5.0,15.0
2677,7,7.0,0.0,-12.0,14.0,7.0,5.0,-5.0
2678,3,3.0,0.0,-11.0,13.0,7.0,0.0,15.0
2679,7,7.0,0.0,-3.0,1.0,-9.0,-4.0,13.0
2680,9,9.0,0.0,13.0,-10.0,-2.0,-11.0,-4.0
2681,5,5.0,0.0,6.0,-7.0,-5.0,-10.0,-15.0
2682,0,0.0,0.0,-7.0,9.0,-10.0,8.0,11.0
2683,4,4.0,0.0,6.0,15.0,-8.0,-3.0,-12.0
2684,8,8.0,0.0,-13.0,3.0,15.0,-7.0,-6.0
2685,3,3.0,0.0,-2.0,-8.0,8.0,15.0,-11.0
2686,7,7.0,0.0,-9.0,15.0,4.0,9.0,8.0
2687,5,5.0,0.0,-1.0,-1.0,12.0,4.0,4.0
2688,8,8.0,0.0,-15.0,-15.0,-5.0,10.0,12.0
2689,9,9.0,0.0,13.0,-13.0,-3.0,10.0,-11.0
2690,2,2.0,0.0,-9.0,14.0,8.0,-6.0,6.0
2691,3,3.0,0.0,9.0,14.0,1.0,14.0,-7.0
2692,4,4.0,0.0,13.0,-14.0,4.0,1.0,14.0
2693,8,8.0,0.0,5.0,0.0,3.0,12.0,5.0
2694,4,4.0,0.0,-8.0,13.0,7.0,-13.0,13.0
2695,7,7.0,0.0,3.0,6.0,8.0,-2.0,3.0
2696,4,4.0,0.0,3.0,4.0,11.0,12.0,-4.0
2697,5,5.0,0.0,-10.0,7.0,14.0,-2.0,-12.0
2698,6,6.0,0.0,-1.0,12.0,10.0,-12.0,15.0
2699,6,6.0,0.0,7.0,-10.0,4.0,6.0,5.0
2700,5,5.0,0.0,7.0,4.0,-6.0,-1.0,4.0
2701,3,3.0,0.0,14.0,14.0,11.0,-2.0,-13.0
2702,5,5.0,0.0,-5.0,-15.0,2.0,2.0,15.0
2703,7,7.0,0.0,-6.0,0.0,-1.0,9.0,14.0
2704,4,4.0,0.0,14.0,2.0,5.0,-7.0,0.0
2705,6,6.0,0.0,14.0,-7.0,-9.0,12.0,-7.0
2706,3,3.0,0.0,5.0,-15.0,-12.0,14.0,13.0
2707,7,7.0,0.0,-5.0,-12.0,-15.0,2.0,-5.0
2708,5,5.0,0.0,-4.0,-10.0,-12.0,11.0,-10.0
2709,2,2.0,0.0,15.0,-3.0,1.0,2.0,-5.0
2710,6,6.0,0.0,-5.0,1.0,8.0,-2.0,-4.0
2711,5,5.0,0.0,-5.0,8.0,2.0,-7.0,9.0
2712,4,4.0,0.0,12.0,-5.0,-8.0,6.0,0.0
2713,8,8.0,0.0,9.0,-13.0,6.0,15.0,-5.0
2714,6,6.0,0.0,-6.0,10.0,3.0,-8.0,7.0
2715,4,4.0,0.0,12.0,-15.0,8.0,-2.0,-4.0
2716,5,5.0,0.0,-2.0,-4.0,-2.0,8.0,-8.0
2717,5,5.0,0.0,-3.0,-15.0,-7.0,-14.0,-14.0
2718,6,6.0,0.0,-10.0,8.0,-9.0,11.0,-9.0
2719,4,4.0,0.0,-3.0,-10.0,0.0,8.0,-9.0
2720,8,8.0,0.0,-2.0,15.0,-15.0,-4.0,12.0
2721,7,7.0,0.0,7.0,-15.0,7.0,11.0,10.0
2722,4,4.0,0.0,4.0,-7.0,-4.0,11.0,14.0
2723,5,5.0,0.0,10.0,6.0,7.0,11.0,-10.0
2724,3,3.0,0.0,5.0,-4.0,13.0,-3.0,-9.0
2725,4,4.0,0.0,9.0,-1.0,8.0,-4.0,-12.0
2726,4,4.0,0.0,-8.0,-9.0,-4.0,-8.0,10.0
2727,4,4.0,0.0,-4.0,15.0,-3.0,2.0,-4.0
2728,2,2.0,0.0,-6.0,0.0,-4.0,-9.0,6.0
2729,3,3.0,0.0,-3.0,12.0,-3.0,3.0,0.0
2730,4,4.0,0.0,-7.0,-11.0,-8.0,14.0,4.0
2731,5,5.0,0.0,-5.0,3.0,-10.0,5.0,-13.0
2732,2,2.0,0.0,11.0,15.0,-1.0,4.0,-4.0
2733,3,3.0,0.0,3.0,1.0,14.0,-8.0,-7.0
2734,6,6.0,0.0,-4.0,-12.0,-6.0,1.0,-14.0
2735,7,7.0,0.0,12.0,-13.0,13.0,9.0,-9.0
2736,6,6.0,0.0,11.0,5.0,-7.0,6.0,-5.0
2737,4,4.0,0.0,-5.0,-5.0,-14.0,-12.0,10.0
2738,8,8.0,0.0,-12.0,-6.0,-2.0,12.0,-14.0
2739,4,4.0,0.0,13.0,-10.0,11.0,-7.0,6.0
2740,6,6.0,0.0,3.0,7.0,6.0,11.0,-12.0
2741,8,8.0,0.0,6.0,-4.0,-3.0,9.0,3.0
2742,2,2.0,0.0,13.0,-3.0,1.0,1.0,-8.0
2743,3,3.0,0.0,7.0,-6.0,-15.0,-3.0,-12.0
2744,4,4.0,0.0,-9.0,-3.0,-3.0,-2.0,-10.0
2745,7,7.0,0.0,-1.0,-5.0,-4.0,10.0,7.0
2746,5,5.0,0.0,-6.0,-11.0,1.0,-13.0,11.0
2747,8,8.0,0.0,-8.0,-7.0,0.0,10.0,11.0
2748,7,7.0,0.0,6.0,10.0,7.0,3.0,-9.0
2749,3,3.0,0.0,4.0,14.0,8.0,1.0,-5.0
2750,8,8.0,0.0,15.0,-11.0,8.0,7.0,-9.0
2751,4,4.0,0.0,4.0,-15.0,14.0,9.0,12.0
2752,4,4.0,0.0,12.0,-11.0,4.0,15.0,3.0
2753,6,6.0,0.0,7.0,-15.0,4.0,-6.0,-9.0
2754,5,5.0,0.0,-10.0,-1.0,5.0,0.0,11.0
2755,6,6.0,0.0,10.0,13.0,11.0,7.0,14.0
2756,4,4.0,0.0,10.0,0.0,11.0,3.0,-11.0
2757,6,6.0,0.0,13.0,-14.0,9.0,14.0,-4.0
2758,6,6.0,0.0,2.0,-6.0,-14.0,7.0,-9.0
2759,5,5.0,0.0,4.0,6.0,5.0,-5.0,-9.0
2760,6,6.0,0.0,-13.0,6.0,-5.0,-6.0,14.0
2761,8,8.0,0.0,-2.0,-5.0,-4.0,14.0,7.0
2762,7,7.0,0.0,3.0,-11.0,-13.0,1.0,-6.0
2763,2,2.0,0.0,-1.0,15.0,8.0,5.0,-11.0
2764,6,6.0,0.0,-6.0,13.0,12.0,3.0,3.0
2765,3,3.0,0.0,15.0,-7.0,-1.0,-4.0,7.0
2766,6,6.0,0.0,5.0,6.0,-7.0,-5.0,-10.0
2767,7,7.0,0.0,6.0,8.0,-2.0,-7.0,13.0
2768,6,6.0,0.0,15.0,15.0,-12.0,2.0,-8.0
2769,6,6.0,0.0,8.0,-4.0,14.0,0.0,1.0
2770,7,7.0,0.0,-2.0,6.0,1.0,12.0,0.0
2771,6,6.0,0.0,-6.0,0.0,13.0,13.0,4.0
2772,6,6.0,0.0,1.0,7.0,-4.0,1.0,12.0
2773,6,6.0,0.0,-8.0,8.0,-15.0,-15.0,-10.0
2774,6,6.0,0.0,5.0,8.0,-5.0,-5.0,1.0
2775,6,6.0,0.0,-6.0,11.0,11.0,-13.0,-6.0
2776,4,4.0,0.0,2.0,11.0,4.0,-14.0,-9.0
2777,6,6.0,0.0,0.0,9.0,8.0,11.0,15.0
2778,4,4.0,0.0,-3.0,8.0,-5.0,-7.0,12.0
2779,2,2.0,0.0,11.0,-5.0,8.0,3.0,-9.0
2780,6,6.0,0.0,5.0,-14.0,5.0,-13.0,-12.0
2781,2,2.0,0.0,13.0,1.0,11.0,-14.0,14.0
2782,6,6.0,0.0,6.0,12.0,-13.0,-10.0,-10.0
2783,5,5.0,0.0,1.0,-14.0,-10.0,-11.0,9.0
2784,6,6.0,0.0,-9.0,10.0,-7.0,14.0,0.0
2785,2,2.0,0.0,8.0,7.0,13.0,-8.0,8.0
2786,6,6.0,0.0,10.0,-2.0,12.0,5.0,12.0
2787,6,6.0,0.0,-1.0,-12.0,-7.0,-2.0,2.0
2788,5,5.0,0.0,13.0,12.0,-5.0,6.0,3.0
2789,8,8.0,0.0,5.0,-13.0,-14.0,14.0,-11.0
2790,5,5.0,0.0,-4.0,-4.0,10.0,-10.0,9.0
2791,3,3.0,0.0,1.0,-12.0,-8.0,-13.0,-6.0
2792,6,6.0,0.0,3.0,-11.0,0.0,-15.0,6.0
2793,3,3.0,0.0,-6.0,2.0,-2.0,7.0,-7.0
2794,5,5.0,0.0,7.0,12.0,11.0,6.0,0.0
2795,7,7.0,0.0,-10.0,3.0,-5.0,-2.0,2.0
2796,3,3.0,0.0,-8.0,-5.0,1.0,-1.0,-2.0
2797,8,8.0,0.0,-15.0,-11.0,-2.0,-11.0,9.0
2798,6,6.0,0.0,-1.0,-4.0,-12.0,15.0,13.0
2799,4,4.0,0.0,7.0,5.0,3.0,1.0,11.0
2800,2,2.0,0.0,-13.0,-10.0,-10.0,1.0,-13.0
2801,5,5.0,0.0,7.0,0.0,15.0,-9.0,3.0
2802,7,7.0,0.0,-7.0,-10.0,-8.0,3.0,8.0
2803,7,7.0,0.0,14.0,7.0,2.0,-1.0,0.0
2804,5,5.0,0.0,6.0,0.0,-5.0,7.0,3.0
2805,5,5.0,0.0,12.0,4.0,10.0,14.0,12.0
2806,6,6.0,0.0,4.0,-13.0,13.0,4.0,-1.0
2807,5,5.0,0.0,-1.0,-5.0,2.0,-8.0,9.0
2808,6,6.0,0.0,-13.0,4.0,13.0,-5.0,10.0
2809,2,2.0,0.0,15.0,-10.0,13.0,-7.0,-7.0
2810,6,6.0,0.0,-7.0,5.0,14.0,10.0,-6.0
2811,8,8.0,0.0,11.0,-10.0,-7.0,10.0,-2.0
2812,8,8.0,0.0,-11.0,0.0,10.0,11.0,-5.0
2813,3,3.0,0.0,12.0,9.0,-3.0,4.0,-15.0
2814,4,4.0,0.0,12.0,9.0,0.0,-3.0,-14.0
2815,5,5.0,0.0,-15.0,15.0,-7.0,2.0,15.0
2816,3,3.0,0.0,-7.0,4.0,1.0,2.0,4.0
2817,4,4.0,0.0,-11.0,1.0,-3.0,4.0,14.0
2818,4,4.0,0.0,11.0,11.0,-13.0,3.0,-11.0
2819,7,7.0,0.0,-3.0,12.0,-9.0,8.0,-1.0
2820,7,7.0,0.0,-8.0,2.0,14.0,2.0,-4.0
2821,8,8.0,0.0,13.0,-5.0,12.0,-7.0,-12.0
2822,2,2.0,0.0,-12.0,6.0,8.0,-1.0,-5.0
2823,3,3.0,0.0,-1.0,6.0,-6.0,-4.0,-8.0
2824,8,8.0,0.0,-5.0,-3.0,-14.0,2.0,0.0
2825,3,3.0,0.0,6.0,-12.0,13.0,-10.0,-13.0
2826,1,1.0,0.0,-11.0,-6.0,5.0,4.0,-9.0
2827,4,4.0,0.0,-8.0,-8.0,-4.0,12.0,-1.0
2828,8,8.0,0.0,13.0,-3.0,-13.0,4.0,3.0
2829,5,5.0,0.0,11.0,-12.0,-4.0,-12.0,4.0
2830,5,5.0,0.0,-8.0,-14.0,-9.0,1.0,2.0
2831,3,3.0,0.0,-3.0,-8.0,-11.0,-4.0,-6.0
2832,2,2.0,0.0,-6.0,-13.0,-14.0,3.0,7.0
2833,3,3.0,0.0,8.0,-9.0,-11.0,-14.0,-5.0
2834,1,1.0,0.0,7.0,-2.0,5.0,11.0,12.0
2835,5,5.0,0.0,6.0,-3.0,-13.0,-3.0,-2.0
2836,5,5.0,0.0,-5.0,3.0,-4.0,8.0,-4.0
2837,7,7.0,0.0,-14.0,15.0,-1.0,0.0,-11.0
2838,6,6.0,0.0,14.0,0.0,9.0,15.0,1.0
2839,5,5.0,0.0,11.0,-5.0,0.0,-1.0,-13.0
2840,4,4.0,0.0,-8.0,-15.0,8.0,-13.0,-10.0
2841,3,3.0,0.0,-8.0,-11.0,12.0,-8.0,-2.0
2842,2,2.0,0.0,-9.0,15.0,7.0,10.0,0.0
2843,4,4.0,0.0,-8.0,-10.0,-2.0,0.0,7.0
2844,7,7.0,0.0,-11.0,3.0,-9.0,-14.0,2.0
2845,7,7.0,0.0,-10.0,3.0,-9.0,11.0,6.0
2846,6,6.0,0.0,-7.0,0.0,-7.0,-3.0,-12.0
2847,7,7.0,0.0,-15.0,7.0,4.0,2.0,-11.0
2848,7,7.0,0.0,4.0,1.0,1.0,10.0,-14.0
2849,5,5.0,0.0,11.0,2.0,-2.0,8.0,11.0
2850,4,4.0,0.0,5.0,11.0,2.0,4.0,-7.0
2851,8,8.0,0.0,-5.0,-11.0,3.0,-5.0,4.0
2852,5,5.0,0.0,-5.0,-15.0,0.0,-13.0,-9.0
2853,2,2.0,0.0,-14.0,-10.0,-3.0,-14.0,-4.0
2854,0,0.0,0.0,14.0,-5.0,7.0,-11.0,-4.0
2855,6,6.0,0.0,9.0,11.0,10.0,-2.0,-9.0
2856,6,6.0,0.0,-10.0,-13.0,-14.0,9.0,-10.0
2857,4,4.0,0.0,4.0,12.0,2.0,9.0,6.0
2858,7,7.0,0.0,0.0,2.0,-5.0,-14.0,-13.0
2859,7,7.0,0.0,-6.0,-3.0,-4.0,9.0,-4.0
2860,3,3.0,0.0,-6.0,-14.0,-1.0,11.0,-4.0
2861,8,8.0,0.0,-11.0,6.0,1.0,1.0,-11.0
2862,3,3.0,0.0,-13.0,-6.0,8.0,9.0,-14.0
2863,4,4.0,0.0,5.0,3.0,12.0,1.0,-12.0
2864,3,3.0,0.0,1.0,-13.0,-2.0,0.0,-7.0
2865,8,8.0,0.0,-11.0,-9.0,-12.0,5.0,7.0
2866,4,4.0,0.0,6.0,12.0,-14.0,7.0,-1.0
2867,5,5.0,0.0,3.0,7.0,-15.0,-10.0,-13.0
2868,4,4.0,0.0,7.0,-4.0,7.0,-4.0,-9.0
2869,7,7.0,0.0,-2.0,12.0,4.0,-6.0,12.0
2870,4,4.0,0.0,-12.0,7.0,-15.0,13.0,11.0
2871,4,4.0,0.0,2.0,-4.0,12.0,12.0,-15.0
2872,7,7.0,0.0,4.0,13.0,-4.0,-6.0,-8.0
2873,5,5.0,0.0,-12.0,11.0,-7.0,9.0,-11.0
2874,3,3.0,0.0,-9.0,-3.0,0.0,1.0,8.0
2875,3,3.0,0.0,-7.0,-6.0,7.0,-11.0,9.0
2876,3,3.0,0.0,-14.0,-11.0,-5.0,7.0,4.0
2877,7,7.0,0.0,-6.0,-2.0,-8.0,4.0,13.0
2878,4,4.0,0.0,7.0,-9.0,-8.0,-11.0,7.0
2879,6,6.0,0.0,2.0,-11.0,-6.0,8.0,-10.0
2880,2,2.0,0.0,3.0,-8.0,8.0,-10.0,11.0
2881,7,7.0,0.0,12.0,-14.0,-7.0,-7.0,6.0
2882,2,2.0,0.0,-11.0,-14.0,4.0,14.0,2.0
2883,3,3.0,0.0,-3.0,-15.0,6.0,1.0,-8.0
2884,7,7.0,0.0,2.0,13.0,13.0,2.0,-14.0
2885,5,5.0,0.0,11.0,2.0,5.0,-1.0,15.0
2886,5,5.0,0.0,13.0,-10.0,-14.0,4.0,-1.0
2887,6,6.0,0.0,-15.0,10.0,-8.0,11.0,8.0
2888,4,4.0,0.0,-9.0,6.0,7.0,12.0,4.0
2889,3,3.0,0.0,10.0,4.0,15.0,-1.0,-8.0
2890,6,6.0,0.0,-2.0,6.0,4.0,8.0,-5.0
2891,2,2.0,0.0,-11.0,-4.0,-1.0,-9.0,12.0
2892,2,2.0,0.0,-12.0,-14.0,-14.0,-14.0,-14.0
2893,4,4.0,0.0,14.0,10.0,-10.0,12.0,13.0
2894,7,7.0,0.0,0.0,-10.0,-4.0,-15.0,8.0
2895,4,4.0,0.0,2.0,-10.0,0.0,-8.0,7.0
2896,3,3.0,0.0,12.0,0.0,12.0,1.0,9.0
2897,7,7.0,0.0,-1.0,-2.0,-4.0,-14.0,13.0
2898,5,5.0,0.0,8.0,8.0,-14.0,-5.0,15.0
2899,4,4.0,0.0,3.0,-4.0,12.0,9.0,-10.0
2900,5,5.0,0.0,-6.0,-10.0,-3.0,15.0,2.0
2901,4,4.0,0.0,9.0,6.0,-1.0,-3.0,4.0
2902,3,3.0,0.0,-3.0,-14.0,7.0,-9.0,13.0
2903,4,4.0,0.0,4.0,5.0,11.0,12.0,7.0
2904,5,5.0,0.0,-12.0,-7.0,0.0,-13.0,15.0
2905,9,9.0,0.0,-4.0,1.0,-12.0,12.0,-6.0
2906,8,8.0,0.0,-4.0,-14.0,-4.0,13.0,8.0
2907,3,3.0,0.0,0.0,-10.0,-4.0,7.0,1.0
2908,0,0.0,0.0,2.0,15.0,-6.0,-5.0,-1.0
2909,4,4.0,0.0,-3.0,-1.0,-4.0,7.0,-12.0
2910,7,7.0,0.0,-3.0,11.0,8.0,-13.0,4.0
2911,4,4.0,0.0,-3.0,14.0,2.0,11.0,15.0
2912,5,5.0,0.0,-3.0,12.0,-1.0,3.0,14.0
2913,2,2.0,0.0,-5.0,-1.0,15.0,-5.0,-8.0
2914,5,5.0,0.0,-12.0,-11.0,-8.0,-14.0,-3.0
2915,6,6.0,0.0,13.0,-15.0,13.0,9.0,-6.0
2916,6,6.0,0.0,9.0,12.0,-5.0,8.0,-2.0
2917,6,6.0,0.0,-1.0,12.0,4.0,-15.0,-5.0
2918,2,2.0,0.0,1.0,8.0,-14.0,3.0,-11.0
2919,5,5.0,0.0,-12.0,-2.0,-15.0,-12.0,6.0
2920,1,1.0,0.0,9.0,-6.0,-15.0,10.0,7.0
2921,3,3.0,0.0,4.0,-3.0,-13.0,12.0,0.0
2922,6,6.0,0.0,-10.0,3.0,11.0,-6.0,-11.0
2923,4,4.0,0.0,-15.0,2.0,-15.0,-10.0,4.0
2924,4,4.0,0.0,9.0,2.0,14.0,0.0,-2.0
2925,6,6.0,0.0,-14.0,9.0,-1.0,-7.0,-11.0
2926,7,7.0,0.0,7.0,14.0,7.0,-5.0,-6.0
2927,6,6.0,0.0,-9.0,1.0,-13.0,10.0,4.0
2928,4,4.0,0.0,-6.0,-13.0,-3.0,14.0,-14.0
2929,4,4.0,0.0,4.0,-9.0,4.0,13.0,-11.0
2930,3,3.0,0.0,-4.0,3.0,-2.0,-9.0,-8.0
2931,4,4.0,0.0,-11.0,1.0,-7.0,-15.0,8.0
2932,2,2.0,0.0,1.0,8.0,-13.0,8.0,9.0
2933,5,5.0,0.0,-12.0,-12.0,-2.0,1.0,-7.0
2934,9,9.0,0.0,13.0,-15.0,5.0,8.0,14.0
2935,8,8.0,0.0,-12.0,15.0,3.0,9.0,-5.0
2936,1,1.0,0.0,-13.0,11.0,14.0,-5.0,0.0
2937,6,6.0,0.0,5.0,1.0,7.0,-2.0,11.0
2938,4,4.0,0.0,-14.0,1.0,7.0,-2.0,13.0
2939,4,4.0,0.0,9.0,7.0,10.0,-11.0,8.0
2940,6,6.0,0.0,-11.0,5.0,-14.0,2.0,7.0
2941,4,4.0,0.0,0.0,4.0,10.0,2.0,-4.0
2942,4,4.0,0.0,-14.0,8.0,-8.0,-14.0,12.0
2943,6,6.0,0.0,-7.0,2.0,-11.0,2.0,13.0
2944,3,3.0,0.0,-10.0,13.0,-10.0,-2.0,-5.0
2945,9,9.0,0.0,-11.0,-1.0,13.0,12.0,2.0
2946,5,5.0,0.0,6.0,-13.0,0.0,-1.0,-8.0
2947,4,4.0,0.0,-3.0,-3.0,1.0,11.0,-1.0
2948,4,4.0,0.0,-5.0,-12.0,-3.0,3.0,-10.0
2949,7,7.0,0.0,10.0,8.0,6.0,-5.0,3.0
2950,4,4.0,0.0,-4.0,1.0,15.0,-8.0,15.0
2951,4,4.0,0.0,11.0,-12.0,7.0,-14.0,0.0
2952,3,3.0,0.0,8.0,5.0,1.0,7.0,13.0
2953,5,5.0,0.0,9.0,-7.0,9.0,-14.0,15.0
2954,6,6.0,0.0,-12.0,-14.0,13.0,7.0,12.0
2955,10,10.0,0.0,-2.0,-12.0,12.0,-15.0,-4.0
2956,5,5.0,0.0,14.0,-2.0,-1.0,-1.0,12.0
2957,5,5.0,0.0,3.0,13.0,0.0,0.0,-14.0
2958,5,5.0,0.0,2.0,-11.0,-11.0,-15.0,-6.0
2959,7,7.0,0.0,5.0,2.0,-11.0,12.0,13.0
2960,7,7.0,0.0,7.0,2.0,15.0,-11.0,7.0
2961,7,7.0,0.0,-8.0,-14.0,9.0,7.0,-8.0
2962,5,5.0,0.0,6.0,-14.0,2.0,-4.0,11.0
2963,4,4.0,0.0,-13.0,1.0,-7.0,-6.0,-10.0
2964,5,5.0,0.0,13.0,-2.0,12.0,6.0,-13.0
2965,5,5.0,0.0,-2.0,1.0,-14.0,-15.0,-15.0
2966,6,6.0,0.0,13.0,2.0,14.0,0.0,-12.0
2967,5,5.0,0.0,11.0,15.0,-4.0,2.0,13.0
2968,7,7.0,0.0,7.0,7.0,-8.0,9.0,9.0
2969,6,6.0,0.0,12.0,-13.0,5.0,0.0,12.0
2970,6,6.0,0.0,0.0,-9.0,3.0,6.0,-3.0
2971,9,9.0,0.0,11.0,14.0,14.0,-9.0,8.0
2972,5,5.0,0.0,4.0,-12.0,-13.0,4.0,-14.0
2973,6,6.0,0.0,4.0,-15.0,7.0,10.0,-2.0
2974,4,4.0,0.0,-15.0,-3.0,6.0,8.0,13.0
2975,4,4.0,0.0,-9.0,-11.0,10.0,-10.0,5.0
2976,6,6.0,0.0,15.0,8.0,12.0,-1.0,8.0
2977,4,4.0,0.0,-14.0,15.0,-12.0,10.0,0.0
2978,8,8.0,0.0,6.0,3.0,-10.0,-14.0,0.0
2979,4,4.0,0.0,-10.0,-13.0,4.0,10.0,2.0
2980,3,3.0,0.0,-2.0,10.0,2.0,-1.0,-1.0
2981,5,5.0,0.0,15.0,-9.0,-6.0,3.0,-6.0
2982,4,4.0,0.0,8.0,4.0,8.0,12.0,-10.0
2983,4,4.0,0.0,9.0,11.0,1.0,1.0,-8.0
2984,9,9.0,0.0,-7.0,6.0,-7.0,-3.0,6.0
2985,2,2.0,0.0,-5.0,-3.0,-8.0,-8.0,0.0
2986,5,5.0,0.0,9.0,13.0,9.0,-5.0,-8.0
2987,5,5.0,0.0,3.0,14.0,-7.0,-3.0,-1.0
2988,6,6.0,0.0,-15.0,-13.0,7.0,13.0,-12.0
2989,6,6.0,0.0,0.0,9.0,-3.0,-3.0,11.0
2990,6,6.0,0.0,-3.0,4.0,1.0,-3.0,-5.0
2991,7,7.0,0.0,15.0,-1.0,11.0,7.0,-5.0
2992,3,3.0,0.0,12.0,3.0,7.0,5.0,-8.0
2993,4,4.0,0.0,2.0,9.0,-3.0,9.0,13.0
2994,4,4.0,0.0,-14.0,-15.0,10.0,-12.0,12.0
2995,3,3.0,0.0,6.0,-15.0,3.0,9.0,-11.0
2996,6,6.0,0.0,5.0,14.0,15.0,1.0,2.0
2997,5,5.0,0.0,-3.0,3.0,-7.0,10.0,-1.0
2998,5,5.0,0.0,-1.0,-14.0,8.0,9.0,-6.0
2999,6,6.0,0.0,-12.0,-9.0,8.0,3.0,5.0
