trial_id,et_date,pnl
RIDGE1.TAKER.m0.primary,2025-09-08,-5.38
RIDGE1.TAKER.m0.primary,2025-09-11,-0.23999999999999977
RIDGE1.TAKER.m0.primary,2025-09-12,-2.3999999999999995
RIDGE1.TAKER.m0.primary,2025-09-13,-6.77
RIDGE1.TAKER.m0.primary,2025-09-14,0.1700000000000017
RIDGE1.TAKER.m0.primary,2025-09-15,-10.14
RIDGE1.TAKER.m0.primary,2025-09-18,-2.34
RIDGE1.TAKER.m0.primary,2025-09-19,-14.2
RIDGE1.TAKER.m0.primary,2025-09-20,18.97
RIDGE1.TAKER.m0.primary,2025-09-21,-35.54
RIDGE1.TAKER.m0.primary,2025-09-22,-7.15
RIDGE1.TAKER.m0.primary,2025-09-25,6.68
RIDGE1.TAKER.m0.primary,2025-09-26,1.7199999999999989
RIDGE1.TAKER.m0.primary,2025-09-27,9.329999999999998
RIDGE1.TAKER.m0.primary,2025-09-28,-13.58
RIDGE1.TAKER.m0.primary,2025-09-29,0.029999999999999805
RIDGE1.TAKER.m0.primary,2025-10-02,1.25
RIDGE1.TAKER.m0.primary,2025-10-03,-3.12
RIDGE1.TAKER.m0.primary,2025-10-04,-9.849999999999998
RIDGE1.TAKER.m0.primary,2025-10-05,-24.090000000000003
RIDGE1.TAKER.m0.primary,2025-10-06,-6.57
RIDGE1.TAKER.m0.primary,2025-10-08,-8.799999999999999
RIDGE1.TAKER.m0.primary,2025-10-09,0.25
RIDGE1.TAKER.m0.primary,2025-10-10,2.5300000000000002
RIDGE1.TAKER.m0.primary,2025-10-11,-20.750000000000004
RIDGE1.TAKER.m0.primary,2025-10-12,-36.1
RIDGE1.TAKER.m0.primary,2025-10-13,10.65
RIDGE1.TAKER.m0.primary,2025-10-14,-13.24
RIDGE1.TAKER.m0.primary,2025-10-15,7.12
RIDGE1.TAKER.m0.primary,2025-10-16,8.5
RIDGE1.TAKER.m0.primary,2025-10-17,-14.77
RIDGE1.TAKER.m0.primary,2025-10-18,-3.290000000000001
RIDGE1.TAKER.m0.primary,2025-10-19,-1.75
RIDGE1.TAKER.m0.primary,2025-10-20,-1.42
RIDGE1.TAKER.m0.primary,2025-10-21,4.21
RIDGE1.TAKER.m0.primary,2025-10-22,6.119999999999999
RIDGE1.TAKER.m0.primary,2025-10-23,-4.92
RIDGE1.TAKER.m0.primary,2025-10-24,4.94
RIDGE1.TAKER.m0.primary,2025-10-25,33.63
RIDGE1.TAKER.m0.primary,2025-10-26,14.0
RIDGE1.TAKER.m0.primary,2025-10-27,1.41
RIDGE1.TAKER.m0.primary,2025-10-28,-2.8699999999999997
RIDGE1.TAKER.m0.primary,2025-10-29,6.470000000000001
RIDGE1.TAKER.m0.primary,2025-10-30,-0.6300000000000003
RIDGE1.TAKER.m0.primary,2025-10-31,5.57
RIDGE1.TAKER.m0.primary,2025-11-01,39.37
RIDGE1.TAKER.m0.primary,2025-11-02,-11.87
RIDGE1.TAKER.m0.primary,2025-11-03,6.03
RIDGE1.TAKER.m0.primary,2025-11-04,2.2300000000000004
RIDGE1.TAKER.m0.primary,2025-11-05,2.32
RIDGE1.TAKER.m0.primary,2025-11-06,-3.14
RIDGE1.TAKER.m0.primary,2025-11-07,-4.369999999999999
RIDGE1.TAKER.m0.primary,2025-11-08,-22.870000000000005
RIDGE1.TAKER.m0.primary,2025-11-09,4.75
RIDGE1.TAKER.m0.primary,2025-11-10,-5.18
RIDGE1.TAKER.m0.primary,2025-11-11,2.8900000000000006
RIDGE1.TAKER.m0.primary,2025-11-12,3.93
RIDGE1.TAKER.m0.primary,2025-11-13,0.36
RIDGE1.TAKER.m0.primary,2025-11-14,5.12
RIDGE1.TAKER.m0.primary,2025-11-15,-24.11
RIDGE1.TAKER.m0.primary,2025-11-16,0.36999999999999744
RIDGE1.TAKER.m0.primary,2025-11-17,-4.27
RIDGE1.TAKER.m0.primary,2025-11-18,-10.48
RIDGE1.TAKER.m0.primary,2025-11-19,3.3099999999999996
RIDGE1.TAKER.m0.primary,2025-11-20,0.7599999999999998
RIDGE1.TAKER.m0.primary,2025-11-21,-1.9399999999999995
RIDGE1.TAKER.m0.primary,2025-11-22,26.979999999999997
RIDGE1.TAKER.m0.primary,2025-11-23,-30.44
RIDGE1.TAKER.m0.primary,2025-11-24,1.5
RIDGE1.TAKER.m0.primary,2025-11-25,-3.27
RIDGE1.TAKER.m0.primary,2025-11-27,11.98
RIDGE1.TAKER.m0.primary,2025-11-28,12.39
RIDGE1.TAKER.m0.primary,2025-11-29,-16.84
RIDGE1.TAKER.m0.primary,2025-11-30,-4.9799999999999995
RIDGE1.TAKER.m0.primary,2025-12-01,-1.59
RIDGE1.TAKER.m0.primary,2025-12-04,3.04
RIDGE1.TAKER.m0.primary,2025-12-05,-9.51
RIDGE1.TAKER.m0.primary,2025-12-06,4.879999999999999
RIDGE1.TAKER.m0.primary,2025-12-07,14.370000000000001
RIDGE1.TAKER.m0.primary,2025-12-08,-4.58
RIDGE1.TAKER.m0.primary,2025-12-11,6.95
RIDGE1.TAKER.m0.primary,2025-12-13,-7.559999999999999
RIDGE1.TAKER.m0.primary,2025-12-14,18.92
RIDGE1.TAKER.m0.primary,2025-12-15,-4.07
RIDGE1.TAKER.m0.primary,2025-12-16,-2.53
RIDGE1.TAKER.m0.primary,2025-12-17,-9.85
RIDGE1.TAKER.m0.primary,2025-12-18,-5.63
RIDGE1.TAKER.m0.primary,2025-12-19,-1.4000000000000004
RIDGE1.TAKER.m0.primary,2025-12-20,3.9800000000000004
RIDGE1.TAKER.m0.primary,2025-12-21,-7.64
RIDGE1.TAKER.m0.primary,2025-12-22,4.07
RIDGE1.TAKER.m0.primary,2025-12-23,1.4100000000000001
RIDGE1.TAKER.m0.primary,2025-12-24,5.42
RIDGE1.TAKER.m0.primary,2025-12-25,-4.82
RIDGE1.TAKER.m0.primary,2025-12-26,0.8300000000000001
RIDGE1.TAKER.m0.primary,2025-12-27,-1.9300000000000002
RIDGE1.TAKER.m0.primary,2025-12-28,20.95
RIDGE1.TAKER.m0.primary,2025-12-29,-9.53
RIDGE1.TAKER.m0.primary,2025-12-30,-6.220000000000001
RIDGE1.TAKER.m0.primary,2025-12-31,-6.4399999999999995
RIDGE1.TAKER.m0.primary,2026-01-01,9.4
RIDGE1.TAKER.m0.primary,2026-01-02,-1.7400000000000002
RIDGE1.TAKER.m0.primary,2026-01-03,-8.75
RIDGE1.TAKER.m0.primary,2026-01-04,15.900000000000002
RIDGE1.TAKER.m0.primary,2026-01-10,-6.710000000000001
RIDGE1.TAKER.m0.primary,2026-01-11,-3.5200000000000005
RIDGE1.TAKER.m0.primary,2026-01-12,-4.38
RIDGE1.TAKER.m0.primary,2026-01-17,-2.3300000000000005
RIDGE1.TAKER.m0.primary,2026-01-18,-5.79
RIDGE1.TAKER.m0.all,2025-09-08,-23.3
RIDGE1.TAKER.m0.all,2025-09-11,-18.2
RIDGE1.TAKER.m0.all,2025-09-12,-10.07
RIDGE1.TAKER.m0.all,2025-09-13,43.86
RIDGE1.TAKER.m0.all,2025-09-14,-94.21
RIDGE1.TAKER.m0.all,2025-09-15,-34.39
RIDGE1.TAKER.m0.all,2025-09-16,-0.78
RIDGE1.TAKER.m0.all,2025-09-18,-25.330000000000002
RIDGE1.TAKER.m0.all,2025-09-19,-2.9099999999999997
RIDGE1.TAKER.m0.all,2025-09-20,44.68999999999999
RIDGE1.TAKER.m0.all,2025-09-21,-107.66
RIDGE1.TAKER.m0.all,2025-09-22,58.83
RIDGE1.TAKER.m0.all,2025-09-25,-6.150000000000001
RIDGE1.TAKER.m0.all,2025-09-26,74.58
RIDGE1.TAKER.m0.all,2025-09-27,135.60999999999999
RIDGE1.TAKER.m0.all,2025-09-28,-28.19
RIDGE1.TAKER.m0.all,2025-09-29,4.9799999999999995
RIDGE1.TAKER.m0.all,2025-10-02,74.98
RIDGE1.TAKER.m0.all,2025-10-03,6.8100000000000005
RIDGE1.TAKER.m0.all,2025-10-04,-191.72
RIDGE1.TAKER.m0.all,2025-10-05,227.82
RIDGE1.TAKER.m0.all,2025-10-06,25.75
RIDGE1.TAKER.m0.all,2025-10-08,-16.04
RIDGE1.TAKER.m0.all,2025-10-09,26.98
RIDGE1.TAKER.m0.all,2025-10-10,6.920000000000001
RIDGE1.TAKER.m0.all,2025-10-11,-247.68
RIDGE1.TAKER.m0.all,2025-10-12,-250.81
RIDGE1.TAKER.m0.all,2025-10-13,103.3
RIDGE1.TAKER.m0.all,2025-10-14,-20.16
RIDGE1.TAKER.m0.all,2025-10-15,1.3200000000000003
RIDGE1.TAKER.m0.all,2025-10-16,20.59
RIDGE1.TAKER.m0.all,2025-10-17,12.389999999999999
RIDGE1.TAKER.m0.all,2025-10-18,28.020000000000003
RIDGE1.TAKER.m0.all,2025-10-19,-182.63
RIDGE1.TAKER.m0.all,2025-10-20,-12.38
RIDGE1.TAKER.m0.all,2025-10-21,5.32
RIDGE1.TAKER.m0.all,2025-10-22,12.67
RIDGE1.TAKER.m0.all,2025-10-23,-11.23
RIDGE1.TAKER.m0.all,2025-10-24,29.27
RIDGE1.TAKER.m0.all,2025-10-25,174.94
RIDGE1.TAKER.m0.all,2025-10-26,79.82
RIDGE1.TAKER.m0.all,2025-10-27,-14.4
RIDGE1.TAKER.m0.all,2025-10-28,-16.95
RIDGE1.TAKER.m0.all,2025-10-29,52.39
RIDGE1.TAKER.m0.all,2025-10-30,-32.4
RIDGE1.TAKER.m0.all,2025-10-31,5.57
RIDGE1.TAKER.m0.all,2025-11-01,261.24
RIDGE1.TAKER.m0.all,2025-11-02,-32.43
RIDGE1.TAKER.m0.all,2025-11-03,12.790000000000001
RIDGE1.TAKER.m0.all,2025-11-04,52.760000000000005
RIDGE1.TAKER.m0.all,2025-11-05,17.75
RIDGE1.TAKER.m0.all,2025-11-06,-30.48
RIDGE1.TAKER.m0.all,2025-11-07,-16.439999999999998
RIDGE1.TAKER.m0.all,2025-11-08,49.099999999999994
RIDGE1.TAKER.m0.all,2025-11-09,-6.6600000000000055
RIDGE1.TAKER.m0.all,2025-11-10,-24.09
RIDGE1.TAKER.m0.all,2025-11-11,16.81
RIDGE1.TAKER.m0.all,2025-11-12,15.459999999999999
RIDGE1.TAKER.m0.all,2025-11-13,-15.77
RIDGE1.TAKER.m0.all,2025-11-14,-11.54
RIDGE1.TAKER.m0.all,2025-11-15,-117.3
RIDGE1.TAKER.m0.all,2025-11-16,-106.41
RIDGE1.TAKER.m0.all,2025-11-17,-12.01
RIDGE1.TAKER.m0.all,2025-11-18,-134.23
RIDGE1.TAKER.m0.all,2025-11-19,36.29
RIDGE1.TAKER.m0.all,2025-11-20,24.77
RIDGE1.TAKER.m0.all,2025-11-21,22.84
RIDGE1.TAKER.m0.all,2025-11-22,304.65
RIDGE1.TAKER.m0.all,2025-11-23,-311.71
RIDGE1.TAKER.m0.all,2025-11-24,5.07
RIDGE1.TAKER.m0.all,2025-11-25,-25.27
RIDGE1.TAKER.m0.all,2025-11-27,31.71
RIDGE1.TAKER.m0.all,2025-11-28,36.31
RIDGE1.TAKER.m0.all,2025-11-29,44.7
RIDGE1.TAKER.m0.all,2025-11-30,-23.190000000000005
RIDGE1.TAKER.m0.all,2025-12-01,-5.5600000000000005
RIDGE1.TAKER.m0.all,2025-12-04,10.66
RIDGE1.TAKER.m0.all,2025-12-05,-35.48
RIDGE1.TAKER.m0.all,2025-12-06,80.05
RIDGE1.TAKER.m0.all,2025-12-07,-41.14
RIDGE1.TAKER.m0.all,2025-12-08,-22.6
RIDGE1.TAKER.m0.all,2025-12-11,10.870000000000001
RIDGE1.TAKER.m0.all,2025-12-13,-58.25
RIDGE1.TAKER.m0.all,2025-12-14,-123.25
RIDGE1.TAKER.m0.all,2025-12-15,-8.040000000000001
RIDGE1.TAKER.m0.all,2025-12-16,-66.19
RIDGE1.TAKER.m0.all,2025-12-17,-84.0
RIDGE1.TAKER.m0.all,2025-12-18,-27.59
RIDGE1.TAKER.m0.all,2025-12-19,-1.1800000000000006
RIDGE1.TAKER.m0.all,2025-12-20,-108.66
RIDGE1.TAKER.m0.all,2025-12-21,-83.32000000000001
RIDGE1.TAKER.m0.all,2025-12-22,2.8499999999999996
RIDGE1.TAKER.m0.all,2025-12-23,23.919999999999998
RIDGE1.TAKER.m0.all,2025-12-24,44.550000000000004
RIDGE1.TAKER.m0.all,2025-12-25,-18.92
RIDGE1.TAKER.m0.all,2025-12-26,1.6500000000000001
RIDGE1.TAKER.m0.all,2025-12-27,56.43
RIDGE1.TAKER.m0.all,2025-12-28,12.880000000000003
RIDGE1.TAKER.m0.all,2025-12-29,-3.83
RIDGE1.TAKER.m0.all,2025-12-30,-44.39
RIDGE1.TAKER.m0.all,2025-12-31,-1.9499999999999984
RIDGE1.TAKER.m0.all,2026-01-01,30.330000000000002
RIDGE1.TAKER.m0.all,2026-01-02,-30.26
RIDGE1.TAKER.m0.all,2026-01-03,-0.32000000000000023
RIDGE1.TAKER.m0.all,2026-01-04,29.51
RIDGE1.TAKER.m0.all,2026-01-10,-14.350000000000001
RIDGE1.TAKER.m0.all,2026-01-11,-11.420000000000002
RIDGE1.TAKER.m0.all,2026-01-12,-24.86
RIDGE1.TAKER.m0.all,2026-01-17,-2.570000000000001
RIDGE1.TAKER.m0.all,2026-01-18,-36.15
RIDGE1.TAKER.m1.primary,2025-09-08,-5.38
RIDGE1.TAKER.m1.primary,2025-09-11,-0.23999999999999977
RIDGE1.TAKER.m1.primary,2025-09-12,-9.5
RIDGE1.TAKER.m1.primary,2025-09-13,14.6
RIDGE1.TAKER.m1.primary,2025-09-14,0.1700000000000017
RIDGE1.TAKER.m1.primary,2025-09-15,-10.14
RIDGE1.TAKER.m1.primary,2025-09-18,-2.54
RIDGE1.TAKER.m1.primary,2025-09-19,-10.61
RIDGE1.TAKER.m1.primary,2025-09-20,18.73
RIDGE1.TAKER.m1.primary,2025-09-21,8.619999999999997
RIDGE1.TAKER.m1.primary,2025-09-22,-7.15
RIDGE1.TAKER.m1.primary,2025-09-25,6.68
RIDGE1.TAKER.m1.primary,2025-09-26,1.7199999999999989
RIDGE1.TAKER.m1.primary,2025-09-27,4.620000000000001
RIDGE1.TAKER.m1.primary,2025-09-28,-8.45
RIDGE1.TAKER.m1.primary,2025-09-29,0.65
RIDGE1.TAKER.m1.primary,2025-10-02,5.42
RIDGE1.TAKER.m1.primary,2025-10-03,1.68
RIDGE1.TAKER.m1.primary,2025-10-04,-6.259999999999999
RIDGE1.TAKER.m1.primary,2025-10-05,15.419999999999998
RIDGE1.TAKER.m1.primary,2025-10-06,-6.57
RIDGE1.TAKER.m1.primary,2025-10-08,-8.799999999999999
RIDGE1.TAKER.m1.primary,2025-10-09,4.15
RIDGE1.TAKER.m1.primary,2025-10-10,4.54
RIDGE1.TAKER.m1.primary,2025-10-11,-11.560000000000002
RIDGE1.TAKER.m1.primary,2025-10-12,-23.5
RIDGE1.TAKER.m1.primary,2025-10-13,10.65
RIDGE1.TAKER.m1.primary,2025-10-14,-13.350000000000001
RIDGE1.TAKER.m1.primary,2025-10-15,5.62
RIDGE1.TAKER.m1.primary,2025-10-16,4.27
RIDGE1.TAKER.m1.primary,2025-10-17,-10.47
RIDGE1.TAKER.m1.primary,2025-10-18,31.14
RIDGE1.TAKER.m1.primary,2025-10-19,-11.329999999999998
RIDGE1.TAKER.m1.primary,2025-10-20,-1.42
RIDGE1.TAKER.m1.primary,2025-10-21,5.78
RIDGE1.TAKER.m1.primary,2025-10-22,6.119999999999999
RIDGE1.TAKER.m1.primary,2025-10-23,-3.59
RIDGE1.TAKER.m1.primary,2025-10-24,6.08
RIDGE1.TAKER.m1.primary,2025-10-25,39.04
RIDGE1.TAKER.m1.primary,2025-10-26,0.34999999999999964
RIDGE1.TAKER.m1.primary,2025-10-27,1.41
RIDGE1.TAKER.m1.primary,2025-10-28,-2.8699999999999997
RIDGE1.TAKER.m1.primary,2025-10-29,6.470000000000001
RIDGE1.TAKER.m1.primary,2025-10-30,-0.73
RIDGE1.TAKER.m1.primary,2025-10-31,0.65
RIDGE1.TAKER.m1.primary,2025-11-01,44.87
RIDGE1.TAKER.m1.primary,2025-11-02,-4.970000000000001
RIDGE1.TAKER.m1.primary,2025-11-03,6.03
RIDGE1.TAKER.m1.primary,2025-11-04,3.93
RIDGE1.TAKER.m1.primary,2025-11-05,2.65
RIDGE1.TAKER.m1.primary,2025-11-06,-3.1
RIDGE1.TAKER.m1.primary,2025-11-07,-4.369999999999999
RIDGE1.TAKER.m1.primary,2025-11-08,-16.130000000000003
RIDGE1.TAKER.m1.primary,2025-11-09,-9.06
RIDGE1.TAKER.m1.primary,2025-11-10,-5.18
RIDGE1.TAKER.m1.primary,2025-11-11,2.8900000000000006
RIDGE1.TAKER.m1.primary,2025-11-12,3.93
RIDGE1.TAKER.m1.primary,2025-11-13,0.79
RIDGE1.TAKER.m1.primary,2025-11-14,5.12
RIDGE1.TAKER.m1.primary,2025-11-15,-14.719999999999997
RIDGE1.TAKER.m1.primary,2025-11-16,7.989999999999998
RIDGE1.TAKER.m1.primary,2025-11-17,-2.22
RIDGE1.TAKER.m1.primary,2025-11-18,-10.48
RIDGE1.TAKER.m1.primary,2025-11-19,3.3099999999999996
RIDGE1.TAKER.m1.primary,2025-11-20,5.12
RIDGE1.TAKER.m1.primary,2025-11-21,-1.9399999999999995
RIDGE1.TAKER.m1.primary,2025-11-22,31.88
RIDGE1.TAKER.m1.primary,2025-11-23,-31.25
RIDGE1.TAKER.m1.primary,2025-11-24,2.07
RIDGE1.TAKER.m1.primary,2025-11-25,-3.27
RIDGE1.TAKER.m1.primary,2025-11-27,6.15
RIDGE1.TAKER.m1.primary,2025-11-28,10.559999999999999
RIDGE1.TAKER.m1.primary,2025-11-29,-15.6
RIDGE1.TAKER.m1.primary,2025-11-30,-2.2700000000000005
RIDGE1.TAKER.m1.primary,2025-12-01,-1.59
RIDGE1.TAKER.m1.primary,2025-12-04,1.98
RIDGE1.TAKER.m1.primary,2025-12-05,-11.55
RIDGE1.TAKER.m1.primary,2025-12-06,4.369999999999999
RIDGE1.TAKER.m1.primary,2025-12-07,-11.31
RIDGE1.TAKER.m1.primary,2025-12-08,-2.53
RIDGE1.TAKER.m1.primary,2025-12-11,6.95
RIDGE1.TAKER.m1.primary,2025-12-13,-12.34
RIDGE1.TAKER.m1.primary,2025-12-14,-6.109999999999999
RIDGE1.TAKER.m1.primary,2025-12-15,-4.07
RIDGE1.TAKER.m1.primary,2025-12-16,-2.53
RIDGE1.TAKER.m1.primary,2025-12-17,-5.31
RIDGE1.TAKER.m1.primary,2025-12-18,-4.88
RIDGE1.TAKER.m1.primary,2025-12-19,-2.22
RIDGE1.TAKER.m1.primary,2025-12-20,3.42
RIDGE1.TAKER.m1.primary,2025-12-21,-3.9699999999999998
RIDGE1.TAKER.m1.primary,2025-12-22,3.69
RIDGE1.TAKER.m1.primary,2025-12-23,3.76
RIDGE1.TAKER.m1.primary,2025-12-24,8.41
RIDGE1.TAKER.m1.primary,2025-12-25,9.04
RIDGE1.TAKER.m1.primary,2025-12-26,0.27
RIDGE1.TAKER.m1.primary,2025-12-27,8.57
RIDGE1.TAKER.m1.primary,2025-12-28,9.200000000000001
RIDGE1.TAKER.m1.primary,2025-12-29,3.8199999999999994
RIDGE1.TAKER.m1.primary,2025-12-30,-5.430000000000001
RIDGE1.TAKER.m1.primary,2025-12-31,-1.5599999999999996
RIDGE1.TAKER.m1.primary,2026-01-01,6.03
RIDGE1.TAKER.m1.primary,2026-01-02,-2.53
RIDGE1.TAKER.m1.primary,2026-01-03,-4.27
RIDGE1.TAKER.m1.primary,2026-01-04,10.490000000000002
RIDGE1.TAKER.m1.primary,2026-01-11,-7.15
RIDGE1.TAKER.m1.primary,2026-01-12,-4.38
RIDGE1.TAKER.m1.primary,2026-01-17,-2.3300000000000005
RIDGE1.TAKER.m1.primary,2026-01-18,-6.4
RIDGE1.TAKER.m1.all,2025-09-08,-16.54
RIDGE1.TAKER.m1.all,2025-09-11,-12.82
RIDGE1.TAKER.m1.all,2025-09-12,16.87
RIDGE1.TAKER.m1.all,2025-09-13,50.0
RIDGE1.TAKER.m1.all,2025-09-14,-84.52
RIDGE1.TAKER.m1.all,2025-09-15,-33.95
RIDGE1.TAKER.m1.all,2025-09-16,0.18
RIDGE1.TAKER.m1.all,2025-09-18,-18.38
RIDGE1.TAKER.m1.all,2025-09-19,-4.95
RIDGE1.TAKER.m1.all,2025-09-20,59.459999999999994
RIDGE1.TAKER.m1.all,2025-09-21,-61.900000000000006
RIDGE1.TAKER.m1.all,2025-09-22,63.03
RIDGE1.TAKER.m1.all,2025-09-25,1.09
RIDGE1.TAKER.m1.all,2025-09-26,76.51
RIDGE1.TAKER.m1.all,2025-09-27,116.47
RIDGE1.TAKER.m1.all,2025-09-28,7.169999999999996
RIDGE1.TAKER.m1.all,2025-09-29,0.65
RIDGE1.TAKER.m1.all,2025-10-02,78.53
RIDGE1.TAKER.m1.all,2025-10-03,2.6
RIDGE1.TAKER.m1.all,2025-10-04,-146.42
RIDGE1.TAKER.m1.all,2025-10-05,224.0
RIDGE1.TAKER.m1.all,2025-10-06,10.7
RIDGE1.TAKER.m1.all,2025-10-08,-14.0
RIDGE1.TAKER.m1.all,2025-10-09,30.27
RIDGE1.TAKER.m1.all,2025-10-10,4.54
RIDGE1.TAKER.m1.all,2025-10-11,-205.04999999999998
RIDGE1.TAKER.m1.all,2025-10-12,-182.19
RIDGE1.TAKER.m1.all,2025-10-13,88.76
RIDGE1.TAKER.m1.all,2025-10-14,-21.32
RIDGE1.TAKER.m1.all,2025-10-15,0.8399999999999999
RIDGE1.TAKER.m1.all,2025-10-16,9.3
RIDGE1.TAKER.m1.all,2025-10-17,19.12
RIDGE1.TAKER.m1.all,2025-10-18,52.43000000000001
RIDGE1.TAKER.m1.all,2025-10-19,-117.12
RIDGE1.TAKER.m1.all,2025-10-20,-11.959999999999999
RIDGE1.TAKER.m1.all,2025-10-21,7.760000000000001
RIDGE1.TAKER.m1.all,2025-10-22,9.58
RIDGE1.TAKER.m1.all,2025-10-23,-0.6699999999999999
RIDGE1.TAKER.m1.all,2025-10-24,24.64
RIDGE1.TAKER.m1.all,2025-10-25,138.97
RIDGE1.TAKER.m1.all,2025-10-26,77.39
RIDGE1.TAKER.m1.all,2025-10-27,-8.93
RIDGE1.TAKER.m1.all,2025-10-28,-13.5
RIDGE1.TAKER.m1.all,2025-10-29,42.75
RIDGE1.TAKER.m1.all,2025-10-30,-14.450000000000001
RIDGE1.TAKER.m1.all,2025-10-31,0.65
RIDGE1.TAKER.m1.all,2025-11-01,195.7
RIDGE1.TAKER.m1.all,2025-11-02,-46.84
RIDGE1.TAKER.m1.all,2025-11-03,8.870000000000001
RIDGE1.TAKER.m1.all,2025-11-04,46.67
RIDGE1.TAKER.m1.all,2025-11-05,12.37
RIDGE1.TAKER.m1.all,2025-11-06,-22.82
RIDGE1.TAKER.m1.all,2025-11-07,-16.07
RIDGE1.TAKER.m1.all,2025-11-08,18.779999999999998
RIDGE1.TAKER.m1.all,2025-11-09,-13.370000000000005
RIDGE1.TAKER.m1.all,2025-11-10,-8.649999999999999
RIDGE1.TAKER.m1.all,2025-11-11,25.13
RIDGE1.TAKER.m1.all,2025-11-12,11.93
RIDGE1.TAKER.m1.all,2025-11-13,-10.99
RIDGE1.TAKER.m1.all,2025-11-14,-12.809999999999999
RIDGE1.TAKER.m1.all,2025-11-15,-80.69
RIDGE1.TAKER.m1.all,2025-11-16,-92.17999999999999
RIDGE1.TAKER.m1.all,2025-11-17,-3.5
RIDGE1.TAKER.m1.all,2025-11-18,-134.19
RIDGE1.TAKER.m1.all,2025-11-19,32.6
RIDGE1.TAKER.m1.all,2025-11-20,5.12
RIDGE1.TAKER.m1.all,2025-11-21,14.740000000000002
RIDGE1.TAKER.m1.all,2025-11-22,263.65
RIDGE1.TAKER.m1.all,2025-11-23,-227.53
RIDGE1.TAKER.m1.all,2025-11-24,2.07
RIDGE1.TAKER.m1.all,2025-11-25,-25.02
RIDGE1.TAKER.m1.all,2025-11-27,-7.900000000000001
RIDGE1.TAKER.m1.all,2025-11-28,1.2099999999999989
RIDGE1.TAKER.m1.all,2025-11-29,63.87
RIDGE1.TAKER.m1.all,2025-11-30,-5.620000000000001
RIDGE1.TAKER.m1.all,2025-12-01,-4.9
RIDGE1.TAKER.m1.all,2025-12-04,1.02
RIDGE1.TAKER.m1.all,2025-12-05,-30.8
RIDGE1.TAKER.m1.all,2025-12-06,51.33
RIDGE1.TAKER.m1.all,2025-12-07,-47.87
RIDGE1.TAKER.m1.all,2025-12-08,-13.95
RIDGE1.TAKER.m1.all,2025-12-11,15.36
RIDGE1.TAKER.m1.all,2025-12-13,-47.58
RIDGE1.TAKER.m1.all,2025-12-14,-119.67999999999999
RIDGE1.TAKER.m1.all,2025-12-15,-8.040000000000001
RIDGE1.TAKER.m1.all,2025-12-16,-64.78
RIDGE1.TAKER.m1.all,2025-12-17,-72.38
RIDGE1.TAKER.m1.all,2025-12-18,-12.42
RIDGE1.TAKER.m1.all,2025-12-19,-2.6500000000000004
RIDGE1.TAKER.m1.all,2025-12-20,-89.3
RIDGE1.TAKER.m1.all,2025-12-21,-88.08
RIDGE1.TAKER.m1.all,2025-12-22,3.69
RIDGE1.TAKER.m1.all,2025-12-23,10.629999999999999
RIDGE1.TAKER.m1.all,2025-12-24,8.41
RIDGE1.TAKER.m1.all,2025-12-25,-20.950000000000003
RIDGE1.TAKER.m1.all,2025-12-26,0.27
RIDGE1.TAKER.m1.all,2025-12-27,70.65
RIDGE1.TAKER.m1.all,2025-12-28,20.740000000000002
RIDGE1.TAKER.m1.all,2025-12-29,6.45
RIDGE1.TAKER.m1.all,2025-12-30,-5.48
RIDGE1.TAKER.m1.all,2025-12-31,2.2200000000000006
RIDGE1.TAKER.m1.all,2026-01-01,11.760000000000002
RIDGE1.TAKER.m1.all,2026-01-02,-25.62
RIDGE1.TAKER.m1.all,2026-01-03,-4.27
RIDGE1.TAKER.m1.all,2026-01-04,40.29
RIDGE1.TAKER.m1.all,2026-01-11,-14.2
RIDGE1.TAKER.m1.all,2026-01-12,-16.22
RIDGE1.TAKER.m1.all,2026-01-17,-3.7200000000000006
RIDGE1.TAKER.m1.all,2026-01-18,-9.06
RIDGE1.MAKER.m0.primary,2025-09-08,-6.45
RIDGE1.MAKER.m0.primary,2025-09-11,0.0
RIDGE1.MAKER.m0.primary,2025-09-12,-0.4399999999999995
RIDGE1.MAKER.m0.primary,2025-09-13,11.71
RIDGE1.MAKER.m0.primary,2025-09-14,4.049999999999999
RIDGE1.MAKER.m0.primary,2025-09-15,-9.5
RIDGE1.MAKER.m0.primary,2025-09-18,-1.77
RIDGE1.MAKER.m0.primary,2025-09-19,-12.19
RIDGE1.MAKER.m0.primary,2025-09-20,-55.94
RIDGE1.MAKER.m0.primary,2025-09-21,-9.8
RIDGE1.MAKER.m0.primary,2025-09-22,6.76
RIDGE1.MAKER.m0.primary,2025-09-25,6.12
RIDGE1.MAKER.m0.primary,2025-09-26,-10.33
RIDGE1.MAKER.m0.primary,2025-09-27,6.149999999999998
RIDGE1.MAKER.m0.primary,2025-09-28,-25.13
RIDGE1.MAKER.m0.primary,2025-09-29,7.42
RIDGE1.MAKER.m0.primary,2025-10-02,-2.88
RIDGE1.MAKER.m0.primary,2025-10-03,-0.23999999999999988
RIDGE1.MAKER.m0.primary,2025-10-04,-21.82
RIDGE1.MAKER.m0.primary,2025-10-05,-8.610000000000001
RIDGE1.MAKER.m0.primary,2025-10-06,7.26
RIDGE1.MAKER.m0.primary,2025-10-08,2.71
RIDGE1.MAKER.m0.primary,2025-10-09,-14.41
RIDGE1.MAKER.m0.primary,2025-10-10,13.86
RIDGE1.MAKER.m0.primary,2025-10-11,1.5700000000000012
RIDGE1.MAKER.m0.primary,2025-10-12,-17.43
RIDGE1.MAKER.m0.primary,2025-10-13,12.2
RIDGE1.MAKER.m0.primary,2025-10-14,13.0
RIDGE1.MAKER.m0.primary,2025-10-15,0.2999999999999998
RIDGE1.MAKER.m0.primary,2025-10-16,9.45
RIDGE1.MAKER.m0.primary,2025-10-17,-12.469999999999999
RIDGE1.MAKER.m0.primary,2025-10-18,-15.269999999999998
RIDGE1.MAKER.m0.primary,2025-10-19,-22.61
RIDGE1.MAKER.m0.primary,2025-10-20,-4.57
RIDGE1.MAKER.m0.primary,2025-10-21,-6.18
RIDGE1.MAKER.m0.primary,2025-10-22,-1.27
RIDGE1.MAKER.m0.primary,2025-10-23,-4.57
RIDGE1.MAKER.m0.primary,2025-10-24,3.92
RIDGE1.MAKER.m0.primary,2025-10-25,62.39
RIDGE1.MAKER.m0.primary,2025-10-26,-8.120000000000001
RIDGE1.MAKER.m0.primary,2025-10-27,-1.93
RIDGE1.MAKER.m0.primary,2025-10-28,-3.96
RIDGE1.MAKER.m0.primary,2025-10-29,8.3
RIDGE1.MAKER.m0.primary,2025-10-30,-15.51
RIDGE1.MAKER.m0.primary,2025-10-31,-4.36
RIDGE1.MAKER.m0.primary,2025-11-01,-19.93
RIDGE1.MAKER.m0.primary,2025-11-02,-5.85
RIDGE1.MAKER.m0.primary,2025-11-03,-5.45
RIDGE1.MAKER.m0.primary,2025-11-04,3.33
RIDGE1.MAKER.m0.primary,2025-11-05,4.63
RIDGE1.MAKER.m0.primary,2025-11-06,-8.7
RIDGE1.MAKER.m0.primary,2025-11-07,1.08
RIDGE1.MAKER.m0.primary,2025-11-08,-0.8500000000000023
RIDGE1.MAKER.m0.primary,2025-11-09,-6.47
RIDGE1.MAKER.m0.primary,2025-11-10,-4.15
RIDGE1.MAKER.m0.primary,2025-11-11,-11.39
RIDGE1.MAKER.m0.primary,2025-11-12,3.91
RIDGE1.MAKER.m0.primary,2025-11-13,0.11999999999999966
RIDGE1.MAKER.m0.primary,2025-11-14,-5.55
RIDGE1.MAKER.m0.primary,2025-11-15,1.3399999999999985
RIDGE1.MAKER.m0.primary,2025-11-16,-3.2700000000000005
RIDGE1.MAKER.m0.primary,2025-11-17,-4.05
RIDGE1.MAKER.m0.primary,2025-11-18,-9.41
RIDGE1.MAKER.m0.primary,2025-11-19,2.82
RIDGE1.MAKER.m0.primary,2025-11-20,14.32
RIDGE1.MAKER.m0.primary,2025-11-21,-11.39
RIDGE1.MAKER.m0.primary,2025-11-22,3.41
RIDGE1.MAKER.m0.primary,2025-11-23,-4.94
RIDGE1.MAKER.m0.primary,2025-11-24,1.47
RIDGE1.MAKER.m0.primary,2025-11-25,-3.46
RIDGE1.MAKER.m0.primary,2025-11-27,-0.7600000000000016
RIDGE1.MAKER.m0.primary,2025-11-28,-8.03
RIDGE1.MAKER.m0.primary,2025-11-29,5.179999999999997
RIDGE1.MAKER.m0.primary,2025-11-30,-13.23
RIDGE1.MAKER.m0.primary,2025-12-01,-1.32
RIDGE1.MAKER.m0.primary,2025-12-04,3.65
RIDGE1.MAKER.m0.primary,2025-12-05,1.8500000000000005
RIDGE1.MAKER.m0.primary,2025-12-06,-4.930000000000001
RIDGE1.MAKER.m0.primary,2025-12-07,-24.91
RIDGE1.MAKER.m0.primary,2025-12-08,-3.85
RIDGE1.MAKER.m0.primary,2025-12-11,7.06
RIDGE1.MAKER.m0.primary,2025-12-13,-6.42
RIDGE1.MAKER.m0.primary,2025-12-14,-8.990000000000002
RIDGE1.MAKER.m0.primary,2025-12-15,-3.54
RIDGE1.MAKER.m0.primary,2025-12-16,3.95
RIDGE1.MAKER.m0.primary,2025-12-17,-11.6
RIDGE1.MAKER.m0.primary,2025-12-18,-7.1899999999999995
RIDGE1.MAKER.m0.primary,2025-12-19,14.36
RIDGE1.MAKER.m0.primary,2025-12-20,-0.1599999999999997
RIDGE1.MAKER.m0.primary,2025-12-21,-4.410000000000001
RIDGE1.MAKER.m0.primary,2025-12-22,-7.7
RIDGE1.MAKER.m0.primary,2025-12-23,0.4900000000000002
RIDGE1.MAKER.m0.primary,2025-12-24,5.65
RIDGE1.MAKER.m0.primary,2025-12-25,-11.71
RIDGE1.MAKER.m0.primary,2025-12-26,-8.84
RIDGE1.MAKER.m0.primary,2025-12-27,-3.1599999999999997
RIDGE1.MAKER.m0.primary,2025-12-28,4.0
RIDGE1.MAKER.m0.primary,2025-12-29,5.03
RIDGE1.MAKER.m0.primary,2025-12-30,-10.73
RIDGE1.MAKER.m0.primary,2025-12-31,-10.219999999999999
RIDGE1.MAKER.m0.primary,2026-01-01,4.86
RIDGE1.MAKER.m0.primary,2026-01-02,-4.450000000000001
RIDGE1.MAKER.m0.primary,2026-01-03,-8.3
RIDGE1.MAKER.m0.primary,2026-01-04,-12.06
RIDGE1.MAKER.m0.primary,2026-01-08,-3.04
RIDGE1.MAKER.m0.primary,2026-01-09,2.56
RIDGE1.MAKER.m0.primary,2026-01-10,-6.37
RIDGE1.MAKER.m0.primary,2026-01-11,6.25
RIDGE1.MAKER.m0.primary,2026-01-12,-4.95
RIDGE1.MAKER.m0.primary,2026-01-17,1.6099999999999999
RIDGE1.MAKER.m0.primary,2026-01-18,-5.88
RIDGE1.MAKER.m0.all,2025-09-08,-27.67
RIDGE1.MAKER.m0.all,2025-09-11,-8.930000000000001
RIDGE1.MAKER.m0.all,2025-09-12,9.360000000000001
RIDGE1.MAKER.m0.all,2025-09-13,110.66
RIDGE1.MAKER.m0.all,2025-09-14,-41.790000000000006
RIDGE1.MAKER.m0.all,2025-09-15,-12.95
RIDGE1.MAKER.m0.all,2025-09-16,-0.6999999999999998
RIDGE1.MAKER.m0.all,2025-09-18,-8.34
RIDGE1.MAKER.m0.all,2025-09-19,-4.099999999999998
RIDGE1.MAKER.m0.all,2025-09-20,-22.52
RIDGE1.MAKER.m0.all,2025-09-21,15.149999999999995
RIDGE1.MAKER.m0.all,2025-09-22,53.51
RIDGE1.MAKER.m0.all,2025-09-25,0.3400000000000001
RIDGE1.MAKER.m0.all,2025-09-26,38.25
RIDGE1.MAKER.m0.all,2025-09-27,48.97999999999999
RIDGE1.MAKER.m0.all,2025-09-28,-55.330000000000005
RIDGE1.MAKER.m0.all,2025-09-29,19.4
RIDGE1.MAKER.m0.all,2025-10-02,63.79
RIDGE1.MAKER.m0.all,2025-10-03,-6.459999999999999
RIDGE1.MAKER.m0.all,2025-10-04,-122.88000000000001
RIDGE1.MAKER.m0.all,2025-10-05,214.66
RIDGE1.MAKER.m0.all,2025-10-06,46.97
RIDGE1.MAKER.m0.all,2025-10-08,8.269999999999998
RIDGE1.MAKER.m0.all,2025-10-09,-36.39
RIDGE1.MAKER.m0.all,2025-10-10,31.48
RIDGE1.MAKER.m0.all,2025-10-11,-221.3
RIDGE1.MAKER.m0.all,2025-10-12,-215.13
RIDGE1.MAKER.m0.all,2025-10-13,115.59
RIDGE1.MAKER.m0.all,2025-10-14,-19.39
RIDGE1.MAKER.m0.all,2025-10-15,2.0599999999999996
RIDGE1.MAKER.m0.all,2025-10-16,32.57
RIDGE1.MAKER.m0.all,2025-10-17,-8.56
RIDGE1.MAKER.m0.all,2025-10-18,-51.940000000000005
RIDGE1.MAKER.m0.all,2025-10-19,-253.22
RIDGE1.MAKER.m0.all,2025-10-20,-6.209999999999999
RIDGE1.MAKER.m0.all,2025-10-21,-3.3100000000000005
RIDGE1.MAKER.m0.all,2025-10-22,-15.629999999999999
RIDGE1.MAKER.m0.all,2025-10-23,-7.99
RIDGE1.MAKER.m0.all,2025-10-24,66.33
RIDGE1.MAKER.m0.all,2025-10-25,200.54
RIDGE1.MAKER.m0.all,2025-10-26,-45.69
RIDGE1.MAKER.m0.all,2025-10-27,-13.969999999999999
RIDGE1.MAKER.m0.all,2025-10-28,-20.66
RIDGE1.MAKER.m0.all,2025-10-29,53.91
RIDGE1.MAKER.m0.all,2025-10-30,-63.269999999999996
RIDGE1.MAKER.m0.all,2025-10-31,-23.310000000000002
RIDGE1.MAKER.m0.all,2025-11-01,153.92
RIDGE1.MAKER.m0.all,2025-11-02,27.16
RIDGE1.MAKER.m0.all,2025-11-03,-18.5
RIDGE1.MAKER.m0.all,2025-11-04,51.99
RIDGE1.MAKER.m0.all,2025-11-05,45.07
RIDGE1.MAKER.m0.all,2025-11-06,-46.0
RIDGE1.MAKER.m0.all,2025-11-07,-15.769999999999998
RIDGE1.MAKER.m0.all,2025-11-08,15.529999999999994
RIDGE1.MAKER.m0.all,2025-11-09,-9.109999999999998
RIDGE1.MAKER.m0.all,2025-11-10,-30.080000000000002
RIDGE1.MAKER.m0.all,2025-11-11,0.830000000000001
RIDGE1.MAKER.m0.all,2025-11-12,19.09
RIDGE1.MAKER.m0.all,2025-11-13,-6.0600000000000005
RIDGE1.MAKER.m0.all,2025-11-14,-27.41
RIDGE1.MAKER.m0.all,2025-11-15,-84.8
RIDGE1.MAKER.m0.all,2025-11-16,-101.83
RIDGE1.MAKER.m0.all,2025-11-17,-11.979999999999999
RIDGE1.MAKER.m0.all,2025-11-18,-111.88
RIDGE1.MAKER.m0.all,2025-11-19,46.45
RIDGE1.MAKER.m0.all,2025-11-20,65.67999999999999
RIDGE1.MAKER.m0.all,2025-11-21,39.48
RIDGE1.MAKER.m0.all,2025-11-22,185.14
RIDGE1.MAKER.m0.all,2025-11-23,-334.71
RIDGE1.MAKER.m0.all,2025-11-24,8.08
RIDGE1.MAKER.m0.all,2025-11-25,-11.620000000000001
RIDGE1.MAKER.m0.all,2025-11-27,48.4
RIDGE1.MAKER.m0.all,2025-11-28,74.34
RIDGE1.MAKER.m0.all,2025-11-29,-25.320000000000004
RIDGE1.MAKER.m0.all,2025-11-30,-29.85
RIDGE1.MAKER.m0.all,2025-12-01,-3.38
RIDGE1.MAKER.m0.all,2025-12-04,15.379999999999999
RIDGE1.MAKER.m0.all,2025-12-05,-42.28
RIDGE1.MAKER.m0.all,2025-12-06,26.3
RIDGE1.MAKER.m0.all,2025-12-07,10.019999999999996
RIDGE1.MAKER.m0.all,2025-12-08,-35.86
RIDGE1.MAKER.m0.all,2025-12-11,24.409999999999997
RIDGE1.MAKER.m0.all,2025-12-13,-101.29
RIDGE1.MAKER.m0.all,2025-12-14,-154.36
RIDGE1.MAKER.m0.all,2025-12-15,-18.07
RIDGE1.MAKER.m0.all,2025-12-16,-49.13
RIDGE1.MAKER.m0.all,2025-12-17,-106.17
RIDGE1.MAKER.m0.all,2025-12-18,-81.34
RIDGE1.MAKER.m0.all,2025-12-19,2.6800000000000006
RIDGE1.MAKER.m0.all,2025-12-20,-47.58
RIDGE1.MAKER.m0.all,2025-12-21,0.5799999999999933
RIDGE1.MAKER.m0.all,2025-12-22,-0.3500000000000002
RIDGE1.MAKER.m0.all,2025-12-23,10.399999999999999
RIDGE1.MAKER.m0.all,2025-12-24,36.81
RIDGE1.MAKER.m0.all,2025-12-25,-3.0500000000000007
RIDGE1.MAKER.m0.all,2025-12-26,13.44
RIDGE1.MAKER.m0.all,2025-12-27,41.91
RIDGE1.MAKER.m0.all,2025-12-28,-49.19
RIDGE1.MAKER.m0.all,2025-12-29,21.27
RIDGE1.MAKER.m0.all,2025-12-30,-124.35
RIDGE1.MAKER.m0.all,2025-12-31,-43.730000000000004
RIDGE1.MAKER.m0.all,2026-01-01,56.74
RIDGE1.MAKER.m0.all,2026-01-02,-36.92
RIDGE1.MAKER.m0.all,2026-01-03,-4.839999999999999
RIDGE1.MAKER.m0.all,2026-01-04,8.679999999999994
RIDGE1.MAKER.m0.all,2026-01-08,-7.68
RIDGE1.MAKER.m0.all,2026-01-09,13.35
RIDGE1.MAKER.m0.all,2026-01-10,-73.89
RIDGE1.MAKER.m0.all,2026-01-11,61.21
RIDGE1.MAKER.m0.all,2026-01-12,-15.799999999999999
RIDGE1.MAKER.m0.all,2026-01-17,-10.080000000000002
RIDGE1.MAKER.m0.all,2026-01-18,-25.0
RIDGE1.MAKER.m1.primary,2025-09-08,-6.45
RIDGE1.MAKER.m1.primary,2025-09-11,0.0
RIDGE1.MAKER.m1.primary,2025-09-12,-10.54
RIDGE1.MAKER.m1.primary,2025-09-13,0.5199999999999999
RIDGE1.MAKER.m1.primary,2025-09-14,-10.14
RIDGE1.MAKER.m1.primary,2025-09-15,-9.5
RIDGE1.MAKER.m1.primary,2025-09-18,-1.77
RIDGE1.MAKER.m1.primary,2025-09-19,-12.19
RIDGE1.MAKER.m1.primary,2025-09-20,-31.15
RIDGE1.MAKER.m1.primary,2025-09-21,-16.990000000000002
RIDGE1.MAKER.m1.primary,2025-09-22,6.76
RIDGE1.MAKER.m1.primary,2025-09-25,6.12
RIDGE1.MAKER.m1.primary,2025-09-26,3.7800000000000002
RIDGE1.MAKER.m1.primary,2025-09-27,6.06
RIDGE1.MAKER.m1.primary,2025-09-28,-24.830000000000002
RIDGE1.MAKER.m1.primary,2025-09-29,7.42
RIDGE1.MAKER.m1.primary,2025-10-02,-11.98
RIDGE1.MAKER.m1.primary,2025-10-03,-0.14000000000000024
RIDGE1.MAKER.m1.primary,2025-10-04,-0.029999999999999805
RIDGE1.MAKER.m1.primary,2025-10-05,0.9000000000000004
RIDGE1.MAKER.m1.primary,2025-10-06,7.26
RIDGE1.MAKER.m1.primary,2025-10-08,-7.29
RIDGE1.MAKER.m1.primary,2025-10-09,-6.2
RIDGE1.MAKER.m1.primary,2025-10-10,15.07
RIDGE1.MAKER.m1.primary,2025-10-11,-1.7400000000000029
RIDGE1.MAKER.m1.primary,2025-10-12,-17.43
RIDGE1.MAKER.m1.primary,2025-10-13,12.2
RIDGE1.MAKER.m1.primary,2025-10-14,-3.3000000000000007
RIDGE1.MAKER.m1.primary,2025-10-15,2.5999999999999996
RIDGE1.MAKER.m1.primary,2025-10-16,-4.7700000000000005
RIDGE1.MAKER.m1.primary,2025-10-17,-8.56
RIDGE1.MAKER.m1.primary,2025-10-18,-22.0
RIDGE1.MAKER.m1.primary,2025-10-19,-24.18
RIDGE1.MAKER.m1.primary,2025-10-20,-4.77
RIDGE1.MAKER.m1.primary,2025-10-21,-6.18
RIDGE1.MAKER.m1.primary,2025-10-22,-1.27
RIDGE1.MAKER.m1.primary,2025-10-23,-4.57
RIDGE1.MAKER.m1.primary,2025-10-24,5.109999999999999
RIDGE1.MAKER.m1.primary,2025-10-25,9.96
RIDGE1.MAKER.m1.primary,2025-10-26,-8.73
RIDGE1.MAKER.m1.primary,2025-10-27,-1.93
RIDGE1.MAKER.m1.primary,2025-10-28,-2.85
RIDGE1.MAKER.m1.primary,2025-10-29,8.3
RIDGE1.MAKER.m1.primary,2025-10-30,-17.49
RIDGE1.MAKER.m1.primary,2025-10-31,-3.95
RIDGE1.MAKER.m1.primary,2025-11-01,20.99
RIDGE1.MAKER.m1.primary,2025-11-02,-3.98
RIDGE1.MAKER.m1.primary,2025-11-03,-5.45
RIDGE1.MAKER.m1.primary,2025-11-04,3.13
RIDGE1.MAKER.m1.primary,2025-11-05,4.63
RIDGE1.MAKER.m1.primary,2025-11-06,-6.61
RIDGE1.MAKER.m1.primary,2025-11-07,1.58
RIDGE1.MAKER.m1.primary,2025-11-08,-7.850000000000002
RIDGE1.MAKER.m1.primary,2025-11-09,-15.07
RIDGE1.MAKER.m1.primary,2025-11-10,-4.15
RIDGE1.MAKER.m1.primary,2025-11-11,3.4099999999999993
RIDGE1.MAKER.m1.primary,2025-11-12,3.52
RIDGE1.MAKER.m1.primary,2025-11-13,0.11999999999999966
RIDGE1.MAKER.m1.primary,2025-11-14,-5.05
RIDGE1.MAKER.m1.primary,2025-11-15,-0.04000000000000181
RIDGE1.MAKER.m1.primary,2025-11-16,-11.16
RIDGE1.MAKER.m1.primary,2025-11-17,-4.05
RIDGE1.MAKER.m1.primary,2025-11-18,-9.41
RIDGE1.MAKER.m1.primary,2025-11-19,3.82
RIDGE1.MAKER.m1.primary,2025-11-20,13.92
RIDGE1.MAKER.m1.primary,2025-11-21,10.899999999999999
RIDGE1.MAKER.m1.primary,2025-11-22,18.63
RIDGE1.MAKER.m1.primary,2025-11-23,-20.73
RIDGE1.MAKER.m1.primary,2025-11-24,1.47
RIDGE1.MAKER.m1.primary,2025-11-25,-3.0500000000000003
RIDGE1.MAKER.m1.primary,2025-11-27,-0.7600000000000016
RIDGE1.MAKER.m1.primary,2025-11-28,12.95
RIDGE1.MAKER.m1.primary,2025-11-29,-5.650000000000002
RIDGE1.MAKER.m1.primary,2025-11-30,-17.3
RIDGE1.MAKER.m1.primary,2025-12-01,-1.32
RIDGE1.MAKER.m1.primary,2025-12-04,2.96
RIDGE1.MAKER.m1.primary,2025-12-05,-10.530000000000001
RIDGE1.MAKER.m1.primary,2025-12-06,1.5899999999999999
RIDGE1.MAKER.m1.primary,2025-12-07,-4.409999999999999
RIDGE1.MAKER.m1.primary,2025-12-08,-3.95
RIDGE1.MAKER.m1.primary,2025-12-11,7.06
RIDGE1.MAKER.m1.primary,2025-12-13,-6.42
RIDGE1.MAKER.m1.primary,2025-12-14,-3.4600000000000017
RIDGE1.MAKER.m1.primary,2025-12-15,-3.54
RIDGE1.MAKER.m1.primary,2025-12-16,-2.44
RIDGE1.MAKER.m1.primary,2025-12-17,-11.6
RIDGE1.MAKER.m1.primary,2025-12-18,-1.29
RIDGE1.MAKER.m1.primary,2025-12-19,-12.290000000000001
RIDGE1.MAKER.m1.primary,2025-12-20,-0.75
RIDGE1.MAKER.m1.primary,2025-12-21,-5.43
RIDGE1.MAKER.m1.primary,2025-12-22,-0.69
RIDGE1.MAKER.m1.primary,2025-12-23,-0.5999999999999996
RIDGE1.MAKER.m1.primary,2025-12-24,5.65
RIDGE1.MAKER.m1.primary,2025-12-25,2.1900000000000004
RIDGE1.MAKER.m1.primary,2025-12-26,-6.34
RIDGE1.MAKER.m1.primary,2025-12-27,2.88
RIDGE1.MAKER.m1.primary,2025-12-28,-0.569999999999999
RIDGE1.MAKER.m1.primary,2025-12-29,5.03
RIDGE1.MAKER.m1.primary,2025-12-30,-9.83
RIDGE1.MAKER.m1.primary,2025-12-31,-11.219999999999999
RIDGE1.MAKER.m1.primary,2026-01-01,14.66
RIDGE1.MAKER.m1.primary,2026-01-02,-4.450000000000001
RIDGE1.MAKER.m1.primary,2026-01-03,-6.08
RIDGE1.MAKER.m1.primary,2026-01-04,3.13
RIDGE1.MAKER.m1.primary,2026-01-08,-2.74
RIDGE1.MAKER.m1.primary,2026-01-09,3.06
RIDGE1.MAKER.m1.primary,2026-01-10,-6.37
RIDGE1.MAKER.m1.primary,2026-01-11,8.16
RIDGE1.MAKER.m1.primary,2026-01-12,-4.95
RIDGE1.MAKER.m1.primary,2026-01-17,1.6099999999999999
RIDGE1.MAKER.m1.primary,2026-01-18,-5.88
RIDGE1.MAKER.m1.all,2025-09-08,-21.22
RIDGE1.MAKER.m1.all,2025-09-11,-11.41
RIDGE1.MAKER.m1.all,2025-09-12,16.28
RIDGE1.MAKER.m1.all,2025-09-13,75.97999999999999
RIDGE1.MAKER.m1.all,2025-09-14,-56.230000000000004
RIDGE1.MAKER.m1.all,2025-09-15,-19.39
RIDGE1.MAKER.m1.all,2025-09-16,0.2600000000000001
RIDGE1.MAKER.m1.all,2025-09-18,-9.42
RIDGE1.MAKER.m1.all,2025-09-19,9.65
RIDGE1.MAKER.m1.all,2025-09-20,1.3099999999999996
RIDGE1.MAKER.m1.all,2025-09-21,-25.359999999999996
RIDGE1.MAKER.m1.all,2025-09-22,57.26
RIDGE1.MAKER.m1.all,2025-09-25,-6.459999999999999
RIDGE1.MAKER.m1.all,2025-09-26,65.85
RIDGE1.MAKER.m1.all,2025-09-27,72.30999999999999
RIDGE1.MAKER.m1.all,2025-09-28,-23.590000000000003
RIDGE1.MAKER.m1.all,2025-09-29,20.75
RIDGE1.MAKER.m1.all,2025-10-02,56.28
RIDGE1.MAKER.m1.all,2025-10-03,2.990000000000001
RIDGE1.MAKER.m1.all,2025-10-04,-52.800000000000004
RIDGE1.MAKER.m1.all,2025-10-05,237.35
RIDGE1.MAKER.m1.all,2025-10-06,57.41
RIDGE1.MAKER.m1.all,2025-10-08,-11.68
RIDGE1.MAKER.m1.all,2025-10-09,-9.559999999999999
RIDGE1.MAKER.m1.all,2025-10-10,23.830000000000002
RIDGE1.MAKER.m1.all,2025-10-11,-239.44
RIDGE1.MAKER.m1.all,2025-10-12,-215.16
RIDGE1.MAKER.m1.all,2025-10-13,108.63
RIDGE1.MAKER.m1.all,2025-10-14,-20.6
RIDGE1.MAKER.m1.all,2025-10-15,5.609999999999999
RIDGE1.MAKER.m1.all,2025-10-16,25.39
RIDGE1.MAKER.m1.all,2025-10-17,12.149999999999999
RIDGE1.MAKER.m1.all,2025-10-18,30.57999999999999
RIDGE1.MAKER.m1.all,2025-10-19,-207.93
RIDGE1.MAKER.m1.all,2025-10-20,-7.38
RIDGE1.MAKER.m1.all,2025-10-21,-6.59
RIDGE1.MAKER.m1.all,2025-10-22,-12.99
RIDGE1.MAKER.m1.all,2025-10-23,-3.5799999999999996
RIDGE1.MAKER.m1.all,2025-10-24,45.75
RIDGE1.MAKER.m1.all,2025-10-25,147.57999999999998
RIDGE1.MAKER.m1.all,2025-10-26,-1.6500000000000006
RIDGE1.MAKER.m1.all,2025-10-27,-14.65
RIDGE1.MAKER.m1.all,2025-10-28,-12.85
RIDGE1.MAKER.m1.all,2025-10-29,54.94
RIDGE1.MAKER.m1.all,2025-10-30,-38.73
RIDGE1.MAKER.m1.all,2025-10-31,-17.17
RIDGE1.MAKER.m1.all,2025-11-01,185.83
RIDGE1.MAKER.m1.all,2025-11-02,25.46
RIDGE1.MAKER.m1.all,2025-11-03,-10.89
RIDGE1.MAKER.m1.all,2025-11-04,52.42
RIDGE1.MAKER.m1.all,2025-11-05,46.3
RIDGE1.MAKER.m1.all,2025-11-06,-31.94
RIDGE1.MAKER.m1.all,2025-11-07,-14.52
RIDGE1.MAKER.m1.all,2025-11-08,19.639999999999993
RIDGE1.MAKER.m1.all,2025-11-09,-32.61
RIDGE1.MAKER.m1.all,2025-11-10,-25.23
RIDGE1.MAKER.m1.all,2025-11-11,19.78
RIDGE1.MAKER.m1.all,2025-11-12,14.44
RIDGE1.MAKER.m1.all,2025-11-13,-8.86
RIDGE1.MAKER.m1.all,2025-11-14,-23.49
RIDGE1.MAKER.m1.all,2025-11-15,-61.34
RIDGE1.MAKER.m1.all,2025-11-16,-74.89
RIDGE1.MAKER.m1.all,2025-11-17,-13.32
RIDGE1.MAKER.m1.all,2025-11-18,-111.47
RIDGE1.MAKER.m1.all,2025-11-19,42.36
RIDGE1.MAKER.m1.all,2025-11-20,65.44
RIDGE1.MAKER.m1.all,2025-11-21,53.86
RIDGE1.MAKER.m1.all,2025-11-22,254.09
RIDGE1.MAKER.m1.all,2025-11-23,-291.45
RIDGE1.MAKER.m1.all,2025-11-24,10.73
RIDGE1.MAKER.m1.all,2025-11-25,-11.33
RIDGE1.MAKER.m1.all,2025-11-27,47.65
RIDGE1.MAKER.m1.all,2025-11-28,73.85
RIDGE1.MAKER.m1.all,2025-11-29,-47.45
RIDGE1.MAKER.m1.all,2025-11-30,-2.9900000000000038
RIDGE1.MAKER.m1.all,2025-12-01,-3.5700000000000003
RIDGE1.MAKER.m1.all,2025-12-04,12.51
RIDGE1.MAKER.m1.all,2025-12-05,-49.95
RIDGE1.MAKER.m1.all,2025-12-06,28.59
RIDGE1.MAKER.m1.all,2025-12-07,3.169999999999998
RIDGE1.MAKER.m1.all,2025-12-08,-28.650000000000002
RIDGE1.MAKER.m1.all,2025-12-11,19.75
RIDGE1.MAKER.m1.all,2025-12-13,-71.5
RIDGE1.MAKER.m1.all,2025-12-14,-90.47
RIDGE1.MAKER.m1.all,2025-12-15,-16.51
RIDGE1.MAKER.m1.all,2025-12-16,-57.13
RIDGE1.MAKER.m1.all,2025-12-17,-92.5
RIDGE1.MAKER.m1.all,2025-12-18,-66.99
RIDGE1.MAKER.m1.all,2025-12-19,-17.44
RIDGE1.MAKER.m1.all,2025-12-20,-62.57
RIDGE1.MAKER.m1.all,2025-12-21,4.849999999999995
RIDGE1.MAKER.m1.all,2025-12-22,-5.35
RIDGE1.MAKER.m1.all,2025-12-23,5.939999999999999
RIDGE1.MAKER.m1.all,2025-12-24,59.97
RIDGE1.MAKER.m1.all,2025-12-25,-6.72
RIDGE1.MAKER.m1.all,2025-12-26,9.66
RIDGE1.MAKER.m1.all,2025-12-27,26.54
RIDGE1.MAKER.m1.all,2025-12-28,-44.010000000000005
RIDGE1.MAKER.m1.all,2025-12-29,21.19
RIDGE1.MAKER.m1.all,2025-12-30,-103.57
RIDGE1.MAKER.m1.all,2025-12-31,-29.370000000000005
RIDGE1.MAKER.m1.all,2026-01-01,49.72
RIDGE1.MAKER.m1.all,2026-01-02,-26.080000000000002
RIDGE1.MAKER.m1.all,2026-01-03,12.040000000000001
RIDGE1.MAKER.m1.all,2026-01-04,10.55
RIDGE1.MAKER.m1.all,2026-01-08,-2.74
RIDGE1.MAKER.m1.all,2026-01-09,8.67
RIDGE1.MAKER.m1.all,2026-01-10,-27.9
RIDGE1.MAKER.m1.all,2026-01-11,51.59
RIDGE1.MAKER.m1.all,2026-01-12,-23.71
RIDGE1.MAKER.m1.all,2026-01-17,-8.060000000000002
RIDGE1.MAKER.m1.all,2026-01-18,-35.64
RIDGE10.TAKER.m0.primary,2025-09-08,-5.38
RIDGE10.TAKER.m0.primary,2025-09-11,-0.23999999999999977
RIDGE10.TAKER.m0.primary,2025-09-12,-2.3999999999999995
RIDGE10.TAKER.m0.primary,2025-09-13,-6.77
RIDGE10.TAKER.m0.primary,2025-09-14,0.1700000000000017
RIDGE10.TAKER.m0.primary,2025-09-15,-10.14
RIDGE10.TAKER.m0.primary,2025-09-18,-2.34
RIDGE10.TAKER.m0.primary,2025-09-19,-12.93
RIDGE10.TAKER.m0.primary,2025-09-20,19.34
RIDGE10.TAKER.m0.primary,2025-09-21,-35.54
RIDGE10.TAKER.m0.primary,2025-09-22,-7.15
RIDGE10.TAKER.m0.primary,2025-09-25,6.68
RIDGE10.TAKER.m0.primary,2025-09-26,1.7199999999999989
RIDGE10.TAKER.m0.primary,2025-09-27,9.329999999999998
RIDGE10.TAKER.m0.primary,2025-09-28,-13.58
RIDGE10.TAKER.m0.primary,2025-09-29,0.029999999999999805
RIDGE10.TAKER.m0.primary,2025-10-02,1.25
RIDGE10.TAKER.m0.primary,2025-10-03,-3.12
RIDGE10.TAKER.m0.primary,2025-10-04,-9.849999999999998
RIDGE10.TAKER.m0.primary,2025-10-05,-24.090000000000003
RIDGE10.TAKER.m0.primary,2025-10-06,-6.57
RIDGE10.TAKER.m0.primary,2025-10-08,-8.799999999999999
RIDGE10.TAKER.m0.primary,2025-10-09,0.25
RIDGE10.TAKER.m0.primary,2025-10-10,2.5300000000000002
RIDGE10.TAKER.m0.primary,2025-10-11,-20.750000000000004
RIDGE10.TAKER.m0.primary,2025-10-12,-36.1
RIDGE10.TAKER.m0.primary,2025-10-13,10.65
RIDGE10.TAKER.m0.primary,2025-10-14,-13.24
RIDGE10.TAKER.m0.primary,2025-10-15,7.12
RIDGE10.TAKER.m0.primary,2025-10-16,8.5
RIDGE10.TAKER.m0.primary,2025-10-17,-14.77
RIDGE10.TAKER.m0.primary,2025-10-18,-3.290000000000001
RIDGE10.TAKER.m0.primary,2025-10-19,-1.75
RIDGE10.TAKER.m0.primary,2025-10-20,-1.42
RIDGE10.TAKER.m0.primary,2025-10-21,4.21
RIDGE10.TAKER.m0.primary,2025-10-22,6.119999999999999
RIDGE10.TAKER.m0.primary,2025-10-23,-4.92
RIDGE10.TAKER.m0.primary,2025-10-24,4.94
RIDGE10.TAKER.m0.primary,2025-10-25,30.28
RIDGE10.TAKER.m0.primary,2025-10-26,14.0
RIDGE10.TAKER.m0.primary,2025-10-27,1.41
RIDGE10.TAKER.m0.primary,2025-10-28,-2.8699999999999997
RIDGE10.TAKER.m0.primary,2025-10-29,6.470000000000001
RIDGE10.TAKER.m0.primary,2025-10-30,-0.6300000000000003
RIDGE10.TAKER.m0.primary,2025-10-31,5.57
RIDGE10.TAKER.m0.primary,2025-11-01,39.56
RIDGE10.TAKER.m0.primary,2025-11-02,-11.87
RIDGE10.TAKER.m0.primary,2025-11-03,6.03
RIDGE10.TAKER.m0.primary,2025-11-04,2.2300000000000004
RIDGE10.TAKER.m0.primary,2025-11-05,2.32
RIDGE10.TAKER.m0.primary,2025-11-06,-3.14
RIDGE10.TAKER.m0.primary,2025-11-07,-4.369999999999999
RIDGE10.TAKER.m0.primary,2025-11-08,-22.870000000000005
RIDGE10.TAKER.m0.primary,2025-11-09,4.75
RIDGE10.TAKER.m0.primary,2025-11-10,-5.18
RIDGE10.TAKER.m0.primary,2025-11-11,2.8900000000000006
RIDGE10.TAKER.m0.primary,2025-11-12,3.93
RIDGE10.TAKER.m0.primary,2025-11-13,0.36
RIDGE10.TAKER.m0.primary,2025-11-14,5.12
RIDGE10.TAKER.m0.primary,2025-11-15,-24.11
RIDGE10.TAKER.m0.primary,2025-11-16,0.36999999999999744
RIDGE10.TAKER.m0.primary,2025-11-17,-4.27
RIDGE10.TAKER.m0.primary,2025-11-18,-10.48
RIDGE10.TAKER.m0.primary,2025-11-19,3.3099999999999996
RIDGE10.TAKER.m0.primary,2025-11-20,0.7599999999999998
RIDGE10.TAKER.m0.primary,2025-11-21,-1.9399999999999995
RIDGE10.TAKER.m0.primary,2025-11-22,26.979999999999997
RIDGE10.TAKER.m0.primary,2025-11-23,-30.44
RIDGE10.TAKER.m0.primary,2025-11-24,1.5
RIDGE10.TAKER.m0.primary,2025-11-25,-3.27
RIDGE10.TAKER.m0.primary,2025-11-27,11.98
RIDGE10.TAKER.m0.primary,2025-11-28,12.39
RIDGE10.TAKER.m0.primary,2025-11-29,-16.84
RIDGE10.TAKER.m0.primary,2025-11-30,-3.95
RIDGE10.TAKER.m0.primary,2025-12-01,-1.59
RIDGE10.TAKER.m0.primary,2025-12-04,3.04
RIDGE10.TAKER.m0.primary,2025-12-05,-9.51
RIDGE10.TAKER.m0.primary,2025-12-06,4.879999999999999
RIDGE10.TAKER.m0.primary,2025-12-07,14.370000000000001
RIDGE10.TAKER.m0.primary,2025-12-08,-4.58
RIDGE10.TAKER.m0.primary,2025-12-11,6.95
RIDGE10.TAKER.m0.primary,2025-12-13,-7.559999999999999
RIDGE10.TAKER.m0.primary,2025-12-14,18.92
RIDGE10.TAKER.m0.primary,2025-12-15,-4.07
RIDGE10.TAKER.m0.primary,2025-12-16,-2.53
RIDGE10.TAKER.m0.primary,2025-12-17,-9.85
RIDGE10.TAKER.m0.primary,2025-12-18,-5.63
RIDGE10.TAKER.m0.primary,2025-12-19,-1.4000000000000004
RIDGE10.TAKER.m0.primary,2025-12-20,3.9800000000000004
RIDGE10.TAKER.m0.primary,2025-12-21,-7.64
RIDGE10.TAKER.m0.primary,2025-12-22,4.07
RIDGE10.TAKER.m0.primary,2025-12-23,1.4100000000000001
RIDGE10.TAKER.m0.primary,2025-12-24,5.42
RIDGE10.TAKER.m0.primary,2025-12-25,-4.82
RIDGE10.TAKER.m0.primary,2025-12-26,0.8300000000000001
RIDGE10.TAKER.m0.primary,2025-12-27,-1.9300000000000002
RIDGE10.TAKER.m0.primary,2025-12-28,20.95
RIDGE10.TAKER.m0.primary,2025-12-29,-9.53
RIDGE10.TAKER.m0.primary,2025-12-30,-6.220000000000001
RIDGE10.TAKER.m0.primary,2025-12-31,-6.4399999999999995
RIDGE10.TAKER.m0.primary,2026-01-01,9.4
RIDGE10.TAKER.m0.primary,2026-01-02,-1.7400000000000002
RIDGE10.TAKER.m0.primary,2026-01-03,-8.75
RIDGE10.TAKER.m0.primary,2026-01-04,15.900000000000002
RIDGE10.TAKER.m0.primary,2026-01-10,-6.710000000000001
RIDGE10.TAKER.m0.primary,2026-01-11,-3.5200000000000005
RIDGE10.TAKER.m0.primary,2026-01-12,-4.38
RIDGE10.TAKER.m0.primary,2026-01-17,-2.3300000000000005
RIDGE10.TAKER.m0.primary,2026-01-18,-5.79
RIDGE10.TAKER.m0.all,2025-09-08,-23.3
RIDGE10.TAKER.m0.all,2025-09-11,-18.2
RIDGE10.TAKER.m0.all,2025-09-12,-10.07
RIDGE10.TAKER.m0.all,2025-09-13,42.67
RIDGE10.TAKER.m0.all,2025-09-14,-98.91
RIDGE10.TAKER.m0.all,2025-09-15,-34.39
RIDGE10.TAKER.m0.all,2025-09-16,-0.78
RIDGE10.TAKER.m0.all,2025-09-18,-25.330000000000002
RIDGE10.TAKER.m0.all,2025-09-19,-8.69
RIDGE10.TAKER.m0.all,2025-09-20,45.059999999999995
RIDGE10.TAKER.m0.all,2025-09-21,-107.66
RIDGE10.TAKER.m0.all,2025-09-22,58.83
RIDGE10.TAKER.m0.all,2025-09-25,-6.150000000000001
RIDGE10.TAKER.m0.all,2025-09-26,74.58
RIDGE10.TAKER.m0.all,2025-09-27,135.60999999999999
RIDGE10.TAKER.m0.all,2025-09-28,-26.810000000000002
RIDGE10.TAKER.m0.all,2025-09-29,4.9799999999999995
RIDGE10.TAKER.m0.all,2025-10-02,74.98
RIDGE10.TAKER.m0.all,2025-10-03,6.8100000000000005
RIDGE10.TAKER.m0.all,2025-10-04,-191.72
RIDGE10.TAKER.m0.all,2025-10-05,223.7
RIDGE10.TAKER.m0.all,2025-10-06,25.75
RIDGE10.TAKER.m0.all,2025-10-08,-16.04
RIDGE10.TAKER.m0.all,2025-10-09,26.98
RIDGE10.TAKER.m0.all,2025-10-10,6.920000000000001
RIDGE10.TAKER.m0.all,2025-10-11,-247.68
RIDGE10.TAKER.m0.all,2025-10-12,-250.81
RIDGE10.TAKER.m0.all,2025-10-13,103.3
RIDGE10.TAKER.m0.all,2025-10-14,-20.16
RIDGE10.TAKER.m0.all,2025-10-15,1.3200000000000003
RIDGE10.TAKER.m0.all,2025-10-16,20.59
RIDGE10.TAKER.m0.all,2025-10-17,12.389999999999999
RIDGE10.TAKER.m0.all,2025-10-18,29.400000000000006
RIDGE10.TAKER.m0.all,2025-10-19,-182.63
RIDGE10.TAKER.m0.all,2025-10-20,-12.38
RIDGE10.TAKER.m0.all,2025-10-21,5.32
RIDGE10.TAKER.m0.all,2025-10-22,12.67
RIDGE10.TAKER.m0.all,2025-10-23,-11.23
RIDGE10.TAKER.m0.all,2025-10-24,29.27
RIDGE10.TAKER.m0.all,2025-10-25,166.12
RIDGE10.TAKER.m0.all,2025-10-26,79.82
RIDGE10.TAKER.m0.all,2025-10-27,-14.4
RIDGE10.TAKER.m0.all,2025-10-28,-16.95
RIDGE10.TAKER.m0.all,2025-10-29,52.39
RIDGE10.TAKER.m0.all,2025-10-30,-32.4
RIDGE10.TAKER.m0.all,2025-10-31,5.57
RIDGE10.TAKER.m0.all,2025-11-01,260.77
RIDGE10.TAKER.m0.all,2025-11-02,-32.43
RIDGE10.TAKER.m0.all,2025-11-03,12.790000000000001
RIDGE10.TAKER.m0.all,2025-11-04,52.760000000000005
RIDGE10.TAKER.m0.all,2025-11-05,17.75
RIDGE10.TAKER.m0.all,2025-11-06,-30.48
RIDGE10.TAKER.m0.all,2025-11-07,-16.439999999999998
RIDGE10.TAKER.m0.all,2025-11-08,49.099999999999994
RIDGE10.TAKER.m0.all,2025-11-09,-6.6600000000000055
RIDGE10.TAKER.m0.all,2025-11-10,-24.09
RIDGE10.TAKER.m0.all,2025-11-11,16.81
RIDGE10.TAKER.m0.all,2025-11-12,15.459999999999999
RIDGE10.TAKER.m0.all,2025-11-13,-15.77
RIDGE10.TAKER.m0.all,2025-11-14,-11.54
RIDGE10.TAKER.m0.all,2025-11-15,-117.3
RIDGE10.TAKER.m0.all,2025-11-16,-106.41
RIDGE10.TAKER.m0.all,2025-11-17,-12.01
RIDGE10.TAKER.m0.all,2025-11-18,-134.23
RIDGE10.TAKER.m0.all,2025-11-19,36.29
RIDGE10.TAKER.m0.all,2025-11-20,24.77
RIDGE10.TAKER.m0.all,2025-11-21,22.84
RIDGE10.TAKER.m0.all,2025-11-22,304.65
RIDGE10.TAKER.m0.all,2025-11-23,-311.71
RIDGE10.TAKER.m0.all,2025-11-24,5.07
RIDGE10.TAKER.m0.all,2025-11-25,-25.27
RIDGE10.TAKER.m0.all,2025-11-27,31.71
RIDGE10.TAKER.m0.all,2025-11-28,36.31
RIDGE10.TAKER.m0.all,2025-11-29,44.7
RIDGE10.TAKER.m0.all,2025-11-30,-15.410000000000002
RIDGE10.TAKER.m0.all,2025-12-01,-5.5600000000000005
RIDGE10.TAKER.m0.all,2025-12-04,10.66
RIDGE10.TAKER.m0.all,2025-12-05,-35.48
RIDGE10.TAKER.m0.all,2025-12-06,80.05
RIDGE10.TAKER.m0.all,2025-12-07,-41.14
RIDGE10.TAKER.m0.all,2025-12-08,-22.6
RIDGE10.TAKER.m0.all,2025-12-11,10.870000000000001
RIDGE10.TAKER.m0.all,2025-12-13,-58.25
RIDGE10.TAKER.m0.all,2025-12-14,-123.25
RIDGE10.TAKER.m0.all,2025-12-15,-8.040000000000001
RIDGE10.TAKER.m0.all,2025-12-16,-66.19
RIDGE10.TAKER.m0.all,2025-12-17,-84.0
RIDGE10.TAKER.m0.all,2025-12-18,-27.59
RIDGE10.TAKER.m0.all,2025-12-19,-1.1800000000000006
RIDGE10.TAKER.m0.all,2025-12-20,-108.66
RIDGE10.TAKER.m0.all,2025-12-21,-83.32000000000001
RIDGE10.TAKER.m0.all,2025-12-22,2.8499999999999996
RIDGE10.TAKER.m0.all,2025-12-23,23.919999999999998
RIDGE10.TAKER.m0.all,2025-12-24,44.550000000000004
RIDGE10.TAKER.m0.all,2025-12-25,-18.92
RIDGE10.TAKER.m0.all,2025-12-26,1.6500000000000001
RIDGE10.TAKER.m0.all,2025-12-27,56.43
RIDGE10.TAKER.m0.all,2025-12-28,12.880000000000003
RIDGE10.TAKER.m0.all,2025-12-29,-3.83
RIDGE10.TAKER.m0.all,2025-12-30,-44.39
RIDGE10.TAKER.m0.all,2025-12-31,-1.9499999999999984
RIDGE10.TAKER.m0.all,2026-01-01,30.330000000000002
RIDGE10.TAKER.m0.all,2026-01-02,-30.26
RIDGE10.TAKER.m0.all,2026-01-03,-0.32000000000000023
RIDGE10.TAKER.m0.all,2026-01-04,28.97
RIDGE10.TAKER.m0.all,2026-01-10,-14.350000000000001
RIDGE10.TAKER.m0.all,2026-01-11,-11.420000000000002
RIDGE10.TAKER.m0.all,2026-01-12,-24.86
RIDGE10.TAKER.m0.all,2026-01-17,-2.570000000000001
RIDGE10.TAKER.m0.all,2026-01-18,-36.15
RIDGE10.TAKER.m1.primary,2025-09-08,-5.38
RIDGE10.TAKER.m1.primary,2025-09-11,-0.23999999999999977
RIDGE10.TAKER.m1.primary,2025-09-12,-9.5
RIDGE10.TAKER.m1.primary,2025-09-13,14.6
RIDGE10.TAKER.m1.primary,2025-09-14,0.1700000000000017
RIDGE10.TAKER.m1.primary,2025-09-15,-10.14
RIDGE10.TAKER.m1.primary,2025-09-18,-2.54
RIDGE10.TAKER.m1.primary,2025-09-19,-10.61
RIDGE10.TAKER.m1.primary,2025-09-20,19.099999999999998
RIDGE10.TAKER.m1.primary,2025-09-21,8.619999999999997
RIDGE10.TAKER.m1.primary,2025-09-22,-7.15
RIDGE10.TAKER.m1.primary,2025-09-25,6.68
RIDGE10.TAKER.m1.primary,2025-09-26,1.7199999999999989
RIDGE10.TAKER.m1.primary,2025-09-27,4.620000000000001
RIDGE10.TAKER.m1.primary,2025-09-28,-8.45
RIDGE10.TAKER.m1.primary,2025-09-29,0.65
RIDGE10.TAKER.m1.primary,2025-10-02,5.42
RIDGE10.TAKER.m1.primary,2025-10-03,1.68
RIDGE10.TAKER.m1.primary,2025-10-04,-6.259999999999999
RIDGE10.TAKER.m1.primary,2025-10-05,15.419999999999998
RIDGE10.TAKER.m1.primary,2025-10-06,-6.57
RIDGE10.TAKER.m1.primary,2025-10-08,-8.799999999999999
RIDGE10.TAKER.m1.primary,2025-10-09,4.15
RIDGE10.TAKER.m1.primary,2025-10-10,4.54
RIDGE10.TAKER.m1.primary,2025-10-11,-11.850000000000001
RIDGE10.TAKER.m1.primary,2025-10-12,-23.5
RIDGE10.TAKER.m1.primary,2025-10-13,10.65
RIDGE10.TAKER.m1.primary,2025-10-14,-13.350000000000001
RIDGE10.TAKER.m1.primary,2025-10-15,5.62
RIDGE10.TAKER.m1.primary,2025-10-16,4.27
RIDGE10.TAKER.m1.primary,2025-10-17,-10.47
RIDGE10.TAKER.m1.primary,2025-10-18,31.14
RIDGE10.TAKER.m1.primary,2025-10-19,-11.329999999999998
RIDGE10.TAKER.m1.primary,2025-10-20,-1.42
RIDGE10.TAKER.m1.primary,2025-10-21,5.78
RIDGE10.TAKER.m1.primary,2025-10-22,6.119999999999999
RIDGE10.TAKER.m1.primary,2025-10-23,-3.59
RIDGE10.TAKER.m1.primary,2025-10-24,6.08
RIDGE10.TAKER.m1.primary,2025-10-25,39.04
RIDGE10.TAKER.m1.primary,2025-10-26,0.34999999999999964
RIDGE10.TAKER.m1.primary,2025-10-27,1.41
RIDGE10.TAKER.m1.primary,2025-10-28,-2.8699999999999997
RIDGE10.TAKER.m1.primary,2025-10-29,6.470000000000001
RIDGE10.TAKER.m1.primary,2025-10-30,-0.73
RIDGE10.TAKER.m1.primary,2025-10-31,0.65
RIDGE10.TAKER.m1.primary,2025-11-01,44.87
RIDGE10.TAKER.m1.primary,2025-11-02,-4.970000000000001
RIDGE10.TAKER.m1.primary,2025-11-03,6.03
RIDGE10.TAKER.m1.primary,2025-11-04,3.93
RIDGE10.TAKER.m1.primary,2025-11-05,2.65
RIDGE10.TAKER.m1.primary,2025-11-06,-3.1
RIDGE10.TAKER.m1.primary,2025-11-07,-4.369999999999999
RIDGE10.TAKER.m1.primary,2025-11-08,-16.130000000000003
RIDGE10.TAKER.m1.primary,2025-11-09,-9.06
RIDGE10.TAKER.m1.primary,2025-11-10,-5.18
RIDGE10.TAKER.m1.primary,2025-11-11,2.8900000000000006
RIDGE10.TAKER.m1.primary,2025-11-12,3.93
RIDGE10.TAKER.m1.primary,2025-11-13,0.79
RIDGE10.TAKER.m1.primary,2025-11-14,5.12
RIDGE10.TAKER.m1.primary,2025-11-15,-14.719999999999997
RIDGE10.TAKER.m1.primary,2025-11-16,7.989999999999998
RIDGE10.TAKER.m1.primary,2025-11-17,-2.22
RIDGE10.TAKER.m1.primary,2025-11-18,-10.48
RIDGE10.TAKER.m1.primary,2025-11-19,3.3099999999999996
RIDGE10.TAKER.m1.primary,2025-11-20,5.12
RIDGE10.TAKER.m1.primary,2025-11-21,-1.9399999999999995
RIDGE10.TAKER.m1.primary,2025-11-22,31.88
RIDGE10.TAKER.m1.primary,2025-11-23,-31.25
RIDGE10.TAKER.m1.primary,2025-11-24,2.07
RIDGE10.TAKER.m1.primary,2025-11-25,-3.27
RIDGE10.TAKER.m1.primary,2025-11-27,6.15
RIDGE10.TAKER.m1.primary,2025-11-28,10.559999999999999
RIDGE10.TAKER.m1.primary,2025-11-29,-15.6
RIDGE10.TAKER.m1.primary,2025-11-30,-2.2700000000000005
RIDGE10.TAKER.m1.primary,2025-12-01,-1.59
RIDGE10.TAKER.m1.primary,2025-12-04,1.98
RIDGE10.TAKER.m1.primary,2025-12-05,-11.55
RIDGE10.TAKER.m1.primary,2025-12-06,4.369999999999999
RIDGE10.TAKER.m1.primary,2025-12-07,-11.31
RIDGE10.TAKER.m1.primary,2025-12-08,-2.53
RIDGE10.TAKER.m1.primary,2025-12-11,6.95
RIDGE10.TAKER.m1.primary,2025-12-13,-12.34
RIDGE10.TAKER.m1.primary,2025-12-14,-6.109999999999999
RIDGE10.TAKER.m1.primary,2025-12-15,-4.07
RIDGE10.TAKER.m1.primary,2025-12-16,-2.53
RIDGE10.TAKER.m1.primary,2025-12-17,-5.31
RIDGE10.TAKER.m1.primary,2025-12-18,-4.88
RIDGE10.TAKER.m1.primary,2025-12-19,-2.22
RIDGE10.TAKER.m1.primary,2025-12-20,3.42
RIDGE10.TAKER.m1.primary,2025-12-21,-3.9699999999999998
RIDGE10.TAKER.m1.primary,2025-12-22,3.69
RIDGE10.TAKER.m1.primary,2025-12-23,3.76
RIDGE10.TAKER.m1.primary,2025-12-24,8.41
RIDGE10.TAKER.m1.primary,2025-12-25,9.04
RIDGE10.TAKER.m1.primary,2025-12-26,0.27
RIDGE10.TAKER.m1.primary,2025-12-27,8.57
RIDGE10.TAKER.m1.primary,2025-12-28,9.200000000000001
RIDGE10.TAKER.m1.primary,2025-12-29,3.8199999999999994
RIDGE10.TAKER.m1.primary,2025-12-30,-5.430000000000001
RIDGE10.TAKER.m1.primary,2025-12-31,-1.5599999999999996
RIDGE10.TAKER.m1.primary,2026-01-01,6.03
RIDGE10.TAKER.m1.primary,2026-01-02,-2.53
RIDGE10.TAKER.m1.primary,2026-01-03,-4.27
RIDGE10.TAKER.m1.primary,2026-01-04,10.490000000000002
RIDGE10.TAKER.m1.primary,2026-01-11,-7.15
RIDGE10.TAKER.m1.primary,2026-01-12,-4.38
RIDGE10.TAKER.m1.primary,2026-01-17,-2.3300000000000005
RIDGE10.TAKER.m1.primary,2026-01-18,-6.4
RIDGE10.TAKER.m1.all,2025-09-08,-16.54
RIDGE10.TAKER.m1.all,2025-09-11,-12.82
RIDGE10.TAKER.m1.all,2025-09-12,16.87
RIDGE10.TAKER.m1.all,2025-09-13,48.78
RIDGE10.TAKER.m1.all,2025-09-14,-83.39999999999999
RIDGE10.TAKER.m1.all,2025-09-15,-33.95
RIDGE10.TAKER.m1.all,2025-09-16,0.18
RIDGE10.TAKER.m1.all,2025-09-18,-18.38
RIDGE10.TAKER.m1.all,2025-09-19,-4.95
RIDGE10.TAKER.m1.all,2025-09-20,59.089999999999996
RIDGE10.TAKER.m1.all,2025-09-21,-61.900000000000006
RIDGE10.TAKER.m1.all,2025-09-22,63.03
RIDGE10.TAKER.m1.all,2025-09-25,1.09
RIDGE10.TAKER.m1.all,2025-09-26,76.51
RIDGE10.TAKER.m1.all,2025-09-27,116.47
RIDGE10.TAKER.m1.all,2025-09-28,7.169999999999996
RIDGE10.TAKER.m1.all,2025-09-29,0.65
RIDGE10.TAKER.m1.all,2025-10-02,78.53
RIDGE10.TAKER.m1.all,2025-10-03,2.6
RIDGE10.TAKER.m1.all,2025-10-04,-147.92
RIDGE10.TAKER.m1.all,2025-10-05,224.0
RIDGE10.TAKER.m1.all,2025-10-06,10.7
RIDGE10.TAKER.m1.all,2025-10-08,-14.0
RIDGE10.TAKER.m1.all,2025-10-09,30.27
RIDGE10.TAKER.m1.all,2025-10-10,4.54
RIDGE10.TAKER.m1.all,2025-10-11,-205.79
RIDGE10.TAKER.m1.all,2025-10-12,-182.19
RIDGE10.TAKER.m1.all,2025-10-13,88.76
RIDGE10.TAKER.m1.all,2025-10-14,-21.32
RIDGE10.TAKER.m1.all,2025-10-15,0.8399999999999999
RIDGE10.TAKER.m1.all,2025-10-16,9.3
RIDGE10.TAKER.m1.all,2025-10-17,19.12
RIDGE10.TAKER.m1.all,2025-10-18,52.43000000000001
RIDGE10.TAKER.m1.all,2025-10-19,-117.12
RIDGE10.TAKER.m1.all,2025-10-20,-11.959999999999999
RIDGE10.TAKER.m1.all,2025-10-21,7.760000000000001
RIDGE10.TAKER.m1.all,2025-10-22,9.58
RIDGE10.TAKER.m1.all,2025-10-23,-0.6699999999999999
RIDGE10.TAKER.m1.all,2025-10-24,24.64
RIDGE10.TAKER.m1.all,2025-10-25,138.97
RIDGE10.TAKER.m1.all,2025-10-26,77.39
RIDGE10.TAKER.m1.all,2025-10-27,-8.93
RIDGE10.TAKER.m1.all,2025-10-28,-13.5
RIDGE10.TAKER.m1.all,2025-10-29,42.75
RIDGE10.TAKER.m1.all,2025-10-30,-14.450000000000001
RIDGE10.TAKER.m1.all,2025-10-31,0.65
RIDGE10.TAKER.m1.all,2025-11-01,195.7
RIDGE10.TAKER.m1.all,2025-11-02,-46.84
RIDGE10.TAKER.m1.all,2025-11-03,8.870000000000001
RIDGE10.TAKER.m1.all,2025-11-04,46.67
RIDGE10.TAKER.m1.all,2025-11-05,12.37
RIDGE10.TAKER.m1.all,2025-11-06,-22.82
RIDGE10.TAKER.m1.all,2025-11-07,-16.07
RIDGE10.TAKER.m1.all,2025-11-08,9.849999999999998
RIDGE10.TAKER.m1.all,2025-11-09,-13.370000000000005
RIDGE10.TAKER.m1.all,2025-11-10,-8.649999999999999
RIDGE10.TAKER.m1.all,2025-11-11,25.13
RIDGE10.TAKER.m1.all,2025-11-12,11.93
RIDGE10.TAKER.m1.all,2025-11-13,-10.99
RIDGE10.TAKER.m1.all,2025-11-14,-12.809999999999999
RIDGE10.TAKER.m1.all,2025-11-15,-80.69
RIDGE10.TAKER.m1.all,2025-11-16,-92.17999999999999
RIDGE10.TAKER.m1.all,2025-11-17,-3.5
RIDGE10.TAKER.m1.all,2025-11-18,-134.19
RIDGE10.TAKER.m1.all,2025-11-19,32.6
RIDGE10.TAKER.m1.all,2025-11-20,5.12
RIDGE10.TAKER.m1.all,2025-11-21,14.740000000000002
RIDGE10.TAKER.m1.all,2025-11-22,263.65
RIDGE10.TAKER.m1.all,2025-11-23,-227.53
RIDGE10.TAKER.m1.all,2025-11-24,2.07
RIDGE10.TAKER.m1.all,2025-11-25,-25.02
RIDGE10.TAKER.m1.all,2025-11-27,-7.900000000000001
RIDGE10.TAKER.m1.all,2025-11-28,1.2099999999999989
RIDGE10.TAKER.m1.all,2025-11-29,63.87
RIDGE10.TAKER.m1.all,2025-11-30,-5.620000000000001
RIDGE10.TAKER.m1.all,2025-12-01,-4.9
RIDGE10.TAKER.m1.all,2025-12-04,1.02
RIDGE10.TAKER.m1.all,2025-12-05,-30.8
RIDGE10.TAKER.m1.all,2025-12-06,51.33
RIDGE10.TAKER.m1.all,2025-12-07,-47.87
RIDGE10.TAKER.m1.all,2025-12-08,-13.95
RIDGE10.TAKER.m1.all,2025-12-11,15.36
RIDGE10.TAKER.m1.all,2025-12-13,-47.58
RIDGE10.TAKER.m1.all,2025-12-14,-119.67999999999999
RIDGE10.TAKER.m1.all,2025-12-15,-8.040000000000001
RIDGE10.TAKER.m1.all,2025-12-16,-64.78
RIDGE10.TAKER.m1.all,2025-12-17,-72.38
RIDGE10.TAKER.m1.all,2025-12-18,-12.42
RIDGE10.TAKER.m1.all,2025-12-19,-2.6500000000000004
RIDGE10.TAKER.m1.all,2025-12-20,-89.3
RIDGE10.TAKER.m1.all,2025-12-21,-88.08
RIDGE10.TAKER.m1.all,2025-12-22,3.69
RIDGE10.TAKER.m1.all,2025-12-23,10.629999999999999
RIDGE10.TAKER.m1.all,2025-12-24,8.41
RIDGE10.TAKER.m1.all,2025-12-25,-20.950000000000003
RIDGE10.TAKER.m1.all,2025-12-26,0.27
RIDGE10.TAKER.m1.all,2025-12-27,70.65
RIDGE10.TAKER.m1.all,2025-12-28,20.740000000000002
RIDGE10.TAKER.m1.all,2025-12-29,6.45
RIDGE10.TAKER.m1.all,2025-12-30,-5.48
RIDGE10.TAKER.m1.all,2025-12-31,2.2200000000000006
RIDGE10.TAKER.m1.all,2026-01-01,11.760000000000002
RIDGE10.TAKER.m1.all,2026-01-02,-25.62
RIDGE10.TAKER.m1.all,2026-01-03,-4.27
RIDGE10.TAKER.m1.all,2026-01-04,40.29
RIDGE10.TAKER.m1.all,2026-01-11,-14.2
RIDGE10.TAKER.m1.all,2026-01-12,-16.22
RIDGE10.TAKER.m1.all,2026-01-17,-3.7200000000000006
RIDGE10.TAKER.m1.all,2026-01-18,-9.06
RIDGE10.MAKER.m0.primary,2025-09-08,-6.45
RIDGE10.MAKER.m0.primary,2025-09-11,0.0
RIDGE10.MAKER.m0.primary,2025-09-12,-0.4399999999999995
RIDGE10.MAKER.m0.primary,2025-09-13,24.9
RIDGE10.MAKER.m0.primary,2025-09-14,4.049999999999999
RIDGE10.MAKER.m0.primary,2025-09-15,-9.5
RIDGE10.MAKER.m0.primary,2025-09-18,-1.77
RIDGE10.MAKER.m0.primary,2025-09-19,-12.19
RIDGE10.MAKER.m0.primary,2025-09-20,-55.94
RIDGE10.MAKER.m0.primary,2025-09-21,-9.8
RIDGE10.MAKER.m0.primary,2025-09-22,6.76
RIDGE10.MAKER.m0.primary,2025-09-25,6.12
RIDGE10.MAKER.m0.primary,2025-09-26,-10.33
RIDGE10.MAKER.m0.primary,2025-09-27,6.149999999999998
RIDGE10.MAKER.m0.primary,2025-09-28,-25.13
RIDGE10.MAKER.m0.primary,2025-09-29,7.42
RIDGE10.MAKER.m0.primary,2025-10-02,-2.88
RIDGE10.MAKER.m0.primary,2025-10-03,-0.23999999999999988
RIDGE10.MAKER.m0.primary,2025-10-04,-21.82
RIDGE10.MAKER.m0.primary,2025-10-05,-8.610000000000001
RIDGE10.MAKER.m0.primary,2025-10-06,7.26
RIDGE10.MAKER.m0.primary,2025-10-08,2.71
RIDGE10.MAKER.m0.primary,2025-10-09,-14.41
RIDGE10.MAKER.m0.primary,2025-10-10,13.86
RIDGE10.MAKER.m0.primary,2025-10-11,1.5700000000000012
RIDGE10.MAKER.m0.primary,2025-10-12,-17.43
RIDGE10.MAKER.m0.primary,2025-10-13,12.2
RIDGE10.MAKER.m0.primary,2025-10-14,-1.8000000000000007
RIDGE10.MAKER.m0.primary,2025-10-15,0.2999999999999998
RIDGE10.MAKER.m0.primary,2025-10-16,9.45
RIDGE10.MAKER.m0.primary,2025-10-17,-12.469999999999999
RIDGE10.MAKER.m0.primary,2025-10-18,-15.269999999999998
RIDGE10.MAKER.m0.primary,2025-10-19,-22.61
RIDGE10.MAKER.m0.primary,2025-10-20,-4.57
RIDGE10.MAKER.m0.primary,2025-10-21,-6.18
RIDGE10.MAKER.m0.primary,2025-10-22,-1.27
RIDGE10.MAKER.m0.primary,2025-10-23,-4.57
RIDGE10.MAKER.m0.primary,2025-10-24,3.92
RIDGE10.MAKER.m0.primary,2025-10-25,62.39
RIDGE10.MAKER.m0.primary,2025-10-26,-8.120000000000001
RIDGE10.MAKER.m0.primary,2025-10-27,-1.93
RIDGE10.MAKER.m0.primary,2025-10-28,-3.96
RIDGE10.MAKER.m0.primary,2025-10-29,8.3
RIDGE10.MAKER.m0.primary,2025-10-30,-15.51
RIDGE10.MAKER.m0.primary,2025-10-31,-4.36
RIDGE10.MAKER.m0.primary,2025-11-01,-19.93
RIDGE10.MAKER.m0.primary,2025-11-02,-5.85
RIDGE10.MAKER.m0.primary,2025-11-03,-5.45
RIDGE10.MAKER.m0.primary,2025-11-04,3.33
RIDGE10.MAKER.m0.primary,2025-11-05,4.63
RIDGE10.MAKER.m0.primary,2025-11-06,-8.7
RIDGE10.MAKER.m0.primary,2025-11-07,1.08
RIDGE10.MAKER.m0.primary,2025-11-08,-0.8500000000000023
RIDGE10.MAKER.m0.primary,2025-11-09,-6.47
RIDGE10.MAKER.m0.primary,2025-11-10,-4.15
RIDGE10.MAKER.m0.primary,2025-11-11,-11.39
RIDGE10.MAKER.m0.primary,2025-11-12,3.91
RIDGE10.MAKER.m0.primary,2025-11-13,0.11999999999999966
RIDGE10.MAKER.m0.primary,2025-11-14,-5.55
RIDGE10.MAKER.m0.primary,2025-11-15,1.3399999999999985
RIDGE10.MAKER.m0.primary,2025-11-16,-3.2700000000000005
RIDGE10.MAKER.m0.primary,2025-11-17,-4.05
RIDGE10.MAKER.m0.primary,2025-11-18,-9.41
RIDGE10.MAKER.m0.primary,2025-11-19,2.82
RIDGE10.MAKER.m0.primary,2025-11-20,14.32
RIDGE10.MAKER.m0.primary,2025-11-21,-11.39
RIDGE10.MAKER.m0.primary,2025-11-22,3.41
RIDGE10.MAKER.m0.primary,2025-11-23,-4.94
RIDGE10.MAKER.m0.primary,2025-11-24,1.47
RIDGE10.MAKER.m0.primary,2025-11-25,-3.46
RIDGE10.MAKER.m0.primary,2025-11-27,-0.7600000000000016
RIDGE10.MAKER.m0.primary,2025-11-28,-8.03
RIDGE10.MAKER.m0.primary,2025-11-29,5.179999999999997
RIDGE10.MAKER.m0.primary,2025-11-30,-13.23
RIDGE10.MAKER.m0.primary,2025-12-01,-1.32
RIDGE10.MAKER.m0.primary,2025-12-04,3.65
RIDGE10.MAKER.m0.primary,2025-12-05,1.8500000000000005
RIDGE10.MAKER.m0.primary,2025-12-06,-4.930000000000001
RIDGE10.MAKER.m0.primary,2025-12-07,-24.91
RIDGE10.MAKER.m0.primary,2025-12-08,-3.85
RIDGE10.MAKER.m0.primary,2025-12-11,7.06
RIDGE10.MAKER.m0.primary,2025-12-13,-6.42
RIDGE10.MAKER.m0.primary,2025-12-14,-8.990000000000002
RIDGE10.MAKER.m0.primary,2025-12-15,-3.54
RIDGE10.MAKER.m0.primary,2025-12-16,3.95
RIDGE10.MAKER.m0.primary,2025-12-17,-11.6
RIDGE10.MAKER.m0.primary,2025-12-18,-7.1899999999999995
RIDGE10.MAKER.m0.primary,2025-12-19,14.36
RIDGE10.MAKER.m0.primary,2025-12-20,-0.1599999999999997
RIDGE10.MAKER.m0.primary,2025-12-21,-4.410000000000001
RIDGE10.MAKER.m0.primary,2025-12-22,-7.7
RIDGE10.MAKER.m0.primary,2025-12-23,0.4900000000000002
RIDGE10.MAKER.m0.primary,2025-12-24,5.65
RIDGE10.MAKER.m0.primary,2025-12-25,-11.71
RIDGE10.MAKER.m0.primary,2025-12-26,-8.84
RIDGE10.MAKER.m0.primary,2025-12-27,-3.1599999999999997
RIDGE10.MAKER.m0.primary,2025-12-28,4.0
RIDGE10.MAKER.m0.primary,2025-12-29,5.03
RIDGE10.MAKER.m0.primary,2025-12-30,-10.73
RIDGE10.MAKER.m0.primary,2025-12-31,-10.219999999999999
RIDGE10.MAKER.m0.primary,2026-01-01,4.86
RIDGE10.MAKER.m0.primary,2026-01-02,-4.450000000000001
RIDGE10.MAKER.m0.primary,2026-01-03,-8.3
RIDGE10.MAKER.m0.primary,2026-01-04,-12.06
RIDGE10.MAKER.m0.primary,2026-01-08,-3.04
RIDGE10.MAKER.m0.primary,2026-01-09,2.56
RIDGE10.MAKER.m0.primary,2026-01-10,-6.37
RIDGE10.MAKER.m0.primary,2026-01-11,6.25
RIDGE10.MAKER.m0.primary,2026-01-12,-4.95
RIDGE10.MAKER.m0.primary,2026-01-17,1.6099999999999999
RIDGE10.MAKER.m0.primary,2026-01-18,-5.88
RIDGE10.MAKER.m0.all,2025-09-08,-27.67
RIDGE10.MAKER.m0.all,2025-09-11,-8.930000000000001
RIDGE10.MAKER.m0.all,2025-09-12,10.580000000000002
RIDGE10.MAKER.m0.all,2025-09-13,116.71
RIDGE10.MAKER.m0.all,2025-09-14,-43.32
RIDGE10.MAKER.m0.all,2025-09-15,-16.9
RIDGE10.MAKER.m0.all,2025-09-16,-0.6999999999999998
RIDGE10.MAKER.m0.all,2025-09-18,-8.34
RIDGE10.MAKER.m0.all,2025-09-19,-4.099999999999998
RIDGE10.MAKER.m0.all,2025-09-20,-22.330000000000002
RIDGE10.MAKER.m0.all,2025-09-21,15.149999999999995
RIDGE10.MAKER.m0.all,2025-09-22,53.51
RIDGE10.MAKER.m0.all,2025-09-25,0.3400000000000001
RIDGE10.MAKER.m0.all,2025-09-26,33.0
RIDGE10.MAKER.m0.all,2025-09-27,37.569999999999986
RIDGE10.MAKER.m0.all,2025-09-28,-55.330000000000005
RIDGE10.MAKER.m0.all,2025-09-29,19.4
RIDGE10.MAKER.m0.all,2025-10-02,63.79
RIDGE10.MAKER.m0.all,2025-10-03,-6.459999999999999
RIDGE10.MAKER.m0.all,2025-10-04,-119.42
RIDGE10.MAKER.m0.all,2025-10-05,214.66
RIDGE10.MAKER.m0.all,2025-10-06,46.97
RIDGE10.MAKER.m0.all,2025-10-08,8.269999999999998
RIDGE10.MAKER.m0.all,2025-10-09,-36.39
RIDGE10.MAKER.m0.all,2025-10-10,31.48
RIDGE10.MAKER.m0.all,2025-10-11,-218.24
RIDGE10.MAKER.m0.all,2025-10-12,-215.13
RIDGE10.MAKER.m0.all,2025-10-13,115.59
RIDGE10.MAKER.m0.all,2025-10-14,-27.130000000000003
RIDGE10.MAKER.m0.all,2025-10-15,2.0599999999999996
RIDGE10.MAKER.m0.all,2025-10-16,32.57
RIDGE10.MAKER.m0.all,2025-10-17,-8.56
RIDGE10.MAKER.m0.all,2025-10-18,-45.790000000000006
RIDGE10.MAKER.m0.all,2025-10-19,-253.22
RIDGE10.MAKER.m0.all,2025-10-20,-6.209999999999999
RIDGE10.MAKER.m0.all,2025-10-21,-3.3100000000000005
RIDGE10.MAKER.m0.all,2025-10-22,-15.629999999999999
RIDGE10.MAKER.m0.all,2025-10-23,-7.99
RIDGE10.MAKER.m0.all,2025-10-24,66.33
RIDGE10.MAKER.m0.all,2025-10-25,204.07999999999998
RIDGE10.MAKER.m0.all,2025-10-26,-45.69
RIDGE10.MAKER.m0.all,2025-10-27,-13.969999999999999
RIDGE10.MAKER.m0.all,2025-10-28,-20.66
RIDGE10.MAKER.m0.all,2025-10-29,53.91
RIDGE10.MAKER.m0.all,2025-10-30,-63.269999999999996
RIDGE10.MAKER.m0.all,2025-10-31,-23.310000000000002
RIDGE10.MAKER.m0.all,2025-11-01,153.92
RIDGE10.MAKER.m0.all,2025-11-02,27.16
RIDGE10.MAKER.m0.all,2025-11-03,-18.5
RIDGE10.MAKER.m0.all,2025-11-04,51.99
RIDGE10.MAKER.m0.all,2025-11-05,45.07
RIDGE10.MAKER.m0.all,2025-11-06,-46.0
RIDGE10.MAKER.m0.all,2025-11-07,-15.769999999999998
RIDGE10.MAKER.m0.all,2025-11-08,15.719999999999995
RIDGE10.MAKER.m0.all,2025-11-09,-9.109999999999998
RIDGE10.MAKER.m0.all,2025-11-10,-30.080000000000002
RIDGE10.MAKER.m0.all,2025-11-11,0.830000000000001
RIDGE10.MAKER.m0.all,2025-11-12,19.09
RIDGE10.MAKER.m0.all,2025-11-13,-6.0600000000000005
RIDGE10.MAKER.m0.all,2025-11-14,-27.41
RIDGE10.MAKER.m0.all,2025-11-15,-83.82000000000001
RIDGE10.MAKER.m0.all,2025-11-16,-101.83
RIDGE10.MAKER.m0.all,2025-11-17,-11.979999999999999
RIDGE10.MAKER.m0.all,2025-11-18,-111.88
RIDGE10.MAKER.m0.all,2025-11-19,46.45
RIDGE10.MAKER.m0.all,2025-11-20,65.67999999999999
RIDGE10.MAKER.m0.all,2025-11-21,39.48
RIDGE10.MAKER.m0.all,2025-11-22,185.14
RIDGE10.MAKER.m0.all,2025-11-23,-334.71
RIDGE10.MAKER.m0.all,2025-11-24,8.08
RIDGE10.MAKER.m0.all,2025-11-25,-11.620000000000001
RIDGE10.MAKER.m0.all,2025-11-27,48.4
RIDGE10.MAKER.m0.all,2025-11-28,74.34
RIDGE10.MAKER.m0.all,2025-11-29,-24.6
RIDGE10.MAKER.m0.all,2025-11-30,-29.85
RIDGE10.MAKER.m0.all,2025-12-01,-3.38
RIDGE10.MAKER.m0.all,2025-12-04,15.379999999999999
RIDGE10.MAKER.m0.all,2025-12-05,-42.28
RIDGE10.MAKER.m0.all,2025-12-06,26.3
RIDGE10.MAKER.m0.all,2025-12-07,10.019999999999996
RIDGE10.MAKER.m0.all,2025-12-08,-35.86
RIDGE10.MAKER.m0.all,2025-12-11,24.409999999999997
RIDGE10.MAKER.m0.all,2025-12-13,-101.29
RIDGE10.MAKER.m0.all,2025-12-14,-154.36
RIDGE10.MAKER.m0.all,2025-12-15,-18.07
RIDGE10.MAKER.m0.all,2025-12-16,-49.13
RIDGE10.MAKER.m0.all,2025-12-17,-106.17
RIDGE10.MAKER.m0.all,2025-12-18,-81.34
RIDGE10.MAKER.m0.all,2025-12-19,2.6800000000000006
RIDGE10.MAKER.m0.all,2025-12-20,-47.58
RIDGE10.MAKER.m0.all,2025-12-21,0.5799999999999933
RIDGE10.MAKER.m0.all,2025-12-22,-0.3500000000000002
RIDGE10.MAKER.m0.all,2025-12-23,10.399999999999999
RIDGE10.MAKER.m0.all,2025-12-24,36.81
RIDGE10.MAKER.m0.all,2025-12-25,-3.0500000000000007
RIDGE10.MAKER.m0.all,2025-12-26,13.44
RIDGE10.MAKER.m0.all,2025-12-27,41.91
RIDGE10.MAKER.m0.all,2025-12-28,-49.19
RIDGE10.MAKER.m0.all,2025-12-29,21.27
RIDGE10.MAKER.m0.all,2025-12-30,-124.35
RIDGE10.MAKER.m0.all,2025-12-31,-43.730000000000004
RIDGE10.MAKER.m0.all,2026-01-01,56.74
RIDGE10.MAKER.m0.all,2026-01-02,-36.92
RIDGE10.MAKER.m0.all,2026-01-03,-4.839999999999999
RIDGE10.MAKER.m0.all,2026-01-04,8.679999999999994
RIDGE10.MAKER.m0.all,2026-01-08,-7.68
RIDGE10.MAKER.m0.all,2026-01-09,13.35
RIDGE10.MAKER.m0.all,2026-01-10,-73.89
RIDGE10.MAKER.m0.all,2026-01-11,61.21
RIDGE10.MAKER.m0.all,2026-01-12,-15.799999999999999
RIDGE10.MAKER.m0.all,2026-01-17,-10.080000000000002
RIDGE10.MAKER.m0.all,2026-01-18,-25.0
RIDGE10.MAKER.m1.primary,2025-09-08,-6.45
RIDGE10.MAKER.m1.primary,2025-09-11,0.0
RIDGE10.MAKER.m1.primary,2025-09-12,-10.54
RIDGE10.MAKER.m1.primary,2025-09-13,0.5199999999999999
RIDGE10.MAKER.m1.primary,2025-09-14,-10.14
RIDGE10.MAKER.m1.primary,2025-09-15,-9.5
RIDGE10.MAKER.m1.primary,2025-09-18,-1.77
RIDGE10.MAKER.m1.primary,2025-09-19,-12.19
RIDGE10.MAKER.m1.primary,2025-09-20,-31.15
RIDGE10.MAKER.m1.primary,2025-09-21,-17.09
RIDGE10.MAKER.m1.primary,2025-09-22,6.76
RIDGE10.MAKER.m1.primary,2025-09-25,6.12
RIDGE10.MAKER.m1.primary,2025-09-26,3.7800000000000002
RIDGE10.MAKER.m1.primary,2025-09-27,6.06
RIDGE10.MAKER.m1.primary,2025-09-28,-24.830000000000002
RIDGE10.MAKER.m1.primary,2025-09-29,7.42
RIDGE10.MAKER.m1.primary,2025-10-02,-11.98
RIDGE10.MAKER.m1.primary,2025-10-03,-0.14000000000000024
RIDGE10.MAKER.m1.primary,2025-10-04,-0.029999999999999805
RIDGE10.MAKER.m1.primary,2025-10-05,0.9000000000000004
RIDGE10.MAKER.m1.primary,2025-10-06,7.26
RIDGE10.MAKER.m1.primary,2025-10-08,-7.29
RIDGE10.MAKER.m1.primary,2025-10-09,-6.2
RIDGE10.MAKER.m1.primary,2025-10-10,15.07
RIDGE10.MAKER.m1.primary,2025-10-11,-1.7400000000000029
RIDGE10.MAKER.m1.primary,2025-10-12,-17.43
RIDGE10.MAKER.m1.primary,2025-10-13,12.2
RIDGE10.MAKER.m1.primary,2025-10-14,-3.3000000000000007
RIDGE10.MAKER.m1.primary,2025-10-15,2.5999999999999996
RIDGE10.MAKER.m1.primary,2025-10-16,-4.7700000000000005
RIDGE10.MAKER.m1.primary,2025-10-17,-8.56
RIDGE10.MAKER.m1.primary,2025-10-18,-22.490000000000002
RIDGE10.MAKER.m1.primary,2025-10-19,-24.18
RIDGE10.MAKER.m1.primary,2025-10-20,-4.77
RIDGE10.MAKER.m1.primary,2025-10-21,-6.18
RIDGE10.MAKER.m1.primary,2025-10-22,-1.27
RIDGE10.MAKER.m1.primary,2025-10-23,-4.57
RIDGE10.MAKER.m1.primary,2025-10-24,5.109999999999999
RIDGE10.MAKER.m1.primary,2025-10-25,9.96
RIDGE10.MAKER.m1.primary,2025-10-26,-8.73
RIDGE10.MAKER.m1.primary,2025-10-27,-1.93
RIDGE10.MAKER.m1.primary,2025-10-28,-2.85
RIDGE10.MAKER.m1.primary,2025-10-29,8.3
RIDGE10.MAKER.m1.primary,2025-10-30,-17.49
RIDGE10.MAKER.m1.primary,2025-10-31,-3.95
RIDGE10.MAKER.m1.primary,2025-11-01,20.99
RIDGE10.MAKER.m1.primary,2025-11-02,-3.98
RIDGE10.MAKER.m1.primary,2025-11-03,-5.45
RIDGE10.MAKER.m1.primary,2025-11-04,3.13
RIDGE10.MAKER.m1.primary,2025-11-05,4.63
RIDGE10.MAKER.m1.primary,2025-11-06,-6.61
RIDGE10.MAKER.m1.primary,2025-11-07,1.58
RIDGE10.MAKER.m1.primary,2025-11-08,-7.850000000000002
RIDGE10.MAKER.m1.primary,2025-11-09,-15.07
RIDGE10.MAKER.m1.primary,2025-11-10,-4.15
RIDGE10.MAKER.m1.primary,2025-11-11,3.4099999999999993
RIDGE10.MAKER.m1.primary,2025-11-12,3.52
RIDGE10.MAKER.m1.primary,2025-11-13,0.11999999999999966
RIDGE10.MAKER.m1.primary,2025-11-14,-5.05
RIDGE10.MAKER.m1.primary,2025-11-15,-0.04000000000000181
RIDGE10.MAKER.m1.primary,2025-11-16,-11.16
RIDGE10.MAKER.m1.primary,2025-11-17,-4.05
RIDGE10.MAKER.m1.primary,2025-11-18,-9.41
RIDGE10.MAKER.m1.primary,2025-11-19,3.82
RIDGE10.MAKER.m1.primary,2025-11-20,13.92
RIDGE10.MAKER.m1.primary,2025-11-21,10.899999999999999
RIDGE10.MAKER.m1.primary,2025-11-22,18.54
RIDGE10.MAKER.m1.primary,2025-11-23,-20.73
RIDGE10.MAKER.m1.primary,2025-11-24,1.47
RIDGE10.MAKER.m1.primary,2025-11-25,-3.0500000000000003
RIDGE10.MAKER.m1.primary,2025-11-27,-0.7600000000000016
RIDGE10.MAKER.m1.primary,2025-11-28,12.95
RIDGE10.MAKER.m1.primary,2025-11-29,-5.650000000000002
RIDGE10.MAKER.m1.primary,2025-11-30,-17.3
RIDGE10.MAKER.m1.primary,2025-12-01,-1.32
RIDGE10.MAKER.m1.primary,2025-12-04,2.96
RIDGE10.MAKER.m1.primary,2025-12-05,-10.530000000000001
RIDGE10.MAKER.m1.primary,2025-12-06,1.5899999999999999
RIDGE10.MAKER.m1.primary,2025-12-07,-4.409999999999999
RIDGE10.MAKER.m1.primary,2025-12-08,-3.95
RIDGE10.MAKER.m1.primary,2025-12-11,7.06
RIDGE10.MAKER.m1.primary,2025-12-13,-6.42
RIDGE10.MAKER.m1.primary,2025-12-14,-3.4600000000000017
RIDGE10.MAKER.m1.primary,2025-12-15,-3.54
RIDGE10.MAKER.m1.primary,2025-12-16,-2.44
RIDGE10.MAKER.m1.primary,2025-12-17,-11.6
RIDGE10.MAKER.m1.primary,2025-12-18,-1.29
RIDGE10.MAKER.m1.primary,2025-12-19,-12.290000000000001
RIDGE10.MAKER.m1.primary,2025-12-20,-0.75
RIDGE10.MAKER.m1.primary,2025-12-21,-5.43
RIDGE10.MAKER.m1.primary,2025-12-22,-0.69
RIDGE10.MAKER.m1.primary,2025-12-23,-0.5999999999999996
RIDGE10.MAKER.m1.primary,2025-12-24,5.65
RIDGE10.MAKER.m1.primary,2025-12-25,2.1900000000000004
RIDGE10.MAKER.m1.primary,2025-12-26,-6.34
RIDGE10.MAKER.m1.primary,2025-12-27,2.88
RIDGE10.MAKER.m1.primary,2025-12-28,-0.569999999999999
RIDGE10.MAKER.m1.primary,2025-12-29,5.03
RIDGE10.MAKER.m1.primary,2025-12-30,-10.73
RIDGE10.MAKER.m1.primary,2025-12-31,-11.219999999999999
RIDGE10.MAKER.m1.primary,2026-01-01,14.66
RIDGE10.MAKER.m1.primary,2026-01-02,-4.450000000000001
RIDGE10.MAKER.m1.primary,2026-01-03,-6.08
RIDGE10.MAKER.m1.primary,2026-01-04,3.13
RIDGE10.MAKER.m1.primary,2026-01-08,-2.74
RIDGE10.MAKER.m1.primary,2026-01-09,3.06
RIDGE10.MAKER.m1.primary,2026-01-10,-6.37
RIDGE10.MAKER.m1.primary,2026-01-11,8.16
RIDGE10.MAKER.m1.primary,2026-01-12,-4.95
RIDGE10.MAKER.m1.primary,2026-01-17,1.6099999999999999
RIDGE10.MAKER.m1.primary,2026-01-18,-5.88
RIDGE10.MAKER.m1.all,2025-09-08,-21.22
RIDGE10.MAKER.m1.all,2025-09-11,-14.05
RIDGE10.MAKER.m1.all,2025-09-12,16.28
RIDGE10.MAKER.m1.all,2025-09-13,75.97999999999999
RIDGE10.MAKER.m1.all,2025-09-14,-54.46
RIDGE10.MAKER.m1.all,2025-09-15,-19.39
RIDGE10.MAKER.m1.all,2025-09-16,0.2600000000000001
RIDGE10.MAKER.m1.all,2025-09-18,-9.42
RIDGE10.MAKER.m1.all,2025-09-19,9.65
RIDGE10.MAKER.m1.all,2025-09-20,0.7000000000000002
RIDGE10.MAKER.m1.all,2025-09-21,-17.389999999999997
RIDGE10.MAKER.m1.all,2025-09-22,57.26
RIDGE10.MAKER.m1.all,2025-09-25,-6.459999999999999
RIDGE10.MAKER.m1.all,2025-09-26,65.85
RIDGE10.MAKER.m1.all,2025-09-27,72.6
RIDGE10.MAKER.m1.all,2025-09-28,-23.590000000000003
RIDGE10.MAKER.m1.all,2025-09-29,20.75
RIDGE10.MAKER.m1.all,2025-10-02,56.28
RIDGE10.MAKER.m1.all,2025-10-03,2.990000000000001
RIDGE10.MAKER.m1.all,2025-10-04,-52.800000000000004
RIDGE10.MAKER.m1.all,2025-10-05,245.10999999999999
RIDGE10.MAKER.m1.all,2025-10-06,57.41
RIDGE10.MAKER.m1.all,2025-10-08,-11.68
RIDGE10.MAKER.m1.all,2025-10-09,-9.559999999999999
RIDGE10.MAKER.m1.all,2025-10-10,23.830000000000002
RIDGE10.MAKER.m1.all,2025-10-11,-239.44
RIDGE10.MAKER.m1.all,2025-10-12,-215.16
RIDGE10.MAKER.m1.all,2025-10-13,108.63
RIDGE10.MAKER.m1.all,2025-10-14,-20.6
RIDGE10.MAKER.m1.all,2025-10-15,5.609999999999999
RIDGE10.MAKER.m1.all,2025-10-16,25.39
RIDGE10.MAKER.m1.all,2025-10-17,12.149999999999999
RIDGE10.MAKER.m1.all,2025-10-18,28.80999999999999
RIDGE10.MAKER.m1.all,2025-10-19,-207.93
RIDGE10.MAKER.m1.all,2025-10-20,-7.38
RIDGE10.MAKER.m1.all,2025-10-21,-6.59
RIDGE10.MAKER.m1.all,2025-10-22,-12.99
RIDGE10.MAKER.m1.all,2025-10-23,-3.5799999999999996
RIDGE10.MAKER.m1.all,2025-10-24,45.75
RIDGE10.MAKER.m1.all,2025-10-25,146.56
RIDGE10.MAKER.m1.all,2025-10-26,-1.6500000000000006
RIDGE10.MAKER.m1.all,2025-10-27,-14.65
RIDGE10.MAKER.m1.all,2025-10-28,-12.85
RIDGE10.MAKER.m1.all,2025-10-29,54.94
RIDGE10.MAKER.m1.all,2025-10-30,-38.73
RIDGE10.MAKER.m1.all,2025-10-31,-17.17
RIDGE10.MAKER.m1.all,2025-11-01,185.83
RIDGE10.MAKER.m1.all,2025-11-02,25.46
RIDGE10.MAKER.m1.all,2025-11-03,-10.89
RIDGE10.MAKER.m1.all,2025-11-04,52.42
RIDGE10.MAKER.m1.all,2025-11-05,46.3
RIDGE10.MAKER.m1.all,2025-11-06,-31.94
RIDGE10.MAKER.m1.all,2025-11-07,-14.52
RIDGE10.MAKER.m1.all,2025-11-08,19.639999999999993
RIDGE10.MAKER.m1.all,2025-11-09,-32.61
RIDGE10.MAKER.m1.all,2025-11-10,-25.23
RIDGE10.MAKER.m1.all,2025-11-11,19.78
RIDGE10.MAKER.m1.all,2025-11-12,14.44
RIDGE10.MAKER.m1.all,2025-11-13,-8.86
RIDGE10.MAKER.m1.all,2025-11-14,-23.49
RIDGE10.MAKER.m1.all,2025-11-15,-61.34
RIDGE10.MAKER.m1.all,2025-11-16,-74.89
RIDGE10.MAKER.m1.all,2025-11-17,-13.32
RIDGE10.MAKER.m1.all,2025-11-18,-111.47
RIDGE10.MAKER.m1.all,2025-11-19,42.36
RIDGE10.MAKER.m1.all,2025-11-20,65.44
RIDGE10.MAKER.m1.all,2025-11-21,53.86
RIDGE10.MAKER.m1.all,2025-11-22,254.67999999999998
RIDGE10.MAKER.m1.all,2025-11-23,-291.45
RIDGE10.MAKER.m1.all,2025-11-24,10.73
RIDGE10.MAKER.m1.all,2025-11-25,-11.33
RIDGE10.MAKER.m1.all,2025-11-27,47.65
RIDGE10.MAKER.m1.all,2025-11-28,73.85
RIDGE10.MAKER.m1.all,2025-11-29,-41.10000000000001
RIDGE10.MAKER.m1.all,2025-11-30,-2.9900000000000038
RIDGE10.MAKER.m1.all,2025-12-01,-3.5700000000000003
RIDGE10.MAKER.m1.all,2025-12-04,12.51
RIDGE10.MAKER.m1.all,2025-12-05,-49.95
RIDGE10.MAKER.m1.all,2025-12-06,28.59
RIDGE10.MAKER.m1.all,2025-12-07,3.169999999999998
RIDGE10.MAKER.m1.all,2025-12-08,-28.650000000000002
RIDGE10.MAKER.m1.all,2025-12-11,19.75
RIDGE10.MAKER.m1.all,2025-12-13,-71.5
RIDGE10.MAKER.m1.all,2025-12-14,-90.47
RIDGE10.MAKER.m1.all,2025-12-15,-16.51
RIDGE10.MAKER.m1.all,2025-12-16,-57.13
RIDGE10.MAKER.m1.all,2025-12-17,-92.5
RIDGE10.MAKER.m1.all,2025-12-18,-66.99
RIDGE10.MAKER.m1.all,2025-12-19,-17.44
RIDGE10.MAKER.m1.all,2025-12-20,-62.57
RIDGE10.MAKER.m1.all,2025-12-21,4.849999999999995
RIDGE10.MAKER.m1.all,2025-12-22,-5.35
RIDGE10.MAKER.m1.all,2025-12-23,5.939999999999999
RIDGE10.MAKER.m1.all,2025-12-24,59.97
RIDGE10.MAKER.m1.all,2025-12-25,-6.72
RIDGE10.MAKER.m1.all,2025-12-26,9.66
RIDGE10.MAKER.m1.all,2025-12-27,26.54
RIDGE10.MAKER.m1.all,2025-12-28,-44.010000000000005
RIDGE10.MAKER.m1.all,2025-12-29,21.19
RIDGE10.MAKER.m1.all,2025-12-30,-101.31
RIDGE10.MAKER.m1.all,2025-12-31,-29.370000000000005
RIDGE10.MAKER.m1.all,2026-01-01,49.72
RIDGE10.MAKER.m1.all,2026-01-02,-26.080000000000002
RIDGE10.MAKER.m1.all,2026-01-03,12.040000000000001
RIDGE10.MAKER.m1.all,2026-01-04,10.55
RIDGE10.MAKER.m1.all,2026-01-08,-2.74
RIDGE10.MAKER.m1.all,2026-01-09,8.67
RIDGE10.MAKER.m1.all,2026-01-10,-27.9
RIDGE10.MAKER.m1.all,2026-01-11,51.59
RIDGE10.MAKER.m1.all,2026-01-12,-23.71
RIDGE10.MAKER.m1.all,2026-01-17,-8.060000000000002
RIDGE10.MAKER.m1.all,2026-01-18,-35.64
LOGIT01.TAKER.m0.primary,2025-09-08,-5.38
LOGIT01.TAKER.m0.primary,2025-09-11,-1.71
LOGIT01.TAKER.m0.primary,2025-09-12,-11.89
LOGIT01.TAKER.m0.primary,2025-09-13,-41.52
LOGIT01.TAKER.m0.primary,2025-09-14,5.520000000000001
LOGIT01.TAKER.m0.primary,2025-09-15,-10.14
LOGIT01.TAKER.m0.primary,2025-09-18,5.24
LOGIT01.TAKER.m0.primary,2025-09-19,-3.990000000000001
LOGIT01.TAKER.m0.primary,2025-09-20,-23.96
LOGIT01.TAKER.m0.primary,2025-09-21,-17.26
LOGIT01.TAKER.m0.primary,2025-09-22,-7.15
LOGIT01.TAKER.m0.primary,2025-09-25,7.56
LOGIT01.TAKER.m0.primary,2025-09-26,-10.719999999999999
LOGIT01.TAKER.m0.primary,2025-09-27,-30.57
LOGIT01.TAKER.m0.primary,2025-09-28,-24.14
LOGIT01.TAKER.m0.primary,2025-09-29,6.68
LOGIT01.TAKER.m0.primary,2025-10-02,-13.89
LOGIT01.TAKER.m0.primary,2025-10-03,-0.04000000000000026
LOGIT01.TAKER.m0.primary,2025-10-04,-17.73
LOGIT01.TAKER.m0.primary,2025-10-05,-7.930000000000001
LOGIT01.TAKER.m0.primary,2025-10-06,-6.57
LOGIT01.TAKER.m0.primary,2025-10-08,-0.9499999999999997
LOGIT01.TAKER.m0.primary,2025-10-09,-9.860000000000001
LOGIT01.TAKER.m0.primary,2025-10-10,-11.05
LOGIT01.TAKER.m0.primary,2025-10-11,-14.410000000000004
LOGIT01.TAKER.m0.primary,2025-10-12,9.55
LOGIT01.TAKER.m0.primary,2025-10-13,-14.11
LOGIT01.TAKER.m0.primary,2025-10-14,3.6899999999999995
LOGIT01.TAKER.m0.primary,2025-10-15,9.35
LOGIT01.TAKER.m0.primary,2025-10-16,-6.220000000000001
LOGIT01.TAKER.m0.primary,2025-10-17,-9.66
LOGIT01.TAKER.m0.primary,2025-10-18,28.410000000000004
LOGIT01.TAKER.m0.primary,2025-10-19,19.259999999999998
LOGIT01.TAKER.m0.primary,2025-10-20,-1.42
LOGIT01.TAKER.m0.primary,2025-10-21,-3.13
LOGIT01.TAKER.m0.primary,2025-10-22,-2.8000000000000003
LOGIT01.TAKER.m0.primary,2025-10-23,-1.3199999999999998
LOGIT01.TAKER.m0.primary,2025-10-24,3.24
LOGIT01.TAKER.m0.primary,2025-10-25,19.52
LOGIT01.TAKER.m0.primary,2025-10-26,3.13
LOGIT01.TAKER.m0.primary,2025-10-27,1.41
LOGIT01.TAKER.m0.primary,2025-10-28,4.35
LOGIT01.TAKER.m0.primary,2025-10-29,6.87
LOGIT01.TAKER.m0.primary,2025-10-30,-12.42
LOGIT01.TAKER.m0.primary,2025-10-31,5.910000000000001
LOGIT01.TAKER.m0.primary,2025-11-01,-54.85
LOGIT01.TAKER.m0.primary,2025-11-02,-11.75
LOGIT01.TAKER.m0.primary,2025-11-03,6.03
LOGIT01.TAKER.m0.primary,2025-11-04,5.33
LOGIT01.TAKER.m0.primary,2025-11-05,3.4
LOGIT01.TAKER.m0.primary,2025-11-06,-4.58
LOGIT01.TAKER.m0.primary,2025-11-07,-0.4399999999999995
LOGIT01.TAKER.m0.primary,2025-11-08,15.580000000000002
LOGIT01.TAKER.m0.primary,2025-11-09,-19.39
LOGIT01.TAKER.m0.primary,2025-11-10,-5.18
LOGIT01.TAKER.m0.primary,2025-11-11,-2.920000000000001
LOGIT01.TAKER.m0.primary,2025-11-12,9.24
LOGIT01.TAKER.m0.primary,2025-11-13,4.24
LOGIT01.TAKER.m0.primary,2025-11-14,-6.42
LOGIT01.TAKER.m0.primary,2025-11-15,5.02
LOGIT01.TAKER.m0.primary,2025-11-16,-11.090000000000003
LOGIT01.TAKER.m0.primary,2025-11-17,3.24
LOGIT01.TAKER.m0.primary,2025-11-18,-3.9500000000000006
LOGIT01.TAKER.m0.primary,2025-11-19,6.779999999999999
LOGIT01.TAKER.m0.primary,2025-11-20,-13.23
LOGIT01.TAKER.m0.primary,2025-11-21,-3.2300000000000004
LOGIT01.TAKER.m0.primary,2025-11-22,9.219999999999999
LOGIT01.TAKER.m0.primary,2025-11-23,-3.7600000000000002
LOGIT01.TAKER.m0.primary,2025-11-24,2.07
LOGIT01.TAKER.m0.primary,2025-11-25,1.76
LOGIT01.TAKER.m0.primary,2025-11-27,-1.2799999999999994
LOGIT01.TAKER.m0.primary,2025-11-28,-3.290000000000001
LOGIT01.TAKER.m0.primary,2025-11-29,22.359999999999996
LOGIT01.TAKER.m0.primary,2025-11-30,-4.040000000000001
LOGIT01.TAKER.m0.primary,2025-12-01,2.17
LOGIT01.TAKER.m0.primary,2025-12-04,3.34
LOGIT01.TAKER.m0.primary,2025-12-05,0.2400000000000002
LOGIT01.TAKER.m0.primary,2025-12-06,-2.990000000000001
LOGIT01.TAKER.m0.primary,2025-12-07,10.580000000000002
LOGIT01.TAKER.m0.primary,2025-12-08,-5.48
LOGIT01.TAKER.m0.primary,2025-12-11,-7.44
LOGIT01.TAKER.m0.primary,2025-12-13,-1.1600000000000006
LOGIT01.TAKER.m0.primary,2025-12-14,-21.77
LOGIT01.TAKER.m0.primary,2025-12-15,-4.07
LOGIT01.TAKER.m0.primary,2025-12-16,3.73
LOGIT01.TAKER.m0.primary,2025-12-17,-12.34
LOGIT01.TAKER.m0.primary,2025-12-18,-10.06
LOGIT01.TAKER.m0.primary,2025-12-19,12.379999999999999
LOGIT01.TAKER.m0.primary,2025-12-20,0.05999999999999961
LOGIT01.TAKER.m0.primary,2025-12-21,1.0299999999999994
LOGIT01.TAKER.m0.primary,2025-12-22,-2.4400000000000004
LOGIT01.TAKER.m0.primary,2025-12-23,-0.34000000000000075
LOGIT01.TAKER.m0.primary,2025-12-24,4.42
LOGIT01.TAKER.m0.primary,2025-12-25,-4.630000000000001
LOGIT01.TAKER.m0.primary,2025-12-26,8.86
LOGIT01.TAKER.m0.primary,2025-12-27,-15.58
LOGIT01.TAKER.m0.primary,2025-12-28,24.560000000000002
LOGIT01.TAKER.m0.primary,2025-12-29,-5.76
LOGIT01.TAKER.m0.primary,2025-12-30,0.4400000000000004
LOGIT01.TAKER.m0.primary,2025-12-31,-5.24
LOGIT01.TAKER.m0.primary,2026-01-01,-9.49
LOGIT01.TAKER.m0.primary,2026-01-02,0.07999999999999918
LOGIT01.TAKER.m0.primary,2026-01-03,6.880000000000001
LOGIT01.TAKER.m0.primary,2026-01-04,-11.45
LOGIT01.TAKER.m0.primary,2026-01-08,3.63
LOGIT01.TAKER.m0.primary,2026-01-09,3.53
LOGIT01.TAKER.m0.primary,2026-01-10,-4.18
LOGIT01.TAKER.m0.primary,2026-01-11,1.1099999999999994
LOGIT01.TAKER.m0.primary,2026-01-12,4.62
LOGIT01.TAKER.m0.primary,2026-01-17,-2.3300000000000005
LOGIT01.TAKER.m0.primary,2026-01-18,-0.8300000000000001
LOGIT01.TAKER.m0.all,2025-09-08,-52.31
LOGIT01.TAKER.m0.all,2025-09-11,-6.9700000000000015
LOGIT01.TAKER.m0.all,2025-09-12,-35.44
LOGIT01.TAKER.m0.all,2025-09-13,-99.77
LOGIT01.TAKER.m0.all,2025-09-14,-74.05000000000001
LOGIT01.TAKER.m0.all,2025-09-15,-23.190000000000005
LOGIT01.TAKER.m0.all,2025-09-16,-0.55
LOGIT01.TAKER.m0.all,2025-09-18,-0.3600000000000012
LOGIT01.TAKER.m0.all,2025-09-19,-15.430000000000003
LOGIT01.TAKER.m0.all,2025-09-20,-79.42000000000002
LOGIT01.TAKER.m0.all,2025-09-21,-87.75
LOGIT01.TAKER.m0.all,2025-09-22,-30.400000000000002
LOGIT01.TAKER.m0.all,2025-09-25,-3.630000000000003
LOGIT01.TAKER.m0.all,2025-09-26,35.34
LOGIT01.TAKER.m0.all,2025-09-27,49.63999999999998
LOGIT01.TAKER.m0.all,2025-09-28,-50.92000000000001
LOGIT01.TAKER.m0.all,2025-09-29,16.86
LOGIT01.TAKER.m0.all,2025-10-02,40.31999999999999
LOGIT01.TAKER.m0.all,2025-10-03,-13.129999999999999
LOGIT01.TAKER.m0.all,2025-10-04,-133.31
LOGIT01.TAKER.m0.all,2025-10-05,122.29
LOGIT01.TAKER.m0.all,2025-10-06,-28.810000000000002
LOGIT01.TAKER.m0.all,2025-10-08,-18.42
LOGIT01.TAKER.m0.all,2025-10-09,-60.03
LOGIT01.TAKER.m0.all,2025-10-10,-36.95
LOGIT01.TAKER.m0.all,2025-10-11,-279.47
LOGIT01.TAKER.m0.all,2025-10-12,-101.12
LOGIT01.TAKER.m0.all,2025-10-13,0.7299999999999958
LOGIT01.TAKER.m0.all,2025-10-14,-3.5500000000000007
LOGIT01.TAKER.m0.all,2025-10-15,-3.9099999999999993
LOGIT01.TAKER.m0.all,2025-10-16,-15.409999999999998
LOGIT01.TAKER.m0.all,2025-10-17,-83.17
LOGIT01.TAKER.m0.all,2025-10-18,-78.10000000000001
LOGIT01.TAKER.m0.all,2025-10-19,-37.35
LOGIT01.TAKER.m0.all,2025-10-20,-1.0200000000000002
LOGIT01.TAKER.m0.all,2025-10-21,-48.61
LOGIT01.TAKER.m0.all,2025-10-22,-15.63
LOGIT01.TAKER.m0.all,2025-10-23,-5.22
LOGIT01.TAKER.m0.all,2025-10-24,66.51
LOGIT01.TAKER.m0.all,2025-10-25,177.14
LOGIT01.TAKER.m0.all,2025-10-26,24.1
LOGIT01.TAKER.m0.all,2025-10-27,10.11
LOGIT01.TAKER.m0.all,2025-10-28,-1.4000000000000004
LOGIT01.TAKER.m0.all,2025-10-29,51.76
LOGIT01.TAKER.m0.all,2025-10-30,-103.79
LOGIT01.TAKER.m0.all,2025-10-31,-28.730000000000004
LOGIT01.TAKER.m0.all,2025-11-01,-204.83
LOGIT01.TAKER.m0.all,2025-11-02,-170.22
LOGIT01.TAKER.m0.all,2025-11-03,17.92
LOGIT01.TAKER.m0.all,2025-11-04,79.33
LOGIT01.TAKER.m0.all,2025-11-05,19.549999999999997
LOGIT01.TAKER.m0.all,2025-11-06,-2.8800000000000012
LOGIT01.TAKER.m0.all,2025-11-07,-40.12
LOGIT01.TAKER.m0.all,2025-11-08,-189.19
LOGIT01.TAKER.m0.all,2025-11-09,-51.13
LOGIT01.TAKER.m0.all,2025-11-10,-11.950000000000003
LOGIT01.TAKER.m0.all,2025-11-11,-22.46
LOGIT01.TAKER.m0.all,2025-11-12,34.25
LOGIT01.TAKER.m0.all,2025-11-13,-0.5100000000000005
LOGIT01.TAKER.m0.all,2025-11-14,-38.42
LOGIT01.TAKER.m0.all,2025-11-15,20.76999999999999
LOGIT01.TAKER.m0.all,2025-11-16,-92.36
LOGIT01.TAKER.m0.all,2025-11-17,5.2299999999999995
LOGIT01.TAKER.m0.all,2025-11-18,-110.16
LOGIT01.TAKER.m0.all,2025-11-19,25.2
LOGIT01.TAKER.m0.all,2025-11-20,-63.760000000000005
LOGIT01.TAKER.m0.all,2025-11-21,-6.680000000000001
LOGIT01.TAKER.m0.all,2025-11-22,194.53
LOGIT01.TAKER.m0.all,2025-11-23,-132.86
LOGIT01.TAKER.m0.all,2025-11-24,5.8
LOGIT01.TAKER.m0.all,2025-11-25,-8.86
LOGIT01.TAKER.m0.all,2025-11-27,-101.15
LOGIT01.TAKER.m0.all,2025-11-28,-48.32000000000001
LOGIT01.TAKER.m0.all,2025-11-29,-14.56000000000001
LOGIT01.TAKER.m0.all,2025-11-30,-55.88
LOGIT01.TAKER.m0.all,2025-12-01,2.9099999999999997
LOGIT01.TAKER.m0.all,2025-12-04,24.55
LOGIT01.TAKER.m0.all,2025-12-05,-30.770000000000003
LOGIT01.TAKER.m0.all,2025-12-06,74.11999999999999
LOGIT01.TAKER.m0.all,2025-12-07,-81.63000000000001
LOGIT01.TAKER.m0.all,2025-12-08,-21.450000000000003
LOGIT01.TAKER.m0.all,2025-12-11,-51.34
LOGIT01.TAKER.m0.all,2025-12-13,-42.39
LOGIT01.TAKER.m0.all,2025-12-14,-256.71
LOGIT01.TAKER.m0.all,2025-12-15,4.86
LOGIT01.TAKER.m0.all,2025-12-16,-55.81
LOGIT01.TAKER.m0.all,2025-12-17,-112.37
LOGIT01.TAKER.m0.all,2025-12-18,-27.380000000000003
LOGIT01.TAKER.m0.all,2025-12-19,-38.45
LOGIT01.TAKER.m0.all,2025-12-20,-53.07
LOGIT01.TAKER.m0.all,2025-12-21,-196.49
LOGIT01.TAKER.m0.all,2025-12-22,15.019999999999998
LOGIT01.TAKER.m0.all,2025-12-23,-49.99
LOGIT01.TAKER.m0.all,2025-12-24,7.790000000000001
LOGIT01.TAKER.m0.all,2025-12-25,-99.81
LOGIT01.TAKER.m0.all,2025-12-26,-12.900000000000002
LOGIT01.TAKER.m0.all,2025-12-27,13.979999999999997
LOGIT01.TAKER.m0.all,2025-12-28,-1.009999999999998
LOGIT01.TAKER.m0.all,2025-12-29,-18.69
LOGIT01.TAKER.m0.all,2025-12-30,-56.97
LOGIT01.TAKER.m0.all,2025-12-31,-69.78999999999999
LOGIT01.TAKER.m0.all,2026-01-01,-30.48
LOGIT01.TAKER.m0.all,2026-01-02,-39.970000000000006
LOGIT01.TAKER.m0.all,2026-01-03,11.069999999999999
LOGIT01.TAKER.m0.all,2026-01-04,-61.59
LOGIT01.TAKER.m0.all,2026-01-08,26.43
LOGIT01.TAKER.m0.all,2026-01-09,5.529999999999999
LOGIT01.TAKER.m0.all,2026-01-10,-31.12
LOGIT01.TAKER.m0.all,2026-01-11,-27.17
LOGIT01.TAKER.m0.all,2026-01-12,26.41
LOGIT01.TAKER.m0.all,2026-01-17,8.44
LOGIT01.TAKER.m0.all,2026-01-18,41.83
LOGIT01.TAKER.m1.primary,2025-09-08,-5.38
LOGIT01.TAKER.m1.primary,2025-09-11,-1.71
LOGIT01.TAKER.m1.primary,2025-09-12,-10.45
LOGIT01.TAKER.m1.primary,2025-09-13,-20.55
LOGIT01.TAKER.m1.primary,2025-09-14,-0.719999999999998
LOGIT01.TAKER.m1.primary,2025-09-15,-10.14
LOGIT01.TAKER.m1.primary,2025-09-18,5.24
LOGIT01.TAKER.m1.primary,2025-09-19,-3.990000000000001
LOGIT01.TAKER.m1.primary,2025-09-20,2.9200000000000004
LOGIT01.TAKER.m1.primary,2025-09-21,-37.1
LOGIT01.TAKER.m1.primary,2025-09-22,-7.15
LOGIT01.TAKER.m1.primary,2025-09-25,7.56
LOGIT01.TAKER.m1.primary,2025-09-26,-10.719999999999999
LOGIT01.TAKER.m1.primary,2025-09-27,-20.229999999999997
LOGIT01.TAKER.m1.primary,2025-09-28,-22.86
LOGIT01.TAKER.m1.primary,2025-09-29,6.68
LOGIT01.TAKER.m1.primary,2025-10-02,-13.89
LOGIT01.TAKER.m1.primary,2025-10-03,0.9099999999999997
LOGIT01.TAKER.m1.primary,2025-10-04,-11.33
LOGIT01.TAKER.m1.primary,2025-10-05,-16.02
LOGIT01.TAKER.m1.primary,2025-10-06,-6.57
LOGIT01.TAKER.m1.primary,2025-10-08,-0.9499999999999997
LOGIT01.TAKER.m1.primary,2025-10-09,-15.89
LOGIT01.TAKER.m1.primary,2025-10-10,-11.05
LOGIT01.TAKER.m1.primary,2025-10-11,-25.53
LOGIT01.TAKER.m1.primary,2025-10-12,12.27
LOGIT01.TAKER.m1.primary,2025-10-13,-14.11
LOGIT01.TAKER.m1.primary,2025-10-14,3.6899999999999995
LOGIT01.TAKER.m1.primary,2025-10-15,9.35
LOGIT01.TAKER.m1.primary,2025-10-16,-8.22
LOGIT01.TAKER.m1.primary,2025-10-17,-9.66
LOGIT01.TAKER.m1.primary,2025-10-18,22.92
LOGIT01.TAKER.m1.primary,2025-10-19,19.689999999999998
LOGIT01.TAKER.m1.primary,2025-10-20,-1.42
LOGIT01.TAKER.m1.primary,2025-10-21,-3.13
LOGIT01.TAKER.m1.primary,2025-10-22,-2.8000000000000003
LOGIT01.TAKER.m1.primary,2025-10-23,-1.3199999999999998
LOGIT01.TAKER.m1.primary,2025-10-24,6.33
LOGIT01.TAKER.m1.primary,2025-10-25,20.009999999999998
LOGIT01.TAKER.m1.primary,2025-10-26,10.379999999999999
LOGIT01.TAKER.m1.primary,2025-10-27,1.41
LOGIT01.TAKER.m1.primary,2025-10-28,4.35
LOGIT01.TAKER.m1.primary,2025-10-29,6.87
LOGIT01.TAKER.m1.primary,2025-10-30,-12.42
LOGIT01.TAKER.m1.primary,2025-10-31,4.170000000000001
LOGIT01.TAKER.m1.primary,2025-11-01,-58.230000000000004
LOGIT01.TAKER.m1.primary,2025-11-02,-18.68
LOGIT01.TAKER.m1.primary,2025-11-03,6.03
LOGIT01.TAKER.m1.primary,2025-11-04,5.33
LOGIT01.TAKER.m1.primary,2025-11-05,3.73
LOGIT01.TAKER.m1.primary,2025-11-06,-4.26
LOGIT01.TAKER.m1.primary,2025-11-07,-0.4399999999999995
LOGIT01.TAKER.m1.primary,2025-11-08,-12.649999999999999
LOGIT01.TAKER.m1.primary,2025-11-09,-21.310000000000002
LOGIT01.TAKER.m1.primary,2025-11-10,-5.18
LOGIT01.TAKER.m1.primary,2025-11-11,-2.920000000000001
LOGIT01.TAKER.m1.primary,2025-11-12,9.24
LOGIT01.TAKER.m1.primary,2025-11-13,4.24
LOGIT01.TAKER.m1.primary,2025-11-14,-6.52
LOGIT01.TAKER.m1.primary,2025-11-15,20.119999999999997
LOGIT01.TAKER.m1.primary,2025-11-16,-2.6500000000000017
LOGIT01.TAKER.m1.primary,2025-11-17,3.24
LOGIT01.TAKER.m1.primary,2025-11-18,-3.9500000000000006
LOGIT01.TAKER.m1.primary,2025-11-19,6.779999999999999
LOGIT01.TAKER.m1.primary,2025-11-20,-13.52
LOGIT01.TAKER.m1.primary,2025-11-21,-3.2300000000000004
LOGIT01.TAKER.m1.primary,2025-11-22,13.669999999999998
LOGIT01.TAKER.m1.primary,2025-11-23,-2.68
LOGIT01.TAKER.m1.primary,2025-11-24,2.07
LOGIT01.TAKER.m1.primary,2025-11-25,1.98
LOGIT01.TAKER.m1.primary,2025-11-27,-1.2799999999999994
LOGIT01.TAKER.m1.primary,2025-11-28,-2.630000000000001
LOGIT01.TAKER.m1.primary,2025-11-29,21.409999999999997
LOGIT01.TAKER.m1.primary,2025-11-30,-7.65
LOGIT01.TAKER.m1.primary,2025-12-01,2.17
LOGIT01.TAKER.m1.primary,2025-12-04,3.34
LOGIT01.TAKER.m1.primary,2025-12-05,1.0999999999999996
LOGIT01.TAKER.m1.primary,2025-12-06,-2.5200000000000005
LOGIT01.TAKER.m1.primary,2025-12-07,-1.8399999999999999
LOGIT01.TAKER.m1.primary,2025-12-08,-5.48
LOGIT01.TAKER.m1.primary,2025-12-11,-7.25
LOGIT01.TAKER.m1.primary,2025-12-13,-1.1600000000000006
LOGIT01.TAKER.m1.primary,2025-12-14,-32.1
LOGIT01.TAKER.m1.primary,2025-12-15,-4.07
LOGIT01.TAKER.m1.primary,2025-12-16,3.73
LOGIT01.TAKER.m1.primary,2025-12-17,-12.34
LOGIT01.TAKER.m1.primary,2025-12-18,-10.06
LOGIT01.TAKER.m1.primary,2025-12-19,12.379999999999999
LOGIT01.TAKER.m1.primary,2025-12-20,0.05999999999999961
LOGIT01.TAKER.m1.primary,2025-12-21,1.25
LOGIT01.TAKER.m1.primary,2025-12-22,-2.4400000000000004
LOGIT01.TAKER.m1.primary,2025-12-23,-0.34000000000000075
LOGIT01.TAKER.m1.primary,2025-12-24,4.42
LOGIT01.TAKER.m1.primary,2025-12-25,-8.690000000000001
LOGIT01.TAKER.m1.primary,2025-12-26,8.86
LOGIT01.TAKER.m1.primary,2025-12-27,-15.58
LOGIT01.TAKER.m1.primary,2025-12-28,13.16
LOGIT01.TAKER.m1.primary,2025-12-29,-5.76
LOGIT01.TAKER.m1.primary,2025-12-30,0.4400000000000004
LOGIT01.TAKER.m1.primary,2025-12-31,-5.24
LOGIT01.TAKER.m1.primary,2026-01-01,-9.49
LOGIT01.TAKER.m1.primary,2026-01-02,0.1899999999999995
LOGIT01.TAKER.m1.primary,2026-01-03,6.880000000000001
LOGIT01.TAKER.m1.primary,2026-01-04,-11.32
LOGIT01.TAKER.m1.primary,2026-01-08,3.63
LOGIT01.TAKER.m1.primary,2026-01-09,3.53
LOGIT01.TAKER.m1.primary,2026-01-10,-5.78
LOGIT01.TAKER.m1.primary,2026-01-11,1.1099999999999994
LOGIT01.TAKER.m1.primary,2026-01-12,4.62
LOGIT01.TAKER.m1.primary,2026-01-17,-2.3300000000000005
LOGIT01.TAKER.m1.primary,2026-01-18,-1.0299999999999994
LOGIT01.TAKER.m1.all,2025-09-08,-58.85
LOGIT01.TAKER.m1.all,2025-09-11,1.2499999999999984
LOGIT01.TAKER.m1.all,2025-09-12,-28.25
LOGIT01.TAKER.m1.all,2025-09-13,-69.76
LOGIT01.TAKER.m1.all,2025-09-14,-54.760000000000005
LOGIT01.TAKER.m1.all,2025-09-15,-17.64
LOGIT01.TAKER.m1.all,2025-09-16,-0.22
LOGIT01.TAKER.m1.all,2025-09-18,10.209999999999999
LOGIT01.TAKER.m1.all,2025-09-19,-8.700000000000001
LOGIT01.TAKER.m1.all,2025-09-20,-15.750000000000012
LOGIT01.TAKER.m1.all,2025-09-21,-99.35
LOGIT01.TAKER.m1.all,2025-09-22,-22.92
LOGIT01.TAKER.m1.all,2025-09-25,-6.080000000000003
LOGIT01.TAKER.m1.all,2025-09-26,49.34
LOGIT01.TAKER.m1.all,2025-09-27,21.16999999999998
LOGIT01.TAKER.m1.all,2025-09-28,-16.49000000000001
LOGIT01.TAKER.m1.all,2025-09-29,18.06
LOGIT01.TAKER.m1.all,2025-10-02,23.25
LOGIT01.TAKER.m1.all,2025-10-03,6.820000000000002
LOGIT01.TAKER.m1.all,2025-10-04,-114.89
LOGIT01.TAKER.m1.all,2025-10-05,112.94
LOGIT01.TAKER.m1.all,2025-10-06,-28.810000000000002
LOGIT01.TAKER.m1.all,2025-10-08,-16.36
LOGIT01.TAKER.m1.all,2025-10-09,-56.160000000000004
LOGIT01.TAKER.m1.all,2025-10-10,-39.82000000000001
LOGIT01.TAKER.m1.all,2025-10-11,-269.88
LOGIT01.TAKER.m1.all,2025-10-12,-120.17
LOGIT01.TAKER.m1.all,2025-10-13,6.489999999999996
LOGIT01.TAKER.m1.all,2025-10-14,-6.820000000000002
LOGIT01.TAKER.m1.all,2025-10-15,-3.019999999999998
LOGIT01.TAKER.m1.all,2025-10-16,-7.99
LOGIT01.TAKER.m1.all,2025-10-17,-94.85000000000001
LOGIT01.TAKER.m1.all,2025-10-18,-70.91
LOGIT01.TAKER.m1.all,2025-10-19,-21.140000000000004
LOGIT01.TAKER.m1.all,2025-10-20,0.2599999999999998
LOGIT01.TAKER.m1.all,2025-10-21,-39.13
LOGIT01.TAKER.m1.all,2025-10-22,-10.33
LOGIT01.TAKER.m1.all,2025-10-23,-4.57
LOGIT01.TAKER.m1.all,2025-10-24,64.67999999999999
LOGIT01.TAKER.m1.all,2025-10-25,217.47
LOGIT01.TAKER.m1.all,2025-10-26,29.7
LOGIT01.TAKER.m1.all,2025-10-27,9.72
LOGIT01.TAKER.m1.all,2025-10-28,0.08999999999999897
LOGIT01.TAKER.m1.all,2025-10-29,60.74
LOGIT01.TAKER.m1.all,2025-10-30,-98.88
LOGIT01.TAKER.m1.all,2025-10-31,-22.55
LOGIT01.TAKER.m1.all,2025-11-01,-192.61
LOGIT01.TAKER.m1.all,2025-11-02,-150.64000000000001
LOGIT01.TAKER.m1.all,2025-11-03,18.57
LOGIT01.TAKER.m1.all,2025-11-04,81.49
LOGIT01.TAKER.m1.all,2025-11-05,21.199999999999996
LOGIT01.TAKER.m1.all,2025-11-06,4.279999999999999
LOGIT01.TAKER.m1.all,2025-11-07,-43.33
LOGIT01.TAKER.m1.all,2025-11-08,-227.64000000000001
LOGIT01.TAKER.m1.all,2025-11-09,-68.83
LOGIT01.TAKER.m1.all,2025-11-10,-11.950000000000003
LOGIT01.TAKER.m1.all,2025-11-11,-47.01
LOGIT01.TAKER.m1.all,2025-11-12,35.33
LOGIT01.TAKER.m1.all,2025-11-13,3.59
LOGIT01.TAKER.m1.all,2025-11-14,-42.8
LOGIT01.TAKER.m1.all,2025-11-15,28.599999999999994
LOGIT01.TAKER.m1.all,2025-11-16,-84.69
LOGIT01.TAKER.m1.all,2025-11-17,12.79
LOGIT01.TAKER.m1.all,2025-11-18,-112.56
LOGIT01.TAKER.m1.all,2025-11-19,30.91
LOGIT01.TAKER.m1.all,2025-11-20,-40.97
LOGIT01.TAKER.m1.all,2025-11-21,-18.63
LOGIT01.TAKER.m1.all,2025-11-22,177.97
LOGIT01.TAKER.m1.all,2025-11-23,-136.14
LOGIT01.TAKER.m1.all,2025-11-24,5.8
LOGIT01.TAKER.m1.all,2025-11-25,-6.1499999999999995
LOGIT01.TAKER.m1.all,2025-11-27,-92.84
LOGIT01.TAKER.m1.all,2025-11-28,13.029999999999996
LOGIT01.TAKER.m1.all,2025-11-29,12.129999999999995
LOGIT01.TAKER.m1.all,2025-11-30,-38.120000000000005
LOGIT01.TAKER.m1.all,2025-12-01,1.4
LOGIT01.TAKER.m1.all,2025-12-04,24.55
LOGIT01.TAKER.m1.all,2025-12-05,-39.63
LOGIT01.TAKER.m1.all,2025-12-06,73.44
LOGIT01.TAKER.m1.all,2025-12-07,-83.88000000000001
LOGIT01.TAKER.m1.all,2025-12-08,-29.3
LOGIT01.TAKER.m1.all,2025-12-11,-51.85
LOGIT01.TAKER.m1.all,2025-12-13,-51.85
LOGIT01.TAKER.m1.all,2025-12-14,-214.28
LOGIT01.TAKER.m1.all,2025-12-15,-0.4100000000000005
LOGIT01.TAKER.m1.all,2025-12-16,-57.11000000000001
LOGIT01.TAKER.m1.all,2025-12-17,-115.21000000000001
LOGIT01.TAKER.m1.all,2025-12-18,-38.93
LOGIT01.TAKER.m1.all,2025-12-19,-32.49
LOGIT01.TAKER.m1.all,2025-12-20,-47.31
LOGIT01.TAKER.m1.all,2025-12-21,-201.59
LOGIT01.TAKER.m1.all,2025-12-22,19.65
LOGIT01.TAKER.m1.all,2025-12-23,-49.04
LOGIT01.TAKER.m1.all,2025-12-24,7.790000000000001
LOGIT01.TAKER.m1.all,2025-12-25,-92.8
LOGIT01.TAKER.m1.all,2025-12-26,-3.8100000000000014
LOGIT01.TAKER.m1.all,2025-12-27,26.219999999999995
LOGIT01.TAKER.m1.all,2025-12-28,-28.849999999999998
LOGIT01.TAKER.m1.all,2025-12-29,-21.380000000000003
LOGIT01.TAKER.m1.all,2025-12-30,-84.7
LOGIT01.TAKER.m1.all,2025-12-31,-62.88
LOGIT01.TAKER.m1.all,2026-01-01,-21.39
LOGIT01.TAKER.m1.all,2026-01-02,-38.120000000000005
LOGIT01.TAKER.m1.all,2026-01-03,11.069999999999999
LOGIT01.TAKER.m1.all,2026-01-04,-62.43
LOGIT01.TAKER.m1.all,2026-01-08,14.94
LOGIT01.TAKER.m1.all,2026-01-09,5.529999999999999
LOGIT01.TAKER.m1.all,2026-01-10,-17.83
LOGIT01.TAKER.m1.all,2026-01-11,-24.430000000000003
LOGIT01.TAKER.m1.all,2026-01-12,19.05
LOGIT01.TAKER.m1.all,2026-01-17,5.8199999999999985
LOGIT01.TAKER.m1.all,2026-01-18,41.910000000000004
LOGIT01.MAKER.m0.primary,2025-09-08,-6.45
LOGIT01.MAKER.m0.primary,2025-09-11,0.0
LOGIT01.MAKER.m0.primary,2025-09-12,-0.4399999999999995
LOGIT01.MAKER.m0.primary,2025-09-13,-25.27
LOGIT01.MAKER.m0.primary,2025-09-14,1.8499999999999988
LOGIT01.MAKER.m0.primary,2025-09-15,-9.5
LOGIT01.MAKER.m0.primary,2025-09-18,5.92
LOGIT01.MAKER.m0.primary,2025-09-19,-12.19
LOGIT01.MAKER.m0.primary,2025-09-20,-28.42
LOGIT01.MAKER.m0.primary,2025-09-21,-10.25
LOGIT01.MAKER.m0.primary,2025-09-22,-7.14
LOGIT01.MAKER.m0.primary,2025-09-25,-5.45
LOGIT01.MAKER.m0.primary,2025-09-26,-9.82
LOGIT01.MAKER.m0.primary,2025-09-27,-23.05
LOGIT01.MAKER.m0.primary,2025-09-28,-9.09
LOGIT01.MAKER.m0.primary,2025-09-29,7.42
LOGIT01.MAKER.m0.primary,2025-10-02,-3.9799999999999995
LOGIT01.MAKER.m0.primary,2025-10-03,-7.369999999999999
LOGIT01.MAKER.m0.primary,2025-10-04,25.87
LOGIT01.MAKER.m0.primary,2025-10-05,-16.17
LOGIT01.MAKER.m0.primary,2025-10-06,-7.24
LOGIT01.MAKER.m0.primary,2025-10-08,0.09999999999999964
LOGIT01.MAKER.m0.primary,2025-10-09,-14.01
LOGIT01.MAKER.m0.primary,2025-10-10,13.66
LOGIT01.MAKER.m0.primary,2025-10-11,-3.999999999999999
LOGIT01.MAKER.m0.primary,2025-10-12,9.549999999999999
LOGIT01.MAKER.m0.primary,2025-10-13,0.20000000000000018
LOGIT01.MAKER.m0.primary,2025-10-14,0.9900000000000002
LOGIT01.MAKER.m0.primary,2025-10-15,0.2999999999999998
LOGIT01.MAKER.m0.primary,2025-10-16,-4.7700000000000005
LOGIT01.MAKER.m0.primary,2025-10-17,-7.27
LOGIT01.MAKER.m0.primary,2025-10-18,-42.19
LOGIT01.MAKER.m0.primary,2025-10-19,-1.5899999999999999
LOGIT01.MAKER.m0.primary,2025-10-20,-0.48
LOGIT01.MAKER.m0.primary,2025-10-21,-5.17
LOGIT01.MAKER.m0.primary,2025-10-22,-1.7900000000000005
LOGIT01.MAKER.m0.primary,2025-10-23,4.43
LOGIT01.MAKER.m0.primary,2025-10-24,5.31
LOGIT01.MAKER.m0.primary,2025-10-25,47.36
LOGIT01.MAKER.m0.primary,2025-10-26,-1.9299999999999997
LOGIT01.MAKER.m0.primary,2025-10-27,2.07
LOGIT01.MAKER.m0.primary,2025-10-28,1.3599999999999999
LOGIT01.MAKER.m0.primary,2025-10-29,6.21
LOGIT01.MAKER.m0.primary,2025-10-30,-15.61
LOGIT01.MAKER.m0.primary,2025-10-31,2.82
LOGIT01.MAKER.m0.primary,2025-11-01,-20.67
LOGIT01.MAKER.m0.primary,2025-11-02,-9.37
LOGIT01.MAKER.m0.primary,2025-11-03,-5.45
LOGIT01.MAKER.m0.primary,2025-11-04,2.7299999999999995
LOGIT01.MAKER.m0.primary,2025-11-05,4.63
LOGIT01.MAKER.m0.primary,2025-11-06,-4.4
LOGIT01.MAKER.m0.primary,2025-11-07,-9.23
LOGIT01.MAKER.m0.primary,2025-11-08,24.98
LOGIT01.MAKER.m0.primary,2025-11-09,-20.82
LOGIT01.MAKER.m0.primary,2025-11-10,4.85
LOGIT01.MAKER.m0.primary,2025-11-11,-11.39
LOGIT01.MAKER.m0.primary,2025-11-12,9.28
LOGIT01.MAKER.m0.primary,2025-11-13,-0.18000000000000016
LOGIT01.MAKER.m0.primary,2025-11-14,-5.55
LOGIT01.MAKER.m0.primary,2025-11-15,-43.800000000000004
LOGIT01.MAKER.m0.primary,2025-11-16,0.9299999999999997
LOGIT01.MAKER.m0.primary,2025-11-17,4.05
LOGIT01.MAKER.m0.primary,2025-11-18,-10.309999999999999
LOGIT01.MAKER.m0.primary,2025-11-19,3.94
LOGIT01.MAKER.m0.primary,2025-11-20,-14.18
LOGIT01.MAKER.m0.primary,2025-11-21,-2.5900000000000007
LOGIT01.MAKER.m0.primary,2025-11-22,-8.960000000000003
LOGIT01.MAKER.m0.primary,2025-11-23,-9.83
LOGIT01.MAKER.m0.primary,2025-11-24,1.47
LOGIT01.MAKER.m0.primary,2025-11-25,2.35
LOGIT01.MAKER.m0.primary,2025-11-27,-17.060000000000002
LOGIT01.MAKER.m0.primary,2025-11-28,8.080000000000002
LOGIT01.MAKER.m0.primary,2025-11-29,9.759999999999998
LOGIT01.MAKER.m0.primary,2025-11-30,-7.220000000000001
LOGIT01.MAKER.m0.primary,2025-12-04,3.65
LOGIT01.MAKER.m0.primary,2025-12-05,0.8500000000000005
LOGIT01.MAKER.m0.primary,2025-12-06,0.9599999999999991
LOGIT01.MAKER.m0.primary,2025-12-07,-16.77
LOGIT01.MAKER.m0.primary,2025-12-08,3.85
LOGIT01.MAKER.m0.primary,2025-12-11,-6.94
LOGIT01.MAKER.m0.primary,2025-12-13,5.77
LOGIT01.MAKER.m0.primary,2025-12-14,-47.75
LOGIT01.MAKER.m0.primary,2025-12-15,-3.54
LOGIT01.MAKER.m0.primary,2025-12-16,3.95
LOGIT01.MAKER.m0.primary,2025-12-17,-11.6
LOGIT01.MAKER.m0.primary,2025-12-18,6.51
LOGIT01.MAKER.m0.primary,2025-12-19,5.050000000000001
LOGIT01.MAKER.m0.primary,2025-12-20,-6.470000000000001
LOGIT01.MAKER.m0.primary,2025-12-21,-19.200000000000003
LOGIT01.MAKER.m0.primary,2025-12-22,1.2999999999999998
LOGIT01.MAKER.m0.primary,2025-12-23,11.690000000000001
LOGIT01.MAKER.m0.primary,2025-12-24,5.65
LOGIT01.MAKER.m0.primary,2025-12-25,-9.370000000000001
LOGIT01.MAKER.m0.primary,2025-12-26,11.66
LOGIT01.MAKER.m0.primary,2025-12-27,-5.670000000000001
LOGIT01.MAKER.m0.primary,2025-12-28,12.83
LOGIT01.MAKER.m0.primary,2025-12-29,-7.88
LOGIT01.MAKER.m0.primary,2025-12-30,-10.73
LOGIT01.MAKER.m0.primary,2025-12-31,-2.8099999999999987
LOGIT01.MAKER.m0.primary,2026-01-01,-8.64
LOGIT01.MAKER.m0.primary,2026-01-02,-2.0600000000000005
LOGIT01.MAKER.m0.primary,2026-01-03,-8.3
LOGIT01.MAKER.m0.primary,2026-01-04,-25.240000000000002
LOGIT01.MAKER.m0.primary,2026-01-08,-3.95
LOGIT01.MAKER.m0.primary,2026-01-09,2.56
LOGIT01.MAKER.m0.primary,2026-01-10,-3.68
LOGIT01.MAKER.m0.primary,2026-01-11,3.2499999999999996
LOGIT01.MAKER.m0.primary,2026-01-12,4.95
LOGIT01.MAKER.m0.primary,2026-01-17,6.91
LOGIT01.MAKER.m0.primary,2026-01-18,5.22
LOGIT01.MAKER.m0.all,2025-09-08,-27.270000000000003
LOGIT01.MAKER.m0.all,2025-09-11,-11.170000000000002
LOGIT01.MAKER.m0.all,2025-09-12,13.360000000000001
LOGIT01.MAKER.m0.all,2025-09-13,-7.570000000000004
LOGIT01.MAKER.m0.all,2025-09-14,-13.08
LOGIT01.MAKER.m0.all,2025-09-15,-27.57
LOGIT01.MAKER.m0.all,2025-09-16,-1.53
LOGIT01.MAKER.m0.all,2025-09-18,5.41
LOGIT01.MAKER.m0.all,2025-09-19,-15.369999999999997
LOGIT01.MAKER.m0.all,2025-09-20,-60.21
LOGIT01.MAKER.m0.all,2025-09-21,-53.91
LOGIT01.MAKER.m0.all,2025-09-22,9.18
LOGIT01.MAKER.m0.all,2025-09-25,-0.41000000000000014
LOGIT01.MAKER.m0.all,2025-09-26,44.36
LOGIT01.MAKER.m0.all,2025-09-27,10.529999999999987
LOGIT01.MAKER.m0.all,2025-09-28,-25.69
LOGIT01.MAKER.m0.all,2025-09-29,18.720000000000002
LOGIT01.MAKER.m0.all,2025-10-02,33.13
LOGIT01.MAKER.m0.all,2025-10-03,-5.690000000000001
LOGIT01.MAKER.m0.all,2025-10-04,-74.14
LOGIT01.MAKER.m0.all,2025-10-05,83.34
LOGIT01.MAKER.m0.all,2025-10-06,-1.25
LOGIT01.MAKER.m0.all,2025-10-08,-14.250000000000002
LOGIT01.MAKER.m0.all,2025-10-09,-84.39999999999999
LOGIT01.MAKER.m0.all,2025-10-10,0.27000000000000024
LOGIT01.MAKER.m0.all,2025-10-11,-109.51
LOGIT01.MAKER.m0.all,2025-10-12,-63.77
LOGIT01.MAKER.m0.all,2025-10-13,29.45
LOGIT01.MAKER.m0.all,2025-10-14,29.99
LOGIT01.MAKER.m0.all,2025-10-15,-21.830000000000002
LOGIT01.MAKER.m0.all,2025-10-16,10.84
LOGIT01.MAKER.m0.all,2025-10-17,-46.39000000000001
LOGIT01.MAKER.m0.all,2025-10-18,-174.37
LOGIT01.MAKER.m0.all,2025-10-19,-136.83
LOGIT01.MAKER.m0.all,2025-10-20,-1.91
LOGIT01.MAKER.m0.all,2025-10-21,-10.36
LOGIT01.MAKER.m0.all,2025-10-22,-27.79
LOGIT01.MAKER.m0.all,2025-10-23,2.5799999999999996
LOGIT01.MAKER.m0.all,2025-10-24,49.51
LOGIT01.MAKER.m0.all,2025-10-25,223.0
LOGIT01.MAKER.m0.all,2025-10-26,6.65
LOGIT01.MAKER.m0.all,2025-10-27,0.5699999999999998
LOGIT01.MAKER.m0.all,2025-10-28,-18.650000000000002
LOGIT01.MAKER.m0.all,2025-10-29,38.26
LOGIT01.MAKER.m0.all,2025-10-30,-74.16
LOGIT01.MAKER.m0.all,2025-10-31,-22.18
LOGIT01.MAKER.m0.all,2025-11-01,91.61
LOGIT01.MAKER.m0.all,2025-11-02,-134.88
LOGIT01.MAKER.m0.all,2025-11-03,-4.24
LOGIT01.MAKER.m0.all,2025-11-04,63.57
LOGIT01.MAKER.m0.all,2025-11-05,22.41
LOGIT01.MAKER.m0.all,2025-11-06,-39.81
LOGIT01.MAKER.m0.all,2025-11-07,-27.39
LOGIT01.MAKER.m0.all,2025-11-08,-66.02000000000001
LOGIT01.MAKER.m0.all,2025-11-09,-26.630000000000003
LOGIT01.MAKER.m0.all,2025-11-10,9.799999999999999
LOGIT01.MAKER.m0.all,2025-11-11,-2.5999999999999988
LOGIT01.MAKER.m0.all,2025-11-12,7.01
LOGIT01.MAKER.m0.all,2025-11-13,-4.420000000000001
LOGIT01.MAKER.m0.all,2025-11-14,-30.86
LOGIT01.MAKER.m0.all,2025-11-15,40.31999999999999
LOGIT01.MAKER.m0.all,2025-11-16,-98.3
LOGIT01.MAKER.m0.all,2025-11-17,5.61
LOGIT01.MAKER.m0.all,2025-11-18,-87.31
LOGIT01.MAKER.m0.all,2025-11-19,17.19
LOGIT01.MAKER.m0.all,2025-11-20,-45.29
LOGIT01.MAKER.m0.all,2025-11-21,18.7
LOGIT01.MAKER.m0.all,2025-11-22,91.47999999999999
LOGIT01.MAKER.m0.all,2025-11-23,-90.95
LOGIT01.MAKER.m0.all,2025-11-24,11.19
LOGIT01.MAKER.m0.all,2025-11-25,0.31999999999999995
LOGIT01.MAKER.m0.all,2025-11-27,-68.23
LOGIT01.MAKER.m0.all,2025-11-28,-21.830000000000002
LOGIT01.MAKER.m0.all,2025-11-29,-26.390000000000008
LOGIT01.MAKER.m0.all,2025-11-30,-29.120000000000005
LOGIT01.MAKER.m0.all,2025-12-04,10.16
LOGIT01.MAKER.m0.all,2025-12-05,-16.64
LOGIT01.MAKER.m0.all,2025-12-06,31.91
LOGIT01.MAKER.m0.all,2025-12-07,-24.140000000000004
LOGIT01.MAKER.m0.all,2025-12-08,-6.970000000000001
LOGIT01.MAKER.m0.all,2025-12-11,-49.06
LOGIT01.MAKER.m0.all,2025-12-13,-19.89
LOGIT01.MAKER.m0.all,2025-12-14,-194.85
LOGIT01.MAKER.m0.all,2025-12-15,0.8399999999999999
LOGIT01.MAKER.m0.all,2025-12-16,-40.730000000000004
LOGIT01.MAKER.m0.all,2025-12-17,-82.49
LOGIT01.MAKER.m0.all,2025-12-18,-10.41
LOGIT01.MAKER.m0.all,2025-12-19,2.3100000000000005
LOGIT01.MAKER.m0.all,2025-12-20,-22.509999999999998
LOGIT01.MAKER.m0.all,2025-12-21,-139.86
LOGIT01.MAKER.m0.all,2025-12-22,9.28
LOGIT01.MAKER.m0.all,2025-12-23,-10.57
LOGIT01.MAKER.m0.all,2025-12-24,6.800000000000001
LOGIT01.MAKER.m0.all,2025-12-25,-72.62
LOGIT01.MAKER.m0.all,2025-12-26,0.5899999999999997
LOGIT01.MAKER.m0.all,2025-12-27,-37.89
LOGIT01.MAKER.m0.all,2025-12-28,-8.780000000000001
LOGIT01.MAKER.m0.all,2025-12-29,-14.05
LOGIT01.MAKER.m0.all,2025-12-30,-15.379999999999999
LOGIT01.MAKER.m0.all,2025-12-31,-44.470000000000006
LOGIT01.MAKER.m0.all,2026-01-01,5.7700000000000005
LOGIT01.MAKER.m0.all,2026-01-02,-25.79
LOGIT01.MAKER.m0.all,2026-01-03,5.76
LOGIT01.MAKER.m0.all,2026-01-04,-70.52
LOGIT01.MAKER.m0.all,2026-01-08,14.98
LOGIT01.MAKER.m0.all,2026-01-09,13.84
LOGIT01.MAKER.m0.all,2026-01-10,-19.46
LOGIT01.MAKER.m0.all,2026-01-11,-34.72
LOGIT01.MAKER.m0.all,2026-01-12,25.58
LOGIT01.MAKER.m0.all,2026-01-17,1.609999999999998
LOGIT01.MAKER.m0.all,2026-01-18,35.42
LOGIT01.MAKER.m1.primary,2025-09-08,-6.45
LOGIT01.MAKER.m1.primary,2025-09-11,0.0
LOGIT01.MAKER.m1.primary,2025-09-12,-0.4399999999999995
LOGIT01.MAKER.m1.primary,2025-09-13,-29.63
LOGIT01.MAKER.m1.primary,2025-09-14,-0.5700000000000003
LOGIT01.MAKER.m1.primary,2025-09-15,-9.5
LOGIT01.MAKER.m1.primary,2025-09-18,5.92
LOGIT01.MAKER.m1.primary,2025-09-19,-12.19
LOGIT01.MAKER.m1.primary,2025-09-20,-38.300000000000004
LOGIT01.MAKER.m1.primary,2025-09-21,-15.84
LOGIT01.MAKER.m1.primary,2025-09-22,-7.14
LOGIT01.MAKER.m1.primary,2025-09-25,-5.45
LOGIT01.MAKER.m1.primary,2025-09-26,-9.82
LOGIT01.MAKER.m1.primary,2025-09-27,-1.6900000000000013
LOGIT01.MAKER.m1.primary,2025-09-28,-7.16
LOGIT01.MAKER.m1.primary,2025-09-29,8.51
LOGIT01.MAKER.m1.primary,2025-10-02,-3.9799999999999995
LOGIT01.MAKER.m1.primary,2025-10-03,-7.369999999999999
LOGIT01.MAKER.m1.primary,2025-10-04,27.22
LOGIT01.MAKER.m1.primary,2025-10-05,-15.97
LOGIT01.MAKER.m1.primary,2025-10-06,-7.24
LOGIT01.MAKER.m1.primary,2025-10-08,0.09999999999999964
LOGIT01.MAKER.m1.primary,2025-10-09,-14.01
LOGIT01.MAKER.m1.primary,2025-10-10,13.66
LOGIT01.MAKER.m1.primary,2025-10-11,-5.909999999999999
LOGIT01.MAKER.m1.primary,2025-10-12,9.549999999999999
LOGIT01.MAKER.m1.primary,2025-10-13,0.20000000000000018
LOGIT01.MAKER.m1.primary,2025-10-14,2.0999999999999996
LOGIT01.MAKER.m1.primary,2025-10-15,0.2999999999999998
LOGIT01.MAKER.m1.primary,2025-10-16,-4.7700000000000005
LOGIT01.MAKER.m1.primary,2025-10-17,-15.57
LOGIT01.MAKER.m1.primary,2025-10-18,-21.130000000000003
LOGIT01.MAKER.m1.primary,2025-10-19,-1.1899999999999995
LOGIT01.MAKER.m1.primary,2025-10-20,-0.48
LOGIT01.MAKER.m1.primary,2025-10-21,9.11
LOGIT01.MAKER.m1.primary,2025-10-22,-1.7900000000000005
LOGIT01.MAKER.m1.primary,2025-10-23,-3.35
LOGIT01.MAKER.m1.primary,2025-10-24,5.31
LOGIT01.MAKER.m1.primary,2025-10-25,31.58
LOGIT01.MAKER.m1.primary,2025-10-26,-1.3199999999999998
LOGIT01.MAKER.m1.primary,2025-10-27,2.07
LOGIT01.MAKER.m1.primary,2025-10-28,1.3599999999999999
LOGIT01.MAKER.m1.primary,2025-10-29,6.21
LOGIT01.MAKER.m1.primary,2025-10-30,-15.61
LOGIT01.MAKER.m1.primary,2025-10-31,3.6399999999999997
LOGIT01.MAKER.m1.primary,2025-11-01,-17.77
LOGIT01.MAKER.m1.primary,2025-11-02,-24.369999999999997
LOGIT01.MAKER.m1.primary,2025-11-03,-5.45
LOGIT01.MAKER.m1.primary,2025-11-04,3.6399999999999997
LOGIT01.MAKER.m1.primary,2025-11-05,4.63
LOGIT01.MAKER.m1.primary,2025-11-06,-4.4
LOGIT01.MAKER.m1.primary,2025-11-07,-9.23
LOGIT01.MAKER.m1.primary,2025-11-08,23.48
LOGIT01.MAKER.m1.primary,2025-11-09,-25.77
LOGIT01.MAKER.m1.primary,2025-11-10,-4.15
LOGIT01.MAKER.m1.primary,2025-11-11,-11.39
LOGIT01.MAKER.m1.primary,2025-11-12,9.28
LOGIT01.MAKER.m1.primary,2025-11-13,-0.18000000000000016
LOGIT01.MAKER.m1.primary,2025-11-14,-5.55
LOGIT01.MAKER.m1.primary,2025-11-15,-12.42
LOGIT01.MAKER.m1.primary,2025-11-16,0.9299999999999997
LOGIT01.MAKER.m1.primary,2025-11-17,4.05
LOGIT01.MAKER.m1.primary,2025-11-18,-9.899999999999999
LOGIT01.MAKER.m1.primary,2025-11-19,4.55
LOGIT01.MAKER.m1.primary,2025-11-20,-14.18
LOGIT01.MAKER.m1.primary,2025-11-21,-2.5900000000000007
LOGIT01.MAKER.m1.primary,2025-11-22,-6.520000000000001
LOGIT01.MAKER.m1.primary,2025-11-23,-6.0200000000000005
LOGIT01.MAKER.m1.primary,2025-11-24,1.77
LOGIT01.MAKER.m1.primary,2025-11-25,2.25
LOGIT01.MAKER.m1.primary,2025-11-27,-1.17
LOGIT01.MAKER.m1.primary,2025-11-28,8.080000000000002
LOGIT01.MAKER.m1.primary,2025-11-29,21.379999999999995
LOGIT01.MAKER.m1.primary,2025-11-30,7.27
LOGIT01.MAKER.m1.primary,2025-12-04,3.65
LOGIT01.MAKER.m1.primary,2025-12-05,0.4400000000000004
LOGIT01.MAKER.m1.primary,2025-12-06,0.9599999999999991
LOGIT01.MAKER.m1.primary,2025-12-07,-14.950000000000001
LOGIT01.MAKER.m1.primary,2025-12-08,3.85
LOGIT01.MAKER.m1.primary,2025-12-11,-6.94
LOGIT01.MAKER.m1.primary,2025-12-13,-6.42
LOGIT01.MAKER.m1.primary,2025-12-14,-32.41
LOGIT01.MAKER.m1.primary,2025-12-15,-3.54
LOGIT01.MAKER.m1.primary,2025-12-16,3.95
LOGIT01.MAKER.m1.primary,2025-12-17,-11.6
LOGIT01.MAKER.m1.primary,2025-12-18,6.51
LOGIT01.MAKER.m1.primary,2025-12-19,5.050000000000001
LOGIT01.MAKER.m1.primary,2025-12-20,-6.470000000000001
LOGIT01.MAKER.m1.primary,2025-12-21,-18.28
LOGIT01.MAKER.m1.primary,2025-12-22,7.41
LOGIT01.MAKER.m1.primary,2025-12-23,10.280000000000001
LOGIT01.MAKER.m1.primary,2025-12-24,5.65
LOGIT01.MAKER.m1.primary,2025-12-25,-9.370000000000001
LOGIT01.MAKER.m1.primary,2025-12-26,11.66
LOGIT01.MAKER.m1.primary,2025-12-27,-5.670000000000001
LOGIT01.MAKER.m1.primary,2025-12-28,13.04
LOGIT01.MAKER.m1.primary,2025-12-29,-7.88
LOGIT01.MAKER.m1.primary,2025-12-30,-10.73
LOGIT01.MAKER.m1.primary,2025-12-31,-2.8099999999999987
LOGIT01.MAKER.m1.primary,2026-01-01,-8.64
LOGIT01.MAKER.m1.primary,2026-01-02,-2.3500000000000005
LOGIT01.MAKER.m1.primary,2026-01-03,-0.9900000000000002
LOGIT01.MAKER.m1.primary,2026-01-04,-22.92
LOGIT01.MAKER.m1.primary,2026-01-08,-3.95
LOGIT01.MAKER.m1.primary,2026-01-09,2.56
LOGIT01.MAKER.m1.primary,2026-01-10,-3.68
LOGIT01.MAKER.m1.primary,2026-01-11,3.2499999999999996
LOGIT01.MAKER.m1.primary,2026-01-12,4.95
LOGIT01.MAKER.m1.primary,2026-01-17,6.91
LOGIT01.MAKER.m1.primary,2026-01-18,5.82
LOGIT01.MAKER.m1.all,2025-09-08,-27.080000000000002
LOGIT01.MAKER.m1.all,2025-09-11,-11.290000000000003
LOGIT01.MAKER.m1.all,2025-09-12,11.020000000000001
LOGIT01.MAKER.m1.all,2025-09-13,-10.3
LOGIT01.MAKER.m1.all,2025-09-14,-16.450000000000003
LOGIT01.MAKER.m1.all,2025-09-15,-20.580000000000002
LOGIT01.MAKER.m1.all,2025-09-16,-0.92
LOGIT01.MAKER.m1.all,2025-09-18,8.16
LOGIT01.MAKER.m1.all,2025-09-19,-5.5799999999999965
LOGIT01.MAKER.m1.all,2025-09-20,-59.03
LOGIT01.MAKER.m1.all,2025-09-21,-42.61
LOGIT01.MAKER.m1.all,2025-09-22,-0.54
LOGIT01.MAKER.m1.all,2025-09-25,2.4299999999999997
LOGIT01.MAKER.m1.all,2025-09-26,44.910000000000004
LOGIT01.MAKER.m1.all,2025-09-27,39.18999999999998
LOGIT01.MAKER.m1.all,2025-09-28,4.8
LOGIT01.MAKER.m1.all,2025-09-29,9.67
LOGIT01.MAKER.m1.all,2025-10-02,33.13
LOGIT01.MAKER.m1.all,2025-10-03,-6.290000000000001
LOGIT01.MAKER.m1.all,2025-10-04,-38.09000000000001
LOGIT01.MAKER.m1.all,2025-10-05,111.82
LOGIT01.MAKER.m1.all,2025-10-06,-8.01
LOGIT01.MAKER.m1.all,2025-10-08,-14.250000000000002
LOGIT01.MAKER.m1.all,2025-10-09,-63.83
LOGIT01.MAKER.m1.all,2025-10-10,-8.8
LOGIT01.MAKER.m1.all,2025-10-11,-103.44
LOGIT01.MAKER.m1.all,2025-10-12,-53.99
LOGIT01.MAKER.m1.all,2025-10-13,20.650000000000002
LOGIT01.MAKER.m1.all,2025-10-14,18.16
LOGIT01.MAKER.m1.all,2025-10-15,-7.270000000000001
LOGIT01.MAKER.m1.all,2025-10-16,6.21
LOGIT01.MAKER.m1.all,2025-10-17,-53.43000000000001
LOGIT01.MAKER.m1.all,2025-10-18,-103.29
LOGIT01.MAKER.m1.all,2025-10-19,-119.63000000000001
LOGIT01.MAKER.m1.all,2025-10-20,-1.5
LOGIT01.MAKER.m1.all,2025-10-21,-5.8999999999999995
LOGIT01.MAKER.m1.all,2025-10-22,-19.14
LOGIT01.MAKER.m1.all,2025-10-23,-0.22000000000000017
LOGIT01.MAKER.m1.all,2025-10-24,48.07
LOGIT01.MAKER.m1.all,2025-10-25,174.82
LOGIT01.MAKER.m1.all,2025-10-26,8.31
LOGIT01.MAKER.m1.all,2025-10-27,0.8299999999999996
LOGIT01.MAKER.m1.all,2025-10-28,-10.94
LOGIT01.MAKER.m1.all,2025-10-29,41.3
LOGIT01.MAKER.m1.all,2025-10-30,-73.44
LOGIT01.MAKER.m1.all,2025-10-31,-20.950000000000003
LOGIT01.MAKER.m1.all,2025-11-01,52.91
LOGIT01.MAKER.m1.all,2025-11-02,-159.39
LOGIT01.MAKER.m1.all,2025-11-03,-4.24
LOGIT01.MAKER.m1.all,2025-11-04,64.89
LOGIT01.MAKER.m1.all,2025-11-05,28.299999999999997
LOGIT01.MAKER.m1.all,2025-11-06,-37.23
LOGIT01.MAKER.m1.all,2025-11-07,-33.54
LOGIT01.MAKER.m1.all,2025-11-08,-97.75
LOGIT01.MAKER.m1.all,2025-11-09,-30.880000000000003
LOGIT01.MAKER.m1.all,2025-11-10,4.949999999999999
LOGIT01.MAKER.m1.all,2025-11-11,7.9700000000000015
LOGIT01.MAKER.m1.all,2025-11-12,7.52
LOGIT01.MAKER.m1.all,2025-11-13,-3.6000000000000005
LOGIT01.MAKER.m1.all,2025-11-14,-30.86
LOGIT01.MAKER.m1.all,2025-11-15,55.40999999999999
LOGIT01.MAKER.m1.all,2025-11-16,-109.87
LOGIT01.MAKER.m1.all,2025-11-17,5.61
LOGIT01.MAKER.m1.all,2025-11-18,-86.49
LOGIT01.MAKER.m1.all,2025-11-19,23.78
LOGIT01.MAKER.m1.all,2025-11-20,-49.31
LOGIT01.MAKER.m1.all,2025-11-21,18.7
LOGIT01.MAKER.m1.all,2025-11-22,148.75
LOGIT01.MAKER.m1.all,2025-11-23,-87.47
LOGIT01.MAKER.m1.all,2025-11-24,6.08
LOGIT01.MAKER.m1.all,2025-11-25,2.77
LOGIT01.MAKER.m1.all,2025-11-27,-72.83
LOGIT01.MAKER.m1.all,2025-11-28,-13.780000000000003
LOGIT01.MAKER.m1.all,2025-11-29,-10.940000000000007
LOGIT01.MAKER.m1.all,2025-11-30,-10.790000000000003
LOGIT01.MAKER.m1.all,2025-12-04,10.16
LOGIT01.MAKER.m1.all,2025-12-05,-9.650000000000002
LOGIT01.MAKER.m1.all,2025-12-06,36.69
LOGIT01.MAKER.m1.all,2025-12-07,-59.2
LOGIT01.MAKER.m1.all,2025-12-08,-0.7799999999999994
LOGIT01.MAKER.m1.all,2025-12-11,-41.22
LOGIT01.MAKER.m1.all,2025-12-13,-33.97
LOGIT01.MAKER.m1.all,2025-12-14,-174.61
LOGIT01.MAKER.m1.all,2025-12-15,3.48
LOGIT01.MAKER.m1.all,2025-12-16,-45.08
LOGIT01.MAKER.m1.all,2025-12-17,-82.99
LOGIT01.MAKER.m1.all,2025-12-18,-9.97
LOGIT01.MAKER.m1.all,2025-12-19,0.370000000000001
LOGIT01.MAKER.m1.all,2025-12-20,-35.73
LOGIT01.MAKER.m1.all,2025-12-21,-130.43
LOGIT01.MAKER.m1.all,2025-12-22,10.049999999999999
LOGIT01.MAKER.m1.all,2025-12-23,-14.97
LOGIT01.MAKER.m1.all,2025-12-24,-9.44
LOGIT01.MAKER.m1.all,2025-12-25,-82.24
LOGIT01.MAKER.m1.all,2025-12-26,-0.8300000000000002
LOGIT01.MAKER.m1.all,2025-12-27,-40.59
LOGIT01.MAKER.m1.all,2025-12-28,-3.4000000000000004
LOGIT01.MAKER.m1.all,2025-12-29,-10.79
LOGIT01.MAKER.m1.all,2025-12-30,-7.449999999999999
LOGIT01.MAKER.m1.all,2025-12-31,-47.0
LOGIT01.MAKER.m1.all,2026-01-01,-9.46
LOGIT01.MAKER.m1.all,2026-01-02,-24.2
LOGIT01.MAKER.m1.all,2026-01-03,10.04
LOGIT01.MAKER.m1.all,2026-01-04,-66.9
LOGIT01.MAKER.m1.all,2026-01-08,10.73
LOGIT01.MAKER.m1.all,2026-01-09,12.41
LOGIT01.MAKER.m1.all,2026-01-10,-12.82
LOGIT01.MAKER.m1.all,2026-01-11,-18.48
LOGIT01.MAKER.m1.all,2026-01-12,18.27
LOGIT01.MAKER.m1.all,2026-01-17,4.799999999999998
LOGIT01.MAKER.m1.all,2026-01-18,40.7
LOGIT1.TAKER.m0.primary,2025-09-08,-5.38
LOGIT1.TAKER.m0.primary,2025-09-11,-1.71
LOGIT1.TAKER.m0.primary,2025-09-12,-11.68
LOGIT1.TAKER.m0.primary,2025-09-13,-20.340000000000003
LOGIT1.TAKER.m0.primary,2025-09-14,-0.28999999999999826
LOGIT1.TAKER.m0.primary,2025-09-15,-10.14
LOGIT1.TAKER.m0.primary,2025-09-18,5.24
LOGIT1.TAKER.m0.primary,2025-09-19,-3.990000000000001
LOGIT1.TAKER.m0.primary,2025-09-20,-27.97
LOGIT1.TAKER.m0.primary,2025-09-21,-35.03
LOGIT1.TAKER.m0.primary,2025-09-22,-7.15
LOGIT1.TAKER.m0.primary,2025-09-25,7.56
LOGIT1.TAKER.m0.primary,2025-09-26,-10.719999999999999
LOGIT1.TAKER.m0.primary,2025-09-27,-1.1499999999999995
LOGIT1.TAKER.m0.primary,2025-09-28,-23.36
LOGIT1.TAKER.m0.primary,2025-09-29,6.68
LOGIT1.TAKER.m0.primary,2025-10-02,-13.89
LOGIT1.TAKER.m0.primary,2025-10-03,1.1300000000000001
LOGIT1.TAKER.m0.primary,2025-10-04,-17.77
LOGIT1.TAKER.m0.primary,2025-10-05,-6.76
LOGIT1.TAKER.m0.primary,2025-10-06,-6.57
LOGIT1.TAKER.m0.primary,2025-10-08,-0.9499999999999997
LOGIT1.TAKER.m0.primary,2025-10-09,-4.100000000000001
LOGIT1.TAKER.m0.primary,2025-10-10,-11.05
LOGIT1.TAKER.m0.primary,2025-10-11,-18.310000000000002
LOGIT1.TAKER.m0.primary,2025-10-12,9.649999999999999
LOGIT1.TAKER.m0.primary,2025-10-13,-14.11
LOGIT1.TAKER.m0.primary,2025-10-14,3.3999999999999995
LOGIT1.TAKER.m0.primary,2025-10-15,9.35
LOGIT1.TAKER.m0.primary,2025-10-16,-6.220000000000001
LOGIT1.TAKER.m0.primary,2025-10-17,-9.66
LOGIT1.TAKER.m0.primary,2025-10-18,-4.859999999999998
LOGIT1.TAKER.m0.primary,2025-10-19,19.259999999999998
LOGIT1.TAKER.m0.primary,2025-10-20,-1.42
LOGIT1.TAKER.m0.primary,2025-10-21,-3.13
LOGIT1.TAKER.m0.primary,2025-10-22,-2.8000000000000003
LOGIT1.TAKER.m0.primary,2025-10-23,-1.3199999999999998
LOGIT1.TAKER.m0.primary,2025-10-24,5.76
LOGIT1.TAKER.m0.primary,2025-10-25,21.83
LOGIT1.TAKER.m0.primary,2025-10-26,10.379999999999999
LOGIT1.TAKER.m0.primary,2025-10-27,1.41
LOGIT1.TAKER.m0.primary,2025-10-28,4.35
LOGIT1.TAKER.m0.primary,2025-10-29,6.87
LOGIT1.TAKER.m0.primary,2025-10-30,-12.42
LOGIT1.TAKER.m0.primary,2025-10-31,5.910000000000001
LOGIT1.TAKER.m0.primary,2025-11-01,-54.62
LOGIT1.TAKER.m0.primary,2025-11-02,-11.65
LOGIT1.TAKER.m0.primary,2025-11-03,6.03
LOGIT1.TAKER.m0.primary,2025-11-04,5.33
LOGIT1.TAKER.m0.primary,2025-11-05,3.4
LOGIT1.TAKER.m0.primary,2025-11-06,-4.26
LOGIT1.TAKER.m0.primary,2025-11-07,-0.4399999999999995
LOGIT1.TAKER.m0.primary,2025-11-08,0.46000000000000085
LOGIT1.TAKER.m0.primary,2025-11-09,-19.1
LOGIT1.TAKER.m0.primary,2025-11-10,-5.18
LOGIT1.TAKER.m0.primary,2025-11-11,-2.920000000000001
LOGIT1.TAKER.m0.primary,2025-11-12,9.24
LOGIT1.TAKER.m0.primary,2025-11-13,4.24
LOGIT1.TAKER.m0.primary,2025-11-14,-6.52
LOGIT1.TAKER.m0.primary,2025-11-15,-7.110000000000001
LOGIT1.TAKER.m0.primary,2025-11-16,-4.480000000000002
LOGIT1.TAKER.m0.primary,2025-11-17,3.24
LOGIT1.TAKER.m0.primary,2025-11-18,-3.9500000000000006
LOGIT1.TAKER.m0.primary,2025-11-19,6.779999999999999
LOGIT1.TAKER.m0.primary,2025-11-20,-13.23
LOGIT1.TAKER.m0.primary,2025-11-21,-3.2300000000000004
LOGIT1.TAKER.m0.primary,2025-11-22,9.969999999999999
LOGIT1.TAKER.m0.primary,2025-11-23,5.84
LOGIT1.TAKER.m0.primary,2025-11-24,2.07
LOGIT1.TAKER.m0.primary,2025-11-25,1.76
LOGIT1.TAKER.m0.primary,2025-11-27,-1.2799999999999994
LOGIT1.TAKER.m0.primary,2025-11-28,-2.9800000000000013
LOGIT1.TAKER.m0.primary,2025-11-29,43.14
LOGIT1.TAKER.m0.primary,2025-11-30,-4.040000000000001
LOGIT1.TAKER.m0.primary,2025-12-01,2.17
LOGIT1.TAKER.m0.primary,2025-12-04,3.34
LOGIT1.TAKER.m0.primary,2025-12-05,1.0999999999999996
LOGIT1.TAKER.m0.primary,2025-12-06,-2.990000000000001
LOGIT1.TAKER.m0.primary,2025-12-07,-1.8399999999999999
LOGIT1.TAKER.m0.primary,2025-12-08,-5.48
LOGIT1.TAKER.m0.primary,2025-12-11,-7.44
LOGIT1.TAKER.m0.primary,2025-12-13,-1.1600000000000006
LOGIT1.TAKER.m0.primary,2025-12-14,-21.66
LOGIT1.TAKER.m0.primary,2025-12-15,-4.07
LOGIT1.TAKER.m0.primary,2025-12-16,3.73
LOGIT1.TAKER.m0.primary,2025-12-17,-12.34
LOGIT1.TAKER.m0.primary,2025-12-18,-10.06
LOGIT1.TAKER.m0.primary,2025-12-19,12.379999999999999
LOGIT1.TAKER.m0.primary,2025-12-20,0.05999999999999961
LOGIT1.TAKER.m0.primary,2025-12-21,16.48
LOGIT1.TAKER.m0.primary,2025-12-22,-2.4400000000000004
LOGIT1.TAKER.m0.primary,2025-12-23,-0.34000000000000075
LOGIT1.TAKER.m0.primary,2025-12-24,4.42
LOGIT1.TAKER.m0.primary,2025-12-25,-4.630000000000001
LOGIT1.TAKER.m0.primary,2025-12-26,8.86
LOGIT1.TAKER.m0.primary,2025-12-27,-15.58
LOGIT1.TAKER.m0.primary,2025-12-28,24.16
LOGIT1.TAKER.m0.primary,2025-12-29,-5.76
LOGIT1.TAKER.m0.primary,2025-12-30,0.4400000000000004
LOGIT1.TAKER.m0.primary,2025-12-31,-5.24
LOGIT1.TAKER.m0.primary,2026-01-01,-9.49
LOGIT1.TAKER.m0.primary,2026-01-02,0.07999999999999918
LOGIT1.TAKER.m0.primary,2026-01-03,6.880000000000001
LOGIT1.TAKER.m0.primary,2026-01-04,-11.45
LOGIT1.TAKER.m0.primary,2026-01-08,3.63
LOGIT1.TAKER.m0.primary,2026-01-09,3.53
LOGIT1.TAKER.m0.primary,2026-01-10,-2.35
LOGIT1.TAKER.m0.primary,2026-01-11,1.1099999999999994
LOGIT1.TAKER.m0.primary,2026-01-12,4.62
LOGIT1.TAKER.m0.primary,2026-01-17,-2.3300000000000005
LOGIT1.TAKER.m0.primary,2026-01-18,-0.8300000000000001
LOGIT1.TAKER.m0.all,2025-09-08,-47.19
LOGIT1.TAKER.m0.all,2025-09-11,-17.53
LOGIT1.TAKER.m0.all,2025-09-12,2.4699999999999998
LOGIT1.TAKER.m0.all,2025-09-13,-100.44000000000001
LOGIT1.TAKER.m0.all,2025-09-14,-106.13000000000001
LOGIT1.TAKER.m0.all,2025-09-15,-23.190000000000005
LOGIT1.TAKER.m0.all,2025-09-16,-0.22
LOGIT1.TAKER.m0.all,2025-09-18,-2.4600000000000017
LOGIT1.TAKER.m0.all,2025-09-19,-40.440000000000005
LOGIT1.TAKER.m0.all,2025-09-20,-110.54000000000002
LOGIT1.TAKER.m0.all,2025-09-21,-100.8
LOGIT1.TAKER.m0.all,2025-09-22,-20.55
LOGIT1.TAKER.m0.all,2025-09-25,-3.300000000000003
LOGIT1.TAKER.m0.all,2025-09-26,47.28
LOGIT1.TAKER.m0.all,2025-09-27,30.61999999999998
LOGIT1.TAKER.m0.all,2025-09-28,-41.800000000000004
LOGIT1.TAKER.m0.all,2025-09-29,17.84
LOGIT1.TAKER.m0.all,2025-10-02,45.44
LOGIT1.TAKER.m0.all,2025-10-03,-25.439999999999998
LOGIT1.TAKER.m0.all,2025-10-04,-140.37
LOGIT1.TAKER.m0.all,2025-10-05,115.12
LOGIT1.TAKER.m0.all,2025-10-06,-28.810000000000002
LOGIT1.TAKER.m0.all,2025-10-08,-12.080000000000002
LOGIT1.TAKER.m0.all,2025-10-09,-46.83
LOGIT1.TAKER.m0.all,2025-10-10,-40.32
LOGIT1.TAKER.m0.all,2025-10-11,-221.9
LOGIT1.TAKER.m0.all,2025-10-12,-80.62
LOGIT1.TAKER.m0.all,2025-10-13,-6.840000000000004
LOGIT1.TAKER.m0.all,2025-10-14,-6.390000000000001
LOGIT1.TAKER.m0.all,2025-10-15,-3.9099999999999993
LOGIT1.TAKER.m0.all,2025-10-16,-15.409999999999998
LOGIT1.TAKER.m0.all,2025-10-17,-86.27
LOGIT1.TAKER.m0.all,2025-10-18,-104.27000000000001
LOGIT1.TAKER.m0.all,2025-10-19,-44.830000000000005
LOGIT1.TAKER.m0.all,2025-10-20,0.2599999999999998
LOGIT1.TAKER.m0.all,2025-10-21,-57.54
LOGIT1.TAKER.m0.all,2025-10-22,-13.92
LOGIT1.TAKER.m0.all,2025-10-23,-5.22
LOGIT1.TAKER.m0.all,2025-10-24,55.269999999999996
LOGIT1.TAKER.m0.all,2025-10-25,164.57999999999998
LOGIT1.TAKER.m0.all,2025-10-26,39.11
LOGIT1.TAKER.m0.all,2025-10-27,11.459999999999999
LOGIT1.TAKER.m0.all,2025-10-28,-1.4000000000000004
LOGIT1.TAKER.m0.all,2025-10-29,51.15
LOGIT1.TAKER.m0.all,2025-10-30,-95.13
LOGIT1.TAKER.m0.all,2025-10-31,-36.51
LOGIT1.TAKER.m0.all,2025-11-01,-217.27
LOGIT1.TAKER.m0.all,2025-11-02,-183.63
LOGIT1.TAKER.m0.all,2025-11-03,13.17
LOGIT1.TAKER.m0.all,2025-11-04,79.33
LOGIT1.TAKER.m0.all,2025-11-05,19.549999999999997
LOGIT1.TAKER.m0.all,2025-11-06,0.759999999999999
LOGIT1.TAKER.m0.all,2025-11-07,-33.49
LOGIT1.TAKER.m0.all,2025-11-08,-206.39
LOGIT1.TAKER.m0.all,2025-11-09,-50.580000000000005
LOGIT1.TAKER.m0.all,2025-11-10,-11.950000000000003
LOGIT1.TAKER.m0.all,2025-11-11,-22.46
LOGIT1.TAKER.m0.all,2025-11-12,34.03
LOGIT1.TAKER.m0.all,2025-11-13,2.4899999999999998
LOGIT1.TAKER.m0.all,2025-11-14,-37.88
LOGIT1.TAKER.m0.all,2025-11-15,29.809999999999988
LOGIT1.TAKER.m0.all,2025-11-16,-96.66
LOGIT1.TAKER.m0.all,2025-11-17,0.55
LOGIT1.TAKER.m0.all,2025-11-18,-110.16
LOGIT1.TAKER.m0.all,2025-11-19,25.2
LOGIT1.TAKER.m0.all,2025-11-20,-63.760000000000005
LOGIT1.TAKER.m0.all,2025-11-21,-6.680000000000001
LOGIT1.TAKER.m0.all,2025-11-22,201.01
LOGIT1.TAKER.m0.all,2025-11-23,-135.32
LOGIT1.TAKER.m0.all,2025-11-24,5.8
LOGIT1.TAKER.m0.all,2025-11-25,-7.359999999999999
LOGIT1.TAKER.m0.all,2025-11-27,-94.58
LOGIT1.TAKER.m0.all,2025-11-28,-48.86000000000001
LOGIT1.TAKER.m0.all,2025-11-29,-7.77000000000001
LOGIT1.TAKER.m0.all,2025-11-30,-44.88
LOGIT1.TAKER.m0.all,2025-12-01,2.9099999999999997
LOGIT1.TAKER.m0.all,2025-12-04,24.55
LOGIT1.TAKER.m0.all,2025-12-05,-30.34
LOGIT1.TAKER.m0.all,2025-12-06,85.71
LOGIT1.TAKER.m0.all,2025-12-07,-58.36000000000001
LOGIT1.TAKER.m0.all,2025-12-08,-17.82
LOGIT1.TAKER.m0.all,2025-12-11,-59.75
LOGIT1.TAKER.m0.all,2025-12-13,-44.31
LOGIT1.TAKER.m0.all,2025-12-14,-247.59
LOGIT1.TAKER.m0.all,2025-12-15,4.86
LOGIT1.TAKER.m0.all,2025-12-16,-55.81
LOGIT1.TAKER.m0.all,2025-12-17,-115.52
LOGIT1.TAKER.m0.all,2025-12-18,-27.380000000000003
LOGIT1.TAKER.m0.all,2025-12-19,-38.89
LOGIT1.TAKER.m0.all,2025-12-20,-53.07
LOGIT1.TAKER.m0.all,2025-12-21,-198.18
LOGIT1.TAKER.m0.all,2025-12-22,15.019999999999998
LOGIT1.TAKER.m0.all,2025-12-23,-49.99
LOGIT1.TAKER.m0.all,2025-12-24,7.790000000000001
LOGIT1.TAKER.m0.all,2025-12-25,-96.97
LOGIT1.TAKER.m0.all,2025-12-26,-18.57
LOGIT1.TAKER.m0.all,2025-12-27,10.079999999999997
LOGIT1.TAKER.m0.all,2025-12-28,13.450000000000003
LOGIT1.TAKER.m0.all,2025-12-29,-16.26
LOGIT1.TAKER.m0.all,2025-12-30,-63.730000000000004
LOGIT1.TAKER.m0.all,2025-12-31,-72.84
LOGIT1.TAKER.m0.all,2026-01-01,-30.48
LOGIT1.TAKER.m0.all,2026-01-02,-39.54
LOGIT1.TAKER.m0.all,2026-01-03,11.069999999999999
LOGIT1.TAKER.m0.all,2026-01-04,-85.42
LOGIT1.TAKER.m0.all,2026-01-08,26.43
LOGIT1.TAKER.m0.all,2026-01-09,5.529999999999999
LOGIT1.TAKER.m0.all,2026-01-10,-29.29
LOGIT1.TAKER.m0.all,2026-01-11,-27.17
LOGIT1.TAKER.m0.all,2026-01-12,26.41
LOGIT1.TAKER.m0.all,2026-01-17,8.44
LOGIT1.TAKER.m0.all,2026-01-18,41.83
LOGIT1.TAKER.m1.primary,2025-09-08,-5.38
LOGIT1.TAKER.m1.primary,2025-09-11,-1.71
LOGIT1.TAKER.m1.primary,2025-09-12,-11.03
LOGIT1.TAKER.m1.primary,2025-09-13,-20.89
LOGIT1.TAKER.m1.primary,2025-09-14,-0.8299999999999983
LOGIT1.TAKER.m1.primary,2025-09-15,-10.14
LOGIT1.TAKER.m1.primary,2025-09-18,3.9
LOGIT1.TAKER.m1.primary,2025-09-19,-3.990000000000001
LOGIT1.TAKER.m1.primary,2025-09-20,-7.170000000000001
LOGIT1.TAKER.m1.primary,2025-09-21,-37.61
LOGIT1.TAKER.m1.primary,2025-09-22,-7.15
LOGIT1.TAKER.m1.primary,2025-09-25,7.56
LOGIT1.TAKER.m1.primary,2025-09-26,-10.719999999999999
LOGIT1.TAKER.m1.primary,2025-09-27,-14.84
LOGIT1.TAKER.m1.primary,2025-09-28,-22.57
LOGIT1.TAKER.m1.primary,2025-09-29,6.68
LOGIT1.TAKER.m1.primary,2025-10-02,-0.5599999999999996
LOGIT1.TAKER.m1.primary,2025-10-03,1.7799999999999998
LOGIT1.TAKER.m1.primary,2025-10-04,-16.22
LOGIT1.TAKER.m1.primary,2025-10-05,-15.03
LOGIT1.TAKER.m1.primary,2025-10-06,-6.57
LOGIT1.TAKER.m1.primary,2025-10-08,-0.9499999999999997
LOGIT1.TAKER.m1.primary,2025-10-09,-9.750000000000002
LOGIT1.TAKER.m1.primary,2025-10-10,-11.05
LOGIT1.TAKER.m1.primary,2025-10-11,-8.430000000000003
LOGIT1.TAKER.m1.primary,2025-10-12,11.629999999999999
LOGIT1.TAKER.m1.primary,2025-10-13,-14.11
LOGIT1.TAKER.m1.primary,2025-10-14,3.6899999999999995
LOGIT1.TAKER.m1.primary,2025-10-15,9.35
LOGIT1.TAKER.m1.primary,2025-10-16,-8.22
LOGIT1.TAKER.m1.primary,2025-10-17,-9.66
LOGIT1.TAKER.m1.primary,2025-10-18,10.960000000000003
LOGIT1.TAKER.m1.primary,2025-10-19,19.689999999999998
LOGIT1.TAKER.m1.primary,2025-10-20,-1.42
LOGIT1.TAKER.m1.primary,2025-10-21,-3.13
LOGIT1.TAKER.m1.primary,2025-10-22,-2.8000000000000003
LOGIT1.TAKER.m1.primary,2025-10-23,-1.3199999999999998
LOGIT1.TAKER.m1.primary,2025-10-24,6.43
LOGIT1.TAKER.m1.primary,2025-10-25,20.939999999999998
LOGIT1.TAKER.m1.primary,2025-10-26,6.0
LOGIT1.TAKER.m1.primary,2025-10-27,1.41
LOGIT1.TAKER.m1.primary,2025-10-28,4.35
LOGIT1.TAKER.m1.primary,2025-10-29,6.87
LOGIT1.TAKER.m1.primary,2025-10-30,-12.42
LOGIT1.TAKER.m1.primary,2025-10-31,4.380000000000001
LOGIT1.TAKER.m1.primary,2025-11-01,-55.9
LOGIT1.TAKER.m1.primary,2025-11-02,-10.370000000000001
LOGIT1.TAKER.m1.primary,2025-11-03,6.03
LOGIT1.TAKER.m1.primary,2025-11-04,5.33
LOGIT1.TAKER.m1.primary,2025-11-05,3.73
LOGIT1.TAKER.m1.primary,2025-11-06,-4.36
LOGIT1.TAKER.m1.primary,2025-11-07,-0.4399999999999995
LOGIT1.TAKER.m1.primary,2025-11-08,-14.23
LOGIT1.TAKER.m1.primary,2025-11-09,-20.98
LOGIT1.TAKER.m1.primary,2025-11-10,-5.18
LOGIT1.TAKER.m1.primary,2025-11-11,-2.920000000000001
LOGIT1.TAKER.m1.primary,2025-11-12,9.24
LOGIT1.TAKER.m1.primary,2025-11-13,4.24
LOGIT1.TAKER.m1.primary,2025-11-14,-6.31
LOGIT1.TAKER.m1.primary,2025-11-15,20.450000000000003
LOGIT1.TAKER.m1.primary,2025-11-16,3.9599999999999986
LOGIT1.TAKER.m1.primary,2025-11-17,3.24
LOGIT1.TAKER.m1.primary,2025-11-18,-3.9500000000000006
LOGIT1.TAKER.m1.primary,2025-11-19,6.779999999999999
LOGIT1.TAKER.m1.primary,2025-11-20,-13.52
LOGIT1.TAKER.m1.primary,2025-11-21,-3.2300000000000004
LOGIT1.TAKER.m1.primary,2025-11-22,14.809999999999997
LOGIT1.TAKER.m1.primary,2025-11-23,-2.68
LOGIT1.TAKER.m1.primary,2025-11-24,2.07
LOGIT1.TAKER.m1.primary,2025-11-25,1.98
LOGIT1.TAKER.m1.primary,2025-11-27,-1.2799999999999994
LOGIT1.TAKER.m1.primary,2025-11-28,-2.630000000000001
LOGIT1.TAKER.m1.primary,2025-11-29,33.85
LOGIT1.TAKER.m1.primary,2025-11-30,-7.540000000000001
LOGIT1.TAKER.m1.primary,2025-12-01,2.17
LOGIT1.TAKER.m1.primary,2025-12-04,3.34
LOGIT1.TAKER.m1.primary,2025-12-05,1.0999999999999996
LOGIT1.TAKER.m1.primary,2025-12-06,-2.5200000000000005
LOGIT1.TAKER.m1.primary,2025-12-07,-1.8399999999999999
LOGIT1.TAKER.m1.primary,2025-12-08,-5.48
LOGIT1.TAKER.m1.primary,2025-12-11,-7.25
LOGIT1.TAKER.m1.primary,2025-12-13,-1.1600000000000006
LOGIT1.TAKER.m1.primary,2025-12-14,-32.21
LOGIT1.TAKER.m1.primary,2025-12-15,-4.07
LOGIT1.TAKER.m1.primary,2025-12-16,3.73
LOGIT1.TAKER.m1.primary,2025-12-17,-12.34
LOGIT1.TAKER.m1.primary,2025-12-18,-10.06
LOGIT1.TAKER.m1.primary,2025-12-19,12.379999999999999
LOGIT1.TAKER.m1.primary,2025-12-20,0.05999999999999961
LOGIT1.TAKER.m1.primary,2025-12-21,1.25
LOGIT1.TAKER.m1.primary,2025-12-22,-2.4400000000000004
LOGIT1.TAKER.m1.primary,2025-12-23,-0.34000000000000075
LOGIT1.TAKER.m1.primary,2025-12-24,4.42
LOGIT1.TAKER.m1.primary,2025-12-25,-8.9
LOGIT1.TAKER.m1.primary,2025-12-26,8.86
LOGIT1.TAKER.m1.primary,2025-12-27,-15.58
LOGIT1.TAKER.m1.primary,2025-12-28,13.16
LOGIT1.TAKER.m1.primary,2025-12-29,-5.76
LOGIT1.TAKER.m1.primary,2025-12-30,0.4400000000000004
LOGIT1.TAKER.m1.primary,2025-12-31,-5.24
LOGIT1.TAKER.m1.primary,2026-01-01,-9.49
LOGIT1.TAKER.m1.primary,2026-01-02,0.1899999999999995
LOGIT1.TAKER.m1.primary,2026-01-03,6.880000000000001
LOGIT1.TAKER.m1.primary,2026-01-04,-11.32
LOGIT1.TAKER.m1.primary,2026-01-08,3.63
LOGIT1.TAKER.m1.primary,2026-01-09,3.53
LOGIT1.TAKER.m1.primary,2026-01-10,-5.78
LOGIT1.TAKER.m1.primary,2026-01-11,1.1099999999999994
LOGIT1.TAKER.m1.primary,2026-01-12,4.62
LOGIT1.TAKER.m1.primary,2026-01-17,-2.3300000000000005
LOGIT1.TAKER.m1.primary,2026-01-18,-1.0299999999999994
LOGIT1.TAKER.m1.all,2025-09-08,-47.19
LOGIT1.TAKER.m1.all,2025-09-11,-7.980000000000004
LOGIT1.TAKER.m1.all,2025-09-12,-9.16
LOGIT1.TAKER.m1.all,2025-09-13,-62.120000000000005
LOGIT1.TAKER.m1.all,2025-09-14,-57.69
LOGIT1.TAKER.m1.all,2025-09-15,-20.35
LOGIT1.TAKER.m1.all,2025-09-18,-5.630000000000002
LOGIT1.TAKER.m1.all,2025-09-19,-45.6
LOGIT1.TAKER.m1.all,2025-09-20,-58.02000000000001
LOGIT1.TAKER.m1.all,2025-09-21,-90.56
LOGIT1.TAKER.m1.all,2025-09-22,-14.080000000000002
LOGIT1.TAKER.m1.all,2025-09-25,-7.730000000000002
LOGIT1.TAKER.m1.all,2025-09-26,59.980000000000004
LOGIT1.TAKER.m1.all,2025-09-27,41.93999999999998
LOGIT1.TAKER.m1.all,2025-09-28,-45.00000000000001
LOGIT1.TAKER.m1.all,2025-09-29,18.39
LOGIT1.TAKER.m1.all,2025-10-02,45.13
LOGIT1.TAKER.m1.all,2025-10-03,-32.39
LOGIT1.TAKER.m1.all,2025-10-04,-143.41
LOGIT1.TAKER.m1.all,2025-10-05,115.86
LOGIT1.TAKER.m1.all,2025-10-06,-28.810000000000002
LOGIT1.TAKER.m1.all,2025-10-08,-16.970000000000002
LOGIT1.TAKER.m1.all,2025-10-09,-57.88
LOGIT1.TAKER.m1.all,2025-10-10,-15.000000000000004
LOGIT1.TAKER.m1.all,2025-10-11,-237.99
LOGIT1.TAKER.m1.all,2025-10-12,-100.28
LOGIT1.TAKER.m1.all,2025-10-13,6.489999999999996
LOGIT1.TAKER.m1.all,2025-10-14,-3.4300000000000015
LOGIT1.TAKER.m1.all,2025-10-15,1.25
LOGIT1.TAKER.m1.all,2025-10-16,-7.99
LOGIT1.TAKER.m1.all,2025-10-17,-88.44
LOGIT1.TAKER.m1.all,2025-10-18,-72.51
LOGIT1.TAKER.m1.all,2025-10-19,-23.300000000000004
LOGIT1.TAKER.m1.all,2025-10-20,0.6899999999999995
LOGIT1.TAKER.m1.all,2025-10-21,-45.85
LOGIT1.TAKER.m1.all,2025-10-22,-13.280000000000001
LOGIT1.TAKER.m1.all,2025-10-23,-3.6099999999999994
LOGIT1.TAKER.m1.all,2025-10-24,70.12
LOGIT1.TAKER.m1.all,2025-10-25,195.10999999999999
LOGIT1.TAKER.m1.all,2025-10-26,40.15
LOGIT1.TAKER.m1.all,2025-10-27,9.72
LOGIT1.TAKER.m1.all,2025-10-28,5.079999999999999
LOGIT1.TAKER.m1.all,2025-10-29,60.74
LOGIT1.TAKER.m1.all,2025-10-30,-107.09
LOGIT1.TAKER.m1.all,2025-10-31,-31.34
LOGIT1.TAKER.m1.all,2025-11-01,-224.87
LOGIT1.TAKER.m1.all,2025-11-02,-134.24
LOGIT1.TAKER.m1.all,2025-11-03,18.57
LOGIT1.TAKER.m1.all,2025-11-04,81.49
LOGIT1.TAKER.m1.all,2025-11-05,21.199999999999996
LOGIT1.TAKER.m1.all,2025-11-06,4.819999999999999
LOGIT1.TAKER.m1.all,2025-11-07,-48.51
LOGIT1.TAKER.m1.all,2025-11-08,-214.7
LOGIT1.TAKER.m1.all,2025-11-09,-48.41000000000001
LOGIT1.TAKER.m1.all,2025-11-10,-11.950000000000003
LOGIT1.TAKER.m1.all,2025-11-11,-64.6
LOGIT1.TAKER.m1.all,2025-11-12,35.33
LOGIT1.TAKER.m1.all,2025-11-13,3.3699999999999997
LOGIT1.TAKER.m1.all,2025-11-14,-37.24
LOGIT1.TAKER.m1.all,2025-11-15,38.46999999999999
LOGIT1.TAKER.m1.all,2025-11-16,-59.09
LOGIT1.TAKER.m1.all,2025-11-17,12.79
LOGIT1.TAKER.m1.all,2025-11-18,-106.9
LOGIT1.TAKER.m1.all,2025-11-19,30.91
LOGIT1.TAKER.m1.all,2025-11-20,-40.97
LOGIT1.TAKER.m1.all,2025-11-21,-7.99
LOGIT1.TAKER.m1.all,2025-11-22,164.29
LOGIT1.TAKER.m1.all,2025-11-23,-140.74
LOGIT1.TAKER.m1.all,2025-11-24,5.8
LOGIT1.TAKER.m1.all,2025-11-25,-5.1899999999999995
LOGIT1.TAKER.m1.all,2025-11-27,-99.99000000000001
LOGIT1.TAKER.m1.all,2025-11-28,-5.010000000000001
LOGIT1.TAKER.m1.all,2025-11-29,19.94999999999999
LOGIT1.TAKER.m1.all,2025-11-30,-36.49
LOGIT1.TAKER.m1.all,2025-12-01,1.6199999999999999
LOGIT1.TAKER.m1.all,2025-12-04,24.55
LOGIT1.TAKER.m1.all,2025-12-05,-32.160000000000004
LOGIT1.TAKER.m1.all,2025-12-06,72.88
LOGIT1.TAKER.m1.all,2025-12-07,-77.13000000000001
LOGIT1.TAKER.m1.all,2025-12-08,-21.450000000000003
LOGIT1.TAKER.m1.all,2025-12-11,-51.85
LOGIT1.TAKER.m1.all,2025-12-13,-45.870000000000005
LOGIT1.TAKER.m1.all,2025-12-14,-219.87
LOGIT1.TAKER.m1.all,2025-12-15,2.73
LOGIT1.TAKER.m1.all,2025-12-16,-57.11000000000001
LOGIT1.TAKER.m1.all,2025-12-17,-111.09
LOGIT1.TAKER.m1.all,2025-12-18,-35.59
LOGIT1.TAKER.m1.all,2025-12-19,-32.71
LOGIT1.TAKER.m1.all,2025-12-20,-47.31
LOGIT1.TAKER.m1.all,2025-12-21,-194.43
LOGIT1.TAKER.m1.all,2025-12-22,20.41
LOGIT1.TAKER.m1.all,2025-12-23,-49.99
LOGIT1.TAKER.m1.all,2025-12-24,8.65
LOGIT1.TAKER.m1.all,2025-12-25,-89.96000000000001
LOGIT1.TAKER.m1.all,2025-12-26,-7.170000000000001
LOGIT1.TAKER.m1.all,2025-12-27,26.219999999999995
LOGIT1.TAKER.m1.all,2025-12-28,-18.379999999999995
LOGIT1.TAKER.m1.all,2025-12-29,-21.380000000000003
LOGIT1.TAKER.m1.all,2025-12-30,-77.75
LOGIT1.TAKER.m1.all,2025-12-31,-65.51
LOGIT1.TAKER.m1.all,2026-01-01,-17.759999999999998
LOGIT1.TAKER.m1.all,2026-01-02,-38.120000000000005
LOGIT1.TAKER.m1.all,2026-01-03,11.069999999999999
LOGIT1.TAKER.m1.all,2026-01-04,-58.7
LOGIT1.TAKER.m1.all,2026-01-08,18.47
LOGIT1.TAKER.m1.all,2026-01-09,5.859999999999999
LOGIT1.TAKER.m1.all,2026-01-10,-17.83
LOGIT1.TAKER.m1.all,2026-01-11,-20.700000000000003
LOGIT1.TAKER.m1.all,2026-01-12,28.67
LOGIT1.TAKER.m1.all,2026-01-17,10.639999999999999
LOGIT1.TAKER.m1.all,2026-01-18,41.910000000000004
LOGIT1.MAKER.m0.primary,2025-09-08,-6.84
LOGIT1.MAKER.m0.primary,2025-09-11,0.0
LOGIT1.MAKER.m0.primary,2025-09-12,0.07000000000000028
LOGIT1.MAKER.m0.primary,2025-09-13,-42.44
LOGIT1.MAKER.m0.primary,2025-09-14,1.1499999999999986
LOGIT1.MAKER.m0.primary,2025-09-15,-9.5
LOGIT1.MAKER.m0.primary,2025-09-18,5.92
LOGIT1.MAKER.m0.primary,2025-09-19,-12.19
LOGIT1.MAKER.m0.primary,2025-09-20,-17.55
LOGIT1.MAKER.m0.primary,2025-09-21,-9.84
LOGIT1.MAKER.m0.primary,2025-09-22,-7.14
LOGIT1.MAKER.m0.primary,2025-09-25,-5.45
LOGIT1.MAKER.m0.primary,2025-09-26,-9.82
LOGIT1.MAKER.m0.primary,2025-09-27,-19.0
LOGIT1.MAKER.m0.primary,2025-09-28,-7.16
LOGIT1.MAKER.m0.primary,2025-09-29,8.51
LOGIT1.MAKER.m0.primary,2025-10-02,-3.9799999999999995
LOGIT1.MAKER.m0.primary,2025-10-03,-7.369999999999999
LOGIT1.MAKER.m0.primary,2025-10-04,37.98
LOGIT1.MAKER.m0.primary,2025-10-05,-16.07
LOGIT1.MAKER.m0.primary,2025-10-06,-7.24
LOGIT1.MAKER.m0.primary,2025-10-08,0.09999999999999964
LOGIT1.MAKER.m0.primary,2025-10-09,-9.6
LOGIT1.MAKER.m0.primary,2025-10-10,13.66
LOGIT1.MAKER.m0.primary,2025-10-11,8.620000000000001
LOGIT1.MAKER.m0.primary,2025-10-12,15.95
LOGIT1.MAKER.m0.primary,2025-10-13,0.20000000000000018
LOGIT1.MAKER.m0.primary,2025-10-14,-13.71
LOGIT1.MAKER.m0.primary,2025-10-15,0.2999999999999998
LOGIT1.MAKER.m0.primary,2025-10-16,-4.7700000000000005
LOGIT1.MAKER.m0.primary,2025-10-17,-7.27
LOGIT1.MAKER.m0.primary,2025-10-18,-42.519999999999996
LOGIT1.MAKER.m0.primary,2025-10-19,1.5800000000000018
LOGIT1.MAKER.m0.primary,2025-10-20,-0.48
LOGIT1.MAKER.m0.primary,2025-10-21,-5.17
LOGIT1.MAKER.m0.primary,2025-10-22,-1.7900000000000005
LOGIT1.MAKER.m0.primary,2025-10-23,4.43
LOGIT1.MAKER.m0.primary,2025-10-24,5.31
LOGIT1.MAKER.m0.primary,2025-10-25,20.71
LOGIT1.MAKER.m0.primary,2025-10-26,-1.3199999999999998
LOGIT1.MAKER.m0.primary,2025-10-27,2.07
LOGIT1.MAKER.m0.primary,2025-10-28,1.3599999999999999
LOGIT1.MAKER.m0.primary,2025-10-29,6.21
LOGIT1.MAKER.m0.primary,2025-10-30,-15.61
LOGIT1.MAKER.m0.primary,2025-10-31,3.6399999999999997
LOGIT1.MAKER.m0.primary,2025-11-01,-29.470000000000002
LOGIT1.MAKER.m0.primary,2025-11-02,-9.469999999999999
LOGIT1.MAKER.m0.primary,2025-11-03,-5.45
LOGIT1.MAKER.m0.primary,2025-11-04,2.7299999999999995
LOGIT1.MAKER.m0.primary,2025-11-05,4.63
LOGIT1.MAKER.m0.primary,2025-11-06,-3.59
LOGIT1.MAKER.m0.primary,2025-11-07,-9.23
LOGIT1.MAKER.m0.primary,2025-11-08,30.41
LOGIT1.MAKER.m0.primary,2025-11-09,-22.31
LOGIT1.MAKER.m0.primary,2025-11-10,4.85
LOGIT1.MAKER.m0.primary,2025-11-11,-11.39
LOGIT1.MAKER.m0.primary,2025-11-12,9.28
LOGIT1.MAKER.m0.primary,2025-11-13,-0.18000000000000016
LOGIT1.MAKER.m0.primary,2025-11-14,-5.55
LOGIT1.MAKER.m0.primary,2025-11-15,-37.27
LOGIT1.MAKER.m0.primary,2025-11-16,0.9299999999999997
LOGIT1.MAKER.m0.primary,2025-11-17,4.05
LOGIT1.MAKER.m0.primary,2025-11-18,-10.309999999999999
LOGIT1.MAKER.m0.primary,2025-11-19,3.94
LOGIT1.MAKER.m0.primary,2025-11-20,-14.18
LOGIT1.MAKER.m0.primary,2025-11-21,-2.5900000000000007
LOGIT1.MAKER.m0.primary,2025-11-22,-8.450000000000001
LOGIT1.MAKER.m0.primary,2025-11-23,-6.33
LOGIT1.MAKER.m0.primary,2025-11-24,1.47
LOGIT1.MAKER.m0.primary,2025-11-25,2.35
LOGIT1.MAKER.m0.primary,2025-11-27,-17.060000000000002
LOGIT1.MAKER.m0.primary,2025-11-28,8.080000000000002
LOGIT1.MAKER.m0.primary,2025-11-29,15.179999999999996
LOGIT1.MAKER.m0.primary,2025-11-30,-7.220000000000001
LOGIT1.MAKER.m0.primary,2025-12-04,3.65
LOGIT1.MAKER.m0.primary,2025-12-05,0.8500000000000005
LOGIT1.MAKER.m0.primary,2025-12-06,0.9599999999999991
LOGIT1.MAKER.m0.primary,2025-12-07,-16.77
LOGIT1.MAKER.m0.primary,2025-12-08,3.85
LOGIT1.MAKER.m0.primary,2025-12-11,-6.94
LOGIT1.MAKER.m0.primary,2025-12-13,5.77
LOGIT1.MAKER.m0.primary,2025-12-14,-46.83
LOGIT1.MAKER.m0.primary,2025-12-15,-3.54
LOGIT1.MAKER.m0.primary,2025-12-16,3.95
LOGIT1.MAKER.m0.primary,2025-12-17,-11.6
LOGIT1.MAKER.m0.primary,2025-12-18,6.51
LOGIT1.MAKER.m0.primary,2025-12-19,5.050000000000001
LOGIT1.MAKER.m0.primary,2025-12-20,-6.470000000000001
LOGIT1.MAKER.m0.primary,2025-12-21,-18.28
LOGIT1.MAKER.m0.primary,2025-12-22,1.2999999999999998
LOGIT1.MAKER.m0.primary,2025-12-23,13.780000000000001
LOGIT1.MAKER.m0.primary,2025-12-24,5.65
LOGIT1.MAKER.m0.primary,2025-12-25,-9.370000000000001
LOGIT1.MAKER.m0.primary,2025-12-26,11.66
LOGIT1.MAKER.m0.primary,2025-12-27,-5.670000000000001
LOGIT1.MAKER.m0.primary,2025-12-28,12.83
LOGIT1.MAKER.m0.primary,2025-12-29,-8.280000000000001
LOGIT1.MAKER.m0.primary,2025-12-30,-10.73
LOGIT1.MAKER.m0.primary,2025-12-31,-2.8099999999999987
LOGIT1.MAKER.m0.primary,2026-01-01,-8.64
LOGIT1.MAKER.m0.primary,2026-01-02,-2.0600000000000005
LOGIT1.MAKER.m0.primary,2026-01-03,-8.3
LOGIT1.MAKER.m0.primary,2026-01-04,-24.62
LOGIT1.MAKER.m0.primary,2026-01-08,-3.95
LOGIT1.MAKER.m0.primary,2026-01-09,2.56
LOGIT1.MAKER.m0.primary,2026-01-10,-3.68
LOGIT1.MAKER.m0.primary,2026-01-11,3.2499999999999996
LOGIT1.MAKER.m0.primary,2026-01-12,4.95
LOGIT1.MAKER.m0.primary,2026-01-17,6.91
LOGIT1.MAKER.m0.primary,2026-01-18,5.22
LOGIT1.MAKER.m0.all,2025-09-08,-34.11
LOGIT1.MAKER.m0.all,2025-09-11,-10.320000000000002
LOGIT1.MAKER.m0.all,2025-09-12,15.340000000000002
LOGIT1.MAKER.m0.all,2025-09-13,-24.180000000000003
LOGIT1.MAKER.m0.all,2025-09-14,-20.9
LOGIT1.MAKER.m0.all,2025-09-15,-15.280000000000001
LOGIT1.MAKER.m0.all,2025-09-16,-0.92
LOGIT1.MAKER.m0.all,2025-09-18,8.16
LOGIT1.MAKER.m0.all,2025-09-19,-6.679999999999996
LOGIT1.MAKER.m0.all,2025-09-20,-61.56
LOGIT1.MAKER.m0.all,2025-09-21,-36.6
LOGIT1.MAKER.m0.all,2025-09-22,2.14
LOGIT1.MAKER.m0.all,2025-09-25,2.4299999999999997
LOGIT1.MAKER.m0.all,2025-09-26,20.64
LOGIT1.MAKER.m0.all,2025-09-27,35.93999999999998
LOGIT1.MAKER.m0.all,2025-09-28,-26.450000000000003
LOGIT1.MAKER.m0.all,2025-09-29,21.37
LOGIT1.MAKER.m0.all,2025-10-02,33.13
LOGIT1.MAKER.m0.all,2025-10-03,-18.16
LOGIT1.MAKER.m0.all,2025-10-04,-61.980000000000004
LOGIT1.MAKER.m0.all,2025-10-05,95.25
LOGIT1.MAKER.m0.all,2025-10-06,-1.25
LOGIT1.MAKER.m0.all,2025-10-08,-18.0
LOGIT1.MAKER.m0.all,2025-10-09,-68.72
LOGIT1.MAKER.m0.all,2025-10-10,3.8200000000000003
LOGIT1.MAKER.m0.all,2025-10-11,-149.92000000000002
LOGIT1.MAKER.m0.all,2025-10-12,-52.99
LOGIT1.MAKER.m0.all,2025-10-13,29.45
LOGIT1.MAKER.m0.all,2025-10-14,8.3
LOGIT1.MAKER.m0.all,2025-10-15,-20.400000000000002
LOGIT1.MAKER.m0.all,2025-10-16,10.84
LOGIT1.MAKER.m0.all,2025-10-17,-42.95
LOGIT1.MAKER.m0.all,2025-10-18,-150.14000000000001
LOGIT1.MAKER.m0.all,2025-10-19,-133.76
LOGIT1.MAKER.m0.all,2025-10-20,-1.5
LOGIT1.MAKER.m0.all,2025-10-21,-10.36
LOGIT1.MAKER.m0.all,2025-10-22,-23.02
LOGIT1.MAKER.m0.all,2025-10-23,2.5799999999999996
LOGIT1.MAKER.m0.all,2025-10-24,50.33
LOGIT1.MAKER.m0.all,2025-10-25,196.59
LOGIT1.MAKER.m0.all,2025-10-26,1.320000000000001
LOGIT1.MAKER.m0.all,2025-10-27,0.8299999999999996
LOGIT1.MAKER.m0.all,2025-10-28,-14.21
LOGIT1.MAKER.m0.all,2025-10-29,38.26
LOGIT1.MAKER.m0.all,2025-10-30,-75.38
LOGIT1.MAKER.m0.all,2025-10-31,-23.990000000000002
LOGIT1.MAKER.m0.all,2025-11-01,105.00999999999999
LOGIT1.MAKER.m0.all,2025-11-02,-146.13
LOGIT1.MAKER.m0.all,2025-11-03,-4.24
LOGIT1.MAKER.m0.all,2025-11-04,63.57
LOGIT1.MAKER.m0.all,2025-11-05,22.41
LOGIT1.MAKER.m0.all,2025-11-06,-33.3
LOGIT1.MAKER.m0.all,2025-11-07,-22.44
LOGIT1.MAKER.m0.all,2025-11-08,-94.11000000000001
LOGIT1.MAKER.m0.all,2025-11-09,-11.030000000000001
LOGIT1.MAKER.m0.all,2025-11-10,9.799999999999999
LOGIT1.MAKER.m0.all,2025-11-11,-0.05999999999999783
LOGIT1.MAKER.m0.all,2025-11-12,7.52
LOGIT1.MAKER.m0.all,2025-11-13,-3.6000000000000005
LOGIT1.MAKER.m0.all,2025-11-14,-30.86
LOGIT1.MAKER.m0.all,2025-11-15,56.809999999999995
LOGIT1.MAKER.m0.all,2025-11-16,-101.99000000000001
LOGIT1.MAKER.m0.all,2025-11-17,5.61
LOGIT1.MAKER.m0.all,2025-11-18,-87.31
LOGIT1.MAKER.m0.all,2025-11-19,17.8
LOGIT1.MAKER.m0.all,2025-11-20,-46.8
LOGIT1.MAKER.m0.all,2025-11-21,18.7
LOGIT1.MAKER.m0.all,2025-11-22,103.97999999999999
LOGIT1.MAKER.m0.all,2025-11-23,-85.77000000000001
LOGIT1.MAKER.m0.all,2025-11-24,11.19
LOGIT1.MAKER.m0.all,2025-11-25,1.6400000000000001
LOGIT1.MAKER.m0.all,2025-11-27,-65.37
LOGIT1.MAKER.m0.all,2025-11-28,-28.850000000000005
LOGIT1.MAKER.m0.all,2025-11-29,-56.050000000000004
LOGIT1.MAKER.m0.all,2025-11-30,-33.17
LOGIT1.MAKER.m0.all,2025-12-04,10.16
LOGIT1.MAKER.m0.all,2025-12-05,-16.03
LOGIT1.MAKER.m0.all,2025-12-06,38.4
LOGIT1.MAKER.m0.all,2025-12-07,-13.740000000000002
LOGIT1.MAKER.m0.all,2025-12-08,-6.970000000000001
LOGIT1.MAKER.m0.all,2025-12-11,-49.06
LOGIT1.MAKER.m0.all,2025-12-13,-19.89
LOGIT1.MAKER.m0.all,2025-12-14,-192.59
LOGIT1.MAKER.m0.all,2025-12-15,0.8399999999999999
LOGIT1.MAKER.m0.all,2025-12-16,-36.08
LOGIT1.MAKER.m0.all,2025-12-17,-81.88
LOGIT1.MAKER.m0.all,2025-12-18,-10.41
LOGIT1.MAKER.m0.all,2025-12-19,2.3100000000000005
LOGIT1.MAKER.m0.all,2025-12-20,-17.85
LOGIT1.MAKER.m0.all,2025-12-21,-137.43
LOGIT1.MAKER.m0.all,2025-12-22,12.32
LOGIT1.MAKER.m0.all,2025-12-23,-8.22
LOGIT1.MAKER.m0.all,2025-12-24,6.800000000000001
LOGIT1.MAKER.m0.all,2025-12-25,-74.98
LOGIT1.MAKER.m0.all,2025-12-26,6.47
LOGIT1.MAKER.m0.all,2025-12-27,-37.190000000000005
LOGIT1.MAKER.m0.all,2025-12-28,-16.42
LOGIT1.MAKER.m0.all,2025-12-29,-12.620000000000001
LOGIT1.MAKER.m0.all,2025-12-30,-15.379999999999999
LOGIT1.MAKER.m0.all,2025-12-31,-56.39
LOGIT1.MAKER.m0.all,2026-01-01,5.7700000000000005
LOGIT1.MAKER.m0.all,2026-01-02,-25.79
LOGIT1.MAKER.m0.all,2026-01-03,5.76
LOGIT1.MAKER.m0.all,2026-01-04,-73.99
LOGIT1.MAKER.m0.all,2026-01-08,14.98
LOGIT1.MAKER.m0.all,2026-01-09,15.47
LOGIT1.MAKER.m0.all,2026-01-10,-19.46
LOGIT1.MAKER.m0.all,2026-01-11,-34.72
LOGIT1.MAKER.m0.all,2026-01-12,21.73
LOGIT1.MAKER.m0.all,2026-01-17,1.609999999999998
LOGIT1.MAKER.m0.all,2026-01-18,35.42
LOGIT1.MAKER.m1.primary,2025-09-08,-6.84
LOGIT1.MAKER.m1.primary,2025-09-11,0.0
LOGIT1.MAKER.m1.primary,2025-09-12,0.07000000000000028
LOGIT1.MAKER.m1.primary,2025-09-13,-40.63
LOGIT1.MAKER.m1.primary,2025-09-14,1.1499999999999986
LOGIT1.MAKER.m1.primary,2025-09-15,-9.5
LOGIT1.MAKER.m1.primary,2025-09-18,5.92
LOGIT1.MAKER.m1.primary,2025-09-19,-12.19
LOGIT1.MAKER.m1.primary,2025-09-20,-18.45
LOGIT1.MAKER.m1.primary,2025-09-21,-9.45
LOGIT1.MAKER.m1.primary,2025-09-22,-7.14
LOGIT1.MAKER.m1.primary,2025-09-25,-5.45
LOGIT1.MAKER.m1.primary,2025-09-26,-9.82
LOGIT1.MAKER.m1.primary,2025-09-27,-16.380000000000003
LOGIT1.MAKER.m1.primary,2025-09-28,-7.16
LOGIT1.MAKER.m1.primary,2025-09-29,8.51
LOGIT1.MAKER.m1.primary,2025-10-02,-1.8999999999999995
LOGIT1.MAKER.m1.primary,2025-10-03,-6.659999999999999
LOGIT1.MAKER.m1.primary,2025-10-04,31.95
LOGIT1.MAKER.m1.primary,2025-10-05,-15.56
LOGIT1.MAKER.m1.primary,2025-10-06,-7.24
LOGIT1.MAKER.m1.primary,2025-10-08,0.09999999999999964
LOGIT1.MAKER.m1.primary,2025-10-09,-15.32
LOGIT1.MAKER.m1.primary,2025-10-10,13.66
LOGIT1.MAKER.m1.primary,2025-10-11,-9.530000000000001
LOGIT1.MAKER.m1.primary,2025-10-12,16.549999999999997
LOGIT1.MAKER.m1.primary,2025-10-13,0.20000000000000018
LOGIT1.MAKER.m1.primary,2025-10-14,0.5899999999999999
LOGIT1.MAKER.m1.primary,2025-10-15,0.2999999999999998
LOGIT1.MAKER.m1.primary,2025-10-16,-4.7700000000000005
LOGIT1.MAKER.m1.primary,2025-10-17,-7.27
LOGIT1.MAKER.m1.primary,2025-10-18,-45.33
LOGIT1.MAKER.m1.primary,2025-10-19,-1.1899999999999995
LOGIT1.MAKER.m1.primary,2025-10-20,-0.48
LOGIT1.MAKER.m1.primary,2025-10-21,9.11
LOGIT1.MAKER.m1.primary,2025-10-22,-1.7900000000000005
LOGIT1.MAKER.m1.primary,2025-10-23,-3.35
LOGIT1.MAKER.m1.primary,2025-10-24,6.59
LOGIT1.MAKER.m1.primary,2025-10-25,31.58
LOGIT1.MAKER.m1.primary,2025-10-26,-0.9099999999999997
LOGIT1.MAKER.m1.primary,2025-10-27,2.07
LOGIT1.MAKER.m1.primary,2025-10-28,1.3599999999999999
LOGIT1.MAKER.m1.primary,2025-10-29,6.21
LOGIT1.MAKER.m1.primary,2025-10-30,-15.61
LOGIT1.MAKER.m1.primary,2025-10-31,3.84
LOGIT1.MAKER.m1.primary,2025-11-01,-29.67
LOGIT1.MAKER.m1.primary,2025-11-02,-23.86
LOGIT1.MAKER.m1.primary,2025-11-03,-5.45
LOGIT1.MAKER.m1.primary,2025-11-04,3.6399999999999997
LOGIT1.MAKER.m1.primary,2025-11-05,3.55
LOGIT1.MAKER.m1.primary,2025-11-06,-3.59
LOGIT1.MAKER.m1.primary,2025-11-07,-9.23
LOGIT1.MAKER.m1.primary,2025-11-08,23.89
LOGIT1.MAKER.m1.primary,2025-11-09,-21.72
LOGIT1.MAKER.m1.primary,2025-11-10,4.85
LOGIT1.MAKER.m1.primary,2025-11-11,-11.39
LOGIT1.MAKER.m1.primary,2025-11-12,9.28
LOGIT1.MAKER.m1.primary,2025-11-13,-0.18000000000000016
LOGIT1.MAKER.m1.primary,2025-11-14,-5.55
LOGIT1.MAKER.m1.primary,2025-11-15,-30.44
LOGIT1.MAKER.m1.primary,2025-11-16,0.9299999999999997
LOGIT1.MAKER.m1.primary,2025-11-17,4.05
LOGIT1.MAKER.m1.primary,2025-11-18,-9.899999999999999
LOGIT1.MAKER.m1.primary,2025-11-19,4.55
LOGIT1.MAKER.m1.primary,2025-11-20,-14.18
LOGIT1.MAKER.m1.primary,2025-11-21,-2.5900000000000007
LOGIT1.MAKER.m1.primary,2025-11-22,-7.48
LOGIT1.MAKER.m1.primary,2025-11-23,-6.0200000000000005
LOGIT1.MAKER.m1.primary,2025-11-24,1.77
LOGIT1.MAKER.m1.primary,2025-11-25,2.25
LOGIT1.MAKER.m1.primary,2025-11-27,-1.17
LOGIT1.MAKER.m1.primary,2025-11-28,8.180000000000001
LOGIT1.MAKER.m1.primary,2025-11-29,16.789999999999996
LOGIT1.MAKER.m1.primary,2025-11-30,-6.4300000000000015
LOGIT1.MAKER.m1.primary,2025-12-04,3.65
LOGIT1.MAKER.m1.primary,2025-12-05,0.4400000000000004
LOGIT1.MAKER.m1.primary,2025-12-06,0.9599999999999991
LOGIT1.MAKER.m1.primary,2025-12-07,-14.950000000000001
LOGIT1.MAKER.m1.primary,2025-12-08,3.85
LOGIT1.MAKER.m1.primary,2025-12-11,-6.94
LOGIT1.MAKER.m1.primary,2025-12-13,-0.7200000000000002
LOGIT1.MAKER.m1.primary,2025-12-14,-32.41
LOGIT1.MAKER.m1.primary,2025-12-15,-3.54
LOGIT1.MAKER.m1.primary,2025-12-16,3.95
LOGIT1.MAKER.m1.primary,2025-12-17,-11.6
LOGIT1.MAKER.m1.primary,2025-12-18,6.51
LOGIT1.MAKER.m1.primary,2025-12-19,5.050000000000001
LOGIT1.MAKER.m1.primary,2025-12-20,-5.65
LOGIT1.MAKER.m1.primary,2025-12-21,-18.28
LOGIT1.MAKER.m1.primary,2025-12-22,7.41
LOGIT1.MAKER.m1.primary,2025-12-23,10.280000000000001
LOGIT1.MAKER.m1.primary,2025-12-24,5.65
LOGIT1.MAKER.m1.primary,2025-12-25,-9.370000000000001
LOGIT1.MAKER.m1.primary,2025-12-26,11.66
LOGIT1.MAKER.m1.primary,2025-12-27,-5.670000000000001
LOGIT1.MAKER.m1.primary,2025-12-28,13.04
LOGIT1.MAKER.m1.primary,2025-12-29,-7.88
LOGIT1.MAKER.m1.primary,2025-12-30,-10.73
LOGIT1.MAKER.m1.primary,2025-12-31,-2.8099999999999987
LOGIT1.MAKER.m1.primary,2026-01-01,-8.64
LOGIT1.MAKER.m1.primary,2026-01-02,-2.3500000000000005
LOGIT1.MAKER.m1.primary,2026-01-03,-0.9900000000000002
LOGIT1.MAKER.m1.primary,2026-01-04,-22.11
LOGIT1.MAKER.m1.primary,2026-01-08,-3.95
LOGIT1.MAKER.m1.primary,2026-01-09,2.56
LOGIT1.MAKER.m1.primary,2026-01-10,-3.68
LOGIT1.MAKER.m1.primary,2026-01-11,3.2499999999999996
LOGIT1.MAKER.m1.primary,2026-01-12,4.95
LOGIT1.MAKER.m1.primary,2026-01-17,6.91
LOGIT1.MAKER.m1.primary,2026-01-18,5.82
LOGIT1.MAKER.m1.all,2025-09-08,-40.46
LOGIT1.MAKER.m1.all,2025-09-11,-5.770000000000003
LOGIT1.MAKER.m1.all,2025-09-12,15.340000000000002
LOGIT1.MAKER.m1.all,2025-09-13,8.499999999999998
LOGIT1.MAKER.m1.all,2025-09-14,-30.5
LOGIT1.MAKER.m1.all,2025-09-15,-15.280000000000001
LOGIT1.MAKER.m1.all,2025-09-18,8.67
LOGIT1.MAKER.m1.all,2025-09-19,-4.949999999999997
LOGIT1.MAKER.m1.all,2025-09-20,-50.18000000000001
LOGIT1.MAKER.m1.all,2025-09-21,-23.889999999999997
LOGIT1.MAKER.m1.all,2025-09-22,-0.54
LOGIT1.MAKER.m1.all,2025-09-25,2.4299999999999997
LOGIT1.MAKER.m1.all,2025-09-26,21.520000000000003
LOGIT1.MAKER.m1.all,2025-09-27,19.749999999999986
LOGIT1.MAKER.m1.all,2025-09-28,-28.85
LOGIT1.MAKER.m1.all,2025-09-29,14.49
LOGIT1.MAKER.m1.all,2025-10-02,41.06
LOGIT1.MAKER.m1.all,2025-10-03,-2.620000000000001
LOGIT1.MAKER.m1.all,2025-10-04,-40.2
LOGIT1.MAKER.m1.all,2025-10-05,87.86
LOGIT1.MAKER.m1.all,2025-10-06,-8.01
LOGIT1.MAKER.m1.all,2025-10-08,-16.27
LOGIT1.MAKER.m1.all,2025-10-09,-64.56
LOGIT1.MAKER.m1.all,2025-10-10,1.1300000000000006
LOGIT1.MAKER.m1.all,2025-10-11,-135.03
LOGIT1.MAKER.m1.all,2025-10-12,-36.7
LOGIT1.MAKER.m1.all,2025-10-13,23.71
LOGIT1.MAKER.m1.all,2025-10-14,11.129999999999997
LOGIT1.MAKER.m1.all,2025-10-15,-7.270000000000001
LOGIT1.MAKER.m1.all,2025-10-16,11.559999999999999
LOGIT1.MAKER.m1.all,2025-10-17,-47.11000000000001
LOGIT1.MAKER.m1.all,2025-10-18,-64.49000000000001
LOGIT1.MAKER.m1.all,2025-10-19,-118.05000000000001
LOGIT1.MAKER.m1.all,2025-10-20,-1.5
LOGIT1.MAKER.m1.all,2025-10-21,1.5200000000000005
LOGIT1.MAKER.m1.all,2025-10-22,-18.22
LOGIT1.MAKER.m1.all,2025-10-23,-0.22000000000000017
LOGIT1.MAKER.m1.all,2025-10-24,47.089999999999996
LOGIT1.MAKER.m1.all,2025-10-25,193.07999999999998
LOGIT1.MAKER.m1.all,2025-10-26,6.8
LOGIT1.MAKER.m1.all,2025-10-27,3.88
LOGIT1.MAKER.m1.all,2025-10-28,-7.06
LOGIT1.MAKER.m1.all,2025-10-29,41.3
LOGIT1.MAKER.m1.all,2025-10-30,-73.44
LOGIT1.MAKER.m1.all,2025-10-31,-27.700000000000003
LOGIT1.MAKER.m1.all,2025-11-01,44.18
LOGIT1.MAKER.m1.all,2025-11-02,-163.91
LOGIT1.MAKER.m1.all,2025-11-03,-4.24
LOGIT1.MAKER.m1.all,2025-11-04,64.89
LOGIT1.MAKER.m1.all,2025-11-05,27.22
LOGIT1.MAKER.m1.all,2025-11-06,-31.93
LOGIT1.MAKER.m1.all,2025-11-07,-43.93
LOGIT1.MAKER.m1.all,2025-11-08,-94.98
LOGIT1.MAKER.m1.all,2025-11-09,-17.120000000000005
LOGIT1.MAKER.m1.all,2025-11-10,9.799999999999999
LOGIT1.MAKER.m1.all,2025-11-11,-0.05999999999999783
LOGIT1.MAKER.m1.all,2025-11-12,7.52
LOGIT1.MAKER.m1.all,2025-11-13,0.2699999999999994
LOGIT1.MAKER.m1.all,2025-11-14,-30.86
LOGIT1.MAKER.m1.all,2025-11-15,70.85999999999999
LOGIT1.MAKER.m1.all,2025-11-16,-109.93
LOGIT1.MAKER.m1.all,2025-11-17,5.61
LOGIT1.MAKER.m1.all,2025-11-18,-86.49
LOGIT1.MAKER.m1.all,2025-11-19,19.53
LOGIT1.MAKER.m1.all,2025-11-20,-49.31
LOGIT1.MAKER.m1.all,2025-11-21,18.7
LOGIT1.MAKER.m1.all,2025-11-22,130.01999999999998
LOGIT1.MAKER.m1.all,2025-11-23,-88.04
LOGIT1.MAKER.m1.all,2025-11-24,8.05
LOGIT1.MAKER.m1.all,2025-11-25,2.77
LOGIT1.MAKER.m1.all,2025-11-27,-66.33
LOGIT1.MAKER.m1.all,2025-11-28,-23.630000000000003
LOGIT1.MAKER.m1.all,2025-11-29,-35.32000000000001
LOGIT1.MAKER.m1.all,2025-11-30,-14.59
LOGIT1.MAKER.m1.all,2025-12-04,10.16
LOGIT1.MAKER.m1.all,2025-12-05,-8.730000000000002
LOGIT1.MAKER.m1.all,2025-12-06,36.69
LOGIT1.MAKER.m1.all,2025-12-07,-43.44
LOGIT1.MAKER.m1.all,2025-12-08,-0.7799999999999994
LOGIT1.MAKER.m1.all,2025-12-11,-48.28
LOGIT1.MAKER.m1.all,2025-12-13,-33.69
LOGIT1.MAKER.m1.all,2025-12-14,-173.09
LOGIT1.MAKER.m1.all,2025-12-15,7.02
LOGIT1.MAKER.m1.all,2025-12-16,-45.08
LOGIT1.MAKER.m1.all,2025-12-17,-78.84
LOGIT1.MAKER.m1.all,2025-12-18,-9.56
LOGIT1.MAKER.m1.all,2025-12-19,3.920000000000001
LOGIT1.MAKER.m1.all,2025-12-20,-34.91
LOGIT1.MAKER.m1.all,2025-12-21,-137.05
LOGIT1.MAKER.m1.all,2025-12-22,13.01
LOGIT1.MAKER.m1.all,2025-12-23,-18.21
LOGIT1.MAKER.m1.all,2025-12-24,-9.44
LOGIT1.MAKER.m1.all,2025-12-25,-79.4
LOGIT1.MAKER.m1.all,2025-12-26,-0.22000000000000022
LOGIT1.MAKER.m1.all,2025-12-27,-35.92
LOGIT1.MAKER.m1.all,2025-12-28,-0.4400000000000013
LOGIT1.MAKER.m1.all,2025-12-29,-10.79
LOGIT1.MAKER.m1.all,2025-12-30,-7.449999999999999
LOGIT1.MAKER.m1.all,2025-12-31,-47.2
LOGIT1.MAKER.m1.all,2026-01-01,-16.42
LOGIT1.MAKER.m1.all,2026-01-02,-24.2
LOGIT1.MAKER.m1.all,2026-01-03,10.25
LOGIT1.MAKER.m1.all,2026-01-04,-61.51
LOGIT1.MAKER.m1.all,2026-01-08,14.98
LOGIT1.MAKER.m1.all,2026-01-09,12.41
LOGIT1.MAKER.m1.all,2026-01-10,-12.82
LOGIT1.MAKER.m1.all,2026-01-11,-18.48
LOGIT1.MAKER.m1.all,2026-01-12,21.53
LOGIT1.MAKER.m1.all,2026-01-17,4.799999999999998
LOGIT1.MAKER.m1.all,2026-01-18,44.25
BOOST.TAKER.m0.primary,2025-09-08,-6.76
BOOST.TAKER.m0.primary,2025-09-11,5.99
BOOST.TAKER.m0.primary,2025-09-12,-4.83
BOOST.TAKER.m0.primary,2025-09-13,-26.919999999999998
BOOST.TAKER.m0.primary,2025-09-14,10.280000000000001
BOOST.TAKER.m0.primary,2025-09-15,8.39
BOOST.TAKER.m0.primary,2025-09-18,3.77
BOOST.TAKER.m0.primary,2025-09-19,-12.93
BOOST.TAKER.m0.primary,2025-09-20,-1.6700000000000026
BOOST.TAKER.m0.primary,2025-09-21,1.9799999999999995
BOOST.TAKER.m0.primary,2025-09-22,-7.05
BOOST.TAKER.m0.primary,2025-09-25,2.88
BOOST.TAKER.m0.primary,2025-09-26,-0.7400000000000011
BOOST.TAKER.m0.primary,2025-09-27,-11.540000000000003
BOOST.TAKER.m0.primary,2025-09-28,-18.87
BOOST.TAKER.m0.primary,2025-09-29,3.0999999999999996
BOOST.TAKER.m0.primary,2025-10-02,2.56
BOOST.TAKER.m0.primary,2025-10-03,-6.59
BOOST.TAKER.m0.primary,2025-10-04,-27.589999999999996
BOOST.TAKER.m0.primary,2025-10-05,27.24
BOOST.TAKER.m0.primary,2025-10-06,6.95
BOOST.TAKER.m0.primary,2025-10-08,1.22
BOOST.TAKER.m0.primary,2025-10-09,-0.7100000000000009
BOOST.TAKER.m0.primary,2025-10-10,8.71
BOOST.TAKER.m0.primary,2025-10-11,-23.37
BOOST.TAKER.m0.primary,2025-10-12,-37.63
BOOST.TAKER.m0.primary,2025-10-13,11.55
BOOST.TAKER.m0.primary,2025-10-14,-0.64
BOOST.TAKER.m0.primary,2025-10-15,5.62
BOOST.TAKER.m0.primary,2025-10-16,8.44
BOOST.TAKER.m0.primary,2025-10-17,-13.030000000000001
BOOST.TAKER.m0.primary,2025-10-18,-4.91
BOOST.TAKER.m0.primary,2025-10-19,-30.49
BOOST.TAKER.m0.primary,2025-10-20,-4.34
BOOST.TAKER.m0.primary,2025-10-21,5.67
BOOST.TAKER.m0.primary,2025-10-22,4.52
BOOST.TAKER.m0.primary,2025-10-23,-3.6999999999999997
BOOST.TAKER.m0.primary,2025-10-24,5.9399999999999995
BOOST.TAKER.m0.primary,2025-10-25,44.05
BOOST.TAKER.m0.primary,2025-10-26,-4.460000000000001
BOOST.TAKER.m0.primary,2025-10-27,-2.22
BOOST.TAKER.m0.primary,2025-10-28,-3.3899999999999997
BOOST.TAKER.m0.primary,2025-10-29,6.470000000000001
BOOST.TAKER.m0.primary,2025-10-30,-4.83
BOOST.TAKER.m0.primary,2025-10-31,-0.54
BOOST.TAKER.m0.primary,2025-11-01,28.759999999999998
BOOST.TAKER.m0.primary,2025-11-02,-1.729999999999999
BOOST.TAKER.m0.primary,2025-11-03,-5.78
BOOST.TAKER.m0.primary,2025-11-04,4.25
BOOST.TAKER.m0.primary,2025-11-05,2.32
BOOST.TAKER.m0.primary,2025-11-06,-3.77
BOOST.TAKER.m0.primary,2025-11-07,-4.08
BOOST.TAKER.m0.primary,2025-11-08,-5.76
BOOST.TAKER.m0.primary,2025-11-09,-12.88
BOOST.TAKER.m0.primary,2025-11-10,-4.78
BOOST.TAKER.m0.primary,2025-11-11,1.8600000000000003
BOOST.TAKER.m0.primary,2025-11-12,3.93
BOOST.TAKER.m0.primary,2025-11-13,-3.5
BOOST.TAKER.m0.primary,2025-11-14,5.12
BOOST.TAKER.m0.primary,2025-11-15,-10.169999999999998
BOOST.TAKER.m0.primary,2025-11-16,-2.349999999999999
BOOST.TAKER.m0.primary,2025-11-17,-4.27
BOOST.TAKER.m0.primary,2025-11-18,-10.2
BOOST.TAKER.m0.primary,2025-11-19,3.42
BOOST.TAKER.m0.primary,2025-11-20,1.17
BOOST.TAKER.m0.primary,2025-11-21,-1.9399999999999995
BOOST.TAKER.m0.primary,2025-11-22,3.8099999999999996
BOOST.TAKER.m0.primary,2025-11-23,-41.44
BOOST.TAKER.m0.primary,2025-11-24,-1.7
BOOST.TAKER.m0.primary,2025-11-25,-3.05
BOOST.TAKER.m0.primary,2025-11-27,13.509999999999998
BOOST.TAKER.m0.primary,2025-11-28,10.17
BOOST.TAKER.m0.primary,2025-11-29,0.1900000000000005
BOOST.TAKER.m0.primary,2025-11-30,-6.01
BOOST.TAKER.m0.primary,2025-12-01,-1.59
BOOST.TAKER.m0.primary,2025-12-04,2.56
BOOST.TAKER.m0.primary,2025-12-05,-10.61
BOOST.TAKER.m0.primary,2025-12-06,4.9799999999999995
BOOST.TAKER.m0.primary,2025-12-07,-0.73
BOOST.TAKER.m0.primary,2025-12-08,-4.27
BOOST.TAKER.m0.primary,2025-12-11,6.64
BOOST.TAKER.m0.primary,2025-12-13,-9.21
BOOST.TAKER.m0.primary,2025-12-14,8.47
BOOST.TAKER.m0.primary,2025-12-15,-3.87
BOOST.TAKER.m0.primary,2025-12-16,-2.53
BOOST.TAKER.m0.primary,2025-12-17,-9.04
BOOST.TAKER.m0.primary,2025-12-18,-4.3100000000000005
BOOST.TAKER.m0.primary,2025-12-19,-13.129999999999999
BOOST.TAKER.m0.primary,2025-12-20,-2.52
BOOST.TAKER.m0.primary,2025-12-21,-7.08
BOOST.TAKER.m0.primary,2025-12-22,-3.4200000000000004
BOOST.TAKER.m0.primary,2025-12-23,5.48
BOOST.TAKER.m0.primary,2025-12-24,5.42
BOOST.TAKER.m0.primary,2025-12-25,2.8199999999999994
BOOST.TAKER.m0.primary,2025-12-27,-1.7300000000000004
BOOST.TAKER.m0.primary,2025-12-28,-7.46
BOOST.TAKER.m0.primary,2025-12-29,4.53
BOOST.TAKER.m0.primary,2025-12-30,-8.39
BOOST.TAKER.m0.primary,2025-12-31,-7.140000000000001
BOOST.TAKER.m0.primary,2026-01-01,11.59
BOOST.TAKER.m0.primary,2026-01-02,-5.2299999999999995
BOOST.TAKER.m0.primary,2026-01-03,1.2999999999999998
BOOST.TAKER.m0.primary,2026-01-04,-3.1
BOOST.TAKER.m0.primary,2026-01-08,-3.36
BOOST.TAKER.m0.primary,2026-01-10,7.65
BOOST.TAKER.m0.primary,2026-01-11,8.2
BOOST.TAKER.m0.primary,2026-01-12,-3.77
BOOST.TAKER.m0.primary,2026-01-17,5.779999999999999
BOOST.TAKER.m0.primary,2026-01-18,-2.64
BOOST.TAKER.m0.all,2025-09-08,-45.03
BOOST.TAKER.m0.all,2025-09-11,10.81
BOOST.TAKER.m0.all,2025-09-12,10.82
BOOST.TAKER.m0.all,2025-09-13,-22.51
BOOST.TAKER.m0.all,2025-09-14,-23.169999999999998
BOOST.TAKER.m0.all,2025-09-15,-17.009999999999998
BOOST.TAKER.m0.all,2025-09-16,-4.27
BOOST.TAKER.m0.all,2025-09-18,39.97
BOOST.TAKER.m0.all,2025-09-19,-18.63
BOOST.TAKER.m0.all,2025-09-20,10.279999999999994
BOOST.TAKER.m0.all,2025-09-21,-35.38
BOOST.TAKER.m0.all,2025-09-22,-69.37
BOOST.TAKER.m0.all,2025-09-25,13.2
BOOST.TAKER.m0.all,2025-09-26,-3.6300000000000012
BOOST.TAKER.m0.all,2025-09-27,-26.610000000000003
BOOST.TAKER.m0.all,2025-09-28,26.03
BOOST.TAKER.m0.all,2025-09-29,10.83
BOOST.TAKER.m0.all,2025-10-02,5.51
BOOST.TAKER.m0.all,2025-10-03,-6.59
BOOST.TAKER.m0.all,2025-10-04,-105.85
BOOST.TAKER.m0.all,2025-10-05,210.66
BOOST.TAKER.m0.all,2025-10-06,44.6
BOOST.TAKER.m0.all,2025-10-08,0.52
BOOST.TAKER.m0.all,2025-10-09,34.94
BOOST.TAKER.m0.all,2025-10-10,12.95
BOOST.TAKER.m0.all,2025-10-11,-285.68
BOOST.TAKER.m0.all,2025-10-12,-257.56
BOOST.TAKER.m0.all,2025-10-13,123.44
BOOST.TAKER.m0.all,2025-10-14,-12.75
BOOST.TAKER.m0.all,2025-10-15,23.21
BOOST.TAKER.m0.all,2025-10-16,56.17
BOOST.TAKER.m0.all,2025-10-17,17.39
BOOST.TAKER.m0.all,2025-10-18,61.31
BOOST.TAKER.m0.all,2025-10-19,-234.29
BOOST.TAKER.m0.all,2025-10-20,-17.599999999999998
BOOST.TAKER.m0.all,2025-10-21,15.280000000000001
BOOST.TAKER.m0.all,2025-10-22,3.1199999999999997
BOOST.TAKER.m0.all,2025-10-23,-3.59
BOOST.TAKER.m0.all,2025-10-24,22.03
BOOST.TAKER.m0.all,2025-10-25,187.47
BOOST.TAKER.m0.all,2025-10-26,24.229999999999997
BOOST.TAKER.m0.all,2025-10-27,-19.07
BOOST.TAKER.m0.all,2025-10-28,-13.41
BOOST.TAKER.m0.all,2025-10-29,34.199999999999996
BOOST.TAKER.m0.all,2025-10-30,-22.77
BOOST.TAKER.m0.all,2025-10-31,-1.62
BOOST.TAKER.m0.all,2025-11-01,16.529999999999998
BOOST.TAKER.m0.all,2025-11-02,6.570000000000002
BOOST.TAKER.m0.all,2025-11-03,-19.25
BOOST.TAKER.m0.all,2025-11-04,40.65
BOOST.TAKER.m0.all,2025-11-05,26.04
BOOST.TAKER.m0.all,2025-11-06,-53.33
BOOST.TAKER.m0.all,2025-11-07,-13.29
BOOST.TAKER.m0.all,2025-11-08,30.65
BOOST.TAKER.m0.all,2025-11-09,-12.170000000000005
BOOST.TAKER.m0.all,2025-11-10,-10.14
BOOST.TAKER.m0.all,2025-11-11,-10.149999999999999
BOOST.TAKER.m0.all,2025-11-12,26.65
BOOST.TAKER.m0.all,2025-11-13,-17.27
BOOST.TAKER.m0.all,2025-11-14,-26.41
BOOST.TAKER.m0.all,2025-11-15,-114.38
BOOST.TAKER.m0.all,2025-11-16,-55.809999999999995
BOOST.TAKER.m0.all,2025-11-17,-13.639999999999999
BOOST.TAKER.m0.all,2025-11-18,-134.8
BOOST.TAKER.m0.all,2025-11-19,34.949999999999996
BOOST.TAKER.m0.all,2025-11-20,59.93
BOOST.TAKER.m0.all,2025-11-21,38.620000000000005
BOOST.TAKER.m0.all,2025-11-22,301.82
BOOST.TAKER.m0.all,2025-11-23,-212.51
BOOST.TAKER.m0.all,2025-11-24,4.76
BOOST.TAKER.m0.all,2025-11-25,-20.62
BOOST.TAKER.m0.all,2025-11-27,79.89
BOOST.TAKER.m0.all,2025-11-28,71.04
BOOST.TAKER.m0.all,2025-11-29,-23.03
BOOST.TAKER.m0.all,2025-11-30,-19.69
BOOST.TAKER.m0.all,2025-12-01,-5.63
BOOST.TAKER.m0.all,2025-12-04,18.490000000000002
BOOST.TAKER.m0.all,2025-12-05,-50.64
BOOST.TAKER.m0.all,2025-12-06,79.59
BOOST.TAKER.m0.all,2025-12-07,-1.01
BOOST.TAKER.m0.all,2025-12-08,-43.2
BOOST.TAKER.m0.all,2025-12-11,30.71
BOOST.TAKER.m0.all,2025-12-13,-152.23
BOOST.TAKER.m0.all,2025-12-14,12.24
BOOST.TAKER.m0.all,2025-12-15,-26.810000000000002
BOOST.TAKER.m0.all,2025-12-16,-66.19
BOOST.TAKER.m0.all,2025-12-17,-88.71
BOOST.TAKER.m0.all,2025-12-18,-82.51
BOOST.TAKER.m0.all,2025-12-19,-13.8
BOOST.TAKER.m0.all,2025-12-20,-123.52
BOOST.TAKER.m0.all,2025-12-21,-20.529999999999998
BOOST.TAKER.m0.all,2025-12-22,2.3999999999999995
BOOST.TAKER.m0.all,2025-12-23,49.57
BOOST.TAKER.m0.all,2025-12-24,19.78
BOOST.TAKER.m0.all,2025-12-25,-10.09
BOOST.TAKER.m0.all,2025-12-27,33.89
BOOST.TAKER.m0.all,2025-12-28,-16.23
BOOST.TAKER.m0.all,2025-12-29,31.5
BOOST.TAKER.m0.all,2025-12-30,-119.62
BOOST.TAKER.m0.all,2025-12-31,-22.14
BOOST.TAKER.m0.all,2026-01-01,36.5
BOOST.TAKER.m0.all,2026-01-02,-33.12
BOOST.TAKER.m0.all,2026-01-03,9.1
BOOST.TAKER.m0.all,2026-01-04,0.37999999999999967
BOOST.TAKER.m0.all,2026-01-08,-9.46
BOOST.TAKER.m0.all,2026-01-10,-93.06
BOOST.TAKER.m0.all,2026-01-11,23.21
BOOST.TAKER.m0.all,2026-01-12,-18.12
BOOST.TAKER.m0.all,2026-01-17,14.55
BOOST.TAKER.m0.all,2026-01-18,-12.940000000000001
BOOST.TAKER.m1.primary,2025-09-08,-6.76
BOOST.TAKER.m1.primary,2025-09-11,5.99
BOOST.TAKER.m1.primary,2025-09-12,-1.38
BOOST.TAKER.m1.primary,2025-09-13,-43.379999999999995
BOOST.TAKER.m1.primary,2025-09-14,-8.030000000000001
BOOST.TAKER.m1.primary,2025-09-15,8.39
BOOST.TAKER.m1.primary,2025-09-18,3.87
BOOST.TAKER.m1.primary,2025-09-19,-12.530000000000001
BOOST.TAKER.m1.primary,2025-09-20,8.78
BOOST.TAKER.m1.primary,2025-09-21,11.049999999999999
BOOST.TAKER.m1.primary,2025-09-22,-7.05
BOOST.TAKER.m1.primary,2025-09-25,2.9899999999999998
BOOST.TAKER.m1.primary,2025-09-26,-1.6000000000000005
BOOST.TAKER.m1.primary,2025-09-27,-7.78
BOOST.TAKER.m1.primary,2025-09-28,-9.14
BOOST.TAKER.m1.primary,2025-09-29,2.36
BOOST.TAKER.m1.primary,2025-10-04,1.8400000000000003
BOOST.TAKER.m1.primary,2025-10-05,15.71
BOOST.TAKER.m1.primary,2025-10-06,-8.88
BOOST.TAKER.m1.primary,2025-10-09,-4.88
BOOST.TAKER.m1.primary,2025-10-10,3.9
BOOST.TAKER.m1.primary,2025-10-11,-28.159999999999997
BOOST.TAKER.m1.primary,2025-10-12,-37.83
BOOST.TAKER.m1.primary,2025-10-13,11.55
BOOST.TAKER.m1.primary,2025-10-14,-0.64
BOOST.TAKER.m1.primary,2025-10-15,3.14
BOOST.TAKER.m1.primary,2025-10-16,7.88
BOOST.TAKER.m1.primary,2025-10-17,-12.84
BOOST.TAKER.m1.primary,2025-10-18,3.2700000000000005
BOOST.TAKER.m1.primary,2025-10-19,-18.99
BOOST.TAKER.m1.primary,2025-10-20,-4.34
BOOST.TAKER.m1.primary,2025-10-21,5.67
BOOST.TAKER.m1.primary,2025-10-22,4.52
BOOST.TAKER.m1.primary,2025-10-23,0.69
BOOST.TAKER.m1.primary,2025-10-24,5.9399999999999995
BOOST.TAKER.m1.primary,2025-10-25,53.39
BOOST.TAKER.m1.primary,2025-10-26,-1.4500000000000002
BOOST.TAKER.m1.primary,2025-10-27,-2.22
BOOST.TAKER.m1.primary,2025-10-28,2.51
BOOST.TAKER.m1.primary,2025-10-29,6.87
BOOST.TAKER.m1.primary,2025-10-30,-8.530000000000001
BOOST.TAKER.m1.primary,2025-11-01,29.6
BOOST.TAKER.m1.primary,2025-11-02,2.840000000000001
BOOST.TAKER.m1.primary,2025-11-03,3.53
BOOST.TAKER.m1.primary,2025-11-04,4.25
BOOST.TAKER.m1.primary,2025-11-05,2.13
BOOST.TAKER.m1.primary,2025-11-06,-4.07
BOOST.TAKER.m1.primary,2025-11-07,-4.08
BOOST.TAKER.m1.primary,2025-11-08,-11.280000000000001
BOOST.TAKER.m1.primary,2025-11-09,14.249999999999998
BOOST.TAKER.m1.primary,2025-11-10,-4.88
BOOST.TAKER.m1.primary,2025-11-11,1.8600000000000003
BOOST.TAKER.m1.primary,2025-11-12,3.93
BOOST.TAKER.m1.primary,2025-11-13,-3.5
BOOST.TAKER.m1.primary,2025-11-14,5.12
BOOST.TAKER.m1.primary,2025-11-15,-0.029999999999999805
BOOST.TAKER.m1.primary,2025-11-16,7.959999999999999
BOOST.TAKER.m1.primary,2025-11-17,-2.22
BOOST.TAKER.m1.primary,2025-11-18,-10.39
BOOST.TAKER.m1.primary,2025-11-19,4.47
BOOST.TAKER.m1.primary,2025-11-20,-0.45999999999999996
BOOST.TAKER.m1.primary,2025-11-21,10.65
BOOST.TAKER.m1.primary,2025-11-22,33.519999999999996
BOOST.TAKER.m1.primary,2025-11-23,-14.53
BOOST.TAKER.m1.primary,2025-11-24,2.07
BOOST.TAKER.m1.primary,2025-11-25,-3.05
BOOST.TAKER.m1.primary,2025-11-27,12.079999999999998
BOOST.TAKER.m1.primary,2025-11-28,7.06
BOOST.TAKER.m1.primary,2025-11-29,7.119999999999999
BOOST.TAKER.m1.primary,2025-11-30,-3.19
BOOST.TAKER.m1.primary,2025-12-01,-1.59
BOOST.TAKER.m1.primary,2025-12-04,2.56
BOOST.TAKER.m1.primary,2025-12-05,-10.61
BOOST.TAKER.m1.primary,2025-12-06,4.9799999999999995
BOOST.TAKER.m1.primary,2025-12-07,0.7899999999999998
BOOST.TAKER.m1.primary,2025-12-08,-4.07
BOOST.TAKER.m1.primary,2025-12-11,6.64
BOOST.TAKER.m1.primary,2025-12-13,-10.96
BOOST.TAKER.m1.primary,2025-12-14,2.65
BOOST.TAKER.m1.primary,2025-12-15,-3.87
BOOST.TAKER.m1.primary,2025-12-16,-2.53
BOOST.TAKER.m1.primary,2025-12-17,-5.119999999999999
BOOST.TAKER.m1.primary,2025-12-18,-5.800000000000001
BOOST.TAKER.m1.primary,2025-12-19,-10.3
BOOST.TAKER.m1.primary,2025-12-20,-3.3
BOOST.TAKER.m1.primary,2025-12-21,-8.59
BOOST.TAKER.m1.primary,2025-12-22,-2.47
BOOST.TAKER.m1.primary,2025-12-23,5.48
BOOST.TAKER.m1.primary,2025-12-24,5.42
BOOST.TAKER.m1.primary,2025-12-25,2.8199999999999994
BOOST.TAKER.m1.primary,2025-12-27,0.8499999999999996
BOOST.TAKER.m1.primary,2025-12-28,-0.96
BOOST.TAKER.m1.primary,2025-12-29,3.42
BOOST.TAKER.m1.primary,2025-12-30,-6.2
BOOST.TAKER.m1.primary,2025-12-31,-7.140000000000001
BOOST.TAKER.m1.primary,2026-01-01,9.4
BOOST.TAKER.m1.primary,2026-01-02,-1.56
BOOST.TAKER.m1.primary,2026-01-03,0.31999999999999984
BOOST.TAKER.m1.primary,2026-01-04,7.26
BOOST.TAKER.m1.primary,2026-01-08,-3.05
BOOST.TAKER.m1.primary,2026-01-10,-10.42
BOOST.TAKER.m1.primary,2026-01-11,-5.72
BOOST.TAKER.m1.primary,2026-01-12,-3.77
BOOST.TAKER.m1.primary,2026-01-17,2.65
BOOST.TAKER.m1.primary,2026-01-18,-1.8
BOOST.TAKER.m1.all,2025-09-08,-19.94
BOOST.TAKER.m1.all,2025-09-11,8.45
BOOST.TAKER.m1.all,2025-09-12,-1.3799999999999994
BOOST.TAKER.m1.all,2025-09-13,-31.999999999999996
BOOST.TAKER.m1.all,2025-09-14,-36.93
BOOST.TAKER.m1.all,2025-09-15,-12.32
BOOST.TAKER.m1.all,2025-09-16,-2.24
BOOST.TAKER.m1.all,2025-09-18,37.74
BOOST.TAKER.m1.all,2025-09-19,-5.739999999999999
BOOST.TAKER.m1.all,2025-09-20,-0.6900000000000013
BOOST.TAKER.m1.all,2025-09-21,-57.190000000000005
BOOST.TAKER.m1.all,2025-09-22,-43.42
BOOST.TAKER.m1.all,2025-09-25,14.16
BOOST.TAKER.m1.all,2025-09-26,8.95
BOOST.TAKER.m1.all,2025-09-27,2.259999999999999
BOOST.TAKER.m1.all,2025-09-28,44.69
BOOST.TAKER.m1.all,2025-09-29,3.67
BOOST.TAKER.m1.all,2025-10-04,-108.92
BOOST.TAKER.m1.all,2025-10-05,209.43
BOOST.TAKER.m1.all,2025-10-06,31.11
BOOST.TAKER.m1.all,2025-10-09,54.56
BOOST.TAKER.m1.all,2025-10-10,3.9
BOOST.TAKER.m1.all,2025-10-11,-236.55
BOOST.TAKER.m1.all,2025-10-12,-210.65
BOOST.TAKER.m1.all,2025-10-13,121.27
BOOST.TAKER.m1.all,2025-10-14,-13.82
BOOST.TAKER.m1.all,2025-10-15,6.380000000000001
BOOST.TAKER.m1.all,2025-10-16,50.11
BOOST.TAKER.m1.all,2025-10-17,11.700000000000001
BOOST.TAKER.m1.all,2025-10-18,7.709999999999996
BOOST.TAKER.m1.all,2025-10-19,-182.42000000000002
BOOST.TAKER.m1.all,2025-10-20,-15.27
BOOST.TAKER.m1.all,2025-10-21,23.34
BOOST.TAKER.m1.all,2025-10-22,6.579999999999999
BOOST.TAKER.m1.all,2025-10-23,-4.32
BOOST.TAKER.m1.all,2025-10-24,16.91
BOOST.TAKER.m1.all,2025-10-25,97.95
BOOST.TAKER.m1.all,2025-10-26,0.48999999999999894
BOOST.TAKER.m1.all,2025-10-27,-18.8
BOOST.TAKER.m1.all,2025-10-28,-3.6499999999999995
BOOST.TAKER.m1.all,2025-10-29,40.879999999999995
BOOST.TAKER.m1.all,2025-10-30,-28.36
BOOST.TAKER.m1.all,2025-11-01,7.73
BOOST.TAKER.m1.all,2025-11-02,-9.18
BOOST.TAKER.m1.all,2025-11-03,0.26
BOOST.TAKER.m1.all,2025-11-04,37.79
BOOST.TAKER.m1.all,2025-11-05,15.86
BOOST.TAKER.m1.all,2025-11-06,-36.85
BOOST.TAKER.m1.all,2025-11-07,-17.22
BOOST.TAKER.m1.all,2025-11-08,-42.11
BOOST.TAKER.m1.all,2025-11-09,30.489999999999995
BOOST.TAKER.m1.all,2025-11-10,-0.5800000000000001
BOOST.TAKER.m1.all,2025-11-11,-17.53
BOOST.TAKER.m1.all,2025-11-12,14.33
BOOST.TAKER.m1.all,2025-11-13,-17.12
BOOST.TAKER.m1.all,2025-11-14,-25.95
BOOST.TAKER.m1.all,2025-11-15,-83.38000000000001
BOOST.TAKER.m1.all,2025-11-16,-59.13
BOOST.TAKER.m1.all,2025-11-17,-4.36
BOOST.TAKER.m1.all,2025-11-18,-134.77
BOOST.TAKER.m1.all,2025-11-19,33.57
BOOST.TAKER.m1.all,2025-11-20,11.52
BOOST.TAKER.m1.all,2025-11-21,27.92
BOOST.TAKER.m1.all,2025-11-22,297.25
BOOST.TAKER.m1.all,2025-11-23,-37.88
BOOST.TAKER.m1.all,2025-11-24,2.7199999999999998
BOOST.TAKER.m1.all,2025-11-25,-21.03
BOOST.TAKER.m1.all,2025-11-27,24.069999999999997
BOOST.TAKER.m1.all,2025-11-28,39.73
BOOST.TAKER.m1.all,2025-11-29,46.15
BOOST.TAKER.m1.all,2025-11-30,-8.32
BOOST.TAKER.m1.all,2025-12-01,-5.3
BOOST.TAKER.m1.all,2025-12-04,18.03
BOOST.TAKER.m1.all,2025-12-05,-32.949999999999996
BOOST.TAKER.m1.all,2025-12-06,69.15
BOOST.TAKER.m1.all,2025-12-07,2.1999999999999997
BOOST.TAKER.m1.all,2025-12-08,-27.07
BOOST.TAKER.m1.all,2025-12-11,10.77
BOOST.TAKER.m1.all,2025-12-13,-107.97
BOOST.TAKER.m1.all,2025-12-14,2.65
BOOST.TAKER.m1.all,2025-12-15,-12.22
BOOST.TAKER.m1.all,2025-12-16,-62.22
BOOST.TAKER.m1.all,2025-12-17,-77.38
BOOST.TAKER.m1.all,2025-12-18,-58.11
BOOST.TAKER.m1.all,2025-12-19,-2.9600000000000004
BOOST.TAKER.m1.all,2025-12-20,-120.06
BOOST.TAKER.m1.all,2025-12-21,-8.59
BOOST.TAKER.m1.all,2025-12-22,0.7099999999999999
BOOST.TAKER.m1.all,2025-12-23,35.18
BOOST.TAKER.m1.all,2025-12-24,3.49
BOOST.TAKER.m1.all,2025-12-25,-20.34
BOOST.TAKER.m1.all,2025-12-27,72.78999999999999
BOOST.TAKER.m1.all,2025-12-28,-6.37
BOOST.TAKER.m1.all,2025-12-29,23.990000000000002
BOOST.TAKER.m1.all,2025-12-30,-59.81
BOOST.TAKER.m1.all,2025-12-31,-9.26
BOOST.TAKER.m1.all,2026-01-01,33.26
BOOST.TAKER.m1.all,2026-01-02,-30.35
BOOST.TAKER.m1.all,2026-01-03,-1.3800000000000008
BOOST.TAKER.m1.all,2026-01-04,7.26
BOOST.TAKER.m1.all,2026-01-08,0.48
BOOST.TAKER.m1.all,2026-01-10,-82.21000000000001
BOOST.TAKER.m1.all,2026-01-11,-2.59
BOOST.TAKER.m1.all,2026-01-12,-7.33
BOOST.TAKER.m1.all,2026-01-17,-3.21
BOOST.TAKER.m1.all,2026-01-18,-1.8
BOOST.MAKER.m0.primary,2025-09-08,-7.14
BOOST.MAKER.m0.primary,2025-09-11,0.0
BOOST.MAKER.m0.primary,2025-09-12,-1.2399999999999993
BOOST.MAKER.m0.primary,2025-09-13,-40.74
BOOST.MAKER.m0.primary,2025-09-14,-29.25
BOOST.MAKER.m0.primary,2025-09-15,9.6
BOOST.MAKER.m0.primary,2025-09-18,4.33
BOOST.MAKER.m0.primary,2025-09-19,-12.19
BOOST.MAKER.m0.primary,2025-09-20,-30.060000000000002
BOOST.MAKER.m0.primary,2025-09-21,-18.3
BOOST.MAKER.m0.primary,2025-09-22,-7.14
BOOST.MAKER.m0.primary,2025-09-25,4.140000000000001
BOOST.MAKER.m0.primary,2025-09-26,-1.0199999999999996
BOOST.MAKER.m0.primary,2025-09-27,-1.9600000000000017
BOOST.MAKER.m0.primary,2025-09-28,-14.040000000000001
BOOST.MAKER.m0.primary,2025-09-29,7.42
BOOST.MAKER.m0.primary,2025-10-02,-3.9799999999999995
BOOST.MAKER.m0.primary,2025-10-03,-6.56
BOOST.MAKER.m0.primary,2025-10-04,-3.8899999999999992
BOOST.MAKER.m0.primary,2025-10-05,0.7999999999999998
BOOST.MAKER.m0.primary,2025-10-06,7.26
BOOST.MAKER.m0.primary,2025-10-08,0.09999999999999964
BOOST.MAKER.m0.primary,2025-10-09,2.09
BOOST.MAKER.m0.primary,2025-10-10,6.550000000000001
BOOST.MAKER.m0.primary,2025-10-11,12.21
BOOST.MAKER.m0.primary,2025-10-12,-34.230000000000004
BOOST.MAKER.m0.primary,2025-10-13,12.2
BOOST.MAKER.m0.primary,2025-10-14,13.0
BOOST.MAKER.m0.primary,2025-10-15,2.5999999999999996
BOOST.MAKER.m0.primary,2025-10-16,9.45
BOOST.MAKER.m0.primary,2025-10-17,-12.469999999999999
BOOST.MAKER.m0.primary,2025-10-18,4.670000000000002
BOOST.MAKER.m0.primary,2025-10-19,-7.529999999999999
BOOST.MAKER.m0.primary,2025-10-20,-4.57
BOOST.MAKER.m0.primary,2025-10-21,-9.59
BOOST.MAKER.m0.primary,2025-10-22,3.12
BOOST.MAKER.m0.primary,2025-10-23,-0.77
BOOST.MAKER.m0.primary,2025-10-24,5.109999999999999
BOOST.MAKER.m0.primary,2025-10-25,78.02
BOOST.MAKER.m0.primary,2025-10-26,-6.029999999999999
BOOST.MAKER.m0.primary,2025-10-27,-1.93
BOOST.MAKER.m0.primary,2025-10-28,-2.85
BOOST.MAKER.m0.primary,2025-10-29,6.21
BOOST.MAKER.m0.primary,2025-10-30,-15.51
BOOST.MAKER.m0.primary,2025-10-31,-4.57
BOOST.MAKER.m0.primary,2025-11-01,-3.46
BOOST.MAKER.m0.primary,2025-11-02,0.35000000000000187
BOOST.MAKER.m0.primary,2025-11-03,-5.45
BOOST.MAKER.m0.primary,2025-11-04,3.33
BOOST.MAKER.m0.primary,2025-11-05,3.04
BOOST.MAKER.m0.primary,2025-11-06,-10.21
BOOST.MAKER.m0.primary,2025-11-07,1.08
BOOST.MAKER.m0.primary,2025-11-08,-18.2
BOOST.MAKER.m0.primary,2025-11-09,-8.46
BOOST.MAKER.m0.primary,2025-11-10,4.85
BOOST.MAKER.m0.primary,2025-11-11,3.4099999999999993
BOOST.MAKER.m0.primary,2025-11-12,3.91
BOOST.MAKER.m0.primary,2025-11-13,-0.5700000000000003
BOOST.MAKER.m0.primary,2025-11-14,-5.05
BOOST.MAKER.m0.primary,2025-11-15,11.169999999999998
BOOST.MAKER.m0.primary,2025-11-16,-12.280000000000001
BOOST.MAKER.m0.primary,2025-11-17,-4.05
BOOST.MAKER.m0.primary,2025-11-18,-10.309999999999999
BOOST.MAKER.m0.primary,2025-11-19,3.82
BOOST.MAKER.m0.primary,2025-11-20,14.32
BOOST.MAKER.m0.primary,2025-11-21,10.899999999999999
BOOST.MAKER.m0.primary,2025-11-22,23.13
BOOST.MAKER.m0.primary,2025-11-23,-6.12
BOOST.MAKER.m0.primary,2025-11-24,1.47
BOOST.MAKER.m0.primary,2025-11-25,-3.46
BOOST.MAKER.m0.primary,2025-11-27,-0.7600000000000016
BOOST.MAKER.m0.primary,2025-11-28,7.7700000000000005
BOOST.MAKER.m0.primary,2025-11-29,-22.000000000000004
BOOST.MAKER.m0.primary,2025-11-30,-16.14
BOOST.MAKER.m0.primary,2025-12-01,-1.32
BOOST.MAKER.m0.primary,2025-12-04,2.96
BOOST.MAKER.m0.primary,2025-12-05,0.75
BOOST.MAKER.m0.primary,2025-12-06,-4.83
BOOST.MAKER.m0.primary,2025-12-07,-24.4
BOOST.MAKER.m0.primary,2025-12-08,-3.85
BOOST.MAKER.m0.primary,2025-12-11,7.06
BOOST.MAKER.m0.primary,2025-12-13,-6.619999999999999
BOOST.MAKER.m0.primary,2025-12-14,-16.560000000000002
BOOST.MAKER.m0.primary,2025-12-15,-3.54
BOOST.MAKER.m0.primary,2025-12-16,-2.44
BOOST.MAKER.m0.primary,2025-12-17,-11.6
BOOST.MAKER.m0.primary,2025-12-18,-1.7799999999999998
BOOST.MAKER.m0.primary,2025-12-19,1.0899999999999999
BOOST.MAKER.m0.primary,2025-12-20,-2.26
BOOST.MAKER.m0.primary,2025-12-21,-21.69
BOOST.MAKER.m0.primary,2025-12-22,1.2999999999999998
BOOST.MAKER.m0.primary,2025-12-23,11.690000000000001
BOOST.MAKER.m0.primary,2025-12-24,5.65
BOOST.MAKER.m0.primary,2025-12-25,3.1900000000000004
BOOST.MAKER.m0.primary,2025-12-26,-6.74
BOOST.MAKER.m0.primary,2025-12-27,5.67
BOOST.MAKER.m0.primary,2025-12-28,-10.77
BOOST.MAKER.m0.primary,2025-12-29,5.03
BOOST.MAKER.m0.primary,2025-12-30,-10.73
BOOST.MAKER.m0.primary,2025-12-31,-10.219999999999999
BOOST.MAKER.m0.primary,2026-01-01,4.86
BOOST.MAKER.m0.primary,2026-01-02,-4.450000000000001
BOOST.MAKER.m0.primary,2026-01-03,-6.79
BOOST.MAKER.m0.primary,2026-01-04,-3.6499999999999995
BOOST.MAKER.m0.primary,2026-01-08,-3.95
BOOST.MAKER.m0.primary,2026-01-09,-3.85
BOOST.MAKER.m0.primary,2026-01-10,3.7300000000000004
BOOST.MAKER.m0.primary,2026-01-11,6.25
BOOST.MAKER.m0.primary,2026-01-12,-4.95
BOOST.MAKER.m0.primary,2026-01-17,2.11
BOOST.MAKER.m0.primary,2026-01-18,-5.88
BOOST.MAKER.m0.all,2025-09-08,-73.22
BOOST.MAKER.m0.all,2025-09-11,17.83
BOOST.MAKER.m0.all,2025-09-12,4.5
BOOST.MAKER.m0.all,2025-09-13,64.64999999999999
BOOST.MAKER.m0.all,2025-09-14,-162.14
BOOST.MAKER.m0.all,2025-09-15,-31.240000000000002
BOOST.MAKER.m0.all,2025-09-16,-3.37
BOOST.MAKER.m0.all,2025-09-18,35.29
BOOST.MAKER.m0.all,2025-09-19,4.9200000000000035
BOOST.MAKER.m0.all,2025-09-20,26.179999999999993
BOOST.MAKER.m0.all,2025-09-21,-13.849999999999998
BOOST.MAKER.m0.all,2025-09-22,-52.81
BOOST.MAKER.m0.all,2025-09-25,23.24
BOOST.MAKER.m0.all,2025-09-26,6.230000000000001
BOOST.MAKER.m0.all,2025-09-27,-11.050000000000008
BOOST.MAKER.m0.all,2025-09-28,11.729999999999997
BOOST.MAKER.m0.all,2025-09-29,29.6
BOOST.MAKER.m0.all,2025-10-02,11.06
BOOST.MAKER.m0.all,2025-10-03,-14.97
BOOST.MAKER.m0.all,2025-10-04,-159.43
BOOST.MAKER.m0.all,2025-10-05,274.45
BOOST.MAKER.m0.all,2025-10-06,32.66
BOOST.MAKER.m0.all,2025-10-08,-7.990000000000001
BOOST.MAKER.m0.all,2025-10-09,-13.55
BOOST.MAKER.m0.all,2025-10-10,7.43
BOOST.MAKER.m0.all,2025-10-11,-200.84
BOOST.MAKER.m0.all,2025-10-12,-213.44
BOOST.MAKER.m0.all,2025-10-13,105.08
BOOST.MAKER.m0.all,2025-10-14,-16.619999999999997
BOOST.MAKER.m0.all,2025-10-15,-3.700000000000001
BOOST.MAKER.m0.all,2025-10-16,45.66
BOOST.MAKER.m0.all,2025-10-17,1.0599999999999987
BOOST.MAKER.m0.all,2025-10-18,-50.31000000000001
BOOST.MAKER.m0.all,2025-10-19,-237.23
BOOST.MAKER.m0.all,2025-10-20,-7.1
BOOST.MAKER.m0.all,2025-10-21,5.340000000000001
BOOST.MAKER.m0.all,2025-10-22,-17.27
BOOST.MAKER.m0.all,2025-10-23,1.7699999999999996
BOOST.MAKER.m0.all,2025-10-24,52.96
BOOST.MAKER.m0.all,2025-10-25,185.31
BOOST.MAKER.m0.all,2025-10-26,-8.620000000000001
BOOST.MAKER.m0.all,2025-10-27,-13.459999999999999
BOOST.MAKER.m0.all,2025-10-28,-19.41
BOOST.MAKER.m0.all,2025-10-29,48.769999999999996
BOOST.MAKER.m0.all,2025-10-30,-47.72
BOOST.MAKER.m0.all,2025-10-31,-16.150000000000002
BOOST.MAKER.m0.all,2025-11-01,62.83
BOOST.MAKER.m0.all,2025-11-02,-26.689999999999994
BOOST.MAKER.m0.all,2025-11-03,-19.18
BOOST.MAKER.m0.all,2025-11-04,55.75
BOOST.MAKER.m0.all,2025-11-05,38.8
BOOST.MAKER.m0.all,2025-11-06,-62.22
BOOST.MAKER.m0.all,2025-11-07,-12.87
BOOST.MAKER.m0.all,2025-11-08,-46.93
BOOST.MAKER.m0.all,2025-11-09,27.21
BOOST.MAKER.m0.all,2025-11-10,-29.880000000000003
BOOST.MAKER.m0.all,2025-11-11,20.46
BOOST.MAKER.m0.all,2025-11-12,23.939999999999998
BOOST.MAKER.m0.all,2025-11-13,-8.02
BOOST.MAKER.m0.all,2025-11-14,-15.21
BOOST.MAKER.m0.all,2025-11-15,-7.33
BOOST.MAKER.m0.all,2025-11-16,-80.11
BOOST.MAKER.m0.all,2025-11-17,-13.129999999999999
BOOST.MAKER.m0.all,2025-11-18,-112.99
BOOST.MAKER.m0.all,2025-11-19,41.07
BOOST.MAKER.m0.all,2025-11-20,61.98
BOOST.MAKER.m0.all,2025-11-21,67.62
BOOST.MAKER.m0.all,2025-11-22,160.67999999999998
BOOST.MAKER.m0.all,2025-11-23,-292.31
BOOST.MAKER.m0.all,2025-11-24,11.950000000000001
BOOST.MAKER.m0.all,2025-11-25,-12.280000000000001
BOOST.MAKER.m0.all,2025-11-27,90.07
BOOST.MAKER.m0.all,2025-11-28,55.51
BOOST.MAKER.m0.all,2025-11-29,-98.94
BOOST.MAKER.m0.all,2025-11-30,8.349999999999998
BOOST.MAKER.m0.all,2025-12-01,-3.5700000000000003
BOOST.MAKER.m0.all,2025-12-04,14.469999999999999
BOOST.MAKER.m0.all,2025-12-05,-54.38
BOOST.MAKER.m0.all,2025-12-06,22.830000000000002
BOOST.MAKER.m0.all,2025-12-07,-29.240000000000006
BOOST.MAKER.m0.all,2025-12-08,-36.63
BOOST.MAKER.m0.all,2025-12-11,15.089999999999998
BOOST.MAKER.m0.all,2025-12-13,-107.61
BOOST.MAKER.m0.all,2025-12-14,-83.35000000000001
BOOST.MAKER.m0.all,2025-12-15,-19.15
BOOST.MAKER.m0.all,2025-12-16,-57.13
BOOST.MAKER.m0.all,2025-12-17,-99.08
BOOST.MAKER.m0.all,2025-12-18,-58.7
BOOST.MAKER.m0.all,2025-12-19,-15.209999999999999
BOOST.MAKER.m0.all,2025-12-20,-61.39
BOOST.MAKER.m0.all,2025-12-21,-37.620000000000005
BOOST.MAKER.m0.all,2025-12-22,-2.1500000000000004
BOOST.MAKER.m0.all,2025-12-23,61.01
BOOST.MAKER.m0.all,2025-12-24,12.780000000000001
BOOST.MAKER.m0.all,2025-12-25,39.4
BOOST.MAKER.m0.all,2025-12-26,0.6299999999999986
BOOST.MAKER.m0.all,2025-12-27,33.37
BOOST.MAKER.m0.all,2025-12-28,-64.03
BOOST.MAKER.m0.all,2025-12-29,21.580000000000002
BOOST.MAKER.m0.all,2025-12-30,-129.3
BOOST.MAKER.m0.all,2025-12-31,-47.7
BOOST.MAKER.m0.all,2026-01-01,35.87
BOOST.MAKER.m0.all,2026-01-02,-10.71
BOOST.MAKER.m0.all,2026-01-03,1.8400000000000003
BOOST.MAKER.m0.all,2026-01-04,-42.690000000000005
BOOST.MAKER.m0.all,2026-01-08,-16.470000000000002
BOOST.MAKER.m0.all,2026-01-09,0.95
BOOST.MAKER.m0.all,2026-01-10,-48.28
BOOST.MAKER.m0.all,2026-01-11,77.08
BOOST.MAKER.m0.all,2026-01-12,-35.25
BOOST.MAKER.m0.all,2026-01-17,25.849999999999998
BOOST.MAKER.m0.all,2026-01-18,-16.62
BOOST.MAKER.m1.primary,2025-09-08,-7.14
BOOST.MAKER.m1.primary,2025-09-11,7.109999999999999
BOOST.MAKER.m1.primary,2025-09-12,-1.2399999999999993
BOOST.MAKER.m1.primary,2025-09-13,-13.66
BOOST.MAKER.m1.primary,2025-09-14,-17.650000000000002
BOOST.MAKER.m1.primary,2025-09-15,8.61
BOOST.MAKER.m1.primary,2025-09-18,4.33
BOOST.MAKER.m1.primary,2025-09-19,-12.19
BOOST.MAKER.m1.primary,2025-09-20,-3.05
BOOST.MAKER.m1.primary,2025-09-21,-2.8799999999999994
BOOST.MAKER.m1.primary,2025-09-22,-7.14
BOOST.MAKER.m1.primary,2025-09-25,4.140000000000001
BOOST.MAKER.m1.primary,2025-09-26,-10.530000000000001
BOOST.MAKER.m1.primary,2025-09-27,-19.860000000000003
BOOST.MAKER.m1.primary,2025-09-28,-19.44
BOOST.MAKER.m1.primary,2025-09-29,5.92
BOOST.MAKER.m1.primary,2025-10-02,-1.8999999999999995
BOOST.MAKER.m1.primary,2025-10-03,-6.95
BOOST.MAKER.m1.primary,2025-10-04,-25.509999999999998
BOOST.MAKER.m1.primary,2025-10-05,25.93
BOOST.MAKER.m1.primary,2025-10-06,7.26
BOOST.MAKER.m1.primary,2025-10-08,-5.88
BOOST.MAKER.m1.primary,2025-10-09,2.04
BOOST.MAKER.m1.primary,2025-10-10,3.7700000000000005
BOOST.MAKER.m1.primary,2025-10-11,-40.19
BOOST.MAKER.m1.primary,2025-10-12,-30.02
BOOST.MAKER.m1.primary,2025-10-13,12.2
BOOST.MAKER.m1.primary,2025-10-14,2.08
BOOST.MAKER.m1.primary,2025-10-15,8.42
BOOST.MAKER.m1.primary,2025-10-16,9.049999999999999
BOOST.MAKER.m1.primary,2025-10-17,-7.069999999999999
BOOST.MAKER.m1.primary,2025-10-18,-12.110000000000001
BOOST.MAKER.m1.primary,2025-10-19,-28.88
BOOST.MAKER.m1.primary,2025-10-20,-4.57
BOOST.MAKER.m1.primary,2025-10-21,-6.18
BOOST.MAKER.m1.primary,2025-10-22,-3.77
BOOST.MAKER.m1.primary,2025-10-23,-3.15
BOOST.MAKER.m1.primary,2025-10-24,6.59
BOOST.MAKER.m1.primary,2025-10-25,69.56
BOOST.MAKER.m1.primary,2025-10-26,-17.41
BOOST.MAKER.m1.primary,2025-10-27,-1.93
BOOST.MAKER.m1.primary,2025-10-28,-2.85
BOOST.MAKER.m1.primary,2025-10-29,8.3
BOOST.MAKER.m1.primary,2025-10-30,-16.11
BOOST.MAKER.m1.primary,2025-10-31,-6.95
BOOST.MAKER.m1.primary,2025-11-01,7.169999999999999
BOOST.MAKER.m1.primary,2025-11-02,-11.25
BOOST.MAKER.m1.primary,2025-11-03,-5.45
BOOST.MAKER.m1.primary,2025-11-04,3.33
BOOST.MAKER.m1.primary,2025-11-05,3.04
BOOST.MAKER.m1.primary,2025-11-06,-7.890000000000001
BOOST.MAKER.m1.primary,2025-11-07,1.58
BOOST.MAKER.m1.primary,2025-11-08,-4.2700000000000005
BOOST.MAKER.m1.primary,2025-11-09,4.7299999999999995
BOOST.MAKER.m1.primary,2025-11-10,-4.15
BOOST.MAKER.m1.primary,2025-11-11,3.4099999999999993
BOOST.MAKER.m1.primary,2025-11-12,5.03
BOOST.MAKER.m1.primary,2025-11-13,-2.24
BOOST.MAKER.m1.primary,2025-11-14,-5.05
BOOST.MAKER.m1.primary,2025-11-15,-16.96
BOOST.MAKER.m1.primary,2025-11-16,-9.260000000000002
BOOST.MAKER.m1.primary,2025-11-17,-4.05
BOOST.MAKER.m1.primary,2025-11-18,-10.82
BOOST.MAKER.m1.primary,2025-11-19,3.82
BOOST.MAKER.m1.primary,2025-11-20,14.32
BOOST.MAKER.m1.primary,2025-11-21,10.899999999999999
BOOST.MAKER.m1.primary,2025-11-22,13.620000000000001
BOOST.MAKER.m1.primary,2025-11-23,-10.34
BOOST.MAKER.m1.primary,2025-11-24,1.47
BOOST.MAKER.m1.primary,2025-11-25,-2.74
BOOST.MAKER.m1.primary,2025-11-27,-0.7600000000000016
BOOST.MAKER.m1.primary,2025-11-28,8.860000000000001
BOOST.MAKER.m1.primary,2025-11-29,6.749999999999998
BOOST.MAKER.m1.primary,2025-11-30,-13.4
BOOST.MAKER.m1.primary,2025-12-01,-1.32
BOOST.MAKER.m1.primary,2025-12-04,2.96
BOOST.MAKER.m1.primary,2025-12-05,-11.92
BOOST.MAKER.m1.primary,2025-12-06,4.11
BOOST.MAKER.m1.primary,2025-12-07,-34.4
BOOST.MAKER.m1.primary,2025-12-08,-3.85
BOOST.MAKER.m1.primary,2025-12-11,7.06
BOOST.MAKER.m1.primary,2025-12-13,-9.28
BOOST.MAKER.m1.primary,2025-12-14,-33.17
BOOST.MAKER.m1.primary,2025-12-15,-3.54
BOOST.MAKER.m1.primary,2025-12-16,-2.44
BOOST.MAKER.m1.primary,2025-12-17,-11.6
BOOST.MAKER.m1.primary,2025-12-18,-1.7799999999999998
BOOST.MAKER.m1.primary,2025-12-19,-12.290000000000001
BOOST.MAKER.m1.primary,2025-12-20,-2.26
BOOST.MAKER.m1.primary,2025-12-21,-38.87
BOOST.MAKER.m1.primary,2025-12-22,0.20000000000000018
BOOST.MAKER.m1.primary,2025-12-23,0.4900000000000002
BOOST.MAKER.m1.primary,2025-12-24,5.65
BOOST.MAKER.m1.primary,2025-12-25,3.1900000000000004
BOOST.MAKER.m1.primary,2025-12-26,3.1399999999999997
BOOST.MAKER.m1.primary,2025-12-27,-12.69
BOOST.MAKER.m1.primary,2025-12-28,3.9000000000000004
BOOST.MAKER.m1.primary,2025-12-29,5.03
BOOST.MAKER.m1.primary,2025-12-30,-15.93
BOOST.MAKER.m1.primary,2025-12-31,-10.219999999999999
BOOST.MAKER.m1.primary,2026-01-01,6.06
BOOST.MAKER.m1.primary,2026-01-02,-4.450000000000001
BOOST.MAKER.m1.primary,2026-01-03,-1.1900000000000004
BOOST.MAKER.m1.primary,2026-01-04,-16.14
BOOST.MAKER.m1.primary,2026-01-08,-3.85
BOOST.MAKER.m1.primary,2026-01-09,1.87
BOOST.MAKER.m1.primary,2026-01-10,3.7300000000000004
BOOST.MAKER.m1.primary,2026-01-11,6.550000000000001
BOOST.MAKER.m1.primary,2026-01-12,-4.75
BOOST.MAKER.m1.primary,2026-01-17,3.12
BOOST.MAKER.m1.primary,2026-01-18,-5.88
BOOST.MAKER.m1.all,2025-09-08,-63.58
BOOST.MAKER.m1.all,2025-09-11,24.29
BOOST.MAKER.m1.all,2025-09-12,23.560000000000002
BOOST.MAKER.m1.all,2025-09-13,79.25999999999999
BOOST.MAKER.m1.all,2025-09-14,-100.17
BOOST.MAKER.m1.all,2025-09-15,-33.71
BOOST.MAKER.m1.all,2025-09-16,-3.37
BOOST.MAKER.m1.all,2025-09-18,39.06
BOOST.MAKER.m1.all,2025-09-19,11.390000000000002
BOOST.MAKER.m1.all,2025-09-20,58.01
BOOST.MAKER.m1.all,2025-09-21,-31.94
BOOST.MAKER.m1.all,2025-09-22,-54.88
BOOST.MAKER.m1.all,2025-09-25,23.68
BOOST.MAKER.m1.all,2025-09-26,-13.969999999999999
BOOST.MAKER.m1.all,2025-09-27,-1.9600000000000026
BOOST.MAKER.m1.all,2025-09-28,29.169999999999998
BOOST.MAKER.m1.all,2025-09-29,24.64
BOOST.MAKER.m1.all,2025-10-02,22.3
BOOST.MAKER.m1.all,2025-10-03,-16.92
BOOST.MAKER.m1.all,2025-10-04,-65.16
BOOST.MAKER.m1.all,2025-10-05,278.84
BOOST.MAKER.m1.all,2025-10-06,40.97
BOOST.MAKER.m1.all,2025-10-08,-2.2100000000000004
BOOST.MAKER.m1.all,2025-10-09,-16.5
BOOST.MAKER.m1.all,2025-10-10,6.690000000000001
BOOST.MAKER.m1.all,2025-10-11,-186.38
BOOST.MAKER.m1.all,2025-10-12,-214.4
BOOST.MAKER.m1.all,2025-10-13,122.23
BOOST.MAKER.m1.all,2025-10-14,-22.79
BOOST.MAKER.m1.all,2025-10-15,15.489999999999998
BOOST.MAKER.m1.all,2025-10-16,47.24
BOOST.MAKER.m1.all,2025-10-17,7.14
BOOST.MAKER.m1.all,2025-10-18,69.28
BOOST.MAKER.m1.all,2025-10-19,-251.83
BOOST.MAKER.m1.all,2025-10-20,-7.489999999999999
BOOST.MAKER.m1.all,2025-10-21,11.41
BOOST.MAKER.m1.all,2025-10-22,-17.13
BOOST.MAKER.m1.all,2025-10-23,-0.9899999999999994
BOOST.MAKER.m1.all,2025-10-24,33.29
BOOST.MAKER.m1.all,2025-10-25,196.89
BOOST.MAKER.m1.all,2025-10-26,-24.62
BOOST.MAKER.m1.all,2025-10-27,-13.459999999999999
BOOST.MAKER.m1.all,2025-10-28,-16.580000000000002
BOOST.MAKER.m1.all,2025-10-29,48.699999999999996
BOOST.MAKER.m1.all,2025-10-30,-12.319999999999997
BOOST.MAKER.m1.all,2025-10-31,-7.24
BOOST.MAKER.m1.all,2025-11-01,57.21
BOOST.MAKER.m1.all,2025-11-02,-2.8199999999999967
BOOST.MAKER.m1.all,2025-11-03,-19.18
BOOST.MAKER.m1.all,2025-11-04,55.46
BOOST.MAKER.m1.all,2025-11-05,39.11
BOOST.MAKER.m1.all,2025-11-06,-47.62
BOOST.MAKER.m1.all,2025-11-07,-3.6999999999999997
BOOST.MAKER.m1.all,2025-11-08,12.709999999999997
BOOST.MAKER.m1.all,2025-11-09,17.849999999999998
BOOST.MAKER.m1.all,2025-11-10,-34.730000000000004
BOOST.MAKER.m1.all,2025-11-11,24.130000000000003
BOOST.MAKER.m1.all,2025-11-12,29.32
BOOST.MAKER.m1.all,2025-11-13,-9.69
BOOST.MAKER.m1.all,2025-11-14,-20.759999999999998
BOOST.MAKER.m1.all,2025-11-15,-46.81
BOOST.MAKER.m1.all,2025-11-16,-78.73
BOOST.MAKER.m1.all,2025-11-17,-13.49
BOOST.MAKER.m1.all,2025-11-18,-112.58
BOOST.MAKER.m1.all,2025-11-19,42.22
BOOST.MAKER.m1.all,2025-11-20,72.9
BOOST.MAKER.m1.all,2025-11-21,62.37
BOOST.MAKER.m1.all,2025-11-22,152.72
BOOST.MAKER.m1.all,2025-11-23,-303.89
BOOST.MAKER.m1.all,2025-11-24,10.9
BOOST.MAKER.m1.all,2025-11-25,-10.39
BOOST.MAKER.m1.all,2025-11-27,90.07
BOOST.MAKER.m1.all,2025-11-28,45.5
BOOST.MAKER.m1.all,2025-11-29,-36.68000000000001
BOOST.MAKER.m1.all,2025-11-30,30.53
BOOST.MAKER.m1.all,2025-12-01,-3.5700000000000003
BOOST.MAKER.m1.all,2025-12-04,14.469999999999999
BOOST.MAKER.m1.all,2025-12-05,-56.96
BOOST.MAKER.m1.all,2025-12-06,34.2
BOOST.MAKER.m1.all,2025-12-07,-48.92
BOOST.MAKER.m1.all,2025-12-08,-46.2
BOOST.MAKER.m1.all,2025-12-11,38.69
BOOST.MAKER.m1.all,2025-12-13,-93.65
BOOST.MAKER.m1.all,2025-12-14,-153.25
BOOST.MAKER.m1.all,2025-12-15,-15.59
BOOST.MAKER.m1.all,2025-12-16,-57.13
BOOST.MAKER.m1.all,2025-12-17,-92.5
BOOST.MAKER.m1.all,2025-12-18,-60.17
BOOST.MAKER.m1.all,2025-12-19,-20.15
BOOST.MAKER.m1.all,2025-12-20,-70.72
BOOST.MAKER.m1.all,2025-12-21,-87.52000000000001
BOOST.MAKER.m1.all,2025-12-22,-3.3800000000000003
BOOST.MAKER.m1.all,2025-12-23,22.669999999999998
BOOST.MAKER.m1.all,2025-12-24,9.630000000000003
BOOST.MAKER.m1.all,2025-12-25,15.48
BOOST.MAKER.m1.all,2025-12-26,5.1
BOOST.MAKER.m1.all,2025-12-27,1.639999999999998
BOOST.MAKER.m1.all,2025-12-28,-29.849999999999998
BOOST.MAKER.m1.all,2025-12-29,21.19
BOOST.MAKER.m1.all,2025-12-30,-135.49
BOOST.MAKER.m1.all,2025-12-31,-46.81
BOOST.MAKER.m1.all,2026-01-01,41.43
BOOST.MAKER.m1.all,2026-01-02,-28.09
BOOST.MAKER.m1.all,2026-01-03,4.11
BOOST.MAKER.m1.all,2026-01-04,-9.239999999999998
BOOST.MAKER.m1.all,2026-01-08,-8.570000000000002
BOOST.MAKER.m1.all,2026-01-09,3.05
BOOST.MAKER.m1.all,2026-01-10,-49.0
BOOST.MAKER.m1.all,2026-01-11,67.78
BOOST.MAKER.m1.all,2026-01-12,-26.55
BOOST.MAKER.m1.all,2026-01-17,24.07
BOOST.MAKER.m1.all,2026-01-18,-6.470000000000001
ISO.TAKER.m0.primary,2025-09-08,-8.59
ISO.TAKER.m0.primary,2025-09-11,4.82
ISO.TAKER.m0.primary,2025-09-12,4.16
ISO.TAKER.m0.primary,2025-09-13,-15.600000000000001
ISO.TAKER.m0.primary,2025-09-14,-6.450000000000001
ISO.TAKER.m0.primary,2025-09-15,-8.21
ISO.TAKER.m0.primary,2025-09-18,1.69
ISO.TAKER.m0.primary,2025-09-19,2.56
ISO.TAKER.m0.primary,2025-09-20,-2.030000000000002
ISO.TAKER.m0.primary,2025-09-21,-0.8800000000000017
ISO.TAKER.m0.primary,2025-09-22,-7.44
ISO.TAKER.m0.primary,2025-09-25,5.01
ISO.TAKER.m0.primary,2025-09-26,-5.18
ISO.TAKER.m0.primary,2025-09-27,-10.32
ISO.TAKER.m0.primary,2025-09-28,-16.79
ISO.TAKER.m0.primary,2025-09-29,5.109999999999999
ISO.TAKER.m0.primary,2025-10-02,2.85
ISO.TAKER.m0.primary,2025-10-03,-4.6
ISO.TAKER.m0.primary,2025-10-04,-3.5400000000000005
ISO.TAKER.m0.primary,2025-10-05,-18.97
ISO.TAKER.m0.primary,2025-10-06,6.44
ISO.TAKER.m0.primary,2025-10-09,2.8100000000000005
ISO.TAKER.m0.primary,2025-10-10,9.190000000000001
ISO.TAKER.m0.primary,2025-10-11,-4.68
ISO.TAKER.m0.primary,2025-10-12,-12.76
ISO.TAKER.m0.primary,2025-10-13,-4.4
ISO.TAKER.m0.primary,2025-10-14,-4.790000000000001
ISO.TAKER.m0.primary,2025-10-15,-3.77
ISO.TAKER.m0.primary,2025-10-16,5.16
ISO.TAKER.m0.primary,2025-10-17,-10.81
ISO.TAKER.m0.primary,2025-10-18,7.25
ISO.TAKER.m0.primary,2025-10-19,-6.59
ISO.TAKER.m0.primary,2025-10-20,5.21
ISO.TAKER.m0.primary,2025-10-21,5.4
ISO.TAKER.m0.primary,2025-10-22,2.46
ISO.TAKER.m0.primary,2025-10-23,4.92
ISO.TAKER.m0.primary,2025-10-24,-7.54
ISO.TAKER.m0.primary,2025-10-25,-25.369999999999997
ISO.TAKER.m0.primary,2025-10-26,3.17
ISO.TAKER.m0.primary,2025-10-27,2.46
ISO.TAKER.m0.primary,2025-10-28,5.3100000000000005
ISO.TAKER.m0.primary,2025-10-29,2.65
ISO.TAKER.m0.primary,2025-10-30,-7.54
ISO.TAKER.m0.primary,2025-10-31,-7.25
ISO.TAKER.m0.primary,2025-11-01,-20.91
ISO.TAKER.m0.primary,2025-11-02,8.09
ISO.TAKER.m0.primary,2025-11-05,-3.66
ISO.TAKER.m0.primary,2025-11-08,-4.710000000000001
ISO.TAKER.m0.primary,2025-11-09,-14.1
ISO.TAKER.m0.primary,2025-11-11,6.13
ISO.TAKER.m0.primary,2025-11-12,-1.28
ISO.TAKER.m0.primary,2025-11-14,6.34
ISO.TAKER.m0.primary,2025-11-15,-12.09
ISO.TAKER.m0.primary,2025-11-16,-3.240000000000001
ISO.TAKER.m0.primary,2025-11-17,-1.28
ISO.TAKER.m0.primary,2025-11-22,-2.0500000000000016
ISO.TAKER.m0.primary,2025-11-23,4.680000000000001
ISO.TAKER.m0.primary,2025-11-25,-3.77
ISO.TAKER.m0.primary,2025-11-27,1.6000000000000003
ISO.TAKER.m0.primary,2025-11-28,1.3899999999999997
ISO.TAKER.m0.primary,2025-11-29,-26.98
ISO.TAKER.m0.primary,2025-11-30,-13.34
ISO.TAKER.m0.primary,2025-12-21,-14.719999999999999
ISO.TAKER.m0.primary,2025-12-22,-7.12
ISO.TAKER.m0.primary,2025-12-23,2.9800000000000004
ISO.TAKER.m0.primary,2025-12-24,6.34
ISO.TAKER.m0.primary,2025-12-25,6.44
ISO.TAKER.m0.primary,2025-12-27,12.98
ISO.TAKER.m0.primary,2025-12-28,-0.6799999999999997
ISO.TAKER.m0.primary,2025-12-30,6.44
ISO.TAKER.m0.primary,2025-12-31,-3.56
ISO.TAKER.m0.primary,2026-01-02,-3.56
ISO.TAKER.m0.primary,2026-01-03,-3.56
ISO.TAKER.m0.primary,2026-01-04,24.84
ISO.TAKER.m0.primary,2026-01-10,6.44
ISO.TAKER.m0.primary,2026-01-11,6.44
ISO.TAKER.m0.primary,2026-01-17,-3.56
ISO.TAKER.m0.primary,2026-01-18,-3.56
ISO.TAKER.m0.all,2025-09-08,-6.99
ISO.TAKER.m0.all,2025-09-11,15.53
ISO.TAKER.m0.all,2025-09-12,11.73
ISO.TAKER.m0.all,2025-09-13,-18.150000000000002
ISO.TAKER.m0.all,2025-09-14,-17.41
ISO.TAKER.m0.all,2025-09-15,-8.21
ISO.TAKER.m0.all,2025-09-18,3.29
ISO.TAKER.m0.all,2025-09-19,5.75
ISO.TAKER.m0.all,2025-09-20,-86.07000000000001
ISO.TAKER.m0.all,2025-09-21,-36.150000000000006
ISO.TAKER.m0.all,2025-09-22,-26.63
ISO.TAKER.m0.all,2025-09-25,4.92
ISO.TAKER.m0.all,2025-09-26,-1.4399999999999977
ISO.TAKER.m0.all,2025-09-27,-46.78
ISO.TAKER.m0.all,2025-09-28,-24.94
ISO.TAKER.m0.all,2025-09-29,5.109999999999999
ISO.TAKER.m0.all,2025-10-02,-1.75
ISO.TAKER.m0.all,2025-10-03,-19.1
ISO.TAKER.m0.all,2025-10-04,0.4299999999999988
ISO.TAKER.m0.all,2025-10-05,-41.11
ISO.TAKER.m0.all,2025-10-06,6.44
ISO.TAKER.m0.all,2025-10-09,0.7999999999999998
ISO.TAKER.m0.all,2025-10-10,6.390000000000001
ISO.TAKER.m0.all,2025-10-11,-1.580000000000001
ISO.TAKER.m0.all,2025-10-12,-29.73
ISO.TAKER.m0.all,2025-10-13,-7.96
ISO.TAKER.m0.all,2025-10-14,3.5499999999999994
ISO.TAKER.m0.all,2025-10-15,-3.77
ISO.TAKER.m0.all,2025-10-16,12.01
ISO.TAKER.m0.all,2025-10-17,-10.81
ISO.TAKER.m0.all,2025-10-18,0.9799999999999986
ISO.TAKER.m0.all,2025-10-19,-13.31
ISO.TAKER.m0.all,2025-10-20,7.96
ISO.TAKER.m0.all,2025-10-21,7.859999999999999
ISO.TAKER.m0.all,2025-10-22,4.73
ISO.TAKER.m0.all,2025-10-23,4.92
ISO.TAKER.m0.all,2025-10-24,-7.54
ISO.TAKER.m0.all,2025-10-25,-57.879999999999995
ISO.TAKER.m0.all,2025-10-26,-4.34
ISO.TAKER.m0.all,2025-10-27,2.46
ISO.TAKER.m0.all,2025-10-28,5.3100000000000005
ISO.TAKER.m0.all,2025-10-29,8.25
ISO.TAKER.m0.all,2025-10-30,-7.54
ISO.TAKER.m0.all,2025-10-31,-7.25
ISO.TAKER.m0.all,2025-11-01,-32.88
ISO.TAKER.m0.all,2025-11-02,8.09
ISO.TAKER.m0.all,2025-11-05,-3.66
ISO.TAKER.m0.all,2025-11-08,-3.630000000000001
ISO.TAKER.m0.all,2025-11-09,-17.580000000000002
ISO.TAKER.m0.all,2025-11-11,6.13
ISO.TAKER.m0.all,2025-11-12,-1.28
ISO.TAKER.m0.all,2025-11-14,6.34
ISO.TAKER.m0.all,2025-11-15,22.92
ISO.TAKER.m0.all,2025-11-16,15.79
ISO.TAKER.m0.all,2025-11-17,-1.28
ISO.TAKER.m0.all,2025-11-22,7.079999999999997
ISO.TAKER.m0.all,2025-11-23,3.400000000000001
ISO.TAKER.m0.all,2025-11-25,-3.77
ISO.TAKER.m0.all,2025-11-27,1.6000000000000005
ISO.TAKER.m0.all,2025-11-28,5.28
ISO.TAKER.m0.all,2025-11-29,-38.26
ISO.TAKER.m0.all,2025-11-30,-18.080000000000002
ISO.TAKER.m0.all,2025-12-21,-25.71
ISO.TAKER.m0.all,2025-12-22,-7.12
ISO.TAKER.m0.all,2025-12-23,2.9800000000000004
ISO.TAKER.m0.all,2025-12-24,6.34
ISO.TAKER.m0.all,2025-12-25,6.44
ISO.TAKER.m0.all,2025-12-27,19.52
ISO.TAKER.m0.all,2025-12-28,-0.6799999999999997
ISO.TAKER.m0.all,2025-12-30,6.44
ISO.TAKER.m0.all,2025-12-31,-3.56
ISO.TAKER.m0.all,2026-01-02,-3.56
ISO.TAKER.m0.all,2026-01-03,-3.56
ISO.TAKER.m0.all,2026-01-04,31.28
ISO.TAKER.m0.all,2026-01-10,6.44
ISO.TAKER.m0.all,2026-01-11,19.01
ISO.TAKER.m0.all,2026-01-17,-3.56
ISO.TAKER.m0.all,2026-01-18,-3.56
ISO.TAKER.m1.primary,2025-09-08,-8.59
ISO.TAKER.m1.primary,2025-09-11,4.0600000000000005
ISO.TAKER.m1.primary,2025-09-12,1.5
ISO.TAKER.m1.primary,2025-09-13,-5.0
ISO.TAKER.m1.primary,2025-09-14,-4.6499999999999995
ISO.TAKER.m1.primary,2025-09-15,-8.21
ISO.TAKER.m1.primary,2025-09-18,1.6
ISO.TAKER.m1.primary,2025-09-20,-15.67
ISO.TAKER.m1.primary,2025-09-21,-2.1100000000000008
ISO.TAKER.m1.primary,2025-09-22,-7.44
ISO.TAKER.m1.primary,2025-09-25,2.65
ISO.TAKER.m1.primary,2025-09-26,-5.08
ISO.TAKER.m1.primary,2025-09-27,-6.16
ISO.TAKER.m1.primary,2025-09-28,-16.419999999999998
ISO.TAKER.m1.primary,2025-09-29,2.75
ISO.TAKER.m1.primary,2025-10-02,2.85
ISO.TAKER.m1.primary,2025-10-03,-4.6
ISO.TAKER.m1.primary,2025-10-04,6.25
ISO.TAKER.m1.primary,2025-10-05,-21.240000000000002
ISO.TAKER.m1.primary,2025-10-20,2.46
ISO.TAKER.m1.primary,2025-10-21,2.46
ISO.TAKER.m1.primary,2025-10-22,2.46
ISO.TAKER.m1.primary,2025-10-24,-7.54
ISO.TAKER.m1.primary,2025-10-25,-15.509999999999998
ISO.TAKER.m1.primary,2025-10-26,7.38
ISO.TAKER.m1.primary,2026-01-10,6.44
ISO.TAKER.m1.primary,2026-01-11,6.44
ISO.TAKER.m1.primary,2026-01-18,-3.56
ISO.TAKER.m1.all,2025-09-08,-6.99
ISO.TAKER.m1.all,2025-09-11,13.04
ISO.TAKER.m1.all,2025-09-12,6.29
ISO.TAKER.m1.all,2025-09-13,1.3399999999999999
ISO.TAKER.m1.all,2025-09-14,18.32
ISO.TAKER.m1.all,2025-09-15,-8.21
ISO.TAKER.m1.all,2025-09-18,1.6
ISO.TAKER.m1.all,2025-09-20,-76.39
ISO.TAKER.m1.all,2025-09-21,-17.23
ISO.TAKER.m1.all,2025-09-22,-26.63
ISO.TAKER.m1.all,2025-09-25,2.65
ISO.TAKER.m1.all,2025-09-26,-2.5199999999999996
ISO.TAKER.m1.all,2025-09-27,-32.11
ISO.TAKER.m1.all,2025-09-28,-24.57
ISO.TAKER.m1.all,2025-09-29,2.75
ISO.TAKER.m1.all,2025-10-02,-1.75
ISO.TAKER.m1.all,2025-10-03,-19.1
ISO.TAKER.m1.all,2025-10-04,7.0
ISO.TAKER.m1.all,2025-10-05,-35.839999999999996
ISO.TAKER.m1.all,2025-10-20,2.46
ISO.TAKER.m1.all,2025-10-21,2.46
ISO.TAKER.m1.all,2025-10-22,2.46
ISO.TAKER.m1.all,2025-10-24,-7.54
ISO.TAKER.m1.all,2025-10-25,-44.51
ISO.TAKER.m1.all,2025-10-26,9.84
ISO.TAKER.m1.all,2026-01-10,6.44
ISO.TAKER.m1.all,2026-01-11,12.670000000000002
ISO.TAKER.m1.all,2026-01-18,-3.56
ISO.MAKER.m0.primary,2025-09-08,-7.14
ISO.MAKER.m0.primary,2025-09-11,-8.6
ISO.MAKER.m0.primary,2025-09-12,-7.029999999999999
ISO.MAKER.m0.primary,2025-09-13,-55.3
ISO.MAKER.m0.primary,2025-09-14,13.749999999999998
ISO.MAKER.m0.primary,2025-09-15,9.2
ISO.MAKER.m0.primary,2025-09-18,4.53
ISO.MAKER.m0.primary,2025-09-19,12.21
ISO.MAKER.m0.primary,2025-09-20,-13.7
ISO.MAKER.m0.primary,2025-09-21,-29.92
ISO.MAKER.m0.primary,2025-09-22,-7.14
ISO.MAKER.m0.primary,2025-09-25,-7.08
ISO.MAKER.m0.primary,2025-09-26,-10.92
ISO.MAKER.m0.primary,2025-09-27,-33.57
ISO.MAKER.m0.primary,2025-09-28,-9.13
ISO.MAKER.m0.primary,2025-09-29,5.92
ISO.MAKER.m0.primary,2025-10-02,12.92
ISO.MAKER.m0.primary,2025-10-03,-5.76
ISO.MAKER.m0.primary,2025-10-04,18.2
ISO.MAKER.m0.primary,2025-10-05,-15.300000000000002
ISO.MAKER.m0.primary,2025-10-06,-7.24
ISO.MAKER.m0.primary,2025-10-08,1.5100000000000002
ISO.MAKER.m0.primary,2025-10-09,2.49
ISO.MAKER.m0.primary,2025-10-10,5.96
ISO.MAKER.m0.primary,2025-10-11,1.1399999999999995
ISO.MAKER.m0.primary,2025-10-12,-8.629999999999999
ISO.MAKER.m0.primary,2025-10-13,-13.39
ISO.MAKER.m0.primary,2025-10-14,0.09999999999999964
ISO.MAKER.m0.primary,2025-10-15,2.92
ISO.MAKER.m0.primary,2025-10-16,-9.25
ISO.MAKER.m0.primary,2025-10-17,5.83
ISO.MAKER.m0.primary,2025-10-18,-9.719999999999999
ISO.MAKER.m0.primary,2025-10-19,-5.94
ISO.MAKER.m0.primary,2025-10-20,4.529999999999999
ISO.MAKER.m0.primary,2025-10-21,-5.17
ISO.MAKER.m0.primary,2025-10-22,-1.7900000000000005
ISO.MAKER.m0.primary,2025-10-23,4.43
ISO.MAKER.m0.primary,2025-10-24,-3.67
ISO.MAKER.m0.primary,2025-10-25,34.43
ISO.MAKER.m0.primary,2025-10-26,1.5599999999999987
ISO.MAKER.m0.primary,2025-10-27,2.66
ISO.MAKER.m0.primary,2025-10-28,0.5499999999999998
ISO.MAKER.m0.primary,2025-10-29,-8.09
ISO.MAKER.m0.primary,2025-10-30,1.4899999999999998
ISO.MAKER.m0.primary,2025-10-31,-5.880000000000001
ISO.MAKER.m0.primary,2025-11-01,6.759999999999999
ISO.MAKER.m0.primary,2025-11-02,-24.68
ISO.MAKER.m0.primary,2025-11-03,5.45
ISO.MAKER.m0.primary,2025-11-04,3.33
ISO.MAKER.m0.primary,2025-11-05,-4.77
ISO.MAKER.m0.primary,2025-11-06,2.09
ISO.MAKER.m0.primary,2025-11-07,-4.23
ISO.MAKER.m0.primary,2025-11-08,15.599999999999998
ISO.MAKER.m0.primary,2025-11-09,-32.160000000000004
ISO.MAKER.m0.primary,2025-11-10,4.25
ISO.MAKER.m0.primary,2025-11-11,-3.1900000000000004
ISO.MAKER.m0.primary,2025-11-12,-0.1200000000000001
ISO.MAKER.m0.primary,2025-11-13,-0.5700000000000003
ISO.MAKER.m0.primary,2025-11-14,-5.75
ISO.MAKER.m0.primary,2025-11-15,-22.830000000000005
ISO.MAKER.m0.primary,2025-11-16,6.750000000000001
ISO.MAKER.m0.primary,2025-11-17,4.05
ISO.MAKER.m0.primary,2025-11-18,1.4900000000000002
ISO.MAKER.m0.primary,2025-11-19,-5.26
ISO.MAKER.m0.primary,2025-11-20,-15.37
ISO.MAKER.m0.primary,2025-11-21,-1.5900000000000007
ISO.MAKER.m0.primary,2025-11-22,-53.73
ISO.MAKER.m0.primary,2025-11-23,-8.32
ISO.MAKER.m0.primary,2025-11-24,1.77
ISO.MAKER.m0.primary,2025-11-25,1.9400000000000002
ISO.MAKER.m0.primary,2025-11-27,10.54
ISO.MAKER.m0.primary,2025-11-28,-14.02
ISO.MAKER.m0.primary,2025-11-29,18.409999999999997
ISO.MAKER.m0.primary,2025-11-30,-8.12
ISO.MAKER.m0.primary,2025-12-01,-0.72
ISO.MAKER.m0.primary,2025-12-04,-3.34
ISO.MAKER.m0.primary,2025-12-05,1.9500000000000002
ISO.MAKER.m0.primary,2025-12-06,0.6899999999999995
ISO.MAKER.m0.primary,2025-12-07,-34.39
ISO.MAKER.m0.primary,2025-12-08,-3.95
ISO.MAKER.m0.primary,2025-12-11,-6.94
ISO.MAKER.m0.primary,2025-12-13,2.9599999999999995
ISO.MAKER.m0.primary,2025-12-14,-1.4799999999999995
ISO.MAKER.m0.primary,2025-12-15,-3.54
ISO.MAKER.m0.primary,2025-12-16,-2.54
ISO.MAKER.m0.primary,2025-12-17,11.6
ISO.MAKER.m0.primary,2025-12-18,-7.1899999999999995
ISO.MAKER.m0.primary,2025-12-19,4.0600000000000005
ISO.MAKER.m0.primary,2025-12-20,-2.9799999999999995
ISO.MAKER.m0.primary,2025-12-21,19.48
ISO.MAKER.m0.primary,2025-12-22,1.2999999999999998
ISO.MAKER.m0.primary,2025-12-23,11.29
ISO.MAKER.m0.primary,2025-12-24,7.46
ISO.MAKER.m0.primary,2025-12-25,10.31
ISO.MAKER.m0.primary,2025-12-26,-1.7399999999999993
ISO.MAKER.m0.primary,2025-12-27,-20.71
ISO.MAKER.m0.primary,2025-12-28,-16.560000000000002
ISO.MAKER.m0.primary,2025-12-29,7.4399999999999995
ISO.MAKER.m0.primary,2025-12-30,7.66
ISO.MAKER.m0.primary,2025-12-31,4.37
ISO.MAKER.m0.primary,2026-01-01,-1.8399999999999999
ISO.MAKER.m0.primary,2026-01-02,-10.950000000000001
ISO.MAKER.m0.primary,2026-01-03,-8.5
ISO.MAKER.m0.primary,2026-01-04,8.22
ISO.MAKER.m0.primary,2026-01-08,-3.95
ISO.MAKER.m0.primary,2026-01-09,-3.75
ISO.MAKER.m0.primary,2026-01-10,6.93
ISO.MAKER.m0.primary,2026-01-11,6.85
ISO.MAKER.m0.primary,2026-01-12,4.95
ISO.MAKER.m0.primary,2026-01-17,7.12
ISO.MAKER.m0.primary,2026-01-18,-0.18000000000000016
ISO.MAKER.m0.all,2025-09-08,-11.379999999999999
ISO.MAKER.m0.all,2025-09-11,9.399999999999999
ISO.MAKER.m0.all,2025-09-12,-15.84
ISO.MAKER.m0.all,2025-09-13,-0.3999999999999972
ISO.MAKER.m0.all,2025-09-14,-103.96000000000001
ISO.MAKER.m0.all,2025-09-15,8.62
ISO.MAKER.m0.all,2025-09-16,-0.24
ISO.MAKER.m0.all,2025-09-18,6.95
ISO.MAKER.m0.all,2025-09-19,32.44
ISO.MAKER.m0.all,2025-09-20,69.42
ISO.MAKER.m0.all,2025-09-21,-55.14
ISO.MAKER.m0.all,2025-09-22,-41.18
ISO.MAKER.m0.all,2025-09-25,4.609999999999999
ISO.MAKER.m0.all,2025-09-26,-23.84
ISO.MAKER.m0.all,2025-09-27,-160.92000000000002
ISO.MAKER.m0.all,2025-09-28,-58.27
ISO.MAKER.m0.all,2025-09-29,5.880000000000001
ISO.MAKER.m0.all,2025-10-02,14.69
ISO.MAKER.m0.all,2025-10-03,-11.05
ISO.MAKER.m0.all,2025-10-04,-58.040000000000006
ISO.MAKER.m0.all,2025-10-05,-200.12
ISO.MAKER.m0.all,2025-10-06,29.18
ISO.MAKER.m0.all,2025-10-08,3.329999999999999
ISO.MAKER.m0.all,2025-10-09,-8.87
ISO.MAKER.m0.all,2025-10-10,-5.64
ISO.MAKER.m0.all,2025-10-11,0.4099999999999983
ISO.MAKER.m0.all,2025-10-12,-59.730000000000004
ISO.MAKER.m0.all,2025-10-13,7.989999999999999
ISO.MAKER.m0.all,2025-10-14,3.049999999999999
ISO.MAKER.m0.all,2025-10-15,-14.09
ISO.MAKER.m0.all,2025-10-16,10.469999999999999
ISO.MAKER.m0.all,2025-10-17,-0.8500000000000032
ISO.MAKER.m0.all,2025-10-18,-47.07000000000001
ISO.MAKER.m0.all,2025-10-19,-33.09
ISO.MAKER.m0.all,2025-10-20,0.43999999999999995
ISO.MAKER.m0.all,2025-10-21,-10.290000000000001
ISO.MAKER.m0.all,2025-10-22,-27.330000000000002
ISO.MAKER.m0.all,2025-10-23,3.470000000000001
ISO.MAKER.m0.all,2025-10-24,-35.58
ISO.MAKER.m0.all,2025-10-25,-12.710000000000004
ISO.MAKER.m0.all,2025-10-26,6.260000000000002
ISO.MAKER.m0.all,2025-10-27,-0.9099999999999999
ISO.MAKER.m0.all,2025-10-28,-12.940000000000001
ISO.MAKER.m0.all,2025-10-29,13.79
ISO.MAKER.m0.all,2025-10-30,-26.369999999999997
ISO.MAKER.m0.all,2025-10-31,-16.09
ISO.MAKER.m0.all,2025-11-01,-53.08
ISO.MAKER.m0.all,2025-11-02,-23.169999999999998
ISO.MAKER.m0.all,2025-11-03,-7.26
ISO.MAKER.m0.all,2025-11-04,22.81
ISO.MAKER.m0.all,2025-11-05,-3.850000000000001
ISO.MAKER.m0.all,2025-11-06,6.1
ISO.MAKER.m0.all,2025-11-07,-24.07
ISO.MAKER.m0.all,2025-11-08,23.439999999999998
ISO.MAKER.m0.all,2025-11-09,-20.790000000000003
ISO.MAKER.m0.all,2025-11-10,-10.889999999999999
ISO.MAKER.m0.all,2025-11-11,3.360000000000001
ISO.MAKER.m0.all,2025-11-12,-11.78
ISO.MAKER.m0.all,2025-11-13,-10.8
ISO.MAKER.m0.all,2025-11-14,-12.0
ISO.MAKER.m0.all,2025-11-15,-43.59
ISO.MAKER.m0.all,2025-11-16,-74.71
ISO.MAKER.m0.all,2025-11-17,1.5799999999999998
ISO.MAKER.m0.all,2025-11-18,-2.789999999999998
ISO.MAKER.m0.all,2025-11-19,6.590000000000001
ISO.MAKER.m0.all,2025-11-20,-8.23
ISO.MAKER.m0.all,2025-11-21,-6.2200000000000015
ISO.MAKER.m0.all,2025-11-22,-161.18
ISO.MAKER.m0.all,2025-11-23,-15.060000000000002
ISO.MAKER.m0.all,2025-11-24,0.4200000000000001
ISO.MAKER.m0.all,2025-11-25,3.9100000000000006
ISO.MAKER.m0.all,2025-11-27,-14.57
ISO.MAKER.m0.all,2025-11-28,-74.54
ISO.MAKER.m0.all,2025-11-29,-26.06000000000001
ISO.MAKER.m0.all,2025-11-30,-6.0
ISO.MAKER.m0.all,2025-12-01,0.45
ISO.MAKER.m0.all,2025-12-04,-6.55
ISO.MAKER.m0.all,2025-12-05,-1.8699999999999999
ISO.MAKER.m0.all,2025-12-06,-12.850000000000001
ISO.MAKER.m0.all,2025-12-07,11.840000000000003
ISO.MAKER.m0.all,2025-12-08,-19.86
ISO.MAKER.m0.all,2025-12-11,-31.46
ISO.MAKER.m0.all,2025-12-13,-1.640000000000003
ISO.MAKER.m0.all,2025-12-14,-36.21
ISO.MAKER.m0.all,2025-12-15,-13.47
ISO.MAKER.m0.all,2025-12-16,-21.68
ISO.MAKER.m0.all,2025-12-17,-0.5
ISO.MAKER.m0.all,2025-12-18,-50.16
ISO.MAKER.m0.all,2025-12-19,-3.66
ISO.MAKER.m0.all,2025-12-20,60.730000000000004
ISO.MAKER.m0.all,2025-12-21,37.86999999999999
ISO.MAKER.m0.all,2025-12-22,3.099999999999999
ISO.MAKER.m0.all,2025-12-23,58.8
ISO.MAKER.m0.all,2025-12-24,-17.119999999999997
ISO.MAKER.m0.all,2025-12-25,36.72
ISO.MAKER.m0.all,2025-12-26,-3.2199999999999993
ISO.MAKER.m0.all,2025-12-27,-39.81
ISO.MAKER.m0.all,2025-12-28,-86.2
ISO.MAKER.m0.all,2025-12-29,12.28
ISO.MAKER.m0.all,2025-12-30,89.36
ISO.MAKER.m0.all,2025-12-31,-73.37
ISO.MAKER.m0.all,2026-01-01,11.219999999999995
ISO.MAKER.m0.all,2026-01-02,-35.36
ISO.MAKER.m0.all,2026-01-03,-12.49
ISO.MAKER.m0.all,2026-01-04,74.03
ISO.MAKER.m0.all,2026-01-08,-24.26
ISO.MAKER.m0.all,2026-01-09,-5.66
ISO.MAKER.m0.all,2026-01-10,-25.219999999999995
ISO.MAKER.m0.all,2026-01-11,30.0
ISO.MAKER.m0.all,2026-01-12,-12.59
ISO.MAKER.m0.all,2026-01-17,26.79
ISO.MAKER.m0.all,2026-01-18,-15.97
ISO.MAKER.m1.primary,2025-09-08,-7.14
ISO.MAKER.m1.primary,2025-09-11,-8.6
ISO.MAKER.m1.primary,2025-09-12,-0.4299999999999997
ISO.MAKER.m1.primary,2025-09-13,-29.25
ISO.MAKER.m1.primary,2025-09-14,2.749999999999999
ISO.MAKER.m1.primary,2025-09-15,8.31
ISO.MAKER.m1.primary,2025-09-18,4.53
ISO.MAKER.m1.primary,2025-09-19,11.0
ISO.MAKER.m1.primary,2025-09-20,-39.14
ISO.MAKER.m1.primary,2025-09-21,-28.76
ISO.MAKER.m1.primary,2025-09-22,-7.14
ISO.MAKER.m1.primary,2025-09-25,2.12
ISO.MAKER.m1.primary,2025-09-26,3.59
ISO.MAKER.m1.primary,2025-09-27,-42.4
ISO.MAKER.m1.primary,2025-09-28,-16.5
ISO.MAKER.m1.primary,2025-09-29,2.83
ISO.MAKER.m1.primary,2025-10-02,11.72
ISO.MAKER.m1.primary,2025-10-03,-5.76
ISO.MAKER.m1.primary,2025-10-04,26.169999999999998
ISO.MAKER.m1.primary,2025-10-05,-12.19
ISO.MAKER.m1.primary,2025-10-06,-7.24
ISO.MAKER.m1.primary,2025-10-08,1.5100000000000002
ISO.MAKER.m1.primary,2025-10-09,-3.4699999999999998
ISO.MAKER.m1.primary,2025-10-10,-1.2200000000000002
ISO.MAKER.m1.primary,2025-10-11,4.690000000000003
ISO.MAKER.m1.primary,2025-10-12,-11.180000000000001
ISO.MAKER.m1.primary,2025-10-13,-3.98
ISO.MAKER.m1.primary,2025-10-14,0.29999999999999893
ISO.MAKER.m1.primary,2025-10-15,-5.58
ISO.MAKER.m1.primary,2025-10-16,-9.25
ISO.MAKER.m1.primary,2025-10-17,-7.57
ISO.MAKER.m1.primary,2025-10-18,-44.11
ISO.MAKER.m1.primary,2025-10-19,9.3
ISO.MAKER.m1.primary,2025-10-20,4.529999999999999
ISO.MAKER.m1.primary,2025-10-21,-5.17
ISO.MAKER.m1.primary,2025-10-22,-5.78
ISO.MAKER.m1.primary,2025-10-23,4.43
ISO.MAKER.m1.primary,2025-10-24,-3.77
ISO.MAKER.m1.primary,2025-10-25,40.84
ISO.MAKER.m1.primary,2025-10-26,8.76
ISO.MAKER.m1.primary,2025-10-27,2.66
ISO.MAKER.m1.primary,2025-10-28,-2.75
ISO.MAKER.m1.primary,2025-10-29,8.51
ISO.MAKER.m1.primary,2025-10-30,1.3900000000000001
ISO.MAKER.m1.primary,2025-10-31,5.45
ISO.MAKER.m1.primary,2025-11-01,-28.68
ISO.MAKER.m1.primary,2025-11-02,-28.73
ISO.MAKER.m1.primary,2025-11-03,-3.44
ISO.MAKER.m1.primary,2025-11-04,6.85
ISO.MAKER.m1.primary,2025-11-05,1.6399999999999997
ISO.MAKER.m1.primary,2025-11-06,-4.5600000000000005
ISO.MAKER.m1.primary,2025-11-07,-13.129999999999999
ISO.MAKER.m1.primary,2025-11-08,29.69
ISO.MAKER.m1.primary,2025-11-09,-16.86
ISO.MAKER.m1.primary,2025-11-10,4.25
ISO.MAKER.m1.primary,2025-11-11,-2.99
ISO.MAKER.m1.primary,2025-11-12,1.3900000000000001
ISO.MAKER.m1.primary,2025-11-13,-1.94
ISO.MAKER.m1.primary,2025-11-14,-5.75
ISO.MAKER.m1.primary,2025-11-15,-3.1100000000000003
ISO.MAKER.m1.primary,2025-11-16,-1.9299999999999993
ISO.MAKER.m1.primary,2025-11-17,2.76
ISO.MAKER.m1.primary,2025-11-18,1.0900000000000007
ISO.MAKER.m1.primary,2025-11-19,-6.97
ISO.MAKER.m1.primary,2025-11-20,-11.98
ISO.MAKER.m1.primary,2025-11-21,-11.49
ISO.MAKER.m1.primary,2025-11-22,-13.31
ISO.MAKER.m1.primary,2025-11-23,-20.59
ISO.MAKER.m1.primary,2025-11-24,1.77
ISO.MAKER.m1.primary,2025-11-25,4.44
ISO.MAKER.m1.primary,2025-11-27,-0.6600000000000001
ISO.MAKER.m1.primary,2025-11-28,7.010000000000002
ISO.MAKER.m1.primary,2025-11-29,-4.280000000000003
ISO.MAKER.m1.primary,2025-11-30,4.3100000000000005
ISO.MAKER.m1.primary,2025-12-01,0.19
ISO.MAKER.m1.primary,2025-12-04,-3.34
ISO.MAKER.m1.primary,2025-12-05,-6.06
ISO.MAKER.m1.primary,2025-12-06,0.41000000000000014
ISO.MAKER.m1.primary,2025-12-07,-24.86
ISO.MAKER.m1.primary,2025-12-08,-3.95
ISO.MAKER.m1.primary,2025-12-11,-6.94
ISO.MAKER.m1.primary,2025-12-13,-0.3100000000000003
ISO.MAKER.m1.primary,2025-12-14,-5.91
ISO.MAKER.m1.primary,2025-12-15,-3.54
ISO.MAKER.m1.primary,2025-12-16,-2.54
ISO.MAKER.m1.primary,2025-12-17,1.7999999999999998
ISO.MAKER.m1.primary,2025-12-18,-7.1899999999999995
ISO.MAKER.m1.primary,2025-12-19,1.7999999999999998
ISO.MAKER.m1.primary,2025-12-20,6.44
ISO.MAKER.m1.primary,2025-12-21,13.14
ISO.MAKER.m1.primary,2025-12-22,-1.9800000000000002
ISO.MAKER.m1.primary,2025-12-23,13.17
ISO.MAKER.m1.primary,2025-12-24,7.46
ISO.MAKER.m1.primary,2025-12-25,10.6
ISO.MAKER.m1.primary,2025-12-26,6.92
ISO.MAKER.m1.primary,2025-12-27,-5.95
ISO.MAKER.m1.primary,2025-12-28,0.8100000000000005
ISO.MAKER.m1.primary,2025-12-29,7.4399999999999995
ISO.MAKER.m1.primary,2025-12-30,8.57
ISO.MAKER.m1.primary,2025-12-31,-3.91
ISO.MAKER.m1.primary,2026-01-01,3.12
ISO.MAKER.m1.primary,2026-01-02,-7.91
ISO.MAKER.m1.primary,2026-01-03,3.94
ISO.MAKER.m1.primary,2026-01-04,20.35
ISO.MAKER.m1.primary,2026-01-08,-3.95
ISO.MAKER.m1.primary,2026-01-09,-3.75
ISO.MAKER.m1.primary,2026-01-10,9.860000000000001
ISO.MAKER.m1.primary,2026-01-11,-1.1400000000000006
ISO.MAKER.m1.primary,2026-01-12,-3.65
ISO.MAKER.m1.primary,2026-01-17,7.83
ISO.MAKER.m1.primary,2026-01-18,-1.5700000000000003
ISO.MAKER.m1.all,2025-09-08,-8.379999999999999
ISO.MAKER.m1.all,2025-09-11,-4.790000000000001
ISO.MAKER.m1.all,2025-09-12,3.980000000000001
ISO.MAKER.m1.all,2025-09-13,20.269999999999996
ISO.MAKER.m1.all,2025-09-14,-59.23
ISO.MAKER.m1.all,2025-09-15,17.07
ISO.MAKER.m1.all,2025-09-16,-0.24
ISO.MAKER.m1.all,2025-09-18,11.27
ISO.MAKER.m1.all,2025-09-19,23.02
ISO.MAKER.m1.all,2025-09-20,42.96
ISO.MAKER.m1.all,2025-09-21,-19.41
ISO.MAKER.m1.all,2025-09-22,-25.709999999999997
ISO.MAKER.m1.all,2025-09-25,6.2
ISO.MAKER.m1.all,2025-09-26,13.900000000000002
ISO.MAKER.m1.all,2025-09-27,-135.91
ISO.MAKER.m1.all,2025-09-28,-32.25
ISO.MAKER.m1.all,2025-09-29,7.750000000000001
ISO.MAKER.m1.all,2025-10-02,23.84
ISO.MAKER.m1.all,2025-10-03,-22.38
ISO.MAKER.m1.all,2025-10-04,-53.379999999999995
ISO.MAKER.m1.all,2025-10-05,-141.9
ISO.MAKER.m1.all,2025-10-06,20.4
ISO.MAKER.m1.all,2025-10-08,4.77
ISO.MAKER.m1.all,2025-10-09,10.5
ISO.MAKER.m1.all,2025-10-10,-6.4799999999999995
ISO.MAKER.m1.all,2025-10-11,27.239999999999995
ISO.MAKER.m1.all,2025-10-12,-32.59
ISO.MAKER.m1.all,2025-10-13,17.939999999999998
ISO.MAKER.m1.all,2025-10-14,17.119999999999997
ISO.MAKER.m1.all,2025-10-15,-10.01
ISO.MAKER.m1.all,2025-10-16,6.669999999999998
ISO.MAKER.m1.all,2025-10-17,-37.0
ISO.MAKER.m1.all,2025-10-18,-42.36
ISO.MAKER.m1.all,2025-10-19,-9.23
ISO.MAKER.m1.all,2025-10-20,3.4399999999999995
ISO.MAKER.m1.all,2025-10-21,-6.880000000000001
ISO.MAKER.m1.all,2025-10-22,-17.12
ISO.MAKER.m1.all,2025-10-23,10.35
ISO.MAKER.m1.all,2025-10-24,-19.790000000000003
ISO.MAKER.m1.all,2025-10-25,13.19999999999999
ISO.MAKER.m1.all,2025-10-26,40.63
ISO.MAKER.m1.all,2025-10-27,-0.39999999999999986
ISO.MAKER.m1.all,2025-10-28,-8.03
ISO.MAKER.m1.all,2025-10-29,19.42
ISO.MAKER.m1.all,2025-10-30,-21.189999999999998
ISO.MAKER.m1.all,2025-10-31,-12.129999999999999
ISO.MAKER.m1.all,2025-11-01,-114.44
ISO.MAKER.m1.all,2025-11-02,-4.529999999999998
ISO.MAKER.m1.all,2025-11-03,-8.0
ISO.MAKER.m1.all,2025-11-04,6.85
ISO.MAKER.m1.all,2025-11-05,4.859999999999999
ISO.MAKER.m1.all,2025-11-06,-8.68
ISO.MAKER.m1.all,2025-11-07,-23.37
ISO.MAKER.m1.all,2025-11-08,62.57000000000001
ISO.MAKER.m1.all,2025-11-09,0.25
ISO.MAKER.m1.all,2025-11-10,-1.7799999999999994
ISO.MAKER.m1.all,2025-11-11,-15.919999999999998
ISO.MAKER.m1.all,2025-11-12,-9.31
ISO.MAKER.m1.all,2025-11-13,-3.4
ISO.MAKER.m1.all,2025-11-14,-17.45
ISO.MAKER.m1.all,2025-11-15,-34.959999999999994
ISO.MAKER.m1.all,2025-11-16,-57.78
ISO.MAKER.m1.all,2025-11-17,2.5199999999999996
ISO.MAKER.m1.all,2025-11-18,1.200000000000001
ISO.MAKER.m1.all,2025-11-19,7.850000000000001
ISO.MAKER.m1.all,2025-11-20,-7.859999999999999
ISO.MAKER.m1.all,2025-11-21,-30.66
ISO.MAKER.m1.all,2025-11-22,-38.150000000000006
ISO.MAKER.m1.all,2025-11-23,25.709999999999997
ISO.MAKER.m1.all,2025-11-24,4.1899999999999995
ISO.MAKER.m1.all,2025-11-25,4.630000000000001
ISO.MAKER.m1.all,2025-11-27,-16.880000000000003
ISO.MAKER.m1.all,2025-11-28,-43.089999999999996
ISO.MAKER.m1.all,2025-11-29,-2.2700000000000005
ISO.MAKER.m1.all,2025-11-30,-9.079999999999998
ISO.MAKER.m1.all,2025-12-01,0.19
ISO.MAKER.m1.all,2025-12-04,-6.029999999999999
ISO.MAKER.m1.all,2025-12-05,-8.48
ISO.MAKER.m1.all,2025-12-06,7.94
ISO.MAKER.m1.all,2025-12-07,-44.54
ISO.MAKER.m1.all,2025-12-08,-7.83
ISO.MAKER.m1.all,2025-12-11,-38.42
ISO.MAKER.m1.all,2025-12-13,-0.19000000000000283
ISO.MAKER.m1.all,2025-12-14,-24.790000000000003
ISO.MAKER.m1.all,2025-12-15,-7.08
ISO.MAKER.m1.all,2025-12-16,-7.09
ISO.MAKER.m1.all,2025-12-17,-10.24
ISO.MAKER.m1.all,2025-12-18,-26.16
ISO.MAKER.m1.all,2025-12-19,6.229999999999999
ISO.MAKER.m1.all,2025-12-20,19.23
ISO.MAKER.m1.all,2025-12-21,19.49
ISO.MAKER.m1.all,2025-12-22,-8.370000000000001
ISO.MAKER.m1.all,2025-12-23,16.25
ISO.MAKER.m1.all,2025-12-24,-8.589999999999998
ISO.MAKER.m1.all,2025-12-25,23.17
ISO.MAKER.m1.all,2025-12-26,9.01
ISO.MAKER.m1.all,2025-12-27,28.37
ISO.MAKER.m1.all,2025-12-28,-45.18
ISO.MAKER.m1.all,2025-12-29,6.83
ISO.MAKER.m1.all,2025-12-30,62.9
ISO.MAKER.m1.all,2025-12-31,-60.92
ISO.MAKER.m1.all,2026-01-01,19.799999999999997
ISO.MAKER.m1.all,2026-01-02,-12.58
ISO.MAKER.m1.all,2026-01-03,-4.8500000000000005
ISO.MAKER.m1.all,2026-01-04,30.849999999999998
ISO.MAKER.m1.all,2026-01-08,-15.290000000000001
ISO.MAKER.m1.all,2026-01-09,-4.87
ISO.MAKER.m1.all,2026-01-10,14.830000000000002
ISO.MAKER.m1.all,2026-01-11,9.09
ISO.MAKER.m1.all,2026-01-12,-6.109999999999999
ISO.MAKER.m1.all,2026-01-17,19.83
ISO.MAKER.m1.all,2026-01-18,-10.9
