game_id,team,t,duration_s,k_px,pm_px,k_sz,pm_sz,size
cfb_20261003_mtu_ku,home,1791046440418632967,0.246219507,0.93,0.06000000000000005,5.0,164.0,5.0
cfb_20261003_mtu_ku,home,1791047066434878882,0.693381475,0.96,0.030000000000000027,17.3,933.33,17.3
cfb_20261003_mtu_ku,home,1791047067131459459,0.096000697,0.96,0.030000000000000027,17.3,738.33,17.3
cfb_20261003_mtu_ku,home,1791047067233975592,0.004373145,0.96,0.030000000000000027,0.3,738.33,0.3
cfb_20261003_mtu_ku,home,1791047067241338009,0.87393889,0.96,0.030000000000000027,17.3,738.33,17.3
cfb_20261003_mtu_ku,home,1791047068121587942,0.088958273,0.96,0.030000000000000027,17.71,664.33,17.71
cfb_20261003_mtu_ku,home,1791047068216216794,0.015495147,0.96,0.030000000000000027,0.71,664.33,0.71
cfb_20261003_mtu_ku,home,1791047068236568815,0.02990777,0.96,0.030000000000000027,1.41,664.33,1.41
cfb_20261003_mtu_ku,home,1791047068272745371,0.003970086,0.96,0.030000000000000027,0.71,664.33,0.71
cfb_20261003_mtu_ku,home,1791047068284062944,0.004665719,0.96,0.030000000000000027,0.71,664.33,0.71
cfb_20261003_mtu_ku,home,1791047068296044674,0.007213212,0.96,0.030000000000000027,0.71,664.33,0.71
cfb_20261003_mtu_ku,home,1791047068313757018,0.017398869,0.96,0.030000000000000027,20.0,664.33,20.0
cfb_20261003_mtu_ku,home,1791047068336211726,0.007396363,0.96,0.030000000000000027,0.71,664.33,0.71
cfb_20261003_mtu_ku,home,1791047068351308053,0.002939763,0.96,0.030000000000000027,0.71,664.33,0.71
cfb_20261003_mtu_ku,home,1791047068359515939,0.005963773,0.96,0.030000000000000027,0.71,664.33,0.71
cfb_20261003_mtu_ku,home,1791047068368665986,0.004269582,0.96,0.030000000000000027,0.71,664.33,0.71
cfb_20261003_mtu_ku,home,1791047068379317159,0.006611208,0.96,0.030000000000000027,0.71,664.33,0.71
cfb_20261003_mtu_ku,home,1791047068392447268,0.004745479,0.96,0.030000000000000027,0.71,664.33,0.71
cfb_20261003_mtu_ku,home,1791047068405299653,0.002314158,0.96,0.030000000000000027,0.71,664.33,0.71
cfb_20261003_mtu_ku,home,1791047068416597489,0.002336,0.96,0.030000000000000027,0.71,664.33,0.71
cfb_20261003_mtu_ku,home,1791047068427888196,0.002870096,0.96,0.030000000000000027,0.71,664.33,0.71
cfb_20261003_mtu_ku,home,1791047068438030305,0.007061621,0.96,0.030000000000000027,0.71,664.33,0.71
cfb_20261003_mtu_ku,home,1791047068453417424,0.002912024,0.96,0.030000000000000027,0.71,664.33,0.71
cfb_20261003_mtu_ku,home,1791047068461530158,0.006664812,0.96,0.030000000000000027,1.0,664.33,1.0
cfb_20261003_mtu_ku,home,1791047068472611144,0.004243476,0.96,0.030000000000000027,0.71,664.33,0.71
cfb_20261003_mtu_ku,home,1791047068484440234,0.003770332,0.96,0.030000000000000027,0.71,664.33,0.71
cfb_20261003_mtu_ku,home,1791047068494202659,0.00416738,0.96,0.030000000000000027,0.71,664.33,0.71
cfb_20261003_mtu_ku,home,1791047068503552332,0.004975057,0.96,0.030000000000000027,0.71,664.33,0.71
cfb_20261003_mtu_ku,home,1791047068514317843,0.007007717,0.96,0.030000000000000027,0.71,664.33,0.71
cfb_20261003_mtu_ku,home,1791047068525392430,0.004728676,0.96,0.030000000000000027,0.71,664.33,0.71
cfb_20261003_mtu_ku,home,1791047068535654145,0.008419408,0.96,0.030000000000000027,0.71,664.33,0.71
cfb_20261003_mtu_ku,home,1791047068550629275,0.007832506,0.96,0.030000000000000027,0.71,664.33,0.71
cfb_20261003_mtu_ku,home,1791047068567297533,0.005861063,0.96,0.030000000000000027,0.71,664.33,0.71
cfb_20261003_mtu_ku,home,1791047068579560364,0.004232621,0.96,0.030000000000000027,0.71,664.33,0.71
cfb_20261003_mtu_ku,home,1791047068593532948,0.013872745,0.96,0.030000000000000027,0.71,664.33,0.71
cfb_20261003_mtu_ku,home,1791047068614486611,0.003406489,0.96,0.030000000000000027,0.71,664.33,0.71
cfb_20261003_mtu_ku,home,1791047068626462685,0.003760939,0.96,0.030000000000000027,0.71,664.33,0.71
cfb_20261003_mtu_ku,home,1791047068639170220,0.003186285,0.96,0.030000000000000027,0.71,664.33,0.71
cfb_20261003_mtu_ku,home,1791047068649631030,0.005401075,0.96,0.030000000000000027,0.71,664.33,0.71
cfb_20261003_mtu_ku,home,1791047068659931278,0.004294927,0.96,0.030000000000000027,0.47,664.33,0.47
cfb_20261003_mtu_ku,home,1791047068672124902,0.006657101,0.96,0.030000000000000027,0.47,664.33,0.47
cfb_20261003_mtu_ku,home,1791047068680744576,0.006414266,0.96,0.030000000000000027,0.47,664.33,0.47
cfb_20261003_mtu_ku,home,1791047068692367642,0.018054246,0.96,0.030000000000000027,0.47,664.33,0.47
cfb_20261003_mtu_ku,home,1791047068713921585,0.006453891,0.96,0.030000000000000027,0.47,664.33,0.47
cfb_20261003_mtu_ku,home,1791047068725819801,0.00627221,0.96,0.030000000000000027,0.47,664.33,0.47
cfb_20261003_mtu_ku,home,1791047068738917706,0.005094562,0.96,0.030000000000000027,0.47,664.33,0.47
cfb_20261003_mtu_ku,home,1791047068750569822,0.005096455,0.96,0.030000000000000027,0.47,664.33,0.47
cfb_20261003_mtu_ku,home,1791047068763050093,0.004932207,0.96,0.030000000000000027,0.47,664.33,0.47
cfb_20261003_mtu_ku,home,1791047068774793425,0.004457542,0.96,0.030000000000000027,0.47,664.33,0.47
cfb_20261003_mtu_ku,home,1791047068783833150,0.008417606,0.96,0.030000000000000027,0.47,664.33,0.47
cfb_20261003_mtu_ku,home,1791047068793285456,0.013323186,0.96,0.030000000000000027,1.0,664.33,1.0
cfb_20261003_mtu_ku,home,1791047068808401801,0.003476685,0.96,0.030000000000000027,0.47,664.33,0.47
cfb_20261003_mtu_ku,home,1791047068815314525,0.008345295,0.96,0.030000000000000027,1.0,664.33,1.0
cfb_20261003_mtu_ku,home,1791047068828185296,0.00601949,0.96,0.030000000000000027,0.47,664.33,0.47
cfb_20261003_mtu_ku,home,1791047068843089056,0.006176208,0.96,0.030000000000000027,0.47,664.33,0.47
cfb_20261003_mtu_ku,home,1791047068854192614,0.004414302,0.96,0.030000000000000027,0.47,664.33,0.47
cfb_20261003_mtu_ku,home,1791047068865719638,0.008304179,0.96,0.030000000000000027,0.47,664.33,0.47
cfb_20261003_mtu_ku,home,1791047068880684964,0.003044407,0.96,0.030000000000000027,0.47,664.33,0.47
cfb_20261003_mtu_ku,home,1791047068891280489,0.002883495,0.96,0.030000000000000027,0.47,664.33,0.47
cfb_20261003_mtu_ku,home,1791047068900948903,0.004264584,0.96,0.030000000000000027,0.47,664.33,0.47
cfb_20261003_mtu_ku,home,1791047068910919055,0.014255834,0.96,0.030000000000000027,0.47,664.33,0.47
cfb_20261003_mtu_ku,home,1791047068929865202,0.007524301,0.96,0.030000000000000027,0.47,664.33,0.47
cfb_20261003_mtu_ku,home,1791047068942655633,0.023788771,0.96,0.030000000000000027,1.0,664.33,1.0
cfb_20261003_mtu_ku,home,1791047068970275600,0.005716321,0.96,0.030000000000000027,0.47,664.33,0.47
cfb_20261003_mtu_ku,home,1791047068979751838,0.005485763,0.96,0.030000000000000027,0.47,664.33,0.47
cfb_20261003_mtu_ku,home,1791047068990344840,0.003857853,0.96,0.030000000000000027,0.47,664.33,0.47
cfb_20261003_mtu_ku,home,1791047069000934648,0.016642514,0.96,0.030000000000000027,0.47,664.33,0.47
cfb_20261003_mtu_ku,home,1791047069022832867,0.008043007,0.96,0.030000000000000027,0.47,664.33,0.47
cfb_20261003_mtu_ku,home,1791047069036884780,0.005993996,0.96,0.030000000000000027,0.47,664.33,0.47
cfb_20261003_mtu_ku,home,1791047069049633031,0.019687373,0.96,0.030000000000000027,0.47,664.33,0.47
cfb_20261003_mtu_ku,home,1791047069075442306,0.006358479,0.96,0.030000000000000027,0.47,664.33,0.47
cfb_20261003_mtu_ku,home,1791047069087752172,0.020039699,0.96,0.030000000000000027,1.0,664.33,1.0
cfb_20261003_mtu_ku,home,1791047069113310510,0.005497539,0.96,0.030000000000000027,0.47,664.33,0.47
cfb_20261003_mtu_ku,home,1791047069127887067,0.007830184,0.96,0.030000000000000027,0.47,664.33,0.47
cfb_20261003_mtu_ku,home,1791047069139283791,0.006311704,0.96,0.030000000000000027,0.47,664.33,0.47
cfb_20261003_mtu_ku,home,1791047069148409585,0.017724829,0.96,0.030000000000000027,1.0,664.33,1.0
cfb_20261003_mtu_ku,home,1791047069171573362,0.016345134,0.96,0.030000000000000027,0.47,664.33,0.47
cfb_20261003_mtu_ku,home,1791047069193676815,0.004846319,0.96,0.030000000000000027,0.47,664.33,0.47
cfb_20261003_mtu_ku,home,1791047069206183293,0.006133057,0.96,0.030000000000000027,0.47,664.33,0.47
cfb_20261003_mtu_ku,home,1791047069220223640,0.006407216,0.96,0.030000000000000027,0.47,664.33,0.47
cfb_20261003_mtu_ku,home,1791047069232612485,0.004488934,0.96,0.030000000000000027,0.47,664.33,0.47
cfb_20261003_mtu_ku,home,1791047069243435054,0.004452855,0.96,0.030000000000000027,0.47,664.33,0.47
cfb_20261003_mtu_ku,home,1791047069252945790,0.009428633,0.96,0.030000000000000027,1.0,664.33,1.0
cfb_20261003_mtu_ku,home,1791047069267905458,0.003691352,0.96,0.030000000000000027,0.47,664.33,0.47
cfb_20261003_mtu_ku,home,1791047069274638765,0.009017685,0.96,0.030000000000000027,1.0,664.33,1.0
cfb_20261003_mtu_ku,home,1791047069288408619,0.005969821,0.96,0.030000000000000027,0.47,664.33,0.47
cfb_20261003_mtu_ku,home,1791047069301233055,0.008257694,0.96,0.030000000000000027,0.47,664.33,0.47
cfb_20261003_mtu_ku,home,1791047069313500612,0.003847568,0.96,0.030000000000000027,0.47,664.33,0.47
cfb_20261003_mtu_ku,home,1791047069326731690,0.015483583,0.96,0.030000000000000027,20.0,664.33,20.0
cfb_20261003_mtu_ku,home,1791047069350691509,0.002931482,0.96,0.030000000000000027,0.47,664.33,0.47
cfb_20261003_mtu_ku,home,1791047069361175470,0.005211504,0.96,0.030000000000000027,0.47,664.33,0.47
cfb_20261003_mtu_ku,home,1791047069374351032,0.003133763,0.96,0.030000000000000027,0.47,664.33,0.47
cfb_20261003_mtu_ku,home,1791047069385419922,0.010643873,0.96,0.030000000000000027,0.47,664.33,0.47
cfb_20261003_mtu_ku,home,1791047069401123428,0.002698039,0.96,0.030000000000000027,0.47,664.33,0.47
cfb_20261003_mtu_ku,home,1791047069412119857,0.00171385,0.96,0.030000000000000027,0.47,664.33,0.47
cfb_20261003_mtu_ku,home,1791047069420483348,0.003139209,0.96,0.030000000000000027,0.47,664.33,0.47
cfb_20261003_mtu_ku,home,1791047069430863466,0.005864086,0.96,0.030000000000000027,0.47,664.33,0.47
cfb_20261003_mtu_ku,home,1791047069443338139,0.007083261,0.96,0.030000000000000027,0.47,664.33,0.47
cfb_20261003_mtu_ku,home,1791047069454025993,0.020037968,0.96,0.030000000000000027,1.0,664.33,1.0
cfb_20261003_mtu_ku,home,1791047069481054693,0.003780326,0.96,0.030000000000000027,0.47,664.33,0.47
cfb_20261003_mtu_ku,home,1791047069491767080,0.00593275,0.96,0.030000000000000027,0.47,664.33,0.47
cfb_20261003_mtu_ku,home,1791047069507585225,0.001659764,0.96,0.030000000000000027,0.47,664.33,0.47
cfb_20261003_mtu_ku,home,1791047069515113220,0.005442343,0.96,0.030000000000000027,0.47,664.33,0.47
cfb_20261003_mtu_ku,home,1791047069525938284,0.005959577,0.96,0.030000000000000027,0.47,664.33,0.47
cfb_20261003_mtu_ku,home,1791047069536058042,0.004817459,0.96,0.030000000000000027,0.47,664.33,0.47
cfb_20261003_mtu_ku,home,1791047069550739826,0.004965113,0.96,0.030000000000000027,0.47,664.33,0.47
cfb_20261003_mtu_ku,home,1791047069564756440,0.007190138,0.96,0.030000000000000027,0.47,664.33,0.47
cfb_20261003_mtu_ku,home,1791047069574802295,0.00612731,0.96,0.030000000000000027,0.47,664.33,0.47
cfb_20261003_mtu_ku,home,1791047069586465727,0.004889158,0.96,0.030000000000000027,0.47,664.33,0.47
cfb_20261003_mtu_ku,home,1791047069596785562,0.002857139,0.96,0.030000000000000027,0.47,664.33,0.47
cfb_20261003_mtu_ku,home,1791047069606555226,0.00489781,0.96,0.030000000000000027,0.47,664.33,0.47
cfb_20261003_mtu_ku,home,1791047069617773422,0.005637062,0.96,0.030000000000000027,0.47,664.33,0.47
cfb_20261003_mtu_ku,home,1791047069628502091,0.005649901,0.96,0.030000000000000027,0.47,664.33,0.47
cfb_20261003_mtu_ku,home,1791047069645050356,0.001559065,0.96,0.030000000000000027,0.47,664.33,0.47
cfb_20261003_mtu_ku,home,1791047069650538001,0.007167307,0.96,0.030000000000000027,0.47,664.33,0.47
cfb_20261003_mtu_ku,home,1791047069666871808,0.003462977,0.96,0.030000000000000027,0.47,664.33,0.47
cfb_20261003_mtu_ku,home,1791047069676481482,0.020599573,0.96,0.030000000000000027,0.47,664.33,0.47
cfb_20261003_mtu_ku,home,1791047069698428148,0.005832491,0.96,0.030000000000000027,0.47,664.33,0.47
cfb_20261003_mtu_ku,home,1791047069711560599,0.007197078,0.96,0.030000000000000027,0.47,664.33,0.47
cfb_20261003_mtu_ku,home,1791047069726246419,0.004005116,0.96,0.030000000000000027,0.47,664.33,0.47
cfb_20261003_mtu_ku,home,1791047069735345906,0.005243889,0.96,0.030000000000000027,0.47,664.33,0.47
cfb_20261003_mtu_ku,home,1791047069746181825,0.004172076,0.96,0.030000000000000027,0.47,664.33,0.47
cfb_20261003_mtu_ku,home,1791047069758641748,0.003572127,0.96,0.030000000000000027,0.47,664.33,0.47
cfb_20261003_mtu_ku,home,1791047069768856357,0.005261672,0.96,0.030000000000000027,0.47,664.33,0.47
cfb_20261003_mtu_ku,home,1791047069779466503,0.005118665,0.96,0.030000000000000027,0.47,664.33,0.47
cfb_20261003_mtu_ku,home,1791047069788633152,0.004874749,0.96,0.030000000000000027,0.47,664.33,0.47
cfb_20261003_mtu_ku,home,1791047069798471772,0.004025344,0.96,0.030000000000000027,0.47,664.33,0.47
cfb_20261003_mtu_ku,home,1791047069808794311,0.005507372,0.96,0.030000000000000027,0.47,664.33,0.47
cfb_20261003_mtu_ku,home,1791047069818837803,0.004376069,0.96,0.030000000000000027,0.47,664.33,0.47
cfb_20261003_mtu_ku,home,1791047069830481848,0.005424047,0.96,0.030000000000000027,0.47,664.33,0.47
cfb_20261003_mtu_ku,home,1791047069840810405,0.00570164,0.96,0.030000000000000027,0.47,664.33,0.47
cfb_20261003_mtu_ku,home,1791047069852319794,0.012417564,0.96,0.030000000000000027,0.47,664.33,0.47
cfb_20261003_mtu_ku,home,1791047069873318849,0.003174538,0.96,0.030000000000000027,0.47,664.33,0.47
cfb_20261003_mtu_ku,home,1791047069882217640,0.004157316,0.96,0.030000000000000027,0.47,664.33,0.47
cfb_20261003_mtu_ku,home,1791047069892726887,0.0047826,0.96,0.030000000000000027,0.47,664.33,0.47
cfb_20261003_mtu_ku,home,1791047069903155221,0.003185313,0.96,0.030000000000000027,0.47,664.33,0.47
cfb_20261003_mtu_ku,home,1791047069912440706,0.005022341,0.96,0.030000000000000027,0.47,664.33,0.47
cfb_20261003_mtu_ku,home,1791047069926476446,0.001938701,0.96,0.030000000000000027,0.47,664.33,0.47
cfb_20261003_mtu_ku,home,1791047069932334685,0.006324812,0.96,0.030000000000000027,0.47,664.33,0.47
cfb_20261003_mtu_ku,home,1791047069944235304,0.004217099,0.96,0.030000000000000027,0.47,664.33,0.47
cfb_20261003_mtu_ku,home,1791047069955238512,0.003498526,0.96,0.030000000000000027,0.47,664.33,0.47
cfb_20261003_mtu_ku,home,1791047069969267934,0.003411617,0.96,0.030000000000000027,0.47,664.33,0.47
cfb_20261003_mtu_ku,home,1791047069979164785,0.005842996,0.96,0.030000000000000027,0.47,664.33,0.47
cfb_20261003_mtu_ku,home,1791047069989944105,0.004987074,0.96,0.030000000000000027,0.47,664.33,0.47
cfb_20261003_mtu_ku,home,1791047070005127471,0.004914725,0.96,0.030000000000000027,0.47,664.33,0.47
cfb_20261003_mtu_ku,home,1791047070013930150,0.015982831,0.96,0.030000000000000027,0.47,664.33,0.47
cfb_20261003_mtu_ku,home,1791047070034263074,0.003844995,0.96,0.030000000000000027,0.47,664.33,0.47
cfb_20261003_mtu_ku,home,1791047070044700361,0.004709319,0.96,0.030000000000000027,0.47,664.33,0.47
cfb_20261003_mtu_ku,home,1791047070054662161,0.006132356,0.96,0.030000000000000027,0.47,664.33,0.47
cfb_20261003_mtu_ku,home,1791047070067680165,0.007811397,0.96,0.030000000000000027,0.47,664.33,0.47
cfb_20261003_mtu_ku,home,1791047070080566286,0.022479053,0.96,0.030000000000000027,0.47,664.33,0.47
cfb_20261003_mtu_ku,home,1791047070110712197,0.005491801,0.96,0.030000000000000027,0.47,664.33,0.47
cfb_20261003_mtu_ku,home,1791047070123346590,0.017260258,0.96,0.030000000000000027,0.47,664.33,0.47
cfb_20261003_mtu_ku,home,1791047070143873484,0.008091664,0.96,0.030000000000000027,1.0,664.33,1.0
cfb_20261003_mtu_ku,home,1791047070154884083,0.008113875,0.96,0.030000000000000027,0.47,664.33,0.47
cfb_20261003_mtu_ku,home,1791047070176618255,0.007711489,0.96,0.030000000000000027,0.47,664.33,0.47
cfb_20261003_mtu_ku,home,1791047070189653843,0.018526928,0.96,0.030000000000000027,1.0,664.33,1.0
cfb_20261003_mtu_ku,home,1791047070213185520,0.015613161,0.96,0.030000000000000027,0.47,664.33,0.47
cfb_20261003_mtu_ku,home,1791047070236417492,0.005882841,0.96,0.030000000000000027,0.47,664.33,0.47
cfb_20261003_mtu_ku,home,1791047070268684583,0.003723447,0.96,0.030000000000000027,0.47,664.33,0.47
cfb_20261003_mtu_ku,home,1791047070448581756,0.001139154,0.96,0.030000000000000027,0.47,664.33,0.47
cfb_20261003_mtu_ku,home,1791047070453626770,0.000595513,0.96,0.030000000000000027,0.47,664.33,0.47
cfb_20261003_mtu_ku,home,1791047070457949133,0.000571651,0.96,0.030000000000000027,0.47,664.33,0.47
cfb_20261003_mtu_ku,home,1791047070464621476,0.004031462,0.96,0.030000000000000027,0.47,664.33,0.47
cfb_20261003_mtu_ku,home,1791047070470351837,0.012677754,0.96,0.030000000000000027,0.47,664.33,0.47
cfb_20261003_mtu_ku,home,1791047070484736471,0.002400427,0.96,0.030000000000000027,0.47,664.33,0.47
cfb_20261003_mtu_ku,home,1791047070488174523,0.014626426,0.96,0.030000000000000027,0.47,664.33,0.47
cfb_20261003_mtu_ku,home,1791047070509664888,0.031621108,0.96,0.030000000000000027,1.0,664.33,1.0
cfb_20261003_mtu_ku,home,1791047070546887879,0.006969954,0.96,0.030000000000000027,0.47,664.33,0.47
cfb_20261003_mtu_ku,home,1791047070591044385,0.003963858,0.96,0.030000000000000027,0.47,664.33,0.47
cfb_20261003_mtu_ku,home,1791047070604072582,0.008510484,0.96,0.030000000000000027,0.47,664.33,0.47
cfb_20261003_mtu_ku,home,1791047070709478679,0.013247473,0.96,0.030000000000000027,0.47,664.33,0.47
cfb_20261003_mtu_ku,home,1791047070723791814,0.000589095,0.96,0.030000000000000027,1.0,664.33,1.0
cfb_20261003_mtu_ku,home,1791047070728122981,0.006505172,0.96,0.030000000000000027,0.47,664.33,0.47
cfb_20261003_mtu_ku,home,1791047070766215364,0.02284669,0.96,0.030000000000000027,0.47,664.33,0.47
cfb_20261003_mtu_ku,home,1791047070790300214,0.026498017,0.96,0.030000000000000027,1.0,664.33,1.0
cfb_20261003_mtu_ku,home,1791047070825189371,0.011637456,0.96,0.030000000000000027,1.0,664.33,1.0
cfb_20261003_mtu_ku,home,1791047070869025804,0.045956253,0.96,0.030000000000000027,0.47,664.33,0.47
cfb_20261003_mtu_ku,home,1791047070923150437,0.00483994,0.96,0.030000000000000027,0.47,664.33,0.47
cfb_20261003_mtu_ku,home,1791047070939607225,0.010166352,0.96,0.030000000000000027,0.47,664.33,0.47
cfb_20261003_mtu_ku,home,1791047070950946248,0.004947278,0.96,0.030000000000000027,1.0,664.33,1.0
cfb_20261003_mtu_ku,home,1791047070957869127,0.024042122,0.96,0.030000000000000027,20.0,664.33,20.0
cfb_20261003_mtu_ku,home,1791047071016052430,0.026024032,0.96,0.030000000000000027,0.47,664.33,0.47
cfb_20261003_mtu_ku,home,1791047071065578918,0.02107406,0.96,0.030000000000000027,0.47,664.33,0.47
cfb_20261003_mtu_ku,home,1791047071116652525,0.004833832,0.96,0.030000000000000027,0.47,664.33,0.47
cfb_20261003_mtu_ku,home,1791047071127369057,0.015664903,0.96,0.030000000000000027,0.47,664.33,0.47
cfb_20261003_mtu_ku,home,1791047071153179294,0.017196539,0.96,0.030000000000000027,20.0,664.33,20.0
cfb_20261003_mtu_ku,home,1791047071176458872,0.020356337,0.96,0.030000000000000027,0.47,664.33,0.47
cfb_20261003_mtu_ku,home,1791047071215068911,0.024726888,0.96,0.030000000000000027,0.47,664.33,0.47
cfb_20261003_mtu_ku,home,1791047071243650949,0.010617586,0.96,0.030000000000000027,1.0,664.33,1.0
cfb_20261003_mtu_ku,home,1791047071258249627,0.006830872,0.96,0.030000000000000027,0.47,664.33,0.47
cfb_20261003_mtu_ku,home,1791047071292406109,0.006029295,0.96,0.030000000000000027,0.47,664.33,0.47
cfb_20261003_mtu_ku,home,1791047071311890894,0.004678666,0.96,0.030000000000000027,0.47,664.33,0.47
cfb_20261003_mtu_ku,home,1791047071341760110,0.004100938,0.96,0.030000000000000027,0.47,664.33,0.47
cfb_20261003_mtu_ku,home,1791047071352255987,0.054312133,0.96,0.030000000000000027,0.47,664.33,0.47
cfb_20261003_mtu_ku,home,1791047071409190876,0.016114595,0.96,0.030000000000000027,0.47,664.33,0.47
cfb_20261003_mtu_ku,home,1791047071440952989,0.007960623,0.96,0.030000000000000027,0.47,664.33,0.47
cfb_20261003_mtu_ku,home,1791047071450658725,0.008380012,0.96,0.030000000000000027,1.0,664.33,1.0
cfb_20261003_mtu_ku,home,1791047071465381154,0.003824497,0.96,0.030000000000000027,0.47,664.33,0.47
cfb_20261003_mtu_ku,home,1791047071492083444,0.011500336,0.96,0.030000000000000027,0.47,664.33,0.47
cfb_20261003_mtu_ku,home,1791047071507333664,0.032917299,0.96,0.030000000000000027,1.0,664.33,1.0
cfb_20261003_mtu_ku,home,1791047071545573540,0.003910315,0.96,0.030000000000000027,0.47,664.33,0.47
cfb_20261003_mtu_ku,home,1791047071575369315,0.004008321,0.96,0.030000000000000027,0.47,664.33,0.47
cfb_20261003_mtu_ku,home,1791047071582644532,0.035596643,0.96,0.030000000000000027,1.0,664.33,1.0
cfb_20261003_mtu_ku,home,1791047071641354162,0.005934393,0.96,0.030000000000000027,0.47,664.33,0.47
cfb_20261003_mtu_ku,home,1791047071654799298,0.00698925,0.96,0.030000000000000027,0.47,664.33,0.47
cfb_20261003_mtu_ku,home,1791047071812273696,0.002474501,0.96,0.030000000000000027,0.47,664.33,0.47
cfb_20261003_mtu_ku,home,1791047071816455556,0.000678478,0.96,0.030000000000000027,0.47,664.33,0.47
cfb_20261003_mtu_ku,home,1791047071818667664,0.000654054,0.96,0.030000000000000027,0.47,664.33,0.47
cfb_20261003_mtu_ku,home,1791047071821412117,0.002739197,0.96,0.030000000000000027,0.47,664.33,0.47
cfb_20261003_mtu_ku,home,1791047071826232311,0.000534888,0.96,0.030000000000000027,0.47,664.33,0.47
cfb_20261003_mtu_ku,home,1791047071829367764,0.001532309,0.96,0.030000000000000027,0.47,664.33,0.47
cfb_20261003_mtu_ku,home,1791047071842194294,0.006463935,0.96,0.030000000000000027,20.0,664.33,20.0
cfb_20261003_mtu_ku,home,1791047071852005525,0.014057441,0.96,0.030000000000000027,0.47,664.33,0.47
cfb_20261003_mtu_ku,home,1791047071873087376,0.0042982,0.96,0.030000000000000027,0.47,664.33,0.47
cfb_20261003_mtu_ku,home,1791047071890414837,0.002940104,0.96,0.030000000000000027,0.47,664.33,0.47
cfb_20261003_mtu_ku,home,1791047071941979772,0.005513751,0.96,0.030000000000000027,0.47,664.33,0.47
cfb_20261003_mtu_ku,home,1791047071965379706,0.024404293,0.96,0.030000000000000027,0.47,664.33,0.47
cfb_20261003_mtu_ku,home,1791047071995208367,0.007925025,0.96,0.030000000000000027,20.0,664.33,20.0
cfb_20261003_mtu_ku,home,1791047072008133233,0.007410103,0.96,0.030000000000000027,0.47,664.33,0.47
cfb_20261003_mtu_ku,home,1791047072029752566,0.006074937,0.96,0.030000000000000027,0.47,664.33,0.47
cfb_20261003_mtu_ku,home,1791047072047110208,0.019151382,0.96,0.030000000000000027,0.47,664.33,0.47
cfb_20261003_mtu_ku,home,1791047072091990374,0.004056467,0.96,0.030000000000000027,0.47,664.33,0.47
cfb_20261003_mtu_ku,home,1791047072111895878,0.003913239,0.96,0.030000000000000027,0.47,664.33,0.47
cfb_20261003_mtu_ku,home,1791047072184549995,0.001178688,0.96,0.030000000000000027,0.47,664.33,0.47
cfb_20261003_mtu_ku,home,1791047072187443964,0.022241964,0.96,0.030000000000000027,0.47,664.33,0.47
cfb_20261003_mtu_ku,home,1791047072216542055,0.013588934,0.96,0.030000000000000027,0.47,664.33,0.47
cfb_20261003_mtu_ku,home,1791047072237283435,0.028499322,0.96,0.030000000000000027,0.47,664.33,0.47
cfb_20261003_mtu_ku,home,1791047072291910252,0.007467602,0.96,0.030000000000000027,0.47,664.33,0.47
cfb_20261003_mtu_ku,home,1791047072316054977,0.013226311,0.96,0.030000000000000027,0.47,664.33,0.47
cfb_20261003_mtu_ku,home,1791047072339783385,0.05935297,0.96,0.030000000000000027,0.47,664.33,0.47
cfb_20261003_mtu_ku,home,1791047072403079216,0.013032544,0.96,0.030000000000000027,0.47,664.33,0.47
cfb_20261003_mtu_ku,home,1791047072421176642,0.018156225,0.96,0.030000000000000027,0.47,664.33,0.47
cfb_20261003_mtu_ku,home,1791047072445869482,0.006504722,0.96,0.030000000000000027,0.47,664.33,0.47
cfb_20261003_mtu_ku,home,1791047072492757484,0.004010913,0.96,0.030000000000000027,0.47,664.33,0.47
cfb_20261003_mtu_ku,home,1791047072503036952,0.009559064,0.96,0.030000000000000027,0.47,664.33,0.47
cfb_20261003_mtu_ku,home,1791047072516806625,0.050944318,0.96,0.030000000000000027,0.47,664.33,0.47
cfb_20261003_mtu_ku,home,1791047072572328241,0.004445423,0.96,0.030000000000000027,0.47,664.33,0.47
cfb_20261003_mtu_ku,home,1791047072585243482,0.01280548,0.96,0.030000000000000027,0.47,664.33,0.47
cfb_20261003_mtu_ku,home,1791047072604062836,0.014964073,0.96,0.030000000000000027,0.47,664.33,0.47
cfb_20261003_mtu_ku,home,1791047072626131069,0.01499029,0.96,0.030000000000000027,0.47,664.33,0.47
cfb_20261003_mtu_ku,home,1791047072646826185,0.007284489,0.96,0.030000000000000027,0.47,664.33,0.47
cfb_20261003_mtu_ku,home,1791047072665759175,0.025443619,0.96,0.030000000000000027,0.47,664.33,0.47
cfb_20261003_mtu_ku,home,1791047072698008341,0.006367571,0.96,0.030000000000000027,0.47,664.33,0.47
cfb_20261003_mtu_ku,home,1791047072708781943,0.007991676,0.96,0.030000000000000027,0.47,664.33,0.47
cfb_20261003_mtu_ku,home,1791047072741135233,0.003916273,0.96,0.030000000000000027,0.47,664.33,0.47
cfb_20261003_mtu_ku,home,1791047072757950226,0.0112654,0.96,0.030000000000000027,0.47,664.33,0.47
cfb_20261003_mtu_ku,home,1791047072791245047,0.147377152,0.96,0.030000000000000027,0.47,664.33,0.47
cfb_20261003_mtu_ku,home,1791047072940811965,0.000604266,0.96,0.030000000000000027,0.47,664.33,0.47
cfb_20261003_mtu_ku,home,1791047072942987924,0.000647595,0.96,0.030000000000000027,0.47,664.33,0.47
cfb_20261003_mtu_ku,home,1791047072948082034,0.000531065,0.96,0.030000000000000027,0.47,664.33,0.47
cfb_20261003_mtu_ku,home,1791047072950085865,0.000500942,0.96,0.030000000000000027,0.47,664.33,0.47
cfb_20261003_mtu_ku,home,1791047072962352220,0.000575806,0.96,0.030000000000000027,0.47,664.33,0.47
cfb_20261003_mtu_ku,home,1791047072964965822,0.002276677,0.96,0.030000000000000027,0.47,664.33,0.47
cfb_20261003_mtu_ku,home,1791047072969370501,0.001233585,0.96,0.030000000000000027,0.47,664.33,0.47
cfb_20261003_mtu_ku,home,1791047072974579781,0.023142279,0.96,0.030000000000000027,0.47,664.33,0.47
cfb_20261003_mtu_ku,home,1791047073043941155,0.005232143,0.96,0.030000000000000027,0.47,664.33,0.47
cfb_20261003_mtu_ku,home,1791047073064727598,0.00476794,0.96,0.030000000000000027,0.47,664.33,0.47
cfb_20261003_mtu_ku,home,1791047073090750888,0.004621469,0.96,0.030000000000000027,0.47,664.33,0.47
cfb_20261003_mtu_ku,home,1791047073102007698,0.015011811,0.96,0.030000000000000027,0.47,664.33,0.47
cfb_20261003_mtu_ku,home,1791047073125993372,0.014844369,0.96,0.030000000000000027,0.47,664.33,0.47
cfb_20261003_mtu_ku,home,1791047073150830193,0.017712023,0.96,0.030000000000000027,0.47,664.33,0.47
cfb_20261003_mtu_ku,home,1791047073172435406,0.018937117,0.96,0.030000000000000027,0.47,664.33,0.47
cfb_20261003_mtu_ku,home,1791047073196983428,0.00488261,0.96,0.030000000000000027,0.47,664.33,0.47
cfb_20261003_mtu_ku,home,1791047073217176941,0.0043119,0.96,0.030000000000000027,0.47,664.33,0.47
cfb_20261003_mtu_ku,home,1791047073235658687,0.029779653,0.96,0.030000000000000027,0.47,664.33,0.47
cfb_20261003_mtu_ku,home,1791047073272949443,0.004759288,0.96,0.030000000000000027,0.47,664.33,0.47
cfb_20261003_mtu_ku,home,1791047073284890918,0.004267749,0.96,0.030000000000000027,0.47,664.33,0.47
cfb_20261003_mtu_ku,home,1791047073293893912,0.008997237,0.96,0.030000000000000027,0.47,664.33,0.47
cfb_20261003_mtu_ku,home,1791047073322154435,0.038440736,0.96,0.030000000000000027,0.47,664.33,0.47
cfb_20261003_mtu_ku,home,1791047073454357433,0.009866127,0.96,0.030000000000000027,0.47,664.33,0.47
cfb_20261003_mtu_ku,home,1791047073465890023,0.001792609,0.96,0.030000000000000027,0.47,664.33,0.47
cfb_20261003_mtu_ku,home,1791047073470441215,0.003944182,0.96,0.030000000000000027,0.47,664.33,0.47
cfb_20261003_mtu_ku,home,1791047073485857063,0.034482163,0.96,0.030000000000000027,0.47,664.33,0.47
cfb_20261003_mtu_ku,home,1791047073523274113,0.008267307,0.96,0.030000000000000027,0.47,664.33,0.47
cfb_20261003_mtu_ku,home,1791047073541958540,0.022838908,0.96,0.030000000000000027,0.47,664.33,0.47
cfb_20261003_mtu_ku,home,1791047073572429338,0.020866543,0.96,0.030000000000000027,0.47,664.33,0.47
cfb_20261003_mtu_ku,home,1791047073599776078,0.008909064,0.96,0.030000000000000027,0.47,664.33,0.47
cfb_20261003_mtu_ku,home,1791047073612664834,0.023876793,0.96,0.030000000000000027,0.47,664.33,0.47
cfb_20261003_mtu_ku,home,1791047073666718098,0.005624916,0.96,0.030000000000000027,0.47,664.33,0.47
cfb_20261003_mtu_ku,home,1791047073677956883,0.006472596,0.96,0.030000000000000027,0.47,664.33,0.47
cfb_20261003_mtu_ku,home,1791047073712388776,0.000620468,0.96,0.030000000000000027,0.47,664.33,0.47
cfb_20261003_mtu_ku,home,1791047073714823061,0.003990646,0.96,0.030000000000000027,0.47,664.33,0.47
cfb_20261003_mtu_ku,home,1791047073722827566,0.019045265,0.96,0.030000000000000027,0.47,664.33,0.47
cfb_20261003_mtu_ku,home,1791047073752529260,0.011309523,0.96,0.030000000000000027,0.47,664.33,0.47
cfb_20261003_mtu_ku,home,1791047073772606571,0.018363725,0.96,0.030000000000000027,0.47,664.33,0.47
cfb_20261003_mtu_ku,home,1791047073797709590,0.003565519,0.96,0.030000000000000027,0.47,664.33,0.47
cfb_20261003_mtu_ku,home,1791047073808095016,0.013389087,0.96,0.030000000000000027,20.0,664.33,20.0
cfb_20261003_mtu_ku,away,1791046446119966132,0.02729624,0.06000000000000005,0.93,16.6,15.0,15.0
cfb_20261003_mtu_ku,away,1791046446169405630,0.887518319,0.050000000000000044,0.93,984.4,15.0,15.0
cfb_20261003_mtu_ku,away,1791047494954412722,1.195259209,0.020000000000000018,0.97,838.78,3.96,3.96
cfb_20261003_navy_afa,home,1791044696365874004,0.316057611,0.51,0.44999999999999996,10.0,188.0,10.0
cfb_20261003_navy_afa,home,1791046754372998658,0.066101228,0.79,0.18999999999999995,28.0,20.0,20.0
cfb_20261003_navy_afa,home,1791050267662405263,0.047743905,0.91,0.07999999999999996,73.17,30.0,30.0
cfb_20261003_navy_afa,home,1791050917028903132,0.068849363,0.8,0.18000000000000005,4937.84,0.55,0.55
cfb_20261003_navy_afa,home,1791051921416224014,0.305571925,0.81,0.17000000000000004,214.9,58.0,58.0
cfb_20261003_navy_afa,home,1791052325679290739,0.028596569,0.7,0.27,5.0,25.0,5.0
cfb_20261003_navy_afa,home,1791053423013522260,0.098879814,0.84,0.14,72.77,10.0,10.0
cfb_20261003_navy_afa,home,1791053979444595952,0.614823378,0.76,0.20999999999999996,64.0,18.0,18.0
cfb_20261003_navy_afa,home,1791054029288996807,0.412497839,0.85,0.13,6.0,5011.0,6.0
cfb_20261003_navy_afa,away,1791046800993167151,0.06639213,0.16000000000000003,0.82,0.01,20.0,0.01
cfb_20261003_navy_afa,away,1791048198121323030,0.228367698,0.15000000000000002,0.82,1671.01,10.0,10.0
cfb_20261003_navy_afa,away,1791051908395790602,0.112361598,0.24,0.72,225.44,10.0,10.0
cfb_20261003_navy_afa,away,1791051933541584200,0.358698332,0.24,0.71,273.02,58.0,58.0
cfb_20261003_navy_afa,away,1791052415820370242,0.025039804,0.27,0.7,963.0,36.0,36.0
cfb_20261003_navy_afa,away,1791052967764278928,0.307269122,0.24,0.73,463.0,16.47,16.47
cfb_20261003_navy_afa,away,1791053013516696521,0.009904122,0.20999999999999996,0.76,280.14,144.0,144.0
cfb_20261003_navy_afa,away,1791053310596032350,0.140517661,0.22999999999999998,0.74,21.28,10.0,10.0
cfb_20261003_navy_afa,away,1791054019628737305,1.315184806,0.14,0.84,56.0,62.0,56.0
cfb_20261003_navy_afa,away,1791054057479884926,24.21092043,0.12,0.86,535.99,2124.13,535.99
cfb_20261003_navy_afa,away,1791054274105937868,0.073860246,0.06999999999999995,0.92,11630.959999999995,379.0,379.0
cfb_20261003_navy_afa,away,1791054512311646380,7.397770605,0.040000000000000036,0.95,881.54,2431.41,881.54
cfb_20261003_navy_afa,away,1791054536944134950,4.445656161,0.030000000000000027,0.96,490.02,1889.69,490.02
cfb_20261003_navy_afa,away,1791054610490550544,3.834170683,0.010000000000000009,0.98,8284.59,1989.89,1989.89
cfb_20261003_nd_unc,home,1791045119936454015,0.03906118,0.07,0.9,504.29,206.57,206.57
cfb_20261003_nd_unc,home,1791045119985962926,0.001695623,0.08,0.9,400.0000000019245,206.57,206.57
cfb_20261003_nd_unc,home,1791045136656317132,1.428998812,0.07,0.92,1303.0,145.0,145.0
cfb_20261003_nd_unc,away,1791045121909266369,1.150856759,0.92,0.07,73.0,257.71,73.0
cfb_20261003_wvu_isu,home,1791044551212194782,0.150636066,0.4,0.56,312.1,5.0,5.0
cfb_20261003_wvu_isu,home,1791045177107805526,0.428954274,0.39,0.5700000000000001,0.01,15.0,0.01
cfb_20261003_wvu_isu,home,1791045177614702061,0.022975027,0.39,0.5700000000000001,0.01,15.0,0.01
cfb_20261003_wvu_isu,home,1791045461592987916,0.062409272,0.46,0.5,55.0,15.0,15.0
cfb_20261003_wvu_isu,home,1791045461670351207,0.385963438,0.44,0.5,75.0,15.0,15.0
cfb_20261003_wvu_isu,home,1791048453304767254,1.459810022,0.61,0.33999999999999997,77.91,144.0,77.91
cfb_20261003_wvu_isu,home,1791048454765130823,0.235556065,0.62,0.35,23.95,200.0,23.95
cfb_20261003_wvu_isu,home,1791048455020765741,0.049601522,0.62,0.35,957.49,144.0,144.0
cfb_20261003_wvu_isu,home,1791048455088132599,0.006341907,0.63,0.33999999999999997,24.95,144.0,24.95
cfb_20261003_wvu_isu,home,1791051404514961541,0.191040551,0.9,0.07999999999999996,1069.96,250.0,250.0
cfb_20261003_wvu_isu,home,1791051484474094104,0.019328949,0.9,0.07999999999999996,11.2,10.0,10.0
cfb_20261003_wvu_isu,home,1791051677691865609,0.144983031,0.79,0.18999999999999995,42.05,49.0,42.05
cfb_20261003_wvu_isu,home,1791053379938902086,0.167054684,0.53,0.43000000000000005,122.19,62.0,62.0
cfb_20261003_wvu_isu,home,1791053539866168387,0.090187098,0.31,0.6599999999999999,172.0,5.0,5.0
cfb_20261003_wvu_isu,home,1791054307277010552,0.026823988,0.46,0.5,50.0,10.0,10.0
cfb_20261003_wvu_isu,home,1791054310996109242,0.016681449,0.31,0.6599999999999999,99.0,10.0,10.0
cfb_20261003_wvu_isu,home,1791054311014035572,0.04697208,0.31,0.6599999999999999,108.0,10.0,10.0
cfb_20261003_wvu_isu,home,1791054328344325979,0.154463654,0.34,0.61,162.94,184.43,162.94
cfb_20261003_wvu_isu,home,1791054328538113521,0.070465465,0.33,0.64,2302.9499999999994,10.0,10.0
cfb_20261003_wvu_isu,home,1791054329899192087,0.173690873,0.31,0.6599999999999999,226.0,10.0,10.0
cfb_20261003_wvu_isu,home,1791054352058619259,0.532295511,0.34,0.63,1067.1,62.0,62.0
cfb_20261003_wvu_isu,home,1791054652645187387,1.192498501,0.53,0.43000000000000005,62.0,1676.0,62.0
cfb_20261003_wvu_isu,home,1791055030867885190,2.262361692,0.67,0.30000000000000004,152.0,600.45,152.0
cfb_20261003_wvu_isu,home,1791055034855970588,0.001965306,0.59,0.38,41.0,87.0,41.0
cfb_20261003_wvu_isu,home,1791055034864685874,0.034548907,0.59,0.38,14.0,87.0,14.0
cfb_20261003_wvu_isu,home,1791055038386712846,0.664710266,0.74,0.22999999999999998,50.0,17.88,17.88
cfb_20261003_wvu_isu,home,1791055043006046707,0.050719227,0.66,0.31000000000000005,14.0,62.0,14.0
cfb_20261003_wvu_isu,home,1791055123925703431,0.129953871,0.73,0.24,2154.0,72.0,72.0
cfb_20261003_wvu_isu,home,1791055160041620781,0.007339104,0.7,0.27,8.46,50.5,8.46
cfb_20261003_wvu_isu,home,1791055160050645686,0.020371769,0.7,0.27,64.0,50.5,50.5
cfb_20261003_wvu_isu,home,1791055172945615649,0.113150273,0.63,0.33999999999999997,514.0,153.84,153.84
cfb_20261003_wvu_isu,home,1791055192026156783,0.031994634,0.82,0.16000000000000003,7.0,62.0,7.0
cfb_20261003_wvu_isu,home,1791055222157511400,0.222517868,0.87,0.10999999999999999,6.0,82.0,6.0
cfb_20261003_wvu_isu,home,1791055228294050568,0.005690366,0.91,0.07999999999999996,1816.0,72.0,72.0
cfb_20261003_wvu_isu,home,1791055228301507135,0.210369446,0.91,0.07999999999999996,1.0,72.0,1.0
cfb_20261003_wvu_isu,home,1791055238110494926,0.010169267,0.86,0.08999999999999997,365.13,221.0,221.0
cfb_20261003_wvu_isu,home,1791055242594503320,0.15843523,0.91,0.07999999999999996,3.0,62.0,3.0
cfb_20261003_wvu_isu,home,1791055244340340986,0.138641178,0.91,0.07999999999999996,3.0,62.0,3.0
cfb_20261003_wvu_isu,home,1791055247734322880,0.067687692,0.91,0.07999999999999996,3.0,9.83,3.0
cfb_20261003_wvu_isu,home,1791055251359891496,0.215700535,0.93,0.06000000000000005,3.0,62.0,3.0
cfb_20261003_wvu_isu,home,1791055252177281563,0.081363236,0.92,0.06999999999999995,1.0,37.53,1.0
cfb_20261003_wvu_isu,home,1791055256054332083,0.004117402,0.91,0.07999999999999996,38.44,9.83,9.83
cfb_20261003_wvu_isu,home,1791055350305204187,0.021090302,0.76,0.20999999999999996,41.86,216.0,41.86
cfb_20261003_wvu_isu,home,1791055350377055753,13.061961106,0.76,0.20999999999999996,14.0,216.0,14.0
cfb_20261003_wvu_isu,home,1791055363536771560,0.874076774,0.63,0.33999999999999997,62.0,144.0,62.0
cfb_20261003_wvu_isu,home,1791055381174913502,0.019578884,0.63,0.33999999999999997,41.47,144.0,41.47
cfb_20261003_wvu_isu,home,1791055381198239806,1.702972803,0.63,0.33999999999999997,41.24,144.0,41.24
cfb_20261003_wvu_isu,home,1791055382904891944,0.283717061,0.63,0.32999999999999996,4502.389999999999,62.0,62.0
cfb_20261003_wvu_isu,home,1791055404674436397,1.466087014,0.64,0.32999999999999996,35574.280000000006,144.0,144.0
cfb_20261003_wvu_isu,home,1791055465450831763,0.474078811,0.76,0.20999999999999996,16938.36,72.0,72.0
cfb_20261003_wvu_isu,away,1791045494899913203,0.155841876,0.53,0.43,17.99,5.0,5.0
cfb_20261003_wvu_isu,away,1791046409728050999,0.35714958,0.31000000000000005,0.66,2159.92,45.0,45.0
cfb_20261003_wvu_isu,away,1791048213109129932,0.044493512,0.43000000000000005,0.53,1244.1399999999999,136.06,136.06
cfb_20261003_wvu_isu,away,1791048412468311041,0.266508247,0.33999999999999997,0.63,55.0,25.0,25.0
cfb_20261003_wvu_isu,away,1791048414285748535,1.073743596,0.33999999999999997,0.63,10687.0,144.0,144.0
cfb_20261003_wvu_isu,away,1791048433305329671,0.627447059,0.30000000000000004,0.67,7.0,5.0,5.0
cfb_20261003_wvu_isu,away,1791048503439345484,0.023896211,0.36,0.61,439.06,62.0,62.0
cfb_20261003_wvu_isu,away,1791048784531347162,0.033970527,0.30000000000000004,0.67,140.3,5508.06,140.3
cfb_20261003_wvu_isu,away,1791048784582894293,0.95168419,0.30000000000000004,0.67,172.0,5508.06,172.0
cfb_20261003_wvu_isu,away,1791048786064064062,5.730002023,0.30000000000000004,0.67,1431.0,5508.06,1431.0
cfb_20261003_wvu_isu,away,1791048791801421011,0.031899113,0.30000000000000004,0.67,243.0,5508.06,243.0
cfb_20261003_wvu_isu,away,1791048791837023413,1.067484003,0.30000000000000004,0.67,26.9,5508.06,26.9
cfb_20261003_wvu_isu,away,1791048795069458186,0.097813853,0.29000000000000004,0.67,2056.0,5508.06,2056.0
cfb_20261003_wvu_isu,away,1791050453579836621,10.634612031,0.17000000000000004,0.81,59.25,50.0,50.0
cfb_20261003_wvu_isu,away,1791051024022845435,0.040727829,0.07999999999999996,0.9,94.0,18.88,18.88
cfb_20261003_wvu_isu,away,1791051304662129740,0.074568318,0.06000000000000005,0.93,656.23,1000.0,656.23
cfb_20261003_wvu_isu,away,1791052298128891899,0.931231276,0.32999999999999996,0.63,525.63,53.0,53.0
cfb_20261003_wvu_isu,away,1791052906409033430,0.01671028,0.35,0.62,145.99,144.0,144.0
cfb_20261003_wvu_isu,away,1791052906556692606,0.095052105,0.31999999999999995,0.65,73.36,5.0,5.0
cfb_20261003_wvu_isu,away,1791053960297247950,0.018822148,0.55,0.41,30.0,62.0,30.0
cfb_20261003_wvu_isu,away,1791053960574273586,0.097440622,0.54,0.42,14.0,62.0,14.0
cfb_20261003_wvu_isu,away,1791053962436614190,0.569503301,0.44999999999999996,0.5,4716.0,5.0,5.0
cfb_20261003_wvu_isu,away,1791053987198425107,0.858972168,0.38,0.59,82.0,62.0,62.0
cfb_20261003_wvu_isu,away,1791054249304091891,5.645956554,0.35,0.62,2885.3499999999926,22.0,22.0
cfb_20261003_wvu_isu,away,1791054257752280524,0.03620064,0.44999999999999996,0.51,209.92,62.0,62.0
cfb_20261003_wvu_isu,away,1791054318331310881,0.024416651,0.6599999999999999,0.31,14.0,72.0,14.0
cfb_20261003_wvu_isu,away,1791054318372731247,0.713002981,0.6599999999999999,0.31,74.7,72.0,72.0
cfb_20261003_wvu_isu,away,1791054483373792697,31.605105161,0.6,0.36,6079.8,745.87,745.87
cfb_20261003_wvu_isu,away,1791054621499975632,0.026291172,0.41000000000000003,0.55,1111.0,174.0,174.0
cfb_20261003_wvu_isu,away,1791054621531922862,0.015655712,0.41000000000000003,0.55,1.07,174.0,1.07
cfb_20261003_wvu_isu,away,1791054621949873205,1.509952282,0.41000000000000003,0.56,3.18,144.0,3.18
cfb_20261003_wvu_isu,away,1791054623462279028,0.025130899,0.39,0.57,304.98,144.0,144.0
cfb_20261003_wvu_isu,away,1791054623522743117,1.026366455,0.39,0.58,304.98,144.0,144.0
cfb_20261003_wvu_isu,away,1791054646617630672,0.032375801,0.41000000000000003,0.56,31.05,62.0,31.05
cfb_20261003_wvu_isu,away,1791054646666738202,0.102340641,0.41000000000000003,0.56,31.05,62.0,31.05
cfb_20261003_wvu_isu,away,1791054647811156893,1.2218491,0.41000000000000003,0.56,0.01,62.0,0.01
cfb_20261003_wvu_isu,away,1791054649704669792,0.020715414,0.41000000000000003,0.56,14.0,62.0,14.0
cfb_20261003_wvu_isu,away,1791054649859977939,0.350813326,0.41000000000000003,0.56,14.0,62.0,14.0
cfb_20261003_wvu_isu,away,1791054664562979352,4.276996322,0.41000000000000003,0.56,1133.75,144.0,144.0
cfb_20261003_wvu_isu,away,1791054680785528746,0.273597404,0.32999999999999996,0.64,112.55,62.0,62.0
cfb_20261003_wvu_isu,away,1791055033740399714,0.104590602,0.4,0.51,3795.17,144.0,144.0
cfb_20261003_wvu_isu,away,1791055035198541000,0.907748289,0.35,0.59,87.58,196.18,87.58
cfb_20261003_wvu_isu,away,1791055120082056954,0.371278224,0.24,0.73,664.88,71.0,71.0
cfb_20261003_wvu_isu,away,1791055186928836924,0.134544587,0.29000000000000004,0.67,1369.38,5.0,5.0
cfb_20261003_wvu_isu,away,1791055188217103015,0.013627547,0.15000000000000002,0.82,54.44,5.0,5.0
cfb_20261003_wvu_isu,away,1791055200369116644,0.956456532,0.31000000000000005,0.66,334.5,60.12,60.12
cfb_20261003_wvu_isu,away,1791055211860578782,1.245226288,0.17000000000000004,0.81,351.0,62.0,62.0
cfb_20261003_wvu_isu,away,1791055216419297592,0.032819145,0.07999999999999996,0.86,144.69,67.0,67.0
cfb_20261003_wvu_isu,away,1791055216456664373,0.000656798,0.07999999999999996,0.86,1.1,67.0,1.1
cfb_20261003_wvu_isu,away,1791055216470972390,0.026947469,0.10999999999999999,0.86,3.41,67.0,3.41
cfb_20261003_wvu_isu,away,1791055216577107267,0.009164077,0.06999999999999995,0.86,11.43,193.37,11.43
cfb_20261003_wvu_isu,away,1791055216700898369,0.000742867,0.06000000000000005,0.86,91.0,67.0,67.0
cfb_20261003_wvu_isu,away,1791055216729947953,0.625805165,0.13,0.85,35.56999999999999,62.0,35.56999999999999
cfb_20261003_wvu_isu,away,1791055217779908822,0.22358318,0.12,0.86,62.0,62.0,62.0
cfb_20261003_wvu_isu,away,1791055218013189767,0.338019372,0.12,0.86,3.0,62.0,3.0
cfb_20261003_wvu_isu,away,1791055223628330175,0.576740186,0.08999999999999997,0.89,307.94,53.94,53.94
cfb_20261003_wvu_isu,away,1791055224287949963,1.02628311,0.06999999999999995,0.92,153.35,5.0,5.0
cfb_20261003_wvu_isu,away,1791055234286137335,0.245144684,0.10999999999999999,0.87,479.99,62.0,62.0
cfb_20261003_wvu_isu,away,1791055371462917604,0.010081616,0.35,0.62,9.0,206.0,9.0
cfb_20261003_wvu_isu,away,1791055371486782112,0.000498207,0.35,0.62,190.0,206.0,190.0
cfb_20261003_wvu_isu,away,1791055371507052240,0.279279557,0.36,0.61,248.0,144.0,144.0
cfb_20261003_wvu_isu,away,1791055373112587719,0.018314034,0.33999999999999997,0.63,14.0,33.33,14.0
cfb_20261003_wvu_isu,away,1791055377576540805,0.130432332,0.32999999999999996,0.64,10.0,19.9,10.0
cfb_20261003_wvu_isu,away,1791055432836779890,0.223522448,0.26,0.71,7122.88,64.18,64.18
cfb_20261003_wvu_isu,away,1791055463674690340,0.0036025,0.18999999999999995,0.79,21.64,62.0,21.64
cfb_20261003_wvu_isu,away,1791055463716397070,0.00793627,0.18999999999999995,0.79,7.25,62.0,7.25
cfb_20261003_wvu_isu,away,1791055463729627649,0.005047746,0.18999999999999995,0.79,7.25,62.0,7.25
cfb_20261003_wvu_isu,away,1791055463741206753,0.006235319,0.18999999999999995,0.79,7.25,62.0,7.25
cfb_20261003_wvu_isu,away,1791055463752654538,0.0075531,0.18999999999999995,0.79,7.25,62.0,7.25
cfb_20261003_wvu_isu,away,1791055463764895498,0.005429545,0.18999999999999995,0.79,7.25,62.0,7.25
cfb_20261003_wvu_isu,away,1791055463778343206,0.004437514,0.18999999999999995,0.79,7.25,62.0,7.25
cfb_20261003_wvu_isu,away,1791055463791106829,0.277238967,0.18999999999999995,0.79,7.25,62.0,7.25
cfb_20261003_wvu_isu,away,1791055464072929662,0.002195094,0.18999999999999995,0.79,41.99,41.0,41.0
cfb_20261003_wvu_isu,away,1791055471178970908,0.815868413,0.29000000000000004,0.68,14.0,94.0,14.0
cfb_20261003_wvu_isu,away,1791055471999827566,0.005436615,0.18000000000000005,0.8,15.53,5.0,5.0
cfb_20261003_wvu_isu,away,1791055472010991368,0.00502159,0.18000000000000005,0.8,15.53,5.0,5.0
cfb_20261003_wvu_isu,away,1791055472018533113,0.036900766,0.18000000000000005,0.8,6.0,5.0,5.0
cfb_20261003_wvu_isu,away,1791055472366676769,0.043977026,0.15000000000000002,0.83,8884.95,10.0,10.0
cfb_20261003_wvu_isu,away,1791055480052388142,0.174519372,0.09999999999999998,0.88,16828.66,77.0,77.0
cfb_20261003_wvu_isu,away,1791055480258248395,0.805401205,0.09999999999999998,0.88,19319.89,62.0,62.0
cfb_20261003_wvu_isu,away,1791055546402427074,0.113550628,0.040000000000000036,0.95,46.41,9431.0,46.41
cfb_20261003_wvu_isu,away,1791055546536213292,0.105414121,0.040000000000000036,0.95,39.77,9431.0,39.77
cfb_20261003_wvu_isu,away,1791055547011487776,0.236183187,0.040000000000000036,0.95,1146.55,9431.0,1146.55
cfb_20261003_wvu_isu,away,1791055547255442036,0.023948011,0.040000000000000036,0.95,46.42,7453.0,46.42
cfb_20261003_wvu_isu,away,1791055547282199611,0.000610875,0.040000000000000036,0.95,46.42,7453.0,46.42
cfb_20261003_wvu_isu,away,1791055548395956326,0.716840552,0.040000000000000036,0.95,2250.0,5996.0,2250.0
cfb_20261003_wvu_isu,away,1791055549119610406,0.006167405,0.040000000000000036,0.95,46.49,3566.0,46.49
cfb_20261003_wvu_isu,away,1791055549129769759,1.928594231,0.040000000000000036,0.95,1250.0,3566.0,1250.0
cfb_20261003_wvu_isu,away,1791055615300876872,0.135575262,0.050000000000000044,0.93,14418.24,102.0,102.0
cfb_20261003_wvu_isu,away,1791055617759441313,1.308500309,0.020000000000000018,0.97,6712.07,15559.0,6712.07
cfb_20261003_wvu_isu,away,1791055621520788958,15.08716695,0.010000000000000009,0.98,1015.27,3282.0,1015.27
cfb_20261003_prin_clmb,home,1791044976383827835,0.678509036,0.34,0.63,650.0,189.56,189.56
cfb_20261003_prin_clmb,home,1791046981068491524,0.236051421,0.33,0.64,10.0,25.0,10.0
cfb_20261003_prin_clmb,home,1791047757729717795,0.050177247,0.15,0.83,41.84,15.0,15.0
cfb_20261003_prin_clmb,home,1791051884977466791,0.080444178,0.03,0.96,884.89,5.0,5.0
cfb_20261003_prin_clmb,away,1791047871414206609,0.639923024,0.85,0.13,908.42,5.74,5.74
cfb_20261003_prin_clmb,away,1791049178232248370,0.124058169,0.8,0.18,39.41,5.0,5.0
cfb_20261003_syr_conn,home,1791048227630843840,18.421852748,0.04,0.95,67.32,2.88,2.88
cfb_20261003_syr_conn,home,1791048414382474935,0.489119627,0.03,0.96,29862.029999999995,10.0,10.0
cfb_20261003_syr_conn,away,1791047651497939567,0.566415889,0.85,0.13,13.47,5.74,5.74
cfb_20261003_brwn_uri,away,1791051651765991216,0.061272738,0.6,0.37,1618.95,15.0,15.0
cfb_20261003_brwn_uri,away,1791053201161329335,1.068934065,0.16000000000000003,0.82,154.97,5.0,5.0
cfb_20261003_brwn_uri,away,1791053584329345017,0.773355049,0.010000000000000009,0.96,12050.03,5.0,5.0
cfb_20261003_mhu_liu,home,1791053615479701348,0.992655058,0.93,0.06000000000000005,103.65,149.0,103.65
cfb_20261003_mhu_liu,home,1791053694767963811,2.39583423,0.91,0.06999999999999995,46.1,5.0,5.0
cfb_20261003_mhu_liu,home,1791054150845153046,0.078740752,0.84,0.14,71.0,144.0,71.0
cfb_20261003_mhu_liu,home,1791054151597118555,0.013141976,0.79,0.18999999999999995,73.0,5.0,5.0
cfb_20261003_mhu_liu,home,1791054559235003550,32.697659714,0.94,0.051000000000000045,42.53,144.0,42.53
cfb_20261003_mhu_liu,home,1791054661941539304,2.447489122,0.95,0.041000000000000036,69.0,144.0,69.0
cfb_20261003_mhu_liu,away,1791046489724410889,0.36549177,0.26,0.71,40.0,15.0,15.0
cfb_20261003_mhu_liu,away,1791053271706757965,11.014814668,0.040000000000000036,0.95,95.0,5.0,5.0
cfb_20261003_mhu_liu,away,1791054632281495970,16.365353042,0.040000000000000036,0.949,8.08,5.0,5.0
cfb_20261003_mhu_liu,away,1791054648653517910,0.044583766,0.040000000000000036,0.949,9.08,5.0,5.0
cfb_20261003_mhu_liu,away,1791054648704404418,0.032674966,0.040000000000000036,0.949,9.08,5.0,5.0
cfb_20261003_mhu_liu,away,1791054783969186126,0.064347446,0.030000000000000027,0.964,95.0,144.0,95.0
cfb_20261003_mhu_liu,away,1791054803362542627,0.039199484,0.020000000000000018,0.97,250.0,5.0,5.0
cfb_20261003_mhu_liu,away,1791055016977317311,5.292749641,0.010000000000000009,0.98,1596.16,5.0,5.0
cfb_20261003_mich_minn,home,1791048069941949783,0.192455068,0.31,0.6599999999999999,1972.3,144.0,144.0
cfb_20261003_mich_minn,home,1791048071297663198,0.002678713,0.27,0.7,0.52,6.0,0.52
cfb_20261003_mich_minn,home,1791048071318809426,0.004090875,0.27,0.7,0.52,6.0,0.52
cfb_20261003_mich_minn,home,1791048071329962994,0.005008452,0.27,0.7,0.52,6.0,0.52
cfb_20261003_mich_minn,home,1791048071340344694,0.006651765,0.27,0.7,0.52,6.0,0.52
cfb_20261003_mich_minn,home,1791048071351870735,0.00607017,0.27,0.7,0.52,6.0,0.52
cfb_20261003_mich_minn,home,1791048071362748611,0.006382532,0.27,0.7,0.52,6.0,0.52
cfb_20261003_mich_minn,home,1791048071374971956,0.002878029,0.27,0.7,0.52,6.0,0.52
cfb_20261003_mich_minn,home,1791048071384631408,0.006954703,0.27,0.7,27.52,6.0,6.0
cfb_20261003_mich_minn,home,1791048071420652508,0.032907836,0.27,0.7,1.05,6.0,1.05
cfb_20261003_mich_minn,home,1791048071571398353,1.12627722,0.27,0.7,62.0,6.0,6.0
cfb_20261003_mich_minn,home,1791048074876972586,0.001655298,0.23,0.74,0.56,6.0,0.56
cfb_20261003_mich_minn,home,1791048074959504885,0.118878577,0.23,0.74,35.0,6.0,6.0
cfb_20261003_mich_minn,home,1791048075229403127,0.027217742,0.23,0.74,6.0,6.0,6.0
cfb_20261003_mich_minn,home,1791050909122849604,0.006516909,0.19,0.79,49.0,1790.79,49.0
cfb_20261003_mich_minn,home,1791053206793830297,0.164115721,0.6,0.37,1117.61,907.84,907.84
cfb_20261003_mich_minn,home,1791053266511806486,1.756192727,0.53,0.43000000000000005,0.01,71.0,0.01
cfb_20261003_mich_minn,home,1791053268285230613,0.080515029,0.52,0.43999999999999995,300.01,144.0,144.0
cfb_20261003_mich_minn,home,1791053268933196723,3.397580459,0.51,0.44999999999999996,4929.0,144.0,144.0
cfb_20261003_mich_minn,home,1791053272331382920,1.271631136,0.49,0.47,59.61,144.0,59.61
cfb_20261003_mich_minn,home,1791053273665930406,0.343380574,0.48,0.48,80.0,144.0,80.0
cfb_20261003_mich_minn,home,1791053274050082530,0.321888404,0.48,0.48,5000.0,144.0,144.0
cfb_20261003_mich_minn,home,1791053274565096537,0.094669544,0.48,0.48,4959.8,144.0,144.0
cfb_20261003_mich_minn,home,1791053274722798162,0.075173124,0.48,0.48,4959.8,144.0,144.0
cfb_20261003_mich_minn,home,1791054096229355103,11.252722904,0.65,0.31999999999999995,565.04,812.99,565.04
cfb_20261003_mich_minn,home,1791054429436262193,0.206375282,0.84,0.14,17.0,62.0,17.0
cfb_20261003_mich_minn,home,1791054519897653104,0.686011512,0.79,0.18999999999999995,112.0,11185.01,112.0
cfb_20261003_mich_minn,home,1791054819785107456,0.275143231,0.8,0.18000000000000005,33.9,5.0,5.0
cfb_20261003_mich_minn,home,1791054909853231648,0.056525513,0.91,0.07999999999999996,11394.0,62.0,62.0
cfb_20261003_mich_minn,home,1791054912487231310,0.21537831,0.84,0.14,14.0,62.0,14.0
cfb_20261003_mich_minn,home,1791054912735795522,0.705731707,0.84,0.14,7.0,62.0,7.0
cfb_20261003_mich_minn,home,1791054913617457100,0.192337782,0.79,0.18999999999999995,166.07999999999993,144.0,144.0
cfb_20261003_mich_minn,home,1791055006791898106,0.808822958,0.74,0.22999999999999998,14.0,1545.45,14.0
cfb_20261003_mich_minn,home,1791055007613370850,5.525608263,0.74,0.22999999999999998,41.62,1545.45,41.62
cfb_20261003_mich_minn,away,1791046172876176848,1.416822969,0.53,0.4,5204.33,144.0,144.0
cfb_20261003_mich_minn,away,1791046174294132383,0.675167054,0.51,0.4,82.94,144.0,82.94
cfb_20261003_mich_minn,away,1791048549639025022,0.252102597,0.79,0.19,4818.05,318.24,318.24
cfb_20261003_mich_minn,away,1791050908725630027,0.016534066,0.75,0.19,1799.91,337.57,337.57
cfb_20261003_mich_minn,away,1791050910939252509,0.377138078,0.74,0.23,6.0,62.0,6.0
cfb_20261003_mich_minn,away,1791052450448570768,0.013597406,0.55,0.41,632.74,1000.0,632.74
cfb_20261003_mich_minn,away,1791053203155187005,0.012650849,0.38,0.58,6352.71,224.0,224.0
cfb_20261003_mich_minn,away,1791053203184626040,0.017851667,0.38,0.58,1.08,224.0,1.08
cfb_20261003_mich_minn,away,1791053203219196167,0.351031069,0.38,0.58,6773.0,224.0,224.0
cfb_20261003_mich_minn,away,1791053279830255895,3.150894699,0.44999999999999996,0.51,54765.09,5.0,5.0
cfb_20261003_mich_minn,away,1791053340778525915,0.383441802,0.39,0.58,4796.61,72.0,72.0
cfb_20261003_mich_minn,away,1791054122160361899,0.490402542,0.35,0.62,438.0,62.0,62.0
cfb_20261003_mich_minn,away,1791054177666086295,0.051296196,0.24,0.73,478.43,62.0,62.0
cfb_20261003_mich_minn,away,1791054532179845693,3.629093929,0.24,0.73,1637.55,77.0,77.0
cfb_20261003_mich_minn,away,1791054747051184412,0.265476849,0.25,0.7,19284.0,62.0,62.0
cfb_20261003_mich_minn,away,1791054747317720997,0.009394284,0.27,0.7,41.58,62.0,41.58
cfb_20261003_mich_minn,away,1791054747337643544,0.114240641,0.27,0.7,9.0,62.0,9.0
cfb_20261003_mich_minn,away,1791054906207914667,1.260796614,0.18999999999999995,0.78,12073.14,62.0,62.0
cfb_20261003_mich_minn,away,1791055223405823433,2.738148727,0.08999999999999997,0.88,2741.0,539.06,539.06
cfb_20261003_mrmk_yale,home,1791051605518554880,0.014145914,0.61,0.33999999999999997,278.68,144.0,144.0
cfb_20261003_mrmk_yale,home,1791054109639636955,0.024764772,0.91,0.07999999999999996,47.24,5.0,5.0
cfb_20261003_mrmk_yale,home,1791054109673278588,0.006922089,0.91,0.07999999999999996,45.41,5.0,5.0
cfb_20261003_mrmk_yale,home,1791054112210834861,0.848752169,0.91,0.07999999999999996,47.24,5.0,5.0
cfb_20261003_mrmk_yale,home,1791054188423516981,0.629506104,0.91,0.07999999999999996,49.33,15.0,15.0
cfb_20261003_mrmk_yale,home,1791054233848133665,0.007605152,0.91,0.07999999999999996,3.57,15.0,3.57
cfb_20261003_mrmk_yale,home,1791054233862336507,0.001972006,0.91,0.07999999999999996,3.57,15.0,3.57
cfb_20261003_mrmk_yale,home,1791054233873901684,0.001364496,0.91,0.07999999999999996,3.57,15.0,3.57
cfb_20261003_mrmk_yale,home,1791054233877617099,0.002283377,0.91,0.07999999999999996,3.57,15.0,3.57
cfb_20261003_mrmk_yale,home,1791054233882196309,0.001558184,0.91,0.07999999999999996,3.57,15.0,3.57
cfb_20261003_mrmk_yale,home,1791054233890508008,0.009552235,0.91,0.07999999999999996,3.57,15.0,3.57
cfb_20261003_mrmk_yale,home,1791054233906191859,0.14631511,0.91,0.07999999999999996,3.57,15.0,3.57
cfb_20261003_mrmk_yale,away,1791045331216091584,0.013027387,0.15000000000000002,0.83,42.11,15.0,15.0
cfb_20261003_mrmk_yale,away,1791051397338000191,0.44999212,0.36,0.61,83.17,395.0,83.17
cfb_20261003_mrmk_yale,away,1791051397969459868,0.006425552,0.33999999999999997,0.62,1098.0,450.0,450.0
cfb_20261003_mrmk_yale,away,1791051814429874891,0.993232853,0.31000000000000005,0.66,18.45,10.0,10.0
cfb_20261003_mrmk_yale,away,1791053894558620491,0.092748697,0.06000000000000005,0.93,2861.39,149.0,149.0
cfb_20261003_mrmk_yale,away,1791054753064164920,0.999168444,0.010000000000000009,0.988,5265.7,15.0,15.0
cfb_20261003_ucf_hou,home,1791051405717649715,2.107743331,0.18,0.8,420.0,115.0,115.0
cfb_20261003_ucf_hou,home,1791054475395815544,18.355920706,0.89,0.08999999999999997,17.38,539.0,17.38
cfb_20261003_ucf_hou,home,1791054493776659562,0.759268244,0.85,0.13,43.23,5.07,5.07
cfb_20261003_ucf_hou,home,1791054494552968402,0.547137147,0.85,0.13,41.69,5.07,5.07
cfb_20261003_ucf_hou,away,1791051851386777987,0.010179501,0.76,0.21,2.0,681.33,2.0
cfb_20261003_ucf_hou,away,1791051851509681838,0.592241961,0.76,0.21,6.0,681.33,6.0
cfb_20261003_ucf_hou,away,1791052358759272317,0.008929673,0.63,0.34,30.82,62.0,30.82
cfb_20261003_ucf_hou,away,1791054470128266595,1.331207785,0.06999999999999995,0.92,89.0,5298.0,89.0
cfb_20261003_ucf_hou,away,1791054518612981986,0.004580262,0.08999999999999997,0.89,44.0,10.0,10.0
cfb_20261003_ucf_hou,away,1791054519448310769,1.094736631,0.08999999999999997,0.89,454.0,10.0,10.0
cfb_20261003_ucf_hou,away,1791054857244198031,0.334728354,0.06999999999999995,0.92,1359.56,98.0,98.0
cfb_20261003_ucf_hou,away,1791054887991983941,1.116044488,0.040000000000000036,0.95,2396.0,3.94,3.94
cfb_20261003_ucf_hou,away,1791054910528417272,0.376690505,0.020000000000000018,0.97,111.02,1158.68,111.02
cfb_20261003_ust_pre,home,1791047221059420122,0.005118585,0.78,0.18999999999999995,782.44,5.0,5.0
cfb_20261003_ust_pre,home,1791048763539703515,0.024708014,0.83,0.15000000000000002,5.0,10.0,5.0
cfb_20261003_ust_pre,home,1791048763569270695,0.041039446,0.83,0.15000000000000002,5.0,10.0,5.0
cfb_20261003_ust_pre,home,1791048763790094298,1.666788588,0.83,0.15000000000000002,5.0,10.0,5.0
cfb_20261003_ust_pre,home,1791048766787995270,0.86441461,0.82,0.16000000000000003,10.0,10.0,10.0
cfb_20261003_ust_pre,home,1791051307776516991,2.966700731,0.91,0.07999999999999996,5.0,5.0,5.0
cfb_20261003_ust_pre,home,1791051313653546277,6.385364241,0.91,0.07999999999999996,6.0,5.0,5.0
cfb_20261003_ust_pre,home,1791051359968363175,4.40122694,0.91,0.07999999999999996,27.7,5.0,5.0
cfb_20261003_ust_pre,home,1791051476081332878,0.02470494,0.91,0.07999999999999996,9.78,5.0,5.0
cfb_20261003_ust_pre,home,1791051483578958231,1.995735806,0.91,0.07999999999999996,22.13,5.0,5.0
cfb_20261003_ust_pre,home,1791051485611887561,4.511962042,0.91,0.07999999999999996,22.32,5.0,5.0
cfb_20261003_ust_pre,home,1791051490131584614,0.366235839,0.91,0.07999999999999996,24.69,5.0,5.0
cfb_20261003_ust_pre,home,1791051490684189206,0.162490847,0.91,0.07999999999999996,22.6,5.0,5.0
cfb_20261003_ust_pre,home,1791051495539375828,0.014859271,0.91,0.07999999999999996,22.92,5.0,5.0
cfb_20261003_ust_pre,home,1791051514785712457,1.271840245,0.91,0.07999999999999996,30.45,5.0,5.0
cfb_20261003_ust_pre,home,1791052623626768194,0.052932262,0.92,0.06999999999999995,100.0,9.99,9.99
cfb_20261003_ust_pre,home,1791052623687406537,5.208982952,0.92,0.06999999999999995,2.0,9.99,2.0
cfb_20261003_ust_pre,home,1791052628918741016,9.518544076,0.92,0.06999999999999995,5.0,0.99,0.99
cfb_20261003_ust_pre,home,1791052639883218002,4.660878974,0.92,0.06999999999999995,0.01,0.99,0.01
cfb_20261003_ust_pre,home,1791052647950857231,0.423035761,0.92,0.06999999999999995,10.0,0.99,0.99
cfb_20261003_ust_pre,home,1791052650516300166,0.034283673,0.92,0.06999999999999995,0.01,0.99,0.01
cfb_20261003_ust_pre,home,1791052650602605120,0.224030547,0.92,0.06999999999999995,10.009999999999998,0.99,0.99
cfb_20261003_ust_pre,home,1791052651300636300,0.00894863,0.92,0.06999999999999995,54.01,0.99,0.99
cfb_20261003_ust_pre,home,1791052651517269652,6.185346357,0.92,0.06999999999999995,10.009999999999998,0.99,0.99
cfb_20261003_ust_pre,home,1791052665360762666,1.83256899,0.92,0.06999999999999995,10.0,0.99,0.99
cfb_20261003_ust_pre,home,1791052667623724569,0.416000447,0.92,0.06999999999999995,10.009999999999998,0.99,0.99
cfb_20261003_ust_pre,home,1791052675140878039,0.189042101,0.92,0.06999999999999995,10.0,0.99,0.99
cfb_20261003_ust_pre,home,1791053778921860508,2.189257405,0.9,0.06999999999999995,754.09,5.0,5.0
cfb_20261003_ust_pre,away,1791045194432330478,0.010505671,0.62,0.35,21.41,5.0,5.0
cfb_20261003_ust_pre,away,1791047150760000274,0.008027427,0.26,0.69,13.7,10.0,10.0
cfb_20261003_ust_pre,away,1791047150875579323,0.020935257,0.27,0.69,0.01,10.0,0.01
cfb_20261003_ust_pre,away,1791047220060742681,0.045409197,0.17000000000000004,0.81,212.44,5.0,5.0
cfb_20261003_ust_pre,away,1791047221062859034,0.005178019,0.18000000000000005,0.8,1.01,45.0,1.01
cfb_20261003_ust_pre,away,1791050793640805763,0.029564859,0.06999999999999995,0.91,6.0,20.0,6.0
cfb_20261003_ust_pre,away,1791050793703731167,0.025761902,0.06999999999999995,0.91,0.01,20.0,0.01
cfb_20261003_ust_pre,away,1791050863144221804,0.025251346,0.06000000000000005,0.93,5.0,20.0,5.0
cfb_20261003_ust_pre,away,1791051869781180195,0.569737673,0.040000000000000036,0.95,4.0,5.0,4.0
cfb_20261003_ust_pre,away,1791051878488075190,0.563514371,0.040000000000000036,0.95,10.0,5.0,5.0
cfb_20261003_ust_pre,away,1791052108601007326,0.45411442,0.030000000000000027,0.96,218.34,5.0,5.0
cfb_20261003_ust_pre,away,1791052223778602916,0.015379729,0.020000000000000018,0.97,500.0,2.62,2.62
cfb_20261003_ust_pre,away,1791052223882997509,41.101587892,0.020000000000000018,0.97,500.0,2.62,2.62
cfb_20261003_ust_pre,away,1791053379073782999,0.860803431,0.020000000000000018,0.97,2378.07,1.63,1.63
cfb_20261003_ust_pre,away,1791053868254583424,1.768111299,0.040000000000000036,0.95,1382.85,4.95,4.95
cfb_20261003_ust_pre,away,1791054103950033663,25.049966337,0.030000000000000027,0.96,100.0,0.14,0.14
cfb_20261003_ala_msst,home,1791044569727676828,0.684868927,0.14,0.84,4738.0,525.0,525.0
cfb_20261003_ala_msst,home,1791045603650212180,0.193808322,0.16,0.8200000000000001,1183.0,62.0,62.0
cfb_20261003_ala_msst,home,1791051252065413568,0.271970594,0.14,0.84,12169.110000002267,17305.75,12169.110000002267
cfb_20261003_ala_msst,home,1791051252374800693,0.106694007,0.12,0.86,3020.28,340.74,340.74
cfb_20261003_ala_msst,home,1791051647654637657,0.373336426,0.06,0.9299999999999999,457.49,112.53,112.53
cfb_20261003_bc_smu,home,1791050760917920625,0.150084136,0.81,0.16000000000000003,2.99,556.0,2.99
cfb_20261003_bc_smu,home,1791050761454737902,0.766850499,0.82,0.16000000000000003,0.01,531.75,0.01
cfb_20261003_bc_smu,home,1791052202963960126,3.872089263,0.92,0.06999999999999995,192.87,9.96,9.96
cfb_20261003_bc_smu,home,1791052213286410925,0.766490878,0.92,0.06999999999999995,50.78,9.96,9.96
cfb_20261003_bc_smu,home,1791052415060040403,8.105427021,0.92,0.06999999999999995,27945.340000000026,6145.24,6145.24
cfb_20261003_bc_smu,home,1791052423172586715,0.245579914,0.92,0.06999999999999995,48.36,4563.38,48.36
cfb_20261003_bc_smu,home,1791052432202043807,11.870914055,0.92,0.06999999999999995,912.27,4503.03,912.27
cfb_20261003_bc_smu,away,1791051304145652017,0.117563622,0.06000000000000005,0.93,451.29,464.29,451.29
cfb_20261003_msu_wis,away,1791048153738341134,1.324294516,0.050000000000000044,0.939,997.0,101.0,101.0
cfb_20261003_cor_gtwn,home,1791052459174315712,0.878340174,0.04,0.95,1218.02,5.0,5.0
cfb_20261003_cor_gtwn,home,1791052495162291591,0.893435423,0.03,0.96,410.12,5.0,5.0
cfb_20261003_cor_gtwn,away,1791046585052449005,0.121379416,0.74,0.23,65.0,5.0,5.0
cfb_20261003_cor_gtwn,away,1791046585178442320,0.020617809,0.72,0.23,65.0,5.0,5.0
cfb_20261003_cor_gtwn,away,1791049372728336372,0.011005933,0.85,0.13,40.31,32.0,32.0
cfb_20261003_cor_gtwn,away,1791049373223105824,0.269029455,0.85,0.13,15.29,32.0,15.29
cfb_20261003_rich_laf,home,1791050494864024665,0.104398476,0.69,0.28,806.61,10.0,10.0
cfb_20261003_rich_laf,home,1791050524888795274,0.03497766,0.62,0.35,502.27,10.0,10.0
cfb_20261003_rich_laf,home,1791052489630097386,0.04214079,0.55,0.41000000000000003,10.0,5.0,5.0
cfb_20261003_rich_laf,home,1791053145859563117,0.200980741,0.36,0.61,10.0,5.0,5.0
cfb_20261003_rich_laf,home,1791053638180094281,0.321587475,0.25,0.71,2210.0,5.0,5.0
cfb_20261003_rich_laf,home,1791054649958054136,0.049702782,0.14,0.84,1.0,20.0,1.0
cfb_20261003_rich_laf,home,1791054650019601279,1.224739266,0.14,0.84,1.0,20.0,1.0
cfb_20261003_rich_laf,home,1791054651286179558,13.102848868,0.13,0.85,3904.0,5.0,5.0
cfb_20261003_rich_laf,away,1791055048271005819,29.02024396,0.92,0.07,1552.39,5.0,5.0
cfb_20261003_rich_laf,away,1791055080166425018,0.007929551,0.92,0.07,16.38,5.0,5.0
cfb_20261003_rich_laf,away,1791055080180847524,0.010447091,0.92,0.07,16.38,5.0,5.0
cfb_20261003_rich_laf,away,1791055080201474506,0.009129209,0.92,0.07,16.38,5.0,5.0
cfb_20261003_rich_laf,away,1791055080214946338,0.007033542,0.92,0.07,16.38,5.0,5.0
cfb_20261003_rich_laf,away,1791055080225519031,0.009344667,0.92,0.07,16.38,5.0,5.0
cfb_20261003_rich_laf,away,1791055080244436040,0.009411328,0.92,0.07,16.38,5.0,5.0
cfb_20261003_rich_laf,away,1791055080263480414,0.009830058,0.92,0.07,16.38,5.0,5.0
cfb_20261003_rich_laf,away,1791055080287236972,0.004026365,0.92,0.07,16.38,5.0,5.0
cfb_20261003_rich_laf,away,1791055080299191066,0.005629471,0.92,0.07,16.38,5.0,5.0
cfb_20261003_rich_laf,away,1791055080316449241,0.005551363,0.92,0.07,16.38,5.0,5.0
cfb_20261003_rich_laf,away,1791055080328457590,0.008104232,0.92,0.07,16.38,5.0,5.0
cfb_20261003_rich_laf,away,1791055080344288602,0.007686024,0.92,0.07,16.38,5.0,5.0
cfb_20261003_rich_laf,away,1791055080359310446,0.008707176,0.92,0.07,16.38,5.0,5.0
cfb_20261003_rich_laf,away,1791055080376728052,0.008844916,0.92,0.07,16.38,5.0,5.0
cfb_20261003_rich_laf,away,1791055080391239812,0.00764735,0.92,0.07,16.38,5.0,5.0
cfb_20261003_rich_laf,away,1791055080406250821,0.008777122,0.92,0.07,16.38,5.0,5.0
cfb_20261003_rich_laf,away,1791055080422506490,0.004808247,0.92,0.07,16.38,5.0,5.0
cfb_20261003_rich_laf,away,1791055080435834432,0.030191594,0.92,0.07,16.38,5.0,5.0
cfb_20261003_rich_laf,away,1791055080473925906,0.011325063,0.92,0.07,16.38,5.0,5.0
cfb_20261003_rich_laf,away,1791055080491237365,0.021694617,0.92,0.07,16.38,5.0,5.0
cfb_20261003_rich_laf,away,1791055080527826331,0.00483273,0.92,0.07,16.38,5.0,5.0
cfb_20261003_rich_laf,away,1791055080534785821,0.031720235,0.92,0.07,16.38,5.0,5.0
cfb_20261003_rich_laf,away,1791055080572402095,0.006898246,0.92,0.07,16.38,5.0,5.0
cfb_20261003_rich_laf,away,1791055080588066978,0.028911173,0.92,0.07,16.38,5.0,5.0
cfb_20261003_rich_laf,away,1791055080618358810,0.018552474,0.92,0.07,18.0,5.0,5.0
cfb_20261003_rich_laf,away,1791055080646039062,0.005243577,0.92,0.07,16.01,5.0,5.0
cfb_20261003_rich_laf,away,1791055080660125383,0.003478798,0.92,0.07,16.01,5.0,5.0
cfb_20261003_rich_laf,away,1791055080671660136,0.004291112,0.92,0.07,16.01,5.0,5.0
cfb_20261003_rich_laf,away,1791055080680831153,0.006643583,0.92,0.07,16.01,5.0,5.0
cfb_20261003_rich_laf,away,1791055080693576680,0.007516891,0.92,0.07,16.01,5.0,5.0
cfb_20261003_rich_laf,away,1791055080708375507,0.00598365,0.92,0.07,16.01,5.0,5.0
cfb_20261003_rich_laf,away,1791055080719397602,0.698278845,0.92,0.07,16.01,5.0,5.0
cfb_20261003_rich_laf,away,1791055085114541295,0.206792712,0.92,0.07,16.38,5.0,5.0
cfb_20261003_rich_laf,away,1791055188808809798,10.481731982,0.92,0.07,21.41,5.0,5.0
cfb_20261003_rich_laf,away,1791055199302319181,0.002283665,0.91,0.07,21.57,5.0,5.0
cfb_20261003_rich_laf,away,1791055199305185773,4.17761219,0.92,0.07,21.57,5.0,5.0
cfb_20261003_rich_laf,away,1791055204142201411,1.738880056,0.92,0.07,20.0,5.0,5.0
cfb_20261003_rich_laf,away,1791055205908725728,1.644011364,0.92,0.07,10.64,5.0,5.0
cfb_20261003_rich_laf,away,1791055210904752953,1.861217287,0.92,0.07,900.0,5.0,5.0
cfb_20261003_rich_laf,away,1791055212772829111,0.005014011,0.91,0.07,20.81,5.0,5.0
cfb_20261003_rich_laf,away,1791055212778447347,0.005685369,0.92,0.07,20.81,5.0,5.0
cfb_20261003_rich_laf,away,1791055212847214601,0.223335948,0.92,0.07,1400.0,5.0,5.0
cfb_20261003_rich_laf,away,1791056466124089275,0.932103321,0.95,0.03,104.0,5.0,5.0
cfb_20261003_rich_laf,away,1791056540898091372,0.019143071,0.9299999999999999,0.06,5.44,5.0,5.0
cfb_20261003_rich_laf,away,1791056717519764955,0.534699826,0.9299999999999999,0.06,490.0,5.0,5.0
cfb_20261003_rich_laf,away,1791056722521826091,0.00554907,0.91,0.08,2.5,5.0,2.5
cfb_20261003_rich_laf,away,1791056722531499872,0.007898749,0.91,0.08,2.5,5.0,2.5
cfb_20261003_rich_laf,away,1791056722545283395,0.005393184,0.91,0.08,2.5,5.0,2.5
cfb_20261003_rich_laf,away,1791056722554457225,0.007340656,0.91,0.08,2.5,5.0,2.5
cfb_20261003_rich_laf,away,1791056722569284319,0.003717079,0.91,0.08,2.5,5.0,2.5
cfb_20261003_rich_laf,away,1791056722577917383,0.003759897,0.91,0.08,2.5,5.0,2.5
cfb_20261003_rich_laf,away,1791056722591857702,0.004785946,0.91,0.08,2.5,5.0,2.5
cfb_20261003_rich_laf,away,1791056722604478488,0.001120789,0.91,0.08,2.5,5.0,2.5
cfb_20261003_rich_laf,away,1791056722609847889,0.009871535,0.91,0.08,2.5,5.0,2.5
cfb_20261003_rich_laf,away,1791056722625959550,0.00154093,0.91,0.08,2.5,5.0,2.5
cfb_20261003_rich_laf,away,1791056722634611389,0.00643921,0.91,0.08,2.5,5.0,2.5
cfb_20261003_rich_laf,away,1791056722647878197,0.005222879,0.91,0.08,2.5,5.0,2.5
cfb_20261003_rich_laf,away,1791056722659222058,0.007593926,0.91,0.08,2.5,5.0,2.5
cfb_20261003_rich_laf,away,1791056722721754094,0.002777678,0.91,0.08,2.5,5.0,2.5
cfb_20261003_rich_laf,away,1791056722728072677,0.004789141,0.91,0.08,2.5,5.0,2.5
cfb_20261003_rich_laf,away,1791056722747101020,0.004554434,0.91,0.08,2.5,5.0,2.5
cfb_20261003_rich_laf,away,1791056722755456458,0.003434078,0.91,0.08,2.5,5.0,2.5
cfb_20261003_rich_laf,away,1791056722761802540,0.239054527,0.91,0.08,2.5,5.0,2.5
cfb_20261003_rich_laf,away,1791056723001415198,0.002903864,0.9,0.08,2.5,5.0,2.5
cfb_20261003_rich_laf,away,1791056723004884133,0.004935231,0.91,0.08,2.5,5.0,2.5
cfb_20261003_rich_laf,away,1791056723010423109,0.006310433,0.9,0.08,2.5,5.0,2.5
cfb_20261003_rich_laf,away,1791056723017318651,0.006154586,0.91,0.08,2.5,5.0,2.5
cfb_20261003_rich_laf,away,1791056723023981180,0.002594867,0.9,0.08,2.66,5.0,2.66
cfb_20261003_rich_laf,away,1791056723027129682,0.012072357,0.91,0.08,2.66,5.0,2.66
cfb_20261003_rich_laf,away,1791056723039768032,0.004989807,0.91,0.08,2.66,5.0,2.66
cfb_20261003_rich_laf,away,1791056723045345752,0.00345104,0.9,0.08,2.66,5.0,2.66
cfb_20261003_rich_laf,away,1791056723049382030,0.003188417,0.91,0.08,2.66,5.0,2.66
cfb_20261003_rich_laf,away,1791056723053127107,0.005580364,0.9,0.08,2.66,5.0,2.66
cfb_20261003_rich_laf,away,1791056723059301081,0.004391371,0.91,0.08,2.66,5.0,2.66
cfb_20261003_rich_laf,away,1791056723064270480,0.003134002,0.9,0.08,2.66,5.0,2.66
cfb_20261003_rich_laf,away,1791056723067958708,0.003747321,0.91,0.08,2.66,5.0,2.66
cfb_20261003_rich_laf,away,1791056723072288664,0.004628637,0.9,0.08,2.66,5.0,2.66
cfb_20261003_rich_laf,away,1791056723077523229,0.004938406,0.91,0.08,2.66,5.0,2.66
cfb_20261003_rich_laf,away,1791056723082985609,0.005840134,0.9,0.08,2.66,5.0,2.66
cfb_20261003_rich_laf,away,1791056723089420995,0.007696469,0.91,0.08,2.66,5.0,2.66
cfb_20261003_rich_laf,away,1791056723097667132,0.002283577,0.9,0.08,2.66,5.0,2.66
cfb_20261003_rich_laf,away,1791056723100490826,0.005289562,0.91,0.08,2.66,5.0,2.66
cfb_20261003_rich_laf,away,1791056723106372266,0.007516679,0.9,0.08,2.66,5.0,2.66
cfb_20261003_rich_laf,away,1791056723114435271,0.005072411,0.91,0.08,2.66,5.0,2.66
cfb_20261003_rich_laf,away,1791056723120064903,0.004005756,0.9,0.08,2.66,5.0,2.66
cfb_20261003_rich_laf,away,1791056723124610286,0.005168505,0.91,0.08,2.66,5.0,2.66
cfb_20261003_rich_laf,away,1791056723130366022,0.004529832,0.9,0.08,2.66,5.0,2.66
cfb_20261003_rich_laf,away,1791056723135548896,0.00288686,0.91,0.08,2.66,5.0,2.66
cfb_20261003_rich_laf,away,1791056723138999926,0.00450743,0.9,0.08,2.66,5.0,2.66
cfb_20261003_rich_laf,away,1791056723144084744,0.004110552,0.91,0.08,2.66,5.0,2.66
cfb_20261003_rich_laf,away,1791056723148763642,0.006147867,0.9,0.08,2.66,5.0,2.66
cfb_20261003_rich_laf,away,1791056723155501936,0.003676872,0.91,0.08,2.66,5.0,2.66
cfb_20261003_rich_laf,away,1791056723159681232,0.00676404,0.9,0.08,2.66,5.0,2.66
cfb_20261003_rich_laf,away,1791056723167006508,0.006516807,0.91,0.08,2.66,5.0,2.66
cfb_20261003_rich_laf,away,1791056723174084422,0.006011549,0.9,0.08,2.66,5.0,2.66
cfb_20261003_rich_laf,away,1791056723180648305,0.001801219,0.91,0.08,2.66,5.0,2.66
cfb_20261003_rich_laf,away,1791056723182971626,0.013048997,0.9,0.08,2.66,5.0,2.66
cfb_20261003_rich_laf,away,1791056723196610408,0.024588107,0.91,0.08,2.66,5.0,2.66
cfb_20261003_rich_laf,away,1791056723225858737,0.004448139,0.9,0.08,2.66,5.0,2.66
cfb_20261003_rich_laf,away,1791056723230864126,0.003969447,0.91,0.08,2.66,5.0,2.66
cfb_20261003_rich_laf,away,1791056723240328388,0.004888357,0.91,0.08,2.66,5.0,2.66
cfb_20261003_rich_laf,away,1791056723252789252,0.004459405,0.91,0.08,2.66,5.0,2.66
cfb_20261003_rich_laf,away,1791056723262702945,0.005676917,0.91,0.08,2.66,5.0,2.66
cfb_20261003_rich_laf,away,1791056723274743168,0.003619003,0.91,0.08,2.66,5.0,2.66
cfb_20261003_rich_laf,away,1791056723285731357,0.003394872,0.91,0.08,2.66,5.0,2.66
cfb_20261003_rich_laf,away,1791056723295651689,0.008522231,0.91,0.08,2.66,5.0,2.66
cfb_20261003_rich_laf,away,1791056723307803967,0.008144127,0.91,0.08,2.66,5.0,2.66
cfb_20261003_rich_laf,away,1791056723316490945,0.002381311,0.9,0.08,2.66,5.0,2.66
cfb_20261003_rich_laf,away,1791056723319482580,0.005307476,0.91,0.08,2.66,5.0,2.66
cfb_20261003_rich_laf,away,1791056723325815483,0.006055992,0.9,0.08,2.66,5.0,2.66
cfb_20261003_rich_laf,away,1791056723332419032,0.004579881,0.91,0.08,2.66,5.0,2.66
cfb_20261003_rich_laf,away,1791056723337606982,0.00577998,0.9,0.08,2.66,5.0,2.66
cfb_20261003_rich_laf,away,1791056723343918227,0.00693806,0.91,0.08,2.66,5.0,2.66
cfb_20261003_rich_laf,away,1791056723351472318,0.005225003,0.9,0.08,2.66,5.0,2.66
cfb_20261003_rich_laf,away,1791056723357210941,0.017533174,0.91,0.08,2.66,5.0,2.66
cfb_20261003_rich_laf,away,1791056723375251327,0.006654529,0.9,0.08,2.66,5.0,2.66
cfb_20261003_rich_laf,away,1791056723382500357,0.004957452,0.91,0.08,2.66,5.0,2.66
cfb_20261003_rich_laf,away,1791056723387998417,0.002078673,0.9,0.08,2.66,5.0,2.66
cfb_20261003_rich_laf,away,1791056723390594576,0.002374381,0.91,0.08,2.66,5.0,2.66
cfb_20261003_rich_laf,away,1791056723393492141,0.002360162,0.9,0.08,2.66,5.0,2.66
cfb_20261003_rich_laf,away,1791056723396408101,0.064547291,0.91,0.08,2.66,5.0,2.66
cfb_20261003_rich_laf,away,1791056723461542764,0.007653129,0.91,0.08,2.66,5.0,2.66
cfb_20261003_rich_laf,away,1791056723469734467,0.372035662,0.9,0.08,2.66,5.0,2.66
cfb_20261003_rich_laf,away,1791056723844168664,0.00544075,0.91,0.08,2.66,5.0,2.66
cfb_20261003_rich_laf,away,1791056723858429376,0.001965036,0.91,0.08,2.66,5.0,2.66
cfb_20261003_rich_laf,away,1791056723869389675,0.001144272,0.91,0.08,2.66,5.0,2.66
cfb_20261003_rich_laf,away,1791056723871102022,0.006353352,0.9,0.08,2.66,5.0,2.66
cfb_20261003_rich_laf,away,1791056723878009892,0.008100776,0.91,0.08,2.66,5.0,2.66
cfb_20261003_rich_laf,away,1791056723886687495,0.001937289,0.9,0.08,2.66,5.0,2.66
cfb_20261003_rich_laf,away,1791056723889183836,0.004010814,0.91,0.08,2.66,5.0,2.66
cfb_20261003_rich_laf,away,1791056723893758009,0.005942314,0.9,0.08,2.66,5.0,2.66
cfb_20261003_rich_laf,away,1791056723900297199,0.003832586,0.91,0.08,2.66,5.0,2.66
cfb_20261003_rich_laf,away,1791056723904698331,0.005928806,0.9,0.08,2.66,5.0,2.66
cfb_20261003_rich_laf,away,1791056723911236669,0.004039625,0.91,0.08,2.66,5.0,2.66
cfb_20261003_rich_laf,away,1791056723915808849,0.00670576,0.9,0.08,2.66,5.0,2.66
cfb_20261003_rich_laf,away,1791056723923082383,0.004664057,0.91,0.08,2.66,5.0,2.66
cfb_20261003_rich_laf,away,1791056723928329756,0.001428685,0.9,0.08,2.66,5.0,2.66
cfb_20261003_rich_laf,away,1791056723930351461,0.00570136,0.91,0.08,2.66,5.0,2.66
cfb_20261003_rich_laf,away,1791056723936571819,8.253844188,0.9,0.08,2.66,5.0,2.66
cfb_20261003_rich_laf,away,1791056739496122651,5.599814627,0.91,0.08,10.0,5.0,5.0
cfb_20261003_rich_laf,away,1791056766525572593,10.034498472,0.91,0.08,10.0,5.0,5.0
cfb_20261003_rich_laf,away,1791056899051265584,1.002140359,0.97,0.02,138.93000000000006,90.0,90.0
cfb_20261003_wmu_buff,home,1791049464910958290,1.181624433,0.35,0.62,69.2,137.0,69.2
cfb_20261003_wmu_buff,home,1791049625529688105,0.077261214,0.31,0.6599999999999999,167.0,10.0,10.0
cfb_20261003_wmu_buff,home,1791054885368606680,1.385502751,0.68,0.29000000000000004,1749.42,62.0,62.0
cfb_20261003_wmu_buff,home,1791055299032702396,0.494766148,0.53,0.41000000000000003,524.0,34.97,34.97
cfb_20261003_wmu_buff,home,1791055299531233918,0.112898344,0.53,0.43000000000000005,379.0,88.0,88.0
cfb_20261003_wmu_buff,home,1791055299684835375,0.019560418,0.53,0.43000000000000005,379.0,5.0,5.0
cfb_20261003_wmu_buff,home,1791055939349604949,0.668446216,0.38,0.5900000000000001,179.0,5.0,5.0
cfb_20261003_wmu_buff,home,1791056644577369318,0.353872895,0.16,0.8200000000000001,59.0,54.0,54.0
cfb_20261003_wmu_buff,home,1791057348505790762,0.024210465,0.23,0.74,399.65,149.0,149.0
cfb_20261003_wmu_buff,home,1791057374556839864,0.544743434,0.16,0.77,8541.74,144.0,144.0
cfb_20261003_wmu_buff,home,1791057376995624843,0.325601864,0.03,0.95,12563.07,5.0,5.0
cfb_20261003_wmu_buff,home,1791057379975560177,1.26824867,0.02,0.97,450.0,66.0,66.0
cfb_20261003_wmu_buff,home,1791057413962877996,0.644939048,0.18,0.8,128.0,5.0,5.0
cfb_20261003_wmu_buff,home,1791057414608354057,0.394411427,0.16,0.8200000000000001,192.0,25.0,25.0
cfb_20261003_wmu_buff,home,1791057417987467485,0.007136024,0.16,0.8200000000000001,96.0,10.0,10.0
cfb_20261003_wmu_buff,home,1791057418003857240,0.053313773,0.16,0.8200000000000001,250.0,10.0,10.0
cfb_20261003_wmu_buff,home,1791057418908013683,0.006196425,0.15,0.83,33.85,114.0,33.85
cfb_20261003_wmu_buff,home,1791057418918856410,0.008450401,0.15,0.83,117.0,114.0,114.0
cfb_20261003_wmu_buff,home,1791057418929415635,0.011304967,0.15,0.83,62.0,114.0,62.0
cfb_20261003_wmu_buff,home,1791057418947968621,0.015220588,0.15,0.83,33.85,114.0,33.85
cfb_20261003_wmu_buff,home,1791057418964319742,0.00973069,0.15,0.83,117.0,114.0,114.0
cfb_20261003_wmu_buff,home,1791057453692841231,0.005592531,0.22,0.75,7.13,105.0,7.13
cfb_20261003_wmu_buff,home,1791057453706456041,0.009479414,0.22,0.75,7.13,105.0,7.13
cfb_20261003_wmu_buff,home,1791057453718901494,0.338646796,0.22,0.75,7.0,105.0,7.0
cfb_20261003_wmu_buff,home,1791057454960898148,0.000592328,0.18,0.8,51.0,105.0,51.0
cfb_20261003_wmu_buff,home,1791057455017179753,0.042774264,0.18,0.8,7.28,105.0,7.28
cfb_20261003_wmu_buff,home,1791057514354192740,0.004090594,0.64,0.32999999999999996,34.91,144.0,34.91
cfb_20261003_wmu_buff,home,1791057514361304700,0.049628029,0.64,0.32999999999999996,76.0,144.0,76.0
cfb_20261003_wmu_buff,home,1791057553193872647,0.868697559,0.6,0.35,464.61,123.0,123.0
cfb_20261003_wmu_buff,home,1791057554883467083,0.038181807,0.55,0.41000000000000003,5.0,123.0,5.0
cfb_20261003_wmu_buff,home,1791057728969307094,0.086510981,0.7,0.27,10311.9,114.0,114.0
cfb_20261003_wmu_buff,home,1791057731976745814,0.039953206,0.62,0.35,180.0,46.0,46.0
cfb_20261003_wmu_buff,home,1791057732373845216,0.005755125,0.62,0.35,4.0,46.0,4.0
cfb_20261003_wmu_buff,home,1791057732384509247,0.041544694,0.61,0.35,33.0,46.0,33.0
cfb_20261003_wmu_buff,home,1791057733016410834,0.034092285,0.62,0.35,35.12,46.0,35.12
cfb_20261003_wmu_buff,home,1791057814047515979,0.010961001,0.44,0.52,60.17,51.0,51.0
cfb_20261003_wmu_buff,home,1791057869246966831,0.222783964,0.31,0.53,16844.44,154.0,154.0
cfb_20261003_wmu_buff,home,1791057870167742946,0.209514452,0.17,0.81,2426.74,5.0,5.0
cfb_20261003_wmu_buff,home,1791057870463991617,0.038259154,0.09,0.89,88.0,10.0,10.0
cfb_20261003_wmu_buff,home,1791057870506296844,1.565625369,0.07,0.91,1000.0,533.33,533.33
cfb_20261003_wmu_buff,home,1791057880107411863,0.952436887,0.02,0.97,22186.55999999999,5.0,5.0
cfb_20261003_wmu_buff,home,1791057891478840261,0.590363942,0.03,0.96,6891.01,255.0,255.0
cfb_20261003_wmu_buff,home,1791057903929788787,0.170754406,0.04,0.95,28.400000000001796,35.83,28.400000000001796
cfb_20261003_wmu_buff,home,1791057906682171786,0.530872892,0.04,0.95,23580.32,10.0,10.0
cfb_20261003_wmu_buff,home,1791057910835766382,0.24967148,0.03,0.96,8700.41,171.0,171.0
cfb_20261003_wmu_buff,away,1791053105962461416,0.379276613,0.65,0.32,756.26,34.4,34.4
cfb_20261003_wmu_buff,away,1791054482862259725,32.116638133,0.39,0.57,1402.78,1497.71,1402.78
cfb_20261003_wmu_buff,away,1791055545731411275,0.134235048,0.44999999999999996,0.51,530.82,159.0,159.0
cfb_20261003_wmu_buff,away,1791055545888308158,0.036082816,0.44999999999999996,0.51,121.0,5.0,5.0
cfb_20261003_wmu_buff,away,1791055978636116425,0.500284285,0.6,0.37,248.72,34.0,34.0
cfb_20261003_wmu_buff,away,1791055979608641679,0.066710342,0.51,0.44,20.0,20.0,20.0
cfb_20261003_wmu_buff,away,1791055979824652573,0.246054191,0.51,0.45,20.0,35.0,20.0
cfb_20261003_wmu_buff,away,1791056626440067616,2.059044479,0.78,0.19,540.39,10.0,10.0
cfb_20261003_wmu_buff,away,1791056725115795055,0.295578427,0.86,0.12,24197.93,62.0,62.0
cfb_20261003_wmu_buff,away,1791056725724428576,0.070480913,0.86,0.12,27138.84,5.0,5.0
cfb_20261003_wmu_buff,away,1791056730421487707,0.777178012,0.81,0.17,260.31000000000006,55.0,55.0
cfb_20261003_wmu_buff,away,1791057160169994617,0.059242898,0.79,0.19,1.77,46.94,1.77
cfb_20261003_wmu_buff,away,1791057160249550694,0.021039381,0.79,0.19,1.77,46.94,1.77
cfb_20261003_wmu_buff,away,1791057160363040527,0.023904331,0.79,0.19,1.77,46.94,1.77
cfb_20261003_wmu_buff,away,1791057206671113326,0.3840876,0.86,0.12,8.89,144.0,8.89
cfb_20261003_wmu_buff,away,1791057238604732356,1.062623516,0.83,0.15,68.23,69.93,68.23
cfb_20261003_wmu_buff,away,1791057337002800651,0.415992357,0.81,0.17,7.82,174.01,7.82
cfb_20261003_wmu_buff,away,1791057337434540034,0.631312523,0.8200000000000001,0.16,829.12,62.0,62.0
cfb_20261003_wmu_buff,away,1791057381689171582,0.272502707,0.95,0.04,6.0,401.0,6.0
cfb_20261003_wmu_buff,away,1791057381964572424,12.58284117,0.95,0.04,499.0,401.0,401.0
cfb_20261003_wmu_buff,away,1791057441894644124,0.169388087,0.78,0.17,2370.52,124.0,124.0
cfb_20261003_wmu_buff,away,1791057443017409078,0.040134276,0.74,0.23,33.76,114.0,33.76
cfb_20261003_wmu_buff,away,1791057443213596330,0.045693449,0.72,0.25,33.76,51.96,33.76
cfb_20261003_wmu_buff,away,1791057443268439977,0.007184401,0.72,0.25,2.2,51.96,2.2
cfb_20261003_wmu_buff,away,1791057443281236756,0.005809029,0.72,0.25,2.2,51.96,2.2
cfb_20261003_wmu_buff,away,1791057443293448696,0.006640749,0.72,0.25,2.2,51.96,2.2
cfb_20261003_wmu_buff,away,1791057443305416989,0.006448163,0.72,0.25,2.2,51.96,2.2
cfb_20261003_wmu_buff,away,1791057443312501181,0.006002386,0.71,0.25,2.2,51.96,2.2
cfb_20261003_wmu_buff,away,1791057443319068047,0.005418501,0.72,0.25,2.2,51.96,2.2
cfb_20261003_wmu_buff,away,1791057443330736376,0.003150486,0.72,0.25,2.2,51.96,2.2
cfb_20261003_wmu_buff,away,1791057455357324499,0.040069636,0.79,0.19,686.0,50.0,50.0
cfb_20261003_wmu_buff,away,1791057461952921992,0.103709812,0.71,0.26,4.0,200.0,4.0
cfb_20261003_wmu_buff,away,1791057473706290726,0.348137584,0.65,0.31,1318.36,144.0,144.0
cfb_20261003_wmu_buff,away,1791057509563521149,0.122882925,0.5,0.45,2372.99,121.0,121.0
cfb_20261003_wmu_buff,away,1791057509709487300,0.34221629,0.49,0.47,180.61,25.0,25.0
cfb_20261003_wmu_buff,away,1791057513372041789,0.015094285,0.33999999999999997,0.63,381.0,62.0,62.0
cfb_20261003_wmu_buff,away,1791057513398491478,0.042587057,0.33999999999999997,0.63,6.0,62.0,6.0
cfb_20261003_wmu_buff,away,1791057513450971409,0.01307263,0.33999999999999997,0.63,2.34,62.0,2.34
cfb_20261003_wmu_buff,away,1791057562316231252,2.979183033,0.4,0.55,827.0,144.0,144.0
cfb_20261003_wmu_buff,away,1791057565299699879,0.00348741,0.37,0.6,78.0,25.0,25.0
cfb_20261003_wmu_buff,away,1791057565576312598,1.473803901,0.37,0.6,10.0,25.0,10.0
cfb_20261003_wmu_buff,away,1791057567068820232,6.430302864,0.31999999999999995,0.64,136.54999999999995,144.0,136.54999999999995
cfb_20261003_wmu_buff,away,1791057573518111584,8.791276678,0.31000000000000005,0.64,843.01,267.0,267.0
cfb_20261003_wmu_buff,away,1791057582327973472,0.032120779,0.27,0.63,2.0099999999998133,123.0,2.0099999999998133
cfb_20261003_wmu_buff,away,1791057583319402157,6.247764639,0.28,0.63,152.39999999999986,123.0,123.0
cfb_20261003_wmu_buff,away,1791057589963123848,8.622268986,0.28,0.69,13471.559999999998,144.0,144.0
cfb_20261003_wmu_buff,away,1791057657358100367,4.439767117,0.25,0.72,35.5,274.38,35.5
cfb_20261003_wmu_buff,away,1791057663622460794,3.61785471,0.25,0.72,35.81,274.38,35.81
cfb_20261003_wmu_buff,away,1791057667335691397,0.920240667,0.24,0.72,95.00999999999976,274.38,95.00999999999976
cfb_20261003_wmu_buff,away,1791057668277037747,0.008152949,0.25,0.72,6.94,274.38,6.94
cfb_20261003_wmu_buff,away,1791057668291661920,0.078431012,0.25,0.72,6.94,274.38,6.94
cfb_20261003_wmu_buff,away,1791057668589028216,0.031198124,0.25,0.72,6.94,274.38,6.94
cfb_20261003_wmu_buff,away,1791057885575299425,0.325994617,0.97,0.02,998.49,156.2,156.2
cfb_20261003_wmu_buff,away,1791057885907246620,0.144327807,0.97,0.02,34.21,16.2,16.2
cfb_20261003_wmu_buff,away,1791057886291471887,0.266506709,0.96,0.03,125.0,2472.13,125.0
cfb_20261003_day_drke,home,1791050569252768048,0.057260784,0.65,0.30000000000000004,1797.71,10.0,10.0
cfb_20261003_day_drke,home,1791055877372869244,0.03549942,0.7,0.27,177.08,10.0,10.0
cfb_20261003_day_drke,away,1791053612690403683,2.328712874,0.31999999999999995,0.62,644.25,15.0,15.0
cfb_20261003_valp_more,home,1791055651674878775,31.564325891,0.04,0.95,9.0,4.94,4.94
cfb_20261003_valp_more,home,1791055722389685128,69.189534432,0.04,0.95,5.76,4.94,4.94
cfb_20261003_elon_unh,home,1791054572449202417,0.363437488,0.75,0.21999999999999997,23.0,450.0,23.0
cfb_20261003_elon_unh,home,1791054572813161646,0.158351579,0.75,0.21999999999999997,10.86,450.0,10.86
cfb_20261003_elon_unh,home,1791054573052127918,0.019265411,0.75,0.21999999999999997,10.86,450.0,10.86
cfb_20261003_elon_unh,home,1791054574037451399,0.215359921,0.75,0.21999999999999997,10.99,450.0,10.99
cfb_20261003_elon_unh,home,1791054576472911469,20.721203858,0.75,0.21999999999999997,5.0,450.0,5.0
cfb_20261003_elon_unh,home,1791055378316926812,0.134751881,0.49,0.47,20.0,10.0,10.0
cfb_20261003_elon_unh,home,1791055378460442687,6.077191493,0.49,0.47,13.38,10.0,10.0
cfb_20261003_elon_unh,home,1791055384538665746,0.573183879,0.47,0.49,1306.62,5.0,5.0
cfb_20261003_elon_unh,home,1791058194945909440,0.107010575,0.92,0.06999999999999995,198.0,5.0,5.0
cfb_20261003_elon_unh,home,1791058202350755869,1.287314353,0.91,0.07999999999999996,211.0,5.0,5.0
cfb_20261003_elon_unh,home,1791058203660118569,0.63364023,0.91,0.07999999999999996,10.76,5.0,5.0
cfb_20261003_elon_unh,home,1791058489787820439,6.071936173,0.89,0.08999999999999997,16.21,27.0,16.21
cfb_20261003_elon_unh,home,1791058497560587184,0.529162865,0.91,0.07999999999999996,550.0100000000023,50.0,50.0
cfb_20261003_elon_unh,home,1791058498185596362,0.040756434,0.91,0.07999999999999996,550.0100000000023,1500.0,550.0100000000023
cfb_20261003_elon_unh,home,1791058498324073088,1.536778614,0.91,0.07999999999999996,550.0100000000023,25.0,25.0
cfb_20261003_elon_unh,home,1791058499917501776,0.717841924,0.89,0.08999999999999997,27.860000000000014,23.0,23.0
cfb_20261003_elon_unh,home,1791058500691638572,0.510688661,0.88,0.09999999999999998,32.0,25.0,25.0
cfb_20261003_elon_unh,home,1791058501226525280,0.630534203,0.88,0.09999999999999998,32.0,25.0,25.0
cfb_20261003_elon_unh,home,1791058501983321857,0.177569583,0.86,0.12,44.37,5.0,5.0
cfb_20261003_elon_unh,home,1791058738554978375,1.24561081,0.88,0.07999999999999996,295.25,25.0,25.0
cfb_20261003_elon_unh,home,1791058754371756943,0.046399074,0.83,0.15000000000000002,156.0,50.0,50.0
cfb_20261003_elon_unh,home,1791058754427134036,0.457932519,0.78,0.15000000000000002,90.24,50.0,50.0
cfb_20261003_elon_unh,home,1791058798378425577,0.170743658,0.84,0.14,52.25,32.0,32.0
cfb_20261003_elon_unh,home,1791058811108087310,0.00548463,0.7,0.27,6.0,51.0,6.0
cfb_20261003_elon_unh,home,1791058811118444165,0.459676009,0.7,0.27,34.0,51.0,34.0
cfb_20261003_elon_unh,home,1791058823070773055,0.069248608,0.6,0.35,0.01,141.0,0.01
cfb_20261003_elon_unh,home,1791058833988366083,0.407646342,0.6,0.36,2171.78,21.0,21.0
cfb_20261003_elon_unh,home,1791058962064363054,0.070309354,0.82,0.16000000000000003,61.0,86.0,61.0
cfb_20261003_elon_unh,away,1791049276743276061,0.004100617,0.43000000000000005,0.53,35.0,5.0,5.0
cfb_20261003_elon_unh,away,1791054380579777013,0.481767477,0.19999999999999996,0.77,87.39,25.0,25.0
cfb_20261003_elon_unh,away,1791055241493154928,0.078566069,0.42000000000000004,0.53,16.28,5.0,5.0
cfb_20261003_elon_unh,away,1791058285880570229,0.012023859,0.06999999999999995,0.92,549.0,200.0,200.0
cfb_20261003_elon_unh,away,1791058344897410016,0.026328661,0.06000000000000005,0.93,534.27,450.0,450.0
cfb_20261003_elon_unh,away,1791058503388999921,0.004619354,0.12,0.86,1.0,88.0,1.0
cfb_20261003_elon_unh,away,1791058503394712176,0.001030945,0.12,0.85,1.0,5.0,1.0
cfb_20261003_elon_unh,away,1791058503430217472,4.394718198,0.12,0.86,1.0,5.0,1.0
cfb_20261003_elon_unh,away,1791058775767280353,3.964924673,0.15000000000000002,0.83,1171.01,44.0,44.0
cfb_20261003_elon_unh,away,1791058806589715021,1.33456688,0.21999999999999997,0.75,1.0,51.0,1.0
cfb_20261003_elon_unh,away,1791058807928266659,0.537704882,0.21999999999999997,0.75,1.0,51.0,1.0
cfb_20261003_elon_unh,away,1791058822164009467,0.0061786,0.18000000000000005,0.6,191.14,55.0,55.0
cfb_20261003_elon_unh,away,1791058824632529426,0.123249339,0.33999999999999997,0.63,14.840000000000002,5.0,5.0
cfb_20261003_elon_unh,away,1791058825073074000,0.081675785,0.31999999999999995,0.61,17.150000000000002,43.8,17.150000000000002
cfb_20261003_elon_unh,away,1791058877755638078,0.074179274,0.25,0.7,449.34,47.0,47.0
cfb_20261003_elon_unh,away,1791058877946546669,0.109364236,0.27,0.7,100.0,47.0,47.0
cfb_20261003_elon_unh,away,1791058961632667461,0.029604991,0.15000000000000002,0.81,1821.67,81.0,81.0
cfb_20261003_elon_unh,away,1791058991900648940,0.025743994,0.18000000000000005,0.8,36.81,72.0,36.81
cfb_20261003_elon_unh,away,1791059010528974650,0.516220568,0.18999999999999995,0.78,300.0,80.0,80.0
cfb_20261003_elon_unh,away,1791059016108414122,0.450620913,0.09999999999999998,0.86,31.0,80.0,31.0
cfb_20261003_elon_unh,away,1791059021256274058,0.843154285,0.07999999999999996,0.9,267.95,59.0,59.0
cfb_20261003_elon_unh,away,1791059027758266793,0.561394587,0.010000000000000009,0.95,15891.93,5.0,5.0
cfb_20261003_morg_vill,home,1791055360151753353,8.303362132,0.58,0.39,55.78,5.0,5.0
cfb_20261003_morg_vill,home,1791055368499986808,0.967344744,0.58,0.39,36.92,5.0,5.0
cfb_20261003_morg_vill,home,1791057622733474533,0.49797785,0.87,0.10999999999999999,74.1,150.0,74.1
cfb_20261003_morg_vill,home,1791057761054727643,0.058638042,0.94,0.050000000000000044,26.44,21.0,21.0
cfb_20261003_morg_vill,home,1791057782854026332,1.738448333,0.91,0.07999999999999996,5.0,5.0,5.0
cfb_20261003_morg_vill,home,1791057786491642354,2.593591389,0.91,0.07999999999999996,63.01,5.0,5.0
cfb_20261003_morg_vill,home,1791057792504220177,1.060938495,0.91,0.07999999999999996,24.01,5.0,5.0
cfb_20261003_morg_vill,home,1791057793679953197,0.39721383,0.91,0.07999999999999996,26.00999999999995,5.0,5.0
cfb_20261003_morg_vill,home,1791057794090956198,0.037943246,0.91,0.07999999999999996,63.00999999999995,5.0,5.0
cfb_20261003_morg_vill,home,1791057794159806076,0.300593205,0.91,0.07999999999999996,26.00999999999995,5.0,5.0
cfb_20261003_morg_vill,home,1791057807076252105,0.277174063,0.91,0.07999999999999996,22.9,5.0,5.0
cfb_20261003_morg_vill,home,1791057807379563807,0.004483118,0.91,0.07999999999999996,22.9,5.0,5.0
cfb_20261003_morg_vill,home,1791057807404381171,0.034705222,0.91,0.07999999999999996,22.9,5.0,5.0
cfb_20261003_morg_vill,home,1791057807580474727,68.629444775,0.91,0.07999999999999996,22.9,5.0,5.0
cfb_20261003_morg_vill,home,1791057876219437569,0.014950545,0.91,0.07999999999999996,20.0,5.0,5.0
cfb_20261003_morg_vill,home,1791057876274562855,0.00676309,0.91,0.07999999999999996,0.23,5.0,0.23
cfb_20261003_morg_vill,home,1791057876281844951,0.014120679,0.9,0.07999999999999996,0.23,5.0,0.23
cfb_20261003_morg_vill,home,1791057876317730735,0.004238829,0.91,0.07999999999999996,20.0,5.0,5.0
cfb_20261003_morg_vill,home,1791057876335018541,0.004333209,0.91,0.07999999999999996,20.0,5.0,5.0
cfb_20261003_morg_vill,home,1791057876362872242,0.007954164,0.91,0.07999999999999996,0.23,5.0,0.23
cfb_20261003_morg_vill,home,1791057876371450029,0.020822721,0.9,0.07999999999999996,0.23,5.0,0.23
cfb_20261003_morg_vill,home,1791057876392856357,0.009274069,0.91,0.07999999999999996,0.23,5.0,0.23
cfb_20261003_morg_vill,home,1791057876402732548,0.018107971,0.9,0.07999999999999996,0.23,5.0,0.23
cfb_20261003_morg_vill,home,1791057876431348433,0.032819695,0.91,0.07999999999999996,0.23,5.0,0.23
cfb_20261003_morg_vill,home,1791057876473717808,0.020403603,0.91,0.07999999999999996,0.23,5.0,0.23
cfb_20261003_morg_vill,home,1791057876494760034,0.05150245,0.9,0.07999999999999996,0.23,5.0,0.23
cfb_20261003_morg_vill,home,1791057876575022438,0.042526341,0.91,0.07999999999999996,0.23,5.0,0.23
cfb_20261003_morg_vill,home,1791057876639124352,0.05625587,0.91,0.07999999999999996,0.23,5.0,0.23
cfb_20261003_morg_vill,home,1791057876695963628,0.005826665,0.9,0.07999999999999996,0.23,5.0,0.23
cfb_20261003_morg_vill,home,1791057876702389231,0.010260732,0.91,0.07999999999999996,0.23,5.0,0.23
cfb_20261003_morg_vill,home,1791057876713260216,0.009087382,0.9,0.07999999999999996,0.23,5.0,0.23
cfb_20261003_morg_vill,home,1791057876722921541,0.014869244,0.91,0.07999999999999996,0.23,5.0,0.23
cfb_20261003_morg_vill,home,1791057876738395340,0.025211809,0.9,0.07999999999999996,0.23,5.0,0.23
cfb_20261003_morg_vill,home,1791057876782696155,0.041718705,0.91,0.07999999999999996,20.0,5.0,5.0
cfb_20261003_morg_vill,home,1791057876837512515,5.008032197,0.91,0.07999999999999996,0.23,5.0,0.23
cfb_20261003_morg_vill,home,1791057881872277253,1.184491457,0.91,0.07999999999999996,20.0,5.0,5.0
cfb_20261003_morg_vill,home,1791058143715013359,0.898926353,0.91,0.07999999999999996,20.33,5.0,5.0
cfb_20261003_morg_vill,home,1791058144811427580,1.411298711,0.91,0.07999999999999996,20.52,5.0,5.0
cfb_20261003_morg_vill,home,1791058146243777400,0.021042357,0.91,0.07999999999999996,150.0,5.0,5.0
cfb_20261003_morg_vill,home,1791058146332179825,0.666104856,0.91,0.07999999999999996,6.0,5.0,5.0
cfb_20261003_morg_vill,home,1791058147028781364,0.104791098,0.9,0.07999999999999996,1.0,5.0,1.0
cfb_20261003_morg_vill,home,1791058147198441608,0.023898714,0.91,0.07999999999999996,150.0,5.0,5.0
cfb_20261003_morg_vill,home,1791058147257233593,0.010172461,0.91,0.07999999999999996,150.0,5.0,5.0
cfb_20261003_morg_vill,home,1791058147289017316,0.196687993,0.91,0.07999999999999996,21.4,5.0,5.0
cfb_20261003_morg_vill,home,1791058147615674139,0.01499698,0.91,0.07999999999999996,21.22,5.0,5.0
cfb_20261003_morg_vill,home,1791058147919784745,0.255142171,0.91,0.07999999999999996,21.22,5.0,5.0
cfb_20261003_morg_vill,home,1791058148198692277,0.907295793,0.91,0.07999999999999996,21.22,5.0,5.0
cfb_20261003_morg_vill,home,1791058522122136960,0.009992803,0.58,0.39,83.0,22.0,22.0
cfb_20261003_morg_vill,home,1791058546130694118,0.326206663,0.29,0.6699999999999999,0.01,5.0,0.01
cfb_20261003_morg_vill,home,1791058546546499277,1.457351549,0.29,0.6799999999999999,0.01,5.0,0.01
cfb_20261003_morg_vill,home,1791058548012973625,0.028500434,0.26,0.7,18.09,10.0,10.0
cfb_20261003_morg_vill,home,1791058548098538717,0.036562608,0.26,0.7,23.09,5.0,5.0
cfb_20261003_morg_vill,home,1791058548136110550,0.822472598,0.26,0.71,23.090000000000003,44.0,23.090000000000003
cfb_20261003_morg_vill,home,1791058548961500880,0.905456141,0.25,0.7,95.0,5.0,5.0
cfb_20261003_morg_vill,home,1791058549922614212,0.132363777,0.23,0.72,3.62,214.0,3.62
cfb_20261003_morg_vill,home,1791058550117511545,0.35128711,0.23,0.74,30.62,88.0,30.62
cfb_20261003_morg_vill,home,1791058550473371797,0.00632299,0.24,0.73,6.31,5.0,5.0
cfb_20261003_morg_vill,home,1791058550545719017,0.003243254,0.24,0.73,6.31,5.0,5.0
cfb_20261003_morg_vill,home,1791058550555735933,0.004268109,0.24,0.73,6.03,5.0,5.0
cfb_20261003_morg_vill,home,1791058550581580005,0.012755712,0.24,0.73,6.03,5.0,5.0
cfb_20261003_morg_vill,home,1791058550600343661,0.01791255,0.24,0.73,6.03,5.0,5.0
cfb_20261003_morg_vill,home,1791058550632191433,0.010124764,0.24,0.73,6.03,5.0,5.0
cfb_20261003_morg_vill,home,1791058550697803463,0.000781531,0.24,0.73,6.03,5.0,5.0
cfb_20261003_morg_vill,home,1791058550708942050,0.011057774,0.24,0.73,54.0,5.0,5.0
cfb_20261003_morg_vill,home,1791058550752261057,0.005818262,0.24,0.73,6.03,5.0,5.0
cfb_20261003_morg_vill,home,1791058550817790282,0.00227168,0.24,0.73,6.03,5.0,5.0
cfb_20261003_morg_vill,home,1791058550832627331,0.353875679,0.24,0.73,6.03,5.0,5.0
cfb_20261003_morg_vill,home,1791058551235098540,0.061352253,0.22,0.75,0.01,10.0,0.01
cfb_20261003_morg_vill,home,1791058551320544566,0.458882203,0.22,0.75,0.01,5.0,0.01
cfb_20261003_morg_vill,home,1791058551934403293,0.011464776,0.22,0.75,0.01,10.0,0.01
cfb_20261003_morg_vill,home,1791058621532082525,0.103457363,0.13,0.85,23.83,15.0,15.0
cfb_20261003_morg_vill,home,1791058621641620222,0.010824852,0.13,0.85,74.0,15.0,15.0
cfb_20261003_morg_vill,home,1791058622504809038,1.378522688,0.13,0.85,24.08,15.0,15.0
cfb_20261003_morg_vill,home,1791058623890197086,0.005281481,0.13,0.85,24.31,15.0,15.0
cfb_20261003_morg_vill,home,1791058623900849850,0.883969492,0.13,0.85,24.31,15.0,15.0
cfb_20261003_morg_vill,home,1791058624790521803,2.947200534,0.13,0.85,24.19,15.0,15.0
cfb_20261003_morg_vill,home,1791058627767948016,0.000877363,0.12,0.85,24.35,15.0,15.0
cfb_20261003_morg_vill,home,1791058627774649459,0.099013269,0.12,0.85,1.0,15.0,1.0
cfb_20261003_morg_vill,home,1791058633985179529,0.115495451,0.09,0.89,24.47,213.0,24.47
cfb_20261003_morg_vill,home,1791058767057126787,2.268485122,0.41,0.56,4.999999999999972,351.0,4.999999999999972
cfb_20261003_morg_vill,home,1791058780735103524,0.353367555,0.38,0.5900000000000001,5.0,246.39,5.0
cfb_20261003_morg_vill,home,1791058781353557369,0.950427581,0.38,0.5900000000000001,5.0,246.39,5.0
cfb_20261003_morg_vill,home,1791058785237030948,0.005182303,0.36,0.61,25.59,200.0,25.59
cfb_20261003_morg_vill,home,1791058785245013312,0.015278739,0.36,0.61,66.0,200.0,66.0
cfb_20261003_morg_vill,home,1791058785265333859,0.010661657,0.36,0.61,25.59,200.0,25.59
cfb_20261003_morg_vill,home,1791058785294719999,0.075002609,0.35,0.61,5.0,200.0,5.0
cfb_20261003_morg_vill,home,1791058786421912259,0.633370255,0.35,0.61,111.54,200.0,111.54
cfb_20261003_morg_vill,home,1791058787466373775,0.304677686,0.35,0.62,44.0,44.0,44.0
cfb_20261003_morg_vill,home,1791058787826113459,0.340405009,0.35,0.62,49.0,44.0,44.0
cfb_20261003_morg_vill,home,1791058788634106974,0.59030658,0.34,0.63,26.67,44.0,26.67
cfb_20261003_morg_vill,home,1791058789271188108,0.137257451,0.33,0.64,123.0,208.0,123.0
cfb_20261003_morg_vill,home,1791058789497088354,0.00132476,0.32,0.65,31.67,5.0,5.0
cfb_20261003_morg_vill,home,1791058789505023982,0.641221567,0.32,0.65,31.67,5.0,5.0
cfb_20261003_morg_vill,home,1791058790574975703,0.335398518,0.32,0.65,143.0,10.0,10.0
cfb_20261003_morg_vill,home,1791058790913222167,0.47220701,0.31,0.65,54.35000000000001,44.0,44.0
cfb_20261003_morg_vill,home,1791058791771263470,0.009646313,0.31,0.6599999999999999,70.0,10.0,10.0
cfb_20261003_morg_vill,home,1791058792352855194,0.088366283,0.3,0.6699999999999999,44.0,44.0,44.0
cfb_20261003_morg_vill,home,1791058792608961411,0.025383637,0.29,0.6799999999999999,113.69,10.0,10.0
cfb_20261003_morg_vill,home,1791058792649349248,0.00099903,0.29,0.6799999999999999,26.689999999999998,10.0,10.0
cfb_20261003_morg_vill,home,1791058801617922131,0.49964871,0.2,0.77,128.0,44.0,44.0
cfb_20261003_morg_vill,home,1791058803140901523,0.912453782,0.08,0.87,3974.97,44.0,44.0
cfb_20261003_morg_vill,home,1791058806526833364,0.53334018,0.01,0.94,17821.71,38.94,38.94
cfb_20261003_morg_vill,away,1791057621713184956,0.299217725,0.09999999999999998,0.84,379.13,5.0,5.0
cfb_20261003_morg_vill,away,1791057642542606002,7.400072068,0.09999999999999998,0.88,20.77,5.0,5.0
cfb_20261003_morg_vill,away,1791057650047615230,15.890263136,0.07999999999999996,0.89,713.05,5.0,5.0
cfb_20261003_morg_vill,away,1791057665939182519,0.011196677,0.06999999999999995,0.91,48.32,5.0,5.0
cfb_20261003_morg_vill,away,1791057666348004144,3.317067717,0.06999999999999995,0.91,21.12,5.0,5.0
cfb_20261003_morg_vill,away,1791058107707369666,0.38463995,0.040000000000000036,0.95,17.94,15.0,15.0
cfb_20261003_morg_vill,away,1791058227466957332,0.66642644,0.31000000000000005,0.63,0.01,250.0,0.01
cfb_20261003_morg_vill,away,1791058228383389653,0.100895423,0.33999999999999997,0.63,1.0,157.0,1.0
cfb_20261003_morg_vill,away,1791058228892448251,0.224911905,0.33999999999999997,0.63,19.99,157.0,19.99
cfb_20261003_morg_vill,away,1791058229361600337,0.005416016,0.33999999999999997,0.63,19.99,41.0,19.99
cfb_20261003_morg_vill,away,1791058231343213717,0.048056075,0.33999999999999997,0.63,2.0,16.92,2.0
cfb_20261003_morg_vill,away,1791058232959419552,0.104930219,0.32999999999999996,0.63,11.99,16.92,11.99
cfb_20261003_morg_vill,away,1791058252687084494,0.011945011,0.31000000000000005,0.66,18.92,199.99,18.92
cfb_20261003_morg_vill,away,1791058303293220741,0.823642915,0.6799999999999999,0.29,1.0199999999999392,175.0,1.0199999999999392
cfb_20261003_morg_vill,away,1791058311561164231,0.117653804,0.6599999999999999,0.29,2.21,132.13,2.21
cfb_20261003_morg_vill,away,1791058311876705532,0.397482392,0.6799999999999999,0.29,0.01,132.13,0.01
cfb_20261003_morg_vill,away,1791058457116267147,0.033167305,0.72,0.22,5.319999999999999,96.0,5.319999999999999
cfb_20261003_morg_vill,away,1791058457293063490,0.004317077,0.74,0.22,13.309999999999999,96.0,13.309999999999999
cfb_20261003_morg_vill,away,1791058457298886428,0.756195608,0.74,0.22,23.3,96.0,23.3
cfb_20261003_morg_vill,away,1791058488363200515,0.004461808,0.5900000000000001,0.38,24.01,5.0,5.0
cfb_20261003_morg_vill,away,1791058488382658090,0.011570794,0.5900000000000001,0.38,24.01,5.0,5.0
cfb_20261003_morg_vill,away,1791058488400678829,0.107893443,0.5900000000000001,0.38,30.0,5.0,5.0
cfb_20261003_morg_vill,away,1791058488538822986,0.00685836,0.5900000000000001,0.38,24.01,5.0,5.0
cfb_20261003_morg_vill,away,1791058488666062550,0.006053989,0.5900000000000001,0.38,24.08,5.0,5.0
cfb_20261003_morg_vill,away,1791058488686471341,0.008155611,0.5900000000000001,0.38,24.08,5.0,5.0
cfb_20261003_morg_vill,away,1791058488708517513,0.101866022,0.5900000000000001,0.38,30.0,5.0,5.0
cfb_20261003_morg_vill,away,1791058488810964168,0.005281821,0.5900000000000001,0.38,24.08,5.0,5.0
cfb_20261003_morg_vill,away,1791058488884675213,7.802663529,0.5900000000000001,0.38,24.08,5.0,5.0
cfb_20261003_morg_vill,away,1791058496740693131,0.249947774,0.52,0.42,10.0,5.0,5.0
cfb_20261003_morg_vill,away,1791058497031334053,0.155098332,0.52,0.44,10.0,5.0,5.0
cfb_20261003_morg_vill,away,1791058497221858642,0.17284346,0.52,0.44,10.0,5.0,5.0
cfb_20261003_morg_vill,away,1791058497418040471,4.569559811,0.52,0.44,6.0,5.0,5.0
cfb_20261003_morg_vill,away,1791058501988650373,4.784037078,0.43999999999999995,0.5,53.999999999999986,41.0,41.0
cfb_20261003_morg_vill,away,1791058506773219956,1.239035284,0.43999999999999995,0.47,39.000000000000114,5.0,5.0
cfb_20261003_morg_vill,away,1791058707308462592,0.088708155,0.9299999999999999,0.06,0.02,450.0,0.02
cfb_20261003_morg_vill,away,1791058707657354962,0.204163982,0.91,0.08,5.0,200.0,5.0
cfb_20261003_morg_vill,away,1791058710154935028,0.90647672,0.88,0.1,5.0,15.0,5.0
cfb_20261003_morg_vill,away,1791058727335377425,0.005285055,0.73,0.22,220.68,25.0,25.0
cfb_20261003_morg_vill,away,1791058727909190848,0.548367962,0.72,0.21,263.99,44.0,44.0
cfb_20261003_tows_monm,home,1791056266975230965,0.196099631,0.65,0.31000000000000005,1003.67,16.0,16.0
cfb_20261003_tows_monm,home,1791057648628088466,16.319150606,0.7,0.27,12.99,254.0,12.99
cfb_20261003_tows_monm,home,1791057664978274732,4.686797129,0.71,0.26,5.0,11.0,5.0
cfb_20261003_tows_monm,home,1791058099054238445,4.048807494,0.88,0.08999999999999997,54.519999999999996,8.0,8.0
cfb_20261003_tows_monm,away,1791058263976919811,0.311829051,0.040000000000000036,0.95,17.61,5.0,5.0
cfb_20261003_tows_monm,away,1791058293917661102,0.146885871,0.010000000000000009,0.96,17181.75,5.0,5.0
cfb_20261003_penn_dart,home,1791057383503104726,0.032057111,0.64,0.32999999999999996,43.43,5.0,5.0
cfb_20261003_penn_dart,home,1791057383557868944,0.015071362,0.64,0.32999999999999996,38.56,5.0,5.0
cfb_20261003_penn_dart,home,1791057383586374004,5.272110423,0.64,0.32999999999999996,50.45,5.0,5.0
cfb_20261003_penn_dart,home,1791057696793866061,3.632249576,0.55,0.38,259.96,15.0,15.0
cfb_20261003_penn_dart,home,1791057700745418765,0.61396911,0.59,0.38,41.0,5.0,5.0
cfb_20261003_penn_dart,home,1791057709285970497,0.000591147,0.53,0.43000000000000005,300.0,10.0,10.0
cfb_20261003_penn_dart,home,1791057709299555976,0.001147236,0.53,0.43000000000000005,300.0,10.0,10.0
cfb_20261003_penn_dart,home,1791057709321173907,0.030927219,0.53,0.43000000000000005,1.53,10.0,1.53
cfb_20261003_penn_dart,home,1791057709394328225,0.007645668,0.53,0.43000000000000005,1.53,10.0,1.53
cfb_20261003_penn_dart,home,1791057709420555729,2.821289295,0.53,0.43000000000000005,30.0,10.0,10.0
cfb_20261003_penn_dart,home,1791057719379276768,0.010897884,0.45,0.49,10.0,5.0,5.0
cfb_20261003_penn_dart,home,1791058109263315797,0.101572307,0.91,0.07999999999999996,10.52,5.0,5.0
cfb_20261003_penn_dart,away,1791057987221822060,0.209992262,0.38,0.59,17.66,15.0,15.0
cfb_20261003_penn_dart,away,1791058406182198253,2.242188115,0.040000000000000036,0.95,5.0,5.0,5.0
cfb_20261003_penn_dart,away,1791058432478359848,0.58057533,0.030000000000000027,0.95,109.4,5.0,5.0
cfb_20261003_mer_vmi,home,1791052083423473218,0.015607143,0.02,0.96,24.06,5.0,5.0
cfb_20261003_mer_vmi,home,1791052083450377708,0.007467371,0.03,0.96,1.0,5.0,1.0
cfb_20261003_mer_vmi,home,1791052842288042617,0.061371496,0.02,0.976,709.0,141.25,141.25
cfb_20261003_mer_vmi,home,1791052854564275293,35.435724707,0.01,0.98,295742.54,5.0,5.0
cfb_20261003_tol_ball,home,1791051840301094974,1.240870745,0.17,0.81,90.5,5.0,5.0
cfb_20261003_tol_ball,home,1791054119874831186,0.185273924,0.16,0.8200000000000001,14.0,22.0,14.0
cfb_20261003_tol_ball,home,1791054446333375401,0.269555785,0.16,0.8200000000000001,3.0,25.0,3.0
cfb_20261003_tol_ball,home,1791055767563362519,0.498847318,0.18,0.79,180.73,35.0,35.0
cfb_20261003_tol_ball,home,1791055944032697336,0.293982291,0.16,0.8200000000000001,68.0,48.0,48.0
cfb_20261003_tol_ball,home,1791055944329435716,0.029278501,0.12,0.83,96.0,10.0,10.0
cfb_20261003_tol_ball,home,1791055944379468695,0.051556425,0.11,0.87,747.0,10.0,10.0
cfb_20261003_tol_ball,home,1791058206966624625,0.008246979,0.08,0.9,328.39,5.0,5.0
cfb_20261003_tol_ball,home,1791059072578646836,1.159198349,0.05,0.94,133.74,15.0,15.0
cfb_20261003_tol_ball,home,1791059500838900594,0.215522139,0.1,0.88,598.83,438.0,438.0
cfb_20261003_tol_ball,home,1791059879020488572,0.023111214,0.07,0.92,295.41,5229.0,295.41
cfb_20261003_tol_ball,home,1791059879067569538,0.103968338,0.07,0.91,3880.69,10.0,10.0
cfb_20261003_tol_ball,away,1791052780693320476,1.248463511,0.84,0.14,11.0,5.0,5.0
cfb_20261003_tol_ball,away,1791052782054523212,0.902389997,0.84,0.14,5.0,5.0,5.0
cfb_20261003_tol_ball,away,1791052783147287512,0.012489274,0.84,0.14,5.0,5.0,5.0
cfb_20261003_tol_ball,away,1791052783169662452,1.912818031,0.84,0.14,30.0,5.0,5.0
cfb_20261003_tol_ball,away,1791053596379002725,0.736276403,0.84,0.14,94.0,5.0,5.0
cfb_20261003_tol_ball,away,1791054404056909131,1.005805894,0.8,0.18,69.27999999999994,29.0,29.0
cfb_20261003_tol_ball,away,1791054775238871858,0.815375063,0.85,0.13,43.13,5.74,5.74
cfb_20261003_tol_ball,away,1791057345175857873,0.489222168,0.91,0.08,2.0,10.0,2.0
cfb_20261003_tol_ball,away,1791059258094316609,0.00981,0.91,0.08,5.59,5.0,5.0
cfb_20261003_tol_ball,away,1791059258545375587,0.527145468,0.91,0.08,36.0,5.0,5.0
cfb_20261003_norf_rmu,home,1791061154509499060,0.563501789,0.89,0.08999999999999997,6.79,31.12,6.79
cfb_20261003_norf_rmu,home,1791063059965672996,0.023175965,0.81,0.17000000000000004,13.52,176.05,13.52
cfb_20261003_norf_rmu,home,1791063059990646636,0.518352113,0.81,0.17000000000000004,5.0,176.05,5.0
cfb_20261003_norf_rmu,home,1791063061793133204,1.616558699,0.81,0.17000000000000004,16.42,2.05,2.05
cfb_20261003_norf_rmu,home,1791063067049637025,0.074980281,0.73,0.24,15.59,10.0,10.0
cfb_20261003_norf_rmu,home,1791063067222114803,0.126144844,0.73,0.24,15.54,54.0,15.54
cfb_20261003_norf_rmu,home,1791063067588751256,1.493602362,0.73,0.24,5.0,54.0,5.0
cfb_20261003_norf_rmu,home,1791063069180659902,0.06762868,0.69,0.28,7.0,5.0,5.0
cfb_20261003_norf_rmu,home,1791063069318185758,0.517981639,0.69,0.26,7.0,100.0,7.0
cfb_20261003_norf_rmu,home,1791063069856129721,0.969501993,0.68,0.29000000000000004,15.48,50.0,15.48
cfb_20261003_norf_rmu,home,1791063070985107269,0.003050857,0.69,0.28,9.38,100.0,9.38
cfb_20261003_norf_rmu,home,1791063071009493777,0.02199985,0.69,0.28,9.38,100.0,9.38
cfb_20261003_norf_rmu,away,1791062601195074819,0.893684304,0.62,0.33,36.0,5.0,5.0
cfb_20261003_norf_rmu,away,1791062921572561695,0.489931697,0.18999999999999995,0.79,17.2,6.84,6.84
cfb_20261003_norf_rmu,away,1791063041743574409,1.000026947,0.17000000000000004,0.75,944.2900000000001,347.0,347.0
cfb_20261003_norf_rmu,away,1791063158354779635,0.045222269,0.07999999999999996,0.65,1109.33,5.0,5.0
cfb_20261003_norf_rmu,away,1791063159283743424,1.896663265,0.010000000000000009,0.95,4578.99,5.0,5.0
cfb_20261003_wof_fur,home,1791061485891300943,0.16363502,0.03,0.96,18.47,5.0,5.0
cfb_20261003_wof_fur,home,1791061493275955506,0.781465289,0.02,0.97,200.0,5.0,5.0
cfb_20261003_wof_fur,home,1791062436818093471,0.215120387,0.05,0.94,1106.84,271.0,271.0
cfb_20261003_wof_fur,home,1791062442307288184,0.032802231,0.03,0.96,50.3,245.0,50.3
cfb_20261003_wof_fur,home,1791062442375505197,0.66182659,0.03,0.96,5.0,245.0,5.0
cfb_20261003_wof_fur,home,1791062461880165892,0.287391434,0.02,0.97,100.0,5.0,5.0
cfb_20261003_wof_fur,home,1791062469326013537,22.725438434,0.01,0.98,635.19,3.97,3.97
cfb_20261003_cit_scst,home,1791059115053673485,1.003284484,0.2,0.77,181.26999999999998,940.0,181.26999999999998
cfb_20261003_cit_scst,home,1791061590493876623,0.560067106,0.46,0.5,13.7,1.57,1.57
cfb_20261003_cit_scst,home,1791061713738082523,0.004774659,0.4,0.54,12.96,5.0,5.0
cfb_20261003_cit_scst,home,1791062077805504016,0.0441387,0.09,0.83,1065.71,1000.0,1000.0
cfb_20261003_cit_scst,home,1791062078512986065,0.074479057,0.09,0.83,9.87,1000.0,9.87
cfb_20261003_cit_scst,home,1791062078593890053,0.002701463,0.05,0.87,21.99,50.0,21.99
cfb_20261003_cit_scst,home,1791062078598067556,1.471246584,0.07,0.87,60.0,50.0,50.0
cfb_20261003_cit_scst,home,1791062087326711732,0.165864292,0.12,0.86,22.12,1.65,1.65
cfb_20261003_cit_scst,home,1791062087496103389,0.279050091,0.11,0.86,129.43,26.0,26.0
cfb_20261003_cit_scst,home,1791062088024184706,0.013362981,0.07,0.92,5.0,5.0,5.0
cfb_20261003_cit_scst,home,1791062088474096094,0.008285223,0.03,0.96,5.0,5.0,5.0
cfb_20261003_cit_scst,home,1791062100385220624,0.669946517,0.01,0.98,5526.15,1010.0,1010.0
cfb_20261003_cit_scst,home,1791062109708837668,0.342480204,0.01,0.98,7020.38,51.0,51.0
cfb_20261003_cit_scst,away,1791060266379727081,1.74912868,0.37,0.6,6.11,15.0,6.11
cfb_20261003_cit_scst,away,1791060268321988363,1.317257317,0.36,0.61,15.64,5.0,5.0
cfb_20261003_cit_scst,away,1791060269642919979,0.074331112,0.36,0.61,15.48,5.0,5.0
cfb_20261003_cit_scst,away,1791060273478951749,0.006480006,0.35,0.62,6.08,10.0,6.08
cfb_20261003_cit_scst,away,1791060273491712627,0.078309141,0.35,0.62,6.08,10.0,6.08
cfb_20261003_cit_scst,away,1791060273571283151,2.777516909,0.35,0.62,40.0,10.0,10.0
cfb_20261003_cit_scst,away,1791062082683406842,0.293250729,0.97,0.02,62.62,8.6,8.6
cfb_20261003_cit_scst,away,1791062086022309285,0.064861774,0.87,0.11,22.27,15.0,15.0
cfb_20261003_cit_scst,away,1791062094344963772,0.248408306,0.96,0.03,10.0,6474.99,10.0
cfb_20261003_cit_scst,away,1791062094875732524,0.214877598,0.96,0.03,10.0,6474.99,10.0
cfb_20261003_cit_scst,away,1791062095393574779,0.26717155,0.96,0.03,10.0,6474.99,10.0
cfb_20261003_cit_scst,away,1791062095928478205,0.738874681,0.96,0.03,100.0,6474.99,100.0
cfb_20261003_cit_scst,away,1791062096680320911,0.040932818,0.96,0.03,16.98,6092.99,16.98
cfb_20261003_cit_scst,away,1791062097127497368,0.014428464,0.96,0.03,23.18,5835.99,23.18
cfb_20261003_cit_scst,away,1791062103211604000,1.260913927,0.97,0.02,5.0,126.07,5.0
cfb_20261003_cit_scst,away,1791062106003974723,1.137191094,0.97,0.02,23.78,10.0,10.0
cfb_20261003_cit_scst,away,1791062107160289230,1.96773341,0.96,0.03,5.0,5360.99,5.0
cfb_20261003_cit_scst,away,1791062109131295204,0.004934821,0.96,0.03,11.68,5055.99,11.68
cfb_20261003_cit_scst,away,1791062109141581712,0.574464729,0.96,0.03,48.0,5055.99,48.0
cfb_20261003_pv_mvsu,home,1791057082446097417,0.029533264,0.02,0.97,650.0,1960.0,650.0
cfb_20261003_pv_mvsu,home,1791057447983977210,0.072189975,0.01,0.988,18749.48,73.0,73.0
cfb_20261003_inst_sdak,home,1791055406084395507,19.503783648,0.92,0.06999999999999995,2378.08,20.0,20.0
cfb_20261003_inst_sdak,home,1791057908582596324,0.470634265,0.96,0.028000000000000025,268.0,100.0,100.0
cfb_20261003_inst_sdak,away,1791058061430364345,0.039283729,0.020000000000000018,0.976,8247.28,70.0,70.0
cfb_20261003_inst_sdak,away,1791058061472884278,0.843754441,0.020000000000000018,0.976,8083.62,70.0,70.0
cfb_20261003_inst_sdak,away,1791058062347942059,0.686779191,0.020000000000000018,0.976,8209.8,70.0,70.0
cfb_20261003_alcn_gram,home,1791063467618298875,0.060019334,0.87,0.10999999999999999,12.01,500.0,12.01
cfb_20261003_alcn_gram,home,1791063467872374727,0.157201334,0.87,0.10999999999999999,12.01,500.0,12.01
cfb_20261003_alcn_gram,home,1791063468104231095,0.00562875,0.87,0.10999999999999999,12.01,500.0,12.01
cfb_20261003_alcn_gram,home,1791063468720386217,1.831322681,0.87,0.10999999999999999,49.0,500.0,49.0
cfb_20261003_alcn_gram,home,1791063470557757819,0.004463139,0.87,0.10999999999999999,3.41,397.0,3.41
cfb_20261003_alcn_gram,home,1791063470570717172,0.006308269,0.87,0.10999999999999999,3.41,397.0,3.41
cfb_20261003_alcn_gram,home,1791063470580001907,0.006645946,0.87,0.10999999999999999,3.41,397.0,3.41
cfb_20261003_alcn_gram,home,1791063471126270216,0.07099149,0.87,0.10999999999999999,13.5,300.44,13.5
cfb_20261003_alcn_gram,home,1791063471203976136,0.028321108,0.87,0.10999999999999999,0.5,300.44,0.5
cfb_20261003_alcn_gram,home,1791063471235403097,0.003652999,0.87,0.10999999999999999,0.5,300.44,0.5
cfb_20261003_alcn_gram,home,1791063471246857490,0.009044311,0.87,0.10999999999999999,0.5,300.44,0.5
cfb_20261003_alcn_gram,home,1791063471339443569,0.004727605,0.87,0.10999999999999999,0.5,300.44,0.5
cfb_20261003_alcn_gram,home,1791063471414604051,0.002769369,0.87,0.10999999999999999,0.5,300.44,0.5
cfb_20261003_alcn_gram,home,1791063471432562604,0.004908114,0.87,0.10999999999999999,0.5,300.44,0.5
cfb_20261003_alcn_gram,home,1791063616234878406,14.604225307,0.87,0.10999999999999999,250.0,0.53,0.53
cfb_20261003_alcn_gram,home,1791064880325049277,0.498729209,0.63,0.33999999999999997,25.67,300.0,25.67
cfb_20261003_alcn_gram,home,1791064880824382101,3.193840938,0.62,0.33999999999999997,500.01,300.0,300.0
cfb_20261003_alcn_gram,home,1791064902058998460,0.074815354,0.53,0.43000000000000005,111.16999999999997,1656.0,111.16999999999997
cfb_20261003_alcn_gram,home,1791064902250111150,0.027877486,0.53,0.43000000000000005,25.55,1656.0,25.55
cfb_20261003_alcn_gram,home,1791064902919306676,0.158020933,0.53,0.43000000000000005,25.55,1656.0,25.55
cfb_20261003_alcn_gram,home,1791065462907491140,0.009167392,0.46,0.49,85.66,1055.0,85.66
cfb_20261003_alcn_gram,home,1791065520910654165,0.143271958,0.43,0.53,34.0,25.0,25.0
cfb_20261003_alcn_gram,home,1791066643244773112,1.510401918,0.4,0.55,1721.83,144.0,144.0
cfb_20261003_alcn_gram,home,1791066645029916979,0.814345668,0.4,0.5700000000000001,1606.3899999999999,5.0,5.0
cfb_20261003_alcn_gram,home,1791066650344016368,1.224761384,0.38,0.5900000000000001,1.0,144.0,1.0
cfb_20261003_alcn_gram,home,1791066653494986289,4.554232874,0.38,0.5900000000000001,209.0,21.94,21.94
cfb_20261003_alcn_gram,home,1791066773101623746,0.191609417,0.22,0.6699999999999999,1684.68,251.0,251.0
cfb_20261003_alcn_gram,home,1791066773329311313,0.414813185,0.22,0.75,237.71000000000004,10.0,10.0
cfb_20261003_alcn_gram,home,1791066783050777214,0.11853619,0.15,0.83,1598.03,144.0,144.0
cfb_20261003_alcn_gram,home,1791066783170592712,0.022410518,0.15,0.83,1465.1499999999999,10.0,10.0
cfb_20261003_alcn_gram,home,1791066906571379458,0.500820822,0.17,0.81,2408.52,215.42,215.42
cfb_20261003_alcn_gram,home,1791066962447889099,4.645716678,0.09,0.89,16.54,149.0,16.54
cfb_20261003_alcn_gram,home,1791066967274741305,1.605206846,0.09,0.89,134.54,5.0,5.0
cfb_20261003_alcn_gram,home,1791066969057847907,0.004971281,0.08,0.9,16.73,149.0,16.73
cfb_20261003_alcn_gram,home,1791066969171820078,0.012066909,0.08,0.9,16.73,149.0,16.73
cfb_20261003_alcn_gram,home,1791066969186527257,0.00687372,0.08,0.9,82.0,149.0,82.0
cfb_20261003_alcn_gram,home,1791066969367747512,1.660932452,0.08,0.9,16.73,149.0,16.73
cfb_20261003_alcn_gram,home,1791066978022305584,8.126331785,0.06,0.9299999999999999,16.94,155.0,16.94
cfb_20261003_alcn_gram,home,1791067842800613606,0.277407397,0.04,0.95,16.0,0.25,0.25
cfb_20261003_alcn_gram,home,1791067985624681249,0.03126805,0.04,0.95,17.62,5.0,5.0
cfb_20261003_alcn_gram,home,1791067985677498294,5.118224157,0.04,0.95,17.62,5.0,5.0
cfb_20261003_alcn_gram,home,1791067992285788273,0.094813495,0.03,0.96,17.69,5.0,5.0
cfb_20261003_alcn_gram,away,1791060087270507131,0.790781786,0.08999999999999997,0.89,5.92,63.34,5.92
cfb_20261003_alcn_gram,away,1791066531176373372,4.876795712,0.8,0.18,20.58,7300.0,20.58
cfb_20261003_alcn_gram,away,1791066536150321404,0.097457573,0.74,0.23,105.63,144.0,105.63
cfb_20261003_alcn_gram,away,1791066536347165526,0.001079473,0.74,0.23,105.63,144.0,105.63
cfb_20261003_alcn_gram,away,1791066537725789671,0.621126657,0.73,0.24,5.0,144.0,5.0
cfb_20261003_alcn_gram,away,1791066836609628267,0.001323769,0.8,0.18,19.53,8.03,8.03
cfb_20261003_alcn_gram,away,1791066993021837566,0.009459375,0.91,0.08,17.11,144.0,17.11
cfb_20261003_alcn_gram,away,1791066993225068507,0.129905814,0.91,0.08,29.11,144.0,29.11
cfb_20261003_alcn_gram,away,1791066993357129110,0.007405667,0.91,0.08,63.0,144.0,63.0
cfb_20261003_alcn_gram,away,1791066993367074838,0.023263205,0.91,0.08,2.0,144.0,2.0
cfb_20261003_alcn_gram,away,1791066996008615968,5.442142686,0.91,0.08,5.0,144.0,5.0
cfb_20261003_alcn_gram,away,1791067091087669566,0.081543714,0.91,0.08,17.68,430.25,17.68
cfb_20261003_alcn_gram,away,1791067091175254831,0.012945133,0.91,0.08,17.68,430.25,17.68
cfb_20261003_alcn_gram,away,1791067091229506380,0.433846584,0.91,0.08,10.0,430.25,10.0
cfb_20261003_alcn_gram,away,1791067827009715096,0.007337413,0.95,0.04,2.15,105.75,2.15
cfb_20261003_alcn_gram,away,1791067827036305671,0.052053801,0.95,0.04,2.15,105.75,2.15
cfb_20261003_alcn_gram,away,1791068062944500550,0.258279356,0.97,0.02,18.04,5.0,5.0
cfb_20261003_how_hamp,home,1791064357376393277,6.789705897,0.1,0.86,110.97,15.0,15.0
cfb_20261003_how_hamp,home,1791064733808613785,0.24348763,0.02,0.97,2600.0,5.0,5.0
cfb_20261003_shu_me,home,1791065536994729669,0.07888245,0.05,0.94,22.11,5.0,5.0
cfb_20261003_shu_me,home,1791066230057772215,1.021569461,0.01,0.98,12288.93,5.0,5.0
cfb_20261003_shu_me,away,1791065790956001124,0.014395619,0.94,0.05,100.0,50.0,50.0
cfb_20261003_cal_unlv,home,1791058769657574588,0.013838138,0.45,0.51,11.0,199.0,11.0
cfb_20261003_cal_unlv,home,1791058769806758244,0.1632575,0.45,0.51,20.89,55.0,20.89
cfb_20261003_cal_unlv,home,1791058770000167980,0.165665289,0.45,0.51,20.89,55.0,20.89
cfb_20261003_cal_unlv,home,1791062265393251946,0.68302897,0.91,0.07999999999999996,10.0,5933.29,10.0
cfb_20261003_cal_unlv,home,1791063982481580795,0.582455477,0.92,0.06999999999999995,10155.9,6220.0,6220.0
cfb_20261003_cal_unlv,home,1791065623538812838,0.523215658,0.92,0.06399999999999995,28.02,144.0,28.02
cfb_20261003_cal_unlv,home,1791065691975795018,0.035256097,0.84,0.14300000000000002,136.27,144.0,136.27
cfb_20261003_cal_unlv,home,1791065806927539759,0.085882737,0.78,0.18999999999999995,5594.47,55.0,55.0
cfb_20261003_cal_unlv,home,1791065807038441079,0.017458013,0.79,0.18999999999999995,34.75,5.0,5.0
cfb_20261003_cal_unlv,home,1791065821120739584,0.003383577,0.75,0.22399999999999998,104.15,144.0,104.15
cfb_20261003_cal_unlv,home,1791065821932325450,0.121327154,0.72,0.255,31.0,5.0,5.0
cfb_20261003_cal_unlv,home,1791065851165879567,0.923155059,0.71,0.258,9120.37,8.29,8.29
cfb_20261003_cal_unlv,home,1791067157355816651,0.07649853,0.62,0.35,119.0,144.0,119.0
cfb_20261003_cal_unlv,home,1791067545534043684,0.52563682,0.54,0.41900000000000004,2581.54,52.0,52.0
cfb_20261003_cal_unlv,home,1791067608725648361,0.346792613,0.48,0.489,10.0,283.21,10.0
cfb_20261003_cal_unlv,home,1791067977455409926,1.662685825,0.51,0.45899999999999996,3848.0,62.0,62.0
cfb_20261003_cal_unlv,home,1791067979118655544,10.791643413,0.5,0.45899999999999996,244.07000000000005,62.0,62.0
cfb_20261003_cal_unlv,home,1791068088752263683,2.069775282,0.6,0.365,62.0,62.0,62.0
cfb_20261003_cal_unlv,home,1791068182818830931,0.077134122,0.75,0.22699999999999998,66.0,62.0,62.0
cfb_20261003_cal_unlv,home,1791068182900700689,0.073327509,0.75,0.22699999999999998,54.00999999999999,62.0,54.00999999999999
cfb_20261003_cal_unlv,home,1791068210197957848,0.314490797,0.69,0.28200000000000003,10.0,62.0,10.0
cfb_20261003_cal_unlv,home,1791068210581594456,0.046364152,0.67,0.30000000000000004,39.6,144.0,39.6
cfb_20261003_cal_unlv,home,1791068210628591653,0.008409433,0.67,0.30000000000000004,53.0,144.0,53.0
cfb_20261003_cal_unlv,home,1791068210656443689,4.281380697,0.67,0.30000000000000004,39.19,144.0,39.19
cfb_20261003_cal_unlv,home,1791068215231454018,0.042625776,0.61,0.36,0.01999999999999602,431.0,0.01999999999999602
cfb_20261003_cal_unlv,home,1791068481807912800,8.037682253,0.74,0.22899999999999998,9612.0,62.0,62.0
cfb_20261003_cal_unlv,home,1791068489846182035,0.005791315,0.48,0.22899999999999998,44.29,62.0,44.29
cfb_20261003_cal_unlv,home,1791068489863918960,0.400173665,0.46,0.22899999999999998,62.0,62.0,62.0
cfb_20261003_cal_unlv,home,1791068490264701676,8.357257878,0.49,0.22499999999999998,45.28,144.0,45.28
cfb_20261003_cal_unlv,home,1791068920489402288,0.897804016,0.83,0.15100000000000002,397.0,62.0,62.0
cfb_20261003_cal_unlv,home,1791068921514048202,0.181218396,0.83,0.15000000000000002,17317.51,1000.0,1000.0
cfb_20261003_cal_unlv,home,1791068961390937996,0.002954363,0.86,0.124,16.41,152.34,16.41
cfb_20261003_cal_unlv,home,1791068961400743509,0.001814168,0.86,0.124,16.41,152.34,16.41
cfb_20261003_cal_unlv,home,1791068961412486179,0.001802351,0.86,0.124,16.41,152.34,16.41
cfb_20261003_cal_unlv,home,1791068961419207839,0.004045322,0.86,0.124,16.41,152.34,16.41
cfb_20261003_cal_unlv,home,1791068961430693085,0.010912964,0.86,0.124,16.41,152.34,16.41
cfb_20261003_cal_unlv,home,1791068961452623266,0.012490003,0.86,0.124,16.41,152.34,16.41
cfb_20261003_cal_unlv,home,1791068961469524567,0.011288884,0.86,0.124,16.41,152.34,16.41
cfb_20261003_cal_unlv,home,1791068978666465278,0.007403623,0.86,0.124,17.04,1.57,1.57
cfb_20261003_cal_unlv,home,1791068978679107741,0.042465837,0.86,0.124,28.0,1.57,1.57
cfb_20261003_cal_unlv,home,1791069308893560923,1.17836608,0.95,0.04200000000000004,19222.16,150.19,150.19
cfb_20261003_cal_unlv,away,1791057787584870312,0.02477921,0.71,0.26,6.0,10.0,6.0
cfb_20261003_cal_unlv,away,1791059285796130892,0.27961289,0.48,0.47,1159.38,78.0,78.0
cfb_20261003_cal_unlv,away,1791060129720798364,0.454787378,0.39,0.58,16.0,210.0,16.0
cfb_20261003_cal_unlv,away,1791060645911859809,0.03822882,0.41000000000000003,0.56,158.0,25.0,25.0
cfb_20261003_cal_unlv,away,1791060645968816405,0.083797677,0.36,0.56,43.27,25.0,25.0
cfb_20261003_cal_unlv,away,1791060764065165103,0.071930363,0.28,0.67,277.94,3445.0,277.94
cfb_20261003_cal_unlv,away,1791060764137634932,0.147729634,0.30000000000000004,0.67,90.85,1776.1,90.85
cfb_20261003_cal_unlv,away,1791060764289392625,0.052709967,0.30000000000000004,0.67,34.45,1776.1,34.45
cfb_20261003_cal_unlv,away,1791061347151096280,0.901318906,0.18000000000000005,0.8,27.1,5.0,5.0
cfb_20261003_cal_unlv,away,1791062629757272736,0.314836348,0.06000000000000005,0.93,5.0,167.67,5.0
cfb_20261003_cal_unlv,away,1791063984704951689,0.027005378,0.07999999999999996,0.9,994.08,1315.0,994.08
cfb_20261003_cal_unlv,away,1791063984743335835,0.039871333,0.07999999999999996,0.9,163.0,1315.0,163.0
cfb_20261003_cal_unlv,away,1791064075385614589,0.927993582,0.08999999999999997,0.86,8506.58,3253.42,3253.42
cfb_20261003_cal_unlv,away,1791064550578790543,0.486363766,0.040000000000000036,0.95,75.98,130.0,75.98
cfb_20261003_cal_unlv,away,1791064599817248484,0.237303712,0.030000000000000027,0.96,813.0,114.9,114.9
cfb_20261003_cal_unlv,away,1791065641370863073,0.042263931,0.10999999999999999,0.867,4380.78,62.0,62.0
cfb_20261003_cal_unlv,away,1791065641417256082,0.029664866,0.10999999999999999,0.867,1.06,62.0,1.06
cfb_20261003_cal_unlv,away,1791065817230193950,0.235122594,0.21999999999999997,0.749,34.17,42.0,34.17
cfb_20261003_cal_unlv,away,1791066168778312227,1.794248317,0.27,0.699,841.0,144.0,144.0
cfb_20261003_cal_unlv,away,1791068039020240463,2.298503312,0.43000000000000005,0.531,5200.0,144.0,144.0
cfb_20261003_cal_unlv,away,1791068047366523971,0.279636107,0.31000000000000005,0.66,256.0,62.0,62.0
cfb_20261003_cal_unlv,away,1791068047648418850,0.009823969,0.28,0.68,2254.0,144.0,144.0
cfb_20261003_cal_unlv,away,1791068047670257836,0.011746187,0.27,0.697,37.9,10.0,10.0
cfb_20261003_cal_unlv,away,1791068047683786286,0.01914955,0.27,0.697,52.0,10.0,10.0
cfb_20261003_cal_unlv,away,1791068047704423772,0.007276228,0.27,0.696,37.9,144.0,37.9
cfb_20261003_cal_unlv,away,1791068047841592423,0.192185829,0.27,0.705,154.9,144.0,144.0
cfb_20261003_cal_unlv,away,1791068048184960063,0.404129317,0.27,0.704,461.33,62.0,62.0
cfb_20261003_cal_unlv,away,1791068175887341224,0.166947048,0.31000000000000005,0.662,8.0,75.0,8.0
cfb_20261003_cal_unlv,away,1791068216760384626,3.279711397,0.30000000000000004,0.666,4700.0,62.0,62.0
cfb_20261003_cal_unlv,away,1791068220150193567,5.28596382,0.27,0.647,1.009999999999998,144.0,1.009999999999998
cfb_20261003_cal_unlv,away,1791068524016052080,0.044837724,0.35,0.616,10.0,150.58,10.0
cfb_20261003_cal_unlv,away,1791068528163100381,0.353498612,0.27,0.697,5.0,133.0,5.0
cfb_20261003_cal_unlv,away,1791068657931540764,0.12172825,0.24,0.735,2459.13,144.0,144.0
cfb_20261003_cal_unlv,away,1791068801653055999,1.651354888,0.18999999999999995,0.789,10075.0,62.0,62.0
cfb_20261003_cal_unlv,away,1791068803380324393,0.17191695,0.15000000000000002,0.789,62.01,62.0,62.0
cfb_20261003_cal_unlv,away,1791068803558750319,2.030676639,0.15000000000000002,0.789,41.29,62.0,41.29
cfb_20261003_cal_unlv,away,1791068874270111580,0.855972328,0.18999999999999995,0.779,10133.0,67.0,67.0
cfb_20261003_cal_unlv,away,1791068881013011507,0.07444031,0.18000000000000005,0.799,100.0,62.0,62.0
cfb_20261003_cal_unlv,away,1791068882185290627,0.297634504,0.15000000000000002,0.832,39.8,66.83,39.8
cfb_20261003_cal_unlv,away,1791068882512811800,0.440808156,0.14,0.831,130.0,62.0,62.0
cfb_20261003_cal_unlv,away,1791068981929992256,0.128619996,0.13,0.85,41.04,62.0,41.04
cfb_20261003_cal_unlv,away,1791069167053540436,1.054208141,0.06999999999999995,0.921,69936.07,985.0,985.0
cfb_20261003_cal_unlv,away,1791069203251077135,0.758839577,0.06000000000000005,0.927,85.0,240.8,85.0
cfb_20261003_cal_unlv,away,1791069206719234311,0.031064997,0.050000000000000044,0.938,5.0,32.0,5.0
cfb_20261003_osu_iowa,home,1791059421067990426,0.006351199,0.1,0.88,0.010000000000218279,53.0,0.010000000000218279
cfb_20261003_osu_iowa,home,1791059421165821180,0.076079989,0.1,0.88,0.010000000000218279,10.0,0.010000000000218279
cfb_20261003_osu_iowa,home,1791061570340614900,6.435040812,0.06,0.91,97821.04,1988.84,1988.84
cfb_20261003_osu_iowa,home,1791063249195990006,0.219843048,0.06,0.9299999999999999,7006.72,1416.0,1416.0
cfb_20261003_osu_iowa,home,1791064647105391051,1.046094923,0.04,0.95,5139.529999999941,13897.25,5139.529999999941
cfb_20261003_osu_iowa,home,1791064648158833542,0.00382729,0.04,0.95,42.1,7329.25,42.1
cfb_20261003_osu_iowa,home,1791064648166683934,0.007413698,0.04,0.95,42.1,7329.25,42.1
cfb_20261003_osu_iowa,home,1791064648176928555,0.003496555,0.04,0.95,42.1,7119.25,42.1
cfb_20261003_osu_iowa,home,1791064648424600851,1.340825968,0.04,0.95,19777.9,6659.25,6659.25
cfb_20261003_osu_iowa,away,1791059467801016384,1.385280925,0.88,0.1,2911.61,55.0,55.0
cfb_20261003_osu_iowa,away,1791064646539799193,0.265467365,0.95,0.04,14756.0,693.75,693.75
cfb_20261003_ohio_kent,home,1791059610339341900,0.691406367,0.41,0.56,77.71,17.64,17.64
cfb_20261003_ohio_kent,home,1791060067027549336,1.028805868,0.23,0.74,24.49,25.0,24.49
cfb_20261003_ohio_kent,home,1791063990349201193,0.029009429,0.29,0.6799999999999999,44.69,10.0,10.0
cfb_20261003_ohio_kent,home,1791065304234193202,0.048205859,0.39,0.5800000000000001,575.59,15.0,15.0
cfb_20261003_ohio_kent,home,1791065395392759179,0.012112674,0.21,0.74,54.78,10.0,10.0
cfb_20261003_ohio_kent,home,1791065395407132759,0.017628739,0.24,0.73,22.59,5.0,5.0
cfb_20261003_ohio_kent,home,1791065395436761106,0.020416032,0.22,0.75,1.48,12.0,1.48
cfb_20261003_ohio_kent,home,1791066237730466592,0.327410534,0.17,0.81,39.0,9.53,9.53
cfb_20261003_ohio_kent,home,1791066285036607528,0.010941535,0.13,0.85,141.99,30.0,30.0
cfb_20261003_ohio_kent,home,1791066844056562449,0.509091664,0.32,0.64,2.0,5.0,2.0
cfb_20261003_ohio_kent,home,1791066845433801338,0.744898183,0.31,0.6599999999999999,0.010000000000005116,5.0,0.010000000000005116
cfb_20261003_ohio_kent,home,1791066847064693607,0.083098684,0.31,0.65,0.010000000000005116,5.0,0.010000000000005116
cfb_20261003_ohio_kent,home,1791066847222089521,0.009283001,0.32,0.65,1000.0,5.0,5.0
cfb_20261003_ohio_kent,home,1791066847321265689,0.009289921,0.32,0.65,14.51,5.0,5.0
cfb_20261003_ohio_kent,home,1791066847501614400,0.559219213,0.32,0.65,5.0,5.0,5.0
cfb_20261003_ohio_kent,home,1791066861100253964,0.551860081,0.3,0.6699999999999999,0.0200000000002023,15.0,0.0200000000002023
cfb_20261003_ohio_kent,home,1791066866452525003,2.603929149,0.3,0.6699999999999999,0.0200000000002023,32.0,0.0200000000002023
cfb_20261003_ohio_kent,home,1791067653257113616,1.816214689,0.01,0.72,10864.43,75.0,75.0
cfb_20261003_ohio_kent,away,1791059657331687072,4.6946445,0.5900000000000001,0.38,20.0,5.0,5.0
cfb_20261003_ohio_kent,away,1791060363960869035,0.097012993,0.74,0.23,83.0,6.49,6.49
cfb_20261003_ohio_kent,away,1791060364416611883,0.638373085,0.7,0.27,85.0,10.0,10.0
cfb_20261003_ohio_kent,away,1791063365134348678,0.032886057,0.6,0.36,13.76,10.0,10.0
cfb_20261003_ohio_kent,away,1791066021897775245,0.01910535,0.74,0.23,24.01,37.0,24.01
cfb_20261003_ohio_kent,away,1791066021951344173,0.152861669,0.74,0.23,43.0,37.0,37.0
cfb_20261003_ohio_kent,away,1791067193879106955,1.127878447,0.88,0.1,3.0,5.0,3.0
cfb_20261003_ohio_kent,away,1791067207052134881,1.011997923,0.84,0.14,28.78,5.0,5.0
cfb_20261003_ohio_kent,away,1791067218311989440,0.006035492,0.8,0.18,24.46,455.0,24.46
cfb_20261003_ohio_kent,away,1791067218353570525,0.005827975,0.8,0.18,24.46,455.0,24.46
cfb_20261003_ohio_kent,away,1791067218364127487,0.006473619,0.8,0.18,24.46,455.0,24.46
cfb_20261003_ohio_kent,away,1791067218376169072,0.005889681,0.8,0.18,24.46,455.0,24.46
cfb_20261003_ohio_kent,away,1791067218390642097,0.015526903,0.8,0.18,24.46,455.0,24.46
cfb_20261003_ohio_kent,away,1791067218416299763,0.006069028,0.8,0.18,24.46,455.0,24.46
cfb_20261003_ohio_kent,away,1791067218427947583,0.015727781,0.8,0.18,24.46,455.0,24.46
cfb_20261003_ohio_kent,away,1791067218448366538,0.05054916,0.8,0.18,40.0,455.0,40.0
cfb_20261003_ohio_kent,away,1791067218505752179,0.033585593,0.8,0.18,24.46,455.0,24.46
cfb_20261003_ohio_kent,away,1791067218550358836,0.033724075,0.8,0.18,40.0,455.0,40.0
cfb_20261003_ohio_kent,away,1791067223579361956,0.025662653,0.81,0.17,150.0,5.0,5.0
cfb_20261003_ohio_kent,away,1791067223611751597,0.033303514,0.81,0.17,29.33,5.0,5.0
cfb_20261003_ohio_kent,away,1791067223667675018,0.142721055,0.81,0.17,29.33,5.0,5.0
cfb_20261003_ohio_kent,away,1791067299550454801,0.025451901,0.64,0.33,73.26,39.0,39.0
cfb_20261003_ohio_kent,away,1791067299580341702,0.00444902,0.62,0.33,25.06,39.0,25.06
cfb_20261003_ohio_kent,away,1791067299591870307,0.490541451,0.64,0.33,25.06,39.0,25.06
cfb_20261003_ohio_kent,away,1791067416136426952,0.570853322,0.62,0.35,79.43999999999994,30.0,30.0
cfb_20261003_ohio_kent,away,1791067421180996421,0.442678692,0.63,0.34,30.46,5.0,5.0
cfb_20261003_ohio_kent,away,1791067445465988168,0.612288675,0.69,0.28,2.010000000000028,5.0,2.010000000000028
cfb_20261003_ohio_kent,away,1791067452053606082,0.061446834,0.6699999999999999,0.3,1.0,140.0,1.0
cfb_20261003_ohio_kent,away,1791067452291046503,0.009886175,0.6699999999999999,0.3,24.62,140.0,24.62
cfb_20261003_ohio_kent,away,1791067452377377964,0.020070904,0.6699999999999999,0.3,24.62,140.0,24.62
cfb_20261003_ohio_kent,away,1791067466256965864,0.003307271,0.61,0.36,4.14,10.0,4.14
cfb_20261003_ohio_kent,away,1791067466277159206,0.002905196,0.61,0.36,4.14,10.0,4.14
cfb_20261003_ohio_kent,away,1791067466292393564,0.031526107,0.61,0.36,4.14,10.0,4.14
cfb_20261003_ohio_kent,away,1791067466330632000,0.008231617,0.61,0.36,4.14,10.0,4.14
cfb_20261003_ohio_kent,away,1791067466350790683,0.039455137,0.61,0.36,4.14,10.0,4.14
cfb_20261003_ohio_kent,away,1791067466401461663,0.044788018,0.61,0.36,4.14,10.0,4.14
cfb_20261003_ohio_kent,away,1791067466452327443,0.007116877,0.61,0.36,4.14,10.0,4.14
cfb_20261003_ohio_kent,away,1791067466471924059,0.026744448,0.61,0.36,4.14,10.0,4.14
cfb_20261003_ohio_kent,away,1791067466502546008,0.008397486,0.61,0.36,4.14,10.0,4.14
cfb_20261003_ohio_kent,away,1791067466523746872,0.024642353,0.61,0.36,4.14,10.0,4.14
cfb_20261003_ohio_kent,away,1791067466549187677,0.011389794,0.61,0.36,4.14,10.0,4.14
cfb_20261003_ohio_kent,away,1791067466571893122,0.031163286,0.61,0.36,4.14,10.0,4.14
cfb_20261003_ohio_kent,away,1791067466611391409,0.127988772,0.61,0.36,4.14,10.0,4.14
cfb_20261003_ohio_kent,away,1791067468114976047,0.038160997,0.62,0.35,3.9999999999999964,5.0,3.9999999999999964
cfb_20261003_ohio_kent,away,1791067469434573929,0.622027977,0.62,0.35,13.999999999999996,5.0,5.0
cfb_20261003_ohio_kent,away,1791067472068135636,0.72282264,0.5800000000000001,0.34,24.38,46.0,24.38
cfb_20261003_ohio_kent,away,1791067472868234180,0.18775844,0.5900000000000001,0.37,5.71,10.0,5.71
cfb_20261003_ohio_kent,away,1791067475054569699,0.084401355,0.5800000000000001,0.33,4.0,60.0,4.0
cfb_20261003_ohio_kent,away,1791067475139574668,0.93232177,0.6,0.33,20.5,60.0,20.5
cfb_20261003_ohio_kent,away,1791067479882465952,0.17383296,0.61,0.36,17.94,10.0,10.0
cfb_20261003_ohio_kent,away,1791067482062873526,0.087026073,0.62,0.35,136.18,481.0,136.18
cfb_20261003_ohio_kent,away,1791067482339741256,0.016146479,0.62,0.35,1000.0,1559.0,1000.0
cfb_20261003_ohio_kent,away,1791067482357021433,0.031028108,0.61,0.35,79.0,1559.0,79.0
cfb_20261003_ohio_kent,away,1791067482388641018,0.02728162,0.62,0.35,1.0,1559.0,1.0
cfb_20261003_ohio_kent,away,1791067486053417659,0.018192708,0.61,0.35,44.77000000000001,15.0,15.0
cfb_20261003_ohio_kent,away,1791067503686101619,0.377775088,0.45999999999999996,0.5,23.81,35.0,23.81
cfb_20261003_odu_gast,away,1791061477549091494,0.503084226,0.020000000000000018,0.97,669.95,3.96,3.96
cfb_20261003_bgsu_moh,home,1791059063452961831,2.826931822,0.63,0.33999999999999997,138.27,483.0,138.27
cfb_20261003_bgsu_moh,home,1791064305315657322,1.350779966,0.38,0.5800000000000001,42.0,15.0,15.0
cfb_20261003_bgsu_moh,home,1791064306897845776,0.158633944,0.31,0.64,443.0,88.0,88.0
cfb_20261003_bgsu_moh,home,1791064872925797644,1.172076605,0.33,0.63,46.0,616.0,46.0
cfb_20261003_bgsu_moh,home,1791064917122853146,0.941019379,0.38,0.5900000000000001,993.0,52.0,52.0
cfb_20261003_bgsu_moh,home,1791065550494063325,0.561170835,0.46,0.49,89.0,50.0,50.0
cfb_20261003_bgsu_moh,home,1791066085931749937,0.123375511,0.85,0.12,417.25,52.0,52.0
cfb_20261003_bgsu_moh,home,1791066283832653149,0.222137438,0.87,0.10999999999999999,359.66,15.65,15.65
cfb_20261003_bgsu_moh,home,1791066321264400142,0.341563568,0.8,0.17000000000000004,303.67,58.0,58.0
cfb_20261003_bgsu_moh,home,1791066501069526402,0.320533518,0.8,0.18000000000000005,389.0,522.0,389.0
cfb_20261003_bgsu_moh,home,1791066603369692418,0.370363754,0.73,0.22999999999999998,513.0,62.0,62.0
cfb_20261003_bgsu_moh,home,1791066603781460164,0.276704721,0.73,0.24,11435.820000000002,10.0,10.0
cfb_20261003_bgsu_moh,home,1791066642076699414,0.79465358,0.68,0.29000000000000004,35.13,62.0,35.13
cfb_20261003_bgsu_moh,home,1791066642875334076,0.000510456,0.68,0.29000000000000004,34.25,62.0,34.25
cfb_20261003_bgsu_moh,home,1791066642876996915,0.186951347,0.68,0.29000000000000004,54.23,62.0,54.23
cfb_20261003_bgsu_moh,home,1791066643066709479,0.012802597,0.66,0.29000000000000004,62.0,62.0,62.0
cfb_20261003_bgsu_moh,home,1791066643458700748,0.549607608,0.65,0.31999999999999995,3231.0,62.0,62.0
cfb_20261003_bgsu_moh,home,1791066644578390856,0.333244946,0.63,0.33999999999999997,262.22,62.0,62.0
cfb_20261003_bgsu_moh,home,1791066962356187982,0.022546626,0.55,0.41000000000000003,10.92,6.94,6.94
cfb_20261003_bgsu_moh,home,1791066997823265248,3.627493406,0.6,0.37,152.91,300.0,152.91
cfb_20261003_bgsu_moh,home,1791067028941714005,0.175853837,0.53,0.43000000000000005,34.06,62.0,34.06
cfb_20261003_bgsu_moh,home,1791067029139011263,0.030197432,0.53,0.43000000000000005,200.0,62.0,62.0
cfb_20261003_bgsu_moh,home,1791067029899009078,1.414238433,0.53,0.43000000000000005,62.0,62.0,62.0
cfb_20261003_bgsu_moh,home,1791067072765786581,0.004648374,0.15,0.83,0.01,62.0,0.01
cfb_20261003_bgsu_moh,home,1791067077729884926,0.322943879,0.13,0.85,34.19,5.0,5.0
cfb_20261003_bgsu_moh,home,1791067089253046050,0.804976737,0.04,0.95,167.8,5.0,5.0
cfb_20261003_bgsu_moh,home,1791067350748035317,0.046063862,0.05,0.9410000000000001,215.0,180.0,180.0
cfb_20261003_bgsu_moh,home,1791067357530405140,0.646000163,0.02,0.97,783.89,5.0,5.0
cfb_20261003_bgsu_moh,home,1791067490439794321,0.708180682,0.01,0.94,12486.06,165.0,165.0
cfb_20261003_bgsu_moh,home,1791067494451917603,0.095878728,0.01,0.988,5875.930000000001,10.0,10.0
cfb_20261003_bgsu_moh,away,1791064659349514483,0.307258856,0.62,0.35,86.0,4.42,4.42
cfb_20261003_bgsu_moh,away,1791064882184480253,2.123094947,0.6599999999999999,0.31,105.0,46.0,46.0
cfb_20261003_bgsu_moh,away,1791064884479714301,1.000441152,0.65,0.32,24.09,46.0,24.09
cfb_20261003_bgsu_moh,away,1791064964485968082,1.873985144,0.51,0.45,28.18,34.0,28.18
cfb_20261003_bgsu_moh,away,1791064966360517206,0.007120844,0.5,0.45,14.009999999999991,34.0,14.009999999999991
cfb_20261003_bgsu_moh,away,1791064966371271914,8.005365133,0.51,0.45,28.09,34.0,28.09
cfb_20261003_bgsu_moh,away,1791064974377154774,3.4204833,0.5,0.45,704.02,34.0,34.0
cfb_20261003_bgsu_moh,away,1791065729022913161,0.344040482,0.31000000000000005,0.66,691.39,38.0,38.0
cfb_20261003_bgsu_moh,away,1791066103734575027,1.109891687,0.13,0.85,80.0,497.0,80.0
cfb_20261003_bgsu_moh,away,1791066798808261248,0.183425724,0.37,0.53,102.5,5.0,5.0
cfb_20261003_bgsu_moh,away,1791066798993835032,0.077111279,0.37,0.52,4476.76,62.0,62.0
cfb_20261003_bgsu_moh,away,1791066967079252116,1.992597495,0.38,0.59,907.0,62.0,62.0
cfb_20261003_bgsu_moh,away,1791066969166615283,0.3426606,0.37,0.59,24406.550000000007,5.0,5.0
cfb_20261003_bgsu_moh,away,1791066969836585815,3.670333014,0.37,0.6,5039.090000000008,5.0,5.0
cfb_20261003_bgsu_moh,away,1791066974372439123,0.007552771,0.39,0.58,5907.0,5.0,5.0
cfb_20261003_bgsu_moh,away,1791066974490013474,0.002353022,0.39,0.58,5907.0,5.0,5.0
cfb_20261003_bgsu_moh,away,1791066974669165831,3.985822923,0.39,0.58,5907.0,5.0,5.0
cfb_20261003_bgsu_moh,away,1791066978656090978,6.437105245,0.39,0.57,3275.329999999998,62.0,62.0
cfb_20261003_bgsu_moh,away,1791067107062555980,0.992153792,0.97,0.02,6017.969999999999,668.0,668.0
cfb_20261003_bgsu_moh,away,1791067115432637344,0.408243564,0.94,0.05,200.0,62.0,62.0
cfb_20261003_bgsu_moh,away,1791067119072225049,0.039019555,0.9299999999999999,0.06,32.7,57.0,32.7
cfb_20261003_bgsu_moh,away,1791067119180420573,0.050651372,0.9299999999999999,0.06,6.18,57.0,6.18
cfb_20261003_bgsu_moh,away,1791067119884368653,0.146055705,0.9299999999999999,0.06,6.0,62.0,6.0
cfb_20261003_bgsu_moh,away,1791067128054445711,0.53038242,0.94,0.05,0.9999999999999982,5.0,0.9999999999999982
cfb_20261003_bgsu_moh,away,1791067131221966923,0.310793704,0.94,0.05,38.27,5.0,5.0
cfb_20261003_bgsu_moh,away,1791067140066055663,0.998099082,0.95,0.04,462.20000000000016,90.0,90.0
cfb_20261003_bgsu_moh,away,1791067144057132072,0.810967349,0.96,0.03,199.07999999999998,1971.0,199.07999999999998
cfb_20261003_bgsu_moh,away,1791067151061282630,0.452927819,0.97,0.02,719.76,1624.0,719.76
cfb_20261003_bgsu_moh,away,1791067154057743213,1.017248281,0.97,0.02,4590.06,215.83,215.83
cfb_20261003_bgsu_moh,away,1791067156836745526,0.051469503,0.96,0.03,63.93,62.0,62.0
cfb_20261003_bgsu_moh,away,1791067226422332518,0.655482911,0.97,0.02,4032.99,315.0,315.0
cfb_20261003_bgsu_moh,away,1791067335059095006,0.053488124,0.94,0.039,826.37,90.0,90.0
cfb_20261003_bgsu_moh,away,1791067335123383459,0.936740358,0.95,0.04,1000.0,5.0,5.0
cfb_20261003_bgsu_moh,away,1791067365240391331,0.008551079,0.98,0.015,9.02,120.0,9.02
cfb_20261003_bgsu_moh,away,1791067365863499570,0.212625882,0.98,0.015,36.93,10.0,10.0
cfb_20261003_bgsu_moh,away,1791067464537026141,2.398062137,0.95,0.039,24.43,62.0,24.43
cfb_20261003_bgsu_moh,away,1791067480308931573,0.769020748,0.9299999999999999,0.059,1292.0,230.0,230.0
cfb_20261003_bgsu_moh,away,1791067491078425458,0.010820356,0.98,0.015,1.0,5.16,1.0
cfb_20261003_bgsu_moh,away,1791067491102575069,0.014293618,0.98,0.015,1.0,44.94,1.0
cfb_20261003_bgsu_moh,away,1791067491126091515,0.018696293,0.98,0.015,1.0,44.94,1.0
cfb_20261003_bgsu_moh,away,1791067491162741023,0.005264437,0.98,0.015,1.0,44.94,1.0
cfb_20261003_bgsu_moh,away,1791067491178986109,0.023384482,0.98,0.015,1.0,44.94,1.0
cfb_20261003_bgsu_moh,away,1791067491210873374,0.011501849,0.98,0.015,1.0,44.94,1.0
cfb_20261003_bgsu_moh,away,1791067491229685467,0.012699044,0.98,0.015,1.0,44.94,1.0
cfb_20261003_bgsu_moh,away,1791067491258472868,0.015114813,0.98,0.015,1.0,44.94,1.0
cfb_20261003_bgsu_moh,away,1791067491289726308,0.009139363,0.98,0.015,1.0,44.94,1.0
cfb_20261003_bgsu_moh,away,1791067491311149981,0.012388895,0.98,0.015,1.0,44.94,1.0
cfb_20261003_bgsu_moh,away,1791067491332024826,0.017888235,0.98,0.015,1.0,44.94,1.0
cfb_20261003_bgsu_moh,away,1791067491363043962,0.012064205,0.98,0.015,1.0,44.94,1.0
cfb_20261003_bgsu_moh,away,1791067491386718406,0.01563482,0.98,0.015,1.0,44.94,1.0
cfb_20261003_bgsu_moh,away,1791067491416660363,0.012326808,0.98,0.015,1.0,44.94,1.0
cfb_20261003_bgsu_moh,away,1791067491433977920,0.015991454,0.98,0.015,1.0,44.94,1.0
cfb_20261003_bgsu_moh,away,1791067491460928202,0.011390405,0.98,0.014,1.0,62.0,1.0
cfb_20261003_bgsu_moh,away,1791067491481467492,0.014660795,0.98,0.014,1.0,62.0,1.0
cfb_20261003_bgsu_moh,away,1791067491506834385,0.015319336,0.98,0.014,1.0,62.0,1.0
cfb_20261003_bgsu_moh,away,1791067491534059708,0.014470332,0.98,0.014,1.0,62.0,1.0
cfb_20261003_bgsu_moh,away,1791067491559304212,0.014681563,0.98,0.014,1.0,62.0,1.0
cfb_20261003_bgsu_moh,away,1791067491585479993,0.013565051,0.98,0.014,1.0,62.0,1.0
cfb_20261003_bgsu_moh,away,1791067491612680382,0.01056932,0.98,0.014,1.0,62.0,1.0
cfb_20261003_bgsu_moh,away,1791067491634257696,0.015660587,0.98,0.014,1.0,62.0,1.0
cfb_20261003_bgsu_moh,away,1791067491659212801,0.014304272,0.98,0.014,1.0,62.0,1.0
cfb_20261003_bgsu_moh,away,1791067491685642223,0.017310688,0.98,0.014,1.0,62.0,1.0
cfb_20261003_bgsu_moh,away,1791067491713435940,0.014626728,0.98,0.014,1.0,62.0,1.0
cfb_20261003_bgsu_moh,away,1791067491737656129,0.01946118,0.98,0.014,1.0,62.0,1.0
cfb_20261003_bgsu_moh,away,1791067491768440781,0.011782776,0.98,0.014,1.0,62.0,1.0
cfb_20261003_bgsu_moh,away,1791067491794234414,0.010199748,0.98,0.014,1.0,62.0,1.0
cfb_20261003_bgsu_moh,away,1791067491828963779,0.012869428,0.98,0.014,1.0,62.0,1.0
cfb_20261003_aub_tenn,home,1791057597021090842,0.060251383,0.65,0.31999999999999995,5.0,144.0,5.0
cfb_20261003_aub_tenn,home,1791057597110759306,0.088123139,0.65,0.31999999999999995,2.0,144.0,2.0
cfb_20261003_aub_tenn,home,1791057598467422639,0.117970195,0.65,0.31999999999999995,10000.0,144.0,144.0
cfb_20261003_aub_tenn,home,1791058802516479817,0.6005727,0.72,0.25,472.65,65.8,65.8
cfb_20261003_aub_tenn,home,1791059504723238951,0.2903597,0.75,0.21999999999999997,29844.96,72.0,72.0
cfb_20261003_aub_tenn,home,1791060292491733571,17.729701563,0.67,0.30000000000000004,387.0,5.0,5.0
cfb_20261003_aub_tenn,home,1791065043454925099,0.606199832,0.85,0.13,3382.6900000000023,62.0,62.0
cfb_20261003_aub_tenn,home,1791065044278891232,0.036708533,0.85,0.13,3382.6900000000023,500.0,500.0
cfb_20261003_aub_tenn,home,1791065044380854690,2.559660041,0.85,0.13,3382.6900000000023,500.0,500.0
cfb_20261003_aub_tenn,home,1791065282487119460,0.009205356,0.92,0.06999999999999995,642.62,38481.71,642.62
cfb_20261003_aub_tenn,home,1791065282548327201,0.530724788,0.92,0.06999999999999995,527.62,38481.71,527.62
cfb_20261003_aub_tenn,home,1791065300028390201,1.05789901,0.91,0.07999999999999996,633.56,1671.0,633.56
cfb_20261003_aub_tenn,home,1791066063925696846,1.141300584,0.92,0.06999999999999995,3.0,754.25,3.0
cfb_20261003_aub_tenn,home,1791066100403050648,0.65632555,0.8,0.18000000000000005,62.0,62.0,62.0
cfb_20261003_aub_tenn,home,1791066101107316395,1.029993304,0.76,0.18000000000000005,76.52,71.7,71.7
cfb_20261003_aub_tenn,home,1791066538035973531,1.568311745,0.83,0.15000000000000002,1066.9099999999999,62.0,62.0
cfb_20261003_aub_tenn,home,1791066540003016790,0.00698056,0.79,0.18999999999999995,713.07,246.0,246.0
cfb_20261003_aub_tenn,home,1791066540016569355,0.411261555,0.79,0.18999999999999995,36.56,246.0,36.56
cfb_20261003_aub_tenn,home,1791066981136697552,4.870083894,0.87,0.10999999999999999,7100.5599999999995,62.0,62.0
cfb_20261003_aub_tenn,away,1791057702253198839,0.021816997,0.38,0.59,2.73,144.0,2.73
cfb_20261003_aub_tenn,away,1791057702294356349,0.007508618,0.38,0.59,2.73,144.0,2.73
cfb_20261003_aub_tenn,away,1791057702312160889,0.012727093,0.38,0.59,2.73,144.0,2.73
cfb_20261003_aub_tenn,away,1791057702332291685,0.020446792,0.38,0.59,2.46,144.0,2.46
cfb_20261003_aub_tenn,away,1791057702378660868,0.022711434,0.38,0.59,2.46,144.0,2.46
cfb_20261003_aub_tenn,away,1791057702434811603,0.00058623,0.38,0.59,2.46,144.0,2.46
cfb_20261003_aub_tenn,away,1791057702462840256,0.021988564,0.38,0.59,2.46,144.0,2.46
cfb_20261003_aub_tenn,away,1791057702493058515,0.008826731,0.38,0.59,2.46,144.0,2.46
cfb_20261003_aub_tenn,away,1791057702527202239,0.026515572,0.38,0.59,2.46,144.0,2.46
cfb_20261003_aub_tenn,away,1791057702577382493,0.001287008,0.38,0.59,2.46,144.0,2.46
cfb_20261003_aub_tenn,away,1791057703567450806,0.535330904,0.39,0.58,169.21999999999872,144.0,144.0
cfb_20261003_aub_tenn,away,1791059029600470423,0.799130923,0.29000000000000004,0.68,406.68,67.0,67.0
cfb_20261003_aub_tenn,away,1791064067710083849,0.039124899,0.33999999999999997,0.62,536.56,62.0,62.0
cfb_20261003_aub_tenn,away,1791064067752812521,0.006445489,0.35,0.62,50.0,62.0,50.0
cfb_20261003_aub_tenn,away,1791064067769937893,0.675900833,0.35,0.62,2303.0,62.0,62.0
cfb_20261003_aub_tenn,away,1791064106356149124,1.842506669,0.28,0.68,191.5,785.57,191.5
cfb_20261003_aub_tenn,away,1791064340324278468,0.005608261,0.18000000000000005,0.8,39.21,1000.0,39.21
cfb_20261003_aub_tenn,away,1791064340330430842,0.003436049,0.18000000000000005,0.8,98.0,1000.0,98.0
cfb_20261003_aub_tenn,away,1791064340344911528,0.068078042,0.18000000000000005,0.8,2.57,1000.0,2.57
cfb_20261003_aub_tenn,away,1791064340442714998,0.075592839,0.18000000000000005,0.8,213.0,1000.0,213.0
cfb_20261003_aub_tenn,away,1791064341558504706,0.030062433,0.12,0.82,133.67,144.0,133.67
cfb_20261003_aub_tenn,away,1791064341589042276,0.004550731,0.16000000000000003,0.82,50.0,144.0,50.0
cfb_20261003_aub_tenn,away,1791064341594072750,0.578024732,0.15000000000000002,0.82,50.0,144.0,50.0
cfb_20261003_aub_tenn,away,1791064342203077725,0.863997533,0.15000000000000002,0.83,91.0,154.0,91.0
cfb_20261003_aub_tenn,away,1791064343100853229,0.009197433,0.13,0.85,951.81,5.0,5.0
cfb_20261003_aub_tenn,away,1791066534074033968,3.145288968,0.18000000000000005,0.8,29.8,65.0,29.8
cfb_20261003_aub_tenn,away,1791066956412946027,3.426103963,0.19999999999999996,0.77,7.0,125.0,7.0
cfb_20261003_aub_tenn,away,1791066962560082790,0.514398239,0.16000000000000003,0.82,100.0,144.0,100.0
cfb_20261003_aub_tenn,away,1791066963076339028,5.390734867,0.15000000000000002,0.82,300.0,144.0,144.0
cfb_20261003_aub_tenn,away,1791066968467651894,1.950664291,0.12,0.81,218.0,62.0,62.0
cfb_20261003_aub_tenn,away,1791066970781874842,0.095719561,0.14,0.84,333.00000000000045,144.0,144.0
cfb_20261003_aub_tenn,away,1791066971245616360,0.266138246,0.14,0.84,32.31,144.0,32.31
cfb_20261003_aub_tenn,away,1791066971608663331,3.053448199,0.14,0.84,1100.94,144.0,144.0
cfb_20261003_aub_tenn,away,1791067264362724920,0.017406891,0.12,0.86,50.0,10.0,10.0
cfb_20261003_aub_tenn,away,1791067277300704265,0.266838387,0.06999999999999995,0.92,299.78,62.0,62.0
cfb_20261003_aub_tenn,away,1791067321945955431,0.02194236,0.050000000000000044,0.94,36.42,840.0,36.42
cfb_20261003_aub_tenn,away,1791067321973783336,0.008365032,0.050000000000000044,0.94,36.42,840.0,36.42
cfb_20261003_aub_tenn,away,1791067321987516498,0.006096657,0.050000000000000044,0.94,36.42,840.0,36.42
cfb_20261003_aub_tenn,away,1791067321997392269,0.005734377,0.050000000000000044,0.94,36.42,840.0,36.42
cfb_20261003_aub_tenn,away,1791067322004356435,1.061550907,0.050000000000000044,0.94,143.71,840.0,143.71
cfb_20261003_lou_ncst,home,1791057041925510194,0.171300912,0.38,0.5900000000000001,47.14,49.55,47.14
cfb_20261003_lou_ncst,home,1791057042101472700,0.020539411,0.38,0.5900000000000001,420.0,49.55,49.55
cfb_20261003_lou_ncst,home,1791057080387186231,0.015779782,0.35,0.62,50.0,25.0,25.0
cfb_20261003_lou_ncst,home,1791057080403589465,0.026716179,0.34,0.62,50.0,25.0,25.0
cfb_20261003_lou_ncst,home,1791057080481684794,0.017103921,0.35,0.62,64.51,25.0,25.0
cfb_20261003_lou_ncst,home,1791057080501275993,0.014520872,0.34,0.62,47.9,25.0,25.0
cfb_20261003_lou_ncst,home,1791057080516461343,0.075776123,0.35,0.62,47.9,25.0,25.0
cfb_20261003_lou_ncst,home,1791057081037735852,0.015241448,0.35,0.62,47.9,25.0,25.0
cfb_20261003_lou_ncst,home,1791057159580001822,0.003759105,0.32,0.65,300.0,56.0,56.0
cfb_20261003_lou_ncst,home,1791057159590749187,0.002811507,0.32,0.65,300.0,56.0,56.0
cfb_20261003_lou_ncst,home,1791057159596607125,0.474327385,0.32,0.65,50.0,56.0,50.0
cfb_20261003_lou_ncst,home,1791057200931857925,0.139100284,0.45,0.51,182.0,54.2,54.2
cfb_20261003_lou_ncst,home,1791058577406307103,0.012519925,0.59,0.38,14.75,44.0,14.75
cfb_20261003_lou_ncst,home,1791058577596888571,0.095067996,0.59,0.38,0.01,44.0,0.01
cfb_20261003_lou_ncst,home,1791062648057365845,0.124191112,0.58,0.39,6240.01,486.59,486.59
cfb_20261003_lou_ncst,home,1791063103860640621,7.858474769,0.69,0.28,21617.57,4166.66,4166.66
cfb_20261003_lou_ncst,home,1791063265940237340,0.122145676,0.72,0.25,14.0,206.0,14.0
cfb_20261003_lou_ncst,home,1791063321581339219,0.017730018,0.66,0.31000000000000005,3.2,104.91,3.2
cfb_20261003_lou_ncst,home,1791063321983811787,0.020306359,0.66,0.31000000000000005,25.58,104.91,25.58
cfb_20261003_lou_ncst,home,1791063322024871682,0.020773114,0.66,0.31000000000000005,25.58,104.91,25.58
cfb_20261003_lou_ncst,home,1791064431104713337,4.687598907,0.77,0.19999999999999996,38793.68,62.0,62.0
cfb_20261003_lou_ncst,home,1791064853702136120,11.727437736,0.73,0.24,117.0,622.73,117.0
cfb_20261003_lou_ncst,home,1791065518082595071,0.069402295,0.73,0.24,7677.01,4518.32,4518.32
cfb_20261003_lou_ncst,home,1791065518175541822,0.003773826,0.73,0.24,20.0,4518.32,20.0
cfb_20261003_lou_ncst,home,1791066648400825197,1.995674206,0.31,0.6599999999999999,30.73,71.0,30.73
cfb_20261003_lou_ncst,home,1791066699836504580,0.254112743,0.26,0.71,176.92,97.0,97.0
cfb_20261003_lou_ncst,home,1791067010246706096,5.803022807,0.51,0.44999999999999996,156.0,62.0,62.0
cfb_20261003_lou_ncst,home,1791067016050246769,0.201029988,0.51,0.44999999999999996,2.0099999999999945,62.0,2.0099999999999945
cfb_20261003_lou_ncst,home,1791067131657840259,0.329289951,0.65,0.31000000000000005,1387.66,62.0,62.0
cfb_20261003_lou_ncst,home,1791067920055704351,0.138286406,0.83,0.15000000000000002,524.0000000000147,925.0,524.0000000000147
cfb_20261003_lou_ncst,home,1791068039258772924,1.197746033,0.94,0.050000000000000044,34738.270000000004,128.12,128.12
cfb_20261003_lou_ncst,home,1791068349240149863,11.31834255,0.96,0.030000000000000027,500.0,52.0,52.0
cfb_20261003_lou_ncst,home,1791068382516293990,0.069841292,0.94,0.050000000000000044,182.43,62.0,62.0
cfb_20261003_lou_ncst,home,1791068390963841969,0.037814034,0.95,0.040000000000000036,56.2,62.0,56.2
cfb_20261003_lou_ncst,home,1791068391025013727,0.035405416,0.95,0.040000000000000036,56.2,62.0,56.2
cfb_20261003_lou_ncst,away,1791057086915906267,0.123111812,0.61,0.36,15.13,56.0,15.13
cfb_20261003_lou_ncst,away,1791057087053224567,0.068825986,0.61,0.36,51.08,56.0,51.08
cfb_20261003_lou_ncst,away,1791057088404549173,0.047647841,0.6,0.37,984.21,25.0,25.0
cfb_20261003_lou_ncst,away,1791057088452786569,0.007034584,0.6,0.37,1000.0,25.0,25.0
cfb_20261003_lou_ncst,away,1791057160128264764,0.06678118,0.69,0.28,1.0,4143.0,1.0
cfb_20261003_lou_ncst,away,1791057201069930078,0.015784568,0.62,0.27,2.0,2899.0,2.0
cfb_20261003_lou_ncst,away,1791057638179550139,0.099757741,0.51,0.45,37.0,238.77,37.0
cfb_20261003_lou_ncst,away,1791057638432064438,1.723811452,0.51,0.45,0.01,238.77,0.01
cfb_20261003_lou_ncst,away,1791057640847375898,0.038643253,0.5,0.46,21.51,144.0,21.51
cfb_20261003_lou_ncst,away,1791057640907061197,0.006900818,0.5,0.46,21.51,144.0,21.51
cfb_20261003_lou_ncst,away,1791057640933589226,0.074522438,0.5,0.46,21.51,144.0,21.51
cfb_20261003_lou_ncst,away,1791057641073177030,0.011535265,0.5,0.46,21.51,144.0,21.51
cfb_20261003_lou_ncst,away,1791057641242399159,0.170377424,0.5,0.46,21.51,144.0,21.51
cfb_20261003_lou_ncst,away,1791059071876759635,0.006428987,0.45999999999999996,0.49,25.0,58.0,25.0
cfb_20261003_lou_ncst,away,1791059071976557018,0.024684881,0.43000000000000005,0.49,79.22,58.0,58.0
cfb_20261003_lou_ncst,away,1791059072005049591,0.002320939,0.43000000000000005,0.49,32.84,58.0,32.84
cfb_20261003_lou_ncst,away,1791059072010220939,3.626631614,0.44999999999999996,0.49,32.84,58.0,32.84
cfb_20261003_lou_ncst,away,1791059329984082486,0.100291645,0.42000000000000004,0.53,507.31,144.0,144.0
cfb_20261003_lou_ncst,away,1791059330272045484,0.005593631,0.39,0.58,5021.3099999999995,5.0,5.0
cfb_20261003_lou_ncst,away,1791059330278795704,0.011004772,0.39,0.58,5021.3099999999995,5.0,5.0
cfb_20261003_lou_ncst,away,1791063639001012865,0.085281972,0.39,0.54,681.95,62.0,62.0
cfb_20261003_lou_ncst,away,1791064242902283747,0.147717124,0.32999999999999996,0.64,30.59,62.0,30.59
cfb_20261003_lou_ncst,away,1791064324547987533,0.510067288,0.33999999999999997,0.63,936.83,51.36,51.36
cfb_20261003_lou_ncst,away,1791064347639267387,0.418867496,0.28,0.69,14.0,5.0,5.0
cfb_20261003_lou_ncst,away,1791065271866365021,0.198544959,0.32999999999999996,0.64,1934.0,62.0,62.0
cfb_20261003_lou_ncst,away,1791065516923781397,0.138263963,0.32999999999999996,0.64,42.43,62.0,42.43
cfb_20261003_lou_ncst,away,1791065854985087659,0.373400907,0.42000000000000004,0.53,3101.47,62.0,62.0
cfb_20261003_lou_ncst,away,1791065855475681853,0.004428061,0.39,0.58,36.85,10.0,10.0
cfb_20261003_lou_ncst,away,1791065855481689168,0.02699855,0.38,0.58,3194.0,10.0,10.0
cfb_20261003_lou_ncst,away,1791065855555311256,0.311743848,0.37,0.6,3180.0,10.0,10.0
cfb_20261003_lou_ncst,away,1791066366131398396,0.932648436,0.63,0.33,1793.83,88.84,88.84
cfb_20261003_lou_ncst,away,1791066666332054223,1.332668021,0.7,0.27,276.01,144.0,144.0
cfb_20261003_lou_ncst,away,1791066898275895796,1.530580423,0.6,0.37,1192.0,136.0,136.0
cfb_20261003_lou_ncst,away,1791066971680065458,29.770693196,0.49,0.45,2322.97,329.0,329.0
cfb_20261003_lou_ncst,away,1791067017770615327,0.006693232,0.4,0.57,200.0,221.0,200.0
cfb_20261003_lou_ncst,away,1791067027379902295,3.933345216,0.42000000000000004,0.54,43682.42999999997,5.0,5.0
cfb_20261003_lou_ncst,away,1791067126583088699,0.476905673,0.33999999999999997,0.63,14.0,46.9,14.0
cfb_20261003_lou_ncst,away,1791067127620057829,0.435691874,0.31000000000000005,0.66,14.0,50.0,14.0
cfb_20261003_lou_ncst,away,1791067211681757041,0.388276764,0.42000000000000004,0.54,2546.03,62.0,62.0
cfb_20261003_lou_ncst,away,1791067644218023581,0.194749301,0.17000000000000004,0.8,1402.39,80.0,80.0
cfb_20261003_lou_ncst,away,1791067644429303292,0.019449173,0.17000000000000004,0.81,31535.879999999997,10.0,10.0
cfb_20261003_lou_ncst,away,1791067922796627808,0.260838104,0.08999999999999997,0.86,3267.76,86.0,86.0
cfb_20261003_lou_ncst,away,1791067926655246840,0.536947856,0.10999999999999999,0.87,933.0,131.0,131.0
cfb_20261003_lou_ncst,away,1791067927247379445,0.16822608,0.06999999999999995,0.91,1269.22,10.0,10.0
cfb_20261003_lou_ncst,away,1791068037391789849,0.021709998,0.040000000000000036,0.94,35.11,62.0,35.11
cfb_20261003_lou_ncst,away,1791068037416809754,1.260234938,0.040000000000000036,0.94,3708.0,62.0,62.0
cfb_20261003_lou_ncst,away,1791068334245052173,2.798668681,0.010000000000000009,0.97,231629.96,37564.97,37564.97
cfb_20261003_lou_ncst,away,1791068337191202357,4.593524331,0.020000000000000018,0.97,321.89,37564.97,321.89
cfb_20261003_lou_ncst,away,1791068366791994054,2.446163951,0.13,0.84,53.0,144.0,53.0
cfb_20261003_lou_ncst,away,1791068369327603934,2.529579905,0.12,0.86,54.83,819.0,54.83
cfb_20261003_lou_ncst,away,1791068373589176250,0.284990694,0.06999999999999995,0.91,54.06,376.12,54.06
cfb_20261003_lou_ncst,away,1791068373880248390,0.203056757,0.06999999999999995,0.91,54.06,530.12,54.06
cfb_20261003_lou_ncst,away,1791068374088871200,0.006485944,0.06999999999999995,0.91,0.06,530.12,0.06
cfb_20261003_lou_ncst,away,1791068374106220660,0.002771611,0.06999999999999995,0.91,0.06,530.12,0.06
cfb_20261003_lou_ncst,away,1791068374114110535,0.007643415,0.06999999999999995,0.91,0.06,530.12,0.06
cfb_20261003_lou_ncst,away,1791068374126790141,0.00480394,0.06999999999999995,0.91,0.06,520.12,0.06
cfb_20261003_lou_ncst,away,1791068374143827910,0.005689022,0.06999999999999995,0.91,0.06,520.12,0.06
cfb_20261003_lou_ncst,away,1791068374171860104,0.030251983,0.06999999999999995,0.91,0.06,520.12,0.06
cfb_20261003_lou_ncst,away,1791068374210534107,1.791133042,0.06999999999999995,0.91,54.06,520.12,54.06
cfb_20261003_lou_ncst,away,1791068376661598950,5.196291462,0.050000000000000044,0.91,166.39,1660.12,166.39
cfb_20261003_lou_ncst,away,1791068381860750685,0.655543305,0.06000000000000005,0.93,55.21,149.0,55.21
cfb_20261003_lou_ncst,away,1791068382836114453,0.220442867,0.040000000000000036,0.95,14614.610000000004,62.0,62.0
cfb_20261003_lou_ncst,away,1791068441081952202,2.283184089,0.010000000000000009,0.98,424.62,5.0,5.0
cfb_20261003_wyo_ndsu,home,1791057583958405322,0.04756739,0.93,0.06000000000000005,2001.1,2836.65,2001.1
cfb_20261003_wyo_ndsu,home,1791057584188943123,0.093714417,0.93,0.06000000000000005,2001.1,2836.65,2001.1
cfb_20261003_wyo_ndsu,home,1791057584342021447,0.053184774,0.93,0.06000000000000005,29.88,2836.65,29.88
cfb_20261003_wyo_ndsu,home,1791057584447685732,0.053242374,0.93,0.06000000000000005,2001.1,2836.65,2001.1
cfb_20261003_wyo_ndsu,home,1791057584622339777,0.70236779,0.93,0.06000000000000005,2001.1,2836.65,2001.1
cfb_20261003_wyo_ndsu,home,1791057585357724154,0.099847765,0.93,0.06000000000000005,29.88,2836.65,29.88
cfb_20261003_wyo_ndsu,home,1791057585464930000,0.071849624,0.93,0.06000000000000005,2001.1,2836.65,2001.1
cfb_20261003_wyo_ndsu,home,1791057585590512527,0.017575354,0.93,0.06000000000000005,29.88,2836.65,29.88
cfb_20261003_wyo_ndsu,home,1791057585608722307,0.011355015,0.93,0.06000000000000005,18.0,2836.65,18.0
cfb_20261003_wyo_ndsu,home,1791057585630035677,0.021401092,0.93,0.06000000000000005,29.88,2836.65,29.88
cfb_20261003_wyo_ndsu,home,1791057585713617578,0.062255324,0.93,0.06000000000000005,2001.1,2836.65,2001.1
cfb_20261003_wyo_ndsu,home,1791057585848396938,0.033415268,0.93,0.06000000000000005,29.88,2836.65,29.88
cfb_20261003_wyo_ndsu,home,1791057585922861066,0.066887967,0.93,0.06000000000000005,2001.1,2836.65,2001.1
cfb_20261003_wyo_ndsu,home,1791057586070735715,0.016897097,0.93,0.06000000000000005,29.88,2836.65,29.88
cfb_20261003_wyo_ndsu,home,1791057586158525163,0.062827974,0.93,0.06000000000000005,2001.1,2836.65,2001.1
cfb_20261003_wyo_ndsu,home,1791057586383363687,0.061388686,0.93,0.06000000000000005,2001.1,2836.65,2001.1
cfb_20261003_wyo_ndsu,home,1791057586483835665,0.023653195,0.93,0.06000000000000005,29.88,2836.65,29.88
cfb_20261003_wyo_ndsu,home,1791057586521397525,0.031303369,0.93,0.06000000000000005,29.88,2836.65,29.88
cfb_20261003_wyo_ndsu,home,1791057586553356901,0.025112122,0.93,0.06000000000000005,18.0,2836.65,18.0
cfb_20261003_wyo_ndsu,home,1791057586583789296,0.009755124,0.93,0.06000000000000005,29.88,2836.65,29.88
cfb_20261003_wyo_ndsu,home,1791057586616895047,0.067435342,0.93,0.06000000000000005,2001.1,2836.65,2001.1
cfb_20261003_wyo_ndsu,home,1791057587655454437,0.033266512,0.93,0.06000000000000005,29.88,2836.65,29.88
cfb_20261003_wyo_ndsu,home,1791057587704767911,0.209985443,0.93,0.06000000000000005,2001.1,2836.65,2001.1
cfb_20261003_wyo_ndsu,home,1791057588111566068,0.045390571,0.93,0.06000000000000005,2001.1,2836.65,2001.1
cfb_20261003_wyo_ndsu,home,1791057588396404427,0.057896247,0.93,0.06000000000000005,2001.1,2836.65,2001.1
cfb_20261003_wyo_ndsu,home,1791057589409213795,0.12946264,0.93,0.06000000000000005,2001.1,2836.65,2001.1
cfb_20261003_wyo_ndsu,home,1791057589760487284,0.04284358,0.93,0.06000000000000005,2001.1,2836.65,2001.1
cfb_20261003_wyo_ndsu,home,1791057590096818779,0.03992094,0.93,0.06000000000000005,2001.1,2836.65,2001.1
cfb_20261003_wyo_ndsu,home,1791057590368289870,0.056108946,0.93,0.06000000000000005,2001.1,2836.65,2001.1
cfb_20261003_wyo_ndsu,home,1791057627052190118,0.052641354,0.92,0.06999999999999995,2001.1,168.0,168.0
cfb_20261003_wyo_ndsu,home,1791057627635310579,0.056788797,0.92,0.06999999999999995,2001.1,168.0,168.0
cfb_20261003_wyo_ndsu,home,1791057627851875816,0.063788642,0.92,0.06999999999999995,2001.1,168.0,168.0
cfb_20261003_wyo_ndsu,home,1791057628088065540,0.067522063,0.92,0.06999999999999995,2001.1,168.0,168.0
cfb_20261003_wyo_ndsu,home,1791057629084276775,0.043537209,0.92,0.06999999999999995,2001.1,25.0,25.0
cfb_20261003_wyo_ndsu,home,1791057661252496434,0.069181436,0.93,0.06000000000000005,1001.1,460.0,460.0
cfb_20261003_wyo_ndsu,home,1791057661360461319,0.077652845,0.93,0.06000000000000005,28.05,460.0,28.05
cfb_20261003_wyo_ndsu,home,1791057661457207917,0.804126136,0.93,0.06000000000000005,1001.1,460.0,460.0
cfb_20261003_wyo_ndsu,home,1791057662483339401,0.043073077,0.93,0.06000000000000005,1001.1,460.0,460.0
cfb_20261003_wyo_ndsu,home,1791057662717962048,0.048899121,0.93,0.06000000000000005,1001.1,460.0,460.0
cfb_20261003_wyo_ndsu,home,1791057663002961008,0.064854976,0.93,0.06000000000000005,1001.1,460.0,460.0
cfb_20261003_wyo_ndsu,home,1791057663294459783,0.06369313,0.93,0.06000000000000005,1001.1,460.0,460.0
cfb_20261003_wyo_ndsu,home,1791057664467185817,0.498588557,0.93,0.06000000000000005,1001.1,460.0,460.0
cfb_20261003_wyo_ndsu,home,1791057664970634951,2.463454929,0.93,0.06000000000000005,27.94,460.0,27.94
cfb_20261003_wyo_ndsu,home,1791057700993303805,0.045124354,0.92,0.06999999999999995,1000.0,2460.53,1000.0
cfb_20261003_wyo_ndsu,home,1791057701198732600,0.064471816,0.92,0.06999999999999995,1000.0,2460.53,1000.0
cfb_20261003_wyo_ndsu,home,1791057701555416297,0.054901878,0.92,0.06999999999999995,1000.0,2460.53,1000.0
cfb_20261003_wyo_ndsu,home,1791059392063693215,34.991142993,0.96,0.03200000000000003,11255.65,145.17,145.17
cfb_20261003_wyo_ndsu,away,1791057634060293308,0.00527411,0.06000000000000005,0.93,9037.0,5.0,5.0
cfb_20261003_wyo_ndsu,away,1791057639237415788,0.05896957,0.06000000000000005,0.93,22799.56,5.0,5.0
cfb_20261003_wyo_ndsu,away,1791057639819461460,0.001205718,0.06000000000000005,0.93,22799.56,5.0,5.0
cfb_20261003_wyo_ndsu,away,1791059441238856829,6.01380672,0.030000000000000027,0.958,749.75,82.0,82.0
cfb_20261003_wyo_ndsu,away,1791059459459564368,0.682848368,0.030000000000000027,0.95,30039.58,5.0,5.0
cfb_20261003_akr_cmu,home,1791057668552221961,1.1128499,0.65,0.31999999999999995,5635.04,8823.52,5635.04
cfb_20261003_akr_cmu,away,1791057129630363598,0.017902197,0.35,0.62,29.0,5.0,5.0
cfb_20261003_akr_cmu,away,1791057129648853186,0.011426614,0.35,0.62,988.78,5.0,5.0
cfb_20261003_akr_cmu,away,1791058977332369138,2.242880029,0.44999999999999996,0.51,445.0799999999999,144.0,144.0
cfb_20261003_akr_cmu,away,1791058981491155416,0.007078093,0.36,0.61,0.92,144.0,0.92
cfb_20261003_akr_cmu,away,1791058983048816604,0.028437066,0.36,0.61,203.0,10.0,10.0
cfb_20261003_akr_cmu,away,1791058983086753871,0.016420077,0.36,0.61,25.0,10.0,10.0
cfb_20261003_akr_cmu,away,1791059673430172984,0.64471593,0.18000000000000005,0.78,3143.26,144.0,144.0
cfb_20261003_akr_cmu,away,1791060329846433232,15.773175428,0.08999999999999997,0.89,198.51,71.72,71.72
cfb_20261003_akr_cmu,away,1791062364226814874,0.828909719,0.040000000000000036,0.95,20.0,1.82,1.82
cfb_20261003_akr_cmu,away,1791062407946818106,0.105720802,0.030000000000000027,0.96,198.85,3.95,3.95
cfb_20261003_akr_cmu,away,1791062485578359694,0.421640306,0.020000000000000018,0.97,387.48,2.92,2.92
cfb_20261003_hc_wm,home,1791063527867930719,0.19789195,0.04,0.95,7.55,5.0,5.0
cfb_20261003_hc_wm,home,1791063550090497397,0.964460677,0.03,0.96,985.11,5.0,5.0
cfb_20261003_hc_wm,home,1791063593781531173,0.218468827,0.02,0.97,38.0,5.0,5.0
cfb_20261003_dsu_alby,home,1791061914983059157,0.01289162,0.8,0.16000000000000003,1.85,5.0,1.85
cfb_20261003_emu_mass,home,1791058055077692677,0.122384957,0.49,0.47,30.74,5.88,5.88
cfb_20261003_emu_mass,home,1791058055225278848,0.013085217,0.49,0.47,31.85,5.88,5.88
cfb_20261003_emu_mass,home,1791058055292319044,0.019668687,0.49,0.47,31.85,5.88,5.88
cfb_20261003_emu_mass,home,1791058055450162564,0.011199441,0.49,0.47,31.85,5.88,5.88
cfb_20261003_emu_mass,home,1791058055485150487,0.010530635,0.49,0.47,31.85,5.88,5.88
cfb_20261003_emu_mass,home,1791058056187284533,4.084503567,0.49,0.47,31.85,5.88,5.88
cfb_20261003_emu_mass,home,1791059777405540288,0.112705214,0.31,0.6599999999999999,38.43,16.7,16.7
cfb_20261003_emu_mass,home,1791060236459474251,0.027139492,0.28,0.6799999999999999,78.0,230.0,78.0
cfb_20261003_emu_mass,home,1791060236502201570,6.906508432,0.26,0.6799999999999999,41.0,230.0,41.0
cfb_20261003_emu_mass,home,1791060243483176802,0.381826528,0.24,0.73,1119.01,144.0,144.0
cfb_20261003_emu_mass,home,1791062819660873415,0.026766508,0.41,0.56,13.38,16.78,13.38
cfb_20261003_emu_mass,home,1791062819739536736,3.006990921,0.41,0.56,1.0,16.78,1.0
cfb_20261003_emu_mass,home,1791062822803030648,1.27329154,0.41,0.56,1.0,16.78,1.0
cfb_20261003_emu_mass,home,1791063377874232450,0.212658458,0.19,0.78,10300.0,29.0,29.0
cfb_20261003_emu_mass,away,1791060013811331647,0.241332164,0.6799999999999999,0.29,50.99,10.0,10.0
cfb_20261003_emu_mass,away,1791060783040267508,0.059939578,0.65,0.32,22.0,85.0,22.0
cfb_20261003_emu_mass,away,1791063953053543665,0.03488485,0.91,0.07,9.99999999999909,19.7,9.99999999999909
cfb_20261003_emu_mass,away,1791063953095498519,0.957219163,0.91,0.07,5.00999999999909,19.7,5.00999999999909
cfb_20261003_emu_mass,away,1791064447127407043,0.007306841,0.96,0.03,14.51,920.58,14.51
cfb_20261003_emu_mass,away,1791064447144714908,0.005507162,0.96,0.03,14.51,920.58,14.51
cfb_20261003_emu_mass,away,1791064447152363461,0.07709179,0.96,0.03,20.0,920.58,20.0
cfb_20261003_emu_mass,away,1791064460309758068,0.847296568,0.96,0.03,14.43,418.58,14.43
cfb_20261003_emu_mass,away,1791064461158747286,0.008454136,0.96,0.03,22.54,308.58,22.54
cfb_20261003_emu_mass,away,1791064461173908032,0.004800857,0.96,0.03,22.54,308.58,22.54
cfb_20261003_emu_mass,away,1791064461187802179,0.003592125,0.96,0.03,22.54,308.58,22.54
cfb_20261003_emu_mass,away,1791064461196714628,0.00731383,0.96,0.03,22.54,308.58,22.54
cfb_20261003_emu_mass,away,1791064461209255592,0.006448163,0.96,0.03,23.48,308.58,23.48
cfb_20261003_emu_mass,away,1791064461220788023,0.006898886,0.96,0.03,23.48,308.58,23.48
cfb_20261003_emu_mass,away,1791064461233590569,0.007250143,0.96,0.03,23.48,308.58,23.48
cfb_20261003_emu_mass,away,1791064461246000814,0.007230725,0.96,0.03,23.48,308.58,23.48
cfb_20261003_emu_mass,away,1791064461258222608,0.003700685,0.96,0.03,23.48,308.58,23.48
cfb_20261003_emu_mass,away,1791064461266754211,0.008910557,0.96,0.03,14.43,308.58,14.43
cfb_20261003_emu_mass,away,1791064461282262337,0.009292264,0.96,0.03,14.43,308.58,14.43
cfb_20261003_emu_mass,away,1791064461292197020,0.005492552,0.96,0.03,23.48,308.58,23.48
cfb_20261003_emu_mass,away,1791064461301540955,0.013273318,0.96,0.03,14.43,308.58,14.43
cfb_20261003_emu_mass,away,1791064461315412830,0.005480576,0.96,0.03,23.48,308.58,23.48
cfb_20261003_emu_mass,away,1791064461323271853,0.006244381,0.96,0.03,14.43,308.58,14.43
cfb_20261003_emu_mass,away,1791064471188569858,3.867246975,0.96,0.03,25.0,271.58,25.0
cfb_20261003_fla_mizz,home,1791064086952811985,0.010494887,0.81,0.17000000000000004,38.97,31639.67,38.97
cfb_20261003_fla_mizz,home,1791064086966391706,0.002815402,0.81,0.17000000000000004,38.97,31639.67,38.97
cfb_20261003_fla_mizz,home,1791064087117974042,0.021599317,0.81,0.17000000000000004,38.97,31568.67,38.97
cfb_20261003_fla_mizz,home,1791064087169715062,0.031103423,0.81,0.17000000000000004,30.0,31568.67,30.0
cfb_20261003_fla_mizz,home,1791064087287614480,0.003800554,0.81,0.17000000000000004,38.97,31568.67,38.97
cfb_20261003_fla_mizz,home,1791064157633106758,0.294946645,0.84,0.14,100.0,378.87,100.0
cfb_20261003_fla_mizz,home,1791064157953437100,0.132751828,0.83,0.14,259.0,62.0,62.0
cfb_20261003_fla_mizz,home,1791064671494082852,0.043846844,0.89,0.08999999999999997,6463.0,1891.0,1891.0
cfb_20261003_fla_mizz,home,1791064671829579975,0.231455147,0.89,0.08999999999999997,1.0,1891.0,1.0
cfb_20261003_fla_mizz,away,1791061848557089446,0.501096738,0.37,0.6,31.58,124.0,31.58
cfb_20261003_fla_mizz,away,1791063781733510822,0.288003969,0.17000000000000004,0.81,32.05,26.25,26.25
cfb_20261003_fla_mizz,away,1791064089526473784,0.004896327,0.16000000000000003,0.82,101994.94,5.0,5.0
cfb_20261003_fla_mizz,away,1791064089565594499,0.052504094,0.16000000000000003,0.82,101994.94,46.0,46.0
cfb_20261003_fla_mizz,away,1791064089621620431,0.399144253,0.16000000000000003,0.82,101855.96,57.0,57.0
cfb_20261003_fla_mizz,away,1791064312548341057,0.507652449,0.14,0.83,3585.04,87.0,87.0
cfb_20261003_fla_mizz,away,1791064975659913343,0.166299558,0.06000000000000005,0.93,12392.28,65969.88,12392.28
cfb_20261003_fla_mizz,away,1791065409054698051,0.028189629,0.06000000000000005,0.93,126569.28000000001,41.08,41.08
cfb_20261003_uva_fsu,home,1791061413457011362,0.606144208,0.8,0.17000000000000004,1974.01,23.56,23.56
cfb_20261003_uva_fsu,home,1791061563388533419,0.017000269,0.81,0.17000000000000004,14.0,10.0,10.0
cfb_20261003_uva_fsu,home,1791061563417160909,13.358494803,0.81,0.17000000000000004,14.0,10.0,10.0
cfb_20261003_uva_fsu,home,1791064029791888207,0.14752617,0.93,0.06000000000000005,13.94,9.99,9.99
cfb_20261003_uva_fsu,home,1791064066715227945,0.01017179,0.93,0.06000000000000005,25.4,150.0,25.4
cfb_20261003_uva_fsu,home,1791064294063265245,1.171750078,0.96,0.030000000000000027,17750.049999999996,9898.74,9898.74
cfb_20261003_uva_fsu,home,1791064295236951670,0.024407157,0.96,0.030000000000000027,1.9,4216.74,1.9
cfb_20261003_uva_fsu,home,1791064343881214484,0.934151123,0.96,0.030000000000000027,11205.39,18319.48,11205.39
cfb_20261003_uva_fsu,away,1791059156128792724,0.038821291,0.5900000000000001,0.38,16.93,6.09,6.09
cfb_20261003_uva_fsu,away,1791059156256661559,0.02232622,0.5900000000000001,0.38,6.0,6.09,6.0
cfb_20261003_uva_fsu,away,1791059788840622132,0.01405697,0.36,0.61,95.82,111.21,95.82
cfb_20261003_uva_fsu,away,1791060956215732261,6.962760836,0.32999999999999996,0.63,290.0,71.0,71.0
cfb_20261003_uva_fsu,away,1791061585745179146,0.163660955,0.26,0.7,126.99,1005.0,126.99
cfb_20261003_uva_fsu,away,1791061585909376813,0.067958133,0.26,0.7,10.0,5.0,5.0
cfb_20261003_uva_fsu,away,1791061585978003561,0.003852014,0.27,0.7,21.01,5.0,5.0
cfb_20261003_uva_fsu,away,1791061585988802858,0.08141979,0.22999999999999998,0.7,163.99,5.0,5.0
cfb_20261003_uva_fsu,away,1791063266855877236,0.208534286,0.18999999999999995,0.79,35.0,200.0,35.0
cfb_20261003_uva_fsu,away,1791064071916535196,2.124173037,0.06999999999999995,0.92,1194.0,40.0,40.0
cfb_20261003_uva_fsu,away,1791064075335506055,4.126890431,0.06000000000000005,0.93,28497.29,40.0,40.0
cfb_20261003_uva_fsu,away,1791064832461900643,0.61727243,0.010000000000000009,0.98,10982.69,5.0,5.0
cfb_20261003_mrsh_jmu,home,1791060364319213958,0.492951439,0.73,0.22999999999999998,0.01,5.0,0.01
cfb_20261003_mrsh_jmu,away,1791058579066575778,0.120944664,0.18999999999999995,0.76,39.0,15.0,15.0
cfb_20261003_mrsh_jmu,away,1791060133476293516,0.578821347,0.22999999999999998,0.71,394.99,33.75,33.75
cfb_20261003_mrsh_jmu,away,1791060366676941534,0.380281003,0.18000000000000005,0.8,343.0,22.0,22.0
cfb_20261003_mrsh_jmu,away,1791061835881933675,0.164405786,0.06999999999999995,0.92,108.0,5.0,5.0
cfb_20261003_md_neb,home,1791063086830287980,0.781129396,0.59,0.38,29.35,90.0,29.35
cfb_20261003_md_neb,home,1791063817729108167,0.970046043,0.54,0.42000000000000004,130.01000000000002,138.5,130.01000000000002
cfb_20261003_md_neb,home,1791064025137835036,0.921357318,0.67,0.30000000000000004,349.83,269.0,269.0
cfb_20261003_md_neb,home,1791064443713426984,0.5078048,0.73,0.24,422.94,62.0,62.0
cfb_20261003_md_neb,home,1791066934360243630,0.000985893,0.86,0.12,300.0,62.0,62.0
cfb_20261003_md_neb,home,1791066934367248052,0.014838981,0.86,0.12,28.11,62.0,28.11
cfb_20261003_md_neb,home,1791066934404000794,0.023472716,0.86,0.12,545.0,62.0,62.0
cfb_20261003_md_neb,home,1791066934428020967,0.054792188,0.86,0.12,28.11,62.0,28.11
cfb_20261003_md_neb,home,1791066934504221798,0.017470829,0.86,0.12,545.0,62.0,62.0
cfb_20261003_md_neb,home,1791066934524298999,0.005642399,0.85,0.12,28.11,62.0,28.11
cfb_20261003_md_neb,home,1791066934530491229,0.005323468,0.86,0.12,28.11,62.0,28.11
cfb_20261003_md_neb,home,1791066934552165799,0.291559355,0.86,0.12,6.0,62.0,6.0
cfb_20261003_md_neb,home,1791066934845877139,0.611046843,0.85,0.12,928.11,62.0,62.0
cfb_20261003_md_neb,home,1791067232480643432,0.126742419,0.81,0.17000000000000004,5.0,10.0,5.0
cfb_20261003_md_neb,home,1791067811113330497,10.840858649,0.85,0.13,21996.010000000002,10.0,10.0
cfb_20261003_md_neb,home,1791068113435906544,0.594107753,0.83,0.15000000000000002,40.38,1491.93,40.38
cfb_20261003_md_neb,home,1791068445747500516,0.006239514,0.79,0.18999999999999995,41.25,62.0,41.25
cfb_20261003_md_neb,home,1791068445853660716,0.028309669,0.79,0.18999999999999995,41.25,62.0,41.25
cfb_20261003_md_neb,home,1791068445911285623,0.034737172,0.79,0.18999999999999995,5.0,62.0,5.0
cfb_20261003_md_neb,home,1791068445997014775,0.019677918,0.79,0.18999999999999995,41.25,62.0,41.25
cfb_20261003_md_neb,home,1791068553092790795,0.022252997,0.85,0.13,25.15,48.0,25.15
cfb_20261003_md_neb,away,1791059656049185845,0.057716076,0.13,0.85,1.0,25.0,1.0
cfb_20261003_md_neb,away,1791059656566552709,5.445388843,0.13,0.85,1.0,144.0,1.0
cfb_20261003_md_neb,away,1791060399576134239,0.100363293,0.22999999999999998,0.74,896.93,47.0,47.0
cfb_20261003_md_neb,away,1791060507451277133,0.288751951,0.26,0.71,37.06,144.0,37.06
cfb_20261003_md_neb,away,1791060920129055651,0.841628411,0.33999999999999997,0.62,139.89,195.87,139.89
cfb_20261003_md_neb,away,1791061222466176981,0.59364219,0.41000000000000003,0.56,201.49,69.49,69.49
cfb_20261003_md_neb,away,1791062452581795635,0.480104286,0.31000000000000005,0.66,1000.0,62.0,62.0
cfb_20261003_md_neb,away,1791063805193882957,0.553412646,0.5,0.46,14.0,62.0,14.0
cfb_20261003_md_neb,away,1791063805750289942,0.329674969,0.5,0.46,31.83,62.0,31.83
cfb_20261003_md_neb,away,1791063826565961828,0.587095995,0.32999999999999996,0.61,151.67,72.0,72.0
cfb_20261003_md_neb,away,1791065026731681256,0.144285333,0.17000000000000004,0.8,123.0,62.0,62.0
cfb_20261003_md_neb,away,1791065028255034737,0.088746538,0.10999999999999999,0.86,30.63,10.0,10.0
cfb_20261003_md_neb,away,1791065041994471919,0.324656399,0.13,0.85,1.0199999999999907,62.0,1.0199999999999907
cfb_20261003_md_neb,away,1791066746366077441,0.051437901,0.08999999999999997,0.89,268.94,10.0,10.0
cfb_20261003_md_neb,away,1791066746421368349,0.035899713,0.08999999999999997,0.89,684.0,10.0,10.0
cfb_20261003_md_neb,away,1791068069350634276,1.308360288,0.17000000000000004,0.81,533.24,206.0,206.0
cfb_20261003_md_neb,away,1791068148184498379,0.657332639,0.14,0.84,14025.18,206.0,206.0
cfb_20261003_md_neb,away,1791068451092727154,7.652174365,0.18000000000000005,0.8,538.0,62.0,62.0
cfb_20261003_md_neb,away,1791068553632297680,0.459773389,0.10999999999999999,0.86,783.39,62.0,62.0
cfb_20261003_md_neb,away,1791068573584161103,0.132794853,0.08999999999999997,0.89,14847.66,60.87,60.87
cfb_20261003_md_neb,away,1791069011869474786,0.201022519,0.06000000000000005,0.93,676.0,14.29,14.29
cfb_20261003_md_neb,away,1791069866538270787,0.080962626,0.030000000000000027,0.961,862.04,144.0,144.0
cfb_20261003_md_neb,away,1791069866875612547,0.074093492,0.020000000000000018,0.974,910.17,225.0,225.0
cfb_20261003_alst_cook,home,1791072248219733097,1.202150806,0.74,0.22999999999999998,5.0,5.0,5.0
cfb_20261003_alst_cook,home,1791072366994594403,0.78881182,0.81,0.17000000000000004,5.0,10.0,5.0
cfb_20261003_alst_cook,home,1791072367936133656,0.209097799,0.8,0.18000000000000005,50.82,61.0,50.82
cfb_20261003_alst_cook,home,1791072368145806259,0.166561204,0.8,0.18000000000000005,18.04,66.0,18.04
cfb_20261003_alst_cook,home,1791072368333955233,0.175751877,0.8,0.18000000000000005,18.04,61.0,18.04
cfb_20261003_alst_cook,home,1791072368621539807,0.223012081,0.8,0.18000000000000005,18.04,66.0,18.04
cfb_20261003_alst_cook,home,1791072368993835141,0.010891524,0.8,0.18000000000000005,18.11,66.0,18.11
cfb_20261003_alst_cook,home,1791072369011184671,0.034076862,0.8,0.18000000000000005,18.11,66.0,18.11
cfb_20261003_alst_cook,home,1791072369228053040,0.006204347,0.8,0.18000000000000005,18.11,66.0,18.11
cfb_20261003_alst_cook,home,1791072369487640227,0.064211273,0.8,0.18000000000000005,100.0,66.0,66.0
cfb_20261003_alst_cook,home,1791072369552616298,0.014176436,0.8,0.18000000000000005,18.11,66.0,18.11
cfb_20261003_alst_cook,home,1791072369581777706,0.001870174,0.8,0.18000000000000005,100.0,66.0,66.0
cfb_20261003_alst_cook,home,1791072369588191120,0.004920041,0.79,0.18000000000000005,18.11,66.0,18.11
cfb_20261003_alst_cook,home,1791072369595834495,0.055514573,0.8,0.18000000000000005,24.0,66.0,24.0
cfb_20261003_alst_cook,home,1791072369688620365,0.392794599,0.8,0.18000000000000005,18.11,66.0,18.11
cfb_20261003_alst_cook,home,1791072370084270380,4.634159794,0.8,0.18000000000000005,18.11,66.0,18.11
cfb_20261003_alst_cook,home,1791072376465603571,2.012768877,0.77,0.18999999999999995,395.0699999999999,18.0,18.0
cfb_20261003_alst_cook,home,1791072860805767389,0.297085096,0.9,0.07999999999999996,1498.0,10.0,10.0
cfb_20261003_alst_cook,home,1791072912056610479,0.169775197,0.76,0.20999999999999996,10.06,34.0,10.06
cfb_20261003_alst_cook,home,1791072915054240861,0.13685245,0.79,0.18000000000000005,24.62,5.0,5.0
cfb_20261003_alst_cook,home,1791073083583971947,1.756433059,0.89,0.08999999999999997,17.77,1353.0,17.77
cfb_20261003_alst_cook,home,1791073085342540448,0.003383688,0.89,0.08999999999999997,1.85,1353.0,1.85
cfb_20261003_alst_cook,home,1791073085349638439,0.104094813,0.89,0.08999999999999997,60.0,1353.0,60.0
cfb_20261003_alst_cook,home,1791073085468027299,0.200638326,0.89,0.08999999999999997,17.85,1353.0,17.85
cfb_20261003_alst_cook,home,1791073085689714810,0.083567759,0.89,0.08999999999999997,17.85,1353.0,17.85
cfb_20261003_alst_cook,home,1791073086172477926,0.797966968,0.89,0.08999999999999997,18.06,1353.0,18.06
cfb_20261003_alst_cook,home,1791073086975536461,0.005987596,0.89,0.08999999999999997,7.06,1021.0,7.06
cfb_20261003_alst_cook,home,1791073086992568413,0.006121911,0.89,0.08999999999999997,7.06,1021.0,7.06
cfb_20261003_alst_cook,home,1791073087013580606,0.004580832,0.89,0.08999999999999997,7.06,921.0,7.06
cfb_20261003_alst_cook,home,1791073087023406368,0.100501795,0.89,0.08999999999999997,7.06,921.0,7.06
cfb_20261003_alst_cook,home,1791073087128796259,0.006897264,0.89,0.08999999999999997,7.06,921.0,7.06
cfb_20261003_alst_cook,home,1791073087150211531,0.008452212,0.89,0.08999999999999997,7.06,921.0,7.06
cfb_20261003_alst_cook,home,1791073087180313688,0.012372632,0.89,0.08999999999999997,7.06,921.0,7.06
cfb_20261003_alst_cook,home,1791073087201154374,0.013975107,0.89,0.08999999999999997,7.06,921.0,7.06
cfb_20261003_alst_cook,home,1791073087221300871,0.03563778,0.89,0.08999999999999997,7.06,921.0,7.06
cfb_20261003_alst_cook,home,1791073087302035205,0.012648363,0.89,0.08999999999999997,7.06,921.0,7.06
cfb_20261003_alst_cook,home,1791073087343994151,0.001165291,0.89,0.08999999999999997,7.06,921.0,7.06
cfb_20261003_alst_cook,home,1791073087349324008,0.021301754,0.89,0.08999999999999997,7.06,921.0,7.06
cfb_20261003_alst_cook,home,1791073087418117836,0.021332777,0.89,0.08999999999999997,7.06,830.0,7.06
cfb_20261003_alst_cook,home,1791073087536063904,0.003606535,0.89,0.08999999999999997,7.06,830.0,7.06
cfb_20261003_alst_cook,home,1791073417357092190,1.240013448,0.9,0.07999999999999996,9.0,5.0,5.0
cfb_20261003_alst_cook,home,1791073472563516050,6.492699593,0.91,0.07999999999999996,130.8,5.0,5.0
cfb_20261003_alst_cook,home,1791073591481348031,2.845993493,0.86,0.12,3.77,10.0,3.77
cfb_20261003_alst_cook,home,1791073777502500529,0.278344409,0.95,0.040000000000000036,25.0,5.0,5.0
cfb_20261003_alst_cook,away,1791071400301631458,0.835796424,0.06999999999999995,0.91,1635.69,2500.0,1635.69
cfb_20261003_alst_cook,away,1791071401139383925,0.005446989,0.06999999999999995,0.92,14.28,109.0,14.28
cfb_20261003_alst_cook,away,1791071568124934968,0.985093523,0.13,0.85,111.19,321.13,111.19
cfb_20261003_alst_cook,away,1791071582057969008,0.104906484,0.14,0.84,15.480000000000004,766.0,15.480000000000004
cfb_20261003_alst_cook,away,1791071582163390655,0.008199703,0.13,0.84,5.48,766.0,5.48
cfb_20261003_alst_cook,away,1791071582172210676,0.0086094,0.14,0.84,5.48,766.0,5.48
cfb_20261003_alst_cook,away,1791071582195359413,0.018717101,0.14,0.84,5.48,766.0,5.48
cfb_20261003_alst_cook,away,1791071582494917500,0.057387904,0.14,0.84,5.48,766.0,5.48
cfb_20261003_alst_cook,away,1791071582575821529,0.04333603,0.14,0.84,5.48,766.0,5.48
cfb_20261003_alst_cook,away,1791071582661705219,0.015965999,0.14,0.84,5.48,766.0,5.48
cfb_20261003_alst_cook,away,1791071582714343597,0.006990604,0.14,0.84,5.48,766.0,5.48
cfb_20261003_alst_cook,away,1791071582733423490,0.424975203,0.14,0.84,5.48,766.0,5.48
cfb_20261003_alst_cook,away,1791071583163775015,0.041557031,0.14,0.84,15.46,720.0,15.46
cfb_20261003_alst_cook,away,1791071897905305818,0.00528105,0.09999999999999998,0.88,0.56,15.0,0.56
cfb_20261003_alst_cook,away,1791071897934058921,0.008642416,0.09999999999999998,0.88,0.56,15.0,0.56
cfb_20261003_alst_cook,away,1791071897955516531,0.017247189,0.09999999999999998,0.88,0.56,15.0,0.56
cfb_20261003_alst_cook,away,1791071897987625242,0.004703782,0.09999999999999998,0.88,0.56,15.0,0.56
cfb_20261003_alst_cook,away,1791071898005520026,0.006688586,0.09999999999999998,0.88,0.56,15.0,0.56
cfb_20261003_alst_cook,away,1791071898034928105,0.001030224,0.09999999999999998,0.88,0.56,15.0,0.56
cfb_20261003_alst_cook,away,1791071898042328705,3.190027111,0.09999999999999998,0.88,15.06,15.0,15.0
cfb_20261003_alst_cook,away,1791072386568244544,5.627435138,0.18999999999999995,0.79,121.0,5.0,5.0
cfb_20261003_alst_cook,away,1791072845548587761,0.042924642,0.14,0.84,300.0,10.0,10.0
cfb_20261003_alst_cook,away,1791073140278088274,0.024204727,0.06999999999999995,0.92,18.91,35.66,18.91
cfb_20261003_alst_cook,away,1791073140311348468,0.017532353,0.06999999999999995,0.92,100.0,35.66,35.66
cfb_20261003_alst_cook,away,1791073237693757075,0.373155015,0.040000000000000036,0.95,6.0,523.31,6.0
cfb_20261003_alst_cook,away,1791073449265882856,0.021530239,0.050000000000000044,0.94,20.19,25.0,20.19
cfb_20261003_alst_cook,away,1791073449360894353,0.029824954,0.050000000000000044,0.94,20.19,10.0,10.0
cfb_20261003_alst_cook,away,1791073449411373476,0.642372463,0.050000000000000044,0.94,0.01,10.0,0.01
cfb_20261003_alst_cook,away,1791073459413783993,0.043492517,0.06999999999999995,0.92,110.49,10.0,10.0
cfb_20261003_alst_cook,away,1791073459535013189,0.050306045,0.050000000000000044,0.93,0.01,25.0,0.01
cfb_20261003_alst_cook,away,1791073461942081550,0.00927521,0.020000000000000018,0.95,66.0,10.0,10.0
cfb_20261003_alst_cook,away,1791073625762363701,0.065204178,0.12,0.86,623.98,10.0,10.0
cfb_20261003_alst_cook,away,1791073677866360847,2.174391947,0.06000000000000005,0.93,14.0,10.0,10.0
cfb_20261003_alst_cook,away,1791073711638329205,0.4237082,0.030000000000000027,0.96,45.0,56.0,45.0
cfb_20261003_alst_cook,away,1791073765271992590,0.782158769,0.050000000000000044,0.94,300.0,43.01,43.01
cfb_20261003_alst_cook,away,1791073767261945662,0.031460595,0.020000000000000018,0.97,2000.0,20.0,20.0
cfb_20261003_alst_cook,away,1791073767293953583,2.76415012,0.010000000000000009,0.97,2000.0,20.0,20.0
cfb_20261003_unco_mont,home,1791052589470757903,0.620554893,0.92,0.06999999999999995,15.0,16.19,15.0
cfb_20261003_unco_mont,home,1791053015076335221,0.693626282,0.92,0.06999999999999995,19.78,20.0,19.78
cfb_20261003_unco_mont,home,1791053354477413367,1330.73236841,0.92,0.06999999999999995,23.8,0.28,0.28
cfb_20261003_unco_mont,home,1791054685273252211,336.996814741,0.92,0.06999999999999995,200.0,0.28,0.28
cfb_20261003_unco_mont,home,1791063792537854418,0.091998467,0.97,0.02100000000000002,32.15,100.0,32.15
cfb_20261003_unco_mont,home,1791064005237177599,0.115336045,0.97,0.02100000000000002,41.96,100.0,41.96
cfb_20261003_unco_mont,home,1791064005361250310,0.030585828,0.97,0.02100000000000002,2.05,100.0,2.05
cfb_20261003_tnst_wiu,home,1791068322362022448,0.017996394,0.61,0.36,47.68,10.0,10.0
cfb_20261003_tnst_wiu,home,1791068322380608126,8.803973913,0.61,0.36,9.64,10.0,9.64
cfb_20261003_tnst_wiu,home,1791068333842991922,0.044469193,0.61,0.36,1.0,10.0,1.0
cfb_20261003_tnst_wiu,home,1791068334029880071,0.027691985,0.61,0.36,1.0,10.0,1.0
cfb_20261003_tnst_wiu,home,1791068334059552394,5.920010977,0.61,0.36,79.0,10.0,10.0
cfb_20261003_tnst_wiu,home,1791068339980061379,0.004752318,0.61,0.36,5.56,15.0,5.56
cfb_20261003_tnst_wiu,home,1791068339985387631,6.193419404,0.6,0.36,5.56,15.0,5.56
cfb_20261003_tnst_wiu,home,1791069814087255790,0.003615948,0.61,0.36,8.93,10.0,8.93
cfb_20261003_tnst_wiu,home,1791069824771506661,0.243814598,0.59,0.38,8.86,13.32,8.86
cfb_20261003_tnst_wiu,home,1791070179977107494,1.290914513,0.93,0.06000000000000005,100.04,30.0,30.0
cfb_20261003_tnst_wiu,home,1791070244054018445,1.189375435,0.93,0.040000000000000036,8.93,41.0,8.93
cfb_20261003_tnst_wiu,home,1791070252726832569,3.954148512,0.92,0.06999999999999995,14.19,5.0,5.0
cfb_20261003_tnst_wiu,home,1791070258175002418,8.561901428,0.92,0.06999999999999995,5.0,5.0,5.0
cfb_20261003_tnst_wiu,home,1791070267801575947,0.253101586,0.92,0.06999999999999995,13.03,5.0,5.0
cfb_20261003_tnst_wiu,away,1791067836458922576,0.616296586,0.72,0.25,49.89,30.0,30.0
cfb_20261003_tnst_wiu,away,1791068100946672778,14.982805586,0.5,0.46,10.0,115.0,10.0
cfb_20261003_tnst_wiu,away,1791068924599403366,0.584276915,0.39,0.58,2.0,5.0,2.0
cfb_20261003_tnst_wiu,away,1791069898412832333,12.910415224,0.41000000000000003,0.56,8.67,10.0,8.67
cfb_20261003_tnst_wiu,away,1791069937679312961,0.323506907,0.13,0.85,9.66,5.0,5.0
cfb_20261003_tnst_wiu,away,1791069938016031470,0.003747149,0.13,0.85,1.0,5.0,1.0
cfb_20261003_tnst_wiu,away,1791069938030378210,0.5658405,0.13,0.85,7.0,5.0,5.0
cfb_20261003_tnst_wiu,away,1791069938953822566,0.03662932,0.12,0.86,0.01,15.0,0.01
cfb_20261003_tnst_wiu,away,1791069939328772509,0.065013641,0.12,0.85,0.01,5.0,0.01
cfb_20261003_tnst_wiu,away,1791069939429722782,0.431193902,0.13,0.85,1.47,5.0,1.47
cfb_20261003_tnst_wiu,away,1791069941682491929,0.076312359,0.12,0.86,0.01,5297.0,0.01
cfb_20261003_tnst_wiu,away,1791069941768024932,0.565108027,0.12,0.86,0.01,5297.0,0.01
cfb_20261003_tnst_wiu,away,1791069942436831912,0.312437808,0.12,0.86,0.01,5297.0,0.01
cfb_20261003_tnst_wiu,away,1791069942758858964,0.000841504,0.09999999999999998,0.86,9.62,5297.0,9.62
cfb_20261003_tnst_wiu,away,1791069942763339568,0.000587411,0.10999999999999999,0.86,1200.0,5297.0,1200.0
cfb_20261003_tnst_wiu,away,1791069942765421166,5.247868798,0.12,0.86,9.62,5297.0,9.62
cfb_20261003_tnst_wiu,away,1791070114041654943,1.268737209,0.06999999999999995,0.92,13.28,5.0,5.0
cfb_20261003_tnst_wiu,away,1791070337273752273,0.028918181,0.06999999999999995,0.92,178.02,5.0,5.0
cfb_20261003_tnst_wiu,away,1791070438408449026,0.648902824,0.010000000000000009,0.96,9219.74,10.0,10.0
cfb_20261003_uk_scar,home,1791062871154397098,3.415103128,0.91,0.07999999999999996,3399.99,1058.59,1058.59
cfb_20261003_uk_scar,home,1791067765890681117,0.006932362,0.43,0.53,37.93,67.0,37.93
cfb_20261003_uk_scar,home,1791067765902044575,5.026057618,0.43,0.53,14.0,67.0,14.0
cfb_20261003_uk_scar,home,1791067982179007080,17.034697794,0.38,0.5900000000000001,117.0,113.45,113.45
cfb_20261003_uk_scar,home,1791068400610001398,0.512999008,0.52,0.43999999999999995,398.0,5161.27,398.0
cfb_20261003_uk_scar,home,1791068493362864686,0.039496422,0.45,0.51,88504.36,100.47,100.47
cfb_20261003_uk_scar,home,1791068493607861742,0.782235966,0.45,0.51,85504.36,62.0,62.0
cfb_20261003_uk_scar,home,1791068855279692775,0.196671465,0.58,0.39,44.0,96.0,44.0
cfb_20261003_uk_scar,home,1791069797516540171,0.002554581,0.62,0.35,7.48,13824.74,7.48
cfb_20261003_uk_scar,home,1791069797526860626,0.021428348,0.62,0.35,7.48,13824.74,7.48
cfb_20261003_uk_scar,home,1791069797557951849,0.009991881,0.62,0.35,7.48,13824.74,7.48
cfb_20261003_uk_scar,home,1791069797569323868,0.008741242,0.62,0.35,76.0,13824.74,76.0
cfb_20261003_uk_scar,home,1791069797579636442,0.007599524,0.62,0.35,7.48,13824.74,7.48
cfb_20261003_uk_scar,home,1791069797597211563,0.0124795,0.62,0.35,7.48,13824.74,7.48
cfb_20261003_uk_scar,home,1791069797623658669,0.001561799,0.62,0.35,76.0,13824.74,76.0
cfb_20261003_uk_scar,home,1791069798434972921,18.096499395,0.62,0.35,7.0,13824.74,7.0
cfb_20261003_uk_scar,home,1791069821830021565,3.144713456,0.52,0.43999999999999995,22.0,15.0,15.0
cfb_20261003_uk_scar,home,1791069936422461400,0.904119377,0.41,0.55,89.0,3858.33,89.0
cfb_20261003_uk_scar,home,1791070248963809798,0.091820335,0.52,0.43999999999999995,583.0,5.11,5.11
cfb_20261003_uk_scar,home,1791070377767272745,0.592827696,0.53,0.43000000000000005,39.52,25.0,25.0
cfb_20261003_uk_scar,home,1791070378384552419,0.012453613,0.48,0.44999999999999996,1.009999999999998,5.0,1.009999999999998
cfb_20261003_uk_scar,home,1791070378418007921,0.024461861,0.48,0.44999999999999996,1.009999999999998,5.0,1.009999999999998
cfb_20261003_uk_scar,home,1791070381507846465,0.04435735,0.45,0.49,4462.09,1383.0,1383.0
cfb_20261003_uk_scar,home,1791070381826642053,0.70507168,0.47,0.49,798.0,1383.0,798.0
cfb_20261003_uk_scar,home,1791070935254915464,0.536047884,0.31,0.65,8809.25,62.0,62.0
cfb_20261003_uk_scar,home,1791070943482841771,0.003692203,0.27,0.7,398.37,62.0,62.0
cfb_20261003_uk_scar,home,1791070943627547125,0.033174906,0.27,0.7,900.0,62.0,62.0
cfb_20261003_uk_scar,home,1791070943726459985,0.029924562,0.27,0.7,800.0,62.0,62.0
cfb_20261003_uk_scar,home,1791070943828240437,0.032486333,0.27,0.7,800.0,62.0,62.0
cfb_20261003_uk_scar,home,1791070944027021265,0.032825102,0.27,0.7,800.0,62.0,62.0
cfb_20261003_uk_scar,home,1791071131384708060,3.185355422,0.37,0.6,38.04,144.0,38.04
cfb_20261003_uk_scar,home,1791071134593294583,8.588000838,0.29,0.5900000000000001,20.0,62.0,20.0
cfb_20261003_uk_scar,home,1791071212616869648,0.045446718,0.25,0.72,9.0,62.0,9.0
cfb_20261003_uk_scar,home,1791071689782250417,0.287205844,0.59,0.35,3616.71,86.0,86.0
cfb_20261003_uk_scar,home,1791072073671846431,0.060267544,0.59,0.38,92.0,62.0,62.0
cfb_20261003_uk_scar,home,1791072073753772391,0.002189978,0.59,0.38,1.59,62.0,1.59
cfb_20261003_uk_scar,home,1791072073764996215,0.005022803,0.58,0.38,400.0,62.0,62.0
cfb_20261003_uk_scar,home,1791072073773388916,0.003777131,0.59,0.38,750.0,62.0,62.0
cfb_20261003_uk_scar,home,1791072073780589959,0.032424087,0.59,0.38,300.0,62.0,62.0
cfb_20261003_uk_scar,home,1791072073822691143,0.245307643,0.58,0.38,8.0,62.0,8.0
cfb_20261003_uk_scar,home,1791072125841329174,0.000739332,0.41,0.56,10000.0,71.0,71.0
cfb_20261003_uk_scar,home,1791072125859531734,0.021673517,0.4,0.56,91.66,71.0,71.0
cfb_20261003_uk_scar,home,1791072125882060934,0.367974305,0.41,0.56,8.66,71.0,8.66
cfb_20261003_uk_scar,home,1791072126664426203,0.00110626,0.19,0.79,2.03,5.0,2.03
cfb_20261003_uk_scar,home,1791072126694773842,0.000777964,0.19,0.79,8.0,5.0,5.0
cfb_20261003_uk_scar,home,1791072127474990440,0.006710065,0.16,0.8200000000000001,90.0,111.11,90.0
cfb_20261003_uk_scar,home,1791072127482205233,0.032281801,0.16,0.8200000000000001,42.19,111.11,42.19
cfb_20261003_uk_scar,home,1791072127600252701,0.367801247,0.14,0.84,8.0,144.0,8.0
cfb_20261003_uk_scar,home,1791072128061091276,0.013705975,0.07,0.92,14339.829999999994,22.0,22.0
cfb_20261003_uk_scar,home,1791072128152053598,0.131589417,0.07,0.92,14341.989999999996,5.0,5.0
cfb_20261003_uk_scar,home,1791072128285427241,0.096990853,0.1,0.88,20.0,5.0,5.0
cfb_20261003_uk_scar,home,1791072129978046841,0.001022054,0.07,0.92,9959.789999999999,23.0,23.0
cfb_20261003_uk_scar,home,1791072129998055428,0.594492045,0.06,0.9299999999999999,42.74,62.0,42.74
cfb_20261003_uk_scar,home,1791072130833588247,1.6510847,0.02,0.94,25570.13,149.0,149.0
cfb_20261003_uk_scar,home,1791072141981455355,0.043499185,0.29,0.6799999999999999,174.73,62.0,62.0
cfb_20261003_uk_scar,home,1791072142087097787,0.030763492,0.24,0.73,42.73,13.0,13.0
cfb_20261003_uk_scar,home,1791072142119016686,0.003612694,0.24,0.73,2246.0,13.0,13.0
cfb_20261003_uk_scar,home,1791072142133882274,1.43777837,0.22,0.74,50.0,14.0,14.0
cfb_20261003_uk_scar,home,1791072143679763056,0.441147778,0.13,0.83,480.0,151.78,151.78
cfb_20261003_uk_scar,home,1791072144845105008,0.022018785,0.09,0.88,255.52,99.0,99.0
cfb_20261003_uk_scar,home,1791072147665563273,0.009606098,0.08,0.9,9.0,5.0,5.0
cfb_20261003_uk_scar,home,1791072147684234451,0.010502367,0.08,0.9,1.0,5.0,1.0
cfb_20261003_uk_scar,home,1791072147905017424,0.015618038,0.08,0.9,100.0,5.0,5.0
cfb_20261003_uk_scar,home,1791072147929480728,0.030826349,0.08,0.9,8.0,5.0,5.0
cfb_20261003_uk_scar,home,1791072148646279920,0.001683407,0.09,0.89,1.38,1252.0,1.38
cfb_20261003_uk_scar,home,1791072148655485484,0.002233397,0.09,0.89,1.0,1252.0,1.0
cfb_20261003_uk_scar,home,1791072148667384161,0.004505367,0.09,0.89,42.83,1252.0,42.83
cfb_20261003_uk_scar,home,1791072148675387644,0.002671062,0.09,0.89,42.83,1252.0,42.83
cfb_20261003_uk_scar,home,1791072148682178751,0.012217246,0.09,0.89,1.0,1252.0,1.0
cfb_20261003_uk_scar,home,1791072148734664738,0.074649834,0.08,0.89,158.0,1252.0,158.0
cfb_20261003_uk_scar,home,1791072148820622662,0.024552508,0.09,0.89,14.0,1396.0,14.0
cfb_20261003_uk_scar,home,1791072148853981462,0.006215601,0.09,0.89,1.0,1396.0,1.0
cfb_20261003_uk_scar,home,1791072148991980568,0.023314177,0.09,0.89,7.0,1252.0,7.0
cfb_20261003_uk_scar,home,1791072149032011421,0.011922049,0.09,0.89,1.0,1252.0,1.0
cfb_20261003_uk_scar,home,1791072149045853113,0.011786121,0.09,0.89,1.0,1252.0,1.0
cfb_20261003_uk_scar,home,1791072149067341966,0.009444274,0.09,0.89,1.0,1252.0,1.0
cfb_20261003_uk_scar,home,1791072149133875420,0.017759057,0.09,0.89,14.0,1252.0,14.0
cfb_20261003_uk_scar,home,1791072149171691690,0.009264727,0.09,0.89,3.55,626.0,3.55
cfb_20261003_uk_scar,home,1791072149359722693,0.020966201,0.09,0.89,14.0,626.0,14.0
cfb_20261003_uk_scar,home,1791072149430216082,0.014109883,0.02,0.89,860.17,626.0,626.0
cfb_20261003_uk_scar,home,1791072149561623778,0.000663237,0.09,0.89,14.0,626.0,14.0
cfb_20261003_uk_scar,home,1791072149632232495,0.006650522,0.09,0.89,42.83,626.0,42.83
cfb_20261003_uk_scar,home,1791072149672780332,0.006514774,0.09,0.89,42.83,626.0,42.83
cfb_20261003_uk_scar,home,1791072150021908787,0.002659196,0.09,0.89,42.98,626.0,42.98
cfb_20261003_uk_scar,home,1791072150033114196,0.542171606,0.09,0.89,58.7,626.0,58.7
cfb_20261003_uk_scar,home,1791072150727960794,0.107907753,0.07,0.92,39.90000000000002,55.09,39.90000000000002
cfb_20261003_uk_scar,home,1791072151066503187,0.364353961,0.05,0.9299999999999999,162.10000000000002,10.0,10.0
cfb_20261003_uk_scar,home,1791072151435459920,0.012955798,0.06,0.9299999999999999,901.18,150.0,150.0
cfb_20261003_uk_scar,home,1791072151455321704,0.005786489,0.06,0.9299999999999999,521.0799999999999,5.0,5.0
cfb_20261003_uk_scar,home,1791072151490528067,0.00894195,0.05,0.94,14.0,144.0,14.0
cfb_20261003_uk_scar,home,1791072151501128660,0.0019467,0.05,0.94,105.0,144.0,105.0
cfb_20261003_uk_scar,home,1791072151509038172,0.063903339,0.05,0.94,2.23,144.0,2.23
cfb_20261003_uk_scar,home,1791072151578129954,0.548358237,0.06,0.9299999999999999,27.0,55.09,27.0
cfb_20261003_uk_scar,home,1791072152128232942,0.206470141,0.06,0.92,8.0,5.0,5.0
cfb_20261003_uk_scar,home,1791072152343364475,0.032573974,0.06,0.9299999999999999,1.2,55.09,1.2
cfb_20261003_uk_scar,home,1791072152405124641,0.048011193,0.05,0.9299999999999999,6365.99,55.09,55.09
cfb_20261003_uk_scar,home,1791072152523684148,0.344947127,0.05,0.94,6299.789999999999,144.0,144.0
cfb_20261003_uk_scar,home,1791072153009675931,0.047966971,0.04,0.95,89.0,5.0,5.0
cfb_20261003_uk_scar,home,1791072158578951165,0.001227657,0.04,0.95,14.0,25.0,14.0
cfb_20261003_uk_scar,home,1791072158590247719,0.021112392,0.04,0.95,3.5,25.0,3.5
cfb_20261003_uk_scar,home,1791072190247417842,0.065173275,0.01,0.98,1308218.2899999896,50.0,50.0
cfb_20261003_uk_scar,away,1791061583374036780,0.684939088,0.09999999999999998,0.88,2739.0,124.0,124.0
cfb_20261003_uk_scar,away,1791064475219937989,0.148719896,0.18999999999999995,0.78,407.84,54.0,54.0
cfb_20261003_uk_scar,away,1791067689923493065,0.058436583,0.42000000000000004,0.54,17.0,5.0,5.0
cfb_20261003_uk_scar,away,1791067968641501145,0.482278659,0.5900000000000001,0.38,50.0,25.18,25.18
cfb_20261003_uk_scar,away,1791068300698329628,1.267174381,0.64,0.33,29.0,62.0,29.0
cfb_20261003_uk_scar,away,1791068302511109413,0.611388569,0.62,0.35,35.07,169.0,35.07
cfb_20261003_uk_scar,away,1791068303190705296,0.955008907,0.5700000000000001,0.33,0.01999999999999979,62.0,0.01999999999999979
cfb_20261003_uk_scar,away,1791068304152293356,0.899527603,0.55,0.36,115.0,169.0,115.0
cfb_20261003_uk_scar,away,1791068305052425515,0.7618286,0.56,0.35,32.83000000000001,62.0,32.83000000000001
cfb_20261003_uk_scar,away,1791068305829602639,0.001347202,0.55,0.36,35.07,87.0,35.07
cfb_20261003_uk_scar,away,1791068305835787428,0.619317427,0.56,0.36,1100.0,87.0,87.0
cfb_20261003_uk_scar,away,1791068306891888960,8.277154089,0.55,0.35,0.010000000000000009,62.0,0.010000000000000009
cfb_20261003_uk_scar,away,1791068315227176959,18.873990613,0.48,0.48,8913.68,5.0,5.0
cfb_20261003_uk_scar,away,1791068335229045119,0.655788646,0.45999999999999996,0.5,13642.010000000015,144.0,144.0
cfb_20261003_uk_scar,away,1791068355034400130,5.524092283,0.43999999999999995,0.52,4620.07,62.0,62.0
cfb_20261003_uk_scar,away,1791068481419128328,0.059959324,0.5,0.46,32.57,1293.83,32.57
cfb_20261003_uk_scar,away,1791068481481953542,0.004405049,0.5,0.46,400.0,1293.83,400.0
cfb_20261003_uk_scar,away,1791068518144288681,0.918631726,0.44999999999999996,0.51,290.0,62.0,62.0
cfb_20261003_uk_scar,away,1791068813252229392,12.051224681,0.39,0.58,1466.38,13409.67,1466.38
cfb_20261003_uk_scar,away,1791069298292562019,0.337495181,0.30000000000000004,0.67,110.0,92.77,92.77
cfb_20261003_uk_scar,away,1791069694978631300,0.612391792,0.41000000000000003,0.55,628.43,224.0,224.0
cfb_20261003_uk_scar,away,1791069755162557786,0.019731203,0.35,0.61,578.44,3468.49,578.44
cfb_20261003_uk_scar,away,1791069755193099741,0.006377585,0.36,0.61,35.59,3468.49,35.59
cfb_20261003_uk_scar,away,1791069755262955405,1.276592866,0.36,0.61,181.0,3468.49,181.0
cfb_20261003_uk_scar,away,1791069756568195328,0.006710484,0.36,0.61,36.46,3468.49,36.46
cfb_20261003_uk_scar,away,1791069756576356567,0.011764922,0.36,0.61,66.0,3468.49,66.0
cfb_20261003_uk_scar,away,1791069756614296778,0.0015637,0.36,0.61,600.0,3468.49,600.0
cfb_20261003_uk_scar,away,1791069756621016896,0.054889668,0.36,0.61,94.0,3468.49,94.0
cfb_20261003_uk_scar,away,1791069756720635538,0.01216943,0.36,0.61,100.0,3468.49,100.0
cfb_20261003_uk_scar,away,1791069756733469347,0.008029417,0.36,0.61,66.0,3468.49,66.0
cfb_20261003_uk_scar,away,1791069756805948997,2.369658232,0.36,0.61,20.0,3468.49,20.0
cfb_20261003_uk_scar,away,1791069871350119073,0.002331573,0.54,0.42,10732.280000000002,144.0,144.0
cfb_20261003_uk_scar,away,1791070286709162323,14.19880397,0.49,0.47,14.0,34745.14,14.0
cfb_20261003_uk_scar,away,1791070344800504874,0.104805021,0.38,0.59,29.0,5.0,5.0
cfb_20261003_uk_scar,away,1791070930855702550,0.004449271,0.6699999999999999,0.3,14.0,12693.56,14.0
cfb_20261003_uk_scar,away,1791070930906898384,0.01750058,0.6799999999999999,0.29,8.0,11.01,8.0
cfb_20261003_uk_scar,away,1791070931256412438,0.212336625,0.6599999999999999,0.31,88.0,25.0,25.0
cfb_20261003_uk_scar,away,1791070997857718572,0.001277266,0.7,0.27,64693.45,25.0,25.0
cfb_20261003_uk_scar,away,1791071118829596046,0.14004329,0.64,0.33,14.0,62.0,14.0
cfb_20261003_uk_scar,away,1791071119090213456,0.247533343,0.63,0.34,19.88,62.0,19.88
cfb_20261003_uk_scar,away,1791071119360110451,0.004458352,0.63,0.34,19.88,62.0,19.88
cfb_20261003_uk_scar,away,1791071119370741314,0.006497921,0.63,0.34,19.88,62.0,19.88
cfb_20261003_uk_scar,away,1791071119380806356,0.005730461,0.63,0.34,19.88,62.0,19.88
cfb_20261003_uk_scar,away,1791071119396648994,0.003737456,0.63,0.34,19.88,62.0,19.88
cfb_20261003_uk_scar,away,1791071119408678361,0.004795229,0.63,0.34,19.88,62.0,19.88
cfb_20261003_uk_scar,away,1791071119419025864,0.004284301,0.63,0.34,19.88,62.0,19.88
cfb_20261003_uk_scar,away,1791071119428900763,0.004322384,0.63,0.34,19.88,62.0,19.88
cfb_20261003_uk_scar,away,1791071119438681672,0.003864362,0.63,0.34,19.88,62.0,19.88
cfb_20261003_uk_scar,away,1791071119448254424,0.005722749,0.63,0.34,19.88,62.0,19.88
cfb_20261003_uk_scar,away,1791071119460786536,0.004591347,0.63,0.34,19.88,62.0,19.88
cfb_20261003_uk_scar,away,1791071119475036081,0.004718203,0.63,0.34,19.88,62.0,19.88
cfb_20261003_uk_scar,away,1791071119571333535,0.130636208,0.63,0.34,12.0,62.0,12.0
cfb_20261003_uk_scar,away,1791071120728350370,0.030477116,0.61,0.36,94.0,169.0,94.0
cfb_20261003_uk_scar,away,1791071120762249266,3.729294413,0.61,0.36,8.0,169.0,8.0
cfb_20261003_uk_scar,away,1791071124492098316,0.007033411,0.54,0.41,11.26,7.0,7.0
cfb_20261003_uk_scar,away,1791071124801402921,0.097237683,0.53,0.43,7.999999999999998,166.0,7.999999999999998
cfb_20261003_uk_scar,away,1791071124993742095,0.115376505,0.53,0.43,49.00999999999999,5.0,5.0
cfb_20261003_uk_scar,away,1791071125139235467,0.011996403,0.53,0.43,4.24,5.0,4.24
cfb_20261003_uk_scar,away,1791071125204823564,0.085411427,0.53,0.43,14.0,5.0,5.0
cfb_20261003_uk_scar,away,1791071125861866779,0.006840556,0.52,0.44,40.13,155.0,40.13
cfb_20261003_uk_scar,away,1791071125877039020,0.011599563,0.52,0.44,50.0,155.0,50.0
cfb_20261003_uk_scar,away,1791071125978115249,0.058955329,0.52,0.44,14.0,155.0,14.0
cfb_20261003_uk_scar,away,1791071129087219618,0.002607334,0.53,0.43,5.25,144.0,5.25
cfb_20261003_uk_scar,away,1791071129095340633,0.002769527,0.53,0.43,5.25,144.0,5.25
cfb_20261003_uk_scar,away,1791071129106387311,0.004650799,0.53,0.43,5.25,144.0,5.25
cfb_20261003_uk_scar,away,1791071129116227874,0.005028309,0.53,0.43,1.67,144.0,1.67
cfb_20261003_uk_scar,away,1791071129129542868,0.002547521,0.53,0.43,1.67,144.0,1.67
cfb_20261003_uk_scar,away,1791071129139597656,0.004346618,0.53,0.43,1.67,144.0,1.67
cfb_20261003_uk_scar,away,1791071129148255332,0.004751147,0.53,0.43,1.67,144.0,1.67
cfb_20261003_uk_scar,away,1791071129160066889,0.006532549,0.53,0.43,1.67,144.0,1.67
cfb_20261003_uk_scar,away,1791071129168948925,0.004387054,0.53,0.43,1.67,144.0,1.67
cfb_20261003_uk_scar,away,1791071129179012135,0.003299781,0.53,0.43,1.67,144.0,1.67
cfb_20261003_uk_scar,away,1791071129190086352,0.003282447,0.53,0.43,1.67,144.0,1.67
cfb_20261003_uk_scar,away,1791071129201798821,0.001982571,0.53,0.43,1.67,144.0,1.67
cfb_20261003_uk_scar,away,1791071129266834735,0.123300668,0.53,0.43,9.93,144.0,9.93
cfb_20261003_uk_scar,away,1791071129394716035,0.005978853,0.53,0.43,41.13,144.0,41.13
cfb_20261003_uk_scar,away,1791071129468258015,0.018936775,0.53,0.43,49.0,144.0,49.0
cfb_20261003_uk_scar,away,1791071213431852662,0.633324129,0.73,0.24,46.0,62.0,46.0
cfb_20261003_uk_scar,away,1791071220162170598,0.200696889,0.55,0.33,3174.13,62.0,62.0
cfb_20261003_uk_scar,away,1791071220369763239,0.154438819,0.63,0.33,14.0,62.0,14.0
cfb_20261003_uk_scar,away,1791071221623831529,0.14789867,0.53,0.43,43.24,62.0,43.24
cfb_20261003_uk_scar,away,1791071687837963566,0.307643354,0.43000000000000005,0.53,41.0,5082.0,41.0
cfb_20261003_uk_scar,away,1791071688685649062,0.00139619,0.37,0.58,66.99999999999999,25.0,25.0
cfb_20261003_uk_scar,away,1791071688694432103,0.007630216,0.37,0.59,66.99999999999999,20.0,20.0
cfb_20261003_uk_scar,away,1791071688745556859,0.127701323,0.36,0.59,0.71,666.0,0.71
cfb_20261003_uk_scar,away,1791071688940366700,0.03121802,0.32999999999999996,0.64,42.29,10.0,10.0
cfb_20261003_uk_scar,away,1791071724699552119,0.382163237,0.41000000000000003,0.56,43.83,67.0,43.83
cfb_20261003_uk_scar,away,1791071725139337053,0.035728945,0.35,0.62,38.07,18.0,18.0
cfb_20261003_uk_scar,away,1791071725234530413,0.007393419,0.32999999999999996,0.64,8.0,83.31,8.0
cfb_20261003_uk_scar,away,1791071725316726335,0.74487494,0.28,0.64,374.17,83.31,83.31
cfb_20261003_uk_scar,away,1791072128602799773,0.008019946,0.8,0.08,1.0,219.0,1.0
cfb_20261003_uk_scar,away,1791072128611512857,0.00849294,0.91,0.08,63.0,219.0,63.0
cfb_20261003_uk_scar,away,1791072128644242987,0.283517608,0.91,0.08,2.3,219.0,2.3
cfb_20261003_uk_scar,away,1791072134182486008,2.0720704,0.97,0.02,42.88,5650.0,42.88
cfb_20261003_uk_scar,away,1791072136531989566,0.455724837,0.92,0.07,14.0,115.0,14.0
cfb_20261003_uk_scar,away,1791072136991812837,0.01148861,0.9,0.07,71.0,115.0,71.0
cfb_20261003_uk_scar,away,1791072137011464600,0.369327747,0.9,0.07,1.0,115.0,1.0
cfb_20261003_uk_scar,away,1791072137387916123,0.843803511,0.92,0.07,189.0,115.0,115.0
cfb_20261003_uk_scar,away,1791072138237477732,0.000634638,0.86,0.11,1000.0,10.0,10.0
cfb_20261003_uk_scar,away,1791072138259419421,0.061900581,0.87,0.11,42.3,10.0,10.0
cfb_20261003_uk_scar,away,1791072138489252254,0.114520363,0.8200000000000001,0.16,100.0,10.0,10.0
cfb_20261003_uk_scar,away,1791072138612627407,0.099301687,0.73,0.2,0.01,256.8,0.01
cfb_20261003_uk_scar,away,1791072138942879602,0.107505617,0.77,0.2,42.32,256.8,42.32
cfb_20261003_uk_scar,away,1791072139150878294,0.080362951,0.77,0.2,42.32,256.8,42.32
cfb_20261003_uk_scar,away,1791072139324033574,0.01865769,0.77,0.2,42.32,84.3,42.32
cfb_20261003_uk_scar,away,1791072139366164379,0.007968074,0.77,0.2,42.32,42.35,42.32
cfb_20261003_uk_scar,away,1791072139393240264,0.059243878,0.77,0.2,42.32,51.0,42.32
cfb_20261003_uk_scar,away,1791072140147520794,0.066469475,0.63,0.31,1.0,144.0,1.0
cfb_20261003_uk_scar,away,1791072140258532968,0.078013373,0.65,0.31,3.0,62.0,3.0
cfb_20261003_uk_scar,away,1791072140425979699,0.004516743,0.6799999999999999,0.29,22.0,62.0,22.0
cfb_20261003_uk_scar,away,1791072140445788248,0.009324659,0.6599999999999999,0.29,22.0,62.0,22.0
cfb_20261003_uk_scar,away,1791072140471091372,0.004348862,0.64,0.29,22.0,62.0,22.0
cfb_20261003_uk_scar,away,1791072140490856453,0.012471369,0.62,0.29,22.0,62.0,22.0
cfb_20261003_uk_scar,away,1791072145915425889,0.178401142,0.87,0.11,0.01,659.0,0.01
cfb_20261003_uk_scar,away,1791072146196313430,0.105159275,0.87,0.1,0.01,20.0,0.01
cfb_20261003_uk_scar,away,1791072146338402580,0.000654465,0.87,0.11,480.01,659.0,480.01
cfb_20261003_uk_scar,away,1791072146344490896,0.003341839,0.87,0.11,38.68999999999999,659.0,38.68999999999999
cfb_20261003_uk_scar,away,1791072146374720520,0.124352954,0.87,0.11,1.009999999999991,659.0,1.009999999999991
cfb_20261003_uk_scar,away,1791072146805958090,0.021010301,0.84,0.11,513.92,641.0,513.92
cfb_20261003_uk_scar,away,1791072153440976336,0.215532607,0.96,0.03,400.0,67.0,67.0
cfb_20261003_uk_scar,away,1791072153662675416,0.01938887,0.96,0.03,5.0,27.0,5.0
cfb_20261003_uk_scar,away,1791072153714463961,0.026478999,0.96,0.03,2.34,27.0,2.34
cfb_20261003_uk_scar,away,1791072153778702172,0.029271781,0.96,0.03,10.28,27.0,10.28
cfb_20261003_uk_scar,away,1791072153844524314,0.004208157,0.96,0.03,14.0,27.0,14.0
cfb_20261003_uk_scar,away,1791072154432603755,0.0757692,0.9299999999999999,0.03,11.0,50.0,11.0
cfb_20261003_pur_ill,home,1791060958691111740,4.487381357,0.6,0.36,1858.0,4303.44,1858.0
cfb_20261003_pur_ill,home,1791066234923879485,0.143398147,0.34,0.6,251.87,56.0,56.0
cfb_20261003_pur_ill,home,1791066274067916395,0.30452422,0.3,0.6699999999999999,11.0,56.0,11.0
cfb_20261003_pur_ill,home,1791067149748900972,0.086997393,0.38,0.5900000000000001,96.0,10.0,10.0
cfb_20261003_pur_ill,home,1791067467078429613,0.009697773,0.26,0.71,505.98,144.0,144.0
cfb_20261003_pur_ill,home,1791067467093781502,0.95756307,0.26,0.71,166.0,144.0,144.0
cfb_20261003_pur_ill,home,1791068060801151279,0.668672582,0.19,0.78,238.0,55.0,55.0
cfb_20261003_pur_ill,home,1791068061508662155,0.728814193,0.19,0.79,4573.0,55.0,55.0
cfb_20261003_pur_ill,home,1791068366593615113,1.592078988,0.18,0.8,6.0,64.0,6.0
cfb_20261003_pur_ill,home,1791068371299010214,0.649600572,0.18,0.8,985.28,64.0,64.0
cfb_20261003_pur_ill,home,1791068372088424340,10.42786965,0.16,0.8200000000000001,349.0,181.0,181.0
cfb_20261003_pur_ill,home,1791068493192462413,5.429497141,0.1,0.88,24999.99,903.12,903.12
cfb_20261003_pur_ill,home,1791068794883826081,0.116173919,0.02,0.971,862.0,144.0,144.0
cfb_20261003_pur_ill,away,1791065455432821425,0.619187023,0.69,0.28,855.0,59.0,59.0
cfb_20261003_pur_ill,away,1791065487291182547,0.25629456,0.6699999999999999,0.3,28.63,54.0,28.63
cfb_20261003_pur_ill,away,1791066683163601913,0.134758963,0.73,0.24,213.0,960.0,213.0
cfb_20261003_pur_ill,away,1791067100217190864,0.841731422,0.63,0.34,2632.2,5.07,5.07
cfb_20261003_pur_ill,away,1791067963572988332,1.852699331,0.76,0.2,64.97,56.5,56.5
cfb_20261003_pur_ill,away,1791068101179004107,2.868583712,0.79,0.19,32.78,42697.1,32.78
cfb_20261003_pur_ill,away,1791068104056539732,0.057778218,0.75,0.19,33.4,42697.1,33.4
cfb_20261003_pur_ill,away,1791068104114889722,0.013960074,0.79,0.19,33.4,42697.1,33.4
cfb_20261003_pur_ill,away,1791068104129372618,4.548937834,0.79,0.19,33.4,42697.1,33.4
cfb_20261003_pur_ill,away,1791068108679369185,7.250109179,0.75,0.19,25.610000000000014,42634.2,25.610000000000014
cfb_20261003_pur_ill,away,1791068324927711083,4.708711069,0.77,0.2,162.0,1743.25,162.0
cfb_20261003_aamu_jkst,home,1791072342540807733,0.003482664,0.25,0.72,32.75,5.0,5.0
cfb_20261003_aamu_jkst,home,1791073052678225696,0.057619594,0.21,0.76,581.75,5.0,5.0
cfb_20261003_aamu_jkst,home,1791073301430958973,0.015708323,0.09,0.89,13.84,5.0,5.0
cfb_20261003_aamu_jkst,home,1791074057202367893,0.013639799,0.39,0.56,350.53,327.0,327.0
cfb_20261003_aamu_jkst,home,1791074333231631194,0.203855217,0.61,0.36,0.020000000000004903,10.0,0.020000000000004903
cfb_20261003_aamu_jkst,home,1791075142058722226,0.111220079,0.89,0.08999999999999997,94.0,150.0,94.0
cfb_20261003_aamu_jkst,away,1791073316840959580,0.06501872,0.9,0.08,117.0,300.0,117.0
cfb_20261003_aamu_jkst,away,1791073600927387480,0.161871433,0.91,0.08,12.42,5.0,5.0
cfb_20261003_aamu_jkst,away,1791073601121346165,0.134369448,0.91,0.08,12.39,5.0,5.0
cfb_20261003_aamu_jkst,away,1791073601275163925,0.029144444,0.91,0.08,12.39,5.0,5.0
cfb_20261003_aamu_jkst,away,1791073601373578266,10.238440535,0.91,0.08,12.39,5.0,5.0
cfb_20261003_aamu_jkst,away,1791073611623990467,6.19252309,0.91,0.08,12.43,5.0,5.0
cfb_20261003_aamu_jkst,away,1791073627916352508,1.823111211,0.91,0.08,5.0,5.0,5.0
cfb_20261003_aamu_jkst,away,1791073629751331092,0.011824875,0.91,0.08,12.24,5.0,5.0
cfb_20261003_aamu_jkst,away,1791073630544667562,0.003773535,0.91,0.08,100.0,5.0,5.0
cfb_20261003_aamu_jkst,away,1791073631483120825,0.017927751,0.91,0.08,100.0,5.0,5.0
cfb_20261003_aamu_jkst,away,1791073631501585758,0.148044831,0.91,0.08,12.33,5.0,5.0
cfb_20261003_aamu_jkst,away,1791073631673845069,0.011725978,0.91,0.08,12.33,5.0,5.0
cfb_20261003_aamu_jkst,away,1791073631705052796,0.01719815,0.91,0.08,12.33,5.0,5.0
cfb_20261003_aamu_jkst,away,1791073631740846670,0.16205036,0.91,0.08,12.33,5.0,5.0
cfb_20261003_aamu_jkst,away,1791073631931915410,10.957771753,0.91,0.08,5.0,5.0,5.0
cfb_20261003_aamu_jkst,away,1791073642907951479,15.145405626,0.91,0.08,12.11,5.0,5.0
cfb_20261003_aamu_jkst,away,1791073959673886217,0.087059873,0.8,0.15,3596.93,339.0,339.0
cfb_20261003_aamu_jkst,away,1791073959822718566,0.034329622,0.83,0.15,3.0,155.0,3.0
cfb_20261003_aamu_jkst,away,1791074075789813280,0.030386513,0.41000000000000003,0.55,23.32,5.0,5.0
cfb_20261003_aamu_jkst,away,1791074485624811239,0.486354394,0.37,0.6,5.0,380.0,5.0
cfb_20261003_aamu_jkst,away,1791074486129561650,0.003261467,0.37,0.6,2.01,215.0,2.01
cfb_20261003_aamu_jkst,away,1791075141387607318,0.044769361,0.020000000000000018,0.88,150.0,15.0,15.0
cfb_20261003_aamu_jkst,away,1791075141434157120,0.001102063,0.020000000000000018,0.88,5.04,26.0,5.04
cfb_20261003_aamu_jkst,away,1791075250667974551,0.038364407,0.07999999999999996,0.9,6000.0,10.0,10.0
cfb_20261003_aamu_jkst,away,1791075296352723049,0.719697288,0.040000000000000036,0.95,82.0,5.0,5.0
cfb_20261003_ysu_siu,home,1791069808648599487,0.02469344,0.17,0.81,0.87,10.0,0.87
cfb_20261003_ysu_siu,home,1791069808758608470,7.772863846,0.17,0.81,0.87,10.0,0.87
cfb_20261003_ysu_siu,away,1791068913775326442,0.009285394,0.43999999999999995,0.52,53.63,15.0,15.0
cfb_20261003_ysu_siu,away,1791071330073441535,2.354186154,0.96,0.03,69.7,21.32,21.32
cfb_20261003_camp_nccu,home,1791077097309257245,0.750589143,0.04,0.95,577.0,5.0,5.0
cfb_20261003_camp_nccu,away,1791069255689885707,0.235553949,0.88,0.1,1.53,5.55,1.53
cfb_20261003_camp_nccu,away,1791070267493128521,0.008404837,0.88,0.1,1.13,20.0,1.13
cfb_20261003_camp_nccu,away,1791070267521308551,0.005085619,0.88,0.1,1.13,20.0,1.13
cfb_20261003_camp_nccu,away,1791070267530479057,0.01478187,0.88,0.1,1.13,20.0,1.13
cfb_20261003_camp_nccu,away,1791070267644802524,0.003114294,0.88,0.1,1.13,20.0,1.13
cfb_20261003_camp_nccu,away,1791070267704352413,0.011040201,0.88,0.1,1.13,20.0,1.13
cfb_20261003_camp_nccu,away,1791070267737363041,0.007917063,0.88,0.1,1.13,20.0,1.13
cfb_20261003_camp_nccu,away,1791070268712018530,0.025321099,0.88,0.1,1.13,20.0,1.13
cfb_20261003_camp_nccu,away,1791070270959115628,0.557244023,0.88,0.1,1.13,20.0,1.13
cfb_20261003_camp_nccu,away,1791070273613619593,0.212676721,0.88,0.1,16.0,20.0,16.0
cfb_20261003_camp_nccu,away,1791076470800239155,0.045813855,0.76,0.19,708.24,40.0,40.0
cfb_20261003_iw_sfa,home,1791066733771000816,0.210773837,0.83,0.15000000000000002,44.34,15.33,15.33
cfb_20261003_iw_sfa,home,1791066733983807462,0.074557539,0.83,0.15000000000000002,25.0,15.33,15.33
cfb_20261003_iw_sfa,home,1791069593173490729,0.225764037,0.77,0.19999999999999996,10.0,0.25,0.25
cfb_20261003_iw_sfa,home,1791075924710696201,0.028329799,0.91,0.07999999999999996,13.03,5.0,5.0
cfb_20261003_iw_sfa,home,1791075924748274152,0.00352289,0.91,0.07999999999999996,13.03,5.0,5.0
cfb_20261003_iw_sfa,home,1791075924758499826,0.177967421,0.91,0.07999999999999996,13.03,5.0,5.0
cfb_20261003_iw_sfa,home,1791075926274610913,0.205311526,0.91,0.07999999999999996,13.03,5.0,5.0
cfb_20261003_iw_sfa,home,1791075928286001317,0.549347951,0.91,0.07999999999999996,13.03,5.0,5.0
cfb_20261003_iw_sfa,home,1791075928840284670,0.020774745,0.91,0.07999999999999996,13.03,5.0,5.0
cfb_20261003_iw_sfa,home,1791075929049191146,66.010324948,0.91,0.07999999999999996,13.03,5.0,5.0
cfb_20261003_iw_sfa,home,1791077578903380629,7.151672298,0.93,0.06000000000000005,5.0,5.0,5.0
cfb_20261003_iw_sfa,home,1791077680771597193,0.007208754,0.81,0.17000000000000004,7.21,10.0,7.21
cfb_20261003_iw_sfa,home,1791077680792677291,0.007510881,0.81,0.17000000000000004,7.21,10.0,7.21
cfb_20261003_iw_sfa,home,1791077709058636845,0.181663445,0.88,0.06999999999999995,4.0,69.0,4.0
cfb_20261003_iw_sfa,away,1791076416619540171,0.214574482,0.21999999999999997,0.75,10.0,257.33,10.0
cfb_20261003_iw_sfa,away,1791077774217047071,0.010652344,0.040000000000000036,0.95,100.0,5.0,5.0
cfb_20261003_iw_sfa,away,1791077774283579135,0.189223023,0.040000000000000036,0.95,0.01,5.0,0.01
cfb_20261003_iw_sfa,away,1791077793196706527,0.392116936,0.050000000000000044,0.94,18.47,277.0,18.47
cfb_20261003_webb_chso,home,1791076771070859107,0.984643587,0.03,0.96,91.0,160.0,91.0
cfb_20261003_webb_chso,home,1791076773411680606,0.646261003,0.02,0.97,600.0,5.0,5.0
cfb_20261003_webb_chso,away,1791075449157672635,0.247917233,0.44999999999999996,0.49,2728.22,5.0,5.0
cfb_20261003_orst_csu,home,1791066172766488221,0.012447615,0.19,0.79,200.0,18107.5,200.0
cfb_20261003_orst_csu,home,1791066172794923616,2.271053418,0.19,0.79,57.0,18107.5,57.0
cfb_20261003_orst_csu,home,1791066360894691848,0.011078694,0.17,0.81,120.0,8.06,8.06
cfb_20261003_orst_csu,home,1791066360909653070,0.292678905,0.17,0.81,492.0,16.0,16.0
cfb_20261003_orst_csu,home,1791067104604674417,0.392663408,0.13,0.85,46.44,10.0,10.0
cfb_20261003_orst_csu,home,1791068474069354563,0.737243681,0.33,0.64,8999.9,10.0,10.0
cfb_20261003_orst_csu,home,1791068527649276103,0.705541842,0.29,0.6799999999999999,150.0,10.0,10.0
cfb_20261003_orst_csu,home,1791070431044347264,1.02134984,0.04,0.95,647.59,2.88,2.88
cfb_20261003_orst_csu,away,1791068080646726566,0.023100981,0.65,0.3,70.98,305.0,70.98
cfb_20261003_orst_csu,away,1791068081180502827,4.778850988,0.6599999999999999,0.3,28.0,305.0,28.0
cfb_20261003_orst_csu,away,1791069246439334373,4.760136849,0.85,0.13,99.99999999999989,10.0,10.0
cfb_20261003_tntc_wcu,home,1791070188633622753,0.201348274,0.52,0.43999999999999995,10.0,10.0,10.0
cfb_20261003_tntc_wcu,home,1791070189358882106,3.503769523,0.52,0.43999999999999995,12.57,10.0,10.0
cfb_20261003_tntc_wcu,away,1791076283059879305,0.089573292,0.25,0.72,2.01,10.0,2.01
cfb_20261003_tntc_wcu,away,1791077574112410299,0.944700025,0.030000000000000027,0.96,1300.0,5.0,5.0
cfb_20261003_ncat_bry,home,1791066943354424461,2.410664839,0.51,0.44999999999999996,10.0,10.0,10.0
cfb_20261003_ncat_bry,home,1791069889361179382,0.536458268,0.4,0.5700000000000001,10.0,5.0,5.0
cfb_20261003_ncat_bry,away,1791068073971544890,1.339349943,0.5,0.46,3.7,5.0,3.7
cfb_20261003_ncat_bry,away,1791068075364870111,0.09943307,0.47,0.49,7.0,5.0,5.0
cfb_20261003_ncat_bry,away,1791073991057080765,0.267981238,0.88,0.1,10.0,44.0,10.0
cfb_20261003_ncat_bry,away,1791073991358953049,0.696916204,0.88,0.1,10.0,44.0,10.0
cfb_20261003_ncat_bry,away,1791074523326433644,5.929271895,0.91,0.08,313.02,5.0,5.0
cfb_20261003_ncat_bry,away,1791074530083836307,2.969414333,0.91,0.08,11.87,5.0,5.0
cfb_20261003_ncat_bry,away,1791074861814802111,1.926703954,0.92,0.07,5.0,5.0,5.0
cfb_20261003_una_eky,home,1791067998963481734,0.018612206,0.61,0.36,45.12,415.0,45.12
cfb_20261003_una_eky,home,1791067999213704874,0.20650391,0.62,0.35,91.94999999999999,149.0,91.94999999999999
cfb_20261003_una_eky,home,1791071695171769702,0.032270066,0.8,0.18000000000000005,69.0,115.2,69.0
cfb_20261003_una_eky,home,1791071879593546676,0.91078295,0.67,0.30000000000000004,1793.0,115.2,115.2
cfb_20261003_una_eky,home,1791073368698390148,0.354243514,0.66,0.31000000000000005,13.09,5.0,5.0
cfb_20261003_una_eky,home,1791073862877298448,0.076631181,0.37,0.6,56.14,144.0,56.14
cfb_20261003_una_eky,home,1791075223081559553,0.541609394,0.41,0.56,29.0,5.0,5.0
cfb_20261003_una_eky,home,1791075505229369341,0.005374639,0.42,0.54,1.04,318.0,1.04
cfb_20261003_una_eky,home,1791075505459993592,0.022769953,0.42,0.54,1.04,318.0,1.04
cfb_20261003_una_eky,home,1791075505737198926,0.007755471,0.42,0.54,1.04,318.0,1.04
cfb_20261003_una_eky,home,1791075505765779041,0.032720155,0.42,0.54,1.04,318.0,1.04
cfb_20261003_una_eky,home,1791075505906618430,0.01146069,0.42,0.54,1.04,318.0,1.04
cfb_20261003_una_eky,home,1791075505921695579,0.036413141,0.42,0.54,56.0,318.0,56.0
cfb_20261003_una_eky,home,1791075506010171722,0.01435448,0.42,0.54,0.49,318.0,0.49
cfb_20261003_una_eky,home,1791075506039016050,0.007431172,0.42,0.54,0.49,318.0,0.49
cfb_20261003_una_eky,home,1791075506096726438,0.040105604,0.42,0.54,0.49,318.0,0.49
cfb_20261003_una_eky,home,1791075506196050053,0.009544583,0.42,0.54,0.49,318.0,0.49
cfb_20261003_una_eky,home,1791075506207820674,0.008799171,0.42,0.54,55.0,318.0,55.0
cfb_20261003_una_eky,home,1791075506227100081,0.00777739,0.42,0.54,45.0,318.0,45.0
cfb_20261003_una_eky,home,1791076046186136011,0.528775097,0.16,0.81,25.55,5.0,5.0
cfb_20261003_una_eky,home,1791076046736672336,0.069621814,0.15,0.83,47.0,52.74,47.0
cfb_20261003_una_eky,home,1791076046832225032,0.013592949,0.15,0.8200000000000001,383.0,137.9,137.9
cfb_20261003_una_eky,home,1791076046927641739,0.048439064,0.15,0.83,383.0,144.0,144.0
cfb_20261003_una_eky,home,1791076047008940733,0.115699273,0.15,0.8200000000000001,393.0,46.64,46.64
cfb_20261003_una_eky,home,1791076269060093526,1.017057694,0.18,0.79,23.28,1561.0,23.28
cfb_20261003_una_eky,home,1791076582420473557,0.024599542,0.15,0.83,24.58,19.64,19.64
cfb_20261003_una_eky,home,1791076587124283292,0.133727502,0.12,0.86,25.0,34.0,25.0
cfb_20261003_una_eky,home,1791076587656710079,0.066799002,0.06,0.92,23.26,149.0,23.26
cfb_20261003_una_eky,home,1791076906387500185,0.664568322,0.05,0.94,183.8,149.0,149.0
cfb_20261003_una_eky,home,1791076917857964088,0.195756525,0.04,0.95,1472.04,5.0,5.0
cfb_20261003_una_eky,away,1791067028744910639,2.568336872,0.49,0.47,927.3,144.0,144.0
cfb_20261003_una_eky,away,1791068646112901418,0.024773922,0.26,0.71,37.0,10.0,10.0
cfb_20261003_una_eky,away,1791072398338734651,0.768964737,0.31000000000000005,0.66,10.0,47.15,10.0
cfb_20261003_una_eky,away,1791073311146295432,0.009099628,0.26,0.68,498.08,599.0,498.08
cfb_20261003_una_eky,away,1791073311166948469,4.11592913,0.25,0.68,25.0,599.0,25.0
cfb_20261003_una_eky,away,1791073315287040673,0.406029945,0.25,0.7,1033.98,144.0,144.0
cfb_20261003_una_eky,away,1791074826990749608,1.061030862,0.48,0.47,50.44,10.0,10.0
cfb_20261003_una_eky,away,1791075224895366333,0.15881838,0.5,0.43,118.56,144.0,118.56
cfb_20261003_una_eky,away,1791075406087375727,0.083424901,0.47,0.48,99.54,144.0,99.54
cfb_20261003_una_eky,away,1791076285036909306,0.019650662,0.76,0.21,6.0,49.0,6.0
cfb_20261003_una_eky,away,1791076702717282215,0.006855515,0.9299999999999999,0.06,27.43,5.0,5.0
cfb_20261003_una_eky,away,1791076702970065539,0.038407429,0.9299999999999999,0.06,27.43,5.0,5.0
cfb_20261003_gaso_ccar,home,1791071755792074608,1.281739189,0.18,0.8,180.0,41777.5,180.0
cfb_20261003_gaso_ccar,home,1791072516278494425,0.016085934,0.19,0.78,38.41,144.0,38.41
cfb_20261003_gaso_ccar,home,1791072516307864840,0.066230725,0.19,0.78,1.0,144.0,1.0
cfb_20261003_gaso_ccar,home,1791072516413405992,0.444256029,0.19,0.79,26.55,100.0,26.55
cfb_20261003_gaso_ccar,home,1791072516898835050,0.006557715,0.14,0.8200000000000001,1905.0,144.0,144.0
cfb_20261003_gaso_ccar,home,1791072516942416960,0.061398076,0.14,0.84,1905.0,10.0,10.0
cfb_20261003_gaso_ccar,home,1791073868243008720,1.973966055,0.14,0.84,30.0,4.0,4.0
cfb_20261003_gaso_ccar,home,1791073870258988686,0.02952308,0.1,0.87,242.19,300.0,242.19
cfb_20261003_gaso_ccar,home,1791077474205647683,0.083339947,0.37,0.6,42.52,144.0,42.52
cfb_20261003_gaso_ccar,home,1791077474307285292,0.044085287,0.35,0.62,1007.0,66.01,66.01
cfb_20261003_gaso_ccar,home,1791077868710676377,0.341641305,0.32,0.65,144.0,4.27,4.27
cfb_20261003_gaso_ccar,home,1791077912448525355,0.091544717,0.23,0.74,58.93,144.0,58.93
cfb_20261003_gaso_ccar,home,1791078260356264284,0.005835917,0.18,0.79,543.57,144.0,144.0
cfb_20261003_gaso_ccar,home,1791078513976130507,0.108423969,0.07,0.92,31.0,32.5,31.0
cfb_20261003_gaso_ccar,home,1791078632345809208,0.297078666,0.04,0.95,181.99,406.0,181.99
cfb_20261003_gaso_ccar,away,1791073197018201748,1.034750286,0.9299999999999999,0.06,23478.4,23.92,23.92
cfb_20261003_gaso_ccar,away,1791074104655592399,0.03223042,0.87,0.1,27.0,10.0,10.0
cfb_20261003_gaso_ccar,away,1791074104875915644,0.075908733,0.84,0.14,28.0,10.0,10.0
cfb_20261003_gaso_ccar,away,1791076817915054808,0.143282529,0.71,0.26,549.0,449.0,449.0
cfb_20261003_gaso_ccar,away,1791077089361038072,0.700281416,0.5700000000000001,0.38,44.99,149.0,44.99
cfb_20261003_ark_txam,home,1791072808546063916,0.024006722,0.87,0.10999999999999999,0.01,5.0,0.01
cfb_20261003_ark_txam,home,1791072851062039141,10.041846993,0.93,0.062000000000000055,0.01999999999998181,62.0,0.01999999999998181
cfb_20261003_ark_txam,away,1791071710055716871,0.101915391,0.09999999999999998,0.888,6777.970000000001,3749.0,3749.0
cfb_20261003_ark_txam,away,1791072376425504284,1.472096279,0.06000000000000005,0.93,67368.06999999999,1000.0,1000.0
cfb_20261003_ark_txam,away,1791072379061358081,6.275057565,0.06000000000000005,0.93,67055.33,14.29,14.29
cfb_20261003_ark_txam,away,1791072445479581874,0.922490906,0.06999999999999995,0.92,89774.95,6.0,6.0
cfb_20261003_ark_txam,away,1791072618211615309,0.014098577,0.050000000000000044,0.937,308.18,10.0,10.0
cfb_20261003_ark_txam,away,1791072812816755860,0.234857006,0.07999999999999996,0.909,17493.0,62.0,62.0
cfb_20261003_ark_txam,away,1791072913133425387,0.304549304,0.050000000000000044,0.942,987.74,62.0,62.0
cfb_20261003_ark_txam,away,1791072950923041771,0.179912609,0.040000000000000036,0.953,487.15,86.0,86.0
cfb_20261003_utsa_rice,home,1791071410726515901,0.014116693,0.12,0.86,126.72,15.0,15.0
cfb_20261003_utsa_rice,home,1791071410762573231,0.006018449,0.12,0.86,1.05,15.0,1.05
cfb_20261003_utsa_rice,home,1791072586528275887,0.564824581,0.07,0.92,915.0,18450.0,915.0
cfb_20261003_utsa_rice,home,1791072587801203041,2.339623184,0.07,0.92,11866.76,18000.0,11866.76
cfb_20261003_utsa_rice,home,1791073391453444342,1.68422828,0.07,0.92,791.71,18000.0,791.71
cfb_20261003_utsa_rice,home,1791075487205788422,0.014646834,0.06,0.92,115.31,5.0,5.0
cfb_20261003_utsa_rice,home,1791076124821172869,0.027616863,0.06,0.9299999999999999,85.0,5.0,5.0
cfb_20261003_utsa_rice,home,1791077572517286827,0.349618871,0.13,0.85,72.84,62.0,62.0
cfb_20261003_utsa_rice,home,1791077880214159887,5.155450855,0.22,0.74,99.42,136.11,99.42
cfb_20261003_utsa_rice,home,1791077942222599593,0.021193775,0.17,0.81,147.9,20.0,20.0
cfb_20261003_utsa_rice,home,1791078981878102955,0.090665159,0.32,0.65,209.91,56.47,56.47
cfb_20261003_utsa_rice,home,1791079344695471571,0.357369776,0.09,0.89,163.0,44.0,44.0
cfb_20261003_utsa_rice,home,1791079789269302887,0.015492143,0.16,0.8200000000000001,2559.58,5.0,5.0
cfb_20261003_utsa_rice,home,1791079911290586944,0.04732948,0.17,0.8,201.16,255.0,201.16
cfb_20261003_utsa_rice,home,1791079911338491399,0.070539241,0.17,0.8,1.56,255.0,1.56
cfb_20261003_utsa_rice,home,1791079938285797102,0.773409007,0.11,0.84,492.92,41.0,41.0
cfb_20261003_utsa_rice,home,1791079955468970346,0.60648499,0.06,0.83,339.01,34.79,34.79
cfb_20261003_utsa_rice,home,1791080085464608379,0.595823674,0.05,0.94,10.0,34.0,10.0
cfb_20261003_utsa_rice,away,1791071792732467330,0.04975989,0.84,0.14,23.76,10.0,10.0
cfb_20261003_utsa_rice,away,1791076780015568202,0.33667308,0.87,0.11,87.86,162.0,87.86
cfb_20261003_utsa_rice,away,1791076928659467314,0.0628459,0.84,0.13,218.25,144.0,144.0
cfb_20261003_utsa_rice,away,1791078443393279452,0.068237962,0.8,0.18,147.26,144.0,144.0
cfb_20261003_utsa_rice,away,1791078670282731332,0.094401536,0.81,0.17,53.38,144.0,53.38
cfb_20261003_utsa_rice,away,1791079703201750538,0.85140972,0.92,0.07,24.27,36.0,24.27
cfb_20261003_utsa_rice,away,1791079719320537257,2.190062983,0.86,0.12,22.42,110.0,22.42
cfb_20261003_utsa_rice,away,1791079950769089696,0.12696848,0.85,0.13,8.0,36.0,8.0
cfb_20261003_utrgv_etam,home,1791078563724690323,0.144074986,0.65,0.31999999999999995,63.0,2950.0,63.0
cfb_20261003_utrgv_etam,home,1791078564082662357,0.041801881,0.63,0.26,60.0,100.0,60.0
cfb_20261003_utrgv_etam,home,1791078715333651603,0.14119038,0.62,0.35,2237.59,5.0,5.0
cfb_20261003_utrgv_etam,home,1791079067618239063,0.0922347,0.4,0.54,1721.89,10.0,10.0
cfb_20261003_utrgv_etam,away,1791078566059837146,0.999536874,0.33999999999999997,0.5,4.670000000000002,45.84,4.670000000000002
cfb_20261003_utrgv_etam,away,1791080238562060898,0.06477199,0.06999999999999995,0.92,109.95,5.0,5.0
cfb_20261003_utrgv_etam,away,1791080240594619385,0.463791865,0.010000000000000009,0.95,2394.91,5.0,5.0
cfb_20261003_sdst_ilst,home,1791077964721581043,0.333589452,0.02,0.97,600.0,5.0,5.0
cfb_20261003_colg_harv,home,1791072338233438940,4.172880871,0.67,0.30000000000000004,35.0,13.0,13.0
cfb_20261003_colg_harv,home,1791079432025910106,0.560566719,0.69,0.27,36.04,15.0,15.0
cfb_20261003_colg_harv,home,1791079552461751679,0.207205744,0.73,0.24,15.53,36.0,15.53
cfb_20261003_colg_harv,home,1791079554177601331,0.00217689,0.66,0.31000000000000005,23.6,36.0,23.6
cfb_20261003_colg_harv,home,1791079668724708302,0.344729315,0.62,0.35,32.77,30.0,30.0
cfb_20261003_colg_harv,home,1791079677072677599,0.015876144,0.38,0.5900000000000001,34.0,30.0,30.0
cfb_20261003_colg_harv,home,1791079677089220845,0.006168577,0.38,0.5900000000000001,10.0,30.0,10.0
cfb_20261003_colg_harv,home,1791079677110299291,0.026797799,0.38,0.5900000000000001,2.07,30.0,2.07
cfb_20261003_colg_harv,home,1791079677154678333,0.273448888,0.37,0.5900000000000001,34.0,30.0,30.0
cfb_20261003_colg_harv,home,1791079677446822712,0.336953736,0.36,0.5900000000000001,274.99,30.0,30.0
cfb_20261003_colg_harv,home,1791079679018828280,0.03566024,0.27,0.69,40.0,30.0,30.0
cfb_20261003_colg_harv,home,1791079679138506893,0.364125573,0.25,0.69,320.0,30.0,30.0
cfb_20261003_colg_harv,home,1791079683779835717,0.270531786,0.13,0.84,51.0,30.0,30.0
cfb_20261003_colg_harv,home,1791079744015110915,0.071546213,0.05,0.94,30.76,30.0,30.0
cfb_20261003_colg_harv,home,1791079744093397174,0.024497782,0.05,0.94,30.85,30.0,30.0
cfb_20261003_colg_harv,home,1791079744122281039,0.107195648,0.05,0.94,30.85,30.0,30.0
cfb_20261003_colg_harv,home,1791079946337903658,0.206759098,0.08,0.9,27.33,5.0,5.0
cfb_20261003_colg_harv,home,1791080003956816577,0.111362508,0.11,0.71,75.52,44.0,44.0
cfb_20261003_colg_harv,home,1791080210052185506,0.071070685,0.08,0.9,300.0,1927.0,300.0
cfb_20261003_colg_harv,home,1791080211655953275,0.104750889,0.09,0.89,0.01,62.0,0.01
cfb_20261003_colg_harv,home,1791080211828948643,0.052526253,0.09,0.89,9.01,62.0,9.01
cfb_20261003_colg_harv,home,1791080288608393492,0.457160188,0.05,0.94,673.95,62.0,62.0
cfb_20261003_colg_harv,home,1791080292128897106,0.922981097,0.04,0.95,108.36,5.0,5.0
cfb_20261003_colg_harv,home,1791080352192006713,0.003953544,0.09,0.89,36.89,62.0,36.89
cfb_20261003_colg_harv,home,1791080352209247683,0.031727855,0.09,0.89,100.0,62.0,62.0
cfb_20261003_colg_harv,home,1791080352308414184,0.03591393,0.09,0.89,100.0,62.0,62.0
cfb_20261003_colg_harv,home,1791080352350435687,0.005571631,0.09,0.89,36.89,62.0,36.89
cfb_20261003_colg_harv,home,1791080352409218318,0.070196817,0.09,0.89,100.0,62.0,62.0
cfb_20261003_colg_harv,home,1791080371208757180,0.020115285,0.91,0.07999999999999996,30.0,144.0,30.0
cfb_20261003_colg_harv,home,1791080371238533208,0.005239952,0.91,0.07999999999999996,5.0,144.0,5.0
cfb_20261003_colg_harv,home,1791080371707160195,1.383388895,0.93,0.06000000000000005,7.42,62.0,7.42
cfb_20261003_colg_harv,home,1791080374133375411,0.007948907,0.84,0.14,101.36,167.0,101.36
cfb_20261003_colg_harv,home,1791080376797974427,0.256598066,0.92,0.06999999999999995,111.0,6.0,6.0
cfb_20261003_colg_harv,home,1791080409654977107,0.012173056,0.89,0.07999999999999996,10.73,67.0,10.73
cfb_20261003_colg_harv,home,1791080409705544333,0.023235796,0.89,0.07999999999999996,4.13,67.0,4.13
cfb_20261003_colg_harv,away,1791078345199653623,0.251758741,0.37,0.6,17.0,5.0,5.0
cfb_20261003_colg_harv,away,1791078349314413821,0.005775814,0.26,0.71,22.0,5.0,5.0
cfb_20261003_colg_harv,away,1791078349323761583,0.031974656,0.26,0.71,22.0,5.0,5.0
cfb_20261003_colg_harv,away,1791078643774367387,0.059801561,0.18000000000000005,0.8,158.0,30.0,30.0
cfb_20261003_colg_harv,away,1791079465305644593,0.327260417,0.31999999999999995,0.65,125.77,36.0,36.0
cfb_20261003_colg_harv,away,1791079508984987584,0.002249479,0.26,0.71,91.79,36.0,36.0
cfb_20261003_colg_harv,away,1791079508991788745,0.060766063,0.26,0.7,475.79,36.0,36.0
cfb_20261003_colg_harv,away,1791079577132119919,0.322625361,0.49,0.45,176.47,30.0,30.0
cfb_20261003_colg_harv,away,1791079621591615097,0.089876349,0.37,0.6,149.04,5.0,5.0
cfb_20261003_colg_harv,away,1791079742992836800,0.018571079,0.92,0.07,1398.72,30.0,30.0
cfb_20261003_colg_harv,away,1791079867658810081,42.509125234,0.91,0.08,5.0,5.0,5.0
cfb_20261003_colg_harv,away,1791079913282279295,0.77401176,0.91,0.08,331.0,5.0,5.0
cfb_20261003_colg_harv,away,1791080029664810340,1.060194669,0.91,0.08,14281.48,10.0,10.0
cfb_20261003_colg_harv,away,1791080116842896599,0.12885801,0.8,0.14,24.73,5.0,5.0
cfb_20261003_colg_harv,away,1791080139000356924,1.055311569,0.91,0.08,356.74,50.0,50.0
cfb_20261003_colg_harv,away,1791080365310073399,0.742347181,0.87,0.11,300.0,85.0,85.0
cfb_20261003_colg_harv,away,1791080368231119083,0.82192012,0.7,0.22,2839.29,41.0,41.0
cfb_20261003_colg_harv,away,1791080369648153745,0.017418966,0.65,0.32,10.0,149.0,10.0
cfb_20261003_colg_harv,away,1791080369675370984,1.423324697,0.54,0.35,143.88,133.0,133.0
cfb_20261003_colg_harv,away,1791080374021131074,0.123827898,0.050000000000000044,0.9,114.0,25.0,25.0
cfb_20261003_colg_harv,away,1791080374161471937,0.027877112,0.050000000000000044,0.9,3.3,12.6,3.3
cfb_20261003_colg_harv,away,1791080374225966833,0.037118146,0.09999999999999998,0.87,38.76,88.0,38.76
cfb_20261003_colg_harv,away,1791080374436114454,0.22667073,0.06000000000000005,0.89,0.01,112.0,0.01
cfb_20261003_colg_harv,away,1791080374674730104,0.011888593,0.08999999999999997,0.89,37.76,62.0,37.76
cfb_20261003_colg_harv,away,1791080375167388000,0.024311133,0.06000000000000005,0.91,249.0,25.0,25.0
cfb_20261003_colg_harv,away,1791080382235016698,0.289459518,0.07999999999999996,0.89,5265.84,62.0,62.0
cfb_20261003_colg_harv,away,1791080382799173550,0.026130719,0.06000000000000005,0.93,5.0,5.0,5.0
cfb_20261003_colg_harv,away,1791080382839221856,0.368213033,0.06000000000000005,0.93,38.41,67.0,38.41
cfb_20261003_colg_harv,away,1791080388441696550,0.03518872,0.040000000000000036,0.95,39.66,5.0,5.0
cfb_20261003_colg_harv,away,1791080388494852375,0.357473648,0.040000000000000036,0.95,39.66,5.0,5.0
cfb_20261003_colg_harv,away,1791080388857643033,0.19647354,0.040000000000000036,0.95,39.66,5.0,5.0
cfb_20261003_colg_harv,away,1791080410464313813,0.568838483,0.06999999999999995,0.92,41.02,62.0,41.02
cfb_20261003_colg_harv,away,1791080411070830385,0.200662582,0.06000000000000005,0.93,7.0,62.0,7.0
cfb_20261003_colg_harv,away,1791080411604538831,0.041079731,0.06000000000000005,0.93,23.97,62.0,23.97
cfb_20261003_colg_harv,away,1791080411656561468,0.28069163,0.06000000000000005,0.93,1.0,62.0,1.0
cfb_20261003_colg_harv,away,1791080412159008303,0.894057892,0.06999999999999995,0.92,94.01000000000002,71.0,71.0
cfb_20261003_colg_harv,away,1791080415331540765,0.038750181,0.06999999999999995,0.92,0.01,71.0,0.01
cfb_20261003_colg_harv,away,1791080415667637256,0.527904315,0.06999999999999995,0.92,0.01,71.0,0.01
cfb_20261003_colg_harv,away,1791080425512030651,0.324868532,0.06999999999999995,0.91,2930.33,62.0,62.0
cfb_20261003_colg_harv,away,1791080435425623087,0.633895936,0.06999999999999995,0.92,4288.0,71.0,71.0
cfb_20261003_colg_harv,away,1791080462347202541,0.219769571,0.030000000000000027,0.95,39.3,5.0,5.0
cfb_20261003_arpb_sou,home,1791069889001234169,0.149760248,0.62,0.35,2.81,149.0,2.81
cfb_20261003_arpb_sou,home,1791069889151560890,0.367730533,0.62,0.35,3.48,149.0,3.48
cfb_20261003_arpb_sou,home,1791069889750488863,21.572758694,0.62,0.35,68.8,149.0,68.8
cfb_20261003_arpb_sou,home,1791077717347034125,1.711581798,0.02,0.95,950.0,5.0,5.0
cfb_20261003_nich_hcu,away,1791077610526249435,0.526245504,0.040000000000000036,0.95,100.0,4.68,4.68
cfb_20261003_ulm_usa,home,1791072226761308503,0.93587951,0.93,0.06000000000000005,95.0,10.0,10.0
cfb_20261003_ulm_usa,home,1791072227708800444,0.010908919,0.93,0.06000000000000005,17.28,10.0,10.0
cfb_20261003_ulm_usa,home,1791072227720306669,0.018916256,0.93,0.06000000000000005,21.0,10.0,10.0
cfb_20261003_ulm_usa,home,1791072552136308918,0.284023162,0.92,0.06699999999999995,95.0,67.0,67.0
cfb_20261003_ulm_usa,home,1791072594765299563,0.299235561,0.91,0.07799999999999996,90.96,262.0,90.96
cfb_20261003_ulm_usa,home,1791073440398070360,0.683955739,0.92,0.04800000000000004,75.38,150.0,75.38
cfb_20261003_ulm_usa,away,1791072711829587042,0.030789527,0.07999999999999996,0.909,11.82,110.0,11.82
cfb_20261003_ulm_usa,away,1791073315135488254,3.607156222,0.040000000000000036,0.949,53.0,5.0,5.0
cfb_20261003_ulm_usa,away,1791075307403304739,0.018163175,0.020000000000000018,0.97,456.52,1.43,1.43
cfb_20261003_ulm_usa,away,1791075307429596750,27.954996304,0.020000000000000018,0.97,95.0,1.43,1.43
cfb_20261003_ulm_usa,away,1791075335700522373,0.326722698,0.020000000000000018,0.97,15.69,1.43,1.43
cfb_20261003_ulm_usa,away,1791075352883728793,0.017756093,0.020000000000000018,0.97,935.48,1.43,1.43
cfb_20261003_ulm_usa,away,1791075352909021422,0.090978578,0.020000000000000018,0.97,95.0,1.43,1.43
cfb_20261003_byu_tcu,home,1791075775182609464,0.425512755,0.32,0.64,1474.99,62.0,62.0
cfb_20261003_byu_tcu,home,1791076983031833917,1.286232138,0.37,0.6,938.06,71.0,71.0
cfb_20261003_byu_tcu,home,1791077359142516214,0.28318281,0.29,0.6799999999999999,1029.0,62.0,62.0
cfb_20261003_byu_tcu,home,1791077534222466666,0.332064117,0.34,0.61,618.73,62.0,62.0
cfb_20261003_byu_tcu,home,1791077932700319695,0.355790889,0.39,0.5800000000000001,18594.04,93.0,93.0
cfb_20261003_byu_tcu,home,1791077970833272710,0.023021,0.27,0.7,26.91,80.0,26.91
cfb_20261003_byu_tcu,home,1791077970903053885,0.163462665,0.27,0.7,26.91,80.0,26.91
cfb_20261003_byu_tcu,home,1791078314313108514,0.741147265,0.17,0.81,30.59,6.0,6.0
cfb_20261003_byu_tcu,home,1791078478476588386,0.004403798,0.08,0.9,100.0,195.0,100.0
cfb_20261003_byu_tcu,home,1791078486782040923,0.002781485,0.07,0.92,32.55,362.0,32.55
cfb_20261003_byu_tcu,home,1791078486813846937,11.483287649,0.07,0.92,32.55,362.0,32.55
cfb_20261003_byu_tcu,home,1791078526127693866,0.930143436,0.06,0.9299999999999999,729.3400000000001,47.0,47.0
cfb_20261003_byu_tcu,home,1791078574410752242,0.651915086,0.04,0.95,4326.26,5.0,5.0
cfb_20261003_byu_tcu,away,1791072450102574069,5.263981914,0.8,0.18,77518.41,144.0,144.0
cfb_20261003_byu_tcu,away,1791073443230481997,0.190248346,0.63,0.34,21.05,94.0,21.05
cfb_20261003_byu_tcu,away,1791075598610509568,0.195318752,0.7,0.27,14.0,62.0,14.0
cfb_20261003_byu_tcu,away,1791075598839310028,0.00064401,0.7,0.27,5.0,62.0,5.0
cfb_20261003_byu_tcu,away,1791078528729063254,0.32242453,0.92,0.07,1425.62,71.0,71.0
cfb_20261003_tem_usf,home,1791072385361292261,0.754500556,0.63,0.33999999999999997,78.0,9090.9,78.0
cfb_20261003_tem_usf,home,1791077933580697680,0.029040852,0.5,0.45999999999999996,208.88,5.0,5.0
cfb_20261003_tem_usf,home,1791077933612169182,0.017008459,0.49,0.47,50.84,69.0,50.84
cfb_20261003_tem_usf,home,1791077933636810352,0.037951328,0.49,0.47,40.81,20.0,20.0
cfb_20261003_tem_usf,home,1791077933704986087,1.350291011,0.49,0.47,664.14,5.0,5.0
cfb_20261003_tem_usf,home,1791078113341180366,0.709110104,0.61,0.36,12500.0,59.0,59.0
cfb_20261003_tem_usf,home,1791079254010647016,1.046156211,0.79,0.18000000000000005,6312.0,25.0,25.0
cfb_20261003_tem_usf,home,1791080537441968525,0.631151305,0.58,0.39,20.93,12.0,12.0
cfb_20261003_tem_usf,home,1791080744636389542,0.377899173,0.38,0.5900000000000001,3.0,10.0,3.0
cfb_20261003_tem_usf,home,1791080745164687991,0.892895724,0.37,0.5900000000000001,311.0,10.0,10.0
cfb_20261003_tem_usf,home,1791081055539535808,0.054680667,0.07,0.91,28.9,12.0,12.0
cfb_20261003_tem_usf,home,1791081056285552030,0.311888485,0.05,0.94,10.0,12.0,10.0
cfb_20261003_tem_usf,home,1791081057489492921,0.02120556,0.04,0.95,28.95,11.0,11.0
cfb_20261003_tem_usf,home,1791081057891246674,0.05045729,0.04,0.95,28.95,11.0,11.0
cfb_20261003_tem_usf,home,1791081057948549565,0.005341803,0.04,0.95,28.95,11.0,11.0
cfb_20261003_tem_usf,home,1791081057958285822,0.013031011,0.04,0.95,28.95,11.0,11.0
cfb_20261003_tem_usf,home,1791081405404427615,0.345956161,0.05,0.9410000000000001,10291.1,80.0,80.0
cfb_20261003_tem_usf,home,1791081449679732501,0.372966184,0.04,0.951,1452.37,80.0,80.0
cfb_20261003_tem_usf,home,1791081593402405956,0.648489096,0.03,0.963,671.95,5.0,5.0
cfb_20261003_tem_usf,home,1791081612723650532,0.072236674,0.03,0.965,200.0,5.0,5.0
cfb_20261003_tem_usf,home,1791081612804201377,0.120892324,0.03,0.965,8.65,5.0,5.0
cfb_20261003_tem_usf,home,1791081617804154616,9.375850986,0.03,0.965,42.41,5.0,5.0
cfb_20261003_tem_usf,home,1791081627196529451,0.010551103,0.02,0.965,102.00999999999647,5.0,5.0
cfb_20261003_tem_usf,home,1791081790899320949,1.156240287,0.01,0.983,10270.53,10.02,10.02
cfb_20261003_tem_usf,away,1791073015391047387,0.663234899,0.36,0.61,219.6,26.0,26.0
cfb_20261003_tem_usf,away,1791081134710365946,0.344731378,0.97,0.02,770.86,14.0,14.0
cfb_20261003_tem_usf,away,1791081276724074376,0.327469931,0.95,0.04,6.0,305.0,6.0
cfb_20261003_tem_usf,away,1791081605008921749,1.155387618,0.97,0.024,42.3,71.0,42.3
cfb_20261003_ttu_colo,home,1791072343107308130,1.140258126,0.34,0.63,780.0,87.0,87.0
cfb_20261003_ttu_colo,home,1791072344317285654,0.471276426,0.34,0.63,65475.5,87.0,87.0
cfb_20261003_ttu_colo,home,1791072344798781596,0.821809861,0.34,0.63,61907.48,87.0,87.0
cfb_20261003_ttu_colo,home,1791072345981944565,0.905949862,0.33,0.64,52821.21999999999,87.0,87.0
cfb_20261003_ttu_colo,home,1791072347227554271,0.927857332,0.33,0.64,52498.86999999999,87.0,87.0
cfb_20261003_ttu_colo,home,1791072436743971557,0.034272853,0.34,0.62,580.52,95.0,95.0
cfb_20261003_ttu_colo,home,1791072436794312670,0.003947767,0.35,0.62,50.0,95.0,50.0
cfb_20261003_ttu_colo,home,1791072436927940322,0.042215181,0.35,0.62,10.0,95.0,10.0
cfb_20261003_ttu_colo,home,1791073144788569145,0.269882477,0.32,0.65,1915.79,95.0,95.0
cfb_20261003_ttu_colo,home,1791073233263600176,0.330367721,0.29,0.6799999999999999,1075.31,68.0,68.0
cfb_20261003_ttu_colo,home,1791073268695808730,0.021191911,0.29,0.6799999999999999,2046.77,62.0,62.0
cfb_20261003_ttu_colo,home,1791073268740437396,0.034316603,0.28,0.69,838.0,62.0,62.0
cfb_20261003_ttu_colo,home,1791077615127032819,0.009266137,0.31,0.64,1.0,89.0,1.0
cfb_20261003_ttu_colo,home,1791077615580362906,0.150612734,0.33,0.64,12.0,89.0,12.0
cfb_20261003_ttu_colo,home,1791078339694409987,0.315573059,0.35,0.62,0.01,150.0,0.01
cfb_20261003_ttu_colo,home,1791078341912862748,0.288520927,0.35,0.62,0.01,212.0,0.01
cfb_20261003_ttu_colo,home,1791078868379917161,0.351215946,0.22,0.75,2514.97,35.0,35.0
cfb_20261003_ttu_colo,home,1791079129971320043,0.089881296,0.21,0.76,60.95,567.0,60.95
cfb_20261003_ttu_colo,home,1791079130084290224,0.9941309,0.19,0.76,432.84,567.0,432.84
cfb_20261003_ttu_colo,home,1791079750239812474,0.011657985,0.13,0.85,709.1,400.0,400.0
cfb_20261003_ttu_colo,home,1791079762767247965,0.116128726,0.11,0.87,248.43,1080.0,248.43
cfb_20261003_ttu_colo,home,1791079855295419926,0.769905985,0.14,0.84,905.5,143.8,143.8
cfb_20261003_ttu_colo,home,1791080275094698718,0.703916101,0.11,0.87,168.0,276.0,168.0
cfb_20261003_ttu_colo,home,1791080409375264481,0.466116929,0.12,0.86,513.0,80.0,80.0
cfb_20261003_ttu_colo,home,1791080605010868719,0.293556461,0.08,0.88,22379.74,62.0,62.0
cfb_20261003_ttu_colo,home,1791080906549688287,0.161078567,0.06,0.92,376.07,62.0,62.0
cfb_20261003_ttu_colo,home,1791080906716750606,0.286150354,0.06,0.92,8487.689999999999,62.0,62.0
cfb_20261003_ttu_colo,home,1791081132780636761,0.278604952,0.07,0.92,631.87,62.0,62.0
cfb_20261003_ttu_colo,home,1791081358214383691,0.008965242,0.04,0.94,578.26,37.0,37.0
cfb_20261003_ttu_colo,home,1791081358253257651,0.807193759,0.05,0.94,10.0,37.0,10.0
cfb_20261003_ttu_colo,home,1791081408451738600,0.704016853,0.01,0.98,11145.43,5.0,5.0
cfb_20261003_ttu_colo,away,1791074318350271907,0.703652551,0.71,0.26,193.0,25.0,25.0
cfb_20261003_ttu_colo,away,1791077731021363430,0.05467826,0.53,0.42,1207.22,1080.0,1080.0
cfb_20261003_ttu_colo,away,1791079846485176996,0.049589764,0.84,0.14,524.77,780.42,524.77
cfb_20261003_mia_clem,home,1791071964881264410,0.214218439,0.07,0.92,221.0,71.0,71.0
cfb_20261003_mia_clem,home,1791072374826748995,0.629270628,0.07,0.92,59300.799999999996,62.0,62.0
cfb_20261003_mia_clem,home,1791075077874230876,0.186221826,0.03,0.961,14147.66,144.0,144.0
cfb_20261003_mia_clem,home,1791075613812761158,0.244619825,0.04,0.951,14794.77,233.0,233.0
cfb_20261003_mia_clem,home,1791075765352166202,3.712098285,0.02,0.968,7478.79,76.0,76.0
cfb_20261003_mia_clem,home,1791076979117436872,0.007214843,0.04,0.948,1958.7,80.0,80.0
cfb_20261003_mia_clem,home,1791076979127626327,0.012404145,0.04,0.948,322.0,80.0,80.0
cfb_20261003_mia_clem,home,1791076979146331451,0.006867553,0.04,0.948,1.69,80.0,1.69
cfb_20261003_mia_clem,home,1791078915839394864,0.101924373,0.07,0.911,8754.62,144.0,144.0
cfb_20261003_mia_clem,home,1791079149941023276,0.030499798,0.05,0.9390000000000001,8589.0,71.0,71.0
cfb_20261003_mia_clem,home,1791079483348549694,0.027641337,0.04,0.95,7314.41,155.0,155.0
cfb_20261003_mia_clem,home,1791079538977770194,1.076185872,0.04,0.95,3000.0,40.0,40.0
cfb_20261003_mia_clem,away,1791072607016387054,0.038885528,0.86,0.12,39.35,96.0,39.35
cfb_20261003_mia_clem,away,1791078594669179799,0.417944902,0.91,0.08,7.0,9.97,7.0
cfb_20261003_mia_clem,away,1791079920099828135,0.957147205,0.96,0.033,9019.299999999976,35.96,35.96
cfb_20261003_army_lt,home,1791071463132981185,0.03195548,0.59,0.38,16.92,183.2,16.92
cfb_20261003_army_lt,home,1791077066051719413,0.056163963,0.5,0.44999999999999996,0.010000000000000009,235.27,0.010000000000000009
cfb_20261003_army_lt,home,1791077066118253029,0.191096284,0.51,0.44999999999999996,9.99,235.27,9.99
cfb_20261003_army_lt,home,1791079781847339555,0.004348801,0.81,0.17000000000000004,670.11,149.0,149.0
cfb_20261003_army_lt,home,1791080314250817103,0.801640907,0.91,0.07999999999999996,19.93,56.0,19.93
cfb_20261003_army_lt,home,1791080486928005205,0.123478105,0.93,0.06000000000000005,2419.49,61.0,61.0
cfb_20261003_army_lt,away,1791071633503327513,0.553600151,0.48,0.48,0.019999999999999796,62.0,0.019999999999999796
cfb_20261003_army_lt,away,1791074296753433034,0.314258261,0.38,0.59,6.0,10.0,6.0
cfb_20261003_army_lt,away,1791079784826551604,4.225801739,0.17000000000000004,0.8,1.0,170.95,1.0
cfb_20261003_army_lt,away,1791080476492591686,0.560326537,0.06000000000000005,0.93,20.27,80.0,20.27
cfb_20261003_army_lt,away,1791080485200903512,0.769920743,0.06000000000000005,0.93,89.0,26.29,26.29
cfb_20261003_wash_usc,home,1791071445542920595,0.102014047,0.79,0.18999999999999995,6446.35,212.0,212.0
cfb_20261003_wash_usc,home,1791078226118158557,0.146581351,0.4,0.56,606.15,135.7,135.7
cfb_20261003_wash_usc,home,1791078695073402467,0.048793585,0.51,0.43999999999999995,2.0,3588.43,2.0
cfb_20261003_wash_usc,home,1791079142982511644,0.095230219,0.65,0.31000000000000005,189.35,144.0,144.0
cfb_20261003_wash_usc,home,1791079143089595198,0.009487354,0.63,0.32999999999999996,464.9599999999996,144.0,144.0
cfb_20261003_wash_usc,home,1791079143752868199,0.011342989,0.61,0.36,159.0,688.0,159.0
cfb_20261003_wash_usc,home,1791079143765405018,0.001672441,0.61,0.36,79.0,688.0,79.0
cfb_20261003_wash_usc,home,1791079143787414179,0.048345335,0.6,0.37,50.0,20.0,20.0
cfb_20261003_wash_usc,home,1791079169090593900,0.020957478,0.57,0.39,489.21,811.3,489.21
cfb_20261003_wash_usc,home,1791080880715195679,0.358549036,0.73,0.24,30.16,39.0,30.16
cfb_20261003_wash_usc,home,1791082151208575226,0.305722011,0.82,0.16000000000000003,1666.79,54.75,54.75
cfb_20261003_wash_usc,home,1791082231818024375,0.067388224,0.83,0.12,12689.63,144.0,144.0
cfb_20261003_wash_usc,home,1791082231888161509,0.011226917,0.86,0.12,9400.0,267.0,267.0
cfb_20261003_wash_usc,home,1791082231904019758,0.147574228,0.85,0.12,37.98,123.0,37.98
cfb_20261003_wash_usc,home,1791082233829008267,0.093592894,0.75,0.21999999999999997,37.89,20.0,20.0
cfb_20261003_wash_usc,home,1791082259314995694,0.006813488,0.83,0.15000000000000002,9.0,64.0,9.0
cfb_20261003_wash_usc,home,1791082259338577349,0.726472932,0.81,0.17000000000000004,2099.0,261.0,261.0
cfb_20261003_wash_usc,home,1791082422284277300,0.777511225,0.71,0.25,4649.21,20.0,20.0
cfb_20261003_wash_usc,home,1791082431106965714,0.329346523,0.61,0.33999999999999997,18302.0,62.0,62.0
cfb_20261003_wash_usc,home,1791082858187571160,0.056818386,0.76,0.20999999999999996,1324.3,96.04,96.04
cfb_20261003_wash_usc,home,1791082858244923213,0.003664996,0.76,0.20999999999999996,50.0,96.04,50.0
cfb_20261003_wash_usc,home,1791082858255684347,0.25229075,0.71,0.20999999999999996,1312.16,96.04,96.04
cfb_20261003_wash_usc,home,1791082893350808389,0.562142881,0.65,0.30000000000000004,19964.72,76.0,76.0
cfb_20261003_wash_usc,home,1791082894376359659,0.691610763,0.58,0.39,84.49,71.0,71.0
cfb_20261003_wash_usc,home,1791082905319479502,0.068813966,0.44,0.52,8.0,62.0,8.0
cfb_20261003_wash_usc,home,1791083007524993121,0.029544756,0.51,0.44999999999999996,3214.01,62.0,62.0
cfb_20261003_wash_usc,home,1791083095344667685,0.00365325,0.68,0.29000000000000004,24.92,153.0,24.92
cfb_20261003_wash_usc,home,1791083095357363653,0.000614699,0.68,0.29000000000000004,24.92,153.0,24.92
cfb_20261003_wash_usc,home,1791083095359137526,0.387089001,0.68,0.29000000000000004,57.0,153.0,57.0
cfb_20261003_wash_usc,home,1791083095770323663,0.125394373,0.68,0.29000000000000004,8.0,153.0,8.0
cfb_20261003_wash_usc,away,1791071689166163564,0.24830154,0.21999999999999997,0.74,2360.01,1332.97,1332.97
cfb_20261003_wash_usc,away,1791072927687644593,0.039613014,0.25,0.72,29.64,71.0,29.64
cfb_20261003_wash_usc,away,1791074618054295048,5.455702313,0.14,0.83,6.71,25867.64,6.71
cfb_20261003_wash_usc,away,1791074815428716033,0.386565122,0.14,0.84,19249.61,233.05,233.05
cfb_20261003_wash_usc,away,1791076052580118569,7.063158441,0.36,0.61,18350.88,9.38,9.38
cfb_20261003_wash_usc,away,1791078222793902926,0.277474226,0.6,0.37,1000.0,150.0,150.0
cfb_20261003_wash_usc,away,1791078452818357235,0.121600512,0.61,0.36,752.9,62.0,62.0
cfb_20261003_wash_usc,away,1791078693025794242,0.060922831,0.51,0.45,34.81,62.0,34.81
cfb_20261003_wash_usc,away,1791079135599941478,0.012658046,0.41000000000000003,0.56,29.63,5.68,5.68
cfb_20261003_wash_usc,away,1791079135624764620,0.471267607,0.41000000000000003,0.56,2.0,5.68,2.0
cfb_20261003_wash_usc,away,1791079136539351323,0.517321715,0.35,0.61,1641.0,71.0,71.0
cfb_20261003_wash_usc,away,1791079146810156607,0.259144246,0.47,0.49,362.67,62.0,62.0
cfb_20261003_wash_usc,away,1791079182623095259,0.094596614,0.29000000000000004,0.68,100.0,144.0,100.0
cfb_20261003_wash_usc,away,1791079182755032466,0.022250444,0.29000000000000004,0.68,7.0,144.0,7.0
cfb_20261003_wash_usc,away,1791079182999403591,0.054938888,0.29000000000000004,0.68,7.0,144.0,7.0
cfb_20261003_wash_usc,away,1791082149221587682,0.869808279,0.18000000000000005,0.8,93.0,691.0,93.0
cfb_20261003_wash_usc,away,1791082253347062794,0.71068496,0.18999999999999995,0.79,10024.65,24.0,24.0
cfb_20261003_wash_usc,away,1791082256840316843,0.011292077,0.12,0.86,10.11,62.0,10.11
cfb_20261003_wash_usc,away,1791082256856146632,0.209763016,0.12,0.86,2.0,62.0,2.0
cfb_20261003_wash_usc,away,1791082645746737507,0.066179324,0.36,0.61,7.81,62.0,7.81
cfb_20261003_wash_usc,away,1791082679146955986,0.21029947,0.31000000000000005,0.66,1420.08,62.0,62.0
cfb_20261003_wash_usc,away,1791082679360320221,0.285894687,0.31000000000000005,0.66,24470.08,62.0,62.0
cfb_20261003_wash_usc,away,1791082855046287357,0.015115373,0.26,0.71,45.26,9.0,9.0
cfb_20261003_wash_usc,away,1791082896875376934,0.030875907,0.64,0.33,5.47,37.52,5.47
cfb_20261003_wash_usc,away,1791082897154328133,0.321333772,0.64,0.33,83.0,37.52,37.52
cfb_20261003_wash_usc,away,1791082898747851602,0.028420493,0.5800000000000001,0.39,17.0,62.0,17.0
cfb_20261003_wash_usc,away,1791082898827435674,0.239110392,0.5800000000000001,0.39,400.0,62.0,62.0
cfb_20261003_wash_usc,away,1791083001343001483,0.256825158,0.41000000000000003,0.56,8.0,15.0,8.0
cfb_20261003_wash_usc,away,1791083001601588406,0.067111974,0.4,0.56,7.0,15.0,7.0
cfb_20261003_wash_usc,away,1791083001672175592,0.148149394,0.41000000000000003,0.56,47.59,15.0,15.0
cfb_20261003_wash_usc,away,1791083001824768779,0.00444987,0.41000000000000003,0.56,47.59,15.0,15.0
cfb_20261003_wash_usc,away,1791083001832757440,0.14479629,0.41000000000000003,0.56,62.0,15.0,15.0
cfb_20261003_wash_usc,away,1791083001990009086,0.002607183,0.4,0.56,47.59,15.0,15.0
cfb_20261003_wash_usc,away,1791083001993105105,0.063634176,0.41000000000000003,0.56,12.59,15.0,12.59
cfb_20261003_wash_usc,away,1791083079339334802,1.373316698,0.41000000000000003,0.56,264.08,62.0,62.0
cfb_20261003_wash_usc,away,1791083080716967565,0.205615424,0.30000000000000004,0.64,4.27,50.0,4.27
cfb_20261003_wash_usc,away,1791083080950679474,0.140342634,0.31999999999999995,0.65,222.9999999999995,20.0,20.0
cfb_20261003_wash_usc,away,1791083083397789675,0.005455071,0.16000000000000003,0.82,5.09,62.0,5.09
cfb_20261003_wash_usc,away,1791083083410933733,0.018533548,0.16000000000000003,0.82,5.0,62.0,5.0
cfb_20261003_wash_usc,away,1791083083435846818,0.00746621,0.16000000000000003,0.82,5.09,62.0,5.09
cfb_20261003_wash_usc,away,1791083083450038905,0.006529684,0.16000000000000003,0.82,5.09,62.0,5.09
cfb_20261003_wash_usc,away,1791083083462053442,0.588596465,0.16000000000000003,0.82,1.91,62.0,1.91
cfb_20261003_wash_usc,away,1791083086057984121,2.005874336,0.17000000000000004,0.51,502.28000000000003,13885.82,502.28000000000003
cfb_20261003_wash_usc,away,1791083093064739991,1.894243926,0.24,0.64,8.01000000000284,7897.21,8.01000000000284
cfb_20261003_wash_usc,away,1791083172450688276,0.042547079,0.19999999999999996,0.77,89.0,62.0,62.0
cfb_20261003_wash_usc,away,1791083172685807882,0.39240531,0.19999999999999996,0.77,9.42,62.0,9.42
cfb_20261003_wash_usc,away,1791083174415465000,0.867906004,0.020000000000000018,0.97,10608.37,5.0,5.0
cfb_20261004_web_cp,home,1791079870583332153,0.478417471,0.65,0.31999999999999995,1.25,5.0,1.25
cfb_20261004_web_cp,home,1791082483057190482,1.005246643,0.88,0.09999999999999998,22.360000000000014,25.0,22.360000000000014
cfb_20261004_web_cp,home,1791082487084397962,0.968098969,0.86,0.12,11.11,30.0,11.11
cfb_20261004_web_cp,home,1791082488053019983,0.003650485,0.86,0.12,9.19,30.0,9.19
cfb_20261004_web_cp,home,1791082493719082772,0.006990281,0.81,0.17000000000000004,0.92,29.41,0.92
cfb_20261004_web_cp,home,1791082493739568266,0.004393463,0.81,0.17000000000000004,0.92,29.41,0.92
cfb_20261004_web_cp,home,1791082493749440543,0.006363224,0.81,0.17000000000000004,0.92,29.41,0.92
cfb_20261004_web_cp,home,1791082493764620213,0.010901128,0.81,0.17000000000000004,0.92,29.41,0.92
cfb_20261004_web_cp,home,1791082493779931676,0.004953427,0.81,0.17000000000000004,0.92,29.41,0.92
cfb_20261004_web_cp,home,1791082493792269099,0.00473792,0.81,0.17000000000000004,0.92,29.41,0.92
cfb_20261004_web_cp,home,1791082493801735765,0.005195942,0.81,0.17000000000000004,0.92,29.41,0.92
cfb_20261004_web_cp,home,1791082493813508567,0.006289643,0.81,0.17000000000000004,0.92,29.41,0.92
cfb_20261004_web_cp,home,1791082493827508317,0.003958171,0.81,0.17000000000000004,0.92,29.41,0.92
cfb_20261004_web_cp,home,1791082493835420534,0.005840733,0.81,0.17000000000000004,0.92,29.41,0.92
cfb_20261004_web_cp,home,1791082493843430264,0.030738458,0.81,0.17000000000000004,61.0,29.41,29.41
cfb_20261004_web_cp,home,1791082493880454330,0.010045385,0.81,0.17000000000000004,0.92,29.41,0.92
cfb_20261004_web_cp,home,1791082493897297189,0.052997363,0.81,0.17000000000000004,0.92,29.41,0.92
cfb_20261004_web_cp,home,1791082493950838785,0.374033389,0.81,0.17000000000000004,0.57,29.41,0.57
cfb_20261004_web_cp,home,1791082494356626325,0.010527932,0.81,0.17000000000000004,0.57,0.41,0.41
cfb_20261004_web_cp,home,1791082494436354165,0.029808491,0.81,0.17000000000000004,0.57,0.41,0.41
cfb_20261004_web_cp,home,1791082494498369433,0.010247744,0.81,0.17000000000000004,0.57,0.41,0.41
cfb_20261004_web_cp,home,1791082494518018111,0.009321624,0.81,0.17000000000000004,0.57,0.41,0.41
cfb_20261004_web_cp,home,1791082494537045019,0.004784895,0.81,0.17000000000000004,0.57,0.41,0.41
cfb_20261004_web_cp,home,1791082494559688187,0.003331615,0.81,0.17000000000000004,0.57,0.41,0.41
cfb_20261004_web_cp,home,1791082494581759724,0.006949205,0.81,0.17000000000000004,0.57,0.41,0.41
cfb_20261004_web_cp,home,1791082494589343147,0.017072848,0.8,0.17000000000000004,0.57,0.41,0.41
cfb_20261004_web_cp,home,1791082494610362340,0.050785194,0.81,0.17000000000000004,61.0,0.41,0.41
cfb_20261004_web_cp,home,1791082494669448098,0.006736641,0.81,0.17000000000000004,0.57,0.41,0.41
cfb_20261004_web_cp,home,1791082494678969298,0.036953026,0.81,0.17000000000000004,61.0,0.41,0.41
cfb_20261004_web_cp,home,1791082494719764104,0.409027949,0.81,0.17000000000000004,30.0,0.41,0.41
cfb_20261004_web_cp,home,1791082495129363933,0.031310068,0.78,0.17000000000000004,0.8,0.41,0.41
cfb_20261004_web_cp,home,1791082495174918649,0.007186834,0.81,0.17000000000000004,0.8,0.41,0.41
cfb_20261004_web_cp,home,1791082495191860967,0.012684894,0.81,0.17000000000000004,0.8,0.41,0.41
cfb_20261004_web_cp,home,1791082495212397373,0.009855432,0.81,0.17000000000000004,0.8,0.41,0.41
cfb_20261004_web_cp,home,1791082495232205200,0.007409262,0.81,0.17000000000000004,0.8,0.41,0.41
cfb_20261004_web_cp,home,1791082495273177093,0.006577391,0.81,0.17000000000000004,0.8,0.41,0.41
cfb_20261004_web_cp,home,1791082495298444127,0.007210225,0.81,0.17000000000000004,0.8,0.41,0.41
cfb_20261004_web_cp,home,1791082495321316060,0.021315222,0.81,0.17000000000000004,0.8,0.41,0.41
cfb_20261004_web_cp,home,1791082495350094788,0.006465817,0.81,0.17000000000000004,0.8,0.41,0.41
cfb_20261004_web_cp,home,1791082495363170942,0.008960996,0.81,0.17000000000000004,0.8,0.41,0.41
cfb_20261004_web_cp,home,1791082495399370046,0.022438986,0.81,0.17000000000000004,0.8,0.41,0.41
cfb_20261004_web_cp,home,1791082495432970760,0.017400641,0.81,0.17000000000000004,0.8,0.41,0.41
cfb_20261004_web_cp,home,1791082495452657310,0.007629806,0.81,0.17000000000000004,0.8,0.41,0.41
cfb_20261004_web_cp,home,1791082495473953015,0.004032555,0.81,0.17000000000000004,0.8,0.41,0.41
cfb_20261004_web_cp,home,1791082495496622801,0.003218637,0.81,0.17000000000000004,0.8,0.41,0.41
cfb_20261004_web_cp,home,1791082495505530783,0.051909589,0.81,0.17000000000000004,0.8,0.41,0.41
cfb_20261004_web_cp,home,1791082495580784909,0.009510134,0.81,0.17000000000000004,0.8,0.41,0.41
cfb_20261004_web_cp,home,1791082495599618240,0.007391136,0.81,0.17000000000000004,61.0,0.41,0.41
cfb_20261004_web_cp,home,1791082495611806106,0.010643581,0.8,0.17000000000000004,0.8,0.41,0.41
cfb_20261004_web_cp,home,1791082495623011025,0.046220034,0.81,0.17000000000000004,0.8,0.41,0.41
cfb_20261004_web_cp,home,1791082495669848383,0.05575942,0.8,0.17000000000000004,0.8,0.41,0.41
cfb_20261004_web_cp,home,1791082495726222813,0.028219946,0.81,0.17000000000000004,0.8,0.41,0.41
cfb_20261004_web_cp,home,1791082495754997775,0.00853722,0.8,0.17000000000000004,0.8,0.41,0.41
cfb_20261004_web_cp,home,1791082495764129627,0.020568069,0.81,0.17000000000000004,0.8,0.41,0.41
cfb_20261004_web_cp,home,1791082495785306118,0.007107825,0.8,0.17000000000000004,0.8,0.41,0.41
cfb_20261004_web_cp,home,1791082495792970482,0.009976189,0.81,0.17000000000000004,0.8,0.41,0.41
cfb_20261004_web_cp,home,1791082495803555883,0.006704767,0.8,0.17000000000000004,0.8,0.41,0.41
cfb_20261004_web_cp,home,1791082495810814836,0.136103403,0.81,0.17000000000000004,0.8,0.41,0.41
cfb_20261004_web_cp,home,1791082495947558863,0.009168283,0.8,0.17000000000000004,0.8,0.41,0.41
cfb_20261004_web_cp,home,1791082495957926254,0.004407422,0.81,0.17000000000000004,0.8,0.41,0.41
cfb_20261004_web_cp,home,1791082495962846055,0.016787463,0.8,0.17000000000000004,0.8,0.41,0.41
cfb_20261004_web_cp,home,1791082495980155769,0.011098821,0.81,0.17000000000000004,0.8,0.41,0.41
cfb_20261004_web_cp,home,1791082495991851344,0.006495318,0.8,0.17000000000000004,0.8,0.41,0.41
cfb_20261004_web_cp,home,1791082495998887790,0.011676921,0.81,0.17000000000000004,0.8,0.41,0.41
cfb_20261004_web_cp,home,1791082496011183546,0.010562389,0.8,0.17000000000000004,0.8,0.41,0.41
cfb_20261004_web_cp,home,1791082496022383687,0.008572069,0.81,0.17000000000000004,0.8,0.41,0.41
cfb_20261004_web_cp,home,1791082496031595339,0.014582847,0.8,0.17000000000000004,0.8,0.41,0.41
cfb_20261004_web_cp,home,1791082496046811721,0.012394913,0.81,0.17000000000000004,0.8,0.41,0.41
cfb_20261004_web_cp,home,1791082496059760700,0.010385134,0.8,0.17000000000000004,0.8,0.41,0.41
cfb_20261004_web_cp,home,1791082496070748988,0.005689664,0.81,0.17000000000000004,0.8,0.41,0.41
cfb_20261004_web_cp,home,1791082496077026294,0.010665952,0.8,0.17000000000000004,0.8,0.41,0.41
cfb_20261004_web_cp,home,1791082496088353140,0.00940522,0.81,0.17000000000000004,0.8,0.41,0.41
cfb_20261004_web_cp,home,1791082496098309491,0.008678415,0.8,0.17000000000000004,0.8,0.41,0.41
cfb_20261004_web_cp,home,1791082496107605681,0.013472462,0.81,0.17000000000000004,0.8,0.41,0.41
cfb_20261004_web_cp,home,1791082496121690228,0.025340436,0.8,0.17000000000000004,0.8,0.41,0.41
cfb_20261004_web_cp,home,1791082496147742648,0.045086299,0.81,0.17000000000000004,0.8,0.41,0.41
cfb_20261004_web_cp,home,1791082496193380189,0.029716293,0.8,0.17000000000000004,0.8,0.41,0.41
cfb_20261004_web_cp,home,1791082496223682192,0.006001485,0.81,0.17000000000000004,0.8,0.41,0.41
cfb_20261004_web_cp,home,1791082496230293540,0.007657124,0.8,0.17000000000000004,0.8,0.41,0.41
cfb_20261004_web_cp,home,1791082496238520872,0.010503407,0.81,0.17000000000000004,0.8,0.41,0.41
cfb_20261004_web_cp,home,1791082496249632781,0.375741331,0.8,0.17000000000000004,0.8,0.41,0.41
cfb_20261004_web_cp,home,1791082496635688037,0.017243134,0.81,0.17000000000000004,10.8,0.41,0.41
cfb_20261004_web_cp,home,1791082496680649282,0.015322519,0.81,0.17000000000000004,10.8,0.41,0.41
cfb_20261004_web_cp,home,1791082496731449439,0.015961983,0.81,0.17000000000000004,10.8,0.41,0.41
cfb_20261004_web_cp,home,1791082496932887166,0.024441673,0.81,0.17000000000000004,56.09,0.41,0.41
cfb_20261004_web_cp,home,1791082496957918815,3.618665694,0.79,0.17000000000000004,10.99,0.41,0.41
cfb_20261004_web_cp,home,1791082500701456957,0.104087691,0.81,0.17000000000000004,10.99,0.41,0.41
cfb_20261004_web_cp,home,1791082500972033309,0.096660214,0.81,0.17000000000000004,10.99,0.41,0.41
cfb_20261004_web_cp,home,1791082501217857837,0.456049902,0.81,0.17000000000000004,10.99,0.41,0.41
cfb_20261004_web_cp,home,1791082501777521946,2.476802982,0.81,0.17000000000000004,10.99,0.41,0.41
cfb_20261004_web_cp,home,1791082504259875090,0.014055257,0.8,0.17000000000000004,10.99,0.41,0.41
cfb_20261004_web_cp,home,1791082504283330730,0.002038147,0.8,0.17000000000000004,10.99,0.41,0.41
cfb_20261004_web_cp,home,1791082504285946205,0.007582441,0.81,0.17000000000000004,10.99,0.41,0.41
cfb_20261004_web_cp,home,1791082504296597327,0.003496773,0.8,0.17000000000000004,10.99,0.41,0.41
cfb_20261004_web_cp,home,1791082504300704073,0.004135146,0.81,0.17000000000000004,10.99,0.41,0.41
cfb_20261004_web_cp,home,1791082504308852186,0.006495778,0.8,0.17000000000000004,10.99,0.41,0.41
cfb_20261004_web_cp,home,1791082504320983313,0.004677025,0.81,0.17000000000000004,10.99,0.41,0.41
cfb_20261004_web_cp,home,1791082504332303361,0.004076944,0.8,0.17000000000000004,10.99,0.41,0.41
cfb_20261004_web_cp,home,1791082504336905802,0.006889712,0.81,0.17000000000000004,10.99,0.41,0.41
cfb_20261004_web_cp,home,1791082504349063016,0.008897057,0.8,0.17000000000000004,10.99,0.41,0.41
cfb_20261004_web_cp,home,1791082504358555386,0.116077072,0.81,0.17000000000000004,10.99,0.41,0.41
cfb_20261004_web_cp,home,1791082504483900199,0.004348069,0.8,0.17000000000000004,10.99,0.41,0.41
cfb_20261004_web_cp,home,1791082504488786251,0.010248116,0.81,0.17000000000000004,10.99,0.41,0.41
cfb_20261004_web_cp,home,1791082504500995678,0.003276308,0.8,0.17000000000000004,10.99,0.41,0.41
cfb_20261004_web_cp,home,1791082504504852168,0.007769138,0.81,0.17000000000000004,10.99,0.41,0.41
cfb_20261004_web_cp,home,1791082826111703434,0.009748854,0.65,0.29000000000000004,4.58,22.0,4.58
cfb_20261004_web_cp,home,1791082826128653503,0.004038221,0.68,0.29000000000000004,20.0,27.0,20.0
cfb_20261004_web_cp,home,1791083541765284004,0.135618983,0.66,0.31000000000000005,6.76,119.09,6.76
cfb_20261004_web_cp,home,1791083952053678705,0.054018805,0.6,0.37,17.0,83.0,17.0
cfb_20261004_web_cp,home,1791084147419212755,0.036794857,0.65,0.30000000000000004,152.82,5.0,5.0
cfb_20261004_web_cp,home,1791084435590465098,0.079448841,0.59,0.36,2834.83,5.0,5.0
cfb_20261004_web_cp,home,1791084638796306018,0.083458434,0.45,0.51,2405.93,55.0,55.0
cfb_20261004_web_cp,home,1791084638925770860,0.005319864,0.4,0.5700000000000001,167.0,28.0,28.0
cfb_20261004_web_cp,home,1791084638935642024,0.002367332,0.39,0.5800000000000001,14.24,5.0,5.0
cfb_20261004_web_cp,home,1791084638941110633,0.002918953,0.39,0.5800000000000001,14.24,5.0,5.0
cfb_20261004_web_cp,home,1791084638948771302,0.004575824,0.39,0.5800000000000001,14.24,5.0,5.0
cfb_20261004_web_cp,home,1791084660653277040,0.018793506,0.35,0.5900000000000001,1090.99,10.0,10.0
cfb_20261004_web_cp,home,1791084685542717186,0.117131764,0.3,0.63,2293.56,5.0,5.0
cfb_20261004_web_cp,home,1791084830346457367,0.137049073,0.1,0.87,328.69,10.0,10.0
cfb_20261004_web_cp,home,1791084878771064371,0.061494484,0.06,0.9299999999999999,273.06,5.0,5.0
cfb_20261004_web_cp,home,1791084964791859954,0.26722032,0.26,0.71,91.9,52.98,52.98
cfb_20261004_web_cp,home,1791084969243832133,0.00359485,0.21,0.76,19.64,62.0,19.64
cfb_20261004_web_cp,home,1791084969255428382,0.009454568,0.21,0.76,19.64,62.0,19.64
cfb_20261004_web_cp,home,1791084969267785332,0.214286216,0.21,0.76,14.0,62.0,14.0
cfb_20261004_web_cp,home,1791084969512941656,0.292715428,0.21,0.76,104.41,62.0,62.0
cfb_20261004_web_cp,home,1791084973603037394,0.999755548,0.01,0.9,3973.75,62.0,62.0
cfb_20261004_web_cp,away,1791084140052935209,0.03716631,0.21999999999999997,0.74,0.01,10.0,0.01
cfb_20261004_web_cp,away,1791084140095255283,0.006028452,0.22999999999999998,0.74,14.89,10.0,10.0
cfb_20261004_web_cp,away,1791084140125440373,0.073661854,0.22999999999999998,0.74,10.0,10.0,10.0
cfb_20261004_web_cp,away,1791084142039491950,0.03942316,0.21999999999999997,0.75,0.01,83.0,0.01
cfb_20261004_web_cp,away,1791084148056398154,0.074973987,0.30000000000000004,0.67,80.0,113.0,80.0
cfb_20261004_web_cp,away,1791084415102717655,0.028882351,0.31000000000000005,0.66,25.0,166.0,25.0
cfb_20261004_web_cp,away,1791084416058747884,0.096700166,0.31000000000000005,0.64,1.0000000000000018,22.0,1.0000000000000018
cfb_20261004_web_cp,away,1791084661059204946,0.051695572,0.6,0.37,239.0,985.0,239.0
cfb_20261004_web_cp,away,1791084868250032925,1.321751525,0.94,0.05,6.0,90.0,6.0
cfb_20261004_web_cp,away,1791084883228736381,0.752307955,0.91,0.08,6.0,5.0,5.0
cfb_20261004_web_cp,away,1791084884003511861,0.005174902,0.89,0.08,18.92,5.0,5.0
cfb_20261004_web_cp,away,1791084884013970656,0.003178974,0.91,0.08,18.92,5.0,5.0
cfb_20261004_web_cp,away,1791084884024756614,0.008317376,0.91,0.08,6.0,5.0,5.0
cfb_20261004_web_cp,away,1791084884062848914,0.132685151,0.91,0.08,18.92,5.0,5.0
cfb_20261004_web_cp,away,1791084884201632203,0.014552624,0.91,0.08,18.92,5.0,5.0
cfb_20261004_web_cp,away,1791084884406215109,0.034464906,0.91,0.08,18.92,5.0,5.0
cfb_20261004_web_cp,away,1791084884473767968,0.013845136,0.91,0.08,18.92,5.0,5.0
cfb_20261004_web_cp,away,1791084884626110589,0.0099055,0.91,0.08,18.92,5.0,5.0
cfb_20261004_web_cp,away,1791084884718280261,0.006154466,0.91,0.08,2.4,5.0,2.4
cfb_20261004_web_cp,away,1791084884728428998,0.004336974,0.91,0.08,2.4,5.0,2.4
cfb_20261004_web_cp,away,1791084884736876294,0.006907396,0.91,0.08,2.4,5.0,2.4
cfb_20261004_web_cp,away,1791084884748192184,0.006477142,0.91,0.08,2.4,5.0,2.4
cfb_20261004_web_cp,away,1791084884774961243,0.003553691,0.91,0.08,2.4,5.0,2.4
cfb_20261004_web_cp,away,1791084884781696352,0.004952415,0.91,0.08,2.4,5.0,2.4
cfb_20261004_web_cp,away,1791084884799019005,0.056560205,0.91,0.08,2.4,5.0,2.4
cfb_20261004_web_cp,away,1791084884867347416,0.006849536,0.91,0.08,2.4,5.0,2.4
cfb_20261004_web_cp,away,1791084884879473364,0.004561817,0.91,0.08,2.4,5.0,2.4
cfb_20261004_web_cp,away,1791084884893253832,1.316299049,0.91,0.08,2.4,5.0,2.4
cfb_20261004_web_cp,away,1791084886227805478,0.005169245,0.91,0.08,2.17,5.0,2.17
cfb_20261004_web_cp,away,1791084886239815118,0.005508173,0.91,0.08,2.17,5.0,2.17
cfb_20261004_web_cp,away,1791084886255963636,0.011116015,0.91,0.08,2.17,5.0,2.17
cfb_20261004_web_cp,away,1791084886938440996,3.78276898,0.91,0.08,6.0,5.0,5.0
cfb_20261004_web_cp,away,1791084890809639279,0.064515541,0.91,0.08,3.0,5.0,3.0
cfb_20261004_web_cp,away,1791084890880530712,0.014649808,0.91,0.08,19.0,5.0,5.0
cfb_20261004_web_cp,away,1791084920111135376,0.345810423,0.9,0.08,933.13,62.0,62.0
cfb_20261004_web_cp,away,1791084935212506788,0.011574208,0.88,0.1,19.66,62.0,19.66
cfb_20261004_uwfl_ac,away,1791073930677968454,0.253838612,0.31999999999999995,0.65,95.0,15.0,15.0
cfb_20261004_uwfl_ac,away,1791075694276046156,0.781988831,0.040000000000000036,0.95,4590.0,5.0,5.0
cfb_20261004_uwfl_ac,away,1791076750165543015,0.891313322,0.030000000000000027,0.96,207.24,2.22,2.22
cfb_20261004_uwfl_ac,away,1791077122036237310,0.114894563,0.020000000000000018,0.97,485.77,5.0,5.0
cfb_20261004_nau_idst,home,1791080750021835078,0.008376669,0.09,0.89,27.0,5.0,5.0
cfb_20261004_nau_idst,home,1791080750063416453,0.020674497,0.09,0.89,2.8,5.0,2.8
cfb_20261004_nau_idst,home,1791080753667434593,0.39315542,0.12,0.6,6.98,6.95,6.95
cfb_20261004_nau_idst,away,1791080750119396881,0.084949349,0.88,0.1,258.0,400.0,258.0
cfb_20261004_nau_idst,away,1791080750326707211,0.068822267,0.84,0.13,251.4,50.0,50.0
cfb_20261004_nau_idst,away,1791080751073608987,0.061908533,0.84,0.08,286.4,1278.0,286.4
cfb_20261004_nau_idst,away,1791080751138794549,0.025766075,0.91,0.08,36.0,1217.0,36.0
cfb_20261004_suu_utu,away,1791081127188252497,0.011927166,0.8200000000000001,0.16,25.52,23.15,23.15
cfb_20261004_suu_utu,away,1791081127285105122,0.015376903,0.8200000000000001,0.16,25.54,23.15,23.15
cfb_20261004_suu_utu,away,1791081128101324125,0.00936229,0.8200000000000001,0.16,25.49,0.15,0.15
cfb_20261004_suu_utu,away,1791081247107964117,6.022952196,0.89,0.09,7.320000000000007,28.0,7.320000000000007
cfb_20261004_suu_utu,away,1791081990247866810,0.023767441,0.9299999999999999,0.06,37.2,5.0,5.0
cfb_20261004_suu_utu,away,1791082005339326282,5.05772365,0.9299999999999999,0.06,10.55,5.0,5.0
cfb_20261004_suu_utu,away,1791082010595977596,0.390760119,0.9299999999999999,0.06,10.62,5.0,5.0
cfb_20261004_suu_utu,away,1791082012233568744,0.010668685,0.9299999999999999,0.06,41.02,5.0,5.0
cfb_20261004_suu_utu,away,1791082015141261074,0.024341764,0.9299999999999999,0.06,38.99,5.0,5.0
cfb_20261004_suu_utu,away,1791082025336334830,0.102469211,0.9299999999999999,0.06,11.85,5.0,5.0
cfb_20261004_suu_utu,away,1791082047204031234,0.446053594,0.9299999999999999,0.06,11.33,5.0,5.0
cfb_20261004_suu_utu,away,1791082061012470269,0.025035144,0.9299999999999999,0.06,42.14,5.0,5.0
cfb_20261004_suu_utu,away,1791082061061827060,0.024406786,0.9299999999999999,0.06,21.0,5.0,5.0
cfb_20261004_suu_utu,away,1791082062265853086,0.15782738,0.9299999999999999,0.06,12.07,5.0,5.0
cfb_20261004_suu_utu,away,1791082069300443837,0.008160911,0.9299999999999999,0.06,8.55,5.0,5.0
cfb_20261004_suu_utu,away,1791082069635908417,0.018972965,0.9299999999999999,0.06,8.55,5.0,5.0
cfb_20261004_suu_utu,away,1791082075366934642,0.016788555,0.9299999999999999,0.06,5.48,5.0,5.0
cfb_20261004_suu_utu,away,1791082075534137269,0.008180177,0.9299999999999999,0.06,5.48,5.0,5.0
cfb_20261004_suu_utu,away,1791082076081474639,0.009051321,0.9299999999999999,0.06,5.48,5.0,5.0
cfb_20261004_suu_utu,away,1791082076098872667,0.009062056,0.9299999999999999,0.06,5.48,5.0,5.0
cfb_20261004_suu_utu,away,1791082076142217107,0.009538375,0.9299999999999999,0.06,5.48,5.0,5.0
cfb_20261004_suu_utu,away,1791082076182845163,0.006542203,0.9299999999999999,0.06,5.48,5.0,5.0
cfb_20261004_suu_utu,away,1791082076202573181,0.005112537,0.9299999999999999,0.06,5.48,5.0,5.0
cfb_20261004_suu_utu,away,1791082076234887176,0.013681771,0.9299999999999999,0.06,5.48,5.0,5.0
cfb_20261004_suu_utu,away,1791082076273757923,0.003347307,0.9299999999999999,0.06,5.48,5.0,5.0
cfb_20261004_suu_utu,away,1791082078057728387,0.031231129,0.9299999999999999,0.06,1.16,5.0,1.16
cfb_20261004_suu_utu,away,1791082078251714625,0.087954491,0.9299999999999999,0.06,1.16,5.0,1.16
cfb_20261004_suu_utu,away,1791082078430397810,0.204399611,0.9299999999999999,0.06,1.16,5.0,1.16
cfb_20261004_suu_utu,away,1791082078860939966,0.004552392,0.9299999999999999,0.06,1.16,5.0,1.16
cfb_20261004_suu_utu,away,1791082078884046023,0.003412216,0.9299999999999999,0.06,1.16,5.0,1.16
cfb_20261004_suu_utu,away,1791082078914623187,0.187389018,0.9299999999999999,0.06,1.16,5.0,1.16
cfb_20261004_suu_utu,away,1791082079473945783,0.049795978,0.9299999999999999,0.06,1.33,5.0,1.33
cfb_20261004_suu_utu,away,1791082079975344756,0.011137395,0.9299999999999999,0.06,1.33,5.0,1.33
cfb_20261004_suu_utu,away,1791082079997434910,0.028417118,0.9299999999999999,0.06,1.33,5.0,1.33
cfb_20261004_suu_utu,away,1791082080915989687,0.046767873,0.9299999999999999,0.06,1.33,5.0,1.33
cfb_20261004_suu_utu,away,1791082080965829215,0.011017118,0.9299999999999999,0.06,1.33,5.0,1.33
cfb_20261004_suu_utu,away,1791082080986462504,0.021485528,0.9299999999999999,0.06,1.33,5.0,1.33
cfb_20261004_suu_utu,away,1791082081013996953,0.014269222,0.9299999999999999,0.06,1.33,5.0,1.33
cfb_20261004_suu_utu,away,1791082081059585575,0.00645319,0.9299999999999999,0.06,1.33,5.0,1.33
cfb_20261004_suu_utu,away,1791082081196851424,0.045655565,0.9299999999999999,0.06,1.33,5.0,1.33
cfb_20261004_suu_utu,away,1791082081248633027,0.009293445,0.9299999999999999,0.06,1.33,5.0,1.33
cfb_20261004_suu_utu,away,1791082081268647050,0.01763116,0.9299999999999999,0.06,1.33,5.0,1.33
cfb_20261004_suu_utu,away,1791082081296050096,0.140284621,0.9299999999999999,0.06,1.33,5.0,1.33
cfb_20261004_suu_utu,away,1791082081445771712,0.020719559,0.9299999999999999,0.06,1.33,5.0,1.33
cfb_20261004_suu_utu,away,1791082081478482405,0.008975756,0.9299999999999999,0.06,1.33,5.0,1.33
cfb_20261004_suu_utu,away,1791082081497496836,0.010109003,0.9299999999999999,0.06,1.33,5.0,1.33
cfb_20261004_suu_utu,away,1791082081576918544,0.004968366,0.9299999999999999,0.06,1.33,5.0,1.33
cfb_20261004_suu_utu,away,1791082081750292871,0.005726455,0.9299999999999999,0.06,1.33,5.0,1.33
cfb_20261004_suu_utu,away,1791082081812458766,0.176154531,0.9299999999999999,0.06,1.33,5.0,1.33
cfb_20261004_suu_utu,away,1791082082199672502,0.004530352,0.9299999999999999,0.06,1.33,5.0,1.33
cfb_20261004_suu_utu,away,1791082082349019600,0.09207723,0.9299999999999999,0.06,1.33,5.0,1.33
cfb_20261004_suu_utu,away,1791082082449471495,0.040799533,0.9299999999999999,0.06,1.33,5.0,1.33
cfb_20261004_suu_utu,away,1791082082498448762,0.015003498,0.9299999999999999,0.06,1.33,5.0,1.33
cfb_20261004_suu_utu,away,1791082082528785693,0.012479219,0.9299999999999999,0.06,1.33,5.0,1.33
cfb_20261004_suu_utu,away,1791082082548037183,0.009229486,0.9299999999999999,0.06,1.33,5.0,1.33
cfb_20261004_suu_utu,away,1791082082568316343,0.040100938,0.9299999999999999,0.06,1.33,5.0,1.33
cfb_20261004_suu_utu,away,1791082082709460131,0.20021735,0.9299999999999999,0.06,1.33,5.0,1.33
cfb_20261004_suu_utu,away,1791082083051119493,0.006743601,0.9299999999999999,0.06,1.33,5.0,1.33
cfb_20261004_suu_utu,away,1791082083158674706,0.077819272,0.9299999999999999,0.06,1.33,5.0,1.33
cfb_20261004_suu_utu,away,1791082083286617389,0.021540273,0.9299999999999999,0.06,1.33,5.0,1.33
cfb_20261004_suu_utu,away,1791082083352936756,0.010654116,0.9299999999999999,0.06,1.33,5.0,1.33
cfb_20261004_suu_utu,away,1791082083380609675,0.010689335,0.9299999999999999,0.06,1.33,5.0,1.33
cfb_20261004_suu_utu,away,1791082083397567354,0.011160135,0.9299999999999999,0.06,1.33,5.0,1.33
cfb_20261004_suu_utu,away,1791082083429269082,0.05671353,0.9299999999999999,0.06,1.33,5.0,1.33
cfb_20261004_suu_utu,away,1791082083497795950,0.009947189,0.9299999999999999,0.06,1.33,5.0,1.33
cfb_20261004_suu_utu,away,1791082083590253445,0.007509109,0.9299999999999999,0.06,1.33,5.0,1.33
cfb_20261004_suu_utu,away,1791082083615275490,0.017584366,0.9299999999999999,0.06,1.33,5.0,1.33
cfb_20261004_suu_utu,away,1791082083698799216,0.015452329,0.9299999999999999,0.06,1.33,5.0,1.33
cfb_20261004_suu_utu,away,1791082083742518175,0.007336981,0.9299999999999999,0.06,1.33,5.0,1.33
cfb_20261004_suu_utu,away,1791082083764084785,0.020418072,0.9299999999999999,0.06,1.33,5.0,1.33
cfb_20261004_suu_utu,away,1791082083793256275,0.006022755,0.9299999999999999,0.06,1.33,5.0,1.33
cfb_20261004_suu_utu,away,1791082083812659194,0.022619965,0.9299999999999999,0.06,1.33,5.0,1.33
cfb_20261004_suu_utu,away,1791082083841672967,0.007436289,0.9299999999999999,0.06,1.33,5.0,1.33
cfb_20261004_suu_utu,away,1791082083862129281,0.026733942,0.9299999999999999,0.06,1.33,5.0,1.33
cfb_20261004_suu_utu,away,1791082083913808613,0.019724343,0.9299999999999999,0.06,1.33,5.0,1.33
cfb_20261004_suu_utu,away,1791082083941522699,0.013456961,0.9299999999999999,0.06,1.33,5.0,1.33
cfb_20261004_suu_utu,away,1791082083985177840,0.00455865,0.9299999999999999,0.06,1.33,5.0,1.33
cfb_20261004_suu_utu,away,1791082084004040701,0.01189297,0.9299999999999999,0.06,1.33,5.0,1.33
cfb_20261004_suu_utu,away,1791082084062749639,0.02910511,0.9299999999999999,0.06,1.33,5.0,1.33
cfb_20261004_suu_utu,away,1791082084109536558,0.015063951,0.9299999999999999,0.06,1.33,5.0,1.33
cfb_20261004_suu_utu,away,1791082084382287254,0.40745933,0.9299999999999999,0.06,1.33,5.0,1.33
cfb_20261004_suu_utu,away,1791082085140589338,0.171480171,0.9299999999999999,0.06,1.33,5.0,1.33
cfb_20261004_suu_utu,away,1791082085402455550,0.013251496,0.9299999999999999,0.06,1.33,5.0,1.33
cfb_20261004_suu_utu,away,1791082085584504989,0.004973434,0.9299999999999999,0.06,1.33,5.0,1.33
cfb_20261004_suu_utu,away,1791082085602283141,0.176060301,0.9299999999999999,0.06,1.33,5.0,1.33
cfb_20261004_suu_utu,away,1791082085783217058,0.025616107,0.9299999999999999,0.06,1.33,5.0,1.33
cfb_20261004_suu_utu,away,1791082085814878380,0.059152591,0.9299999999999999,0.06,1.33,5.0,1.33
cfb_20261004_suu_utu,away,1791082085879728967,0.005786788,0.9299999999999999,0.06,1.33,5.0,1.33
cfb_20261004_suu_utu,away,1791082085902493021,0.00475266,0.9299999999999999,0.06,1.33,5.0,1.33
cfb_20261004_suu_utu,away,1791082085913459049,0.112084332,0.9299999999999999,0.06,1.33,5.0,1.33
cfb_20261004_suu_utu,away,1791082086042778314,0.004547324,0.9299999999999999,0.06,1.33,5.0,1.33
cfb_20261004_suu_utu,away,1791082086054369985,0.050635539,0.9299999999999999,0.06,1.33,5.0,1.33
cfb_20261004_suu_utu,away,1791082086113986738,0.064732242,0.9299999999999999,0.06,1.33,5.0,1.33
cfb_20261004_suu_utu,away,1791082086183212702,0.110024806,0.9299999999999999,0.06,1.33,5.0,1.33
cfb_20261004_suu_utu,away,1791082086304989651,0.010943136,0.9299999999999999,0.06,1.33,5.0,1.33
cfb_20261004_suu_utu,away,1791082086327911454,0.008345876,0.9299999999999999,0.06,1.33,5.0,1.33
cfb_20261004_suu_utu,away,1791082086356611074,0.006074675,0.9299999999999999,0.06,1.33,5.0,1.33
cfb_20261004_suu_utu,away,1791082086369816726,0.00672793,0.9299999999999999,0.06,1.33,5.0,1.33
cfb_20261004_suu_utu,away,1791082086399807089,0.304345135,0.9299999999999999,0.06,1.33,5.0,1.33
cfb_20261004_suu_utu,away,1791082086717342095,0.007145498,0.9299999999999999,0.06,1.33,5.0,1.33
cfb_20261004_suu_utu,away,1791082086785407195,0.005646845,0.9299999999999999,0.06,1.33,5.0,1.33
cfb_20261004_suu_utu,away,1791082086817558425,0.011868434,0.9299999999999999,0.06,1.33,5.0,1.33
cfb_20261004_suu_utu,away,1791082086835496679,0.0683988,0.9299999999999999,0.06,1.33,5.0,1.33
cfb_20261004_suu_utu,away,1791082086908608053,0.031163895,0.9299999999999999,0.06,1.33,5.0,1.33
cfb_20261004_suu_utu,away,1791082086947650238,0.050122599,0.9299999999999999,0.06,1.33,5.0,1.33
cfb_20261004_suu_utu,away,1791082087030674443,0.004305081,0.9299999999999999,0.06,1.33,5.0,1.33
cfb_20261004_suu_utu,away,1791082087045694144,0.011332514,0.9299999999999999,0.06,1.33,5.0,1.33
cfb_20261004_suu_utu,away,1791082087063321598,0.030672866,0.9299999999999999,0.06,21.0,5.0,5.0
cfb_20261004_suu_utu,away,1791082087296568312,0.512244956,0.9299999999999999,0.06,1.33,5.0,1.33
cfb_20261004_suu_utu,away,1791082088066642378,1.464183665,0.9299999999999999,0.06,1.33,5.0,1.33
cfb_20261004_suu_utu,away,1791082106796651331,0.724314648,0.9299999999999999,0.06,9.86,5.0,5.0
cfb_20261004_suu_utu,away,1791082107625520014,0.017522639,0.9299999999999999,0.06,9.86,5.0,5.0
cfb_20261004_suu_utu,away,1791082107772117881,0.010623514,0.9299999999999999,0.06,50.31,5.0,5.0
cfb_20261004_suu_utu,away,1791082107818558832,0.01584477,0.9299999999999999,0.06,9.86,5.0,5.0
cfb_20261004_arst_ull,home,1791079073688779137,0.067813003,0.52,0.43999999999999995,21.0,82.92,21.0
cfb_20261004_arst_ull,home,1791079073759280716,0.001057873,0.51,0.44999999999999996,5.0,144.0,5.0
cfb_20261004_arst_ull,home,1791079073774984242,0.024427855,0.49,0.47,22.0,20.0,20.0
cfb_20261004_arst_ull,home,1791079914622449165,0.440834493,0.61,0.36,70.17,35.92,35.92
cfb_20261004_arst_ull,home,1791081065399686436,0.574491051,0.6,0.37,76.02,5.0,5.0
cfb_20261004_arst_ull,home,1791081223634461763,0.004566461,0.6,0.37,608.0,144.0,144.0
cfb_20261004_arst_ull,home,1791081974633304695,0.068166839,0.49,0.47,940.88,144.0,144.0
cfb_20261004_arst_ull,home,1791081974714269012,0.031375055,0.47,0.49,1802.3500000000001,39.65,39.65
cfb_20261004_arst_ull,home,1791082224365541431,0.687186189,0.69,0.28,322.21,149.02,149.02
cfb_20261004_arst_ull,home,1791082283654360438,0.39904569,0.74,0.20999999999999996,155.95,144.0,144.0
cfb_20261004_arst_ull,home,1791082384274521353,0.783295882,0.8,0.16000000000000003,102.19,12.0,12.0
cfb_20261004_arst_ull,home,1791082554648678259,0.29874789,0.89,0.08999999999999997,719.95,62.0,62.0
cfb_20261004_arst_ull,away,1791073602623808825,0.438755499,0.22999999999999998,0.74,7580.0,7.0,7.0
cfb_20261004_arst_ull,away,1791075893018037297,0.111130147,0.18000000000000005,0.79,49.0,5.0,5.0
cfb_20261004_arst_ull,away,1791079365452836191,0.600789016,0.47,0.47,191.0,15.0,15.0
cfb_20261004_arst_ull,away,1791080224413362491,0.639573707,0.25,0.72,43.1,7.0,7.0
cfb_20261004_arst_ull,away,1791080638395784118,3.51093639,0.31999999999999995,0.65,8.57,144.0,8.57
cfb_20261004_arst_ull,away,1791081057409408684,0.08423208,0.4,0.57,1645.12,138.73,138.73
cfb_20261004_arst_ull,away,1791081983369095270,0.018391461,0.47,0.49,18.72,12.0,12.0
cfb_20261004_arst_ull,away,1791081983396966544,0.012285401,0.47,0.49,1.0,12.0,1.0
cfb_20261004_arst_ull,away,1791081983414324045,0.114064307,0.47,0.49,100.0,12.0,12.0
cfb_20261004_arst_ull,away,1791081983550315178,0.127138348,0.47,0.49,18.72,12.0,12.0
cfb_20261004_arst_ull,away,1791081998094741687,0.078364533,0.48,0.46,34.99,45.0,34.99
cfb_20261004_arst_ull,away,1791081998176354710,0.615224218,0.43000000000000005,0.46,105.0,45.0,45.0
cfb_20261004_arst_ull,away,1791081998963222339,0.004118603,0.39,0.58,100.0,45.0,45.0
cfb_20261004_arst_ull,away,1791081998979233589,0.100618793,0.39,0.58,6.0,45.0,6.0
cfb_20261004_arst_ull,away,1791082277289509577,0.078585241,0.22999999999999998,0.74,866.74,144.0,144.0
cfb_20261004_arst_ull,away,1791082308954906782,0.110275514,0.22999999999999998,0.71,42.79,56.0,42.79
cfb_20261004_arst_ull,away,1791082332796258592,0.26140177,0.17000000000000004,0.81,1373.23,200.0,200.0
cfb_20261004_arst_ull,away,1791082414523302015,0.298471238,0.18000000000000005,0.78,484.76,62.0,62.0
cfb_20261004_arst_ull,away,1791082415057910471,0.078697786,0.14,0.83,404.5,10.0,10.0
cfb_20261004_arst_ull,away,1791082415160877632,0.038365779,0.13,0.85,3.73,1466.93,3.73
cfb_20261004_arst_ull,away,1791082415242944235,0.833610156,0.12,0.85,50.0,1466.93,50.0
cfb_20261004_arst_ull,away,1791082505091601163,0.318088552,0.14,0.84,533.99,62.0,62.0
cfb_20261004_arst_ull,away,1791082714091565554,0.968212074,0.06999999999999995,0.92,30.13,12.0,12.0
