trial_id,et_date,pnl
R1.A.A.A1.W60,2025-09-13,1.07
R1.A.A.A1.W60,2025-09-14,1.08
R1.A.A.A1.W60,2025-09-18,1.37
R1.A.A.A1.W60,2025-09-20,-7.359999999999999
R1.A.A.A1.W60,2025-09-28,1.67
R1.A.A.A1.W60,2025-09-29,1.97
R1.A.A.A1.W60,2025-10-02,-8.03
R1.A.A.A1.W60,2025-10-03,0.88
R1.A.A.A1.W60,2025-10-04,1.18
R1.A.A.A1.W60,2025-10-05,1.77
R1.A.A.A1.W60,2025-10-11,2.6500000000000004
R1.A.A.A1.W60,2025-10-18,3.05
R1.A.A.A1.W60,2025-10-25,2.16
R1.A.A.A1.W60,2025-10-27,1.57
R1.A.A.A1.W60,2025-11-01,1.77
R1.A.A.A1.W60,2025-11-06,1.97
R1.A.A.A1.W60,2025-11-13,1.37
R1.A.A.A1.W60,2025-11-15,0.19
R1.A.A.A1.W60,2025-11-16,1.97
R1.A.A.A1.W60,2025-11-23,1.18
R1.A.A.A1.W60,2025-11-30,3.24
R1.A.A.A1.W60,2025-12-06,1.77
R1.A.A.A1.W60,2025-12-14,2.6500000000000004
R1.A.A.A1.W60,2025-12-20,1.96
R1.A.A.A1.W60,2025-12-25,1.37
R1.A.A.A1.W60,2025-12-27,-8.23
R1.A.A.A1.W60,2026-01-02,1.18
R1.A.A.A1.W60,2026-01-04,1.86
R1.A.A.A1.W300,2025-09-12,-8.149999999999999
R1.A.A.A1.W300,2025-09-13,5.28
R1.A.A.A1.W300,2025-09-14,1.08
R1.A.A.A1.W300,2025-09-18,1.37
R1.A.A.A1.W300,2025-09-20,-10.080000000000002
R1.A.A.A1.W300,2025-09-26,1.77
R1.A.A.A1.W300,2025-09-27,4.12
R1.A.A.A1.W300,2025-09-28,2.65
R1.A.A.A1.W300,2025-09-29,1.97
R1.A.A.A1.W300,2025-10-02,-8.03
R1.A.A.A1.W300,2025-10-03,0.88
R1.A.A.A1.W300,2025-10-04,-2.539999999999999
R1.A.A.A1.W300,2025-10-05,-6.26
R1.A.A.A1.W300,2025-10-11,8.92
R1.A.A.A1.W300,2025-10-12,1.28
R1.A.A.A1.W300,2025-10-18,-4.11
R1.A.A.A1.W300,2025-10-19,1.37
R1.A.A.A1.W300,2025-10-25,6.680000000000001
R1.A.A.A1.W300,2025-10-26,0.88
R1.A.A.A1.W300,2025-10-27,1.57
R1.A.A.A1.W300,2025-10-28,1.87
R1.A.A.A1.W300,2025-10-31,2.55
R1.A.A.A1.W300,2025-11-01,-4.7
R1.A.A.A1.W300,2025-11-02,-15.870000000000001
R1.A.A.A1.W300,2025-11-05,1.37
R1.A.A.A1.W300,2025-11-06,3.44
R1.A.A.A1.W300,2025-11-07,1.47
R1.A.A.A1.W300,2025-11-08,5.6
R1.A.A.A1.W300,2025-11-13,1.37
R1.A.A.A1.W300,2025-11-14,0.39
R1.A.A.A1.W300,2025-11-15,7.07
R1.A.A.A1.W300,2025-11-16,1.97
R1.A.A.A1.W300,2025-11-22,5.02
R1.A.A.A1.W300,2025-11-23,2.16
R1.A.A.A1.W300,2025-11-25,1.47
R1.A.A.A1.W300,2025-11-28,1.28
R1.A.A.A1.W300,2025-11-29,2.3600000000000003
R1.A.A.A1.W300,2025-11-30,-4.99
R1.A.A.A1.W300,2025-12-06,1.77
R1.A.A.A1.W300,2025-12-07,1.87
R1.A.A.A1.W300,2025-12-14,5.01
R1.A.A.A1.W300,2025-12-20,1.96
R1.A.A.A1.W300,2025-12-21,2.65
R1.A.A.A1.W300,2025-12-23,1.87
R1.A.A.A1.W300,2025-12-25,1.37
R1.A.A.A1.W300,2025-12-26,1.97
R1.A.A.A1.W300,2025-12-27,-8.23
R1.A.A.A1.W300,2025-12-28,1.18
R1.A.A.A1.W300,2025-12-31,1.57
R1.A.A.A1.W300,2026-01-02,1.18
R1.A.A.A1.W300,2026-01-04,5.680000000000001
R1.A.A.A2.W60,2025-09-13,0.29
R1.A.A.A2.W60,2025-10-02,-7.93
R1.A.A.A2.W60,2025-10-11,1.47
R1.A.A.A2.W300,2025-09-13,2.05
R1.A.A.A2.W300,2025-09-20,-3.4100000000000006
R1.A.A.A2.W300,2025-09-26,1.87
R1.A.A.A2.W300,2025-09-29,2.07
R1.A.A.A2.W300,2025-10-02,-7.93
R1.A.A.A2.W300,2025-10-04,2.95
R1.A.A.A2.W300,2025-10-11,4.41
R1.A.A.A2.W300,2025-10-25,3.54
R1.A.A.A2.W300,2025-11-23,1.28
R1.A.A.A2.W300,2025-12-14,1.47
R1.A.A.A2.W300,2025-12-31,1.67
R1.A.A.A2.W300,2026-01-04,1.47
R1.A.I12.A1.W60,2025-09-08,-7.44
R1.A.I12.A1.W60,2025-09-11,7.91
R1.A.I12.A1.W60,2025-09-12,-4.629999999999999
R1.A.I12.A1.W60,2025-09-13,14.95
R1.A.I12.A1.W60,2025-09-14,-7.849999999999998
R1.A.I12.A1.W60,2025-09-15,-1.19
R1.A.I12.A1.W60,2025-09-18,-2.6799999999999997
R1.A.I12.A1.W60,2025-09-19,11.91
R1.A.I12.A1.W60,2025-09-20,-17.93
R1.A.I12.A1.W60,2025-09-21,27.94
R1.A.I12.A1.W60,2025-09-22,7.06
R1.A.I12.A1.W60,2025-09-25,-6.779999999999999
R1.A.I12.A1.W60,2025-09-26,-6.74
R1.A.I12.A1.W60,2025-09-27,-7.83
R1.A.I12.A1.W60,2025-09-28,0.25999999999999934
R1.A.I12.A1.W60,2025-09-29,5.25
R1.A.I12.A1.W60,2025-10-02,-5.45
R1.A.I12.A1.W60,2025-10-03,-0.79
R1.A.I12.A1.W60,2025-10-04,3.7499999999999996
R1.A.I12.A1.W60,2025-10-05,-9.450000000000001
R1.A.I12.A1.W60,2025-10-06,-7.54
R1.A.I12.A1.W60,2025-10-09,-5.05
R1.A.I12.A1.W60,2025-10-10,-2.05
R1.A.I12.A1.W60,2025-10-11,9.85
R1.A.I12.A1.W60,2025-10-12,2.479999999999999
R1.A.I12.A1.W60,2025-10-13,-0.5
R1.A.I12.A1.W60,2025-10-14,3.51
R1.A.I12.A1.W60,2025-10-15,-10.6
R1.A.I12.A1.W60,2025-10-16,8.27
R1.A.I12.A1.W60,2025-10-17,-7.24
R1.A.I12.A1.W60,2025-10-18,3.330000000000001
R1.A.I12.A1.W60,2025-10-19,20.86
R1.A.I12.A1.W60,2025-10-20,-0.8499999999999999
R1.A.I12.A1.W60,2025-10-21,2.26
R1.A.I12.A1.W60,2025-10-22,6.71
R1.A.I12.A1.W60,2025-10-23,-2.06
R1.A.I12.A1.W60,2025-10-24,-0.92
R1.A.I12.A1.W60,2025-10-25,-18.59
R1.A.I12.A1.W60,2025-10-26,-14.73
R1.A.I12.A1.W60,2025-10-27,-2.34
R1.A.I12.A1.W60,2025-10-28,-1.83
R1.A.I12.A1.W60,2025-10-29,-3.75
R1.A.I12.A1.W60,2025-10-30,9.08
R1.A.I12.A1.W60,2025-11-01,-2.7700000000000022
R1.A.I12.A1.W60,2025-11-02,19.66
R1.A.I12.A1.W60,2025-11-03,-5.45
R1.A.I12.A1.W60,2025-11-04,0.78
R1.A.I12.A1.W60,2025-11-05,-3.65
R1.A.I12.A1.W60,2025-11-06,9.99
R1.A.I12.A1.W60,2025-11-07,-6.63
R1.A.I12.A1.W60,2025-11-08,30.31
R1.A.I12.A1.W60,2025-11-09,0.20999999999999996
R1.A.I12.A1.W60,2025-11-10,4.45
R1.A.I12.A1.W60,2025-11-11,-6.84
R1.A.I12.A1.W60,2025-11-13,-0.61
R1.A.I12.A1.W60,2025-11-15,25.23
R1.A.I12.A1.W60,2025-11-16,14.21
R1.A.I12.A1.W60,2025-11-17,-4.55
R1.A.I12.A1.W60,2025-11-18,4.85
R1.A.I12.A1.W60,2025-11-19,-4.96
R1.A.I12.A1.W60,2025-11-20,6.96
R1.A.I12.A1.W60,2025-11-21,5.15
R1.A.I12.A1.W60,2025-11-22,13.999999999999998
R1.A.I12.A1.W60,2025-11-23,20.009999999999998
R1.A.I12.A1.W60,2025-11-27,-20.03
R1.A.I12.A1.W60,2025-11-28,-12.829999999999998
R1.A.I12.A1.W60,2025-11-29,-23.6
R1.A.I12.A1.W60,2025-11-30,-10.95
R1.A.I12.A1.W60,2025-12-01,0.98
R1.A.I12.A1.W60,2025-12-04,3.36
R1.A.I12.A1.W60,2025-12-05,6.319999999999999
R1.A.I12.A1.W60,2025-12-06,-4.1499999999999995
R1.A.I12.A1.W60,2025-12-07,16.6
R1.A.I12.A1.W60,2025-12-11,-6.05
R1.A.I12.A1.W60,2025-12-13,1.8099999999999996
R1.A.I12.A1.W60,2025-12-14,-18.83
R1.A.I12.A1.W60,2025-12-15,-2.74
R1.A.I12.A1.W60,2025-12-16,-3.34
R1.A.I12.A1.W60,2025-12-17,-0.20000000000000018
R1.A.I12.A1.W60,2025-12-18,-2.54
R1.A.I12.A1.W60,2025-12-19,5.94
R1.A.I12.A1.W60,2025-12-20,12.95
R1.A.I12.A1.W60,2025-12-21,-20.2
R1.A.I12.A1.W60,2025-12-22,1.0099999999999998
R1.A.I12.A1.W60,2025-12-23,-10.309999999999999
R1.A.I12.A1.W60,2025-12-24,-6.25
R1.A.I12.A1.W60,2025-12-25,1.37
R1.A.I12.A1.W60,2025-12-26,1.6600000000000001
R1.A.I12.A1.W60,2025-12-27,13.44
R1.A.I12.A1.W60,2025-12-28,-8.659999999999998
R1.A.I12.A1.W60,2025-12-29,-6.18
R1.A.I12.A1.W60,2025-12-30,5.759999999999999
R1.A.I12.A1.W60,2025-12-31,7.359999999999999
R1.A.I12.A1.W60,2026-01-01,-4.54
R1.A.I12.A1.W60,2026-01-02,-7.340000000000001
R1.A.I12.A1.W60,2026-01-03,-1.0900000000000003
R1.A.I12.A1.W60,2026-01-04,-10.43
R1.A.I12.A1.W60,2026-01-08,3.36
R1.A.I12.A1.W60,2026-01-09,3.95
R1.A.I12.A1.W60,2026-01-10,-3.7899999999999996
R1.A.I12.A1.W60,2026-01-11,-0.23000000000000043
R1.A.I12.A1.W60,2026-01-12,-3.24
R1.A.I12.A1.W60,2026-01-17,-5.95
R1.A.I12.A1.W60,2026-01-18,-0.48
R1.A.I12.A1.W300,2025-09-08,-7.44
R1.A.I12.A1.W300,2025-09-11,7.91
R1.A.I12.A1.W300,2025-09-12,-4.629999999999999
R1.A.I12.A1.W300,2025-09-13,15.089999999999998
R1.A.I12.A1.W300,2025-09-14,-6.769999999999998
R1.A.I12.A1.W300,2025-09-15,-1.19
R1.A.I12.A1.W300,2025-09-18,-2.6799999999999997
R1.A.I12.A1.W300,2025-09-19,11.91
R1.A.I12.A1.W300,2025-09-20,-20.439999999999998
R1.A.I12.A1.W300,2025-09-21,25.0
R1.A.I12.A1.W300,2025-09-22,7.06
R1.A.I12.A1.W300,2025-09-25,-6.779999999999999
R1.A.I12.A1.W300,2025-09-26,-6.74
R1.A.I12.A1.W300,2025-09-27,20.37
R1.A.I12.A1.W300,2025-09-28,6.51
R1.A.I12.A1.W300,2025-09-29,8.8
R1.A.I12.A1.W300,2025-10-02,-5.45
R1.A.I12.A1.W300,2025-10-03,-0.79
R1.A.I12.A1.W300,2025-10-04,-7.800000000000001
R1.A.I12.A1.W300,2025-10-05,-0.370000000000001
R1.A.I12.A1.W300,2025-10-06,-7.54
R1.A.I12.A1.W300,2025-10-09,-13.649999999999999
R1.A.I12.A1.W300,2025-10-10,-2.05
R1.A.I12.A1.W300,2025-10-11,-10.210000000000003
R1.A.I12.A1.W300,2025-10-12,2.479999999999999
R1.A.I12.A1.W300,2025-10-13,-0.5
R1.A.I12.A1.W300,2025-10-14,3.51
R1.A.I12.A1.W300,2025-10-15,-10.6
R1.A.I12.A1.W300,2025-10-16,8.27
R1.A.I12.A1.W300,2025-10-17,-7.24
R1.A.I12.A1.W300,2025-10-18,20.66
R1.A.I12.A1.W300,2025-10-19,28.57
R1.A.I12.A1.W300,2025-10-20,-0.8499999999999999
R1.A.I12.A1.W300,2025-10-21,-5.48
R1.A.I12.A1.W300,2025-10-22,6.71
R1.A.I12.A1.W300,2025-10-23,-2.06
R1.A.I12.A1.W300,2025-10-24,-0.92
R1.A.I12.A1.W300,2025-10-25,-33.7
R1.A.I12.A1.W300,2025-10-26,-24.43
R1.A.I12.A1.W300,2025-10-27,-2.34
R1.A.I12.A1.W300,2025-10-28,-0.26
R1.A.I12.A1.W300,2025-10-29,-3.75
R1.A.I12.A1.W300,2025-10-30,16.14
R1.A.I12.A1.W300,2025-10-31,-3.85
R1.A.I12.A1.W300,2025-11-01,-6.2600000000000025
R1.A.I12.A1.W300,2025-11-02,11.969999999999999
R1.A.I12.A1.W300,2025-11-03,-5.45
R1.A.I12.A1.W300,2025-11-04,0.78
R1.A.I12.A1.W300,2025-11-05,-3.65
R1.A.I12.A1.W300,2025-11-06,9.99
R1.A.I12.A1.W300,2025-11-07,-6.63
R1.A.I12.A1.W300,2025-11-08,40.410000000000004
R1.A.I12.A1.W300,2025-11-09,0.20999999999999996
R1.A.I12.A1.W300,2025-11-10,4.45
R1.A.I12.A1.W300,2025-11-11,-2.49
R1.A.I12.A1.W300,2025-11-12,5.15
R1.A.I12.A1.W300,2025-11-13,-1.73
R1.A.I12.A1.W300,2025-11-14,4.85
R1.A.I12.A1.W300,2025-11-15,33.06
R1.A.I12.A1.W300,2025-11-16,20.560000000000002
R1.A.I12.A1.W300,2025-11-17,-4.55
R1.A.I12.A1.W300,2025-11-18,4.85
R1.A.I12.A1.W300,2025-11-19,-4.96
R1.A.I12.A1.W300,2025-11-20,14.52
R1.A.I12.A1.W300,2025-11-21,5.15
R1.A.I12.A1.W300,2025-11-22,7.449999999999997
R1.A.I12.A1.W300,2025-11-23,19.189999999999998
R1.A.I12.A1.W300,2025-11-24,2.26
R1.A.I12.A1.W300,2025-11-27,-13.68
R1.A.I12.A1.W300,2025-11-28,-12.439999999999998
R1.A.I12.A1.W300,2025-11-29,-27.04
R1.A.I12.A1.W300,2025-11-30,-16.73
R1.A.I12.A1.W300,2025-12-01,0.98
R1.A.I12.A1.W300,2025-12-04,3.36
R1.A.I12.A1.W300,2025-12-05,6.319999999999999
R1.A.I12.A1.W300,2025-12-06,-4.1499999999999995
R1.A.I12.A1.W300,2025-12-07,24.47
R1.A.I12.A1.W300,2025-12-11,-6.05
R1.A.I12.A1.W300,2025-12-13,1.8099999999999996
R1.A.I12.A1.W300,2025-12-14,-31.95
R1.A.I12.A1.W300,2025-12-15,-2.74
R1.A.I12.A1.W300,2025-12-16,-3.34
R1.A.I12.A1.W300,2025-12-17,-0.20000000000000018
R1.A.I12.A1.W300,2025-12-18,1.21
R1.A.I12.A1.W300,2025-12-19,5.94
R1.A.I12.A1.W300,2025-12-20,12.95
R1.A.I12.A1.W300,2025-12-21,-20.2
R1.A.I12.A1.W300,2025-12-22,1.0099999999999998
R1.A.I12.A1.W300,2025-12-23,-10.309999999999999
R1.A.I12.A1.W300,2025-12-24,-6.25
R1.A.I12.A1.W300,2025-12-25,1.37
R1.A.I12.A1.W300,2025-12-26,1.6600000000000001
R1.A.I12.A1.W300,2025-12-27,13.44
R1.A.I12.A1.W300,2025-12-28,-10.489999999999998
R1.A.I12.A1.W300,2025-12-29,-6.18
R1.A.I12.A1.W300,2025-12-30,5.759999999999999
R1.A.I12.A1.W300,2025-12-31,7.359999999999999
R1.A.I12.A1.W300,2026-01-01,-4.54
R1.A.I12.A1.W300,2026-01-02,-7.340000000000001
R1.A.I12.A1.W300,2026-01-03,-1.0900000000000003
R1.A.I12.A1.W300,2026-01-04,-18.46
R1.A.I12.A1.W300,2026-01-08,3.36
R1.A.I12.A1.W300,2026-01-09,3.95
R1.A.I12.A1.W300,2026-01-10,-3.7899999999999996
R1.A.I12.A1.W300,2026-01-11,-0.23000000000000043
R1.A.I12.A1.W300,2026-01-12,-3.24
R1.A.I12.A1.W300,2026-01-17,-5.95
R1.A.I12.A1.W300,2026-01-18,-0.48
R1.A.I12.A2.W60,2025-09-11,8.11
R1.A.I12.A2.W60,2025-09-12,-4.33
R1.A.I12.A2.W60,2025-09-13,18.36
R1.A.I12.A2.W60,2025-09-14,6.729999999999999
R1.A.I12.A2.W60,2025-09-15,3.16
R1.A.I12.A2.W60,2025-09-18,-2.4800000000000004
R1.A.I12.A2.W60,2025-09-19,12.11
R1.A.I12.A2.W60,2025-09-20,-18.21
R1.A.I12.A2.W60,2025-09-21,15.370000000000001
R1.A.I12.A2.W60,2025-09-22,7.16
R1.A.I12.A2.W60,2025-09-25,-6.58
R1.A.I12.A2.W60,2025-09-26,-6.64
R1.A.I12.A2.W60,2025-09-27,-11.120000000000001
R1.A.I12.A2.W60,2025-09-28,1.1399999999999997
R1.A.I12.A2.W60,2025-09-29,5.35
R1.A.I12.A2.W60,2025-10-04,4.84
R1.A.I12.A2.W60,2025-10-05,-18.66
R1.A.I12.A2.W60,2025-10-06,-7.44
R1.A.I12.A2.W60,2025-10-09,-4.95
R1.A.I12.A2.W60,2025-10-10,2.3
R1.A.I12.A2.W60,2025-10-11,7.429999999999998
R1.A.I12.A2.W60,2025-10-12,2.2199999999999993
R1.A.I12.A2.W60,2025-10-13,-0.2999999999999998
R1.A.I12.A2.W60,2025-10-14,5.95
R1.A.I12.A2.W60,2025-10-15,-10.4
R1.A.I12.A2.W60,2025-10-16,8.37
R1.A.I12.A2.W60,2025-10-17,-1.29
R1.A.I12.A2.W60,2025-10-18,6.399999999999998
R1.A.I12.A2.W60,2025-10-19,21.66
R1.A.I12.A2.W60,2025-10-22,6.91
R1.A.I12.A2.W60,2025-10-23,-2.64
R1.A.I12.A2.W60,2025-10-24,-0.82
R1.A.I12.A2.W60,2025-10-25,-13.34
R1.A.I12.A2.W60,2025-10-26,-14.879999999999999
R1.A.I12.A2.W60,2025-10-27,-2.24
R1.A.I12.A2.W60,2025-10-28,-1.73
R1.A.I12.A2.W60,2025-10-29,-3.65
R1.A.I12.A2.W60,2025-11-01,-14.790000000000001
R1.A.I12.A2.W60,2025-11-02,17.65
R1.A.I12.A2.W60,2025-11-03,-5.35
R1.A.I12.A2.W60,2025-11-05,-3.54
R1.A.I12.A2.W60,2025-11-06,9.6
R1.A.I12.A2.W60,2025-11-08,9.1
R1.A.I12.A2.W60,2025-11-09,-18.26
R1.A.I12.A2.W60,2025-11-10,4.55
R1.A.I12.A2.W60,2025-11-11,-6.74
R1.A.I12.A2.W60,2025-11-15,25.339999999999996
R1.A.I12.A2.W60,2025-11-16,8.379999999999999
R1.A.I12.A2.W60,2025-11-17,-4.45
R1.A.I12.A2.W60,2025-11-18,4.95
R1.A.I12.A2.W60,2025-11-20,7.06
R1.A.I12.A2.W60,2025-11-21,5.25
R1.A.I12.A2.W60,2025-11-22,10.14
R1.A.I12.A2.W60,2025-11-23,15.22
R1.A.I12.A2.W60,2025-11-27,-5.25
R1.A.I12.A2.W60,2025-11-28,-16.66
R1.A.I12.A2.W60,2025-11-29,-6.749999999999999
R1.A.I12.A2.W60,2025-11-30,-2.8999999999999995
R1.A.I12.A2.W60,2025-12-06,-3.65
R1.A.I12.A2.W60,2025-12-07,17.99
R1.A.I12.A2.W60,2025-12-11,-5.95
R1.A.I12.A2.W60,2025-12-13,4.15
R1.A.I12.A2.W60,2025-12-14,-4.45
R1.A.I12.A2.W60,2025-12-17,0.0
R1.A.I12.A2.W60,2025-12-19,6.14
R1.A.I12.A2.W60,2025-12-20,10.6
R1.A.I12.A2.W60,2025-12-21,-23.700000000000003
R1.A.I12.A2.W60,2025-12-22,1.21
R1.A.I12.A2.W60,2025-12-23,-6.64
R1.A.I12.A2.W60,2025-12-24,-6.15
R1.A.I12.A2.W60,2025-12-25,1.47
R1.A.I12.A2.W60,2025-12-26,-0.7999999999999998
R1.A.I12.A2.W60,2025-12-27,3.3500000000000005
R1.A.I12.A2.W60,2025-12-28,-11.98
R1.A.I12.A2.W60,2025-12-29,-4.25
R1.A.I12.A2.W60,2025-12-30,0.6100000000000003
R1.A.I12.A2.W60,2025-12-31,3.1099999999999994
R1.A.I12.A2.W60,2026-01-01,-4.24
R1.A.I12.A2.W60,2026-01-02,-6.94
R1.A.I12.A2.W60,2026-01-03,-3.75
R1.A.I12.A2.W60,2026-01-04,-11.48
R1.A.I12.A2.W60,2026-01-08,3.46
R1.A.I12.A2.W60,2026-01-09,4.05
R1.A.I12.A2.W60,2026-01-10,-6.25
R1.A.I12.A2.W60,2026-01-11,0.06999999999999984
R1.A.I12.A2.W60,2026-01-12,-3.14
R1.A.I12.A2.W60,2026-01-17,-5.85
R1.A.I12.A2.W300,2025-09-08,-7.34
R1.A.I12.A2.W300,2025-09-11,8.11
R1.A.I12.A2.W300,2025-09-12,-4.33
R1.A.I12.A2.W300,2025-09-13,17.3
R1.A.I12.A2.W300,2025-09-14,-1.5600000000000005
R1.A.I12.A2.W300,2025-09-15,-0.9900000000000002
R1.A.I12.A2.W300,2025-09-18,-2.4800000000000004
R1.A.I12.A2.W300,2025-09-19,12.11
R1.A.I12.A2.W300,2025-09-20,-21.58
R1.A.I12.A2.W300,2025-09-21,22.05
R1.A.I12.A2.W300,2025-09-22,7.16
R1.A.I12.A2.W300,2025-09-25,-6.58
R1.A.I12.A2.W300,2025-09-26,-6.64
R1.A.I12.A2.W300,2025-09-27,17.61
R1.A.I12.A2.W300,2025-09-28,4.339999999999999
R1.A.I12.A2.W300,2025-09-29,5.35
R1.A.I12.A2.W300,2025-10-02,-5.35
R1.A.I12.A2.W300,2025-10-04,-9.53
R1.A.I12.A2.W300,2025-10-05,-18.18
R1.A.I12.A2.W300,2025-10-06,-7.44
R1.A.I12.A2.W300,2025-10-09,-13.24
R1.A.I12.A2.W300,2025-10-10,-1.75
R1.A.I12.A2.W300,2025-10-11,-9.470000000000002
R1.A.I12.A2.W300,2025-10-12,-2.9400000000000013
R1.A.I12.A2.W300,2025-10-13,-0.2999999999999998
R1.A.I12.A2.W300,2025-10-14,5.95
R1.A.I12.A2.W300,2025-10-15,-10.4
R1.A.I12.A2.W300,2025-10-16,8.37
R1.A.I12.A2.W300,2025-10-17,-6.94
R1.A.I12.A2.W300,2025-10-18,25.0
R1.A.I12.A2.W300,2025-10-19,25.21
R1.A.I12.A2.W300,2025-10-20,-0.6499999999999999
R1.A.I12.A2.W300,2025-10-21,-7.64
R1.A.I12.A2.W300,2025-10-22,6.91
R1.A.I12.A2.W300,2025-10-23,-2.64
R1.A.I12.A2.W300,2025-10-24,-0.82
R1.A.I12.A2.W300,2025-10-25,-37.81
R1.A.I12.A2.W300,2025-10-26,-8.86
R1.A.I12.A2.W300,2025-10-27,-2.24
R1.A.I12.A2.W300,2025-10-28,-0.06000000000000005
R1.A.I12.A2.W300,2025-10-29,-3.65
R1.A.I12.A2.W300,2025-10-30,7.16
R1.A.I12.A2.W300,2025-11-01,-13.36
R1.A.I12.A2.W300,2025-11-02,19.26
R1.A.I12.A2.W300,2025-11-03,-5.35
R1.A.I12.A2.W300,2025-11-05,-3.54
R1.A.I12.A2.W300,2025-11-06,9.6
R1.A.I12.A2.W300,2025-11-07,-6.33
R1.A.I12.A2.W300,2025-11-08,38.04
R1.A.I12.A2.W300,2025-11-09,-6.450000000000001
R1.A.I12.A2.W300,2025-11-10,4.55
R1.A.I12.A2.W300,2025-11-11,-2.29
R1.A.I12.A2.W300,2025-11-12,5.25
R1.A.I12.A2.W300,2025-11-13,-1.02
R1.A.I12.A2.W300,2025-11-14,4.95
R1.A.I12.A2.W300,2025-11-15,26.439999999999998
R1.A.I12.A2.W300,2025-11-16,11.84
R1.A.I12.A2.W300,2025-11-17,-4.45
R1.A.I12.A2.W300,2025-11-18,4.95
R1.A.I12.A2.W300,2025-11-20,7.06
R1.A.I12.A2.W300,2025-11-21,5.25
R1.A.I12.A2.W300,2025-11-22,11.76
R1.A.I12.A2.W300,2025-11-23,16.990000000000002
R1.A.I12.A2.W300,2025-11-24,2.36
R1.A.I12.A2.W300,2025-11-27,-6.03
R1.A.I12.A2.W300,2025-11-28,-14.89
R1.A.I12.A2.W300,2025-11-29,-23.05
R1.A.I12.A2.W300,2025-11-30,-12.469999999999999
R1.A.I12.A2.W300,2025-12-04,3.46
R1.A.I12.A2.W300,2025-12-05,4.95
R1.A.I12.A2.W300,2025-12-06,-3.85
R1.A.I12.A2.W300,2025-12-07,25.96
R1.A.I12.A2.W300,2025-12-11,-5.95
R1.A.I12.A2.W300,2025-12-13,2.0200000000000005
R1.A.I12.A2.W300,2025-12-14,-27.740000000000002
R1.A.I12.A2.W300,2025-12-17,0.0
R1.A.I12.A2.W300,2025-12-18,3.85
R1.A.I12.A2.W300,2025-12-19,6.14
R1.A.I12.A2.W300,2025-12-20,13.66
R1.A.I12.A2.W300,2025-12-21,-26.64
R1.A.I12.A2.W300,2025-12-22,1.21
R1.A.I12.A2.W300,2025-12-23,-6.64
R1.A.I12.A2.W300,2025-12-24,-6.15
R1.A.I12.A2.W300,2025-12-25,1.47
R1.A.I12.A2.W300,2025-12-26,1.96
R1.A.I12.A2.W300,2025-12-27,9.21
R1.A.I12.A2.W300,2025-12-28,-9.790000000000001
R1.A.I12.A2.W300,2025-12-29,-5.98
R1.A.I12.A2.W300,2025-12-30,0.6100000000000003
R1.A.I12.A2.W300,2025-12-31,7.06
R1.A.I12.A2.W300,2026-01-01,-4.24
R1.A.I12.A2.W300,2026-01-02,-6.94
R1.A.I12.A2.W300,2026-01-03,-0.8900000000000001
R1.A.I12.A2.W300,2026-01-04,-9.64
R1.A.I12.A2.W300,2026-01-08,3.46
R1.A.I12.A2.W300,2026-01-09,4.05
R1.A.I12.A2.W300,2026-01-10,-3.59
R1.A.I12.A2.W300,2026-01-11,0.06999999999999984
R1.A.I12.A2.W300,2026-01-12,-3.14
R1.A.I12.A2.W300,2026-01-17,-5.85
R1.A.I12.A2.W300,2026-01-18,2.96
R1.A.I13.A1.W60,2025-09-21,-3.44
R1.A.I13.A1.W60,2025-09-28,5.55
R1.A.I13.A1.W60,2025-10-05,1.5
R1.A.I13.A1.W60,2025-10-19,7.71
R1.A.I13.A1.W60,2025-11-03,6.25
R1.A.I13.A1.W60,2025-11-09,-3.65
R1.A.I13.A1.W60,2025-11-30,-3.44
R1.A.I13.A1.W60,2025-12-15,-3.75
R1.A.I13.A1.W60,2025-12-25,1.37
R1.A.I13.A1.W60,2026-01-04,-6.45
R1.A.I13.A1.W300,2025-09-14,-2.54
R1.A.I13.A1.W300,2025-09-21,-10.129999999999999
R1.A.I13.A1.W300,2025-09-28,5.55
R1.A.I13.A1.W300,2025-10-05,1.5
R1.A.I13.A1.W300,2025-10-12,-2.74
R1.A.I13.A1.W300,2025-10-19,7.71
R1.A.I13.A1.W300,2025-11-03,6.25
R1.A.I13.A1.W300,2025-11-09,-8.5
R1.A.I13.A1.W300,2025-11-30,-3.44
R1.A.I13.A1.W300,2025-12-07,-4.95
R1.A.I13.A1.W300,2025-12-14,1.57
R1.A.I13.A1.W300,2025-12-15,-3.75
R1.A.I13.A1.W300,2025-12-25,1.37
R1.A.I13.A1.W300,2026-01-04,-6.45
R1.A.I13.A2.W60,2025-11-30,-3.34
R1.A.I13.A2.W300,2025-09-14,-2.44
R1.A.I13.A2.W300,2025-09-21,-9.83
R1.A.I13.A2.W300,2025-09-28,5.65
R1.A.I13.A2.W300,2025-10-05,6.15
R1.A.I13.A2.W300,2025-10-19,2.76
R1.A.I13.A2.W300,2025-11-03,6.35
R1.A.I13.A2.W300,2025-11-30,-3.34
R1.A.I13.A2.W300,2025-12-07,-4.85
R1.A.I13.A2.W300,2025-12-14,1.67
R1.A.I13.A2.W300,2025-12-15,-3.65
R1.A.I13.A2.W300,2026-01-04,-6.35
R1.A.I7.A1.W60,2025-09-21,-2.64
R1.A.I7.A1.W60,2025-11-01,4.75
R1.A.I7.A1.W60,2025-11-27,-6.35
R1.A.I7.A1.W60,2025-12-21,-5.25
R1.A.I7.A1.W300,2025-09-21,-2.64
R1.A.I7.A1.W300,2025-10-10,6.66
R1.A.I7.A1.W300,2025-10-15,4.15
R1.A.I7.A1.W300,2025-11-01,4.75
R1.A.I7.A1.W300,2025-11-27,-6.35
R1.A.I7.A1.W300,2025-12-14,3.95
R1.A.I7.A1.W300,2025-12-21,-5.25
R1.A.I7.A1.W300,2025-12-27,-2.94
R1.A.I8.A1.W60,2025-09-12,-3.65
R1.A.I8.A1.W60,2025-09-13,8.12
R1.A.I8.A1.W60,2025-09-14,-6.010000000000001
R1.A.I8.A1.W60,2025-09-15,-5.85
R1.A.I8.A1.W60,2025-09-19,-4.65
R1.A.I8.A1.W60,2025-09-20,-0.8199999999999994
R1.A.I8.A1.W60,2025-09-21,-2.8099999999999996
R1.A.I8.A1.W60,2025-09-27,-0.7799999999999994
R1.A.I8.A1.W60,2025-09-28,10.61
R1.A.I8.A1.W60,2025-09-29,1.97
R1.A.I8.A1.W60,2025-10-02,-8.03
R1.A.I8.A1.W60,2025-10-03,0.88
R1.A.I8.A1.W60,2025-10-04,7.589999999999999
R1.A.I8.A1.W60,2025-10-05,16.36
R1.A.I8.A1.W60,2025-10-06,6.15
R1.A.I8.A1.W60,2025-10-11,-10.040000000000001
R1.A.I8.A1.W60,2025-10-12,15.52
R1.A.I8.A1.W60,2025-10-13,-7.14
R1.A.I8.A1.W60,2025-10-17,7.97
R1.A.I8.A1.W60,2025-10-18,4.24
R1.A.I8.A1.W60,2025-10-19,-17.73
R1.A.I8.A1.W60,2025-10-20,2.96
R1.A.I8.A1.W60,2025-10-21,6.76
R1.A.I8.A1.W60,2025-10-23,3.16
R1.A.I8.A1.W60,2025-10-25,-14.65
R1.A.I8.A1.W60,2025-10-26,3.48
R1.A.I8.A1.W60,2025-10-29,-4.15
R1.A.I8.A1.W60,2025-10-30,6.66
R1.A.I8.A1.W60,2025-11-01,3.84
R1.A.I8.A1.W60,2025-11-02,7.640000000000001
R1.A.I8.A1.W60,2025-11-03,6.25
R1.A.I8.A1.W60,2025-11-05,-1.63
R1.A.I8.A1.W60,2025-11-08,-18.09
R1.A.I8.A1.W60,2025-11-09,16.16
R1.A.I8.A1.W60,2025-11-10,-4.95
R1.A.I8.A1.W60,2025-11-12,-4.35
R1.A.I8.A1.W60,2025-11-13,2.26
R1.A.I8.A1.W60,2025-11-15,-1.3000000000000003
R1.A.I8.A1.W60,2025-11-16,-5.970000000000001
R1.A.I8.A1.W60,2025-11-17,-3.65
R1.A.I8.A1.W60,2025-11-18,2.6099999999999994
R1.A.I8.A1.W60,2025-11-22,-4.05
R1.A.I8.A1.W60,2025-11-23,10.209999999999999
R1.A.I8.A1.W60,2025-11-27,-7.84
R1.A.I8.A1.W60,2025-11-28,-4.03
R1.A.I8.A1.W60,2025-11-29,-1.1799999999999997
R1.A.I8.A1.W60,2025-11-30,-8.92
R1.A.I8.A1.W60,2025-12-01,2.36
R1.A.I8.A1.W60,2025-12-04,3.55
R1.A.I8.A1.W60,2025-12-06,3.0700000000000007
R1.A.I8.A1.W60,2025-12-07,7.93
R1.A.I8.A1.W60,2025-12-08,5.05
R1.A.I8.A1.W60,2025-12-14,2.74
R1.A.I8.A1.W60,2025-12-15,3.55
R1.A.I8.A1.W60,2025-12-17,-6.45
R1.A.I8.A1.W60,2025-12-18,4.45
R1.A.I8.A1.W60,2025-12-19,-5.65
R1.A.I8.A1.W60,2025-12-20,6.7299999999999995
R1.A.I8.A1.W60,2025-12-21,-13.879999999999999
R1.A.I8.A1.W60,2025-12-23,-5.75
R1.A.I8.A1.W60,2025-12-24,4.65
R1.A.I8.A1.W60,2025-12-25,1.37
R1.A.I8.A1.W60,2025-12-27,-7.94
R1.A.I8.A1.W60,2025-12-28,8.02
R1.A.I8.A1.W60,2025-12-29,2.26
R1.A.I8.A1.W60,2025-12-30,2.16
R1.A.I8.A1.W60,2025-12-31,-3.95
R1.A.I8.A1.W60,2026-01-01,2.86
R1.A.I8.A1.W60,2026-01-02,5.43
R1.A.I8.A1.W60,2026-01-03,3.95
R1.A.I8.A1.W60,2026-01-04,-5.18
R1.A.I8.A1.W60,2026-01-10,-5.55
R1.A.I8.A1.W60,2026-01-11,-5.45
R1.A.I8.A1.W60,2026-01-17,7.31
R1.A.I8.A1.W60,2026-01-18,3.46
R1.A.I8.A1.W300,2025-09-08,-5.15
R1.A.I8.A1.W300,2025-09-12,-17.53
R1.A.I8.A1.W300,2025-09-13,9.11
R1.A.I8.A1.W300,2025-09-14,-14.83
R1.A.I8.A1.W300,2025-09-15,-9.7
R1.A.I8.A1.W300,2025-09-19,-12.58
R1.A.I8.A1.W300,2025-09-20,3.719999999999998
R1.A.I8.A1.W300,2025-09-21,-1.5999999999999996
R1.A.I8.A1.W300,2025-09-25,3.55
R1.A.I8.A1.W300,2025-09-26,9.280000000000001
R1.A.I8.A1.W300,2025-09-27,3.1900000000000004
R1.A.I8.A1.W300,2025-09-28,15.93
R1.A.I8.A1.W300,2025-09-29,1.97
R1.A.I8.A1.W300,2025-10-02,-8.03
R1.A.I8.A1.W300,2025-10-03,-2.66
R1.A.I8.A1.W300,2025-10-04,-8.620000000000001
R1.A.I8.A1.W300,2025-10-05,5.97
R1.A.I8.A1.W300,2025-10-06,6.15
R1.A.I8.A1.W300,2025-10-10,2.26
R1.A.I8.A1.W300,2025-10-11,-10.360000000000001
R1.A.I8.A1.W300,2025-10-12,16.6
R1.A.I8.A1.W300,2025-10-13,-7.14
R1.A.I8.A1.W300,2025-10-14,2.07
R1.A.I8.A1.W300,2025-10-17,3.3899999999999997
R1.A.I8.A1.W300,2025-10-18,3.4799999999999995
R1.A.I8.A1.W300,2025-10-19,-17.91
R1.A.I8.A1.W300,2025-10-20,2.96
R1.A.I8.A1.W300,2025-10-21,6.76
R1.A.I8.A1.W300,2025-10-23,3.16
R1.A.I8.A1.W300,2025-10-24,3.36
R1.A.I8.A1.W300,2025-10-25,-10.3
R1.A.I8.A1.W300,2025-10-26,11.22
R1.A.I8.A1.W300,2025-10-28,-4.97
R1.A.I8.A1.W300,2025-10-29,-7.69
R1.A.I8.A1.W300,2025-10-30,-0.28000000000000025
R1.A.I8.A1.W300,2025-11-01,29.59
R1.A.I8.A1.W300,2025-11-02,-0.07999999999999918
R1.A.I8.A1.W300,2025-11-03,6.25
R1.A.I8.A1.W300,2025-11-04,-1.93
R1.A.I8.A1.W300,2025-11-05,-1.63
R1.A.I8.A1.W300,2025-11-06,6.35
R1.A.I8.A1.W300,2025-11-07,5.85
R1.A.I8.A1.W300,2025-11-08,-46.42
R1.A.I8.A1.W300,2025-11-09,9.879999999999999
R1.A.I8.A1.W300,2025-11-10,-4.95
R1.A.I8.A1.W300,2025-11-11,4.75
R1.A.I8.A1.W300,2025-11-12,-6.6899999999999995
R1.A.I8.A1.W300,2025-11-13,2.26
R1.A.I8.A1.W300,2025-11-14,5.739999999999999
R1.A.I8.A1.W300,2025-11-15,-6.039999999999999
R1.A.I8.A1.W300,2025-11-16,-6.070000000000001
R1.A.I8.A1.W300,2025-11-17,-3.65
R1.A.I8.A1.W300,2025-11-18,2.6099999999999994
R1.A.I8.A1.W300,2025-11-19,-2.74
R1.A.I8.A1.W300,2025-11-20,5.45
R1.A.I8.A1.W300,2025-11-22,9.76
R1.A.I8.A1.W300,2025-11-23,1.829999999999999
R1.A.I8.A1.W300,2025-11-25,-1.63
R1.A.I8.A1.W300,2025-11-27,-7.84
R1.A.I8.A1.W300,2025-11-28,-9.25
R1.A.I8.A1.W300,2025-11-29,-10.379999999999999
R1.A.I8.A1.W300,2025-11-30,1.8599999999999999
R1.A.I8.A1.W300,2025-12-01,2.36
R1.A.I8.A1.W300,2025-12-04,3.55
R1.A.I8.A1.W300,2025-12-05,5.15
R1.A.I8.A1.W300,2025-12-06,9.22
R1.A.I8.A1.W300,2025-12-07,-0.7899999999999991
R1.A.I8.A1.W300,2025-12-08,5.05
R1.A.I8.A1.W300,2025-12-13,2.36
R1.A.I8.A1.W300,2025-12-14,6.5600000000000005
R1.A.I8.A1.W300,2025-12-15,3.55
R1.A.I8.A1.W300,2025-12-17,-6.45
R1.A.I8.A1.W300,2025-12-18,4.45
R1.A.I8.A1.W300,2025-12-19,-5.65
R1.A.I8.A1.W300,2025-12-20,4.1899999999999995
R1.A.I8.A1.W300,2025-12-21,-32.72
R1.A.I8.A1.W300,2025-12-23,-0.9199999999999995
R1.A.I8.A1.W300,2025-12-24,4.65
R1.A.I8.A1.W300,2025-12-25,3.44
R1.A.I8.A1.W300,2025-12-26,2.96
R1.A.I8.A1.W300,2025-12-27,-2.0200000000000005
R1.A.I8.A1.W300,2025-12-28,8.02
R1.A.I8.A1.W300,2025-12-29,9.719999999999999
R1.A.I8.A1.W300,2025-12-30,2.16
R1.A.I8.A1.W300,2025-12-31,-2.38
R1.A.I8.A1.W300,2026-01-01,2.86
R1.A.I8.A1.W300,2026-01-02,5.43
R1.A.I8.A1.W300,2026-01-03,3.95
R1.A.I8.A1.W300,2026-01-04,-8.35
R1.A.I8.A1.W300,2026-01-10,-5.55
R1.A.I8.A1.W300,2026-01-11,-5.45
R1.A.I8.A1.W300,2026-01-17,7.31
R1.A.I8.A1.W300,2026-01-18,3.46
R1.A.I8.A2.W60,2025-09-13,3.25
R1.A.I8.A2.W60,2025-09-27,1.96
R1.A.I8.A2.W60,2025-10-02,-7.93
R1.A.I8.A2.W60,2025-10-04,5.97
R1.A.I8.A2.W60,2025-10-05,-5.45
R1.A.I8.A2.W60,2025-10-11,-1.47
R1.A.I8.A2.W60,2025-10-12,0.9999999999999996
R1.A.I8.A2.W60,2025-10-19,2.16
R1.A.I8.A2.W60,2025-10-26,3.95
R1.A.I8.A2.W60,2025-11-08,-9.8
R1.A.I8.A2.W60,2025-11-09,2.96
R1.A.I8.A2.W60,2025-11-28,-4.45
R1.A.I8.A2.W60,2025-12-30,2.26
R1.A.I8.A2.W300,2025-09-12,-3.54
R1.A.I8.A2.W300,2025-09-13,4.3500000000000005
R1.A.I8.A2.W300,2025-09-15,-3.75
R1.A.I8.A2.W300,2025-09-20,5.409999999999999
R1.A.I8.A2.W300,2025-09-21,-4.75
R1.A.I8.A2.W300,2025-09-27,0.6300000000000008
R1.A.I8.A2.W300,2025-09-29,2.07
R1.A.I8.A2.W300,2025-10-02,-7.93
R1.A.I8.A2.W300,2025-10-04,5.97
R1.A.I8.A2.W300,2025-10-05,-2.9400000000000004
R1.A.I8.A2.W300,2025-10-11,-14.07
R1.A.I8.A2.W300,2025-10-12,3.6599999999999997
R1.A.I8.A2.W300,2025-10-13,-7.04
R1.A.I8.A2.W300,2025-10-17,-4.380000000000001
R1.A.I8.A2.W300,2025-10-18,-2.8199999999999994
R1.A.I8.A2.W300,2025-10-19,-7.54
R1.A.I8.A2.W300,2025-10-25,-2.54
R1.A.I8.A2.W300,2025-10-26,3.95
R1.A.I8.A2.W300,2025-10-28,-2.84
R1.A.I8.A2.W300,2025-10-30,-0.08000000000000007
R1.A.I8.A2.W300,2025-11-01,1.370000000000001
R1.A.I8.A2.W300,2025-11-08,-15.89
R1.A.I8.A2.W300,2025-11-09,6.51
R1.A.I8.A2.W300,2025-11-13,2.36
R1.A.I8.A2.W300,2025-11-15,-6.54
R1.A.I8.A2.W300,2025-11-16,1.21
R1.A.I8.A2.W300,2025-11-22,1.2999999999999998
R1.A.I8.A2.W300,2025-11-23,-4.49
R1.A.I8.A2.W300,2025-11-27,-7.74
R1.A.I8.A2.W300,2025-11-28,-4.45
R1.A.I8.A2.W300,2025-11-29,-2.94
R1.A.I8.A2.W300,2025-12-07,2.66
R1.A.I8.A2.W300,2025-12-14,1.47
R1.A.I8.A2.W300,2025-12-23,-5.65
R1.A.I8.A2.W300,2025-12-27,-1.2999999999999998
R1.A.I8.A2.W300,2025-12-30,2.26
R1.A.I8.A2.W300,2025-12-31,1.67
R1.A.I8.A2.W300,2026-01-04,5.95
R1.A.I8.A2.W300,2026-01-10,-5.45
R1.A.I9.A1.W60,2025-09-08,7.56
R1.A.I9.A1.W60,2025-09-11,5.55
R1.A.I9.A1.W60,2025-09-12,-2.64
R1.A.I9.A1.W60,2025-09-13,-8.96
R1.A.I9.A1.W60,2025-09-14,17.45
R1.A.I9.A1.W60,2025-09-18,-5.17
R1.A.I9.A1.W60,2025-09-19,-12.49
R1.A.I9.A1.W60,2025-09-20,-2.770000000000001
R1.A.I9.A1.W60,2025-09-21,1.4399999999999995
R1.A.I9.A1.W60,2025-09-22,6.76
R1.A.I9.A1.W60,2025-09-25,-3.28
R1.A.I9.A1.W60,2025-09-26,2.21
R1.A.I9.A1.W60,2025-09-27,21.369999999999997
R1.A.I9.A1.W60,2025-09-28,-12.24
R1.A.I9.A1.W60,2025-09-29,-0.7800000000000002
R1.A.I9.A1.W60,2025-10-02,5.75
R1.A.I9.A1.W60,2025-10-03,6.76
R1.A.I9.A1.W60,2025-10-04,3.4300000000000024
R1.A.I9.A1.W60,2025-10-05,34.75
R1.A.I9.A1.W60,2025-10-06,-5.45
R1.A.I9.A1.W60,2025-10-08,1.2100000000000004
R1.A.I9.A1.W60,2025-10-09,2.9799999999999995
R1.A.I9.A1.W60,2025-10-10,-5.65
R1.A.I9.A1.W60,2025-10-11,6.380000000000001
R1.A.I9.A1.W60,2025-10-12,-32.61
R1.A.I9.A1.W60,2025-10-13,5.05
R1.A.I9.A1.W60,2025-10-14,-6.84
R1.A.I9.A1.W60,2025-10-15,4.15
R1.A.I9.A1.W60,2025-10-17,-10.8
R1.A.I9.A1.W60,2025-10-18,9.219999999999999
R1.A.I9.A1.W60,2025-10-19,-13.91
R1.A.I9.A1.W60,2025-10-20,-2.03
R1.A.I9.A1.W60,2025-10-21,4.65
R1.A.I9.A1.W60,2025-10-22,-3.04
R1.A.I9.A1.W60,2025-10-23,-0.6700000000000002
R1.A.I9.A1.W60,2025-10-24,2.86
R1.A.I9.A1.W60,2025-10-25,6.0600000000000005
R1.A.I9.A1.W60,2025-10-26,-6.579999999999999
R1.A.I9.A1.W60,2025-10-27,-2.24
R1.A.I9.A1.W60,2025-10-28,5.05
R1.A.I9.A1.W60,2025-10-29,3.95
R1.A.I9.A1.W60,2025-10-30,-1.93
R1.A.I9.A1.W60,2025-10-31,-3.95
R1.A.I9.A1.W60,2025-11-01,7.27
R1.A.I9.A1.W60,2025-11-02,6.509999999999999
R1.A.I9.A1.W60,2025-11-03,2.16
R1.A.I9.A1.W60,2025-11-04,4.15
R1.A.I9.A1.W60,2025-11-07,-10.9
R1.A.I9.A1.W60,2025-11-08,-12.100000000000001
R1.A.I9.A1.W60,2025-11-09,-23.48
R1.A.I9.A1.W60,2025-11-11,6.25
R1.A.I9.A1.W60,2025-11-12,4.05
R1.A.I9.A1.W60,2025-11-13,-2.44
R1.A.I9.A1.W60,2025-11-15,-2.710000000000001
R1.A.I9.A1.W60,2025-11-16,3.1700000000000004
R1.A.I9.A1.W60,2025-11-18,-10.100000000000001
R1.A.I9.A1.W60,2025-11-19,5.45
R1.A.I9.A1.W60,2025-11-20,13.620000000000001
R1.A.I9.A1.W60,2025-11-21,11.7
R1.A.I9.A1.W60,2025-11-22,20.369999999999997
R1.A.I9.A1.W60,2025-11-23,-19.32
R1.A.I9.A1.W60,2025-11-25,-2.74
R1.A.I9.A1.W60,2025-11-27,12.52
R1.A.I9.A1.W60,2025-11-28,11.6
R1.A.I9.A1.W60,2025-11-29,-5.550000000000001
R1.A.I9.A1.W60,2025-11-30,-7.61
R1.A.I9.A1.W60,2025-12-01,-1.32
R1.A.I9.A1.W60,2025-12-04,2.46
R1.A.I9.A1.W60,2025-12-05,-10.7
R1.A.I9.A1.W60,2025-12-06,8.76
R1.A.I9.A1.W60,2025-12-07,-11.649999999999999
R1.A.I9.A1.W60,2025-12-08,-4.45
R1.A.I9.A1.W60,2025-12-11,7.56
R1.A.I9.A1.W60,2025-12-13,5.84
R1.A.I9.A1.W60,2025-12-14,-4.860000000000002
R1.A.I9.A1.W60,2025-12-15,-3.34
R1.A.I9.A1.W60,2025-12-17,-6.37
R1.A.I9.A1.W60,2025-12-18,-4.25
R1.A.I9.A1.W60,2025-12-19,-9.57
R1.A.I9.A1.W60,2025-12-20,-1.54
R1.A.I9.A1.W60,2025-12-21,-5.879999999999999
R1.A.I9.A1.W60,2025-12-22,-3.75
R1.A.I9.A1.W60,2025-12-23,12.809999999999999
R1.A.I9.A1.W60,2025-12-24,5.85
R1.A.I9.A1.W60,2025-12-25,3.9099999999999997
R1.A.I9.A1.W60,2025-12-27,2.8900000000000006
R1.A.I9.A1.W60,2025-12-28,5.25
R1.A.I9.A1.W60,2025-12-29,6.56
R1.A.I9.A1.W60,2025-12-30,-19.34
R1.A.I9.A1.W60,2025-12-31,1.4100000000000001
R1.A.I9.A1.W60,2026-01-01,9.32
R1.A.I9.A1.W60,2026-01-02,-0.30000000000000027
R1.A.I9.A1.W60,2026-01-03,-3.96
R1.A.I9.A1.W60,2026-01-04,-4.0200000000000005
R1.A.I9.A1.W60,2026-01-09,4.05
R1.A.I9.A1.W60,2026-01-10,-8.43
R1.A.I9.A1.W60,2026-01-11,-3.3500000000000005
R1.A.I9.A1.W60,2026-01-17,5.85
R1.A.I9.A1.W60,2026-01-18,-2.94
R1.A.I9.A1.W300,2025-09-08,7.56
R1.A.I9.A1.W300,2025-09-11,2.4099999999999997
R1.A.I9.A1.W300,2025-09-12,-2.64
R1.A.I9.A1.W300,2025-09-13,0.8800000000000001
R1.A.I9.A1.W300,2025-09-14,16.93
R1.A.I9.A1.W300,2025-09-15,-3.85
R1.A.I9.A1.W300,2025-09-18,-5.17
R1.A.I9.A1.W300,2025-09-19,-12.49
R1.A.I9.A1.W300,2025-09-20,11.11
R1.A.I9.A1.W300,2025-09-21,-6.85
R1.A.I9.A1.W300,2025-09-22,6.76
R1.A.I9.A1.W300,2025-09-25,-3.28
R1.A.I9.A1.W300,2025-09-26,2.21
R1.A.I9.A1.W300,2025-09-27,19.82
R1.A.I9.A1.W300,2025-09-28,-12.75
R1.A.I9.A1.W300,2025-09-29,-0.7800000000000002
R1.A.I9.A1.W300,2025-10-02,5.75
R1.A.I9.A1.W300,2025-10-03,6.76
R1.A.I9.A1.W300,2025-10-04,14.310000000000002
R1.A.I9.A1.W300,2025-10-05,31.61
R1.A.I9.A1.W300,2025-10-06,-5.45
R1.A.I9.A1.W300,2025-10-08,1.2100000000000004
R1.A.I9.A1.W300,2025-10-09,0.9500000000000002
R1.A.I9.A1.W300,2025-10-10,-5.65
R1.A.I9.A1.W300,2025-10-11,22.380000000000003
R1.A.I9.A1.W300,2025-10-12,-32.61
R1.A.I9.A1.W300,2025-10-13,11.0
R1.A.I9.A1.W300,2025-10-14,-0.08000000000000007
R1.A.I9.A1.W300,2025-10-15,10.4
R1.A.I9.A1.W300,2025-10-16,5.65
R1.A.I9.A1.W300,2025-10-17,-14.45
R1.A.I9.A1.W300,2025-10-18,-8.390000000000002
R1.A.I9.A1.W300,2025-10-19,-13.91
R1.A.I9.A1.W300,2025-10-20,-3.86
R1.A.I9.A1.W300,2025-10-21,4.65
R1.A.I9.A1.W300,2025-10-22,-3.04
R1.A.I9.A1.W300,2025-10-23,-0.6700000000000002
R1.A.I9.A1.W300,2025-10-24,2.86
R1.A.I9.A1.W300,2025-10-25,15.05
R1.A.I9.A1.W300,2025-10-26,-8.82
R1.A.I9.A1.W300,2025-10-27,-2.24
R1.A.I9.A1.W300,2025-10-28,3.5199999999999996
R1.A.I9.A1.W300,2025-10-29,8.7
R1.A.I9.A1.W300,2025-10-30,-9.47
R1.A.I9.A1.W300,2025-10-31,-3.95
R1.A.I9.A1.W300,2025-11-01,4.279999999999999
R1.A.I9.A1.W300,2025-11-02,8.52
R1.A.I9.A1.W300,2025-11-03,2.16
R1.A.I9.A1.W300,2025-11-04,4.15
R1.A.I9.A1.W300,2025-11-05,3.65
R1.A.I9.A1.W300,2025-11-07,-8.74
R1.A.I9.A1.W300,2025-11-08,-16.66
R1.A.I9.A1.W300,2025-11-09,-28.23
R1.A.I9.A1.W300,2025-11-10,2.07
R1.A.I9.A1.W300,2025-11-11,2.2
R1.A.I9.A1.W300,2025-11-12,4.05
R1.A.I9.A1.W300,2025-11-13,-2.44
R1.A.I9.A1.W300,2025-11-14,7.06
R1.A.I9.A1.W300,2025-11-15,-9.610000000000001
R1.A.I9.A1.W300,2025-11-16,-6.43
R1.A.I9.A1.W300,2025-11-18,-10.100000000000001
R1.A.I9.A1.W300,2025-11-19,5.45
R1.A.I9.A1.W300,2025-11-20,13.620000000000001
R1.A.I9.A1.W300,2025-11-21,11.7
R1.A.I9.A1.W300,2025-11-22,16.799999999999997
R1.A.I9.A1.W300,2025-11-23,-25.17
R1.A.I9.A1.W300,2025-11-25,-2.74
R1.A.I9.A1.W300,2025-11-27,12.52
R1.A.I9.A1.W300,2025-11-28,7.449999999999999
R1.A.I9.A1.W300,2025-11-29,14.19
R1.A.I9.A1.W300,2025-11-30,-1.2600000000000002
R1.A.I9.A1.W300,2025-12-01,-1.32
R1.A.I9.A1.W300,2025-12-04,2.46
R1.A.I9.A1.W300,2025-12-05,-10.7
R1.A.I9.A1.W300,2025-12-06,8.76
R1.A.I9.A1.W300,2025-12-07,-14.79
R1.A.I9.A1.W300,2025-12-08,-4.45
R1.A.I9.A1.W300,2025-12-11,7.56
R1.A.I9.A1.W300,2025-12-13,5.84
R1.A.I9.A1.W300,2025-12-14,-11.310000000000002
R1.A.I9.A1.W300,2025-12-15,-3.34
R1.A.I9.A1.W300,2025-12-16,-2.74
R1.A.I9.A1.W300,2025-12-17,-6.37
R1.A.I9.A1.W300,2025-12-18,-4.25
R1.A.I9.A1.W300,2025-12-19,-9.57
R1.A.I9.A1.W300,2025-12-20,-1.54
R1.A.I9.A1.W300,2025-12-21,-0.22999999999999865
R1.A.I9.A1.W300,2025-12-22,-3.75
R1.A.I9.A1.W300,2025-12-23,12.809999999999999
R1.A.I9.A1.W300,2025-12-24,5.85
R1.A.I9.A1.W300,2025-12-25,3.9099999999999997
R1.A.I9.A1.W300,2025-12-26,-4.35
R1.A.I9.A1.W300,2025-12-27,2.8900000000000006
R1.A.I9.A1.W300,2025-12-28,1.2000000000000006
R1.A.I9.A1.W300,2025-12-29,4.7299999999999995
R1.A.I9.A1.W300,2025-12-30,-19.34
R1.A.I9.A1.W300,2025-12-31,1.4100000000000001
R1.A.I9.A1.W300,2026-01-01,9.32
R1.A.I9.A1.W300,2026-01-02,-0.30000000000000027
R1.A.I9.A1.W300,2026-01-03,-3.96
R1.A.I9.A1.W300,2026-01-04,2.539999999999999
R1.A.I9.A1.W300,2026-01-09,4.05
R1.A.I9.A1.W300,2026-01-10,-12.78
R1.A.I9.A1.W300,2026-01-11,-3.3500000000000005
R1.A.I9.A1.W300,2026-01-17,5.85
R1.A.I9.A1.W300,2026-01-18,-2.94
R1.A.I9.A2.W60,2025-09-08,7.66
R1.A.I9.A2.W60,2025-09-11,5.65
R1.A.I9.A2.W60,2025-09-13,-10.18
R1.A.I9.A2.W60,2025-09-14,12.1
R1.A.I9.A2.W60,2025-09-18,-1.53
R1.A.I9.A2.W60,2025-09-19,-12.29
R1.A.I9.A2.W60,2025-09-20,-10.78
R1.A.I9.A2.W60,2025-09-21,2.15
R1.A.I9.A2.W60,2025-09-22,6.86
R1.A.I9.A2.W60,2025-09-25,-3.08
R1.A.I9.A2.W60,2025-09-26,7.76
R1.A.I9.A2.W60,2025-09-27,14.329999999999998
R1.A.I9.A2.W60,2025-09-28,-0.8999999999999995
R1.A.I9.A2.W60,2025-09-29,-3.14
R1.A.I9.A2.W60,2025-10-02,5.85
R1.A.I9.A2.W60,2025-10-03,6.86
R1.A.I9.A2.W60,2025-10-04,-5.130000000000001
R1.A.I9.A2.W60,2025-10-05,20.7
R1.A.I9.A2.W60,2025-10-06,-5.35
R1.A.I9.A2.W60,2025-10-08,4.75
R1.A.I9.A2.W60,2025-10-09,7.87
R1.A.I9.A2.W60,2025-10-10,-5.55
R1.A.I9.A2.W60,2025-10-11,-2.1299999999999994
R1.A.I9.A2.W60,2025-10-12,-19.52
R1.A.I9.A2.W60,2025-10-14,-6.74
R1.A.I9.A2.W60,2025-10-15,4.25
R1.A.I9.A2.W60,2025-10-17,-4.95
R1.A.I9.A2.W60,2025-10-18,-4.58
R1.A.I9.A2.W60,2025-10-19,-13.21
R1.A.I9.A2.W60,2025-10-21,4.75
R1.A.I9.A2.W60,2025-10-22,-2.94
R1.A.I9.A2.W60,2025-10-23,2.07
R1.A.I9.A2.W60,2025-10-24,2.96
R1.A.I9.A2.W60,2025-10-25,2.7300000000000004
R1.A.I9.A2.W60,2025-10-26,-14.67
R1.A.I9.A2.W60,2025-10-28,5.15
R1.A.I9.A2.W60,2025-10-29,4.05
R1.A.I9.A2.W60,2025-11-01,4.83
R1.A.I9.A2.W60,2025-11-02,2.99
R1.A.I9.A2.W60,2025-11-04,4.25
R1.A.I9.A2.W60,2025-11-07,-10.7
R1.A.I9.A2.W60,2025-11-08,-2.3099999999999996
R1.A.I9.A2.W60,2025-11-09,-15.69
R1.A.I9.A2.W60,2025-11-12,4.15
R1.A.I9.A2.W60,2025-11-13,-2.34
R1.A.I9.A2.W60,2025-11-15,-7.609999999999999
R1.A.I9.A2.W60,2025-11-16,3.8799999999999994
R1.A.I9.A2.W60,2025-11-18,-9.899999999999999
R1.A.I9.A2.W60,2025-11-19,5.55
R1.A.I9.A2.W60,2025-11-20,13.82
R1.A.I9.A2.W60,2025-11-21,11.9
R1.A.I9.A2.W60,2025-11-22,14.759999999999996
R1.A.I9.A2.W60,2025-11-23,-8.44
R1.A.I9.A2.W60,2025-11-25,-2.64
R1.A.I9.A2.W60,2025-11-27,6.35
R1.A.I9.A2.W60,2025-11-28,5.8500000000000005
R1.A.I9.A2.W60,2025-11-29,4.220000000000001
R1.A.I9.A2.W60,2025-11-30,0.17999999999999972
R1.A.I9.A2.W60,2025-12-04,2.56
R1.A.I9.A2.W60,2025-12-05,-10.5
R1.A.I9.A2.W60,2025-12-06,3.9099999999999997
R1.A.I9.A2.W60,2025-12-07,0.5100000000000002
R1.A.I9.A2.W60,2025-12-08,-4.35
R1.A.I9.A2.W60,2025-12-13,6.040000000000001
R1.A.I9.A2.W60,2025-12-14,-7.59
R1.A.I9.A2.W60,2025-12-15,-3.24
R1.A.I9.A2.W60,2025-12-17,-5.35
R1.A.I9.A2.W60,2025-12-20,3.2100000000000004
R1.A.I9.A2.W60,2025-12-21,-13.95
R1.A.I9.A2.W60,2025-12-22,-3.65
R1.A.I9.A2.W60,2025-12-23,5.95
R1.A.I9.A2.W60,2025-12-24,5.95
R1.A.I9.A2.W60,2025-12-25,-2.34
R1.A.I9.A2.W60,2025-12-27,3.9799999999999995
R1.A.I9.A2.W60,2025-12-28,2.59
R1.A.I9.A2.W60,2025-12-29,6.66
R1.A.I9.A2.W60,2025-12-30,-6.35
R1.A.I9.A2.W60,2025-12-31,-5.6499999999999995
R1.A.I9.A2.W60,2026-01-01,2.46
R1.A.I9.A2.W60,2026-01-02,3.06
R1.A.I9.A2.W60,2026-01-03,-3.76
R1.A.I9.A2.W60,2026-01-04,5.300000000000001
R1.A.I9.A2.W60,2026-01-11,1.1000000000000005
R1.A.I9.A2.W300,2025-09-08,7.66
R1.A.I9.A2.W300,2025-09-11,2.6100000000000003
R1.A.I9.A2.W300,2025-09-12,-2.54
R1.A.I9.A2.W300,2025-09-13,-1.2000000000000002
R1.A.I9.A2.W300,2025-09-14,18.65
R1.A.I9.A2.W300,2025-09-18,-1.53
R1.A.I9.A2.W300,2025-09-19,-12.29
R1.A.I9.A2.W300,2025-09-20,11.790000000000001
R1.A.I9.A2.W300,2025-09-21,-5.9399999999999995
R1.A.I9.A2.W300,2025-09-22,6.86
R1.A.I9.A2.W300,2025-09-25,-3.08
R1.A.I9.A2.W300,2025-09-26,2.41
R1.A.I9.A2.W300,2025-09-27,19.32
R1.A.I9.A2.W300,2025-09-28,-6.8999999999999995
R1.A.I9.A2.W300,2025-09-29,-3.14
R1.A.I9.A2.W300,2025-10-02,5.85
R1.A.I9.A2.W300,2025-10-03,6.86
R1.A.I9.A2.W300,2025-10-04,4.5
R1.A.I9.A2.W300,2025-10-05,17.68
R1.A.I9.A2.W300,2025-10-06,-5.35
R1.A.I9.A2.W300,2025-10-08,1.4100000000000001
R1.A.I9.A2.W300,2025-10-09,-1.0
R1.A.I9.A2.W300,2025-10-10,-5.55
R1.A.I9.A2.W300,2025-10-11,18.18
R1.A.I9.A2.W300,2025-10-12,-27.03
R1.A.I9.A2.W300,2025-10-13,6.05
R1.A.I9.A2.W300,2025-10-14,0.1200000000000001
R1.A.I9.A2.W300,2025-10-15,10.6
R1.A.I9.A2.W300,2025-10-16,5.75
R1.A.I9.A2.W300,2025-10-17,-14.14
R1.A.I9.A2.W300,2025-10-18,-10.89
R1.A.I9.A2.W300,2025-10-19,-13.21
R1.A.I9.A2.W300,2025-10-20,-3.66
R1.A.I9.A2.W300,2025-10-21,4.75
R1.A.I9.A2.W300,2025-10-22,-2.94
R1.A.I9.A2.W300,2025-10-23,-0.4700000000000002
R1.A.I9.A2.W300,2025-10-24,2.96
R1.A.I9.A2.W300,2025-10-25,8.21
R1.A.I9.A2.W300,2025-10-26,-19.24
R1.A.I9.A2.W300,2025-10-27,-2.13
R1.A.I9.A2.W300,2025-10-28,3.7200000000000006
R1.A.I9.A2.W300,2025-10-29,8.899999999999999
R1.A.I9.A2.W300,2025-10-31,-3.85
R1.A.I9.A2.W300,2025-11-01,5.39
R1.A.I9.A2.W300,2025-11-02,9.620000000000001
R1.A.I9.A2.W300,2025-11-04,4.25
R1.A.I9.A2.W300,2025-11-07,-8.440000000000001
R1.A.I9.A2.W300,2025-11-08,-11.81
R1.A.I9.A2.W300,2025-11-09,-31.54
R1.A.I9.A2.W300,2025-11-10,2.16
R1.A.I9.A2.W300,2025-11-11,2.3999999999999995
R1.A.I9.A2.W300,2025-11-12,4.15
R1.A.I9.A2.W300,2025-11-13,-2.34
R1.A.I9.A2.W300,2025-11-14,7.16
R1.A.I9.A2.W300,2025-11-15,-5.979999999999999
R1.A.I9.A2.W300,2025-11-16,3.8799999999999994
R1.A.I9.A2.W300,2025-11-18,-9.899999999999999
R1.A.I9.A2.W300,2025-11-19,5.55
R1.A.I9.A2.W300,2025-11-20,13.82
R1.A.I9.A2.W300,2025-11-21,11.9
R1.A.I9.A2.W300,2025-11-22,14.949999999999996
R1.A.I9.A2.W300,2025-11-23,-23.03
R1.A.I9.A2.W300,2025-11-25,-2.64
R1.A.I9.A2.W300,2025-11-27,12.92
R1.A.I9.A2.W300,2025-11-28,8.150000000000002
R1.A.I9.A2.W300,2025-11-29,16.45
R1.A.I9.A2.W300,2025-11-30,-0.3500000000000003
R1.A.I9.A2.W300,2025-12-01,-1.22
R1.A.I9.A2.W300,2025-12-04,2.56
R1.A.I9.A2.W300,2025-12-05,-10.5
R1.A.I9.A2.W300,2025-12-06,9.06
R1.A.I9.A2.W300,2025-12-07,-6.8999999999999995
R1.A.I9.A2.W300,2025-12-08,-4.35
R1.A.I9.A2.W300,2025-12-11,7.66
R1.A.I9.A2.W300,2025-12-13,6.040000000000001
R1.A.I9.A2.W300,2025-12-14,0.1800000000000015
R1.A.I9.A2.W300,2025-12-15,-3.24
R1.A.I9.A2.W300,2025-12-16,-2.64
R1.A.I9.A2.W300,2025-12-17,-6.17
R1.A.I9.A2.W300,2025-12-18,-4.15
R1.A.I9.A2.W300,2025-12-19,-1.73
R1.A.I9.A2.W300,2025-12-20,3.2100000000000004
R1.A.I9.A2.W300,2025-12-21,-12.04
R1.A.I9.A2.W300,2025-12-22,-3.65
R1.A.I9.A2.W300,2025-12-23,13.01
R1.A.I9.A2.W300,2025-12-24,5.95
R1.A.I9.A2.W300,2025-12-25,4.12
R1.A.I9.A2.W300,2025-12-26,-4.25
R1.A.I9.A2.W300,2025-12-27,-2.0700000000000003
R1.A.I9.A2.W300,2025-12-28,-1.3600000000000003
R1.A.I9.A2.W300,2025-12-29,4.93
R1.A.I9.A2.W300,2025-12-30,-12.8
R1.A.I9.A2.W300,2025-12-31,1.8100000000000005
R1.A.I9.A2.W300,2026-01-01,2.46
R1.A.I9.A2.W300,2026-01-02,0.9300000000000002
R1.A.I9.A2.W300,2026-01-03,-3.76
R1.A.I9.A2.W300,2026-01-04,3.7700000000000005
R1.A.I9.A2.W300,2026-01-10,-4.25
R1.A.I9.A2.W300,2026-01-11,1.1000000000000005
R1.A.I9.A2.W300,2026-01-17,5.95
R1.B1,2025-09-13,9.55
R1.B1,2025-09-14,1.86
R1.B1,2025-09-20,3.3000000000000003
R1.B1,2025-09-27,4.53
R1.B1,2025-09-28,0.84
R1.B1,2025-10-03,1.8399999999999999
R1.B1,2025-10-04,-15.47
R1.B1,2025-10-11,-12.879999999999999
R1.B1,2025-10-16,0.93
R1.B1,2025-10-18,-2.9
R1.B1,2025-10-20,0.93
R1.B1,2025-10-23,0.56
R1.B1,2025-10-25,3.2600000000000002
R1.B1,2025-11-01,0.74
R1.B1,2025-11-04,0.65
R1.B1,2025-11-06,0.46
R1.B1,2025-11-08,-7.210000000000001
R1.B1,2025-11-09,0.56
R1.B1,2025-11-22,1.4900000000000002
R1.B1,2025-11-23,0.74
R1.B1,2025-11-28,0.64
R1.B1,2025-11-29,0.27
R1.B1,2025-12-01,0.84
R1.B1,2025-12-21,0.74
R1.B1,2025-12-28,0.37
R1.B2,2025-10-18,-2.05
R1.B2,2025-10-24,-0.82
R1.B2,2025-10-25,-2.15
R1.B2,2025-11-15,-0.82
R1.B2,2025-11-23,-0.61
R1.B2,2025-11-29,-0.61
R1.B2,2025-12-17,-0.82
R1.B2,2026-01-03,-0.92
R1.B2,2026-01-04,-1.02
R1.C1.d0.02.s5.taker.H60,2025-09-08,-25.83
R1.C1.d0.02.s5.taker.H60,2025-09-11,-33.730000000000004
R1.C1.d0.02.s5.taker.H60,2025-09-12,-49.79
R1.C1.d0.02.s5.taker.H60,2025-09-13,-215.65
R1.C1.d0.02.s5.taker.H60,2025-09-14,-256.36
R1.C1.d0.02.s5.taker.H60,2025-09-15,-44.03
R1.C1.d0.02.s5.taker.H60,2025-09-16,-2.08
R1.C1.d0.02.s5.taker.H60,2025-09-18,-33.25
R1.C1.d0.02.s5.taker.H60,2025-09-19,-50.14
R1.C1.d0.02.s5.taker.H60,2025-09-20,-310.19
R1.C1.d0.02.s5.taker.H60,2025-09-21,-316.86
R1.C1.d0.02.s5.taker.H60,2025-09-22,-34.98
R1.C1.d0.02.s5.taker.H60,2025-09-25,-28.38
R1.C1.d0.02.s5.taker.H60,2025-09-26,-35.32
R1.C1.d0.02.s5.taker.H60,2025-09-27,-309.82
R1.C1.d0.02.s5.taker.H60,2025-09-28,-284.51
R1.C1.d0.02.s5.taker.H60,2025-09-29,-36.18
R1.C1.d0.02.s5.taker.H60,2025-10-02,-58.21
R1.C1.d0.02.s5.taker.H60,2025-10-03,-32.51
R1.C1.d0.02.s5.taker.H60,2025-10-04,-318.6
R1.C1.d0.02.s5.taker.H60,2025-10-05,-285.49
R1.C1.d0.02.s5.taker.H60,2025-10-06,-29.29
R1.C1.d0.02.s5.taker.H60,2025-10-08,-13.76
R1.C1.d0.02.s5.taker.H60,2025-10-09,-63.65
R1.C1.d0.02.s5.taker.H60,2025-10-10,-62.7
R1.C1.d0.02.s5.taker.H60,2025-10-11,-409.81
R1.C1.d0.02.s5.taker.H60,2025-10-12,-273.21
R1.C1.d0.02.s5.taker.H60,2025-10-13,-68.34
R1.C1.d0.02.s5.taker.H60,2025-10-14,-60.28
R1.C1.d0.02.s5.taker.H60,2025-10-15,-30.81
R1.C1.d0.02.s5.taker.H60,2025-10-16,-45.48
R1.C1.d0.02.s5.taker.H60,2025-10-17,-89.07000000000001
R1.C1.d0.02.s5.taker.H60,2025-10-18,-491.02000000000004
R1.C1.d0.02.s5.taker.H60,2025-10-19,-310.34
R1.C1.d0.02.s5.taker.H60,2025-10-20,-37.49
R1.C1.d0.02.s5.taker.H60,2025-10-21,-44.4
R1.C1.d0.02.s5.taker.H60,2025-10-22,-21.55
R1.C1.d0.02.s5.taker.H60,2025-10-23,-20.85
R1.C1.d0.02.s5.taker.H60,2025-10-24,-54.68
R1.C1.d0.02.s5.taker.H60,2025-10-25,-416.43
R1.C1.d0.02.s5.taker.H60,2025-10-26,-177.35
R1.C1.d0.02.s5.taker.H60,2025-10-27,-14.47
R1.C1.d0.02.s5.taker.H60,2025-10-28,-17.13
R1.C1.d0.02.s5.taker.H60,2025-10-29,-32.27
R1.C1.d0.02.s5.taker.H60,2025-10-30,-41.25
R1.C1.d0.02.s5.taker.H60,2025-10-31,-24.59
R1.C1.d0.02.s5.taker.H60,2025-11-01,-521.89
R1.C1.d0.02.s5.taker.H60,2025-11-02,-300.94
R1.C1.d0.02.s5.taker.H60,2025-11-03,-33.65
R1.C1.d0.02.s5.taker.H60,2025-11-04,-15.92
R1.C1.d0.02.s5.taker.H60,2025-11-05,-18.03
R1.C1.d0.02.s5.taker.H60,2025-11-06,-50.18
R1.C1.d0.02.s5.taker.H60,2025-11-07,-52.56
R1.C1.d0.02.s5.taker.H60,2025-11-08,-434.22
R1.C1.d0.02.s5.taker.H60,2025-11-09,-262.77
R1.C1.d0.02.s5.taker.H60,2025-11-10,-33.22
R1.C1.d0.02.s5.taker.H60,2025-11-11,-44.51
R1.C1.d0.02.s5.taker.H60,2025-11-12,-32.56
R1.C1.d0.02.s5.taker.H60,2025-11-13,-15.32
R1.C1.d0.02.s5.taker.H60,2025-11-14,-38.92
R1.C1.d0.02.s5.taker.H60,2025-11-15,-513.17
R1.C1.d0.02.s5.taker.H60,2025-11-16,-422.41
R1.C1.d0.02.s5.taker.H60,2025-11-17,-14.52
R1.C1.d0.02.s5.taker.H60,2025-11-18,-27.490000000000002
R1.C1.d0.02.s5.taker.H60,2025-11-19,-22.78
R1.C1.d0.02.s5.taker.H60,2025-11-20,-82.95
R1.C1.d0.02.s5.taker.H60,2025-11-21,-13.620000000000001
R1.C1.d0.02.s5.taker.H60,2025-11-22,-522.84
R1.C1.d0.02.s5.taker.H60,2025-11-23,-309.8
R1.C1.d0.02.s5.taker.H60,2025-11-24,-18.19
R1.C1.d0.02.s5.taker.H60,2025-11-25,-13.34
R1.C1.d0.02.s5.taker.H60,2025-11-27,-150.33
R1.C1.d0.02.s5.taker.H60,2025-11-28,-225.59
R1.C1.d0.02.s5.taker.H60,2025-11-29,-409.62
R1.C1.d0.02.s5.taker.H60,2025-11-30,-250.31
R1.C1.d0.02.s5.taker.H60,2025-12-01,-4.55
R1.C1.d0.02.s5.taker.H60,2025-12-04,-34.59
R1.C1.d0.02.s5.taker.H60,2025-12-05,-45.3
R1.C1.d0.02.s5.taker.H60,2025-12-06,-116.82000000000001
R1.C1.d0.02.s5.taker.H60,2025-12-07,-271.38
R1.C1.d0.02.s5.taker.H60,2025-12-11,-45.49
R1.C1.d0.02.s5.taker.H60,2025-12-13,-41.85
R1.C1.d0.02.s5.taker.H60,2025-12-14,-332.1
R1.C1.d0.02.s5.taker.H60,2025-12-15,-19.169999999999998
R1.C1.d0.02.s5.taker.H60,2025-12-16,-37.65
R1.C1.d0.02.s5.taker.H60,2025-12-17,-64.22
R1.C1.d0.02.s5.taker.H60,2025-12-18,-63.09
R1.C1.d0.02.s5.taker.H60,2025-12-19,-40.25
R1.C1.d0.02.s5.taker.H60,2025-12-20,-111.47
R1.C1.d0.02.s5.taker.H60,2025-12-21,-321.76
R1.C1.d0.02.s5.taker.H60,2025-12-22,-40.13
R1.C1.d0.02.s5.taker.H60,2025-12-23,-63.32
R1.C1.d0.02.s5.taker.H60,2025-12-24,-46.78
R1.C1.d0.02.s5.taker.H60,2025-12-25,-18.48
R1.C1.d0.02.s5.taker.H60,2025-12-26,-55.97
R1.C1.d0.02.s5.taker.H60,2025-12-27,-265.75
R1.C1.d0.02.s5.taker.H60,2025-12-28,-303.2
R1.C1.d0.02.s5.taker.H60,2025-12-29,-51.0
R1.C1.d0.02.s5.taker.H60,2025-12-30,-114.25
R1.C1.d0.02.s5.taker.H60,2025-12-31,-187.11
R1.C1.d0.02.s5.taker.H60,2026-01-01,-93.07000000000001
R1.C1.d0.02.s5.taker.H60,2026-01-02,-71.07
R1.C1.d0.02.s5.taker.H60,2026-01-03,-78.26
R1.C1.d0.02.s5.taker.H60,2026-01-04,-311.49
R1.C1.d0.02.s5.taker.H60,2026-01-08,-60.59
R1.C1.d0.02.s5.taker.H60,2026-01-09,-15.96
R1.C1.d0.02.s5.taker.H60,2026-01-10,-92.48
R1.C1.d0.02.s5.taker.H60,2026-01-11,-137.52
R1.C1.d0.02.s5.taker.H60,2026-01-12,-35.95
R1.C1.d0.02.s5.taker.H60,2026-01-17,-90.56
R1.C1.d0.02.s5.taker.H60,2026-01-18,-110.02
R1.C1.d0.02.s5.taker.H300,2025-09-08,-11.78
R1.C1.d0.02.s5.taker.H300,2025-09-11,-18.53
R1.C1.d0.02.s5.taker.H300,2025-09-12,-20.54
R1.C1.d0.02.s5.taker.H300,2025-09-13,-118.28
R1.C1.d0.02.s5.taker.H300,2025-09-14,-101.43
R1.C1.d0.02.s5.taker.H300,2025-09-15,-11.53
R1.C1.d0.02.s5.taker.H300,2025-09-16,-1.4500000000000002
R1.C1.d0.02.s5.taker.H300,2025-09-18,-12.450000000000001
R1.C1.d0.02.s5.taker.H300,2025-09-19,-27.25
R1.C1.d0.02.s5.taker.H300,2025-09-20,-181.05
R1.C1.d0.02.s5.taker.H300,2025-09-21,-129.2
R1.C1.d0.02.s5.taker.H300,2025-09-22,-11.57
R1.C1.d0.02.s5.taker.H300,2025-09-25,-9.77
R1.C1.d0.02.s5.taker.H300,2025-09-26,-6.9799999999999995
R1.C1.d0.02.s5.taker.H300,2025-09-27,-195.2
R1.C1.d0.02.s5.taker.H300,2025-09-28,-102.38
R1.C1.d0.02.s5.taker.H300,2025-09-29,-21.07
R1.C1.d0.02.s5.taker.H300,2025-10-02,-13.25
R1.C1.d0.02.s5.taker.H300,2025-10-03,-16.87
R1.C1.d0.02.s5.taker.H300,2025-10-04,-197.91
R1.C1.d0.02.s5.taker.H300,2025-10-05,-107.34
R1.C1.d0.02.s5.taker.H300,2025-10-06,-5.8
R1.C1.d0.02.s5.taker.H300,2025-10-08,-17.59
R1.C1.d0.02.s5.taker.H300,2025-10-09,-18.5
R1.C1.d0.02.s5.taker.H300,2025-10-10,-26.71
R1.C1.d0.02.s5.taker.H300,2025-10-11,-241.76
R1.C1.d0.02.s5.taker.H300,2025-10-12,-108.58
R1.C1.d0.02.s5.taker.H300,2025-10-13,-16.04
R1.C1.d0.02.s5.taker.H300,2025-10-14,-21.68
R1.C1.d0.02.s5.taker.H300,2025-10-15,-15.91
R1.C1.d0.02.s5.taker.H300,2025-10-16,-11.040000000000001
R1.C1.d0.02.s5.taker.H300,2025-10-17,-32.93
R1.C1.d0.02.s5.taker.H300,2025-10-18,-222.26
R1.C1.d0.02.s5.taker.H300,2025-10-19,-136.01
R1.C1.d0.02.s5.taker.H300,2025-10-20,-13.950000000000001
R1.C1.d0.02.s5.taker.H300,2025-10-21,-25.759999999999998
R1.C1.d0.02.s5.taker.H300,2025-10-22,-14.57
R1.C1.d0.02.s5.taker.H300,2025-10-23,-12.27
R1.C1.d0.02.s5.taker.H300,2025-10-24,-29.92
R1.C1.d0.02.s5.taker.H300,2025-10-25,-257.75
R1.C1.d0.02.s5.taker.H300,2025-10-26,-79.16
R1.C1.d0.02.s5.taker.H300,2025-10-27,-5.5600000000000005
R1.C1.d0.02.s5.taker.H300,2025-10-28,-13.709999999999999
R1.C1.d0.02.s5.taker.H300,2025-10-29,-27.080000000000002
R1.C1.d0.02.s5.taker.H300,2025-10-30,-15.88
R1.C1.d0.02.s5.taker.H300,2025-10-31,-12.06
R1.C1.d0.02.s5.taker.H300,2025-11-01,-297.81
R1.C1.d0.02.s5.taker.H300,2025-11-02,-107.1
R1.C1.d0.02.s5.taker.H300,2025-11-03,-15.98
R1.C1.d0.02.s5.taker.H300,2025-11-04,-10.07
R1.C1.d0.02.s5.taker.H300,2025-11-05,-8.73
R1.C1.d0.02.s5.taker.H300,2025-11-06,-22.27
R1.C1.d0.02.s5.taker.H300,2025-11-07,-24.47
R1.C1.d0.02.s5.taker.H300,2025-11-08,-248.73
R1.C1.d0.02.s5.taker.H300,2025-11-09,-100.38
R1.C1.d0.02.s5.taker.H300,2025-11-10,-22.310000000000002
R1.C1.d0.02.s5.taker.H300,2025-11-11,-23.31
R1.C1.d0.02.s5.taker.H300,2025-11-12,-19.02
R1.C1.d0.02.s5.taker.H300,2025-11-13,-6.5
R1.C1.d0.02.s5.taker.H300,2025-11-14,-6.99
R1.C1.d0.02.s5.taker.H300,2025-11-15,-232.18
R1.C1.d0.02.s5.taker.H300,2025-11-16,-160.98
R1.C1.d0.02.s5.taker.H300,2025-11-17,-7.36
R1.C1.d0.02.s5.taker.H300,2025-11-18,-22.57
R1.C1.d0.02.s5.taker.H300,2025-11-19,-10.28
R1.C1.d0.02.s5.taker.H300,2025-11-20,-33.75
R1.C1.d0.02.s5.taker.H300,2025-11-21,-5.37
R1.C1.d0.02.s5.taker.H300,2025-11-22,-273.42
R1.C1.d0.02.s5.taker.H300,2025-11-23,-134.35999999999999
R1.C1.d0.02.s5.taker.H300,2025-11-24,-6.3
R1.C1.d0.02.s5.taker.H300,2025-11-25,-4.88
R1.C1.d0.02.s5.taker.H300,2025-11-27,-50.13
R1.C1.d0.02.s5.taker.H300,2025-11-28,-108.36
R1.C1.d0.02.s5.taker.H300,2025-11-29,-231.19
R1.C1.d0.02.s5.taker.H300,2025-11-30,-101.83
R1.C1.d0.02.s5.taker.H300,2025-12-01,-7.91
R1.C1.d0.02.s5.taker.H300,2025-12-04,-12.52
R1.C1.d0.02.s5.taker.H300,2025-12-05,-28.8
R1.C1.d0.02.s5.taker.H300,2025-12-06,-36.769999999999996
R1.C1.d0.02.s5.taker.H300,2025-12-07,-106.61
R1.C1.d0.02.s5.taker.H300,2025-12-11,-25.240000000000002
R1.C1.d0.02.s5.taker.H300,2025-12-13,-20.11
R1.C1.d0.02.s5.taker.H300,2025-12-14,-127.1
R1.C1.d0.02.s5.taker.H300,2025-12-15,-8.48
R1.C1.d0.02.s5.taker.H300,2025-12-16,-12.639999999999999
R1.C1.d0.02.s5.taker.H300,2025-12-17,-26.87
R1.C1.d0.02.s5.taker.H300,2025-12-18,-6.35
R1.C1.d0.02.s5.taker.H300,2025-12-19,-21.4
R1.C1.d0.02.s5.taker.H300,2025-12-20,-47.61
R1.C1.d0.02.s5.taker.H300,2025-12-21,-140.4
R1.C1.d0.02.s5.taker.H300,2025-12-22,-18.11
R1.C1.d0.02.s5.taker.H300,2025-12-23,-37.07
R1.C1.d0.02.s5.taker.H300,2025-12-24,-16.45
R1.C1.d0.02.s5.taker.H300,2025-12-25,-11.17
R1.C1.d0.02.s5.taker.H300,2025-12-26,-24.6
R1.C1.d0.02.s5.taker.H300,2025-12-27,-117.82
R1.C1.d0.02.s5.taker.H300,2025-12-28,-103.31
R1.C1.d0.02.s5.taker.H300,2025-12-29,-23.26
R1.C1.d0.02.s5.taker.H300,2025-12-30,-34.82
R1.C1.d0.02.s5.taker.H300,2025-12-31,-85.12
R1.C1.d0.02.s5.taker.H300,2026-01-01,-37.31
R1.C1.d0.02.s5.taker.H300,2026-01-02,-26.650000000000002
R1.C1.d0.02.s5.taker.H300,2026-01-03,-20.34
R1.C1.d0.02.s5.taker.H300,2026-01-04,-118.62
R1.C1.d0.02.s5.taker.H300,2026-01-08,-14.16
R1.C1.d0.02.s5.taker.H300,2026-01-09,-4.28
R1.C1.d0.02.s5.taker.H300,2026-01-10,-16.53
R1.C1.d0.02.s5.taker.H300,2026-01-11,-44.2
R1.C1.d0.02.s5.taker.H300,2026-01-12,-13.76
R1.C1.d0.02.s5.taker.H300,2026-01-17,-24.52
R1.C1.d0.02.s5.taker.H300,2026-01-18,-31.64
R1.C1.d0.02.s5.taker.settle,2025-09-08,-7.54
R1.C1.d0.02.s5.taker.settle,2025-09-11,6.87
R1.C1.d0.02.s5.taker.settle,2025-09-12,13.62
R1.C1.d0.02.s5.taker.settle,2025-09-13,16.5
R1.C1.d0.02.s5.taker.settle,2025-09-14,-12.45
R1.C1.d0.02.s5.taker.settle,2025-09-15,8.17
R1.C1.d0.02.s5.taker.settle,2025-09-18,4.45
R1.C1.d0.02.s5.taker.settle,2025-09-19,-2.0300000000000002
R1.C1.d0.02.s5.taker.settle,2025-09-20,18.33
R1.C1.d0.02.s5.taker.settle,2025-09-21,-18.680000000000003
R1.C1.d0.02.s5.taker.settle,2025-09-22,-7.54
R1.C1.d0.02.s5.taker.settle,2025-09-25,6.99
R1.C1.d0.02.s5.taker.settle,2025-09-26,6.44
R1.C1.d0.02.s5.taker.settle,2025-09-27,-19.330000000000002
R1.C1.d0.02.s5.taker.settle,2025-09-28,-13.6
R1.C1.d0.02.s5.taker.settle,2025-09-29,-9.75
R1.C1.d0.02.s5.taker.settle,2025-10-02,5.52
R1.C1.d0.02.s5.taker.settle,2025-10-03,14.459999999999999
R1.C1.d0.02.s5.taker.settle,2025-10-04,-2.0000000000000004
R1.C1.d0.02.s5.taker.settle,2025-10-05,17.11
R1.C1.d0.02.s5.taker.settle,2025-10-06,-7.54
R1.C1.d0.02.s5.taker.settle,2025-10-08,-10.23
R1.C1.d0.02.s5.taker.settle,2025-10-09,6.1899999999999995
R1.C1.d0.02.s5.taker.settle,2025-10-10,-7.199999999999999
R1.C1.d0.02.s5.taker.settle,2025-10-11,-15.940000000000001
R1.C1.d0.02.s5.taker.settle,2025-10-12,-10.610000000000001
R1.C1.d0.02.s5.taker.settle,2025-10-13,11.05
R1.C1.d0.02.s5.taker.settle,2025-10-14,0.9800000000000004
R1.C1.d0.02.s5.taker.settle,2025-10-15,-1.3499999999999996
R1.C1.d0.02.s5.taker.settle,2025-10-16,8.5
R1.C1.d0.02.s5.taker.settle,2025-10-17,13.49
R1.C1.d0.02.s5.taker.settle,2025-10-18,-32.19
R1.C1.d0.02.s5.taker.settle,2025-10-19,-3.7199999999999993
R1.C1.d0.02.s5.taker.settle,2025-10-20,0.33999999999999986
R1.C1.d0.02.s5.taker.settle,2025-10-21,-11.19
R1.C1.d0.02.s5.taker.settle,2025-10-22,0.6299999999999999
R1.C1.d0.02.s5.taker.settle,2025-10-23,4.15
R1.C1.d0.02.s5.taker.settle,2025-10-24,-1.3000000000000003
R1.C1.d0.02.s5.taker.settle,2025-10-25,-7.9
R1.C1.d0.02.s5.taker.settle,2025-10-26,-26.270000000000003
R1.C1.d0.02.s5.taker.settle,2025-10-27,-2.64
R1.C1.d0.02.s5.taker.settle,2025-10-28,-1.1300000000000001
R1.C1.d0.02.s5.taker.settle,2025-10-29,5.5
R1.C1.d0.02.s5.taker.settle,2025-10-30,-17.59
R1.C1.d0.02.s5.taker.settle,2025-10-31,2.57
R1.C1.d0.02.s5.taker.settle,2025-11-01,-15.830000000000002
R1.C1.d0.02.s5.taker.settle,2025-11-02,-16.98
R1.C1.d0.02.s5.taker.settle,2025-11-03,5.12
R1.C1.d0.02.s5.taker.settle,2025-11-04,4.0
R1.C1.d0.02.s5.taker.settle,2025-11-05,1.28
R1.C1.d0.02.s5.taker.settle,2025-11-06,1.5899999999999999
R1.C1.d0.02.s5.taker.settle,2025-11-07,-1.5100000000000005
R1.C1.d0.02.s5.taker.settle,2025-11-08,2.659999999999999
R1.C1.d0.02.s5.taker.settle,2025-11-09,25.9
R1.C1.d0.02.s5.taker.settle,2025-11-10,3.43
R1.C1.d0.02.s5.taker.settle,2025-11-11,10.7
R1.C1.d0.02.s5.taker.settle,2025-11-12,-2.8600000000000003
R1.C1.d0.02.s5.taker.settle,2025-11-13,-1.71
R1.C1.d0.02.s5.taker.settle,2025-11-14,-5.71
R1.C1.d0.02.s5.taker.settle,2025-11-15,-26.03
R1.C1.d0.02.s5.taker.settle,2025-11-16,-11.15
R1.C1.d0.02.s5.taker.settle,2025-11-17,-4.27
R1.C1.d0.02.s5.taker.settle,2025-11-18,-10.9
R1.C1.d0.02.s5.taker.settle,2025-11-19,5.15
R1.C1.d0.02.s5.taker.settle,2025-11-20,-0.2999999999999998
R1.C1.d0.02.s5.taker.settle,2025-11-21,-5.98
R1.C1.d0.02.s5.taker.settle,2025-11-22,-46.94
R1.C1.d0.02.s5.taker.settle,2025-11-23,-8.31
R1.C1.d0.02.s5.taker.settle,2025-11-24,-2.53
R1.C1.d0.02.s5.taker.settle,2025-11-25,-2.6799999999999997
R1.C1.d0.02.s5.taker.settle,2025-11-27,13.01
R1.C1.d0.02.s5.taker.settle,2025-11-28,-22.779999999999998
R1.C1.d0.02.s5.taker.settle,2025-11-29,12.720000000000002
R1.C1.d0.02.s5.taker.settle,2025-11-30,-22.86
R1.C1.d0.02.s5.taker.settle,2025-12-01,-1.7
R1.C1.d0.02.s5.taker.settle,2025-12-04,-4.27
R1.C1.d0.02.s5.taker.settle,2025-12-05,3.8800000000000003
R1.C1.d0.02.s5.taker.settle,2025-12-06,-7.42
R1.C1.d0.02.s5.taker.settle,2025-12-07,-1.6600000000000006
R1.C1.d0.02.s5.taker.settle,2025-12-11,-7.64
R1.C1.d0.02.s5.taker.settle,2025-12-13,-0.18000000000000016
R1.C1.d0.02.s5.taker.settle,2025-12-14,-26.8
R1.C1.d0.02.s5.taker.settle,2025-12-15,-3.87
R1.C1.d0.02.s5.taker.settle,2025-12-16,2.27
R1.C1.d0.02.s5.taker.settle,2025-12-17,-0.8599999999999994
R1.C1.d0.02.s5.taker.settle,2025-12-18,-7.12
R1.C1.d0.02.s5.taker.settle,2025-12-19,-10.1
R1.C1.d0.02.s5.taker.settle,2025-12-20,3.49
R1.C1.d0.02.s5.taker.settle,2025-12-21,-19.07
R1.C1.d0.02.s5.taker.settle,2025-12-22,-8.14
R1.C1.d0.02.s5.taker.settle,2025-12-23,-3.8099999999999996
R1.C1.d0.02.s5.taker.settle,2025-12-24,-6.17
R1.C1.d0.02.s5.taker.settle,2025-12-25,2.07
R1.C1.d0.02.s5.taker.settle,2025-12-26,-4.11
R1.C1.d0.02.s5.taker.settle,2025-12-27,-19.5
R1.C1.d0.02.s5.taker.settle,2025-12-28,-1.8800000000000008
R1.C1.d0.02.s5.taker.settle,2025-12-29,-8.77
R1.C1.d0.02.s5.taker.settle,2025-12-30,1.7300000000000004
R1.C1.d0.02.s5.taker.settle,2025-12-31,-1.62
R1.C1.d0.02.s5.taker.settle,2026-01-01,14.3
R1.C1.d0.02.s5.taker.settle,2026-01-02,7.58
R1.C1.d0.02.s5.taker.settle,2026-01-03,-7.42
R1.C1.d0.02.s5.taker.settle,2026-01-04,-26.89
R1.C1.d0.02.s5.taker.settle,2026-01-08,3.34
R1.C1.d0.02.s5.taker.settle,2026-01-09,2.36
R1.C1.d0.02.s5.taker.settle,2026-01-10,4.970000000000001
R1.C1.d0.02.s5.taker.settle,2026-01-11,1.88
R1.C1.d0.02.s5.taker.settle,2026-01-12,-5.28
R1.C1.d0.02.s5.taker.settle,2026-01-17,1.0700000000000003
R1.C1.d0.02.s5.taker.settle,2026-01-18,-0.69
R1.C1.d0.02.s5.maker.H60,2025-09-08,-8.75
R1.C1.d0.02.s5.maker.H60,2025-09-11,-20.490000000000002
R1.C1.d0.02.s5.maker.H60,2025-09-12,-28.54
R1.C1.d0.02.s5.maker.H60,2025-09-13,-117.01
R1.C1.d0.02.s5.maker.H60,2025-09-14,-144.62
R1.C1.d0.02.s5.maker.H60,2025-09-15,-20.36
R1.C1.d0.02.s5.maker.H60,2025-09-16,-0.48
R1.C1.d0.02.s5.maker.H60,2025-09-18,-21.26
R1.C1.d0.02.s5.maker.H60,2025-09-19,-28.45
R1.C1.d0.02.s5.maker.H60,2025-09-20,-178.6
R1.C1.d0.02.s5.maker.H60,2025-09-21,-190.10999999999999
R1.C1.d0.02.s5.maker.H60,2025-09-22,-18.71
R1.C1.d0.02.s5.maker.H60,2025-09-25,-15.0
R1.C1.d0.02.s5.maker.H60,2025-09-26,-21.09
R1.C1.d0.02.s5.maker.H60,2025-09-27,-180.84
R1.C1.d0.02.s5.maker.H60,2025-09-28,-162.51
R1.C1.d0.02.s5.maker.H60,2025-09-29,-21.19
R1.C1.d0.02.s5.maker.H60,2025-10-02,-32.88
R1.C1.d0.02.s5.maker.H60,2025-10-03,-16.62
R1.C1.d0.02.s5.maker.H60,2025-10-04,-178.07
R1.C1.d0.02.s5.maker.H60,2025-10-05,-157.7
R1.C1.d0.02.s5.maker.H60,2025-10-06,-20.47
R1.C1.d0.02.s5.maker.H60,2025-10-08,-12.48
R1.C1.d0.02.s5.maker.H60,2025-10-09,-39.6
R1.C1.d0.02.s5.maker.H60,2025-10-10,-38.4
R1.C1.d0.02.s5.maker.H60,2025-10-11,-257.3
R1.C1.d0.02.s5.maker.H60,2025-10-12,-153.37
R1.C1.d0.02.s5.maker.H60,2025-10-13,-39.11
R1.C1.d0.02.s5.maker.H60,2025-10-14,-36.38
R1.C1.d0.02.s5.maker.H60,2025-10-15,-21.25
R1.C1.d0.02.s5.maker.H60,2025-10-16,-24.75
R1.C1.d0.02.s5.maker.H60,2025-10-17,-54.81
R1.C1.d0.02.s5.maker.H60,2025-10-18,-296.0
R1.C1.d0.02.s5.maker.H60,2025-10-19,-182.71
R1.C1.d0.02.s5.maker.H60,2025-10-20,-21.35
R1.C1.d0.02.s5.maker.H60,2025-10-21,-26.67
R1.C1.d0.02.s5.maker.H60,2025-10-22,-13.9
R1.C1.d0.02.s5.maker.H60,2025-10-23,-18.150000000000002
R1.C1.d0.02.s5.maker.H60,2025-10-24,-30.16
R1.C1.d0.02.s5.maker.H60,2025-10-25,-243.5
R1.C1.d0.02.s5.maker.H60,2025-10-26,-97.8
R1.C1.d0.02.s5.maker.H60,2025-10-27,-8.72
R1.C1.d0.02.s5.maker.H60,2025-10-28,-7.0200000000000005
R1.C1.d0.02.s5.maker.H60,2025-10-29,-17.01
R1.C1.d0.02.s5.maker.H60,2025-10-30,-22.29
R1.C1.d0.02.s5.maker.H60,2025-10-31,-15.91
R1.C1.d0.02.s5.maker.H60,2025-11-01,-289.8
R1.C1.d0.02.s5.maker.H60,2025-11-02,-180.01
R1.C1.d0.02.s5.maker.H60,2025-11-03,-24.34
R1.C1.d0.02.s5.maker.H60,2025-11-04,-8.55
R1.C1.d0.02.s5.maker.H60,2025-11-05,-8.84
R1.C1.d0.02.s5.maker.H60,2025-11-06,-27.44
R1.C1.d0.02.s5.maker.H60,2025-11-07,-25.72
R1.C1.d0.02.s5.maker.H60,2025-11-08,-231.44
R1.C1.d0.02.s5.maker.H60,2025-11-09,-146.91
R1.C1.d0.02.s5.maker.H60,2025-11-10,-21.51
R1.C1.d0.02.s5.maker.H60,2025-11-11,-24.28
R1.C1.d0.02.s5.maker.H60,2025-11-12,-22.93
R1.C1.d0.02.s5.maker.H60,2025-11-13,-10.64
R1.C1.d0.02.s5.maker.H60,2025-11-14,-23.02
R1.C1.d0.02.s5.maker.H60,2025-11-15,-278.59
R1.C1.d0.02.s5.maker.H60,2025-11-16,-248.58
R1.C1.d0.02.s5.maker.H60,2025-11-17,-8.68
R1.C1.d0.02.s5.maker.H60,2025-11-18,-17.6
R1.C1.d0.02.s5.maker.H60,2025-11-19,-12.56
R1.C1.d0.02.s5.maker.H60,2025-11-20,-50.22
R1.C1.d0.02.s5.maker.H60,2025-11-21,-5.69
R1.C1.d0.02.s5.maker.H60,2025-11-22,-294.19
R1.C1.d0.02.s5.maker.H60,2025-11-23,-186.34
R1.C1.d0.02.s5.maker.H60,2025-11-24,-9.540000000000001
R1.C1.d0.02.s5.maker.H60,2025-11-25,-7.28
R1.C1.d0.02.s5.maker.H60,2025-11-27,-86.43
R1.C1.d0.02.s5.maker.H60,2025-11-28,-126.07000000000001
R1.C1.d0.02.s5.maker.H60,2025-11-29,-248.73
R1.C1.d0.02.s5.maker.H60,2025-11-30,-136.64000000000001
R1.C1.d0.02.s5.maker.H60,2025-12-01,-6.6
R1.C1.d0.02.s5.maker.H60,2025-12-04,-20.77
R1.C1.d0.02.s5.maker.H60,2025-12-05,-26.14
R1.C1.d0.02.s5.maker.H60,2025-12-06,-69.49
R1.C1.d0.02.s5.maker.H60,2025-12-07,-154.03
R1.C1.d0.02.s5.maker.H60,2025-12-11,-31.57
R1.C1.d0.02.s5.maker.H60,2025-12-13,-22.59
R1.C1.d0.02.s5.maker.H60,2025-12-14,-202.1
R1.C1.d0.02.s5.maker.H60,2025-12-15,-11.62
R1.C1.d0.02.s5.maker.H60,2025-12-16,-20.02
R1.C1.d0.02.s5.maker.H60,2025-12-17,-38.47
R1.C1.d0.02.s5.maker.H60,2025-12-18,-32.66
R1.C1.d0.02.s5.maker.H60,2025-12-19,-24.32
R1.C1.d0.02.s5.maker.H60,2025-12-20,-64.82000000000001
R1.C1.d0.02.s5.maker.H60,2025-12-21,-163.33
R1.C1.d0.02.s5.maker.H60,2025-12-22,-24.22
R1.C1.d0.02.s5.maker.H60,2025-12-23,-37.45
R1.C1.d0.02.s5.maker.H60,2025-12-24,-30.16
R1.C1.d0.02.s5.maker.H60,2025-12-25,-11.46
R1.C1.d0.02.s5.maker.H60,2025-12-26,-30.65
R1.C1.d0.02.s5.maker.H60,2025-12-27,-143.56
R1.C1.d0.02.s5.maker.H60,2025-12-28,-182.72
R1.C1.d0.02.s5.maker.H60,2025-12-29,-32.67
R1.C1.d0.02.s5.maker.H60,2025-12-30,-68.63
R1.C1.d0.02.s5.maker.H60,2025-12-31,-118.05
R1.C1.d0.02.s5.maker.H60,2026-01-01,-61.98
R1.C1.d0.02.s5.maker.H60,2026-01-02,-39.81
R1.C1.d0.02.s5.maker.H60,2026-01-03,-46.08
R1.C1.d0.02.s5.maker.H60,2026-01-04,-167.35
R1.C1.d0.02.s5.maker.H60,2026-01-08,-38.19
R1.C1.d0.02.s5.maker.H60,2026-01-09,-9.59
R1.C1.d0.02.s5.maker.H60,2026-01-10,-52.76
R1.C1.d0.02.s5.maker.H60,2026-01-11,-78.41
R1.C1.d0.02.s5.maker.H60,2026-01-12,-22.75
R1.C1.d0.02.s5.maker.H60,2026-01-17,-48.07
R1.C1.d0.02.s5.maker.H60,2026-01-18,-67.01
R1.C1.d0.02.s5.maker.H300,2025-09-08,-10.89
R1.C1.d0.02.s5.maker.H300,2025-09-11,-14.6
R1.C1.d0.02.s5.maker.H300,2025-09-12,-13.06
R1.C1.d0.02.s5.maker.H300,2025-09-13,-73.02
R1.C1.d0.02.s5.maker.H300,2025-09-14,-43.339999999999996
R1.C1.d0.02.s5.maker.H300,2025-09-15,-2.170000000000001
R1.C1.d0.02.s5.maker.H300,2025-09-16,-0.35000000000000003
R1.C1.d0.02.s5.maker.H300,2025-09-18,-8.52
R1.C1.d0.02.s5.maker.H300,2025-09-19,-13.44
R1.C1.d0.02.s5.maker.H300,2025-09-20,-96.74000000000001
R1.C1.d0.02.s5.maker.H300,2025-09-21,-74.36
R1.C1.d0.02.s5.maker.H300,2025-09-22,-7.65
R1.C1.d0.02.s5.maker.H300,2025-09-25,-5.78
R1.C1.d0.02.s5.maker.H300,2025-09-26,-1.52
R1.C1.d0.02.s5.maker.H300,2025-09-27,-123.94
R1.C1.d0.02.s5.maker.H300,2025-09-28,-59.42
R1.C1.d0.02.s5.maker.H300,2025-09-29,-17.41
R1.C1.d0.02.s5.maker.H300,2025-10-02,0.71
R1.C1.d0.02.s5.maker.H300,2025-10-03,-11.98
R1.C1.d0.02.s5.maker.H300,2025-10-04,-118.35000000000001
R1.C1.d0.02.s5.maker.H300,2025-10-05,-43.81
R1.C1.d0.02.s5.maker.H300,2025-10-06,5.08
R1.C1.d0.02.s5.maker.H300,2025-10-08,-10.43
R1.C1.d0.02.s5.maker.H300,2025-10-09,-15.11
R1.C1.d0.02.s5.maker.H300,2025-10-10,-18.86
R1.C1.d0.02.s5.maker.H300,2025-10-11,-134.49
R1.C1.d0.02.s5.maker.H300,2025-10-12,-68.91
R1.C1.d0.02.s5.maker.H300,2025-10-13,-6.85
R1.C1.d0.02.s5.maker.H300,2025-10-14,-15.3
R1.C1.d0.02.s5.maker.H300,2025-10-15,-11.51
R1.C1.d0.02.s5.maker.H300,2025-10-16,-2.13
R1.C1.d0.02.s5.maker.H300,2025-10-17,-13.57
R1.C1.d0.02.s5.maker.H300,2025-10-18,-169.77
R1.C1.d0.02.s5.maker.H300,2025-10-19,-82.45
R1.C1.d0.02.s5.maker.H300,2025-10-20,-10.51
R1.C1.d0.02.s5.maker.H300,2025-10-21,-15.7
R1.C1.d0.02.s5.maker.H300,2025-10-22,-4.37
R1.C1.d0.02.s5.maker.H300,2025-10-23,-6.46
R1.C1.d0.02.s5.maker.H300,2025-10-24,-9.4
R1.C1.d0.02.s5.maker.H300,2025-10-25,-170.01
R1.C1.d0.02.s5.maker.H300,2025-10-26,-47.04
R1.C1.d0.02.s5.maker.H300,2025-10-27,-3.19
R1.C1.d0.02.s5.maker.H300,2025-10-28,-3.24
R1.C1.d0.02.s5.maker.H300,2025-10-29,-16.41
R1.C1.d0.02.s5.maker.H300,2025-10-30,-2.25
R1.C1.d0.02.s5.maker.H300,2025-10-31,-7.0600000000000005
R1.C1.d0.02.s5.maker.H300,2025-11-01,-164.17
R1.C1.d0.02.s5.maker.H300,2025-11-02,-62.07
R1.C1.d0.02.s5.maker.H300,2025-11-03,-13.96
R1.C1.d0.02.s5.maker.H300,2025-11-04,-6.6499999999999995
R1.C1.d0.02.s5.maker.H300,2025-11-05,-5.12
R1.C1.d0.02.s5.maker.H300,2025-11-06,-10.2
R1.C1.d0.02.s5.maker.H300,2025-11-07,-10.100000000000001
R1.C1.d0.02.s5.maker.H300,2025-11-08,-161.66
R1.C1.d0.02.s5.maker.H300,2025-11-09,-64.96
R1.C1.d0.02.s5.maker.H300,2025-11-10,-5.63
R1.C1.d0.02.s5.maker.H300,2025-11-11,-12.53
R1.C1.d0.02.s5.maker.H300,2025-11-12,-11.19
R1.C1.d0.02.s5.maker.H300,2025-11-13,-4.05
R1.C1.d0.02.s5.maker.H300,2025-11-14,-15.88
R1.C1.d0.02.s5.maker.H300,2025-11-15,-129.36
R1.C1.d0.02.s5.maker.H300,2025-11-16,-95.45
R1.C1.d0.02.s5.maker.H300,2025-11-17,-5.24
R1.C1.d0.02.s5.maker.H300,2025-11-18,-10.98
R1.C1.d0.02.s5.maker.H300,2025-11-19,-6.28
R1.C1.d0.02.s5.maker.H300,2025-11-20,-17.07
R1.C1.d0.02.s5.maker.H300,2025-11-21,-6.37
R1.C1.d0.02.s5.maker.H300,2025-11-22,-187.99
R1.C1.d0.02.s5.maker.H300,2025-11-23,-64.16
R1.C1.d0.02.s5.maker.H300,2025-11-24,-4.37
R1.C1.d0.02.s5.maker.H300,2025-11-25,-2.75
R1.C1.d0.02.s5.maker.H300,2025-11-27,-19.68
R1.C1.d0.02.s5.maker.H300,2025-11-28,-63.230000000000004
R1.C1.d0.02.s5.maker.H300,2025-11-29,-145.07
R1.C1.d0.02.s5.maker.H300,2025-11-30,-65.57000000000001
R1.C1.d0.02.s5.maker.H300,2025-12-01,-2.79
R1.C1.d0.02.s5.maker.H300,2025-12-04,-9.16
R1.C1.d0.02.s5.maker.H300,2025-12-05,-18.27
R1.C1.d0.02.s5.maker.H300,2025-12-06,-24.7
R1.C1.d0.02.s5.maker.H300,2025-12-07,-57.18
R1.C1.d0.02.s5.maker.H300,2025-12-11,-20.72
R1.C1.d0.02.s5.maker.H300,2025-12-13,-13.98
R1.C1.d0.02.s5.maker.H300,2025-12-14,-81.6
R1.C1.d0.02.s5.maker.H300,2025-12-15,-5.85
R1.C1.d0.02.s5.maker.H300,2025-12-16,-2.47
R1.C1.d0.02.s5.maker.H300,2025-12-17,-19.81
R1.C1.d0.02.s5.maker.H300,2025-12-18,6.0200000000000005
R1.C1.d0.02.s5.maker.H300,2025-12-19,-5.42
R1.C1.d0.02.s5.maker.H300,2025-12-20,-35.48
R1.C1.d0.02.s5.maker.H300,2025-12-21,-65.48
R1.C1.d0.02.s5.maker.H300,2025-12-22,-15.31
R1.C1.d0.02.s5.maker.H300,2025-12-23,-23.01
R1.C1.d0.02.s5.maker.H300,2025-12-24,-9.43
R1.C1.d0.02.s5.maker.H300,2025-12-25,-6.85
R1.C1.d0.02.s5.maker.H300,2025-12-26,-15.43
R1.C1.d0.02.s5.maker.H300,2025-12-27,-59.79
R1.C1.d0.02.s5.maker.H300,2025-12-28,-75.06
R1.C1.d0.02.s5.maker.H300,2025-12-29,-17.54
R1.C1.d0.02.s5.maker.H300,2025-12-30,-21.65
R1.C1.d0.02.s5.maker.H300,2025-12-31,-62.910000000000004
R1.C1.d0.02.s5.maker.H300,2026-01-01,-17.67
R1.C1.d0.02.s5.maker.H300,2026-01-02,-19.919999999999998
R1.C1.d0.02.s5.maker.H300,2026-01-03,-18.76
R1.C1.d0.02.s5.maker.H300,2026-01-04,-83.8
R1.C1.d0.02.s5.maker.H300,2026-01-08,-6.69
R1.C1.d0.02.s5.maker.H300,2026-01-09,-4.17
R1.C1.d0.02.s5.maker.H300,2026-01-10,-15.21
R1.C1.d0.02.s5.maker.H300,2026-01-11,-27.95
R1.C1.d0.02.s5.maker.H300,2026-01-12,-9.64
R1.C1.d0.02.s5.maker.H300,2026-01-17,-22.47
R1.C1.d0.02.s5.maker.H300,2026-01-18,-23.34
R1.C1.d0.02.s5.maker.settle,2025-09-08,-7.34
R1.C1.d0.02.s5.maker.settle,2025-09-11,7.41
R1.C1.d0.02.s5.maker.settle,2025-09-12,14.170000000000002
R1.C1.d0.02.s5.maker.settle,2025-09-13,-6.07
R1.C1.d0.02.s5.maker.settle,2025-09-14,-11.61
R1.C1.d0.02.s5.maker.settle,2025-09-15,8.61
R1.C1.d0.02.s5.maker.settle,2025-09-18,4.24
R1.C1.d0.02.s5.maker.settle,2025-09-19,12.21
R1.C1.d0.02.s5.maker.settle,2025-09-20,20.560000000000002
R1.C1.d0.02.s5.maker.settle,2025-09-21,-10.01
R1.C1.d0.02.s5.maker.settle,2025-09-22,-7.34
R1.C1.d0.02.s5.maker.settle,2025-09-25,6.33
R1.C1.d0.02.s5.maker.settle,2025-09-26,6.56
R1.C1.d0.02.s5.maker.settle,2025-09-27,-16.029999999999998
R1.C1.d0.02.s5.maker.settle,2025-09-28,-12.209999999999999
R1.C1.d0.02.s5.maker.settle,2025-09-29,-9.2
R1.C1.d0.02.s5.maker.settle,2025-10-02,5.85
R1.C1.d0.02.s5.maker.settle,2025-10-03,9.27
R1.C1.d0.02.s5.maker.settle,2025-10-04,15.989999999999998
R1.C1.d0.02.s5.maker.settle,2025-10-05,19.52
R1.C1.d0.02.s5.maker.settle,2025-10-06,-7.34
R1.C1.d0.02.s5.maker.settle,2025-10-08,-10.899999999999999
R1.C1.d0.02.s5.maker.settle,2025-10-09,6.100000000000001
R1.C1.d0.02.s5.maker.settle,2025-10-10,-6.64
R1.C1.d0.02.s5.maker.settle,2025-10-11,7.17
R1.C1.d0.02.s5.maker.settle,2025-10-12,-10.93
R1.C1.d0.02.s5.maker.settle,2025-10-13,11.5
R1.C1.d0.02.s5.maker.settle,2025-10-14,-4.709999999999999
R1.C1.d0.02.s5.maker.settle,2025-10-15,-1.5999999999999996
R1.C1.d0.02.s5.maker.settle,2025-10-16,6.34
R1.C1.d0.02.s5.maker.settle,2025-10-17,-6.57
R1.C1.d0.02.s5.maker.settle,2025-10-18,-14.790000000000003
R1.C1.d0.02.s5.maker.settle,2025-10-19,-1.33
R1.C1.d0.02.s5.maker.settle,2025-10-20,0.1200000000000001
R1.C1.d0.02.s5.maker.settle,2025-10-21,-10.78
R1.C1.d0.02.s5.maker.settle,2025-10-22,0.7200000000000002
R1.C1.d0.02.s5.maker.settle,2025-10-23,3.9299999999999997
R1.C1.d0.02.s5.maker.settle,2025-10-24,-2.27
R1.C1.d0.02.s5.maker.settle,2025-10-25,-7.85
R1.C1.d0.02.s5.maker.settle,2025-10-26,-23.93
R1.C1.d0.02.s5.maker.settle,2025-10-27,2.07
R1.C1.d0.02.s5.maker.settle,2025-10-28,-1.04
R1.C1.d0.02.s5.maker.settle,2025-10-29,5.92
R1.C1.d0.02.s5.maker.settle,2025-10-30,-17.0
R1.C1.d0.02.s5.maker.settle,2025-10-31,2.93
R1.C1.d0.02.s5.maker.settle,2025-11-01,-28.44
R1.C1.d0.02.s5.maker.settle,2025-11-02,-10.260000000000002
R1.C1.d0.02.s5.maker.settle,2025-11-03,5.35
R1.C1.d0.02.s5.maker.settle,2025-11-04,4.14
R1.C1.d0.02.s5.maker.settle,2025-11-05,1.6399999999999997
R1.C1.d0.02.s5.maker.settle,2025-11-06,2.2899999999999996
R1.C1.d0.02.s5.maker.settle,2025-11-07,-1.12
R1.C1.d0.02.s5.maker.settle,2025-11-08,21.740000000000002
R1.C1.d0.02.s5.maker.settle,2025-11-09,26.25
R1.C1.d0.02.s5.maker.settle,2025-11-10,3.75
R1.C1.d0.02.s5.maker.settle,2025-11-11,11.71
R1.C1.d0.02.s5.maker.settle,2025-11-12,-2.11
R1.C1.d0.02.s5.maker.settle,2025-11-13,-3.96
R1.C1.d0.02.s5.maker.settle,2025-11-14,-5.25
R1.C1.d0.02.s5.maker.settle,2025-11-15,-21.64
R1.C1.d0.02.s5.maker.settle,2025-11-16,-16.17
R1.C1.d0.02.s5.maker.settle,2025-11-17,-4.25
R1.C1.d0.02.s5.maker.settle,2025-11-18,-10.41
R1.C1.d0.02.s5.maker.settle,2025-11-19,5.529999999999999
R1.C1.d0.02.s5.maker.settle,2025-11-20,-0.47999999999999954
R1.C1.d0.02.s5.maker.settle,2025-11-21,-5.65
R1.C1.d0.02.s5.maker.settle,2025-11-22,-36.15
R1.C1.d0.02.s5.maker.settle,2025-11-23,-4.46
R1.C1.d0.02.s5.maker.settle,2025-11-24,-2.44
R1.C1.d0.02.s5.maker.settle,2025-11-25,-2.4499999999999997
R1.C1.d0.02.s5.maker.settle,2025-11-27,13.84
R1.C1.d0.02.s5.maker.settle,2025-11-28,-5.0200000000000005
R1.C1.d0.02.s5.maker.settle,2025-11-29,13.77
R1.C1.d0.02.s5.maker.settle,2025-11-30,-16.93
R1.C1.d0.02.s5.maker.settle,2025-12-01,-1.53
R1.C1.d0.02.s5.maker.settle,2025-12-04,-3.95
R1.C1.d0.02.s5.maker.settle,2025-12-05,-2.46
R1.C1.d0.02.s5.maker.settle,2025-12-06,-6.43
R1.C1.d0.02.s5.maker.settle,2025-12-07,-7.709999999999999
R1.C1.d0.02.s5.maker.settle,2025-12-11,-7.44
R1.C1.d0.02.s5.maker.settle,2025-12-13,0.1200000000000001
R1.C1.d0.02.s5.maker.settle,2025-12-14,-25.3
R1.C1.d0.02.s5.maker.settle,2025-12-15,-3.65
R1.C1.d0.02.s5.maker.settle,2025-12-16,2.46
R1.C1.d0.02.s5.maker.settle,2025-12-17,10.0
R1.C1.d0.02.s5.maker.settle,2025-12-18,-1.0899999999999999
R1.C1.d0.02.s5.maker.settle,2025-12-19,-10.41
R1.C1.d0.02.s5.maker.settle,2025-12-20,4.319999999999999
R1.C1.d0.02.s5.maker.settle,2025-12-21,-9.5
R1.C1.d0.02.s5.maker.settle,2025-12-22,-7.7
R1.C1.d0.02.s5.maker.settle,2025-12-23,-3.210000000000001
R1.C1.d0.02.s5.maker.settle,2025-12-24,-5.95
R1.C1.d0.02.s5.maker.settle,2025-12-25,1.77
R1.C1.d0.02.s5.maker.settle,2025-12-26,-3.54
R1.C1.d0.02.s5.maker.settle,2025-12-27,-9.59
R1.C1.d0.02.s5.maker.settle,2025-12-28,0.21999999999999886
R1.C1.d0.02.s5.maker.settle,2025-12-29,-8.370000000000001
R1.C1.d0.02.s5.maker.settle,2025-12-30,-4.930000000000001
R1.C1.d0.02.s5.maker.settle,2025-12-31,-0.3199999999999994
R1.C1.d0.02.s5.maker.settle,2026-01-01,14.959999999999999
R1.C1.d0.02.s5.maker.settle,2026-01-02,8.059999999999999
R1.C1.d0.02.s5.maker.settle,2026-01-03,-6.99
R1.C1.d0.02.s5.maker.settle,2026-01-04,-32.61
R1.C1.d0.02.s5.maker.settle,2026-01-08,3.55
R1.C1.d0.02.s5.maker.settle,2026-01-09,2.56
R1.C1.d0.02.s5.maker.settle,2026-01-10,-3.87
R1.C1.d0.02.s5.maker.settle,2026-01-11,2.6500000000000004
R1.C1.d0.02.s5.maker.settle,2026-01-12,-5.05
R1.C1.d0.02.s5.maker.settle,2026-01-17,1.4100000000000001
R1.C1.d0.02.s5.maker.settle,2026-01-18,-0.28000000000000025
R1.C1.d0.02.s15.taker.H60,2025-09-08,-24.26
R1.C1.d0.02.s15.taker.H60,2025-09-11,-26.6
R1.C1.d0.02.s15.taker.H60,2025-09-12,-40.1
R1.C1.d0.02.s15.taker.H60,2025-09-13,-165.42000000000002
R1.C1.d0.02.s15.taker.H60,2025-09-14,-198.72
R1.C1.d0.02.s15.taker.H60,2025-09-15,-33.99
R1.C1.d0.02.s15.taker.H60,2025-09-16,-3.18
R1.C1.d0.02.s15.taker.H60,2025-09-18,-26.52
R1.C1.d0.02.s15.taker.H60,2025-09-19,-45.28
R1.C1.d0.02.s15.taker.H60,2025-09-20,-222.99
R1.C1.d0.02.s15.taker.H60,2025-09-21,-248.19
R1.C1.d0.02.s15.taker.H60,2025-09-22,-24.7
R1.C1.d0.02.s15.taker.H60,2025-09-25,-27.96
R1.C1.d0.02.s15.taker.H60,2025-09-26,-40.15
R1.C1.d0.02.s15.taker.H60,2025-09-27,-256.0
R1.C1.d0.02.s15.taker.H60,2025-09-28,-250.85
R1.C1.d0.02.s15.taker.H60,2025-09-29,-30.73
R1.C1.d0.02.s15.taker.H60,2025-10-02,-57.45
R1.C1.d0.02.s15.taker.H60,2025-10-03,-23.63
R1.C1.d0.02.s15.taker.H60,2025-10-04,-247.26
R1.C1.d0.02.s15.taker.H60,2025-10-05,-243.87
R1.C1.d0.02.s15.taker.H60,2025-10-06,-36.96
R1.C1.d0.02.s15.taker.H60,2025-10-08,-15.74
R1.C1.d0.02.s15.taker.H60,2025-10-09,-59.01
R1.C1.d0.02.s15.taker.H60,2025-10-10,-56.56
R1.C1.d0.02.s15.taker.H60,2025-10-11,-303.75
R1.C1.d0.02.s15.taker.H60,2025-10-12,-238.49
R1.C1.d0.02.s15.taker.H60,2025-10-13,-55.2
R1.C1.d0.02.s15.taker.H60,2025-10-14,-41.41
R1.C1.d0.02.s15.taker.H60,2025-10-15,-28.98
R1.C1.d0.02.s15.taker.H60,2025-10-16,-35.339999999999996
R1.C1.d0.02.s15.taker.H60,2025-10-17,-74.43
R1.C1.d0.02.s15.taker.H60,2025-10-18,-396.85
R1.C1.d0.02.s15.taker.H60,2025-10-19,-230.71
R1.C1.d0.02.s15.taker.H60,2025-10-20,-32.24
R1.C1.d0.02.s15.taker.H60,2025-10-21,-34.18
R1.C1.d0.02.s15.taker.H60,2025-10-22,-27.11
R1.C1.d0.02.s15.taker.H60,2025-10-23,-27.63
R1.C1.d0.02.s15.taker.H60,2025-10-24,-49.13
R1.C1.d0.02.s15.taker.H60,2025-10-25,-327.03000000000003
R1.C1.d0.02.s15.taker.H60,2025-10-26,-159.02
R1.C1.d0.02.s15.taker.H60,2025-10-27,-15.05
R1.C1.d0.02.s15.taker.H60,2025-10-28,-14.53
R1.C1.d0.02.s15.taker.H60,2025-10-29,-25.26
R1.C1.d0.02.s15.taker.H60,2025-10-30,-27.88
R1.C1.d0.02.s15.taker.H60,2025-10-31,-16.240000000000002
R1.C1.d0.02.s15.taker.H60,2025-11-01,-402.96
R1.C1.d0.02.s15.taker.H60,2025-11-02,-255.99
R1.C1.d0.02.s15.taker.H60,2025-11-03,-35.98
R1.C1.d0.02.s15.taker.H60,2025-11-04,-8.13
R1.C1.d0.02.s15.taker.H60,2025-11-05,-13.57
R1.C1.d0.02.s15.taker.H60,2025-11-06,-43.19
R1.C1.d0.02.s15.taker.H60,2025-11-07,-42.83
R1.C1.d0.02.s15.taker.H60,2025-11-08,-346.78000000000003
R1.C1.d0.02.s15.taker.H60,2025-11-09,-239.0
R1.C1.d0.02.s15.taker.H60,2025-11-10,-32.11
R1.C1.d0.02.s15.taker.H60,2025-11-11,-32.55
R1.C1.d0.02.s15.taker.H60,2025-11-12,-31.97
R1.C1.d0.02.s15.taker.H60,2025-11-13,-14.12
R1.C1.d0.02.s15.taker.H60,2025-11-14,-21.06
R1.C1.d0.02.s15.taker.H60,2025-11-15,-395.62
R1.C1.d0.02.s15.taker.H60,2025-11-16,-336.49
R1.C1.d0.02.s15.taker.H60,2025-11-17,-12.629999999999999
R1.C1.d0.02.s15.taker.H60,2025-11-18,-22.57
R1.C1.d0.02.s15.taker.H60,2025-11-19,-17.64
R1.C1.d0.02.s15.taker.H60,2025-11-20,-60.050000000000004
R1.C1.d0.02.s15.taker.H60,2025-11-21,-11.07
R1.C1.d0.02.s15.taker.H60,2025-11-22,-391.27
R1.C1.d0.02.s15.taker.H60,2025-11-23,-265.89
R1.C1.d0.02.s15.taker.H60,2025-11-24,-14.41
R1.C1.d0.02.s15.taker.H60,2025-11-25,-12.620000000000001
R1.C1.d0.02.s15.taker.H60,2025-11-27,-125.7
R1.C1.d0.02.s15.taker.H60,2025-11-28,-173.01
R1.C1.d0.02.s15.taker.H60,2025-11-29,-296.0
R1.C1.d0.02.s15.taker.H60,2025-11-30,-206.52
R1.C1.d0.02.s15.taker.H60,2025-12-01,-3.03
R1.C1.d0.02.s15.taker.H60,2025-12-04,-29.73
R1.C1.d0.02.s15.taker.H60,2025-12-05,-31.65
R1.C1.d0.02.s15.taker.H60,2025-12-06,-105.71000000000001
R1.C1.d0.02.s15.taker.H60,2025-12-07,-225.64000000000001
R1.C1.d0.02.s15.taker.H60,2025-12-11,-30.509999999999998
R1.C1.d0.02.s15.taker.H60,2025-12-13,-28.6
R1.C1.d0.02.s15.taker.H60,2025-12-14,-275.01
R1.C1.d0.02.s15.taker.H60,2025-12-15,-15.18
R1.C1.d0.02.s15.taker.H60,2025-12-16,-40.38
R1.C1.d0.02.s15.taker.H60,2025-12-17,-50.21
R1.C1.d0.02.s15.taker.H60,2025-12-18,-55.13
R1.C1.d0.02.s15.taker.H60,2025-12-19,-36.94
R1.C1.d0.02.s15.taker.H60,2025-12-20,-95.42
R1.C1.d0.02.s15.taker.H60,2025-12-21,-273.08
R1.C1.d0.02.s15.taker.H60,2025-12-22,-29.94
R1.C1.d0.02.s15.taker.H60,2025-12-23,-49.38
R1.C1.d0.02.s15.taker.H60,2025-12-24,-30.22
R1.C1.d0.02.s15.taker.H60,2025-12-25,-16.97
R1.C1.d0.02.s15.taker.H60,2025-12-26,-48.62
R1.C1.d0.02.s15.taker.H60,2025-12-27,-237.1
R1.C1.d0.02.s15.taker.H60,2025-12-28,-268.35
R1.C1.d0.02.s15.taker.H60,2025-12-29,-37.0
R1.C1.d0.02.s15.taker.H60,2025-12-30,-102.14
R1.C1.d0.02.s15.taker.H60,2025-12-31,-155.74
R1.C1.d0.02.s15.taker.H60,2026-01-01,-76.84
R1.C1.d0.02.s15.taker.H60,2026-01-02,-57.61
R1.C1.d0.02.s15.taker.H60,2026-01-03,-63.95
R1.C1.d0.02.s15.taker.H60,2026-01-04,-269.96
R1.C1.d0.02.s15.taker.H60,2026-01-08,-57.11
R1.C1.d0.02.s15.taker.H60,2026-01-09,-15.790000000000001
R1.C1.d0.02.s15.taker.H60,2026-01-10,-81.28
R1.C1.d0.02.s15.taker.H60,2026-01-11,-131.62
R1.C1.d0.02.s15.taker.H60,2026-01-12,-33.67
R1.C1.d0.02.s15.taker.H60,2026-01-17,-80.83
R1.C1.d0.02.s15.taker.H60,2026-01-18,-96.35000000000001
R1.C1.d0.02.s15.taker.H300,2025-09-08,-4.17
R1.C1.d0.02.s15.taker.H300,2025-09-11,-11.67
R1.C1.d0.02.s15.taker.H300,2025-09-12,-17.37
R1.C1.d0.02.s15.taker.H300,2025-09-13,-100.14
R1.C1.d0.02.s15.taker.H300,2025-09-14,-104.55
R1.C1.d0.02.s15.taker.H300,2025-09-15,-7.69
R1.C1.d0.02.s15.taker.H300,2025-09-16,-2.25
R1.C1.d0.02.s15.taker.H300,2025-09-18,-12.780000000000001
R1.C1.d0.02.s15.taker.H300,2025-09-19,-22.63
R1.C1.d0.02.s15.taker.H300,2025-09-20,-171.0
R1.C1.d0.02.s15.taker.H300,2025-09-21,-136.93
R1.C1.d0.02.s15.taker.H300,2025-09-22,-7.12
R1.C1.d0.02.s15.taker.H300,2025-09-25,-10.29
R1.C1.d0.02.s15.taker.H300,2025-09-26,-11.03
R1.C1.d0.02.s15.taker.H300,2025-09-27,-202.17
R1.C1.d0.02.s15.taker.H300,2025-09-28,-137.25
R1.C1.d0.02.s15.taker.H300,2025-09-29,-15.11
R1.C1.d0.02.s15.taker.H300,2025-10-02,-13.270000000000001
R1.C1.d0.02.s15.taker.H300,2025-10-03,-17.34
R1.C1.d0.02.s15.taker.H300,2025-10-04,-147.82
R1.C1.d0.02.s15.taker.H300,2025-10-05,-101.08
R1.C1.d0.02.s15.taker.H300,2025-10-06,-9.69
R1.C1.d0.02.s15.taker.H300,2025-10-08,-12.540000000000001
R1.C1.d0.02.s15.taker.H300,2025-10-09,-10.36
R1.C1.d0.02.s15.taker.H300,2025-10-10,-26.990000000000002
R1.C1.d0.02.s15.taker.H300,2025-10-11,-194.01
R1.C1.d0.02.s15.taker.H300,2025-10-12,-132.27
R1.C1.d0.02.s15.taker.H300,2025-10-13,-23.82
R1.C1.d0.02.s15.taker.H300,2025-10-14,-24.73
R1.C1.d0.02.s15.taker.H300,2025-10-15,-10.85
R1.C1.d0.02.s15.taker.H300,2025-10-16,-11.85
R1.C1.d0.02.s15.taker.H300,2025-10-17,-34.61
R1.C1.d0.02.s15.taker.H300,2025-10-18,-216.71
R1.C1.d0.02.s15.taker.H300,2025-10-19,-82.91
R1.C1.d0.02.s15.taker.H300,2025-10-20,-13.790000000000001
R1.C1.d0.02.s15.taker.H300,2025-10-21,-28.34
R1.C1.d0.02.s15.taker.H300,2025-10-22,-16.65
R1.C1.d0.02.s15.taker.H300,2025-10-23,-20.21
R1.C1.d0.02.s15.taker.H300,2025-10-24,-11.620000000000001
R1.C1.d0.02.s15.taker.H300,2025-10-25,-210.49
R1.C1.d0.02.s15.taker.H300,2025-10-26,-61.94
R1.C1.d0.02.s15.taker.H300,2025-10-27,-5.63
R1.C1.d0.02.s15.taker.H300,2025-10-28,-13.07
R1.C1.d0.02.s15.taker.H300,2025-10-29,-16.7
R1.C1.d0.02.s15.taker.H300,2025-10-30,-10.6
R1.C1.d0.02.s15.taker.H300,2025-10-31,-9.05
R1.C1.d0.02.s15.taker.H300,2025-11-01,-226.86
R1.C1.d0.02.s15.taker.H300,2025-11-02,-103.62
R1.C1.d0.02.s15.taker.H300,2025-11-03,-12.39
R1.C1.d0.02.s15.taker.H300,2025-11-04,-6.63
R1.C1.d0.02.s15.taker.H300,2025-11-05,-12.73
R1.C1.d0.02.s15.taker.H300,2025-11-06,-16.849999999999998
R1.C1.d0.02.s15.taker.H300,2025-11-07,-21.66
R1.C1.d0.02.s15.taker.H300,2025-11-08,-217.56
R1.C1.d0.02.s15.taker.H300,2025-11-09,-112.91
R1.C1.d0.02.s15.taker.H300,2025-11-10,-19.88
R1.C1.d0.02.s15.taker.H300,2025-11-11,-26.48
R1.C1.d0.02.s15.taker.H300,2025-11-12,-19.91
R1.C1.d0.02.s15.taker.H300,2025-11-13,-6.33
R1.C1.d0.02.s15.taker.H300,2025-11-14,-2.12
R1.C1.d0.02.s15.taker.H300,2025-11-15,-214.18
R1.C1.d0.02.s15.taker.H300,2025-11-16,-154.91
R1.C1.d0.02.s15.taker.H300,2025-11-17,-4.5200000000000005
R1.C1.d0.02.s15.taker.H300,2025-11-18,-13.34
R1.C1.d0.02.s15.taker.H300,2025-11-19,-5.56
R1.C1.d0.02.s15.taker.H300,2025-11-20,-38.81
R1.C1.d0.02.s15.taker.H300,2025-11-21,-4.62
R1.C1.d0.02.s15.taker.H300,2025-11-22,-240.57
R1.C1.d0.02.s15.taker.H300,2025-11-23,-108.4
R1.C1.d0.02.s15.taker.H300,2025-11-24,-4.48
R1.C1.d0.02.s15.taker.H300,2025-11-25,-8.13
R1.C1.d0.02.s15.taker.H300,2025-11-27,-50.91
R1.C1.d0.02.s15.taker.H300,2025-11-28,-103.5
R1.C1.d0.02.s15.taker.H300,2025-11-29,-180.67
R1.C1.d0.02.s15.taker.H300,2025-11-30,-108.23
R1.C1.d0.02.s15.taker.H300,2025-12-01,-4.67
R1.C1.d0.02.s15.taker.H300,2025-12-04,-14.24
R1.C1.d0.02.s15.taker.H300,2025-12-05,-33.22
R1.C1.d0.02.s15.taker.H300,2025-12-06,-39.83
R1.C1.d0.02.s15.taker.H300,2025-12-07,-77.98
R1.C1.d0.02.s15.taker.H300,2025-12-11,-3.9800000000000004
R1.C1.d0.02.s15.taker.H300,2025-12-13,-16.07
R1.C1.d0.02.s15.taker.H300,2025-12-14,-117.98
R1.C1.d0.02.s15.taker.H300,2025-12-15,-4.8
R1.C1.d0.02.s15.taker.H300,2025-12-16,-17.69
R1.C1.d0.02.s15.taker.H300,2025-12-17,-21.47
R1.C1.d0.02.s15.taker.H300,2025-12-18,-7.43
R1.C1.d0.02.s15.taker.H300,2025-12-19,-18.07
R1.C1.d0.02.s15.taker.H300,2025-12-20,-41.78
R1.C1.d0.02.s15.taker.H300,2025-12-21,-109.16
R1.C1.d0.02.s15.taker.H300,2025-12-22,-17.81
R1.C1.d0.02.s15.taker.H300,2025-12-23,-28.29
R1.C1.d0.02.s15.taker.H300,2025-12-24,-4.85
R1.C1.d0.02.s15.taker.H300,2025-12-25,-9.27
R1.C1.d0.02.s15.taker.H300,2025-12-26,-24.0
R1.C1.d0.02.s15.taker.H300,2025-12-27,-109.18
R1.C1.d0.02.s15.taker.H300,2025-12-28,-104.06
R1.C1.d0.02.s15.taker.H300,2025-12-29,-17.27
R1.C1.d0.02.s15.taker.H300,2025-12-30,-30.55
R1.C1.d0.02.s15.taker.H300,2025-12-31,-63.04
R1.C1.d0.02.s15.taker.H300,2026-01-01,-27.69
R1.C1.d0.02.s15.taker.H300,2026-01-02,-27.7
R1.C1.d0.02.s15.taker.H300,2026-01-03,-21.49
R1.C1.d0.02.s15.taker.H300,2026-01-04,-95.52
R1.C1.d0.02.s15.taker.H300,2026-01-08,-12.540000000000001
R1.C1.d0.02.s15.taker.H300,2026-01-09,-3.65
R1.C1.d0.02.s15.taker.H300,2026-01-10,-23.71
R1.C1.d0.02.s15.taker.H300,2026-01-11,-34.02
R1.C1.d0.02.s15.taker.H300,2026-01-12,-8.850000000000001
R1.C1.d0.02.s15.taker.H300,2026-01-17,-26.0
R1.C1.d0.02.s15.taker.H300,2026-01-18,-34.660000000000004
R1.C1.d0.02.s15.taker.settle,2025-09-08,-7.64
R1.C1.d0.02.s15.taker.settle,2025-09-11,-1.7299999999999995
R1.C1.d0.02.s15.taker.settle,2025-09-12,13.52
R1.C1.d0.02.s15.taker.settle,2025-09-13,44.26
R1.C1.d0.02.s15.taker.settle,2025-09-14,4.2700000000000005
R1.C1.d0.02.s15.taker.settle,2025-09-15,-10.24
R1.C1.d0.02.s15.taker.settle,2025-09-18,5.140000000000001
R1.C1.d0.02.s15.taker.settle,2025-09-19,-1.7299999999999995
R1.C1.d0.02.s15.taker.settle,2025-09-20,-23.990000000000002
R1.C1.d0.02.s15.taker.settle,2025-09-21,-16.790000000000003
R1.C1.d0.02.s15.taker.settle,2025-09-22,-7.44
R1.C1.d0.02.s15.taker.settle,2025-09-25,6.99
R1.C1.d0.02.s15.taker.settle,2025-09-26,-6.76
R1.C1.d0.02.s15.taker.settle,2025-09-27,-23.76
R1.C1.d0.02.s15.taker.settle,2025-09-28,-13.9
R1.C1.d0.02.s15.taker.settle,2025-09-29,-9.45
R1.C1.d0.02.s15.taker.settle,2025-10-02,5.42
R1.C1.d0.02.s15.taker.settle,2025-10-03,-1.0700000000000003
R1.C1.d0.02.s15.taker.settle,2025-10-04,-7.08
R1.C1.d0.02.s15.taker.settle,2025-10-05,-27.909999999999997
R1.C1.d0.02.s15.taker.settle,2025-10-06,6.54
R1.C1.d0.02.s15.taker.settle,2025-10-08,-3.2300000000000004
R1.C1.d0.02.s15.taker.settle,2025-10-09,6.089999999999998
R1.C1.d0.02.s15.taker.settle,2025-10-10,5.48
R1.C1.d0.02.s15.taker.settle,2025-10-11,-13.71
R1.C1.d0.02.s15.taker.settle,2025-10-12,-12.03
R1.C1.d0.02.s15.taker.settle,2025-10-13,11.45
R1.C1.d0.02.s15.taker.settle,2025-10-14,0.9800000000000004
R1.C1.d0.02.s15.taker.settle,2025-10-15,-2.84
R1.C1.d0.02.s15.taker.settle,2025-10-16,8.22
R1.C1.d0.02.s15.taker.settle,2025-10-17,13.59
R1.C1.d0.02.s15.taker.settle,2025-10-18,-2.830000000000002
R1.C1.d0.02.s15.taker.settle,2025-10-19,-9.61
R1.C1.d0.02.s15.taker.settle,2025-10-20,-5.37
R1.C1.d0.02.s15.taker.settle,2025-10-21,3.8000000000000003
R1.C1.d0.02.s15.taker.settle,2025-10-22,-4.960000000000001
R1.C1.d0.02.s15.taker.settle,2025-10-23,3.77
R1.C1.d0.02.s15.taker.settle,2025-10-24,2.42
R1.C1.d0.02.s15.taker.settle,2025-10-25,-28.650000000000002
R1.C1.d0.02.s15.taker.settle,2025-10-26,-24.950000000000003
R1.C1.d0.02.s15.taker.settle,2025-10-27,-2.74
R1.C1.d0.02.s15.taker.settle,2025-10-28,-2.44
R1.C1.d0.02.s15.taker.settle,2025-10-29,-0.73
R1.C1.d0.02.s15.taker.settle,2025-10-30,-3.9300000000000006
R1.C1.d0.02.s15.taker.settle,2025-10-31,2.57
R1.C1.d0.02.s15.taker.settle,2025-11-01,-43.04
R1.C1.d0.02.s15.taker.settle,2025-11-02,11.760000000000002
R1.C1.d0.02.s15.taker.settle,2025-11-03,5.12
R1.C1.d0.02.s15.taker.settle,2025-11-04,4.0
R1.C1.d0.02.s15.taker.settle,2025-11-05,1.7500000000000002
R1.C1.d0.02.s15.taker.settle,2025-11-06,0.8199999999999997
R1.C1.d0.02.s15.taker.settle,2025-11-07,-1.7999999999999996
R1.C1.d0.02.s15.taker.settle,2025-11-08,-33.06
R1.C1.d0.02.s15.taker.settle,2025-11-09,22.25
R1.C1.d0.02.s15.taker.settle,2025-11-10,3.53
R1.C1.d0.02.s15.taker.settle,2025-11-11,2.88
R1.C1.d0.02.s15.taker.settle,2025-11-12,-2.38
R1.C1.d0.02.s15.taker.settle,2025-11-13,-1.9099999999999997
R1.C1.d0.02.s15.taker.settle,2025-11-14,-5.38
R1.C1.d0.02.s15.taker.settle,2025-11-15,-31.409999999999997
R1.C1.d0.02.s15.taker.settle,2025-11-16,-30.029999999999998
R1.C1.d0.02.s15.taker.settle,2025-11-17,-4.27
R1.C1.d0.02.s15.taker.settle,2025-11-18,-11.899999999999999
R1.C1.d0.02.s15.taker.settle,2025-11-19,5.15
R1.C1.d0.02.s15.taker.settle,2025-11-20,-15.08
R1.C1.d0.02.s15.taker.settle,2025-11-21,-5.98
R1.C1.d0.02.s15.taker.settle,2025-11-22,-30.34
R1.C1.d0.02.s15.taker.settle,2025-11-23,-14.19
R1.C1.d0.02.s15.taker.settle,2025-11-24,1.98
R1.C1.d0.02.s15.taker.settle,2025-11-25,-2.78
R1.C1.d0.02.s15.taker.settle,2025-11-27,13.3
R1.C1.d0.02.s15.taker.settle,2025-11-28,-13.46
R1.C1.d0.02.s15.taker.settle,2025-11-29,27.83
R1.C1.d0.02.s15.taker.settle,2025-11-30,-9.84
R1.C1.d0.02.s15.taker.settle,2025-12-01,-1.7
R1.C1.d0.02.s15.taker.settle,2025-12-04,-4.58
R1.C1.d0.02.s15.taker.settle,2025-12-05,3.28
R1.C1.d0.02.s15.taker.settle,2025-12-06,-7.52
R1.C1.d0.02.s15.taker.settle,2025-12-07,2.7499999999999982
R1.C1.d0.02.s15.taker.settle,2025-12-11,-7.64
R1.C1.d0.02.s15.taker.settle,2025-12-13,-5.6899999999999995
R1.C1.d0.02.s15.taker.settle,2025-12-14,-47.65
R1.C1.d0.02.s15.taker.settle,2025-12-15,2.85
R1.C1.d0.02.s15.taker.settle,2025-12-16,2.27
R1.C1.d0.02.s15.taker.settle,2025-12-17,-0.8599999999999994
R1.C1.d0.02.s15.taker.settle,2025-12-18,-7.74
R1.C1.d0.02.s15.taker.settle,2025-12-19,-11.6
R1.C1.d0.02.s15.taker.settle,2025-12-20,0.54
R1.C1.d0.02.s15.taker.settle,2025-12-21,-17.78
R1.C1.d0.02.s15.taker.settle,2025-12-22,-8.75
R1.C1.d0.02.s15.taker.settle,2025-12-23,9.77
R1.C1.d0.02.s15.taker.settle,2025-12-24,-6.17
R1.C1.d0.02.s15.taker.settle,2025-12-25,2.07
R1.C1.d0.02.s15.taker.settle,2025-12-26,-5.5
R1.C1.d0.02.s15.taker.settle,2025-12-27,-2.05
R1.C1.d0.02.s15.taker.settle,2025-12-28,-2.170000000000001
R1.C1.d0.02.s15.taker.settle,2025-12-29,-8.77
R1.C1.d0.02.s15.taker.settle,2025-12-30,-4.989999999999999
R1.C1.d0.02.s15.taker.settle,2025-12-31,-1.81
R1.C1.d0.02.s15.taker.settle,2026-01-01,14.71
R1.C1.d0.02.s15.taker.settle,2026-01-02,-7.64
R1.C1.d0.02.s15.taker.settle,2026-01-03,-7.42
R1.C1.d0.02.s15.taker.settle,2026-01-04,-28.720000000000002
R1.C1.d0.02.s15.taker.settle,2026-01-08,3.34
R1.C1.d0.02.s15.taker.settle,2026-01-09,2.36
R1.C1.d0.02.s15.taker.settle,2026-01-10,-4.63
R1.C1.d0.02.s15.taker.settle,2026-01-11,2.08
R1.C1.d0.02.s15.taker.settle,2026-01-12,-5.18
R1.C1.d0.02.s15.taker.settle,2026-01-17,-8.530000000000001
R1.C1.d0.02.s15.taker.settle,2026-01-18,-0.69
R1.C1.d0.02.s15.maker.H60,2025-09-08,-12.79
R1.C1.d0.02.s15.maker.H60,2025-09-11,-14.9
R1.C1.d0.02.s15.maker.H60,2025-09-12,-20.56
R1.C1.d0.02.s15.maker.H60,2025-09-13,-86.17
R1.C1.d0.02.s15.maker.H60,2025-09-14,-108.42
R1.C1.d0.02.s15.maker.H60,2025-09-15,-20.78
R1.C1.d0.02.s15.maker.H60,2025-09-16,-1.23
R1.C1.d0.02.s15.maker.H60,2025-09-18,-12.530000000000001
R1.C1.d0.02.s15.maker.H60,2025-09-19,-21.87
R1.C1.d0.02.s15.maker.H60,2025-09-20,-125.72
R1.C1.d0.02.s15.maker.H60,2025-09-21,-143.77
R1.C1.d0.02.s15.maker.H60,2025-09-22,-11.78
R1.C1.d0.02.s15.maker.H60,2025-09-25,-11.51
R1.C1.d0.02.s15.maker.H60,2025-09-26,-21.89
R1.C1.d0.02.s15.maker.H60,2025-09-27,-146.44
R1.C1.d0.02.s15.maker.H60,2025-09-28,-133.43
R1.C1.d0.02.s15.maker.H60,2025-09-29,-18.77
R1.C1.d0.02.s15.maker.H60,2025-10-02,-36.18
R1.C1.d0.02.s15.maker.H60,2025-10-03,-13.05
R1.C1.d0.02.s15.maker.H60,2025-10-04,-132.34
R1.C1.d0.02.s15.maker.H60,2025-10-05,-137.77
R1.C1.d0.02.s15.maker.H60,2025-10-06,-24.32
R1.C1.d0.02.s15.maker.H60,2025-10-08,-6.17
R1.C1.d0.02.s15.maker.H60,2025-10-09,-34.04
R1.C1.d0.02.s15.maker.H60,2025-10-10,-35.3
R1.C1.d0.02.s15.maker.H60,2025-10-11,-171.02
R1.C1.d0.02.s15.maker.H60,2025-10-12,-128.42
R1.C1.d0.02.s15.maker.H60,2025-10-13,-31.32
R1.C1.d0.02.s15.maker.H60,2025-10-14,-19.84
R1.C1.d0.02.s15.maker.H60,2025-10-15,-15.84
R1.C1.d0.02.s15.maker.H60,2025-10-16,-24.02
R1.C1.d0.02.s15.maker.H60,2025-10-17,-40.9
R1.C1.d0.02.s15.maker.H60,2025-10-18,-228.92
R1.C1.d0.02.s15.maker.H60,2025-10-19,-144.33
R1.C1.d0.02.s15.maker.H60,2025-10-20,-18.05
R1.C1.d0.02.s15.maker.H60,2025-10-21,-15.79
R1.C1.d0.02.s15.maker.H60,2025-10-22,-9.32
R1.C1.d0.02.s15.maker.H60,2025-10-23,-15.440000000000001
R1.C1.d0.02.s15.maker.H60,2025-10-24,-25.77
R1.C1.d0.02.s15.maker.H60,2025-10-25,-185.9
R1.C1.d0.02.s15.maker.H60,2025-10-26,-88.08
R1.C1.d0.02.s15.maker.H60,2025-10-27,-8.4
R1.C1.d0.02.s15.maker.H60,2025-10-28,-8.19
R1.C1.d0.02.s15.maker.H60,2025-10-29,-14.83
R1.C1.d0.02.s15.maker.H60,2025-10-30,-14.69
R1.C1.d0.02.s15.maker.H60,2025-10-31,-8.67
R1.C1.d0.02.s15.maker.H60,2025-11-01,-211.62
R1.C1.d0.02.s15.maker.H60,2025-11-02,-158.89000000000001
R1.C1.d0.02.s15.maker.H60,2025-11-03,-21.07
R1.C1.d0.02.s15.maker.H60,2025-11-04,-3.27
R1.C1.d0.02.s15.maker.H60,2025-11-05,-5.97
R1.C1.d0.02.s15.maker.H60,2025-11-06,-24.54
R1.C1.d0.02.s15.maker.H60,2025-11-07,-24.28
R1.C1.d0.02.s15.maker.H60,2025-11-08,-177.44
R1.C1.d0.02.s15.maker.H60,2025-11-09,-132.01
R1.C1.d0.02.s15.maker.H60,2025-11-10,-16.84
R1.C1.d0.02.s15.maker.H60,2025-11-11,-20.29
R1.C1.d0.02.s15.maker.H60,2025-11-12,-20.79
R1.C1.d0.02.s15.maker.H60,2025-11-13,-7.9799999999999995
R1.C1.d0.02.s15.maker.H60,2025-11-14,-4.06
R1.C1.d0.02.s15.maker.H60,2025-11-15,-214.27
R1.C1.d0.02.s15.maker.H60,2025-11-16,-201.16
R1.C1.d0.02.s15.maker.H60,2025-11-17,-7.82
R1.C1.d0.02.s15.maker.H60,2025-11-18,-10.65
R1.C1.d0.02.s15.maker.H60,2025-11-19,-7.76
R1.C1.d0.02.s15.maker.H60,2025-11-20,-42.36
R1.C1.d0.02.s15.maker.H60,2025-11-21,-3.24
R1.C1.d0.02.s15.maker.H60,2025-11-22,-221.5
R1.C1.d0.02.s15.maker.H60,2025-11-23,-157.57
R1.C1.d0.02.s15.maker.H60,2025-11-24,-8.03
R1.C1.d0.02.s15.maker.H60,2025-11-25,-6.79
R1.C1.d0.02.s15.maker.H60,2025-11-27,-72.17
R1.C1.d0.02.s15.maker.H60,2025-11-28,-85.39
R1.C1.d0.02.s15.maker.H60,2025-11-29,-161.88
R1.C1.d0.02.s15.maker.H60,2025-11-30,-109.81
R1.C1.d0.02.s15.maker.H60,2025-12-01,-0.24000000000000019
R1.C1.d0.02.s15.maker.H60,2025-12-04,-18.04
R1.C1.d0.02.s15.maker.H60,2025-12-05,-18.87
R1.C1.d0.02.s15.maker.H60,2025-12-06,-66.43
R1.C1.d0.02.s15.maker.H60,2025-12-07,-122.81
R1.C1.d0.02.s15.maker.H60,2025-12-11,-16.37
R1.C1.d0.02.s15.maker.H60,2025-12-13,-15.6
R1.C1.d0.02.s15.maker.H60,2025-12-14,-160.66
R1.C1.d0.02.s15.maker.H60,2025-12-15,-9.08
R1.C1.d0.02.s15.maker.H60,2025-12-16,-23.16
R1.C1.d0.02.s15.maker.H60,2025-12-17,-32.58
R1.C1.d0.02.s15.maker.H60,2025-12-18,-35.089999999999996
R1.C1.d0.02.s15.maker.H60,2025-12-19,-17.14
R1.C1.d0.02.s15.maker.H60,2025-12-20,-56.94
R1.C1.d0.02.s15.maker.H60,2025-12-21,-135.17
R1.C1.d0.02.s15.maker.H60,2025-12-22,-18.85
R1.C1.d0.02.s15.maker.H60,2025-12-23,-28.14
R1.C1.d0.02.s15.maker.H60,2025-12-24,-14.06
R1.C1.d0.02.s15.maker.H60,2025-12-25,-9.969999999999999
R1.C1.d0.02.s15.maker.H60,2025-12-26,-24.009999999999998
R1.C1.d0.02.s15.maker.H60,2025-12-27,-135.92
R1.C1.d0.02.s15.maker.H60,2025-12-28,-164.66
R1.C1.d0.02.s15.maker.H60,2025-12-29,-15.389999999999999
R1.C1.d0.02.s15.maker.H60,2025-12-30,-61.79
R1.C1.d0.02.s15.maker.H60,2025-12-31,-89.81
R1.C1.d0.02.s15.maker.H60,2026-01-01,-41.96
R1.C1.d0.02.s15.maker.H60,2026-01-02,-30.82
R1.C1.d0.02.s15.maker.H60,2026-01-03,-37.54
R1.C1.d0.02.s15.maker.H60,2026-01-04,-154.65
R1.C1.d0.02.s15.maker.H60,2026-01-08,-36.71
R1.C1.d0.02.s15.maker.H60,2026-01-09,-8.22
R1.C1.d0.02.s15.maker.H60,2026-01-10,-48.69
R1.C1.d0.02.s15.maker.H60,2026-01-11,-65.27
R1.C1.d0.02.s15.maker.H60,2026-01-12,-18.650000000000002
R1.C1.d0.02.s15.maker.H60,2026-01-17,-47.55
R1.C1.d0.02.s15.maker.H60,2026-01-18,-54.97
R1.C1.d0.02.s15.maker.H300,2025-09-08,-3.8899999999999997
R1.C1.d0.02.s15.maker.H300,2025-09-11,-6.45
R1.C1.d0.02.s15.maker.H300,2025-09-12,-3.01
R1.C1.d0.02.s15.maker.H300,2025-09-13,-59.15
R1.C1.d0.02.s15.maker.H300,2025-09-14,-43.84
R1.C1.d0.02.s15.maker.H300,2025-09-15,-1.7999999999999998
R1.C1.d0.02.s15.maker.H300,2025-09-16,-1.1600000000000001
R1.C1.d0.02.s15.maker.H300,2025-09-18,-8.26
R1.C1.d0.02.s15.maker.H300,2025-09-19,-9.770000000000001
R1.C1.d0.02.s15.maker.H300,2025-09-20,-88.13
R1.C1.d0.02.s15.maker.H300,2025-09-21,-99.84
R1.C1.d0.02.s15.maker.H300,2025-09-22,-7.130000000000001
R1.C1.d0.02.s15.maker.H300,2025-09-25,-12.9
R1.C1.d0.02.s15.maker.H300,2025-09-26,-8.02
R1.C1.d0.02.s15.maker.H300,2025-09-27,-115.11
R1.C1.d0.02.s15.maker.H300,2025-09-28,-97.56
R1.C1.d0.02.s15.maker.H300,2025-09-29,-13.72
R1.C1.d0.02.s15.maker.H300,2025-10-02,-19.31
R1.C1.d0.02.s15.maker.H300,2025-10-03,-12.03
R1.C1.d0.02.s15.maker.H300,2025-10-04,-92.15
R1.C1.d0.02.s15.maker.H300,2025-10-05,-63.370000000000005
R1.C1.d0.02.s15.maker.H300,2025-10-06,-3.29
R1.C1.d0.02.s15.maker.H300,2025-10-08,-6.64
R1.C1.d0.02.s15.maker.H300,2025-10-09,-10.49
R1.C1.d0.02.s15.maker.H300,2025-10-10,-19.53
R1.C1.d0.02.s15.maker.H300,2025-10-11,-105.56
R1.C1.d0.02.s15.maker.H300,2025-10-12,-81.35
R1.C1.d0.02.s15.maker.H300,2025-10-13,-16.51
R1.C1.d0.02.s15.maker.H300,2025-10-14,-13.32
R1.C1.d0.02.s15.maker.H300,2025-10-15,-4.09
R1.C1.d0.02.s15.maker.H300,2025-10-16,-8.88
R1.C1.d0.02.s15.maker.H300,2025-10-17,-20.380000000000003
R1.C1.d0.02.s15.maker.H300,2025-10-18,-165.48
R1.C1.d0.02.s15.maker.H300,2025-10-19,-50.54
R1.C1.d0.02.s15.maker.H300,2025-10-20,-8.45
R1.C1.d0.02.s15.maker.H300,2025-10-21,-18.15
R1.C1.d0.02.s15.maker.H300,2025-10-22,-4.9
R1.C1.d0.02.s15.maker.H300,2025-10-23,-11.25
R1.C1.d0.02.s15.maker.H300,2025-10-24,-4.2
R1.C1.d0.02.s15.maker.H300,2025-10-25,-118.38
R1.C1.d0.02.s15.maker.H300,2025-10-26,-46.01
R1.C1.d0.02.s15.maker.H300,2025-10-27,-0.5799999999999998
R1.C1.d0.02.s15.maker.H300,2025-10-28,-9.69
R1.C1.d0.02.s15.maker.H300,2025-10-29,-10.290000000000001
R1.C1.d0.02.s15.maker.H300,2025-10-30,1.54
R1.C1.d0.02.s15.maker.H300,2025-10-31,-6.130000000000001
R1.C1.d0.02.s15.maker.H300,2025-11-01,-116.01
R1.C1.d0.02.s15.maker.H300,2025-11-02,-57.49
R1.C1.d0.02.s15.maker.H300,2025-11-03,-14.22
R1.C1.d0.02.s15.maker.H300,2025-11-04,-1.9100000000000001
R1.C1.d0.02.s15.maker.H300,2025-11-05,-8.59
R1.C1.d0.02.s15.maker.H300,2025-11-06,-10.11
R1.C1.d0.02.s15.maker.H300,2025-11-07,-12.33
R1.C1.d0.02.s15.maker.H300,2025-11-08,-113.27
R1.C1.d0.02.s15.maker.H300,2025-11-09,-82.02
R1.C1.d0.02.s15.maker.H300,2025-11-10,-12.83
R1.C1.d0.02.s15.maker.H300,2025-11-11,-17.509999999999998
R1.C1.d0.02.s15.maker.H300,2025-11-12,-12.06
R1.C1.d0.02.s15.maker.H300,2025-11-13,-4.69
R1.C1.d0.02.s15.maker.H300,2025-11-14,1.6199999999999999
R1.C1.d0.02.s15.maker.H300,2025-11-15,-106.46
R1.C1.d0.02.s15.maker.H300,2025-11-16,-93.74
R1.C1.d0.02.s15.maker.H300,2025-11-17,-2.67
R1.C1.d0.02.s15.maker.H300,2025-11-18,-3.3800000000000003
R1.C1.d0.02.s15.maker.H300,2025-11-19,-2.9599999999999995
R1.C1.d0.02.s15.maker.H300,2025-11-20,-12.65
R1.C1.d0.02.s15.maker.H300,2025-11-21,-4.63
R1.C1.d0.02.s15.maker.H300,2025-11-22,-124.25
R1.C1.d0.02.s15.maker.H300,2025-11-23,-67.15
R1.C1.d0.02.s15.maker.H300,2025-11-24,-3.35
R1.C1.d0.02.s15.maker.H300,2025-11-25,-5.279999999999999
R1.C1.d0.02.s15.maker.H300,2025-11-27,-31.24
R1.C1.d0.02.s15.maker.H300,2025-11-28,-52.99
R1.C1.d0.02.s15.maker.H300,2025-11-29,-95.65
R1.C1.d0.02.s15.maker.H300,2025-11-30,-77.08
R1.C1.d0.02.s15.maker.H300,2025-12-01,0.5899999999999999
R1.C1.d0.02.s15.maker.H300,2025-12-04,-10.34
R1.C1.d0.02.s15.maker.H300,2025-12-05,-20.439999999999998
R1.C1.d0.02.s15.maker.H300,2025-12-06,-25.36
R1.C1.d0.02.s15.maker.H300,2025-12-07,-47.04
R1.C1.d0.02.s15.maker.H300,2025-12-11,-0.41999999999999993
R1.C1.d0.02.s15.maker.H300,2025-12-13,-12.55
R1.C1.d0.02.s15.maker.H300,2025-12-14,-63.8
R1.C1.d0.02.s15.maker.H300,2025-12-15,-2.44
R1.C1.d0.02.s15.maker.H300,2025-12-16,-6.529999999999999
R1.C1.d0.02.s15.maker.H300,2025-12-17,-13.71
R1.C1.d0.02.s15.maker.H300,2025-12-18,-5.590000000000001
R1.C1.d0.02.s15.maker.H300,2025-12-19,-14.07
R1.C1.d0.02.s15.maker.H300,2025-12-20,-30.09
R1.C1.d0.02.s15.maker.H300,2025-12-21,-48.56
R1.C1.d0.02.s15.maker.H300,2025-12-22,-13.16
R1.C1.d0.02.s15.maker.H300,2025-12-23,-21.35
R1.C1.d0.02.s15.maker.H300,2025-12-24,0.6600000000000001
R1.C1.d0.02.s15.maker.H300,2025-12-25,-7.15
R1.C1.d0.02.s15.maker.H300,2025-12-26,-14.65
R1.C1.d0.02.s15.maker.H300,2025-12-27,-62.63
R1.C1.d0.02.s15.maker.H300,2025-12-28,-59.7
R1.C1.d0.02.s15.maker.H300,2025-12-29,-13.5
R1.C1.d0.02.s15.maker.H300,2025-12-30,-21.09
R1.C1.d0.02.s15.maker.H300,2025-12-31,-38.39
R1.C1.d0.02.s15.maker.H300,2026-01-01,-10.97
R1.C1.d0.02.s15.maker.H300,2026-01-02,-20.02
R1.C1.d0.02.s15.maker.H300,2026-01-03,-10.75
R1.C1.d0.02.s15.maker.H300,2026-01-04,-60.91
R1.C1.d0.02.s15.maker.H300,2026-01-08,-7.98
R1.C1.d0.02.s15.maker.H300,2026-01-09,-3.26
R1.C1.d0.02.s15.maker.H300,2026-01-10,-18.46
R1.C1.d0.02.s15.maker.H300,2026-01-11,-29.63
R1.C1.d0.02.s15.maker.H300,2026-01-12,-10.39
R1.C1.d0.02.s15.maker.H300,2026-01-17,-17.54
R1.C1.d0.02.s15.maker.H300,2026-01-18,-30.51
R1.C1.d0.02.s15.maker.settle,2025-09-08,-7.64
R1.C1.d0.02.s15.maker.settle,2025-09-11,-1.3899999999999997
R1.C1.d0.02.s15.maker.settle,2025-09-12,14.170000000000002
R1.C1.d0.02.s15.maker.settle,2025-09-13,29.0
R1.C1.d0.02.s15.maker.settle,2025-09-14,3.0
R1.C1.d0.02.s15.maker.settle,2025-09-15,-10.4
R1.C1.d0.02.s15.maker.settle,2025-09-18,5.52
R1.C1.d0.02.s15.maker.settle,2025-09-19,12.71
R1.C1.d0.02.s15.maker.settle,2025-09-20,-5.630000000000001
R1.C1.d0.02.s15.maker.settle,2025-09-21,-8.610000000000001
R1.C1.d0.02.s15.maker.settle,2025-09-22,7.26
R1.C1.d0.02.s15.maker.settle,2025-09-25,3.4200000000000004
R1.C1.d0.02.s15.maker.settle,2025-09-26,-6.64
R1.C1.d0.02.s15.maker.settle,2025-09-27,1.8800000000000003
R1.C1.d0.02.s15.maker.settle,2025-09-28,-25.409999999999997
R1.C1.d0.02.s15.maker.settle,2025-09-29,-9.2
R1.C1.d0.02.s15.maker.settle,2025-10-02,5.55
R1.C1.d0.02.s15.maker.settle,2025-10-03,-1.33
R1.C1.d0.02.s15.maker.settle,2025-10-04,27.11
R1.C1.d0.02.s15.maker.settle,2025-10-05,-25.77
R1.C1.d0.02.s15.maker.settle,2025-10-06,6.76
R1.C1.d0.02.s15.maker.settle,2025-10-08,-7.279999999999999
R1.C1.d0.02.s15.maker.settle,2025-10-09,6.200000000000001
R1.C1.d0.02.s15.maker.settle,2025-10-10,5.8500000000000005
R1.C1.d0.02.s15.maker.settle,2025-10-11,36.39
R1.C1.d0.02.s15.maker.settle,2025-10-12,-15.93
R1.C1.d0.02.s15.maker.settle,2025-10-13,12.0
R1.C1.d0.02.s15.maker.settle,2025-10-14,16.38
R1.C1.d0.02.s15.maker.settle,2025-10-15,-2.0999999999999996
R1.C1.d0.02.s15.maker.settle,2025-10-16,6.54
R1.C1.d0.02.s15.maker.settle,2025-10-17,-6.87
R1.C1.d0.02.s15.maker.settle,2025-10-18,10.219999999999995
R1.C1.d0.02.s15.maker.settle,2025-10-19,1.3900000000000006
R1.C1.d0.02.s15.maker.settle,2025-10-20,-5.58
R1.C1.d0.02.s15.maker.settle,2025-10-21,6.14
R1.C1.d0.02.s15.maker.settle,2025-10-22,-4.88
R1.C1.d0.02.s15.maker.settle,2025-10-23,-0.98
R1.C1.d0.02.s15.maker.settle,2025-10-24,1.4299999999999997
R1.C1.d0.02.s15.maker.settle,2025-10-25,-19.32
R1.C1.d0.02.s15.maker.settle,2025-10-26,-26.32
R1.C1.d0.02.s15.maker.settle,2025-10-27,2.07
R1.C1.d0.02.s15.maker.settle,2025-10-28,-2.1399999999999997
R1.C1.d0.02.s15.maker.settle,2025-10-29,-0.28000000000000025
R1.C1.d0.02.s15.maker.settle,2025-10-30,-3.499999999999999
R1.C1.d0.02.s15.maker.settle,2025-10-31,2.93
R1.C1.d0.02.s15.maker.settle,2025-11-01,-36.08
R1.C1.d0.02.s15.maker.settle,2025-11-02,14.319999999999999
R1.C1.d0.02.s15.maker.settle,2025-11-03,5.45
R1.C1.d0.02.s15.maker.settle,2025-11-04,4.14
R1.C1.d0.02.s15.maker.settle,2025-11-05,4.64
R1.C1.d0.02.s15.maker.settle,2025-11-06,1.2899999999999998
R1.C1.d0.02.s15.maker.settle,2025-11-07,-1.12
R1.C1.d0.02.s15.maker.settle,2025-11-08,11.790000000000001
R1.C1.d0.02.s15.maker.settle,2025-11-09,14.43
R1.C1.d0.02.s15.maker.settle,2025-11-10,3.55
R1.C1.d0.02.s15.maker.settle,2025-11-11,1.71
R1.C1.d0.02.s15.maker.settle,2025-11-12,-1.81
R1.C1.d0.02.s15.maker.settle,2025-11-13,-1.56
R1.C1.d0.02.s15.maker.settle,2025-11-14,-5.25
R1.C1.d0.02.s15.maker.settle,2025-11-15,5.490000000000002
R1.C1.d0.02.s15.maker.settle,2025-11-16,-24.27
R1.C1.d0.02.s15.maker.settle,2025-11-17,-4.25
R1.C1.d0.02.s15.maker.settle,2025-11-18,-11.71
R1.C1.d0.02.s15.maker.settle,2025-11-19,5.72
R1.C1.d0.02.s15.maker.settle,2025-11-20,-14.68
R1.C1.d0.02.s15.maker.settle,2025-11-21,-5.65
R1.C1.d0.02.s15.maker.settle,2025-11-22,-22.44
R1.C1.d0.02.s15.maker.settle,2025-11-23,-7.859999999999999
R1.C1.d0.02.s15.maker.settle,2025-11-24,2.16
R1.C1.d0.02.s15.maker.settle,2025-11-25,-2.55
R1.C1.d0.02.s15.maker.settle,2025-11-27,13.940000000000001
R1.C1.d0.02.s15.maker.settle,2025-11-28,-5.59
R1.C1.d0.02.s15.maker.settle,2025-11-29,37.6
R1.C1.d0.02.s15.maker.settle,2025-11-30,-8.22
R1.C1.d0.02.s15.maker.settle,2025-12-01,-1.53
R1.C1.d0.02.s15.maker.settle,2025-12-04,-4.35
R1.C1.d0.02.s15.maker.settle,2025-12-05,1.6500000000000004
R1.C1.d0.02.s15.maker.settle,2025-12-06,6.57
R1.C1.d0.02.s15.maker.settle,2025-12-07,9.0
R1.C1.d0.02.s15.maker.settle,2025-12-11,-7.44
R1.C1.d0.02.s15.maker.settle,2025-12-13,-5.08
R1.C1.d0.02.s15.maker.settle,2025-12-14,-45.51
R1.C1.d0.02.s15.maker.settle,2025-12-15,3.16
R1.C1.d0.02.s15.maker.settle,2025-12-16,2.46
R1.C1.d0.02.s15.maker.settle,2025-12-17,10.1
R1.C1.d0.02.s15.maker.settle,2025-12-18,-7.4
R1.C1.d0.02.s15.maker.settle,2025-12-19,8.79
R1.C1.d0.02.s15.maker.settle,2025-12-20,1.4199999999999997
R1.C1.d0.02.s15.maker.settle,2025-12-21,3.6999999999999993
R1.C1.d0.02.s15.maker.settle,2025-12-22,-8.2
R1.C1.d0.02.s15.maker.settle,2025-12-23,10.379999999999999
R1.C1.d0.02.s15.maker.settle,2025-12-24,-5.95
R1.C1.d0.02.s15.maker.settle,2025-12-25,1.77
R1.C1.d0.02.s15.maker.settle,2025-12-26,-4.9399999999999995
R1.C1.d0.02.s15.maker.settle,2025-12-27,-8.180000000000001
R1.C1.d0.02.s15.maker.settle,2025-12-28,0.019999999999999574
R1.C1.d0.02.s15.maker.settle,2025-12-29,-8.370000000000001
R1.C1.d0.02.s15.maker.settle,2025-12-30,-4.33
R1.C1.d0.02.s15.maker.settle,2025-12-31,-0.7199999999999998
R1.C1.d0.02.s15.maker.settle,2026-01-01,14.87
R1.C1.d0.02.s15.maker.settle,2026-01-02,-6.9399999999999995
R1.C1.d0.02.s15.maker.settle,2026-01-03,-6.99
R1.C1.d0.02.s15.maker.settle,2026-01-04,-39.13
R1.C1.d0.02.s15.maker.settle,2026-01-08,3.55
R1.C1.d0.02.s15.maker.settle,2026-01-09,2.56
R1.C1.d0.02.s15.maker.settle,2026-01-10,-4.37
R1.C1.d0.02.s15.maker.settle,2026-01-11,2.8500000000000005
R1.C1.d0.02.s15.maker.settle,2026-01-12,-5.05
R1.C1.d0.02.s15.maker.settle,2026-01-17,-8.09
R1.C1.d0.02.s15.maker.settle,2026-01-18,-0.28000000000000025
R1.C1.d0.03.s5.taker.H60,2025-09-08,-18.88
R1.C1.d0.03.s5.taker.H60,2025-09-11,-18.7
R1.C1.d0.03.s5.taker.H60,2025-09-12,-34.35
R1.C1.d0.03.s5.taker.H60,2025-09-13,-165.33
R1.C1.d0.03.s5.taker.H60,2025-09-14,-183.1
R1.C1.d0.03.s5.taker.H60,2025-09-15,-29.59
R1.C1.d0.03.s5.taker.H60,2025-09-16,0.010000000000000009
R1.C1.d0.03.s5.taker.H60,2025-09-18,-20.3
R1.C1.d0.03.s5.taker.H60,2025-09-19,-38.58
R1.C1.d0.03.s5.taker.H60,2025-09-20,-243.85
R1.C1.d0.03.s5.taker.H60,2025-09-21,-216.92000000000002
R1.C1.d0.03.s5.taker.H60,2025-09-22,-23.830000000000002
R1.C1.d0.03.s5.taker.H60,2025-09-25,-22.830000000000002
R1.C1.d0.03.s5.taker.H60,2025-09-26,-33.28
R1.C1.d0.03.s5.taker.H60,2025-09-27,-257.69
R1.C1.d0.03.s5.taker.H60,2025-09-28,-201.39000000000001
R1.C1.d0.03.s5.taker.H60,2025-09-29,-22.69
R1.C1.d0.03.s5.taker.H60,2025-10-02,-41.519999999999996
R1.C1.d0.03.s5.taker.H60,2025-10-03,-27.240000000000002
R1.C1.d0.03.s5.taker.H60,2025-10-04,-255.25
R1.C1.d0.03.s5.taker.H60,2025-10-05,-210.01
R1.C1.d0.03.s5.taker.H60,2025-10-06,-22.57
R1.C1.d0.03.s5.taker.H60,2025-10-08,-19.75
R1.C1.d0.03.s5.taker.H60,2025-10-09,-44.44
R1.C1.d0.03.s5.taker.H60,2025-10-10,-49.77
R1.C1.d0.03.s5.taker.H60,2025-10-11,-328.48
R1.C1.d0.03.s5.taker.H60,2025-10-12,-185.04
R1.C1.d0.03.s5.taker.H60,2025-10-13,-42.6
R1.C1.d0.03.s5.taker.H60,2025-10-14,-53.42
R1.C1.d0.03.s5.taker.H60,2025-10-15,-26.02
R1.C1.d0.03.s5.taker.H60,2025-10-16,-29.61
R1.C1.d0.03.s5.taker.H60,2025-10-17,-73.08
R1.C1.d0.03.s5.taker.H60,2025-10-18,-395.43
R1.C1.d0.03.s5.taker.H60,2025-10-19,-216.15
R1.C1.d0.03.s5.taker.H60,2025-10-20,-21.04
R1.C1.d0.03.s5.taker.H60,2025-10-21,-26.77
R1.C1.d0.03.s5.taker.H60,2025-10-22,-24.61
R1.C1.d0.03.s5.taker.H60,2025-10-23,-27.06
R1.C1.d0.03.s5.taker.H60,2025-10-24,-40.25
R1.C1.d0.03.s5.taker.H60,2025-10-25,-329.04
R1.C1.d0.03.s5.taker.H60,2025-10-26,-106.31
R1.C1.d0.03.s5.taker.H60,2025-10-27,-10.65
R1.C1.d0.03.s5.taker.H60,2025-10-28,-11.63
R1.C1.d0.03.s5.taker.H60,2025-10-29,-24.48
R1.C1.d0.03.s5.taker.H60,2025-10-30,-22.0
R1.C1.d0.03.s5.taker.H60,2025-10-31,-15.39
R1.C1.d0.03.s5.taker.H60,2025-11-01,-406.04
R1.C1.d0.03.s5.taker.H60,2025-11-02,-199.01
R1.C1.d0.03.s5.taker.H60,2025-11-03,-18.34
R1.C1.d0.03.s5.taker.H60,2025-11-04,-10.8
R1.C1.d0.03.s5.taker.H60,2025-11-05,-15.19
R1.C1.d0.03.s5.taker.H60,2025-11-06,-30.05
R1.C1.d0.03.s5.taker.H60,2025-11-07,-38.02
R1.C1.d0.03.s5.taker.H60,2025-11-08,-319.82
R1.C1.d0.03.s5.taker.H60,2025-11-09,-147.99
R1.C1.d0.03.s5.taker.H60,2025-11-10,-25.38
R1.C1.d0.03.s5.taker.H60,2025-11-11,-37.76
R1.C1.d0.03.s5.taker.H60,2025-11-12,-22.73
R1.C1.d0.03.s5.taker.H60,2025-11-13,-6.11
R1.C1.d0.03.s5.taker.H60,2025-11-14,-24.19
R1.C1.d0.03.s5.taker.H60,2025-11-15,-366.59000000000003
R1.C1.d0.03.s5.taker.H60,2025-11-16,-282.8
R1.C1.d0.03.s5.taker.H60,2025-11-17,-7.52
R1.C1.d0.03.s5.taker.H60,2025-11-18,-18.4
R1.C1.d0.03.s5.taker.H60,2025-11-19,-13.58
R1.C1.d0.03.s5.taker.H60,2025-11-20,-57.43
R1.C1.d0.03.s5.taker.H60,2025-11-21,-9.92
R1.C1.d0.03.s5.taker.H60,2025-11-22,-387.61
R1.C1.d0.03.s5.taker.H60,2025-11-23,-198.08
R1.C1.d0.03.s5.taker.H60,2025-11-24,-7.7299999999999995
R1.C1.d0.03.s5.taker.H60,2025-11-25,-8.72
R1.C1.d0.03.s5.taker.H60,2025-11-27,-91.01
R1.C1.d0.03.s5.taker.H60,2025-11-28,-142.37
R1.C1.d0.03.s5.taker.H60,2025-11-29,-302.96
R1.C1.d0.03.s5.taker.H60,2025-11-30,-145.67
R1.C1.d0.03.s5.taker.H60,2025-12-01,-1.62
R1.C1.d0.03.s5.taker.H60,2025-12-04,-18.17
R1.C1.d0.03.s5.taker.H60,2025-12-05,-30.48
R1.C1.d0.03.s5.taker.H60,2025-12-06,-68.22
R1.C1.d0.03.s5.taker.H60,2025-12-07,-168.97
R1.C1.d0.03.s5.taker.H60,2025-12-11,-32.93
R1.C1.d0.03.s5.taker.H60,2025-12-13,-29.53
R1.C1.d0.03.s5.taker.H60,2025-12-14,-206.56
R1.C1.d0.03.s5.taker.H60,2025-12-15,-9.99
R1.C1.d0.03.s5.taker.H60,2025-12-16,-24.05
R1.C1.d0.03.s5.taker.H60,2025-12-17,-43.9
R1.C1.d0.03.s5.taker.H60,2025-12-18,-42.49
R1.C1.d0.03.s5.taker.H60,2025-12-19,-25.01
R1.C1.d0.03.s5.taker.H60,2025-12-20,-69.09
R1.C1.d0.03.s5.taker.H60,2025-12-21,-187.94
R1.C1.d0.03.s5.taker.H60,2025-12-22,-19.71
R1.C1.d0.03.s5.taker.H60,2025-12-23,-35.83
R1.C1.d0.03.s5.taker.H60,2025-12-24,-26.06
R1.C1.d0.03.s5.taker.H60,2025-12-25,-8.790000000000001
R1.C1.d0.03.s5.taker.H60,2025-12-26,-28.8
R1.C1.d0.03.s5.taker.H60,2025-12-27,-166.29
R1.C1.d0.03.s5.taker.H60,2025-12-28,-194.74
R1.C1.d0.03.s5.taker.H60,2025-12-29,-28.07
R1.C1.d0.03.s5.taker.H60,2025-12-30,-81.18
R1.C1.d0.03.s5.taker.H60,2025-12-31,-139.66
R1.C1.d0.03.s5.taker.H60,2026-01-01,-52.67
R1.C1.d0.03.s5.taker.H60,2026-01-02,-43.42
R1.C1.d0.03.s5.taker.H60,2026-01-03,-39.44
R1.C1.d0.03.s5.taker.H60,2026-01-04,-196.53
R1.C1.d0.03.s5.taker.H60,2026-01-08,-39.39
R1.C1.d0.03.s5.taker.H60,2026-01-09,-9.41
R1.C1.d0.03.s5.taker.H60,2026-01-10,-49.68
R1.C1.d0.03.s5.taker.H60,2026-01-11,-82.59
R1.C1.d0.03.s5.taker.H60,2026-01-12,-22.81
R1.C1.d0.03.s5.taker.H60,2026-01-17,-68.02
R1.C1.d0.03.s5.taker.H60,2026-01-18,-73.31
R1.C1.d0.03.s5.taker.H300,2025-09-08,-12.760000000000002
R1.C1.d0.03.s5.taker.H300,2025-09-11,-7.21
R1.C1.d0.03.s5.taker.H300,2025-09-12,-20.03
R1.C1.d0.03.s5.taker.H300,2025-09-13,-96.07000000000001
R1.C1.d0.03.s5.taker.H300,2025-09-14,-75.88
R1.C1.d0.03.s5.taker.H300,2025-09-15,-9.64
R1.C1.d0.03.s5.taker.H300,2025-09-16,-0.31000000000000005
R1.C1.d0.03.s5.taker.H300,2025-09-18,-11.76
R1.C1.d0.03.s5.taker.H300,2025-09-19,-26.04
R1.C1.d0.03.s5.taker.H300,2025-09-20,-150.79
R1.C1.d0.03.s5.taker.H300,2025-09-21,-112.16
R1.C1.d0.03.s5.taker.H300,2025-09-22,-9.2
R1.C1.d0.03.s5.taker.H300,2025-09-25,-13.56
R1.C1.d0.03.s5.taker.H300,2025-09-26,-12.209999999999999
R1.C1.d0.03.s5.taker.H300,2025-09-27,-182.49
R1.C1.d0.03.s5.taker.H300,2025-09-28,-80.09
R1.C1.d0.03.s5.taker.H300,2025-09-29,-17.1
R1.C1.d0.03.s5.taker.H300,2025-10-02,-24.36
R1.C1.d0.03.s5.taker.H300,2025-10-03,-18.759999999999998
R1.C1.d0.03.s5.taker.H300,2025-10-04,-142.01
R1.C1.d0.03.s5.taker.H300,2025-10-05,-68.41
R1.C1.d0.03.s5.taker.H300,2025-10-06,0.46000000000000013
R1.C1.d0.03.s5.taker.H300,2025-10-08,-17.2
R1.C1.d0.03.s5.taker.H300,2025-10-09,-25.8
R1.C1.d0.03.s5.taker.H300,2025-10-10,-18.779999999999998
R1.C1.d0.03.s5.taker.H300,2025-10-11,-191.38
R1.C1.d0.03.s5.taker.H300,2025-10-12,-75.74
R1.C1.d0.03.s5.taker.H300,2025-10-13,-15.330000000000002
R1.C1.d0.03.s5.taker.H300,2025-10-14,-25.16
R1.C1.d0.03.s5.taker.H300,2025-10-15,-10.87
R1.C1.d0.03.s5.taker.H300,2025-10-16,-10.57
R1.C1.d0.03.s5.taker.H300,2025-10-17,-32.52
R1.C1.d0.03.s5.taker.H300,2025-10-18,-198.15
R1.C1.d0.03.s5.taker.H300,2025-10-19,-79.99
R1.C1.d0.03.s5.taker.H300,2025-10-20,-13.11
R1.C1.d0.03.s5.taker.H300,2025-10-21,-15.77
R1.C1.d0.03.s5.taker.H300,2025-10-22,-11.37
R1.C1.d0.03.s5.taker.H300,2025-10-23,-12.85
R1.C1.d0.03.s5.taker.H300,2025-10-24,-8.17
R1.C1.d0.03.s5.taker.H300,2025-10-25,-244.31
R1.C1.d0.03.s5.taker.H300,2025-10-26,-58.27
R1.C1.d0.03.s5.taker.H300,2025-10-27,-6.86
R1.C1.d0.03.s5.taker.H300,2025-10-28,-7.83
R1.C1.d0.03.s5.taker.H300,2025-10-29,-23.31
R1.C1.d0.03.s5.taker.H300,2025-10-30,-13.08
R1.C1.d0.03.s5.taker.H300,2025-10-31,-7.83
R1.C1.d0.03.s5.taker.H300,2025-11-01,-276.02
R1.C1.d0.03.s5.taker.H300,2025-11-02,-79.3
R1.C1.d0.03.s5.taker.H300,2025-11-03,-6.57
R1.C1.d0.03.s5.taker.H300,2025-11-04,-6.33
R1.C1.d0.03.s5.taker.H300,2025-11-05,-16.0
R1.C1.d0.03.s5.taker.H300,2025-11-06,-23.49
R1.C1.d0.03.s5.taker.H300,2025-11-07,-15.15
R1.C1.d0.03.s5.taker.H300,2025-11-08,-190.08
R1.C1.d0.03.s5.taker.H300,2025-11-09,-79.41
R1.C1.d0.03.s5.taker.H300,2025-11-10,-10.86
R1.C1.d0.03.s5.taker.H300,2025-11-11,-21.11
R1.C1.d0.03.s5.taker.H300,2025-11-12,-17.3
R1.C1.d0.03.s5.taker.H300,2025-11-13,-3.05
R1.C1.d0.03.s5.taker.H300,2025-11-14,-19.990000000000002
R1.C1.d0.03.s5.taker.H300,2025-11-15,-201.95
R1.C1.d0.03.s5.taker.H300,2025-11-16,-133.1
R1.C1.d0.03.s5.taker.H300,2025-11-17,-5.74
R1.C1.d0.03.s5.taker.H300,2025-11-18,-15.44
R1.C1.d0.03.s5.taker.H300,2025-11-19,-7.000000000000001
R1.C1.d0.03.s5.taker.H300,2025-11-20,-38.5
R1.C1.d0.03.s5.taker.H300,2025-11-21,-5.67
R1.C1.d0.03.s5.taker.H300,2025-11-22,-225.13
R1.C1.d0.03.s5.taker.H300,2025-11-23,-108.32
R1.C1.d0.03.s5.taker.H300,2025-11-24,-4.9
R1.C1.d0.03.s5.taker.H300,2025-11-25,-6.68
R1.C1.d0.03.s5.taker.H300,2025-11-27,-33.54
R1.C1.d0.03.s5.taker.H300,2025-11-28,-77.92
R1.C1.d0.03.s5.taker.H300,2025-11-29,-183.75
R1.C1.d0.03.s5.taker.H300,2025-11-30,-73.24
R1.C1.d0.03.s5.taker.H300,2025-12-01,-5.430000000000001
R1.C1.d0.03.s5.taker.H300,2025-12-04,-9.92
R1.C1.d0.03.s5.taker.H300,2025-12-05,-22.89
R1.C1.d0.03.s5.taker.H300,2025-12-06,-24.560000000000002
R1.C1.d0.03.s5.taker.H300,2025-12-07,-85.45
R1.C1.d0.03.s5.taker.H300,2025-12-11,-20.75
R1.C1.d0.03.s5.taker.H300,2025-12-13,-19.8
R1.C1.d0.03.s5.taker.H300,2025-12-14,-81.9
R1.C1.d0.03.s5.taker.H300,2025-12-15,-5.83
R1.C1.d0.03.s5.taker.H300,2025-12-16,-13.12
R1.C1.d0.03.s5.taker.H300,2025-12-17,-27.93
R1.C1.d0.03.s5.taker.H300,2025-12-18,-18.740000000000002
R1.C1.d0.03.s5.taker.H300,2025-12-19,-4.0600000000000005
R1.C1.d0.03.s5.taker.H300,2025-12-20,-41.88
R1.C1.d0.03.s5.taker.H300,2025-12-21,-90.07000000000001
R1.C1.d0.03.s5.taker.H300,2025-12-22,-12.15
R1.C1.d0.03.s5.taker.H300,2025-12-23,-23.28
R1.C1.d0.03.s5.taker.H300,2025-12-24,-17.9
R1.C1.d0.03.s5.taker.H300,2025-12-25,-5.61
R1.C1.d0.03.s5.taker.H300,2025-12-26,-24.69
R1.C1.d0.03.s5.taker.H300,2025-12-27,-79.99
R1.C1.d0.03.s5.taker.H300,2025-12-28,-74.92999999999999
R1.C1.d0.03.s5.taker.H300,2025-12-29,-21.099999999999998
R1.C1.d0.03.s5.taker.H300,2025-12-30,-26.53
R1.C1.d0.03.s5.taker.H300,2025-12-31,-69.9
R1.C1.d0.03.s5.taker.H300,2026-01-01,-27.17
R1.C1.d0.03.s5.taker.H300,2026-01-02,-23.32
R1.C1.d0.03.s5.taker.H300,2026-01-03,-17.11
R1.C1.d0.03.s5.taker.H300,2026-01-04,-78.07
R1.C1.d0.03.s5.taker.H300,2026-01-08,-23.57
R1.C1.d0.03.s5.taker.H300,2026-01-09,-6.08
R1.C1.d0.03.s5.taker.H300,2026-01-10,-13.0
R1.C1.d0.03.s5.taker.H300,2026-01-11,-23.28
R1.C1.d0.03.s5.taker.H300,2026-01-12,-5.3500000000000005
R1.C1.d0.03.s5.taker.H300,2026-01-17,-29.0
R1.C1.d0.03.s5.taker.H300,2026-01-18,-29.48
R1.C1.d0.03.s5.taker.settle,2025-09-08,-7.54
R1.C1.d0.03.s5.taker.settle,2025-09-11,-1.6399999999999997
R1.C1.d0.03.s5.taker.settle,2025-09-12,2.829999999999999
R1.C1.d0.03.s5.taker.settle,2025-09-13,16.36
R1.C1.d0.03.s5.taker.settle,2025-09-14,5.930000000000001
R1.C1.d0.03.s5.taker.settle,2025-09-15,8.36
R1.C1.d0.03.s5.taker.settle,2025-09-18,4.07
R1.C1.d0.03.s5.taker.settle,2025-09-19,-2.0300000000000002
R1.C1.d0.03.s5.taker.settle,2025-09-20,5.42
R1.C1.d0.03.s5.taker.settle,2025-09-21,-25.990000000000002
R1.C1.d0.03.s5.taker.settle,2025-09-22,-7.54
R1.C1.d0.03.s5.taker.settle,2025-09-25,-3.7100000000000004
R1.C1.d0.03.s5.taker.settle,2025-09-26,6.44
R1.C1.d0.03.s5.taker.settle,2025-09-27,-10.030000000000001
R1.C1.d0.03.s5.taker.settle,2025-09-28,-13.6
R1.C1.d0.03.s5.taker.settle,2025-09-29,-9.75
R1.C1.d0.03.s5.taker.settle,2025-10-02,5.52
R1.C1.d0.03.s5.taker.settle,2025-10-03,-6.049999999999999
R1.C1.d0.03.s5.taker.settle,2025-10-04,-24.91
R1.C1.d0.03.s5.taker.settle,2025-10-05,-28.37
R1.C1.d0.03.s5.taker.settle,2025-10-06,-7.54
R1.C1.d0.03.s5.taker.settle,2025-10-08,-4.69
R1.C1.d0.03.s5.taker.settle,2025-10-09,5.8100000000000005
R1.C1.d0.03.s5.taker.settle,2025-10-10,-7.199999999999999
R1.C1.d0.03.s5.taker.settle,2025-10-11,24.23
R1.C1.d0.03.s5.taker.settle,2025-10-12,10.43
R1.C1.d0.03.s5.taker.settle,2025-10-13,-13.52
R1.C1.d0.03.s5.taker.settle,2025-10-14,0.9800000000000004
R1.C1.d0.03.s5.taker.settle,2025-10-15,-1.3499999999999996
R1.C1.d0.03.s5.taker.settle,2025-10-16,6.2
R1.C1.d0.03.s5.taker.settle,2025-10-17,13.18
R1.C1.d0.03.s5.taker.settle,2025-10-18,1.8499999999999979
R1.C1.d0.03.s5.taker.settle,2025-10-19,-20.67
R1.C1.d0.03.s5.taker.settle,2025-10-20,-0.18000000000000016
R1.C1.d0.03.s5.taker.settle,2025-10-21,-11.29
R1.C1.d0.03.s5.taker.settle,2025-10-22,0.41999999999999993
R1.C1.d0.03.s5.taker.settle,2025-10-23,4.15
R1.C1.d0.03.s5.taker.settle,2025-10-24,-3.0700000000000003
R1.C1.d0.03.s5.taker.settle,2025-10-25,-28.78
R1.C1.d0.03.s5.taker.settle,2025-10-26,-9.03
R1.C1.d0.03.s5.taker.settle,2025-10-27,-2.74
R1.C1.d0.03.s5.taker.settle,2025-10-28,-1.1300000000000001
R1.C1.d0.03.s5.taker.settle,2025-10-29,5.5
R1.C1.d0.03.s5.taker.settle,2025-10-30,-17.9
R1.C1.d0.03.s5.taker.settle,2025-10-31,2.46
R1.C1.d0.03.s5.taker.settle,2025-11-01,-16.62
R1.C1.d0.03.s5.taker.settle,2025-11-02,-19.060000000000002
R1.C1.d0.03.s5.taker.settle,2025-11-03,-6.17
R1.C1.d0.03.s5.taker.settle,2025-11-04,2.77
R1.C1.d0.03.s5.taker.settle,2025-11-05,1.07
R1.C1.d0.03.s5.taker.settle,2025-11-06,1.5899999999999999
R1.C1.d0.03.s5.taker.settle,2025-11-07,-3.8199999999999994
R1.C1.d0.03.s5.taker.settle,2025-11-08,-4.92
R1.C1.d0.03.s5.taker.settle,2025-11-09,17.34
R1.C1.d0.03.s5.taker.settle,2025-11-10,3.24
R1.C1.d0.03.s5.taker.settle,2025-11-11,10.790000000000001
R1.C1.d0.03.s5.taker.settle,2025-11-12,-2.95
R1.C1.d0.03.s5.taker.settle,2025-11-13,2.62
R1.C1.d0.03.s5.taker.settle,2025-11-14,-5.38
R1.C1.d0.03.s5.taker.settle,2025-11-15,-8.500000000000004
R1.C1.d0.03.s5.taker.settle,2025-11-16,-11.84
R1.C1.d0.03.s5.taker.settle,2025-11-17,3.43
R1.C1.d0.03.s5.taker.settle,2025-11-18,-12.32
R1.C1.d0.03.s5.taker.settle,2025-11-19,5.15
R1.C1.d0.03.s5.taker.settle,2025-11-20,-1.0699999999999994
R1.C1.d0.03.s5.taker.settle,2025-11-21,-5.98
R1.C1.d0.03.s5.taker.settle,2025-11-22,-28.84
R1.C1.d0.03.s5.taker.settle,2025-11-23,-20.65
R1.C1.d0.03.s5.taker.settle,2025-11-24,-2.53
R1.C1.d0.03.s5.taker.settle,2025-11-25,-2.9899999999999998
R1.C1.d0.03.s5.taker.settle,2025-11-27,-15.76
R1.C1.d0.03.s5.taker.settle,2025-11-28,7.35
R1.C1.d0.03.s5.taker.settle,2025-11-29,-7.339999999999998
R1.C1.d0.03.s5.taker.settle,2025-11-30,-21.71
R1.C1.d0.03.s5.taker.settle,2025-12-01,-1.17
R1.C1.d0.03.s5.taker.settle,2025-12-04,-4.27
R1.C1.d0.03.s5.taker.settle,2025-12-05,1.71
R1.C1.d0.03.s5.taker.settle,2025-12-06,2.5
R1.C1.d0.03.s5.taker.settle,2025-12-07,10.059999999999999
R1.C1.d0.03.s5.taker.settle,2025-12-11,-7.93
R1.C1.d0.03.s5.taker.settle,2025-12-13,4.0600000000000005
R1.C1.d0.03.s5.taker.settle,2025-12-14,-32.03
R1.C1.d0.03.s5.taker.settle,2025-12-15,2.56
R1.C1.d0.03.s5.taker.settle,2025-12-16,2.27
R1.C1.d0.03.s5.taker.settle,2025-12-17,9.54
R1.C1.d0.03.s5.taker.settle,2025-12-18,-1.8900000000000001
R1.C1.d0.03.s5.taker.settle,2025-12-19,-9.940000000000001
R1.C1.d0.03.s5.taker.settle,2025-12-20,-9.09
R1.C1.d0.03.s5.taker.settle,2025-12-21,-31.48
R1.C1.d0.03.s5.taker.settle,2025-12-22,6.28
R1.C1.d0.03.s5.taker.settle,2025-12-23,-1.0999999999999994
R1.C1.d0.03.s5.taker.settle,2025-12-24,-6.17
R1.C1.d0.03.s5.taker.settle,2025-12-25,2.07
R1.C1.d0.03.s5.taker.settle,2025-12-26,-14.41
R1.C1.d0.03.s5.taker.settle,2025-12-27,-9.07
R1.C1.d0.03.s5.taker.settle,2025-12-28,-12.64
R1.C1.d0.03.s5.taker.settle,2025-12-29,3.8200000000000003
R1.C1.d0.03.s5.taker.settle,2025-12-30,1.4400000000000004
R1.C1.d0.03.s5.taker.settle,2025-12-31,6.359999999999999
R1.C1.d0.03.s5.taker.settle,2026-01-01,4.890000000000001
R1.C1.d0.03.s5.taker.settle,2026-01-02,7.16
R1.C1.d0.03.s5.taker.settle,2026-01-03,-2.99
R1.C1.d0.03.s5.taker.settle,2026-01-04,-23.18
R1.C1.d0.03.s5.taker.settle,2026-01-08,3.34
R1.C1.d0.03.s5.taker.settle,2026-01-09,-3.05
R1.C1.d0.03.s5.taker.settle,2026-01-10,5.16
R1.C1.d0.03.s5.taker.settle,2026-01-11,1.29
R1.C1.d0.03.s5.taker.settle,2026-01-12,-5.28
R1.C1.d0.03.s5.taker.settle,2026-01-17,-3.2100000000000004
R1.C1.d0.03.s5.taker.settle,2026-01-18,-0.69
R1.C1.d0.03.s5.maker.H60,2025-09-08,-6.65
R1.C1.d0.03.s5.maker.H60,2025-09-11,-10.73
R1.C1.d0.03.s5.maker.H60,2025-09-12,-19.8
R1.C1.d0.03.s5.maker.H60,2025-09-13,-95.72
R1.C1.d0.03.s5.maker.H60,2025-09-14,-114.53
R1.C1.d0.03.s5.maker.H60,2025-09-15,-13.190000000000001
R1.C1.d0.03.s5.maker.H60,2025-09-16,0.27
R1.C1.d0.03.s5.maker.H60,2025-09-18,-13.34
R1.C1.d0.03.s5.maker.H60,2025-09-19,-22.56
R1.C1.d0.03.s5.maker.H60,2025-09-20,-139.31
R1.C1.d0.03.s5.maker.H60,2025-09-21,-124.49
R1.C1.d0.03.s5.maker.H60,2025-09-22,-9.08
R1.C1.d0.03.s5.maker.H60,2025-09-25,-12.540000000000001
R1.C1.d0.03.s5.maker.H60,2025-09-26,-19.09
R1.C1.d0.03.s5.maker.H60,2025-09-27,-151.66
R1.C1.d0.03.s5.maker.H60,2025-09-28,-114.17
R1.C1.d0.03.s5.maker.H60,2025-09-29,-14.14
R1.C1.d0.03.s5.maker.H60,2025-10-02,-21.509999999999998
R1.C1.d0.03.s5.maker.H60,2025-10-03,-14.16
R1.C1.d0.03.s5.maker.H60,2025-10-04,-141.91
R1.C1.d0.03.s5.maker.H60,2025-10-05,-127.59
R1.C1.d0.03.s5.maker.H60,2025-10-06,-8.54
R1.C1.d0.03.s5.maker.H60,2025-10-08,-10.39
R1.C1.d0.03.s5.maker.H60,2025-10-09,-26.54
R1.C1.d0.03.s5.maker.H60,2025-10-10,-31.830000000000002
R1.C1.d0.03.s5.maker.H60,2025-10-11,-205.6
R1.C1.d0.03.s5.maker.H60,2025-10-12,-102.73
R1.C1.d0.03.s5.maker.H60,2025-10-13,-24.88
R1.C1.d0.03.s5.maker.H60,2025-10-14,-31.97
R1.C1.d0.03.s5.maker.H60,2025-10-15,-18.68
R1.C1.d0.03.s5.maker.H60,2025-10-16,-17.1
R1.C1.d0.03.s5.maker.H60,2025-10-17,-40.01
R1.C1.d0.03.s5.maker.H60,2025-10-18,-237.75
R1.C1.d0.03.s5.maker.H60,2025-10-19,-132.21
R1.C1.d0.03.s5.maker.H60,2025-10-20,-11.11
R1.C1.d0.03.s5.maker.H60,2025-10-21,-15.64
R1.C1.d0.03.s5.maker.H60,2025-10-22,-10.69
R1.C1.d0.03.s5.maker.H60,2025-10-23,-15.76
R1.C1.d0.03.s5.maker.H60,2025-10-24,-24.6
R1.C1.d0.03.s5.maker.H60,2025-10-25,-195.94
R1.C1.d0.03.s5.maker.H60,2025-10-26,-52.24
R1.C1.d0.03.s5.maker.H60,2025-10-27,-5.48
R1.C1.d0.03.s5.maker.H60,2025-10-28,-4.35
R1.C1.d0.03.s5.maker.H60,2025-10-29,-11.96
R1.C1.d0.03.s5.maker.H60,2025-10-30,-11.5
R1.C1.d0.03.s5.maker.H60,2025-10-31,-10.62
R1.C1.d0.03.s5.maker.H60,2025-11-01,-220.94
R1.C1.d0.03.s5.maker.H60,2025-11-02,-117.83
R1.C1.d0.03.s5.maker.H60,2025-11-03,-9.52
R1.C1.d0.03.s5.maker.H60,2025-11-04,-5.48
R1.C1.d0.03.s5.maker.H60,2025-11-05,-7.95
R1.C1.d0.03.s5.maker.H60,2025-11-06,-16.59
R1.C1.d0.03.s5.maker.H60,2025-11-07,-18.62
R1.C1.d0.03.s5.maker.H60,2025-11-08,-174.12
R1.C1.d0.03.s5.maker.H60,2025-11-09,-77.95
R1.C1.d0.03.s5.maker.H60,2025-11-10,-16.95
R1.C1.d0.03.s5.maker.H60,2025-11-11,-20.76
R1.C1.d0.03.s5.maker.H60,2025-11-12,-14.99
R1.C1.d0.03.s5.maker.H60,2025-11-13,-2.35
R1.C1.d0.03.s5.maker.H60,2025-11-14,-9.9
R1.C1.d0.03.s5.maker.H60,2025-11-15,-202.9
R1.C1.d0.03.s5.maker.H60,2025-11-16,-160.59
R1.C1.d0.03.s5.maker.H60,2025-11-17,-4.7
R1.C1.d0.03.s5.maker.H60,2025-11-18,-11.55
R1.C1.d0.03.s5.maker.H60,2025-11-19,-6.48
R1.C1.d0.03.s5.maker.H60,2025-11-20,-35.88
R1.C1.d0.03.s5.maker.H60,2025-11-21,-4.37
R1.C1.d0.03.s5.maker.H60,2025-11-22,-215.18
R1.C1.d0.03.s5.maker.H60,2025-11-23,-123.75
R1.C1.d0.03.s5.maker.H60,2025-11-24,-4.6
R1.C1.d0.03.s5.maker.H60,2025-11-25,-5.76
R1.C1.d0.03.s5.maker.H60,2025-11-27,-55.01
R1.C1.d0.03.s5.maker.H60,2025-11-28,-70.57000000000001
R1.C1.d0.03.s5.maker.H60,2025-11-29,-190.64000000000001
R1.C1.d0.03.s5.maker.H60,2025-11-30,-78.12
R1.C1.d0.03.s5.maker.H60,2025-12-01,-0.94
R1.C1.d0.03.s5.maker.H60,2025-12-04,-10.52
R1.C1.d0.03.s5.maker.H60,2025-12-05,-18.54
R1.C1.d0.03.s5.maker.H60,2025-12-06,-40.18
R1.C1.d0.03.s5.maker.H60,2025-12-07,-95.13
R1.C1.d0.03.s5.maker.H60,2025-12-11,-21.59
R1.C1.d0.03.s5.maker.H60,2025-12-13,-15.14
R1.C1.d0.03.s5.maker.H60,2025-12-14,-129.73
R1.C1.d0.03.s5.maker.H60,2025-12-15,-4.97
R1.C1.d0.03.s5.maker.H60,2025-12-16,-12.94
R1.C1.d0.03.s5.maker.H60,2025-12-17,-30.63
R1.C1.d0.03.s5.maker.H60,2025-12-18,-21.77
R1.C1.d0.03.s5.maker.H60,2025-12-19,-15.2
R1.C1.d0.03.s5.maker.H60,2025-12-20,-39.03
R1.C1.d0.03.s5.maker.H60,2025-12-21,-97.59
R1.C1.d0.03.s5.maker.H60,2025-12-22,-11.0
R1.C1.d0.03.s5.maker.H60,2025-12-23,-20.42
R1.C1.d0.03.s5.maker.H60,2025-12-24,-14.379999999999999
R1.C1.d0.03.s5.maker.H60,2025-12-25,-6.09
R1.C1.d0.03.s5.maker.H60,2025-12-26,-14.09
R1.C1.d0.03.s5.maker.H60,2025-12-27,-95.1
R1.C1.d0.03.s5.maker.H60,2025-12-28,-117.54
R1.C1.d0.03.s5.maker.H60,2025-12-29,-17.72
R1.C1.d0.03.s5.maker.H60,2025-12-30,-47.1
R1.C1.d0.03.s5.maker.H60,2025-12-31,-88.83
R1.C1.d0.03.s5.maker.H60,2026-01-01,-29.4
R1.C1.d0.03.s5.maker.H60,2026-01-02,-21.13
R1.C1.d0.03.s5.maker.H60,2026-01-03,-23.36
R1.C1.d0.03.s5.maker.H60,2026-01-04,-113.31
R1.C1.d0.03.s5.maker.H60,2026-01-08,-24.84
R1.C1.d0.03.s5.maker.H60,2026-01-09,-5.65
R1.C1.d0.03.s5.maker.H60,2026-01-10,-26.09
R1.C1.d0.03.s5.maker.H60,2026-01-11,-45.08
R1.C1.d0.03.s5.maker.H60,2026-01-12,-12.07
R1.C1.d0.03.s5.maker.H60,2026-01-17,-38.01
R1.C1.d0.03.s5.maker.H60,2026-01-18,-45.620000000000005
R1.C1.d0.03.s5.maker.H300,2025-09-08,-8.9
R1.C1.d0.03.s5.maker.H300,2025-09-11,-5.720000000000001
R1.C1.d0.03.s5.maker.H300,2025-09-12,-14.07
R1.C1.d0.03.s5.maker.H300,2025-09-13,-56.33
R1.C1.d0.03.s5.maker.H300,2025-09-14,-23.43
R1.C1.d0.03.s5.maker.H300,2025-09-15,-2.0200000000000005
R1.C1.d0.03.s5.maker.H300,2025-09-16,-0.050000000000000044
R1.C1.d0.03.s5.maker.H300,2025-09-18,-8.75
R1.C1.d0.03.s5.maker.H300,2025-09-19,-16.78
R1.C1.d0.03.s5.maker.H300,2025-09-20,-77.77
R1.C1.d0.03.s5.maker.H300,2025-09-21,-73.06
R1.C1.d0.03.s5.maker.H300,2025-09-22,-5.57
R1.C1.d0.03.s5.maker.H300,2025-09-25,-4.19
R1.C1.d0.03.s5.maker.H300,2025-09-26,-7.029999999999999
R1.C1.d0.03.s5.maker.H300,2025-09-27,-126.57
R1.C1.d0.03.s5.maker.H300,2025-09-28,-33.76
R1.C1.d0.03.s5.maker.H300,2025-09-29,-6.83
R1.C1.d0.03.s5.maker.H300,2025-10-02,-14.77
R1.C1.d0.03.s5.maker.H300,2025-10-03,-12.620000000000001
R1.C1.d0.03.s5.maker.H300,2025-10-04,-88.51
R1.C1.d0.03.s5.maker.H300,2025-10-05,-38.3
R1.C1.d0.03.s5.maker.H300,2025-10-06,5.8999999999999995
R1.C1.d0.03.s5.maker.H300,2025-10-08,-7.99
R1.C1.d0.03.s5.maker.H300,2025-10-09,-14.77
R1.C1.d0.03.s5.maker.H300,2025-10-10,-11.14
R1.C1.d0.03.s5.maker.H300,2025-10-11,-95.63
R1.C1.d0.03.s5.maker.H300,2025-10-12,-54.6
R1.C1.d0.03.s5.maker.H300,2025-10-13,-7.27
R1.C1.d0.03.s5.maker.H300,2025-10-14,-14.5
R1.C1.d0.03.s5.maker.H300,2025-10-15,-8.36
R1.C1.d0.03.s5.maker.H300,2025-10-16,-3.71
R1.C1.d0.03.s5.maker.H300,2025-10-17,-10.379999999999999
R1.C1.d0.03.s5.maker.H300,2025-10-18,-149.18
R1.C1.d0.03.s5.maker.H300,2025-10-19,-44.89
R1.C1.d0.03.s5.maker.H300,2025-10-20,-9.459999999999999
R1.C1.d0.03.s5.maker.H300,2025-10-21,-11.15
R1.C1.d0.03.s5.maker.H300,2025-10-22,-5.640000000000001
R1.C1.d0.03.s5.maker.H300,2025-10-23,-9.26
R1.C1.d0.03.s5.maker.H300,2025-10-24,-5.1
R1.C1.d0.03.s5.maker.H300,2025-10-25,-154.49
R1.C1.d0.03.s5.maker.H300,2025-10-26,-30.41
R1.C1.d0.03.s5.maker.H300,2025-10-27,-3.1300000000000003
R1.C1.d0.03.s5.maker.H300,2025-10-28,-5.1899999999999995
R1.C1.d0.03.s5.maker.H300,2025-10-29,-13.99
R1.C1.d0.03.s5.maker.H300,2025-10-30,-4.28
R1.C1.d0.03.s5.maker.H300,2025-10-31,-4.44
R1.C1.d0.03.s5.maker.H300,2025-11-01,-158.82
R1.C1.d0.03.s5.maker.H300,2025-11-02,-44.99
R1.C1.d0.03.s5.maker.H300,2025-11-03,-3.67
R1.C1.d0.03.s5.maker.H300,2025-11-04,-2.8
R1.C1.d0.03.s5.maker.H300,2025-11-05,-7.260000000000001
R1.C1.d0.03.s5.maker.H300,2025-11-06,-15.14
R1.C1.d0.03.s5.maker.H300,2025-11-07,-0.8400000000000001
R1.C1.d0.03.s5.maker.H300,2025-11-08,-116.17
R1.C1.d0.03.s5.maker.H300,2025-11-09,-33.68
R1.C1.d0.03.s5.maker.H300,2025-11-10,-2.75
R1.C1.d0.03.s5.maker.H300,2025-11-11,-15.53
R1.C1.d0.03.s5.maker.H300,2025-11-12,-10.51
R1.C1.d0.03.s5.maker.H300,2025-11-13,-1.64
R1.C1.d0.03.s5.maker.H300,2025-11-14,-15.31
R1.C1.d0.03.s5.maker.H300,2025-11-15,-122.3
R1.C1.d0.03.s5.maker.H300,2025-11-16,-71.43
R1.C1.d0.03.s5.maker.H300,2025-11-17,-3.98
R1.C1.d0.03.s5.maker.H300,2025-11-18,-10.01
R1.C1.d0.03.s5.maker.H300,2025-11-19,-1.8799999999999997
R1.C1.d0.03.s5.maker.H300,2025-11-20,-24.57
R1.C1.d0.03.s5.maker.H300,2025-11-21,-3.57
R1.C1.d0.03.s5.maker.H300,2025-11-22,-152.55
R1.C1.d0.03.s5.maker.H300,2025-11-23,-75.04
R1.C1.d0.03.s5.maker.H300,2025-11-24,-3.7
R1.C1.d0.03.s5.maker.H300,2025-11-25,-5.35
R1.C1.d0.03.s5.maker.H300,2025-11-27,-21.41
R1.C1.d0.03.s5.maker.H300,2025-11-28,-45.440000000000005
R1.C1.d0.03.s5.maker.H300,2025-11-29,-111.97
R1.C1.d0.03.s5.maker.H300,2025-11-30,-42.120000000000005
R1.C1.d0.03.s5.maker.H300,2025-12-01,-4.8500000000000005
R1.C1.d0.03.s5.maker.H300,2025-12-04,-6.25
R1.C1.d0.03.s5.maker.H300,2025-12-05,-15.93
R1.C1.d0.03.s5.maker.H300,2025-12-06,-11.040000000000001
R1.C1.d0.03.s5.maker.H300,2025-12-07,-51.04
R1.C1.d0.03.s5.maker.H300,2025-12-11,-18.47
R1.C1.d0.03.s5.maker.H300,2025-12-13,-14.97
R1.C1.d0.03.s5.maker.H300,2025-12-14,-45.46
R1.C1.d0.03.s5.maker.H300,2025-12-15,-3.87
R1.C1.d0.03.s5.maker.H300,2025-12-16,-6.58
R1.C1.d0.03.s5.maker.H300,2025-12-17,-20.22
R1.C1.d0.03.s5.maker.H300,2025-12-18,-13.32
R1.C1.d0.03.s5.maker.H300,2025-12-19,1.4899999999999998
R1.C1.d0.03.s5.maker.H300,2025-12-20,-29.540000000000003
R1.C1.d0.03.s5.maker.H300,2025-12-21,-48.059999999999995
R1.C1.d0.03.s5.maker.H300,2025-12-22,-6.91
R1.C1.d0.03.s5.maker.H300,2025-12-23,-16.87
R1.C1.d0.03.s5.maker.H300,2025-12-24,-12.620000000000001
R1.C1.d0.03.s5.maker.H300,2025-12-25,-4.89
R1.C1.d0.03.s5.maker.H300,2025-12-26,-17.189999999999998
R1.C1.d0.03.s5.maker.H300,2025-12-27,-39.5
R1.C1.d0.03.s5.maker.H300,2025-12-28,-55.72
R1.C1.d0.03.s5.maker.H300,2025-12-29,-16.09
R1.C1.d0.03.s5.maker.H300,2025-12-30,-12.74
R1.C1.d0.03.s5.maker.H300,2025-12-31,-47.47
R1.C1.d0.03.s5.maker.H300,2026-01-01,-22.169999999999998
R1.C1.d0.03.s5.maker.H300,2026-01-02,-14.620000000000001
R1.C1.d0.03.s5.maker.H300,2026-01-03,-13.02
R1.C1.d0.03.s5.maker.H300,2026-01-04,-43.74
R1.C1.d0.03.s5.maker.H300,2026-01-08,-16.19
R1.C1.d0.03.s5.maker.H300,2026-01-09,-3.34
R1.C1.d0.03.s5.maker.H300,2026-01-10,-8.62
R1.C1.d0.03.s5.maker.H300,2026-01-11,-18.55
R1.C1.d0.03.s5.maker.H300,2026-01-12,-2.3699999999999997
R1.C1.d0.03.s5.maker.H300,2026-01-17,-21.57
R1.C1.d0.03.s5.maker.H300,2026-01-18,-24.66
R1.C1.d0.03.s5.maker.settle,2025-09-08,-7.34
R1.C1.d0.03.s5.maker.settle,2025-09-11,-1.3899999999999997
R1.C1.d0.03.s5.maker.settle,2025-09-12,3.170000000000001
R1.C1.d0.03.s5.maker.settle,2025-09-13,-1.3200000000000003
R1.C1.d0.03.s5.maker.settle,2025-09-14,-2.5
R1.C1.d0.03.s5.maker.settle,2025-09-15,8.71
R1.C1.d0.03.s5.maker.settle,2025-09-18,4.04
R1.C1.d0.03.s5.maker.settle,2025-09-19,11.91
R1.C1.d0.03.s5.maker.settle,2025-09-20,-0.39999999999999947
R1.C1.d0.03.s5.maker.settle,2025-09-21,-17.41
R1.C1.d0.03.s5.maker.settle,2025-09-22,-7.34
R1.C1.d0.03.s5.maker.settle,2025-09-25,-4.37
R1.C1.d0.03.s5.maker.settle,2025-09-26,6.56
R1.C1.d0.03.s5.maker.settle,2025-09-27,-3.229999999999997
R1.C1.d0.03.s5.maker.settle,2025-09-28,-23.3
R1.C1.d0.03.s5.maker.settle,2025-09-29,-9.2
R1.C1.d0.03.s5.maker.settle,2025-10-02,5.85
R1.C1.d0.03.s5.maker.settle,2025-10-03,-5.219999999999999
R1.C1.d0.03.s5.maker.settle,2025-10-04,-3.020000000000001
R1.C1.d0.03.s5.maker.settle,2025-10-05,-26.07
R1.C1.d0.03.s5.maker.settle,2025-10-06,-7.34
R1.C1.d0.03.s5.maker.settle,2025-10-08,-7.879999999999999
R1.C1.d0.03.s5.maker.settle,2025-10-09,6.100000000000001
R1.C1.d0.03.s5.maker.settle,2025-10-10,-6.64
R1.C1.d0.03.s5.maker.settle,2025-10-11,42.160000000000004
R1.C1.d0.03.s5.maker.settle,2025-10-12,4.2700000000000005
R1.C1.d0.03.s5.maker.settle,2025-10-13,-13.09
R1.C1.d0.03.s5.maker.settle,2025-10-14,11.79
R1.C1.d0.03.s5.maker.settle,2025-10-15,-1.5999999999999996
R1.C1.d0.03.s5.maker.settle,2025-10-16,6.04
R1.C1.d0.03.s5.maker.settle,2025-10-17,-6.369999999999999
R1.C1.d0.03.s5.maker.settle,2025-10-18,-2.8500000000000023
R1.C1.d0.03.s5.maker.settle,2025-10-19,-17.73
R1.C1.d0.03.s5.maker.settle,2025-10-20,0.2200000000000002
R1.C1.d0.03.s5.maker.settle,2025-10-21,4.220000000000001
R1.C1.d0.03.s5.maker.settle,2025-10-22,0.7200000000000002
R1.C1.d0.03.s5.maker.settle,2025-10-23,3.9299999999999997
R1.C1.d0.03.s5.maker.settle,2025-10-24,-2.6799999999999997
R1.C1.d0.03.s5.maker.settle,2025-10-25,-18.140000000000004
R1.C1.d0.03.s5.maker.settle,2025-10-26,-8.02
R1.C1.d0.03.s5.maker.settle,2025-10-27,2.07
R1.C1.d0.03.s5.maker.settle,2025-10-28,-1.04
R1.C1.d0.03.s5.maker.settle,2025-10-29,5.92
R1.C1.d0.03.s5.maker.settle,2025-10-30,-17.31
R1.C1.d0.03.s5.maker.settle,2025-10-31,2.83
R1.C1.d0.03.s5.maker.settle,2025-11-01,-22.35
R1.C1.d0.03.s5.maker.settle,2025-11-02,-12.07
R1.C1.d0.03.s5.maker.settle,2025-11-03,-5.95
R1.C1.d0.03.s5.maker.settle,2025-11-04,4.53
R1.C1.d0.03.s5.maker.settle,2025-11-05,3.05
R1.C1.d0.03.s5.maker.settle,2025-11-06,2.0799999999999996
R1.C1.d0.03.s5.maker.settle,2025-11-07,-3.12
R1.C1.d0.03.s5.maker.settle,2025-11-08,55.6
R1.C1.d0.03.s5.maker.settle,2025-11-09,18.88
R1.C1.d0.03.s5.maker.settle,2025-11-10,3.46
R1.C1.d0.03.s5.maker.settle,2025-11-11,11.71
R1.C1.d0.03.s5.maker.settle,2025-11-12,-2.3099999999999996
R1.C1.d0.03.s5.maker.settle,2025-11-13,2.46
R1.C1.d0.03.s5.maker.settle,2025-11-14,-5.25
R1.C1.d0.03.s5.maker.settle,2025-11-15,-3.9700000000000006
R1.C1.d0.03.s5.maker.settle,2025-11-16,-16.87
R1.C1.d0.03.s5.maker.settle,2025-11-17,3.65
R1.C1.d0.03.s5.maker.settle,2025-11-18,-12.02
R1.C1.d0.03.s5.maker.settle,2025-11-19,5.529999999999999
R1.C1.d0.03.s5.maker.settle,2025-11-20,-0.47999999999999954
R1.C1.d0.03.s5.maker.settle,2025-11-21,-5.65
R1.C1.d0.03.s5.maker.settle,2025-11-22,-20.87
R1.C1.d0.03.s5.maker.settle,2025-11-23,-13.760000000000002
R1.C1.d0.03.s5.maker.settle,2025-11-24,-2.44
R1.C1.d0.03.s5.maker.settle,2025-11-25,-3.15
R1.C1.d0.03.s5.maker.settle,2025-11-27,-15.26
R1.C1.d0.03.s5.maker.settle,2025-11-28,15.620000000000001
R1.C1.d0.03.s5.maker.settle,2025-11-29,0.5800000000000014
R1.C1.d0.03.s5.maker.settle,2025-11-30,-19.619999999999997
R1.C1.d0.03.s5.maker.settle,2025-12-01,-1.12
R1.C1.d0.03.s5.maker.settle,2025-12-04,-3.95
R1.C1.d0.03.s5.maker.settle,2025-12-05,-3.17
R1.C1.d0.03.s5.maker.settle,2025-12-06,2.7800000000000002
R1.C1.d0.03.s5.maker.settle,2025-12-07,13.89
R1.C1.d0.03.s5.maker.settle,2025-12-11,-7.74
R1.C1.d0.03.s5.maker.settle,2025-12-13,4.43
R1.C1.d0.03.s5.maker.settle,2025-12-14,-30.47
R1.C1.d0.03.s5.maker.settle,2025-12-15,2.76
R1.C1.d0.03.s5.maker.settle,2025-12-16,2.46
R1.C1.d0.03.s5.maker.settle,2025-12-17,10.0
R1.C1.d0.03.s5.maker.settle,2025-12-18,-1.78
R1.C1.d0.03.s5.maker.settle,2025-12-19,-9.29
R1.C1.d0.03.s5.maker.settle,2025-12-20,-8.169999999999998
R1.C1.d0.03.s5.maker.settle,2025-12-21,-16.8
R1.C1.d0.03.s5.maker.settle,2025-12-22,6.42
R1.C1.d0.03.s5.maker.settle,2025-12-23,-0.5200000000000005
R1.C1.d0.03.s5.maker.settle,2025-12-24,-6.15
R1.C1.d0.03.s5.maker.settle,2025-12-25,1.77
R1.C1.d0.03.s5.maker.settle,2025-12-26,-13.84
R1.C1.d0.03.s5.maker.settle,2025-12-27,-9.99
R1.C1.d0.03.s5.maker.settle,2025-12-28,-10.99
R1.C1.d0.03.s5.maker.settle,2025-12-29,4.42
R1.C1.d0.03.s5.maker.settle,2025-12-30,-4.930000000000001
R1.C1.d0.03.s5.maker.settle,2025-12-31,7.7700000000000005
R1.C1.d0.03.s5.maker.settle,2026-01-01,5.559999999999999
R1.C1.d0.03.s5.maker.settle,2026-01-02,7.76
R1.C1.d0.03.s5.maker.settle,2026-01-03,-2.58
R1.C1.d0.03.s5.maker.settle,2026-01-04,-20.14
R1.C1.d0.03.s5.maker.settle,2026-01-08,3.55
R1.C1.d0.03.s5.maker.settle,2026-01-09,-2.84
R1.C1.d0.03.s5.maker.settle,2026-01-10,-4.2700000000000005
R1.C1.d0.03.s5.maker.settle,2026-01-11,2.05
R1.C1.d0.03.s5.maker.settle,2026-01-12,-5.05
R1.C1.d0.03.s5.maker.settle,2026-01-17,-2.79
R1.C1.d0.03.s5.maker.settle,2026-01-18,-0.28000000000000025
R1.C1.d0.03.s15.taker.H60,2025-09-08,-17.27
R1.C1.d0.03.s15.taker.H60,2025-09-11,-19.47
R1.C1.d0.03.s15.taker.H60,2025-09-12,-21.73
R1.C1.d0.03.s15.taker.H60,2025-09-13,-125.41
R1.C1.d0.03.s15.taker.H60,2025-09-14,-120.83
R1.C1.d0.03.s15.taker.H60,2025-09-15,-21.59
R1.C1.d0.03.s15.taker.H60,2025-09-16,-1.21
R1.C1.d0.03.s15.taker.H60,2025-09-18,-11.84
R1.C1.d0.03.s15.taker.H60,2025-09-19,-35.33
R1.C1.d0.03.s15.taker.H60,2025-09-20,-171.11
R1.C1.d0.03.s15.taker.H60,2025-09-21,-171.62
R1.C1.d0.03.s15.taker.H60,2025-09-22,-17.83
R1.C1.d0.03.s15.taker.H60,2025-09-25,-17.48
R1.C1.d0.03.s15.taker.H60,2025-09-26,-32.47
R1.C1.d0.03.s15.taker.H60,2025-09-27,-210.32
R1.C1.d0.03.s15.taker.H60,2025-09-28,-175.58
R1.C1.d0.03.s15.taker.H60,2025-09-29,-17.22
R1.C1.d0.03.s15.taker.H60,2025-10-02,-33.910000000000004
R1.C1.d0.03.s15.taker.H60,2025-10-03,-20.23
R1.C1.d0.03.s15.taker.H60,2025-10-04,-197.06
R1.C1.d0.03.s15.taker.H60,2025-10-05,-161.54
R1.C1.d0.03.s15.taker.H60,2025-10-06,-27.33
R1.C1.d0.03.s15.taker.H60,2025-10-08,-11.51
R1.C1.d0.03.s15.taker.H60,2025-10-09,-38.67
R1.C1.d0.03.s15.taker.H60,2025-10-10,-43.38
R1.C1.d0.03.s15.taker.H60,2025-10-11,-215.25
R1.C1.d0.03.s15.taker.H60,2025-10-12,-149.2
R1.C1.d0.03.s15.taker.H60,2025-10-13,-42.89
R1.C1.d0.03.s15.taker.H60,2025-10-14,-32.59
R1.C1.d0.03.s15.taker.H60,2025-10-15,-22.61
R1.C1.d0.03.s15.taker.H60,2025-10-16,-18.95
R1.C1.d0.03.s15.taker.H60,2025-10-17,-61.75
R1.C1.d0.03.s15.taker.H60,2025-10-18,-312.4
R1.C1.d0.03.s15.taker.H60,2025-10-19,-155.01
R1.C1.d0.03.s15.taker.H60,2025-10-20,-18.49
R1.C1.d0.03.s15.taker.H60,2025-10-21,-22.86
R1.C1.d0.03.s15.taker.H60,2025-10-22,-19.19
R1.C1.d0.03.s15.taker.H60,2025-10-23,-20.08
R1.C1.d0.03.s15.taker.H60,2025-10-24,-38.32
R1.C1.d0.03.s15.taker.H60,2025-10-25,-258.39
R1.C1.d0.03.s15.taker.H60,2025-10-26,-83.23
R1.C1.d0.03.s15.taker.H60,2025-10-27,-7.26
R1.C1.d0.03.s15.taker.H60,2025-10-28,-7.54
R1.C1.d0.03.s15.taker.H60,2025-10-29,-22.28
R1.C1.d0.03.s15.taker.H60,2025-10-30,-12.56
R1.C1.d0.03.s15.taker.H60,2025-10-31,-11.19
R1.C1.d0.03.s15.taker.H60,2025-11-01,-308.73
R1.C1.d0.03.s15.taker.H60,2025-11-02,-162.2
R1.C1.d0.03.s15.taker.H60,2025-11-03,-16.95
R1.C1.d0.03.s15.taker.H60,2025-11-04,-5.51
R1.C1.d0.03.s15.taker.H60,2025-11-05,-12.39
R1.C1.d0.03.s15.taker.H60,2025-11-06,-24.71
R1.C1.d0.03.s15.taker.H60,2025-11-07,-27.21
R1.C1.d0.03.s15.taker.H60,2025-11-08,-243.33
R1.C1.d0.03.s15.taker.H60,2025-11-09,-123.95
R1.C1.d0.03.s15.taker.H60,2025-11-10,-22.89
R1.C1.d0.03.s15.taker.H60,2025-11-11,-26.57
R1.C1.d0.03.s15.taker.H60,2025-11-12,-20.46
R1.C1.d0.03.s15.taker.H60,2025-11-13,-5.76
R1.C1.d0.03.s15.taker.H60,2025-11-14,-11.97
R1.C1.d0.03.s15.taker.H60,2025-11-15,-267.61
R1.C1.d0.03.s15.taker.H60,2025-11-16,-195.95
R1.C1.d0.03.s15.taker.H60,2025-11-17,-8.98
R1.C1.d0.03.s15.taker.H60,2025-11-18,-15.27
R1.C1.d0.03.s15.taker.H60,2025-11-19,-8.51
R1.C1.d0.03.s15.taker.H60,2025-11-20,-38.050000000000004
R1.C1.d0.03.s15.taker.H60,2025-11-21,-6.92
R1.C1.d0.03.s15.taker.H60,2025-11-22,-286.63
R1.C1.d0.03.s15.taker.H60,2025-11-23,-159.14
R1.C1.d0.03.s15.taker.H60,2025-11-24,-6.04
R1.C1.d0.03.s15.taker.H60,2025-11-25,-6.66
R1.C1.d0.03.s15.taker.H60,2025-11-27,-65.46
R1.C1.d0.03.s15.taker.H60,2025-11-28,-99.89
R1.C1.d0.03.s15.taker.H60,2025-11-29,-204.28
R1.C1.d0.03.s15.taker.H60,2025-11-30,-105.36
R1.C1.d0.03.s15.taker.H60,2025-12-01,-0.8500000000000001
R1.C1.d0.03.s15.taker.H60,2025-12-04,-16.169999999999998
R1.C1.d0.03.s15.taker.H60,2025-12-05,-15.040000000000001
R1.C1.d0.03.s15.taker.H60,2025-12-06,-61.38
R1.C1.d0.03.s15.taker.H60,2025-12-07,-125.92
R1.C1.d0.03.s15.taker.H60,2025-12-11,-18.12
R1.C1.d0.03.s15.taker.H60,2025-12-13,-17.3
R1.C1.d0.03.s15.taker.H60,2025-12-14,-161.3
R1.C1.d0.03.s15.taker.H60,2025-12-15,-6.26
R1.C1.d0.03.s15.taker.H60,2025-12-16,-20.01
R1.C1.d0.03.s15.taker.H60,2025-12-17,-31.97
R1.C1.d0.03.s15.taker.H60,2025-12-18,-34.4
R1.C1.d0.03.s15.taker.H60,2025-12-19,-21.18
R1.C1.d0.03.s15.taker.H60,2025-12-20,-54.43
R1.C1.d0.03.s15.taker.H60,2025-12-21,-148.19
R1.C1.d0.03.s15.taker.H60,2025-12-22,-15.67
R1.C1.d0.03.s15.taker.H60,2025-12-23,-29.55
R1.C1.d0.03.s15.taker.H60,2025-12-24,-18.17
R1.C1.d0.03.s15.taker.H60,2025-12-25,-8.87
R1.C1.d0.03.s15.taker.H60,2025-12-26,-22.2
R1.C1.d0.03.s15.taker.H60,2025-12-27,-134.6
R1.C1.d0.03.s15.taker.H60,2025-12-28,-162.05
R1.C1.d0.03.s15.taker.H60,2025-12-29,-21.91
R1.C1.d0.03.s15.taker.H60,2025-12-30,-58.69
R1.C1.d0.03.s15.taker.H60,2025-12-31,-95.45
R1.C1.d0.03.s15.taker.H60,2026-01-01,-35.6
R1.C1.d0.03.s15.taker.H60,2026-01-02,-32.93
R1.C1.d0.03.s15.taker.H60,2026-01-03,-32.3
R1.C1.d0.03.s15.taker.H60,2026-01-04,-154.92
R1.C1.d0.03.s15.taker.H60,2026-01-08,-38.589999999999996
R1.C1.d0.03.s15.taker.H60,2026-01-09,-7.21
R1.C1.d0.03.s15.taker.H60,2026-01-10,-40.160000000000004
R1.C1.d0.03.s15.taker.H60,2026-01-11,-78.93
R1.C1.d0.03.s15.taker.H60,2026-01-12,-19.6
R1.C1.d0.03.s15.taker.H60,2026-01-17,-49.59
R1.C1.d0.03.s15.taker.H60,2026-01-18,-67.11
R1.C1.d0.03.s15.taker.H300,2025-09-08,-5.71
R1.C1.d0.03.s15.taker.H300,2025-09-11,-10.01
R1.C1.d0.03.s15.taker.H300,2025-09-12,-8.96
R1.C1.d0.03.s15.taker.H300,2025-09-13,-73.22
R1.C1.d0.03.s15.taker.H300,2025-09-14,-70.25
R1.C1.d0.03.s15.taker.H300,2025-09-15,-10.24
R1.C1.d0.03.s15.taker.H300,2025-09-16,-1.4700000000000002
R1.C1.d0.03.s15.taker.H300,2025-09-18,-9.65
R1.C1.d0.03.s15.taker.H300,2025-09-19,-21.89
R1.C1.d0.03.s15.taker.H300,2025-09-20,-136.62
R1.C1.d0.03.s15.taker.H300,2025-09-21,-125.9
R1.C1.d0.03.s15.taker.H300,2025-09-22,-8.19
R1.C1.d0.03.s15.taker.H300,2025-09-25,-7.390000000000001
R1.C1.d0.03.s15.taker.H300,2025-09-26,-8.959999999999999
R1.C1.d0.03.s15.taker.H300,2025-09-27,-163.67
R1.C1.d0.03.s15.taker.H300,2025-09-28,-113.47
R1.C1.d0.03.s15.taker.H300,2025-09-29,-16.1
R1.C1.d0.03.s15.taker.H300,2025-10-02,-11.85
R1.C1.d0.03.s15.taker.H300,2025-10-03,-16.71
R1.C1.d0.03.s15.taker.H300,2025-10-04,-123.71
R1.C1.d0.03.s15.taker.H300,2025-10-05,-85.19
R1.C1.d0.03.s15.taker.H300,2025-10-06,-4.359999999999999
R1.C1.d0.03.s15.taker.H300,2025-10-08,-9.870000000000001
R1.C1.d0.03.s15.taker.H300,2025-10-09,-12.129999999999999
R1.C1.d0.03.s15.taker.H300,2025-10-10,-27.740000000000002
R1.C1.d0.03.s15.taker.H300,2025-10-11,-133.01
R1.C1.d0.03.s15.taker.H300,2025-10-12,-99.27
R1.C1.d0.03.s15.taker.H300,2025-10-13,-25.88
R1.C1.d0.03.s15.taker.H300,2025-10-14,-27.39
R1.C1.d0.03.s15.taker.H300,2025-10-15,-9.26
R1.C1.d0.03.s15.taker.H300,2025-10-16,-4.3
R1.C1.d0.03.s15.taker.H300,2025-10-17,-26.85
R1.C1.d0.03.s15.taker.H300,2025-10-18,-176.64000000000001
R1.C1.d0.03.s15.taker.H300,2025-10-19,-61.31
R1.C1.d0.03.s15.taker.H300,2025-10-20,-11.940000000000001
R1.C1.d0.03.s15.taker.H300,2025-10-21,-25.169999999999998
R1.C1.d0.03.s15.taker.H300,2025-10-22,-13.03
R1.C1.d0.03.s15.taker.H300,2025-10-23,-14.87
R1.C1.d0.03.s15.taker.H300,2025-10-24,-7.800000000000001
R1.C1.d0.03.s15.taker.H300,2025-10-25,-178.6
R1.C1.d0.03.s15.taker.H300,2025-10-26,-35.55
R1.C1.d0.03.s15.taker.H300,2025-10-27,-3.4
R1.C1.d0.03.s15.taker.H300,2025-10-28,-10.21
R1.C1.d0.03.s15.taker.H300,2025-10-29,-18.150000000000002
R1.C1.d0.03.s15.taker.H300,2025-10-30,-7.78
R1.C1.d0.03.s15.taker.H300,2025-10-31,-3.69
R1.C1.d0.03.s15.taker.H300,2025-11-01,-184.72
R1.C1.d0.03.s15.taker.H300,2025-11-02,-84.33
R1.C1.d0.03.s15.taker.H300,2025-11-03,-8.83
R1.C1.d0.03.s15.taker.H300,2025-11-04,-3.62
R1.C1.d0.03.s15.taker.H300,2025-11-05,-11.22
R1.C1.d0.03.s15.taker.H300,2025-11-06,-17.7
R1.C1.d0.03.s15.taker.H300,2025-11-07,-14.65
R1.C1.d0.03.s15.taker.H300,2025-11-08,-168.78
R1.C1.d0.03.s15.taker.H300,2025-11-09,-63.22
R1.C1.d0.03.s15.taker.H300,2025-11-10,-5.0200000000000005
R1.C1.d0.03.s15.taker.H300,2025-11-11,-19.650000000000002
R1.C1.d0.03.s15.taker.H300,2025-11-12,-14.440000000000001
R1.C1.d0.03.s15.taker.H300,2025-11-13,-2.63
R1.C1.d0.03.s15.taker.H300,2025-11-14,-3.2500000000000004
R1.C1.d0.03.s15.taker.H300,2025-11-15,-162.76
R1.C1.d0.03.s15.taker.H300,2025-11-16,-137.61
R1.C1.d0.03.s15.taker.H300,2025-11-17,-4.8
R1.C1.d0.03.s15.taker.H300,2025-11-18,-9.06
R1.C1.d0.03.s15.taker.H300,2025-11-19,-1.67
R1.C1.d0.03.s15.taker.H300,2025-11-20,-39.6
R1.C1.d0.03.s15.taker.H300,2025-11-21,-3.74
R1.C1.d0.03.s15.taker.H300,2025-11-22,-175.77
R1.C1.d0.03.s15.taker.H300,2025-11-23,-85.58
R1.C1.d0.03.s15.taker.H300,2025-11-24,-4.21
R1.C1.d0.03.s15.taker.H300,2025-11-25,-5.25
R1.C1.d0.03.s15.taker.H300,2025-11-27,-34.24
R1.C1.d0.03.s15.taker.H300,2025-11-28,-79.53
R1.C1.d0.03.s15.taker.H300,2025-11-29,-166.11
R1.C1.d0.03.s15.taker.H300,2025-11-30,-75.87
R1.C1.d0.03.s15.taker.H300,2025-12-01,0.25
R1.C1.d0.03.s15.taker.H300,2025-12-04,-9.89
R1.C1.d0.03.s15.taker.H300,2025-12-05,-19.9
R1.C1.d0.03.s15.taker.H300,2025-12-06,-18.43
R1.C1.d0.03.s15.taker.H300,2025-12-07,-69.49
R1.C1.d0.03.s15.taker.H300,2025-12-11,-5.19
R1.C1.d0.03.s15.taker.H300,2025-12-13,-13.08
R1.C1.d0.03.s15.taker.H300,2025-12-14,-63.34
R1.C1.d0.03.s15.taker.H300,2025-12-15,-3.74
R1.C1.d0.03.s15.taker.H300,2025-12-16,-13.81
R1.C1.d0.03.s15.taker.H300,2025-12-17,-21.21
R1.C1.d0.03.s15.taker.H300,2025-12-18,-10.2
R1.C1.d0.03.s15.taker.H300,2025-12-19,-7.1899999999999995
R1.C1.d0.03.s15.taker.H300,2025-12-20,-38.06
R1.C1.d0.03.s15.taker.H300,2025-12-21,-81.3
R1.C1.d0.03.s15.taker.H300,2025-12-22,-9.79
R1.C1.d0.03.s15.taker.H300,2025-12-23,-17.9
R1.C1.d0.03.s15.taker.H300,2025-12-24,-6.28
R1.C1.d0.03.s15.taker.H300,2025-12-25,-6.3
R1.C1.d0.03.s15.taker.H300,2025-12-26,-17.27
R1.C1.d0.03.s15.taker.H300,2025-12-27,-77.5
R1.C1.d0.03.s15.taker.H300,2025-12-28,-71.98
R1.C1.d0.03.s15.taker.H300,2025-12-29,-16.29
R1.C1.d0.03.s15.taker.H300,2025-12-30,-26.23
R1.C1.d0.03.s15.taker.H300,2025-12-31,-46.52
R1.C1.d0.03.s15.taker.H300,2026-01-01,-17.51
R1.C1.d0.03.s15.taker.H300,2026-01-02,-21.23
R1.C1.d0.03.s15.taker.H300,2026-01-03,-17.22
R1.C1.d0.03.s15.taker.H300,2026-01-04,-66.21
R1.C1.d0.03.s15.taker.H300,2026-01-08,-16.080000000000002
R1.C1.d0.03.s15.taker.H300,2026-01-09,-6.05
R1.C1.d0.03.s15.taker.H300,2026-01-10,-25.31
R1.C1.d0.03.s15.taker.H300,2026-01-11,-21.7
R1.C1.d0.03.s15.taker.H300,2026-01-12,-13.09
R1.C1.d0.03.s15.taker.H300,2026-01-17,-22.84
R1.C1.d0.03.s15.taker.H300,2026-01-18,-30.54
R1.C1.d0.03.s15.taker.settle,2025-09-08,-7.64
R1.C1.d0.03.s15.taker.settle,2025-09-11,-1.7299999999999995
R1.C1.d0.03.s15.taker.settle,2025-09-12,13.919999999999998
R1.C1.d0.03.s15.taker.settle,2025-09-13,28.95
R1.C1.d0.03.s15.taker.settle,2025-09-14,-8.419999999999998
R1.C1.d0.03.s15.taker.settle,2025-09-15,0.9500000000000002
R1.C1.d0.03.s15.taker.settle,2025-09-18,4.86
R1.C1.d0.03.s15.taker.settle,2025-09-19,-1.7299999999999995
R1.C1.d0.03.s15.taker.settle,2025-09-20,-8.64
R1.C1.d0.03.s15.taker.settle,2025-09-21,-16.85
R1.C1.d0.03.s15.taker.settle,2025-09-22,-7.44
R1.C1.d0.03.s15.taker.settle,2025-09-25,-3.7100000000000004
R1.C1.d0.03.s15.taker.settle,2025-09-26,-6.76
R1.C1.d0.03.s15.taker.settle,2025-09-27,-16.040000000000003
R1.C1.d0.03.s15.taker.settle,2025-09-28,-5.8
R1.C1.d0.03.s15.taker.settle,2025-09-29,6.67
R1.C1.d0.03.s15.taker.settle,2025-10-02,-6.27
R1.C1.d0.03.s15.taker.settle,2025-10-03,-2.2800000000000002
R1.C1.d0.03.s15.taker.settle,2025-10-04,-5.230000000000002
R1.C1.d0.03.s15.taker.settle,2025-10-05,-13.51
R1.C1.d0.03.s15.taker.settle,2025-10-06,6.54
R1.C1.d0.03.s15.taker.settle,2025-10-08,1.46
R1.C1.d0.03.s15.taker.settle,2025-10-09,5.99
R1.C1.d0.03.s15.taker.settle,2025-10-10,13.290000000000001
R1.C1.d0.03.s15.taker.settle,2025-10-11,14.529999999999998
R1.C1.d0.03.s15.taker.settle,2025-10-12,3.25
R1.C1.d0.03.s15.taker.settle,2025-10-13,-0.33999999999999986
R1.C1.d0.03.s15.taker.settle,2025-10-14,0.9800000000000004
R1.C1.d0.03.s15.taker.settle,2025-10-15,-2.84
R1.C1.d0.03.s15.taker.settle,2025-10-16,7.8100000000000005
R1.C1.d0.03.s15.taker.settle,2025-10-17,13.59
R1.C1.d0.03.s15.taker.settle,2025-10-18,20.95
R1.C1.d0.03.s15.taker.settle,2025-10-19,-8.599999999999998
R1.C1.d0.03.s15.taker.settle,2025-10-20,-4.0200000000000005
R1.C1.d0.03.s15.taker.settle,2025-10-21,5.77
R1.C1.d0.03.s15.taker.settle,2025-10-22,-5.17
R1.C1.d0.03.s15.taker.settle,2025-10-23,3.77
R1.C1.d0.03.s15.taker.settle,2025-10-24,-1.3699999999999999
R1.C1.d0.03.s15.taker.settle,2025-10-25,-44.68000000000001
R1.C1.d0.03.s15.taker.settle,2025-10-26,-16.89
R1.C1.d0.03.s15.taker.settle,2025-10-27,-2.74
R1.C1.d0.03.s15.taker.settle,2025-10-28,-2.66
R1.C1.d0.03.s15.taker.settle,2025-10-29,-0.73
R1.C1.d0.03.s15.taker.settle,2025-10-30,-5.15
R1.C1.d0.03.s15.taker.settle,2025-10-31,4.27
R1.C1.d0.03.s15.taker.settle,2025-11-01,-44.1
R1.C1.d0.03.s15.taker.settle,2025-11-02,7.289999999999999
R1.C1.d0.03.s15.taker.settle,2025-11-03,5.02
R1.C1.d0.03.s15.taker.settle,2025-11-04,2.56
R1.C1.d0.03.s15.taker.settle,2025-11-05,1.7500000000000002
R1.C1.d0.03.s15.taker.settle,2025-11-06,0.9199999999999998
R1.C1.d0.03.s15.taker.settle,2025-11-07,-4.869999999999999
R1.C1.d0.03.s15.taker.settle,2025-11-08,-16.440000000000005
R1.C1.d0.03.s15.taker.settle,2025-11-09,-2.490000000000001
R1.C1.d0.03.s15.taker.settle,2025-11-10,3.24
R1.C1.d0.03.s15.taker.settle,2025-11-11,2.88
R1.C1.d0.03.s15.taker.settle,2025-11-12,-2.38
R1.C1.d0.03.s15.taker.settle,2025-11-13,2.72
R1.C1.d0.03.s15.taker.settle,2025-11-14,-5.38
R1.C1.d0.03.s15.taker.settle,2025-11-15,-14.31
R1.C1.d0.03.s15.taker.settle,2025-11-16,-18.650000000000002
R1.C1.d0.03.s15.taker.settle,2025-11-17,3.34
R1.C1.d0.03.s15.taker.settle,2025-11-18,-12.219999999999999
R1.C1.d0.03.s15.taker.settle,2025-11-19,-4.45
R1.C1.d0.03.s15.taker.settle,2025-11-20,13.18
R1.C1.d0.03.s15.taker.settle,2025-11-21,-5.98
R1.C1.d0.03.s15.taker.settle,2025-11-22,-10.659999999999997
R1.C1.d0.03.s15.taker.settle,2025-11-23,2.1500000000000004
R1.C1.d0.03.s15.taker.settle,2025-11-24,-2.84
R1.C1.d0.03.s15.taker.settle,2025-11-25,-2.78
R1.C1.d0.03.s15.taker.settle,2025-11-27,-29.16
R1.C1.d0.03.s15.taker.settle,2025-11-28,5.939999999999999
R1.C1.d0.03.s15.taker.settle,2025-11-29,17.54
R1.C1.d0.03.s15.taker.settle,2025-11-30,-8.39
R1.C1.d0.03.s15.taker.settle,2025-12-01,-1.38
R1.C1.d0.03.s15.taker.settle,2025-12-04,-4.58
R1.C1.d0.03.s15.taker.settle,2025-12-05,-0.5600000000000005
R1.C1.d0.03.s15.taker.settle,2025-12-06,2.02
R1.C1.d0.03.s15.taker.settle,2025-12-07,-2.5599999999999996
R1.C1.d0.03.s15.taker.settle,2025-12-11,-7.64
R1.C1.d0.03.s15.taker.settle,2025-12-13,-1.2400000000000002
R1.C1.d0.03.s15.taker.settle,2025-12-14,-12.290000000000001
R1.C1.d0.03.s15.taker.settle,2025-12-15,2.36
R1.C1.d0.03.s15.taker.settle,2025-12-16,2.27
R1.C1.d0.03.s15.taker.settle,2025-12-17,9.54
R1.C1.d0.03.s15.taker.settle,2025-12-18,-1.6
R1.C1.d0.03.s15.taker.settle,2025-12-19,-10.35
R1.C1.d0.03.s15.taker.settle,2025-12-20,1.6799999999999997
R1.C1.d0.03.s15.taker.settle,2025-12-21,-10.47
R1.C1.d0.03.s15.taker.settle,2025-12-22,-1.7299999999999995
R1.C1.d0.03.s15.taker.settle,2025-12-23,12.17
R1.C1.d0.03.s15.taker.settle,2025-12-24,-6.37
R1.C1.d0.03.s15.taker.settle,2025-12-25,1.6
R1.C1.d0.03.s15.taker.settle,2025-12-26,-13.700000000000001
R1.C1.d0.03.s15.taker.settle,2025-12-27,-23.770000000000003
R1.C1.d0.03.s15.taker.settle,2025-12-28,-12.360000000000001
R1.C1.d0.03.s15.taker.settle,2025-12-29,3.8200000000000003
R1.C1.d0.03.s15.taker.settle,2025-12-30,-4.989999999999999
R1.C1.d0.03.s15.taker.settle,2025-12-31,6.78
R1.C1.d0.03.s15.taker.settle,2026-01-01,13.290000000000001
R1.C1.d0.03.s15.taker.settle,2026-01-02,0.5399999999999991
R1.C1.d0.03.s15.taker.settle,2026-01-03,-2.99
R1.C1.d0.03.s15.taker.settle,2026-01-04,-26.96
R1.C1.d0.03.s15.taker.settle,2026-01-08,3.34
R1.C1.d0.03.s15.taker.settle,2026-01-09,-3.05
R1.C1.d0.03.s15.taker.settle,2026-01-10,-6.7700000000000005
R1.C1.d0.03.s15.taker.settle,2026-01-11,1.4900000000000002
R1.C1.d0.03.s15.taker.settle,2026-01-12,-5.18
R1.C1.d0.03.s15.taker.settle,2026-01-17,-3.1100000000000003
R1.C1.d0.03.s15.taker.settle,2026-01-18,-0.69
R1.C1.d0.03.s15.maker.H60,2025-09-08,-8.09
R1.C1.d0.03.s15.maker.H60,2025-09-11,-10.93
R1.C1.d0.03.s15.maker.H60,2025-09-12,-10.61
R1.C1.d0.03.s15.maker.H60,2025-09-13,-72.01
R1.C1.d0.03.s15.maker.H60,2025-09-14,-67.32000000000001
R1.C1.d0.03.s15.maker.H60,2025-09-15,-10.89
R1.C1.d0.03.s15.maker.H60,2025-09-16,-0.87
R1.C1.d0.03.s15.maker.H60,2025-09-18,-7.29
R1.C1.d0.03.s15.maker.H60,2025-09-19,-17.7
R1.C1.d0.03.s15.maker.H60,2025-09-20,-97.64
R1.C1.d0.03.s15.maker.H60,2025-09-21,-92.16
R1.C1.d0.03.s15.maker.H60,2025-09-22,-10.11
R1.C1.d0.03.s15.maker.H60,2025-09-25,-7.3500000000000005
R1.C1.d0.03.s15.maker.H60,2025-09-26,-15.15
R1.C1.d0.03.s15.maker.H60,2025-09-27,-120.96
R1.C1.d0.03.s15.maker.H60,2025-09-28,-100.18
R1.C1.d0.03.s15.maker.H60,2025-09-29,-12.32
R1.C1.d0.03.s15.maker.H60,2025-10-02,-17.1
R1.C1.d0.03.s15.maker.H60,2025-10-03,-12.69
R1.C1.d0.03.s15.maker.H60,2025-10-04,-102.68
R1.C1.d0.03.s15.maker.H60,2025-10-05,-86.49
R1.C1.d0.03.s15.maker.H60,2025-10-06,-17.89
R1.C1.d0.03.s15.maker.H60,2025-10-08,-3.8
R1.C1.d0.03.s15.maker.H60,2025-10-09,-20.17
R1.C1.d0.03.s15.maker.H60,2025-10-10,-27.43
R1.C1.d0.03.s15.maker.H60,2025-10-11,-112.3
R1.C1.d0.03.s15.maker.H60,2025-10-12,-85.24
R1.C1.d0.03.s15.maker.H60,2025-10-13,-24.53
R1.C1.d0.03.s15.maker.H60,2025-10-14,-18.009999999999998
R1.C1.d0.03.s15.maker.H60,2025-10-15,-13.24
R1.C1.d0.03.s15.maker.H60,2025-10-16,-14.86
R1.C1.d0.03.s15.maker.H60,2025-10-17,-34.160000000000004
R1.C1.d0.03.s15.maker.H60,2025-10-18,-173.31
R1.C1.d0.03.s15.maker.H60,2025-10-19,-99.81
R1.C1.d0.03.s15.maker.H60,2025-10-20,-11.0
R1.C1.d0.03.s15.maker.H60,2025-10-21,-11.620000000000001
R1.C1.d0.03.s15.maker.H60,2025-10-22,-6.93
R1.C1.d0.03.s15.maker.H60,2025-10-23,-10.1
R1.C1.d0.03.s15.maker.H60,2025-10-24,-21.509999999999998
R1.C1.d0.03.s15.maker.H60,2025-10-25,-147.06
R1.C1.d0.03.s15.maker.H60,2025-10-26,-45.51
R1.C1.d0.03.s15.maker.H60,2025-10-27,-3.7800000000000002
R1.C1.d0.03.s15.maker.H60,2025-10-28,-3.2399999999999998
R1.C1.d0.03.s15.maker.H60,2025-10-29,-12.08
R1.C1.d0.03.s15.maker.H60,2025-10-30,-6.51
R1.C1.d0.03.s15.maker.H60,2025-10-31,-6.9799999999999995
R1.C1.d0.03.s15.maker.H60,2025-11-01,-165.47
R1.C1.d0.03.s15.maker.H60,2025-11-02,-101.32000000000001
R1.C1.d0.03.s15.maker.H60,2025-11-03,-10.96
R1.C1.d0.03.s15.maker.H60,2025-11-04,-2.27
R1.C1.d0.03.s15.maker.H60,2025-11-05,-5.35
R1.C1.d0.03.s15.maker.H60,2025-11-06,-13.58
R1.C1.d0.03.s15.maker.H60,2025-11-07,-14.06
R1.C1.d0.03.s15.maker.H60,2025-11-08,-123.99
R1.C1.d0.03.s15.maker.H60,2025-11-09,-62.29
R1.C1.d0.03.s15.maker.H60,2025-11-10,-12.48
R1.C1.d0.03.s15.maker.H60,2025-11-11,-16.7
R1.C1.d0.03.s15.maker.H60,2025-11-12,-13.61
R1.C1.d0.03.s15.maker.H60,2025-11-13,-1.9800000000000002
R1.C1.d0.03.s15.maker.H60,2025-11-14,-2.8099999999999996
R1.C1.d0.03.s15.maker.H60,2025-11-15,-142.79
R1.C1.d0.03.s15.maker.H60,2025-11-16,-116.23
R1.C1.d0.03.s15.maker.H60,2025-11-17,-6.59
R1.C1.d0.03.s15.maker.H60,2025-11-18,-7.52
R1.C1.d0.03.s15.maker.H60,2025-11-19,-3.28
R1.C1.d0.03.s15.maker.H60,2025-11-20,-25.3
R1.C1.d0.03.s15.maker.H60,2025-11-21,-2.0900000000000003
R1.C1.d0.03.s15.maker.H60,2025-11-22,-168.51
R1.C1.d0.03.s15.maker.H60,2025-11-23,-99.62
R1.C1.d0.03.s15.maker.H60,2025-11-24,-3.37
R1.C1.d0.03.s15.maker.H60,2025-11-25,-3.55
R1.C1.d0.03.s15.maker.H60,2025-11-27,-34.97
R1.C1.d0.03.s15.maker.H60,2025-11-28,-49.1
R1.C1.d0.03.s15.maker.H60,2025-11-29,-118.16
R1.C1.d0.03.s15.maker.H60,2025-11-30,-58.15
R1.C1.d0.03.s15.maker.H60,2025-12-01,-0.27
R1.C1.d0.03.s15.maker.H60,2025-12-04,-9.94
R1.C1.d0.03.s15.maker.H60,2025-12-05,-8.18
R1.C1.d0.03.s15.maker.H60,2025-12-06,-37.160000000000004
R1.C1.d0.03.s15.maker.H60,2025-12-07,-68.03
R1.C1.d0.03.s15.maker.H60,2025-12-11,-11.309999999999999
R1.C1.d0.03.s15.maker.H60,2025-12-13,-10.75
R1.C1.d0.03.s15.maker.H60,2025-12-14,-91.6
R1.C1.d0.03.s15.maker.H60,2025-12-15,-3.12
R1.C1.d0.03.s15.maker.H60,2025-12-16,-10.05
R1.C1.d0.03.s15.maker.H60,2025-12-17,-22.17
R1.C1.d0.03.s15.maker.H60,2025-12-18,-23.08
R1.C1.d0.03.s15.maker.H60,2025-12-19,-13.64
R1.C1.d0.03.s15.maker.H60,2025-12-20,-33.05
R1.C1.d0.03.s15.maker.H60,2025-12-21,-73.67
R1.C1.d0.03.s15.maker.H60,2025-12-22,-9.200000000000001
R1.C1.d0.03.s15.maker.H60,2025-12-23,-16.95
R1.C1.d0.03.s15.maker.H60,2025-12-24,-9.37
R1.C1.d0.03.s15.maker.H60,2025-12-25,-6.140000000000001
R1.C1.d0.03.s15.maker.H60,2025-12-26,-9.63
R1.C1.d0.03.s15.maker.H60,2025-12-27,-81.69
R1.C1.d0.03.s15.maker.H60,2025-12-28,-96.94
R1.C1.d0.03.s15.maker.H60,2025-12-29,-7.090000000000001
R1.C1.d0.03.s15.maker.H60,2025-12-30,-37.37
R1.C1.d0.03.s15.maker.H60,2025-12-31,-60.7
R1.C1.d0.03.s15.maker.H60,2026-01-01,-20.03
R1.C1.d0.03.s15.maker.H60,2026-01-02,-15.120000000000001
R1.C1.d0.03.s15.maker.H60,2026-01-03,-19.63
R1.C1.d0.03.s15.maker.H60,2026-01-04,-94.18
R1.C1.d0.03.s15.maker.H60,2026-01-08,-24.63
R1.C1.d0.03.s15.maker.H60,2026-01-09,-2.95
R1.C1.d0.03.s15.maker.H60,2026-01-10,-18.91
R1.C1.d0.03.s15.maker.H60,2026-01-11,-40.0
R1.C1.d0.03.s15.maker.H60,2026-01-12,-11.620000000000001
R1.C1.d0.03.s15.maker.H60,2026-01-17,-31.2
R1.C1.d0.03.s15.maker.H60,2026-01-18,-39.21
R1.C1.d0.03.s15.maker.H300,2025-09-08,-8.39
R1.C1.d0.03.s15.maker.H300,2025-09-11,-4.890000000000001
R1.C1.d0.03.s15.maker.H300,2025-09-12,-4.21
R1.C1.d0.03.s15.maker.H300,2025-09-13,-46.53
R1.C1.d0.03.s15.maker.H300,2025-09-14,-34.77
R1.C1.d0.03.s15.maker.H300,2025-09-15,-4.62
R1.C1.d0.03.s15.maker.H300,2025-09-16,-0.47000000000000003
R1.C1.d0.03.s15.maker.H300,2025-09-18,-7.2
R1.C1.d0.03.s15.maker.H300,2025-09-19,-10.58
R1.C1.d0.03.s15.maker.H300,2025-09-20,-67.4
R1.C1.d0.03.s15.maker.H300,2025-09-21,-91.97
R1.C1.d0.03.s15.maker.H300,2025-09-22,-9.879999999999999
R1.C1.d0.03.s15.maker.H300,2025-09-25,-5.79
R1.C1.d0.03.s15.maker.H300,2025-09-26,-3.63
R1.C1.d0.03.s15.maker.H300,2025-09-27,-84.24
R1.C1.d0.03.s15.maker.H300,2025-09-28,-81.07000000000001
R1.C1.d0.03.s15.maker.H300,2025-09-29,-13.59
R1.C1.d0.03.s15.maker.H300,2025-10-02,-8.44
R1.C1.d0.03.s15.maker.H300,2025-10-03,-11.99
R1.C1.d0.03.s15.maker.H300,2025-10-04,-76.27
R1.C1.d0.03.s15.maker.H300,2025-10-05,-48.0
R1.C1.d0.03.s15.maker.H300,2025-10-06,-2.3599999999999994
R1.C1.d0.03.s15.maker.H300,2025-10-08,-5.33
R1.C1.d0.03.s15.maker.H300,2025-10-09,-6.14
R1.C1.d0.03.s15.maker.H300,2025-10-10,-18.189999999999998
R1.C1.d0.03.s15.maker.H300,2025-10-11,-69.27
R1.C1.d0.03.s15.maker.H300,2025-10-12,-64.84
R1.C1.d0.03.s15.maker.H300,2025-10-13,-17.61
R1.C1.d0.03.s15.maker.H300,2025-10-14,-15.97
R1.C1.d0.03.s15.maker.H300,2025-10-15,-5.4399999999999995
R1.C1.d0.03.s15.maker.H300,2025-10-16,-1.7800000000000002
R1.C1.d0.03.s15.maker.H300,2025-10-17,-16.6
R1.C1.d0.03.s15.maker.H300,2025-10-18,-138.35
R1.C1.d0.03.s15.maker.H300,2025-10-19,-44.230000000000004
R1.C1.d0.03.s15.maker.H300,2025-10-20,-9.62
R1.C1.d0.03.s15.maker.H300,2025-10-21,-20.78
R1.C1.d0.03.s15.maker.H300,2025-10-22,-4.42
R1.C1.d0.03.s15.maker.H300,2025-10-23,-7.0
R1.C1.d0.03.s15.maker.H300,2025-10-24,-2.25
R1.C1.d0.03.s15.maker.H300,2025-10-25,-105.32000000000001
R1.C1.d0.03.s15.maker.H300,2025-10-26,-30.49
R1.C1.d0.03.s15.maker.H300,2025-10-27,-0.33999999999999997
R1.C1.d0.03.s15.maker.H300,2025-10-28,-6.71
R1.C1.d0.03.s15.maker.H300,2025-10-29,-11.54
R1.C1.d0.03.s15.maker.H300,2025-10-30,-2.26
R1.C1.d0.03.s15.maker.H300,2025-10-31,-2.34
R1.C1.d0.03.s15.maker.H300,2025-11-01,-100.37
R1.C1.d0.03.s15.maker.H300,2025-11-02,-45.66
R1.C1.d0.03.s15.maker.H300,2025-11-03,-9.39
R1.C1.d0.03.s15.maker.H300,2025-11-04,0.39
R1.C1.d0.03.s15.maker.H300,2025-11-05,-7.23
R1.C1.d0.03.s15.maker.H300,2025-11-06,-13.44
R1.C1.d0.03.s15.maker.H300,2025-11-07,-8.89
R1.C1.d0.03.s15.maker.H300,2025-11-08,-91.81
R1.C1.d0.03.s15.maker.H300,2025-11-09,-28.95
R1.C1.d0.03.s15.maker.H300,2025-11-10,-1.3900000000000003
R1.C1.d0.03.s15.maker.H300,2025-11-11,-13.87
R1.C1.d0.03.s15.maker.H300,2025-11-12,-10.78
R1.C1.d0.03.s15.maker.H300,2025-11-13,-1.1
R1.C1.d0.03.s15.maker.H300,2025-11-14,0.3600000000000004
R1.C1.d0.03.s15.maker.H300,2025-11-15,-91.76
R1.C1.d0.03.s15.maker.H300,2025-11-16,-89.75
R1.C1.d0.03.s15.maker.H300,2025-11-17,-3.3899999999999997
R1.C1.d0.03.s15.maker.H300,2025-11-18,-0.8600000000000001
R1.C1.d0.03.s15.maker.H300,2025-11-19,1.1099999999999999
R1.C1.d0.03.s15.maker.H300,2025-11-20,-24.6
R1.C1.d0.03.s15.maker.H300,2025-11-21,-3.1799999999999997
R1.C1.d0.03.s15.maker.H300,2025-11-22,-102.87
R1.C1.d0.03.s15.maker.H300,2025-11-23,-51.910000000000004
R1.C1.d0.03.s15.maker.H300,2025-11-24,-3.0100000000000002
R1.C1.d0.03.s15.maker.H300,2025-11-25,-3.26
R1.C1.d0.03.s15.maker.H300,2025-11-27,-23.16
R1.C1.d0.03.s15.maker.H300,2025-11-28,-32.47
R1.C1.d0.03.s15.maker.H300,2025-11-29,-93.85
R1.C1.d0.03.s15.maker.H300,2025-11-30,-39.92
R1.C1.d0.03.s15.maker.H300,2025-12-01,0.47
R1.C1.d0.03.s15.maker.H300,2025-12-04,-7.63
R1.C1.d0.03.s15.maker.H300,2025-12-05,-15.14
R1.C1.d0.03.s15.maker.H300,2025-12-06,-8.91
R1.C1.d0.03.s15.maker.H300,2025-12-07,-42.94
R1.C1.d0.03.s15.maker.H300,2025-12-11,-1.6800000000000002
R1.C1.d0.03.s15.maker.H300,2025-12-13,-9.38
R1.C1.d0.03.s15.maker.H300,2025-12-14,-32.33
R1.C1.d0.03.s15.maker.H300,2025-12-15,-2.39
R1.C1.d0.03.s15.maker.H300,2025-12-16,-8.17
R1.C1.d0.03.s15.maker.H300,2025-12-17,-15.91
R1.C1.d0.03.s15.maker.H300,2025-12-18,-9.29
R1.C1.d0.03.s15.maker.H300,2025-12-19,-2.6399999999999997
R1.C1.d0.03.s15.maker.H300,2025-12-20,-21.64
R1.C1.d0.03.s15.maker.H300,2025-12-21,-41.19
R1.C1.d0.03.s15.maker.H300,2025-12-22,-3.4400000000000004
R1.C1.d0.03.s15.maker.H300,2025-12-23,-14.19
R1.C1.d0.03.s15.maker.H300,2025-12-24,-1.9699999999999998
R1.C1.d0.03.s15.maker.H300,2025-12-25,-5.0
R1.C1.d0.03.s15.maker.H300,2025-12-26,-13.29
R1.C1.d0.03.s15.maker.H300,2025-12-27,-42.74
R1.C1.d0.03.s15.maker.H300,2025-12-28,-47.629999999999995
R1.C1.d0.03.s15.maker.H300,2025-12-29,-13.450000000000001
R1.C1.d0.03.s15.maker.H300,2025-12-30,-14.22
R1.C1.d0.03.s15.maker.H300,2025-12-31,-31.169999999999998
R1.C1.d0.03.s15.maker.H300,2026-01-01,-8.09
R1.C1.d0.03.s15.maker.H300,2026-01-02,-10.09
R1.C1.d0.03.s15.maker.H300,2026-01-03,-10.129999999999999
R1.C1.d0.03.s15.maker.H300,2026-01-04,-38.33
R1.C1.d0.03.s15.maker.H300,2026-01-08,-10.44
R1.C1.d0.03.s15.maker.H300,2026-01-09,-2.05
R1.C1.d0.03.s15.maker.H300,2026-01-10,-10.98
R1.C1.d0.03.s15.maker.H300,2026-01-11,-17.05
R1.C1.d0.03.s15.maker.H300,2026-01-12,-10.69
R1.C1.d0.03.s15.maker.H300,2026-01-17,-14.17
R1.C1.d0.03.s15.maker.H300,2026-01-18,-21.97
R1.C1.d0.03.s15.maker.settle,2025-09-08,-7.64
R1.C1.d0.03.s15.maker.settle,2025-09-11,-1.3899999999999997
R1.C1.d0.03.s15.maker.settle,2025-09-12,13.46
R1.C1.d0.03.s15.maker.settle,2025-09-13,25.939999999999998
R1.C1.d0.03.s15.maker.settle,2025-09-14,-9.399999999999999
R1.C1.d0.03.s15.maker.settle,2025-09-15,1.0999999999999996
R1.C1.d0.03.s15.maker.settle,2025-09-18,5.2299999999999995
R1.C1.d0.03.s15.maker.settle,2025-09-19,12.21
R1.C1.d0.03.s15.maker.settle,2025-09-20,-2.1900000000000013
R1.C1.d0.03.s15.maker.settle,2025-09-21,-8.690000000000001
R1.C1.d0.03.s15.maker.settle,2025-09-22,7.06
R1.C1.d0.03.s15.maker.settle,2025-09-25,-7.279999999999999
R1.C1.d0.03.s15.maker.settle,2025-09-26,-6.54
R1.C1.d0.03.s15.maker.settle,2025-09-27,3.609999999999999
R1.C1.d0.03.s15.maker.settle,2025-09-28,-14.61
R1.C1.d0.03.s15.maker.settle,2025-09-29,7.01
R1.C1.d0.03.s15.maker.settle,2025-10-02,-6.05
R1.C1.d0.03.s15.maker.settle,2025-10-03,-1.33
R1.C1.d0.03.s15.maker.settle,2025-10-04,23.06
R1.C1.d0.03.s15.maker.settle,2025-10-05,-11.379999999999999
R1.C1.d0.03.s15.maker.settle,2025-10-06,6.76
R1.C1.d0.03.s15.maker.settle,2025-10-08,2.82
R1.C1.d0.03.s15.maker.settle,2025-10-09,3.110000000000001
R1.C1.d0.03.s15.maker.settle,2025-10-10,13.85
R1.C1.d0.03.s15.maker.settle,2025-10-11,36.3
R1.C1.d0.03.s15.maker.settle,2025-10-12,-1.0299999999999994
R1.C1.d0.03.s15.maker.settle,2025-10-13,0.09999999999999964
R1.C1.d0.03.s15.maker.settle,2025-10-14,10.58
R1.C1.d0.03.s15.maker.settle,2025-10-15,-2.0999999999999996
R1.C1.d0.03.s15.maker.settle,2025-10-16,6.24
R1.C1.d0.03.s15.maker.settle,2025-10-17,5.92
R1.C1.d0.03.s15.maker.settle,2025-10-18,17.029999999999994
R1.C1.d0.03.s15.maker.settle,2025-10-19,8.11
R1.C1.d0.03.s15.maker.settle,2025-10-20,-3.56
R1.C1.d0.03.s15.maker.settle,2025-10-21,6.14
R1.C1.d0.03.s15.maker.settle,2025-10-22,-4.88
R1.C1.d0.03.s15.maker.settle,2025-10-23,2.75
R1.C1.d0.03.s15.maker.settle,2025-10-24,-0.5700000000000002
R1.C1.d0.03.s15.maker.settle,2025-10-25,-34.94
R1.C1.d0.03.s15.maker.settle,2025-10-26,-19.7
R1.C1.d0.03.s15.maker.settle,2025-10-27,2.07
R1.C1.d0.03.s15.maker.settle,2025-10-28,-3.26
R1.C1.d0.03.s15.maker.settle,2025-10-29,-0.28000000000000025
R1.C1.d0.03.s15.maker.settle,2025-10-30,-5.119999999999999
R1.C1.d0.03.s15.maker.settle,2025-10-31,4.53
R1.C1.d0.03.s15.maker.settle,2025-11-01,-32.26
R1.C1.d0.03.s15.maker.settle,2025-11-02,13.719999999999999
R1.C1.d0.03.s15.maker.settle,2025-11-03,5.15
R1.C1.d0.03.s15.maker.settle,2025-11-04,3.85
R1.C1.d0.03.s15.maker.settle,2025-11-05,4.64
R1.C1.d0.03.s15.maker.settle,2025-11-06,1.2899999999999998
R1.C1.d0.03.s15.maker.settle,2025-11-07,-4.029999999999999
R1.C1.d0.03.s15.maker.settle,2025-11-08,27.419999999999998
R1.C1.d0.03.s15.maker.settle,2025-11-09,-11.14
R1.C1.d0.03.s15.maker.settle,2025-11-10,3.46
R1.C1.d0.03.s15.maker.settle,2025-11-11,1.71
R1.C1.d0.03.s15.maker.settle,2025-11-12,-1.81
R1.C1.d0.03.s15.maker.settle,2025-11-13,2.26
R1.C1.d0.03.s15.maker.settle,2025-11-14,-5.25
R1.C1.d0.03.s15.maker.settle,2025-11-15,20.5
R1.C1.d0.03.s15.maker.settle,2025-11-16,-24.08
R1.C1.d0.03.s15.maker.settle,2025-11-17,3.55
R1.C1.d0.03.s15.maker.settle,2025-11-18,-11.72
R1.C1.d0.03.s15.maker.settle,2025-11-19,-3.88
R1.C1.d0.03.s15.maker.settle,2025-11-20,13.82
R1.C1.d0.03.s15.maker.settle,2025-11-21,-5.65
R1.C1.d0.03.s15.maker.settle,2025-11-22,-13.64
R1.C1.d0.03.s15.maker.settle,2025-11-23,3.6400000000000006
R1.C1.d0.03.s15.maker.settle,2025-11-24,-2.64
R1.C1.d0.03.s15.maker.settle,2025-11-25,-2.55
R1.C1.d0.03.s15.maker.settle,2025-11-27,-28.66
R1.C1.d0.03.s15.maker.settle,2025-11-28,-5.290000000000001
R1.C1.d0.03.s15.maker.settle,2025-11-29,23.28
R1.C1.d0.03.s15.maker.settle,2025-11-30,-6.13
R1.C1.d0.03.s15.maker.settle,2025-12-01,-1.22
R1.C1.d0.03.s15.maker.settle,2025-12-04,-4.35
R1.C1.d0.03.s15.maker.settle,2025-12-05,-0.0600000000000005
R1.C1.d0.03.s15.maker.settle,2025-12-06,16.38
R1.C1.d0.03.s15.maker.settle,2025-12-07,-3.089999999999998
R1.C1.d0.03.s15.maker.settle,2025-12-11,-7.44
R1.C1.d0.03.s15.maker.settle,2025-12-13,-0.77
R1.C1.d0.03.s15.maker.settle,2025-12-14,-21.87
R1.C1.d0.03.s15.maker.settle,2025-12-15,2.56
R1.C1.d0.03.s15.maker.settle,2025-12-16,2.46
R1.C1.d0.03.s15.maker.settle,2025-12-17,10.1
R1.C1.d0.03.s15.maker.settle,2025-12-18,-1.4900000000000002
R1.C1.d0.03.s15.maker.settle,2025-12-19,-2.9899999999999998
R1.C1.d0.03.s15.maker.settle,2025-12-20,1.6300000000000003
R1.C1.d0.03.s15.maker.settle,2025-12-21,5.399999999999999
R1.C1.d0.03.s15.maker.settle,2025-12-22,-1.1899999999999995
R1.C1.d0.03.s15.maker.settle,2025-12-23,12.870000000000001
R1.C1.d0.03.s15.maker.settle,2025-12-24,-6.94
R1.C1.d0.03.s15.maker.settle,2025-12-25,1.77
R1.C1.d0.03.s15.maker.settle,2025-12-26,-14.24
R1.C1.d0.03.s15.maker.settle,2025-12-27,-6.480000000000001
R1.C1.d0.03.s15.maker.settle,2025-12-28,-7.210000000000001
R1.C1.d0.03.s15.maker.settle,2025-12-29,7.92
R1.C1.d0.03.s15.maker.settle,2025-12-30,-4.33
R1.C1.d0.03.s15.maker.settle,2025-12-31,6.86
R1.C1.d0.03.s15.maker.settle,2026-01-01,13.959999999999999
R1.C1.d0.03.s15.maker.settle,2026-01-02,1.35
R1.C1.d0.03.s15.maker.settle,2026-01-03,-2.58
R1.C1.d0.03.s15.maker.settle,2026-01-04,-24.35
R1.C1.d0.03.s15.maker.settle,2026-01-08,3.55
R1.C1.d0.03.s15.maker.settle,2026-01-09,-2.84
R1.C1.d0.03.s15.maker.settle,2026-01-10,-6.470000000000001
R1.C1.d0.03.s15.maker.settle,2026-01-11,2.3500000000000005
R1.C1.d0.03.s15.maker.settle,2026-01-12,-5.05
R1.C1.d0.03.s15.maker.settle,2026-01-17,-2.69
R1.C1.d0.03.s15.maker.settle,2026-01-18,-0.28000000000000025
R1.C1.d0.05.s5.taker.H60,2025-09-08,-10.46
R1.C1.d0.05.s5.taker.H60,2025-09-11,-8.42
R1.C1.d0.05.s5.taker.H60,2025-09-12,-12.46
R1.C1.d0.05.s5.taker.H60,2025-09-13,-89.29
R1.C1.d0.05.s5.taker.H60,2025-09-14,-86.44
R1.C1.d0.05.s5.taker.H60,2025-09-15,-18.69
R1.C1.d0.05.s5.taker.H60,2025-09-18,-6.13
R1.C1.d0.05.s5.taker.H60,2025-09-19,-26.41
R1.C1.d0.05.s5.taker.H60,2025-09-20,-138.74
R1.C1.d0.05.s5.taker.H60,2025-09-21,-108.51
R1.C1.d0.05.s5.taker.H60,2025-09-22,-6.93
R1.C1.d0.05.s5.taker.H60,2025-09-25,-13.22
R1.C1.d0.05.s5.taker.H60,2025-09-26,-17.46
R1.C1.d0.05.s5.taker.H60,2025-09-27,-171.95
R1.C1.d0.05.s5.taker.H60,2025-09-28,-94.7
R1.C1.d0.05.s5.taker.H60,2025-09-29,-6.69
R1.C1.d0.05.s5.taker.H60,2025-10-02,-14.76
R1.C1.d0.05.s5.taker.H60,2025-10-03,-23.71
R1.C1.d0.05.s5.taker.H60,2025-10-04,-169.45
R1.C1.d0.05.s5.taker.H60,2025-10-05,-101.21
R1.C1.d0.05.s5.taker.H60,2025-10-06,-7.66
R1.C1.d0.05.s5.taker.H60,2025-10-08,-11.53
R1.C1.d0.05.s5.taker.H60,2025-10-09,-31.470000000000002
R1.C1.d0.05.s5.taker.H60,2025-10-10,-29.720000000000002
R1.C1.d0.05.s5.taker.H60,2025-10-11,-184.18
R1.C1.d0.05.s5.taker.H60,2025-10-12,-82.23
R1.C1.d0.05.s5.taker.H60,2025-10-13,-22.39
R1.C1.d0.05.s5.taker.H60,2025-10-14,-25.59
R1.C1.d0.05.s5.taker.H60,2025-10-15,-17.46
R1.C1.d0.05.s5.taker.H60,2025-10-16,-13.84
R1.C1.d0.05.s5.taker.H60,2025-10-17,-42.870000000000005
R1.C1.d0.05.s5.taker.H60,2025-10-18,-207.57
R1.C1.d0.05.s5.taker.H60,2025-10-19,-96.13
R1.C1.d0.05.s5.taker.H60,2025-10-20,-4.8100000000000005
R1.C1.d0.05.s5.taker.H60,2025-10-21,-14.780000000000001
R1.C1.d0.05.s5.taker.H60,2025-10-22,-11.790000000000001
R1.C1.d0.05.s5.taker.H60,2025-10-23,-17.08
R1.C1.d0.05.s5.taker.H60,2025-10-24,-22.68
R1.C1.d0.05.s5.taker.H60,2025-10-25,-173.3
R1.C1.d0.05.s5.taker.H60,2025-10-26,-40.59
R1.C1.d0.05.s5.taker.H60,2025-10-27,-3.88
R1.C1.d0.05.s5.taker.H60,2025-10-28,-5.83
R1.C1.d0.05.s5.taker.H60,2025-10-29,-16.240000000000002
R1.C1.d0.05.s5.taker.H60,2025-10-30,-11.2
R1.C1.d0.05.s5.taker.H60,2025-10-31,-5.15
R1.C1.d0.05.s5.taker.H60,2025-11-01,-215.36
R1.C1.d0.05.s5.taker.H60,2025-11-02,-90.45
R1.C1.d0.05.s5.taker.H60,2025-11-03,-6.29
R1.C1.d0.05.s5.taker.H60,2025-11-04,-8.030000000000001
R1.C1.d0.05.s5.taker.H60,2025-11-05,-9.27
R1.C1.d0.05.s5.taker.H60,2025-11-06,-15.76
R1.C1.d0.05.s5.taker.H60,2025-11-07,-12.64
R1.C1.d0.05.s5.taker.H60,2025-11-08,-162.5
R1.C1.d0.05.s5.taker.H60,2025-11-09,-56.5
R1.C1.d0.05.s5.taker.H60,2025-11-10,-10.1
R1.C1.d0.05.s5.taker.H60,2025-11-11,-19.93
R1.C1.d0.05.s5.taker.H60,2025-11-12,-15.44
R1.C1.d0.05.s5.taker.H60,2025-11-13,-1.49
R1.C1.d0.05.s5.taker.H60,2025-11-14,-15.12
R1.C1.d0.05.s5.taker.H60,2025-11-15,-185.72
R1.C1.d0.05.s5.taker.H60,2025-11-16,-117.71
R1.C1.d0.05.s5.taker.H60,2025-11-17,-0.8200000000000001
R1.C1.d0.05.s5.taker.H60,2025-11-18,-11.97
R1.C1.d0.05.s5.taker.H60,2025-11-19,-3.3000000000000003
R1.C1.d0.05.s5.taker.H60,2025-11-20,-27.810000000000002
R1.C1.d0.05.s5.taker.H60,2025-11-21,-2.83
R1.C1.d0.05.s5.taker.H60,2025-11-22,-186.35
R1.C1.d0.05.s5.taker.H60,2025-11-23,-99.47
R1.C1.d0.05.s5.taker.H60,2025-11-24,-3.47
R1.C1.d0.05.s5.taker.H60,2025-11-25,-5.95
R1.C1.d0.05.s5.taker.H60,2025-11-27,-43.01
R1.C1.d0.05.s5.taker.H60,2025-11-28,-65.12
R1.C1.d0.05.s5.taker.H60,2025-11-29,-154.6
R1.C1.d0.05.s5.taker.H60,2025-11-30,-63.43
R1.C1.d0.05.s5.taker.H60,2025-12-01,-0.23
R1.C1.d0.05.s5.taker.H60,2025-12-04,-6.73
R1.C1.d0.05.s5.taker.H60,2025-12-05,-9.11
R1.C1.d0.05.s5.taker.H60,2025-12-06,-24.62
R1.C1.d0.05.s5.taker.H60,2025-12-07,-75.9
R1.C1.d0.05.s5.taker.H60,2025-12-11,-15.16
R1.C1.d0.05.s5.taker.H60,2025-12-13,-13.88
R1.C1.d0.05.s5.taker.H60,2025-12-14,-93.93
R1.C1.d0.05.s5.taker.H60,2025-12-15,-5.72
R1.C1.d0.05.s5.taker.H60,2025-12-16,-15.75
R1.C1.d0.05.s5.taker.H60,2025-12-17,-22.71
R1.C1.d0.05.s5.taker.H60,2025-12-18,-14.610000000000001
R1.C1.d0.05.s5.taker.H60,2025-12-19,-9.62
R1.C1.d0.05.s5.taker.H60,2025-12-20,-28.3
R1.C1.d0.05.s5.taker.H60,2025-12-21,-88.67
R1.C1.d0.05.s5.taker.H60,2025-12-22,-6.38
R1.C1.d0.05.s5.taker.H60,2025-12-23,-16.29
R1.C1.d0.05.s5.taker.H60,2025-12-24,-10.06
R1.C1.d0.05.s5.taker.H60,2025-12-25,-1.74
R1.C1.d0.05.s5.taker.H60,2025-12-26,-7.95
R1.C1.d0.05.s5.taker.H60,2025-12-27,-59.14
R1.C1.d0.05.s5.taker.H60,2025-12-28,-99.07
R1.C1.d0.05.s5.taker.H60,2025-12-29,-12.120000000000001
R1.C1.d0.05.s5.taker.H60,2025-12-30,-37.730000000000004
R1.C1.d0.05.s5.taker.H60,2025-12-31,-74.59
R1.C1.d0.05.s5.taker.H60,2026-01-01,-20.55
R1.C1.d0.05.s5.taker.H60,2026-01-02,-14.31
R1.C1.d0.05.s5.taker.H60,2026-01-03,-11.32
R1.C1.d0.05.s5.taker.H60,2026-01-04,-84.21000000000001
R1.C1.d0.05.s5.taker.H60,2026-01-08,-22.91
R1.C1.d0.05.s5.taker.H60,2026-01-09,-2.86
R1.C1.d0.05.s5.taker.H60,2026-01-10,-23.86
R1.C1.d0.05.s5.taker.H60,2026-01-11,-40.26
R1.C1.d0.05.s5.taker.H60,2026-01-12,-10.98
R1.C1.d0.05.s5.taker.H60,2026-01-17,-34.22
R1.C1.d0.05.s5.taker.H60,2026-01-18,-24.810000000000002
R1.C1.d0.05.s5.taker.H300,2025-09-08,-2.04
R1.C1.d0.05.s5.taker.H300,2025-09-11,-3.81
R1.C1.d0.05.s5.taker.H300,2025-09-12,-8.35
R1.C1.d0.05.s5.taker.H300,2025-09-13,-57.62
R1.C1.d0.05.s5.taker.H300,2025-09-14,-58.98
R1.C1.d0.05.s5.taker.H300,2025-09-15,-13.1
R1.C1.d0.05.s5.taker.H300,2025-09-18,-7.65
R1.C1.d0.05.s5.taker.H300,2025-09-19,-21.84
R1.C1.d0.05.s5.taker.H300,2025-09-20,-102.0
R1.C1.d0.05.s5.taker.H300,2025-09-21,-65.63
R1.C1.d0.05.s5.taker.H300,2025-09-22,-8.33
R1.C1.d0.05.s5.taker.H300,2025-09-25,-3.92
R1.C1.d0.05.s5.taker.H300,2025-09-26,-11.32
R1.C1.d0.05.s5.taker.H300,2025-09-27,-151.7
R1.C1.d0.05.s5.taker.H300,2025-09-28,-80.02
R1.C1.d0.05.s5.taker.H300,2025-09-29,-8.809999999999999
R1.C1.d0.05.s5.taker.H300,2025-10-02,-14.11
R1.C1.d0.05.s5.taker.H300,2025-10-03,-19.72
R1.C1.d0.05.s5.taker.H300,2025-10-04,-98.7
R1.C1.d0.05.s5.taker.H300,2025-10-05,-49.25
R1.C1.d0.05.s5.taker.H300,2025-10-06,-5.57
R1.C1.d0.05.s5.taker.H300,2025-10-08,-12.41
R1.C1.d0.05.s5.taker.H300,2025-10-09,-8.07
R1.C1.d0.05.s5.taker.H300,2025-10-10,-14.82
R1.C1.d0.05.s5.taker.H300,2025-10-11,-101.15
R1.C1.d0.05.s5.taker.H300,2025-10-12,-48.51
R1.C1.d0.05.s5.taker.H300,2025-10-13,-13.57
R1.C1.d0.05.s5.taker.H300,2025-10-14,-8.72
R1.C1.d0.05.s5.taker.H300,2025-10-15,-9.52
R1.C1.d0.05.s5.taker.H300,2025-10-16,-1.6999999999999997
R1.C1.d0.05.s5.taker.H300,2025-10-17,-34.35
R1.C1.d0.05.s5.taker.H300,2025-10-18,-157.65
R1.C1.d0.05.s5.taker.H300,2025-10-19,-54.04
R1.C1.d0.05.s5.taker.H300,2025-10-20,-5.03
R1.C1.d0.05.s5.taker.H300,2025-10-21,-12.34
R1.C1.d0.05.s5.taker.H300,2025-10-22,-5.65
R1.C1.d0.05.s5.taker.H300,2025-10-23,-11.61
R1.C1.d0.05.s5.taker.H300,2025-10-24,-12.88
R1.C1.d0.05.s5.taker.H300,2025-10-25,-193.36
R1.C1.d0.05.s5.taker.H300,2025-10-26,-32.160000000000004
R1.C1.d0.05.s5.taker.H300,2025-10-27,-1.36
R1.C1.d0.05.s5.taker.H300,2025-10-28,-2.34
R1.C1.d0.05.s5.taker.H300,2025-10-29,-16.25
R1.C1.d0.05.s5.taker.H300,2025-10-30,-6.11
R1.C1.d0.05.s5.taker.H300,2025-10-31,-2.06
R1.C1.d0.05.s5.taker.H300,2025-11-01,-159.7
R1.C1.d0.05.s5.taker.H300,2025-11-02,-43.93
R1.C1.d0.05.s5.taker.H300,2025-11-03,-4.71
R1.C1.d0.05.s5.taker.H300,2025-11-04,-4.890000000000001
R1.C1.d0.05.s5.taker.H300,2025-11-05,-9.77
R1.C1.d0.05.s5.taker.H300,2025-11-06,-14.799999999999999
R1.C1.d0.05.s5.taker.H300,2025-11-07,-6.28
R1.C1.d0.05.s5.taker.H300,2025-11-08,-133.46
R1.C1.d0.05.s5.taker.H300,2025-11-09,-40.9
R1.C1.d0.05.s5.taker.H300,2025-11-10,-2.37
R1.C1.d0.05.s5.taker.H300,2025-11-11,-13.5
R1.C1.d0.05.s5.taker.H300,2025-11-12,-10.89
R1.C1.d0.05.s5.taker.H300,2025-11-13,-1.55
R1.C1.d0.05.s5.taker.H300,2025-11-14,-19.16
R1.C1.d0.05.s5.taker.H300,2025-11-15,-125.34
R1.C1.d0.05.s5.taker.H300,2025-11-16,-78.37
R1.C1.d0.05.s5.taker.H300,2025-11-17,-1.2
R1.C1.d0.05.s5.taker.H300,2025-11-18,-17.86
R1.C1.d0.05.s5.taker.H300,2025-11-19,-1.7200000000000002
R1.C1.d0.05.s5.taker.H300,2025-11-20,-25.15
R1.C1.d0.05.s5.taker.H300,2025-11-21,-1.4500000000000002
R1.C1.d0.05.s5.taker.H300,2025-11-22,-116.2
R1.C1.d0.05.s5.taker.H300,2025-11-23,-58.12
R1.C1.d0.05.s5.taker.H300,2025-11-24,-4.16
R1.C1.d0.05.s5.taker.H300,2025-11-25,-4.53
R1.C1.d0.05.s5.taker.H300,2025-11-27,-25.75
R1.C1.d0.05.s5.taker.H300,2025-11-28,-46.46
R1.C1.d0.05.s5.taker.H300,2025-11-29,-104.06
R1.C1.d0.05.s5.taker.H300,2025-11-30,-22.490000000000002
R1.C1.d0.05.s5.taker.H300,2025-12-01,-4.4
R1.C1.d0.05.s5.taker.H300,2025-12-04,-5.68
R1.C1.d0.05.s5.taker.H300,2025-12-05,-10.59
R1.C1.d0.05.s5.taker.H300,2025-12-06,-18.34
R1.C1.d0.05.s5.taker.H300,2025-12-07,-62.550000000000004
R1.C1.d0.05.s5.taker.H300,2025-12-11,-5.55
R1.C1.d0.05.s5.taker.H300,2025-12-13,-11.4
R1.C1.d0.05.s5.taker.H300,2025-12-14,-54.64
R1.C1.d0.05.s5.taker.H300,2025-12-15,-3.2800000000000002
R1.C1.d0.05.s5.taker.H300,2025-12-16,-10.11
R1.C1.d0.05.s5.taker.H300,2025-12-17,-15.2
R1.C1.d0.05.s5.taker.H300,2025-12-18,-8.010000000000002
R1.C1.d0.05.s5.taker.H300,2025-12-19,-2.88
R1.C1.d0.05.s5.taker.H300,2025-12-20,-22.47
R1.C1.d0.05.s5.taker.H300,2025-12-21,-77.24
R1.C1.d0.05.s5.taker.H300,2025-12-22,-6.3500000000000005
R1.C1.d0.05.s5.taker.H300,2025-12-23,-9.63
R1.C1.d0.05.s5.taker.H300,2025-12-24,-10.51
R1.C1.d0.05.s5.taker.H300,2025-12-25,-2.96
R1.C1.d0.05.s5.taker.H300,2025-12-26,-13.950000000000001
R1.C1.d0.05.s5.taker.H300,2025-12-27,-34.16
R1.C1.d0.05.s5.taker.H300,2025-12-28,-55.81
R1.C1.d0.05.s5.taker.H300,2025-12-29,-17.55
R1.C1.d0.05.s5.taker.H300,2025-12-30,-23.83
R1.C1.d0.05.s5.taker.H300,2025-12-31,-46.21
R1.C1.d0.05.s5.taker.H300,2026-01-01,-18.98
R1.C1.d0.05.s5.taker.H300,2026-01-02,-9.94
R1.C1.d0.05.s5.taker.H300,2026-01-03,-3.72
R1.C1.d0.05.s5.taker.H300,2026-01-04,-51.53
R1.C1.d0.05.s5.taker.H300,2026-01-08,-21.2
R1.C1.d0.05.s5.taker.H300,2026-01-09,-2.91
R1.C1.d0.05.s5.taker.H300,2026-01-10,-12.69
R1.C1.d0.05.s5.taker.H300,2026-01-11,-22.07
R1.C1.d0.05.s5.taker.H300,2026-01-12,-10.78
R1.C1.d0.05.s5.taker.H300,2026-01-17,-14.85
R1.C1.d0.05.s5.taker.H300,2026-01-18,-9.35
R1.C1.d0.05.s5.taker.settle,2025-09-08,-7.54
R1.C1.d0.05.s5.taker.settle,2025-09-11,-2.84
R1.C1.d0.05.s5.taker.settle,2025-09-12,3.12
R1.C1.d0.05.s5.taker.settle,2025-09-13,10.09
R1.C1.d0.05.s5.taker.settle,2025-09-14,3.17
R1.C1.d0.05.s5.taker.settle,2025-09-15,7.289999999999999
R1.C1.d0.05.s5.taker.settle,2025-09-18,1.02
R1.C1.d0.05.s5.taker.settle,2025-09-19,-2.0300000000000002
R1.C1.d0.05.s5.taker.settle,2025-09-20,3.219999999999999
R1.C1.d0.05.s5.taker.settle,2025-09-21,-19.23
R1.C1.d0.05.s5.taker.settle,2025-09-22,-7.64
R1.C1.d0.05.s5.taker.settle,2025-09-25,-3.7100000000000004
R1.C1.d0.05.s5.taker.settle,2025-09-26,6.44
R1.C1.d0.05.s5.taker.settle,2025-09-27,-4.360000000000003
R1.C1.d0.05.s5.taker.settle,2025-09-28,-24.78
R1.C1.d0.05.s5.taker.settle,2025-09-29,6.390000000000001
R1.C1.d0.05.s5.taker.settle,2025-10-02,4.52
R1.C1.d0.05.s5.taker.settle,2025-10-03,-6.049999999999999
R1.C1.d0.05.s5.taker.settle,2025-10-04,-9.55
R1.C1.d0.05.s5.taker.settle,2025-10-05,9.959999999999997
R1.C1.d0.05.s5.taker.settle,2025-10-06,-7.73
R1.C1.d0.05.s5.taker.settle,2025-10-08,-10.030000000000001
R1.C1.d0.05.s5.taker.settle,2025-10-09,18.53
R1.C1.d0.05.s5.taker.settle,2025-10-10,-7.199999999999999
R1.C1.d0.05.s5.taker.settle,2025-10-11,35.32
R1.C1.d0.05.s5.taker.settle,2025-10-12,-22.759999999999998
R1.C1.d0.05.s5.taker.settle,2025-10-13,-0.23999999999999932
R1.C1.d0.05.s5.taker.settle,2025-10-14,15.190000000000001
R1.C1.d0.05.s5.taker.settle,2025-10-15,-1.3499999999999996
R1.C1.d0.05.s5.taker.settle,2025-10-16,-7.9399999999999995
R1.C1.d0.05.s5.taker.settle,2025-10-17,4.06
R1.C1.d0.05.s5.taker.settle,2025-10-18,-5.510000000000002
R1.C1.d0.05.s5.taker.settle,2025-10-19,-41.56
R1.C1.d0.05.s5.taker.settle,2025-10-20,-4.34
R1.C1.d0.05.s5.taker.settle,2025-10-21,-6.05
R1.C1.d0.05.s5.taker.settle,2025-10-22,-7.12
R1.C1.d0.05.s5.taker.settle,2025-10-23,3.29
R1.C1.d0.05.s5.taker.settle,2025-10-24,-4.98
R1.C1.d0.05.s5.taker.settle,2025-10-25,-36.36
R1.C1.d0.05.s5.taker.settle,2025-10-26,0.16999999999999815
R1.C1.d0.05.s5.taker.settle,2025-10-27,1.88
R1.C1.d0.05.s5.taker.settle,2025-10-28,-0.51
R1.C1.d0.05.s5.taker.settle,2025-10-29,5.5
R1.C1.d0.05.s5.taker.settle,2025-10-30,-17.61
R1.C1.d0.05.s5.taker.settle,2025-10-31,3.53
R1.C1.d0.05.s5.taker.settle,2025-11-01,-36.65
R1.C1.d0.05.s5.taker.settle,2025-11-02,-27.97
R1.C1.d0.05.s5.taker.settle,2025-11-03,-6.17
R1.C1.d0.05.s5.taker.settle,2025-11-04,3.73
R1.C1.d0.05.s5.taker.settle,2025-11-05,2.56
R1.C1.d0.05.s5.taker.settle,2025-11-06,8.33
R1.C1.d0.05.s5.taker.settle,2025-11-07,6.63
R1.C1.d0.05.s5.taker.settle,2025-11-08,34.730000000000004
R1.C1.d0.05.s5.taker.settle,2025-11-09,-18.080000000000002
R1.C1.d0.05.s5.taker.settle,2025-11-10,-5.38
R1.C1.d0.05.s5.taker.settle,2025-11-11,2.2699999999999996
R1.C1.d0.05.s5.taker.settle,2025-11-12,-2.43
R1.C1.d0.05.s5.taker.settle,2025-11-13,2.62
R1.C1.d0.05.s5.taker.settle,2025-11-14,-5.28
R1.C1.d0.05.s5.taker.settle,2025-11-15,11.830000000000002
R1.C1.d0.05.s5.taker.settle,2025-11-16,-37.05
R1.C1.d0.05.s5.taker.settle,2025-11-17,-2.33
R1.C1.d0.05.s5.taker.settle,2025-11-18,-13.11
R1.C1.d0.05.s5.taker.settle,2025-11-19,4.49
R1.C1.d0.05.s5.taker.settle,2025-11-20,11.55
R1.C1.d0.05.s5.taker.settle,2025-11-21,4.32
R1.C1.d0.05.s5.taker.settle,2025-11-22,-45.18
R1.C1.d0.05.s5.taker.settle,2025-11-23,-7.5
R1.C1.d0.05.s5.taker.settle,2025-11-24,-2.53
R1.C1.d0.05.s5.taker.settle,2025-11-25,-3.77
R1.C1.d0.05.s5.taker.settle,2025-11-27,13.05
R1.C1.d0.05.s5.taker.settle,2025-11-28,-10.259999999999998
R1.C1.d0.05.s5.taker.settle,2025-11-29,-5.269999999999999
R1.C1.d0.05.s5.taker.settle,2025-11-30,-9.93
R1.C1.d0.05.s5.taker.settle,2025-12-01,0.84
R1.C1.d0.05.s5.taker.settle,2025-12-04,2.65
R1.C1.d0.05.s5.taker.settle,2025-12-05,8.64
R1.C1.d0.05.s5.taker.settle,2025-12-06,7.5
R1.C1.d0.05.s5.taker.settle,2025-12-07,15.280000000000001
R1.C1.d0.05.s5.taker.settle,2025-12-11,-7.93
R1.C1.d0.05.s5.taker.settle,2025-12-13,0.20999999999999996
R1.C1.d0.05.s5.taker.settle,2025-12-14,14.029999999999998
R1.C1.d0.05.s5.taker.settle,2025-12-15,-3.66
R1.C1.d0.05.s5.taker.settle,2025-12-16,1.6
R1.C1.d0.05.s5.taker.settle,2025-12-17,9.54
R1.C1.d0.05.s5.taker.settle,2025-12-18,-2.6
R1.C1.d0.05.s5.taker.settle,2025-12-19,3.7
R1.C1.d0.05.s5.taker.settle,2025-12-20,0.9799999999999995
R1.C1.d0.05.s5.taker.settle,2025-12-21,-5.9
R1.C1.d0.05.s5.taker.settle,2025-12-22,6.09
R1.C1.d0.05.s5.taker.settle,2025-12-23,-15.53
R1.C1.d0.05.s5.taker.settle,2025-12-24,5.93
R1.C1.d0.05.s5.taker.settle,2025-12-25,-1.8
R1.C1.d0.05.s5.taker.settle,2025-12-26,-3.91
R1.C1.d0.05.s5.taker.settle,2025-12-27,-6.1499999999999995
R1.C1.d0.05.s5.taker.settle,2025-12-28,-6.200000000000001
R1.C1.d0.05.s5.taker.settle,2025-12-29,3.4
R1.C1.d0.05.s5.taker.settle,2025-12-30,7.99
R1.C1.d0.05.s5.taker.settle,2025-12-31,4.569999999999999
R1.C1.d0.05.s5.taker.settle,2026-01-01,-8.69
R1.C1.d0.05.s5.taker.settle,2026-01-02,-10.34
R1.C1.d0.05.s5.taker.settle,2026-01-03,0.48
R1.C1.d0.05.s5.taker.settle,2026-01-04,6.18
R1.C1.d0.05.s5.taker.settle,2026-01-08,2.75
R1.C1.d0.05.s5.taker.settle,2026-01-09,-3.66
R1.C1.d0.05.s5.taker.settle,2026-01-10,5.0600000000000005
R1.C1.d0.05.s5.taker.settle,2026-01-11,13.49
R1.C1.d0.05.s5.taker.settle,2026-01-12,-5.48
R1.C1.d0.05.s5.taker.settle,2026-01-17,-3.4000000000000004
R1.C1.d0.05.s5.taker.settle,2026-01-18,-6.609999999999999
R1.C1.d0.05.s5.maker.H60,2025-09-08,-4.4799999999999995
R1.C1.d0.05.s5.maker.H60,2025-09-11,-4.42
R1.C1.d0.05.s5.maker.H60,2025-09-12,-7.01
R1.C1.d0.05.s5.maker.H60,2025-09-13,-50.07
R1.C1.d0.05.s5.maker.H60,2025-09-14,-54.85
R1.C1.d0.05.s5.maker.H60,2025-09-15,-6.62
R1.C1.d0.05.s5.maker.H60,2025-09-18,-4.63
R1.C1.d0.05.s5.maker.H60,2025-09-19,-16.87
R1.C1.d0.05.s5.maker.H60,2025-09-20,-88.79
R1.C1.d0.05.s5.maker.H60,2025-09-21,-59.14
R1.C1.d0.05.s5.maker.H60,2025-09-22,-2.06
R1.C1.d0.05.s5.maker.H60,2025-09-25,-8.1
R1.C1.d0.05.s5.maker.H60,2025-09-26,-10.71
R1.C1.d0.05.s5.maker.H60,2025-09-27,-103.62
R1.C1.d0.05.s5.maker.H60,2025-09-28,-53.38
R1.C1.d0.05.s5.maker.H60,2025-09-29,-6.14
R1.C1.d0.05.s5.maker.H60,2025-10-02,-4.16
R1.C1.d0.05.s5.maker.H60,2025-10-03,-11.61
R1.C1.d0.05.s5.maker.H60,2025-10-04,-106.79
R1.C1.d0.05.s5.maker.H60,2025-10-05,-65.35
R1.C1.d0.05.s5.maker.H60,2025-10-06,-5.75
R1.C1.d0.05.s5.maker.H60,2025-10-08,-4.34
R1.C1.d0.05.s5.maker.H60,2025-10-09,-20.43
R1.C1.d0.05.s5.maker.H60,2025-10-10,-19.89
R1.C1.d0.05.s5.maker.H60,2025-10-11,-118.34
R1.C1.d0.05.s5.maker.H60,2025-10-12,-48.17
R1.C1.d0.05.s5.maker.H60,2025-10-13,-11.76
R1.C1.d0.05.s5.maker.H60,2025-10-14,-14.47
R1.C1.d0.05.s5.maker.H60,2025-10-15,-11.4
R1.C1.d0.05.s5.maker.H60,2025-10-16,-7.32
R1.C1.d0.05.s5.maker.H60,2025-10-17,-25.03
R1.C1.d0.05.s5.maker.H60,2025-10-18,-153.4
R1.C1.d0.05.s5.maker.H60,2025-10-19,-54.97
R1.C1.d0.05.s5.maker.H60,2025-10-20,-2.25
R1.C1.d0.05.s5.maker.H60,2025-10-21,-9.79
R1.C1.d0.05.s5.maker.H60,2025-10-22,-5.82
R1.C1.d0.05.s5.maker.H60,2025-10-23,-10.84
R1.C1.d0.05.s5.maker.H60,2025-10-24,-14.18
R1.C1.d0.05.s5.maker.H60,2025-10-25,-123.85000000000001
R1.C1.d0.05.s5.maker.H60,2025-10-26,-23.55
R1.C1.d0.05.s5.maker.H60,2025-10-27,-2.4
R1.C1.d0.05.s5.maker.H60,2025-10-28,-2.2
R1.C1.d0.05.s5.maker.H60,2025-10-29,-6.04
R1.C1.d0.05.s5.maker.H60,2025-10-30,-4.95
R1.C1.d0.05.s5.maker.H60,2025-10-31,-3.1300000000000003
R1.C1.d0.05.s5.maker.H60,2025-11-01,-118.07000000000001
R1.C1.d0.05.s5.maker.H60,2025-11-02,-54.94
R1.C1.d0.05.s5.maker.H60,2025-11-03,-3.62
R1.C1.d0.05.s5.maker.H60,2025-11-04,-5.52
R1.C1.d0.05.s5.maker.H60,2025-11-05,-5.1000000000000005
R1.C1.d0.05.s5.maker.H60,2025-11-06,-9.56
R1.C1.d0.05.s5.maker.H60,2025-11-07,-6.07
R1.C1.d0.05.s5.maker.H60,2025-11-08,-97.01
R1.C1.d0.05.s5.maker.H60,2025-11-09,-36.18
R1.C1.d0.05.s5.maker.H60,2025-11-10,-3.8400000000000003
R1.C1.d0.05.s5.maker.H60,2025-11-11,-8.35
R1.C1.d0.05.s5.maker.H60,2025-11-12,-9.209999999999999
R1.C1.d0.05.s5.maker.H60,2025-11-13,-0.63
R1.C1.d0.05.s5.maker.H60,2025-11-14,-7.28
R1.C1.d0.05.s5.maker.H60,2025-11-15,-107.01
R1.C1.d0.05.s5.maker.H60,2025-11-16,-67.95
R1.C1.d0.05.s5.maker.H60,2025-11-17,-0.6699999999999999
R1.C1.d0.05.s5.maker.H60,2025-11-18,-8.63
R1.C1.d0.05.s5.maker.H60,2025-11-19,-2.2
R1.C1.d0.05.s5.maker.H60,2025-11-20,-19.63
R1.C1.d0.05.s5.maker.H60,2025-11-21,-1.12
R1.C1.d0.05.s5.maker.H60,2025-11-22,-95.8
R1.C1.d0.05.s5.maker.H60,2025-11-23,-63.06
R1.C1.d0.05.s5.maker.H60,2025-11-24,-1.4300000000000002
R1.C1.d0.05.s5.maker.H60,2025-11-25,-4.38
R1.C1.d0.05.s5.maker.H60,2025-11-27,-25.830000000000002
R1.C1.d0.05.s5.maker.H60,2025-11-28,-32.77
R1.C1.d0.05.s5.maker.H60,2025-11-29,-114.98
R1.C1.d0.05.s5.maker.H60,2025-11-30,-40.21
R1.C1.d0.05.s5.maker.H60,2025-12-01,-0.19
R1.C1.d0.05.s5.maker.H60,2025-12-04,-4.29
R1.C1.d0.05.s5.maker.H60,2025-12-05,-4.15
R1.C1.d0.05.s5.maker.H60,2025-12-06,-16.08
R1.C1.d0.05.s5.maker.H60,2025-12-07,-46.5
R1.C1.d0.05.s5.maker.H60,2025-12-11,-9.72
R1.C1.d0.05.s5.maker.H60,2025-12-13,-9.290000000000001
R1.C1.d0.05.s5.maker.H60,2025-12-14,-58.37
R1.C1.d0.05.s5.maker.H60,2025-12-15,-3.68
R1.C1.d0.05.s5.maker.H60,2025-12-16,-9.34
R1.C1.d0.05.s5.maker.H60,2025-12-17,-17.13
R1.C1.d0.05.s5.maker.H60,2025-12-18,-5.53
R1.C1.d0.05.s5.maker.H60,2025-12-19,-5.58
R1.C1.d0.05.s5.maker.H60,2025-12-20,-15.31
R1.C1.d0.05.s5.maker.H60,2025-12-21,-47.96
R1.C1.d0.05.s5.maker.H60,2025-12-22,-3.19
R1.C1.d0.05.s5.maker.H60,2025-12-23,-10.05
R1.C1.d0.05.s5.maker.H60,2025-12-24,-5.16
R1.C1.d0.05.s5.maker.H60,2025-12-25,-1.09
R1.C1.d0.05.s5.maker.H60,2025-12-26,-2.23
R1.C1.d0.05.s5.maker.H60,2025-12-27,-28.51
R1.C1.d0.05.s5.maker.H60,2025-12-28,-58.67
R1.C1.d0.05.s5.maker.H60,2025-12-29,-4.3100000000000005
R1.C1.d0.05.s5.maker.H60,2025-12-30,-22.82
R1.C1.d0.05.s5.maker.H60,2025-12-31,-55.26
R1.C1.d0.05.s5.maker.H60,2026-01-01,-12.32
R1.C1.d0.05.s5.maker.H60,2026-01-02,-7.34
R1.C1.d0.05.s5.maker.H60,2026-01-03,-6.07
R1.C1.d0.05.s5.maker.H60,2026-01-04,-44.18
R1.C1.d0.05.s5.maker.H60,2026-01-08,-18.66
R1.C1.d0.05.s5.maker.H60,2026-01-09,-2.3
R1.C1.d0.05.s5.maker.H60,2026-01-10,-13.6
R1.C1.d0.05.s5.maker.H60,2026-01-11,-20.79
R1.C1.d0.05.s5.maker.H60,2026-01-12,-7.47
R1.C1.d0.05.s5.maker.H60,2026-01-17,-23.44
R1.C1.d0.05.s5.maker.H60,2026-01-18,-17.19
R1.C1.d0.05.s5.maker.H300,2025-09-08,1.5599999999999996
R1.C1.d0.05.s5.maker.H300,2025-09-11,-3.48
R1.C1.d0.05.s5.maker.H300,2025-09-12,-6.78
R1.C1.d0.05.s5.maker.H300,2025-09-13,-34.23
R1.C1.d0.05.s5.maker.H300,2025-09-14,-17.52
R1.C1.d0.05.s5.maker.H300,2025-09-15,-7.38
R1.C1.d0.05.s5.maker.H300,2025-09-18,-3.8299999999999996
R1.C1.d0.05.s5.maker.H300,2025-09-19,-16.82
R1.C1.d0.05.s5.maker.H300,2025-09-20,-46.95
R1.C1.d0.05.s5.maker.H300,2025-09-21,-41.32
R1.C1.d0.05.s5.maker.H300,2025-09-22,-5.96
R1.C1.d0.05.s5.maker.H300,2025-09-25,-1.42
R1.C1.d0.05.s5.maker.H300,2025-09-26,-8.4
R1.C1.d0.05.s5.maker.H300,2025-09-27,-105.45
R1.C1.d0.05.s5.maker.H300,2025-09-28,-59.67
R1.C1.d0.05.s5.maker.H300,2025-09-29,-9.78
R1.C1.d0.05.s5.maker.H300,2025-10-02,-10.0
R1.C1.d0.05.s5.maker.H300,2025-10-03,-11.46
R1.C1.d0.05.s5.maker.H300,2025-10-04,-80.27
R1.C1.d0.05.s5.maker.H300,2025-10-05,-29.09
R1.C1.d0.05.s5.maker.H300,2025-10-06,-7.109999999999999
R1.C1.d0.05.s5.maker.H300,2025-10-08,-5.71
R1.C1.d0.05.s5.maker.H300,2025-10-09,-7.59
R1.C1.d0.05.s5.maker.H300,2025-10-10,-6.93
R1.C1.d0.05.s5.maker.H300,2025-10-11,-67.36
R1.C1.d0.05.s5.maker.H300,2025-10-12,-28.93
R1.C1.d0.05.s5.maker.H300,2025-10-13,-8.3
R1.C1.d0.05.s5.maker.H300,2025-10-14,-4.239999999999999
R1.C1.d0.05.s5.maker.H300,2025-10-15,-6.34
R1.C1.d0.05.s5.maker.H300,2025-10-16,1.74
R1.C1.d0.05.s5.maker.H300,2025-10-17,-15.66
R1.C1.d0.05.s5.maker.H300,2025-10-18,-122.08
R1.C1.d0.05.s5.maker.H300,2025-10-19,-32.09
R1.C1.d0.05.s5.maker.H300,2025-10-20,-3.26
R1.C1.d0.05.s5.maker.H300,2025-10-21,-6.960000000000001
R1.C1.d0.05.s5.maker.H300,2025-10-22,-1.82
R1.C1.d0.05.s5.maker.H300,2025-10-23,-8.14
R1.C1.d0.05.s5.maker.H300,2025-10-24,-11.28
R1.C1.d0.05.s5.maker.H300,2025-10-25,-120.46000000000001
R1.C1.d0.05.s5.maker.H300,2025-10-26,-12.27
R1.C1.d0.05.s5.maker.H300,2025-10-27,-0.24000000000000005
R1.C1.d0.05.s5.maker.H300,2025-10-28,-1.6
R1.C1.d0.05.s5.maker.H300,2025-10-29,-8.05
R1.C1.d0.05.s5.maker.H300,2025-10-30,0.5900000000000001
R1.C1.d0.05.s5.maker.H300,2025-10-31,-3.69
R1.C1.d0.05.s5.maker.H300,2025-11-01,-110.05
R1.C1.d0.05.s5.maker.H300,2025-11-02,-25.3
R1.C1.d0.05.s5.maker.H300,2025-11-03,-2.08
R1.C1.d0.05.s5.maker.H300,2025-11-04,-2.3899999999999997
R1.C1.d0.05.s5.maker.H300,2025-11-05,-3.9699999999999993
R1.C1.d0.05.s5.maker.H300,2025-11-06,-10.3
R1.C1.d0.05.s5.maker.H300,2025-11-07,-4.850000000000001
R1.C1.d0.05.s5.maker.H300,2025-11-08,-105.46
R1.C1.d0.05.s5.maker.H300,2025-11-09,-17.0
R1.C1.d0.05.s5.maker.H300,2025-11-10,0.13999999999999974
R1.C1.d0.05.s5.maker.H300,2025-11-11,-7.880000000000001
R1.C1.d0.05.s5.maker.H300,2025-11-12,-7.54
R1.C1.d0.05.s5.maker.H300,2025-11-13,-0.9099999999999999
R1.C1.d0.05.s5.maker.H300,2025-11-14,-15.0
R1.C1.d0.05.s5.maker.H300,2025-11-15,-82.74
R1.C1.d0.05.s5.maker.H300,2025-11-16,-55.43
R1.C1.d0.05.s5.maker.H300,2025-11-17,-1.05
R1.C1.d0.05.s5.maker.H300,2025-11-18,-10.78
R1.C1.d0.05.s5.maker.H300,2025-11-19,0.22999999999999993
R1.C1.d0.05.s5.maker.H300,2025-11-20,-18.35
R1.C1.d0.05.s5.maker.H300,2025-11-21,-0.9199999999999999
R1.C1.d0.05.s5.maker.H300,2025-11-22,-69.7
R1.C1.d0.05.s5.maker.H300,2025-11-23,-43.9
R1.C1.d0.05.s5.maker.H300,2025-11-24,-2.5
R1.C1.d0.05.s5.maker.H300,2025-11-25,-3.38
R1.C1.d0.05.s5.maker.H300,2025-11-27,-13.629999999999999
R1.C1.d0.05.s5.maker.H300,2025-11-28,-28.12
R1.C1.d0.05.s5.maker.H300,2025-11-29,-56.6
R1.C1.d0.05.s5.maker.H300,2025-11-30,-12.63
R1.C1.d0.05.s5.maker.H300,2025-12-01,-4.24
R1.C1.d0.05.s5.maker.H300,2025-12-04,-3.47
R1.C1.d0.05.s5.maker.H300,2025-12-05,-8.4
R1.C1.d0.05.s5.maker.H300,2025-12-06,-10.430000000000001
R1.C1.d0.05.s5.maker.H300,2025-12-07,-32.36
R1.C1.d0.05.s5.maker.H300,2025-12-11,-4.0200000000000005
R1.C1.d0.05.s5.maker.H300,2025-12-13,-6.6
R1.C1.d0.05.s5.maker.H300,2025-12-14,-36.86
R1.C1.d0.05.s5.maker.H300,2025-12-15,-2.49
R1.C1.d0.05.s5.maker.H300,2025-12-16,-9.35
R1.C1.d0.05.s5.maker.H300,2025-12-17,-8.6
R1.C1.d0.05.s5.maker.H300,2025-12-18,-3.960000000000001
R1.C1.d0.05.s5.maker.H300,2025-12-19,-0.3700000000000002
R1.C1.d0.05.s5.maker.H300,2025-12-20,-13.48
R1.C1.d0.05.s5.maker.H300,2025-12-21,-48.38
R1.C1.d0.05.s5.maker.H300,2025-12-22,-4.17
R1.C1.d0.05.s5.maker.H300,2025-12-23,-3.7
R1.C1.d0.05.s5.maker.H300,2025-12-24,-7.9799999999999995
R1.C1.d0.05.s5.maker.H300,2025-12-25,-2.66
R1.C1.d0.05.s5.maker.H300,2025-12-26,-10.22
R1.C1.d0.05.s5.maker.H300,2025-12-27,-12.969999999999999
R1.C1.d0.05.s5.maker.H300,2025-12-28,-35.75
R1.C1.d0.05.s5.maker.H300,2025-12-29,-11.040000000000001
R1.C1.d0.05.s5.maker.H300,2025-12-30,-20.38
R1.C1.d0.05.s5.maker.H300,2025-12-31,-31.900000000000002
R1.C1.d0.05.s5.maker.H300,2026-01-01,-18.78
R1.C1.d0.05.s5.maker.H300,2026-01-02,-5.92
R1.C1.d0.05.s5.maker.H300,2026-01-03,-1.1300000000000003
R1.C1.d0.05.s5.maker.H300,2026-01-04,-33.19
R1.C1.d0.05.s5.maker.H300,2026-01-08,-17.14
R1.C1.d0.05.s5.maker.H300,2026-01-09,-2.21
R1.C1.d0.05.s5.maker.H300,2026-01-10,-5.33
R1.C1.d0.05.s5.maker.H300,2026-01-11,-19.01
R1.C1.d0.05.s5.maker.H300,2026-01-12,-6.91
R1.C1.d0.05.s5.maker.H300,2026-01-17,-10.49
R1.C1.d0.05.s5.maker.H300,2026-01-18,-3.0200000000000005
R1.C1.d0.05.s5.maker.settle,2025-09-08,-7.34
R1.C1.d0.05.s5.maker.settle,2025-09-11,-2.6899999999999995
R1.C1.d0.05.s5.maker.settle,2025-09-12,3.5700000000000003
R1.C1.d0.05.s5.maker.settle,2025-09-13,-4.189999999999996
R1.C1.d0.05.s5.maker.settle,2025-09-14,-6.25
R1.C1.d0.05.s5.maker.settle,2025-09-15,-3.7900000000000005
R1.C1.d0.05.s5.maker.settle,2025-09-18,0.9300000000000002
R1.C1.d0.05.s5.maker.settle,2025-09-19,-1.3900000000000006
R1.C1.d0.05.s5.maker.settle,2025-09-20,6.85
R1.C1.d0.05.s5.maker.settle,2025-09-21,-9.89
R1.C1.d0.05.s5.maker.settle,2025-09-22,-7.44
R1.C1.d0.05.s5.maker.settle,2025-09-25,-5.55
R1.C1.d0.05.s5.maker.settle,2025-09-26,6.56
R1.C1.d0.05.s5.maker.settle,2025-09-27,-25.009999999999998
R1.C1.d0.05.s5.maker.settle,2025-09-28,-26.130000000000003
R1.C1.d0.05.s5.maker.settle,2025-09-29,6.61
R1.C1.d0.05.s5.maker.settle,2025-10-02,4.65
R1.C1.d0.05.s5.maker.settle,2025-10-03,-5.219999999999999
R1.C1.d0.05.s5.maker.settle,2025-10-04,-18.31
R1.C1.d0.05.s5.maker.settle,2025-10-05,31.150000000000002
R1.C1.d0.05.s5.maker.settle,2025-10-06,-7.64
R1.C1.d0.05.s5.maker.settle,2025-10-08,-7.879999999999999
R1.C1.d0.05.s5.maker.settle,2025-10-09,5.220000000000001
R1.C1.d0.05.s5.maker.settle,2025-10-10,-6.64
R1.C1.d0.05.s5.maker.settle,2025-10-11,49.47
R1.C1.d0.05.s5.maker.settle,2025-10-12,-10.64
R1.C1.d0.05.s5.maker.settle,2025-10-13,0.20000000000000018
R1.C1.d0.05.s5.maker.settle,2025-10-14,11.58
R1.C1.d0.05.s5.maker.settle,2025-10-15,-1.8999999999999995
R1.C1.d0.05.s5.maker.settle,2025-10-16,-8.43
R1.C1.d0.05.s5.maker.settle,2025-10-17,-13.68
R1.C1.d0.05.s5.maker.settle,2025-10-18,-4.140000000000002
R1.C1.d0.05.s5.maker.settle,2025-10-19,-26.71
R1.C1.d0.05.s5.maker.settle,2025-10-20,-3.96
R1.C1.d0.05.s5.maker.settle,2025-10-21,9.43
R1.C1.d0.05.s5.maker.settle,2025-10-22,-6.79
R1.C1.d0.05.s5.maker.settle,2025-10-23,3.04
R1.C1.d0.05.s5.maker.settle,2025-10-24,-4.68
R1.C1.d0.05.s5.maker.settle,2025-10-25,-39.32
R1.C1.d0.05.s5.maker.settle,2025-10-26,0.33999999999999986
R1.C1.d0.05.s5.maker.settle,2025-10-27,2.07
R1.C1.d0.05.s5.maker.settle,2025-10-28,-4.16
R1.C1.d0.05.s5.maker.settle,2025-10-29,5.92
R1.C1.d0.05.s5.maker.settle,2025-10-30,-17.12
R1.C1.d0.05.s5.maker.settle,2025-10-31,3.75
R1.C1.d0.05.s5.maker.settle,2025-11-01,-18.05
R1.C1.d0.05.s5.maker.settle,2025-11-02,-25.57
R1.C1.d0.05.s5.maker.settle,2025-11-03,-5.95
R1.C1.d0.05.s5.maker.settle,2025-11-04,3.85
R1.C1.d0.05.s5.maker.settle,2025-11-05,2.76
R1.C1.d0.05.s5.maker.settle,2025-11-06,8.889999999999999
R1.C1.d0.05.s5.maker.settle,2025-11-07,9.3
R1.C1.d0.05.s5.maker.settle,2025-11-08,69.87
R1.C1.d0.05.s5.maker.settle,2025-11-09,-16.52
R1.C1.d0.05.s5.maker.settle,2025-11-10,-5.05
R1.C1.d0.05.s5.maker.settle,2025-11-11,2.1100000000000003
R1.C1.d0.05.s5.maker.settle,2025-11-12,-2.0900000000000003
R1.C1.d0.05.s5.maker.settle,2025-11-13,1.87
R1.C1.d0.05.s5.maker.settle,2025-11-14,-5.05
R1.C1.d0.05.s5.maker.settle,2025-11-15,25.699999999999996
R1.C1.d0.05.s5.maker.settle,2025-11-16,-34.67
R1.C1.d0.05.s5.maker.settle,2025-11-17,-2.24
R1.C1.d0.05.s5.maker.settle,2025-11-18,-12.32
R1.C1.d0.05.s5.maker.settle,2025-11-19,4.739999999999999
R1.C1.d0.05.s5.maker.settle,2025-11-20,12.0
R1.C1.d0.05.s5.maker.settle,2025-11-21,4.55
R1.C1.d0.05.s5.maker.settle,2025-11-22,-24.46
R1.C1.d0.05.s5.maker.settle,2025-11-23,-15.23
R1.C1.d0.05.s5.maker.settle,2025-11-24,-2.34
R1.C1.d0.05.s5.maker.settle,2025-11-25,-3.54
R1.C1.d0.05.s5.maker.settle,2025-11-27,13.82
R1.C1.d0.05.s5.maker.settle,2025-11-28,-1.7600000000000005
R1.C1.d0.05.s5.maker.settle,2025-11-29,11.16
R1.C1.d0.05.s5.maker.settle,2025-11-30,-7.94
R1.C1.d0.05.s5.maker.settle,2025-12-01,0.88
R1.C1.d0.05.s5.maker.settle,2025-12-04,2.86
R1.C1.d0.05.s5.maker.settle,2025-12-05,2.3499999999999996
R1.C1.d0.05.s5.maker.settle,2025-12-06,7.680000000000001
R1.C1.d0.05.s5.maker.settle,2025-12-07,25.84
R1.C1.d0.05.s5.maker.settle,2025-12-11,5.85
R1.C1.d0.05.s5.maker.settle,2025-12-13,0.6200000000000001
R1.C1.d0.05.s5.maker.settle,2025-12-14,2.5000000000000018
R1.C1.d0.05.s5.maker.settle,2025-12-15,-3.54
R1.C1.d0.05.s5.maker.settle,2025-12-16,1.57
R1.C1.d0.05.s5.maker.settle,2025-12-17,10.1
R1.C1.d0.05.s5.maker.settle,2025-12-18,-2.38
R1.C1.d0.05.s5.maker.settle,2025-12-19,4.22
R1.C1.d0.05.s5.maker.settle,2025-12-20,1.8599999999999999
R1.C1.d0.05.s5.maker.settle,2025-12-21,-14.13
R1.C1.d0.05.s5.maker.settle,2025-12-22,-1.1899999999999995
R1.C1.d0.05.s5.maker.settle,2025-12-23,-14.920000000000002
R1.C1.d0.05.s5.maker.settle,2025-12-24,6.05
R1.C1.d0.05.s5.maker.settle,2025-12-25,-1.63
R1.C1.d0.05.s5.maker.settle,2025-12-26,-3.2399999999999993
R1.C1.d0.05.s5.maker.settle,2025-12-27,-3.8900000000000015
R1.C1.d0.05.s5.maker.settle,2025-12-28,-5.010000000000001
R1.C1.d0.05.s5.maker.settle,2025-12-29,3.8200000000000003
R1.C1.d0.05.s5.maker.settle,2025-12-30,8.45
R1.C1.d0.05.s5.maker.settle,2025-12-31,5.779999999999999
R1.C1.d0.05.s5.maker.settle,2026-01-01,-8.43
R1.C1.d0.05.s5.maker.settle,2026-01-02,-10.24
R1.C1.d0.05.s5.maker.settle,2026-01-03,1.0099999999999998
R1.C1.d0.05.s5.maker.settle,2026-01-04,7.22
R1.C1.d0.05.s5.maker.settle,2026-01-08,2.96
R1.C1.d0.05.s5.maker.settle,2026-01-09,-3.44
R1.C1.d0.05.s5.maker.settle,2026-01-10,-4.2700000000000005
R1.C1.d0.05.s5.maker.settle,2026-01-11,14.25
R1.C1.d0.05.s5.maker.settle,2026-01-12,-5.65
R1.C1.d0.05.s5.maker.settle,2026-01-17,-3.08
R1.C1.d0.05.s5.maker.settle,2026-01-18,-6.18
R1.C1.d0.05.s15.taker.H60,2025-09-08,-8.0
R1.C1.d0.05.s15.taker.H60,2025-09-11,-7.15
R1.C1.d0.05.s15.taker.H60,2025-09-12,-8.11
R1.C1.d0.05.s15.taker.H60,2025-09-13,-56.61
R1.C1.d0.05.s15.taker.H60,2025-09-14,-48.58
R1.C1.d0.05.s15.taker.H60,2025-09-15,-7.87
R1.C1.d0.05.s15.taker.H60,2025-09-18,-3.89
R1.C1.d0.05.s15.taker.H60,2025-09-19,-19.9
R1.C1.d0.05.s15.taker.H60,2025-09-20,-114.2
R1.C1.d0.05.s15.taker.H60,2025-09-21,-73.08
R1.C1.d0.05.s15.taker.H60,2025-09-22,-6.68
R1.C1.d0.05.s15.taker.H60,2025-09-25,-8.96
R1.C1.d0.05.s15.taker.H60,2025-09-26,-15.78
R1.C1.d0.05.s15.taker.H60,2025-09-27,-135.76
R1.C1.d0.05.s15.taker.H60,2025-09-28,-79.8
R1.C1.d0.05.s15.taker.H60,2025-09-29,-7.25
R1.C1.d0.05.s15.taker.H60,2025-10-02,-7.03
R1.C1.d0.05.s15.taker.H60,2025-10-03,-16.29
R1.C1.d0.05.s15.taker.H60,2025-10-04,-123.48
R1.C1.d0.05.s15.taker.H60,2025-10-05,-65.98
R1.C1.d0.05.s15.taker.H60,2025-10-06,-13.4
R1.C1.d0.05.s15.taker.H60,2025-10-08,-8.4
R1.C1.d0.05.s15.taker.H60,2025-10-09,-23.23
R1.C1.d0.05.s15.taker.H60,2025-10-10,-22.6
R1.C1.d0.05.s15.taker.H60,2025-10-11,-107.97
R1.C1.d0.05.s15.taker.H60,2025-10-12,-59.51
R1.C1.d0.05.s15.taker.H60,2025-10-13,-15.97
R1.C1.d0.05.s15.taker.H60,2025-10-14,-11.64
R1.C1.d0.05.s15.taker.H60,2025-10-15,-14.51
R1.C1.d0.05.s15.taker.H60,2025-10-16,-9.81
R1.C1.d0.05.s15.taker.H60,2025-10-17,-37.45
R1.C1.d0.05.s15.taker.H60,2025-10-18,-156.73
R1.C1.d0.05.s15.taker.H60,2025-10-19,-65.39
R1.C1.d0.05.s15.taker.H60,2025-10-20,-4.12
R1.C1.d0.05.s15.taker.H60,2025-10-21,-14.8
R1.C1.d0.05.s15.taker.H60,2025-10-22,-8.46
R1.C1.d0.05.s15.taker.H60,2025-10-23,-9.45
R1.C1.d0.05.s15.taker.H60,2025-10-24,-20.69
R1.C1.d0.05.s15.taker.H60,2025-10-25,-123.07000000000001
R1.C1.d0.05.s15.taker.H60,2025-10-26,-31.94
R1.C1.d0.05.s15.taker.H60,2025-10-27,-2.74
R1.C1.d0.05.s15.taker.H60,2025-10-28,-2.33
R1.C1.d0.05.s15.taker.H60,2025-10-29,-13.92
R1.C1.d0.05.s15.taker.H60,2025-10-30,-6.12
R1.C1.d0.05.s15.taker.H60,2025-10-31,-2.5
R1.C1.d0.05.s15.taker.H60,2025-11-01,-149.3
R1.C1.d0.05.s15.taker.H60,2025-11-02,-65.53
R1.C1.d0.05.s15.taker.H60,2025-11-03,-5.359999999999999
R1.C1.d0.05.s15.taker.H60,2025-11-04,-3.27
R1.C1.d0.05.s15.taker.H60,2025-11-05,-6.74
R1.C1.d0.05.s15.taker.H60,2025-11-06,-12.18
R1.C1.d0.05.s15.taker.H60,2025-11-07,-8.81
R1.C1.d0.05.s15.taker.H60,2025-11-08,-112.07000000000001
R1.C1.d0.05.s15.taker.H60,2025-11-09,-51.97
R1.C1.d0.05.s15.taker.H60,2025-11-10,-6.5600000000000005
R1.C1.d0.05.s15.taker.H60,2025-11-11,-12.04
R1.C1.d0.05.s15.taker.H60,2025-11-12,-10.98
R1.C1.d0.05.s15.taker.H60,2025-11-13,-0.45999999999999996
R1.C1.d0.05.s15.taker.H60,2025-11-14,-3.5
R1.C1.d0.05.s15.taker.H60,2025-11-15,-129.97
R1.C1.d0.05.s15.taker.H60,2025-11-16,-73.08
R1.C1.d0.05.s15.taker.H60,2025-11-17,-0.37
R1.C1.d0.05.s15.taker.H60,2025-11-18,-8.79
R1.C1.d0.05.s15.taker.H60,2025-11-19,-1.6
R1.C1.d0.05.s15.taker.H60,2025-11-20,-13.46
R1.C1.d0.05.s15.taker.H60,2025-11-21,-1.34
R1.C1.d0.05.s15.taker.H60,2025-11-22,-135.71
R1.C1.d0.05.s15.taker.H60,2025-11-23,-63.04
R1.C1.d0.05.s15.taker.H60,2025-11-24,-1.9100000000000001
R1.C1.d0.05.s15.taker.H60,2025-11-25,-2.56
R1.C1.d0.05.s15.taker.H60,2025-11-27,-25.48
R1.C1.d0.05.s15.taker.H60,2025-11-28,-43.12
R1.C1.d0.05.s15.taker.H60,2025-11-29,-82.58
R1.C1.d0.05.s15.taker.H60,2025-11-30,-34.09
R1.C1.d0.05.s15.taker.H60,2025-12-04,-4.25
R1.C1.d0.05.s15.taker.H60,2025-12-05,-4.49
R1.C1.d0.05.s15.taker.H60,2025-12-06,-28.98
R1.C1.d0.05.s15.taker.H60,2025-12-07,-52.4
R1.C1.d0.05.s15.taker.H60,2025-12-11,-6.190000000000001
R1.C1.d0.05.s15.taker.H60,2025-12-13,-8.86
R1.C1.d0.05.s15.taker.H60,2025-12-14,-64.39
R1.C1.d0.05.s15.taker.H60,2025-12-15,-3.0
R1.C1.d0.05.s15.taker.H60,2025-12-16,-10.46
R1.C1.d0.05.s15.taker.H60,2025-12-17,-11.55
R1.C1.d0.05.s15.taker.H60,2025-12-18,-22.46
R1.C1.d0.05.s15.taker.H60,2025-12-19,-5.62
R1.C1.d0.05.s15.taker.H60,2025-12-20,-19.1
R1.C1.d0.05.s15.taker.H60,2025-12-21,-60.14
R1.C1.d0.05.s15.taker.H60,2025-12-22,-3.36
R1.C1.d0.05.s15.taker.H60,2025-12-23,-13.87
R1.C1.d0.05.s15.taker.H60,2025-12-24,-7.04
R1.C1.d0.05.s15.taker.H60,2025-12-25,-1.97
R1.C1.d0.05.s15.taker.H60,2025-12-26,-6.890000000000001
R1.C1.d0.05.s15.taker.H60,2025-12-27,-37.04
R1.C1.d0.05.s15.taker.H60,2025-12-28,-74.82000000000001
R1.C1.d0.05.s15.taker.H60,2025-12-29,-9.420000000000002
R1.C1.d0.05.s15.taker.H60,2025-12-30,-25.150000000000002
R1.C1.d0.05.s15.taker.H60,2025-12-31,-32.870000000000005
R1.C1.d0.05.s15.taker.H60,2026-01-01,-12.6
R1.C1.d0.05.s15.taker.H60,2026-01-02,-5.42
R1.C1.d0.05.s15.taker.H60,2026-01-03,-6.95
R1.C1.d0.05.s15.taker.H60,2026-01-04,-51.03
R1.C1.d0.05.s15.taker.H60,2026-01-08,-16.64
R1.C1.d0.05.s15.taker.H60,2026-01-09,-2.55
R1.C1.d0.05.s15.taker.H60,2026-01-10,-22.630000000000003
R1.C1.d0.05.s15.taker.H60,2026-01-11,-29.25
R1.C1.d0.05.s15.taker.H60,2026-01-12,-7.28
R1.C1.d0.05.s15.taker.H60,2026-01-17,-28.95
R1.C1.d0.05.s15.taker.H60,2026-01-18,-26.21
R1.C1.d0.05.s15.taker.H300,2025-09-08,-4.92
R1.C1.d0.05.s15.taker.H300,2025-09-11,-5.72
R1.C1.d0.05.s15.taker.H300,2025-09-12,-6.66
R1.C1.d0.05.s15.taker.H300,2025-09-13,-30.54
R1.C1.d0.05.s15.taker.H300,2025-09-14,-36.6
R1.C1.d0.05.s15.taker.H300,2025-09-15,-2.71
R1.C1.d0.05.s15.taker.H300,2025-09-18,-5.5
R1.C1.d0.05.s15.taker.H300,2025-09-19,-16.63
R1.C1.d0.05.s15.taker.H300,2025-09-20,-90.43
R1.C1.d0.05.s15.taker.H300,2025-09-21,-88.68
R1.C1.d0.05.s15.taker.H300,2025-09-22,-5.46
R1.C1.d0.05.s15.taker.H300,2025-09-25,-4.9
R1.C1.d0.05.s15.taker.H300,2025-09-26,-16.18
R1.C1.d0.05.s15.taker.H300,2025-09-27,-122.86
R1.C1.d0.05.s15.taker.H300,2025-09-28,-85.6
R1.C1.d0.05.s15.taker.H300,2025-09-29,-12.69
R1.C1.d0.05.s15.taker.H300,2025-10-02,1.9399999999999995
R1.C1.d0.05.s15.taker.H300,2025-10-03,-15.21
R1.C1.d0.05.s15.taker.H300,2025-10-04,-83.74
R1.C1.d0.05.s15.taker.H300,2025-10-05,-33.07
R1.C1.d0.05.s15.taker.H300,2025-10-06,-5.59
R1.C1.d0.05.s15.taker.H300,2025-10-08,-6.18
R1.C1.d0.05.s15.taker.H300,2025-10-09,0.47
R1.C1.d0.05.s15.taker.H300,2025-10-10,-18.37
R1.C1.d0.05.s15.taker.H300,2025-10-11,-66.54
R1.C1.d0.05.s15.taker.H300,2025-10-12,-44.69
R1.C1.d0.05.s15.taker.H300,2025-10-13,-8.23
R1.C1.d0.05.s15.taker.H300,2025-10-14,-6.73
R1.C1.d0.05.s15.taker.H300,2025-10-15,-5.2700000000000005
R1.C1.d0.05.s15.taker.H300,2025-10-16,-0.5599999999999998
R1.C1.d0.05.s15.taker.H300,2025-10-17,-25.45
R1.C1.d0.05.s15.taker.H300,2025-10-18,-92.25
R1.C1.d0.05.s15.taker.H300,2025-10-19,-37.300000000000004
R1.C1.d0.05.s15.taker.H300,2025-10-20,-4.21
R1.C1.d0.05.s15.taker.H300,2025-10-21,-6.63
R1.C1.d0.05.s15.taker.H300,2025-10-22,-3.6799999999999997
R1.C1.d0.05.s15.taker.H300,2025-10-23,-7.1
R1.C1.d0.05.s15.taker.H300,2025-10-24,-4.15
R1.C1.d0.05.s15.taker.H300,2025-10-25,-113.04
R1.C1.d0.05.s15.taker.H300,2025-10-26,-24.81
R1.C1.d0.05.s15.taker.H300,2025-10-27,-1.24
R1.C1.d0.05.s15.taker.H300,2025-10-28,-0.47
R1.C1.d0.05.s15.taker.H300,2025-10-29,-9.11
R1.C1.d0.05.s15.taker.H300,2025-10-30,-4.21
R1.C1.d0.05.s15.taker.H300,2025-10-31,-3.75
R1.C1.d0.05.s15.taker.H300,2025-11-01,-122.84
R1.C1.d0.05.s15.taker.H300,2025-11-02,-29.04
R1.C1.d0.05.s15.taker.H300,2025-11-03,-6.09
R1.C1.d0.05.s15.taker.H300,2025-11-04,-3.7600000000000002
R1.C1.d0.05.s15.taker.H300,2025-11-05,-7.2
R1.C1.d0.05.s15.taker.H300,2025-11-06,-11.639999999999999
R1.C1.d0.05.s15.taker.H300,2025-11-07,-3.51
R1.C1.d0.05.s15.taker.H300,2025-11-08,-89.81
R1.C1.d0.05.s15.taker.H300,2025-11-09,-43.92
R1.C1.d0.05.s15.taker.H300,2025-11-10,-8.84
R1.C1.d0.05.s15.taker.H300,2025-11-11,-11.82
R1.C1.d0.05.s15.taker.H300,2025-11-12,-9.58
R1.C1.d0.05.s15.taker.H300,2025-11-13,-0.25
R1.C1.d0.05.s15.taker.H300,2025-11-14,-1.3800000000000003
R1.C1.d0.05.s15.taker.H300,2025-11-15,-103.34
R1.C1.d0.05.s15.taker.H300,2025-11-16,-71.81
R1.C1.d0.05.s15.taker.H300,2025-11-17,-0.37
R1.C1.d0.05.s15.taker.H300,2025-11-18,-7.34
R1.C1.d0.05.s15.taker.H300,2025-11-19,-0.8699999999999999
R1.C1.d0.05.s15.taker.H300,2025-11-20,-21.43
R1.C1.d0.05.s15.taker.H300,2025-11-21,-0.5199999999999999
R1.C1.d0.05.s15.taker.H300,2025-11-22,-102.77
R1.C1.d0.05.s15.taker.H300,2025-11-23,-44.3
R1.C1.d0.05.s15.taker.H300,2025-11-24,-2.06
R1.C1.d0.05.s15.taker.H300,2025-11-25,-2.1100000000000003
R1.C1.d0.05.s15.taker.H300,2025-11-27,-19.26
R1.C1.d0.05.s15.taker.H300,2025-11-28,-43.75
R1.C1.d0.05.s15.taker.H300,2025-11-29,-53.77
R1.C1.d0.05.s15.taker.H300,2025-11-30,-31.05
R1.C1.d0.05.s15.taker.H300,2025-12-04,-4.39
R1.C1.d0.05.s15.taker.H300,2025-12-05,-14.139999999999999
R1.C1.d0.05.s15.taker.H300,2025-12-06,-19.14
R1.C1.d0.05.s15.taker.H300,2025-12-07,-43.31
R1.C1.d0.05.s15.taker.H300,2025-12-11,-2.7199999999999998
R1.C1.d0.05.s15.taker.H300,2025-12-13,-9.1
R1.C1.d0.05.s15.taker.H300,2025-12-14,-31.62
R1.C1.d0.05.s15.taker.H300,2025-12-15,-2.74
R1.C1.d0.05.s15.taker.H300,2025-12-16,-14.7
R1.C1.d0.05.s15.taker.H300,2025-12-17,-9.85
R1.C1.d0.05.s15.taker.H300,2025-12-18,-22.18
R1.C1.d0.05.s15.taker.H300,2025-12-19,-0.65
R1.C1.d0.05.s15.taker.H300,2025-12-20,-17.79
R1.C1.d0.05.s15.taker.H300,2025-12-21,-36.949999999999996
R1.C1.d0.05.s15.taker.H300,2025-12-22,-2.42
R1.C1.d0.05.s15.taker.H300,2025-12-23,-9.99
R1.C1.d0.05.s15.taker.H300,2025-12-24,4.859999999999999
R1.C1.d0.05.s15.taker.H300,2025-12-25,-3.25
R1.C1.d0.05.s15.taker.H300,2025-12-26,2.7399999999999998
R1.C1.d0.05.s15.taker.H300,2025-12-27,-25.86
R1.C1.d0.05.s15.taker.H300,2025-12-28,-45.85
R1.C1.d0.05.s15.taker.H300,2025-12-29,-7.74
R1.C1.d0.05.s15.taker.H300,2025-12-30,-17.259999999999998
R1.C1.d0.05.s15.taker.H300,2025-12-31,-26.3
R1.C1.d0.05.s15.taker.H300,2026-01-01,-4.77
R1.C1.d0.05.s15.taker.H300,2026-01-02,-5.72
R1.C1.d0.05.s15.taker.H300,2026-01-03,-6.2299999999999995
R1.C1.d0.05.s15.taker.H300,2026-01-04,-43.29
R1.C1.d0.05.s15.taker.H300,2026-01-08,-12.74
R1.C1.d0.05.s15.taker.H300,2026-01-09,-2.87
R1.C1.d0.05.s15.taker.H300,2026-01-10,-14.75
R1.C1.d0.05.s15.taker.H300,2026-01-11,-24.43
R1.C1.d0.05.s15.taker.H300,2026-01-12,-9.16
R1.C1.d0.05.s15.taker.H300,2026-01-17,-17.560000000000002
R1.C1.d0.05.s15.taker.H300,2026-01-18,-14.299999999999999
R1.C1.d0.05.s15.taker.settle,2025-09-08,-7.64
R1.C1.d0.05.s15.taker.settle,2025-09-11,-3.12
R1.C1.d0.05.s15.taker.settle,2025-09-12,12.73
R1.C1.d0.05.s15.taker.settle,2025-09-13,28.11
R1.C1.d0.05.s15.taker.settle,2025-09-14,-5.0600000000000005
R1.C1.d0.05.s15.taker.settle,2025-09-15,0.9500000000000002
R1.C1.d0.05.s15.taker.settle,2025-09-18,4.36
R1.C1.d0.05.s15.taker.settle,2025-09-19,-13.91
R1.C1.d0.05.s15.taker.settle,2025-09-20,16.840000000000003
R1.C1.d0.05.s15.taker.settle,2025-09-21,-10.39
R1.C1.d0.05.s15.taker.settle,2025-09-22,-7.44
R1.C1.d0.05.s15.taker.settle,2025-09-25,-3.7100000000000004
R1.C1.d0.05.s15.taker.settle,2025-09-26,5.02
R1.C1.d0.05.s15.taker.settle,2025-09-27,-18.17
R1.C1.d0.05.s15.taker.settle,2025-09-28,-20.29
R1.C1.d0.05.s15.taker.settle,2025-09-29,5.709999999999999
R1.C1.d0.05.s15.taker.settle,2025-10-02,4.42
R1.C1.d0.05.s15.taker.settle,2025-10-03,-1.1600000000000001
R1.C1.d0.05.s15.taker.settle,2025-10-04,-2.2399999999999993
R1.C1.d0.05.s15.taker.settle,2025-10-05,41.45
R1.C1.d0.05.s15.taker.settle,2025-10-06,6.34
R1.C1.d0.05.s15.taker.settle,2025-10-08,1.3600000000000003
R1.C1.d0.05.s15.taker.settle,2025-10-09,5.159999999999999
R1.C1.d0.05.s15.taker.settle,2025-10-10,13.39
R1.C1.d0.05.s15.taker.settle,2025-10-11,15.120000000000001
R1.C1.d0.05.s15.taker.settle,2025-10-12,-18.7
R1.C1.d0.05.s15.taker.settle,2025-10-13,10.65
R1.C1.d0.05.s15.taker.settle,2025-10-14,-0.7099999999999991
R1.C1.d0.05.s15.taker.settle,2025-10-15,-2.6399999999999997
R1.C1.d0.05.s15.taker.settle,2025-10-16,-7.08
R1.C1.d0.05.s15.taker.settle,2025-10-17,14.969999999999999
R1.C1.d0.05.s15.taker.settle,2025-10-18,-6.4399999999999995
R1.C1.d0.05.s15.taker.settle,2025-10-19,-14.759999999999998
R1.C1.d0.05.s15.taker.settle,2025-10-20,0.3899999999999999
R1.C1.d0.05.s15.taker.settle,2025-10-21,-9.84
R1.C1.d0.05.s15.taker.settle,2025-10-22,-6.8100000000000005
R1.C1.d0.05.s15.taker.settle,2025-10-23,-1.1400000000000001
R1.C1.d0.05.s15.taker.settle,2025-10-24,-4.88
R1.C1.d0.05.s15.taker.settle,2025-10-25,-6.0500000000000025
R1.C1.d0.05.s15.taker.settle,2025-10-26,12.079999999999998
R1.C1.d0.05.s15.taker.settle,2025-10-27,1.98
R1.C1.d0.05.s15.taker.settle,2025-10-28,-0.040000000000000036
R1.C1.d0.05.s15.taker.settle,2025-10-29,-0.73
R1.C1.d0.05.s15.taker.settle,2025-10-30,-17.61
R1.C1.d0.05.s15.taker.settle,2025-10-31,3.53
R1.C1.d0.05.s15.taker.settle,2025-11-01,-6.070000000000001
R1.C1.d0.05.s15.taker.settle,2025-11-02,-24.950000000000003
R1.C1.d0.05.s15.taker.settle,2025-11-03,-5.38
R1.C1.d0.05.s15.taker.settle,2025-11-04,3.73
R1.C1.d0.05.s15.taker.settle,2025-11-05,3.7
R1.C1.d0.05.s15.taker.settle,2025-11-06,-0.4600000000000001
R1.C1.d0.05.s15.taker.settle,2025-11-07,-2.1900000000000004
R1.C1.d0.05.s15.taker.settle,2025-11-08,-3.1699999999999964
R1.C1.d0.05.s15.taker.settle,2025-11-09,7.779999999999999
R1.C1.d0.05.s15.taker.settle,2025-11-10,-5.38
R1.C1.d0.05.s15.taker.settle,2025-11-11,2.2699999999999996
R1.C1.d0.05.s15.taker.settle,2025-11-12,5.04
R1.C1.d0.05.s15.taker.settle,2025-11-13,1.67
R1.C1.d0.05.s15.taker.settle,2025-11-14,-5.58
R1.C1.d0.05.s15.taker.settle,2025-11-15,-2.0999999999999983
R1.C1.d0.05.s15.taker.settle,2025-11-16,-8.36
R1.C1.d0.05.s15.taker.settle,2025-11-17,1.12
R1.C1.d0.05.s15.taker.settle,2025-11-18,-0.7200000000000006
R1.C1.d0.05.s15.taker.settle,2025-11-19,-6.6899999999999995
R1.C1.d0.05.s15.taker.settle,2025-11-20,-15.370000000000001
R1.C1.d0.05.s15.taker.settle,2025-11-21,4.32
R1.C1.d0.05.s15.taker.settle,2025-11-22,-26.62
R1.C1.d0.05.s15.taker.settle,2025-11-23,5.219999999999999
R1.C1.d0.05.s15.taker.settle,2025-11-24,1.31
R1.C1.d0.05.s15.taker.settle,2025-11-25,3.34
R1.C1.d0.05.s15.taker.settle,2025-11-27,-3.44
R1.C1.d0.05.s15.taker.settle,2025-11-28,-6.9399999999999995
R1.C1.d0.05.s15.taker.settle,2025-11-29,20.14
R1.C1.d0.05.s15.taker.settle,2025-11-30,-7.42
R1.C1.d0.05.s15.taker.settle,2025-12-04,2.65
R1.C1.d0.05.s15.taker.settle,2025-12-05,-6.61
R1.C1.d0.05.s15.taker.settle,2025-12-06,-2.3000000000000003
R1.C1.d0.05.s15.taker.settle,2025-12-07,7.470000000000001
R1.C1.d0.05.s15.taker.settle,2025-12-11,5.62
R1.C1.d0.05.s15.taker.settle,2025-12-13,0.20999999999999996
R1.C1.d0.05.s15.taker.settle,2025-12-14,-20.810000000000002
R1.C1.d0.05.s15.taker.settle,2025-12-15,2.36
R1.C1.d0.05.s15.taker.settle,2025-12-16,-3.36
R1.C1.d0.05.s15.taker.settle,2025-12-17,8.15
R1.C1.d0.05.s15.taker.settle,2025-12-18,5.7
R1.C1.d0.05.s15.taker.settle,2025-12-19,-5.739999999999999
R1.C1.d0.05.s15.taker.settle,2025-12-20,-10.72
R1.C1.d0.05.s15.taker.settle,2025-12-21,-28.310000000000002
R1.C1.d0.05.s15.taker.settle,2025-12-22,5.51
R1.C1.d0.05.s15.taker.settle,2025-12-23,7.59
R1.C1.d0.05.s15.taker.settle,2025-12-24,-7.15
R1.C1.d0.05.s15.taker.settle,2025-12-25,0.46
R1.C1.d0.05.s15.taker.settle,2025-12-26,-14.010000000000002
R1.C1.d0.05.s15.taker.settle,2025-12-27,-4.490000000000001
R1.C1.d0.05.s15.taker.settle,2025-12-28,3.38
R1.C1.d0.05.s15.taker.settle,2025-12-29,6.55
R1.C1.d0.05.s15.taker.settle,2025-12-30,7.790000000000001
R1.C1.d0.05.s15.taker.settle,2025-12-31,0.8699999999999997
R1.C1.d0.05.s15.taker.settle,2026-01-01,13.39
R1.C1.d0.05.s15.taker.settle,2026-01-02,-11.58
R1.C1.d0.05.s15.taker.settle,2026-01-03,0.48
R1.C1.d0.05.s15.taker.settle,2026-01-04,-29.380000000000003
R1.C1.d0.05.s15.taker.settle,2026-01-08,2.75
R1.C1.d0.05.s15.taker.settle,2026-01-09,-4.48
R1.C1.d0.05.s15.taker.settle,2026-01-10,-3.1100000000000003
R1.C1.d0.05.s15.taker.settle,2026-01-11,12.98
R1.C1.d0.05.s15.taker.settle,2026-01-12,-5.18
R1.C1.d0.05.s15.taker.settle,2026-01-17,-3.49
R1.C1.d0.05.s15.taker.settle,2026-01-18,-0.2999999999999998
R1.C1.d0.05.s15.maker.H60,2025-09-08,-3.14
R1.C1.d0.05.s15.maker.H60,2025-09-11,-3.11
R1.C1.d0.05.s15.maker.H60,2025-09-12,-3.37
R1.C1.d0.05.s15.maker.H60,2025-09-13,-33.46
R1.C1.d0.05.s15.maker.H60,2025-09-14,-26.27
R1.C1.d0.05.s15.maker.H60,2025-09-15,-3.99
R1.C1.d0.05.s15.maker.H60,2025-09-18,-2.45
R1.C1.d0.05.s15.maker.H60,2025-09-19,-10.44
R1.C1.d0.05.s15.maker.H60,2025-09-20,-65.22
R1.C1.d0.05.s15.maker.H60,2025-09-21,-38.19
R1.C1.d0.05.s15.maker.H60,2025-09-22,-3.89
R1.C1.d0.05.s15.maker.H60,2025-09-25,-3.8800000000000003
R1.C1.d0.05.s15.maker.H60,2025-09-26,-8.64
R1.C1.d0.05.s15.maker.H60,2025-09-27,-74.26
R1.C1.d0.05.s15.maker.H60,2025-09-28,-44.99
R1.C1.d0.05.s15.maker.H60,2025-09-29,-7.4
R1.C1.d0.05.s15.maker.H60,2025-10-02,-0.009999999999999787
R1.C1.d0.05.s15.maker.H60,2025-10-03,-11.34
R1.C1.d0.05.s15.maker.H60,2025-10-04,-74.27
R1.C1.d0.05.s15.maker.H60,2025-10-05,-31.11
R1.C1.d0.05.s15.maker.H60,2025-10-06,-8.6
R1.C1.d0.05.s15.maker.H60,2025-10-08,-2.6799999999999997
R1.C1.d0.05.s15.maker.H60,2025-10-09,-10.07
R1.C1.d0.05.s15.maker.H60,2025-10-10,-16.0
R1.C1.d0.05.s15.maker.H60,2025-10-11,-57.74
R1.C1.d0.05.s15.maker.H60,2025-10-12,-33.18
R1.C1.d0.05.s15.maker.H60,2025-10-13,-8.52
R1.C1.d0.05.s15.maker.H60,2025-10-14,-4.57
R1.C1.d0.05.s15.maker.H60,2025-10-15,-7.5200000000000005
R1.C1.d0.05.s15.maker.H60,2025-10-16,-7.67
R1.C1.d0.05.s15.maker.H60,2025-10-17,-22.65
R1.C1.d0.05.s15.maker.H60,2025-10-18,-86.03
R1.C1.d0.05.s15.maker.H60,2025-10-19,-42.19
R1.C1.d0.05.s15.maker.H60,2025-10-20,-2.3
R1.C1.d0.05.s15.maker.H60,2025-10-21,-9.39
R1.C1.d0.05.s15.maker.H60,2025-10-22,-4.44
R1.C1.d0.05.s15.maker.H60,2025-10-23,-4.41
R1.C1.d0.05.s15.maker.H60,2025-10-24,-11.74
R1.C1.d0.05.s15.maker.H60,2025-10-25,-81.47
R1.C1.d0.05.s15.maker.H60,2025-10-26,-18.51
R1.C1.d0.05.s15.maker.H60,2025-10-27,-1.75
R1.C1.d0.05.s15.maker.H60,2025-10-28,-1.23
R1.C1.d0.05.s15.maker.H60,2025-10-29,-6.61
R1.C1.d0.05.s15.maker.H60,2025-10-30,-2.5100000000000002
R1.C1.d0.05.s15.maker.H60,2025-10-31,-1.51
R1.C1.d0.05.s15.maker.H60,2025-11-01,-80.34
R1.C1.d0.05.s15.maker.H60,2025-11-02,-36.26
R1.C1.d0.05.s15.maker.H60,2025-11-03,-3.31
R1.C1.d0.05.s15.maker.H60,2025-11-04,-2.31
R1.C1.d0.05.s15.maker.H60,2025-11-05,-3.71
R1.C1.d0.05.s15.maker.H60,2025-11-06,-6.29
R1.C1.d0.05.s15.maker.H60,2025-11-07,-4.47
R1.C1.d0.05.s15.maker.H60,2025-11-08,-60.39
R1.C1.d0.05.s15.maker.H60,2025-11-09,-28.09
R1.C1.d0.05.s15.maker.H60,2025-11-10,-1.9800000000000002
R1.C1.d0.05.s15.maker.H60,2025-11-11,-4.779999999999999
R1.C1.d0.05.s15.maker.H60,2025-11-12,-5.73
R1.C1.d0.05.s15.maker.H60,2025-11-13,-0.09
R1.C1.d0.05.s15.maker.H60,2025-11-14,0.6500000000000001
R1.C1.d0.05.s15.maker.H60,2025-11-15,-77.5
R1.C1.d0.05.s15.maker.H60,2025-11-16,-42.54
R1.C1.d0.05.s15.maker.H60,2025-11-17,-0.31
R1.C1.d0.05.s15.maker.H60,2025-11-18,-6.34
R1.C1.d0.05.s15.maker.H60,2025-11-19,-0.32000000000000006
R1.C1.d0.05.s15.maker.H60,2025-11-20,-8.33
R1.C1.d0.05.s15.maker.H60,2025-11-21,-0.34
R1.C1.d0.05.s15.maker.H60,2025-11-22,-67.84
R1.C1.d0.05.s15.maker.H60,2025-11-23,-37.19
R1.C1.d0.05.s15.maker.H60,2025-11-24,-0.9700000000000001
R1.C1.d0.05.s15.maker.H60,2025-11-25,-1.75
R1.C1.d0.05.s15.maker.H60,2025-11-27,-11.54
R1.C1.d0.05.s15.maker.H60,2025-11-28,-22.84
R1.C1.d0.05.s15.maker.H60,2025-11-29,-52.99
R1.C1.d0.05.s15.maker.H60,2025-11-30,-22.27
R1.C1.d0.05.s15.maker.H60,2025-12-04,-2.32
R1.C1.d0.05.s15.maker.H60,2025-12-05,-1.5699999999999998
R1.C1.d0.05.s15.maker.H60,2025-12-06,-19.06
R1.C1.d0.05.s15.maker.H60,2025-12-07,-25.64
R1.C1.d0.05.s15.maker.H60,2025-12-11,-2.340000000000001
R1.C1.d0.05.s15.maker.H60,2025-12-13,-5.29
R1.C1.d0.05.s15.maker.H60,2025-12-14,-36.44
R1.C1.d0.05.s15.maker.H60,2025-12-15,-1.5899999999999999
R1.C1.d0.05.s15.maker.H60,2025-12-16,-5.54
R1.C1.d0.05.s15.maker.H60,2025-12-17,-6.16
R1.C1.d0.05.s15.maker.H60,2025-12-18,-17.67
R1.C1.d0.05.s15.maker.H60,2025-12-19,-2.85
R1.C1.d0.05.s15.maker.H60,2025-12-20,-11.43
R1.C1.d0.05.s15.maker.H60,2025-12-21,-30.34
R1.C1.d0.05.s15.maker.H60,2025-12-22,-1.6500000000000001
R1.C1.d0.05.s15.maker.H60,2025-12-23,-7.159999999999999
R1.C1.d0.05.s15.maker.H60,2025-12-24,-3.2199999999999998
R1.C1.d0.05.s15.maker.H60,2025-12-25,-0.95
R1.C1.d0.05.s15.maker.H60,2025-12-26,-2.29
R1.C1.d0.05.s15.maker.H60,2025-12-27,-18.71
R1.C1.d0.05.s15.maker.H60,2025-12-28,-43.160000000000004
R1.C1.d0.05.s15.maker.H60,2025-12-29,-1.4
R1.C1.d0.05.s15.maker.H60,2025-12-30,-13.91
R1.C1.d0.05.s15.maker.H60,2025-12-31,-21.77
R1.C1.d0.05.s15.maker.H60,2026-01-01,-5.87
R1.C1.d0.05.s15.maker.H60,2026-01-02,-3.34
R1.C1.d0.05.s15.maker.H60,2026-01-03,-4.34
R1.C1.d0.05.s15.maker.H60,2026-01-04,-39.86
R1.C1.d0.05.s15.maker.H60,2026-01-08,-9.469999999999999
R1.C1.d0.05.s15.maker.H60,2026-01-09,-1.6400000000000001
R1.C1.d0.05.s15.maker.H60,2026-01-10,-11.82
R1.C1.d0.05.s15.maker.H60,2026-01-11,-14.77
R1.C1.d0.05.s15.maker.H60,2026-01-12,-4.4
R1.C1.d0.05.s15.maker.H60,2026-01-17,-19.04
R1.C1.d0.05.s15.maker.H60,2026-01-18,-16.75
R1.C1.d0.05.s15.maker.H300,2025-09-08,-6.11
R1.C1.d0.05.s15.maker.H300,2025-09-11,-2.08
R1.C1.d0.05.s15.maker.H300,2025-09-12,-2.71
R1.C1.d0.05.s15.maker.H300,2025-09-13,-9.71
R1.C1.d0.05.s15.maker.H300,2025-09-14,-22.77
R1.C1.d0.05.s15.maker.H300,2025-09-15,-0.12000000000000002
R1.C1.d0.05.s15.maker.H300,2025-09-18,-1.7999999999999998
R1.C1.d0.05.s15.maker.H300,2025-09-19,-8.62
R1.C1.d0.05.s15.maker.H300,2025-09-20,-38.64
R1.C1.d0.05.s15.maker.H300,2025-09-21,-63.97
R1.C1.d0.05.s15.maker.H300,2025-09-22,-3.3899999999999997
R1.C1.d0.05.s15.maker.H300,2025-09-25,-3.1000000000000005
R1.C1.d0.05.s15.maker.H300,2025-09-26,-13.55
R1.C1.d0.05.s15.maker.H300,2025-09-27,-72.01
R1.C1.d0.05.s15.maker.H300,2025-09-28,-66.54
R1.C1.d0.05.s15.maker.H300,2025-09-29,-11.64
R1.C1.d0.05.s15.maker.H300,2025-10-02,-2.7799999999999994
R1.C1.d0.05.s15.maker.H300,2025-10-03,-9.3
R1.C1.d0.05.s15.maker.H300,2025-10-04,-54.33
R1.C1.d0.05.s15.maker.H300,2025-10-05,-12.639999999999999
R1.C1.d0.05.s15.maker.H300,2025-10-06,-1.5
R1.C1.d0.05.s15.maker.H300,2025-10-08,-2.34
R1.C1.d0.05.s15.maker.H300,2025-10-09,0.5700000000000005
R1.C1.d0.05.s15.maker.H300,2025-10-10,-12.55
R1.C1.d0.05.s15.maker.H300,2025-10-11,-32.96
R1.C1.d0.05.s15.maker.H300,2025-10-12,-41.67
R1.C1.d0.05.s15.maker.H300,2025-10-13,-5.71
R1.C1.d0.05.s15.maker.H300,2025-10-14,-1.5999999999999996
R1.C1.d0.05.s15.maker.H300,2025-10-15,-1.0
R1.C1.d0.05.s15.maker.H300,2025-10-16,1.8499999999999994
R1.C1.d0.05.s15.maker.H300,2025-10-17,-15.52
R1.C1.d0.05.s15.maker.H300,2025-10-18,-73.53
R1.C1.d0.05.s15.maker.H300,2025-10-19,-24.59
R1.C1.d0.05.s15.maker.H300,2025-10-20,-2.11
R1.C1.d0.05.s15.maker.H300,2025-10-21,-10.52
R1.C1.d0.05.s15.maker.H300,2025-10-22,-1.7200000000000002
R1.C1.d0.05.s15.maker.H300,2025-10-23,-2.5
R1.C1.d0.05.s15.maker.H300,2025-10-24,0.91
R1.C1.d0.05.s15.maker.H300,2025-10-25,-71.19
R1.C1.d0.05.s15.maker.H300,2025-10-26,-17.78
R1.C1.d0.05.s15.maker.H300,2025-10-27,-0.059999999999999984
R1.C1.d0.05.s15.maker.H300,2025-10-28,-0.13
R1.C1.d0.05.s15.maker.H300,2025-10-29,-2.8000000000000003
R1.C1.d0.05.s15.maker.H300,2025-10-30,-0.62
R1.C1.d0.05.s15.maker.H300,2025-10-31,-2.7
R1.C1.d0.05.s15.maker.H300,2025-11-01,-78.33
R1.C1.d0.05.s15.maker.H300,2025-11-02,-13.91
R1.C1.d0.05.s15.maker.H300,2025-11-03,-4.38
R1.C1.d0.05.s15.maker.H300,2025-11-04,-1.6099999999999999
R1.C1.d0.05.s15.maker.H300,2025-11-05,-2.7
R1.C1.d0.05.s15.maker.H300,2025-11-06,-9.61
R1.C1.d0.05.s15.maker.H300,2025-11-07,-0.99
R1.C1.d0.05.s15.maker.H300,2025-11-08,-40.33
R1.C1.d0.05.s15.maker.H300,2025-11-09,-22.62
R1.C1.d0.05.s15.maker.H300,2025-11-10,-6.84
R1.C1.d0.05.s15.maker.H300,2025-11-11,-4.2
R1.C1.d0.05.s15.maker.H300,2025-11-12,-5.72
R1.C1.d0.05.s15.maker.H300,2025-11-13,0.01
R1.C1.d0.05.s15.maker.H300,2025-11-14,0.7999999999999994
R1.C1.d0.05.s15.maker.H300,2025-11-15,-72.7
R1.C1.d0.05.s15.maker.H300,2025-11-16,-45.55
R1.C1.d0.05.s15.maker.H300,2025-11-17,-0.31
R1.C1.d0.05.s15.maker.H300,2025-11-18,-3.5
R1.C1.d0.05.s15.maker.H300,2025-11-19,-0.19999999999999996
R1.C1.d0.05.s15.maker.H300,2025-11-20,-12.27
R1.C1.d0.05.s15.maker.H300,2025-11-21,-0.02999999999999997
R1.C1.d0.05.s15.maker.H300,2025-11-22,-50.19
R1.C1.d0.05.s15.maker.H300,2025-11-23,-30.009999999999998
R1.C1.d0.05.s15.maker.H300,2025-11-24,-1.19
R1.C1.d0.05.s15.maker.H300,2025-11-25,-1.48
R1.C1.d0.05.s15.maker.H300,2025-11-27,-13.08
R1.C1.d0.05.s15.maker.H300,2025-11-28,-18.33
R1.C1.d0.05.s15.maker.H300,2025-11-29,-22.2
R1.C1.d0.05.s15.maker.H300,2025-11-30,-21.71
R1.C1.d0.05.s15.maker.H300,2025-12-04,-2.63
R1.C1.d0.05.s15.maker.H300,2025-12-05,-12.34
R1.C1.d0.05.s15.maker.H300,2025-12-06,-14.78
R1.C1.d0.05.s15.maker.H300,2025-12-07,-25.62
R1.C1.d0.05.s15.maker.H300,2025-12-11,-0.4300000000000006
R1.C1.d0.05.s15.maker.H300,2025-12-13,-5.87
R1.C1.d0.05.s15.maker.H300,2025-12-14,-18.939999999999998
R1.C1.d0.05.s15.maker.H300,2025-12-15,-1.37
R1.C1.d0.05.s15.maker.H300,2025-12-16,-11.24
R1.C1.d0.05.s15.maker.H300,2025-12-17,-6.79
R1.C1.d0.05.s15.maker.H300,2025-12-18,-21.27
R1.C1.d0.05.s15.maker.H300,2025-12-19,2.12
R1.C1.d0.05.s15.maker.H300,2025-12-20,-10.57
R1.C1.d0.05.s15.maker.H300,2025-12-21,-11.27
R1.C1.d0.05.s15.maker.H300,2025-12-22,-0.77
R1.C1.d0.05.s15.maker.H300,2025-12-23,-3.04
R1.C1.d0.05.s15.maker.H300,2025-12-24,7.340000000000001
R1.C1.d0.05.s15.maker.H300,2025-12-25,-2.39
R1.C1.d0.05.s15.maker.H300,2025-12-26,6.460000000000001
R1.C1.d0.05.s15.maker.H300,2025-12-27,-17.37
R1.C1.d0.05.s15.maker.H300,2025-12-28,-32.47
R1.C1.d0.05.s15.maker.H300,2025-12-29,-3.1099999999999994
R1.C1.d0.05.s15.maker.H300,2025-12-30,-10.19
R1.C1.d0.05.s15.maker.H300,2025-12-31,-21.189999999999998
R1.C1.d0.05.s15.maker.H300,2026-01-01,-0.7099999999999997
R1.C1.d0.05.s15.maker.H300,2026-01-02,-4.12
R1.C1.d0.05.s15.maker.H300,2026-01-03,-3.54
R1.C1.d0.05.s15.maker.H300,2026-01-04,-12.39
R1.C1.d0.05.s15.maker.H300,2026-01-08,-7.92
R1.C1.d0.05.s15.maker.H300,2026-01-09,-2.02
R1.C1.d0.05.s15.maker.H300,2026-01-10,-8.430000000000001
R1.C1.d0.05.s15.maker.H300,2026-01-11,-15.22
R1.C1.d0.05.s15.maker.H300,2026-01-12,-6.41
R1.C1.d0.05.s15.maker.H300,2026-01-17,-14.82
R1.C1.d0.05.s15.maker.H300,2026-01-18,-7.430000000000001
R1.C1.d0.05.s15.maker.settle,2025-09-08,-7.64
R1.C1.d0.05.s15.maker.settle,2025-09-11,-2.49
R1.C1.d0.05.s15.maker.settle,2025-09-12,12.56
R1.C1.d0.05.s15.maker.settle,2025-09-13,25.02
R1.C1.d0.05.s15.maker.settle,2025-09-14,2.2399999999999993
R1.C1.d0.05.s15.maker.settle,2025-09-15,1.0999999999999996
R1.C1.d0.05.s15.maker.settle,2025-09-18,4.63
R1.C1.d0.05.s15.maker.settle,2025-09-19,-1.5899999999999999
R1.C1.d0.05.s15.maker.settle,2025-09-20,30.85
R1.C1.d0.05.s15.maker.settle,2025-09-21,8.34
R1.C1.d0.05.s15.maker.settle,2025-09-22,-7.04
R1.C1.d0.05.s15.maker.settle,2025-09-25,-7.279999999999999
R1.C1.d0.05.s15.maker.settle,2025-09-26,5.35
R1.C1.d0.05.s15.maker.settle,2025-09-27,-34.12
R1.C1.d0.05.s15.maker.settle,2025-09-28,-28.53
R1.C1.d0.05.s15.maker.settle,2025-09-29,6.12
R1.C1.d0.05.s15.maker.settle,2025-10-02,4.75
R1.C1.d0.05.s15.maker.settle,2025-10-03,-0.23000000000000043
R1.C1.d0.05.s15.maker.settle,2025-10-04,8.769999999999998
R1.C1.d0.05.s15.maker.settle,2025-10-05,48.11
R1.C1.d0.05.s15.maker.settle,2025-10-06,6.56
R1.C1.d0.05.s15.maker.settle,2025-10-08,2.82
R1.C1.d0.05.s15.maker.settle,2025-10-09,-11.049999999999999
R1.C1.d0.05.s15.maker.settle,2025-10-10,13.95
R1.C1.d0.05.s15.maker.settle,2025-10-11,34.77
R1.C1.d0.05.s15.maker.settle,2025-10-12,-6.54
R1.C1.d0.05.s15.maker.settle,2025-10-13,10.9
R1.C1.d0.05.s15.maker.settle,2025-10-14,10.58
R1.C1.d0.05.s15.maker.settle,2025-10-15,-1.8999999999999995
R1.C1.d0.05.s15.maker.settle,2025-10-16,-7.74
R1.C1.d0.05.s15.maker.settle,2025-10-17,6.449999999999999
R1.C1.d0.05.s15.maker.settle,2025-10-18,-22.57
R1.C1.d0.05.s15.maker.settle,2025-10-19,1.1599999999999988
R1.C1.d0.05.s15.maker.settle,2025-10-20,0.8499999999999999
R1.C1.d0.05.s15.maker.settle,2025-10-21,4.220000000000001
R1.C1.d0.05.s15.maker.settle,2025-10-22,-6.69
R1.C1.d0.05.s15.maker.settle,2025-10-23,-4.17
R1.C1.d0.05.s15.maker.settle,2025-10-24,-4.47
R1.C1.d0.05.s15.maker.settle,2025-10-25,-31.93
R1.C1.d0.05.s15.maker.settle,2025-10-26,12.8
R1.C1.d0.05.s15.maker.settle,2025-10-27,2.07
R1.C1.d0.05.s15.maker.settle,2025-10-28,2.45
R1.C1.d0.05.s15.maker.settle,2025-10-29,-0.28000000000000025
R1.C1.d0.05.s15.maker.settle,2025-10-30,-17.12
R1.C1.d0.05.s15.maker.settle,2025-10-31,3.75
R1.C1.d0.05.s15.maker.settle,2025-11-01,6.6
R1.C1.d0.05.s15.maker.settle,2025-11-02,-25.8
R1.C1.d0.05.s15.maker.settle,2025-11-03,-5.15
R1.C1.d0.05.s15.maker.settle,2025-11-04,3.85
R1.C1.d0.05.s15.maker.settle,2025-11-05,3.46
R1.C1.d0.05.s15.maker.settle,2025-11-06,7.2
R1.C1.d0.05.s15.maker.settle,2025-11-07,-2.5
R1.C1.d0.05.s15.maker.settle,2025-11-08,29.810000000000002
R1.C1.d0.05.s15.maker.settle,2025-11-09,12.62
R1.C1.d0.05.s15.maker.settle,2025-11-10,-5.15
R1.C1.d0.05.s15.maker.settle,2025-11-11,1.1100000000000003
R1.C1.d0.05.s15.maker.settle,2025-11-12,-3.9799999999999995
R1.C1.d0.05.s15.maker.settle,2025-11-13,1.08
R1.C1.d0.05.s15.maker.settle,2025-11-14,-5.25
R1.C1.d0.05.s15.maker.settle,2025-11-15,20.080000000000002
R1.C1.d0.05.s15.maker.settle,2025-11-16,-6.26
R1.C1.d0.05.s15.maker.settle,2025-11-17,1.18
R1.C1.d0.05.s15.maker.settle,2025-11-18,-0.8200000000000003
R1.C1.d0.05.s15.maker.settle,2025-11-19,-6.46
R1.C1.d0.05.s15.maker.settle,2025-11-20,-13.59
R1.C1.d0.05.s15.maker.settle,2025-11-21,4.55
R1.C1.d0.05.s15.maker.settle,2025-11-22,-8.270000000000001
R1.C1.d0.05.s15.maker.settle,2025-11-23,3.4700000000000006
R1.C1.d0.05.s15.maker.settle,2025-11-24,1.47
R1.C1.d0.05.s15.maker.settle,2025-11-25,3.46
R1.C1.d0.05.s15.maker.settle,2025-11-27,-2.6800000000000006
R1.C1.d0.05.s15.maker.settle,2025-11-28,1.8199999999999994
R1.C1.d0.05.s15.maker.settle,2025-11-29,18.76
R1.C1.d0.05.s15.maker.settle,2025-11-30,-9.92
R1.C1.d0.05.s15.maker.settle,2025-12-04,2.86
R1.C1.d0.05.s15.maker.settle,2025-12-05,-5.94
R1.C1.d0.05.s15.maker.settle,2025-12-06,-1.6999999999999997
R1.C1.d0.05.s15.maker.settle,2025-12-07,17.2
R1.C1.d0.05.s15.maker.settle,2025-12-11,5.85
R1.C1.d0.05.s15.maker.settle,2025-12-13,0.6200000000000001
R1.C1.d0.05.s15.maker.settle,2025-12-14,-9.32
R1.C1.d0.05.s15.maker.settle,2025-12-15,2.56
R1.C1.d0.05.s15.maker.settle,2025-12-16,-3.14
R1.C1.d0.05.s15.maker.settle,2025-12-17,8.7
R1.C1.d0.05.s15.maker.settle,2025-12-18,5.91
R1.C1.d0.05.s15.maker.settle,2025-12-19,-5.5600000000000005
R1.C1.d0.05.s15.maker.settle,2025-12-20,-10.23
R1.C1.d0.05.s15.maker.settle,2025-12-21,-25.880000000000003
R1.C1.d0.05.s15.maker.settle,2025-12-22,6.12
R1.C1.d0.05.s15.maker.settle,2025-12-23,8.26
R1.C1.d0.05.s15.maker.settle,2025-12-24,-6.94
R1.C1.d0.05.s15.maker.settle,2025-12-25,-1.63
R1.C1.d0.05.s15.maker.settle,2025-12-26,-4.14
R1.C1.d0.05.s15.maker.settle,2025-12-27,-0.3900000000000008
R1.C1.d0.05.s15.maker.settle,2025-12-28,4.88
R1.C1.d0.05.s15.maker.settle,2025-12-29,6.93
R1.C1.d0.05.s15.maker.settle,2025-12-30,8.46
R1.C1.d0.05.s15.maker.settle,2025-12-31,1.2699999999999996
R1.C1.d0.05.s15.maker.settle,2026-01-01,13.86
R1.C1.d0.05.s15.maker.settle,2026-01-02,-10.86
R1.C1.d0.05.s15.maker.settle,2026-01-03,0.9099999999999997
R1.C1.d0.05.s15.maker.settle,2026-01-04,-24.950000000000003
R1.C1.d0.05.s15.maker.settle,2026-01-08,2.96
R1.C1.d0.05.s15.maker.settle,2026-01-09,-4.15
R1.C1.d0.05.s15.maker.settle,2026-01-10,-2.7900000000000005
R1.C1.d0.05.s15.maker.settle,2026-01-11,13.75
R1.C1.d0.05.s15.maker.settle,2026-01-12,-5.05
R1.C1.d0.05.s15.maker.settle,2026-01-17,-3.08
R1.C1.d0.05.s15.maker.settle,2026-01-18,0.1200000000000001
R1.C3.mom.taker.H60,2025-09-08,-22.919999999999998
R1.C3.mom.taker.H60,2025-09-11,-35.62
R1.C3.mom.taker.H60,2025-09-12,-48.85
R1.C3.mom.taker.H60,2025-09-13,-451.21
R1.C3.mom.taker.H60,2025-09-14,-266.78000000000003
R1.C3.mom.taker.H60,2025-09-15,-26.740000000000002
R1.C3.mom.taker.H60,2025-09-16,-1.35
R1.C3.mom.taker.H60,2025-09-18,-17.84
R1.C3.mom.taker.H60,2025-09-19,-53.61
R1.C3.mom.taker.H60,2025-09-20,-447.61
R1.C3.mom.taker.H60,2025-09-21,-282.63
R1.C3.mom.taker.H60,2025-09-22,-18.71
R1.C3.mom.taker.H60,2025-09-25,-30.29
R1.C3.mom.taker.H60,2025-09-26,-93.4
R1.C3.mom.taker.H60,2025-09-27,-554.39
R1.C3.mom.taker.H60,2025-09-28,-217.75
R1.C3.mom.taker.H60,2025-09-29,-23.12
R1.C3.mom.taker.H60,2025-10-02,-33.8
R1.C3.mom.taker.H60,2025-10-03,-68.75
R1.C3.mom.taker.H60,2025-10-04,-518.42
R1.C3.mom.taker.H60,2025-10-05,-209.96
R1.C3.mom.taker.H60,2025-10-06,-28.16
R1.C3.mom.taker.H60,2025-10-08,-48.55
R1.C3.mom.taker.H60,2025-10-09,-46.410000000000004
R1.C3.mom.taker.H60,2025-10-10,-77.92
R1.C3.mom.taker.H60,2025-10-11,-523.9
R1.C3.mom.taker.H60,2025-10-12,-269.13
R1.C3.mom.taker.H60,2025-10-13,-51.27
R1.C3.mom.taker.H60,2025-10-14,-77.5
R1.C3.mom.taker.H60,2025-10-15,-37.75
R1.C3.mom.taker.H60,2025-10-16,-30.23
R1.C3.mom.taker.H60,2025-10-17,-72.98
R1.C3.mom.taker.H60,2025-10-18,-578.11
R1.C3.mom.taker.H60,2025-10-19,-225.27
R1.C3.mom.taker.H60,2025-10-20,-19.99
R1.C3.mom.taker.H60,2025-10-21,-37.94
R1.C3.mom.taker.H60,2025-10-22,-37.37
R1.C3.mom.taker.H60,2025-10-23,-42.4
R1.C3.mom.taker.H60,2025-10-24,-52.2
R1.C3.mom.taker.H60,2025-10-25,-552.95
R1.C3.mom.taker.H60,2025-10-26,-86.6
R1.C3.mom.taker.H60,2025-10-27,-7.81
R1.C3.mom.taker.H60,2025-10-28,-34.56
R1.C3.mom.taker.H60,2025-10-29,-63.75
R1.C3.mom.taker.H60,2025-10-30,-36.62
R1.C3.mom.taker.H60,2025-10-31,-9.290000000000001
R1.C3.mom.taker.H60,2025-11-01,-656.13
R1.C3.mom.taker.H60,2025-11-02,-246.83
R1.C3.mom.taker.H60,2025-11-03,-14.12
R1.C3.mom.taker.H60,2025-11-04,-42.64
R1.C3.mom.taker.H60,2025-11-05,-27.8
R1.C3.mom.taker.H60,2025-11-06,-40.96
R1.C3.mom.taker.H60,2025-11-07,-69.64
R1.C3.mom.taker.H60,2025-11-08,-554.98
R1.C3.mom.taker.H60,2025-11-09,-224.78
R1.C3.mom.taker.H60,2025-11-10,-26.37
R1.C3.mom.taker.H60,2025-11-11,-67.85
R1.C3.mom.taker.H60,2025-11-12,-28.48
R1.C3.mom.taker.H60,2025-11-13,-3.41
R1.C3.mom.taker.H60,2025-11-14,-31.09
R1.C3.mom.taker.H60,2025-11-15,-641.27
R1.C3.mom.taker.H60,2025-11-16,-282.73
R1.C3.mom.taker.H60,2025-11-17,-8.11
R1.C3.mom.taker.H60,2025-11-18,-52.55
R1.C3.mom.taker.H60,2025-11-19,-29.15
R1.C3.mom.taker.H60,2025-11-20,-64.04
R1.C3.mom.taker.H60,2025-11-21,-53.02
R1.C3.mom.taker.H60,2025-11-22,-789.58
R1.C3.mom.taker.H60,2025-11-23,-216.37
R1.C3.mom.taker.H60,2025-11-24,-5.8
R1.C3.mom.taker.H60,2025-11-25,-12.7
R1.C3.mom.taker.H60,2025-11-27,-105.21
R1.C3.mom.taker.H60,2025-11-28,-270.41
R1.C3.mom.taker.H60,2025-11-29,-891.13
R1.C3.mom.taker.H60,2025-11-30,-155.44
R1.C3.mom.taker.H60,2025-12-01,-1.12
R1.C3.mom.taker.H60,2025-12-04,-17.580000000000002
R1.C3.mom.taker.H60,2025-12-05,-47.27
R1.C3.mom.taker.H60,2025-12-06,-77.04
R1.C3.mom.taker.H60,2025-12-07,-173.7
R1.C3.mom.taker.H60,2025-12-08,-40.05
R1.C3.mom.taker.H60,2025-12-11,-28.740000000000002
R1.C3.mom.taker.H60,2025-12-13,-77.77
R1.C3.mom.taker.H60,2025-12-14,-205.75
R1.C3.mom.taker.H60,2025-12-15,-13.27
R1.C3.mom.taker.H60,2025-12-16,-35.35
R1.C3.mom.taker.H60,2025-12-17,-67.63
R1.C3.mom.taker.H60,2025-12-18,-54.04
R1.C3.mom.taker.H60,2025-12-19,-32.31
R1.C3.mom.taker.H60,2025-12-20,-73.7
R1.C3.mom.taker.H60,2025-12-21,-232.11
R1.C3.mom.taker.H60,2025-12-22,-21.24
R1.C3.mom.taker.H60,2025-12-23,-78.36
R1.C3.mom.taker.H60,2025-12-24,-33.77
R1.C3.mom.taker.H60,2025-12-25,-39.21
R1.C3.mom.taker.H60,2025-12-26,-43.59
R1.C3.mom.taker.H60,2025-12-27,-185.72
R1.C3.mom.taker.H60,2025-12-28,-184.06
R1.C3.mom.taker.H60,2025-12-29,-32.14
R1.C3.mom.taker.H60,2025-12-30,-82.88
R1.C3.mom.taker.H60,2025-12-31,-119.4
R1.C3.mom.taker.H60,2026-01-01,-50.74
R1.C3.mom.taker.H60,2026-01-02,-45.33
R1.C3.mom.taker.H60,2026-01-03,-31.44
R1.C3.mom.taker.H60,2026-01-04,-227.93
R1.C3.mom.taker.H60,2026-01-08,-43.089999999999996
R1.C3.mom.taker.H60,2026-01-09,-8.57
R1.C3.mom.taker.H60,2026-01-10,-37.38
R1.C3.mom.taker.H60,2026-01-11,-81.48
R1.C3.mom.taker.H60,2026-01-12,-15.73
R1.C3.mom.taker.H60,2026-01-17,-44.42
R1.C3.mom.taker.H60,2026-01-18,-48.54
R1.C3.mom.taker.H300,2025-09-08,-6.38
R1.C3.mom.taker.H300,2025-09-11,-14.43
R1.C3.mom.taker.H300,2025-09-12,-17.79
R1.C3.mom.taker.H300,2025-09-13,-190.93
R1.C3.mom.taker.H300,2025-09-14,-102.09
R1.C3.mom.taker.H300,2025-09-15,-25.060000000000002
R1.C3.mom.taker.H300,2025-09-16,-0.6600000000000001
R1.C3.mom.taker.H300,2025-09-18,-9.66
R1.C3.mom.taker.H300,2025-09-19,-16.580000000000002
R1.C3.mom.taker.H300,2025-09-20,-233.32
R1.C3.mom.taker.H300,2025-09-21,-142.04
R1.C3.mom.taker.H300,2025-09-22,-4.3100000000000005
R1.C3.mom.taker.H300,2025-09-25,-20.71
R1.C3.mom.taker.H300,2025-09-26,-30.71
R1.C3.mom.taker.H300,2025-09-27,-271.7
R1.C3.mom.taker.H300,2025-09-28,-80.66
R1.C3.mom.taker.H300,2025-09-29,-17.85
R1.C3.mom.taker.H300,2025-10-02,-13.46
R1.C3.mom.taker.H300,2025-10-03,-23.669999999999998
R1.C3.mom.taker.H300,2025-10-04,-232.24
R1.C3.mom.taker.H300,2025-10-05,-97.8
R1.C3.mom.taker.H300,2025-10-06,-11.49
R1.C3.mom.taker.H300,2025-10-08,-9.540000000000001
R1.C3.mom.taker.H300,2025-10-09,-17.48
R1.C3.mom.taker.H300,2025-10-10,-32.85
R1.C3.mom.taker.H300,2025-10-11,-221.02
R1.C3.mom.taker.H300,2025-10-12,-132.41
R1.C3.mom.taker.H300,2025-10-13,-38.31
R1.C3.mom.taker.H300,2025-10-14,-23.17
R1.C3.mom.taker.H300,2025-10-15,-14.040000000000001
R1.C3.mom.taker.H300,2025-10-16,-1.2799999999999998
R1.C3.mom.taker.H300,2025-10-17,-46.81
R1.C3.mom.taker.H300,2025-10-18,-241.05
R1.C3.mom.taker.H300,2025-10-19,-102.83
R1.C3.mom.taker.H300,2025-10-20,-12.97
R1.C3.mom.taker.H300,2025-10-21,-18.08
R1.C3.mom.taker.H300,2025-10-22,-22.28
R1.C3.mom.taker.H300,2025-10-23,-18.2
R1.C3.mom.taker.H300,2025-10-24,-8.9
R1.C3.mom.taker.H300,2025-10-25,-282.46
R1.C3.mom.taker.H300,2025-10-26,-45.68
R1.C3.mom.taker.H300,2025-10-27,-4.73
R1.C3.mom.taker.H300,2025-10-28,-12.33
R1.C3.mom.taker.H300,2025-10-29,-15.15
R1.C3.mom.taker.H300,2025-10-30,-14.45
R1.C3.mom.taker.H300,2025-10-31,-1.6000000000000003
R1.C3.mom.taker.H300,2025-11-01,-292.38
R1.C3.mom.taker.H300,2025-11-02,-77.07000000000001
R1.C3.mom.taker.H300,2025-11-03,-7.0
R1.C3.mom.taker.H300,2025-11-04,-12.57
R1.C3.mom.taker.H300,2025-11-05,-10.06
R1.C3.mom.taker.H300,2025-11-06,-21.77
R1.C3.mom.taker.H300,2025-11-07,-19.66
R1.C3.mom.taker.H300,2025-11-08,-228.35999999999999
R1.C3.mom.taker.H300,2025-11-09,-74.6
R1.C3.mom.taker.H300,2025-11-10,-17.8
R1.C3.mom.taker.H300,2025-11-11,-16.26
R1.C3.mom.taker.H300,2025-11-12,-12.65
R1.C3.mom.taker.H300,2025-11-13,-1.58
R1.C3.mom.taker.H300,2025-11-14,-17.419999999999998
R1.C3.mom.taker.H300,2025-11-15,-268.97
R1.C3.mom.taker.H300,2025-11-16,-137.85
R1.C3.mom.taker.H300,2025-11-17,-7.1499999999999995
R1.C3.mom.taker.H300,2025-11-18,-15.55
R1.C3.mom.taker.H300,2025-11-19,-5.63
R1.C3.mom.taker.H300,2025-11-20,-41.42
R1.C3.mom.taker.H300,2025-11-21,-17.4
R1.C3.mom.taker.H300,2025-11-22,-308.76
R1.C3.mom.taker.H300,2025-11-23,-85.67
R1.C3.mom.taker.H300,2025-11-24,-4.06
R1.C3.mom.taker.H300,2025-11-25,-6.920000000000001
R1.C3.mom.taker.H300,2025-11-27,-32.2
R1.C3.mom.taker.H300,2025-11-28,-111.79
R1.C3.mom.taker.H300,2025-11-29,-361.33
R1.C3.mom.taker.H300,2025-11-30,-79.45
R1.C3.mom.taker.H300,2025-12-01,-0.58
R1.C3.mom.taker.H300,2025-12-04,-13.31
R1.C3.mom.taker.H300,2025-12-05,-32.46
R1.C3.mom.taker.H300,2025-12-06,-40.01
R1.C3.mom.taker.H300,2025-12-07,-92.62
R1.C3.mom.taker.H300,2025-12-08,-10.27
R1.C3.mom.taker.H300,2025-12-11,-23.47
R1.C3.mom.taker.H300,2025-12-13,-41.870000000000005
R1.C3.mom.taker.H300,2025-12-14,-81.48
R1.C3.mom.taker.H300,2025-12-15,-5.43
R1.C3.mom.taker.H300,2025-12-16,-22.49
R1.C3.mom.taker.H300,2025-12-17,-30.42
R1.C3.mom.taker.H300,2025-12-18,-1.2500000000000009
R1.C3.mom.taker.H300,2025-12-19,-10.879999999999999
R1.C3.mom.taker.H300,2025-12-20,-28.03
R1.C3.mom.taker.H300,2025-12-21,-90.97
R1.C3.mom.taker.H300,2025-12-22,-10.47
R1.C3.mom.taker.H300,2025-12-23,-40.2
R1.C3.mom.taker.H300,2025-12-24,-11.38
R1.C3.mom.taker.H300,2025-12-25,-16.68
R1.C3.mom.taker.H300,2025-12-26,-9.799999999999999
R1.C3.mom.taker.H300,2025-12-27,-82.05
R1.C3.mom.taker.H300,2025-12-28,-91.97
R1.C3.mom.taker.H300,2025-12-29,-8.11
R1.C3.mom.taker.H300,2025-12-30,-34.870000000000005
R1.C3.mom.taker.H300,2025-12-31,-58.83
R1.C3.mom.taker.H300,2026-01-01,-21.95
R1.C3.mom.taker.H300,2026-01-02,-18.72
R1.C3.mom.taker.H300,2026-01-03,-22.28
R1.C3.mom.taker.H300,2026-01-04,-128.33
R1.C3.mom.taker.H300,2026-01-08,-15.82
R1.C3.mom.taker.H300,2026-01-09,-3.81
R1.C3.mom.taker.H300,2026-01-10,-16.66
R1.C3.mom.taker.H300,2026-01-11,-36.52
R1.C3.mom.taker.H300,2026-01-12,-8.68
R1.C3.mom.taker.H300,2026-01-17,-21.0
R1.C3.mom.taker.H300,2026-01-18,-14.59
R1.C3.mom.taker.settle,2025-09-08,-7.54
R1.C3.mom.taker.settle,2025-09-11,-2.0300000000000002
R1.C3.mom.taker.settle,2025-09-12,4.0200000000000005
R1.C3.mom.taker.settle,2025-09-13,-8.6
R1.C3.mom.taker.settle,2025-09-14,-5.33
R1.C3.mom.taker.settle,2025-09-15,1.6499999999999995
R1.C3.mom.taker.settle,2025-09-18,2.9299999999999997
R1.C3.mom.taker.settle,2025-09-19,-13.32
R1.C3.mom.taker.settle,2025-09-20,-11.629999999999999
R1.C3.mom.taker.settle,2025-09-21,-29.92
R1.C3.mom.taker.settle,2025-09-22,-7.54
R1.C3.mom.taker.settle,2025-09-25,-4.55
R1.C3.mom.taker.settle,2025-09-26,-16.35
R1.C3.mom.taker.settle,2025-09-27,-20.740000000000002
R1.C3.mom.taker.settle,2025-09-28,-4.970000000000001
R1.C3.mom.taker.settle,2025-09-29,-9.65
R1.C3.mom.taker.settle,2025-10-02,8.66
R1.C3.mom.taker.settle,2025-10-03,12.4
R1.C3.mom.taker.settle,2025-10-04,-36.78
R1.C3.mom.taker.settle,2025-10-05,-25.9
R1.C3.mom.taker.settle,2025-10-06,6.54
R1.C3.mom.taker.settle,2025-10-08,-2.83
R1.C3.mom.taker.settle,2025-10-09,-4.52
R1.C3.mom.taker.settle,2025-10-10,1.29
R1.C3.mom.taker.settle,2025-10-11,37.010000000000005
R1.C3.mom.taker.settle,2025-10-12,-20.150000000000002
R1.C3.mom.taker.settle,2025-10-13,-2.13
R1.C3.mom.taker.settle,2025-10-14,0.10000000000000009
R1.C3.mom.taker.settle,2025-10-15,10.94
R1.C3.mom.taker.settle,2025-10-16,8.6
R1.C3.mom.taker.settle,2025-10-17,-7.0
R1.C3.mom.taker.settle,2025-10-18,-20.750000000000004
R1.C3.mom.taker.settle,2025-10-19,-26.01
R1.C3.mom.taker.settle,2025-10-20,-0.16999999999999993
R1.C3.mom.taker.settle,2025-10-21,4.12
R1.C3.mom.taker.settle,2025-10-22,-3.6499999999999995
R1.C3.mom.taker.settle,2025-10-23,-1.29
R1.C3.mom.taker.settle,2025-10-24,-2.74
R1.C3.mom.taker.settle,2025-10-25,-5.210000000000002
R1.C3.mom.taker.settle,2025-10-26,2.62
R1.C3.mom.taker.settle,2025-10-27,-2.74
R1.C3.mom.taker.settle,2025-10-28,2.06
R1.C3.mom.taker.settle,2025-10-29,6.28
R1.C3.mom.taker.settle,2025-10-30,-17.91
R1.C3.mom.taker.settle,2025-10-31,3.53
R1.C3.mom.taker.settle,2025-11-01,-52.58
R1.C3.mom.taker.settle,2025-11-02,-33.4
R1.C3.mom.taker.settle,2025-11-03,-6.17
R1.C3.mom.taker.settle,2025-11-04,2.77
R1.C3.mom.taker.settle,2025-11-05,1.6500000000000001
R1.C3.mom.taker.settle,2025-11-06,-1.0600000000000003
R1.C3.mom.taker.settle,2025-11-07,-3.8800000000000003
R1.C3.mom.taker.settle,2025-11-08,-2.420000000000001
R1.C3.mom.taker.settle,2025-11-09,25.15
R1.C3.mom.taker.settle,2025-11-10,3.53
R1.C3.mom.taker.settle,2025-11-11,2.4800000000000004
R1.C3.mom.taker.settle,2025-11-12,-5.15
R1.C3.mom.taker.settle,2025-11-13,-1.6400000000000001
R1.C3.mom.taker.settle,2025-11-14,4.52
R1.C3.mom.taker.settle,2025-11-15,-3.9000000000000017
R1.C3.mom.taker.settle,2025-11-16,-8.100000000000001
R1.C3.mom.taker.settle,2025-11-17,3.34
R1.C3.mom.taker.settle,2025-11-18,0.0
R1.C3.mom.taker.settle,2025-11-19,-4.760000000000001
R1.C3.mom.taker.settle,2025-11-20,12.780000000000001
R1.C3.mom.taker.settle,2025-11-21,0.8500000000000005
R1.C3.mom.taker.settle,2025-11-22,-13.56
R1.C3.mom.taker.settle,2025-11-23,0.16000000000000014
R1.C3.mom.taker.settle,2025-11-24,-2.01
R1.C3.mom.taker.settle,2025-11-25,-3.09
R1.C3.mom.taker.settle,2025-11-27,14.67
R1.C3.mom.taker.settle,2025-11-28,11.870000000000001
R1.C3.mom.taker.settle,2025-11-29,-72.66
R1.C3.mom.taker.settle,2025-11-30,-3.4800000000000004
R1.C3.mom.taker.settle,2025-12-01,1.31
R1.C3.mom.taker.settle,2025-12-04,-4.27
R1.C3.mom.taker.settle,2025-12-05,1.8199999999999998
R1.C3.mom.taker.settle,2025-12-06,2.990000000000001
R1.C3.mom.taker.settle,2025-12-07,-0.3000000000000007
R1.C3.mom.taker.settle,2025-12-08,-4.78
R1.C3.mom.taker.settle,2025-12-11,6.23
R1.C3.mom.taker.settle,2025-12-13,-8.03
R1.C3.mom.taker.settle,2025-12-14,-4.999999999999999
R1.C3.mom.taker.settle,2025-12-15,-3.87
R1.C3.mom.taker.settle,2025-12-16,-3.05
R1.C3.mom.taker.settle,2025-12-17,-1.9400000000000004
R1.C3.mom.taker.settle,2025-12-18,-0.9300000000000002
R1.C3.mom.taker.settle,2025-12-19,0.48999999999999977
R1.C3.mom.taker.settle,2025-12-20,-5.41
R1.C3.mom.taker.settle,2025-12-21,-33.85
R1.C3.mom.taker.settle,2025-12-22,6.28
R1.C3.mom.taker.settle,2025-12-23,9.77
R1.C3.mom.taker.settle,2025-12-24,-6.17
R1.C3.mom.taker.settle,2025-12-25,6.529999999999999
R1.C3.mom.taker.settle,2025-12-26,-8.0
R1.C3.mom.taker.settle,2025-12-27,-1.9299999999999997
R1.C3.mom.taker.settle,2025-12-28,3.1399999999999992
R1.C3.mom.taker.settle,2025-12-29,3.8200000000000003
R1.C3.mom.taker.settle,2025-12-30,-12.620000000000001
R1.C3.mom.taker.settle,2025-12-31,7.790000000000001
R1.C3.mom.taker.settle,2026-01-01,14.18
R1.C3.mom.taker.settle,2026-01-02,-1.1600000000000001
R1.C3.mom.taker.settle,2026-01-03,5.709999999999999
R1.C3.mom.taker.settle,2026-01-04,-17.67
R1.C3.mom.taker.settle,2026-01-08,3.24
R1.C3.mom.taker.settle,2026-01-09,-3.56
R1.C3.mom.taker.settle,2026-01-10,5.16
R1.C3.mom.taker.settle,2026-01-11,-7.129999999999999
R1.C3.mom.taker.settle,2026-01-12,-5.58
R1.C3.mom.taker.settle,2026-01-17,-3.0100000000000002
R1.C3.mom.taker.settle,2026-01-18,-0.69
R1.C3.mom.maker.H60,2025-09-08,-15.92
R1.C3.mom.maker.H60,2025-09-11,-25.61
R1.C3.mom.maker.H60,2025-09-12,-30.71
R1.C3.mom.maker.H60,2025-09-13,-401.72
R1.C3.mom.maker.H60,2025-09-14,-205.65
R1.C3.mom.maker.H60,2025-09-15,-23.67
R1.C3.mom.maker.H60,2025-09-16,-1.01
R1.C3.mom.maker.H60,2025-09-18,-15.01
R1.C3.mom.maker.H60,2025-09-19,-33.37
R1.C3.mom.maker.H60,2025-09-20,-315.28
R1.C3.mom.maker.H60,2025-09-21,-184.23
R1.C3.mom.maker.H60,2025-09-22,-10.290000000000001
R1.C3.mom.maker.H60,2025-09-25,-16.31
R1.C3.mom.maker.H60,2025-09-26,-48.71
R1.C3.mom.maker.H60,2025-09-27,-339.81
R1.C3.mom.maker.H60,2025-09-28,-125.51
R1.C3.mom.maker.H60,2025-09-29,-15.59
R1.C3.mom.maker.H60,2025-10-02,-31.18
R1.C3.mom.maker.H60,2025-10-03,-46.92
R1.C3.mom.maker.H60,2025-10-04,-429.39
R1.C3.mom.maker.H60,2025-10-05,-123.17
R1.C3.mom.maker.H60,2025-10-06,-10.709999999999999
R1.C3.mom.maker.H60,2025-10-08,-30.23
R1.C3.mom.maker.H60,2025-10-09,-32.44
R1.C3.mom.maker.H60,2025-10-10,-56.38
R1.C3.mom.maker.H60,2025-10-11,-366.02
R1.C3.mom.maker.H60,2025-10-12,-155.29
R1.C3.mom.maker.H60,2025-10-13,-35.8
R1.C3.mom.maker.H60,2025-10-14,-64.6
R1.C3.mom.maker.H60,2025-10-15,-32.77
R1.C3.mom.maker.H60,2025-10-16,-19.73
R1.C3.mom.maker.H60,2025-10-17,-48.57
R1.C3.mom.maker.H60,2025-10-18,-427.66
R1.C3.mom.maker.H60,2025-10-19,-159.98
R1.C3.mom.maker.H60,2025-10-20,-14.48
R1.C3.mom.maker.H60,2025-10-21,-45.51
R1.C3.mom.maker.H60,2025-10-22,-29.37
R1.C3.mom.maker.H60,2025-10-23,-33.28
R1.C3.mom.maker.H60,2025-10-24,-34.62
R1.C3.mom.maker.H60,2025-10-25,-396.92
R1.C3.mom.maker.H60,2025-10-26,-54.16
R1.C3.mom.maker.H60,2025-10-27,-5.16
R1.C3.mom.maker.H60,2025-10-28,-26.19
R1.C3.mom.maker.H60,2025-10-29,-39.66
R1.C3.mom.maker.H60,2025-10-30,-24.81
R1.C3.mom.maker.H60,2025-10-31,-3.76
R1.C3.mom.maker.H60,2025-11-01,-478.61
R1.C3.mom.maker.H60,2025-11-02,-155.02
R1.C3.mom.maker.H60,2025-11-03,-7.28
R1.C3.mom.maker.H60,2025-11-04,-28.49
R1.C3.mom.maker.H60,2025-11-05,-9.430000000000001
R1.C3.mom.maker.H60,2025-11-06,-29.55
R1.C3.mom.maker.H60,2025-11-07,-38.66
R1.C3.mom.maker.H60,2025-11-08,-361.9
R1.C3.mom.maker.H60,2025-11-09,-135.64
R1.C3.mom.maker.H60,2025-11-10,-16.95
R1.C3.mom.maker.H60,2025-11-11,-36.21
R1.C3.mom.maker.H60,2025-11-12,-15.12
R1.C3.mom.maker.H60,2025-11-13,-3.12
R1.C3.mom.maker.H60,2025-11-14,-18.560000000000002
R1.C3.mom.maker.H60,2025-11-15,-468.56
R1.C3.mom.maker.H60,2025-11-16,-190.05
R1.C3.mom.maker.H60,2025-11-17,-4.32
R1.C3.mom.maker.H60,2025-11-18,-29.26
R1.C3.mom.maker.H60,2025-11-19,-15.23
R1.C3.mom.maker.H60,2025-11-20,-46.48
R1.C3.mom.maker.H60,2025-11-21,-41.6
R1.C3.mom.maker.H60,2025-11-22,-563.17
R1.C3.mom.maker.H60,2025-11-23,-120.4
R1.C3.mom.maker.H60,2025-11-24,-4.83
R1.C3.mom.maker.H60,2025-11-25,-11.41
R1.C3.mom.maker.H60,2025-11-27,-69.56
R1.C3.mom.maker.H60,2025-11-28,-181.63
R1.C3.mom.maker.H60,2025-11-29,-691.93
R1.C3.mom.maker.H60,2025-11-30,-92.03
R1.C3.mom.maker.H60,2025-12-01,-5.2700000000000005
R1.C3.mom.maker.H60,2025-12-04,-10.02
R1.C3.mom.maker.H60,2025-12-05,-23.76
R1.C3.mom.maker.H60,2025-12-06,-40.57
R1.C3.mom.maker.H60,2025-12-07,-101.93
R1.C3.mom.maker.H60,2025-12-08,-27.55
R1.C3.mom.maker.H60,2025-12-11,-30.03
R1.C3.mom.maker.H60,2025-12-13,-41.74
R1.C3.mom.maker.H60,2025-12-14,-121.92
R1.C3.mom.maker.H60,2025-12-15,-9.68
R1.C3.mom.maker.H60,2025-12-16,-23.14
R1.C3.mom.maker.H60,2025-12-17,-43.980000000000004
R1.C3.mom.maker.H60,2025-12-18,-38.97
R1.C3.mom.maker.H60,2025-12-19,-20.33
R1.C3.mom.maker.H60,2025-12-20,-48.06
R1.C3.mom.maker.H60,2025-12-21,-140.18
R1.C3.mom.maker.H60,2025-12-22,-14.09
R1.C3.mom.maker.H60,2025-12-23,-54.08
R1.C3.mom.maker.H60,2025-12-24,-19.11
R1.C3.mom.maker.H60,2025-12-25,-21.94
R1.C3.mom.maker.H60,2025-12-26,-12.33
R1.C3.mom.maker.H60,2025-12-27,-114.75
R1.C3.mom.maker.H60,2025-12-28,-135.91
R1.C3.mom.maker.H60,2025-12-29,-22.74
R1.C3.mom.maker.H60,2025-12-30,-50.81
R1.C3.mom.maker.H60,2025-12-31,-80.46000000000001
R1.C3.mom.maker.H60,2026-01-01,-28.14
R1.C3.mom.maker.H60,2026-01-02,-28.330000000000002
R1.C3.mom.maker.H60,2026-01-03,-22.35
R1.C3.mom.maker.H60,2026-01-04,-138.19
R1.C3.mom.maker.H60,2026-01-08,-22.990000000000002
R1.C3.mom.maker.H60,2026-01-09,-4.79
R1.C3.mom.maker.H60,2026-01-10,-20.21
R1.C3.mom.maker.H60,2026-01-11,-52.99
R1.C3.mom.maker.H60,2026-01-12,-8.58
R1.C3.mom.maker.H60,2026-01-17,-30.66
R1.C3.mom.maker.H60,2026-01-18,-33.76
R1.C3.mom.maker.H300,2025-09-08,-3.21
R1.C3.mom.maker.H300,2025-09-11,-9.879999999999999
R1.C3.mom.maker.H300,2025-09-12,-9.9
R1.C3.mom.maker.H300,2025-09-13,-196.96
R1.C3.mom.maker.H300,2025-09-14,-68.28
R1.C3.mom.maker.H300,2025-09-15,-4.830000000000001
R1.C3.mom.maker.H300,2025-09-16,-0.61
R1.C3.mom.maker.H300,2025-09-18,-10.23
R1.C3.mom.maker.H300,2025-09-19,-6.36
R1.C3.mom.maker.H300,2025-09-20,-129.36
R1.C3.mom.maker.H300,2025-09-21,-101.15
R1.C3.mom.maker.H300,2025-09-22,-2.0900000000000003
R1.C3.mom.maker.H300,2025-09-25,-17.76
R1.C3.mom.maker.H300,2025-09-26,-14.7
R1.C3.mom.maker.H300,2025-09-27,-181.12
R1.C3.mom.maker.H300,2025-09-28,-44.77
R1.C3.mom.maker.H300,2025-09-29,-11.3
R1.C3.mom.maker.H300,2025-10-02,-19.12
R1.C3.mom.maker.H300,2025-10-03,-13.45
R1.C3.mom.maker.H300,2025-10-04,-204.38
R1.C3.mom.maker.H300,2025-10-05,-80.15
R1.C3.mom.maker.H300,2025-10-06,-13.97
R1.C3.mom.maker.H300,2025-10-08,-27.22
R1.C3.mom.maker.H300,2025-10-09,-7.76
R1.C3.mom.maker.H300,2025-10-10,-26.17
R1.C3.mom.maker.H300,2025-10-11,-140.39
R1.C3.mom.maker.H300,2025-10-12,-92.59
R1.C3.mom.maker.H300,2025-10-13,-33.92
R1.C3.mom.maker.H300,2025-10-14,-11.64
R1.C3.mom.maker.H300,2025-10-15,-12.68
R1.C3.mom.maker.H300,2025-10-16,-0.13000000000000017
R1.C3.mom.maker.H300,2025-10-17,-37.01
R1.C3.mom.maker.H300,2025-10-18,-191.95000000000002
R1.C3.mom.maker.H300,2025-10-19,-66.58
R1.C3.mom.maker.H300,2025-10-20,-9.79
R1.C3.mom.maker.H300,2025-10-21,-13.23
R1.C3.mom.maker.H300,2025-10-22,-22.48
R1.C3.mom.maker.H300,2025-10-23,-17.57
R1.C3.mom.maker.H300,2025-10-24,-3.9299999999999993
R1.C3.mom.maker.H300,2025-10-25,-215.04
R1.C3.mom.maker.H300,2025-10-26,-27.13
R1.C3.mom.maker.H300,2025-10-27,-3.1100000000000003
R1.C3.mom.maker.H300,2025-10-28,-12.53
R1.C3.mom.maker.H300,2025-10-29,-19.66
R1.C3.mom.maker.H300,2025-10-30,-10.39
R1.C3.mom.maker.H300,2025-10-31,0.32999999999999996
R1.C3.mom.maker.H300,2025-11-01,-222.28
R1.C3.mom.maker.H300,2025-11-02,-33.83
R1.C3.mom.maker.H300,2025-11-03,-7.66
R1.C3.mom.maker.H300,2025-11-04,-11.46
R1.C3.mom.maker.H300,2025-11-05,-4.41
R1.C3.mom.maker.H300,2025-11-06,-18.53
R1.C3.mom.maker.H300,2025-11-07,-17.47
R1.C3.mom.maker.H300,2025-11-08,-157.22
R1.C3.mom.maker.H300,2025-11-09,-63.79
R1.C3.mom.maker.H300,2025-11-10,-13.200000000000001
R1.C3.mom.maker.H300,2025-11-11,-9.26
R1.C3.mom.maker.H300,2025-11-12,-11.93
R1.C3.mom.maker.H300,2025-11-13,-1.47
R1.C3.mom.maker.H300,2025-11-14,-9.25
R1.C3.mom.maker.H300,2025-11-15,-226.81
R1.C3.mom.maker.H300,2025-11-16,-94.75
R1.C3.mom.maker.H300,2025-11-17,-4.51
R1.C3.mom.maker.H300,2025-11-18,-11.88
R1.C3.mom.maker.H300,2025-11-19,-2.0799999999999996
R1.C3.mom.maker.H300,2025-11-20,-35.32
R1.C3.mom.maker.H300,2025-11-21,-14.59
R1.C3.mom.maker.H300,2025-11-22,-296.95
R1.C3.mom.maker.H300,2025-11-23,-55.14
R1.C3.mom.maker.H300,2025-11-24,-3.88
R1.C3.mom.maker.H300,2025-11-25,-4.8
R1.C3.mom.maker.H300,2025-11-27,-23.66
R1.C3.mom.maker.H300,2025-11-28,-76.4
R1.C3.mom.maker.H300,2025-11-29,-318.6
R1.C3.mom.maker.H300,2025-11-30,-43.58
R1.C3.mom.maker.H300,2025-12-01,-0.26
R1.C3.mom.maker.H300,2025-12-04,-6.9399999999999995
R1.C3.mom.maker.H300,2025-12-05,-13.12
R1.C3.mom.maker.H300,2025-12-06,-30.68
R1.C3.mom.maker.H300,2025-12-07,-57.04
R1.C3.mom.maker.H300,2025-12-08,-21.450000000000003
R1.C3.mom.maker.H300,2025-12-11,-5.0200000000000005
R1.C3.mom.maker.H300,2025-12-13,-20.99
R1.C3.mom.maker.H300,2025-12-14,-50.15
R1.C3.mom.maker.H300,2025-12-15,-3.78
R1.C3.mom.maker.H300,2025-12-16,-19.92
R1.C3.mom.maker.H300,2025-12-17,-25.6
R1.C3.mom.maker.H300,2025-12-18,-21.470000000000002
R1.C3.mom.maker.H300,2025-12-19,-7.93
R1.C3.mom.maker.H300,2025-12-20,-18.5
R1.C3.mom.maker.H300,2025-12-21,-53.93
R1.C3.mom.maker.H300,2025-12-22,-8.08
R1.C3.mom.maker.H300,2025-12-23,-26.73
R1.C3.mom.maker.H300,2025-12-24,6.14
R1.C3.mom.maker.H300,2025-12-25,-11.45
R1.C3.mom.maker.H300,2025-12-26,-3.2200000000000006
R1.C3.mom.maker.H300,2025-12-27,-47.04
R1.C3.mom.maker.H300,2025-12-28,-58.48
R1.C3.mom.maker.H300,2025-12-29,-4.1
R1.C3.mom.maker.H300,2025-12-30,-27.45
R1.C3.mom.maker.H300,2025-12-31,-38.75
R1.C3.mom.maker.H300,2026-01-01,-14.43
R1.C3.mom.maker.H300,2026-01-02,-11.45
R1.C3.mom.maker.H300,2026-01-03,-16.05
R1.C3.mom.maker.H300,2026-01-04,-90.92
R1.C3.mom.maker.H300,2026-01-08,-11.99
R1.C3.mom.maker.H300,2026-01-09,-2.25
R1.C3.mom.maker.H300,2026-01-10,-10.02
R1.C3.mom.maker.H300,2026-01-11,-18.72
R1.C3.mom.maker.H300,2026-01-12,-4.96
R1.C3.mom.maker.H300,2026-01-17,-16.6
R1.C3.mom.maker.H300,2026-01-18,-5.109999999999999
R1.C3.mom.maker.settle,2025-09-08,-7.44
R1.C3.mom.maker.settle,2025-09-11,-1.4900000000000002
R1.C3.mom.maker.settle,2025-09-12,3.5500000000000003
R1.C3.mom.maker.settle,2025-09-13,-1.3499999999999988
R1.C3.mom.maker.settle,2025-09-14,-5.800000000000001
R1.C3.mom.maker.settle,2025-09-15,1.5000000000000004
R1.C3.mom.maker.settle,2025-09-18,3.33
R1.C3.mom.maker.settle,2025-09-19,-0.5899999999999999
R1.C3.mom.maker.settle,2025-09-20,35.49
R1.C3.mom.maker.settle,2025-09-21,-27.09
R1.C3.mom.maker.settle,2025-09-22,-7.34
R1.C3.mom.maker.settle,2025-09-25,-4.57
R1.C3.mom.maker.settle,2025-09-26,-15.629999999999999
R1.C3.mom.maker.settle,2025-09-27,-24.110000000000003
R1.C3.mom.maker.settle,2025-09-28,-3.2200000000000006
R1.C3.mom.maker.settle,2025-09-29,-9.2
R1.C3.mom.maker.settle,2025-10-02,8.91
R1.C3.mom.maker.settle,2025-10-03,13.16
R1.C3.mom.maker.settle,2025-10-04,-27.26
R1.C3.mom.maker.settle,2025-10-05,-23.979999999999997
R1.C3.mom.maker.settle,2025-10-06,6.76
R1.C3.mom.maker.settle,2025-10-08,8.11
R1.C3.mom.maker.settle,2025-10-09,6.8999999999999995
R1.C3.mom.maker.settle,2025-10-10,1.5599999999999996
R1.C3.mom.maker.settle,2025-10-11,44.5
R1.C3.mom.maker.settle,2025-10-12,-9.46
R1.C3.mom.maker.settle,2025-10-13,-1.6900000000000004
R1.C3.mom.maker.settle,2025-10-14,0.37999999999999945
R1.C3.mom.maker.settle,2025-10-15,10.7
R1.C3.mom.maker.settle,2025-10-16,8.74
R1.C3.mom.maker.settle,2025-10-17,-6.57
R1.C3.mom.maker.settle,2025-10-18,-4.570000000000003
R1.C3.mom.maker.settle,2025-10-19,-24.6
R1.C3.mom.maker.settle,2025-10-20,0.1200000000000001
R1.C3.mom.maker.settle,2025-10-21,4.42
R1.C3.mom.maker.settle,2025-10-22,-2.9699999999999998
R1.C3.mom.maker.settle,2025-10-23,-0.98
R1.C3.mom.maker.settle,2025-10-24,-2.5700000000000003
R1.C3.mom.maker.settle,2025-10-25,9.99
R1.C3.mom.maker.settle,2025-10-26,4.300000000000002
R1.C3.mom.maker.settle,2025-10-27,-2.54
R1.C3.mom.maker.settle,2025-10-28,2.25
R1.C3.mom.maker.settle,2025-10-29,6.22
R1.C3.mom.maker.settle,2025-10-30,-17.509999999999998
R1.C3.mom.maker.settle,2025-10-31,3.75
R1.C3.mom.maker.settle,2025-11-01,-25.53
R1.C3.mom.maker.settle,2025-11-02,-31.64
R1.C3.mom.maker.settle,2025-11-03,-5.95
R1.C3.mom.maker.settle,2025-11-04,1.93
R1.C3.mom.maker.settle,2025-11-05,1.93
R1.C3.mom.maker.settle,2025-11-06,-0.5300000000000002
R1.C3.mom.maker.settle,2025-11-07,-3.73
R1.C3.mom.maker.settle,2025-11-08,8.239999999999998
R1.C3.mom.maker.settle,2025-11-09,26.67
R1.C3.mom.maker.settle,2025-11-10,3.75
R1.C3.mom.maker.settle,2025-11-11,2.91
R1.C3.mom.maker.settle,2025-11-12,-1.5099999999999998
R1.C3.mom.maker.settle,2025-11-13,-1.2700000000000002
R1.C3.mom.maker.settle,2025-11-14,4.95
R1.C3.mom.maker.settle,2025-11-15,19.22
R1.C3.mom.maker.settle,2025-11-16,-6.68
R1.C3.mom.maker.settle,2025-11-17,3.55
R1.C3.mom.maker.settle,2025-11-18,0.5799999999999992
R1.C3.mom.maker.settle,2025-11-19,-4.67
R1.C3.mom.maker.settle,2025-11-20,13.52
R1.C3.mom.maker.settle,2025-11-21,0.9000000000000004
R1.C3.mom.maker.settle,2025-11-22,-36.11
R1.C3.mom.maker.settle,2025-11-23,1.8500000000000003
R1.C3.mom.maker.settle,2025-11-24,-2.03
R1.C3.mom.maker.settle,2025-11-25,-2.75
R1.C3.mom.maker.settle,2025-11-27,15.12
R1.C3.mom.maker.settle,2025-11-28,14.389999999999999
R1.C3.mom.maker.settle,2025-11-29,-54.97
R1.C3.mom.maker.settle,2025-11-30,-2.41
R1.C3.mom.maker.settle,2025-12-01,1.47
R1.C3.mom.maker.settle,2025-12-04,-4.05
R1.C3.mom.maker.settle,2025-12-05,1.54
R1.C3.mom.maker.settle,2025-12-06,4.180000000000001
R1.C3.mom.maker.settle,2025-12-07,1.3900000000000006
R1.C3.mom.maker.settle,2025-12-08,-4.35
R1.C3.mom.maker.settle,2025-12-11,6.46
R1.C3.mom.maker.settle,2025-12-13,3.9799999999999995
R1.C3.mom.maker.settle,2025-12-14,-4.039999999999999
R1.C3.mom.maker.settle,2025-12-15,-3.65
R1.C3.mom.maker.settle,2025-12-16,-2.84
R1.C3.mom.maker.settle,2025-12-17,-1.6000000000000005
R1.C3.mom.maker.settle,2025-12-18,-0.69
R1.C3.mom.maker.settle,2025-12-19,-0.22999999999999976
R1.C3.mom.maker.settle,2025-12-20,-4.87
R1.C3.mom.maker.settle,2025-12-21,-19.11
R1.C3.mom.maker.settle,2025-12-22,6.72
R1.C3.mom.maker.settle,2025-12-23,10.280000000000001
R1.C3.mom.maker.settle,2025-12-24,-5.95
R1.C3.mom.maker.settle,2025-12-25,7.1
R1.C3.mom.maker.settle,2025-12-26,-7.54
R1.C3.mom.maker.settle,2025-12-27,-0.3199999999999994
R1.C3.mom.maker.settle,2025-12-28,4.690000000000001
R1.C3.mom.maker.settle,2025-12-29,4.22
R1.C3.mom.maker.settle,2025-12-30,-12.12
R1.C3.mom.maker.settle,2025-12-31,8.77
R1.C3.mom.maker.settle,2026-01-01,14.65
R1.C3.mom.maker.settle,2026-01-02,-0.3600000000000003
R1.C3.mom.maker.settle,2026-01-03,6.119999999999999
R1.C3.mom.maker.settle,2026-01-04,-27.240000000000002
R1.C3.mom.maker.settle,2026-01-08,3.36
R1.C3.mom.maker.settle,2026-01-09,-3.34
R1.C3.mom.maker.settle,2026-01-10,5.53
R1.C3.mom.maker.settle,2026-01-11,-6.550000000000001
R1.C3.mom.maker.settle,2026-01-12,-5.45
R1.C3.mom.maker.settle,2026-01-17,-2.3899999999999997
R1.C3.mom.maker.settle,2026-01-18,-0.18000000000000016
R1.C3.rev.taker.H60,2025-09-08,-30.05
R1.C3.rev.taker.H60,2025-09-11,-36.83
R1.C3.rev.taker.H60,2025-09-12,-50.75
R1.C3.rev.taker.H60,2025-09-13,-469.05
R1.C3.rev.taker.H60,2025-09-14,-366.73
R1.C3.rev.taker.H60,2025-09-15,-55.29
R1.C3.rev.taker.H60,2025-09-16,-2.04
R1.C3.rev.taker.H60,2025-09-18,-25.32
R1.C3.rev.taker.H60,2025-09-19,-80.23
R1.C3.rev.taker.H60,2025-09-20,-509.74
R1.C3.rev.taker.H60,2025-09-21,-309.82
R1.C3.rev.taker.H60,2025-09-22,-36.39
R1.C3.rev.taker.H60,2025-09-25,-20.36
R1.C3.rev.taker.H60,2025-09-26,-117.29
R1.C3.rev.taker.H60,2025-09-27,-747.8100000000001
R1.C3.rev.taker.H60,2025-09-28,-277.65
R1.C3.rev.taker.H60,2025-09-29,-24.2
R1.C3.rev.taker.H60,2025-10-02,-82.25
R1.C3.rev.taker.H60,2025-10-03,-65.56
R1.C3.rev.taker.H60,2025-10-04,-524.23
R1.C3.rev.taker.H60,2025-10-05,-284.89
R1.C3.rev.taker.H60,2025-10-06,-35.7
R1.C3.rev.taker.H60,2025-10-08,-54.31
R1.C3.rev.taker.H60,2025-10-09,-98.27
R1.C3.rev.taker.H60,2025-10-10,-67.92999999999999
R1.C3.rev.taker.H60,2025-10-11,-537.99
R1.C3.rev.taker.H60,2025-10-12,-264.2
R1.C3.rev.taker.H60,2025-10-13,-66.01
R1.C3.rev.taker.H60,2025-10-14,-68.45
R1.C3.rev.taker.H60,2025-10-15,-67.26
R1.C3.rev.taker.H60,2025-10-16,-49.62
R1.C3.rev.taker.H60,2025-10-17,-79.57000000000001
R1.C3.rev.taker.H60,2025-10-18,-747.47
R1.C3.rev.taker.H60,2025-10-19,-276.36
R1.C3.rev.taker.H60,2025-10-20,-14.99
R1.C3.rev.taker.H60,2025-10-21,-74.37
R1.C3.rev.taker.H60,2025-10-22,-27.98
R1.C3.rev.taker.H60,2025-10-23,-41.77
R1.C3.rev.taker.H60,2025-10-24,-76.11
R1.C3.rev.taker.H60,2025-10-25,-541.11
R1.C3.rev.taker.H60,2025-10-26,-114.33
R1.C3.rev.taker.H60,2025-10-27,-7.59
R1.C3.rev.taker.H60,2025-10-28,-40.63
R1.C3.rev.taker.H60,2025-10-29,-89.45
R1.C3.rev.taker.H60,2025-10-30,-49.12
R1.C3.rev.taker.H60,2025-10-31,-24.18
R1.C3.rev.taker.H60,2025-11-01,-753.53
R1.C3.rev.taker.H60,2025-11-02,-268.81
R1.C3.rev.taker.H60,2025-11-03,-24.45
R1.C3.rev.taker.H60,2025-11-04,-43.69
R1.C3.rev.taker.H60,2025-11-05,-37.68
R1.C3.rev.taker.H60,2025-11-06,-52.3
R1.C3.rev.taker.H60,2025-11-07,-78.88
R1.C3.rev.taker.H60,2025-11-08,-661.62
R1.C3.rev.taker.H60,2025-11-09,-244.91
R1.C3.rev.taker.H60,2025-11-10,-32.13
R1.C3.rev.taker.H60,2025-11-11,-78.62
R1.C3.rev.taker.H60,2025-11-12,-28.24
R1.C3.rev.taker.H60,2025-11-13,-3.01
R1.C3.rev.taker.H60,2025-11-14,-42.53
R1.C3.rev.taker.H60,2025-11-15,-794.75
R1.C3.rev.taker.H60,2025-11-16,-349.66
R1.C3.rev.taker.H60,2025-11-17,-10.51
R1.C3.rev.taker.H60,2025-11-18,-78.97
R1.C3.rev.taker.H60,2025-11-19,-39.730000000000004
R1.C3.rev.taker.H60,2025-11-20,-72.86
R1.C3.rev.taker.H60,2025-11-21,-41.29
R1.C3.rev.taker.H60,2025-11-22,-855.0
R1.C3.rev.taker.H60,2025-11-23,-298.57
R1.C3.rev.taker.H60,2025-11-24,-4.38
R1.C3.rev.taker.H60,2025-11-25,-13.21
R1.C3.rev.taker.H60,2025-11-27,-119.34
R1.C3.rev.taker.H60,2025-11-28,-325.45
R1.C3.rev.taker.H60,2025-11-29,-816.81
R1.C3.rev.taker.H60,2025-11-30,-196.91
R1.C3.rev.taker.H60,2025-12-01,-1.54
R1.C3.rev.taker.H60,2025-12-04,-16.09
R1.C3.rev.taker.H60,2025-12-05,-72.62
R1.C3.rev.taker.H60,2025-12-06,-105.53
R1.C3.rev.taker.H60,2025-12-07,-204.58
R1.C3.rev.taker.H60,2025-12-08,-37.45
R1.C3.rev.taker.H60,2025-12-11,-42.25
R1.C3.rev.taker.H60,2025-12-13,-73.87
R1.C3.rev.taker.H60,2025-12-14,-220.16
R1.C3.rev.taker.H60,2025-12-15,-10.58
R1.C3.rev.taker.H60,2025-12-16,-33.64
R1.C3.rev.taker.H60,2025-12-17,-76.94
R1.C3.rev.taker.H60,2025-12-18,-75.44
R1.C3.rev.taker.H60,2025-12-19,-34.15
R1.C3.rev.taker.H60,2025-12-20,-109.06
R1.C3.rev.taker.H60,2025-12-21,-245.95
R1.C3.rev.taker.H60,2025-12-22,-25.43
R1.C3.rev.taker.H60,2025-12-23,-79.8
R1.C3.rev.taker.H60,2025-12-24,-38.47
R1.C3.rev.taker.H60,2025-12-25,-63.83
R1.C3.rev.taker.H60,2025-12-26,-68.44
R1.C3.rev.taker.H60,2025-12-27,-235.93
R1.C3.rev.taker.H60,2025-12-28,-205.47
R1.C3.rev.taker.H60,2025-12-29,-39.33
R1.C3.rev.taker.H60,2025-12-30,-114.78
R1.C3.rev.taker.H60,2025-12-31,-175.66
R1.C3.rev.taker.H60,2026-01-01,-77.19
R1.C3.rev.taker.H60,2026-01-02,-50.83
R1.C3.rev.taker.H60,2026-01-03,-28.31
R1.C3.rev.taker.H60,2026-01-04,-238.37
R1.C3.rev.taker.H60,2026-01-08,-37.74
R1.C3.rev.taker.H60,2026-01-09,-8.67
R1.C3.rev.taker.H60,2026-01-10,-61.65
R1.C3.rev.taker.H60,2026-01-11,-70.68
R1.C3.rev.taker.H60,2026-01-12,-18.58
R1.C3.rev.taker.H60,2026-01-17,-41.22
R1.C3.rev.taker.H60,2026-01-18,-46.12
R1.C3.rev.taker.H300,2025-09-08,-15.58
R1.C3.rev.taker.H300,2025-09-11,-24.31
R1.C3.rev.taker.H300,2025-09-12,-25.7
R1.C3.rev.taker.H300,2025-09-13,-206.33
R1.C3.rev.taker.H300,2025-09-14,-150.45
R1.C3.rev.taker.H300,2025-09-15,-10.86
R1.C3.rev.taker.H300,2025-09-16,-1.03
R1.C3.rev.taker.H300,2025-09-18,-9.02
R1.C3.rev.taker.H300,2025-09-19,-31.8
R1.C3.rev.taker.H300,2025-09-20,-212.38
R1.C3.rev.taker.H300,2025-09-21,-105.4
R1.C3.rev.taker.H300,2025-09-22,-17.04
R1.C3.rev.taker.H300,2025-09-25,-2.38
R1.C3.rev.taker.H300,2025-09-26,-36.48
R1.C3.rev.taker.H300,2025-09-27,-251.45
R1.C3.rev.taker.H300,2025-09-28,-123.75
R1.C3.rev.taker.H300,2025-09-29,-4.71
R1.C3.rev.taker.H300,2025-10-02,-23.490000000000002
R1.C3.rev.taker.H300,2025-10-03,-24.34
R1.C3.rev.taker.H300,2025-10-04,-274.01
R1.C3.rev.taker.H300,2025-10-05,-88.89
R1.C3.rev.taker.H300,2025-10-06,-12.0
R1.C3.rev.taker.H300,2025-10-08,-25.080000000000002
R1.C3.rev.taker.H300,2025-10-09,-33.4
R1.C3.rev.taker.H300,2025-10-10,-29.39
R1.C3.rev.taker.H300,2025-10-11,-287.38
R1.C3.rev.taker.H300,2025-10-12,-90.01
R1.C3.rev.taker.H300,2025-10-13,-11.6
R1.C3.rev.taker.H300,2025-10-14,-42.07
R1.C3.rev.taker.H300,2025-10-15,-24.18
R1.C3.rev.taker.H300,2025-10-16,-26.74
R1.C3.rev.taker.H300,2025-10-17,-26.3
R1.C3.rev.taker.H300,2025-10-18,-327.07
R1.C3.rev.taker.H300,2025-10-19,-104.48
R1.C3.rev.taker.H300,2025-10-20,-7.54
R1.C3.rev.taker.H300,2025-10-21,-32.2
R1.C3.rev.taker.H300,2025-10-22,-12.31
R1.C3.rev.taker.H300,2025-10-23,-21.25
R1.C3.rev.taker.H300,2025-10-24,-35.52
R1.C3.rev.taker.H300,2025-10-25,-195.12
R1.C3.rev.taker.H300,2025-10-26,-64.85
R1.C3.rev.taker.H300,2025-10-27,-3.21
R1.C3.rev.taker.H300,2025-10-28,-16.25
R1.C3.rev.taker.H300,2025-10-29,-37.32
R1.C3.rev.taker.H300,2025-10-30,-22.16
R1.C3.rev.taker.H300,2025-10-31,-14.23
R1.C3.rev.taker.H300,2025-11-01,-267.65999999999997
R1.C3.rev.taker.H300,2025-11-02,-134.36
R1.C3.rev.taker.H300,2025-11-03,-7.45
R1.C3.rev.taker.H300,2025-11-04,-12.42
R1.C3.rev.taker.H300,2025-11-05,-16.200000000000003
R1.C3.rev.taker.H300,2025-11-06,-17.41
R1.C3.rev.taker.H300,2025-11-07,-34.2
R1.C3.rev.taker.H300,2025-11-08,-267.46
R1.C3.rev.taker.H300,2025-11-09,-124.61
R1.C3.rev.taker.H300,2025-11-10,-5.37
R1.C3.rev.taker.H300,2025-11-11,-39.82
R1.C3.rev.taker.H300,2025-11-12,-8.12
R1.C3.rev.taker.H300,2025-11-13,-3.59
R1.C3.rev.taker.H300,2025-11-14,-12.76
R1.C3.rev.taker.H300,2025-11-15,-306.63
R1.C3.rev.taker.H300,2025-11-16,-135.53
R1.C3.rev.taker.H300,2025-11-17,-1.8399999999999999
R1.C3.rev.taker.H300,2025-11-18,-28.22
R1.C3.rev.taker.H300,2025-11-19,-18.82
R1.C3.rev.taker.H300,2025-11-20,-11.47
R1.C3.rev.taker.H300,2025-11-21,-17.58
R1.C3.rev.taker.H300,2025-11-22,-330.86
R1.C3.rev.taker.H300,2025-11-23,-123.74
R1.C3.rev.taker.H300,2025-11-24,-1.7799999999999998
R1.C3.rev.taker.H300,2025-11-25,-4.33
R1.C3.rev.taker.H300,2025-11-27,-56.42
R1.C3.rev.taker.H300,2025-11-28,-119.46
R1.C3.rev.taker.H300,2025-11-29,-294.19
R1.C3.rev.taker.H300,2025-11-30,-73.48
R1.C3.rev.taker.H300,2025-12-01,-0.99
R1.C3.rev.taker.H300,2025-12-04,-4.81
R1.C3.rev.taker.H300,2025-12-05,-18.26
R1.C3.rev.taker.H300,2025-12-06,-37.99
R1.C3.rev.taker.H300,2025-12-07,-71.00999999999999
R1.C3.rev.taker.H300,2025-12-08,-20.14
R1.C3.rev.taker.H300,2025-12-11,-15.91
R1.C3.rev.taker.H300,2025-12-13,-14.4
R1.C3.rev.taker.H300,2025-12-14,-110.48
R1.C3.rev.taker.H300,2025-12-15,-6.09
R1.C3.rev.taker.H300,2025-12-16,-2.59
R1.C3.rev.taker.H300,2025-12-17,-18.24
R1.C3.rev.taker.H300,2025-12-18,-33.94
R1.C3.rev.taker.H300,2025-12-19,-18.740000000000002
R1.C3.rev.taker.H300,2025-12-20,-44.11
R1.C3.rev.taker.H300,2025-12-21,-112.82
R1.C3.rev.taker.H300,2025-12-22,-11.77
R1.C3.rev.taker.H300,2025-12-23,-27.49
R1.C3.rev.taker.H300,2025-12-24,-10.91
R1.C3.rev.taker.H300,2025-12-25,-28.0
R1.C3.rev.taker.H300,2025-12-26,-27.810000000000002
R1.C3.rev.taker.H300,2025-12-27,-96.07000000000001
R1.C3.rev.taker.H300,2025-12-28,-68.16
R1.C3.rev.taker.H300,2025-12-29,-23.759999999999998
R1.C3.rev.taker.H300,2025-12-30,-43.51
R1.C3.rev.taker.H300,2025-12-31,-58.339999999999996
R1.C3.rev.taker.H300,2026-01-01,-30.67
R1.C3.rev.taker.H300,2026-01-02,-25.47
R1.C3.rev.taker.H300,2026-01-03,-7.64
R1.C3.rev.taker.H300,2026-01-04,-68.29
R1.C3.rev.taker.H300,2026-01-08,-16.03
R1.C3.rev.taker.H300,2026-01-09,-4.72
R1.C3.rev.taker.H300,2026-01-10,-23.68
R1.C3.rev.taker.H300,2026-01-11,-31.36
R1.C3.rev.taker.H300,2026-01-12,-10.34
R1.C3.rev.taker.H300,2026-01-17,-9.919999999999998
R1.C3.rev.taker.H300,2026-01-18,-27.87
R1.C3.rev.taker.settle,2025-09-08,6.75
R1.C3.rev.taker.settle,2025-09-11,0.5700000000000003
R1.C3.rev.taker.settle,2025-09-12,-5.870000000000001
R1.C3.rev.taker.settle,2025-09-13,-56.71
R1.C3.rev.taker.settle,2025-09-14,-3.2600000000000007
R1.C3.rev.taker.settle,2025-09-15,-3.13
R1.C3.rev.taker.settle,2025-09-18,-4.25
R1.C3.rev.taker.settle,2025-09-19,11.96
R1.C3.rev.taker.settle,2025-09-20,-23.87
R1.C3.rev.taker.settle,2025-09-21,20.03
R1.C3.rev.taker.settle,2025-09-22,6.85
R1.C3.rev.taker.settle,2025-09-25,3.4299999999999997
R1.C3.rev.taker.settle,2025-09-26,14.55
R1.C3.rev.taker.settle,2025-09-27,13.709999999999997
R1.C3.rev.taker.settle,2025-09-28,-2.730000000000001
R1.C3.rev.taker.settle,2025-09-29,8.16
R1.C3.rev.taker.settle,2025-10-02,-10.95
R1.C3.rev.taker.settle,2025-10-03,-14.3
R1.C3.rev.taker.settle,2025-10-04,6.91
R1.C3.rev.taker.settle,2025-10-05,17.97
R1.C3.rev.taker.settle,2025-10-06,-7.25
R1.C3.rev.taker.settle,2025-10-08,1.3599999999999994
R1.C3.rev.taker.settle,2025-10-09,1.0500000000000007
R1.C3.rev.taker.settle,2025-10-10,-3.0100000000000002
R1.C3.rev.taker.settle,2025-10-11,-63.22
R1.C3.rev.taker.settle,2025-10-12,11.14
R1.C3.rev.taker.settle,2025-10-13,0.6600000000000001
R1.C3.rev.taker.settle,2025-10-14,-1.9500000000000006
R1.C3.rev.taker.settle,2025-10-15,-12.05
R1.C3.rev.taker.settle,2025-10-16,-9.170000000000002
R1.C3.rev.taker.settle,2025-10-17,4.53
R1.C3.rev.taker.settle,2025-10-18,-48.18
R1.C3.rev.taker.settle,2025-10-19,18.39
R1.C3.rev.taker.settle,2025-10-20,-1.0699999999999998
R1.C3.rev.taker.settle,2025-10-21,-5.08
R1.C3.rev.taker.settle,2025-10-22,1.6500000000000001
R1.C3.rev.taker.settle,2025-10-23,-1.2600000000000002
R1.C3.rev.taker.settle,2025-10-24,1.08
R1.C3.rev.taker.settle,2025-10-25,-16.05
R1.C3.rev.taker.settle,2025-10-26,-9.34
R1.C3.rev.taker.settle,2025-10-27,2.17
R1.C3.rev.taker.settle,2025-10-28,-3.29
R1.C3.rev.taker.settle,2025-10-29,-8.04
R1.C3.rev.taker.settle,2025-10-30,16.08
R1.C3.rev.taker.settle,2025-10-31,-4.07
R1.C3.rev.taker.settle,2025-11-01,25.95
R1.C3.rev.taker.settle,2025-11-02,26.380000000000003
R1.C3.rev.taker.settle,2025-11-03,5.42
R1.C3.rev.taker.settle,2025-11-04,4.67
R1.C3.rev.taker.settle,2025-11-05,-3.3399999999999994
R1.C3.rev.taker.settle,2025-11-06,-0.74
R1.C3.rev.taker.settle,2025-11-07,2.1399999999999992
R1.C3.rev.taker.settle,2025-11-08,-20.630000000000003
R1.C3.rev.taker.settle,2025-11-09,-31.259999999999998
R1.C3.rev.taker.settle,2025-11-10,-4.17
R1.C3.rev.taker.settle,2025-11-11,-3.9999999999999996
R1.C3.rev.taker.settle,2025-11-12,8.969999999999999
R1.C3.rev.taker.settle,2025-11-13,0.3600000000000001
R1.C3.rev.taker.settle,2025-11-14,-5.28
R1.C3.rev.taker.settle,2025-11-15,-10.530000000000001
R1.C3.rev.taker.settle,2025-11-16,-1.04
R1.C3.rev.taker.settle,2025-11-17,-4.17
R1.C3.rev.taker.settle,2025-11-18,-2.130000000000001
R1.C3.rev.taker.settle,2025-11-19,3.5300000000000002
R1.C3.rev.taker.settle,2025-11-20,-14.6
R1.C3.rev.taker.settle,2025-11-21,-1.9399999999999995
R1.C3.rev.taker.settle,2025-11-22,-15.2
R1.C3.rev.taker.settle,2025-11-23,-7.299999999999999
R1.C3.rev.taker.settle,2025-11-24,1.79
R1.C3.rev.taker.settle,2025-11-25,2.21
R1.C3.rev.taker.settle,2025-11-27,-17.59
R1.C3.rev.taker.settle,2025-11-28,-21.52
R1.C3.rev.taker.settle,2025-11-29,31.389999999999997
R1.C3.rev.taker.settle,2025-11-30,-3.5200000000000005
R1.C3.rev.taker.settle,2025-12-01,-1.91
R1.C3.rev.taker.settle,2025-12-04,3.53
R1.C3.rev.taker.settle,2025-12-05,-4.760000000000001
R1.C3.rev.taker.settle,2025-12-06,0.7800000000000007
R1.C3.rev.taker.settle,2025-12-07,-7.15
R1.C3.rev.taker.settle,2025-12-08,4.12
R1.C3.rev.taker.settle,2025-12-11,-6.96
R1.C3.rev.taker.settle,2025-12-13,5.55
R1.C3.rev.taker.settle,2025-12-14,-1.410000000000002
R1.C3.rev.taker.settle,2025-12-15,2.95
R1.C3.rev.taker.settle,2025-12-16,2.27
R1.C3.rev.taker.settle,2025-12-17,0.35000000000000053
R1.C3.rev.taker.settle,2025-12-18,-0.5300000000000002
R1.C3.rev.taker.settle,2025-12-19,-2.3900000000000006
R1.C3.rev.taker.settle,2025-12-20,2.919999999999999
R1.C3.rev.taker.settle,2025-12-21,26.19
R1.C3.rev.taker.settle,2025-12-22,-7.630000000000001
R1.C3.rev.taker.settle,2025-12-23,-11.71
R1.C3.rev.taker.settle,2025-12-24,5.32
R1.C3.rev.taker.settle,2025-12-25,-8.45
R1.C3.rev.taker.settle,2025-12-26,5.6
R1.C3.rev.taker.settle,2025-12-27,4.539999999999999
R1.C3.rev.taker.settle,2025-12-28,-9.16
R1.C3.rev.taker.settle,2025-12-29,-5.16
R1.C3.rev.taker.settle,2025-12-30,10.85
R1.C3.rev.taker.settle,2025-12-31,-11.0
R1.C3.rev.taker.settle,2026-01-01,-16.01
R1.C3.rev.taker.settle,2026-01-02,-1.4600000000000004
R1.C3.rev.taker.settle,2026-01-03,-6.9
R1.C3.rev.taker.settle,2026-01-04,10.07
R1.C3.rev.taker.settle,2026-01-08,-3.77
R1.C3.rev.taker.settle,2026-01-09,2.75
R1.C3.rev.taker.settle,2026-01-10,-6.05
R1.C3.rev.taker.settle,2026-01-11,5.159999999999999
R1.C3.rev.taker.settle,2026-01-12,4.52
R1.C3.rev.taker.settle,2026-01-17,1.5700000000000003
R1.C3.rev.taker.settle,2026-01-18,-0.5
R1.C3.rev.maker.H60,2025-09-08,-21.34
R1.C3.rev.maker.H60,2025-09-11,-22.45
R1.C3.rev.maker.H60,2025-09-12,-37.53
R1.C3.rev.maker.H60,2025-09-13,-339.09
R1.C3.rev.maker.H60,2025-09-14,-249.58
R1.C3.rev.maker.H60,2025-09-15,-34.230000000000004
R1.C3.rev.maker.H60,2025-09-16,-1.57
R1.C3.rev.maker.H60,2025-09-18,-19.87
R1.C3.rev.maker.H60,2025-09-19,-51.44
R1.C3.rev.maker.H60,2025-09-20,-334.61
R1.C3.rev.maker.H60,2025-09-21,-238.85999999999999
R1.C3.rev.maker.H60,2025-09-22,-24.1
R1.C3.rev.maker.H60,2025-09-25,-15.56
R1.C3.rev.maker.H60,2025-09-26,-79.6
R1.C3.rev.maker.H60,2025-09-27,-613.9
R1.C3.rev.maker.H60,2025-09-28,-196.5
R1.C3.rev.maker.H60,2025-09-29,-17.88
R1.C3.rev.maker.H60,2025-10-02,-54.96
R1.C3.rev.maker.H60,2025-10-03,-52.47
R1.C3.rev.maker.H60,2025-10-04,-374.43
R1.C3.rev.maker.H60,2025-10-05,-196.89000000000001
R1.C3.rev.maker.H60,2025-10-06,-29.05
R1.C3.rev.maker.H60,2025-10-08,-40.21
R1.C3.rev.maker.H60,2025-10-09,-58.67
R1.C3.rev.maker.H60,2025-10-10,-45.02
R1.C3.rev.maker.H60,2025-10-11,-373.18
R1.C3.rev.maker.H60,2025-10-12,-165.46
R1.C3.rev.maker.H60,2025-10-13,-46.49
R1.C3.rev.maker.H60,2025-10-14,-58.73
R1.C3.rev.maker.H60,2025-10-15,-46.57
R1.C3.rev.maker.H60,2025-10-16,-32.73
R1.C3.rev.maker.H60,2025-10-17,-59.34
R1.C3.rev.maker.H60,2025-10-18,-611.39
R1.C3.rev.maker.H60,2025-10-19,-168.43
R1.C3.rev.maker.H60,2025-10-20,-12.65
R1.C3.rev.maker.H60,2025-10-21,-58.94
R1.C3.rev.maker.H60,2025-10-22,-22.57
R1.C3.rev.maker.H60,2025-10-23,-32.49
R1.C3.rev.maker.H60,2025-10-24,-55.88
R1.C3.rev.maker.H60,2025-10-25,-365.75
R1.C3.rev.maker.H60,2025-10-26,-76.65
R1.C3.rev.maker.H60,2025-10-27,-5.37
R1.C3.rev.maker.H60,2025-10-28,-27.13
R1.C3.rev.maker.H60,2025-10-29,-62.84
R1.C3.rev.maker.H60,2025-10-30,-32.98
R1.C3.rev.maker.H60,2025-10-31,-17.76
R1.C3.rev.maker.H60,2025-11-01,-531.4
R1.C3.rev.maker.H60,2025-11-02,-176.33
R1.C3.rev.maker.H60,2025-11-03,-15.83
R1.C3.rev.maker.H60,2025-11-04,-22.05
R1.C3.rev.maker.H60,2025-11-05,-31.11
R1.C3.rev.maker.H60,2025-11-06,-38.83
R1.C3.rev.maker.H60,2025-11-07,-55.8
R1.C3.rev.maker.H60,2025-11-08,-513.29
R1.C3.rev.maker.H60,2025-11-09,-180.82
R1.C3.rev.maker.H60,2025-11-10,-23.29
R1.C3.rev.maker.H60,2025-11-11,-65.42
R1.C3.rev.maker.H60,2025-11-12,-23.28
R1.C3.rev.maker.H60,2025-11-13,-1.42
R1.C3.rev.maker.H60,2025-11-14,-30.32
R1.C3.rev.maker.H60,2025-11-15,-606.77
R1.C3.rev.maker.H60,2025-11-16,-271.36
R1.C3.rev.maker.H60,2025-11-17,-6.72
R1.C3.rev.maker.H60,2025-11-18,-59.73
R1.C3.rev.maker.H60,2025-11-19,-23.96
R1.C3.rev.maker.H60,2025-11-20,-38.910000000000004
R1.C3.rev.maker.H60,2025-11-21,-25.07
R1.C3.rev.maker.H60,2025-11-22,-668.34
R1.C3.rev.maker.H60,2025-11-23,-222.24
R1.C3.rev.maker.H60,2025-11-24,-2.11
R1.C3.rev.maker.H60,2025-11-25,-14.43
R1.C3.rev.maker.H60,2025-11-27,-80.33
R1.C3.rev.maker.H60,2025-11-28,-228.15
R1.C3.rev.maker.H60,2025-11-29,-667.9
R1.C3.rev.maker.H60,2025-11-30,-162.73
R1.C3.rev.maker.H60,2025-12-01,-4.57
R1.C3.rev.maker.H60,2025-12-04,-10.38
R1.C3.rev.maker.H60,2025-12-05,-52.73
R1.C3.rev.maker.H60,2025-12-06,-77.52
R1.C3.rev.maker.H60,2025-12-07,-144.93
R1.C3.rev.maker.H60,2025-12-08,-21.27
R1.C3.rev.maker.H60,2025-12-11,-19.72
R1.C3.rev.maker.H60,2025-12-13,-52.6
R1.C3.rev.maker.H60,2025-12-14,-171.38
R1.C3.rev.maker.H60,2025-12-15,-6.8100000000000005
R1.C3.rev.maker.H60,2025-12-16,-33.04
R1.C3.rev.maker.H60,2025-12-17,-51.660000000000004
R1.C3.rev.maker.H60,2025-12-18,-56.05
R1.C3.rev.maker.H60,2025-12-19,-25.0
R1.C3.rev.maker.H60,2025-12-20,-72.24
R1.C3.rev.maker.H60,2025-12-21,-191.3
R1.C3.rev.maker.H60,2025-12-22,-16.15
R1.C3.rev.maker.H60,2025-12-23,-45.93
R1.C3.rev.maker.H60,2025-12-24,-28.35
R1.C3.rev.maker.H60,2025-12-25,-41.48
R1.C3.rev.maker.H60,2025-12-26,-53.37
R1.C3.rev.maker.H60,2025-12-27,-169.48
R1.C3.rev.maker.H60,2025-12-28,-139.77
R1.C3.rev.maker.H60,2025-12-29,-23.39
R1.C3.rev.maker.H60,2025-12-30,-77.97
R1.C3.rev.maker.H60,2025-12-31,-117.88
R1.C3.rev.maker.H60,2026-01-01,-59.45
R1.C3.rev.maker.H60,2026-01-02,-32.13
R1.C3.rev.maker.H60,2026-01-03,-19.04
R1.C3.rev.maker.H60,2026-01-04,-199.72
R1.C3.rev.maker.H60,2026-01-08,-22.73
R1.C3.rev.maker.H60,2026-01-09,-6.069999999999999
R1.C3.rev.maker.H60,2026-01-10,-38.45
R1.C3.rev.maker.H60,2026-01-11,-46.9
R1.C3.rev.maker.H60,2026-01-12,-11.58
R1.C3.rev.maker.H60,2026-01-17,-23.79
R1.C3.rev.maker.H60,2026-01-18,-33.33
R1.C3.rev.maker.H300,2025-09-08,-10.38
R1.C3.rev.maker.H300,2025-09-11,-19.92
R1.C3.rev.maker.H300,2025-09-12,-24.5
R1.C3.rev.maker.H300,2025-09-13,-205.03
R1.C3.rev.maker.H300,2025-09-14,-109.28
R1.C3.rev.maker.H300,2025-09-15,-9.469999999999999
R1.C3.rev.maker.H300,2025-09-16,-0.38999999999999996
R1.C3.rev.maker.H300,2025-09-18,-11.0
R1.C3.rev.maker.H300,2025-09-19,-17.76
R1.C3.rev.maker.H300,2025-09-20,-169.96
R1.C3.rev.maker.H300,2025-09-21,-103.76
R1.C3.rev.maker.H300,2025-09-22,-11.129999999999999
R1.C3.rev.maker.H300,2025-09-25,0.47999999999999976
R1.C3.rev.maker.H300,2025-09-26,-39.32
R1.C3.rev.maker.H300,2025-09-27,-232.14
R1.C3.rev.maker.H300,2025-09-28,-93.81
R1.C3.rev.maker.H300,2025-09-29,-6.720000000000001
R1.C3.rev.maker.H300,2025-10-02,-24.44
R1.C3.rev.maker.H300,2025-10-03,-23.6
R1.C3.rev.maker.H300,2025-10-04,-198.06
R1.C3.rev.maker.H300,2025-10-05,-65.13
R1.C3.rev.maker.H300,2025-10-06,-6.73
R1.C3.rev.maker.H300,2025-10-08,-29.56
R1.C3.rev.maker.H300,2025-10-09,-40.3
R1.C3.rev.maker.H300,2025-10-10,-14.79
R1.C3.rev.maker.H300,2025-10-11,-260.03
R1.C3.rev.maker.H300,2025-10-12,-64.91
R1.C3.rev.maker.H300,2025-10-13,-15.07
R1.C3.rev.maker.H300,2025-10-14,-32.36
R1.C3.rev.maker.H300,2025-10-15,-17.52
R1.C3.rev.maker.H300,2025-10-16,-24.53
R1.C3.rev.maker.H300,2025-10-17,-13.97
R1.C3.rev.maker.H300,2025-10-18,-308.51
R1.C3.rev.maker.H300,2025-10-19,-80.12
R1.C3.rev.maker.H300,2025-10-20,-8.18
R1.C3.rev.maker.H300,2025-10-21,-28.92
R1.C3.rev.maker.H300,2025-10-22,-8.72
R1.C3.rev.maker.H300,2025-10-23,-12.21
R1.C3.rev.maker.H300,2025-10-24,-27.96
R1.C3.rev.maker.H300,2025-10-25,-180.19
R1.C3.rev.maker.H300,2025-10-26,-44.98
R1.C3.rev.maker.H300,2025-10-27,-2.7399999999999998
R1.C3.rev.maker.H300,2025-10-28,-13.73
R1.C3.rev.maker.H300,2025-10-29,-32.01
R1.C3.rev.maker.H300,2025-10-30,-14.040000000000001
R1.C3.rev.maker.H300,2025-10-31,-11.74
R1.C3.rev.maker.H300,2025-11-01,-223.35
R1.C3.rev.maker.H300,2025-11-02,-97.78
R1.C3.rev.maker.H300,2025-11-03,-4.3100000000000005
R1.C3.rev.maker.H300,2025-11-04,-6.6000000000000005
R1.C3.rev.maker.H300,2025-11-05,-16.56
R1.C3.rev.maker.H300,2025-11-06,-9.43
R1.C3.rev.maker.H300,2025-11-07,-22.86
R1.C3.rev.maker.H300,2025-11-08,-217.13
R1.C3.rev.maker.H300,2025-11-09,-93.92
R1.C3.rev.maker.H300,2025-11-10,-1.7399999999999998
R1.C3.rev.maker.H300,2025-11-11,-43.480000000000004
R1.C3.rev.maker.H300,2025-11-12,-6.18
R1.C3.rev.maker.H300,2025-11-13,-1.7899999999999998
R1.C3.rev.maker.H300,2025-11-14,-12.84
R1.C3.rev.maker.H300,2025-11-15,-242.04
R1.C3.rev.maker.H300,2025-11-16,-104.01
R1.C3.rev.maker.H300,2025-11-17,-0.41000000000000003
R1.C3.rev.maker.H300,2025-11-18,-24.91
R1.C3.rev.maker.H300,2025-11-19,-14.209999999999999
R1.C3.rev.maker.H300,2025-11-20,-15.409999999999998
R1.C3.rev.maker.H300,2025-11-21,-8.790000000000001
R1.C3.rev.maker.H300,2025-11-22,-271.58
R1.C3.rev.maker.H300,2025-11-23,-101.48
R1.C3.rev.maker.H300,2025-11-24,-0.77
R1.C3.rev.maker.H300,2025-11-25,-4.07
R1.C3.rev.maker.H300,2025-11-27,-43.31
R1.C3.rev.maker.H300,2025-11-28,-90.51
R1.C3.rev.maker.H300,2025-11-29,-271.48
R1.C3.rev.maker.H300,2025-11-30,-64.52
R1.C3.rev.maker.H300,2025-12-01,-0.79
R1.C3.rev.maker.H300,2025-12-04,-1.38
R1.C3.rev.maker.H300,2025-12-05,-14.28
R1.C3.rev.maker.H300,2025-12-06,-25.369999999999997
R1.C3.rev.maker.H300,2025-12-07,-54.949999999999996
R1.C3.rev.maker.H300,2025-12-08,-7.529999999999999
R1.C3.rev.maker.H300,2025-12-11,-13.68
R1.C3.rev.maker.H300,2025-12-13,-32.16
R1.C3.rev.maker.H300,2025-12-14,-75.73
R1.C3.rev.maker.H300,2025-12-15,-4.04
R1.C3.rev.maker.H300,2025-12-16,-0.5499999999999999
R1.C3.rev.maker.H300,2025-12-17,-11.26
R1.C3.rev.maker.H300,2025-12-18,-7.49
R1.C3.rev.maker.H300,2025-12-19,-14.309999999999999
R1.C3.rev.maker.H300,2025-12-20,-25.61
R1.C3.rev.maker.H300,2025-12-21,-81.36
R1.C3.rev.maker.H300,2025-12-22,-7.359999999999999
R1.C3.rev.maker.H300,2025-12-23,-17.3
R1.C3.rev.maker.H300,2025-12-24,-0.8400000000000006
R1.C3.rev.maker.H300,2025-12-25,-19.37
R1.C3.rev.maker.H300,2025-12-26,-11.02
R1.C3.rev.maker.H300,2025-12-27,-72.75
R1.C3.rev.maker.H300,2025-12-28,-45.08
R1.C3.rev.maker.H300,2025-12-29,-13.94
R1.C3.rev.maker.H300,2025-12-30,-20.38
R1.C3.rev.maker.H300,2025-12-31,-51.96
R1.C3.rev.maker.H300,2026-01-01,-23.84
R1.C3.rev.maker.H300,2026-01-02,-16.87
R1.C3.rev.maker.H300,2026-01-03,-3.65
R1.C3.rev.maker.H300,2026-01-04,-66.56
R1.C3.rev.maker.H300,2026-01-08,-9.66
R1.C3.rev.maker.H300,2026-01-09,-3.9400000000000004
R1.C3.rev.maker.H300,2026-01-10,-21.34
R1.C3.rev.maker.H300,2026-01-11,-13.66
R1.C3.rev.maker.H300,2026-01-12,-6.83
R1.C3.rev.maker.H300,2026-01-17,-3.26
R1.C3.rev.maker.H300,2026-01-18,-20.15
R1.C3.rev.maker.settle,2025-09-08,6.96
R1.C3.rev.maker.settle,2025-09-11,0.9100000000000001
R1.C3.rev.maker.settle,2025-09-12,-6.43
R1.C3.rev.maker.settle,2025-09-13,-37.03
R1.C3.rev.maker.settle,2025-09-14,-1.0399999999999998
R1.C3.rev.maker.settle,2025-09-15,-2.7900000000000005
R1.C3.rev.maker.settle,2025-09-18,-4.07
R1.C3.rev.maker.settle,2025-09-19,-1.0899999999999999
R1.C3.rev.maker.settle,2025-09-20,-35.290000000000006
R1.C3.rev.maker.settle,2025-09-21,21.119999999999997
R1.C3.rev.maker.settle,2025-09-22,7.06
R1.C3.rev.maker.settle,2025-09-25,3.3200000000000003
R1.C3.rev.maker.settle,2025-09-26,-0.5299999999999994
R1.C3.rev.maker.settle,2025-09-27,-15.96
R1.C3.rev.maker.settle,2025-09-28,18.189999999999998
R1.C3.rev.maker.settle,2025-09-29,8.51
R1.C3.rev.maker.settle,2025-10-02,-10.600000000000001
R1.C3.rev.maker.settle,2025-10-03,-14.35
R1.C3.rev.maker.settle,2025-10-04,-4.890000000000001
R1.C3.rev.maker.settle,2025-10-05,20.42
R1.C3.rev.maker.settle,2025-10-06,-7.04
R1.C3.rev.maker.settle,2025-10-08,0.10000000000000053
R1.C3.rev.maker.settle,2025-10-09,1.3899999999999997
R1.C3.rev.maker.settle,2025-10-10,-2.3400000000000003
R1.C3.rev.maker.settle,2025-10-11,-60.220000000000006
R1.C3.rev.maker.settle,2025-10-12,6.56
R1.C3.rev.maker.settle,2025-10-13,1.1099999999999994
R1.C3.rev.maker.settle,2025-10-14,-2.31
R1.C3.rev.maker.settle,2025-10-15,-12.3
R1.C3.rev.maker.settle,2025-10-16,-8.95
R1.C3.rev.maker.settle,2025-10-17,-1.5599999999999998
R1.C3.rev.maker.settle,2025-10-18,-18.6
R1.C3.rev.maker.settle,2025-10-19,12.01
R1.C3.rev.maker.settle,2025-10-20,-0.6799999999999997
R1.C3.rev.maker.settle,2025-10-21,5.629999999999999
R1.C3.rev.maker.settle,2025-10-22,1.83
R1.C3.rev.maker.settle,2025-10-23,-1.0699999999999998
R1.C3.rev.maker.settle,2025-10-24,1.53
R1.C3.rev.maker.settle,2025-10-25,-13.210000000000003
R1.C3.rev.maker.settle,2025-10-26,-19.72
R1.C3.rev.maker.settle,2025-10-27,2.36
R1.C3.rev.maker.settle,2025-10-28,-2.75
R1.C3.rev.maker.settle,2025-10-29,-7.9
R1.C3.rev.maker.settle,2025-10-30,16.68
R1.C3.rev.maker.settle,2025-10-31,-4.05
R1.C3.rev.maker.settle,2025-11-01,20.8
R1.C3.rev.maker.settle,2025-11-02,27.259999999999998
R1.C3.rev.maker.settle,2025-11-03,5.55
R1.C3.rev.maker.settle,2025-11-04,4.93
R1.C3.rev.maker.settle,2025-11-05,-2.77
R1.C3.rev.maker.settle,2025-11-06,-0.22999999999999976
R1.C3.rev.maker.settle,2025-11-07,2.5700000000000003
R1.C3.rev.maker.settle,2025-11-08,-7.370000000000001
R1.C3.rev.maker.settle,2025-11-09,-29.93
R1.C3.rev.maker.settle,2025-11-10,-3.95
R1.C3.rev.maker.settle,2025-11-11,-3.59
R1.C3.rev.maker.settle,2025-11-12,5.68
R1.C3.rev.maker.settle,2025-11-13,0.5299999999999998
R1.C3.rev.maker.settle,2025-11-14,-4.95
R1.C3.rev.maker.settle,2025-11-15,-3.570000000000002
R1.C3.rev.maker.settle,2025-11-16,13.04
R1.C3.rev.maker.settle,2025-11-17,-4.05
R1.C3.rev.maker.settle,2025-11-18,-1.5199999999999996
R1.C3.rev.maker.settle,2025-11-19,4.02
R1.C3.rev.maker.settle,2025-11-20,-14.379999999999999
R1.C3.rev.maker.settle,2025-11-21,-1.5
R1.C3.rev.maker.settle,2025-11-22,29.94
R1.C3.rev.maker.settle,2025-11-23,-4.47
R1.C3.rev.maker.settle,2025-11-24,1.77
R1.C3.rev.maker.settle,2025-11-25,1.7400000000000002
R1.C3.rev.maker.settle,2025-11-27,-16.57
R1.C3.rev.maker.settle,2025-11-28,-19.92
R1.C3.rev.maker.settle,2025-11-29,13.64
R1.C3.rev.maker.settle,2025-11-30,5.259999999999999
R1.C3.rev.maker.settle,2025-12-01,-1.63
R1.C3.rev.maker.settle,2025-12-04,3.65
R1.C3.rev.maker.settle,2025-12-05,-3.76
R1.C3.rev.maker.settle,2025-12-06,1.8699999999999997
R1.C3.rev.maker.settle,2025-12-07,-3.810000000000003
R1.C3.rev.maker.settle,2025-12-08,3.75
R1.C3.rev.maker.settle,2025-12-11,6.66
R1.C3.rev.maker.settle,2025-12-13,-5.32
R1.C3.rev.maker.settle,2025-12-14,-11.96
R1.C3.rev.maker.settle,2025-12-15,3.36
R1.C3.rev.maker.settle,2025-12-16,2.46
R1.C3.rev.maker.settle,2025-12-17,1.0999999999999996
R1.C3.rev.maker.settle,2025-12-18,0.0
R1.C3.rev.maker.settle,2025-12-19,7.09
R1.C3.rev.maker.settle,2025-12-20,3.3299999999999996
R1.C3.rev.maker.settle,2025-12-21,27.99
R1.C3.rev.maker.settle,2025-12-22,-7.29
R1.C3.rev.maker.settle,2025-12-23,-0.2100000000000002
R1.C3.rev.maker.settle,2025-12-24,5.55
R1.C3.rev.maker.settle,2025-12-25,-8.0
R1.C3.rev.maker.settle,2025-12-26,6.359999999999999
R1.C3.rev.maker.settle,2025-12-27,11.870000000000001
R1.C3.rev.maker.settle,2025-12-28,-12.71
R1.C3.rev.maker.settle,2025-12-29,-4.779999999999999
R1.C3.rev.maker.settle,2025-12-30,11.379999999999999
R1.C3.rev.maker.settle,2025-12-31,-11.120000000000001
R1.C3.rev.maker.settle,2026-01-01,-15.14
R1.C3.rev.maker.settle,2026-01-02,-0.4599999999999995
R1.C3.rev.maker.settle,2026-01-03,-6.79
R1.C3.rev.maker.settle,2026-01-04,3.8499999999999988
R1.C3.rev.maker.settle,2026-01-08,-3.54
R1.C3.rev.maker.settle,2026-01-09,2.86
R1.C3.rev.maker.settle,2026-01-10,3.42
R1.C3.rev.maker.settle,2026-01-11,5.55
R1.C3.rev.maker.settle,2026-01-12,5.15
R1.C3.rev.maker.settle,2026-01-17,1.9099999999999997
R1.C3.rev.maker.settle,2026-01-18,-0.18000000000000016
R1.C4.b0.01-0.20,2025-09-12,7.970000000000001
R1.C4.b0.01-0.20,2025-09-13,-19.27
R1.C4.b0.01-0.20,2025-09-14,-6.49
R1.C4.b0.01-0.20,2025-09-18,-1.91
R1.C4.b0.01-0.20,2025-09-20,-14.94
R1.C4.b0.01-0.20,2025-09-21,-2.55
R1.C4.b0.01-0.20,2025-09-27,-21.13
R1.C4.b0.01-0.20,2025-09-28,-2.11
R1.C4.b0.01-0.20,2025-10-03,-1.08
R1.C4.b0.01-0.20,2025-10-04,2.7399999999999998
R1.C4.b0.01-0.20,2025-10-05,14.91
R1.C4.b0.01-0.20,2025-10-11,-5.289999999999999
R1.C4.b0.01-0.20,2025-10-12,-3.29
R1.C4.b0.01-0.20,2025-10-16,6.71
R1.C4.b0.01-0.20,2025-10-17,-1.7
R1.C4.b0.01-0.20,2025-10-18,-10.509999999999998
R1.C4.b0.01-0.20,2025-10-19,-1.17
R1.C4.b0.01-0.20,2025-10-20,-2.01
R1.C4.b0.01-0.20,2025-10-22,-1.59
R1.C4.b0.01-0.20,2025-10-24,-3.7199999999999998
R1.C4.b0.01-0.20,2025-10-25,-11.78
R1.C4.b0.01-0.20,2025-10-26,5.43
R1.C4.b0.01-0.20,2025-10-28,-3.3899999999999997
R1.C4.b0.01-0.20,2025-10-30,-2.12
R1.C4.b0.01-0.20,2025-10-31,-1.29
R1.C4.b0.01-0.20,2025-11-01,-12.780000000000001
R1.C4.b0.01-0.20,2025-11-02,5.6499999999999995
R1.C4.b0.01-0.20,2025-11-04,-0.86
R1.C4.b0.01-0.20,2025-11-05,-1.38
R1.C4.b0.01-0.20,2025-11-06,-1.59
R1.C4.b0.01-0.20,2025-11-07,-1.28
R1.C4.b0.01-0.20,2025-11-08,23.39
R1.C4.b0.01-0.20,2025-11-09,-4.47
R1.C4.b0.01-0.20,2025-11-12,-1.7
R1.C4.b0.01-0.20,2025-11-13,-1.91
R1.C4.b0.01-0.20,2025-11-14,-0.43
R1.C4.b0.01-0.20,2025-11-15,-29.1
R1.C4.b0.01-0.20,2025-11-16,-3.5999999999999996
R1.C4.b0.01-0.20,2025-11-18,-0.64
R1.C4.b0.01-0.20,2025-11-19,-1.91
R1.C4.b0.01-0.20,2025-11-22,-13.530000000000001
R1.C4.b0.01-0.20,2025-11-23,-4.88
R1.C4.b0.01-0.20,2025-11-24,-1.7
R1.C4.b0.01-0.20,2025-11-25,-0.75
R1.C4.b0.01-0.20,2025-11-27,7.88
R1.C4.b0.01-0.20,2025-11-28,-5.21
R1.C4.b0.01-0.20,2025-11-29,-18.93
R1.C4.b0.01-0.20,2025-11-30,-3.61
R1.C4.b0.01-0.20,2025-12-01,-1.59
R1.C4.b0.01-0.20,2025-12-05,-0.64
R1.C4.b0.01-0.20,2025-12-07,-3.92
R1.C4.b0.01-0.20,2025-12-14,-3.63
R1.C4.b0.01-0.20,2025-12-19,-1.38
R1.C4.b0.01-0.20,2025-12-20,-2.35
R1.C4.b0.01-0.20,2025-12-21,-0.86
R1.C4.b0.01-0.20,2025-12-23,-0.96
R1.C4.b0.01-0.20,2025-12-25,-1.59
R1.C4.b0.01-0.20,2025-12-28,-2.66
R1.C4.b0.01-0.20,2025-12-29,-1.7
R1.C4.b0.01-0.20,2026-01-02,-1.28
R1.C4.b0.01-0.20,2026-01-04,0.0999999999999992
R1.C4.b0.01-0.20,2026-01-10,-1.07
R1.C4.b0.20-0.40,2025-09-08,6.85
R1.C4.b0.20-0.40,2025-09-12,-3.46
R1.C4.b0.20-0.40,2025-09-13,14.650000000000002
R1.C4.b0.20-0.40,2025-09-14,-0.7799999999999994
R1.C4.b0.20-0.40,2025-09-15,-3.87
R1.C4.b0.20-0.40,2025-09-19,6.64
R1.C4.b0.20-0.40,2025-09-20,9.67
R1.C4.b0.20-0.40,2025-09-21,-12.83
R1.C4.b0.20-0.40,2025-09-22,6.54
R1.C4.b0.20-0.40,2025-09-25,-2.84
R1.C4.b0.20-0.40,2025-09-26,4.32
R1.C4.b0.20-0.40,2025-09-27,24.03
R1.C4.b0.20-0.40,2025-09-28,4.059999999999999
R1.C4.b0.20-0.40,2025-09-29,-3.56
R1.C4.b0.20-0.40,2025-10-03,1.4600000000000009
R1.C4.b0.20-0.40,2025-10-04,-7.57
R1.C4.b0.20-0.40,2025-10-05,18.439999999999998
R1.C4.b0.20-0.40,2025-10-06,6.95
R1.C4.b0.20-0.40,2025-10-09,8.43
R1.C4.b0.20-0.40,2025-10-10,-3.97
R1.C4.b0.20-0.40,2025-10-11,2.7199999999999998
R1.C4.b0.20-0.40,2025-10-12,-17.06
R1.C4.b0.20-0.40,2025-10-13,5.93
R1.C4.b0.20-0.40,2025-10-14,11.16
R1.C4.b0.20-0.40,2025-10-15,5.62
R1.C4.b0.20-0.40,2025-10-17,12.16
R1.C4.b0.20-0.40,2025-10-18,0.4500000000000015
R1.C4.b0.20-0.40,2025-10-19,-15.75
R1.C4.b0.20-0.40,2025-10-20,-3.15
R1.C4.b0.20-0.40,2025-10-21,4.21
R1.C4.b0.20-0.40,2025-10-23,-5.17
R1.C4.b0.20-0.40,2025-10-25,11.530000000000001
R1.C4.b0.20-0.40,2025-10-26,-12.17
R1.C4.b0.20-0.40,2025-10-27,-2.33
R1.C4.b0.20-0.40,2025-10-29,-7.9399999999999995
R1.C4.b0.20-0.40,2025-10-30,13.600000000000001
R1.C4.b0.20-0.40,2025-11-01,0.5299999999999985
R1.C4.b0.20-0.40,2025-11-02,5.07
R1.C4.b0.20-0.40,2025-11-05,-3.97
R1.C4.b0.20-0.40,2025-11-06,-3.77
R1.C4.b0.20-0.40,2025-11-08,-3.8600000000000003
R1.C4.b0.20-0.40,2025-11-09,23.88
R1.C4.b0.20-0.40,2025-11-11,7.16
R1.C4.b0.20-0.40,2025-11-13,-2.64
R1.C4.b0.20-0.40,2025-11-15,-3.1799999999999997
R1.C4.b0.20-0.40,2025-11-16,-11.57
R1.C4.b0.20-0.40,2025-11-20,13.8
R1.C4.b0.20-0.40,2025-11-21,6.03
R1.C4.b0.20-0.40,2025-11-22,-43.95
R1.C4.b0.20-0.40,2025-11-23,-10.92
R1.C4.b0.20-0.40,2025-11-25,-3.05
R1.C4.b0.20-0.40,2025-11-27,13.7
R1.C4.b0.20-0.40,2025-11-28,-0.42999999999999927
R1.C4.b0.20-0.40,2025-11-29,-24.8
R1.C4.b0.20-0.40,2025-11-30,-5.79
R1.C4.b0.20-0.40,2025-12-04,-4.07
R1.C4.b0.20-0.40,2025-12-05,-7.63
R1.C4.b0.20-0.40,2025-12-06,8.92
R1.C4.b0.20-0.40,2025-12-07,-3.3900000000000006
R1.C4.b0.20-0.40,2025-12-08,-4.17
R1.C4.b0.20-0.40,2025-12-11,6.64
R1.C4.b0.20-0.40,2025-12-13,-6.3
R1.C4.b0.20-0.40,2025-12-14,18.369999999999997
R1.C4.b0.20-0.40,2025-12-15,-3.87
R1.C4.b0.20-0.40,2025-12-16,-2.53
R1.C4.b0.20-0.40,2025-12-17,5.93
R1.C4.b0.20-0.40,2025-12-18,-7.84
R1.C4.b0.20-0.40,2025-12-19,-3.25
R1.C4.b0.20-0.40,2025-12-20,-7.84
R1.C4.b0.20-0.40,2025-12-21,17.34
R1.C4.b0.20-0.40,2025-12-22,-4.07
R1.C4.b0.20-0.40,2025-12-23,6.44
R1.C4.b0.20-0.40,2025-12-25,4.52
R1.C4.b0.20-0.40,2025-12-26,-3.25
R1.C4.b0.20-0.40,2025-12-27,11.5
R1.C4.b0.20-0.40,2025-12-28,7.4
R1.C4.b0.20-0.40,2025-12-29,6.23
R1.C4.b0.20-0.40,2025-12-30,9.21
R1.C4.b0.20-0.40,2025-12-31,0.6499999999999999
R1.C4.b0.20-0.40,2026-01-01,2.58
R1.C4.b0.20-0.40,2026-01-02,-6.09
R1.C4.b0.20-0.40,2026-01-03,-2.64
R1.C4.b0.20-0.40,2026-01-04,6.98
R1.C4.b0.20-0.40,2026-01-08,-4.17
R1.C4.b0.20-0.40,2026-01-09,-2.95
R1.C4.b0.20-0.40,2026-01-17,-3.25
R1.C4.b0.20-0.40,2026-01-18,-5.79
R1.C4.b0.40-0.60,2025-09-11,-1.3000000000000003
R1.C4.b0.40-0.60,2025-09-12,-0.7600000000000007
R1.C4.b0.40-0.60,2025-09-13,4.999999999999999
R1.C4.b0.40-0.60,2025-09-14,-11.28
R1.C4.b0.40-0.60,2025-09-15,5.93
R1.C4.b0.40-0.60,2025-09-18,-0.5600000000000005
R1.C4.b0.40-0.60,2025-09-19,-0.7600000000000007
R1.C4.b0.40-0.60,2025-09-20,-5.85
R1.C4.b0.40-0.60,2025-09-21,-4.000000000000001
R1.C4.b0.40-0.60,2025-09-25,-0.8600000000000003
R1.C4.b0.40-0.60,2025-09-26,-0.6600000000000001
R1.C4.b0.40-0.60,2025-09-27,-17.48
R1.C4.b0.40-0.60,2025-09-28,-1.62
R1.C4.b0.40-0.60,2025-09-29,-0.6600000000000001
R1.C4.b0.40-0.60,2025-10-02,-0.75
R1.C4.b0.40-0.60,2025-10-03,-4.17
R1.C4.b0.40-0.60,2025-10-04,-6.240000000000003
R1.C4.b0.40-0.60,2025-10-05,-1.9800000000000004
R1.C4.b0.40-0.60,2025-10-08,-0.8600000000000003
R1.C4.b0.40-0.60,2025-10-09,4.62
R1.C4.b0.40-0.60,2025-10-10,-1.6100000000000012
R1.C4.b0.40-0.60,2025-10-11,-10.17
R1.C4.b0.40-0.60,2025-10-12,-1.9800000000000013
R1.C4.b0.40-0.60,2025-10-13,5.62
R1.C4.b0.40-0.60,2025-10-15,5.62
R1.C4.b0.40-0.60,2025-10-17,-0.6499999999999999
R1.C4.b0.40-0.60,2025-10-18,-0.39000000000000057
R1.C4.b0.40-0.60,2025-10-19,-8.25
R1.C4.b0.40-0.60,2025-10-22,-4.27
R1.C4.b0.40-0.60,2025-10-25,-5.250000000000001
R1.C4.b0.40-0.60,2025-10-26,-4.93
R1.C4.b0.40-0.60,2025-10-31,-4.07
R1.C4.b0.40-0.60,2025-11-01,-4.9700000000000015
R1.C4.b0.40-0.60,2025-11-02,-2.9300000000000006
R1.C4.b0.40-0.60,2025-11-03,-0.6600000000000001
R1.C4.b0.40-0.60,2025-11-06,-0.6600000000000001
R1.C4.b0.40-0.60,2025-11-07,-1.4200000000000008
R1.C4.b0.40-0.60,2025-11-08,-2.2
R1.C4.b0.40-0.60,2025-11-09,-0.6600000000000001
R1.C4.b0.40-0.60,2025-11-10,-0.6499999999999999
R1.C4.b0.40-0.60,2025-11-11,-4.27
R1.C4.b0.40-0.60,2025-11-12,-0.5600000000000005
R1.C4.b0.40-0.60,2025-11-14,-0.7599999999999998
R1.C4.b0.40-0.60,2025-11-15,-8.71
R1.C4.b0.40-0.60,2025-11-16,-3.4800000000000004
R1.C4.b0.40-0.60,2025-11-17,-4.27
R1.C4.b0.40-0.60,2025-11-18,-1.62
R1.C4.b0.40-0.60,2025-11-19,-0.6600000000000001
R1.C4.b0.40-0.60,2025-11-21,-0.35999999999999943
R1.C4.b0.40-0.60,2025-11-22,-2.1199999999999974
R1.C4.b0.40-0.60,2025-11-23,-5.14
R1.C4.b0.40-0.60,2025-11-27,-0.6600000000000001
R1.C4.b0.40-0.60,2025-11-28,-2.0700000000000003
R1.C4.b0.40-0.60,2025-11-29,-12.380000000000003
R1.C4.b0.40-0.60,2025-11-30,-0.5600000000000005
R1.C4.b0.40-0.60,2025-12-05,5.32
R1.C4.b0.40-0.60,2025-12-06,-0.6600000000000001
R1.C4.b0.40-0.60,2025-12-07,-5.69
R1.C4.b0.40-0.60,2025-12-13,-1.3500000000000005
R1.C4.b0.40-0.60,2025-12-14,4.32
R1.C4.b0.40-0.60,2025-12-17,-0.5599999999999996
R1.C4.b0.40-0.60,2025-12-19,-0.6600000000000001
R1.C4.b0.40-0.60,2025-12-20,-0.6600000000000001
R1.C4.b0.40-0.60,2025-12-21,-2.83
R1.C4.b0.40-0.60,2025-12-22,-4.38
R1.C4.b0.40-0.60,2025-12-23,-0.8500000000000005
R1.C4.b0.40-0.60,2025-12-24,-0.75
R1.C4.b0.40-0.60,2025-12-26,-5.54
R1.C4.b0.40-0.60,2025-12-27,1.9500000000000002
R1.C4.b0.40-0.60,2025-12-28,-6.35
R1.C4.b0.40-0.60,2025-12-31,-1.5199999999999996
R1.C4.b0.40-0.60,2026-01-01,-0.6600000000000001
R1.C4.b0.40-0.60,2026-01-02,-0.7600000000000007
R1.C4.b0.40-0.60,2026-01-03,-0.5600000000000005
R1.C4.b0.40-0.60,2026-01-04,4.409999999999999
R1.C4.b0.40-0.60,2026-01-10,-0.5599999999999996
R1.C4.b0.40-0.60,2026-01-11,-1.870000000000001
R1.C4.b0.40-0.60,2026-01-12,-0.6600000000000001
R1.C4.b0.40-0.60,2026-01-17,-0.6600000000000001
R1.C4.b0.60-0.80,2025-09-08,-7.35
R1.C4.b0.60-0.80,2025-09-12,2.85
R1.C4.b0.60-0.80,2025-09-13,-28.12
R1.C4.b0.60-0.80,2025-09-14,5.91
R1.C4.b0.60-0.80,2025-09-15,-3.3299999999999996
R1.C4.b0.60-0.80,2025-09-19,-7.15
R1.C4.b0.60-0.80,2025-09-20,-7.26
R1.C4.b0.60-0.80,2025-09-21,14.48
R1.C4.b0.60-0.80,2025-09-22,-7.05
R1.C4.b0.60-0.80,2025-09-25,2.36
R1.C4.b0.60-0.80,2025-09-26,-5.56
R1.C4.b0.60-0.80,2025-09-27,-9.36
R1.C4.b0.60-0.80,2025-09-28,-8.200000000000001
R1.C4.b0.60-0.80,2025-09-29,2.85
R1.C4.b0.60-0.80,2025-10-02,3.63
R1.C4.b0.60-0.80,2025-10-03,0.20000000000000018
R1.C4.b0.60-0.80,2025-10-04,-11.559999999999999
R1.C4.b0.60-0.80,2025-10-05,-22.22
R1.C4.b0.60-0.80,2025-10-06,-7.54
R1.C4.b0.60-0.80,2025-10-08,2.85
R1.C4.b0.60-0.80,2025-10-09,-12.43
R1.C4.b0.60-0.80,2025-10-10,3.14
R1.C4.b0.60-0.80,2025-10-11,9.34
R1.C4.b0.60-0.80,2025-10-12,9.64
R1.C4.b0.60-0.80,2025-10-13,-13.030000000000001
R1.C4.b0.60-0.80,2025-10-14,-13.29
R1.C4.b0.60-0.80,2025-10-15,-13.04
R1.C4.b0.60-0.80,2025-10-17,-13.719999999999999
R1.C4.b0.60-0.80,2025-10-18,-19.02
R1.C4.b0.60-0.80,2025-10-19,16.31
R1.C4.b0.60-0.80,2025-10-20,2.46
R1.C4.b0.60-0.80,2025-10-21,-5.18
R1.C4.b0.60-0.80,2025-10-22,3.24
R1.C4.b0.60-0.80,2025-10-23,2.17
R1.C4.b0.60-0.80,2025-10-25,-29.810000000000002
R1.C4.b0.60-0.80,2025-10-26,11.7
R1.C4.b0.60-0.80,2025-10-29,6.470000000000001
R1.C4.b0.60-0.80,2025-10-30,-14.98
R1.C4.b0.60-0.80,2025-10-31,3.53
R1.C4.b0.60-0.80,2025-11-01,-15.129999999999999
R1.C4.b0.60-0.80,2025-11-02,-1.4500000000000002
R1.C4.b0.60-0.80,2025-11-04,3.93
R1.C4.b0.60-0.80,2025-11-05,3.24
R1.C4.b0.60-0.80,2025-11-06,3.14
R1.C4.b0.60-0.80,2025-11-08,-5.509999999999998
R1.C4.b0.60-0.80,2025-11-09,-29.04
R1.C4.b0.60-0.80,2025-11-11,-4.3
R1.C4.b0.60-0.80,2025-11-12,2.36
R1.C4.b0.60-0.80,2025-11-13,2.17
R1.C4.b0.60-0.80,2025-11-15,-2.680000000000001
R1.C4.b0.60-0.80,2025-11-16,7.78
R1.C4.b0.60-0.80,2025-11-17,3.83
R1.C4.b0.60-0.80,2025-11-20,-15.08
R1.C4.b0.60-0.80,2025-11-21,-6.76
R1.C4.b0.60-0.80,2025-11-22,20.6
R1.C4.b0.60-0.80,2025-11-23,8.600000000000001
R1.C4.b0.60-0.80,2025-11-25,2.36
R1.C4.b0.60-0.80,2025-11-27,-14.98
R1.C4.b0.60-0.80,2025-11-28,-5.83
R1.C4.b0.60-0.80,2025-11-29,14.15
R1.C4.b0.60-0.80,2025-11-30,5.99
R1.C4.b0.60-0.80,2025-12-04,3.43
R1.C4.b0.60-0.80,2025-12-05,0.020000000000000462
R1.C4.b0.60-0.80,2025-12-06,-7.720000000000001
R1.C4.b0.60-0.80,2025-12-07,2.9899999999999993
R1.C4.b0.60-0.80,2025-12-08,3.53
R1.C4.b0.60-0.80,2025-12-11,-7.25
R1.C4.b0.60-0.80,2025-12-13,4.92
R1.C4.b0.60-0.80,2025-12-14,-20.83
R1.C4.b0.60-0.80,2025-12-15,3.14
R1.C4.b0.60-0.80,2025-12-16,2.07
R1.C4.b0.60-0.80,2025-12-17,-6.66
R1.C4.b0.60-0.80,2025-12-18,6.38
R1.C4.b0.60-0.80,2025-12-19,2.65
R1.C4.b0.60-0.80,2025-12-20,6.48
R1.C4.b0.60-0.80,2025-12-21,-23.38
R1.C4.b0.60-0.80,2025-12-22,6.96
R1.C4.b0.60-0.80,2025-12-23,-7.25
R1.C4.b0.60-0.80,2025-12-25,-5.76
R1.C4.b0.60-0.80,2025-12-26,6.09
R1.C4.b0.60-0.80,2025-12-27,-15.239999999999998
R1.C4.b0.60-0.80,2025-12-28,2.17
R1.C4.b0.60-0.80,2025-12-29,-6.76
R1.C4.b0.60-0.80,2025-12-30,-11.26
R1.C4.b0.60-0.80,2025-12-31,-4.4
R1.C4.b0.60-0.80,2026-01-01,-3.9199999999999995
R1.C4.b0.60-0.80,2026-01-02,4.73
R1.C4.b0.60-0.80,2026-01-03,2.17
R1.C4.b0.60-0.80,2026-01-04,-7.62
R1.C4.b0.60-0.80,2026-01-08,3.34
R1.C4.b0.60-0.80,2026-01-09,2.27
R1.C4.b0.60-0.80,2026-01-17,2.65
R1.C4.b0.60-0.80,2026-01-18,4.63
R1.C4.b0.80-0.99,2025-09-12,-8.69
R1.C4.b0.80-0.99,2025-09-13,6.69
R1.C4.b0.80-0.99,2025-09-14,4.109999999999999
R1.C4.b0.80-0.99,2025-09-18,1.5
R1.C4.b0.80-0.99,2025-09-20,-12.909999999999998
R1.C4.b0.80-0.99,2025-09-21,-4.75
R1.C4.b0.80-0.99,2025-09-27,13.57
R1.C4.b0.80-0.99,2025-09-28,0.07000000000000017
R1.C4.b0.80-0.99,2025-10-03,0.46
R1.C4.b0.80-0.99,2025-10-04,-3.999999999999998
R1.C4.b0.80-0.99,2025-10-05,-16.34
R1.C4.b0.80-0.99,2025-10-09,1.79
R1.C4.b0.80-0.99,2025-10-11,-15.970000000000002
R1.C4.b0.80-0.99,2025-10-12,4.12
R1.C4.b0.80-0.99,2025-10-16,-8.5
R1.C4.b0.80-0.99,2025-10-17,1.41
R1.C4.b0.80-0.99,2025-10-18,-2.3700000000000014
R1.C4.b0.80-0.99,2025-10-19,0.56
R1.C4.b0.80-0.99,2025-10-20,1.79
R1.C4.b0.80-0.99,2025-10-22,1.12
R1.C4.b0.80-0.99,2025-10-23,1.6
R1.C4.b0.80-0.99,2025-10-24,2.61
R1.C4.b0.80-0.99,2025-10-25,5.91
R1.C4.b0.80-0.99,2025-10-26,-6.72
R1.C4.b0.80-0.99,2025-10-27,1.79
R1.C4.b0.80-0.99,2025-10-28,2.34
R1.C4.b0.80-0.99,2025-10-30,1.6
R1.C4.b0.80-0.99,2025-10-31,0.73
R1.C4.b0.80-0.99,2025-11-01,5.9
R1.C4.b0.80-0.99,2025-11-02,-13.72
R1.C4.b0.80-0.99,2025-11-04,0.46
R1.C4.b0.80-0.99,2025-11-05,0.93
R1.C4.b0.80-0.99,2025-11-06,1.03
R1.C4.b0.80-0.99,2025-11-07,0.74
R1.C4.b0.80-0.99,2025-11-08,-29.26
R1.C4.b0.80-0.99,2025-11-09,2.9000000000000004
R1.C4.b0.80-0.99,2025-11-12,1.31
R1.C4.b0.80-0.99,2025-11-13,1.41
R1.C4.b0.80-0.99,2025-11-15,12.700000000000001
R1.C4.b0.80-0.99,2025-11-16,2.44
R1.C4.b0.80-0.99,2025-11-18,0.18
R1.C4.b0.80-0.99,2025-11-19,1.5
R1.C4.b0.80-0.99,2025-11-22,9.870000000000001
R1.C4.b0.80-0.99,2025-11-23,5.54
R1.C4.b0.80-0.99,2025-11-24,1.31
R1.C4.b0.80-0.99,2025-11-25,0.27
R1.C4.b0.80-0.99,2025-11-27,-8.31
R1.C4.b0.80-0.99,2025-11-28,5.05
R1.C4.b0.80-0.99,2025-11-29,3.5700000000000003
R1.C4.b0.80-0.99,2025-11-30,-2.3900000000000006
R1.C4.b0.80-0.99,2025-12-01,1.22
R1.C4.b0.80-0.99,2025-12-05,0.27
R1.C4.b0.80-0.99,2025-12-07,3.1
R1.C4.b0.80-0.99,2025-12-14,-6.2700000000000005
R1.C4.b0.80-0.99,2025-12-19,0.93
R1.C4.b0.80-0.99,2025-12-20,1.3
R1.C4.b0.80-0.99,2025-12-21,2.15
R1.C4.b0.80-0.99,2025-12-23,0.65
R1.C4.b0.80-0.99,2025-12-25,1.03
R1.C4.b0.80-0.99,2025-12-28,-6.720000000000001
R1.C4.b0.80-0.99,2025-12-29,1.22
R1.C4.b0.80-0.99,2025-12-31,1.79
R1.C4.b0.80-0.99,2026-01-02,0.84
R1.C4.b0.80-0.99,2026-01-04,-11.86
R1.C4.b0.80-0.99,2026-01-10,0.74
R10.ELO.e0.05.taker,2025-09-08,-5.38
R10.ELO.e0.05.taker,2025-09-14,-22.58
R10.ELO.e0.05.taker,2025-09-15,-4.07
R10.ELO.e0.05.taker,2025-09-18,-6.680000000000001
R10.ELO.e0.05.taker,2025-09-19,-4.88
R10.ELO.e0.05.taker,2025-09-20,-12.440000000000001
R10.ELO.e0.05.taker,2025-09-21,3.0699999999999994
R10.ELO.e0.05.taker,2025-09-25,-5.08
R10.ELO.e0.05.taker,2025-09-26,4.73
R10.ELO.e0.05.taker,2025-09-27,-21.55
R10.ELO.e0.05.taker,2025-09-28,10.27
R10.ELO.e0.05.taker,2025-09-29,-2.33
R10.ELO.e0.05.taker,2025-10-02,12.690000000000001
R10.ELO.e0.05.taker,2025-10-03,-1.82
R10.ELO.e0.05.taker,2025-10-04,-17.0
R10.ELO.e0.05.taker,2025-10-05,1.3299999999999992
R10.ELO.e0.05.taker,2025-10-06,5.93
R10.ELO.e0.05.taker,2025-10-08,-9.36
R10.ELO.e0.05.taker,2025-10-09,7.09
R10.ELO.e0.05.taker,2025-10-10,3.8000000000000003
R10.ELO.e0.05.taker,2025-10-11,18.369999999999997
R10.ELO.e0.05.taker,2025-10-12,-24.73
R10.ELO.e0.05.taker,2025-10-13,12.77
R10.ELO.e0.05.taker,2025-10-14,11.68
R10.ELO.e0.05.taker,2025-10-15,0.8399999999999999
R10.ELO.e0.05.taker,2025-10-16,4.8500000000000005
R10.ELO.e0.05.taker,2025-10-17,11.370000000000001
R10.ELO.e0.05.taker,2025-10-18,-26.300000000000004
R10.ELO.e0.05.taker,2025-10-19,-10.44
R10.ELO.e0.05.taker,2025-10-20,-3.36
R10.ELO.e0.05.taker,2025-10-21,2.0599999999999996
R10.ELO.e0.05.taker,2025-10-22,-7.62
R10.ELO.e0.05.taker,2025-10-23,-3.56
R10.ELO.e0.05.taker,2025-10-24,-5.470000000000001
R10.ELO.e0.05.taker,2025-10-25,-1.589999999999998
R10.ELO.e0.05.taker,2025-10-26,-14.86
R10.ELO.e0.05.taker,2025-10-27,-2.01
R10.ELO.e0.05.taker,2025-10-28,-5.37
R10.ELO.e0.05.taker,2025-10-29,-3.77
R10.ELO.e0.05.taker,2025-10-30,10.450000000000001
R10.ELO.e0.05.taker,2025-10-31,-8.66
R10.ELO.e0.05.taker,2025-11-01,-0.370000000000001
R10.ELO.e0.05.taker,2025-11-02,10.240000000000002
R10.ELO.e0.05.taker,2025-11-04,-2.12
R10.ELO.e0.05.taker,2025-11-05,-1.8
R10.ELO.e0.05.taker,2025-11-06,-1.91
R10.ELO.e0.05.taker,2025-11-07,-1.8
R10.ELO.e0.05.taker,2025-11-08,40.41
R10.ELO.e0.05.taker,2025-11-09,5.029999999999999
R10.ELO.e0.05.taker,2025-11-10,-5.18
R10.ELO.e0.05.taker,2025-11-11,6.85
R10.ELO.e0.05.taker,2025-11-12,-2.53
R10.ELO.e0.05.taker,2025-11-13,-4.34
R10.ELO.e0.05.taker,2025-11-14,-6.52
R10.ELO.e0.05.taker,2025-11-15,-14.770000000000001
R10.ELO.e0.05.taker,2025-11-16,16.31
R10.ELO.e0.05.taker,2025-11-17,-3.87
R10.ELO.e0.05.taker,2025-11-18,-3.3800000000000003
R10.ELO.e0.05.taker,2025-11-19,-2.95
R10.ELO.e0.05.taker,2025-11-20,6.54
R10.ELO.e0.05.taker,2025-11-21,6.54
R10.ELO.e0.05.taker,2025-11-22,-46.04
R10.ELO.e0.05.taker,2025-11-23,-12.309999999999999
R10.ELO.e0.05.taker,2025-11-24,-2.53
R10.ELO.e0.05.taker,2025-11-25,-4.44
R10.ELO.e0.05.taker,2025-11-27,19.33
R10.ELO.e0.05.taker,2025-11-28,-6.610000000000001
R10.ELO.e0.05.taker,2025-11-29,-24.83
R10.ELO.e0.05.taker,2025-11-30,-4.339999999999999
R10.ELO.e0.05.taker,2025-12-05,-3.9800000000000004
R10.ELO.e0.05.taker,2025-12-06,-2.9800000000000004
R10.ELO.e0.05.taker,2025-12-07,8.010000000000002
R10.ELO.e0.05.taker,2025-12-08,4.82
R10.ELO.e0.05.taker,2025-12-13,-5.99
R10.ELO.e0.05.taker,2025-12-14,-0.08999999999999986
R10.ELO.e0.05.taker,2025-12-17,11.05
R10.ELO.e0.05.taker,2025-12-20,-0.8800000000000008
R10.ELO.e0.05.taker,2025-12-21,5.470000000000001
R10.ELO.e0.05.taker,2025-12-22,-9.14
R10.ELO.e0.05.taker,2025-12-23,4.42
R10.ELO.e0.05.taker,2025-12-24,4.42
R10.ELO.e0.05.taker,2025-12-25,3.34
R10.ELO.e0.05.taker,2025-12-26,-5.6899999999999995
R10.ELO.e0.05.taker,2025-12-27,0.5800000000000005
R10.ELO.e0.05.taker,2025-12-28,-11.91
R10.ELO.e0.05.taker,2025-12-29,4.52
R10.ELO.e0.05.taker,2025-12-30,8.81
R10.ELO.e0.05.taker,2025-12-31,5.15
R10.ELO.e0.05.taker,2026-01-01,2.8700000000000006
R10.ELO.e0.05.taker,2026-01-02,0.8799999999999999
R10.ELO.e0.05.taker,2026-01-03,-4.48
R10.ELO.e0.05.taker,2026-01-04,0.9700000000000006
R10.ELO.e0.05.taker,2026-01-08,-4.27
R10.ELO.e0.05.taker,2026-01-10,3.0
R10.ELO.e0.05.taker,2026-01-11,0.7600000000000007
R10.ELO.e0.05.taker,2026-01-12,-4.38
R10.ELO.e0.05.taker,2026-01-17,1.1700000000000004
R10.ELO.e0.05.taker,2026-01-18,-3.87
R10.ELO.e0.05.maker,2025-09-08,-5.15
R10.ELO.e0.05.maker,2025-09-14,-17.53
R10.ELO.e0.05.maker,2025-09-15,-3.85
R10.ELO.e0.05.maker,2025-09-18,-1.53
R10.ELO.e0.05.maker,2025-09-19,-4.65
R10.ELO.e0.05.maker,2025-09-20,-6.430000000000001
R10.ELO.e0.05.maker,2025-09-21,-12.09
R10.ELO.e0.05.maker,2025-09-26,5.130000000000001
R10.ELO.e0.05.maker,2025-09-27,-18.72
R10.ELO.e0.05.maker,2025-09-28,11.879999999999999
R10.ELO.e0.05.maker,2025-09-29,-2.13
R10.ELO.e0.05.maker,2025-10-02,13.11
R10.ELO.e0.05.maker,2025-10-03,-1.53
R10.ELO.e0.05.maker,2025-10-04,-22.1
R10.ELO.e0.05.maker,2025-10-05,4.48
R10.ELO.e0.05.maker,2025-10-06,6.15
R10.ELO.e0.05.maker,2025-10-09,7.66
R10.ELO.e0.05.maker,2025-10-10,4.220000000000001
R10.ELO.e0.05.maker,2025-10-11,-9.02
R10.ELO.e0.05.maker,2025-10-12,-16.24
R10.ELO.e0.05.maker,2025-10-13,13.21
R10.ELO.e0.05.maker,2025-10-16,5.23
R10.ELO.e0.05.maker,2025-10-17,11.989999999999998
R10.ELO.e0.05.maker,2025-10-18,0.7400000000000007
R10.ELO.e0.05.maker,2025-10-19,-8.75
R10.ELO.e0.05.maker,2025-10-20,-3.14
R10.ELO.e0.05.maker,2025-10-21,6.76
R10.ELO.e0.05.maker,2025-10-23,-3.34
R10.ELO.e0.05.maker,2025-10-24,-3.65
R10.ELO.e0.05.maker,2025-10-25,7.44
R10.ELO.e0.05.maker,2025-10-26,-12.31
R10.ELO.e0.05.maker,2025-10-27,-1.83
R10.ELO.e0.05.maker,2025-10-28,-4.97
R10.ELO.e0.05.maker,2025-10-29,-3.54
R10.ELO.e0.05.maker,2025-10-30,4.32
R10.ELO.e0.05.maker,2025-10-31,-1.73
R10.ELO.e0.05.maker,2025-11-01,16.41
R10.ELO.e0.05.maker,2025-11-02,7.19
R10.ELO.e0.05.maker,2025-11-04,-1.93
R10.ELO.e0.05.maker,2025-11-05,-1.63
R10.ELO.e0.05.maker,2025-11-07,-1.63
R10.ELO.e0.05.maker,2025-11-08,-14.81
R10.ELO.e0.05.maker,2025-11-09,9.94
R10.ELO.e0.05.maker,2025-11-10,-4.95
R10.ELO.e0.05.maker,2025-11-11,7.06
R10.ELO.e0.05.maker,2025-11-12,-2.34
R10.ELO.e0.05.maker,2025-11-13,-4.07
R10.ELO.e0.05.maker,2025-11-14,-5.65
R10.ELO.e0.05.maker,2025-11-15,-14.31
R10.ELO.e0.05.maker,2025-11-16,21.849999999999998
R10.ELO.e0.05.maker,2025-11-17,-3.65
R10.ELO.e0.05.maker,2025-11-18,-2.74
R10.ELO.e0.05.maker,2025-11-19,-2.74
R10.ELO.e0.05.maker,2025-11-20,6.76
R10.ELO.e0.05.maker,2025-11-22,-28.36
R10.ELO.e0.05.maker,2025-11-23,-3.8100000000000005
R10.ELO.e0.05.maker,2025-11-24,-2.34
R10.ELO.e0.05.maker,2025-11-25,-1.63
R10.ELO.e0.05.maker,2025-11-27,13.81
R10.ELO.e0.05.maker,2025-11-28,5.279999999999999
R10.ELO.e0.05.maker,2025-11-29,-16.869999999999997
R10.ELO.e0.05.maker,2025-11-30,0.22999999999999954
R10.ELO.e0.05.maker,2025-12-05,0.9000000000000004
R10.ELO.e0.05.maker,2025-12-06,-2.329999999999999
R10.ELO.e0.05.maker,2025-12-07,12.559999999999999
R10.ELO.e0.05.maker,2025-12-08,5.05
R10.ELO.e0.05.maker,2025-12-13,-5.58
R10.ELO.e0.05.maker,2025-12-14,8.07
R10.ELO.e0.05.maker,2025-12-17,11.5
R10.ELO.e0.05.maker,2025-12-20,-0.1299999999999999
R10.ELO.e0.05.maker,2025-12-21,9.299999999999999
R10.ELO.e0.05.maker,2025-12-22,-8.69
R10.ELO.e0.05.maker,2025-12-23,4.83
R10.ELO.e0.05.maker,2025-12-24,4.65
R10.ELO.e0.05.maker,2025-12-25,3.9000000000000004
R10.ELO.e0.05.maker,2025-12-26,-5.27
R10.ELO.e0.05.maker,2025-12-27,-3.24
R10.ELO.e0.05.maker,2025-12-28,-7.23
R10.ELO.e0.05.maker,2025-12-29,4.92
R10.ELO.e0.05.maker,2025-12-30,3.11
R10.ELO.e0.05.maker,2025-12-31,7.36
R10.ELO.e0.05.maker,2026-01-01,3.32
R10.ELO.e0.05.maker,2026-01-02,1.4900000000000002
R10.ELO.e0.05.maker,2026-01-03,-4.25
R10.ELO.e0.05.maker,2026-01-04,-1.5700000000000003
R10.ELO.e0.05.maker,2026-01-08,-4.05
R10.ELO.e0.05.maker,2026-01-10,3.42
R10.ELO.e0.05.maker,2026-01-11,1.21
R10.ELO.e0.05.maker,2026-01-12,-4.15
R10.ELO.e0.05.maker,2026-01-17,1.6099999999999999
R10.ELO.e0.05.maker,2026-01-18,-3.65
R10.ELO.e0.1.taker,2025-09-08,-5.38
R10.ELO.e0.1.taker,2025-09-14,-18.88
R10.ELO.e0.1.taker,2025-09-15,-4.07
R10.ELO.e0.1.taker,2025-09-18,-1.7
R10.ELO.e0.1.taker,2025-09-19,-4.88
R10.ELO.e0.1.taker,2025-09-20,-9.11
R10.ELO.e0.1.taker,2025-09-21,10.09
R10.ELO.e0.1.taker,2025-09-25,-5.08
R10.ELO.e0.1.taker,2025-09-26,4.73
R10.ELO.e0.1.taker,2025-09-27,-20.0
R10.ELO.e0.1.taker,2025-09-28,4.85
R10.ELO.e0.1.taker,2025-09-29,-2.33
R10.ELO.e0.1.taker,2025-10-02,12.690000000000001
R10.ELO.e0.1.taker,2025-10-03,-1.82
R10.ELO.e0.1.taker,2025-10-04,-30.630000000000003
R10.ELO.e0.1.taker,2025-10-05,4.069999999999999
R10.ELO.e0.1.taker,2025-10-06,5.93
R10.ELO.e0.1.taker,2025-10-08,-9.36
R10.ELO.e0.1.taker,2025-10-09,10.45
R10.ELO.e0.1.taker,2025-10-10,3.8000000000000003
R10.ELO.e0.1.taker,2025-10-11,-2.3200000000000003
R10.ELO.e0.1.taker,2025-10-12,-12.530000000000001
R10.ELO.e0.1.taker,2025-10-13,12.77
R10.ELO.e0.1.taker,2025-10-14,11.68
R10.ELO.e0.1.taker,2025-10-15,0.8399999999999999
R10.ELO.e0.1.taker,2025-10-16,4.8500000000000005
R10.ELO.e0.1.taker,2025-10-17,11.370000000000001
R10.ELO.e0.1.taker,2025-10-18,-20.32
R10.ELO.e0.1.taker,2025-10-19,-14.76
R10.ELO.e0.1.taker,2025-10-20,-3.36
R10.ELO.e0.1.taker,2025-10-21,2.0599999999999996
R10.ELO.e0.1.taker,2025-10-22,-7.62
R10.ELO.e0.1.taker,2025-10-23,-3.56
R10.ELO.e0.1.taker,2025-10-24,-5.470000000000001
R10.ELO.e0.1.taker,2025-10-25,-5.659999999999998
R10.ELO.e0.1.taker,2025-10-26,-6.71
R10.ELO.e0.1.taker,2025-10-27,-2.01
R10.ELO.e0.1.taker,2025-10-28,-5.37
R10.ELO.e0.1.taker,2025-10-29,-3.77
R10.ELO.e0.1.taker,2025-10-30,10.450000000000001
R10.ELO.e0.1.taker,2025-10-31,-3.1799999999999997
R10.ELO.e0.1.taker,2025-11-01,10.77
R10.ELO.e0.1.taker,2025-11-02,14.580000000000002
R10.ELO.e0.1.taker,2025-11-04,-2.12
R10.ELO.e0.1.taker,2025-11-05,-1.8
R10.ELO.e0.1.taker,2025-11-06,-1.91
R10.ELO.e0.1.taker,2025-11-07,-1.8
R10.ELO.e0.1.taker,2025-11-08,26.47
R10.ELO.e0.1.taker,2025-11-09,-1.77
R10.ELO.e0.1.taker,2025-11-11,6.85
R10.ELO.e0.1.taker,2025-11-12,-2.53
R10.ELO.e0.1.taker,2025-11-13,-4.34
R10.ELO.e0.1.taker,2025-11-14,-0.64
R10.ELO.e0.1.taker,2025-11-15,-11.25
R10.ELO.e0.1.taker,2025-11-16,-2.6700000000000004
R10.ELO.e0.1.taker,2025-11-17,-3.87
R10.ELO.e0.1.taker,2025-11-18,-3.3800000000000003
R10.ELO.e0.1.taker,2025-11-19,-2.95
R10.ELO.e0.1.taker,2025-11-20,6.54
R10.ELO.e0.1.taker,2025-11-21,6.54
R10.ELO.e0.1.taker,2025-11-22,-20.49
R10.ELO.e0.1.taker,2025-11-23,-13.200000000000001
R10.ELO.e0.1.taker,2025-11-24,-2.53
R10.ELO.e0.1.taker,2025-11-25,-4.44
R10.ELO.e0.1.taker,2025-11-27,5.93
R10.ELO.e0.1.taker,2025-11-28,-2.0100000000000002
R10.ELO.e0.1.taker,2025-11-29,-9.009999999999998
R10.ELO.e0.1.taker,2025-11-30,1.0300000000000011
R10.ELO.e0.1.taker,2025-12-05,-8.9
R10.ELO.e0.1.taker,2025-12-06,-2.12
R10.ELO.e0.1.taker,2025-12-07,5.94
R10.ELO.e0.1.taker,2025-12-13,-2.74
R10.ELO.e0.1.taker,2025-12-14,-3.76
R10.ELO.e0.1.taker,2025-12-20,-5.300000000000001
R10.ELO.e0.1.taker,2025-12-21,10.15
R10.ELO.e0.1.taker,2025-12-22,-3.66
R10.ELO.e0.1.taker,2025-12-23,4.42
R10.ELO.e0.1.taker,2025-12-25,3.34
R10.ELO.e0.1.taker,2025-12-26,-5.6899999999999995
R10.ELO.e0.1.taker,2025-12-27,1.7900000000000005
R10.ELO.e0.1.taker,2025-12-28,-2.7600000000000002
R10.ELO.e0.1.taker,2025-12-29,4.52
R10.ELO.e0.1.taker,2025-12-30,8.81
R10.ELO.e0.1.taker,2025-12-31,5.15
R10.ELO.e0.1.taker,2026-01-02,-4.54
R10.ELO.e0.1.taker,2026-01-03,-4.48
R10.ELO.e0.1.taker,2026-01-04,10.940000000000001
R10.ELO.e0.1.taker,2026-01-08,-4.27
R10.ELO.e0.1.taker,2026-01-10,3.0
R10.ELO.e0.1.taker,2026-01-11,6.44
R10.ELO.e0.1.taker,2026-01-12,-4.38
R10.ELO.e0.1.taker,2026-01-17,4.32
R10.ELO.e0.1.taker,2026-01-18,-3.87
R10.ELO.e0.1.maker,2025-09-08,-5.15
R10.ELO.e0.1.maker,2025-09-14,-14.49
R10.ELO.e0.1.maker,2025-09-15,-3.85
R10.ELO.e0.1.maker,2025-09-18,-1.53
R10.ELO.e0.1.maker,2025-09-19,-4.65
R10.ELO.e0.1.maker,2025-09-20,-2.1800000000000006
R10.ELO.e0.1.maker,2025-09-21,-1.6600000000000001
R10.ELO.e0.1.maker,2025-09-26,5.130000000000001
R10.ELO.e0.1.maker,2025-09-27,-21.63
R10.ELO.e0.1.maker,2025-09-28,6.2299999999999995
R10.ELO.e0.1.maker,2025-09-29,-2.13
R10.ELO.e0.1.maker,2025-10-02,13.11
R10.ELO.e0.1.maker,2025-10-03,-1.53
R10.ELO.e0.1.maker,2025-10-04,-28.560000000000002
R10.ELO.e0.1.maker,2025-10-05,7.0200000000000005
R10.ELO.e0.1.maker,2025-10-06,6.15
R10.ELO.e0.1.maker,2025-10-09,7.66
R10.ELO.e0.1.maker,2025-10-10,4.220000000000001
R10.ELO.e0.1.maker,2025-10-11,-13.94
R10.ELO.e0.1.maker,2025-10-12,-4.7
R10.ELO.e0.1.maker,2025-10-13,13.21
R10.ELO.e0.1.maker,2025-10-16,5.23
R10.ELO.e0.1.maker,2025-10-17,11.989999999999998
R10.ELO.e0.1.maker,2025-10-18,2.690000000000001
R10.ELO.e0.1.maker,2025-10-19,-13.299999999999999
R10.ELO.e0.1.maker,2025-10-20,-3.14
R10.ELO.e0.1.maker,2025-10-21,6.76
R10.ELO.e0.1.maker,2025-10-23,-3.34
R10.ELO.e0.1.maker,2025-10-24,-3.65
R10.ELO.e0.1.maker,2025-10-25,-4.16
R10.ELO.e0.1.maker,2025-10-26,-4.51
R10.ELO.e0.1.maker,2025-10-27,-1.83
R10.ELO.e0.1.maker,2025-10-28,-4.97
R10.ELO.e0.1.maker,2025-10-29,-3.54
R10.ELO.e0.1.maker,2025-10-30,4.32
R10.ELO.e0.1.maker,2025-10-31,-1.73
R10.ELO.e0.1.maker,2025-11-01,22.0
R10.ELO.e0.1.maker,2025-11-02,16.19
R10.ELO.e0.1.maker,2025-11-04,-1.93
R10.ELO.e0.1.maker,2025-11-05,-1.63
R10.ELO.e0.1.maker,2025-11-07,-1.63
R10.ELO.e0.1.maker,2025-11-08,-14.81
R10.ELO.e0.1.maker,2025-11-09,2.4799999999999995
R10.ELO.e0.1.maker,2025-11-11,7.06
R10.ELO.e0.1.maker,2025-11-12,-2.34
R10.ELO.e0.1.maker,2025-11-13,-4.07
R10.ELO.e0.1.maker,2025-11-15,-7.83
R10.ELO.e0.1.maker,2025-11-16,1.9499999999999984
R10.ELO.e0.1.maker,2025-11-17,-3.65
R10.ELO.e0.1.maker,2025-11-18,-2.74
R10.ELO.e0.1.maker,2025-11-19,-2.74
R10.ELO.e0.1.maker,2025-11-20,6.76
R10.ELO.e0.1.maker,2025-11-22,-11.530000000000001
R10.ELO.e0.1.maker,2025-11-23,-10.96
R10.ELO.e0.1.maker,2025-11-24,-2.34
R10.ELO.e0.1.maker,2025-11-25,-1.63
R10.ELO.e0.1.maker,2025-11-27,6.15
R10.ELO.e0.1.maker,2025-11-28,4.279999999999999
R10.ELO.e0.1.maker,2025-11-29,-4.73
R10.ELO.e0.1.maker,2025-11-30,5.199999999999999
R10.ELO.e0.1.maker,2025-12-05,-4.25
R10.ELO.e0.1.maker,2025-12-06,-1.93
R10.ELO.e0.1.maker,2025-12-07,10.049999999999999
R10.ELO.e0.1.maker,2025-12-13,-2.54
R10.ELO.e0.1.maker,2025-12-14,-2.3099999999999996
R10.ELO.e0.1.maker,2025-12-20,-4.78
R10.ELO.e0.1.maker,2025-12-21,13.75
R10.ELO.e0.1.maker,2025-12-22,-3.44
R10.ELO.e0.1.maker,2025-12-23,4.83
R10.ELO.e0.1.maker,2025-12-25,3.9000000000000004
R10.ELO.e0.1.maker,2025-12-26,-5.27
R10.ELO.e0.1.maker,2025-12-27,-2.94
R10.ELO.e0.1.maker,2025-12-28,1.4699999999999998
R10.ELO.e0.1.maker,2025-12-29,4.92
R10.ELO.e0.1.maker,2025-12-30,3.11
R10.ELO.e0.1.maker,2025-12-31,7.36
R10.ELO.e0.1.maker,2026-01-02,-4.16
R10.ELO.e0.1.maker,2026-01-03,-4.25
R10.ELO.e0.1.maker,2026-01-04,6.31
R10.ELO.e0.1.maker,2026-01-08,-4.05
R10.ELO.e0.1.maker,2026-01-10,3.42
R10.ELO.e0.1.maker,2026-01-11,6.66
R10.ELO.e0.1.maker,2026-01-12,-4.15
R10.ELO.e0.1.maker,2026-01-17,4.55
R10.ELO.e0.1.maker,2026-01-18,-3.65
R11.MODEL.taker,2025-09-08,7.05
R11.MODEL.taker,2025-09-11,5.7
R11.MODEL.taker,2025-09-14,11.459999999999999
R11.MODEL.taker,2025-09-15,-3.11
R11.MODEL.taker,2025-09-18,5.56
R11.MODEL.taker,2025-09-20,-4.040000000000001
R11.MODEL.taker,2025-09-21,14.040000000000001
R11.MODEL.taker,2025-09-22,-6.86
R11.MODEL.taker,2025-09-25,-2.28
R11.MODEL.taker,2025-09-27,-2.6
R11.MODEL.taker,2025-09-28,-12.870000000000001
R11.MODEL.taker,2025-09-29,4.24
R11.MODEL.taker,2025-10-02,-5.88
R11.MODEL.taker,2025-10-04,3.34
R11.MODEL.taker,2025-10-05,-15.61
R11.MODEL.taker,2025-10-06,-7.25
R11.MODEL.taker,2025-10-09,-15.85
R11.MODEL.taker,2025-10-12,20.9
R11.MODEL.taker,2025-10-13,0.9399999999999995
R11.MODEL.taker,2025-10-14,2.17
R11.MODEL.taker,2025-10-16,-7.76
R11.MODEL.taker,2025-10-18,1.98
R11.MODEL.taker,2025-10-19,30.7
R11.MODEL.taker,2025-10-20,3.0999999999999996
R11.MODEL.taker,2025-10-23,-0.010000000000000009
R11.MODEL.taker,2025-10-24,0.84
R11.MODEL.taker,2025-10-25,-0.7499999999999969
R11.MODEL.taker,2025-10-26,9.04
R11.MODEL.taker,2025-10-27,2.36
R11.MODEL.taker,2025-10-30,-4.56
R11.MODEL.taker,2025-11-01,13.309999999999999
R11.MODEL.taker,2025-11-02,-32.0
R11.MODEL.taker,2025-11-03,-4.68
R11.MODEL.taker,2025-11-05,2.17
R11.MODEL.taker,2025-11-06,4.02
R11.MODEL.taker,2025-11-07,1.69
R11.MODEL.taker,2025-11-08,-43.95
R11.MODEL.taker,2025-11-09,-1.6600000000000001
R11.MODEL.taker,2025-11-10,5.22
R11.MODEL.taker,2025-11-11,1.4800000000000004
R11.MODEL.taker,2025-11-13,0.84
R11.MODEL.taker,2025-11-15,-9.84
R11.MODEL.taker,2025-11-16,12.080000000000002
R11.MODEL.taker,2025-11-17,3.24
R11.MODEL.taker,2025-11-18,5.73
R11.MODEL.taker,2025-11-19,4.19
R11.MODEL.taker,2025-11-20,-7.44
R11.MODEL.taker,2025-11-22,-8.36
R11.MODEL.taker,2025-11-23,-7.280000000000001
R11.MODEL.taker,2025-11-24,1.22
R11.MODEL.taker,2025-11-25,4.72
R11.MODEL.taker,2025-11-27,-20.42
R11.MODEL.taker,2025-11-28,-2.61
R11.MODEL.taker,2025-11-29,8.51
R11.MODEL.taker,2025-11-30,10.690000000000001
R11.MODEL.taker,2025-12-01,1.22
R11.MODEL.taker,2025-12-04,2.75
R11.MODEL.taker,2025-12-05,-2.17
R11.MODEL.taker,2025-12-06,-4.44
R11.MODEL.taker,2025-12-07,-13.420000000000002
R11.MODEL.taker,2025-12-08,4.72
R11.MODEL.taker,2025-12-11,-8.12
R11.MODEL.taker,2025-12-13,2.65
R11.MODEL.taker,2025-12-14,13.0
R11.MODEL.taker,2025-12-15,3.63
R11.MODEL.taker,2025-12-16,5.32
R11.MODEL.taker,2025-12-17,-4.48
R11.MODEL.taker,2025-12-18,4.02
R11.MODEL.taker,2025-12-19,8.72
R11.MODEL.taker,2025-12-20,14.940000000000001
R11.MODEL.taker,2025-12-21,13.690000000000001
R11.MODEL.taker,2025-12-22,2.27
R11.MODEL.taker,2025-12-24,7.47
R11.MODEL.taker,2025-12-25,9.649999999999999
R11.MODEL.taker,2025-12-26,2.36
R11.MODEL.taker,2025-12-27,-13.319999999999999
R11.MODEL.taker,2025-12-28,16.14
R11.MODEL.taker,2025-12-29,-4.48
R11.MODEL.taker,2025-12-30,-5.08
R11.MODEL.taker,2025-12-31,1.29
R11.MODEL.taker,2026-01-01,5.93
R11.MODEL.taker,2026-01-02,0.74
R11.MODEL.taker,2026-01-03,5.21
R11.MODEL.taker,2026-01-04,-18.33
R11.MODEL.taker,2026-01-09,2.65
R11.MODEL.taker,2026-01-10,7.7
R11.MODEL.taker,2026-01-11,16.11
R11.MODEL.taker,2026-01-12,-4.17
R11.MODEL.taker,2026-01-17,-4.640000000000001
R11.MODEL.taker,2026-01-18,6.38
R11.MODEL.maker,2025-09-08,7.16
R11.MODEL.maker,2025-09-11,6.12
R11.MODEL.maker,2025-09-14,13.620000000000001
R11.MODEL.maker,2025-09-15,-2.3900000000000006
R11.MODEL.maker,2025-09-18,5.83
R11.MODEL.maker,2025-09-20,-3.5
R11.MODEL.maker,2025-09-21,15.719999999999999
R11.MODEL.maker,2025-09-22,-6.54
R11.MODEL.maker,2025-09-25,-2.0500000000000003
R11.MODEL.maker,2025-09-27,-2.94
R11.MODEL.maker,2025-09-28,-15.36
R11.MODEL.maker,2025-09-29,4.73
R11.MODEL.maker,2025-10-02,-5.65
R11.MODEL.maker,2025-10-04,3.16
R11.MODEL.maker,2025-10-05,-14.93
R11.MODEL.maker,2025-10-06,-7.04
R11.MODEL.maker,2025-10-09,-15.469999999999999
R11.MODEL.maker,2025-10-12,23.21
R11.MODEL.maker,2025-10-13,0.9000000000000004
R11.MODEL.maker,2025-10-14,2.76
R11.MODEL.maker,2025-10-16,-7.45
R11.MODEL.maker,2025-10-18,2.16
R11.MODEL.maker,2025-10-19,32.45
R11.MODEL.maker,2025-10-20,3.44
R11.MODEL.maker,2025-10-23,-0.7499999999999999
R11.MODEL.maker,2025-10-24,1.18
R11.MODEL.maker,2025-10-25,2.8600000000000003
R11.MODEL.maker,2025-10-26,11.280000000000001
R11.MODEL.maker,2025-10-27,2.56
R11.MODEL.maker,2025-10-30,-4.2700000000000005
R11.MODEL.maker,2025-11-01,2.8
R11.MODEL.maker,2025-11-02,-26.83
R11.MODEL.maker,2025-11-03,-4.45
R11.MODEL.maker,2025-11-05,2.16
R11.MODEL.maker,2025-11-06,4.25
R11.MODEL.maker,2025-11-07,1.18
R11.MODEL.maker,2025-11-08,-46.01
R11.MODEL.maker,2025-11-09,-0.009999999999999787
R11.MODEL.maker,2025-11-10,5.35
R11.MODEL.maker,2025-11-11,1.8099999999999996
R11.MODEL.maker,2025-11-13,0.88
R11.MODEL.maker,2025-11-15,-4.169999999999999
R11.MODEL.maker,2025-11-16,24.549999999999997
R11.MODEL.maker,2025-11-17,1.47
R11.MODEL.maker,2025-11-18,5.95
R11.MODEL.maker,2025-11-19,4.64
R11.MODEL.maker,2025-11-20,-7.54
R11.MODEL.maker,2025-11-22,-6.120000000000002
R11.MODEL.maker,2025-11-23,-0.10999999999999943
R11.MODEL.maker,2025-11-24,1.37
R11.MODEL.maker,2025-11-25,4.95
R11.MODEL.maker,2025-11-27,-19.82
R11.MODEL.maker,2025-11-28,-0.8099999999999996
R11.MODEL.maker,2025-11-29,6.970000000000001
R11.MODEL.maker,2025-11-30,12.790000000000001
R11.MODEL.maker,2025-12-01,1.37
R11.MODEL.maker,2025-12-04,2.86
R11.MODEL.maker,2025-12-05,-1.48
R11.MODEL.maker,2025-12-06,-6.709999999999999
R11.MODEL.maker,2025-12-07,-10.55
R11.MODEL.maker,2025-12-08,4.95
R11.MODEL.maker,2025-12-11,-7.93
R11.MODEL.maker,2025-12-13,3.46
R11.MODEL.maker,2025-12-14,16.34
R11.MODEL.maker,2025-12-15,3.85
R11.MODEL.maker,2025-12-16,5.55
R11.MODEL.maker,2025-12-17,-4.35
R11.MODEL.maker,2025-12-18,4.25
R11.MODEL.maker,2025-12-19,8.78
R11.MODEL.maker,2025-12-20,15.55
R11.MODEL.maker,2025-12-21,3.539999999999999
R11.MODEL.maker,2025-12-22,2.46
R11.MODEL.maker,2025-12-24,9.08
R11.MODEL.maker,2025-12-25,10.010000000000002
R11.MODEL.maker,2025-12-26,2.56
R11.MODEL.maker,2025-12-27,-12.81
R11.MODEL.maker,2025-12-28,17.009999999999998
R11.MODEL.maker,2025-12-29,-4.08
R11.MODEL.maker,2025-12-30,-4.85
R11.MODEL.maker,2025-12-31,1.85
R11.MODEL.maker,2026-01-01,6.15
R11.MODEL.maker,2026-01-03,5.42
R11.MODEL.maker,2026-01-04,-19.650000000000002
R11.MODEL.maker,2026-01-09,2.86
R11.MODEL.maker,2026-01-10,8.24
R11.MODEL.maker,2026-01-11,16.76
R11.MODEL.maker,2026-01-12,-3.95
R11.MODEL.maker,2026-01-17,-4.27
R11.MODEL.maker,2026-01-18,7.7
R2.ARB.S0.95,2025-09-08,-0.6500000000000004
R2.ARB.S0.95,2025-09-11,-1.8100000000000014
R2.ARB.S0.95,2025-09-12,-2.0299999999999994
R2.ARB.S0.95,2025-09-13,-16.53
R2.ARB.S0.95,2025-09-14,-7.960000000000001
R2.ARB.S0.95,2025-09-15,-1.3599999999999994
R2.ARB.S0.95,2025-09-18,-0.9199999999999999
R2.ARB.S0.95,2025-09-19,-1.3100000000000005
R2.ARB.S0.95,2025-09-20,-21.2
R2.ARB.S0.95,2025-09-21,-10.040000000000001
R2.ARB.S0.95,2025-09-22,-0.41999999999999993
R2.ARB.S0.95,2025-09-25,-0.2600000000000007
R2.ARB.S0.95,2025-09-26,-2.13
R2.ARB.S0.95,2025-09-27,-26.19
R2.ARB.S0.95,2025-09-28,-7.009999999999998
R2.ARB.S0.95,2025-09-29,-1.2599999999999998
R2.ARB.S0.95,2025-10-02,-1.0700000000000003
R2.ARB.S0.95,2025-10-03,-1.83
R2.ARB.S0.95,2025-10-04,-15.820000000000004
R2.ARB.S0.95,2025-10-05,-8.129999999999999
R2.ARB.S0.95,2025-10-06,-0.46999999999999975
R2.ARB.S0.95,2025-10-08,-1.2500000000000004
R2.ARB.S0.95,2025-10-09,-5.0
R2.ARB.S0.95,2025-10-10,-1.7400000000000007
R2.ARB.S0.95,2025-10-11,-17.8
R2.ARB.S0.95,2025-10-12,-5.989999999999999
R2.ARB.S0.95,2025-10-13,-0.9199999999999999
R2.ARB.S0.95,2025-10-14,-1.6800000000000006
R2.ARB.S0.95,2025-10-15,-0.79
R2.ARB.S0.95,2025-10-16,-0.21999999999999975
R2.ARB.S0.95,2025-10-17,-2.5500000000000007
R2.ARB.S0.95,2025-10-18,-28.08
R2.ARB.S0.95,2025-10-19,-5.08
R2.ARB.S0.95,2025-10-20,-1.0199999999999998
R2.ARB.S0.95,2025-10-21,-1.2799999999999994
R2.ARB.S0.95,2025-10-22,-0.6400000000000001
R2.ARB.S0.95,2025-10-23,-1.75
R2.ARB.S0.95,2025-10-24,-0.5199999999999998
R2.ARB.S0.95,2025-10-25,-14.279999999999998
R2.ARB.S0.95,2025-10-26,-3.26
R2.ARB.S0.95,2025-10-27,-0.16000000000000014
R2.ARB.S0.95,2025-10-28,-1.5400000000000003
R2.ARB.S0.95,2025-10-29,-1.9099999999999997
R2.ARB.S0.95,2025-10-30,-0.629999999999999
R2.ARB.S0.95,2025-10-31,-0.3600000000000003
R2.ARB.S0.95,2025-11-01,-20.560000000000002
R2.ARB.S0.95,2025-11-02,-5.459999999999998
R2.ARB.S0.95,2025-11-03,-0.9199999999999999
R2.ARB.S0.95,2025-11-05,-0.6299999999999999
R2.ARB.S0.95,2025-11-06,-1.0900000000000003
R2.ARB.S0.95,2025-11-07,-2.270000000000001
R2.ARB.S0.95,2025-11-08,-16.07
R2.ARB.S0.95,2025-11-09,-6.370000000000001
R2.ARB.S0.95,2025-11-10,-0.8600000000000003
R2.ARB.S0.95,2025-11-11,-2.079999999999999
R2.ARB.S0.95,2025-11-12,-0.5600000000000005
R2.ARB.S0.95,2025-11-14,-0.8300000000000001
R2.ARB.S0.95,2025-11-15,-19.37
R2.ARB.S0.95,2025-11-16,-6.55
R2.ARB.S0.95,2025-11-17,-0.45999999999999996
R2.ARB.S0.95,2025-11-18,-1.3900000000000006
R2.ARB.S0.95,2025-11-19,-0.5599999999999996
R2.ARB.S0.95,2025-11-20,-1.6599999999999993
R2.ARB.S0.95,2025-11-21,-1.6799999999999997
R2.ARB.S0.95,2025-11-22,-24.79
R2.ARB.S0.95,2025-11-23,-4.99
R2.ARB.S0.95,2025-11-25,-1.0299999999999998
R2.ARB.S0.95,2025-11-27,-2.8499999999999996
R2.ARB.S0.95,2025-11-28,-7.430000000000001
R2.ARB.S0.95,2025-11-29,-22.310000000000002
R2.ARB.S0.95,2025-11-30,-4.8100000000000005
R2.ARB.S0.95,2025-12-04,-0.7499999999999996
R2.ARB.S0.95,2025-12-05,-1.9999999999999996
R2.ARB.S0.95,2025-12-06,-2.5600000000000005
R2.ARB.S0.95,2025-12-07,-5.150000000000002
R2.ARB.S0.95,2025-12-08,-0.3600000000000003
R2.ARB.S0.95,2025-12-11,-0.6299999999999999
R2.ARB.S0.95,2025-12-13,-1.1399999999999997
R2.ARB.S0.95,2025-12-14,-5.7200000000000015
R2.ARB.S0.95,2025-12-15,-0.6099999999999999
R2.ARB.S0.95,2025-12-16,-0.5
R2.ARB.S0.95,2025-12-17,-1.8200000000000003
R2.ARB.S0.95,2025-12-18,-1.44
R2.ARB.S0.95,2025-12-19,-1.4900000000000002
R2.ARB.S0.95,2025-12-20,-2.0899999999999994
R2.ARB.S0.95,2025-12-21,-6.790000000000001
R2.ARB.S0.95,2025-12-22,-1.2499999999999996
R2.ARB.S0.95,2025-12-23,-1.7999999999999998
R2.ARB.S0.95,2025-12-24,-0.39000000000000057
R2.ARB.S0.95,2025-12-25,-1.8100000000000005
R2.ARB.S0.95,2025-12-26,-0.9500000000000002
R2.ARB.S0.95,2025-12-27,-6.12
R2.ARB.S0.95,2025-12-28,-5.1000000000000005
R2.ARB.S0.95,2025-12-29,-1.0200000000000002
R2.ARB.S0.95,2025-12-30,-1.930000000000001
R2.ARB.S0.95,2025-12-31,-3.0199999999999996
R2.ARB.S0.95,2026-01-01,-1.4700000000000006
R2.ARB.S0.95,2026-01-02,-0.5600000000000005
R2.ARB.S0.95,2026-01-03,-0.98
R2.ARB.S0.95,2026-01-04,-5.949999999999999
R2.ARB.S0.95,2026-01-08,-0.7499999999999996
R2.ARB.S0.95,2026-01-09,-0.5900000000000003
R2.ARB.S0.95,2026-01-10,-0.75
R2.ARB.S0.95,2026-01-11,-1.9100000000000001
R2.ARB.S0.95,2026-01-12,-0.71
R2.ARB.S0.95,2026-01-17,-0.5599999999999996
R2.ARB.S0.95,2026-01-18,-1.0300000000000002
R2.ARB.S0.97,2025-09-08,-0.6500000000000004
R2.ARB.S0.97,2025-09-11,-1.3399999999999999
R2.ARB.S0.97,2025-09-12,-2.85
R2.ARB.S0.97,2025-09-13,-9.06
R2.ARB.S0.97,2025-09-14,-9.57
R2.ARB.S0.97,2025-09-15,-1.4799999999999995
R2.ARB.S0.97,2025-09-18,-0.9599999999999997
R2.ARB.S0.97,2025-09-19,-1.5200000000000014
R2.ARB.S0.97,2025-09-20,-23.299999999999997
R2.ARB.S0.97,2025-09-21,-10.23
R2.ARB.S0.97,2025-09-22,-0.6100000000000003
R2.ARB.S0.97,2025-09-25,-1.450000000000001
R2.ARB.S0.97,2025-09-26,-1.3899999999999988
R2.ARB.S0.97,2025-09-27,-29.339999999999993
R2.ARB.S0.97,2025-09-28,-7.17
R2.ARB.S0.97,2025-09-29,-1.04
R2.ARB.S0.97,2025-10-02,-1.0600000000000005
R2.ARB.S0.97,2025-10-03,-3.3599999999999994
R2.ARB.S0.97,2025-10-04,-31.16
R2.ARB.S0.97,2025-10-05,-7.529999999999999
R2.ARB.S0.97,2025-10-06,-0.7299999999999995
R2.ARB.S0.97,2025-10-08,-1.4100000000000006
R2.ARB.S0.97,2025-10-09,-2.4300000000000006
R2.ARB.S0.97,2025-10-10,-0.830000000000001
R2.ARB.S0.97,2025-10-11,-23.130000000000003
R2.ARB.S0.97,2025-10-12,-7.389999999999998
R2.ARB.S0.97,2025-10-13,-1.1900000000000004
R2.ARB.S0.97,2025-10-14,-1.6900000000000006
R2.ARB.S0.97,2025-10-15,-1.1999999999999993
R2.ARB.S0.97,2025-10-16,-1.0999999999999996
R2.ARB.S0.97,2025-10-17,-2.56
R2.ARB.S0.97,2025-10-18,-38.91
R2.ARB.S0.97,2025-10-19,-9.35
R2.ARB.S0.97,2025-10-20,-1.15
R2.ARB.S0.97,2025-10-21,-0.8799999999999999
R2.ARB.S0.97,2025-10-22,-0.8099999999999996
R2.ARB.S0.97,2025-10-23,-1.75
R2.ARB.S0.97,2025-10-24,-1.6199999999999999
R2.ARB.S0.97,2025-10-25,-8.3
R2.ARB.S0.97,2025-10-26,-6.24
R2.ARB.S0.97,2025-10-27,-0.43000000000000016
R2.ARB.S0.97,2025-10-28,-1.4500000000000002
R2.ARB.S0.97,2025-10-29,-1.2899999999999996
R2.ARB.S0.97,2025-10-30,-1.5099999999999998
R2.ARB.S0.97,2025-10-31,-0.5599999999999996
R2.ARB.S0.97,2025-11-01,-23.330000000000005
R2.ARB.S0.97,2025-11-02,-6.820000000000001
R2.ARB.S0.97,2025-11-03,-0.23000000000000043
R2.ARB.S0.97,2025-11-04,-0.49
R2.ARB.S0.97,2025-11-05,-1.34
R2.ARB.S0.97,2025-11-06,-1.6400000000000006
R2.ARB.S0.97,2025-11-07,-1.8
R2.ARB.S0.97,2025-11-08,-19.6
R2.ARB.S0.97,2025-11-09,-8.139999999999999
R2.ARB.S0.97,2025-11-10,-0.5500000000000003
R2.ARB.S0.97,2025-11-11,-1.4300000000000006
R2.ARB.S0.97,2025-11-12,-0.45999999999999996
R2.ARB.S0.97,2025-11-13,-0.5900000000000001
R2.ARB.S0.97,2025-11-14,-0.7499999999999996
R2.ARB.S0.97,2025-11-15,-29.770000000000003
R2.ARB.S0.97,2025-11-16,-7.859999999999999
R2.ARB.S0.97,2025-11-17,-0.6600000000000001
R2.ARB.S0.97,2025-11-18,-2.1000000000000005
R2.ARB.S0.97,2025-11-19,-1.04
R2.ARB.S0.97,2025-11-20,-0.9699999999999998
R2.ARB.S0.97,2025-11-21,-1.8200000000000003
R2.ARB.S0.97,2025-11-22,-36.980000000000004
R2.ARB.S0.97,2025-11-23,-6.820000000000002
R2.ARB.S0.97,2025-11-24,-0.4099999999999999
R2.ARB.S0.97,2025-11-25,-1.2899999999999996
R2.ARB.S0.97,2025-11-27,-2.969999999999999
R2.ARB.S0.97,2025-11-28,-7.990000000000001
R2.ARB.S0.97,2025-11-29,-21.439999999999998
R2.ARB.S0.97,2025-11-30,-5.5600000000000005
R2.ARB.S0.97,2025-12-04,-0.5600000000000005
R2.ARB.S0.97,2025-12-05,-2.3900000000000006
R2.ARB.S0.97,2025-12-06,-2.8100000000000005
R2.ARB.S0.97,2025-12-07,-5.6899999999999995
R2.ARB.S0.97,2025-12-08,-0.8600000000000003
R2.ARB.S0.97,2025-12-11,-0.5499999999999998
R2.ARB.S0.97,2025-12-13,-1.6100000000000003
R2.ARB.S0.97,2025-12-14,-6.930000000000002
R2.ARB.S0.97,2025-12-15,-1.2199999999999998
R2.ARB.S0.97,2025-12-16,-0.7799999999999998
R2.ARB.S0.97,2025-12-17,-1.5999999999999996
R2.ARB.S0.97,2025-12-18,-1.0499999999999998
R2.ARB.S0.97,2025-12-19,-1.8000000000000003
R2.ARB.S0.97,2025-12-20,-3.3600000000000003
R2.ARB.S0.97,2025-12-21,-8.56
R2.ARB.S0.97,2025-12-22,-1.3200000000000003
R2.ARB.S0.97,2025-12-23,-2.089999999999999
R2.ARB.S0.97,2025-12-24,-0.5300000000000002
R2.ARB.S0.97,2025-12-25,-1.6600000000000001
R2.ARB.S0.97,2025-12-26,-1.8700000000000006
R2.ARB.S0.97,2025-12-27,-5.98
R2.ARB.S0.97,2025-12-28,-4.560000000000001
R2.ARB.S0.97,2025-12-29,-1.4300000000000006
R2.ARB.S0.97,2025-12-30,-1.870000000000001
R2.ARB.S0.97,2025-12-31,-2.979999999999999
R2.ARB.S0.97,2026-01-01,-2.2299999999999995
R2.ARB.S0.97,2026-01-02,-2.12
R2.ARB.S0.97,2026-01-03,-1.0300000000000002
R2.ARB.S0.97,2026-01-04,-8.879999999999999
R2.ARB.S0.97,2026-01-08,-0.8799999999999999
R2.ARB.S0.97,2026-01-09,-0.5900000000000003
R2.ARB.S0.97,2026-01-10,-1.3000000000000003
R2.ARB.S0.97,2026-01-11,-2.42
R2.ARB.S0.97,2026-01-12,-0.6600000000000001
R2.ARB.S0.97,2026-01-17,-1.3300000000000005
R2.ARB.S0.97,2026-01-18,-1.4
R2.CONS.A1.W60,2025-09-13,0.19
R2.CONS.A1.W60,2025-09-14,1.08
R2.CONS.A1.W60,2025-09-20,1.07
R2.CONS.A1.W60,2025-09-29,1.97
R2.CONS.A1.W60,2025-10-02,-8.03
R2.CONS.A1.W60,2025-10-03,0.88
R2.CONS.A1.W60,2025-10-04,1.18
R2.CONS.A1.W60,2025-10-05,6.05
R2.CONS.A1.W60,2025-10-11,1.37
R2.CONS.A1.W60,2025-10-18,3.05
R2.CONS.A1.W60,2025-10-19,2.66
R2.CONS.A1.W60,2025-10-25,2.16
R2.CONS.A1.W60,2025-11-03,6.25
R2.CONS.A1.W60,2025-11-15,0.19
R2.CONS.A1.W60,2025-11-23,1.18
R2.CONS.A1.W60,2025-11-30,-3.44
R2.CONS.A1.W60,2025-12-06,1.77
R2.CONS.A1.W60,2025-12-14,1.37
R2.CONS.A1.W60,2025-12-20,1.18
R2.CONS.A1.W60,2025-12-25,1.37
R2.CONS.A1.W60,2026-01-02,1.18
R2.CONS.A1.W60,2026-01-04,1.86
R2.CONS.A1.W300,2025-09-12,-8.53
R2.CONS.A1.W300,2025-09-13,3.23
R2.CONS.A1.W300,2025-09-14,1.08
R2.CONS.A1.W300,2025-09-20,-4.700000000000001
R2.CONS.A1.W300,2025-09-21,-2.94
R2.CONS.A1.W300,2025-09-27,2.45
R2.CONS.A1.W300,2025-09-29,1.97
R2.CONS.A1.W300,2025-10-02,-8.03
R2.CONS.A1.W300,2025-10-03,0.88
R2.CONS.A1.W300,2025-10-04,-6.56
R2.CONS.A1.W300,2025-10-05,6.05
R2.CONS.A1.W300,2025-10-11,6.17
R2.CONS.A1.W300,2025-10-12,1.28
R2.CONS.A1.W300,2025-10-18,-4.699999999999999
R2.CONS.A1.W300,2025-10-19,2.66
R2.CONS.A1.W300,2025-10-25,4.32
R2.CONS.A1.W300,2025-10-26,0.88
R2.CONS.A1.W300,2025-11-01,1.28
R2.CONS.A1.W300,2025-11-02,0.98
R2.CONS.A1.W300,2025-11-03,6.25
R2.CONS.A1.W300,2025-11-08,2.26
R2.CONS.A1.W300,2025-11-14,0.39
R2.CONS.A1.W300,2025-11-15,4.12
R2.CONS.A1.W300,2025-11-22,1.97
R2.CONS.A1.W300,2025-11-23,2.16
R2.CONS.A1.W300,2025-11-30,-3.44
R2.CONS.A1.W300,2025-12-06,1.77
R2.CONS.A1.W300,2025-12-14,1.37
R2.CONS.A1.W300,2025-12-20,1.18
R2.CONS.A1.W300,2025-12-25,1.37
R2.CONS.A1.W300,2025-12-31,1.57
R2.CONS.A1.W300,2026-01-02,1.18
R2.CONS.A1.W300,2026-01-04,4.3100000000000005
R2.CONS.A2.W60,2025-09-13,0.29
R2.CONS.A2.W60,2025-10-02,-7.93
R2.CONS.A2.W60,2025-10-11,1.47
R2.CONS.A2.W60,2025-11-30,-3.34
R2.CONS.A2.W300,2025-09-13,1.07
R2.CONS.A2.W300,2025-09-20,2.9499999999999997
R2.CONS.A2.W300,2025-09-21,-2.84
R2.CONS.A2.W300,2025-09-29,2.07
R2.CONS.A2.W300,2025-10-02,-7.93
R2.CONS.A2.W300,2025-10-05,6.15
R2.CONS.A2.W300,2025-10-11,1.47
R2.CONS.A2.W300,2025-10-19,2.76
R2.CONS.A2.W300,2025-10-25,3.54
R2.CONS.A2.W300,2025-11-03,6.35
R2.CONS.A2.W300,2025-11-23,1.28
R2.CONS.A2.W300,2025-11-30,-3.34
R2.CONS.A2.W300,2025-12-14,1.47
R2.CONS.A2.W300,2025-12-31,1.67
R2.VOL.low.taker,2025-09-08,-7.35
R2.VOL.low.taker,2025-09-11,3.04
R2.VOL.low.taker,2025-09-12,12.73
R2.VOL.low.taker,2025-09-13,29.049999999999997
R2.VOL.low.taker,2025-09-14,-14.350000000000001
R2.VOL.low.taker,2025-09-18,1.6500000000000001
R2.VOL.low.taker,2025-09-19,7.25
R2.VOL.low.taker,2025-09-20,15.309999999999999
R2.VOL.low.taker,2025-09-21,-13.03
R2.VOL.low.taker,2025-09-25,2.07
R2.VOL.low.taker,2025-09-26,6.54
R2.VOL.low.taker,2025-09-27,-14.3
R2.VOL.low.taker,2025-09-28,-8.639999999999999
R2.VOL.low.taker,2025-09-29,2.16
R2.VOL.low.taker,2025-10-03,-2.5300000000000002
R2.VOL.low.taker,2025-10-04,3.1700000000000013
R2.VOL.low.taker,2025-10-05,39.64
R2.VOL.low.taker,2025-10-08,1.3600000000000003
R2.VOL.low.taker,2025-10-09,10.94
R2.VOL.low.taker,2025-10-10,11.36
R2.VOL.low.taker,2025-10-11,11.48
R2.VOL.low.taker,2025-10-12,-3.5700000000000003
R2.VOL.low.taker,2025-10-13,-6.47
R2.VOL.low.taker,2025-10-14,-0.7099999999999991
R2.VOL.low.taker,2025-10-15,-2.6399999999999997
R2.VOL.low.taker,2025-10-16,0.65
R2.VOL.low.taker,2025-10-17,14.79
R2.VOL.low.taker,2025-10-18,-4.42
R2.VOL.low.taker,2025-10-19,-6.5299999999999985
R2.VOL.low.taker,2025-10-20,-1.3800000000000003
R2.VOL.low.taker,2025-10-21,-9.84
R2.VOL.low.taker,2025-10-22,-6.8100000000000005
R2.VOL.low.taker,2025-10-23,1.6
R2.VOL.low.taker,2025-10-24,-4.88
R2.VOL.low.taker,2025-10-25,3.5499999999999985
R2.VOL.low.taker,2025-10-26,5.499999999999999
R2.VOL.low.taker,2025-10-28,-0.040000000000000036
R2.VOL.low.taker,2025-10-29,-0.73
R2.VOL.low.taker,2025-10-30,-6.040000000000001
R2.VOL.low.taker,2025-10-31,3.53
R2.VOL.low.taker,2025-11-01,-10.81
R2.VOL.low.taker,2025-11-02,-11.14
R2.VOL.low.taker,2025-11-03,1.98
R2.VOL.low.taker,2025-11-04,3.43
R2.VOL.low.taker,2025-11-05,2.63
R2.VOL.low.taker,2025-11-06,-0.9499999999999998
R2.VOL.low.taker,2025-11-07,-2.1900000000000004
R2.VOL.low.taker,2025-11-08,-5.449999999999996
R2.VOL.low.taker,2025-11-09,0.47000000000000064
R2.VOL.low.taker,2025-11-10,-4.98
R2.VOL.low.taker,2025-11-11,2.2699999999999996
R2.VOL.low.taker,2025-11-12,4.84
R2.VOL.low.taker,2025-11-13,1.67
R2.VOL.low.taker,2025-11-14,-5.78
R2.VOL.low.taker,2025-11-15,-6.3999999999999995
R2.VOL.low.taker,2025-11-16,-3.4999999999999982
R2.VOL.low.taker,2025-11-18,-0.7200000000000006
R2.VOL.low.taker,2025-11-19,-6.6899999999999995
R2.VOL.low.taker,2025-11-20,-16.04
R2.VOL.low.taker,2025-11-21,4.32
R2.VOL.low.taker,2025-11-22,-19.39
R2.VOL.low.taker,2025-11-23,-1.4800000000000009
R2.VOL.low.taker,2025-11-24,-2.01
R2.VOL.low.taker,2025-11-25,3.34
R2.VOL.low.taker,2025-11-27,-5.58
R2.VOL.low.taker,2025-11-28,0.5399999999999996
R2.VOL.low.taker,2025-11-29,31.32
R2.VOL.low.taker,2025-11-30,5.979999999999999
R2.VOL.low.taker,2025-12-05,-6.61
R2.VOL.low.taker,2025-12-06,7.08
R2.VOL.low.taker,2025-12-07,13.149999999999999
R2.VOL.low.taker,2025-12-11,5.62
R2.VOL.low.taker,2025-12-13,0.20999999999999996
R2.VOL.low.taker,2025-12-14,-19.53
R2.VOL.low.taker,2025-12-15,2.95
R2.VOL.low.taker,2025-12-16,-5.18
R2.VOL.low.taker,2025-12-17,8.15
R2.VOL.low.taker,2025-12-18,2.27
R2.VOL.low.taker,2025-12-19,2.07
R2.VOL.low.taker,2025-12-20,1.44
R2.VOL.low.taker,2025-12-21,-11.030000000000001
R2.VOL.low.taker,2025-12-22,-2.95
R2.VOL.low.taker,2025-12-23,-4.71
R2.VOL.low.taker,2025-12-25,0.46
R2.VOL.low.taker,2025-12-26,-1.64
R2.VOL.low.taker,2025-12-27,8.43
R2.VOL.low.taker,2025-12-28,-2.5700000000000003
R2.VOL.low.taker,2025-12-29,0.93
R2.VOL.low.taker,2025-12-30,6.28
R2.VOL.low.taker,2025-12-31,-2.87
R2.VOL.low.taker,2026-01-02,-1.6899999999999995
R2.VOL.low.taker,2026-01-03,-5.48
R2.VOL.low.taker,2026-01-04,-10.829999999999998
R2.VOL.low.taker,2026-01-08,2.46
R2.VOL.low.taker,2026-01-11,3.43
R2.VOL.low.taker,2026-01-17,4.22
R2.VOL.low.taker,2026-01-18,0.93
R2.VOL.low.maker,2025-09-08,5.55
R2.VOL.low.maker,2025-09-11,-6.2700000000000005
R2.VOL.low.maker,2025-09-12,6.8100000000000005
R2.VOL.low.maker,2025-09-13,24.86
R2.VOL.low.maker,2025-09-14,-8.65
R2.VOL.low.maker,2025-09-18,3.26
R2.VOL.low.maker,2025-09-19,7.62
R2.VOL.low.maker,2025-09-20,34.25
R2.VOL.low.maker,2025-09-21,1.2400000000000007
R2.VOL.low.maker,2025-09-25,-1.73
R2.VOL.low.maker,2025-09-26,6.76
R2.VOL.low.maker,2025-09-27,-30.58
R2.VOL.low.maker,2025-09-28,-13.82
R2.VOL.low.maker,2025-09-29,2.36
R2.VOL.low.maker,2025-10-03,-2.0200000000000014
R2.VOL.low.maker,2025-10-04,0.39999999999999725
R2.VOL.low.maker,2025-10-05,45.82
R2.VOL.low.maker,2025-10-08,2.82
R2.VOL.low.maker,2025-10-09,-0.05999999999999983
R2.VOL.low.maker,2025-10-10,11.77
R2.VOL.low.maker,2025-10-11,32.0
R2.VOL.low.maker,2025-10-12,8.290000000000001
R2.VOL.low.maker,2025-10-13,-6.15
R2.VOL.low.maker,2025-10-14,10.58
R2.VOL.low.maker,2025-10-15,-1.8999999999999995
R2.VOL.low.maker,2025-10-17,8.049999999999999
R2.VOL.low.maker,2025-10-18,-22.759999999999998
R2.VOL.low.maker,2025-10-19,15.149999999999999
R2.VOL.low.maker,2025-10-20,-1.0499999999999998
R2.VOL.low.maker,2025-10-21,4.220000000000001
R2.VOL.low.maker,2025-10-22,-6.69
R2.VOL.low.maker,2025-10-23,-1.63
R2.VOL.low.maker,2025-10-24,-4.47
R2.VOL.low.maker,2025-10-25,-13.129999999999999
R2.VOL.low.maker,2025-10-26,5.890000000000001
R2.VOL.low.maker,2025-10-28,2.45
R2.VOL.low.maker,2025-10-29,-0.28000000000000025
R2.VOL.low.maker,2025-10-30,-5.67
R2.VOL.low.maker,2025-10-31,3.75
R2.VOL.low.maker,2025-11-01,1.0099999999999998
R2.VOL.low.maker,2025-11-02,-11.84
R2.VOL.low.maker,2025-11-03,2.07
R2.VOL.low.maker,2025-11-04,3.36
R2.VOL.low.maker,2025-11-05,2.46
R2.VOL.low.maker,2025-11-06,6.71
R2.VOL.low.maker,2025-11-07,-2.5
R2.VOL.low.maker,2025-11-08,30.8
R2.VOL.low.maker,2025-11-09,9.129999999999999
R2.VOL.low.maker,2025-11-10,-5.15
R2.VOL.low.maker,2025-11-11,1.1100000000000003
R2.VOL.low.maker,2025-11-12,-3.9799999999999995
R2.VOL.low.maker,2025-11-13,1.08
R2.VOL.low.maker,2025-11-14,-6.35
R2.VOL.low.maker,2025-11-15,3.230000000000002
R2.VOL.low.maker,2025-11-16,-1.81
R2.VOL.low.maker,2025-11-18,-0.8200000000000003
R2.VOL.low.maker,2025-11-19,-6.46
R2.VOL.low.maker,2025-11-20,-14.28
R2.VOL.low.maker,2025-11-21,4.55
R2.VOL.low.maker,2025-11-22,-6.039999999999999
R2.VOL.low.maker,2025-11-23,-3.3899999999999983
R2.VOL.low.maker,2025-11-24,-1.83
R2.VOL.low.maker,2025-11-25,3.46
R2.VOL.low.maker,2025-11-27,-5.45
R2.VOL.low.maker,2025-11-28,6.109999999999999
R2.VOL.low.maker,2025-11-29,31.52
R2.VOL.low.maker,2025-11-30,3.880000000000001
R2.VOL.low.maker,2025-12-05,-5.94
R2.VOL.low.maker,2025-12-06,3.79
R2.VOL.low.maker,2025-12-07,14.95
R2.VOL.low.maker,2025-12-11,5.85
R2.VOL.low.maker,2025-12-13,0.6200000000000001
R2.VOL.low.maker,2025-12-14,-8.190000000000001
R2.VOL.low.maker,2025-12-15,3.16
R2.VOL.low.maker,2025-12-16,-4.95
R2.VOL.low.maker,2025-12-17,8.7
R2.VOL.low.maker,2025-12-18,2.26
R2.VOL.low.maker,2025-12-19,2.26
R2.VOL.low.maker,2025-12-20,2.1
R2.VOL.low.maker,2025-12-21,-6.59
R2.VOL.low.maker,2025-12-22,-2.74
R2.VOL.low.maker,2025-12-23,7.76
R2.VOL.low.maker,2025-12-25,-1.63
R2.VOL.low.maker,2025-12-26,-1.2699999999999998
R2.VOL.low.maker,2025-12-27,12.049999999999999
R2.VOL.low.maker,2025-12-28,-0.9199999999999999
R2.VOL.low.maker,2025-12-29,1.08
R2.VOL.low.maker,2025-12-30,6.96
R2.VOL.low.maker,2025-12-31,-3.6800000000000006
R2.VOL.low.maker,2026-01-02,-1.31
R2.VOL.low.maker,2026-01-03,-5.18
R2.VOL.low.maker,2026-01-04,-6.970000000000002
R2.VOL.low.maker,2026-01-08,2.66
R2.VOL.low.maker,2026-01-11,3.65
R2.VOL.low.maker,2026-01-17,4.45
R2.VOL.low.maker,2026-01-18,1.08
R2.VOL.high.taker,2025-09-08,-7.64
R2.VOL.high.taker,2025-09-11,-3.12
R2.VOL.high.taker,2025-09-12,7.039999999999999
R2.VOL.high.taker,2025-09-13,2.5799999999999996
R2.VOL.high.taker,2025-09-14,4.960000000000001
R2.VOL.high.taker,2025-09-15,0.9500000000000002
R2.VOL.high.taker,2025-09-18,1.22
R2.VOL.high.taker,2025-09-19,-13.91
R2.VOL.high.taker,2025-09-20,-5.629999999999999
R2.VOL.high.taker,2025-09-21,-21.080000000000002
R2.VOL.high.taker,2025-09-22,-7.44
R2.VOL.high.taker,2025-09-25,-5.78
R2.VOL.high.taker,2025-09-26,5.02
R2.VOL.high.taker,2025-09-27,-8.53
R2.VOL.high.taker,2025-09-28,-19.950000000000003
R2.VOL.high.taker,2025-09-29,5.709999999999999
R2.VOL.high.taker,2025-10-02,4.42
R2.VOL.high.taker,2025-10-03,5.05
R2.VOL.high.taker,2025-10-04,12.519999999999996
R2.VOL.high.taker,2025-10-05,23.39
R2.VOL.high.taker,2025-10-06,6.34
R2.VOL.high.taker,2025-10-08,6.95
R2.VOL.high.taker,2025-10-09,-10.46
R2.VOL.high.taker,2025-10-10,-7.5
R2.VOL.high.taker,2025-10-11,17.05
R2.VOL.high.taker,2025-10-12,-21.8
R2.VOL.high.taker,2025-10-13,10.65
R2.VOL.high.taker,2025-10-14,-15.84
R2.VOL.high.taker,2025-10-15,-5.08
R2.VOL.high.taker,2025-10-16,-7.73
R2.VOL.high.taker,2025-10-17,9.35
R2.VOL.high.taker,2025-10-18,-5.470000000000001
R2.VOL.high.taker,2025-10-19,-12.009999999999998
R2.VOL.high.taker,2025-10-20,0.3899999999999999
R2.VOL.high.taker,2025-10-21,-7.25
R2.VOL.high.taker,2025-10-23,-3.18
R2.VOL.high.taker,2025-10-24,-5.08
R2.VOL.high.taker,2025-10-25,8.61
R2.VOL.high.taker,2025-10-26,2.3499999999999996
R2.VOL.high.taker,2025-10-27,1.98
R2.VOL.high.taker,2025-10-28,4.52
R2.VOL.high.taker,2025-10-29,-6.57
R2.VOL.high.taker,2025-10-30,-5.48
R2.VOL.high.taker,2025-11-01,13.69
R2.VOL.high.taker,2025-11-02,-13.46
R2.VOL.high.taker,2025-11-03,-5.38
R2.VOL.high.taker,2025-11-04,3.73
R2.VOL.high.taker,2025-11-05,3.24
R2.VOL.high.taker,2025-11-06,5.13
R2.VOL.high.taker,2025-11-07,7.8100000000000005
R2.VOL.high.taker,2025-11-08,13.529999999999998
R2.VOL.high.taker,2025-11-09,0.6599999999999975
R2.VOL.high.taker,2025-11-10,-5.38
R2.VOL.high.taker,2025-11-11,6.29
R2.VOL.high.taker,2025-11-12,3.63
R2.VOL.high.taker,2025-11-14,-5.58
R2.VOL.high.taker,2025-11-15,-18.43
R2.VOL.high.taker,2025-11-16,-8.56
R2.VOL.high.taker,2025-11-17,1.12
R2.VOL.high.taker,2025-11-18,2.27
R2.VOL.high.taker,2025-11-19,3.04
R2.VOL.high.taker,2025-11-20,-6.42
R2.VOL.high.taker,2025-11-22,-19.18
R2.VOL.high.taker,2025-11-23,-0.4699999999999993
R2.VOL.high.taker,2025-11-24,1.31
R2.VOL.high.taker,2025-11-27,4.3100000000000005
R2.VOL.high.taker,2025-11-28,11.8
R2.VOL.high.taker,2025-11-29,-27.96
R2.VOL.high.taker,2025-11-30,-27.65
R2.VOL.high.taker,2025-12-04,2.65
R2.VOL.high.taker,2025-12-05,-7.73
R2.VOL.high.taker,2025-12-06,4.25
R2.VOL.high.taker,2025-12-07,-6.2299999999999995
R2.VOL.high.taker,2025-12-11,4.82
R2.VOL.high.taker,2025-12-13,-4.68
R2.VOL.high.taker,2025-12-14,-16.700000000000003
R2.VOL.high.taker,2025-12-15,2.36
R2.VOL.high.taker,2025-12-16,-3.36
R2.VOL.high.taker,2025-12-17,4.76
R2.VOL.high.taker,2025-12-18,3.43
R2.VOL.high.taker,2025-12-19,-5.739999999999999
R2.VOL.high.taker,2025-12-20,-9.97
R2.VOL.high.taker,2025-12-21,-17.23
R2.VOL.high.taker,2025-12-22,5.51
R2.VOL.high.taker,2025-12-23,13.03
R2.VOL.high.taker,2025-12-24,-7.15
R2.VOL.high.taker,2025-12-26,-10.96
R2.VOL.high.taker,2025-12-27,-7.9
R2.VOL.high.taker,2025-12-28,6.71
R2.VOL.high.taker,2025-12-29,5.62
R2.VOL.high.taker,2025-12-30,-5.62
R2.VOL.high.taker,2025-12-31,4.529999999999999
R2.VOL.high.taker,2026-01-01,13.39
R2.VOL.high.taker,2026-01-02,-5.45
R2.VOL.high.taker,2026-01-03,4.2700000000000005
R2.VOL.high.taker,2026-01-04,-25.229999999999997
R2.VOL.high.taker,2026-01-08,2.75
R2.VOL.high.taker,2026-01-09,-4.48
R2.VOL.high.taker,2026-01-10,-3.1100000000000003
R2.VOL.high.taker,2026-01-11,12.98
R2.VOL.high.taker,2026-01-12,-5.18
R2.VOL.high.taker,2026-01-17,-3.49
R2.VOL.high.taker,2026-01-18,-0.2999999999999998
R2.VOL.high.maker,2025-09-08,-7.64
R2.VOL.high.maker,2025-09-11,-2.49
R2.VOL.high.maker,2025-09-12,7.67
R2.VOL.high.maker,2025-09-13,-1.0200000000000005
R2.VOL.high.maker,2025-09-14,7.210000000000001
R2.VOL.high.maker,2025-09-15,1.0999999999999996
R2.VOL.high.maker,2025-09-18,1.37
R2.VOL.high.maker,2025-09-19,-1.5899999999999999
R2.VOL.high.maker,2025-09-20,-1.0700000000000003
R2.VOL.high.maker,2025-09-21,-20.69
R2.VOL.high.maker,2025-09-22,-7.04
R2.VOL.high.maker,2025-09-25,-5.55
R2.VOL.high.maker,2025-09-26,5.35
R2.VOL.high.maker,2025-09-27,-4.75
R2.VOL.high.maker,2025-09-28,-1.4500000000000002
R2.VOL.high.maker,2025-09-29,6.12
R2.VOL.high.maker,2025-10-02,4.75
R2.VOL.high.maker,2025-10-03,5.5200000000000005
R2.VOL.high.maker,2025-10-04,35.41
R2.VOL.high.maker,2025-10-05,25.439999999999998
R2.VOL.high.maker,2025-10-06,6.56
R2.VOL.high.maker,2025-10-08,7.16
R2.VOL.high.maker,2025-10-09,-10.99
R2.VOL.high.maker,2025-10-10,-7.040000000000001
R2.VOL.high.maker,2025-10-11,20.74
R2.VOL.high.maker,2025-10-12,-18.340000000000003
R2.VOL.high.maker,2025-10-13,10.9
R2.VOL.high.maker,2025-10-14,-15.469999999999999
R2.VOL.high.maker,2025-10-15,5.05
R2.VOL.high.maker,2025-10-16,-7.74
R2.VOL.high.maker,2025-10-17,7.91
R2.VOL.high.maker,2025-10-18,-12.999999999999998
R2.VOL.high.maker,2025-10-19,-14.09
R2.VOL.high.maker,2025-10-20,0.8499999999999999
R2.VOL.high.maker,2025-10-21,-7.04
R2.VOL.high.maker,2025-10-23,-2.03
R2.VOL.high.maker,2025-10-24,-4.35
R2.VOL.high.maker,2025-10-25,6.76
R2.VOL.high.maker,2025-10-26,3.83
R2.VOL.high.maker,2025-10-27,2.07
R2.VOL.high.maker,2025-10-28,4.75
R2.VOL.high.maker,2025-10-29,4.35
R2.VOL.high.maker,2025-10-30,-4.84
R2.VOL.high.maker,2025-11-01,14.629999999999999
R2.VOL.high.maker,2025-11-02,-12.260000000000002
R2.VOL.high.maker,2025-11-03,-5.15
R2.VOL.high.maker,2025-11-04,3.85
R2.VOL.high.maker,2025-11-05,3.46
R2.VOL.high.maker,2025-11-06,3.55
R2.VOL.high.maker,2025-11-07,6.61
R2.VOL.high.maker,2025-11-08,6.159999999999998
R2.VOL.high.maker,2025-11-09,0.20999999999999908
R2.VOL.high.maker,2025-11-10,-5.15
R2.VOL.high.maker,2025-11-11,6.609999999999999
R2.VOL.high.maker,2025-11-12,1.28
R2.VOL.high.maker,2025-11-14,-5.25
R2.VOL.high.maker,2025-11-15,-10.57
R2.VOL.high.maker,2025-11-16,1.759999999999999
R2.VOL.high.maker,2025-11-17,1.18
R2.VOL.high.maker,2025-11-18,2.56
R2.VOL.high.maker,2025-11-19,3.26
R2.VOL.high.maker,2025-11-20,-5.87
R2.VOL.high.maker,2025-11-22,-6.41
R2.VOL.high.maker,2025-11-23,-2.9600000000000004
R2.VOL.high.maker,2025-11-24,1.47
R2.VOL.high.maker,2025-11-27,5.129999999999999
R2.VOL.high.maker,2025-11-28,12.85
R2.VOL.high.maker,2025-11-29,-28.59
R2.VOL.high.maker,2025-11-30,-13.21
R2.VOL.high.maker,2025-12-04,2.86
R2.VOL.high.maker,2025-12-05,-7.54
R2.VOL.high.maker,2025-12-06,-2.09
R2.VOL.high.maker,2025-12-07,14.26
R2.VOL.high.maker,2025-12-11,5.15
R2.VOL.high.maker,2025-12-13,3.85
R2.VOL.high.maker,2025-12-14,-14.94
R2.VOL.high.maker,2025-12-15,2.56
R2.VOL.high.maker,2025-12-16,-3.14
R2.VOL.high.maker,2025-12-17,5.03
R2.VOL.high.maker,2025-12-18,3.65
R2.VOL.high.maker,2025-12-19,-5.5600000000000005
R2.VOL.high.maker,2025-12-20,-9.62
R2.VOL.high.maker,2025-12-21,-15.450000000000001
R2.VOL.high.maker,2025-12-22,6.12
R2.VOL.high.maker,2025-12-23,11.5
R2.VOL.high.maker,2025-12-24,-6.94
R2.VOL.high.maker,2025-12-26,-1.2999999999999998
R2.VOL.high.maker,2025-12-27,-7.11
R2.VOL.high.maker,2025-12-28,7.59
R2.VOL.high.maker,2025-12-29,5.85
R2.VOL.high.maker,2025-12-30,-5.25
R2.VOL.high.maker,2025-12-31,5.42
R2.VOL.high.maker,2026-01-01,13.86
R2.VOL.high.maker,2026-01-02,-4.92
R2.VOL.high.maker,2026-01-03,4.63
R2.VOL.high.maker,2026-01-04,-23.92
R2.VOL.high.maker,2026-01-08,2.96
R2.VOL.high.maker,2026-01-09,-4.15
R2.VOL.high.maker,2026-01-10,-2.7900000000000005
R2.VOL.high.maker,2026-01-11,13.75
R2.VOL.high.maker,2026-01-12,-5.05
R2.VOL.high.maker,2026-01-17,-3.08
R2.VOL.high.maker,2026-01-18,0.1200000000000001
R2.TP.I12.tp0.03,2025-09-08,0.03
R2.TP.I12.tp0.03,2025-09-11,0.0
R2.TP.I12.tp0.03,2025-09-12,-1.95
R2.TP.I12.tp0.03,2025-09-13,-1.2099999999999997
R2.TP.I12.tp0.03,2025-09-14,0.27
R2.TP.I12.tp0.03,2025-09-15,-0.019999999999999997
R2.TP.I12.tp0.03,2025-09-18,0.04000000000000001
R2.TP.I12.tp0.03,2025-09-19,0.17
R2.TP.I12.tp0.03,2025-09-20,0.9000000000000006
R2.TP.I12.tp0.03,2025-09-21,-0.4800000000000001
R2.TP.I12.tp0.03,2025-09-22,0.01
R2.TP.I12.tp0.03,2025-09-25,-6.779999999999999
R2.TP.I12.tp0.03,2025-09-26,0.01
R2.TP.I12.tp0.03,2025-09-27,13.0
R2.TP.I12.tp0.03,2025-09-28,-4.94
R2.TP.I12.tp0.03,2025-09-29,0.06
R2.TP.I12.tp0.03,2025-10-02,-5.45
R2.TP.I12.tp0.03,2025-10-03,-0.019999999999999997
R2.TP.I12.tp0.03,2025-10-04,-1.2000000000000004
R2.TP.I12.tp0.03,2025-10-05,0.0600000000000005
R2.TP.I12.tp0.03,2025-10-06,0.03
R2.TP.I12.tp0.03,2025-10-09,0.56
R2.TP.I12.tp0.03,2025-10-10,0.020000000000000004
R2.TP.I12.tp0.03,2025-10-11,-21.91
R2.TP.I12.tp0.03,2025-10-12,0.33999999999999997
R2.TP.I12.tp0.03,2025-10-13,-0.04
R2.TP.I12.tp0.03,2025-10-14,0.09000000000000001
R2.TP.I12.tp0.03,2025-10-15,-0.05
R2.TP.I12.tp0.03,2025-10-16,0.06
R2.TP.I12.tp0.03,2025-10-17,-0.010000000000000002
R2.TP.I12.tp0.03,2025-10-18,-12.009999999999998
R2.TP.I12.tp0.03,2025-10-19,3.42
R2.TP.I12.tp0.03,2025-10-20,0.15
R2.TP.I12.tp0.03,2025-10-21,0.6
R2.TP.I12.tp0.03,2025-10-22,3.97
R2.TP.I12.tp0.03,2025-10-23,0.15000000000000002
R2.TP.I12.tp0.03,2025-10-24,0.11
R2.TP.I12.tp0.03,2025-10-25,-5.7700000000000005
R2.TP.I12.tp0.03,2025-10-26,-4.53
R2.TP.I12.tp0.03,2025-10-27,0.02
R2.TP.I12.tp0.03,2025-10-28,0.13
R2.TP.I12.tp0.03,2025-10-29,-0.02
R2.TP.I12.tp0.03,2025-10-30,0.12
R2.TP.I12.tp0.03,2025-10-31,0.17
R2.TP.I12.tp0.03,2025-11-01,-1.6600000000000001
R2.TP.I12.tp0.03,2025-11-02,-3.9
R2.TP.I12.tp0.03,2025-11-03,-5.45
R2.TP.I12.tp0.03,2025-11-04,0.14
R2.TP.I12.tp0.03,2025-11-05,-3.65
R2.TP.I12.tp0.03,2025-11-06,0.1
R2.TP.I12.tp0.03,2025-11-07,0.11
R2.TP.I12.tp0.03,2025-11-08,-8.360000000000001
R2.TP.I12.tp0.03,2025-11-09,-10.64
R2.TP.I12.tp0.03,2025-11-10,-0.03
R2.TP.I12.tp0.03,2025-11-11,0.09
R2.TP.I12.tp0.03,2025-11-12,-0.03
R2.TP.I12.tp0.03,2025-11-13,0.23
R2.TP.I12.tp0.03,2025-11-14,0.07
R2.TP.I12.tp0.03,2025-11-15,-12.950000000000001
R2.TP.I12.tp0.03,2025-11-16,4.55
R2.TP.I12.tp0.03,2025-11-17,-4.55
R2.TP.I12.tp0.03,2025-11-18,-0.03
R2.TP.I12.tp0.03,2025-11-19,0.22
R2.TP.I12.tp0.03,2025-11-20,0.02
R2.TP.I12.tp0.03,2025-11-21,-0.03
R2.TP.I12.tp0.03,2025-11-22,-4.19
R2.TP.I12.tp0.03,2025-11-23,11.37
R2.TP.I12.tp0.03,2025-11-24,0.04
R2.TP.I12.tp0.03,2025-11-27,-5.33
R2.TP.I12.tp0.03,2025-11-28,-7.28
R2.TP.I12.tp0.03,2025-11-29,-9.159999999999998
R2.TP.I12.tp0.03,2025-11-30,-3.5399999999999996
R2.TP.I12.tp0.03,2025-12-01,0.12
R2.TP.I12.tp0.03,2025-12-04,0.0
R2.TP.I12.tp0.03,2025-12-05,0.06
R2.TP.I12.tp0.03,2025-12-06,0.12000000000000001
R2.TP.I12.tp0.03,2025-12-07,0.7000000000000001
R2.TP.I12.tp0.03,2025-12-11,-0.02
R2.TP.I12.tp0.03,2025-12-13,0.009999999999999998
R2.TP.I12.tp0.03,2025-12-14,-7.6000000000000005
R2.TP.I12.tp0.03,2025-12-15,0.01
R2.TP.I12.tp0.03,2025-12-16,0.0
R2.TP.I12.tp0.03,2025-12-17,-5.4799999999999995
R2.TP.I12.tp0.03,2025-12-18,0.19
R2.TP.I12.tp0.03,2025-12-19,0.09
R2.TP.I12.tp0.03,2025-12-20,0.1
R2.TP.I12.tp0.03,2025-12-21,0.62
R2.TP.I12.tp0.03,2025-12-22,0.0
R2.TP.I12.tp0.03,2025-12-23,0.09
R2.TP.I12.tp0.03,2025-12-24,-0.02
R2.TP.I12.tp0.03,2025-12-25,0.09
R2.TP.I12.tp0.03,2025-12-26,-0.039999999999999994
R2.TP.I12.tp0.03,2025-12-27,4.0600000000000005
R2.TP.I12.tp0.03,2025-12-28,2.9300000000000006
R2.TP.I12.tp0.03,2025-12-29,-1.76
R2.TP.I12.tp0.03,2025-12-30,-0.06
R2.TP.I12.tp0.03,2025-12-31,0.0
R2.TP.I12.tp0.03,2026-01-01,-3.5999999999999996
R2.TP.I12.tp0.03,2026-01-02,0.15
R2.TP.I12.tp0.03,2026-01-03,-3.83
R2.TP.I12.tp0.03,2026-01-04,0.45
R2.TP.I12.tp0.03,2026-01-08,0.0
R2.TP.I12.tp0.03,2026-01-09,-0.02
R2.TP.I12.tp0.03,2026-01-10,0.019999999999999997
R2.TP.I12.tp0.03,2026-01-11,0.09000000000000001
R2.TP.I12.tp0.03,2026-01-12,0.29
R2.TP.I12.tp0.03,2026-01-17,-5.95
R2.TP.I12.tp0.03,2026-01-18,0.12
R2.TP.I12.tp0.06,2025-09-08,0.34
R2.TP.I12.tp0.06,2025-09-11,0.6100000000000001
R2.TP.I12.tp0.06,2025-09-12,-1.54
R2.TP.I12.tp0.06,2025-09-13,-3.8400000000000007
R2.TP.I12.tp0.06,2025-09-14,-4.31
R2.TP.I12.tp0.06,2025-09-15,0.8
R2.TP.I12.tp0.06,2025-09-18,0.65
R2.TP.I12.tp0.06,2025-09-19,0.56
R2.TP.I12.tp0.06,2025-09-20,10.200000000000001
R2.TP.I12.tp0.06,2025-09-21,2.4099999999999997
R2.TP.I12.tp0.06,2025-09-22,0.3
R2.TP.I12.tp0.06,2025-09-25,-6.779999999999999
R2.TP.I12.tp0.06,2025-09-26,0.31
R2.TP.I12.tp0.06,2025-09-27,16.0
R2.TP.I12.tp0.06,2025-09-28,-3.75
R2.TP.I12.tp0.06,2025-09-29,0.77
R2.TP.I12.tp0.06,2025-10-02,-5.45
R2.TP.I12.tp0.06,2025-10-03,0.99
R2.TP.I12.tp0.06,2025-10-04,5.449999999999999
R2.TP.I12.tp0.06,2025-10-05,3.0
R2.TP.I12.tp0.06,2025-10-06,0.76
R2.TP.I12.tp0.06,2025-10-09,1.36
R2.TP.I12.tp0.06,2025-10-10,0.91
R2.TP.I12.tp0.06,2025-10-11,-14.680000000000001
R2.TP.I12.tp0.06,2025-10-12,4.1
R2.TP.I12.tp0.06,2025-10-13,-6.08
R2.TP.I12.tp0.06,2025-10-14,0.78
R2.TP.I12.tp0.06,2025-10-15,1.26
R2.TP.I12.tp0.06,2025-10-16,0.34
R2.TP.I12.tp0.06,2025-10-17,0.8900000000000001
R2.TP.I12.tp0.06,2025-10-18,-12.52
R2.TP.I12.tp0.06,2025-10-19,4.760000000000001
R2.TP.I12.tp0.06,2025-10-20,1.51
R2.TP.I12.tp0.06,2025-10-21,0.7
R2.TP.I12.tp0.06,2025-10-22,4.59
R2.TP.I12.tp0.06,2025-10-23,0.76
R2.TP.I12.tp0.06,2025-10-24,0.68
R2.TP.I12.tp0.06,2025-10-25,1.209999999999999
R2.TP.I12.tp0.06,2025-10-26,-6.31
R2.TP.I12.tp0.06,2025-10-27,0.31
R2.TP.I12.tp0.06,2025-10-28,-1.4300000000000002
R2.TP.I12.tp0.06,2025-10-29,0.27
R2.TP.I12.tp0.06,2025-10-30,1.67
R2.TP.I12.tp0.06,2025-10-31,0.27
R2.TP.I12.tp0.06,2025-11-01,14.07
R2.TP.I12.tp0.06,2025-11-02,-1.2
R2.TP.I12.tp0.06,2025-11-03,-5.45
R2.TP.I12.tp0.06,2025-11-04,0.45
R2.TP.I12.tp0.06,2025-11-05,-3.65
R2.TP.I12.tp0.06,2025-11-06,1.13
R2.TP.I12.tp0.06,2025-11-07,1.13
R2.TP.I12.tp0.06,2025-11-08,-4.08
R2.TP.I12.tp0.06,2025-11-09,-7.810000000000001
R2.TP.I12.tp0.06,2025-11-10,4.45
R2.TP.I12.tp0.06,2025-11-11,4.67
R2.TP.I12.tp0.06,2025-11-12,0.27
R2.TP.I12.tp0.06,2025-11-13,0.8
R2.TP.I12.tp0.06,2025-11-14,0.27
R2.TP.I12.tp0.06,2025-11-15,-2.890000000000001
R2.TP.I12.tp0.06,2025-11-16,9.83
R2.TP.I12.tp0.06,2025-11-17,-4.55
R2.TP.I12.tp0.06,2025-11-18,1.6
R2.TP.I12.tp0.06,2025-11-19,0.7
R2.TP.I12.tp0.06,2025-11-20,0.61
R2.TP.I12.tp0.06,2025-11-21,0.37
R2.TP.I12.tp0.06,2025-11-22,-6.760000000000002
R2.TP.I12.tp0.06,2025-11-23,8.75
R2.TP.I12.tp0.06,2025-11-24,0.56
R2.TP.I12.tp0.06,2025-11-27,-4.109999999999999
R2.TP.I12.tp0.06,2025-11-28,-4.2299999999999995
R2.TP.I12.tp0.06,2025-11-29,-5.47
R2.TP.I12.tp0.06,2025-11-30,-1.44
R2.TP.I12.tp0.06,2025-12-01,0.44
R2.TP.I12.tp0.06,2025-12-04,0.41
R2.TP.I12.tp0.06,2025-12-05,0.98
R2.TP.I12.tp0.06,2025-12-06,-3.1
R2.TP.I12.tp0.06,2025-12-07,3.31
R2.TP.I12.tp0.06,2025-12-11,0.29
R2.TP.I12.tp0.06,2025-12-13,4.37
R2.TP.I12.tp0.06,2025-12-14,-3.9200000000000004
R2.TP.I12.tp0.06,2025-12-15,0.3
R2.TP.I12.tp0.06,2025-12-16,0.39
R2.TP.I12.tp0.06,2025-12-17,-5.279999999999999
R2.TP.I12.tp0.06,2025-12-18,0.6
R2.TP.I12.tp0.06,2025-12-19,-1.5999999999999999
R2.TP.I12.tp0.06,2025-12-20,1.29
R2.TP.I12.tp0.06,2025-12-21,-3.5300000000000002
R2.TP.I12.tp0.06,2025-12-22,0.71
R2.TP.I12.tp0.06,2025-12-23,1.86
R2.TP.I12.tp0.06,2025-12-24,0.29
R2.TP.I12.tp0.06,2025-12-25,0.41
R2.TP.I12.tp0.06,2025-12-26,1.08
R2.TP.I12.tp0.06,2025-12-27,6.09
R2.TP.I12.tp0.06,2025-12-28,-9.67
R2.TP.I12.tp0.06,2025-12-29,-1.56
R2.TP.I12.tp0.06,2025-12-30,0.85
R2.TP.I12.tp0.06,2025-12-31,1.49
R2.TP.I12.tp0.06,2026-01-01,-2.99
R2.TP.I12.tp0.06,2026-01-02,-1.2000000000000002
R2.TP.I12.tp0.06,2026-01-03,-3.52
R2.TP.I12.tp0.06,2026-01-04,6.340000000000001
R2.TP.I12.tp0.06,2026-01-08,0.31
R2.TP.I12.tp0.06,2026-01-09,0.29
R2.TP.I12.tp0.06,2026-01-10,0.63
R2.TP.I12.tp0.06,2026-01-11,0.87
R2.TP.I12.tp0.06,2026-01-12,0.29
R2.TP.I12.tp0.06,2026-01-17,-5.95
R2.TP.I12.tp0.06,2026-01-18,0.62
R2.TP.I9.tp0.03,2025-09-08,0.31
R2.TP.I9.tp0.03,2025-09-11,0.07
R2.TP.I9.tp0.03,2025-09-12,0.41
R2.TP.I9.tp0.03,2025-09-13,6.63
R2.TP.I9.tp0.03,2025-09-14,0.020000000000000007
R2.TP.I9.tp0.03,2025-09-18,0.07
R2.TP.I9.tp0.03,2025-09-19,0.18000000000000002
R2.TP.I9.tp0.03,2025-09-20,5.67
R2.TP.I9.tp0.03,2025-09-21,-2.4499999999999997
R2.TP.I9.tp0.03,2025-09-22,0.0
R2.TP.I9.tp0.03,2025-09-25,-4.88
R2.TP.I9.tp0.03,2025-09-26,0.0
R2.TP.I9.tp0.03,2025-09-27,-9.25
R2.TP.I9.tp0.03,2025-09-28,-2.5100000000000002
R2.TP.I9.tp0.03,2025-09-29,-3.14
R2.TP.I9.tp0.03,2025-10-02,-0.03
R2.TP.I9.tp0.03,2025-10-03,0.0
R2.TP.I9.tp0.03,2025-10-04,2.58
R2.TP.I9.tp0.03,2025-10-05,-2.67
R2.TP.I9.tp0.03,2025-10-06,-0.03
R2.TP.I9.tp0.03,2025-10-08,0.75
R2.TP.I9.tp0.03,2025-10-09,-6.8500000000000005
R2.TP.I9.tp0.03,2025-10-10,-0.03
R2.TP.I9.tp0.03,2025-10-11,0.8900000000000001
R2.TP.I9.tp0.03,2025-10-12,-4.29
R2.TP.I9.tp0.03,2025-10-13,0.27
R2.TP.I9.tp0.03,2025-10-14,6.87
R2.TP.I9.tp0.03,2025-10-15,-0.04
R2.TP.I9.tp0.03,2025-10-16,-0.03
R2.TP.I9.tp0.03,2025-10-17,0.13
R2.TP.I9.tp0.03,2025-10-18,-0.5900000000000002
R2.TP.I9.tp0.03,2025-10-19,-3.36
R2.TP.I9.tp0.03,2025-10-20,-1.68
R2.TP.I9.tp0.03,2025-10-21,0.37
R2.TP.I9.tp0.03,2025-10-22,0.69
R2.TP.I9.tp0.03,2025-10-23,-2.48
R2.TP.I9.tp0.03,2025-10-24,0.01
R2.TP.I9.tp0.03,2025-10-25,7.140000000000001
R2.TP.I9.tp0.03,2025-10-26,-4.890000000000001
R2.TP.I9.tp0.03,2025-10-27,0.04
R2.TP.I9.tp0.03,2025-10-28,0.34
R2.TP.I9.tp0.03,2025-10-29,-0.05
R2.TP.I9.tp0.03,2025-10-31,0.17
R2.TP.I9.tp0.03,2025-11-01,3.7499999999999996
R2.TP.I9.tp0.03,2025-11-02,-10.54
R2.TP.I9.tp0.03,2025-11-04,-0.02
R2.TP.I9.tp0.03,2025-11-07,0.08000000000000002
R2.TP.I9.tp0.03,2025-11-08,5.32
R2.TP.I9.tp0.03,2025-11-09,-0.28000000000000014
R2.TP.I9.tp0.03,2025-11-10,0.15
R2.TP.I9.tp0.03,2025-11-11,0.05
R2.TP.I9.tp0.03,2025-11-12,-0.02
R2.TP.I9.tp0.03,2025-11-13,0.02
R2.TP.I9.tp0.03,2025-11-14,0.01
R2.TP.I9.tp0.03,2025-11-15,-1.1999999999999997
R2.TP.I9.tp0.03,2025-11-16,-8.16
R2.TP.I9.tp0.03,2025-11-18,0.04000000000000001
R2.TP.I9.tp0.03,2025-11-19,-0.03
R2.TP.I9.tp0.03,2025-11-20,0.020000000000000004
R2.TP.I9.tp0.03,2025-11-21,-0.05
R2.TP.I9.tp0.03,2025-11-22,-6.3100000000000005
R2.TP.I9.tp0.03,2025-11-23,0.45
R2.TP.I9.tp0.03,2025-11-25,0.01
R2.TP.I9.tp0.03,2025-11-27,-0.04
R2.TP.I9.tp0.03,2025-11-28,-9.129999999999999
R2.TP.I9.tp0.03,2025-11-29,-0.3699999999999998
R2.TP.I9.tp0.03,2025-11-30,0.15000000000000002
R2.TP.I9.tp0.03,2025-12-01,0.09
R2.TP.I9.tp0.03,2025-12-04,0.03
R2.TP.I9.tp0.03,2025-12-05,-4.569999999999999
R2.TP.I9.tp0.03,2025-12-06,0.07
R2.TP.I9.tp0.03,2025-12-07,-2.32
R2.TP.I9.tp0.03,2025-12-08,-0.03
R2.TP.I9.tp0.03,2025-12-11,0.02
R2.TP.I9.tp0.03,2025-12-13,0.29
R2.TP.I9.tp0.03,2025-12-14,-6.1899999999999995
R2.TP.I9.tp0.03,2025-12-15,0.0
R2.TP.I9.tp0.03,2025-12-16,0.01
R2.TP.I9.tp0.03,2025-12-17,0.18
R2.TP.I9.tp0.03,2025-12-18,-0.03
R2.TP.I9.tp0.03,2025-12-19,0.06
R2.TP.I9.tp0.03,2025-12-20,-0.009999999999999998
R2.TP.I9.tp0.03,2025-12-21,0.39
R2.TP.I9.tp0.03,2025-12-22,-3.65
R2.TP.I9.tp0.03,2025-12-23,0.07
R2.TP.I9.tp0.03,2025-12-24,-0.03
R2.TP.I9.tp0.03,2025-12-25,-2.3499999999999996
R2.TP.I9.tp0.03,2025-12-26,-0.03
R2.TP.I9.tp0.03,2025-12-27,-4.13
R2.TP.I9.tp0.03,2025-12-28,-3.6199999999999997
R2.TP.I9.tp0.03,2025-12-29,0.15
R2.TP.I9.tp0.03,2025-12-30,0.18
R2.TP.I9.tp0.03,2025-12-31,-5.59
R2.TP.I9.tp0.03,2026-01-01,0.03
R2.TP.I9.tp0.03,2026-01-02,0.05
R2.TP.I9.tp0.03,2026-01-03,0.12
R2.TP.I9.tp0.03,2026-01-04,-2.33
R2.TP.I9.tp0.03,2026-01-10,-0.03
R2.TP.I9.tp0.03,2026-01-11,5.62
R2.TP.I9.tp0.03,2026-01-17,-0.03
R2.TP.I9.tp0.06,2025-09-08,0.31
R2.TP.I9.tp0.06,2025-09-11,-2.77
R2.TP.I9.tp0.06,2025-09-12,0.41
R2.TP.I9.tp0.06,2025-09-13,7.29
R2.TP.I9.tp0.06,2025-09-14,6.279999999999999
R2.TP.I9.tp0.06,2025-09-18,0.35
R2.TP.I9.tp0.06,2025-09-19,-6.56
R2.TP.I9.tp0.06,2025-09-20,8.200000000000001
R2.TP.I9.tp0.06,2025-09-21,-1.2299999999999995
R2.TP.I9.tp0.06,2025-09-22,0.29
R2.TP.I9.tp0.06,2025-09-25,-4.57
R2.TP.I9.tp0.06,2025-09-26,-5.029999999999999
R2.TP.I9.tp0.06,2025-09-27,-4.930000000000001
R2.TP.I9.tp0.06,2025-09-28,3.6000000000000005
R2.TP.I9.tp0.06,2025-09-29,-3.14
R2.TP.I9.tp0.06,2025-10-02,0.27
R2.TP.I9.tp0.06,2025-10-03,0.29
R2.TP.I9.tp0.06,2025-10-04,9.14
R2.TP.I9.tp0.06,2025-10-05,-0.77
R2.TP.I9.tp0.06,2025-10-06,0.88
R2.TP.I9.tp0.06,2025-10-08,1.05
R2.TP.I9.tp0.06,2025-10-09,-6.08
R2.TP.I9.tp0.06,2025-10-10,0.28
R2.TP.I9.tp0.06,2025-10-11,5.67
R2.TP.I9.tp0.06,2025-10-12,-5.07
R2.TP.I9.tp0.06,2025-10-13,0.27
R2.TP.I9.tp0.06,2025-10-14,7.17
R2.TP.I9.tp0.06,2025-10-15,0.56
R2.TP.I9.tp0.06,2025-10-16,0.67
R2.TP.I9.tp0.06,2025-10-17,1.55
R2.TP.I9.tp0.06,2025-10-18,2.0499999999999994
R2.TP.I9.tp0.06,2025-10-19,-3.2800000000000002
R2.TP.I9.tp0.06,2025-10-20,-3.66
R2.TP.I9.tp0.06,2025-10-21,0.37
R2.TP.I9.tp0.06,2025-10-22,0.69
R2.TP.I9.tp0.06,2025-10-23,-2.17
R2.TP.I9.tp0.06,2025-10-24,0.32
R2.TP.I9.tp0.06,2025-10-25,16.38
R2.TP.I9.tp0.06,2025-10-26,-14.07
R2.TP.I9.tp0.06,2025-10-27,0.43
R2.TP.I9.tp0.06,2025-10-28,0.9299999999999999
R2.TP.I9.tp0.06,2025-10-29,0.65
R2.TP.I9.tp0.06,2025-10-31,0.27
R2.TP.I9.tp0.06,2025-11-01,8.7
R2.TP.I9.tp0.06,2025-11-02,-8.08
R2.TP.I9.tp0.06,2025-11-04,0.28
R2.TP.I9.tp0.06,2025-11-07,1.0
R2.TP.I9.tp0.06,2025-11-08,-0.9099999999999999
R2.TP.I9.tp0.06,2025-11-09,1.41
R2.TP.I9.tp0.06,2025-11-10,0.36
R2.TP.I9.tp0.06,2025-11-11,0.55
R2.TP.I9.tp0.06,2025-11-12,0.28
R2.TP.I9.tp0.06,2025-11-13,-2.34
R2.TP.I9.tp0.06,2025-11-14,0.3
R2.TP.I9.tp0.06,2025-11-15,0.47999999999999987
R2.TP.I9.tp0.06,2025-11-16,3.9899999999999998
R2.TP.I9.tp0.06,2025-11-18,0.55
R2.TP.I9.tp0.06,2025-11-19,0.37
R2.TP.I9.tp0.06,2025-11-20,0.6100000000000001
R2.TP.I9.tp0.06,2025-11-21,0.54
R2.TP.I9.tp0.06,2025-11-22,-5.48
R2.TP.I9.tp0.06,2025-11-23,-6.720000000000001
R2.TP.I9.tp0.06,2025-11-25,0.4
R2.TP.I9.tp0.06,2025-11-27,1.58
R2.TP.I9.tp0.06,2025-11-28,-7.4399999999999995
R2.TP.I9.tp0.06,2025-11-29,5.16
R2.TP.I9.tp0.06,2025-11-30,7.299999999999999
R2.TP.I9.tp0.06,2025-12-01,0.38
R2.TP.I9.tp0.06,2025-12-04,0.34
R2.TP.I9.tp0.06,2025-12-05,-4.27
R2.TP.I9.tp0.06,2025-12-06,0.96
R2.TP.I9.tp0.06,2025-12-07,-0.74
R2.TP.I9.tp0.06,2025-12-08,-4.35
R2.TP.I9.tp0.06,2025-12-11,0.31
R2.TP.I9.tp0.06,2025-12-13,0.8600000000000001
R2.TP.I9.tp0.06,2025-12-14,1.77
R2.TP.I9.tp0.06,2025-12-15,0.39
R2.TP.I9.tp0.06,2025-12-16,0.31
R2.TP.I9.tp0.06,2025-12-17,-0.5499999999999999
R2.TP.I9.tp0.06,2025-12-18,0.27
R2.TP.I9.tp0.06,2025-12-19,-1.73
R2.TP.I9.tp0.06,2025-12-20,0.5800000000000001
R2.TP.I9.tp0.06,2025-12-21,1.6800000000000002
R2.TP.I9.tp0.06,2025-12-22,-3.65
R2.TP.I9.tp0.06,2025-12-23,0.77
R2.TP.I9.tp0.06,2025-12-24,5.95
R2.TP.I9.tp0.06,2025-12-25,-2.05
R2.TP.I9.tp0.06,2025-12-26,-4.25
R2.TP.I9.tp0.06,2025-12-27,-10.8
R2.TP.I9.tp0.06,2025-12-28,-2.5599999999999996
R2.TP.I9.tp0.06,2025-12-29,0.63
R2.TP.I9.tp0.06,2025-12-30,-6.16
R2.TP.I9.tp0.06,2025-12-31,-4.7
R2.TP.I9.tp0.06,2026-01-01,0.34
R2.TP.I9.tp0.06,2026-01-02,0.65
R2.TP.I9.tp0.06,2026-01-03,0.69
R2.TP.I9.tp0.06,2026-01-04,-1.05
R2.TP.I9.tp0.06,2026-01-10,0.27
R2.TP.I9.tp0.06,2026-01-11,1.1000000000000005
R2.TP.I9.tp0.06,2026-01-17,0.27
R2.TP.C1.tp0.03,2025-09-08,0.03
R2.TP.C1.tp0.03,2025-09-11,-0.019999999999999997
R2.TP.C1.tp0.03,2025-09-12,-0.039999999999999994
R2.TP.C1.tp0.03,2025-09-13,-9.37
R2.TP.C1.tp0.03,2025-09-14,4.82
R2.TP.C1.tp0.03,2025-09-15,-4.28
R2.TP.C1.tp0.03,2025-09-18,0.09999999999999999
R2.TP.C1.tp0.03,2025-09-19,0.17
R2.TP.C1.tp0.03,2025-09-20,3.7700000000000005
R2.TP.C1.tp0.03,2025-09-21,-0.7399999999999999
R2.TP.C1.tp0.03,2025-09-22,-7.04
R2.TP.C1.tp0.03,2025-09-25,-5.21
R2.TP.C1.tp0.03,2025-09-26,-0.03
R2.TP.C1.tp0.03,2025-09-27,0.1399999999999993
R2.TP.C1.tp0.03,2025-09-28,-18.42
R2.TP.C1.tp0.03,2025-09-29,0.039999999999999994
R2.TP.C1.tp0.03,2025-10-02,-0.03
R2.TP.C1.tp0.03,2025-10-03,-7.98
R2.TP.C1.tp0.03,2025-10-04,-4.280000000000001
R2.TP.C1.tp0.03,2025-10-05,0.21000000000000002
R2.TP.C1.tp0.03,2025-10-06,6.56
R2.TP.C1.tp0.03,2025-10-08,0.11000000000000001
R2.TP.C1.tp0.03,2025-10-09,3.44
R2.TP.C1.tp0.03,2025-10-10,0.13999999999999999
R2.TP.C1.tp0.03,2025-10-11,-2.74
R2.TP.C1.tp0.03,2025-10-12,-13.07
R2.TP.C1.tp0.03,2025-10-13,-0.05
R2.TP.C1.tp0.03,2025-10-14,-3.03
R2.TP.C1.tp0.03,2025-10-15,-0.04
R2.TP.C1.tp0.03,2025-10-16,0.04
R2.TP.C1.tp0.03,2025-10-17,0.020000000000000004
R2.TP.C1.tp0.03,2025-10-18,0.8300000000000006
R2.TP.C1.tp0.03,2025-10-19,-5.06
R2.TP.C1.tp0.03,2025-10-20,0.44000000000000006
R2.TP.C1.tp0.03,2025-10-21,0.21000000000000002
R2.TP.C1.tp0.03,2025-10-22,1.16
R2.TP.C1.tp0.03,2025-10-23,-2.19
R2.TP.C1.tp0.03,2025-10-24,0.23
R2.TP.C1.tp0.03,2025-10-25,-3.0900000000000007
R2.TP.C1.tp0.03,2025-10-26,-13.379999999999999
R2.TP.C1.tp0.03,2025-10-27,0.06
R2.TP.C1.tp0.03,2025-10-28,0.32
R2.TP.C1.tp0.03,2025-10-29,0.09999999999999999
R2.TP.C1.tp0.03,2025-10-30,-2.38
R2.TP.C1.tp0.03,2025-10-31,3.75
R2.TP.C1.tp0.03,2025-11-01,-0.6799999999999997
R2.TP.C1.tp0.03,2025-11-02,-13.92
R2.TP.C1.tp0.03,2025-11-03,-5.15
R2.TP.C1.tp0.03,2025-11-04,-0.02
R2.TP.C1.tp0.03,2025-11-05,0.1
R2.TP.C1.tp0.03,2025-11-06,0.26
R2.TP.C1.tp0.03,2025-11-07,-0.03
R2.TP.C1.tp0.03,2025-11-08,-29.68
R2.TP.C1.tp0.03,2025-11-09,-6.69
R2.TP.C1.tp0.03,2025-11-10,-0.03
R2.TP.C1.tp0.03,2025-11-11,-0.02
R2.TP.C1.tp0.03,2025-11-12,-5.26
R2.TP.C1.tp0.03,2025-11-13,0.12
R2.TP.C1.tp0.03,2025-11-14,-0.03
R2.TP.C1.tp0.03,2025-11-15,-0.7699999999999998
R2.TP.C1.tp0.03,2025-11-16,-4.529999999999999
R2.TP.C1.tp0.03,2025-11-17,0.11
R2.TP.C1.tp0.03,2025-11-18,-0.88
R2.TP.C1.tp0.03,2025-11-19,-0.22999999999999998
R2.TP.C1.tp0.03,2025-11-20,0.0
R2.TP.C1.tp0.03,2025-11-21,0.38
R2.TP.C1.tp0.03,2025-11-22,1.8000000000000003
R2.TP.C1.tp0.03,2025-11-23,7.930000000000001
R2.TP.C1.tp0.03,2025-11-24,0.09
R2.TP.C1.tp0.03,2025-11-25,0.0
R2.TP.C1.tp0.03,2025-11-27,0.08000000000000002
R2.TP.C1.tp0.03,2025-11-28,6.1899999999999995
R2.TP.C1.tp0.03,2025-11-29,-2.78
R2.TP.C1.tp0.03,2025-11-30,0.53
R2.TP.C1.tp0.03,2025-12-04,0.02
R2.TP.C1.tp0.03,2025-12-05,0.62
R2.TP.C1.tp0.03,2025-12-06,-3.9199999999999995
R2.TP.C1.tp0.03,2025-12-07,6.7
R2.TP.C1.tp0.03,2025-12-11,-0.03
R2.TP.C1.tp0.03,2025-12-13,3.18
R2.TP.C1.tp0.03,2025-12-14,6.938893903907228e-18
R2.TP.C1.tp0.03,2025-12-15,2.56
R2.TP.C1.tp0.03,2025-12-16,0.1
R2.TP.C1.tp0.03,2025-12-17,-0.04
R2.TP.C1.tp0.03,2025-12-18,0.03
R2.TP.C1.tp0.03,2025-12-19,-8.81
R2.TP.C1.tp0.03,2025-12-20,-7.12
R2.TP.C1.tp0.03,2025-12-21,-11.450000000000001
R2.TP.C1.tp0.03,2025-12-22,0.02
R2.TP.C1.tp0.03,2025-12-23,0.05
R2.TP.C1.tp0.03,2025-12-24,0.01
R2.TP.C1.tp0.03,2025-12-25,0.06
R2.TP.C1.tp0.03,2025-12-26,0.060000000000000005
R2.TP.C1.tp0.03,2025-12-27,-4.66
R2.TP.C1.tp0.03,2025-12-28,-3.33
R2.TP.C1.tp0.03,2025-12-29,0.09
R2.TP.C1.tp0.03,2025-12-30,-0.06
R2.TP.C1.tp0.03,2025-12-31,-4.08
R2.TP.C1.tp0.03,2026-01-01,-0.04
R2.TP.C1.tp0.03,2026-01-02,0.06999999999999999
R2.TP.C1.tp0.03,2026-01-03,0.2
R2.TP.C1.tp0.03,2026-01-04,-21.150000000000002
R2.TP.C1.tp0.03,2026-01-08,0.01
R2.TP.C1.tp0.03,2026-01-09,-4.15
R2.TP.C1.tp0.03,2026-01-10,0.0
R2.TP.C1.tp0.03,2026-01-11,5.81
R2.TP.C1.tp0.03,2026-01-12,-0.03
R2.TP.C1.tp0.03,2026-01-17,0.03
R2.TP.C1.tp0.03,2026-01-18,3.16
R2.TP.C1.tp0.06,2025-09-08,-7.64
R2.TP.C1.tp0.06,2025-09-11,0.6000000000000001
R2.TP.C1.tp0.06,2025-09-12,1.29
R2.TP.C1.tp0.06,2025-09-13,5.280000000000001
R2.TP.C1.tp0.06,2025-09-14,9.01
R2.TP.C1.tp0.06,2025-09-15,-3.98
R2.TP.C1.tp0.06,2025-09-18,0.83
R2.TP.C1.tp0.06,2025-09-19,-6.369999999999999
R2.TP.C1.tp0.06,2025-09-20,-3.8499999999999996
R2.TP.C1.tp0.06,2025-09-21,-6.2700000000000005
R2.TP.C1.tp0.06,2025-09-22,-7.04
R2.TP.C1.tp0.06,2025-09-25,-5.21
R2.TP.C1.tp0.06,2025-09-26,0.27
R2.TP.C1.tp0.06,2025-09-27,-9.07
R2.TP.C1.tp0.06,2025-09-28,-14.51
R2.TP.C1.tp0.06,2025-09-29,0.66
R2.TP.C1.tp0.06,2025-10-02,0.27
R2.TP.C1.tp0.06,2025-10-03,-5.500000000000001
R2.TP.C1.tp0.06,2025-10-04,-6.510000000000002
R2.TP.C1.tp0.06,2025-10-05,4.0
R2.TP.C1.tp0.06,2025-10-06,6.56
R2.TP.C1.tp0.06,2025-10-08,0.8
R2.TP.C1.tp0.06,2025-10-09,4.24
R2.TP.C1.tp0.06,2025-10-10,1.15
R2.TP.C1.tp0.06,2025-10-11,13.55
R2.TP.C1.tp0.06,2025-10-12,-15.36
R2.TP.C1.tp0.06,2025-10-13,0.65
R2.TP.C1.tp0.06,2025-10-14,-2.84
R2.TP.C1.tp0.06,2025-10-15,0.5700000000000001
R2.TP.C1.tp0.06,2025-10-16,0.35
R2.TP.C1.tp0.06,2025-10-17,5.29
R2.TP.C1.tp0.06,2025-10-18,-3.0799999999999996
R2.TP.C1.tp0.06,2025-10-19,-8.03
R2.TP.C1.tp0.06,2025-10-20,0.75
R2.TP.C1.tp0.06,2025-10-21,0.6
R2.TP.C1.tp0.06,2025-10-22,-2.9600000000000004
R2.TP.C1.tp0.06,2025-10-23,-2.19
R2.TP.C1.tp0.06,2025-10-24,1.28
R2.TP.C1.tp0.06,2025-10-25,4.819999999999999
R2.TP.C1.tp0.06,2025-10-26,-11.16
R2.TP.C1.tp0.06,2025-10-27,0.37
R2.TP.C1.tp0.06,2025-10-28,1.81
R2.TP.C1.tp0.06,2025-10-29,0.6
R2.TP.C1.tp0.06,2025-10-30,-1.5499999999999998
R2.TP.C1.tp0.06,2025-10-31,3.75
R2.TP.C1.tp0.06,2025-11-01,9.76
R2.TP.C1.tp0.06,2025-11-02,-18.55
R2.TP.C1.tp0.06,2025-11-03,-5.15
R2.TP.C1.tp0.06,2025-11-04,0.7
R2.TP.C1.tp0.06,2025-11-05,0.31
R2.TP.C1.tp0.06,2025-11-06,1.1099999999999999
R2.TP.C1.tp0.06,2025-11-07,0.8899999999999999
R2.TP.C1.tp0.06,2025-11-08,-25.48
R2.TP.C1.tp0.06,2025-11-09,0.5499999999999996
R2.TP.C1.tp0.06,2025-11-10,0.27
R2.TP.C1.tp0.06,2025-11-11,0.5800000000000001
R2.TP.C1.tp0.06,2025-11-12,-5.1499999999999995
R2.TP.C1.tp0.06,2025-11-13,0.44
R2.TP.C1.tp0.06,2025-11-14,0.37
R2.TP.C1.tp0.06,2025-11-15,3.220000000000001
R2.TP.C1.tp0.06,2025-11-16,-2.0500000000000003
R2.TP.C1.tp0.06,2025-11-17,0.43
R2.TP.C1.tp0.06,2025-11-18,-0.2699999999999999
R2.TP.C1.tp0.06,2025-11-19,0.07999999999999999
R2.TP.C1.tp0.06,2025-11-20,0.72
R2.TP.C1.tp0.06,2025-11-21,0.38
R2.TP.C1.tp0.06,2025-11-22,10.83
R2.TP.C1.tp0.06,2025-11-23,2.380000000000001
R2.TP.C1.tp0.06,2025-11-24,1.47
R2.TP.C1.tp0.06,2025-11-25,0.31
R2.TP.C1.tp0.06,2025-11-27,1.21
R2.TP.C1.tp0.06,2025-11-28,1.9200000000000002
R2.TP.C1.tp0.06,2025-11-29,2.169999999999999
R2.TP.C1.tp0.06,2025-11-30,-5.630000000000001
R2.TP.C1.tp0.06,2025-12-04,0.33
R2.TP.C1.tp0.06,2025-12-05,1.73
R2.TP.C1.tp0.06,2025-12-06,-2.78
R2.TP.C1.tp0.06,2025-12-07,9.51
R2.TP.C1.tp0.06,2025-12-11,0.27
R2.TP.C1.tp0.06,2025-12-13,3.47
R2.TP.C1.tp0.06,2025-12-14,-2.0099999999999993
R2.TP.C1.tp0.06,2025-12-15,2.56
R2.TP.C1.tp0.06,2025-12-16,0.39
R2.TP.C1.tp0.06,2025-12-17,0.56
R2.TP.C1.tp0.06,2025-12-18,0.6399999999999999
R2.TP.C1.tp0.06,2025-12-19,-8.51
R2.TP.C1.tp0.06,2025-12-20,-6.5
R2.TP.C1.tp0.06,2025-12-21,-30.5
R2.TP.C1.tp0.06,2025-12-22,0.64
R2.TP.C1.tp0.06,2025-12-23,-2.6900000000000004
R2.TP.C1.tp0.06,2025-12-24,0.32
R2.TP.C1.tp0.06,2025-12-25,0.35
R2.TP.C1.tp0.06,2025-12-26,-2.28
R2.TP.C1.tp0.06,2025-12-27,0.08000000000000035
R2.TP.C1.tp0.06,2025-12-28,-5.01
R2.TP.C1.tp0.06,2025-12-29,1.35
R2.TP.C1.tp0.06,2025-12-30,0.9299999999999999
R2.TP.C1.tp0.06,2025-12-31,-2.97
R2.TP.C1.tp0.06,2026-01-01,0.97
R2.TP.C1.tp0.06,2026-01-02,1.28
R2.TP.C1.tp0.06,2026-01-03,0.59
R2.TP.C1.tp0.06,2026-01-04,-19.78
R2.TP.C1.tp0.06,2026-01-08,0.32
R2.TP.C1.tp0.06,2026-01-09,-4.15
R2.TP.C1.tp0.06,2026-01-10,0.62
R2.TP.C1.tp0.06,2026-01-11,6.42
R2.TP.C1.tp0.06,2026-01-12,0.27
R2.TP.C1.tp0.06,2026-01-17,0.65
R2.TP.C1.tp0.06,2026-01-18,3.46
R3.PAIR.HEDGENOW,2025-09-08,1.27
R3.PAIR.HEDGENOW,2025-09-11,0.06
R3.PAIR.HEDGENOW,2025-09-12,-0.33999999999999997
R3.PAIR.HEDGENOW,2025-09-13,-86.34
R3.PAIR.HEDGENOW,2025-09-14,-4.05
R3.PAIR.HEDGENOW,2025-09-15,-1.11
R3.PAIR.HEDGENOW,2025-09-16,0.53
R3.PAIR.HEDGENOW,2025-09-18,-3.2800000000000002
R3.PAIR.HEDGENOW,2025-09-19,1.71
R3.PAIR.HEDGENOW,2025-09-20,-18.89
R3.PAIR.HEDGENOW,2025-09-21,2.5999999999999996
R3.PAIR.HEDGENOW,2025-09-22,-0.009999999999999953
R3.PAIR.HEDGENOW,2025-09-25,-0.01999999999999988
R3.PAIR.HEDGENOW,2025-09-26,4.67
R3.PAIR.HEDGENOW,2025-09-27,-84.96
R3.PAIR.HEDGENOW,2025-09-28,6.140000000000001
R3.PAIR.HEDGENOW,2025-09-29,0.6299999999999999
R3.PAIR.HEDGENOW,2025-10-02,-0.86
R3.PAIR.HEDGENOW,2025-10-03,-2.5
R3.PAIR.HEDGENOW,2025-10-04,-113.69
R3.PAIR.HEDGENOW,2025-10-05,2.18
R3.PAIR.HEDGENOW,2025-10-06,0.26999999999999996
R3.PAIR.HEDGENOW,2025-10-08,-11.77
R3.PAIR.HEDGENOW,2025-10-09,-18.87
R3.PAIR.HEDGENOW,2025-10-10,-0.32999999999999985
R3.PAIR.HEDGENOW,2025-10-11,-8.489999999999997
R3.PAIR.HEDGENOW,2025-10-12,-6.33
R3.PAIR.HEDGENOW,2025-10-13,1.37
R3.PAIR.HEDGENOW,2025-10-14,-3.4
R3.PAIR.HEDGENOW,2025-10-15,1.43
R3.PAIR.HEDGENOW,2025-10-16,-1.5299999999999998
R3.PAIR.HEDGENOW,2025-10-17,-2.83
R3.PAIR.HEDGENOW,2025-10-18,-113.42
R3.PAIR.HEDGENOW,2025-10-19,-0.9800000000000002
R3.PAIR.HEDGENOW,2025-10-20,1.55
R3.PAIR.HEDGENOW,2025-10-21,-0.9699999999999999
R3.PAIR.HEDGENOW,2025-10-22,-3.0500000000000003
R3.PAIR.HEDGENOW,2025-10-23,-4.24
R3.PAIR.HEDGENOW,2025-10-24,2.56
R3.PAIR.HEDGENOW,2025-10-25,-106.61
R3.PAIR.HEDGENOW,2025-10-26,-10.41
R3.PAIR.HEDGENOW,2025-10-27,0.9299999999999999
R3.PAIR.HEDGENOW,2025-10-28,0.7
R3.PAIR.HEDGENOW,2025-10-29,-0.0799999999999999
R3.PAIR.HEDGENOW,2025-10-30,-3.52
R3.PAIR.HEDGENOW,2025-10-31,-0.8800000000000001
R3.PAIR.HEDGENOW,2025-11-01,-25.59
R3.PAIR.HEDGENOW,2025-11-02,-1.6199999999999997
R3.PAIR.HEDGENOW,2025-11-03,0.6200000000000001
R3.PAIR.HEDGENOW,2025-11-04,57.61
R3.PAIR.HEDGENOW,2025-11-05,-0.2700000000000001
R3.PAIR.HEDGENOW,2025-11-06,-1.72
R3.PAIR.HEDGENOW,2025-11-07,-2.5700000000000003
R3.PAIR.HEDGENOW,2025-11-08,-26.790000000000003
R3.PAIR.HEDGENOW,2025-11-09,-7.0
R3.PAIR.HEDGENOW,2025-11-10,0.52
R3.PAIR.HEDGENOW,2025-11-11,-0.38
R3.PAIR.HEDGENOW,2025-11-12,14.33
R3.PAIR.HEDGENOW,2025-11-13,-0.4799999999999999
R3.PAIR.HEDGENOW,2025-11-14,0.96
R3.PAIR.HEDGENOW,2025-11-15,-61.9
R3.PAIR.HEDGENOW,2025-11-16,-6.09
R3.PAIR.HEDGENOW,2025-11-17,0.6799999999999999
R3.PAIR.HEDGENOW,2025-11-18,-1.5899999999999999
R3.PAIR.HEDGENOW,2025-11-19,-0.68
R3.PAIR.HEDGENOW,2025-11-20,0.7599999999999999
R3.PAIR.HEDGENOW,2025-11-21,1.6800000000000002
R3.PAIR.HEDGENOW,2025-11-22,-48.94
R3.PAIR.HEDGENOW,2025-11-23,-3.09
R3.PAIR.HEDGENOW,2025-11-24,-0.52
R3.PAIR.HEDGENOW,2025-11-25,0.9400000000000001
R3.PAIR.HEDGENOW,2025-11-27,-2.88
R3.PAIR.HEDGENOW,2025-11-28,-7.03
R3.PAIR.HEDGENOW,2025-11-29,-65.06
R3.PAIR.HEDGENOW,2025-11-30,-10.82
R3.PAIR.HEDGENOW,2025-12-01,-1.0499999999999998
R3.PAIR.HEDGENOW,2025-12-04,-0.6900000000000001
R3.PAIR.HEDGENOW,2025-12-05,-2.32
R3.PAIR.HEDGENOW,2025-12-06,11.91
R3.PAIR.HEDGENOW,2025-12-07,-9.08
R3.PAIR.HEDGENOW,2025-12-08,-0.96
R3.PAIR.HEDGENOW,2025-12-11,-0.20000000000000004
R3.PAIR.HEDGENOW,2025-12-13,-2.88
R3.PAIR.HEDGENOW,2025-12-14,-10.94
R3.PAIR.HEDGENOW,2025-12-15,-1.41
R3.PAIR.HEDGENOW,2025-12-16,1.55
R3.PAIR.HEDGENOW,2025-12-17,1.5
R3.PAIR.HEDGENOW,2025-12-18,-2.0
R3.PAIR.HEDGENOW,2025-12-19,-3.3
R3.PAIR.HEDGENOW,2025-12-20,-1.42
R3.PAIR.HEDGENOW,2025-12-21,-3.95
R3.PAIR.HEDGENOW,2025-12-22,-4.08
R3.PAIR.HEDGENOW,2025-12-23,-0.5600000000000002
R3.PAIR.HEDGENOW,2025-12-24,-0.61
R3.PAIR.HEDGENOW,2025-12-25,-3.87
R3.PAIR.HEDGENOW,2025-12-26,-2.33
R3.PAIR.HEDGENOW,2025-12-27,27.75
R3.PAIR.HEDGENOW,2025-12-28,-0.8899999999999998
R3.PAIR.HEDGENOW,2025-12-29,1.1600000000000001
R3.PAIR.HEDGENOW,2025-12-30,-0.51
R3.PAIR.HEDGENOW,2025-12-31,-0.8899999999999999
R3.PAIR.HEDGENOW,2026-01-01,-1.9
R3.PAIR.HEDGENOW,2026-01-02,-4.3
R3.PAIR.HEDGENOW,2026-01-03,0.5799999999999998
R3.PAIR.HEDGENOW,2026-01-04,2.29
R3.PAIR.HEDGENOW,2026-01-08,-0.17999999999999994
R3.PAIR.HEDGENOW,2026-01-09,-1.69
R3.PAIR.HEDGENOW,2026-01-10,-0.8099999999999999
R3.PAIR.HEDGENOW,2026-01-11,-2.75
R3.PAIR.HEDGENOW,2026-01-12,1.1600000000000001
R3.PAIR.HEDGENOW,2026-01-17,-2.71
R3.PAIR.HEDGENOW,2026-01-18,0.3599999999999998
R3.PAIR.HEDGEDL,2025-09-08,-1.45
R3.PAIR.HEDGEDL,2025-09-11,-6.56
R3.PAIR.HEDGEDL,2025-09-12,-8.79
R3.PAIR.HEDGEDL,2025-09-13,-172.91
R3.PAIR.HEDGEDL,2025-09-14,-46.41
R3.PAIR.HEDGEDL,2025-09-15,-7.380000000000001
R3.PAIR.HEDGEDL,2025-09-16,0.53
R3.PAIR.HEDGEDL,2025-09-18,-9.58
R3.PAIR.HEDGEDL,2025-09-19,-2.9
R3.PAIR.HEDGEDL,2025-09-20,-61.08
R3.PAIR.HEDGEDL,2025-09-21,-18.86
R3.PAIR.HEDGEDL,2025-09-22,-5.34
R3.PAIR.HEDGEDL,2025-09-25,-5.19
R3.PAIR.HEDGEDL,2025-09-26,0.2800000000000004
R3.PAIR.HEDGEDL,2025-09-27,-220.51
R3.PAIR.HEDGEDL,2025-09-28,-23.48
R3.PAIR.HEDGEDL,2025-09-29,-3.1199999999999997
R3.PAIR.HEDGEDL,2025-10-02,-1.52
R3.PAIR.HEDGEDL,2025-10-03,-11.31
R3.PAIR.HEDGEDL,2025-10-04,-173.17
R3.PAIR.HEDGEDL,2025-10-05,-12.39
R3.PAIR.HEDGEDL,2025-10-06,0.0699999999999999
R3.PAIR.HEDGEDL,2025-10-08,-11.2
R3.PAIR.HEDGEDL,2025-10-09,-31.2
R3.PAIR.HEDGEDL,2025-10-10,-8.96
R3.PAIR.HEDGEDL,2025-10-11,-79.13
R3.PAIR.HEDGEDL,2025-10-12,-41.35
R3.PAIR.HEDGEDL,2025-10-13,-4.540000000000001
R3.PAIR.HEDGEDL,2025-10-14,-1.4899999999999998
R3.PAIR.HEDGEDL,2025-10-15,-5.65
R3.PAIR.HEDGEDL,2025-10-16,-7.109999999999999
R3.PAIR.HEDGEDL,2025-10-17,-15.48
R3.PAIR.HEDGEDL,2025-10-18,-226.73
R3.PAIR.HEDGEDL,2025-10-19,-19.930000000000003
R3.PAIR.HEDGEDL,2025-10-20,0.040000000000000036
R3.PAIR.HEDGEDL,2025-10-21,-9.15
R3.PAIR.HEDGEDL,2025-10-22,-7.48
R3.PAIR.HEDGEDL,2025-10-23,-1.9100000000000004
R3.PAIR.HEDGEDL,2025-10-24,-0.8499999999999999
R3.PAIR.HEDGEDL,2025-10-25,-232.62
R3.PAIR.HEDGEDL,2025-10-26,-44.67
R3.PAIR.HEDGEDL,2025-10-27,0.55
R3.PAIR.HEDGEDL,2025-10-28,-7.62
R3.PAIR.HEDGEDL,2025-10-29,-2.79
R3.PAIR.HEDGEDL,2025-10-30,-9.93
R3.PAIR.HEDGEDL,2025-10-31,-6.26
R3.PAIR.HEDGEDL,2025-11-01,-124.6
R3.PAIR.HEDGEDL,2025-11-02,-25.43
R3.PAIR.HEDGEDL,2025-11-03,-0.5299999999999998
R3.PAIR.HEDGEDL,2025-11-04,57.03
R3.PAIR.HEDGEDL,2025-11-05,-4.2
R3.PAIR.HEDGEDL,2025-11-06,-10.07
R3.PAIR.HEDGEDL,2025-11-07,-13.36
R3.PAIR.HEDGEDL,2025-11-08,-125.43
R3.PAIR.HEDGEDL,2025-11-09,-48.97
R3.PAIR.HEDGEDL,2025-11-10,-2.05
R3.PAIR.HEDGEDL,2025-11-11,-10.93
R3.PAIR.HEDGEDL,2025-11-12,11.32
R3.PAIR.HEDGEDL,2025-11-13,-0.99
R3.PAIR.HEDGEDL,2025-11-14,0.65
R3.PAIR.HEDGEDL,2025-11-15,-157.86
R3.PAIR.HEDGEDL,2025-11-16,-38.91
R3.PAIR.HEDGEDL,2025-11-17,0.5
R3.PAIR.HEDGEDL,2025-11-18,-4.7299999999999995
R3.PAIR.HEDGEDL,2025-11-19,-7.3
R3.PAIR.HEDGEDL,2025-11-20,-2.22
R3.PAIR.HEDGEDL,2025-11-21,-2.14
R3.PAIR.HEDGEDL,2025-11-22,-189.53
R3.PAIR.HEDGEDL,2025-11-23,-35.39
R3.PAIR.HEDGEDL,2025-11-24,-1.52
R3.PAIR.HEDGEDL,2025-11-25,0.29000000000000004
R3.PAIR.HEDGEDL,2025-11-27,-21.67
R3.PAIR.HEDGEDL,2025-11-28,-34.23
R3.PAIR.HEDGEDL,2025-11-29,-151.84
R3.PAIR.HEDGEDL,2025-11-30,-58.7
R3.PAIR.HEDGEDL,2025-12-01,-2.09
R3.PAIR.HEDGEDL,2025-12-04,-2.42
R3.PAIR.HEDGEDL,2025-12-05,-12.94
R3.PAIR.HEDGEDL,2025-12-06,-0.6799999999999994
R3.PAIR.HEDGEDL,2025-12-07,-42.18
R3.PAIR.HEDGEDL,2025-12-08,-6.35
R3.PAIR.HEDGEDL,2025-12-11,-3.86
R3.PAIR.HEDGEDL,2025-12-13,-20.83
R3.PAIR.HEDGEDL,2025-12-14,-46.72
R3.PAIR.HEDGEDL,2025-12-15,-4.29
R3.PAIR.HEDGEDL,2025-12-16,1.65
R3.PAIR.HEDGEDL,2025-12-17,-2.82
R3.PAIR.HEDGEDL,2025-12-18,-14.830000000000002
R3.PAIR.HEDGEDL,2025-12-19,-14.5
R3.PAIR.HEDGEDL,2025-12-20,-11.33
R3.PAIR.HEDGEDL,2025-12-21,-39.93
R3.PAIR.HEDGEDL,2025-12-22,-8.76
R3.PAIR.HEDGEDL,2025-12-23,-9.18
R3.PAIR.HEDGEDL,2025-12-24,-4.92
R3.PAIR.HEDGEDL,2025-12-25,-14.790000000000001
R3.PAIR.HEDGEDL,2025-12-26,-13.81
R3.PAIR.HEDGEDL,2025-12-27,4.889999999999999
R3.PAIR.HEDGEDL,2025-12-28,-20.77
R3.PAIR.HEDGEDL,2025-12-29,-6.57
R3.PAIR.HEDGEDL,2025-12-30,-9.32
R3.PAIR.HEDGEDL,2025-12-31,-17.22
R3.PAIR.HEDGEDL,2026-01-01,-19.04
R3.PAIR.HEDGEDL,2026-01-02,-13.979999999999999
R3.PAIR.HEDGEDL,2026-01-03,-4.54
R3.PAIR.HEDGEDL,2026-01-04,-22.4
R3.PAIR.HEDGEDL,2026-01-08,-1.98
R3.PAIR.HEDGEDL,2026-01-09,-4.75
R3.PAIR.HEDGEDL,2026-01-10,-11.29
R3.PAIR.HEDGEDL,2026-01-11,-15.03
R3.PAIR.HEDGEDL,2026-01-12,0.8
R3.PAIR.HEDGEDL,2026-01-17,-11.4
R3.PAIR.HEDGEDL,2026-01-18,-3.8900000000000006
R3.PAIR.CUT,2025-09-08,-1.45
R3.PAIR.CUT,2025-09-11,-5.579999999999999
R3.PAIR.CUT,2025-09-12,-7.279999999999999
R3.PAIR.CUT,2025-09-13,-117.52
R3.PAIR.CUT,2025-09-14,-41.67
R3.PAIR.CUT,2025-09-15,-6.6
R3.PAIR.CUT,2025-09-16,0.53
R3.PAIR.CUT,2025-09-18,-8.14
R3.PAIR.CUT,2025-09-19,-1.9300000000000002
R3.PAIR.CUT,2025-09-20,-129.51
R3.PAIR.CUT,2025-09-21,-14.959999999999999
R3.PAIR.CUT,2025-09-22,-5.24
R3.PAIR.CUT,2025-09-25,-4.0
R3.PAIR.CUT,2025-09-26,0.3800000000000004
R3.PAIR.CUT,2025-09-27,-156.03
R3.PAIR.CUT,2025-09-28,-21.07
R3.PAIR.CUT,2025-09-29,-3.05
R3.PAIR.CUT,2025-10-02,-6.1
R3.PAIR.CUT,2025-10-03,-10.15
R3.PAIR.CUT,2025-10-04,-172.28
R3.PAIR.CUT,2025-10-05,-19.97
R3.PAIR.CUT,2025-10-06,0.27999999999999986
R3.PAIR.CUT,2025-10-08,-15.88
R3.PAIR.CUT,2025-10-09,-25.7
R3.PAIR.CUT,2025-10-10,-7.470000000000001
R3.PAIR.CUT,2025-10-11,-116.78999999999999
R3.PAIR.CUT,2025-10-12,-36.519999999999996
R3.PAIR.CUT,2025-10-13,-4.05
R3.PAIR.CUT,2025-10-14,-8.31
R3.PAIR.CUT,2025-10-15,-3.07
R3.PAIR.CUT,2025-10-16,-4.88
R3.PAIR.CUT,2025-10-17,-11.04
R3.PAIR.CUT,2025-10-18,-192.22
R3.PAIR.CUT,2025-10-19,-26.29
R3.PAIR.CUT,2025-10-20,0.5100000000000001
R3.PAIR.CUT,2025-10-21,-7.85
R3.PAIR.CUT,2025-10-22,-6.38
R3.PAIR.CUT,2025-10-23,-3.2199999999999998
R3.PAIR.CUT,2025-10-24,-0.29000000000000015
R3.PAIR.CUT,2025-10-25,-173.65
R3.PAIR.CUT,2025-10-26,-40.0
R3.PAIR.CUT,2025-10-27,0.55
R3.PAIR.CUT,2025-10-28,-6.51
R3.PAIR.CUT,2025-10-29,-1.7100000000000002
R3.PAIR.CUT,2025-10-30,-8.99
R3.PAIR.CUT,2025-10-31,-5.6
R3.PAIR.CUT,2025-11-01,-115.43
R3.PAIR.CUT,2025-11-02,-21.91
R3.PAIR.CUT,2025-11-03,-0.15000000000000002
R3.PAIR.CUT,2025-11-04,0.9700000000000006
R3.PAIR.CUT,2025-11-05,-3.6
R3.PAIR.CUT,2025-11-06,-7.99
R3.PAIR.CUT,2025-11-07,-11.76
R3.PAIR.CUT,2025-11-08,-124.05
R3.PAIR.CUT,2025-11-09,-44.85
R3.PAIR.CUT,2025-11-10,-2.1499999999999995
R3.PAIR.CUT,2025-11-11,-10.25
R3.PAIR.CUT,2025-11-12,-1.3399999999999999
R3.PAIR.CUT,2025-11-13,-0.6999999999999998
R3.PAIR.CUT,2025-11-14,1.06
R3.PAIR.CUT,2025-11-15,-135.84
R3.PAIR.CUT,2025-11-16,-33.21
R3.PAIR.CUT,2025-11-17,0.5900000000000001
R3.PAIR.CUT,2025-11-18,-3.3499999999999996
R3.PAIR.CUT,2025-11-19,-6.180000000000001
R3.PAIR.CUT,2025-11-20,-1.91
R3.PAIR.CUT,2025-11-21,-1.7600000000000002
R3.PAIR.CUT,2025-11-22,-163.85999999999999
R3.PAIR.CUT,2025-11-23,-31.27
R3.PAIR.CUT,2025-11-24,-0.84
R3.PAIR.CUT,2025-11-25,0.8700000000000001
R3.PAIR.CUT,2025-11-27,-19.77
R3.PAIR.CUT,2025-11-28,-37.78
R3.PAIR.CUT,2025-11-29,-141.35999999999999
R3.PAIR.CUT,2025-11-30,-55.2
R3.PAIR.CUT,2025-12-01,-1.71
R3.PAIR.CUT,2025-12-04,-1.92
R3.PAIR.CUT,2025-12-05,-11.51
R3.PAIR.CUT,2025-12-06,-12.75
R3.PAIR.CUT,2025-12-07,-38.53
R3.PAIR.CUT,2025-12-08,-6.25
R3.PAIR.CUT,2025-12-11,-3.6500000000000004
R3.PAIR.CUT,2025-12-13,-28.6
R3.PAIR.CUT,2025-12-14,-41.76
R3.PAIR.CUT,2025-12-15,-3.91
R3.PAIR.CUT,2025-12-16,1.75
R3.PAIR.CUT,2025-12-17,-2.24
R3.PAIR.CUT,2025-12-18,-13.870000000000001
R3.PAIR.CUT,2025-12-19,-13.31
R3.PAIR.CUT,2025-12-20,-9.54
R3.PAIR.CUT,2025-12-21,-37.08
R3.PAIR.CUT,2025-12-22,-7.61
R3.PAIR.CUT,2025-12-23,-8.35
R3.PAIR.CUT,2025-12-24,-4.609999999999999
R3.PAIR.CUT,2025-12-25,-12.71
R3.PAIR.CUT,2025-12-26,-13.040000000000001
R3.PAIR.CUT,2025-12-27,-18.72
R3.PAIR.CUT,2025-12-28,-17.86
R3.PAIR.CUT,2025-12-29,-5.87
R3.PAIR.CUT,2025-12-30,-8.23
R3.PAIR.CUT,2025-12-31,-15.83
R3.PAIR.CUT,2026-01-01,-18.05
R3.PAIR.CUT,2026-01-02,-12.31
R3.PAIR.CUT,2026-01-03,-4.27
R3.PAIR.CUT,2026-01-04,-18.86
R3.PAIR.CUT,2026-01-08,-1.48
R3.PAIR.CUT,2026-01-09,-4.36
R3.PAIR.CUT,2026-01-10,-9.86
R3.PAIR.CUT,2026-01-11,-13.96
R3.PAIR.CUT,2026-01-12,0.99
R3.PAIR.CUT,2026-01-17,-10.459999999999999
R3.PAIR.CUT,2026-01-18,-3.29
R3.FEE.R2.VOL.low.maker,2025-09-08,5.556
R3.FEE.R2.VOL.low.maker,2025-09-11,-6.2620000000000005
R3.FEE.R2.VOL.low.maker,2025-09-12,6.82
R3.FEE.R2.VOL.low.maker,2025-09-13,24.976
R3.FEE.R2.VOL.low.maker,2025-09-14,-8.59
R3.FEE.R2.VOL.low.maker,2025-09-18,3.261
R3.FEE.R2.VOL.low.maker,2025-09-19,7.6370000000000005
R3.FEE.R2.VOL.low.maker,2025-09-20,34.369
R3.FEE.R2.VOL.low.maker,2025-09-21,1.3040000000000007
R3.FEE.R2.VOL.low.maker,2025-09-25,-1.725
R3.FEE.R2.VOL.low.maker,2025-09-26,6.761
R3.FEE.R2.VOL.low.maker,2025-09-27,-30.453000000000003
R3.FEE.R2.VOL.low.maker,2025-09-28,-13.773
R3.FEE.R2.VOL.low.maker,2025-09-29,2.365
R3.FEE.R2.VOL.low.maker,2025-10-03,-2.0070000000000006
R3.FEE.R2.VOL.low.maker,2025-10-04,0.552
R3.FEE.R2.VOL.low.maker,2025-10-05,45.86
R3.FEE.R2.VOL.low.maker,2025-10-08,2.828
R3.FEE.R2.VOL.low.maker,2025-10-09,-0.05600000000000005
R3.FEE.R2.VOL.low.maker,2025-10-10,11.793000000000001
R3.FEE.R2.VOL.low.maker,2025-10-11,32.169999999999995
R3.FEE.R2.VOL.low.maker,2025-10-12,8.364
R3.FEE.R2.VOL.low.maker,2025-10-13,-6.142
R3.FEE.R2.VOL.low.maker,2025-10-14,10.59
R3.FEE.R2.VOL.low.maker,2025-10-15,-1.8849999999999998
R3.FEE.R2.VOL.low.maker,2025-10-17,8.073
R3.FEE.R2.VOL.low.maker,2025-10-18,-22.517
R3.FEE.R2.VOL.low.maker,2025-10-19,15.184999999999999
R3.FEE.R2.VOL.low.maker,2025-10-20,-1.044
R3.FEE.R2.VOL.low.maker,2025-10-21,4.228
R3.FEE.R2.VOL.low.maker,2025-10-22,-6.676
R3.FEE.R2.VOL.low.maker,2025-10-23,-1.624
R3.FEE.R2.VOL.low.maker,2025-10-24,-4.466
R3.FEE.R2.VOL.low.maker,2025-10-25,-12.947000000000003
R3.FEE.R2.VOL.low.maker,2025-10-26,5.936
R3.FEE.R2.VOL.low.maker,2025-10-28,2.46
R3.FEE.R2.VOL.low.maker,2025-10-29,-0.2789999999999999
R3.FEE.R2.VOL.low.maker,2025-10-30,-5.660000000000001
R3.FEE.R2.VOL.low.maker,2025-10-31,3.758
R3.FEE.R2.VOL.low.maker,2025-11-01,1.1980000000000004
R3.FEE.R2.VOL.low.maker,2025-11-02,-11.794
R3.FEE.R2.VOL.low.maker,2025-11-03,2.07
R3.FEE.R2.VOL.low.maker,2025-11-04,3.36
R3.FEE.R2.VOL.low.maker,2025-11-05,2.467
R3.FEE.R2.VOL.low.maker,2025-11-06,6.7139999999999995
R3.FEE.R2.VOL.low.maker,2025-11-07,-2.4829999999999997
R3.FEE.R2.VOL.low.maker,2025-11-08,30.928
R3.FEE.R2.VOL.low.maker,2025-11-09,9.187
R3.FEE.R2.VOL.low.maker,2025-11-10,-5.144
R3.FEE.R2.VOL.low.maker,2025-11-11,1.12
R3.FEE.R2.VOL.low.maker,2025-11-12,-3.9679999999999995
R3.FEE.R2.VOL.low.maker,2025-11-13,1.082
R3.FEE.R2.VOL.low.maker,2025-11-14,-6.341
R3.FEE.R2.VOL.low.maker,2025-11-15,3.395999999999999
R3.FEE.R2.VOL.low.maker,2025-11-16,-1.7419999999999995
R3.FEE.R2.VOL.low.maker,2025-11-18,-0.7999999999999998
R3.FEE.R2.VOL.low.maker,2025-11-19,-6.446
R3.FEE.R2.VOL.low.maker,2025-11-20,-14.27
R3.FEE.R2.VOL.low.maker,2025-11-21,4.556
R3.FEE.R2.VOL.low.maker,2025-11-22,-5.855999999999998
R3.FEE.R2.VOL.low.maker,2025-11-23,-3.3350000000000017
R3.FEE.R2.VOL.low.maker,2025-11-24,-1.826
R3.FEE.R2.VOL.low.maker,2025-11-25,3.46
R3.FEE.R2.VOL.low.maker,2025-11-27,-5.444
R3.FEE.R2.VOL.low.maker,2025-11-28,6.160000000000001
R3.FEE.R2.VOL.low.maker,2025-11-29,31.696
R3.FEE.R2.VOL.low.maker,2025-11-30,3.9209999999999994
R3.FEE.R2.VOL.low.maker,2025-12-05,-5.922000000000001
R3.FEE.R2.VOL.low.maker,2025-12-06,3.806
R3.FEE.R2.VOL.low.maker,2025-12-07,14.993
R3.FEE.R2.VOL.low.maker,2025-12-11,5.857
R3.FEE.R2.VOL.low.maker,2025-12-13,0.6280000000000001
R3.FEE.R2.VOL.low.maker,2025-12-14,-8.155000000000001
R3.FEE.R2.VOL.low.maker,2025-12-15,3.161
R3.FEE.R2.VOL.low.maker,2025-12-16,-4.944
R3.FEE.R2.VOL.low.maker,2025-12-17,8.715
R3.FEE.R2.VOL.low.maker,2025-12-18,2.269
R3.FEE.R2.VOL.low.maker,2025-12-19,2.269
R3.FEE.R2.VOL.low.maker,2025-12-20,2.115
R3.FEE.R2.VOL.low.maker,2025-12-21,-6.529
R3.FEE.R2.VOL.low.maker,2025-12-22,-2.735
R3.FEE.R2.VOL.low.maker,2025-12-23,7.773000000000001
R3.FEE.R2.VOL.low.maker,2025-12-25,-1.624
R3.FEE.R2.VOL.low.maker,2025-12-26,-1.2599999999999998
R3.FEE.R2.VOL.low.maker,2025-12-27,12.1
R3.FEE.R2.VOL.low.maker,2025-12-28,-0.8829999999999991
R3.FEE.R2.VOL.low.maker,2025-12-29,1.082
R3.FEE.R2.VOL.low.maker,2025-12-30,6.974
R3.FEE.R2.VOL.low.maker,2025-12-31,-3.6609999999999996
R3.FEE.R2.VOL.low.maker,2026-01-02,-1.2960000000000003
R3.FEE.R2.VOL.low.maker,2026-01-03,-5.167
R3.FEE.R2.VOL.low.maker,2026-01-04,-6.937
R3.FEE.R2.VOL.low.maker,2026-01-08,2.665
R3.FEE.R2.VOL.low.maker,2026-01-11,3.659
R3.FEE.R2.VOL.low.maker,2026-01-17,4.456
R3.FEE.R2.VOL.low.maker,2026-01-18,1.082
R3.FEE.R1.A.A.A1.W300,2025-09-12,-8.131
R3.FEE.R1.A.A.A1.W300,2025-09-13,5.3100000000000005
R3.FEE.R1.A.A.A1.W300,2025-09-14,1.082
R3.FEE.R1.A.A.A1.W300,2025-09-18,1.378
R3.FEE.R1.A.A.A1.W300,2025-09-20,-10.053999999999998
R3.FEE.R1.A.A.A1.W300,2025-09-26,1.774
R3.FEE.R1.A.A.A1.W300,2025-09-27,4.1370000000000005
R3.FEE.R1.A.A.A1.W300,2025-09-28,2.659
R3.FEE.R1.A.A.A1.W300,2025-09-29,1.972
R3.FEE.R1.A.A.A1.W300,2025-10-02,-8.028
R3.FEE.R1.A.A.A1.W300,2025-10-03,0.885
R3.FEE.R1.A.A.A1.W300,2025-10-04,-2.5189999999999992
R3.FEE.R1.A.A.A1.W300,2025-10-05,-6.2540000000000004
R3.FEE.R1.A.A.A1.W300,2025-10-11,8.957
R3.FEE.R1.A.A.A1.W300,2025-10-12,1.28
R3.FEE.R1.A.A.A1.W300,2025-10-18,-4.093999999999999
R3.FEE.R1.A.A.A1.W300,2025-10-19,1.378
R3.FEE.R1.A.A.A1.W300,2025-10-25,6.695
R3.FEE.R1.A.A.A1.W300,2025-10-26,0.885
R3.FEE.R1.A.A.A1.W300,2025-10-27,1.576
R3.FEE.R1.A.A.A1.W300,2025-10-28,1.873
R3.FEE.R1.A.A.A1.W300,2025-10-31,2.559
R3.FEE.R1.A.A.A1.W300,2025-11-01,-4.6819999999999995
R3.FEE.R1.A.A.A1.W300,2025-11-02,-15.863000000000001
R3.FEE.R1.A.A.A1.W300,2025-11-05,1.378
R3.FEE.R1.A.A.A1.W300,2025-11-06,3.449
R3.FEE.R1.A.A.A1.W300,2025-11-07,1.477
R3.FEE.R1.A.A.A1.W300,2025-11-08,5.616
R3.FEE.R1.A.A.A1.W300,2025-11-13,1.378
R3.FEE.R1.A.A.A1.W300,2025-11-14,0.393
R3.FEE.R1.A.A.A1.W300,2025-11-15,7.0920000000000005
R3.FEE.R1.A.A.A1.W300,2025-11-16,1.972
R3.FEE.R1.A.A.A1.W300,2025-11-22,5.026
R3.FEE.R1.A.A.A1.W300,2025-11-23,2.165
R3.FEE.R1.A.A.A1.W300,2025-11-25,1.477
R3.FEE.R1.A.A.A1.W300,2025-11-28,1.28
R3.FEE.R1.A.A.A1.W300,2025-11-29,2.364
R3.FEE.R1.A.A.A1.W300,2025-11-30,-4.975000000000001
R3.FEE.R1.A.A.A1.W300,2025-12-06,1.774
R3.FEE.R1.A.A.A1.W300,2025-12-07,1.873
R3.FEE.R1.A.A.A1.W300,2025-12-14,5.02
R3.FEE.R1.A.A.A1.W300,2025-12-20,1.968
R3.FEE.R1.A.A.A1.W300,2025-12-21,2.659
R3.FEE.R1.A.A.A1.W300,2025-12-23,1.873
R3.FEE.R1.A.A.A1.W300,2025-12-25,1.378
R3.FEE.R1.A.A.A1.W300,2025-12-26,1.972
R3.FEE.R1.A.A.A1.W300,2025-12-27,-8.226
R3.FEE.R1.A.A.A1.W300,2025-12-28,1.181
R3.FEE.R1.A.A.A1.W300,2025-12-31,1.576
R3.FEE.R1.A.A.A1.W300,2026-01-02,1.181
R3.FEE.R1.A.A.A1.W300,2026-01-04,5.707
R3.FEE.R1.C1.d0.05.s15.maker.settle,2025-09-08,-7.632
R3.FEE.R1.C1.d0.05.s15.maker.settle,2025-09-11,-2.483
R3.FEE.R1.C1.d0.05.s15.maker.settle,2025-09-12,12.576999999999998
R3.FEE.R1.C1.d0.05.s15.maker.settle,2025-09-13,25.145
R3.FEE.R1.C1.d0.05.s15.maker.settle,2025-09-14,2.301
R3.FEE.R1.C1.d0.05.s15.maker.settle,2025-09-15,1.1129999999999995
R3.FEE.R1.C1.d0.05.s15.maker.settle,2025-09-18,4.639
R3.FEE.R1.C1.d0.05.s15.maker.settle,2025-09-19,-1.5839999999999996
R3.FEE.R1.C1.d0.05.s15.maker.settle,2025-09-20,30.984
R3.FEE.R1.C1.d0.05.s15.maker.settle,2025-09-21,8.398
R3.FEE.R1.C1.d0.05.s15.maker.settle,2025-09-22,-7.037
R3.FEE.R1.C1.d0.05.s15.maker.settle,2025-09-25,-7.269
R3.FEE.R1.C1.d0.05.s15.maker.settle,2025-09-26,5.356
R3.FEE.R1.C1.d0.05.s15.maker.settle,2025-09-27,-33.993
R3.FEE.R1.C1.d0.05.s15.maker.settle,2025-09-28,-28.479
R3.FEE.R1.C1.d0.05.s15.maker.settle,2025-09-29,6.129
R3.FEE.R1.C1.d0.05.s15.maker.settle,2025-10-02,4.756
R3.FEE.R1.C1.d0.05.s15.maker.settle,2025-10-03,-0.21800000000000086
R3.FEE.R1.C1.d0.05.s15.maker.settle,2025-10-04,8.925
R3.FEE.R1.C1.d0.05.s15.maker.settle,2025-10-05,48.166
R3.FEE.R1.C1.d0.05.s15.maker.settle,2025-10-06,6.56
R3.FEE.R1.C1.d0.05.s15.maker.settle,2025-10-08,2.828
R3.FEE.R1.C1.d0.05.s15.maker.settle,2025-10-09,-11.040000000000001
R3.FEE.R1.C1.d0.05.s15.maker.settle,2025-10-10,13.975000000000001
R3.FEE.R1.C1.d0.05.s15.maker.settle,2025-10-11,34.949
R3.FEE.R1.C1.d0.05.s15.maker.settle,2025-10-12,-6.466
R3.FEE.R1.C1.d0.05.s15.maker.settle,2025-10-13,10.915
R3.FEE.R1.C1.d0.05.s15.maker.settle,2025-10-14,10.59
R3.FEE.R1.C1.d0.05.s15.maker.settle,2025-10-15,-1.8849999999999998
R3.FEE.R1.C1.d0.05.s15.maker.settle,2025-10-16,-7.731
R3.FEE.R1.C1.d0.05.s15.maker.settle,2025-10-17,6.470000000000001
R3.FEE.R1.C1.d0.05.s15.maker.settle,2025-10-18,-22.33
R3.FEE.R1.C1.d0.05.s15.maker.settle,2025-10-19,1.198
R3.FEE.R1.C1.d0.05.s15.maker.settle,2025-10-20,0.8509999999999998
R3.FEE.R1.C1.d0.05.s15.maker.settle,2025-10-21,4.228
R3.FEE.R1.C1.d0.05.s15.maker.settle,2025-10-22,-6.676
R3.FEE.R1.C1.d0.05.s15.maker.settle,2025-10-23,-4.157
R3.FEE.R1.C1.d0.05.s15.maker.settle,2025-10-24,-4.466
R3.FEE.R1.C1.d0.05.s15.maker.settle,2025-10-25,-31.745
R3.FEE.R1.C1.d0.05.s15.maker.settle,2025-10-26,12.855
R3.FEE.R1.C1.d0.05.s15.maker.settle,2025-10-27,2.07
R3.FEE.R1.C1.d0.05.s15.maker.settle,2025-10-28,2.46
R3.FEE.R1.C1.d0.05.s15.maker.settle,2025-10-29,-0.2789999999999999
R3.FEE.R1.C1.d0.05.s15.maker.settle,2025-10-30,-17.099
R3.FEE.R1.C1.d0.05.s15.maker.settle,2025-10-31,3.758
R3.FEE.R1.C1.d0.05.s15.maker.settle,2025-11-01,6.786000000000001
R3.FEE.R1.C1.d0.05.s15.maker.settle,2025-11-02,-25.75
R3.FEE.R1.C1.d0.05.s15.maker.settle,2025-11-03,-5.144
R3.FEE.R1.C1.d0.05.s15.maker.settle,2025-11-04,3.858
R3.FEE.R1.C1.d0.05.s15.maker.settle,2025-11-05,3.46
R3.FEE.R1.C1.d0.05.s15.maker.settle,2025-11-06,7.211
R3.FEE.R1.C1.d0.05.s15.maker.settle,2025-11-07,-2.4829999999999997
R3.FEE.R1.C1.d0.05.s15.maker.settle,2025-11-08,29.954
R3.FEE.R1.C1.d0.05.s15.maker.settle,2025-11-09,12.687999999999997
R3.FEE.R1.C1.d0.05.s15.maker.settle,2025-11-10,-5.144
R3.FEE.R1.C1.d0.05.s15.maker.settle,2025-11-11,1.12
R3.FEE.R1.C1.d0.05.s15.maker.settle,2025-11-12,-3.9679999999999995
R3.FEE.R1.C1.d0.05.s15.maker.settle,2025-11-13,1.082
R3.FEE.R1.C1.d0.05.s15.maker.settle,2025-11-14,-5.244
R3.FEE.R1.C1.d0.05.s15.maker.settle,2025-11-15,20.259999999999998
R3.FEE.R1.C1.d0.05.s15.maker.settle,2025-11-16,-6.183
R3.FEE.R1.C1.d0.05.s15.maker.settle,2025-11-17,1.181
R3.FEE.R1.C1.d0.05.s15.maker.settle,2025-11-18,-0.7999999999999998
R3.FEE.R1.C1.d0.05.s15.maker.settle,2025-11-19,-6.446
R3.FEE.R1.C1.d0.05.s15.maker.settle,2025-11-20,-13.577
R3.FEE.R1.C1.d0.05.s15.maker.settle,2025-11-21,4.556
R3.FEE.R1.C1.d0.05.s15.maker.settle,2025-11-22,-8.073999999999996
R3.FEE.R1.C1.d0.05.s15.maker.settle,2025-11-23,3.5349999999999984
R3.FEE.R1.C1.d0.05.s15.maker.settle,2025-11-24,1.477
R3.FEE.R1.C1.d0.05.s15.maker.settle,2025-11-25,3.46
R3.FEE.R1.C1.d0.05.s15.maker.settle,2025-11-27,-2.657
R3.FEE.R1.C1.d0.05.s15.maker.settle,2025-11-28,1.8790000000000013
R3.FEE.R1.C1.d0.05.s15.maker.settle,2025-11-29,18.967000000000002
R3.FEE.R1.C1.d0.05.s15.maker.settle,2025-11-30,-9.869
R3.FEE.R1.C1.d0.05.s15.maker.settle,2025-12-04,2.863
R3.FEE.R1.C1.d0.05.s15.maker.settle,2025-12-05,-5.922000000000001
R3.FEE.R1.C1.d0.05.s15.maker.settle,2025-12-06,-1.6739999999999997
R3.FEE.R1.C1.d0.05.s15.maker.settle,2025-12-07,17.248
R3.FEE.R1.C1.d0.05.s15.maker.settle,2025-12-11,5.857
R3.FEE.R1.C1.d0.05.s15.maker.settle,2025-12-13,0.6280000000000001
R3.FEE.R1.C1.d0.05.s15.maker.settle,2025-12-14,-9.268
R3.FEE.R1.C1.d0.05.s15.maker.settle,2025-12-15,2.566
R3.FEE.R1.C1.d0.05.s15.maker.settle,2025-12-16,-3.138
R3.FEE.R1.C1.d0.05.s15.maker.settle,2025-12-17,8.715
R3.FEE.R1.C1.d0.05.s15.maker.settle,2025-12-18,5.928
R3.FEE.R1.C1.d0.05.s15.maker.settle,2025-12-19,-5.558000000000001
R3.FEE.R1.C1.d0.05.s15.maker.settle,2025-12-20,-10.222
R3.FEE.R1.C1.d0.05.s15.maker.settle,2025-12-21,-25.806
R3.FEE.R1.C1.d0.05.s15.maker.settle,2025-12-22,6.1240000000000006
R3.FEE.R1.C1.d0.05.s15.maker.settle,2025-12-23,8.276
R3.FEE.R1.C1.d0.05.s15.maker.settle,2025-12-24,-6.938
R3.FEE.R1.C1.d0.05.s15.maker.settle,2025-12-25,-1.624
R3.FEE.R1.C1.d0.05.s15.maker.settle,2025-12-26,-4.122999999999999
R3.FEE.R1.C1.d0.05.s15.maker.settle,2025-12-27,-0.3360000000000011
R3.FEE.R1.C1.d0.05.s15.maker.settle,2025-12-28,4.932000000000002
R3.FEE.R1.C1.d0.05.s15.maker.settle,2025-12-29,6.939
R3.FEE.R1.C1.d0.05.s15.maker.settle,2025-12-30,8.475999999999999
R3.FEE.R1.C1.d0.05.s15.maker.settle,2025-12-31,1.2920000000000007
R3.FEE.R1.C1.d0.05.s15.maker.settle,2026-01-01,13.876
R3.FEE.R1.C1.d0.05.s15.maker.settle,2026-01-02,-10.842
R3.FEE.R1.C1.d0.05.s15.maker.settle,2026-01-03,0.9239999999999999
R3.FEE.R1.C1.d0.05.s15.maker.settle,2026-01-04,-24.902
R3.FEE.R1.C1.d0.05.s15.maker.settle,2026-01-08,2.963
R3.FEE.R1.C1.d0.05.s15.maker.settle,2026-01-09,-4.143
R3.FEE.R1.C1.d0.05.s15.maker.settle,2026-01-10,-2.7760000000000002
R3.FEE.R1.C1.d0.05.s15.maker.settle,2026-01-11,13.772
R3.FEE.R1.C1.d0.05.s15.maker.settle,2026-01-12,-5.044
R3.FEE.R1.C1.d0.05.s15.maker.settle,2026-01-17,-3.0719999999999996
R3.FEE.R1.C1.d0.05.s15.maker.settle,2026-01-18,0.12400000000000011
R3.FAV,2025-09-12,-8.53
R3.FAV,2025-09-13,2.3600000000000003
R3.FAV,2025-09-14,1.08
R3.FAV,2025-09-18,1.37
R3.FAV,2025-09-20,-12.129999999999999
R3.FAV,2025-09-26,1.77
R3.FAV,2025-09-27,3.44
R3.FAV,2025-09-28,1.67
R3.FAV,2025-09-29,1.97
R3.FAV,2025-10-02,-8.03
R3.FAV,2025-10-04,7.57
R3.FAV,2025-10-05,-6.26
R3.FAV,2025-10-11,7.16
R3.FAV,2025-10-12,1.28
R3.FAV,2025-10-18,-5.87
R3.FAV,2025-10-19,1.37
R3.FAV,2025-10-25,5.7
R3.FAV,2025-10-27,1.57
R3.FAV,2025-10-28,1.87
R3.FAV,2025-10-31,2.55
R3.FAV,2025-11-01,-5.38
R3.FAV,2025-11-02,-16.85
R3.FAV,2025-11-05,1.37
R3.FAV,2025-11-06,3.44
R3.FAV,2025-11-07,1.47
R3.FAV,2025-11-08,5.3100000000000005
R3.FAV,2025-11-13,1.37
R3.FAV,2025-11-15,5.12
R3.FAV,2025-11-16,1.97
R3.FAV,2025-11-22,5.02
R3.FAV,2025-11-23,1.18
R3.FAV,2025-11-25,1.47
R3.FAV,2025-11-28,1.28
R3.FAV,2025-11-29,1.87
R3.FAV,2025-11-30,-4.99
R3.FAV,2025-12-06,1.77
R3.FAV,2025-12-07,1.87
R3.FAV,2025-12-14,5.01
R3.FAV,2025-12-20,1.18
R3.FAV,2025-12-21,1.67
R3.FAV,2025-12-23,1.87
R3.FAV,2025-12-25,1.37
R3.FAV,2025-12-26,1.97
R3.FAV,2025-12-27,-8.23
R3.FAV,2025-12-28,1.18
R3.FAV,2025-12-31,1.57
R3.FAV,2026-01-02,1.18
R3.FAV,2026-01-04,4.9
R3.VOLX.I12.low,2025-09-12,-1.1899999999999995
R3.VOLX.I12.low,2025-09-13,3.2799999999999985
R3.VOLX.I12.low,2025-09-14,-8.45
R3.VOLX.I12.low,2025-09-18,-4.55
R3.VOLX.I12.low,2025-09-20,-5.759999999999999
R3.VOLX.I12.low,2025-09-21,-1.12
R3.VOLX.I12.low,2025-09-25,-1.73
R3.VOLX.I12.low,2025-09-27,18.73
R3.VOLX.I12.low,2025-09-28,-2.04
R3.VOLX.I12.low,2025-10-04,-7.3100000000000005
R3.VOLX.I12.low,2025-10-09,-8.6
R3.VOLX.I12.low,2025-10-10,-4.15
R3.VOLX.I12.low,2025-10-11,-18.75
R3.VOLX.I12.low,2025-10-12,5.17
R3.VOLX.I12.low,2025-10-14,3.51
R3.VOLX.I12.low,2025-10-15,-10.6
R3.VOLX.I12.low,2025-10-17,-3.95
R3.VOLX.I12.low,2025-10-18,21.799999999999997
R3.VOLX.I12.low,2025-10-19,2.96
R3.VOLX.I12.low,2025-10-21,-5.48
R3.VOLX.I12.low,2025-10-22,6.71
R3.VOLX.I12.low,2025-10-23,-2.74
R3.VOLX.I12.low,2025-10-24,-0.92
R3.VOLX.I12.low,2025-10-25,-24.43
R3.VOLX.I12.low,2025-10-26,-6.17
R3.VOLX.I12.low,2025-10-28,1.57
R3.VOLX.I12.low,2025-10-29,-3.75
R3.VOLX.I12.low,2025-10-30,9.08
R3.VOLX.I12.low,2025-11-01,-19.3
R3.VOLX.I12.low,2025-11-02,1.37
R3.VOLX.I12.low,2025-11-04,0.78
R3.VOLX.I12.low,2025-11-06,0.59
R3.VOLX.I12.low,2025-11-07,-6.63
R3.VOLX.I12.low,2025-11-08,49.160000000000004
R3.VOLX.I12.low,2025-11-09,3.16
R3.VOLX.I12.low,2025-11-13,-0.61
R3.VOLX.I12.low,2025-11-15,21.7
R3.VOLX.I12.low,2025-11-16,-6.35
R3.VOLX.I12.low,2025-11-19,-0.31
R3.VOLX.I12.low,2025-11-21,5.15
R3.VOLX.I12.low,2025-11-22,7.4099999999999975
R3.VOLX.I12.low,2025-11-23,4.6
R3.VOLX.I12.low,2025-11-28,4.510000000000001
R3.VOLX.I12.low,2025-11-29,-22.09
R3.VOLX.I12.low,2025-11-30,-3.65
R3.VOLX.I12.low,2025-12-07,14.73
R3.VOLX.I12.low,2025-12-14,-19.63
R3.VOLX.I12.low,2025-12-18,-2.54
R3.VOLX.I12.low,2025-12-21,2.6100000000000003
R3.VOLX.I12.low,2025-12-27,2.76
R3.VOLX.I12.low,2025-12-28,-2.6899999999999995
R3.VOLX.I12.low,2025-12-29,-1.83
R3.VOLX.I12.low,2026-01-02,1.18
R3.VOLX.I12.low,2026-01-04,-1.5499999999999994
R3.VOLX.I12.high,2025-09-08,-7.44
R3.VOLX.I12.high,2025-09-11,7.91
R3.VOLX.I12.high,2025-09-12,-3.44
R3.VOLX.I12.high,2025-09-13,11.809999999999999
R3.VOLX.I12.high,2025-09-14,1.680000000000001
R3.VOLX.I12.high,2025-09-15,-1.19
R3.VOLX.I12.high,2025-09-18,1.87
R3.VOLX.I12.high,2025-09-19,11.91
R3.VOLX.I12.high,2025-09-20,-14.68
R3.VOLX.I12.high,2025-09-21,26.12
R3.VOLX.I12.high,2025-09-22,7.06
R3.VOLX.I12.high,2025-09-25,-5.05
R3.VOLX.I12.high,2025-09-26,-6.74
R3.VOLX.I12.high,2025-09-27,1.6399999999999997
R3.VOLX.I12.high,2025-09-28,8.549999999999999
R3.VOLX.I12.high,2025-09-29,8.8
R3.VOLX.I12.high,2025-10-02,-5.45
R3.VOLX.I12.high,2025-10-03,-0.79
R3.VOLX.I12.high,2025-10-04,-0.490000000000002
R3.VOLX.I12.high,2025-10-05,-0.370000000000001
R3.VOLX.I12.high,2025-10-06,-7.54
R3.VOLX.I12.high,2025-10-09,-5.05
R3.VOLX.I12.high,2025-10-10,2.1000000000000005
R3.VOLX.I12.high,2025-10-11,8.54
R3.VOLX.I12.high,2025-10-12,-2.690000000000001
R3.VOLX.I12.high,2025-10-13,-0.5
R3.VOLX.I12.high,2025-10-16,8.27
R3.VOLX.I12.high,2025-10-17,-3.29
R3.VOLX.I12.high,2025-10-18,-1.1399999999999997
R3.VOLX.I12.high,2025-10-19,25.61
R3.VOLX.I12.high,2025-10-20,-0.8499999999999999
R3.VOLX.I12.high,2025-10-23,0.68
R3.VOLX.I12.high,2025-10-25,-9.27
R3.VOLX.I12.high,2025-10-26,-18.26
R3.VOLX.I12.high,2025-10-27,-2.34
R3.VOLX.I12.high,2025-10-28,-1.83
R3.VOLX.I12.high,2025-10-30,7.06
R3.VOLX.I12.high,2025-10-31,-3.85
R3.VOLX.I12.high,2025-11-01,13.040000000000001
R3.VOLX.I12.high,2025-11-02,10.6
R3.VOLX.I12.high,2025-11-03,-5.45
R3.VOLX.I12.high,2025-11-05,-3.65
R3.VOLX.I12.high,2025-11-06,9.4
R3.VOLX.I12.high,2025-11-08,-8.75
R3.VOLX.I12.high,2025-11-09,-2.950000000000001
R3.VOLX.I12.high,2025-11-10,4.45
R3.VOLX.I12.high,2025-11-11,-2.49
R3.VOLX.I12.high,2025-11-12,5.15
R3.VOLX.I12.high,2025-11-13,-1.12
R3.VOLX.I12.high,2025-11-14,4.85
R3.VOLX.I12.high,2025-11-15,11.36
R3.VOLX.I12.high,2025-11-16,26.91
R3.VOLX.I12.high,2025-11-17,-4.55
R3.VOLX.I12.high,2025-11-18,4.85
R3.VOLX.I12.high,2025-11-19,-4.65
R3.VOLX.I12.high,2025-11-20,14.52
R3.VOLX.I12.high,2025-11-22,0.03999999999999915
R3.VOLX.I12.high,2025-11-23,14.59
R3.VOLX.I12.high,2025-11-24,2.26
R3.VOLX.I12.high,2025-11-27,-13.68
R3.VOLX.I12.high,2025-11-28,-16.95
R3.VOLX.I12.high,2025-11-29,-4.950000000000001
R3.VOLX.I12.high,2025-11-30,-13.08
R3.VOLX.I12.high,2025-12-01,0.98
R3.VOLX.I12.high,2025-12-04,3.36
R3.VOLX.I12.high,2025-12-05,6.319999999999999
R3.VOLX.I12.high,2025-12-06,-4.1499999999999995
R3.VOLX.I12.high,2025-12-07,9.74
R3.VOLX.I12.high,2025-12-11,-6.05
R3.VOLX.I12.high,2025-12-13,1.8099999999999996
R3.VOLX.I12.high,2025-12-14,-12.32
R3.VOLX.I12.high,2025-12-15,-2.74
R3.VOLX.I12.high,2025-12-16,-3.34
R3.VOLX.I12.high,2025-12-17,-0.20000000000000018
R3.VOLX.I12.high,2025-12-18,3.75
R3.VOLX.I12.high,2025-12-19,5.94
R3.VOLX.I12.high,2025-12-20,12.95
R3.VOLX.I12.high,2025-12-21,-22.81
R3.VOLX.I12.high,2025-12-22,1.0099999999999998
R3.VOLX.I12.high,2025-12-23,-10.309999999999999
R3.VOLX.I12.high,2025-12-24,-6.25
R3.VOLX.I12.high,2025-12-25,1.37
R3.VOLX.I12.high,2025-12-26,1.6600000000000001
R3.VOLX.I12.high,2025-12-27,10.68
R3.VOLX.I12.high,2025-12-28,-7.799999999999999
R3.VOLX.I12.high,2025-12-29,-4.35
R3.VOLX.I12.high,2025-12-30,5.759999999999999
R3.VOLX.I12.high,2025-12-31,7.359999999999999
R3.VOLX.I12.high,2026-01-01,-4.54
R3.VOLX.I12.high,2026-01-02,-8.52
R3.VOLX.I12.high,2026-01-03,-1.0900000000000003
R3.VOLX.I12.high,2026-01-04,-16.91
R3.VOLX.I12.high,2026-01-08,3.36
R3.VOLX.I12.high,2026-01-09,3.95
R3.VOLX.I12.high,2026-01-10,-3.7899999999999996
R3.VOLX.I12.high,2026-01-11,-0.23000000000000043
R3.VOLX.I12.high,2026-01-12,-3.24
R3.VOLX.I12.high,2026-01-17,-5.95
R3.VOLX.I12.high,2026-01-18,-0.48
R3.VOLX.I9.low,2025-09-13,3.2300000000000004
R3.VOLX.I9.low,2025-09-20,3.36
R3.VOLX.I9.low,2025-09-25,1.87
R3.VOLX.I9.low,2025-09-27,19.45
R3.VOLX.I9.low,2025-09-28,-3.05
R3.VOLX.I9.low,2025-10-04,-9.37
R3.VOLX.I9.low,2025-10-08,1.4100000000000001
R3.VOLX.I9.low,2025-10-09,-8.870000000000001
R3.VOLX.I9.low,2025-10-11,13.04
R3.VOLX.I9.low,2025-10-14,6.86
R3.VOLX.I9.low,2025-10-17,-3.54
R3.VOLX.I9.low,2025-10-18,-4.58
R3.VOLX.I9.low,2025-10-21,4.75
R3.VOLX.I9.low,2025-10-22,-2.94
R3.VOLX.I9.low,2025-10-23,2.07
R3.VOLX.I9.low,2025-10-25,6.1000000000000005
R3.VOLX.I9.low,2025-10-29,4.05
R3.VOLX.I9.low,2025-11-01,-0.4900000000000002
R3.VOLX.I9.low,2025-11-02,-7.09
R3.VOLX.I9.low,2025-11-07,2.26
R3.VOLX.I9.low,2025-11-08,-7.700000000000001
R3.VOLX.I9.low,2025-11-11,-3.95
R3.VOLX.I9.low,2025-11-15,-0.8499999999999996
R3.VOLX.I9.low,2025-11-22,11.43
R3.VOLX.I9.low,2025-11-23,-1.63
R3.VOLX.I9.low,2025-11-29,21.700000000000003
R3.VOLX.I9.low,2025-11-30,5.03
R3.VOLX.I9.low,2025-12-14,-0.7999999999999998
R3.VOLX.I9.low,2025-12-21,-5.75
R3.VOLX.I9.low,2025-12-28,-1.53
R3.VOLX.I9.high,2025-09-08,7.66
R3.VOLX.I9.high,2025-09-11,2.6100000000000003
R3.VOLX.I9.high,2025-09-12,-2.54
R3.VOLX.I9.high,2025-09-13,-4.43
R3.VOLX.I9.high,2025-09-14,18.65
R3.VOLX.I9.high,2025-09-18,-1.53
R3.VOLX.I9.high,2025-09-19,-12.29
R3.VOLX.I9.high,2025-09-20,8.43
R3.VOLX.I9.high,2025-09-21,-5.9399999999999995
R3.VOLX.I9.high,2025-09-22,6.86
R3.VOLX.I9.high,2025-09-25,-4.95
R3.VOLX.I9.high,2025-09-26,2.41
R3.VOLX.I9.high,2025-09-27,-0.1299999999999999
R3.VOLX.I9.high,2025-09-28,-3.8499999999999996
R3.VOLX.I9.high,2025-09-29,-3.14
R3.VOLX.I9.high,2025-10-02,5.85
R3.VOLX.I9.high,2025-10-03,6.86
R3.VOLX.I9.high,2025-10-04,13.87
R3.VOLX.I9.high,2025-10-05,17.68
R3.VOLX.I9.high,2025-10-06,-5.35
R3.VOLX.I9.high,2025-10-09,7.87
R3.VOLX.I9.high,2025-10-10,-5.55
R3.VOLX.I9.high,2025-10-11,5.140000000000001
R3.VOLX.I9.high,2025-10-12,-27.03
R3.VOLX.I9.high,2025-10-13,6.05
R3.VOLX.I9.high,2025-10-14,-6.74
R3.VOLX.I9.high,2025-10-15,10.6
R3.VOLX.I9.high,2025-10-16,5.75
R3.VOLX.I9.high,2025-10-17,-10.600000000000001
R3.VOLX.I9.high,2025-10-18,-6.3100000000000005
R3.VOLX.I9.high,2025-10-19,-13.21
R3.VOLX.I9.high,2025-10-20,-3.66
R3.VOLX.I9.high,2025-10-23,-2.54
R3.VOLX.I9.high,2025-10-24,2.96
R3.VOLX.I9.high,2025-10-25,2.11
R3.VOLX.I9.high,2025-10-26,-19.24
R3.VOLX.I9.high,2025-10-27,-2.13
R3.VOLX.I9.high,2025-10-28,3.7200000000000006
R3.VOLX.I9.high,2025-10-29,4.85
R3.VOLX.I9.high,2025-10-31,-3.85
R3.VOLX.I9.high,2025-11-01,5.880000000000001
R3.VOLX.I9.high,2025-11-02,16.71
R3.VOLX.I9.high,2025-11-04,4.25
R3.VOLX.I9.high,2025-11-07,-10.7
R3.VOLX.I9.high,2025-11-08,-4.109999999999999
R3.VOLX.I9.high,2025-11-09,-31.54
R3.VOLX.I9.high,2025-11-10,2.16
R3.VOLX.I9.high,2025-11-11,6.35
R3.VOLX.I9.high,2025-11-12,4.15
R3.VOLX.I9.high,2025-11-13,-2.34
R3.VOLX.I9.high,2025-11-14,7.16
R3.VOLX.I9.high,2025-11-15,-5.129999999999999
R3.VOLX.I9.high,2025-11-16,3.8799999999999994
R3.VOLX.I9.high,2025-11-18,-9.899999999999999
R3.VOLX.I9.high,2025-11-19,5.55
R3.VOLX.I9.high,2025-11-20,13.82
R3.VOLX.I9.high,2025-11-21,11.9
R3.VOLX.I9.high,2025-11-22,3.5199999999999996
R3.VOLX.I9.high,2025-11-23,-21.4
R3.VOLX.I9.high,2025-11-25,-2.64
R3.VOLX.I9.high,2025-11-27,12.92
R3.VOLX.I9.high,2025-11-28,8.150000000000002
R3.VOLX.I9.high,2025-11-29,-5.25
R3.VOLX.I9.high,2025-11-30,-5.380000000000001
R3.VOLX.I9.high,2025-12-01,-1.22
R3.VOLX.I9.high,2025-12-04,2.56
R3.VOLX.I9.high,2025-12-05,-10.5
R3.VOLX.I9.high,2025-12-06,9.06
R3.VOLX.I9.high,2025-12-07,-6.8999999999999995
R3.VOLX.I9.high,2025-12-08,-4.35
R3.VOLX.I9.high,2025-12-11,7.66
R3.VOLX.I9.high,2025-12-13,6.040000000000001
R3.VOLX.I9.high,2025-12-14,0.9800000000000004
R3.VOLX.I9.high,2025-12-15,-3.24
R3.VOLX.I9.high,2025-12-16,-2.64
R3.VOLX.I9.high,2025-12-17,-6.17
R3.VOLX.I9.high,2025-12-18,-4.15
R3.VOLX.I9.high,2025-12-19,-1.73
R3.VOLX.I9.high,2025-12-20,3.2100000000000004
R3.VOLX.I9.high,2025-12-21,-6.29
R3.VOLX.I9.high,2025-12-22,-3.65
R3.VOLX.I9.high,2025-12-23,13.01
R3.VOLX.I9.high,2025-12-24,5.95
R3.VOLX.I9.high,2025-12-25,4.12
R3.VOLX.I9.high,2025-12-26,-4.25
R3.VOLX.I9.high,2025-12-27,-2.0700000000000003
R3.VOLX.I9.high,2025-12-28,0.16999999999999993
R3.VOLX.I9.high,2025-12-29,4.93
R3.VOLX.I9.high,2025-12-30,-12.8
R3.VOLX.I9.high,2025-12-31,1.8100000000000005
R3.VOLX.I9.high,2026-01-01,2.46
R3.VOLX.I9.high,2026-01-02,0.9300000000000002
R3.VOLX.I9.high,2026-01-03,-3.76
R3.VOLX.I9.high,2026-01-04,3.7700000000000005
R3.VOLX.I9.high,2026-01-10,-4.25
R3.VOLX.I9.high,2026-01-11,1.1000000000000005
R3.VOLX.I9.high,2026-01-17,5.95
R4.PAIRCALM.h0.02,2025-09-13,-23.84
R4.PAIRCALM.h0.02,2025-09-20,-50.17
R4.PAIRCALM.h0.02,2025-09-27,-14.43
R4.PAIRCALM.h0.02,2025-10-04,-30.360000000000003
R4.PAIRCALM.h0.02,2025-10-05,-0.88
R4.PAIRCALM.h0.02,2025-10-08,0.21
R4.PAIRCALM.h0.02,2025-10-09,-6.909999999999999
R4.PAIRCALM.h0.02,2025-10-11,33.010000000000005
R4.PAIRCALM.h0.02,2025-10-14,0.21000000000000002
R4.PAIRCALM.h0.02,2025-10-16,0.37
R4.PAIRCALM.h0.02,2025-10-17,-1.01
R4.PAIRCALM.h0.02,2025-10-18,-32.12
R4.PAIRCALM.h0.02,2025-10-22,-0.65
R4.PAIRCALM.h0.02,2025-10-23,-0.12999999999999998
R4.PAIRCALM.h0.02,2025-10-24,0.16
R4.PAIRCALM.h0.02,2025-10-25,-44.65
R4.PAIRCALM.h0.02,2025-10-30,-0.04
R4.PAIRCALM.h0.02,2025-11-01,-1.31
R4.PAIRCALM.h0.02,2025-11-08,-15.58
R4.PAIRCALM.h0.02,2025-11-15,-18.4
R4.PAIRCALM.h0.02,2025-11-18,-0.35
R4.PAIRCALM.h0.02,2025-11-19,0.16999999999999998
R4.PAIRCALM.h0.02,2025-11-22,-19.3
R4.PAIRCALM.h0.02,2025-11-23,-0.92
R4.PAIRCALM.h0.02,2025-11-25,-0.14
R4.PAIRCALM.h0.02,2025-11-28,-1.03
R4.PAIRCALM.h0.02,2025-11-29,-13.72
R4.PAIRCALM.h0.02,2025-11-30,0.29000000000000004
R4.PAIRCALM.h0.02,2025-12-01,-0.25
R4.PAIRCALM.h0.02,2025-12-05,-0.67
R4.PAIRCALM.h0.02,2025-12-07,-1.3599999999999999
R4.PAIRCALM.h0.02,2025-12-13,-0.050000000000000044
R4.PAIRCALM.h0.02,2025-12-14,-1.03
R4.PAIRCALM.h0.02,2025-12-18,-0.67
R4.PAIRCALM.h0.02,2025-12-19,-0.14
R4.PAIRCALM.h0.02,2025-12-21,-0.53
R4.PAIRCALM.h0.02,2025-12-22,-0.15
R4.PAIRCALM.h0.02,2025-12-23,-0.25
R4.PAIRCALM.h0.02,2025-12-27,-0.25
R4.PAIRCALM.h0.02,2025-12-28,-0.31
R4.PAIRCALM.h0.02,2026-01-02,-0.14
R4.PAIRCALM.h0.03,2025-09-13,-20.0
R4.PAIRCALM.h0.03,2025-09-20,-45.69
R4.PAIRCALM.h0.03,2025-09-27,-7.15
R4.PAIRCALM.h0.03,2025-10-04,-7.879999999999999
R4.PAIRCALM.h0.03,2025-10-05,-0.33999999999999997
R4.PAIRCALM.h0.03,2025-10-08,0.41
R4.PAIRCALM.h0.03,2025-10-09,-6.89
R4.PAIRCALM.h0.03,2025-10-11,11.2
R4.PAIRCALM.h0.03,2025-10-14,-0.20999999999999996
R4.PAIRCALM.h0.03,2025-10-16,0.57
R4.PAIRCALM.h0.03,2025-10-17,-1.14
R4.PAIRCALM.h0.03,2025-10-18,-35.44
R4.PAIRCALM.h0.03,2025-10-22,-0.2
R4.PAIRCALM.h0.03,2025-10-23,-0.3
R4.PAIRCALM.h0.03,2025-10-24,0.35
R4.PAIRCALM.h0.03,2025-10-25,-35.5
R4.PAIRCALM.h0.03,2025-11-01,-6.16
R4.PAIRCALM.h0.03,2025-11-08,-3.04
R4.PAIRCALM.h0.03,2025-11-15,-12.08
R4.PAIRCALM.h0.03,2025-11-18,-0.36
R4.PAIRCALM.h0.03,2025-11-19,0.57
R4.PAIRCALM.h0.03,2025-11-22,-20.59
R4.PAIRCALM.h0.03,2025-11-23,-0.62
R4.PAIRCALM.h0.03,2025-11-25,-0.25
R4.PAIRCALM.h0.03,2025-11-28,0.06999999999999995
R4.PAIRCALM.h0.03,2025-11-29,-12.13
R4.PAIRCALM.h0.03,2025-11-30,-0.65
R4.PAIRCALM.h0.03,2025-12-05,-0.84
R4.PAIRCALM.h0.03,2025-12-07,-0.89
R4.PAIRCALM.h0.03,2025-12-13,0.27
R4.PAIRCALM.h0.03,2025-12-14,-0.18
R4.PAIRCALM.h0.03,2025-12-18,0.06
R4.PAIRCALM.h0.03,2025-12-21,-0.81
R4.PAIRCALM.h0.03,2025-12-22,-0.05
R4.PAIRCALM.h0.03,2025-12-23,-0.15
R4.PAIRCALM.h0.03,2025-12-27,-0.15
R4.PAIRCALM.h0.03,2025-12-28,-0.21
R4.PAIRCALM.h0.03,2026-01-02,-0.04
R4.REQUOTE,2025-09-08,2.13
R4.REQUOTE,2025-09-11,-3.55
R4.REQUOTE,2025-09-12,-5.8
R4.REQUOTE,2025-09-13,-146.12
R4.REQUOTE,2025-09-14,-27.92
R4.REQUOTE,2025-09-15,-1.1199999999999999
R4.REQUOTE,2025-09-16,0.53
R4.REQUOTE,2025-09-18,-6.91
R4.REQUOTE,2025-09-19,3.71
R4.REQUOTE,2025-09-20,-24.06
R4.REQUOTE,2025-09-21,-4.199999999999999
R4.REQUOTE,2025-09-22,-3.59
R4.REQUOTE,2025-09-25,-3.14
R4.REQUOTE,2025-09-26,1.9200000000000004
R4.REQUOTE,2025-09-27,-163.88
R4.REQUOTE,2025-09-28,-8.149999999999999
R4.REQUOTE,2025-09-29,-0.7299999999999999
R4.REQUOTE,2025-10-02,-0.29
R4.REQUOTE,2025-10-03,-4.38
R4.REQUOTE,2025-10-04,-135.97
R4.REQUOTE,2025-10-05,-6.05
R4.REQUOTE,2025-10-06,0.15999999999999986
R4.REQUOTE,2025-10-08,-14.36
R4.REQUOTE,2025-10-09,-30.16
R4.REQUOTE,2025-10-10,-2.19
R4.REQUOTE,2025-10-11,-58.019999999999996
R4.REQUOTE,2025-10-12,-26.96
R4.REQUOTE,2025-10-13,-4.010000000000001
R4.REQUOTE,2025-10-14,-0.6899999999999993
R4.REQUOTE,2025-10-15,-5.73
R4.REQUOTE,2025-10-16,-6.23
R4.REQUOTE,2025-10-17,-12.89
R4.REQUOTE,2025-10-18,-182.47
R4.REQUOTE,2025-10-19,-5.88
R4.REQUOTE,2025-10-20,0.87
R4.REQUOTE,2025-10-21,-6.66
R4.REQUOTE,2025-10-22,-6.69
R4.REQUOTE,2025-10-23,-0.10000000000000003
R4.REQUOTE,2025-10-24,2.7800000000000002
R4.REQUOTE,2025-10-25,-169.73
R4.REQUOTE,2025-10-26,-32.37
R4.REQUOTE,2025-10-27,0.55
R4.REQUOTE,2025-10-28,-5.16
R4.REQUOTE,2025-10-29,-1.5099999999999996
R4.REQUOTE,2025-10-30,-6.109999999999999
R4.REQUOTE,2025-10-31,-2.41
R4.REQUOTE,2025-11-01,-81.38
R4.REQUOTE,2025-11-02,-14.25
R4.REQUOTE,2025-11-03,-0.5299999999999998
R4.REQUOTE,2025-11-04,57.730000000000004
R4.REQUOTE,2025-11-05,0.10000000000000006
R4.REQUOTE,2025-11-06,-7.609999999999999
R4.REQUOTE,2025-11-07,-8.08
R4.REQUOTE,2025-11-08,-70.96
R4.REQUOTE,2025-11-09,-31.63
R4.REQUOTE,2025-11-10,0.1100000000000001
R4.REQUOTE,2025-11-11,-9.09
R4.REQUOTE,2025-11-12,12.76
R4.REQUOTE,2025-11-13,-0.2799999999999999
R4.REQUOTE,2025-11-14,0.65
R4.REQUOTE,2025-11-15,-125.84
R4.REQUOTE,2025-11-16,-23.83
R4.REQUOTE,2025-11-17,0.5
R4.REQUOTE,2025-11-18,-3.98
R4.REQUOTE,2025-11-19,-1.46
R4.REQUOTE,2025-11-20,-0.4000000000000001
R4.REQUOTE,2025-11-21,-1.5999999999999996
R4.REQUOTE,2025-11-22,-141.28
R4.REQUOTE,2025-11-23,-23.5
R4.REQUOTE,2025-11-24,-1.46
R4.REQUOTE,2025-11-25,1.5100000000000002
R4.REQUOTE,2025-11-27,-10.83
R4.REQUOTE,2025-11-28,-21.2
R4.REQUOTE,2025-11-29,-112.63
R4.REQUOTE,2025-11-30,-45.9
R4.REQUOTE,2025-12-01,-2.09
R4.REQUOTE,2025-12-04,0.08999999999999997
R4.REQUOTE,2025-12-05,-10.22
R4.REQUOTE,2025-12-06,2.4000000000000004
R4.REQUOTE,2025-12-07,-24.12
R4.REQUOTE,2025-12-08,-2.4000000000000004
R4.REQUOTE,2025-12-11,-0.3599999999999999
R4.REQUOTE,2025-12-13,-8.86
R4.REQUOTE,2025-12-14,-36.94
R4.REQUOTE,2025-12-15,-3.29
R4.REQUOTE,2025-12-16,1.65
R4.REQUOTE,2025-12-17,1.49
R4.REQUOTE,2025-12-18,-9.450000000000001
R4.REQUOTE,2025-12-19,-11.73
R4.REQUOTE,2025-12-20,-2.5100000000000002
R4.REQUOTE,2025-12-21,-24.0
R4.REQUOTE,2025-12-22,-6.86
R4.REQUOTE,2025-12-23,-4.7299999999999995
R4.REQUOTE,2025-12-24,0.21999999999999986
R4.REQUOTE,2025-12-25,-11.530000000000001
R4.REQUOTE,2025-12-26,-13.78
R4.REQUOTE,2025-12-27,15.909999999999998
R4.REQUOTE,2025-12-28,-7.949999999999999
R4.REQUOTE,2025-12-29,-6.550000000000001
R4.REQUOTE,2025-12-30,-4.02
R4.REQUOTE,2025-12-31,-13.129999999999999
R4.REQUOTE,2026-01-01,-16.72
R4.REQUOTE,2026-01-02,-9.84
R4.REQUOTE,2026-01-03,-2.91
R4.REQUOTE,2026-01-04,-15.99
R4.REQUOTE,2026-01-08,-1.98
R4.REQUOTE,2026-01-09,-2.72
R4.REQUOTE,2026-01-10,-10.18
R4.REQUOTE,2026-01-11,-9.77
R4.REQUOTE,2026-01-12,0.8
R4.REQUOTE,2026-01-17,-10.32
R4.REQUOTE,2026-01-18,-1.86
R4.REQUOTECALM,2025-09-13,-57.73
R4.REQUOTECALM,2025-09-20,-11.98
R4.REQUOTECALM,2025-09-27,-26.74
R4.REQUOTECALM,2025-10-04,-13.080000000000002
R4.REQUOTECALM,2025-10-05,-0.22000000000000003
R4.REQUOTECALM,2025-10-08,0.21
R4.REQUOTECALM,2025-10-09,-8.27
R4.REQUOTECALM,2025-10-11,9.84
R4.REQUOTECALM,2025-10-14,-0.7300000000000001
R4.REQUOTECALM,2025-10-16,0.37
R4.REQUOTECALM,2025-10-17,-4.35
R4.REQUOTECALM,2025-10-18,-42.13
R4.REQUOTECALM,2025-10-22,0.14
R4.REQUOTECALM,2025-10-23,-0.33999999999999997
R4.REQUOTECALM,2025-10-24,0.16
R4.REQUOTECALM,2025-10-25,-67.94
R4.REQUOTECALM,2025-10-30,0.08
R4.REQUOTECALM,2025-11-01,-11.6
R4.REQUOTECALM,2025-11-08,-15.86
R4.REQUOTECALM,2025-11-15,-30.15
R4.REQUOTECALM,2025-11-18,-0.14
R4.REQUOTECALM,2025-11-19,0.42
R4.REQUOTECALM,2025-11-22,-24.93
R4.REQUOTECALM,2025-11-23,-1.1300000000000001
R4.REQUOTECALM,2025-11-25,-0.25
R4.REQUOTECALM,2025-11-28,-0.49
R4.REQUOTECALM,2025-11-29,-1.3700000000000003
R4.REQUOTECALM,2025-11-30,-0.2799999999999999
R4.REQUOTECALM,2025-12-01,-0.14
R4.REQUOTECALM,2025-12-05,-1.35
R4.REQUOTECALM,2025-12-07,0.04000000000000001
R4.REQUOTECALM,2025-12-13,0.09
R4.REQUOTECALM,2025-12-14,-0.009999999999999995
R4.REQUOTECALM,2025-12-18,0.08
R4.REQUOTECALM,2025-12-19,0.08
R4.REQUOTECALM,2025-12-21,-0.7200000000000001
R4.REQUOTECALM,2025-12-22,0.08
R4.REQUOTECALM,2025-12-23,0.08
R4.REQUOTECALM,2025-12-27,-0.35
R4.REQUOTECALM,2025-12-28,-0.31
R4.REQUOTECALM,2026-01-02,-0.35
R5.PAIRPRE.h0.01,2025-09-08,-0.86
R5.PAIRPRE.h0.01,2025-09-11,-1.46
R5.PAIRPRE.h0.01,2025-09-12,-4.95
R5.PAIRPRE.h0.01,2025-09-13,-27.45
R5.PAIRPRE.h0.01,2025-09-14,-8.67
R5.PAIRPRE.h0.01,2025-09-15,-3.6599999999999997
R5.PAIRPRE.h0.01,2025-09-18,-2.11
R5.PAIRPRE.h0.01,2025-09-19,-2.1
R5.PAIRPRE.h0.01,2025-09-20,-45.26
R5.PAIRPRE.h0.01,2025-09-21,-14.27
R5.PAIRPRE.h0.01,2025-09-22,-1.07
R5.PAIRPRE.h0.01,2025-09-25,-0.76
R5.PAIRPRE.h0.01,2025-09-26,-3.8
R5.PAIRPRE.h0.01,2025-09-27,-6.529999999999999
R5.PAIRPRE.h0.01,2025-09-28,-8.55
R5.PAIRPRE.h0.01,2025-09-29,-2.46
R5.PAIRPRE.h0.01,2025-10-02,-0.75
R5.PAIRPRE.h0.01,2025-10-03,-2.5
R5.PAIRPRE.h0.01,2025-10-04,10.0
R5.PAIRPRE.h0.01,2025-10-05,-12.36
R5.PAIRPRE.h0.01,2025-10-06,-0.95
R5.PAIRPRE.h0.01,2025-10-08,-1.05
R5.PAIRPRE.h0.01,2025-10-09,-0.39
R5.PAIRPRE.h0.01,2025-10-10,-9.49
R5.PAIRPRE.h0.01,2025-10-11,9.26
R5.PAIRPRE.h0.01,2025-10-12,-7.54
R5.PAIRPRE.h0.01,2025-10-13,-3.52
R5.PAIRPRE.h0.01,2025-10-14,-0.38
R5.PAIRPRE.h0.01,2025-10-15,-2.84
R5.PAIRPRE.h0.01,2025-10-16,-0.4
R5.PAIRPRE.h0.01,2025-10-17,6.07
R5.PAIRPRE.h0.01,2025-10-18,-13.239999999999998
R5.PAIRPRE.h0.01,2025-10-19,-8.42
R5.PAIRPRE.h0.01,2025-10-20,-0.39
R5.PAIRPRE.h0.01,2025-10-21,11.84
R5.PAIRPRE.h0.01,2025-10-22,1.0799999999999996
R5.PAIRPRE.h0.01,2025-10-23,-0.8
R5.PAIRPRE.h0.01,2025-10-24,-4.63
R5.PAIRPRE.h0.01,2025-10-25,-11.94
R5.PAIRPRE.h0.01,2025-10-26,-5.55
R5.PAIRPRE.h0.01,2025-10-28,-1.49
R5.PAIRPRE.h0.01,2025-10-29,-2.05
R5.PAIRPRE.h0.01,2025-10-30,-10.33
R5.PAIRPRE.h0.01,2025-10-31,-0.9299999999999999
R5.PAIRPRE.h0.01,2025-11-01,-17.76
R5.PAIRPRE.h0.01,2025-11-02,-7.66
R5.PAIRPRE.h0.01,2025-11-03,-0.41
R5.PAIRPRE.h0.01,2025-11-04,15.240000000000002
R5.PAIRPRE.h0.01,2025-11-05,-3.69
R5.PAIRPRE.h0.01,2025-11-06,-4.3999999999999995
R5.PAIRPRE.h0.01,2025-11-07,-2.04
R5.PAIRPRE.h0.01,2025-11-08,-1.5299999999999998
R5.PAIRPRE.h0.01,2025-11-09,-19.7
R5.PAIRPRE.h0.01,2025-11-10,-0.33
R5.PAIRPRE.h0.01,2025-11-11,-2.72
R5.PAIRPRE.h0.01,2025-11-12,-1.6600000000000001
R5.PAIRPRE.h0.01,2025-11-13,-1.12
R5.PAIRPRE.h0.01,2025-11-14,-0.43
R5.PAIRPRE.h0.01,2025-11-15,-12.09
R5.PAIRPRE.h0.01,2025-11-16,-3.71
R5.PAIRPRE.h0.01,2025-11-17,-0.41
R5.PAIRPRE.h0.01,2025-11-18,-3.73
R5.PAIRPRE.h0.01,2025-11-19,-1.19
R5.PAIRPRE.h0.01,2025-11-20,-0.95
R5.PAIRPRE.h0.01,2025-11-21,2.39
R5.PAIRPRE.h0.01,2025-11-22,-29.41
R5.PAIRPRE.h0.01,2025-11-23,1.3399999999999999
R5.PAIRPRE.h0.01,2025-11-24,-0.27
R5.PAIRPRE.h0.01,2025-11-27,-1.76
R5.PAIRPRE.h0.01,2025-11-28,6.3
R5.PAIRPRE.h0.01,2025-11-29,12.68
R5.PAIRPRE.h0.01,2025-11-30,-6.63
R5.PAIRPRE.h0.01,2025-12-01,-0.37
R5.PAIRPRE.h0.01,2025-12-04,-0.41
R5.PAIRPRE.h0.01,2025-12-05,-6.03
R5.PAIRPRE.h0.01,2025-12-06,-1.07
R5.PAIRPRE.h0.01,2025-12-07,-7.37
R5.PAIRPRE.h0.01,2025-12-08,-1.09
R5.PAIRPRE.h0.01,2025-12-11,-0.38
R5.PAIRPRE.h0.01,2025-12-13,-2.92
R5.PAIRPRE.h0.01,2025-12-14,-6.04
R5.PAIRPRE.h0.01,2025-12-15,-1.7599999999999998
R5.PAIRPRE.h0.01,2025-12-16,-1.6
R5.PAIRPRE.h0.01,2025-12-17,-1.27
R5.PAIRPRE.h0.01,2025-12-18,-0.86
R5.PAIRPRE.h0.01,2025-12-19,-2.86
R5.PAIRPRE.h0.01,2025-12-20,-2.04
R5.PAIRPRE.h0.01,2025-12-21,-4.5
R5.PAIRPRE.h0.01,2025-12-22,-0.96
R5.PAIRPRE.h0.01,2025-12-23,-2.72
R5.PAIRPRE.h0.01,2025-12-24,-0.43
R5.PAIRPRE.h0.01,2025-12-25,-2.0
R5.PAIRPRE.h0.01,2025-12-26,-1.73
R5.PAIRPRE.h0.01,2025-12-27,4.93
R5.PAIRPRE.h0.01,2025-12-28,-3.6100000000000003
R5.PAIRPRE.h0.01,2025-12-29,-0.74
R5.PAIRPRE.h0.01,2025-12-30,-0.89
R5.PAIRPRE.h0.01,2025-12-31,-2.34
R5.PAIRPRE.h0.01,2026-01-01,-3.04
R5.PAIRPRE.h0.01,2026-01-02,-2.14
R5.PAIRPRE.h0.01,2026-01-03,-1.27
R5.PAIRPRE.h0.01,2026-01-04,-9.55
R5.PAIRPRE.h0.01,2026-01-08,-0.74
R5.PAIRPRE.h0.01,2026-01-09,-0.84
R5.PAIRPRE.h0.01,2026-01-10,-0.43
R5.PAIRPRE.h0.01,2026-01-11,-2.67
R5.PAIRPRE.h0.01,2026-01-12,-0.42
R5.PAIRPRE.h0.01,2026-01-17,-1.4
R5.PAIRPRE.h0.01,2026-01-18,-0.42
R5.PAIRPRE.h0.02,2025-09-12,-0.15
R5.PAIRPRE.h0.02,2025-09-13,-2.59
R5.PAIRPRE.h0.02,2025-09-14,-0.8300000000000001
R5.PAIRPRE.h0.02,2025-09-18,-0.53
R5.PAIRPRE.h0.02,2025-09-20,-3.74
R5.PAIRPRE.h0.02,2025-09-21,-1.95
R5.PAIRPRE.h0.02,2025-09-26,-0.35
R5.PAIRPRE.h0.02,2025-09-27,-2.55
R5.PAIRPRE.h0.02,2025-09-28,-0.74
R5.PAIRPRE.h0.02,2025-10-03,-0.33
R5.PAIRPRE.h0.02,2025-10-04,-0.6699999999999999
R5.PAIRPRE.h0.02,2025-10-05,-2.39
R5.PAIRPRE.h0.02,2025-10-08,-0.85
R5.PAIRPRE.h0.02,2025-10-10,-6.74
R5.PAIRPRE.h0.02,2025-10-11,-1.75
R5.PAIRPRE.h0.02,2025-10-12,-0.49
R5.PAIRPRE.h0.02,2025-10-15,-4.35
R5.PAIRPRE.h0.02,2025-10-17,-0.19
R5.PAIRPRE.h0.02,2025-10-18,6.1000000000000005
R5.PAIRPRE.h0.02,2025-10-19,-0.6799999999999999
R5.PAIRPRE.h0.02,2025-10-21,5.96
R5.PAIRPRE.h0.02,2025-10-25,-2.7800000000000002
R5.PAIRPRE.h0.02,2025-10-28,-0.28
R5.PAIRPRE.h0.02,2025-10-30,-0.4
R5.PAIRPRE.h0.02,2025-11-01,4.36
R5.PAIRPRE.h0.02,2025-11-02,-0.33
R5.PAIRPRE.h0.02,2025-11-05,-0.42
R5.PAIRPRE.h0.02,2025-11-07,-0.43
R5.PAIRPRE.h0.02,2025-11-08,-1.32
R5.PAIRPRE.h0.02,2025-11-09,-0.31
R5.PAIRPRE.h0.02,2025-11-12,-0.37
R5.PAIRPRE.h0.02,2025-11-15,4.36
R5.PAIRPRE.h0.02,2025-11-16,-0.67
R5.PAIRPRE.h0.02,2025-11-18,1.67
R5.PAIRPRE.h0.02,2025-11-20,-0.23
R5.PAIRPRE.h0.02,2025-11-22,-17.19
R5.PAIRPRE.h0.02,2025-11-23,-0.63
R5.PAIRPRE.h0.02,2025-11-27,-0.26
R5.PAIRPRE.h0.02,2025-11-28,-0.6000000000000001
R5.PAIRPRE.h0.02,2025-11-29,-6.390000000000001
R5.PAIRPRE.h0.02,2025-11-30,-0.8200000000000001
R5.PAIRPRE.h0.02,2025-12-05,-0.33
R5.PAIRPRE.h0.02,2025-12-07,-0.8
R5.PAIRPRE.h0.02,2025-12-08,-0.33
R5.PAIRPRE.h0.02,2025-12-13,-1.49
R5.PAIRPRE.h0.02,2025-12-17,-0.33
R5.PAIRPRE.h0.02,2025-12-22,-0.66
R5.PAIRPRE.h0.02,2025-12-23,-0.43
R5.PAIRPRE.h0.02,2025-12-25,-0.22
R5.PAIRPRE.h0.02,2025-12-27,2.57
R5.PAIRPRE.h0.02,2025-12-28,-0.43
R5.PAIRPRE.h0.02,2025-12-31,-0.22
R5.PAIRPRE.h0.02,2026-01-01,-0.76
R5.PAIRPRE.h0.02,2026-01-03,-0.42
R5.PAIRPRE.h0.02,2026-01-04,-0.74
R5.SL.R2.VOL.low.maker.sl0.1,2025-09-08,-1.6
R5.SL.R2.VOL.low.maker.sl0.1,2025-09-11,-2.35
R5.SL.R2.VOL.low.maker.sl0.1,2025-09-12,-3.05
R5.SL.R2.VOL.low.maker.sl0.1,2025-09-13,-8.83
R5.SL.R2.VOL.low.maker.sl0.1,2025-09-14,-17.060000000000002
R5.SL.R2.VOL.low.maker.sl0.1,2025-09-18,-1.42
R5.SL.R2.VOL.low.maker.sl0.1,2025-09-19,-2.66
R5.SL.R2.VOL.low.maker.sl0.1,2025-09-20,-19.72
R5.SL.R2.VOL.low.maker.sl0.1,2025-09-21,-9.42
R5.SL.R2.VOL.low.maker.sl0.1,2025-09-25,-1.17
R5.SL.R2.VOL.low.maker.sl0.1,2025-09-26,-1.83
R5.SL.R2.VOL.low.maker.sl0.1,2025-09-27,-23.62
R5.SL.R2.VOL.low.maker.sl0.1,2025-09-28,-6.930000000000001
R5.SL.R2.VOL.low.maker.sl0.1,2025-09-29,2.36
R5.SL.R2.VOL.low.maker.sl0.1,2025-10-03,0.96
R5.SL.R2.VOL.low.maker.sl0.1,2025-10-04,-10.370000000000001
R5.SL.R2.VOL.low.maker.sl0.1,2025-10-05,24.29
R5.SL.R2.VOL.low.maker.sl0.1,2025-10-08,-2.51
R5.SL.R2.VOL.low.maker.sl0.1,2025-10-09,0.6799999999999999
R5.SL.R2.VOL.low.maker.sl0.1,2025-10-10,-4.51
R5.SL.R2.VOL.low.maker.sl0.1,2025-10-11,-18.16
R5.SL.R2.VOL.low.maker.sl0.1,2025-10-12,-15.43
R5.SL.R2.VOL.low.maker.sl0.1,2025-10-13,-1.33
R5.SL.R2.VOL.low.maker.sl0.1,2025-10-14,-3.76
R5.SL.R2.VOL.low.maker.sl0.1,2025-10-15,2.8200000000000003
R5.SL.R2.VOL.low.maker.sl0.1,2025-10-17,3.6499999999999995
R5.SL.R2.VOL.low.maker.sl0.1,2025-10-18,-47.59
R5.SL.R2.VOL.low.maker.sl0.1,2025-10-19,-7.390000000000001
R5.SL.R2.VOL.low.maker.sl0.1,2025-10-20,-2.6399999999999997
R5.SL.R2.VOL.low.maker.sl0.1,2025-10-21,-2.6799999999999997
R5.SL.R2.VOL.low.maker.sl0.1,2025-10-22,-2.63
R5.SL.R2.VOL.low.maker.sl0.1,2025-10-23,-1.26
R5.SL.R2.VOL.low.maker.sl0.1,2025-10-24,-3.36
R5.SL.R2.VOL.low.maker.sl0.1,2025-10-25,-18.16
R5.SL.R2.VOL.low.maker.sl0.1,2025-10-26,6.91
R5.SL.R2.VOL.low.maker.sl0.1,2025-10-28,-3.44
R5.SL.R2.VOL.low.maker.sl0.1,2025-10-29,-2.59
R5.SL.R2.VOL.low.maker.sl0.1,2025-10-30,0.6700000000000002
R5.SL.R2.VOL.low.maker.sl0.1,2025-10-31,-1.53
R5.SL.R2.VOL.low.maker.sl0.1,2025-11-01,-27.89
R5.SL.R2.VOL.low.maker.sl0.1,2025-11-02,2.13
R5.SL.R2.VOL.low.maker.sl0.1,2025-11-03,2.07
R5.SL.R2.VOL.low.maker.sl0.1,2025-11-04,-1.32
R5.SL.R2.VOL.low.maker.sl0.1,2025-11-05,-1.31
R5.SL.R2.VOL.low.maker.sl0.1,2025-11-06,2.33
R5.SL.R2.VOL.low.maker.sl0.1,2025-11-07,-2.66
R5.SL.R2.VOL.low.maker.sl0.1,2025-11-08,-7.1499999999999995
R5.SL.R2.VOL.low.maker.sl0.1,2025-11-09,8.38
R5.SL.R2.VOL.low.maker.sl0.1,2025-11-10,-1.32
R5.SL.R2.VOL.low.maker.sl0.1,2025-11-11,-2.58
R5.SL.R2.VOL.low.maker.sl0.1,2025-11-12,0.24
R5.SL.R2.VOL.low.maker.sl0.1,2025-11-13,1.08
R5.SL.R2.VOL.low.maker.sl0.1,2025-11-14,-1.33
R5.SL.R2.VOL.low.maker.sl0.1,2025-11-15,-17.490000000000002
R5.SL.R2.VOL.low.maker.sl0.1,2025-11-16,-15.05
R5.SL.R2.VOL.low.maker.sl0.1,2025-11-18,3.5000000000000004
R5.SL.R2.VOL.low.maker.sl0.1,2025-11-19,-1.64
R5.SL.R2.VOL.low.maker.sl0.1,2025-11-20,-2.7199999999999998
R5.SL.R2.VOL.low.maker.sl0.1,2025-11-21,4.55
R5.SL.R2.VOL.low.maker.sl0.1,2025-11-22,-31.53
R5.SL.R2.VOL.low.maker.sl0.1,2025-11-23,4.21
R5.SL.R2.VOL.low.maker.sl0.1,2025-11-24,-1.18
R5.SL.R2.VOL.low.maker.sl0.1,2025-11-25,-1.32
R5.SL.R2.VOL.low.maker.sl0.1,2025-11-27,-1.33
R5.SL.R2.VOL.low.maker.sl0.1,2025-11-28,3.38
R5.SL.R2.VOL.low.maker.sl0.1,2025-11-29,-5.64
R5.SL.R2.VOL.low.maker.sl0.1,2025-11-30,-2.72
R5.SL.R2.VOL.low.maker.sl0.1,2025-12-05,-5.04
R5.SL.R2.VOL.low.maker.sl0.1,2025-12-06,-1.15
R5.SL.R2.VOL.low.maker.sl0.1,2025-12-07,1.1499999999999995
R5.SL.R2.VOL.low.maker.sl0.1,2025-12-11,-1.3
R5.SL.R2.VOL.low.maker.sl0.1,2025-12-13,-2.55
R5.SL.R2.VOL.low.maker.sl0.1,2025-12-14,-6.68
R5.SL.R2.VOL.low.maker.sl0.1,2025-12-15,3.16
R5.SL.R2.VOL.low.maker.sl0.1,2025-12-16,-1.32
R5.SL.R2.VOL.low.maker.sl0.1,2025-12-17,-2.95
R5.SL.R2.VOL.low.maker.sl0.1,2025-12-18,-1.4
R5.SL.R2.VOL.low.maker.sl0.1,2025-12-19,2.26
R5.SL.R2.VOL.low.maker.sl0.1,2025-12-20,-3.15
R5.SL.R2.VOL.low.maker.sl0.1,2025-12-21,1.9599999999999997
R5.SL.R2.VOL.low.maker.sl0.1,2025-12-22,-1.24
R5.SL.R2.VOL.low.maker.sl0.1,2025-12-23,2.6900000000000004
R5.SL.R2.VOL.low.maker.sl0.1,2025-12-25,-1.17
R5.SL.R2.VOL.low.maker.sl0.1,2025-12-26,0.33000000000000007
R5.SL.R2.VOL.low.maker.sl0.1,2025-12-27,4.319999999999999
R5.SL.R2.VOL.low.maker.sl0.1,2025-12-28,-9.64
R5.SL.R2.VOL.low.maker.sl0.1,2025-12-29,-1.25
R5.SL.R2.VOL.low.maker.sl0.1,2025-12-30,-3.9000000000000004
R5.SL.R2.VOL.low.maker.sl0.1,2025-12-31,-5.36
R5.SL.R2.VOL.low.maker.sl0.1,2026-01-02,2.22
R5.SL.R2.VOL.low.maker.sl0.1,2026-01-03,-2.55
R5.SL.R2.VOL.low.maker.sl0.1,2026-01-04,-9.16
R5.SL.R2.VOL.low.maker.sl0.1,2026-01-08,-1.31
R5.SL.R2.VOL.low.maker.sl0.1,2026-01-11,-1.33
R5.SL.R2.VOL.low.maker.sl0.1,2026-01-17,-1.82
R5.SL.R2.VOL.low.maker.sl0.1,2026-01-18,-1.25
R5.SL.R2.VOL.low.maker.sl0.2,2025-09-08,-2.28
R5.SL.R2.VOL.low.maker.sl0.2,2025-09-11,-3.62
R5.SL.R2.VOL.low.maker.sl0.2,2025-09-12,0.43999999999999995
R5.SL.R2.VOL.low.maker.sl0.2,2025-09-13,-13.799999999999999
R5.SL.R2.VOL.low.maker.sl0.2,2025-09-14,-16.92
R5.SL.R2.VOL.low.maker.sl0.2,2025-09-18,-2.32
R5.SL.R2.VOL.low.maker.sl0.2,2025-09-19,7.62
R5.SL.R2.VOL.low.maker.sl0.2,2025-09-20,-3.7199999999999998
R5.SL.R2.VOL.low.maker.sl0.2,2025-09-21,-9.52
R5.SL.R2.VOL.low.maker.sl0.2,2025-09-25,-1.73
R5.SL.R2.VOL.low.maker.sl0.2,2025-09-26,-2.21
R5.SL.R2.VOL.low.maker.sl0.2,2025-09-27,-29.15
R5.SL.R2.VOL.low.maker.sl0.2,2025-09-28,-7.18
R5.SL.R2.VOL.low.maker.sl0.2,2025-09-29,2.36
R5.SL.R2.VOL.low.maker.sl0.2,2025-10-03,-1.27
R5.SL.R2.VOL.low.maker.sl0.2,2025-10-04,-6.839999999999999
R5.SL.R2.VOL.low.maker.sl0.2,2025-10-05,39.31
R5.SL.R2.VOL.low.maker.sl0.2,2025-10-08,-4.33
R5.SL.R2.VOL.low.maker.sl0.2,2025-10-09,-0.05999999999999983
R5.SL.R2.VOL.low.maker.sl0.2,2025-10-10,7.6
R5.SL.R2.VOL.low.maker.sl0.2,2025-10-11,17.54
R5.SL.R2.VOL.low.maker.sl0.2,2025-10-12,-15.04
R5.SL.R2.VOL.low.maker.sl0.2,2025-10-13,-2.32
R5.SL.R2.VOL.low.maker.sl0.2,2025-10-14,11.799999999999999
R5.SL.R2.VOL.low.maker.sl0.2,2025-10-15,1.8300000000000005
R5.SL.R2.VOL.low.maker.sl0.2,2025-10-17,9.649999999999999
R5.SL.R2.VOL.low.maker.sl0.2,2025-10-18,-47.54
R5.SL.R2.VOL.low.maker.sl0.2,2025-10-19,1.1600000000000006
R5.SL.R2.VOL.low.maker.sl0.2,2025-10-20,-1.0499999999999998
R5.SL.R2.VOL.low.maker.sl0.2,2025-10-21,5.15
R5.SL.R2.VOL.low.maker.sl0.2,2025-10-22,-4.4399999999999995
R5.SL.R2.VOL.low.maker.sl0.2,2025-10-23,-1.63
R5.SL.R2.VOL.low.maker.sl0.2,2025-10-24,-4.47
R5.SL.R2.VOL.low.maker.sl0.2,2025-10-25,-14.789999999999997
R5.SL.R2.VOL.low.maker.sl0.2,2025-10-26,12.629999999999999
R5.SL.R2.VOL.low.maker.sl0.2,2025-10-28,-4.68
R5.SL.R2.VOL.low.maker.sl0.2,2025-10-29,-4.55
R5.SL.R2.VOL.low.maker.sl0.2,2025-10-30,0.16000000000000014
R5.SL.R2.VOL.low.maker.sl0.2,2025-10-31,-2.32
R5.SL.R2.VOL.low.maker.sl0.2,2025-11-01,-21.66
R5.SL.R2.VOL.low.maker.sl0.2,2025-11-02,-0.4800000000000004
R5.SL.R2.VOL.low.maker.sl0.2,2025-11-03,2.07
R5.SL.R2.VOL.low.maker.sl0.2,2025-11-04,-2.32
R5.SL.R2.VOL.low.maker.sl0.2,2025-11-05,-2.32
R5.SL.R2.VOL.low.maker.sl0.2,2025-11-06,6.71
R5.SL.R2.VOL.low.maker.sl0.2,2025-11-07,1.52
R5.SL.R2.VOL.low.maker.sl0.2,2025-11-08,-16.43
R5.SL.R2.VOL.low.maker.sl0.2,2025-11-09,20.5
R5.SL.R2.VOL.low.maker.sl0.2,2025-11-10,-2.3
R5.SL.R2.VOL.low.maker.sl0.2,2025-11-11,-4.62
R5.SL.R2.VOL.low.maker.sl0.2,2025-11-12,-0.74
R5.SL.R2.VOL.low.maker.sl0.2,2025-11-13,1.08
R5.SL.R2.VOL.low.maker.sl0.2,2025-11-14,-2.33
R5.SL.R2.VOL.low.maker.sl0.2,2025-11-15,-0.33000000000000007
R5.SL.R2.VOL.low.maker.sl0.2,2025-11-16,-2.36
R5.SL.R2.VOL.low.maker.sl0.2,2025-11-18,2.5200000000000005
R5.SL.R2.VOL.low.maker.sl0.2,2025-11-19,-2.53
R5.SL.R2.VOL.low.maker.sl0.2,2025-11-20,-4.619999999999999
R5.SL.R2.VOL.low.maker.sl0.2,2025-11-21,4.55
R5.SL.R2.VOL.low.maker.sl0.2,2025-11-22,-28.08
R5.SL.R2.VOL.low.maker.sl0.2,2025-11-23,5.180000000000001
R5.SL.R2.VOL.low.maker.sl0.2,2025-11-24,-1.83
R5.SL.R2.VOL.low.maker.sl0.2,2025-11-25,3.46
R5.SL.R2.VOL.low.maker.sl0.2,2025-11-27,-2.31
R5.SL.R2.VOL.low.maker.sl0.2,2025-11-28,0.3700000000000001
R5.SL.R2.VOL.low.maker.sl0.2,2025-11-29,-1.9099999999999984
R5.SL.R2.VOL.low.maker.sl0.2,2025-11-30,1.2200000000000002
R5.SL.R2.VOL.low.maker.sl0.2,2025-12-05,-7.77
R5.SL.R2.VOL.low.maker.sl0.2,2025-12-06,-2.87
R5.SL.R2.VOL.low.maker.sl0.2,2025-12-07,-4.7700000000000005
R5.SL.R2.VOL.low.maker.sl0.2,2025-12-11,-2.27
R5.SL.R2.VOL.low.maker.sl0.2,2025-12-13,-4.49
R5.SL.R2.VOL.low.maker.sl0.2,2025-12-14,-0.16999999999999904
R5.SL.R2.VOL.low.maker.sl0.2,2025-12-15,3.16
R5.SL.R2.VOL.low.maker.sl0.2,2025-12-16,-2.39
R5.SL.R2.VOL.low.maker.sl0.2,2025-12-17,1.35
R5.SL.R2.VOL.low.maker.sl0.2,2025-12-18,-2.42
R5.SL.R2.VOL.low.maker.sl0.2,2025-12-19,2.26
R5.SL.R2.VOL.low.maker.sl0.2,2025-12-20,2.28
R5.SL.R2.VOL.low.maker.sl0.2,2025-12-21,1.8200000000000012
R5.SL.R2.VOL.low.maker.sl0.2,2025-12-22,-2.18
R5.SL.R2.VOL.low.maker.sl0.2,2025-12-23,0.9600000000000004
R5.SL.R2.VOL.low.maker.sl0.2,2025-12-25,-1.63
R5.SL.R2.VOL.low.maker.sl0.2,2025-12-26,-0.6199999999999999
R5.SL.R2.VOL.low.maker.sl0.2,2025-12-27,14.35
R5.SL.R2.VOL.low.maker.sl0.2,2025-12-28,-2.0100000000000002
R5.SL.R2.VOL.low.maker.sl0.2,2025-12-29,1.08
R5.SL.R2.VOL.low.maker.sl0.2,2025-12-30,-0.03999999999999915
R5.SL.R2.VOL.low.maker.sl0.2,2025-12-31,-9.219999999999999
R5.SL.R2.VOL.low.maker.sl0.2,2026-01-02,1.25
R5.SL.R2.VOL.low.maker.sl0.2,2026-01-03,-4.35
R5.SL.R2.VOL.low.maker.sl0.2,2026-01-04,-16.55
R5.SL.R2.VOL.low.maker.sl0.2,2026-01-08,-2.42
R5.SL.R2.VOL.low.maker.sl0.2,2026-01-11,-2.33
R5.SL.R2.VOL.low.maker.sl0.2,2026-01-17,-2.31
R5.SL.R2.VOL.low.maker.sl0.2,2026-01-18,-2.28
R5.SL.R1.A.I12.A1.W300.sl0.1,2025-09-08,-1.31
R5.SL.R1.A.I12.A1.W300.sl0.1,2025-09-11,1.15
R5.SL.R1.A.I12.A1.W300.sl0.1,2025-09-12,2.8600000000000003
R5.SL.R1.A.I12.A1.W300.sl0.1,2025-09-13,-13.83
R5.SL.R1.A.I12.A1.W300.sl0.1,2025-09-14,-12.05
R5.SL.R1.A.I12.A1.W300.sl0.1,2025-09-15,1.76
R5.SL.R1.A.I12.A1.W300.sl0.1,2025-09-18,-2.59
R5.SL.R1.A.I12.A1.W300.sl0.1,2025-09-19,5.34
R5.SL.R1.A.I12.A1.W300.sl0.1,2025-09-20,-15.27
R5.SL.R1.A.I12.A1.W300.sl0.1,2025-09-21,-6.65
R5.SL.R1.A.I12.A1.W300.sl0.1,2025-09-22,7.06
R5.SL.R1.A.I12.A1.W300.sl0.1,2025-09-25,-2.49
R5.SL.R1.A.I12.A1.W300.sl0.1,2025-09-26,-1.52
R5.SL.R1.A.I12.A1.W300.sl0.1,2025-09-27,-13.07
R5.SL.R1.A.I12.A1.W300.sl0.1,2025-09-28,-8.22
R5.SL.R1.A.I12.A1.W300.sl0.1,2025-09-29,8.8
R5.SL.R1.A.I12.A1.W300.sl0.1,2025-10-02,-1.33
R5.SL.R1.A.I12.A1.W300.sl0.1,2025-10-03,1.9599999999999997
R5.SL.R1.A.I12.A1.W300.sl0.1,2025-10-04,-16.189999999999998
R5.SL.R1.A.I12.A1.W300.sl0.1,2025-10-05,10.44
R5.SL.R1.A.I12.A1.W300.sl0.1,2025-10-06,-1.31
R5.SL.R1.A.I12.A1.W300.sl0.1,2025-10-09,-5.5
R5.SL.R1.A.I12.A1.W300.sl0.1,2025-10-10,-3.99
R5.SL.R1.A.I12.A1.W300.sl0.1,2025-10-11,-0.3900000000000001
R5.SL.R1.A.I12.A1.W300.sl0.1,2025-10-12,-4.800000000000001
R5.SL.R1.A.I12.A1.W300.sl0.1,2025-10-13,-2.63
R5.SL.R1.A.I12.A1.W300.sl0.1,2025-10-14,-2.52
R5.SL.R1.A.I12.A1.W300.sl0.1,2025-10-15,-2.64
R5.SL.R1.A.I12.A1.W300.sl0.1,2025-10-16,8.27
R5.SL.R1.A.I12.A1.W300.sl0.1,2025-10-17,-4.33
R5.SL.R1.A.I12.A1.W300.sl0.1,2025-10-18,-14.34
R5.SL.R1.A.I12.A1.W300.sl0.1,2025-10-19,5.04
R5.SL.R1.A.I12.A1.W300.sl0.1,2025-10-20,-2.54
R5.SL.R1.A.I12.A1.W300.sl0.1,2025-10-21,-2.81
R5.SL.R1.A.I12.A1.W300.sl0.1,2025-10-22,-2.64
R5.SL.R1.A.I12.A1.W300.sl0.1,2025-10-23,-0.5599999999999999
R5.SL.R1.A.I12.A1.W300.sl0.1,2025-10-24,-0.92
R5.SL.R1.A.I12.A1.W300.sl0.1,2025-10-25,-12.26
R5.SL.R1.A.I12.A1.W300.sl0.1,2025-10-26,-9.23
R5.SL.R1.A.I12.A1.W300.sl0.1,2025-10-27,-1.22
R5.SL.R1.A.I12.A1.W300.sl0.1,2025-10-28,-3.17
R5.SL.R1.A.I12.A1.W300.sl0.1,2025-10-29,-1.29
R5.SL.R1.A.I12.A1.W300.sl0.1,2025-10-30,16.14
R5.SL.R1.A.I12.A1.W300.sl0.1,2025-10-31,-1.29
R5.SL.R1.A.I12.A1.W300.sl0.1,2025-11-01,-24.46
R5.SL.R1.A.I12.A1.W300.sl0.1,2025-11-02,0.7000000000000002
R5.SL.R1.A.I12.A1.W300.sl0.1,2025-11-03,-1.33
R5.SL.R1.A.I12.A1.W300.sl0.1,2025-11-04,-1.23
R5.SL.R1.A.I12.A1.W300.sl0.1,2025-11-05,-1.29
R5.SL.R1.A.I12.A1.W300.sl0.1,2025-11-06,3.92
R5.SL.R1.A.I12.A1.W300.sl0.1,2025-11-07,-4.29
R5.SL.R1.A.I12.A1.W300.sl0.1,2025-11-08,0.05999999999999894
R5.SL.R1.A.I12.A1.W300.sl0.1,2025-11-09,-3.1100000000000003
R5.SL.R1.A.I12.A1.W300.sl0.1,2025-11-10,-1.33
R5.SL.R1.A.I12.A1.W300.sl0.1,2025-11-11,-3.34
R5.SL.R1.A.I12.A1.W300.sl0.1,2025-11-12,5.15
R5.SL.R1.A.I12.A1.W300.sl0.1,2025-11-13,-1.6400000000000001
R5.SL.R1.A.I12.A1.W300.sl0.1,2025-11-14,-1.32
R5.SL.R1.A.I12.A1.W300.sl0.1,2025-11-15,-9.959999999999999
R5.SL.R1.A.I12.A1.W300.sl0.1,2025-11-16,-3.6100000000000008
R5.SL.R1.A.I12.A1.W300.sl0.1,2025-11-17,-1.31
R5.SL.R1.A.I12.A1.W300.sl0.1,2025-11-18,-1.32
R5.SL.R1.A.I12.A1.W300.sl0.1,2025-11-19,-1.62
R5.SL.R1.A.I12.A1.W300.sl0.1,2025-11-20,-2.95
R5.SL.R1.A.I12.A1.W300.sl0.1,2025-11-21,-1.32
R5.SL.R1.A.I12.A1.W300.sl0.1,2025-11-22,-27.88
R5.SL.R1.A.I12.A1.W300.sl0.1,2025-11-23,-3.58
R5.SL.R1.A.I12.A1.W300.sl0.1,2025-11-24,2.26
R5.SL.R1.A.I12.A1.W300.sl0.1,2025-11-27,-5.53
R5.SL.R1.A.I12.A1.W300.sl0.1,2025-11-28,-12.67
R5.SL.R1.A.I12.A1.W300.sl0.1,2025-11-29,-26.93
R5.SL.R1.A.I12.A1.W300.sl0.1,2025-11-30,-7.03
R5.SL.R1.A.I12.A1.W300.sl0.1,2025-12-01,-1.24
R5.SL.R1.A.I12.A1.W300.sl0.1,2025-12-04,3.36
R5.SL.R1.A.I12.A1.W300.sl0.1,2025-12-05,0.050000000000000044
R5.SL.R1.A.I12.A1.W300.sl0.1,2025-12-06,-4.13
R5.SL.R1.A.I12.A1.W300.sl0.1,2025-12-07,12.07
R5.SL.R1.A.I12.A1.W300.sl0.1,2025-12-11,-1.33
R5.SL.R1.A.I12.A1.W300.sl0.1,2025-12-13,-2.54
R5.SL.R1.A.I12.A1.W300.sl0.1,2025-12-14,-11.09
R5.SL.R1.A.I12.A1.W300.sl0.1,2025-12-15,-1.24
R5.SL.R1.A.I12.A1.W300.sl0.1,2025-12-16,-1.55
R5.SL.R1.A.I12.A1.W300.sl0.1,2025-12-17,-3.13
R5.SL.R1.A.I12.A1.W300.sl0.1,2025-12-18,-2.56
R5.SL.R1.A.I12.A1.W300.sl0.1,2025-12-19,-2.3899999999999997
R5.SL.R1.A.I12.A1.W300.sl0.1,2025-12-20,-4.35
R5.SL.R1.A.I12.A1.W300.sl0.1,2025-12-21,-2.35
R5.SL.R1.A.I12.A1.W300.sl0.1,2025-12-22,-2.56
R5.SL.R1.A.I12.A1.W300.sl0.1,2025-12-23,-3.89
R5.SL.R1.A.I12.A1.W300.sl0.1,2025-12-24,-1.43
R5.SL.R1.A.I12.A1.W300.sl0.1,2025-12-25,-1.27
R5.SL.R1.A.I12.A1.W300.sl0.1,2025-12-26,-0.09999999999999987
R5.SL.R1.A.I12.A1.W300.sl0.1,2025-12-27,0.08000000000000007
R5.SL.R1.A.I12.A1.W300.sl0.1,2025-12-28,-2.1400000000000006
R5.SL.R1.A.I12.A1.W300.sl0.1,2025-12-29,-2.49
R5.SL.R1.A.I12.A1.W300.sl0.1,2025-12-30,-4.01
R5.SL.R1.A.I12.A1.W300.sl0.1,2025-12-31,7.1
R5.SL.R1.A.I12.A1.W300.sl0.1,2026-01-01,2.0500000000000003
R5.SL.R1.A.I12.A1.W300.sl0.1,2026-01-02,-2.7199999999999998
R5.SL.R1.A.I12.A1.W300.sl0.1,2026-01-03,-2.6
R5.SL.R1.A.I12.A1.W300.sl0.1,2026-01-04,-11.35
R5.SL.R1.A.I12.A1.W300.sl0.1,2026-01-08,-1.32
R5.SL.R1.A.I12.A1.W300.sl0.1,2026-01-09,3.95
R5.SL.R1.A.I12.A1.W300.sl0.1,2026-01-10,-2.64
R5.SL.R1.A.I12.A1.W300.sl0.1,2026-01-11,4.89
R5.SL.R1.A.I12.A1.W300.sl0.1,2026-01-12,-1.26
R5.SL.R1.A.I12.A1.W300.sl0.1,2026-01-17,-1.33
R5.SL.R1.A.I12.A1.W300.sl0.1,2026-01-18,-2.6799999999999997
R5.SL.R1.A.I12.A1.W300.sl0.2,2025-09-08,-2.42
R5.SL.R1.A.I12.A1.W300.sl0.2,2025-09-11,7.91
R5.SL.R1.A.I12.A1.W300.sl0.2,2025-09-12,0.71
R5.SL.R1.A.I12.A1.W300.sl0.2,2025-09-13,-11.049999999999999
R5.SL.R1.A.I12.A1.W300.sl0.2,2025-09-14,-13.75
R5.SL.R1.A.I12.A1.W300.sl0.2,2025-09-15,0.79
R5.SL.R1.A.I12.A1.W300.sl0.2,2025-09-18,-0.5099999999999998
R5.SL.R1.A.I12.A1.W300.sl0.2,2025-09-19,4.37
R5.SL.R1.A.I12.A1.W300.sl0.2,2025-09-20,-25.810000000000002
R5.SL.R1.A.I12.A1.W300.sl0.2,2025-09-21,7.68
R5.SL.R1.A.I12.A1.W300.sl0.2,2025-09-22,7.06
R5.SL.R1.A.I12.A1.W300.sl0.2,2025-09-25,-4.029999999999999
R5.SL.R1.A.I12.A1.W300.sl0.2,2025-09-26,-2.32
R5.SL.R1.A.I12.A1.W300.sl0.2,2025-09-27,-6.419999999999998
R5.SL.R1.A.I12.A1.W300.sl0.2,2025-09-28,-0.7399999999999998
R5.SL.R1.A.I12.A1.W300.sl0.2,2025-09-29,8.8
R5.SL.R1.A.I12.A1.W300.sl0.2,2025-10-02,-2.31
R5.SL.R1.A.I12.A1.W300.sl0.2,2025-10-03,0.8999999999999999
R5.SL.R1.A.I12.A1.W300.sl0.2,2025-10-04,-22.58
R5.SL.R1.A.I12.A1.W300.sl0.2,2025-10-05,3.5400000000000014
R5.SL.R1.A.I12.A1.W300.sl0.2,2025-10-06,-2.32
R5.SL.R1.A.I12.A1.W300.sl0.2,2025-10-09,-9.56
R5.SL.R1.A.I12.A1.W300.sl0.2,2025-10-10,1.6200000000000006
R5.SL.R1.A.I12.A1.W300.sl0.2,2025-10-11,-6.66
R5.SL.R1.A.I12.A1.W300.sl0.2,2025-10-12,-9.23
R5.SL.R1.A.I12.A1.W300.sl0.2,2025-10-13,-4.890000000000001
R5.SL.R1.A.I12.A1.W300.sl0.2,2025-10-14,3.6899999999999995
R5.SL.R1.A.I12.A1.W300.sl0.2,2025-10-15,-4.89
R5.SL.R1.A.I12.A1.W300.sl0.2,2025-10-16,8.27
R5.SL.R1.A.I12.A1.W300.sl0.2,2025-10-17,-6.8999999999999995
R5.SL.R1.A.I12.A1.W300.sl0.2,2025-10-18,-8.229999999999999
R5.SL.R1.A.I12.A1.W300.sl0.2,2025-10-19,24.21
R5.SL.R1.A.I12.A1.W300.sl0.2,2025-10-20,-0.8499999999999999
R5.SL.R1.A.I12.A1.W300.sl0.2,2025-10-21,-0.26000000000000023
R5.SL.R1.A.I12.A1.W300.sl0.2,2025-10-22,0.54
R5.SL.R1.A.I12.A1.W300.sl0.2,2025-10-23,-1.5
R5.SL.R1.A.I12.A1.W300.sl0.2,2025-10-24,-0.92
R5.SL.R1.A.I12.A1.W300.sl0.2,2025-10-25,-27.43
R5.SL.R1.A.I12.A1.W300.sl0.2,2025-10-26,-7.720000000000001
R5.SL.R1.A.I12.A1.W300.sl0.2,2025-10-27,-2.16
R5.SL.R1.A.I12.A1.W300.sl0.2,2025-10-28,-4.13
R5.SL.R1.A.I12.A1.W300.sl0.2,2025-10-29,-2.25
R5.SL.R1.A.I12.A1.W300.sl0.2,2025-10-30,16.14
R5.SL.R1.A.I12.A1.W300.sl0.2,2025-10-31,-2.25
R5.SL.R1.A.I12.A1.W300.sl0.2,2025-11-01,-19.65
R5.SL.R1.A.I12.A1.W300.sl0.2,2025-11-02,-0.040000000000000924
R5.SL.R1.A.I12.A1.W300.sl0.2,2025-11-03,-2.31
R5.SL.R1.A.I12.A1.W300.sl0.2,2025-11-04,0.78
R5.SL.R1.A.I12.A1.W300.sl0.2,2025-11-05,-2.24
R5.SL.R1.A.I12.A1.W300.sl0.2,2025-11-06,9.99
R5.SL.R1.A.I12.A1.W300.sl0.2,2025-11-07,-2.47
R5.SL.R1.A.I12.A1.W300.sl0.2,2025-11-08,37.370000000000005
R5.SL.R1.A.I12.A1.W300.sl0.2,2025-11-09,-4.449999999999999
R5.SL.R1.A.I12.A1.W300.sl0.2,2025-11-10,4.45
R5.SL.R1.A.I12.A1.W300.sl0.2,2025-11-11,-4.63
R5.SL.R1.A.I12.A1.W300.sl0.2,2025-11-12,5.15
R5.SL.R1.A.I12.A1.W300.sl0.2,2025-11-13,-1.73
R5.SL.R1.A.I12.A1.W300.sl0.2,2025-11-14,-2.4
R5.SL.R1.A.I12.A1.W300.sl0.2,2025-11-15,-4.620000000000001
R5.SL.R1.A.I12.A1.W300.sl0.2,2025-11-16,2.73
R5.SL.R1.A.I12.A1.W300.sl0.2,2025-11-17,-2.28
R5.SL.R1.A.I12.A1.W300.sl0.2,2025-11-18,-2.4
R5.SL.R1.A.I12.A1.W300.sl0.2,2025-11-19,-2.69
R5.SL.R1.A.I12.A1.W300.sl0.2,2025-11-20,14.52
R5.SL.R1.A.I12.A1.W300.sl0.2,2025-11-21,5.15
R5.SL.R1.A.I12.A1.W300.sl0.2,2025-11-22,-26.380000000000003
R5.SL.R1.A.I12.A1.W300.sl0.2,2025-11-23,5.45
R5.SL.R1.A.I12.A1.W300.sl0.2,2025-11-24,2.26
R5.SL.R1.A.I12.A1.W300.sl0.2,2025-11-27,-0.6000000000000001
R5.SL.R1.A.I12.A1.W300.sl0.2,2025-11-28,-18.349999999999998
R5.SL.R1.A.I12.A1.W300.sl0.2,2025-11-29,-32.51
R5.SL.R1.A.I12.A1.W300.sl0.2,2025-11-30,-6.529999999999999
R5.SL.R1.A.I12.A1.W300.sl0.2,2025-12-01,0.98
R5.SL.R1.A.I12.A1.W300.sl0.2,2025-12-04,3.36
R5.SL.R1.A.I12.A1.W300.sl0.2,2025-12-05,-1.1199999999999999
R5.SL.R1.A.I12.A1.W300.sl0.2,2025-12-06,0.5900000000000003
R5.SL.R1.A.I12.A1.W300.sl0.2,2025-12-07,11.16
R5.SL.R1.A.I12.A1.W300.sl0.2,2025-12-11,-2.32
R5.SL.R1.A.I12.A1.W300.sl0.2,2025-12-13,-4.47
R5.SL.R1.A.I12.A1.W300.sl0.2,2025-12-14,-12.129999999999999
R5.SL.R1.A.I12.A1.W300.sl0.2,2025-12-15,-2.18
R5.SL.R1.A.I12.A1.W300.sl0.2,2025-12-16,-2.31
R5.SL.R1.A.I12.A1.W300.sl0.2,2025-12-17,3.0399999999999996
R5.SL.R1.A.I12.A1.W300.sl0.2,2025-12-18,-4.49
R5.SL.R1.A.I12.A1.W300.sl0.2,2025-12-19,5.94
R5.SL.R1.A.I12.A1.W300.sl0.2,2025-12-20,5.9
R5.SL.R1.A.I12.A1.W300.sl0.2,2025-12-21,-8.09
R5.SL.R1.A.I12.A1.W300.sl0.2,2025-12-22,1.4699999999999998
R5.SL.R1.A.I12.A1.W300.sl0.2,2025-12-23,-6.89
R5.SL.R1.A.I12.A1.W300.sl0.2,2025-12-24,-2.32
R5.SL.R1.A.I12.A1.W300.sl0.2,2025-12-25,1.37
R5.SL.R1.A.I12.A1.W300.sl0.2,2025-12-26,4.699999999999999
R5.SL.R1.A.I12.A1.W300.sl0.2,2025-12-27,14.53
R5.SL.R1.A.I12.A1.W300.sl0.2,2025-12-28,-7.67
R5.SL.R1.A.I12.A1.W300.sl0.2,2025-12-29,-4.390000000000001
R5.SL.R1.A.I12.A1.W300.sl0.2,2025-12-30,-6.83
R5.SL.R1.A.I12.A1.W300.sl0.2,2025-12-31,4.1
R5.SL.R1.A.I12.A1.W300.sl0.2,2026-01-01,0.010000000000000231
R5.SL.R1.A.I12.A1.W300.sl0.2,2026-01-02,-5.09
R5.SL.R1.A.I12.A1.W300.sl0.2,2026-01-03,0.5099999999999998
R5.SL.R1.A.I12.A1.W300.sl0.2,2026-01-04,-14.86
R5.SL.R1.A.I12.A1.W300.sl0.2,2026-01-08,-2.42
R5.SL.R1.A.I12.A1.W300.sl0.2,2026-01-09,3.95
R5.SL.R1.A.I12.A1.W300.sl0.2,2026-01-10,-4.65
R5.SL.R1.A.I12.A1.W300.sl0.2,2026-01-11,2.87
R5.SL.R1.A.I12.A1.W300.sl0.2,2026-01-12,-2.31
R5.SL.R1.A.I12.A1.W300.sl0.2,2026-01-17,-2.32
R5.SL.R1.A.I12.A1.W300.sl0.2,2026-01-18,-4.54
R5.ANCHOR,2025-09-08,-7.44
R5.ANCHOR,2025-09-11,-5.25
R5.ANCHOR,2025-09-12,-14.23
R5.ANCHOR,2025-09-13,-17.3
R5.ANCHOR,2025-09-14,8.15
R5.ANCHOR,2025-09-15,-0.7000000000000002
R5.ANCHOR,2025-09-18,-4.96
R5.ANCHOR,2025-09-19,12.01
R5.ANCHOR,2025-09-20,8.25
R5.ANCHOR,2025-09-21,-0.5999999999999996
R5.ANCHOR,2025-09-22,7.87
R5.ANCHOR,2025-09-25,-5.38
R5.ANCHOR,2025-09-26,-6.84
R5.ANCHOR,2025-09-27,-14.330000000000002
R5.ANCHOR,2025-09-28,-6.2299999999999995
R5.ANCHOR,2025-09-29,5.25
R5.ANCHOR,2025-10-02,4.05
R5.ANCHOR,2025-10-03,-9.34
R5.ANCHOR,2025-10-04,-13.03
R5.ANCHOR,2025-10-05,-24.919999999999998
R5.ANCHOR,2025-10-06,-5.65
R5.ANCHOR,2025-10-08,-2.34
R5.ANCHOR,2025-10-09,-3.82
R5.ANCHOR,2025-10-10,-3.25
R5.ANCHOR,2025-10-11,15.790000000000003
R5.ANCHOR,2025-10-12,-11.129999999999999
R5.ANCHOR,2025-10-13,3.41
R5.ANCHOR,2025-10-14,3.9899999999999993
R5.ANCHOR,2025-10-15,-10.1
R5.ANCHOR,2025-10-16,8.64
R5.ANCHOR,2025-10-17,-14.78
R5.ANCHOR,2025-10-18,-32.3
R5.ANCHOR,2025-10-19,18.35
R5.ANCHOR,2025-10-21,6.8
R5.ANCHOR,2025-10-22,-8.190000000000001
R5.ANCHOR,2025-10-23,-4.75
R5.ANCHOR,2025-10-24,-4.6899999999999995
R5.ANCHOR,2025-10-25,-7.199999999999999
R5.ANCHOR,2025-10-26,-16.32
R5.ANCHOR,2025-10-27,2.86
R5.ANCHOR,2025-10-28,-0.8500000000000001
R5.ANCHOR,2025-10-29,-1.0
R5.ANCHOR,2025-10-30,13.11
R5.ANCHOR,2025-10-31,-4.05
R5.ANCHOR,2025-11-01,19.11
R5.ANCHOR,2025-11-02,-11.59
R5.ANCHOR,2025-11-03,-3.85
R5.ANCHOR,2025-11-04,3.46
R5.ANCHOR,2025-11-05,-2.03
R5.ANCHOR,2025-11-06,-5.18
R5.ANCHOR,2025-11-07,-13.73
R5.ANCHOR,2025-11-08,32.35
R5.ANCHOR,2025-11-09,-4.84
R5.ANCHOR,2025-11-10,-4.65
R5.ANCHOR,2025-11-11,11.11
R5.ANCHOR,2025-11-12,5.15
R5.ANCHOR,2025-11-14,-4.55
R5.ANCHOR,2025-11-15,-29.04
R5.ANCHOR,2025-11-16,27.79
R5.ANCHOR,2025-11-18,-9.9
R5.ANCHOR,2025-11-19,4.640000000000001
R5.ANCHOR,2025-11-20,2.42
R5.ANCHOR,2025-11-21,5.25
R5.ANCHOR,2025-11-22,22.599999999999998
R5.ANCHOR,2025-11-23,4.469999999999998
R5.ANCHOR,2025-11-25,4.05
R5.ANCHOR,2025-11-27,-19.349999999999998
R5.ANCHOR,2025-11-28,-5.209999999999999
R5.ANCHOR,2025-11-29,23.8
R5.ANCHOR,2025-11-30,-14.67
R5.ANCHOR,2025-12-04,1.08
R5.ANCHOR,2025-12-05,-3.08
R5.ANCHOR,2025-12-06,8.57
R5.ANCHOR,2025-12-07,-4.540000000000001
R5.ANCHOR,2025-12-11,7.56
R5.ANCHOR,2025-12-13,-4.85
R5.ANCHOR,2025-12-14,6.14
R5.ANCHOR,2025-12-17,8.49
R5.ANCHOR,2025-12-18,9.49
R5.ANCHOR,2025-12-19,-5.37
R5.ANCHOR,2025-12-20,-9.7
R5.ANCHOR,2025-12-21,-12.24
R5.ANCHOR,2025-12-22,-2.44
R5.ANCHOR,2025-12-23,-2.41
R5.ANCHOR,2025-12-24,-6.25
R5.ANCHOR,2025-12-26,0.20000000000000018
R5.ANCHOR,2025-12-27,1.3500000000000005
R5.ANCHOR,2025-12-28,10.82
R5.ANCHOR,2025-12-29,-3.44
R5.ANCHOR,2025-12-30,-1.3399999999999999
R5.ANCHOR,2025-12-31,-16.740000000000002
R5.ANCHOR,2026-01-01,-11.78
R5.ANCHOR,2026-01-02,1.5700000000000003
R5.ANCHOR,2026-01-03,0.21999999999999975
R5.ANCHOR,2026-01-04,-14.249999999999998
R5.ANCHOR,2026-01-08,3.36
R5.ANCHOR,2026-01-10,-6.17
R5.ANCHOR,2026-01-11,11.41
R5.ANCHOR,2026-01-12,-5.55
R5.ANCHOR,2026-01-17,-3.14
R5.ANCHOR,2026-01-18,-0.8700000000000001
R6.BIG.follow.taker,2025-09-08,7.05
R6.BIG.follow.taker,2025-09-11,7.85
R6.BIG.follow.taker,2025-09-12,-0.9499999999999994
R6.BIG.follow.taker,2025-09-13,-15.09
R6.BIG.follow.taker,2025-09-14,-5.869999999999999
R6.BIG.follow.taker,2025-09-15,-9.75
R6.BIG.follow.taker,2025-09-18,-5.47
R6.BIG.follow.taker,2025-09-19,0.6600000000000001
R6.BIG.follow.taker,2025-09-20,-19.740000000000002
R6.BIG.follow.taker,2025-09-21,-3.6100000000000003
R6.BIG.follow.taker,2025-09-22,6.44
R6.BIG.follow.taker,2025-09-25,6.23
R6.BIG.follow.taker,2025-09-26,3.7300000000000004
R6.BIG.follow.taker,2025-09-27,-7.340000000000002
R6.BIG.follow.taker,2025-09-28,-2.0299999999999994
R6.BIG.follow.taker,2025-09-29,-2.4400000000000004
R6.BIG.follow.taker,2025-10-02,1.0399999999999991
R6.BIG.follow.taker,2025-10-03,-14.2
R6.BIG.follow.taker,2025-10-04,-51.6
R6.BIG.follow.taker,2025-10-05,-12.13
R6.BIG.follow.taker,2025-10-06,-7.44
R6.BIG.follow.taker,2025-10-08,-7.79
R6.BIG.follow.taker,2025-10-09,-0.9500000000000011
R6.BIG.follow.taker,2025-10-10,10.870000000000001
R6.BIG.follow.taker,2025-10-11,-23.83
R6.BIG.follow.taker,2025-10-12,0.21999999999999886
R6.BIG.follow.taker,2025-10-13,-12.93
R6.BIG.follow.taker,2025-10-14,-3.6
R6.BIG.follow.taker,2025-10-15,-3.1199999999999997
R6.BIG.follow.taker,2025-10-16,5.98
R6.BIG.follow.taker,2025-10-17,-11.690000000000001
R6.BIG.follow.taker,2025-10-18,26.970000000000002
R6.BIG.follow.taker,2025-10-19,-12.16
R6.BIG.follow.taker,2025-10-20,-5.890000000000001
R6.BIG.follow.taker,2025-10-21,9.64
R6.BIG.follow.taker,2025-10-22,-8.530000000000001
R6.BIG.follow.taker,2025-10-23,-1.5499999999999998
R6.BIG.follow.taker,2025-10-24,-4.77
R6.BIG.follow.taker,2025-10-25,-28.93
R6.BIG.follow.taker,2025-10-26,6.98
R6.BIG.follow.taker,2025-10-27,2.17
R6.BIG.follow.taker,2025-10-28,1.96
R6.BIG.follow.taker,2025-10-29,-1.71
R6.BIG.follow.taker,2025-10-30,2.33
R6.BIG.follow.taker,2025-10-31,-4.14
R6.BIG.follow.taker,2025-11-01,27.53
R6.BIG.follow.taker,2025-11-02,-12.940000000000001
R6.BIG.follow.taker,2025-11-03,5.73
R6.BIG.follow.taker,2025-11-04,-0.54
R6.BIG.follow.taker,2025-11-05,-5.05
R6.BIG.follow.taker,2025-11-06,6.91
R6.BIG.follow.taker,2025-11-07,-10.53
R6.BIG.follow.taker,2025-11-08,-10.580000000000002
R6.BIG.follow.taker,2025-11-09,20.02
R6.BIG.follow.taker,2025-11-10,-4.07
R6.BIG.follow.taker,2025-11-11,3.8
R6.BIG.follow.taker,2025-11-12,-2.38
R6.BIG.follow.taker,2025-11-13,-4.43
R6.BIG.follow.taker,2025-11-14,-5.38
R6.BIG.follow.taker,2025-11-15,-2.249999999999996
R6.BIG.follow.taker,2025-11-16,2.9599999999999995
R6.BIG.follow.taker,2025-11-17,-4.07
R6.BIG.follow.taker,2025-11-18,8.73
R6.BIG.follow.taker,2025-11-19,-3.5600000000000005
R6.BIG.follow.taker,2025-11-20,-0.6200000000000001
R6.BIG.follow.taker,2025-11-21,11.350000000000001
R6.BIG.follow.taker,2025-11-22,-28.1
R6.BIG.follow.taker,2025-11-23,-21.03
R6.BIG.follow.taker,2025-11-24,-1.7
R6.BIG.follow.taker,2025-11-25,-3.79
R6.BIG.follow.taker,2025-11-27,13.3
R6.BIG.follow.taker,2025-11-28,-4.629999999999999
R6.BIG.follow.taker,2025-11-29,5.900000000000003
R6.BIG.follow.taker,2025-11-30,27.130000000000003
R6.BIG.follow.taker,2025-12-01,1.03
R6.BIG.follow.taker,2025-12-04,3.63
R6.BIG.follow.taker,2025-12-05,-2.3499999999999996
R6.BIG.follow.taker,2025-12-06,-10.75
R6.BIG.follow.taker,2025-12-07,-13.820000000000002
R6.BIG.follow.taker,2025-12-08,-4.78
R6.BIG.follow.taker,2025-12-11,6.44
R6.BIG.follow.taker,2025-12-13,-2.3300000000000005
R6.BIG.follow.taker,2025-12-14,21.08
R6.BIG.follow.taker,2025-12-15,-3.56
R6.BIG.follow.taker,2025-12-16,2.56
R6.BIG.follow.taker,2025-12-17,-0.7600000000000007
R6.BIG.follow.taker,2025-12-18,0.5
R6.BIG.follow.taker,2025-12-19,-10.200000000000001
R6.BIG.follow.taker,2025-12-20,1.7600000000000002
R6.BIG.follow.taker,2025-12-21,12.64
R6.BIG.follow.taker,2025-12-22,-7.73
R6.BIG.follow.taker,2025-12-23,-1.6600000000000001
R6.BIG.follow.taker,2025-12-24,-6.47
R6.BIG.follow.taker,2025-12-25,-8.82
R6.BIG.follow.taker,2025-12-26,10.9
R6.BIG.follow.taker,2025-12-27,1.3799999999999994
R6.BIG.follow.taker,2025-12-28,17.42
R6.BIG.follow.taker,2025-12-29,-8.77
R6.BIG.follow.taker,2025-12-30,-17.77
R6.BIG.follow.taker,2025-12-31,7.779999999999999
R6.BIG.follow.taker,2026-01-01,7.3999999999999995
R6.BIG.follow.taker,2026-01-02,-2.63
R6.BIG.follow.taker,2026-01-03,-2.8000000000000003
R6.BIG.follow.taker,2026-01-04,22.06
R6.BIG.follow.taker,2026-01-08,-3.77
R6.BIG.follow.taker,2026-01-09,-2.95
R6.BIG.follow.taker,2026-01-10,-6.05
R6.BIG.follow.taker,2026-01-11,-6.130000000000001
R6.BIG.follow.taker,2026-01-12,4.82
R6.BIG.follow.taker,2026-01-17,6.869999999999999
R6.BIG.follow.taker,2026-01-18,-6.4
R6.BIG.follow.maker,2025-09-08,7.16
R6.BIG.follow.maker,2025-09-11,4.55
R6.BIG.follow.maker,2025-09-12,-0.6099999999999994
R6.BIG.follow.maker,2025-09-13,5.87
R6.BIG.follow.maker,2025-09-14,-3.509999999999999
R6.BIG.follow.maker,2025-09-15,-9.3
R6.BIG.follow.maker,2025-09-18,-1.83
R6.BIG.follow.maker,2025-09-19,1.1100000000000003
R6.BIG.follow.maker,2025-09-20,-29.61
R6.BIG.follow.maker,2025-09-21,-4.7799999999999985
R6.BIG.follow.maker,2025-09-22,6.66
R6.BIG.follow.maker,2025-09-25,6.62
R6.BIG.follow.maker,2025-09-26,-2.79
R6.BIG.follow.maker,2025-09-27,-7.27
R6.BIG.follow.maker,2025-09-28,-1.020000000000001
R6.BIG.follow.maker,2025-09-29,-5.75
R6.BIG.follow.maker,2025-10-02,5.55
R6.BIG.follow.maker,2025-10-03,-6.1899999999999995
R6.BIG.follow.maker,2025-10-04,-24.57
R6.BIG.follow.maker,2025-10-05,-5.64
R6.BIG.follow.maker,2025-10-06,-7.24
R6.BIG.follow.maker,2025-10-08,-7.180000000000001
R6.BIG.follow.maker,2025-10-09,-5.75
R6.BIG.follow.maker,2025-10-10,10.0
R6.BIG.follow.maker,2025-10-11,-23.55
R6.BIG.follow.maker,2025-10-12,10.41
R6.BIG.follow.maker,2025-10-13,-12.59
R6.BIG.follow.maker,2025-10-14,-3.3800000000000003
R6.BIG.follow.maker,2025-10-15,4.15
R6.BIG.follow.maker,2025-10-16,6.2299999999999995
R6.BIG.follow.maker,2025-10-17,-8.27
R6.BIG.follow.maker,2025-10-18,24.409999999999997
R6.BIG.follow.maker,2025-10-19,-11.540000000000001
R6.BIG.follow.maker,2025-10-20,-5.48
R6.BIG.follow.maker,2025-10-21,8.93
R6.BIG.follow.maker,2025-10-22,-8.190000000000001
R6.BIG.follow.maker,2025-10-23,-2.94
R6.BIG.follow.maker,2025-10-24,-4.27
R6.BIG.follow.maker,2025-10-25,-17.82
R6.BIG.follow.maker,2025-10-26,6.990000000000002
R6.BIG.follow.maker,2025-10-27,2.36
R6.BIG.follow.maker,2025-10-28,1.87
R6.BIG.follow.maker,2025-10-29,-1.5899999999999999
R6.BIG.follow.maker,2025-10-30,2.799999999999999
R6.BIG.follow.maker,2025-10-31,-3.46
R6.BIG.follow.maker,2025-11-01,21.61
R6.BIG.follow.maker,2025-11-02,-15.41
R6.BIG.follow.maker,2025-11-03,5.75
R6.BIG.follow.maker,2025-11-04,-0.41
R6.BIG.follow.maker,2025-11-05,-3.24
R6.BIG.follow.maker,2025-11-06,7.39
R6.BIG.follow.maker,2025-11-07,-10.899999999999999
R6.BIG.follow.maker,2025-11-08,4.78
R6.BIG.follow.maker,2025-11-09,17.65
R6.BIG.follow.maker,2025-11-10,-3.85
R6.BIG.follow.maker,2025-11-11,4.220000000000001
R6.BIG.follow.maker,2025-11-12,-3.09
R6.BIG.follow.maker,2025-11-13,-4.07
R6.BIG.follow.maker,2025-11-14,-5.25
R6.BIG.follow.maker,2025-11-15,-17.380000000000003
R6.BIG.follow.maker,2025-11-16,8.559999999999999
R6.BIG.follow.maker,2025-11-17,-3.85
R6.BIG.follow.maker,2025-11-18,8.899999999999999
R6.BIG.follow.maker,2025-11-19,-4.65
R6.BIG.follow.maker,2025-11-20,-6.74
R6.BIG.follow.maker,2025-11-21,6.25
R6.BIG.follow.maker,2025-11-22,-14.620000000000003
R6.BIG.follow.maker,2025-11-23,-20.53
R6.BIG.follow.maker,2025-11-24,-1.53
R6.BIG.follow.maker,2025-11-25,-0.31
R6.BIG.follow.maker,2025-11-27,14.04
R6.BIG.follow.maker,2025-11-28,-6.149999999999999
R6.BIG.follow.maker,2025-11-29,5.73
R6.BIG.follow.maker,2025-11-30,20.67
R6.BIG.follow.maker,2025-12-01,1.18
R6.BIG.follow.maker,2025-12-04,3.85
R6.BIG.follow.maker,2025-12-05,6.25
R6.BIG.follow.maker,2025-12-06,-9.99
R6.BIG.follow.maker,2025-12-07,-13.75
R6.BIG.follow.maker,2025-12-08,-4.55
R6.BIG.follow.maker,2025-12-11,6.76
R6.BIG.follow.maker,2025-12-13,-3.9799999999999995
R6.BIG.follow.maker,2025-12-14,16.28
R6.BIG.follow.maker,2025-12-15,-3.34
R6.BIG.follow.maker,2025-12-16,2.86
R6.BIG.follow.maker,2025-12-17,-0.2999999999999998
R6.BIG.follow.maker,2025-12-18,3.46
R6.BIG.follow.maker,2025-12-19,-3.96
R6.BIG.follow.maker,2025-12-20,2.8199999999999994
R6.BIG.follow.maker,2025-12-21,2.83
R6.BIG.follow.maker,2025-12-22,-7.29
R6.BIG.follow.maker,2025-12-23,-1.0100000000000002
R6.BIG.follow.maker,2025-12-24,-6.25
R6.BIG.follow.maker,2025-12-25,-8.29
R6.BIG.follow.maker,2025-12-26,6.71
R6.BIG.follow.maker,2025-12-27,11.629999999999999
R6.BIG.follow.maker,2025-12-28,15.870000000000001
R6.BIG.follow.maker,2025-12-29,-8.370000000000001
R6.BIG.follow.maker,2025-12-30,-10.08
R6.BIG.follow.maker,2025-12-31,8.77
R6.BIG.follow.maker,2026-01-01,8.06
R6.BIG.follow.maker,2026-01-02,-1.9500000000000006
R6.BIG.follow.maker,2026-01-03,-4.55
R6.BIG.follow.maker,2026-01-04,21.07
R6.BIG.follow.maker,2026-01-08,-3.54
R6.BIG.follow.maker,2026-01-09,-2.74
R6.BIG.follow.maker,2026-01-10,-5.67
R6.BIG.follow.maker,2026-01-11,-5.449999999999999
R6.BIG.follow.maker,2026-01-12,4.95
R6.BIG.follow.maker,2026-01-17,7.3100000000000005
R6.BIG.follow.maker,2026-01-18,-5.98
R6.BIG.fade.taker,2025-09-08,-7.54
R6.BIG.fade.taker,2025-09-11,-9.36
R6.BIG.fade.taker,2025-09-12,-1.5699999999999994
R6.BIG.fade.taker,2025-09-13,-9.56
R6.BIG.fade.taker,2025-09-14,-2.6399999999999997
R6.BIG.fade.taker,2025-09-15,8.46
R6.BIG.fade.taker,2025-09-18,4.16
R6.BIG.fade.taker,2025-09-19,-2.0300000000000002
R6.BIG.fade.taker,2025-09-20,16.51
R6.BIG.fade.taker,2025-09-21,-4.750000000000002
R6.BIG.fade.taker,2025-09-22,-7.15
R6.BIG.fade.taker,2025-09-25,-7.49
R6.BIG.fade.taker,2025-09-26,-5.7700000000000005
R6.BIG.fade.taker,2025-09-27,-8.38
R6.BIG.fade.taker,2025-09-28,-5.9399999999999995
R6.BIG.fade.taker,2025-09-29,0.9499999999999993
R6.BIG.fade.taker,2025-10-02,-2.64
R6.BIG.fade.taker,2025-10-03,11.52
R6.BIG.fade.taker,2025-10-04,29.220000000000002
R6.BIG.fade.taker,2025-10-05,4.670000000000002
R6.BIG.fade.taker,2025-10-06,6.85
R6.BIG.fade.taker,2025-10-08,6.239999999999999
R6.BIG.fade.taker,2025-10-09,-4.99
R6.BIG.fade.taker,2025-10-10,-12.62
R6.BIG.fade.taker,2025-10-11,-5.66
R6.BIG.fade.taker,2025-10-12,-8.93
R6.BIG.fade.taker,2025-10-13,11.649999999999999
R6.BIG.fade.taker,2025-10-14,2.48
R6.BIG.fade.taker,2025-10-15,1.6500000000000004
R6.BIG.fade.taker,2025-10-16,-7.089999999999999
R6.BIG.fade.taker,2025-10-17,9.31
R6.BIG.fade.taker,2025-10-18,-53.48
R6.BIG.fade.taker,2025-10-19,3.54
R6.BIG.fade.taker,2025-10-20,4.82
R6.BIG.fade.taker,2025-10-21,-10.76
R6.BIG.fade.taker,2025-10-22,7.1899999999999995
R6.BIG.fade.taker,2025-10-23,0.4500000000000002
R6.BIG.fade.taker,2025-10-24,2.8899999999999997
R6.BIG.fade.taker,2025-10-25,16.62
R6.BIG.fade.taker,2025-10-26,-13.67
R6.BIG.fade.taker,2025-10-27,-2.64
R6.BIG.fade.taker,2025-10-28,-2.66
R6.BIG.fade.taker,2025-10-29,0.6799999999999997
R6.BIG.fade.taker,2025-10-30,-4.17
R6.BIG.fade.taker,2025-10-31,2.57
R6.BIG.fade.taker,2025-11-01,-51.81
R6.BIG.fade.taker,2025-11-02,6.260000000000001
R6.BIG.fade.taker,2025-11-03,-6.27
R6.BIG.fade.taker,2025-11-04,4.6899999999999995
R6.BIG.fade.taker,2025-11-05,4.07
R6.BIG.fade.taker,2025-11-06,-8.38
R6.BIG.fade.taker,2025-11-07,8.04
R6.BIG.fade.taker,2025-11-08,-12.97
R6.BIG.fade.taker,2025-11-09,-27.900000000000002
R6.BIG.fade.taker,2025-11-10,3.53
R6.BIG.fade.taker,2025-11-11,-4.970000000000001
R6.BIG.fade.taker,2025-11-12,3.0300000000000002
R6.BIG.fade.taker,2025-11-13,3.48
R6.BIG.fade.taker,2025-11-14,4.4
R6.BIG.fade.taker,2025-11-15,-17.89
R6.BIG.fade.taker,2025-11-16,-11.45
R6.BIG.fade.taker,2025-11-17,3.43
R6.BIG.fade.taker,2025-11-18,-10.3
R6.BIG.fade.taker,2025-11-19,2.5199999999999996
R6.BIG.fade.taker,2025-11-20,-1.21
R6.BIG.fade.taker,2025-11-21,-12.74
R6.BIG.fade.taker,2025-11-22,-0.19999999999999984
R6.BIG.fade.taker,2025-11-23,13.780000000000001
R6.BIG.fade.taker,2025-11-24,1.22
R6.BIG.fade.taker,2025-11-25,2.75
R6.BIG.fade.taker,2025-11-27,-15.790000000000001
R6.BIG.fade.taker,2025-11-28,-3.6899999999999995
R6.BIG.fade.taker,2025-11-29,-34.230000000000004
R6.BIG.fade.taker,2025-11-30,-33.74
R6.BIG.fade.taker,2025-12-01,-1.59
R6.BIG.fade.taker,2025-12-04,-4.27
R6.BIG.fade.taker,2025-12-05,-0.11000000000000032
R6.BIG.fade.taker,2025-12-06,12.18
R6.BIG.fade.taker,2025-12-07,6.720000000000001
R6.BIG.fade.taker,2025-12-08,4.12
R6.BIG.fade.taker,2025-12-11,-6.96
R6.BIG.fade.taker,2025-12-13,-0.3700000000000001
R6.BIG.fade.taker,2025-12-14,-28.78
R6.BIG.fade.taker,2025-12-15,2.95
R6.BIG.fade.taker,2025-12-16,-3.25
R6.BIG.fade.taker,2025-12-17,-0.6600000000000001
R6.BIG.fade.taker,2025-12-18,-1.7000000000000002
R6.BIG.fade.taker,2025-12-19,8.129999999999999
R6.BIG.fade.taker,2025-12-20,-4.63
R6.BIG.fade.taker,2025-12-21,-19.68
R6.BIG.fade.taker,2025-12-22,6.380000000000001
R6.BIG.fade.taker,2025-12-23,0.009999999999999232
R6.BIG.fade.taker,2025-12-24,5.62
R6.BIG.fade.taker,2025-12-25,7.16
R6.BIG.fade.taker,2025-12-26,-12.91
R6.BIG.fade.taker,2025-12-27,-2.5300000000000002
R6.BIG.fade.taker,2025-12-28,-24.11
R6.BIG.fade.taker,2025-12-29,7.63
R6.BIG.fade.taker,2025-12-30,15.91
R6.BIG.fade.taker,2025-12-31,-11.100000000000001
R6.BIG.fade.taker,2026-01-01,-9.29
R6.BIG.fade.taker,2026-01-02,0.3100000000000005
R6.BIG.fade.taker,2026-01-03,1.5799999999999996
R6.BIG.fade.taker,2026-01-04,-28.57
R6.BIG.fade.taker,2026-01-08,3.14
R6.BIG.fade.taker,2026-01-09,2.36
R6.BIG.fade.taker,2026-01-10,5.0600000000000005
R6.BIG.fade.taker,2026-01-11,4.07
R6.BIG.fade.taker,2026-01-12,-5.38
R6.BIG.fade.taker,2026-01-17,-8.129999999999999
R6.BIG.fade.taker,2026-01-18,5.3100000000000005
R6.BIG.fade.maker,2025-09-08,-7.44
R6.BIG.fade.maker,2025-09-11,-9.0
R6.BIG.fade.maker,2025-09-12,-8.5
R6.BIG.fade.maker,2025-09-13,-16.300000000000004
R6.BIG.fade.maker,2025-09-14,9.61
R6.BIG.fade.maker,2025-09-15,8.809999999999999
R6.BIG.fade.maker,2025-09-18,4.33
R6.BIG.fade.maker,2025-09-19,5.25
R6.BIG.fade.maker,2025-09-20,3.6399999999999992
R6.BIG.fade.maker,2025-09-21,-9.300000000000002
R6.BIG.fade.maker,2025-09-25,-1.73
R6.BIG.fade.maker,2025-09-26,-2.4899999999999993
R6.BIG.fade.maker,2025-09-27,-7.820000000000001
R6.BIG.fade.maker,2025-09-28,4.209999999999999
R6.BIG.fade.maker,2025-09-29,1.71
R6.BIG.fade.maker,2025-10-02,-2.0999999999999996
R6.BIG.fade.maker,2025-10-03,11.760000000000002
R6.BIG.fade.maker,2025-10-04,37.17
R6.BIG.fade.maker,2025-10-05,-6.579999999999999
R6.BIG.fade.maker,2025-10-06,6.86
R6.BIG.fade.maker,2025-10-09,5.65
R6.BIG.fade.maker,2025-10-10,-11.81
R6.BIG.fade.maker,2025-10-11,5.219999999999998
R6.BIG.fade.maker,2025-10-12,-6.030000000000001
R6.BIG.fade.maker,2025-10-13,12.21
R6.BIG.fade.maker,2025-10-14,5.35
R6.BIG.fade.maker,2025-10-15,-4.45
R6.BIG.fade.maker,2025-10-16,-6.85
R6.BIG.fade.maker,2025-10-17,14.68
R6.BIG.fade.maker,2025-10-18,-36.38
R6.BIG.fade.maker,2025-10-19,8.260000000000002
R6.BIG.fade.maker,2025-10-20,5.119999999999999
R6.BIG.fade.maker,2025-10-21,-10.17
R6.BIG.fade.maker,2025-10-22,2.26
R6.BIG.fade.maker,2025-10-23,0.5300000000000002
R6.BIG.fade.maker,2025-10-24,2.45
R6.BIG.fade.maker,2025-10-25,12.509999999999998
R6.BIG.fade.maker,2025-10-26,-0.7200000000000011
R6.BIG.fade.maker,2025-10-27,-2.54
R6.BIG.fade.maker,2025-10-28,-2.35
R6.BIG.fade.maker,2025-10-29,3.95
R6.BIG.fade.maker,2025-10-30,-3.5999999999999996
R6.BIG.fade.maker,2025-11-01,-34.629999999999995
R6.BIG.fade.maker,2025-11-02,18.3
R6.BIG.fade.maker,2025-11-03,-5.95
R6.BIG.fade.maker,2025-11-05,1.18
R6.BIG.fade.maker,2025-11-06,-3.44
R6.BIG.fade.maker,2025-11-07,3.0200000000000005
R6.BIG.fade.maker,2025-11-08,-9.719999999999999
R6.BIG.fade.maker,2025-11-09,-22.61
R6.BIG.fade.maker,2025-11-10,3.65
R6.BIG.fade.maker,2025-11-11,3.46
R6.BIG.fade.maker,2025-11-12,3.62
R6.BIG.fade.maker,2025-11-13,2.46
R6.BIG.fade.maker,2025-11-14,4.64
R6.BIG.fade.maker,2025-11-15,2.209999999999999
R6.BIG.fade.maker,2025-11-16,0.39999999999999947
R6.BIG.fade.maker,2025-11-17,3.65
R6.BIG.fade.maker,2025-11-18,-10.01
R6.BIG.fade.maker,2025-11-19,4.35
R6.BIG.fade.maker,2025-11-20,-7.04
R6.BIG.fade.maker,2025-11-21,-12.29
R6.BIG.fade.maker,2025-11-22,4.199999999999998
R6.BIG.fade.maker,2025-11-23,20.59
R6.BIG.fade.maker,2025-11-24,1.37
R6.BIG.fade.maker,2025-11-25,2.56
R6.BIG.fade.maker,2025-11-27,-14.969999999999999
R6.BIG.fade.maker,2025-11-28,-8.420000000000002
R6.BIG.fade.maker,2025-11-29,-20.490000000000002
R6.BIG.fade.maker,2025-11-30,-30.51
R6.BIG.fade.maker,2025-12-01,-1.43
R6.BIG.fade.maker,2025-12-05,0.75
R6.BIG.fade.maker,2025-12-06,7.31
R6.BIG.fade.maker,2025-12-07,10.25
R6.BIG.fade.maker,2025-12-08,4.35
R6.BIG.fade.maker,2025-12-11,-6.94
R6.BIG.fade.maker,2025-12-13,-0.4299999999999997
R6.BIG.fade.maker,2025-12-14,-28.93
R6.BIG.fade.maker,2025-12-16,-2.94
R6.BIG.fade.maker,2025-12-17,-0.2999999999999998
R6.BIG.fade.maker,2025-12-18,-1.29
R6.BIG.fade.maker,2025-12-19,8.99
R6.BIG.fade.maker,2025-12-20,-4.17
R6.BIG.fade.maker,2025-12-21,-18.46
R6.BIG.fade.maker,2025-12-22,6.81
R6.BIG.fade.maker,2025-12-23,6.24
R6.BIG.fade.maker,2025-12-24,5.85
R6.BIG.fade.maker,2025-12-25,7.71
R6.BIG.fade.maker,2025-12-26,-7.29
R6.BIG.fade.maker,2025-12-27,-2.3500000000000005
R6.BIG.fade.maker,2025-12-28,-9.98
R6.BIG.fade.maker,2025-12-29,1.67
R6.BIG.fade.maker,2025-12-30,16.48
R6.BIG.fade.maker,2025-12-31,-9.92
R6.BIG.fade.maker,2026-01-01,-8.74
R6.BIG.fade.maker,2026-01-02,1.0599999999999998
R6.BIG.fade.maker,2026-01-03,2.1100000000000003
R6.BIG.fade.maker,2026-01-04,-20.8
R6.BIG.fade.maker,2026-01-08,3.46
R6.BIG.fade.maker,2026-01-09,2.56
R6.BIG.fade.maker,2026-01-10,5.43
R6.BIG.fade.maker,2026-01-11,4.8500000000000005
R6.BIG.fade.maker,2026-01-12,-5.05
R6.BIG.fade.maker,2026-01-17,-7.69
R6.BIG.fade.maker,2026-01-18,5.619999999999999
R6.IMB.follow.w10.taker,2025-09-08,6.95
R6.IMB.follow.w10.taker,2025-09-11,7.76
R6.IMB.follow.w10.taker,2025-09-12,15.549999999999999
R6.IMB.follow.w10.taker,2025-09-13,18.359999999999996
R6.IMB.follow.w10.taker,2025-09-14,-11.41
R6.IMB.follow.w10.taker,2025-09-15,8.870000000000001
R6.IMB.follow.w10.taker,2025-09-18,6.23
R6.IMB.follow.w10.taker,2025-09-19,-12.93
R6.IMB.follow.w10.taker,2025-09-20,-25.04
R6.IMB.follow.w10.taker,2025-09-21,-1.169999999999999
R6.IMB.follow.w10.taker,2025-09-22,6.54
R6.IMB.follow.w10.taker,2025-09-25,7.279999999999999
R6.IMB.follow.w10.taker,2025-09-26,-0.5599999999999996
R6.IMB.follow.w10.taker,2025-09-27,-22.159999999999997
R6.IMB.follow.w10.taker,2025-09-28,-2.3099999999999996
R6.IMB.follow.w10.taker,2025-09-29,1.4599999999999995
R6.IMB.follow.w10.taker,2025-10-02,-2.9400000000000004
R6.IMB.follow.w10.taker,2025-10-03,-15.16
R6.IMB.follow.w10.taker,2025-10-04,-39.82
R6.IMB.follow.w10.taker,2025-10-05,27.619999999999997
R6.IMB.follow.w10.taker,2025-10-06,-7.05
R6.IMB.follow.w10.taker,2025-10-08,-2.83
R6.IMB.follow.w10.taker,2025-10-09,-17.380000000000003
R6.IMB.follow.w10.taker,2025-10-10,-15.92
R6.IMB.follow.w10.taker,2025-10-11,-21.120000000000005
R6.IMB.follow.w10.taker,2025-10-12,-29.36
R6.IMB.follow.w10.taker,2025-10-13,-0.9299999999999997
R6.IMB.follow.w10.taker,2025-10-14,11.16
R6.IMB.follow.w10.taker,2025-10-15,11.15
R6.IMB.follow.w10.taker,2025-10-16,6.39
R6.IMB.follow.w10.taker,2025-10-17,1.0
R6.IMB.follow.w10.taker,2025-10-18,-29.689999999999998
R6.IMB.follow.w10.taker,2025-10-19,-16.77
R6.IMB.follow.w10.taker,2025-10-20,-5.27
R6.IMB.follow.w10.taker,2025-10-21,-4.98
R6.IMB.follow.w10.taker,2025-10-22,3.3899999999999997
R6.IMB.follow.w10.taker,2025-10-23,-6.4
R6.IMB.follow.w10.taker,2025-10-24,-3.93
R6.IMB.follow.w10.taker,2025-10-25,-33.14
R6.IMB.follow.w10.taker,2025-10-26,-15.85
R6.IMB.follow.w10.taker,2025-10-27,-2.33
R6.IMB.follow.w10.taker,2025-10-28,-1.0499999999999998
R6.IMB.follow.w10.taker,2025-10-29,6.18
R6.IMB.follow.w10.taker,2025-10-30,-17.3
R6.IMB.follow.w10.taker,2025-10-31,2.8400000000000003
R6.IMB.follow.w10.taker,2025-11-01,-47.88
R6.IMB.follow.w10.taker,2025-11-02,28.33
R6.IMB.follow.w10.taker,2025-11-03,-5.78
R6.IMB.follow.w10.taker,2025-11-04,0.46
R6.IMB.follow.w10.taker,2025-11-05,-5.76
R6.IMB.follow.w10.taker,2025-11-06,-8.24
R6.IMB.follow.w10.taker,2025-11-07,0.5799999999999998
R6.IMB.follow.w10.taker,2025-11-08,10.050000000000002
R6.IMB.follow.w10.taker,2025-11-09,4.679999999999999
R6.IMB.follow.w10.taker,2025-11-10,-4.17
R6.IMB.follow.w10.taker,2025-11-11,2.58
R6.IMB.follow.w10.taker,2025-11-12,-7.800000000000001
R6.IMB.follow.w10.taker,2025-11-13,0.07000000000000006
R6.IMB.follow.w10.taker,2025-11-14,-5.81
R6.IMB.follow.w10.taker,2025-11-15,-18.939999999999998
R6.IMB.follow.w10.taker,2025-11-16,-8.02
R6.IMB.follow.w10.taker,2025-11-17,3.83
R6.IMB.follow.w10.taker,2025-11-18,8.600000000000001
R6.IMB.follow.w10.taker,2025-11-19,3.21
R6.IMB.follow.w10.taker,2025-11-20,13.600000000000001
R6.IMB.follow.w10.taker,2025-11-21,0.8500000000000005
R6.IMB.follow.w10.taker,2025-11-22,-21.64
R6.IMB.follow.w10.taker,2025-11-23,0.7100000000000004
R6.IMB.follow.w10.taker,2025-11-24,1.31
R6.IMB.follow.w10.taker,2025-11-25,-3.5900000000000003
R6.IMB.follow.w10.taker,2025-11-27,26.5
R6.IMB.follow.w10.taker,2025-11-28,-11.969999999999999
R6.IMB.follow.w10.taker,2025-11-29,-17.53
R6.IMB.follow.w10.taker,2025-11-30,-27.67
R6.IMB.follow.w10.taker,2025-12-01,1.22
R6.IMB.follow.w10.taker,2025-12-04,-4.07
R6.IMB.follow.w10.taker,2025-12-05,-7.13
R6.IMB.follow.w10.taker,2025-12-06,-5.5200000000000005
R6.IMB.follow.w10.taker,2025-12-07,23.61
R6.IMB.follow.w10.taker,2025-12-08,-4.17
R6.IMB.follow.w10.taker,2025-12-11,6.64
R6.IMB.follow.w10.taker,2025-12-13,4.23
R6.IMB.follow.w10.taker,2025-12-14,-7.770000000000001
R6.IMB.follow.w10.taker,2025-12-15,-3.66
R6.IMB.follow.w10.taker,2025-12-16,-2.74
R6.IMB.follow.w10.taker,2025-12-17,0.35000000000000053
R6.IMB.follow.w10.taker,2025-12-18,-1.2200000000000002
R6.IMB.follow.w10.taker,2025-12-19,-8.8
R6.IMB.follow.w10.taker,2025-12-20,10.44
R6.IMB.follow.w10.taker,2025-12-21,15.31
R6.IMB.follow.w10.taker,2025-12-22,6.96
R6.IMB.follow.w10.taker,2025-12-23,-0.5
R6.IMB.follow.w10.taker,2025-12-24,-6.17
R6.IMB.follow.w10.taker,2025-12-25,5.55
R6.IMB.follow.w10.taker,2025-12-26,-13.11
R6.IMB.follow.w10.taker,2025-12-27,-4.8100000000000005
R6.IMB.follow.w10.taker,2025-12-28,-7.43
R6.IMB.follow.w10.taker,2025-12-29,-8.77
R6.IMB.follow.w10.taker,2025-12-30,2.04
R6.IMB.follow.w10.taker,2025-12-31,7.6
R6.IMB.follow.w10.taker,2026-01-01,6.89
R6.IMB.follow.w10.taker,2026-01-02,7.47
R6.IMB.follow.w10.taker,2026-01-03,-7.42
R6.IMB.follow.w10.taker,2026-01-04,-20.560000000000002
R6.IMB.follow.w10.taker,2026-01-08,-3.77
R6.IMB.follow.w10.taker,2026-01-09,-3.05
R6.IMB.follow.w10.taker,2026-01-10,5.46
R6.IMB.follow.w10.taker,2026-01-11,5.57
R6.IMB.follow.w10.taker,2026-01-12,-5.28
R6.IMB.follow.w10.taker,2026-01-17,-8.129999999999999
R6.IMB.follow.w10.taker,2026-01-18,-6.1
R6.IMB.follow.w10.maker,2025-09-08,7.16
R6.IMB.follow.w10.maker,2025-09-11,4.15
R6.IMB.follow.w10.maker,2025-09-12,13.32
R6.IMB.follow.w10.maker,2025-09-13,6.670000000000001
R6.IMB.follow.w10.maker,2025-09-14,-6.52
R6.IMB.follow.w10.maker,2025-09-15,3.26
R6.IMB.follow.w10.maker,2025-09-18,1.57
R6.IMB.follow.w10.maker,2025-09-19,-12.49
R6.IMB.follow.w10.maker,2025-09-20,-2.4800000000000013
R6.IMB.follow.w10.maker,2025-09-21,2.82
R6.IMB.follow.w10.maker,2025-09-22,6.76
R6.IMB.follow.w10.maker,2025-09-25,5.15
R6.IMB.follow.w10.maker,2025-09-26,-0.13000000000000078
R6.IMB.follow.w10.maker,2025-09-27,-6.639999999999999
R6.IMB.follow.w10.maker,2025-09-28,-2.6899999999999986
R6.IMB.follow.w10.maker,2025-09-29,1.9100000000000001
R6.IMB.follow.w10.maker,2025-10-02,-5.85
R6.IMB.follow.w10.maker,2025-10-03,-7.71
R6.IMB.follow.w10.maker,2025-10-04,-28.529999999999998
R6.IMB.follow.w10.maker,2025-10-05,30.02
R6.IMB.follow.w10.maker,2025-10-06,-7.04
R6.IMB.follow.w10.maker,2025-10-08,2.96
R6.IMB.follow.w10.maker,2025-10-09,-12.81
R6.IMB.follow.w10.maker,2025-10-10,-3.75
R6.IMB.follow.w10.maker,2025-10-11,-16.35
R6.IMB.follow.w10.maker,2025-10-12,-15.3
R6.IMB.follow.w10.maker,2025-10-13,-6.45
R6.IMB.follow.w10.maker,2025-10-14,-2.13
R6.IMB.follow.w10.maker,2025-10-15,6.05
R6.IMB.follow.w10.maker,2025-10-16,8.07
R6.IMB.follow.w10.maker,2025-10-17,-1.53
R6.IMB.follow.w10.maker,2025-10-18,-31.6
R6.IMB.follow.w10.maker,2025-10-19,-12.73
R6.IMB.follow.w10.maker,2025-10-20,-2.94
R6.IMB.follow.w10.maker,2025-10-23,-2.64
R6.IMB.follow.w10.maker,2025-10-24,-2.95
R6.IMB.follow.w10.maker,2025-10-25,-19.98
R6.IMB.follow.w10.maker,2025-10-26,-13.85
R6.IMB.follow.w10.maker,2025-10-27,-2.13
R6.IMB.follow.w10.maker,2025-10-28,-1.05
R6.IMB.follow.w10.maker,2025-10-29,3.26
R6.IMB.follow.w10.maker,2025-10-30,-9.07
R6.IMB.follow.w10.maker,2025-10-31,3.75
R6.IMB.follow.w10.maker,2025-11-01,-22.67
R6.IMB.follow.w10.maker,2025-11-02,19.57
R6.IMB.follow.w10.maker,2025-11-03,-5.55
R6.IMB.follow.w10.maker,2025-11-05,-4.97
R6.IMB.follow.w10.maker,2025-11-06,-7.62
R6.IMB.follow.w10.maker,2025-11-07,1.08
R6.IMB.follow.w10.maker,2025-11-08,21.259999999999998
R6.IMB.follow.w10.maker,2025-11-09,-3.5700000000000003
R6.IMB.follow.w10.maker,2025-11-10,-3.95
R6.IMB.follow.w10.maker,2025-11-11,3.0100000000000007
R6.IMB.follow.w10.maker,2025-11-12,-5.05
R6.IMB.follow.w10.maker,2025-11-13,0.1399999999999999
R6.IMB.follow.w10.maker,2025-11-14,-5.46
R6.IMB.follow.w10.maker,2025-11-15,-5.3100000000000005
R6.IMB.follow.w10.maker,2025-11-16,2.0199999999999996
R6.IMB.follow.w10.maker,2025-11-17,4.05
R6.IMB.follow.w10.maker,2025-11-18,8.99
R6.IMB.follow.w10.maker,2025-11-19,3.62
R6.IMB.follow.w10.maker,2025-11-20,14.22
R6.IMB.follow.w10.maker,2025-11-21,0.9000000000000004
R6.IMB.follow.w10.maker,2025-11-22,-18.69
R6.IMB.follow.w10.maker,2025-11-23,0.1899999999999995
R6.IMB.follow.w10.maker,2025-11-24,1.37
R6.IMB.follow.w10.maker,2025-11-25,-3.3499999999999996
R6.IMB.follow.w10.maker,2025-11-27,20.68
R6.IMB.follow.w10.maker,2025-11-28,3.2800000000000002
R6.IMB.follow.w10.maker,2025-11-29,-5.69
R6.IMB.follow.w10.maker,2025-11-30,-5.8
R6.IMB.follow.w10.maker,2025-12-01,1.28
R6.IMB.follow.w10.maker,2025-12-05,-6.25
R6.IMB.follow.w10.maker,2025-12-06,-5.03
R6.IMB.follow.w10.maker,2025-12-07,27.09
R6.IMB.follow.w10.maker,2025-12-08,-3.95
R6.IMB.follow.w10.maker,2025-12-11,6.86
R6.IMB.follow.w10.maker,2025-12-13,4.67
R6.IMB.follow.w10.maker,2025-12-14,-17.330000000000002
R6.IMB.follow.w10.maker,2025-12-15,-3.44
R6.IMB.follow.w10.maker,2025-12-17,0.7999999999999998
R6.IMB.follow.w10.maker,2025-12-18,-0.4900000000000002
R6.IMB.follow.w10.maker,2025-12-19,-4.87
R6.IMB.follow.w10.maker,2025-12-20,2.81
R6.IMB.follow.w10.maker,2025-12-21,9.09
R6.IMB.follow.w10.maker,2025-12-22,3.65
R6.IMB.follow.w10.maker,2025-12-23,1.0099999999999998
R6.IMB.follow.w10.maker,2025-12-24,-5.95
R6.IMB.follow.w10.maker,2025-12-25,6.1000000000000005
R6.IMB.follow.w10.maker,2025-12-26,-12.44
R6.IMB.follow.w10.maker,2025-12-27,-2.9500000000000006
R6.IMB.follow.w10.maker,2025-12-28,-13.3
R6.IMB.follow.w10.maker,2025-12-29,-6.54
R6.IMB.follow.w10.maker,2025-12-30,9.52
R6.IMB.follow.w10.maker,2025-12-31,1.7300000000000004
R6.IMB.follow.w10.maker,2026-01-01,7.5600000000000005
R6.IMB.follow.w10.maker,2026-01-02,8.36
R6.IMB.follow.w10.maker,2026-01-03,-6.99
R6.IMB.follow.w10.maker,2026-01-04,-4.66
R6.IMB.follow.w10.maker,2026-01-08,-3.54
R6.IMB.follow.w10.maker,2026-01-10,5.83
R6.IMB.follow.w10.maker,2026-01-11,1.7000000000000002
R6.IMB.follow.w10.maker,2026-01-12,-5.15
R6.IMB.follow.w10.maker,2026-01-17,-7.69
R6.IMB.follow.w10.maker,2026-01-18,-5.58
R6.IMB.follow.w60.taker,2025-09-08,6.95
R6.IMB.follow.w60.taker,2025-09-11,-9.53
R6.IMB.follow.w60.taker,2025-09-12,15.34
R6.IMB.follow.w60.taker,2025-09-13,-28.090000000000003
R6.IMB.follow.w60.taker,2025-09-14,-3.079999999999999
R6.IMB.follow.w60.taker,2025-09-15,-3.2299999999999995
R6.IMB.follow.w60.taker,2025-09-18,3.54
R6.IMB.follow.w60.taker,2025-09-19,0.14999999999999947
R6.IMB.follow.w60.taker,2025-09-20,-36.69
R6.IMB.follow.w60.taker,2025-09-21,-12.82
R6.IMB.follow.w60.taker,2025-09-22,7.26
R6.IMB.follow.w60.taker,2025-09-25,6.49
R6.IMB.follow.w60.taker,2025-09-26,-0.8599999999999994
R6.IMB.follow.w60.taker,2025-09-27,-15.04
R6.IMB.follow.w60.taker,2025-09-28,3.9499999999999993
R6.IMB.follow.w60.taker,2025-09-29,-7.9399999999999995
R6.IMB.follow.w60.taker,2025-10-02,-1.0300000000000002
R6.IMB.follow.w60.taker,2025-10-03,-1.2399999999999993
R6.IMB.follow.w60.taker,2025-10-04,-17.71
R6.IMB.follow.w60.taker,2025-10-05,5.430000000000001
R6.IMB.follow.w60.taker,2025-10-06,7.36
R6.IMB.follow.w60.taker,2025-10-08,8.469999999999999
R6.IMB.follow.w60.taker,2025-10-09,-15.9
R6.IMB.follow.w60.taker,2025-10-10,-3.1200000000000006
R6.IMB.follow.w60.taker,2025-10-11,-13.209999999999997
R6.IMB.follow.w60.taker,2025-10-12,-26.18
R6.IMB.follow.w60.taker,2025-10-13,-11.75
R6.IMB.follow.w60.taker,2025-10-14,11.16
R6.IMB.follow.w60.taker,2025-10-15,11.25
R6.IMB.follow.w60.taker,2025-10-16,6.08
R6.IMB.follow.w60.taker,2025-10-17,-8.13
R6.IMB.follow.w60.taker,2025-10-18,-16.94
R6.IMB.follow.w60.taker,2025-10-19,26.93
R6.IMB.follow.w60.taker,2025-10-20,-4.65
R6.IMB.follow.w60.taker,2025-10-21,-5.27
R6.IMB.follow.w60.taker,2025-10-22,0.47999999999999976
R6.IMB.follow.w60.taker,2025-10-23,-5.07
R6.IMB.follow.w60.taker,2025-10-24,-3.82
R6.IMB.follow.w60.taker,2025-10-25,-6.760000000000002
R6.IMB.follow.w60.taker,2025-10-26,-18.97
R6.IMB.follow.w60.taker,2025-10-27,-2.22
R6.IMB.follow.w60.taker,2025-10-28,0.14000000000000012
R6.IMB.follow.w60.taker,2025-10-29,5.6
R6.IMB.follow.w60.taker,2025-10-30,-16.990000000000002
R6.IMB.follow.w60.taker,2025-10-31,-3.4399999999999995
R6.IMB.follow.w60.taker,2025-11-01,-13.409999999999998
R6.IMB.follow.w60.taker,2025-11-02,13.29
R6.IMB.follow.w60.taker,2025-11-03,-6.17
R6.IMB.follow.w60.taker,2025-11-04,2.68
R6.IMB.follow.w60.taker,2025-11-05,-2.52
R6.IMB.follow.w60.taker,2025-11-06,-4.03
R6.IMB.follow.w60.taker,2025-11-07,0.4800000000000002
R6.IMB.follow.w60.taker,2025-11-08,5.1899999999999995
R6.IMB.follow.w60.taker,2025-11-09,2.7799999999999994
R6.IMB.follow.w60.taker,2025-11-10,-4.17
R6.IMB.follow.w60.taker,2025-11-11,-12.790000000000001
R6.IMB.follow.w60.taker,2025-11-12,-7.28
R6.IMB.follow.w60.taker,2025-11-13,3.38
R6.IMB.follow.w60.taker,2025-11-14,-5.81
R6.IMB.follow.w60.taker,2025-11-15,-6.08
R6.IMB.follow.w60.taker,2025-11-16,-35.43
R6.IMB.follow.w60.taker,2025-11-17,3.83
R6.IMB.follow.w60.taker,2025-11-18,-12.08
R6.IMB.follow.w60.taker,2025-11-19,-7.68
R6.IMB.follow.w60.taker,2025-11-20,0.7599999999999998
R6.IMB.follow.w60.taker,2025-11-21,-11.649999999999999
R6.IMB.follow.w60.taker,2025-11-22,6.730000000000002
R6.IMB.follow.w60.taker,2025-11-23,-14.22
R6.IMB.follow.w60.taker,2025-11-24,-1.7
R6.IMB.follow.w60.taker,2025-11-25,-4.0
R6.IMB.follow.w60.taker,2025-11-27,16.69
R6.IMB.follow.w60.taker,2025-11-28,-24.54
R6.IMB.follow.w60.taker,2025-11-29,14.279999999999998
R6.IMB.follow.w60.taker,2025-11-30,7.87
R6.IMB.follow.w60.taker,2025-12-01,-1.07
R6.IMB.follow.w60.taker,2025-12-04,-4.07
R6.IMB.follow.w60.taker,2025-12-05,-7.13
R6.IMB.follow.w60.taker,2025-12-06,1.98
R6.IMB.follow.w60.taker,2025-12-07,-19.840000000000003
R6.IMB.follow.w60.taker,2025-12-08,-4.17
R6.IMB.follow.w60.taker,2025-12-11,7.88
R6.IMB.follow.w60.taker,2025-12-13,4.449999999999999
R6.IMB.follow.w60.taker,2025-12-14,6.08
R6.IMB.follow.w60.taker,2025-12-15,-3.56
R6.IMB.follow.w60.taker,2025-12-16,-2.43
R6.IMB.follow.w60.taker,2025-12-17,-10.739999999999998
R6.IMB.follow.w60.taker,2025-12-18,-1.2200000000000002
R6.IMB.follow.w60.taker,2025-12-19,1.8099999999999998
R6.IMB.follow.w60.taker,2025-12-20,-0.40999999999999925
R6.IMB.follow.w60.taker,2025-12-21,42.58
R6.IMB.follow.w60.taker,2025-12-22,-0.9100000000000001
R6.IMB.follow.w60.taker,2025-12-23,-2.25
R6.IMB.follow.w60.taker,2025-12-24,9.04
R6.IMB.follow.w60.taker,2025-12-25,-10.92
R6.IMB.follow.w60.taker,2025-12-26,-11.26
R6.IMB.follow.w60.taker,2025-12-27,-9.170000000000002
R6.IMB.follow.w60.taker,2025-12-28,8.96
R6.IMB.follow.w60.taker,2025-12-29,-8.77
R6.IMB.follow.w60.taker,2025-12-30,-3.46
R6.IMB.follow.w60.taker,2025-12-31,7.32
R6.IMB.follow.w60.taker,2026-01-01,7.51
R6.IMB.follow.w60.taker,2026-01-02,-4.460000000000001
R6.IMB.follow.w60.taker,2026-01-03,-7.5200000000000005
R6.IMB.follow.w60.taker,2026-01-04,-26.96
R6.IMB.follow.w60.taker,2026-01-08,-3.66
R6.IMB.follow.w60.taker,2026-01-09,-3.05
R6.IMB.follow.w60.taker,2026-01-10,4.6499999999999995
R6.IMB.follow.w60.taker,2026-01-11,-2.8199999999999994
R6.IMB.follow.w60.taker,2026-01-12,4.42
R6.IMB.follow.w60.taker,2026-01-17,-7.29
R6.IMB.follow.w60.taker,2026-01-18,-6.2
R6.IMB.follow.w60.maker,2025-09-11,-8.99
R6.IMB.follow.w60.maker,2025-09-12,4.65
R6.IMB.follow.w60.maker,2025-09-13,-22.060000000000002
R6.IMB.follow.w60.maker,2025-09-14,3.5
R6.IMB.follow.w60.maker,2025-09-15,-2.89
R6.IMB.follow.w60.maker,2025-09-18,-1.22
R6.IMB.follow.w60.maker,2025-09-19,0.5999999999999996
R6.IMB.follow.w60.maker,2025-09-20,-24.23
R6.IMB.follow.w60.maker,2025-09-21,-8.81
R6.IMB.follow.w60.maker,2025-09-22,7.46
R6.IMB.follow.w60.maker,2025-09-25,6.8100000000000005
R6.IMB.follow.w60.maker,2025-09-26,-7.84
R6.IMB.follow.w60.maker,2025-09-27,7.1499999999999995
R6.IMB.follow.w60.maker,2025-09-28,9.08
R6.IMB.follow.w60.maker,2025-09-29,-7.49
R6.IMB.follow.w60.maker,2025-10-02,-3.85
R6.IMB.follow.w60.maker,2025-10-03,-8.11
R6.IMB.follow.w60.maker,2025-10-04,-1.0499999999999985
R6.IMB.follow.w60.maker,2025-10-05,6.42
R6.IMB.follow.w60.maker,2025-10-06,7.56
R6.IMB.follow.w60.maker,2025-10-08,8.41
R6.IMB.follow.w60.maker,2025-10-09,-5.15
R6.IMB.follow.w60.maker,2025-10-10,2.5999999999999996
R6.IMB.follow.w60.maker,2025-10-11,-19.779999999999998
R6.IMB.follow.w60.maker,2025-10-12,-24.240000000000002
R6.IMB.follow.w60.maker,2025-10-13,-5.95
R6.IMB.follow.w60.maker,2025-10-14,7.16
R6.IMB.follow.w60.maker,2025-10-16,7.66
R6.IMB.follow.w60.maker,2025-10-17,-6.74
R6.IMB.follow.w60.maker,2025-10-18,-13.680000000000001
R6.IMB.follow.w60.maker,2025-10-19,18.509999999999998
R6.IMB.follow.w60.maker,2025-10-20,-4.27
R6.IMB.follow.w60.maker,2025-10-21,2.76
R6.IMB.follow.w60.maker,2025-10-22,0.8300000000000001
R6.IMB.follow.w60.maker,2025-10-23,-4.67
R6.IMB.follow.w60.maker,2025-10-24,-2.85
R6.IMB.follow.w60.maker,2025-10-25,-17.209999999999997
R6.IMB.follow.w60.maker,2025-10-26,-7.93
R6.IMB.follow.w60.maker,2025-10-27,-2.03
R6.IMB.follow.w60.maker,2025-10-28,-1.02
R6.IMB.follow.w60.maker,2025-10-29,5.82
R6.IMB.follow.w60.maker,2025-10-30,-14.379999999999999
R6.IMB.follow.w60.maker,2025-10-31,-3.95
R6.IMB.follow.w60.maker,2025-11-01,4.300000000000001
R6.IMB.follow.w60.maker,2025-11-02,25.240000000000002
R6.IMB.follow.w60.maker,2025-11-03,-5.95
R6.IMB.follow.w60.maker,2025-11-04,3.3300000000000005
R6.IMB.follow.w60.maker,2025-11-05,0.98
R6.IMB.follow.w60.maker,2025-11-06,-3.5300000000000002
R6.IMB.follow.w60.maker,2025-11-07,0.88
R6.IMB.follow.w60.maker,2025-11-08,12.74
R6.IMB.follow.w60.maker,2025-11-09,11.73
R6.IMB.follow.w60.maker,2025-11-10,-3.95
R6.IMB.follow.w60.maker,2025-11-11,-12.580000000000002
R6.IMB.follow.w60.maker,2025-11-12,-7.08
R6.IMB.follow.w60.maker,2025-11-14,-5.15
R6.IMB.follow.w60.maker,2025-11-15,-11.59
R6.IMB.follow.w60.maker,2025-11-16,-25.57
R6.IMB.follow.w60.maker,2025-11-17,3.95
R6.IMB.follow.w60.maker,2025-11-18,-5.66
R6.IMB.follow.w60.maker,2025-11-19,-7.38
R6.IMB.follow.w60.maker,2025-11-20,-5.55
R6.IMB.follow.w60.maker,2025-11-21,-12.39
R6.IMB.follow.w60.maker,2025-11-22,5.089999999999998
R6.IMB.follow.w60.maker,2025-11-23,-10.73
R6.IMB.follow.w60.maker,2025-11-24,-1.53
R6.IMB.follow.w60.maker,2025-11-27,17.74
R6.IMB.follow.w60.maker,2025-11-28,-20.21
R6.IMB.follow.w60.maker,2025-11-29,11.43
R6.IMB.follow.w60.maker,2025-11-30,10.23
R6.IMB.follow.w60.maker,2025-12-01,-1.02
R6.IMB.follow.w60.maker,2025-12-05,-6.35
R6.IMB.follow.w60.maker,2025-12-06,2.66
R6.IMB.follow.w60.maker,2025-12-07,-9.18
R6.IMB.follow.w60.maker,2025-12-08,-3.95
R6.IMB.follow.w60.maker,2025-12-11,8.07
R6.IMB.follow.w60.maker,2025-12-13,4.58
R6.IMB.follow.w60.maker,2025-12-14,-4.57
R6.IMB.follow.w60.maker,2025-12-15,-3.34
R6.IMB.follow.w60.maker,2025-12-16,-2.24
R6.IMB.follow.w60.maker,2025-12-17,-10.5
R6.IMB.follow.w60.maker,2025-12-18,2.96
R6.IMB.follow.w60.maker,2025-12-19,2.3999999999999995
R6.IMB.follow.w60.maker,2025-12-20,6.58
R6.IMB.follow.w60.maker,2025-12-21,40.56
R6.IMB.follow.w60.maker,2025-12-22,-3.34
R6.IMB.follow.w60.maker,2025-12-23,-0.5800000000000001
R6.IMB.follow.w60.maker,2025-12-24,9.18
R6.IMB.follow.w60.maker,2025-12-25,-2.13
R6.IMB.follow.w60.maker,2025-12-26,-10.629999999999999
R6.IMB.follow.w60.maker,2025-12-27,-3.37
R6.IMB.follow.w60.maker,2025-12-28,6.93
R6.IMB.follow.w60.maker,2025-12-29,-8.370000000000001
R6.IMB.follow.w60.maker,2025-12-30,-2.8200000000000003
R6.IMB.follow.w60.maker,2025-12-31,8.39
R6.IMB.follow.w60.maker,2026-01-01,8.17
R6.IMB.follow.w60.maker,2026-01-02,-0.10999999999999988
R6.IMB.follow.w60.maker,2026-01-03,-7.09
R6.IMB.follow.w60.maker,2026-01-04,-8.950000000000001
R6.IMB.follow.w60.maker,2026-01-08,-3.44
R6.IMB.follow.w60.maker,2026-01-10,5.03
R6.IMB.follow.w60.maker,2026-01-11,2.8099999999999996
R6.IMB.follow.w60.maker,2026-01-12,4.65
R6.IMB.follow.w60.maker,2026-01-17,-5.15
R6.IMB.follow.w60.maker,2026-01-18,-5.779999999999999
R6.IMB.follow.w120.taker,2025-09-08,6.85
R6.IMB.follow.w120.taker,2025-09-11,-6.199999999999999
R6.IMB.follow.w120.taker,2025-09-12,14.909999999999998
R6.IMB.follow.w120.taker,2025-09-13,-27.69
R6.IMB.follow.w120.taker,2025-09-14,-6.470000000000001
R6.IMB.follow.w120.taker,2025-09-15,-5.970000000000001
R6.IMB.follow.w120.taker,2025-09-18,3.6500000000000004
R6.IMB.follow.w120.taker,2025-09-19,5.8
R6.IMB.follow.w120.taker,2025-09-20,-62.45
R6.IMB.follow.w120.taker,2025-09-21,3.329999999999999
R6.IMB.follow.w120.taker,2025-09-22,7.05
R6.IMB.follow.w120.taker,2025-09-25,-0.28
R6.IMB.follow.w120.taker,2025-09-26,-0.33999999999999986
R6.IMB.follow.w120.taker,2025-09-27,17.020000000000003
R6.IMB.follow.w120.taker,2025-09-28,-0.6999999999999997
R6.IMB.follow.w120.taker,2025-09-29,-5.0600000000000005
R6.IMB.follow.w120.taker,2025-10-02,-0.5400000000000005
R6.IMB.follow.w120.taker,2025-10-03,6.5
R6.IMB.follow.w120.taker,2025-10-04,-30.65
R6.IMB.follow.w120.taker,2025-10-05,24.650000000000002
R6.IMB.follow.w120.taker,2025-10-06,7.47
R6.IMB.follow.w120.taker,2025-10-08,7.97
R6.IMB.follow.w120.taker,2025-10-09,10.29
R6.IMB.follow.w120.taker,2025-10-10,-2.81
R6.IMB.follow.w120.taker,2025-10-11,-43.2
R6.IMB.follow.w120.taker,2025-10-12,-27.54
R6.IMB.follow.w120.taker,2025-10-13,-11.95
R6.IMB.follow.w120.taker,2025-10-14,10.96
R6.IMB.follow.w120.taker,2025-10-15,11.35
R6.IMB.follow.w120.taker,2025-10-16,6.1899999999999995
R6.IMB.follow.w120.taker,2025-10-17,-7.4399999999999995
R6.IMB.follow.w120.taker,2025-10-18,-49.59
R6.IMB.follow.w120.taker,2025-10-19,12.089999999999998
R6.IMB.follow.w120.taker,2025-10-20,-3.5
R6.IMB.follow.w120.taker,2025-10-21,-6.05
R6.IMB.follow.w120.taker,2025-10-22,-6.51
R6.IMB.follow.w120.taker,2025-10-23,-4.86
R6.IMB.follow.w120.taker,2025-10-24,-4.45
R6.IMB.follow.w120.taker,2025-10-25,-15.59
R6.IMB.follow.w120.taker,2025-10-26,-6.720000000000001
R6.IMB.follow.w120.taker,2025-10-27,-1.38
R6.IMB.follow.w120.taker,2025-10-28,1.26
R6.IMB.follow.w120.taker,2025-10-29,6.38
R6.IMB.follow.w120.taker,2025-10-30,-16.15
R6.IMB.follow.w120.taker,2025-10-31,-6.08
R6.IMB.follow.w120.taker,2025-11-01,-1.9499999999999977
R6.IMB.follow.w120.taker,2025-11-02,-3.35
R6.IMB.follow.w120.taker,2025-11-03,-4.88
R6.IMB.follow.w120.taker,2025-11-04,4.08
R6.IMB.follow.w120.taker,2025-11-05,0.5999999999999999
R6.IMB.follow.w120.taker,2025-11-06,7.31
R6.IMB.follow.w120.taker,2025-11-07,-2.6900000000000004
R6.IMB.follow.w120.taker,2025-11-08,-30.340000000000003
R6.IMB.follow.w120.taker,2025-11-09,-8.130000000000003
R6.IMB.follow.w120.taker,2025-11-10,4.12
R6.IMB.follow.w120.taker,2025-11-11,2.8899999999999997
R6.IMB.follow.w120.taker,2025-11-12,8.219999999999999
R6.IMB.follow.w120.taker,2025-11-13,0.6199999999999999
R6.IMB.follow.w120.taker,2025-11-14,-5.81
R6.IMB.follow.w120.taker,2025-11-15,-14.439999999999998
R6.IMB.follow.w120.taker,2025-11-16,-15.74
R6.IMB.follow.w120.taker,2025-11-17,3.93
R6.IMB.follow.w120.taker,2025-11-18,-3.66
R6.IMB.follow.w120.taker,2025-11-19,-4.85
R6.IMB.follow.w120.taker,2025-11-20,1.5600000000000005
R6.IMB.follow.w120.taker,2025-11-21,-4.68
R6.IMB.follow.w120.taker,2025-11-22,-12.9
R6.IMB.follow.w120.taker,2025-11-23,-19.3
R6.IMB.follow.w120.taker,2025-11-24,-2.12
R6.IMB.follow.w120.taker,2025-11-25,-2.68
R6.IMB.follow.w120.taker,2025-11-27,-2.420000000000001
R6.IMB.follow.w120.taker,2025-11-28,-4.0600000000000005
R6.IMB.follow.w120.taker,2025-11-29,-11.35
R6.IMB.follow.w120.taker,2025-11-30,10.36
R6.IMB.follow.w120.taker,2025-12-01,0.18
R6.IMB.follow.w120.taker,2025-12-04,-3.25
R6.IMB.follow.w120.taker,2025-12-05,-5.9
R6.IMB.follow.w120.taker,2025-12-06,-13.46
R6.IMB.follow.w120.taker,2025-12-07,-30.150000000000002
R6.IMB.follow.w120.taker,2025-12-08,-4.48
R6.IMB.follow.w120.taker,2025-12-11,7.57
R6.IMB.follow.w120.taker,2025-12-13,7.2
R6.IMB.follow.w120.taker,2025-12-14,-1.9699999999999989
R6.IMB.follow.w120.taker,2025-12-15,-3.97
R6.IMB.follow.w120.taker,2025-12-16,-2.64
R6.IMB.follow.w120.taker,2025-12-17,7.359999999999999
R6.IMB.follow.w120.taker,2025-12-18,-7.32
R6.IMB.follow.w120.taker,2025-12-19,4.73
R6.IMB.follow.w120.taker,2025-12-20,-5.43
R6.IMB.follow.w120.taker,2025-12-21,32.71
R6.IMB.follow.w120.taker,2025-12-22,-5.58
R6.IMB.follow.w120.taker,2025-12-23,0.7099999999999997
R6.IMB.follow.w120.taker,2025-12-24,-0.22
R6.IMB.follow.w120.taker,2025-12-25,4.1899999999999995
R6.IMB.follow.w120.taker,2025-12-26,-7.859999999999999
R6.IMB.follow.w120.taker,2025-12-27,-6.600000000000002
R6.IMB.follow.w120.taker,2025-12-28,13.399999999999999
R6.IMB.follow.w120.taker,2025-12-29,-8.06
R6.IMB.follow.w120.taker,2025-12-30,-9.46
R6.IMB.follow.w120.taker,2025-12-31,-0.9000000000000008
R6.IMB.follow.w120.taker,2026-01-01,3.37
R6.IMB.follow.w120.taker,2026-01-02,-3.2199999999999998
R6.IMB.follow.w120.taker,2026-01-03,-8.65
R6.IMB.follow.w120.taker,2026-01-04,-34.76
R6.IMB.follow.w120.taker,2026-01-08,-3.66
R6.IMB.follow.w120.taker,2026-01-09,-3.15
R6.IMB.follow.w120.taker,2026-01-10,4.65
R6.IMB.follow.w120.taker,2026-01-11,0.23000000000000043
R6.IMB.follow.w120.taker,2026-01-12,4.62
R6.IMB.follow.w120.taker,2026-01-17,3.71
R6.IMB.follow.w120.taker,2026-01-18,-6.92
R6.IMB.follow.w120.maker,2025-09-08,7.06
R6.IMB.follow.w120.maker,2025-09-11,-3.14
R6.IMB.follow.w120.maker,2025-09-12,4.75
R6.IMB.follow.w120.maker,2025-09-13,-22.31
R6.IMB.follow.w120.maker,2025-09-14,-3.790000000000001
R6.IMB.follow.w120.maker,2025-09-15,-5.57
R6.IMB.follow.w120.maker,2025-09-18,-1.02
R6.IMB.follow.w120.maker,2025-09-19,6.14
R6.IMB.follow.w120.maker,2025-09-20,-42.65
R6.IMB.follow.w120.maker,2025-09-21,5.61
R6.IMB.follow.w120.maker,2025-09-22,7.26
R6.IMB.follow.w120.maker,2025-09-25,0.040000000000000036
R6.IMB.follow.w120.maker,2025-09-26,0.0
R6.IMB.follow.w120.maker,2025-09-27,40.69
R6.IMB.follow.w120.maker,2025-09-28,-3.24
R6.IMB.follow.w120.maker,2025-09-29,-4.77
R6.IMB.follow.w120.maker,2025-10-02,-3.85
R6.IMB.follow.w120.maker,2025-10-03,6.64
R6.IMB.follow.w120.maker,2025-10-04,-29.05
R6.IMB.follow.w120.maker,2025-10-05,7.719999999999999
R6.IMB.follow.w120.maker,2025-10-06,7.66
R6.IMB.follow.w120.maker,2025-10-08,2.96
R6.IMB.follow.w120.maker,2025-10-09,8.73
R6.IMB.follow.w120.maker,2025-10-10,-3.14
R6.IMB.follow.w120.maker,2025-10-11,-30.810000000000002
R6.IMB.follow.w120.maker,2025-10-12,-10.870000000000001
R6.IMB.follow.w120.maker,2025-10-13,-11.4
R6.IMB.follow.w120.maker,2025-10-14,-2.24
R6.IMB.follow.w120.maker,2025-10-16,7.66
R6.IMB.follow.w120.maker,2025-10-17,-6.779999999999999
R6.IMB.follow.w120.maker,2025-10-18,-19.5
R6.IMB.follow.w120.maker,2025-10-19,15.66
R6.IMB.follow.w120.maker,2025-10-20,-3.25
R6.IMB.follow.w120.maker,2025-10-21,-5.58
R6.IMB.follow.w120.maker,2025-10-22,-2.74
R6.IMB.follow.w120.maker,2025-10-23,-4.67
R6.IMB.follow.w120.maker,2025-10-24,-3.2600000000000002
R6.IMB.follow.w120.maker,2025-10-25,-23.34
R6.IMB.follow.w120.maker,2025-10-26,-1.5700000000000007
R6.IMB.follow.w120.maker,2025-10-27,-1.22
R6.IMB.follow.w120.maker,2025-10-28,1.28
R6.IMB.follow.w120.maker,2025-10-29,3.26
R6.IMB.follow.w120.maker,2025-10-30,-10.18
R6.IMB.follow.w120.maker,2025-10-31,-1.23
R6.IMB.follow.w120.maker,2025-11-01,-2.6599999999999993
R6.IMB.follow.w120.maker,2025-11-02,-1.8900000000000015
R6.IMB.follow.w120.maker,2025-11-03,-4.55
R6.IMB.follow.w120.maker,2025-11-05,-1.12
R6.IMB.follow.w120.maker,2025-11-06,7.789999999999999
R6.IMB.follow.w120.maker,2025-11-07,-2.0300000000000002
R6.IMB.follow.w120.maker,2025-11-08,25.35
R6.IMB.follow.w120.maker,2025-11-09,-15.569999999999999
R6.IMB.follow.w120.maker,2025-11-11,3.3100000000000005
R6.IMB.follow.w120.maker,2025-11-12,8.690000000000001
R6.IMB.follow.w120.maker,2025-11-13,0.9500000000000001
R6.IMB.follow.w120.maker,2025-11-14,-5.25
R6.IMB.follow.w120.maker,2025-11-15,13.280000000000001
R6.IMB.follow.w120.maker,2025-11-16,-8.23
R6.IMB.follow.w120.maker,2025-11-17,4.15
R6.IMB.follow.w120.maker,2025-11-18,-3.0
R6.IMB.follow.w120.maker,2025-11-19,-5.75
R6.IMB.follow.w120.maker,2025-11-20,1.9099999999999993
R6.IMB.follow.w120.maker,2025-11-21,-5.17
R6.IMB.follow.w120.maker,2025-11-22,-1.610000000000002
R6.IMB.follow.w120.maker,2025-11-23,-21.07
R6.IMB.follow.w120.maker,2025-11-24,-1.93
R6.IMB.follow.w120.maker,2025-11-25,0.39
R6.IMB.follow.w120.maker,2025-11-27,7.46
R6.IMB.follow.w120.maker,2025-11-28,-13.889999999999999
R6.IMB.follow.w120.maker,2025-11-29,0.9699999999999998
R6.IMB.follow.w120.maker,2025-11-30,9.11
R6.IMB.follow.w120.maker,2025-12-04,-3.04
R6.IMB.follow.w120.maker,2025-12-05,-5.14
R6.IMB.follow.w120.maker,2025-12-06,-10.28
R6.IMB.follow.w120.maker,2025-12-07,-14.42
R6.IMB.follow.w120.maker,2025-12-08,-4.25
R6.IMB.follow.w120.maker,2025-12-11,7.76
R6.IMB.follow.w120.maker,2025-12-13,6.960000000000001
R6.IMB.follow.w120.maker,2025-12-14,-7.7
R6.IMB.follow.w120.maker,2025-12-16,-2.44
R6.IMB.follow.w120.maker,2025-12-17,3.95
R6.IMB.follow.w120.maker,2025-12-18,-3.85
R6.IMB.follow.w120.maker,2025-12-19,4.93
R6.IMB.follow.w120.maker,2025-12-20,1.53
R6.IMB.follow.w120.maker,2025-12-21,21.98
R6.IMB.follow.w120.maker,2025-12-22,-5.17
R6.IMB.follow.w120.maker,2025-12-23,-5.35
R6.IMB.follow.w120.maker,2025-12-25,4.82
R6.IMB.follow.w120.maker,2025-12-26,-6.890000000000001
R6.IMB.follow.w120.maker,2025-12-27,-2.04
R6.IMB.follow.w120.maker,2025-12-28,17.0
R6.IMB.follow.w120.maker,2025-12-29,-7.68
R6.IMB.follow.w120.maker,2025-12-30,-3.24
R6.IMB.follow.w120.maker,2025-12-31,5.4399999999999995
R6.IMB.follow.w120.maker,2026-01-01,4.52
R6.IMB.follow.w120.maker,2026-01-02,-2.44
R6.IMB.follow.w120.maker,2026-01-03,-4.55
R6.IMB.follow.w120.maker,2026-01-04,-20.12
R6.IMB.follow.w120.maker,2026-01-08,-3.44
R6.IMB.follow.w120.maker,2026-01-09,-2.94
R6.IMB.follow.w120.maker,2026-01-10,5.03
R6.IMB.follow.w120.maker,2026-01-11,6.25
R6.IMB.follow.w120.maker,2026-01-17,5.85
R6.IMB.follow.w120.maker,2026-01-18,-3.34
R6.IMB.fade.w60.taker,2025-09-08,-7.64
R6.IMB.fade.w60.taker,2025-09-11,7.98
R6.IMB.fade.w60.taker,2025-09-12,-17.25
R6.IMB.fade.w60.taker,2025-09-13,2.880000000000002
R6.IMB.fade.w60.taker,2025-09-14,-5.1000000000000005
R6.IMB.fade.w60.taker,2025-09-15,1.96
R6.IMB.fade.w60.taker,2025-09-18,-4.3500000000000005
R6.IMB.fade.w60.taker,2025-09-19,-1.6400000000000006
R6.IMB.fade.w60.taker,2025-09-20,22.67
R6.IMB.fade.w60.taker,2025-09-21,2.9599999999999995
R6.IMB.fade.w60.taker,2025-09-22,-7.73
R6.IMB.fade.w60.taker,2025-09-25,-7.709999999999999
R6.IMB.fade.w60.taker,2025-09-26,-0.8900000000000001
R6.IMB.fade.w60.taker,2025-09-27,-17.099999999999998
R6.IMB.fade.w60.taker,2025-09-28,-11.66
R6.IMB.fade.w60.taker,2025-09-29,6.58
R6.IMB.fade.w60.taker,2025-10-02,-1.2500000000000004
R6.IMB.fade.w60.taker,2025-10-03,-1.5700000000000003
R6.IMB.fade.w60.taker,2025-10-04,1.189999999999999
R6.IMB.fade.w60.taker,2025-10-05,-12.15
R6.IMB.fade.w60.taker,2025-10-06,-7.93
R6.IMB.fade.w60.taker,2025-10-08,-5.88
R6.IMB.fade.w60.taker,2025-10-09,12.129999999999999
R6.IMB.fade.w60.taker,2025-10-10,1.2000000000000002
R6.IMB.fade.w60.taker,2025-10-11,-9.509999999999998
R6.IMB.fade.w60.taker,2025-10-12,18.240000000000002
R6.IMB.fade.w60.taker,2025-10-13,10.55
R6.IMB.fade.w60.taker,2025-10-14,-13.29
R6.IMB.fade.w60.taker,2025-10-15,-12.54
R6.IMB.fade.w60.taker,2025-10-16,-7.280000000000001
R6.IMB.fade.w60.taker,2025-10-17,5.210000000000001
R6.IMB.fade.w60.taker,2025-10-18,-8.8
R6.IMB.fade.w60.taker,2025-10-19,-35.57
R6.IMB.fade.w60.taker,2025-10-20,3.67
R6.IMB.fade.w60.taker,2025-10-21,3.9
R6.IMB.fade.w60.taker,2025-10-22,-1.71
R6.IMB.fade.w60.taker,2025-10-23,3.87
R6.IMB.fade.w60.taker,2025-10-24,2.33
R6.IMB.fade.w60.taker,2025-10-25,-31.800000000000004
R6.IMB.fade.w60.taker,2025-10-26,11.99
R6.IMB.fade.w60.taker,2025-10-27,1.69
R6.IMB.fade.w60.taker,2025-10-28,-1.24
R6.IMB.fade.w60.taker,2025-10-29,-6.92
R6.IMB.fade.w60.taker,2025-10-30,15.21
R6.IMB.fade.w60.taker,2025-10-31,1.9299999999999997
R6.IMB.fade.w60.taker,2025-11-01,-4.950000000000001
R6.IMB.fade.w60.taker,2025-11-02,-20.12
R6.IMB.fade.w60.taker,2025-11-03,5.52
R6.IMB.fade.w60.taker,2025-11-04,0.46
R6.IMB.fade.w60.taker,2025-11-05,1.4700000000000002
R6.IMB.fade.w60.taker,2025-11-06,2.2799999999999994
R6.IMB.fade.w60.taker,2025-11-07,-2.0300000000000002
R6.IMB.fade.w60.taker,2025-11-08,-23.28
R6.IMB.fade.w60.taker,2025-11-09,-10.049999999999999
R6.IMB.fade.w60.taker,2025-11-10,3.63
R6.IMB.fade.w60.taker,2025-11-11,11.61
R6.IMB.fade.w60.taker,2025-11-12,9.18
R6.IMB.fade.w60.taker,2025-11-13,-4.550000000000001
R6.IMB.fade.w60.taker,2025-11-14,4.62
R6.IMB.fade.w60.taker,2025-11-15,-24.54
R6.IMB.fade.w60.taker,2025-11-16,26.86
R6.IMB.fade.w60.taker,2025-11-17,-4.27
R6.IMB.fade.w60.taker,2025-11-18,10.51
R6.IMB.fade.w60.taker,2025-11-19,6.54
R6.IMB.fade.w60.taker,2025-11-20,-2.2300000000000004
R6.IMB.fade.w60.taker,2025-11-21,10.440000000000001
R6.IMB.fade.w60.taker,2025-11-22,-39.69
R6.IMB.fade.w60.taker,2025-11-23,7.22
R6.IMB.fade.w60.taker,2025-11-24,1.22
R6.IMB.fade.w60.taker,2025-11-25,3.12
R6.IMB.fade.w60.taker,2025-11-27,-19.17
R6.IMB.fade.w60.taker,2025-11-28,15.879999999999999
R6.IMB.fade.w60.taker,2025-11-29,-49.34
R6.IMB.fade.w60.taker,2025-11-30,-14.310000000000002
R6.IMB.fade.w60.taker,2025-12-01,0.74
R6.IMB.fade.w60.taker,2025-12-04,3.43
R6.IMB.fade.w60.taker,2025-12-05,4.2700000000000005
R6.IMB.fade.w60.taker,2025-12-06,-1.1700000000000008
R6.IMB.fade.w60.taker,2025-12-07,12.389999999999999
R6.IMB.fade.w60.taker,2025-12-08,3.53
R6.IMB.fade.w60.taker,2025-12-11,-8.4
R6.IMB.fade.w60.taker,2025-12-13,-6.45
R6.IMB.fade.w60.taker,2025-12-14,-13.899999999999999
R6.IMB.fade.w60.taker,2025-12-15,2.95
R6.IMB.fade.w60.taker,2025-12-16,1.98
R6.IMB.fade.w60.taker,2025-12-17,9.559999999999999
R6.IMB.fade.w60.taker,2025-12-18,-0.21999999999999975
R6.IMB.fade.w60.taker,2025-12-19,-3.45
R6.IMB.fade.w60.taker,2025-12-20,-2.3799999999999994
R6.IMB.fade.w60.taker,2025-12-21,-50.050000000000004
R6.IMB.fade.w60.taker,2025-12-22,-0.2999999999999998
R6.IMB.fade.w60.taker,2025-12-23,0.7699999999999994
R6.IMB.fade.w60.taker,2025-12-24,-9.44
R6.IMB.fade.w60.taker,2025-12-25,9.31
R6.IMB.fade.w60.taker,2025-12-26,9.36
R6.IMB.fade.w60.taker,2025-12-27,8.48
R6.IMB.fade.w60.taker,2025-12-28,-14.3
R6.IMB.fade.w60.taker,2025-12-29,7.73
R6.IMB.fade.w60.taker,2025-12-30,1.5300000000000011
R6.IMB.fade.w60.taker,2025-12-31,-10.66
R6.IMB.fade.w60.taker,2026-01-01,-9.08
R6.IMB.fade.w60.taker,2026-01-02,1.7599999999999993
R6.IMB.fade.w60.taker,2026-01-03,6.39
R6.IMB.fade.w60.taker,2026-01-04,19.1
R6.IMB.fade.w60.taker,2026-01-08,3.04
R6.IMB.fade.w60.taker,2026-01-09,2.56
R6.IMB.fade.w60.taker,2026-01-10,-5.73
R6.IMB.fade.w60.taker,2026-01-11,0.9000000000000004
R6.IMB.fade.w60.taker,2026-01-12,-5.08
R6.IMB.fade.w60.taker,2026-01-17,6.13
R6.IMB.fade.w60.taker,2026-01-18,5.02
R6.IMB.fade.w60.maker,2025-09-08,-7.44
R6.IMB.fade.w60.maker,2025-09-11,8.51
R6.IMB.fade.w60.maker,2025-09-12,-11.379999999999999
R6.IMB.fade.w60.maker,2025-09-13,-27.04
R6.IMB.fade.w60.maker,2025-09-14,-2.4099999999999993
R6.IMB.fade.w60.maker,2025-09-15,-3.44
R6.IMB.fade.w60.maker,2025-09-19,5.45
R6.IMB.fade.w60.maker,2025-09-20,9.97
R6.IMB.fade.w60.maker,2025-09-21,-1.42
R6.IMB.fade.w60.maker,2025-09-22,-7.64
R6.IMB.fade.w60.maker,2025-09-25,-7.390000000000001
R6.IMB.fade.w60.maker,2025-09-26,-0.43999999999999995
R6.IMB.fade.w60.maker,2025-09-27,-26.79
R6.IMB.fade.w60.maker,2025-09-28,1.589999999999999
R6.IMB.fade.w60.maker,2025-09-29,7.109999999999999
R6.IMB.fade.w60.maker,2025-10-02,-1.0000000000000004
R6.IMB.fade.w60.maker,2025-10-03,-8.13
R6.IMB.fade.w60.maker,2025-10-04,3.8200000000000016
R6.IMB.fade.w60.maker,2025-10-05,-17.39
R6.IMB.fade.w60.maker,2025-10-06,-7.64
R6.IMB.fade.w60.maker,2025-10-08,-5.75
R6.IMB.fade.w60.maker,2025-10-09,12.68
R6.IMB.fade.w60.maker,2025-10-10,-1.79
R6.IMB.fade.w60.maker,2025-10-11,-13.64
R6.IMB.fade.w60.maker,2025-10-12,14.030000000000001
R6.IMB.fade.w60.maker,2025-10-13,10.7
R6.IMB.fade.w60.maker,2025-10-14,-5.87
R6.IMB.fade.w60.maker,2025-10-15,-12.79
R6.IMB.fade.w60.maker,2025-10-16,-7.84
R6.IMB.fade.w60.maker,2025-10-17,6.35
R6.IMB.fade.w60.maker,2025-10-18,-10.12
R6.IMB.fade.w60.maker,2025-10-19,-33.44
R6.IMB.fade.w60.maker,2025-10-20,3.9299999999999997
R6.IMB.fade.w60.maker,2025-10-21,4.32
R6.IMB.fade.w60.maker,2025-10-22,-2.44
R6.IMB.fade.w60.maker,2025-10-23,1.77
R6.IMB.fade.w60.maker,2025-10-24,2.64
R6.IMB.fade.w60.maker,2025-10-25,-31.27
R6.IMB.fade.w60.maker,2025-10-26,12.899999999999999
R6.IMB.fade.w60.maker,2025-10-27,1.87
R6.IMB.fade.w60.maker,2025-10-28,-0.6499999999999999
R6.IMB.fade.w60.maker,2025-10-29,-6.59
R6.IMB.fade.w60.maker,2025-10-30,7.619999999999999
R6.IMB.fade.w60.maker,2025-10-31,2.52
R6.IMB.fade.w60.maker,2025-11-01,-11.59
R6.IMB.fade.w60.maker,2025-11-02,-9.87
R6.IMB.fade.w60.maker,2025-11-03,5.65
R6.IMB.fade.w60.maker,2025-11-05,1.9400000000000002
R6.IMB.fade.w60.maker,2025-11-06,-2.5700000000000003
R6.IMB.fade.w60.maker,2025-11-07,-6.67
R6.IMB.fade.w60.maker,2025-11-08,-5.669999999999999
R6.IMB.fade.w60.maker,2025-11-09,-11.370000000000001
R6.IMB.fade.w60.maker,2025-11-10,3.75
R6.IMB.fade.w60.maker,2025-11-11,7.87
R6.IMB.fade.w60.maker,2025-11-12,1.47
R6.IMB.fade.w60.maker,2025-11-13,-2.13
R6.IMB.fade.w60.maker,2025-11-15,-29.01
R6.IMB.fade.w60.maker,2025-11-16,16.080000000000002
R6.IMB.fade.w60.maker,2025-11-17,-4.15
R6.IMB.fade.w60.maker,2025-11-18,10.39
R6.IMB.fade.w60.maker,2025-11-19,6.82
R6.IMB.fade.w60.maker,2025-11-20,-1.79
R6.IMB.fade.w60.maker,2025-11-21,10.8
R6.IMB.fade.w60.maker,2025-11-22,-31.0
R6.IMB.fade.w60.maker,2025-11-23,4.740000000000001
R6.IMB.fade.w60.maker,2025-11-24,1.37
R6.IMB.fade.w60.maker,2025-11-25,2.95
R6.IMB.fade.w60.maker,2025-11-27,-22.41
R6.IMB.fade.w60.maker,2025-11-28,14.719999999999999
R6.IMB.fade.w60.maker,2025-11-29,-35.84
R6.IMB.fade.w60.maker,2025-11-30,-13.790000000000001
R6.IMB.fade.w60.maker,2025-12-01,0.88
R6.IMB.fade.w60.maker,2025-12-04,3.75
R6.IMB.fade.w60.maker,2025-12-05,2.09
R6.IMB.fade.w60.maker,2025-12-06,-0.7800000000000002
R6.IMB.fade.w60.maker,2025-12-07,23.62
R6.IMB.fade.w60.maker,2025-12-08,3.75
R6.IMB.fade.w60.maker,2025-12-11,-8.13
R6.IMB.fade.w60.maker,2025-12-13,-8.79
R6.IMB.fade.w60.maker,2025-12-14,-16.590000000000003
R6.IMB.fade.w60.maker,2025-12-15,3.16
R6.IMB.fade.w60.maker,2025-12-16,2.16
R6.IMB.fade.w60.maker,2025-12-17,6.15
R6.IMB.fade.w60.maker,2025-12-18,3.16
R6.IMB.fade.w60.maker,2025-12-19,-2.9000000000000004
R6.IMB.fade.w60.maker,2025-12-20,-2.0500000000000007
R6.IMB.fade.w60.maker,2025-12-21,-36.56
R6.IMB.fade.w60.maker,2025-12-22,-0.08000000000000007
R6.IMB.fade.w60.maker,2025-12-23,1.1999999999999993
R6.IMB.fade.w60.maker,2025-12-24,-9.32
R6.IMB.fade.w60.maker,2025-12-25,9.79
R6.IMB.fade.w60.maker,2025-12-26,7.71
R6.IMB.fade.w60.maker,2025-12-27,13.82
R6.IMB.fade.w60.maker,2025-12-28,-8.32
R6.IMB.fade.w60.maker,2025-12-29,1.67
R6.IMB.fade.w60.maker,2025-12-30,-0.7800000000000002
R6.IMB.fade.w60.maker,2025-12-31,-13.56
R6.IMB.fade.w60.maker,2026-01-01,-8.629999999999999
R6.IMB.fade.w60.maker,2026-01-02,2.6499999999999995
R6.IMB.fade.w60.maker,2026-01-03,4.45
R6.IMB.fade.w60.maker,2026-01-04,17.15
R6.IMB.fade.w60.maker,2026-01-08,3.26
R6.IMB.fade.w60.maker,2026-01-09,2.66
R6.IMB.fade.w60.maker,2026-01-10,-5.369999999999999
R6.IMB.fade.w60.maker,2026-01-11,1.5699999999999994
R6.IMB.fade.w60.maker,2026-01-12,-4.85
R6.IMB.fade.w60.maker,2026-01-17,6.5200000000000005
R6.IMB.fade.w60.maker,2026-01-18,5.42
R6.GAP.g120.taker,2025-09-13,-30.1
R6.GAP.g120.taker,2025-09-20,2.48
R6.GAP.g120.taker,2025-09-27,-6.04
R6.GAP.g120.taker,2025-10-04,14.27
R6.GAP.g120.taker,2025-10-09,0.65
R6.GAP.g120.taker,2025-10-11,-18.87
R6.GAP.g120.taker,2025-10-18,7.8100000000000005
R6.GAP.g120.taker,2025-10-25,-7.02
R6.GAP.g120.taker,2025-11-01,-0.75
R6.GAP.g120.taker,2025-11-22,0.27
R6.GAP.g120.taker,2025-11-29,1.2000000000000002
R6.GAP.g120.taker,2025-12-13,-8.78
R6.GAP.g120.maker,2025-09-13,-7.51
R6.GAP.g120.maker,2025-09-20,-3.14
R6.GAP.g120.maker,2025-09-27,-5.76
R6.GAP.g120.maker,2025-10-09,0.59
R6.GAP.g120.maker,2025-10-11,-0.92
R6.GAP.g120.maker,2025-10-18,7.09
R6.GAP.g120.maker,2025-10-25,-5.76
R6.GAP.g120.maker,2025-11-22,0.29
R6.GAP.g120.maker,2025-11-29,1.17
R6.GAP.g120.maker,2025-12-13,-9.71
R6.GAP.g300.taker,2025-09-13,1.31
R6.GAP.g300.taker,2025-09-20,-5.32
R6.GAP.g300.taker,2025-09-27,3.89
R6.GAP.g300.taker,2025-10-04,5.1899999999999995
R6.GAP.g300.taker,2025-10-11,-9.63
R6.GAP.g300.taker,2025-10-18,-2.4899999999999998
R6.GAP.g300.taker,2025-10-25,-0.4399999999999997
R6.GAP.g300.maker,2025-09-20,-5.55
R6.GAP.g300.maker,2025-09-27,3.55
R6.GAP.g300.maker,2025-10-25,-2.9499999999999997
R7.TO.fade.taker,2025-09-08,-8.88
R7.TO.fade.taker,2025-09-11,-1.7
R7.TO.fade.taker,2025-09-14,4.22
R7.TO.fade.taker,2025-09-18,-2.33
R7.TO.fade.taker,2025-09-20,-7.44
R7.TO.fade.taker,2025-09-21,7.840000000000002
R7.TO.fade.taker,2025-09-22,-2.22
R7.TO.fade.taker,2025-09-25,1.5
R7.TO.fade.taker,2025-09-28,-13.450000000000001
R7.TO.fade.taker,2025-09-29,-2.84
R7.TO.fade.taker,2025-10-02,-1.91
R7.TO.fade.taker,2025-10-04,-2.12
R7.TO.fade.taker,2025-10-05,11.36
R7.TO.fade.taker,2025-10-06,7.47
R7.TO.fade.taker,2025-10-09,-6.76
R7.TO.fade.taker,2025-10-12,-0.98
R7.TO.fade.taker,2025-10-13,-2.3299999999999996
R7.TO.fade.taker,2025-10-14,5.02
R7.TO.fade.taker,2025-10-16,-7.4799999999999995
R7.TO.fade.taker,2025-10-18,-4.17
R7.TO.fade.taker,2025-10-19,-14.83
R7.TO.fade.taker,2025-10-20,0.5
R7.TO.fade.taker,2025-10-23,-2.8699999999999997
R7.TO.fade.taker,2025-10-24,1.12
R7.TO.fade.taker,2025-10-25,-19.58
R7.TO.fade.taker,2025-10-26,6.000000000000001
R7.TO.fade.taker,2025-10-30,-8.25
R7.TO.fade.taker,2025-11-01,-26.63
R7.TO.fade.taker,2025-11-02,-15.94
R7.TO.fade.taker,2025-11-03,-3.05
R7.TO.fade.taker,2025-11-05,-2.64
R7.TO.fade.taker,2025-11-06,-2.12
R7.TO.fade.taker,2025-11-07,1.98
R7.TO.fade.taker,2025-11-08,-10.02
R7.TO.fade.taker,2025-11-09,-10.6
R7.TO.fade.taker,2025-11-10,-4.98
R7.TO.fade.taker,2025-11-11,7.710000000000001
R7.TO.fade.taker,2025-11-13,0.65
R7.TO.fade.taker,2025-11-15,-21.0
R7.TO.fade.taker,2025-11-16,-16.259999999999998
R7.TO.fade.taker,2025-11-17,-1.49
R7.TO.fade.taker,2025-11-18,4.92
R7.TO.fade.taker,2025-11-19,-2.0300000000000002
R7.TO.fade.taker,2025-11-20,-6.27
R7.TO.fade.taker,2025-11-22,-0.8399999999999999
R7.TO.fade.taker,2025-11-23,-14.74
R7.TO.fade.taker,2025-11-24,1.88
R7.TO.fade.taker,2025-11-25,-4.29
R7.TO.fade.taker,2025-11-27,-7.64
R7.TO.fade.taker,2025-11-28,-2.2800000000000002
R7.TO.fade.taker,2025-11-29,-9.420000000000002
R7.TO.fade.taker,2025-11-30,-0.8400000000000001
R7.TO.fade.taker,2025-12-04,-2.95
R7.TO.fade.taker,2025-12-05,-2.38
R7.TO.fade.taker,2025-12-06,6.5200000000000005
R7.TO.fade.taker,2025-12-07,12.39
R7.TO.fade.taker,2025-12-08,-2.43
R7.TO.fade.taker,2025-12-11,8.72
R7.TO.fade.taker,2025-12-13,5.12
R7.TO.fade.taker,2025-12-14,-0.9900000000000002
R7.TO.fade.taker,2025-12-16,-2.12
R7.TO.fade.taker,2025-12-17,5.83
R7.TO.fade.taker,2025-12-18,7.16
R7.TO.fade.taker,2025-12-20,-4.479999999999999
R7.TO.fade.taker,2025-12-21,-13.469999999999999
R7.TO.fade.taker,2025-12-22,-2.64
R7.TO.fade.taker,2025-12-25,-2.6100000000000003
R7.TO.fade.taker,2025-12-26,-2.43
R7.TO.fade.taker,2025-12-27,-6.93
R7.TO.fade.taker,2025-12-28,3.5500000000000003
R7.TO.fade.taker,2025-12-29,-5.25
R7.TO.fade.taker,2025-12-30,5.73
R7.TO.fade.taker,2025-12-31,2.7800000000000002
R7.TO.fade.taker,2026-01-01,-1.59
R7.TO.fade.taker,2026-01-02,-0.64
R7.TO.fade.taker,2026-01-03,1.18
R7.TO.fade.taker,2026-01-04,23.14
R7.TO.fade.taker,2026-01-09,-1.8
R7.TO.fade.taker,2026-01-10,7.24
R7.TO.fade.taker,2026-01-11,1.12
R7.TO.fade.taker,2026-01-12,3.83
R7.TO.fade.taker,2026-01-17,-3.25
R7.TO.fade.taker,2026-01-18,-0.3400000000000003
R7.TO.fade.maker,2025-09-08,-8.82
R7.TO.fade.maker,2025-09-11,-1.63
R7.TO.fade.maker,2025-09-14,10.51
R7.TO.fade.maker,2025-09-21,9.66
R7.TO.fade.maker,2025-09-22,-2.24
R7.TO.fade.maker,2025-09-25,1.47
R7.TO.fade.maker,2025-09-28,-7.800000000000001
R7.TO.fade.maker,2025-09-29,-2.64
R7.TO.fade.maker,2025-10-02,-1.53
R7.TO.fade.maker,2025-10-04,-1.93
R7.TO.fade.maker,2025-10-05,12.94
R7.TO.fade.maker,2025-10-06,7.66
R7.TO.fade.maker,2025-10-09,-5.15
R7.TO.fade.maker,2025-10-12,0.7699999999999996
R7.TO.fade.maker,2025-10-13,-1.8900000000000001
R7.TO.fade.maker,2025-10-14,5.05
R7.TO.fade.maker,2025-10-16,-7.46
R7.TO.fade.maker,2025-10-18,-3.85
R7.TO.fade.maker,2025-10-19,-13.39
R7.TO.fade.maker,2025-10-20,0.8499999999999999
R7.TO.fade.maker,2025-10-23,-3.05
R7.TO.fade.maker,2025-10-24,1.18
R7.TO.fade.maker,2025-10-25,-11.7
R7.TO.fade.maker,2025-10-26,2.84
R7.TO.fade.maker,2025-10-30,-7.58
R7.TO.fade.maker,2025-11-01,-14.06
R7.TO.fade.maker,2025-11-02,-14.36
R7.TO.fade.maker,2025-11-05,-2.34
R7.TO.fade.maker,2025-11-06,-2.13
R7.TO.fade.maker,2025-11-08,-12.08
R7.TO.fade.maker,2025-11-09,-12.989999999999998
R7.TO.fade.maker,2025-11-10,-4.85
R7.TO.fade.maker,2025-11-11,2.26
R7.TO.fade.maker,2025-11-13,0.78
R7.TO.fade.maker,2025-11-15,-23.47
R7.TO.fade.maker,2025-11-16,-13.879999999999999
R7.TO.fade.maker,2025-11-17,-1.32
R7.TO.fade.maker,2025-11-18,4.95
R7.TO.fade.maker,2025-11-19,-1.94
R7.TO.fade.maker,2025-11-20,-6.05
R7.TO.fade.maker,2025-11-22,1.5599999999999996
R7.TO.fade.maker,2025-11-23,-13.52
R7.TO.fade.maker,2025-11-24,2.16
R7.TO.fade.maker,2025-11-25,-3.95
R7.TO.fade.maker,2025-11-27,-7.44
R7.TO.fade.maker,2025-11-28,5.37
R7.TO.fade.maker,2025-11-29,-2.500000000000001
R7.TO.fade.maker,2025-11-30,6.24
R7.TO.fade.maker,2025-12-04,-2.74
R7.TO.fade.maker,2025-12-05,-1.8800000000000003
R7.TO.fade.maker,2025-12-06,6.75
R7.TO.fade.maker,2025-12-07,14.010000000000002
R7.TO.fade.maker,2025-12-11,8.88
R7.TO.fade.maker,2025-12-13,5.35
R7.TO.fade.maker,2025-12-14,-0.07000000000000028
R7.TO.fade.maker,2025-12-16,-1.83
R7.TO.fade.maker,2025-12-17,6.05
R7.TO.fade.maker,2025-12-18,7.26
R7.TO.fade.maker,2025-12-20,-4.339999999999999
R7.TO.fade.maker,2025-12-21,-11.5
R7.TO.fade.maker,2025-12-22,-2.34
R7.TO.fade.maker,2025-12-25,-2.1099999999999994
R7.TO.fade.maker,2025-12-26,-2.24
R7.TO.fade.maker,2025-12-27,-5.66
R7.TO.fade.maker,2025-12-28,-4.319999999999999
R7.TO.fade.maker,2025-12-29,-4.77
R7.TO.fade.maker,2025-12-31,3.21
R7.TO.fade.maker,2026-01-02,-0.61
R7.TO.fade.maker,2026-01-03,1.44
R7.TO.fade.maker,2026-01-04,24.49
R7.TO.fade.maker,2026-01-09,-1.63
R7.TO.fade.maker,2026-01-10,7.550000000000001
R7.TO.fade.maker,2026-01-11,1.4900000000000002
R7.TO.fade.maker,2026-01-12,4.15
R7.TO.fade.maker,2026-01-17,-3.04
R7.TO.fade.maker,2026-01-18,-0.20000000000000018
R7.TO.follow.taker,2025-09-08,6.23
R7.TO.follow.taker,2025-09-11,1.12
R7.TO.follow.taker,2025-09-13,1.1099999999999999
R7.TO.follow.taker,2025-09-14,-4.120000000000001
R7.TO.follow.taker,2025-09-15,1.22
R7.TO.follow.taker,2025-09-18,-2.66
R7.TO.follow.taker,2025-09-20,-9.08
R7.TO.follow.taker,2025-09-21,-5.270000000000001
R7.TO.follow.taker,2025-09-22,4.62
R7.TO.follow.taker,2025-09-25,3.29
R7.TO.follow.taker,2025-09-27,-3.2
R7.TO.follow.taker,2025-09-28,-2.37
R7.TO.follow.taker,2025-09-29,2.45
R7.TO.follow.taker,2025-10-02,3.04
R7.TO.follow.taker,2025-10-03,-0.22
R7.TO.follow.taker,2025-10-04,0.07000000000000006
R7.TO.follow.taker,2025-10-05,-14.83
R7.TO.follow.taker,2025-10-12,-0.96
R7.TO.follow.taker,2025-10-13,-4.39
R7.TO.follow.taker,2025-10-14,-0.86
R7.TO.follow.taker,2025-10-16,-0.64
R7.TO.follow.taker,2025-10-18,-2.22
R7.TO.follow.taker,2025-10-19,-8.38
R7.TO.follow.taker,2025-10-20,-4.12
R7.TO.follow.taker,2025-10-23,-1.34
R7.TO.follow.taker,2025-10-24,-1.8
R7.TO.follow.taker,2025-10-25,-18.650000000000002
R7.TO.follow.taker,2025-10-26,7.92
R7.TO.follow.taker,2025-10-27,1.6
R7.TO.follow.taker,2025-10-30,1.41
R7.TO.follow.taker,2025-10-31,0.18
R7.TO.follow.taker,2025-11-01,7.429999999999999
R7.TO.follow.taker,2025-11-02,-15.45
R7.TO.follow.taker,2025-11-03,2.56
R7.TO.follow.taker,2025-11-05,3.04
R7.TO.follow.taker,2025-11-06,3.34
R7.TO.follow.taker,2025-11-07,1.03
R7.TO.follow.taker,2025-11-08,-39.22
R7.TO.follow.taker,2025-11-09,4.1899999999999995
R7.TO.follow.taker,2025-11-10,3.14
R7.TO.follow.taker,2025-11-11,6.21
R7.TO.follow.taker,2025-11-15,0.5400000000000003
R7.TO.follow.taker,2025-11-16,-6.169999999999999
R7.TO.follow.taker,2025-11-17,-0.22
R7.TO.follow.taker,2025-11-19,-4.710000000000001
R7.TO.follow.taker,2025-11-20,1.79
R7.TO.follow.taker,2025-11-22,20.78
R7.TO.follow.taker,2025-11-23,-24.450000000000003
R7.TO.follow.taker,2025-11-24,1.31
R7.TO.follow.taker,2025-11-27,-4.970000000000001
R7.TO.follow.taker,2025-11-28,8.24
R7.TO.follow.taker,2025-11-29,-0.0899999999999998
R7.TO.follow.taker,2025-11-30,9.69
R7.TO.follow.taker,2025-12-01,0.84
R7.TO.follow.taker,2025-12-04,-1.91
R7.TO.follow.taker,2025-12-05,0.5200000000000002
R7.TO.follow.taker,2025-12-06,-1.96
R7.TO.follow.taker,2025-12-07,2.5
R7.TO.follow.taker,2025-12-08,3.14
R7.TO.follow.taker,2025-12-14,20.630000000000003
R7.TO.follow.taker,2025-12-17,-6.47
R7.TO.follow.taker,2025-12-18,-6.76
R7.TO.follow.taker,2025-12-20,-9.35
R7.TO.follow.taker,2025-12-21,6.710000000000001
R7.TO.follow.taker,2025-12-22,-0.33
R7.TO.follow.taker,2025-12-24,-7.44
R7.TO.follow.taker,2025-12-25,5.83
R7.TO.follow.taker,2025-12-26,0.18
R7.TO.follow.taker,2025-12-27,-12.44
R7.TO.follow.taker,2025-12-28,0.7400000000000002
R7.TO.follow.taker,2025-12-29,6.55
R7.TO.follow.taker,2025-12-31,3.48
R7.TO.follow.taker,2026-01-01,-8.88
R7.TO.follow.taker,2026-01-02,0.18
R7.TO.follow.taker,2026-01-03,-1.9300000000000002
R7.TO.follow.taker,2026-01-04,20.630000000000003
R7.TO.follow.taker,2026-01-09,0.27
R7.TO.follow.taker,2026-01-10,-8.12
R7.TO.follow.taker,2026-01-11,9.25
R7.TO.follow.taker,2026-01-17,6.3500000000000005
R7.TO.follow.taker,2026-01-18,5.99
R7.TO.follow.maker,2025-09-08,6.35
R7.TO.follow.maker,2025-09-11,1.18
R7.TO.follow.maker,2025-09-13,0.88
R7.TO.follow.maker,2025-09-14,-15.379999999999999
R7.TO.follow.maker,2025-09-15,1.37
R7.TO.follow.maker,2025-09-18,-2.14
R7.TO.follow.maker,2025-09-20,-9.12
R7.TO.follow.maker,2025-09-21,-1.0399999999999991
R7.TO.follow.maker,2025-09-22,4.85
R7.TO.follow.maker,2025-09-25,2.46
R7.TO.follow.maker,2025-09-27,-2.85
R7.TO.follow.maker,2025-09-28,-0.6199999999999989
R7.TO.follow.maker,2025-09-29,4.05
R7.TO.follow.maker,2025-10-02,3.26
R7.TO.follow.maker,2025-10-03,-0.21
R7.TO.follow.maker,2025-10-04,0.45999999999999996
R7.TO.follow.maker,2025-10-05,-14.240000000000002
R7.TO.follow.maker,2025-10-12,-4.46
R7.TO.follow.maker,2025-10-13,-4.08
R7.TO.follow.maker,2025-10-16,-0.51
R7.TO.follow.maker,2025-10-18,-2.03
R7.TO.follow.maker,2025-10-19,-6.87
R7.TO.follow.maker,2025-10-20,-3.76
R7.TO.follow.maker,2025-10-23,-1.63
R7.TO.follow.maker,2025-10-25,-12.9
R7.TO.follow.maker,2025-10-26,3.29
R7.TO.follow.maker,2025-10-27,1.77
R7.TO.follow.maker,2025-10-30,1.57
R7.TO.follow.maker,2025-11-01,-1.4700000000000006
R7.TO.follow.maker,2025-11-02,-9.94
R7.TO.follow.maker,2025-11-03,2.66
R7.TO.follow.maker,2025-11-06,3.55
R7.TO.follow.maker,2025-11-07,1.18
R7.TO.follow.maker,2025-11-08,-8.6
R7.TO.follow.maker,2025-11-09,8.25
R7.TO.follow.maker,2025-11-11,-0.31
R7.TO.follow.maker,2025-11-15,-2.5
R7.TO.follow.maker,2025-11-16,-10.3
R7.TO.follow.maker,2025-11-20,1.97
R7.TO.follow.maker,2025-11-22,16.25
R7.TO.follow.maker,2025-11-23,-23.19
R7.TO.follow.maker,2025-11-24,1.47
R7.TO.follow.maker,2025-11-27,-4.58
R7.TO.follow.maker,2025-11-28,4.75
R7.TO.follow.maker,2025-11-29,-3.74
R7.TO.follow.maker,2025-11-30,7.39
R7.TO.follow.maker,2025-12-01,0.88
R7.TO.follow.maker,2025-12-04,-1.83
R7.TO.follow.maker,2025-12-05,-1.32
R7.TO.follow.maker,2025-12-06,-4.39
R7.TO.follow.maker,2025-12-07,1.07
R7.TO.follow.maker,2025-12-08,3.36
R7.TO.follow.maker,2025-12-14,21.98
R7.TO.follow.maker,2025-12-17,-6.25
R7.TO.follow.maker,2025-12-18,-6.64
R7.TO.follow.maker,2025-12-20,-8.83
R7.TO.follow.maker,2025-12-21,6.6499999999999995
R7.TO.follow.maker,2025-12-22,-0.21
R7.TO.follow.maker,2025-12-24,-7.14
R7.TO.follow.maker,2025-12-25,6.05
R7.TO.follow.maker,2025-12-27,-3.6799999999999997
R7.TO.follow.maker,2025-12-28,-5.85
R7.TO.follow.maker,2025-12-29,6.93
R7.TO.follow.maker,2025-12-31,3.9400000000000004
R7.TO.follow.maker,2026-01-01,-8.72
R7.TO.follow.maker,2026-01-03,-1.4899999999999998
R7.TO.follow.maker,2026-01-04,15.57
R7.TO.follow.maker,2026-01-10,-7.86
R7.TO.follow.maker,2026-01-11,9.7
R7.TO.follow.maker,2026-01-17,5.55
R7.TO.follow.maker,2026-01-18,3.46
R7.HALF.follow.taker,2025-09-11,-5.08
R7.HALF.follow.taker,2025-09-18,1.88
R7.HALF.follow.taker,2025-09-20,-9.07
R7.HALF.follow.taker,2025-10-04,1.22
R7.HALF.follow.taker,2025-10-09,3.73
R7.HALF.follow.taker,2025-10-18,1.41
R7.HALF.follow.taker,2025-10-23,0.46
R7.HALF.follow.taker,2025-10-25,-13.25
R7.HALF.follow.taker,2025-10-30,0.84
R7.HALF.follow.taker,2025-11-01,-0.6099999999999999
R7.HALF.follow.taker,2025-11-08,-8.45
R7.HALF.follow.taker,2025-11-09,0.65
R7.HALF.follow.taker,2025-11-11,-8.12
R7.HALF.follow.taker,2025-11-15,11.99
R7.HALF.follow.taker,2025-11-18,2.07
R7.HALF.follow.taker,2025-11-19,2.36
R7.HALF.follow.taker,2025-11-22,-19.98
R7.HALF.follow.taker,2025-11-25,0.65
R7.HALF.follow.taker,2025-11-28,-19.4
R7.HALF.follow.taker,2025-11-29,4.94
R7.HALF.follow.taker,2025-11-30,0.37
R7.HALF.follow.taker,2025-12-05,1.98
R7.HALF.follow.taker,2025-12-06,-3.7
R7.HALF.follow.taker,2025-12-13,-6.17
R7.HALF.follow.taker,2025-12-16,-5.98
R7.HALF.follow.taker,2025-12-17,-6.47
R7.HALF.follow.taker,2025-12-19,4.72
R7.HALF.follow.taker,2025-12-20,4.32
R7.HALF.follow.taker,2025-12-27,2.27
R7.HALF.follow.taker,2025-12-30,4.52
R7.HALF.follow.taker,2025-12-31,6.74
R7.HALF.follow.taker,2026-01-01,-8.69
R7.HALF.follow.maker,2025-09-11,-4.85
R7.HALF.follow.maker,2025-09-18,2.07
R7.HALF.follow.maker,2025-09-20,-9.02
R7.HALF.follow.maker,2025-10-04,1.37
R7.HALF.follow.maker,2025-10-18,1.57
R7.HALF.follow.maker,2025-10-23,0.49
R7.HALF.follow.maker,2025-10-25,-7.86
R7.HALF.follow.maker,2025-10-30,0.98
R7.HALF.follow.maker,2025-11-01,0.33000000000000007
R7.HALF.follow.maker,2025-11-08,-8.770000000000001
R7.HALF.follow.maker,2025-11-09,0.78
R7.HALF.follow.maker,2025-11-11,-7.93
R7.HALF.follow.maker,2025-11-15,4.13
R7.HALF.follow.maker,2025-11-19,2.36
R7.HALF.follow.maker,2025-11-22,-20.44
R7.HALF.follow.maker,2025-11-25,0.68
R7.HALF.follow.maker,2025-11-28,-19.75
R7.HALF.follow.maker,2025-11-29,10.21
R7.HALF.follow.maker,2025-12-05,1.97
R7.HALF.follow.maker,2025-12-06,-3.32
R7.HALF.follow.maker,2025-12-13,-6.05
R7.HALF.follow.maker,2025-12-16,-5.75
R7.HALF.follow.maker,2025-12-17,-6.25
R7.HALF.follow.maker,2025-12-20,4.55
R7.HALF.follow.maker,2025-12-26,0.19
R7.HALF.follow.maker,2025-12-30,4.75
R7.HALF.follow.maker,2025-12-31,7.1899999999999995
R7.HALF.follow.maker,2026-01-01,-8.53
R7.HALF.fade.taker,2025-09-11,4.42
R7.HALF.fade.taker,2025-09-18,-2.33
R7.HALF.fade.taker,2025-09-20,8.6
R7.HALF.fade.taker,2025-10-04,-1.59
R7.HALF.fade.taker,2025-10-09,-4.07
R7.HALF.fade.taker,2025-10-18,-2.01
R7.HALF.fade.taker,2025-10-23,-0.75
R7.HALF.fade.taker,2025-10-25,14.28
R7.HALF.fade.taker,2025-10-30,-1.38
R7.HALF.fade.taker,2025-11-01,-3.3800000000000012
R7.HALF.fade.taker,2025-11-08,3.459999999999999
R7.HALF.fade.taker,2025-11-09,-1.07
R7.HALF.fade.taker,2025-11-11,7.47
R7.HALF.fade.taker,2025-11-15,-14.17
R7.HALF.fade.taker,2025-11-18,-2.53
R7.HALF.fade.taker,2025-11-19,-2.84
R7.HALF.fade.taker,2025-11-22,12.39
R7.HALF.fade.taker,2025-11-25,-0.86
R7.HALF.fade.taker,2025-11-28,16.95
R7.HALF.fade.taker,2025-11-29,-10.82
R7.HALF.fade.taker,2025-11-30,-0.64
R7.HALF.fade.taker,2025-12-05,-2.43
R7.HALF.fade.taker,2025-12-06,3.4499999999999997
R7.HALF.fade.taker,2025-12-13,5.62
R7.HALF.fade.taker,2025-12-16,5.32
R7.HALF.fade.taker,2025-12-17,5.93
R7.HALF.fade.taker,2025-12-19,-5.38
R7.HALF.fade.taker,2025-12-20,-4.88
R7.HALF.fade.taker,2025-12-26,-0.43
R7.HALF.fade.taker,2025-12-27,-2.84
R7.HALF.fade.taker,2025-12-30,-5.18
R7.HALF.fade.taker,2025-12-31,-8.18
R7.HALF.fade.taker,2026-01-01,8.2
R7.HALF.fade.taker,2026-01-02,-0.43
R7.HALF.fade.taker,2026-01-09,-0.33
R7.HALF.fade.maker,2025-10-18,-1.83
R7.HALF.fade.maker,2025-10-23,-0.51
R7.HALF.fade.maker,2025-10-25,4.779999999999999
R7.HALF.fade.maker,2025-10-30,-1.22
R7.HALF.fade.maker,2025-11-01,-1.3400000000000003
R7.HALF.fade.maker,2025-11-08,-2.4499999999999997
R7.HALF.fade.maker,2025-11-09,-0.82
R7.HALF.fade.maker,2025-11-11,7.66
R7.HALF.fade.maker,2025-11-15,-11.39
R7.HALF.fade.maker,2025-11-18,-2.34
R7.HALF.fade.maker,2025-11-19,-2.74
R7.HALF.fade.maker,2025-11-22,5.819999999999999
R7.HALF.fade.maker,2025-11-25,-0.82
R7.HALF.fade.maker,2025-11-28,4.51
R7.HALF.fade.maker,2025-11-29,-10.829999999999998
R7.HALF.fade.maker,2025-12-06,3.9000000000000004
R7.HALF.fade.maker,2025-12-16,5.55
R7.HALF.fade.maker,2025-12-17,6.05
R7.HALF.fade.maker,2025-12-19,-5.15
R7.HALF.fade.maker,2025-12-20,-4.65
R7.HALF.fade.maker,2025-12-26,-0.31
R7.HALF.fade.maker,2025-12-27,-2.64
R7.HALF.fade.maker,2025-12-30,-4.95
R7.HALF.fade.maker,2025-12-31,-6.79
R7.HALF.fade.maker,2026-01-01,8.37
R7.HALF.fade.maker,2026-01-02,-0.31
R7.HALF.fade.maker,2026-01-09,-0.21
R8.PRIOR.under.k1.taker,2025-09-08,-5.38
R8.PRIOR.under.k1.taker,2025-09-11,5.890000000000001
R8.PRIOR.under.k1.taker,2025-09-12,3.24
R8.PRIOR.under.k1.taker,2025-09-13,16.14
R8.PRIOR.under.k1.taker,2025-09-14,3.5399999999999987
R8.PRIOR.under.k1.taker,2025-09-15,8.76
R8.PRIOR.under.k1.taker,2025-09-18,-3.7600000000000007
R8.PRIOR.under.k1.taker,2025-09-19,-4.88
R8.PRIOR.under.k1.taker,2025-09-20,-30.8
R8.PRIOR.under.k1.taker,2025-09-21,-11.33
R8.PRIOR.under.k1.taker,2025-09-22,6.64
R8.PRIOR.under.k1.taker,2025-09-25,4.32
R8.PRIOR.under.k1.taker,2025-09-26,12.48
R8.PRIOR.under.k1.taker,2025-09-27,-26.110000000000003
R8.PRIOR.under.k1.taker,2025-09-28,4.6099999999999985
R8.PRIOR.under.k1.taker,2025-10-02,-8.21
R8.PRIOR.under.k1.taker,2025-10-03,-7.18
R8.PRIOR.under.k1.taker,2025-10-04,7.279999999999999
R8.PRIOR.under.k1.taker,2025-10-05,-5.770000000000001
R8.PRIOR.under.k1.taker,2025-10-06,5.93
R8.PRIOR.under.k1.taker,2025-10-09,6.700000000000001
R8.PRIOR.under.k1.taker,2025-10-10,-10.67
R8.PRIOR.under.k1.taker,2025-10-11,26.939999999999998
R8.PRIOR.under.k1.taker,2025-10-12,-14.13
R8.PRIOR.under.k1.taker,2025-10-13,-1.2199999999999998
R8.PRIOR.under.k1.taker,2025-10-14,-3.6999999999999997
R8.PRIOR.under.k1.taker,2025-10-15,5.42
R8.PRIOR.under.k1.taker,2025-10-16,-7.15
R8.PRIOR.under.k1.taker,2025-10-17,-15.56
R8.PRIOR.under.k1.taker,2025-10-18,-3.28
R8.PRIOR.under.k1.taker,2025-10-19,-1.1500000000000021
R8.PRIOR.under.k1.taker,2025-10-20,0.16999999999999993
R8.PRIOR.under.k1.taker,2025-10-21,-4.48
R8.PRIOR.under.k1.taker,2025-10-22,4.12
R8.PRIOR.under.k1.taker,2025-10-24,-3.04
R8.PRIOR.under.k1.taker,2025-10-25,-7.3199999999999985
R8.PRIOR.under.k1.taker,2025-10-26,-18.630000000000003
R8.PRIOR.under.k1.taker,2025-10-27,1.5
R8.PRIOR.under.k1.taker,2025-10-28,0.23999999999999977
R8.PRIOR.under.k1.taker,2025-10-29,6.77
R8.PRIOR.under.k1.taker,2025-10-30,-3.1400000000000006
R8.PRIOR.under.k1.taker,2025-10-31,-1.8
R8.PRIOR.under.k1.taker,2025-11-01,-68.77
R8.PRIOR.under.k1.taker,2025-11-02,-8.63
R8.PRIOR.under.k1.taker,2025-11-04,5.43
R8.PRIOR.under.k1.taker,2025-11-05,-4.38
R8.PRIOR.under.k1.taker,2025-11-06,-0.11999999999999988
R8.PRIOR.under.k1.taker,2025-11-07,-5.0600000000000005
R8.PRIOR.under.k1.taker,2025-11-08,-39.33
R8.PRIOR.under.k1.taker,2025-11-09,-32.37
R8.PRIOR.under.k1.taker,2025-11-10,4.52
R8.PRIOR.under.k1.taker,2025-11-11,-12.719999999999999
R8.PRIOR.under.k1.taker,2025-11-12,-1.44
R8.PRIOR.under.k1.taker,2025-11-13,3.29
R8.PRIOR.under.k1.taker,2025-11-14,4.48
R8.PRIOR.under.k1.taker,2025-11-15,38.61
R8.PRIOR.under.k1.taker,2025-11-16,21.81
R8.PRIOR.under.k1.taker,2025-11-18,2.46
R8.PRIOR.under.k1.taker,2025-11-19,-2.95
R8.PRIOR.under.k1.taker,2025-11-20,11.76
R8.PRIOR.under.k1.taker,2025-11-21,-12.030000000000001
R8.PRIOR.under.k1.taker,2025-11-22,-9.3
R8.PRIOR.under.k1.taker,2025-11-23,0.37999999999999945
R8.PRIOR.under.k1.taker,2025-11-24,-2.53
R8.PRIOR.under.k1.taker,2025-11-25,-2.64
R8.PRIOR.under.k1.taker,2025-11-27,9.57
R8.PRIOR.under.k1.taker,2025-11-28,23.83
R8.PRIOR.under.k1.taker,2025-11-29,-18.5
R8.PRIOR.under.k1.taker,2025-11-30,-3.4099999999999993
R8.PRIOR.under.k1.taker,2025-12-01,2.17
R8.PRIOR.under.k1.taker,2025-12-04,-3.97
R8.PRIOR.under.k1.taker,2025-12-05,-2.39
R8.PRIOR.under.k1.taker,2025-12-06,-1.5000000000000009
R8.PRIOR.under.k1.taker,2025-12-07,-2.9899999999999993
R8.PRIOR.under.k1.taker,2025-12-08,4.82
R8.PRIOR.under.k1.taker,2025-12-13,-5.99
R8.PRIOR.under.k1.taker,2025-12-14,4.54
R8.PRIOR.under.k1.taker,2025-12-15,3.34
R8.PRIOR.under.k1.taker,2025-12-17,11.05
R8.PRIOR.under.k1.taker,2025-12-18,-0.45999999999999996
R8.PRIOR.under.k1.taker,2025-12-19,1.38
R8.PRIOR.under.k1.taker,2025-12-20,6.16
R8.PRIOR.under.k1.taker,2025-12-21,11.509999999999998
R8.PRIOR.under.k1.taker,2025-12-22,7.76
R8.PRIOR.under.k1.taker,2025-12-23,8.33
R8.PRIOR.under.k1.taker,2025-12-24,-5.08
R8.PRIOR.under.k1.taker,2025-12-25,7.26
R8.PRIOR.under.k1.taker,2025-12-26,1.06
R8.PRIOR.under.k1.taker,2025-12-27,-5.2299999999999995
R8.PRIOR.under.k1.taker,2025-12-28,-6.790000000000001
R8.PRIOR.under.k1.taker,2025-12-29,9.33
R8.PRIOR.under.k1.taker,2025-12-30,13.43
R8.PRIOR.under.k1.taker,2025-12-31,9.27
R8.PRIOR.under.k1.taker,2026-01-01,-9.79
R8.PRIOR.under.k1.taker,2026-01-02,-1.29
R8.PRIOR.under.k1.taker,2026-01-03,-4.48
R8.PRIOR.under.k1.taker,2026-01-04,6.300000000000001
R8.PRIOR.under.k1.taker,2026-01-08,3.63
R8.PRIOR.under.k1.taker,2026-01-09,-4.17
R8.PRIOR.under.k1.taker,2026-01-11,8.16
R8.PRIOR.under.k1.taker,2026-01-12,-4.38
R8.PRIOR.under.k1.taker,2026-01-17,-8.13
R8.PRIOR.under.k1.taker,2026-01-18,-7.94
R8.PRIOR.under.k3.taker,2025-09-08,-5.38
R8.PRIOR.under.k3.taker,2025-09-11,3.43
R8.PRIOR.under.k3.taker,2025-09-13,0.56
R8.PRIOR.under.k3.taker,2025-09-14,0.04000000000000048
R8.PRIOR.under.k3.taker,2025-09-15,5.42
R8.PRIOR.under.k3.taker,2025-09-18,5.4399999999999995
R8.PRIOR.under.k3.taker,2025-09-20,11.690000000000001
R8.PRIOR.under.k3.taker,2025-09-21,8.48
R8.PRIOR.under.k3.taker,2025-09-25,4.32
R8.PRIOR.under.k3.taker,2025-09-26,1.6
R8.PRIOR.under.k3.taker,2025-09-27,2.6899999999999995
R8.PRIOR.under.k3.taker,2025-09-28,-23.990000000000002
R8.PRIOR.under.k3.taker,2025-09-29,-2.33
R8.PRIOR.under.k3.taker,2025-10-02,-8.21
R8.PRIOR.under.k3.taker,2025-10-03,-7.0
R8.PRIOR.under.k3.taker,2025-10-04,-26.56
R8.PRIOR.under.k3.taker,2025-10-05,-22.24
R8.PRIOR.under.k3.taker,2025-10-06,5.93
R8.PRIOR.under.k3.taker,2025-10-09,-0.17999999999999972
R8.PRIOR.under.k3.taker,2025-10-10,-12.74
R8.PRIOR.under.k3.taker,2025-10-11,1.1999999999999993
R8.PRIOR.under.k3.taker,2025-10-12,-0.35000000000000053
R8.PRIOR.under.k3.taker,2025-10-13,12.77
R8.PRIOR.under.k3.taker,2025-10-14,-8.02
R8.PRIOR.under.k3.taker,2025-10-15,-6.17
R8.PRIOR.under.k3.taker,2025-10-16,-8.74
R8.PRIOR.under.k3.taker,2025-10-17,-1.7700000000000005
R8.PRIOR.under.k3.taker,2025-10-18,8.030000000000001
R8.PRIOR.under.k3.taker,2025-10-19,3.66
R8.PRIOR.under.k3.taker,2025-10-20,-3.36
R8.PRIOR.under.k3.taker,2025-10-21,3.83
R8.PRIOR.under.k3.taker,2025-10-24,-3.87
R8.PRIOR.under.k3.taker,2025-10-25,31.420000000000005
R8.PRIOR.under.k3.taker,2025-10-26,-17.19
R8.PRIOR.under.k3.taker,2025-10-28,4.15
R8.PRIOR.under.k3.taker,2025-10-29,6.77
R8.PRIOR.under.k3.taker,2025-10-30,-0.6100000000000003
R8.PRIOR.under.k3.taker,2025-10-31,1.31
R8.PRIOR.under.k3.taker,2025-11-01,-17.38
R8.PRIOR.under.k3.taker,2025-11-02,3.1800000000000006
R8.PRIOR.under.k3.taker,2025-11-05,-4.38
R8.PRIOR.under.k3.taker,2025-11-06,-0.11999999999999988
R8.PRIOR.under.k3.taker,2025-11-07,-3.25
R8.PRIOR.under.k3.taker,2025-11-08,-0.40999999999999925
R8.PRIOR.under.k3.taker,2025-11-09,8.99
R8.PRIOR.under.k3.taker,2025-11-11,-7.54
R8.PRIOR.under.k3.taker,2025-11-12,4.02
R8.PRIOR.under.k3.taker,2025-11-13,3.29
R8.PRIOR.under.k3.taker,2025-11-14,-0.64
R8.PRIOR.under.k3.taker,2025-11-15,-14.430000000000001
R8.PRIOR.under.k3.taker,2025-11-16,14.399999999999999
R8.PRIOR.under.k3.taker,2025-11-18,2.46
R8.PRIOR.under.k3.taker,2025-11-19,-2.95
R8.PRIOR.under.k3.taker,2025-11-20,5.22
R8.PRIOR.under.k3.taker,2025-11-21,-4.78
R8.PRIOR.under.k3.taker,2025-11-22,-10.09
R8.PRIOR.under.k3.taker,2025-11-23,4.84
R8.PRIOR.under.k3.taker,2025-11-24,-2.53
R8.PRIOR.under.k3.taker,2025-11-25,1.98
R8.PRIOR.under.k3.taker,2025-11-27,3.84
R8.PRIOR.under.k3.taker,2025-11-28,11.07
R8.PRIOR.under.k3.taker,2025-11-29,-28.05
R8.PRIOR.under.k3.taker,2025-11-30,5.1000000000000005
R8.PRIOR.under.k3.taker,2025-12-01,2.17
R8.PRIOR.under.k3.taker,2025-12-04,-3.97
R8.PRIOR.under.k3.taker,2025-12-05,-3.9800000000000004
R8.PRIOR.under.k3.taker,2025-12-06,6.52
R8.PRIOR.under.k3.taker,2025-12-07,14.71
R8.PRIOR.under.k3.taker,2025-12-13,-0.0900000000000003
R8.PRIOR.under.k3.taker,2025-12-14,-16.45
R8.PRIOR.under.k3.taker,2025-12-15,-3.97
R8.PRIOR.under.k3.taker,2025-12-16,-4.48
R8.PRIOR.under.k3.taker,2025-12-17,0.35000000000000053
R8.PRIOR.under.k3.taker,2025-12-18,4.22
R8.PRIOR.under.k3.taker,2025-12-19,-6.63
R8.PRIOR.under.k3.taker,2025-12-20,8.9
R8.PRIOR.under.k3.taker,2025-12-21,10.57
R8.PRIOR.under.k3.taker,2025-12-22,3.04
R8.PRIOR.under.k3.taker,2025-12-23,-9.47
R8.PRIOR.under.k3.taker,2025-12-24,-5.08
R8.PRIOR.under.k3.taker,2025-12-25,7.26
R8.PRIOR.under.k3.taker,2025-12-26,-10.67
R8.PRIOR.under.k3.taker,2025-12-27,-12.719999999999999
R8.PRIOR.under.k3.taker,2025-12-28,1.060000000000001
R8.PRIOR.under.k3.taker,2025-12-29,9.33
R8.PRIOR.under.k3.taker,2025-12-30,8.11
R8.PRIOR.under.k3.taker,2025-12-31,9.27
R8.PRIOR.under.k3.taker,2026-01-01,0.9100000000000001
R8.PRIOR.under.k3.taker,2026-01-02,-1.29
R8.PRIOR.under.k3.taker,2026-01-03,3.73
R8.PRIOR.under.k3.taker,2026-01-04,0.129999999999999
R8.PRIOR.under.k3.taker,2026-01-08,3.63
R8.PRIOR.under.k3.taker,2026-01-09,3.53
R8.PRIOR.under.k3.taker,2026-01-11,-2.5399999999999996
R8.PRIOR.under.k3.taker,2026-01-12,3.73
R8.PRIOR.under.k3.taker,2026-01-17,2.56
R8.PRIOR.under.k3.taker,2026-01-18,-4.07
R8.PRIOR.under.k3.maker,2025-09-08,-5.15
R8.PRIOR.under.k3.maker,2025-09-11,3.65
R8.PRIOR.under.k3.maker,2025-09-13,0.68
R8.PRIOR.under.k3.maker,2025-09-14,-0.6800000000000002
R8.PRIOR.under.k3.maker,2025-09-15,5.65
R8.PRIOR.under.k3.maker,2025-09-18,5.82
R8.PRIOR.under.k3.maker,2025-09-20,13.67
R8.PRIOR.under.k3.maker,2025-09-21,4.32
R8.PRIOR.under.k3.maker,2025-09-25,4.55
R8.PRIOR.under.k3.maker,2025-09-26,1.77
R8.PRIOR.under.k3.maker,2025-09-27,-5.53
R8.PRIOR.under.k3.maker,2025-09-28,-22.59
R8.PRIOR.under.k3.maker,2025-09-29,-2.13
R8.PRIOR.under.k3.maker,2025-10-02,-8.03
R8.PRIOR.under.k3.maker,2025-10-03,-3.87
R8.PRIOR.under.k3.maker,2025-10-04,-10.04
R8.PRIOR.under.k3.maker,2025-10-05,-21.03
R8.PRIOR.under.k3.maker,2025-10-06,6.15
R8.PRIOR.under.k3.maker,2025-10-11,-0.0600000000000005
R8.PRIOR.under.k3.maker,2025-10-12,1.0699999999999998
R8.PRIOR.under.k3.maker,2025-10-13,13.21
R8.PRIOR.under.k3.maker,2025-10-14,-7.84
R8.PRIOR.under.k3.maker,2025-10-16,-1.43
R8.PRIOR.under.k3.maker,2025-10-17,6.76
R8.PRIOR.under.k3.maker,2025-10-18,10.78
R8.PRIOR.under.k3.maker,2025-10-19,5.11
R8.PRIOR.under.k3.maker,2025-10-20,-3.14
R8.PRIOR.under.k3.maker,2025-10-24,-3.65
R8.PRIOR.under.k3.maker,2025-10-25,22.16
R8.PRIOR.under.k3.maker,2025-10-26,-7.82
R8.PRIOR.under.k3.maker,2025-10-28,4.53
R8.PRIOR.under.k3.maker,2025-10-29,3.36
R8.PRIOR.under.k3.maker,2025-10-30,-6.94
R8.PRIOR.under.k3.maker,2025-10-31,1.47
R8.PRIOR.under.k3.maker,2025-11-01,1.6100000000000019
R8.PRIOR.under.k3.maker,2025-11-02,-0.7700000000000005
R8.PRIOR.under.k3.maker,2025-11-05,-4.15
R8.PRIOR.under.k3.maker,2025-11-06,1.97
R8.PRIOR.under.k3.maker,2025-11-07,-2.63
R8.PRIOR.under.k3.maker,2025-11-08,-16.98
R8.PRIOR.under.k3.maker,2025-11-09,10.25
R8.PRIOR.under.k3.maker,2025-11-11,-7.34
R8.PRIOR.under.k3.maker,2025-11-12,4.25
R8.PRIOR.under.k3.maker,2025-11-13,3.63
R8.PRIOR.under.k3.maker,2025-11-15,-5.639999999999999
R8.PRIOR.under.k3.maker,2025-11-16,13.18
R8.PRIOR.under.k3.maker,2025-11-19,-2.74
R8.PRIOR.under.k3.maker,2025-11-20,5.45
R8.PRIOR.under.k3.maker,2025-11-21,-4.55
R8.PRIOR.under.k3.maker,2025-11-22,-0.6100000000000003
R8.PRIOR.under.k3.maker,2025-11-23,7.17
R8.PRIOR.under.k3.maker,2025-11-24,-2.34
R8.PRIOR.under.k3.maker,2025-11-27,-1.6899999999999995
R8.PRIOR.under.k3.maker,2025-11-28,10.100000000000001
R8.PRIOR.under.k3.maker,2025-11-29,2.329999999999999
R8.PRIOR.under.k3.maker,2025-11-30,3.3399999999999994
R8.PRIOR.under.k3.maker,2025-12-01,2.36
R8.PRIOR.under.k3.maker,2025-12-04,-3.75
R8.PRIOR.under.k3.maker,2025-12-05,0.9000000000000004
R8.PRIOR.under.k3.maker,2025-12-06,7.170000000000001
R8.PRIOR.under.k3.maker,2025-12-07,11.54
R8.PRIOR.under.k3.maker,2025-12-13,0.31999999999999984
R8.PRIOR.under.k3.maker,2025-12-14,-16.5
R8.PRIOR.under.k3.maker,2025-12-15,-3.75
R8.PRIOR.under.k3.maker,2025-12-16,-4.25
R8.PRIOR.under.k3.maker,2025-12-17,0.7999999999999998
R8.PRIOR.under.k3.maker,2025-12-18,4.45
R8.PRIOR.under.k3.maker,2025-12-19,-5.950000000000001
R8.PRIOR.under.k3.maker,2025-12-20,9.66
R8.PRIOR.under.k3.maker,2025-12-21,7.92
R8.PRIOR.under.k3.maker,2025-12-22,3.26
R8.PRIOR.under.k3.maker,2025-12-23,-2.03
R8.PRIOR.under.k3.maker,2025-12-24,-4.85
R8.PRIOR.under.k3.maker,2025-12-25,7.46
R8.PRIOR.under.k3.maker,2025-12-26,-10.02
R8.PRIOR.under.k3.maker,2025-12-27,-8.75
R8.PRIOR.under.k3.maker,2025-12-28,2.519999999999999
R8.PRIOR.under.k3.maker,2025-12-29,9.719999999999999
R8.PRIOR.under.k3.maker,2025-12-30,2.16
R8.PRIOR.under.k3.maker,2025-12-31,6.430000000000001
R8.PRIOR.under.k3.maker,2026-01-01,1.4700000000000006
R8.PRIOR.under.k3.maker,2026-01-02,-3.37
R8.PRIOR.under.k3.maker,2026-01-03,3.95
R8.PRIOR.under.k3.maker,2026-01-04,-0.33000000000000007
R8.PRIOR.under.k3.maker,2026-01-08,3.85
R8.PRIOR.under.k3.maker,2026-01-09,3.75
R8.PRIOR.under.k3.maker,2026-01-11,-2.0900000000000003
R8.PRIOR.under.k3.maker,2026-01-12,3.95
R8.PRIOR.under.k3.maker,2026-01-17,2.76
R8.PRIOR.under.k3.maker,2026-01-18,-3.85
R8.PRIOR.over.k1.taker,2025-09-08,-5.38
R8.PRIOR.over.k1.taker,2025-09-12,13.12
R8.PRIOR.over.k1.taker,2025-09-13,25.36
R8.PRIOR.over.k1.taker,2025-09-14,0.5399999999999996
R8.PRIOR.over.k1.taker,2025-09-15,5.42
R8.PRIOR.over.k1.taker,2025-09-18,1.22
R8.PRIOR.over.k1.taker,2025-09-19,-13.0
R8.PRIOR.over.k1.taker,2025-09-20,-7.360000000000001
R8.PRIOR.over.k1.taker,2025-09-21,-22.1
R8.PRIOR.over.k1.taker,2025-09-25,7.66
R8.PRIOR.over.k1.taker,2025-09-27,8.650000000000002
R8.PRIOR.over.k1.taker,2025-09-28,-8.240000000000002
R8.PRIOR.over.k1.taker,2025-09-29,1.4
R8.PRIOR.over.k1.taker,2025-10-02,-13.990000000000002
R8.PRIOR.over.k1.taker,2025-10-03,-1.0199999999999998
R8.PRIOR.over.k1.taker,2025-10-04,-3.43
R8.PRIOR.over.k1.taker,2025-10-05,5.02
R8.PRIOR.over.k1.taker,2025-10-08,-0.16000000000000014
R8.PRIOR.over.k1.taker,2025-10-09,13.95
R8.PRIOR.over.k1.taker,2025-10-10,-4.790000000000001
R8.PRIOR.over.k1.taker,2025-10-11,54.76
R8.PRIOR.over.k1.taker,2025-10-12,-16.03
R8.PRIOR.over.k1.taker,2025-10-13,6.13
R8.PRIOR.over.k1.taker,2025-10-14,-1.17
R8.PRIOR.over.k1.taker,2025-10-15,0.8399999999999999
R8.PRIOR.over.k1.taker,2025-10-16,-8.74
R8.PRIOR.over.k1.taker,2025-10-17,-11.260000000000002
R8.PRIOR.over.k1.taker,2025-10-18,0.11999999999999922
R8.PRIOR.over.k1.taker,2025-10-19,14.479999999999999
R8.PRIOR.over.k1.taker,2025-10-20,-3.36
R8.PRIOR.over.k1.taker,2025-10-21,-7.15
R8.PRIOR.over.k1.taker,2025-10-22,1.38
R8.PRIOR.over.k1.taker,2025-10-23,-7.73
R8.PRIOR.over.k1.taker,2025-10-24,-3.04
R8.PRIOR.over.k1.taker,2025-10-25,0.28000000000000114
R8.PRIOR.over.k1.taker,2025-10-26,-1.6200000000000006
R8.PRIOR.over.k1.taker,2025-10-27,1.5
R8.PRIOR.over.k1.taker,2025-10-28,2.46
R8.PRIOR.over.k1.taker,2025-10-29,6.77
R8.PRIOR.over.k1.taker,2025-10-30,-7.15
R8.PRIOR.over.k1.taker,2025-10-31,-6.86
R8.PRIOR.over.k1.taker,2025-11-01,-77.95
R8.PRIOR.over.k1.taker,2025-11-02,-20.17
R8.PRIOR.over.k1.taker,2025-11-03,6.03
R8.PRIOR.over.k1.taker,2025-11-04,1.6
R8.PRIOR.over.k1.taker,2025-11-05,-6.18
R8.PRIOR.over.k1.taker,2025-11-06,-6.98
R8.PRIOR.over.k1.taker,2025-11-07,-10.540000000000001
R8.PRIOR.over.k1.taker,2025-11-08,-37.97
R8.PRIOR.over.k1.taker,2025-11-09,-18.06
R8.PRIOR.over.k1.taker,2025-11-10,4.52
R8.PRIOR.over.k1.taker,2025-11-11,-7.54
R8.PRIOR.over.k1.taker,2025-11-12,-2.5100000000000002
R8.PRIOR.over.k1.taker,2025-11-13,2.07
R8.PRIOR.over.k1.taker,2025-11-14,5.12
R8.PRIOR.over.k1.taker,2025-11-15,43.0
R8.PRIOR.over.k1.taker,2025-11-16,0.6799999999999988
R8.PRIOR.over.k1.taker,2025-11-17,-3.87
R8.PRIOR.over.k1.taker,2025-11-18,-6.21
R8.PRIOR.over.k1.taker,2025-11-19,4.32
R8.PRIOR.over.k1.taker,2025-11-20,5.22
R8.PRIOR.over.k1.taker,2025-11-21,-7.25
R8.PRIOR.over.k1.taker,2025-11-22,13.18
R8.PRIOR.over.k1.taker,2025-11-23,5.469999999999999
R8.PRIOR.over.k1.taker,2025-11-25,-1.8
R8.PRIOR.over.k1.taker,2025-11-27,-2.09
R8.PRIOR.over.k1.taker,2025-11-28,7.43
R8.PRIOR.over.k1.taker,2025-11-29,-11.469999999999999
R8.PRIOR.over.k1.taker,2025-11-30,0.6200000000000008
R8.PRIOR.over.k1.taker,2025-12-01,2.17
R8.PRIOR.over.k1.taker,2025-12-04,-3.97
R8.PRIOR.over.k1.taker,2025-12-07,23.17
R8.PRIOR.over.k1.taker,2025-12-08,4.82
R8.PRIOR.over.k1.taker,2025-12-11,6.95
R8.PRIOR.over.k1.taker,2025-12-13,-2.74
R8.PRIOR.over.k1.taker,2025-12-14,7.57
R8.PRIOR.over.k1.taker,2025-12-16,-4.48
R8.PRIOR.over.k1.taker,2025-12-18,4.42
R8.PRIOR.over.k1.taker,2025-12-19,-2.25
R8.PRIOR.over.k1.taker,2025-12-20,9.74
R8.PRIOR.over.k1.taker,2025-12-21,25.75
R8.PRIOR.over.k1.taker,2025-12-22,7.76
R8.PRIOR.over.k1.taker,2025-12-23,11.86
R8.PRIOR.over.k1.taker,2025-12-25,3.34
R8.PRIOR.over.k1.taker,2025-12-26,-5.6899999999999995
R8.PRIOR.over.k1.taker,2025-12-27,-10.309999999999999
R8.PRIOR.over.k1.taker,2025-12-28,1.5399999999999996
R8.PRIOR.over.k1.taker,2025-12-29,9.33
R8.PRIOR.over.k1.taker,2025-12-30,5.32
R8.PRIOR.over.k1.taker,2025-12-31,15.54
R8.PRIOR.over.k1.taker,2026-01-02,-8.39
R8.PRIOR.over.k1.taker,2026-01-03,-4.27
R8.PRIOR.over.k1.taker,2026-01-04,-24.75
R8.PRIOR.over.k1.taker,2026-01-10,-4.18
R8.PRIOR.over.k1.taker,2026-01-11,9.58
R8.PRIOR.over.k3.taker,2025-09-08,-5.38
R8.PRIOR.over.k3.taker,2025-09-11,3.43
R8.PRIOR.over.k3.taker,2025-09-12,4.92
R8.PRIOR.over.k3.taker,2025-09-14,-9.9
R8.PRIOR.over.k3.taker,2025-09-15,3.34
R8.PRIOR.over.k3.taker,2025-09-18,1.22
R8.PRIOR.over.k3.taker,2025-09-19,-8.12
R8.PRIOR.over.k3.taker,2025-09-20,-13.23
R8.PRIOR.over.k3.taker,2025-09-21,-8.38
R8.PRIOR.over.k3.taker,2025-09-22,-7.15
R8.PRIOR.over.k3.taker,2025-09-25,3.34
R8.PRIOR.over.k3.taker,2025-09-26,1.6
R8.PRIOR.over.k3.taker,2025-09-27,-27.240000000000002
R8.PRIOR.over.k3.taker,2025-09-28,-14.48
R8.PRIOR.over.k3.taker,2025-09-29,-6.8100000000000005
R8.PRIOR.over.k3.taker,2025-10-02,5.12
R8.PRIOR.over.k3.taker,2025-10-03,-1.94
R8.PRIOR.over.k3.taker,2025-10-04,-26.200000000000003
R8.PRIOR.over.k3.taker,2025-10-05,-14.46
R8.PRIOR.over.k3.taker,2025-10-08,-4.88
R8.PRIOR.over.k3.taker,2025-10-09,-3.25
R8.PRIOR.over.k3.taker,2025-10-10,-4.790000000000001
R8.PRIOR.over.k3.taker,2025-10-11,48.94
R8.PRIOR.over.k3.taker,2025-10-12,-0.4000000000000008
R8.PRIOR.over.k3.taker,2025-10-13,6.13
R8.PRIOR.over.k3.taker,2025-10-14,-3.6999999999999997
R8.PRIOR.over.k3.taker,2025-10-15,-10.75
R8.PRIOR.over.k3.taker,2025-10-16,-7.15
R8.PRIOR.over.k3.taker,2025-10-17,-2.95
R8.PRIOR.over.k3.taker,2025-10-18,44.55
R8.PRIOR.over.k3.taker,2025-10-19,8.68
R8.PRIOR.over.k3.taker,2025-10-22,1.98
R8.PRIOR.over.k3.taker,2025-10-23,-7.73
R8.PRIOR.over.k3.taker,2025-10-24,0.8300000000000001
R8.PRIOR.over.k3.taker,2025-10-25,31.39
R8.PRIOR.over.k3.taker,2025-10-26,-24.84
R8.PRIOR.over.k3.taker,2025-10-27,1.5
R8.PRIOR.over.k3.taker,2025-10-28,4.15
R8.PRIOR.over.k3.taker,2025-10-29,3.14
R8.PRIOR.over.k3.taker,2025-10-30,-9.68
R8.PRIOR.over.k3.taker,2025-10-31,-4.550000000000001
R8.PRIOR.over.k3.taker,2025-11-01,-29.490000000000002
R8.PRIOR.over.k3.taker,2025-11-02,-11.440000000000001
R8.PRIOR.over.k3.taker,2025-11-03,-6.66
R8.PRIOR.over.k3.taker,2025-11-04,1.6
R8.PRIOR.over.k3.taker,2025-11-05,1.22
R8.PRIOR.over.k3.taker,2025-11-06,-6.86
R8.PRIOR.over.k3.taker,2025-11-07,4.92
R8.PRIOR.over.k3.taker,2025-11-08,14.950000000000003
R8.PRIOR.over.k3.taker,2025-11-09,-1.799999999999999
R8.PRIOR.over.k3.taker,2025-11-12,1.4899999999999998
R8.PRIOR.over.k3.taker,2025-11-14,-5.88
R8.PRIOR.over.k3.taker,2025-11-15,1.1300000000000003
R8.PRIOR.over.k3.taker,2025-11-16,20.13
R8.PRIOR.over.k3.taker,2025-11-17,3.24
R8.PRIOR.over.k3.taker,2025-11-18,7.58
R8.PRIOR.over.k3.taker,2025-11-19,4.32
R8.PRIOR.over.k3.taker,2025-11-22,11.05
R8.PRIOR.over.k3.taker,2025-11-23,-9.049999999999999
R8.PRIOR.over.k3.taker,2025-11-25,-1.8
R8.PRIOR.over.k3.taker,2025-11-27,3.84
R8.PRIOR.over.k3.taker,2025-11-28,1.31
R8.PRIOR.over.k3.taker,2025-11-29,12.479999999999999
R8.PRIOR.over.k3.taker,2025-11-30,11.860000000000001
R8.PRIOR.over.k3.taker,2025-12-01,2.17
R8.PRIOR.over.k3.taker,2025-12-04,-3.97
R8.PRIOR.over.k3.taker,2025-12-06,4.42
R8.PRIOR.over.k3.taker,2025-12-07,-1.7899999999999991
R8.PRIOR.over.k3.taker,2025-12-08,4.82
R8.PRIOR.over.k3.taker,2025-12-11,6.95
R8.PRIOR.over.k3.taker,2025-12-14,-3.55
R8.PRIOR.over.k3.taker,2025-12-16,-4.48
R8.PRIOR.over.k3.taker,2025-12-17,0.35000000000000053
R8.PRIOR.over.k3.taker,2025-12-18,8.64
R8.PRIOR.over.k3.taker,2025-12-19,3.63
R8.PRIOR.over.k3.taker,2025-12-20,-2.74
R8.PRIOR.over.k3.taker,2025-12-21,40.15
R8.PRIOR.over.k3.taker,2025-12-22,7.76
R8.PRIOR.over.k3.taker,2025-12-23,2.9999999999999996
R8.PRIOR.over.k3.taker,2025-12-25,6.1499999999999995
R8.PRIOR.over.k3.taker,2025-12-27,-8.34
R8.PRIOR.over.k3.taker,2025-12-28,1.5399999999999996
R8.PRIOR.over.k3.taker,2025-12-30,-4.0
R8.PRIOR.over.k3.taker,2025-12-31,7.16
R8.PRIOR.over.k3.taker,2026-01-02,7.88
R8.PRIOR.over.k3.taker,2026-01-03,-4.27
R8.PRIOR.over.k3.taker,2026-01-04,8.14
R8.PRIOR.over.k3.taker,2026-01-10,3.0
R8.PRIOR.over.k3.taker,2026-01-11,-5.68
R8.PRIOR.over.k3.taker,2026-01-17,-4.98
R8.PRIOR.over.k3.taker,2026-01-18,-3.87
R8.PRIOR.over.k3.maker,2025-09-08,-5.15
R8.PRIOR.over.k3.maker,2025-09-11,3.65
R8.PRIOR.over.k3.maker,2025-09-12,4.95
R8.PRIOR.over.k3.maker,2025-09-14,-10.1
R8.PRIOR.over.k3.maker,2025-09-15,3.55
R8.PRIOR.over.k3.maker,2025-09-18,1.37
R8.PRIOR.over.k3.maker,2025-09-19,-7.93
R8.PRIOR.over.k3.maker,2025-09-20,0.4900000000000002
R8.PRIOR.over.k3.maker,2025-09-21,-18.61
R8.PRIOR.over.k3.maker,2025-09-22,-6.94
R8.PRIOR.over.k3.maker,2025-09-25,3.55
R8.PRIOR.over.k3.maker,2025-09-26,1.77
R8.PRIOR.over.k3.maker,2025-09-27,-15.59
R8.PRIOR.over.k3.maker,2025-09-28,-9.74
R8.PRIOR.over.k3.maker,2025-09-29,-6.38
R8.PRIOR.over.k3.maker,2025-10-02,5.35
R8.PRIOR.over.k3.maker,2025-10-03,-4.75
R8.PRIOR.over.k3.maker,2025-10-04,-17.08
R8.PRIOR.over.k3.maker,2025-10-05,-16.86
R8.PRIOR.over.k3.maker,2025-10-10,2.26
R8.PRIOR.over.k3.maker,2025-10-11,18.32
R8.PRIOR.over.k3.maker,2025-10-12,4.61
R8.PRIOR.over.k3.maker,2025-10-13,6.35
R8.PRIOR.over.k3.maker,2025-10-14,-7.84
R8.PRIOR.over.k3.maker,2025-10-17,-2.74
R8.PRIOR.over.k3.maker,2025-10-18,30.13
R8.PRIOR.over.k3.maker,2025-10-19,10.18
R8.PRIOR.over.k3.maker,2025-10-22,2.16
R8.PRIOR.over.k3.maker,2025-10-23,-7.29
R8.PRIOR.over.k3.maker,2025-10-25,35.02
R8.PRIOR.over.k3.maker,2025-10-26,-16.27
R8.PRIOR.over.k3.maker,2025-10-27,1.57
R8.PRIOR.over.k3.maker,2025-10-28,4.53
R8.PRIOR.over.k3.maker,2025-10-29,3.36
R8.PRIOR.over.k3.maker,2025-10-30,-9.280000000000001
R8.PRIOR.over.k3.maker,2025-10-31,1.08
R8.PRIOR.over.k3.maker,2025-11-01,-5.31
R8.PRIOR.over.k3.maker,2025-11-02,-11.840000000000002
R8.PRIOR.over.k3.maker,2025-11-03,-6.45
R8.PRIOR.over.k3.maker,2025-11-05,1.37
R8.PRIOR.over.k3.maker,2025-11-06,-6.64
R8.PRIOR.over.k3.maker,2025-11-07,5.15
R8.PRIOR.over.k3.maker,2025-11-08,9.939999999999998
R8.PRIOR.over.k3.maker,2025-11-09,-0.5400000000000009
R8.PRIOR.over.k3.maker,2025-11-12,1.9100000000000001
R8.PRIOR.over.k3.maker,2025-11-14,-5.65
R8.PRIOR.over.k3.maker,2025-11-15,19.57
R8.PRIOR.over.k3.maker,2025-11-16,19.06
R8.PRIOR.over.k3.maker,2025-11-17,3.46
R8.PRIOR.over.k3.maker,2025-11-18,5.35
R8.PRIOR.over.k3.maker,2025-11-22,17.13
R8.PRIOR.over.k3.maker,2025-11-23,-1.9000000000000001
R8.PRIOR.over.k3.maker,2025-11-25,-1.63
R8.PRIOR.over.k3.maker,2025-11-27,-1.6899999999999995
R8.PRIOR.over.k3.maker,2025-11-28,0.5999999999999996
R8.PRIOR.over.k3.maker,2025-11-29,1.3999999999999986
R8.PRIOR.over.k3.maker,2025-11-30,13.95
R8.PRIOR.over.k3.maker,2025-12-01,2.36
R8.PRIOR.over.k3.maker,2025-12-04,-3.75
R8.PRIOR.over.k3.maker,2025-12-06,4.65
R8.PRIOR.over.k3.maker,2025-12-07,-0.1200000000000001
R8.PRIOR.over.k3.maker,2025-12-08,5.05
R8.PRIOR.over.k3.maker,2025-12-11,7.16
R8.PRIOR.over.k3.maker,2025-12-14,1.9699999999999998
R8.PRIOR.over.k3.maker,2025-12-16,-4.25
R8.PRIOR.over.k3.maker,2025-12-17,0.7999999999999998
R8.PRIOR.over.k3.maker,2025-12-18,4.45
R8.PRIOR.over.k3.maker,2025-12-19,3.85
R8.PRIOR.over.k3.maker,2025-12-20,-2.54
R8.PRIOR.over.k3.maker,2025-12-21,37.76
R8.PRIOR.over.k3.maker,2025-12-22,8.21
R8.PRIOR.over.k3.maker,2025-12-23,3.4200000000000004
R8.PRIOR.over.k3.maker,2025-12-25,6.7
R8.PRIOR.over.k3.maker,2025-12-27,-4.84
R8.PRIOR.over.k3.maker,2025-12-28,2.769999999999999
R8.PRIOR.over.k3.maker,2025-12-30,-3.59
R8.PRIOR.over.k3.maker,2025-12-31,7.36
R8.PRIOR.over.k3.maker,2026-01-02,5.65
R8.PRIOR.over.k3.maker,2026-01-03,-4.15
R8.PRIOR.over.k3.maker,2026-01-04,6.1000000000000005
R8.PRIOR.over.k3.maker,2026-01-10,3.42
R8.PRIOR.over.k3.maker,2026-01-11,-5.45
R8.PRIOR.over.k3.maker,2026-01-17,-4.75
R8.PRIOR.over.k3.maker,2026-01-18,-3.65
R9.VOLLOW.prior,2025-09-11,-5.15
R9.VOLLOW.prior,2025-09-12,6.8100000000000005
R9.VOLLOW.prior,2025-09-13,24.86
R9.VOLLOW.prior,2025-09-14,-10.030000000000001
R9.VOLLOW.prior,2025-09-18,3.26
R9.VOLLOW.prior,2025-09-19,6.25
R9.VOLLOW.prior,2025-09-20,41.980000000000004
R9.VOLLOW.prior,2025-09-21,8.11
R9.VOLLOW.prior,2025-09-27,-6.33
R9.VOLLOW.prior,2025-09-28,-17.77
R9.VOLLOW.prior,2025-10-03,-4.380000000000001
R9.VOLLOW.prior,2025-10-04,-0.6700000000000008
R9.VOLLOW.prior,2025-10-05,11.69
R9.VOLLOW.prior,2025-10-09,-0.05999999999999983
R9.VOLLOW.prior,2025-10-10,1.57
R9.VOLLOW.prior,2025-10-11,20.16
R9.VOLLOW.prior,2025-10-12,12.71
R9.VOLLOW.prior,2025-10-13,-6.15
R9.VOLLOW.prior,2025-10-14,-3.44
R9.VOLLOW.prior,2025-10-17,5.55
R9.VOLLOW.prior,2025-10-18,6.25
R9.VOLLOW.prior,2025-10-19,4.800000000000001
R9.VOLLOW.prior,2025-10-20,-1.0499999999999998
R9.VOLLOW.prior,2025-10-21,7.36
R9.VOLLOW.prior,2025-10-22,-2.54
R9.VOLLOW.prior,2025-10-24,-2.03
R9.VOLLOW.prior,2025-10-25,-15.88
R9.VOLLOW.prior,2025-10-26,-7.5200000000000005
R9.VOLLOW.prior,2025-10-28,2.45
R9.VOLLOW.prior,2025-10-29,-0.28000000000000025
R9.VOLLOW.prior,2025-10-30,-8.23
R9.VOLLOW.prior,2025-11-01,-11.02
R9.VOLLOW.prior,2025-11-02,-22.33
R9.VOLLOW.prior,2025-11-05,2.46
R9.VOLLOW.prior,2025-11-06,3.55
R9.VOLLOW.prior,2025-11-08,23.84
R9.VOLLOW.prior,2025-11-09,4.83
R9.VOLLOW.prior,2025-11-11,6.96
R9.VOLLOW.prior,2025-11-13,1.08
R9.VOLLOW.prior,2025-11-15,-4.279999999999999
R9.VOLLOW.prior,2025-11-16,11.709999999999999
R9.VOLLOW.prior,2025-11-18,5.65
R9.VOLLOW.prior,2025-11-19,-0.21
R9.VOLLOW.prior,2025-11-20,-14.28
R9.VOLLOW.prior,2025-11-21,4.55
R9.VOLLOW.prior,2025-11-22,2.6599999999999997
R9.VOLLOW.prior,2025-11-23,1.1700000000000008
R9.VOLLOW.prior,2025-11-24,-1.83
R9.VOLLOW.prior,2025-11-25,3.46
R9.VOLLOW.prior,2025-11-28,12.29
R9.VOLLOW.prior,2025-11-29,-5.630000000000001
R9.VOLLOW.prior,2025-11-30,7.6899999999999995
R9.VOLLOW.prior,2025-12-05,-5.94
R9.VOLLOW.prior,2025-12-06,3.79
R9.VOLLOW.prior,2025-12-07,6.72
R9.VOLLOW.prior,2025-12-13,0.6200000000000001
R9.VOLLOW.prior,2025-12-14,-20.15
R9.VOLLOW.prior,2025-12-16,-4.95
R9.VOLLOW.prior,2025-12-17,5.05
R9.VOLLOW.prior,2025-12-19,2.26
R9.VOLLOW.prior,2025-12-20,4.4399999999999995
R9.VOLLOW.prior,2025-12-21,9.579999999999998
R9.VOLLOW.prior,2025-12-23,-3.24
R9.VOLLOW.prior,2025-12-26,-2.84
R9.VOLLOW.prior,2025-12-27,6.919999999999999
R9.VOLLOW.prior,2025-12-28,-2.2300000000000004
R9.VOLLOW.prior,2025-12-29,1.08
R9.VOLLOW.prior,2025-12-30,6.46
R9.VOLLOW.prior,2025-12-31,0.46999999999999975
R9.VOLLOW.prior,2026-01-02,3.64
R9.VOLLOW.prior,2026-01-03,-2.44
R9.VOLLOW.prior,2026-01-04,-4.48
R9.VOLLOW.prior,2026-01-08,2.66
R9.VOLLOW.prior,2026-01-18,1.08
R9.VOLLOW.espncalm,2025-09-08,5.55
R9.VOLLOW.espncalm,2025-09-11,-6.2700000000000005
R9.VOLLOW.espncalm,2025-09-14,1.6799999999999993
R9.VOLLOW.espncalm,2025-09-20,10.45
R9.VOLLOW.espncalm,2025-09-21,-10.82
R9.VOLLOW.espncalm,2025-09-25,-1.73
R9.VOLLOW.espncalm,2025-09-27,-3.67
R9.VOLLOW.espncalm,2025-09-28,1.6699999999999997
R9.VOLLOW.espncalm,2025-09-29,1.97
R9.VOLLOW.espncalm,2025-10-04,2.96
R9.VOLLOW.espncalm,2025-10-05,43.160000000000004
R9.VOLLOW.espncalm,2025-10-12,-0.9699999999999998
R9.VOLLOW.espncalm,2025-10-14,-3.44
R9.VOLLOW.espncalm,2025-10-19,9.629999999999999
R9.VOLLOW.espncalm,2025-10-20,-2.03
R9.VOLLOW.espncalm,2025-10-23,-1.63
R9.VOLLOW.espncalm,2025-10-24,-1.32
R9.VOLLOW.espncalm,2025-10-25,-2.1700000000000004
R9.VOLLOW.espncalm,2025-10-26,-3.87
R9.VOLLOW.espncalm,2025-10-30,2.56
R9.VOLLOW.espncalm,2025-11-01,-4.279999999999999
R9.VOLLOW.espncalm,2025-11-02,-20.48
R9.VOLLOW.espncalm,2025-11-03,2.07
R9.VOLLOW.espncalm,2025-11-05,2.46
R9.VOLLOW.espncalm,2025-11-06,3.06
R9.VOLLOW.espncalm,2025-11-08,14.680000000000001
R9.VOLLOW.espncalm,2025-11-09,3.1499999999999986
R9.VOLLOW.espncalm,2025-11-10,-5.15
R9.VOLLOW.espncalm,2025-11-11,6.96
R9.VOLLOW.espncalm,2025-11-13,1.08
R9.VOLLOW.espncalm,2025-11-15,9.440000000000001
R9.VOLLOW.espncalm,2025-11-16,4.14
R9.VOLLOW.espncalm,2025-11-18,5.65
R9.VOLLOW.espncalm,2025-11-19,-6.46
R9.VOLLOW.espncalm,2025-11-20,-8.03
R9.VOLLOW.espncalm,2025-11-22,-3.6999999999999993
R9.VOLLOW.espncalm,2025-11-23,-1.6599999999999993
R9.VOLLOW.espncalm,2025-11-25,3.46
R9.VOLLOW.espncalm,2025-11-28,8.43
R9.VOLLOW.espncalm,2025-11-29,16.3
R9.VOLLOW.espncalm,2025-11-30,3.3900000000000006
R9.VOLLOW.espncalm,2025-12-06,0.98
R9.VOLLOW.espncalm,2025-12-07,16.02
R9.VOLLOW.espncalm,2025-12-11,5.85
R9.VOLLOW.espncalm,2025-12-13,3.16
R9.VOLLOW.espncalm,2025-12-14,-8.190000000000001
R9.VOLLOW.espncalm,2025-12-15,3.16
R9.VOLLOW.espncalm,2025-12-16,-4.95
R9.VOLLOW.espncalm,2025-12-17,5.05
R9.VOLLOW.espncalm,2025-12-20,2.1
R9.VOLLOW.espncalm,2025-12-21,-14.79
R9.VOLLOW.espncalm,2025-12-22,-2.74
R9.VOLLOW.espncalm,2025-12-26,-2.84
R9.VOLLOW.espncalm,2025-12-27,9.899999999999999
R9.VOLLOW.espncalm,2025-12-28,0.8799999999999999
R9.VOLLOW.espncalm,2025-12-30,4.45
R9.VOLLOW.espncalm,2025-12-31,-0.8900000000000006
R9.VOLLOW.espncalm,2026-01-03,-2.44
R9.VOLLOW.espncalm,2026-01-04,1.9799999999999995
R9.VOLLOW.espncalm,2026-01-11,3.65
R9.VOLLOW.espncalm,2026-01-17,4.45
R9.VOLLOW.espncalm,2026-01-18,1.08
R9.VOLLOW.imb,2025-09-08,5.55
R9.VOLLOW.imb,2025-09-12,6.8100000000000005
R9.VOLLOW.imb,2025-09-13,11.64
R9.VOLLOW.imb,2025-09-14,4.159999999999999
R9.VOLLOW.imb,2025-09-18,3.26
R9.VOLLOW.imb,2025-09-19,7.62
R9.VOLLOW.imb,2025-09-20,19.6
R9.VOLLOW.imb,2025-09-21,5.01
R9.VOLLOW.imb,2025-09-25,-1.73
R9.VOLLOW.imb,2025-09-26,6.76
R9.VOLLOW.imb,2025-09-27,-41.7
R9.VOLLOW.imb,2025-09-28,-11.219999999999999
R9.VOLLOW.imb,2025-09-29,2.36
R9.VOLLOW.imb,2025-10-03,3.75
R9.VOLLOW.imb,2025-10-04,1.1399999999999983
R9.VOLLOW.imb,2025-10-05,28.840000000000003
R9.VOLLOW.imb,2025-10-08,2.82
R9.VOLLOW.imb,2025-10-09,-0.05999999999999983
R9.VOLLOW.imb,2025-10-10,7.82
R9.VOLLOW.imb,2025-10-11,26.48
R9.VOLLOW.imb,2025-10-12,13.540000000000001
R9.VOLLOW.imb,2025-10-13,-6.15
R9.VOLLOW.imb,2025-10-14,10.58
R9.VOLLOW.imb,2025-10-15,-1.8999999999999995
R9.VOLLOW.imb,2025-10-17,2.4999999999999996
R9.VOLLOW.imb,2025-10-18,-19.71
R9.VOLLOW.imb,2025-10-19,13.18
R9.VOLLOW.imb,2025-10-20,-1.0499999999999998
R9.VOLLOW.imb,2025-10-21,4.220000000000001
R9.VOLLOW.imb,2025-10-22,-2.54
R9.VOLLOW.imb,2025-10-23,-1.63
R9.VOLLOW.imb,2025-10-24,-4.47
R9.VOLLOW.imb,2025-10-25,-19.310000000000002
R9.VOLLOW.imb,2025-10-26,2.24
R9.VOLLOW.imb,2025-10-28,1.08
R9.VOLLOW.imb,2025-10-29,-0.28000000000000025
R9.VOLLOW.imb,2025-10-30,-5.67
R9.VOLLOW.imb,2025-10-31,3.75
R9.VOLLOW.imb,2025-11-01,0.6499999999999994
R9.VOLLOW.imb,2025-11-02,-3.61
R9.VOLLOW.imb,2025-11-03,2.07
R9.VOLLOW.imb,2025-11-04,3.36
R9.VOLLOW.imb,2025-11-05,2.46
R9.VOLLOW.imb,2025-11-06,6.71
R9.VOLLOW.imb,2025-11-07,-6.45
R9.VOLLOW.imb,2025-11-08,16.36
R9.VOLLOW.imb,2025-11-09,9.129999999999999
R9.VOLLOW.imb,2025-11-10,-5.15
R9.VOLLOW.imb,2025-11-11,1.1100000000000003
R9.VOLLOW.imb,2025-11-12,-3.9799999999999995
R9.VOLLOW.imb,2025-11-13,1.08
R9.VOLLOW.imb,2025-11-14,-6.35
R9.VOLLOW.imb,2025-11-15,5.4
R9.VOLLOW.imb,2025-11-16,-1.010000000000002
R9.VOLLOW.imb,2025-11-18,-0.8200000000000003
R9.VOLLOW.imb,2025-11-19,-6.46
R9.VOLLOW.imb,2025-11-20,-14.28
R9.VOLLOW.imb,2025-11-21,4.55
R9.VOLLOW.imb,2025-11-22,3.8599999999999994
R9.VOLLOW.imb,2025-11-23,0.10000000000000098
R9.VOLLOW.imb,2025-11-24,-1.83
R9.VOLLOW.imb,2025-11-25,3.46
R9.VOLLOW.imb,2025-11-27,-5.45
R9.VOLLOW.imb,2025-11-28,6.109999999999999
R9.VOLLOW.imb,2025-11-29,23.12
R9.VOLLOW.imb,2025-11-30,3.880000000000001
R9.VOLLOW.imb,2025-12-05,-5.94
R9.VOLLOW.imb,2025-12-06,3.79
R9.VOLLOW.imb,2025-12-07,14.95
R9.VOLLOW.imb,2025-12-11,5.85
R9.VOLLOW.imb,2025-12-13,3.16
R9.VOLLOW.imb,2025-12-14,-8.190000000000001
R9.VOLLOW.imb,2025-12-16,-4.95
R9.VOLLOW.imb,2025-12-17,8.7
R9.VOLLOW.imb,2025-12-19,2.26
R9.VOLLOW.imb,2025-12-20,2.1
R9.VOLLOW.imb,2025-12-21,-7.57
R9.VOLLOW.imb,2025-12-22,-2.74
R9.VOLLOW.imb,2025-12-23,2.3099999999999996
R9.VOLLOW.imb,2025-12-25,-1.63
R9.VOLLOW.imb,2025-12-26,-1.2699999999999998
R9.VOLLOW.imb,2025-12-27,6.199999999999999
R9.VOLLOW.imb,2025-12-28,-0.9199999999999999
R9.VOLLOW.imb,2025-12-29,1.08
R9.VOLLOW.imb,2025-12-30,6.96
R9.VOLLOW.imb,2025-12-31,-3.6800000000000006
R9.VOLLOW.imb,2026-01-02,3.64
R9.VOLLOW.imb,2026-01-03,-5.18
R9.VOLLOW.imb,2026-01-04,5.9399999999999995
R9.VOLLOW.imb,2026-01-11,3.65
R9.VOLLOW.imb,2026-01-17,4.45
R9.VOLLOW.imb,2026-01-18,1.08
R9.VOLLOW.regular,2025-09-08,5.55
R9.VOLLOW.regular,2025-09-11,-6.2700000000000005
R9.VOLLOW.regular,2025-09-12,6.8100000000000005
R9.VOLLOW.regular,2025-09-13,24.86
R9.VOLLOW.regular,2025-09-14,-8.65
R9.VOLLOW.regular,2025-09-18,3.26
R9.VOLLOW.regular,2025-09-19,7.62
R9.VOLLOW.regular,2025-09-20,34.25
R9.VOLLOW.regular,2025-09-21,1.2400000000000007
R9.VOLLOW.regular,2025-09-25,-1.73
R9.VOLLOW.regular,2025-09-26,6.76
R9.VOLLOW.regular,2025-09-27,-30.58
R9.VOLLOW.regular,2025-09-28,-13.82
R9.VOLLOW.regular,2025-09-29,2.36
R9.VOLLOW.regular,2025-10-03,-2.0200000000000014
R9.VOLLOW.regular,2025-10-04,0.39999999999999725
R9.VOLLOW.regular,2025-10-05,45.82
R9.VOLLOW.regular,2025-10-08,2.82
R9.VOLLOW.regular,2025-10-09,-0.05999999999999983
R9.VOLLOW.regular,2025-10-10,11.77
R9.VOLLOW.regular,2025-10-11,32.0
R9.VOLLOW.regular,2025-10-12,8.290000000000001
R9.VOLLOW.regular,2025-10-13,-6.15
R9.VOLLOW.regular,2025-10-14,10.58
R9.VOLLOW.regular,2025-10-15,-1.8999999999999995
R9.VOLLOW.regular,2025-10-17,8.049999999999999
R9.VOLLOW.regular,2025-10-18,-22.759999999999998
R9.VOLLOW.regular,2025-10-19,15.149999999999999
R9.VOLLOW.regular,2025-10-20,-1.0499999999999998
R9.VOLLOW.regular,2025-10-21,4.220000000000001
R9.VOLLOW.regular,2025-10-22,-6.69
R9.VOLLOW.regular,2025-10-23,-1.63
R9.VOLLOW.regular,2025-10-24,-4.47
R9.VOLLOW.regular,2025-10-25,-13.129999999999999
R9.VOLLOW.regular,2025-10-26,5.890000000000001
R9.VOLLOW.regular,2025-10-28,2.45
R9.VOLLOW.regular,2025-10-29,-0.28000000000000025
R9.VOLLOW.regular,2025-10-30,-5.67
R9.VOLLOW.regular,2025-10-31,3.75
R9.VOLLOW.regular,2025-11-01,1.0099999999999998
R9.VOLLOW.regular,2025-11-02,-11.84
R9.VOLLOW.regular,2025-11-03,2.07
R9.VOLLOW.regular,2025-11-04,3.36
R9.VOLLOW.regular,2025-11-05,2.46
R9.VOLLOW.regular,2025-11-06,6.71
R9.VOLLOW.regular,2025-11-07,-2.5
R9.VOLLOW.regular,2025-11-08,30.8
R9.VOLLOW.regular,2025-11-09,9.129999999999999
R9.VOLLOW.regular,2025-11-10,-5.15
R9.VOLLOW.regular,2025-11-11,1.1100000000000003
R9.VOLLOW.regular,2025-11-12,-3.9799999999999995
R9.VOLLOW.regular,2025-11-13,1.08
R9.VOLLOW.regular,2025-11-14,-6.35
R9.VOLLOW.regular,2025-11-15,3.230000000000002
R9.VOLLOW.regular,2025-11-16,-1.81
R9.VOLLOW.regular,2025-11-18,-0.8200000000000003
R9.VOLLOW.regular,2025-11-19,-6.46
R9.VOLLOW.regular,2025-11-20,-14.28
R9.VOLLOW.regular,2025-11-21,4.55
R9.VOLLOW.regular,2025-11-22,-6.039999999999999
R9.VOLLOW.regular,2025-11-23,-3.3899999999999983
R9.VOLLOW.regular,2025-11-24,-1.83
R9.VOLLOW.regular,2025-11-25,3.46
R9.VOLLOW.regular,2025-11-27,-5.45
R9.VOLLOW.regular,2025-11-28,6.109999999999999
R9.VOLLOW.regular,2025-11-29,31.52
R9.VOLLOW.regular,2025-11-30,3.880000000000001
R9.VOLLOW.regular,2025-12-05,-5.94
R9.VOLLOW.regular,2025-12-06,3.79
R9.VOLLOW.regular,2025-12-07,14.95
R9.VOLLOW.regular,2025-12-11,5.85
R9.VOLLOW.regular,2025-12-14,-8.190000000000001
R9.VOLLOW.regular,2025-12-15,3.16
R9.VOLLOW.regular,2025-12-20,-2.34
R9.VOLLOW.regular,2025-12-21,-6.59
R9.VOLLOW.regular,2025-12-22,-2.74
R9.VOLLOW.regular,2025-12-25,-1.63
R9.VOLLOW.regular,2025-12-27,4.35
R9.VOLLOW.regular,2025-12-28,-0.9199999999999999
R9.VOLLOW.regular,2026-01-03,-5.18
R9.VOLLOW.regular,2026-01-04,-6.970000000000002
R9.PRIOR.pm,2025-09-14,3.67
R9.PRIOR.pm,2025-09-18,1.37
R9.PRIOR.pm,2025-09-19,-7.93
R9.PRIOR.pm,2025-09-20,6.44
R9.PRIOR.pm,2025-09-21,-20.52
R9.PRIOR.pm,2025-09-27,-12.06
R9.PRIOR.pm,2025-09-28,0.040000000000000924
R9.PRIOR.pm,2025-09-29,-6.38
R9.PRIOR.pm,2025-10-03,-4.75
R9.PRIOR.pm,2025-10-04,-1.32
R9.PRIOR.pm,2025-10-05,-17.54
R9.PRIOR.pm,2025-10-11,-9.48
R9.PRIOR.pm,2025-10-12,3.6399999999999997
R9.PRIOR.pm,2025-10-17,-2.74
R9.PRIOR.pm,2025-10-18,16.44
R9.PRIOR.pm,2025-10-19,7.71
R9.PRIOR.pm,2025-10-23,-3.34
R9.PRIOR.pm,2025-10-25,10.86
R9.PRIOR.pm,2025-10-26,-9.23
R9.PRIOR.pm,2025-10-30,-6.94
R9.PRIOR.pm,2025-11-01,0.3900000000000001
R9.PRIOR.pm,2025-11-02,-13.3
R9.PRIOR.pm,2025-11-05,1.37
R9.PRIOR.pm,2025-11-08,11.27
R9.PRIOR.pm,2025-11-09,2.76
R9.PRIOR.pm,2025-11-15,8.09
R9.PRIOR.pm,2025-11-16,9.469999999999999
R9.PRIOR.pm,2025-11-22,1.6299999999999997
R9.PRIOR.pm,2025-11-23,4.970000000000001
R9.PRIOR.pm,2025-11-25,-1.63
R9.PRIOR.pm,2025-11-27,-7.84
R9.PRIOR.pm,2025-11-28,-2.16
R9.PRIOR.pm,2025-11-29,-5.15
R9.PRIOR.pm,2025-11-30,5.24
R9.PRIOR.pm,2025-12-04,-3.75
R9.PRIOR.pm,2025-12-07,-0.47999999999999954
R9.PRIOR.pm,2025-12-11,7.16
R9.PRIOR.pm,2025-12-14,0.8299999999999998
R9.PRIOR.pm,2025-12-17,6.25
R9.PRIOR.pm,2025-12-18,4.45
R9.PRIOR.pm,2025-12-20,-2.54
R9.PRIOR.pm,2025-12-21,6.83
R9.PRIOR.pm,2025-12-22,4.95
R9.PRIOR.pm,2025-12-23,-2.03
R9.PRIOR.pm,2025-12-25,-2.13
R9.PRIOR.pm,2025-12-27,-4.84
R9.PRIOR.pm,2025-12-28,-7.630000000000001
R9.PRIOR.pm,2025-12-31,7.36
R9.PRIOR.pm,2026-01-02,5.65
R9.PRIOR.pm,2026-01-10,5.35
R9.PRIOR.pm,2026-01-11,-5.45
R9.PRIOR.pm,2026-01-17,-4.75
