game_id,league,skip,E_ns,winner,orientation,kalshi_winner_payout,last_trade_after_E_s,E_to_first_099_s,any_le_097_after_60,last_px_at_60,any_le_097_after_180,last_px_at_180,any_le_097_after_600,last_px_at_600,label
nfl_20250801_lac_det,NFL,,1.754031062e+18,LAC,same,1.0,-10737.008226,,False,0.99,False,0.99,False,0.99,"post-hoc, exploratory; designed and selected on training only"
nfl_20250807_cin_phi,NFL,,1.754625578e+18,PHI,same,1.0,-3230.085576,,False,0.99,False,0.99,False,0.99,"post-hoc, exploratory; designed and selected on training only"
nfl_20250808_lv_sea,NFL,no untied end marker,,,,,,,,,,,,,"post-hoc, exploratory; designed and selected on training only"
nfl_20250807_ind_bal,NFL,,1.754625567e+18,BAL,same,1.0,-3801.225782,,False,0.99,False,0.99,False,0.99,"post-hoc, exploratory; designed and selected on training only"
nfl_20250808_cle_car,NFL,,1.754697594e+18,CLE,same,1.0,9318.401597,5732.412865,True,0.46,True,0.49,True,0.43,"post-hoc, exploratory; designed and selected on training only"
nfl_20250808_det_atl,NFL,no untied end marker,,,,,,,,,,,,,"post-hoc, exploratory; designed and selected on training only"
nfl_20250808_was_ne,NFL,,1.754697433e+18,NE,same,1.0,10519.246144,1473.734509,True,0.88,True,0.88,True,0.93,"post-hoc, exploratory; designed and selected on training only"
nfl_20250810_nyj_gb,NFL,,1.754795053e+18,NYJ,same,1.0,993.587952,227.203631,False,0.99,False,0.99,False,0.99,"post-hoc, exploratory; designed and selected on training only"
nfl_20250809_hou_min,NFL,,1.754780281e+18,MIN,same,1.0,2312.306056,95.968877,False,0.99,False,0.99,False,0.99,"post-hoc, exploratory; designed and selected on training only"
nfl_20250810_den_sf,NFL,,1.754799662e+18,DEN,same,1.0,-1020.729041,,False,0.99,False,0.99,False,0.99,"post-hoc, exploratory; designed and selected on training only"
nfl_20250810_kc_ari,NFL,,1.754795823e+18,ARI,same,1.0,1336.228147,5.16346,False,0.99,False,0.99,False,0.99,"post-hoc, exploratory; designed and selected on training only"
nfl_20250809_ten_tb,NFL,,1.754783863e+18,TB,same,1.0,11100.355523,8534.440761,True,0.53,True,0.53,True,0.66,"post-hoc, exploratory; designed and selected on training only"
nfl_20250809_pit_jac,NFL,,1.75478397e+18,PIT,same,1.0,10698.299562,7391.348868,True,0.49,True,0.53,True,0.59,"post-hoc, exploratory; designed and selected on training only"
nfl_20250809_nyg_buf,NFL,,1.75477112e+18,NYG,same,1.0,1859.300179,92.543807,False,0.99,False,0.99,False,0.99,"post-hoc, exploratory; designed and selected on training only"
nfl_20250809_dal_la,NFL,,1.754783989e+18,LA,same,1.0,9349.132613,5325.699914,True,0.83,True,0.85,True,0.85,"post-hoc, exploratory; designed and selected on training only"
nfl_20250810_no_lac,NFL,,1.754867894e+18,LAC,same,1.0,888.308734,37.267959,False,0.99,False,0.99,False,0.99,"post-hoc, exploratory; designed and selected on training only"
nfl_20250810_mia_chi,NFL,no untied end marker,,,,,,,,,,,,,"post-hoc, exploratory; designed and selected on training only"
nfl_20250815_ten_atl,NFL,,1.755302353e+18,TEN,same,1.0,9761.62761,8060.432047,True,0.8,True,0.75,True,0.73,"post-hoc, exploratory; designed and selected on training only"
nfl_20250816_kc_sea,NFL,,1.75527428e+18,SEA,same,1.0,47661.078427,42044.662723,True,,True,,True,,"post-hoc, exploratory; designed and selected on training only"
nfl_20250816_tb_pit,NFL,,1.755388776e+18,TB,same,1.0,10963.758937,7642.311539,True,0.75,True,0.73,True,0.63,"post-hoc, exploratory; designed and selected on training only"
nfl_20250816_car_hou,NFL,,1.75537375e+18,HOU,same,1.0,2349.910849,96.959842,False,0.99,False,0.99,False,0.99,"post-hoc, exploratory; designed and selected on training only"
nfl_20250816_gb_ind,NFL,,1.75537535e+18,GB,same,1.0,2436.550678,171.916101,True,0.71,False,0.99,False,0.99,"post-hoc, exploratory; designed and selected on training only"
nfl_20250816_ne_min,NFL,,1.755374909e+18,NE,same,1.0,2190.65165,5.530396,False,0.99,False,0.99,False,0.99,"post-hoc, exploratory; designed and selected on training only"
nfl_20250816_nyj_nyg,NFL,,1.755388754e+18,NYG,same,1.0,8025.847425,3735.549754,True,0.75,True,0.82,True,0.74,"post-hoc, exploratory; designed and selected on training only"
nfl_20250816_sf_lv,NFL,,1.755385294e+18,SF,same,1.0,1809.466101,7.25467,False,0.99,False,0.99,False,0.99,"post-hoc, exploratory; designed and selected on training only"
nfl_20250816_cle_phi,NFL,,1.755373738e+18,CLE,same,1.0,1514.579011,8.460882,False,0.99,False,0.99,False,0.99,"post-hoc, exploratory; designed and selected on training only"
nfl_20250817_ari_den,NFL,,1.755405346e+18,DEN,same,1.0,1325.813942,128.171426,False,0.99,False,0.99,False,0.99,"post-hoc, exploratory; designed and selected on training only"
nfl_20250816_mia_det,NFL,,1.755375571e+18,MIA,same,1.0,1509.310747,6.526084,False,0.95,False,0.99,False,0.99,"post-hoc, exploratory; designed and selected on training only"
nfl_20250816_bal_dal,NFL,,1.755388774e+18,BAL,same,1.0,10912.956024,6622.638714,True,0.59,True,0.67,True,0.66,"post-hoc, exploratory; designed and selected on training only"
nfl_20250816_lac_la,NFL,,1.755388742e+18,LA,same,1.0,11122.09399,8288.704181,True,0.41,True,0.45,True,0.47,"post-hoc, exploratory; designed and selected on training only"
nfl_20250817_jac_no,NFL,no untied end marker,,,,,,,,,,,,,"post-hoc, exploratory; designed and selected on training only"
nfl_20250818_buf_chi,NFL,,1.755486734e+18,CHI,same,1.0,1839.934544,258.908584,False,0.99,False,0.99,False,0.99,"post-hoc, exploratory; designed and selected on training only"
nfl_20250819_cin_was,NFL,,1.755572503e+18,CIN,same,1.0,1396.152769,62.273446,False,0.99,False,0.99,False,0.99,"post-hoc, exploratory; designed and selected on training only"
nfl_20250821_pit_car,NFL,,1.755827377e+18,PIT,same,1.0,1329.301297,16.542405,False,0.99,False,0.99,False,0.99,"post-hoc, exploratory; designed and selected on training only"
nfl_20250822_ne_nyg,NFL,,1.755831502e+18,NYG,same,1.0,1325.586127,120.089496,False,0.99,False,0.99,False,0.99,"post-hoc, exploratory; designed and selected on training only"
nfl_20250823_atl_dal,NFL,,1.75591845e+18,DAL,same,1.0,1298.900287,144.321874,False,0.99,False,0.99,False,0.99,"post-hoc, exploratory; designed and selected on training only"
nfl_20250822_phi_nyj,NFL,,1.755916984e+18,PHI,same,1.0,1050.643715,1.434835,False,0.99,False,0.99,False,0.99,"post-hoc, exploratory; designed and selected on training only"
nfl_20250823_chi_kc,NFL,,1.755920028e+18,CHI,same,1.0,1242.703882,35.42154,False,0.99,False,0.99,False,0.99,"post-hoc, exploratory; designed and selected on training only"
nfl_20250823_min_ten,NFL,,1.755917756e+18,TEN,same,1.0,1705.332084,166.795832,False,0.99,False,0.99,False,0.99,"post-hoc, exploratory; designed and selected on training only"
nfl_20250823_ind_cin,NFL,,1.755979701e+18,IND,same,1.0,1421.59452,273.889289,False,0.99,False,0.99,False,0.99,"post-hoc, exploratory; designed and selected on training only"
nfl_20250823_sea_gb,NFL,,1.755990087e+18,GB,same,1.0,1812.631117,86.066152,False,0.99,False,0.99,False,0.99,"post-hoc, exploratory; designed and selected on training only"
nfl_20250824_lv_ari,NFL,,1.756011549e+18,ARI,same,1.0,1518.898343,81.900747,False,0.99,False,0.99,False,0.99,"post-hoc, exploratory; designed and selected on training only"
cfb_20250823_stan_haw,CFB,no untied end marker,,,,,,,,,,,,,"post-hoc, exploratory; designed and selected on training only"
nfl_20250823_hou_det,NFL,,1.7559784e+18,HOU,same,1.0,1342.187958,280.593777,False,0.99,False,0.99,False,0.99,"post-hoc, exploratory; designed and selected on training only"
nfl_20250823_buf_tb,NFL,,1.756002284e+18,BUF,same,1.0,1481.514159,2.735821,False,0.99,False,0.99,False,0.99,"post-hoc, exploratory; designed and selected on training only"
cfb_20250823_shsu_wku,CFB,,1.756003155e+18,WKU,same,1.0,689.481081,689.481081,False,0.99,False,0.99,False,0.99,"post-hoc, exploratory; designed and selected on training only"
cfb_20250823_idst_unlv,CFB,no untied end marker,,,,,,,,,,,,,"post-hoc, exploratory; designed and selected on training only"
nfl_20250823_bal_was,NFL,,1.755974915e+18,BAL,same,1.0,1307.655097,211.131834,False,0.99,False,0.99,False,0.99,"post-hoc, exploratory; designed and selected on training only"
cfb_20250823_fres_ku,CFB,no untied end marker,,,,,,,,,,,,,"post-hoc, exploratory; designed and selected on training only"
nfl_20250824_lac_sf,NFL,,1.75600773e+18,SF,same,1.0,1071.376634,36.005362,False,0.99,False,0.99,False,0.99,"post-hoc, exploratory; designed and selected on training only"
cfb_20250823_isu_ksu,CFB,,1.75597745e+18,ISU,same,1.0,1431.801146,5.490698,False,0.99,False,0.99,False,0.99,"post-hoc, exploratory; designed and selected on training only"
nfl_20250823_den_no,NFL,,1.755979547e+18,DEN,same,1.0,1191.315879,27.377723,True,0.99,True,0.99,False,0.99,"post-hoc, exploratory; designed and selected on training only"
nfl_20250823_jac_mia,NFL,,1.756000116e+18,MIA,same,1.0,1965.447604,4.444449,False,0.99,False,0.99,False,0.99,"post-hoc, exploratory; designed and selected on training only"
nfl_20250823_la_cle,NFL,,1.755979779e+18,CLE,same,1.0,1867.254707,13.030612,False,0.99,False,0.99,False,0.99,"post-hoc, exploratory; designed and selected on training only"
cfb_20250828_wyo_akr,CFB,no untied end marker,,,,,,,,,,,,,"post-hoc, exploratory; designed and selected on training only"
cfb_20250828_dsu_del,CFB,,1.756433321e+18,DEL,same,1.0,1711.81858,,False,0.98,False,0.98,False,0.98,"post-hoc, exploratory; designed and selected on training only"
cfb_20250829_neb_cin,CFB,,1.756355289e+18,NEB,same,1.0,86956.548835,86241.039948,True,,True,,True,,"post-hoc, exploratory; designed and selected on training only"
cfb_20250829_oh_wis,CFB,,1.756354084e+18,WIS,same,1.0,86191.505283,84655.734028,True,,True,,True,,"post-hoc, exploratory; designed and selected on training only"
cfb_20250828_cark_mizz,CFB,,1.756435748e+18,MIZZ,same,1.0,98.381991,,False,0.99,False,0.99,False,0.99,"post-hoc, exploratory; designed and selected on training only"
cfb_20250829_buff_minn,CFB,,1.756438067e+18,MINN,same,1.0,226.012283,226.012283,False,0.99,False,0.99,False,0.99,"post-hoc, exploratory; designed and selected on training only"
cfb_20250828_ecu_ncst,CFB,,1.756434141e+18,NCST,same,1.0,1662.024858,100.480348,False,0.99,False,0.99,False,0.99,"post-hoc, exploratory; designed and selected on training only"
cfb_20250829_alst_uab,CFB,,1.756354435e+18,UAB,same,1.0,86278.421168,85577.939355,True,,True,,True,,"post-hoc, exploratory; designed and selected on training only"
cfb_20250828_laf_bgsu,CFB,,1.756431497e+18,BGSU,same,1.0,14.043515,14.043515,False,0.99,False,0.99,False,0.99,"post-hoc, exploratory; designed and selected on training only"
cfb_20250828_jvst_ucf,CFB,,1.756354253e+18,UCF,same,1.0,85744.445189,,True,,True,,True,,"post-hoc, exploratory; designed and selected on training only"
cfb_20250829_sfa_hou,CFB,no untied end marker,,,,,,,,,,,,,"post-hoc, exploratory; designed and selected on training only"
cfb_20250829_ston_sdsu,CFB,,1.756357879e+18,SDSU,same,1.0,87184.503889,77517.665267,True,,True,,True,,"post-hoc, exploratory; designed and selected on training only"
cfb_20250828_elon_duke,CFB,,1.756434802e+18,DUKE,same,1.0,-99.475682,,False,0.99,False,0.99,False,0.99,"post-hoc, exploratory; designed and selected on training only"
cfb_20250828_ohio_rutg,CFB,no untied end marker,,,,,,,,,,,,,"post-hoc, exploratory; designed and selected on training only"
cfb_20250828_utm_okst,CFB,no untied end marker,,,,,,,,,,,,,"post-hoc, exploratory; designed and selected on training only"
cfb_20250828_sfpa_ulm,CFB,,1.756438521e+18,ULM,same,1.0,-2518.806625,,False,0.99,False,0.99,False,0.99,"post-hoc, exploratory; designed and selected on training only"
cfb_20250828_bsu_usf,CFB,,1.756429743e+18,USF,same,1.0,4131.980638,12.585657,False,0.99,False,0.99,False,0.99,"post-hoc, exploratory; designed and selected on training only"
cfb_20250829_wag_ku,CFB,,1.756521422e+18,KU,same,1.0,57.850123,,False,0.99,False,0.99,False,0.99,"post-hoc, exploratory; designed and selected on training only"
cfb_20250829_wiu_ill,CFB,,1.756522908e+18,ILL,same,1.0,-619.127696,,False,0.99,False,0.99,False,0.99,"post-hoc, exploratory; designed and selected on training only"
cfb_20250829_app_char,CFB,no untied end marker,,,,,,,,,,,,,"post-hoc, exploratory; designed and selected on training only"
cfb_20250830_cook_fiu,CFB,,1.756525223e+18,FIU,same,1.0,-320.600231,,False,0.98,False,0.98,False,0.98,"post-hoc, exploratory; designed and selected on training only"
cfb_20250830_aub_bay,CFB,play or score after marker,,,,,,,,,,,,,"post-hoc, exploratory; designed and selected on training only"
cfb_20250829_wmu_msu,CFB,no untied end marker,,,,,,,,,,,,,"post-hoc, exploratory; designed and selected on training only"
cfb_20250830_unlv_shsu,CFB,no untied end marker,,,,,,,,,,,,,"post-hoc, exploratory; designed and selected on training only"
cfb_20250830_cmu_sjsu,CFB,,1.756446745e+18,CMU,same,1.0,87750.055527,85613.079191,True,,True,,True,,"post-hoc, exploratory; designed and selected on training only"
cfb_20250829_tarl_army,CFB,no untied end marker,,,,,,,,,,,,,"post-hoc, exploratory; designed and selected on training only"
cfb_20250829_kenn_wake,CFB,,1.756520211e+18,WAKE,same,1.0,415.985626,1.459985,False,0.99,False,0.99,False,0.99,"post-hoc, exploratory; designed and selected on training only"
cfb_20250830_gt_colo,CFB,,1.756524249e+18,GT,same,1.0,573.368432,1.989863,False,0.99,False,0.99,False,0.99,"post-hoc, exploratory; designed and selected on training only"
cfb_20250830_ball_pur,CFB,,1.756579405e+18,PUR,same,1.0,111.276761,,False,0.99,False,0.99,False,0.99,"post-hoc, exploratory; designed and selected on training only"
cfb_20250831_cal_orst,CFB,,1.756533455e+18,CAL,same,1.0,86906.846897,81746.892307,True,,True,,True,,"post-hoc, exploratory; designed and selected on training only"
cfb_20250830_me_lib,CFB,,1.756595752e+18,LIB,same,1.0,-1072.561495,,False,0.99,False,0.99,False,0.99,"post-hoc, exploratory; designed and selected on training only"
cfb_20250830_utep_usu,CFB,no untied end marker,,,,,,,,,,,,,"post-hoc, exploratory; designed and selected on training only"
cfb_20250830_nich_troy,CFB,play or score after marker,,,,,,,,,,,,,"post-hoc, exploratory; designed and selected on training only"
cfb_20250830_peay_mtu,CFB,,1.756607156e+18,PEAY,same,1.0,1294.082925,316.692462,False,0.99,False,0.99,False,0.99,"post-hoc, exploratory; designed and selected on training only"
cfb_20250831_utah_ucla,CFB,no untied end marker,,,,,,,,,,,,,"post-hoc, exploratory; designed and selected on training only"
cfb_20250830_rmu_wvu,CFB,,1.756588485e+18,WVU,same,1.0,-382.173181,,False,0.99,False,0.99,False,0.99,"post-hoc, exploratory; designed and selected on training only"
cfb_20250831_lam_unt,CFB,missing market (KXNCAAFGAME-25AUG30LAMUNT-UNT: no rows in the trade file),,,,,,,,,,,,,"post-hoc, exploratory; designed and selected on training only"
cfb_20250831_prst_byu,CFB,,1.756609696e+18,BYU,same,1.0,61.921717,61.921717,False,0.99,False,0.99,False,0.99,"post-hoc, exploratory; designed and selected on training only"
cfb_20250830_syr_tenn,CFB,,1.756584242e+18,TENN,same,1.0,50.42835,50.42835,False,0.99,False,0.99,False,0.99,"post-hoc, exploratory; designed and selected on training only"
cfb_20250831_gaso_fres,CFB,,1.756528838e+18,FRES,same,1.0,86600.933345,84479.701452,True,,True,,True,,"post-hoc, exploratory; designed and selected on training only"
cfb_20250831_haw_ariz,CFB,,1.756533554e+18,ARIZ,same,1.0,86423.622581,81183.161296,True,,True,,True,,"post-hoc, exploratory; designed and selected on training only"
cfb_20250830_utsa_txam,CFB,play or score after marker,,,,,,,,,,,,,"post-hoc, exploratory; designed and selected on training only"
cfb_20250830_nw_tuln,CFB,play or score after marker,,,,,,,,,,,,,"post-hoc, exploratory; designed and selected on training only"
cfb_20250830_tol_uk,CFB,play or score after marker,,,,,,,,,,,,,"post-hoc, exploratory; designed and selected on training only"
cfb_20250830_arpb_ttu,CFB,,1.756526501e+18,TTU,same,1.0,86654.471709,70220.632055,False,,False,,False,,"post-hoc, exploratory; designed and selected on training only"
cfb_20250830_sdak_isu,CFB,,1.756594079e+18,ISU,same,1.0,532.087984,127.145947,False,0.99,False,0.99,False,0.99,"post-hoc, exploratory; designed and selected on training only"
cfb_20250830_mosu_usc,CFB,,1.756608722e+18,USC,same,1.0,-2661.730189,,False,0.98,False,0.98,False,0.98,"post-hoc, exploratory; designed and selected on training only"
cfb_20250830_odu_ind,CFB,,1.75659117e+18,IND,same,1.0,111.054464,44.988611,False,0.99,False,0.99,False,0.99,"post-hoc, exploratory; designed and selected on training only"
cfb_20250830_vmi_navy,CFB,play or score after marker,,,,,,,,,,,,,"post-hoc, exploratory; designed and selected on training only"
cfb_20250830_gast_miss,CFB,,1.756610208e+18,MISS,same,1.0,-32.194814,,False,0.99,False,0.99,False,0.99,"post-hoc, exploratory; designed and selected on training only"
cfb_20250831_csu_wash,CFB,,1.756534768e+18,WASH,same,1.0,86274.97509,84905.187948,True,,True,,True,,"post-hoc, exploratory; designed and selected on training only"
cfb_20250830_ccar_uva,CFB,,1.756603211e+18,UVA,same,1.0,761.81386,610.939539,False,0.99,False,0.99,False,0.99,"post-hoc, exploratory; designed and selected on training only"
cfb_20250831_nau_asu,CFB,,1.756532709e+18,ASU,same,1.0,86336.127969,74316.321486,True,,True,,True,,"post-hoc, exploratory; designed and selected on training only"
cfb_20250830_eky_lou,CFB,,1.756592367e+18,LOU,same,1.0,-126.674175,,False,0.99,False,0.99,False,0.99,"post-hoc, exploratory; designed and selected on training only"
cfb_20250830_und_ksu,CFB,,1.75660746e+18,KSU,same,1.0,923.4746,0.711136,False,0.99,False,0.99,False,0.99,"post-hoc, exploratory; designed and selected on training only"
cfb_20250830_msst_usm,CFB,,1.756582417e+18,MSST,same,1.0,50.457673,,False,0.99,False,0.99,False,0.99,"post-hoc, exploratory; designed and selected on training only"
cfb_20250830_mrmk_kent,CFB,no untied end marker,,,,,,,,,,,,,"post-hoc, exploratory; designed and selected on training only"
cfb_20250830_for_bc,CFB,no untied end marker,,,,,,,,,,,,,"post-hoc, exploratory; designed and selected on training only"
cfb_20250830_mtst_ore,CFB,play or score after marker,,,,,,,,,,,,,"post-hoc, exploratory; designed and selected on training only"
cfb_20250830_fau_md,CFB,play or score after marker,,,,,,,,,,,,,"post-hoc, exploratory; designed and selected on training only"
cfb_20250830_liu_fla,CFB,,1.756606498e+18,FLA,same,1.0,-843.238358,,False,0.99,False,0.99,False,0.99,"post-hoc, exploratory; designed and selected on training only"
cfb_20250831_tamc_smu,CFB,,1.756529164e+18,SMU,same,1.0,85883.514755,71484.881429,False,,False,,False,,"post-hoc, exploratory; designed and selected on training only"
cfb_20250830_ala_fsu,CFB,,1.756595885e+18,FSU,same,1.0,389.061466,17.082051,False,0.99,False,0.99,False,0.99,"post-hoc, exploratory; designed and selected on training only"
cfb_20250830_tex_osu,CFB,,1.756582062e+18,OSU,same,1.0,363.382986,5.829066,False,0.99,False,0.99,False,0.99,"post-hoc, exploratory; designed and selected on training only"
cfb_20250830_hc_niu,CFB,no untied end marker,,,,,,,,,,,,,"post-hoc, exploratory; designed and selected on training only"
cfb_20250830_ccsu_conn,CFB,,1.756589169e+18,CONN,same,1.0,-72.999173,,False,0.99,False,0.99,False,0.99,"post-hoc, exploratory; designed and selected on training only"
cfb_20250830_lsu_clem,CFB,,1.756610317e+18,LSU,same,1.0,379.272586,1.462483,False,0.99,False,0.99,False,0.99,"post-hoc, exploratory; designed and selected on training only"
cfb_20250830_chso_van,CFB,play or score after marker,,,,,,,,,,,,,"post-hoc, exploratory; designed and selected on training only"
cfb_20250831_emu_txst,CFB,,1.756611225e+18,TXST,same,1.0,1305.555135,1222.327105,False,0.99,False,0.99,False,0.99,"post-hoc, exploratory; designed and selected on training only"
cfb_20250830_nev_psu,CFB,,1.756594224e+18,PSU,same,1.0,189.080382,,False,0.99,False,0.99,False,0.99,"post-hoc, exploratory; designed and selected on training only"
cfb_20250831_rice_ull,CFB,,1.756609973e+18,RICE,same,1.0,270.629241,270.629241,False,0.99,False,0.99,False,0.99,"post-hoc, exploratory; designed and selected on training only"
cfb_20250830_una_wku,CFB,,1.756607286e+18,WKU,same,1.0,-2249.544575,,False,0.98,False,0.98,False,0.98,"post-hoc, exploratory; designed and selected on training only"
cfb_20250830_aamu_ark,CFB,,1.756597088e+18,ARK,same,1.0,235.724506,,False,0.99,False,0.99,False,0.99,"post-hoc, exploratory; designed and selected on training only"
cfb_20250830_semo_arst,CFB,no untied end marker,,,,,,,,,,,,,"post-hoc, exploratory; designed and selected on training only"
cfb_20250830_mrsh_uga,CFB,,1.756595026e+18,UGA,same,1.0,739.95099,,False,0.99,False,0.99,False,0.99,"post-hoc, exploratory; designed and selected on training only"
cfb_20250830_ilst_okla,CFB,,1.756602152e+18,OKLA,same,1.0,-1371.924576,,False,0.99,False,0.99,False,0.99,"post-hoc, exploratory; designed and selected on training only"
cfb_20250830_buck_afa,CFB,,1.756595233e+18,AFA,same,1.0,-2381.051524,,False,0.99,False,0.99,False,0.99,"post-hoc, exploratory; designed and selected on training only"
cfb_20250831_idho_wsu,CFB,,1.756532686e+18,WSU,same,1.0,87023.455412,84345.40079,True,,True,,True,,"post-hoc, exploratory; designed and selected on training only"
cfb_20250830_duq_pitt,CFB,,1.756582043e+18,PITT,same,1.0,54.584358,,False,0.99,False,0.99,False,0.99,"post-hoc, exploratory; designed and selected on training only"
cfb_20250830_tem_mass,CFB,,1.756593883e+18,TEM,same,1.0,560.569076,405.958828,False,0.99,False,0.99,False,0.99,"post-hoc, exploratory; designed and selected on training only"
cfb_20250830_sela_lt,CFB,,1.75660764e+18,LT,same,1.0,1467.913053,1467.913053,False,0.99,False,0.99,False,0.99,"post-hoc, exploratory; designed and selected on training only"
cfb_20250830_unm_mich,CFB,,1.756609283e+18,MICH,same,1.0,200.756374,,False,0.99,False,0.99,False,0.99,"post-hoc, exploratory; designed and selected on training only"
cfb_20250830_web_jmu,CFB,,1.75660283e+18,JMU,same,1.0,-8243.544105,,False,0.99,False,0.99,False,0.99,"post-hoc, exploratory; designed and selected on training only"
cfb_20250831_ac_tlsa,CFB,,1.756609447e+18,TLSA,same,1.0,-806.593873,,False,0.99,False,0.99,False,0.99,"post-hoc, exploratory; designed and selected on training only"
cfb_20250831_bry_nmsu,CFB,,1.756528153e+18,NMSU,same,1.0,86903.559308,84928.69099,True,,True,,True,,"post-hoc, exploratory; designed and selected on training only"
cfb_20250830_chat_mem,CFB,,1.756596809e+18,MEM,same,1.0,-198.865978,,False,0.99,False,0.99,False,0.99,"post-hoc, exploratory; designed and selected on training only"
cfb_20250830_morg_usa,CFB,,1.756606911e+18,USA,same,1.0,-1049.35418,,False,0.99,False,0.99,False,0.99,"post-hoc, exploratory; designed and selected on training only"
cfb_20250831_nd_mia,CFB,,1.7566963e+18,MIA,same,1.0,212.770043,2.534464,False,0.99,False,0.99,False,0.99,"post-hoc, exploratory; designed and selected on training only"
cfb_20250831_vt_scar,CFB,,1.756679652e+18,SCAR,same,1.0,791.374334,8.079414,False,0.99,False,0.99,False,0.99,"post-hoc, exploratory; designed and selected on training only"
cfb_20250902_tcu_unc,CFB,,1.756783448e+18,TCU,same,1.0,237.852258,11.784539,False,0.99,False,0.99,False,0.99,"post-hoc, exploratory; designed and selected on training only"
nfl_20250905_dal_phi,NFL,,1.757045867e+18,PHI,same,1.0,685.919701,1.521708,False,0.99,False,0.99,False,0.99,"post-hoc, exploratory; designed and selected on training only"
cfb_20250905_jmu_lou,CFB,,1.757126392e+18,LOU,same,1.0,438.685129,84.082812,False,0.99,False,0.99,False,0.99,"post-hoc, exploratory; designed and selected on training only"
cfb_20250905_wiu_nw,CFB,no untied end marker,,,,,,,,,,,,,"post-hoc, exploratory; designed and selected on training only"
nfl_20250906_kc_lac,NFL,,1.757128267e+18,LAC,same,1.0,188.710682,7.903688,False,0.99,False,0.99,False,0.99,"post-hoc, exploratory; designed and selected on training only"
cfb_20250906_ewu_bsu,CFB,,1.757046833e+18,BSU,same,1.0,86494.8043,74728.698428,True,,True,,True,,"post-hoc, exploratory; designed and selected on training only"
cfb_20250905_niu_md,CFB,,1.757126086e+18,MD,same,1.0,362.794455,159.23657,False,0.99,False,0.99,False,0.99,"post-hoc, exploratory; designed and selected on training only"
cfb_20250906_ulm_ala,CFB,,1.757214618e+18,ALA,same,1.0,-538.246834,,False,0.99,False,0.99,False,0.99,"post-hoc, exploratory; designed and selected on training only"
cfb_20250906_txso_cal,CFB,,1.757207822e+18,CAL,same,1.0,-91.487105,,False,0.98,False,0.98,False,0.98,"post-hoc, exploratory; designed and selected on training only"
cfb_20250906_idst_unm,CFB,,1.757198529e+18,UNM,same,1.0,-2330.1093,,False,0.99,False,0.99,False,0.99,"post-hoc, exploratory; designed and selected on training only"
cfb_20250906_sjsu_tex,CFB,,1.757187452e+18,TEX,same,1.0,-50.279131,,False,0.99,False,0.99,False,0.99,"post-hoc, exploratory; designed and selected on training only"
cfb_20250906_bay_smu,CFB,no untied end marker,,,,,,,,,,,,,"post-hoc, exploratory; designed and selected on training only"
cfb_20250906_kent_ttu,CFB,,1.757186575e+18,TTU,same,1.0,178.735353,178.735353,False,0.99,False,0.99,False,0.99,"post-hoc, exploratory; designed and selected on training only"
cfb_20250906_mosu_mrsh,CFB,,1.75720935e+18,MOSU,same,1.0,-175.205583,,False,0.99,False,0.99,False,0.99,"post-hoc, exploratory; designed and selected on training only"
cfb_20250906_fres_orst,CFB,,1.757200538e+18,FRES,same,1.0,173.021802,10.31505,False,0.99,False,0.99,False,0.99,"post-hoc, exploratory; designed and selected on training only"
cfb_20250906_bgsu_cin,CFB,,1.757198342e+18,CIN,same,1.0,-252.076593,,False,0.98,False,0.98,False,0.98,"post-hoc, exploratory; designed and selected on training only"
cfb_20250907_tlsa_nmsu,CFB,,1.757132449e+18,NMSU,same,1.0,88303.122146,85651.456947,True,,True,,True,,"post-hoc, exploratory; designed and selected on training only"
cfb_20250906_nwst_minn,CFB,play or score after marker,,,,,,,,,,,,,"post-hoc, exploratory; designed and selected on training only"
cfb_20250906_gram_osu,CFB,,1.757199402e+18,OSU,same,1.0,-120.166056,,False,0.99,False,0.99,False,0.99,"post-hoc, exploratory; designed and selected on training only"
cfb_20250906_peay_uga,CFB,,1.757200497e+18,UGA,same,1.0,61.373746,,False,0.99,False,0.99,False,0.99,"post-hoc, exploratory; designed and selected on training only"
cfb_20250906_bry_mass,CFB,,1.757208451e+18,BRY,same,1.0,404.76489,81.141552,False,0.99,False,0.99,False,0.99,"post-hoc, exploratory; designed and selected on training only"
cfb_20250906_ill_duke,CFB,,1.757188007e+18,ILL,same,1.0,227.780229,16.444714,False,0.99,False,0.99,False,0.99,"post-hoc, exploratory; designed and selected on training only"
cfb_20250906_liu_emu,CFB,,1.757210987e+18,LIU,same,1.0,243.602664,232.905511,False,0.13,False,0.13,False,0.99,"post-hoc, exploratory; designed and selected on training only"
cfb_20250906_unc_char,CFB,,1.757212719e+18,UNC,same,1.0,181.371745,181.371745,False,0.99,False,0.99,False,0.99,"post-hoc, exploratory; designed and selected on training only"
cfb_20250906_chso_ccar,CFB,,1.757213542e+18,CCAR,same,1.0,-363.725519,,False,0.98,False,0.98,False,0.98,"post-hoc, exploratory; designed and selected on training only"
cfb_20250907_shsu_haw,CFB,,1.757144669e+18,HAW,same,1.0,86507.910316,81398.578653,True,,True,,True,,"post-hoc, exploratory; designed and selected on training only"
cfb_20250906_tuln_usa,CFB,,1.757211287e+18,TULN,same,1.0,194.487848,,False,0.96,False,0.96,False,0.96,"post-hoc, exploratory; designed and selected on training only"
cfb_20250906_tamc_fsu,CFB,,1.757186002e+18,FSU,same,1.0,-2516.52853,,False,0.99,False,0.99,False,0.99,"post-hoc, exploratory; designed and selected on training only"
cfb_20250906_mem_gast,CFB,,1.757214308e+18,MEM,same,1.0,-3969.919317,,False,0.99,False,0.99,False,0.99,"post-hoc, exploratory; designed and selected on training only"
cfb_20250906_gaso_usc,CFB,,1.757216505e+18,USC,same,1.0,-2913.416809,,False,0.99,False,0.99,False,0.99,"post-hoc, exploratory; designed and selected on training only"
cfb_20250906_how_tem,CFB,,1.757194576e+18,TEM,same,1.0,-6491.933166,,False,0.99,False,0.99,False,0.99,"post-hoc, exploratory; designed and selected on training only"
cfb_20250906_conn_syr,CFB,no untied end marker,,,,,,,,,,,,,"post-hoc, exploratory; designed and selected on training only"
cfb_20250906_wcu_wake,CFB,,1.757203307e+18,WAKE,same,1.0,106.807651,,False,0.99,False,0.99,False,0.99,"post-hoc, exploratory; designed and selected on training only"
cfb_20250906_unco_csu,CFB,,1.75721212e+18,CSU,same,1.0,35.420363,35.420363,False,0.99,False,0.99,False,0.99,"post-hoc, exploratory; designed and selected on training only"
cfb_20250906_okst_ore,CFB,,1.757200006e+18,ORE,same,1.0,142.364868,,False,0.99,False,0.99,False,0.99,"post-hoc, exploratory; designed and selected on training only"
cfb_20250906_etsu_tenn,CFB,,1.757199602e+18,TENN,same,1.0,617.892859,,False,0.99,False,0.99,False,0.99,"post-hoc, exploratory; designed and selected on training only"
cfb_20250906_sfpa_buff,CFB,,1.757201208e+18,BUFF,same,1.0,-1026.378111,,False,0.99,False,0.99,False,0.99,"post-hoc, exploratory; designed and selected on training only"
cfb_20250906_oh_rutg,CFB,,1.757203284e+18,RUTG,same,1.0,-621.175237,,False,0.98,False,0.98,False,0.98,"post-hoc, exploratory; designed and selected on training only"
cfb_20250906_mich_okla,CFB,,1.757214714e+18,OKLA,same,1.0,104.961788,12.152104,False,0.99,False,0.99,False,0.99,"post-hoc, exploratory; designed and selected on training only"
cfb_20250906_van_vt,CFB,,1.757213792e+18,VAN,same,1.0,394.938079,86.45032,False,0.99,False,0.99,False,0.99,"post-hoc, exploratory; designed and selected on training only"
cfb_20250906_wku_tol,CFB,,1.757211769e+18,TOL,same,1.0,-1374.071417,,False,0.99,False,0.99,False,0.99,"post-hoc, exploratory; designed and selected on training only"
cfb_20250906_scst_scar,CFB,,1.757133414e+18,SCAR,same,1.0,84166.534535,59867.285698,True,,True,,True,,"post-hoc, exploratory; designed and selected on training only"
cfb_20250906_uva_ncst,CFB,,1.757185778e+18,NCST,same,1.0,976.237815,0.104744,False,0.99,False,0.99,False,0.99,"post-hoc, exploratory; designed and selected on training only"
cfb_20250906_troy_clem,CFB,,1.757203873e+18,CLEM,same,1.0,156.011048,32.182484,False,0.99,False,0.99,False,0.99,"post-hoc, exploratory; designed and selected on training only"
cfb_20250906_famu_fau,CFB,,1.75720878e+18,FAU,same,1.0,-4029.735454,,False,0.99,False,0.99,False,0.99,"post-hoc, exploratory; designed and selected on training only"
cfb_20250906_del_colo,CFB,,1.757198623e+18,COLO,same,1.0,-336.25125,,False,0.99,False,0.99,False,0.99,"post-hoc, exploratory; designed and selected on training only"
cfb_20250906_akr_neb,CFB,,1.757213756e+18,NEB,same,1.0,-3797.78491,,False,0.98,False,0.98,False,0.98,"post-hoc, exploratory; designed and selected on training only"
cfb_20250906_txst_utsa,CFB,,1.75720028e+18,TXST,same,1.0,594.194959,127.720685,True,0.77,False,0.99,False,0.99,"post-hoc, exploratory; designed and selected on training only"
cfb_20250906_arst_ark,CFB,play or score after marker,,,,,,,,,,,,,"post-hoc, exploratory; designed and selected on training only"
cfb_20250906_ku_mizz,CFB,play or score after marker,,,,,,,,,,,,,"post-hoc, exploratory; designed and selected on training only"
cfb_20250906_camp_ecu,CFB,,1.757208135e+18,ECU,same,1.0,-3906.627514,,False,0.99,False,0.99,False,0.99,"post-hoc, exploratory; designed and selected on training only"
cfb_20250906_lib_jvst,CFB,,1.75719009e+18,JVST,same,1.0,481.261265,163.825553,False,0.99,False,0.99,False,0.99,"post-hoc, exploratory; designed and selected on training only"
cfb_20250906_usu_txam,CFB,,1.75718967e+18,TXAM,same,1.0,196.78242,,False,0.99,False,0.99,False,0.99,"post-hoc, exploratory; designed and selected on training only"
cfb_20250906_ball_aub,CFB,,1.757213314e+18,AUB,same,1.0,-678.051116,,False,0.99,False,0.99,False,0.99,"post-hoc, exploratory; designed and selected on training only"
cfb_20250906_fiu_psu,CFB,,1.757185891e+18,PSU,same,1.0,-939.323204,,False,0.99,False,0.99,False,0.99,"post-hoc, exploratory; designed and selected on training only"
cfb_20250906_uab_navy,CFB,,1.757206131e+18,NAVY,same,1.0,-1434.612345,,False,0.99,False,0.99,False,0.99,"post-hoc, exploratory; designed and selected on training only"
cfb_20250906_bc_msu,CFB,no untied end marker,,,,,,,,,,,,,"post-hoc, exploratory; designed and selected on training only"
cfb_20250906_iowa_isu,CFB,play or score after marker,,,,,,,,,,,,,"post-hoc, exploratory; designed and selected on training only"
cfb_20250906_mtu_wis,CFB,,1.757203061e+18,WIS,same,1.0,-1761.534632,,False,0.99,False,0.99,False,0.99,"post-hoc, exploratory; designed and selected on training only"
cfb_20250906_jkst_usm,CFB,,1.757205388e+18,USM,same,1.0,-461.2595,,False,0.99,False,0.99,False,0.99,"post-hoc, exploratory; designed and selected on training only"
cfb_20250906_asu_msst,CFB,,1.757214352e+18,MSST,same,1.0,299.973996,0.261764,False,0.99,False,0.99,False,0.99,"post-hoc, exploratory; designed and selected on training only"
cfb_20250906_wvu_ohio,CFB,,1.757201023e+18,OHIO,same,1.0,823.363276,7.452466,False,0.99,False,0.99,False,0.99,"post-hoc, exploratory; designed and selected on training only"
cfb_20250906_army_ksu,CFB,,1.757211779e+18,ARMY,same,1.0,74.264734,5.255434,False,0.99,False,0.99,False,0.99,"post-hoc, exploratory; designed and selected on training only"
cfb_20250907_utm_utep,CFB,,1.757132345e+18,UTEP,same,1.0,86593.572036,83757.051082,True,,True,,True,,"post-hoc, exploratory; designed and selected on training only"
cfb_20250906_usf_fla,CFB,,1.757202946e+18,USF,same,1.0,143.043229,0.591734,False,0.99,False,0.99,False,0.99,"post-hoc, exploratory; designed and selected on training only"
cfb_20250906_cook_mia,CFB,,1.757209959e+18,MIA,same,1.0,1.890369,,False,0.99,False,0.99,False,0.99,"post-hoc, exploratory; designed and selected on training only"
cfb_20250906_lt_lsu,CFB,,1.757213361e+18,LSU,same,1.0,-1325.667047,,False,0.99,False,0.99,False,0.99,"post-hoc, exploratory; designed and selected on training only"
cfb_20250906_hou_rice,CFB,,1.757210887e+18,HOU,same,1.0,-101.328001,,False,0.99,False,0.99,False,0.99,"post-hoc, exploratory; designed and selected on training only"
cfb_20250906_cmu_pitt,CFB,play or score after marker,,,,,,,,,,,,,"post-hoc, exploratory; designed and selected on training only"
cfb_20250907_web_ariz,CFB,,1.757143205e+18,ARIZ,same,1.0,85187.098328,75492.018014,True,,True,,True,,"post-hoc, exploratory; designed and selected on training only"
cfb_20250906_siu_pur,CFB,,1.757213216e+18,PUR,same,1.0,-839.49968,,False,0.99,False,0.99,False,0.99,"post-hoc, exploratory; designed and selected on training only"
cfb_20250906_linw_app,CFB,,1.757199112e+18,APP,same,1.0,-379.286494,,False,0.91,False,0.91,False,0.91,"post-hoc, exploratory; designed and selected on training only"
cfb_20250906_miss_uk,CFB,,1.757201153e+18,MISS,same,1.0,878.978118,30.978393,False,0.99,False,0.99,False,0.99,"post-hoc, exploratory; designed and selected on training only"
cfb_20250906_kenn_ind,CFB,,1.757186458e+18,IND,same,1.0,21.452524,,False,0.99,False,0.99,False,0.99,"post-hoc, exploratory; designed and selected on training only"
cfb_20250907_stan_byu,CFB,,1.757136573e+18,BYU,same,1.0,85483.482445,78766.170978,True,,True,,True,,"post-hoc, exploratory; designed and selected on training only"
cfb_20250907_mcns_ull,CFB,,1.757215028e+18,ULL,same,1.0,-786.158503,,False,0.97,False,0.97,False,0.97,"post-hoc, exploratory; designed and selected on training only"
cfb_20250906_ncat_ucf,CFB,,1.757215327e+18,UCF,same,1.0,-179.422021,,False,0.99,False,0.99,False,0.99,"post-hoc, exploratory; designed and selected on training only"
cfb_20250906_unt_wmu,CFB,no untied end marker,,,,,,,,,,,,,"post-hoc, exploratory; designed and selected on training only"
cfb_20250907_sdsu_wsu,CFB,,1.757138566e+18,WSU,same,1.0,86259.018717,81711.12404,True,,True,,True,,"post-hoc, exploratory; designed and selected on training only"
cfb_20250906_nccu_odu,CFB,play or score after marker,,,,,,,,,,,,,"post-hoc, exploratory; designed and selected on training only"
cfb_20250906_webb_gt,CFB,no untied end marker,,,,,,,,,,,,,"post-hoc, exploratory; designed and selected on training only"
cfb_20250906_uni_wyo,CFB,,1.757203656e+18,WYO,same,1.0,-3456.868327,,False,0.99,False,0.99,False,0.99,"post-hoc, exploratory; designed and selected on training only"
cfb_20250907_ucla_unlv,CFB,,1.757131245e+18,UNLV,same,1.0,86542.283625,83749.964545,True,,True,,True,,"post-hoc, exploratory; designed and selected on training only"
cfb_20250906_sac_nev,CFB,,1.757203435e+18,NEV,same,1.0,529.936541,9.052298,False,0.99,False,0.99,False,0.99,"post-hoc, exploratory; designed and selected on training only"
cfb_20250907_ucd_wash,CFB,,1.757138193e+18,WASH,same,1.0,88052.860819,80724.765928,True,,True,,True,,"post-hoc, exploratory; designed and selected on training only"
cfb_20250906_cp_utah,CFB,,1.75720794e+18,UTAH,same,1.0,142.471684,,False,0.99,False,0.99,False,0.99,"post-hoc, exploratory; designed and selected on training only"
nfl_20250908_bal_buf,NFL,,1.757302642e+18,BUF,same,1.0,116.337944,8.060552,False,0.99,False,0.99,False,0.99,"post-hoc, exploratory; designed and selected on training only"
nfl_20250907_ten_den,NFL,,1.757287751e+18,DEN,same,1.0,399.52828,12.544611,False,0.99,False,0.99,False,0.99,"post-hoc, exploratory; designed and selected on training only"
nfl_20250907_lv_ne,NFL,,1.757275553e+18,LV,same,1.0,485.914904,1.342304,False,0.99,False,0.99,False,0.99,"post-hoc, exploratory; designed and selected on training only"
nfl_20250907_mia_ind,NFL,,1.75727445e+18,IND,same,1.0,221.157904,74.391857,False,0.99,False,0.99,False,0.99,"post-hoc, exploratory; designed and selected on training only"
nfl_20250907_tb_atl,NFL,,1.757276824e+18,TB,same,1.0,135.417401,0.372502,False,0.99,False,0.99,False,0.99,"post-hoc, exploratory; designed and selected on training only"
nfl_20250907_cin_cle,NFL,,1.757275279e+18,CIN,same,1.0,702.198661,2.413449,False,0.99,False,0.99,False,0.99,"post-hoc, exploratory; designed and selected on training only"
nfl_20250907_nyg_was,NFL,,1.75727602e+18,WAS,same,1.0,167.213573,10.82206,False,0.99,False,0.99,False,0.99,"post-hoc, exploratory; designed and selected on training only"
nfl_20250907_ari_no,NFL,,1.7572753e+18,ARI,same,1.0,604.401598,8.833842,False,0.99,False,0.99,False,0.99,"post-hoc, exploratory; designed and selected on training only"
nfl_20250907_det_gb,NFL,,1.757286838e+18,GB,same,1.0,709.875907,13.416925,False,0.99,False,0.99,False,0.99,"post-hoc, exploratory; designed and selected on training only"
nfl_20250907_car_jac,NFL,,1.757279569e+18,JAC,same,1.0,159.84513,159.84513,False,0.99,False,0.99,False,0.99,"post-hoc, exploratory; designed and selected on training only"
nfl_20250907_pit_nyj,NFL,,1.757275663e+18,PIT,same,1.0,211.152554,0.493375,False,0.99,False,0.99,False,0.99,"post-hoc, exploratory; designed and selected on training only"
nfl_20250907_hou_la,NFL,,1.757287012e+18,LA,same,1.0,399.566101,9.32074,False,0.99,False,0.99,False,0.99,"post-hoc, exploratory; designed and selected on training only"
nfl_20250907_sf_sea,NFL,,1.757286184e+18,SF,same,1.0,275.543979,6.143672,False,0.99,False,0.99,False,0.99,"post-hoc, exploratory; designed and selected on training only"
nfl_20250909_min_chi,NFL,,1.757388737e+18,MIN,same,1.0,134.179258,0.097807,False,0.99,False,0.99,False,0.99,"post-hoc, exploratory; designed and selected on training only"
cfb_20250911_ncst_wake,CFB,,1.757646907e+18,NCST,same,1.0,1393.015174,22.343132,False,0.99,False,0.99,False,0.99,"post-hoc, exploratory; designed and selected on training only"
nfl_20250912_was_gb,NFL,,1.757647653e+18,GB,same,1.0,132.414746,1.446356,False,0.99,False,0.99,False,0.99,"post-hoc, exploratory; designed and selected on training only"
cfb_20250912_colo_hou,CFB,play or score after marker,,,,,,,,,,,,,"post-hoc, exploratory; designed and selected on training only"
cfb_20250913_unm_ucla,CFB,,1.757654551e+18,UNM,same,1.0,86533.227164,85046.960985,True,,True,,True,,"post-hoc, exploratory; designed and selected on training only"
cfb_20250912_inst_ind,CFB,,1.757727276e+18,IND,same,1.0,171.145231,171.145231,False,0.99,False,0.99,False,0.99,"post-hoc, exploratory; designed and selected on training only"
cfb_20250913_ksu_ariz,CFB,play or score after marker,,,,,,,,,,,,,"post-hoc, exploratory; designed and selected on training only"
cfb_20250912_colg_syr,CFB,,1.757730556e+18,SYR,same,1.0,-385.794056,,False,0.99,False,0.99,False,0.99,"post-hoc, exploratory; designed and selected on training only"
cfb_20250913_ohio_osu,CFB,,1.757816565e+18,OSU,same,1.0,-42.208265,,False,0.99,False,0.99,False,0.99,"post-hoc, exploratory; designed and selected on training only"
cfb_20250913_cmu_mich,CFB,,1.757790157e+18,MICH,same,1.0,189.742291,189.742291,False,0.99,False,0.99,False,0.99,"post-hoc, exploratory; designed and selected on training only"
cfb_20250914_duke_tuln,CFB,,1.757821233e+18,TULN,same,1.0,329.484555,286.026155,False,0.99,False,0.99,False,0.99,"post-hoc, exploratory; designed and selected on training only"
cfb_20250913_fla_lsu,CFB,,1.757819199e+18,LSU,same,1.0,234.861826,0.512299,False,0.99,False,0.99,False,0.99,"post-hoc, exploratory; designed and selected on training only"
cfb_20250914_sou_fres,CFB,,1.757739625e+18,FRES,same,1.0,84257.166566,70076.242295,False,,False,,False,,"post-hoc, exploratory; designed and selected on training only"
cfb_20250913_wis_ala,CFB,,1.757790123e+18,ALA,same,1.0,160.294248,160.294248,False,0.99,False,0.99,False,0.99,"post-hoc, exploratory; designed and selected on training only"
cfb_20250913_buff_kent,CFB,,1.757791848e+18,BUFF,same,1.0,210.270763,5.92972,False,0.99,False,0.99,False,0.99,"post-hoc, exploratory; designed and selected on training only"
cfb_20250913_ull_mizz,CFB,,1.757794202e+18,MIZZ,same,1.0,-189.764134,,False,0.99,False,0.99,False,0.99,"post-hoc, exploratory; designed and selected on training only"
cfb_20250914_utah_wyo,CFB,,1.757819761e+18,UTAH,same,1.0,276.123548,276.123548,False,0.99,False,0.99,False,0.99,"post-hoc, exploratory; designed and selected on training only"
cfb_20250913_pitt_wvu,CFB,no untied end marker,,,,,,,,,,,,,"post-hoc, exploratory; designed and selected on training only"
cfb_20250913_txam_nd,CFB,no untied end marker,,,,,,,,,,,,,"post-hoc, exploratory; designed and selected on training only"
cfb_20250913_usf_mia,CFB,play or score after marker,,,,,,,,,,,,,"post-hoc, exploratory; designed and selected on training only"
cfb_20250913_utep_tex,CFB,,1.757806766e+18,TEX,same,1.0,-4.936499,,False,0.99,False,0.99,False,0.99,"post-hoc, exploratory; designed and selected on training only"
cfb_20250913_iw_utsa,CFB,play or score after marker,,,,,,,,,,,,,"post-hoc, exploratory; designed and selected on training only"
cfb_20250913_eky_mrsh,CFB,,1.757813154e+18,MRSH,same,1.0,-6519.382551,,False,0.98,False,0.98,False,0.98,"post-hoc, exploratory; designed and selected on training only"
cfb_20250913_usa_aub,CFB,play or score after marker,,,,,,,,,,,,,"post-hoc, exploratory; designed and selected on training only"
cfb_20250913_smu_mosu,CFB,,1.757804589e+18,SMU,same,1.0,179.16152,155.553982,False,0.99,False,0.99,False,0.99,"post-hoc, exploratory; designed and selected on training only"
cfb_20250913_mem_troy,CFB,,1.757791296e+18,MEM,same,1.0,-104.478735,,False,0.99,False,0.99,False,0.99,"post-hoc, exploratory; designed and selected on training only"
cfb_20250913_isu_arst,CFB,no untied end marker,,,,,,,,,,,,,"post-hoc, exploratory; designed and selected on training only"
cfb_20250913_monm_char,CFB,,1.757813166e+18,CHAR,same,1.0,339.884245,54.478303,False,0.99,False,0.99,False,0.99,"post-hoc, exploratory; designed and selected on training only"
cfb_20250913_uga_tenn,CFB,no untied end marker,,,,,,,,,,,,,"post-hoc, exploratory; designed and selected on training only"
cfb_20250913_okla_tem,CFB,,1.757791976e+18,OKLA,same,1.0,8.906786,8.906786,False,0.99,False,0.99,False,0.99,"post-hoc, exploratory; designed and selected on training only"
cfb_20250914_txst_asu,CFB,,1.757742512e+18,ASU,same,1.0,86494.022487,80078.188092,True,,True,,True,,"post-hoc, exploratory; designed and selected on training only"
cfb_20250914_minn_cal,CFB,no untied end marker,,,,,,,,,,,,,"post-hoc, exploratory; designed and selected on training only"
cfb_20250913_mtu_nev,CFB,,1.75781023e+18,MTU,same,1.0,-1277.19246,,False,0.99,False,0.99,False,0.99,"post-hoc, exploratory; designed and selected on training only"
cfb_20250913_mass_iowa,CFB,,1.75781835e+18,IOWA,same,1.0,-806.005637,,False,0.99,False,0.99,False,0.99,"post-hoc, exploratory; designed and selected on training only"
cfb_20250913_ecu_ccar,CFB,play or score after marker,,,,,,,,,,,,,"post-hoc, exploratory; designed and selected on training only"
cfb_20250913_unh_ball,CFB,play or score after marker,,,,,,,,,,,,,"post-hoc, exploratory; designed and selected on training only"
cfb_20250914_ac_tcu,CFB,,1.757819206e+18,TCU,same,1.0,-4201.494755,,False,0.99,False,0.99,False,0.99,"post-hoc, exploratory; designed and selected on training only"
cfb_20250913_nwst_cin,CFB,,1.757801539e+18,CIN,same,1.0,-1493.904193,,False,0.99,False,0.99,False,0.99,"post-hoc, exploratory; designed and selected on training only"
cfb_20250914_navy_tlsa,CFB,,1.75782026e+18,NAVY,same,1.0,-203.075567,,False,0.99,False,0.99,False,0.99,"post-hoc, exploratory; designed and selected on training only"
cfb_20250913_wsu_unt,CFB,,1.757803514e+18,UNT,same,1.0,-141.256221,,False,0.99,False,0.99,False,0.99,"post-hoc, exploratory; designed and selected on training only"
cfb_20250913_ark_miss,CFB,,1.757817738e+18,MISS,same,1.0,369.536521,9.061616,False,0.99,False,0.99,False,0.99,"post-hoc, exploratory; designed and selected on training only"
cfb_20250913_ysu_msu,CFB,,1.757804236e+18,MSU,same,1.0,-823.333792,,False,0.99,False,0.99,False,0.99,"post-hoc, exploratory; designed and selected on training only"
cfb_20250913_clem_gt,CFB,,1.757791404e+18,GT,same,1.0,355.370262,0.206578,False,0.99,False,0.99,False,0.99,"post-hoc, exploratory; designed and selected on training only"
cfb_20250913_van_scar,CFB,,1.757819023e+18,VAN,same,1.0,381.304309,77.254616,False,0.99,False,0.99,False,0.99,"post-hoc, exploratory; designed and selected on training only"
cfb_20250913_fau_fiu,CFB,,1.757822263e+18,FIU,same,1.0,96.762251,96.762251,False,0.99,False,0.99,False,0.99,"post-hoc, exploratory; designed and selected on training only"
cfb_20250913_orst_ttu,CFB,,1.757813677e+18,TTU,same,1.0,-4382.107836,,False,0.99,False,0.99,False,0.99,"post-hoc, exploratory; designed and selected on training only"
cfb_20250913_mrmk_kenn,CFB,,1.757813261e+18,KENN,same,1.0,-1027.15093,,False,0.99,False,0.99,False,0.99,"post-hoc, exploratory; designed and selected on training only"
cfb_20250913_ore_nw,CFB,,1.757790712e+18,ORE,same,1.0,90.215246,,False,0.99,False,0.99,False,0.99,"post-hoc, exploratory; designed and selected on training only"
cfb_20250913_usc_pur,CFB,,1.757815372e+18,USC,same,1.0,85.137924,85.137924,False,0.99,False,0.99,False,0.99,"post-hoc, exploratory; designed and selected on training only"
cfb_20250913_odu_vt,CFB,,1.757817232e+18,ODU,same,1.0,107.885675,107.885675,False,0.99,False,0.99,False,0.99,"post-hoc, exploratory; designed and selected on training only"
cfb_20250913_conn_del,CFB,play or score after marker,,,,,,,,,,,,,"post-hoc, exploratory; designed and selected on training only"
cfb_20250913_pv_rice,CFB,,1.757817046e+18,RICE,same,1.0,-8012.53786,,False,0.97,False,0.97,False,0.97,"post-hoc, exploratory; designed and selected on training only"
cfb_20250913_nmsu_lt,CFB,,1.757818779e+18,LT,same,1.0,-1340.378985,,False,0.99,False,0.99,False,0.99,"post-hoc, exploratory; designed and selected on training only"
cfb_20250913_murr_gast,CFB,,1.757816684e+18,GAST,same,1.0,-1487.408566,,False,0.98,False,0.98,False,0.98,"post-hoc, exploratory; designed and selected on training only"
cfb_20250913_emu_uk,CFB,,1.757818854e+18,UK,same,1.0,-1076.150432,,False,0.99,False,0.99,False,0.99,"post-hoc, exploratory; designed and selected on training only"
cfb_20250913_jvst_gaso,CFB,,1.757816673e+18,GASO,same,1.0,402.053946,177.06254,False,0.99,False,0.99,False,0.99,"post-hoc, exploratory; designed and selected on training only"
cfb_20250914_bc_stan,CFB,,1.757741958e+18,STAN,same,1.0,86465.864876,85706.893183,True,,True,,True,,"post-hoc, exploratory; designed and selected on training only"
cfb_20250914_afa_usu,CFB,no untied end marker,,,,,,,,,,,,,"post-hoc, exploratory; designed and selected on training only"
cfb_20250913_lib_bgsu,CFB,,1.757809608e+18,BGSU,same,1.0,-278.880373,,False,0.99,False,0.99,False,0.99,"post-hoc, exploratory; designed and selected on training only"
cfb_20250913_morg_tol,CFB,,1.757801534e+18,TOL,same,1.0,2327.091287,,False,0.99,False,0.99,False,0.99,"post-hoc, exploratory; designed and selected on training only"
cfb_20250914_akr_uab,CFB,,1.757736198e+18,UAB,same,1.0,86479.36035,86288.26594,True,,True,,True,,"post-hoc, exploratory; designed and selected on training only"
cfb_20250913_alcn_msst,CFB,play or score after marker,,,,,,,,,,,,,"post-hoc, exploratory; designed and selected on training only"
cfb_20250913_hcu_neb,CFB,,1.757791467e+18,NEB,same,1.0,-608.416241,,False,0.99,False,0.99,False,0.99,"post-hoc, exploratory; designed and selected on training only"
cfb_20250913_tows_md,CFB,,1.757791554e+18,MD,same,1.0,-816.73916,,False,0.99,False,0.99,False,0.99,"post-hoc, exploratory; designed and selected on training only"
cfb_20250913_wmu_ill,CFB,,1.757816347e+18,ILL,same,1.0,-1967.448363,,False,0.99,False,0.99,False,0.99,"post-hoc, exploratory; designed and selected on training only"
cfb_20250913_norf_rutg,CFB,,1.757805006e+18,RUTG,same,1.0,67.373385,,False,0.99,False,0.99,False,0.99,"post-hoc, exploratory; designed and selected on training only"
cfb_20250913_rich_unc,CFB,,1.757802591e+18,UNC,same,1.0,160.402404,,False,0.99,False,0.99,False,0.99,"post-hoc, exploratory; designed and selected on training only"
cfb_20250913_sam_bay,CFB,play or score after marker,,,,,,,,,,,,,"post-hoc, exploratory; designed and selected on training only"
cfb_20250913_app_usm,CFB,,1.757816952e+18,USM,same,1.0,1079.504658,245.210463,False,0.99,False,0.99,False,0.99,"post-hoc, exploratory; designed and selected on training only"
cfb_20250913_vill_psu,CFB,,1.757805086e+18,PSU,same,1.0,-149.573242,,False,0.99,False,0.99,False,0.99,"post-hoc, exploratory; designed and selected on training only"
cfb_20250913_wm_uva,CFB,,1.757790766e+18,UVA,same,1.0,-208.906331,,False,0.99,False,0.99,False,0.99,"post-hoc, exploratory; designed and selected on training only"
nfl_20250914_jac_cin,NFL,,1.757880781e+18,CIN,same,1.0,164.872174,0.166259,False,0.99,False,0.99,False,0.99,"post-hoc, exploratory; designed and selected on training only"
nfl_20250914_cle_bal,NFL,,1.757880501e+18,BAL,same,1.0,143.791831,18.632789,False,0.99,False,0.99,False,0.99,"post-hoc, exploratory; designed and selected on training only"
nfl_20250915_atl_min,NFL,,1.757906234e+18,ATL,same,1.0,186.862339,12.406164,False,0.99,False,0.99,False,0.99,"post-hoc, exploratory; designed and selected on training only"
nfl_20250914_car_ari,NFL,,1.757892086e+18,ARI,same,1.0,233.435602,0.881381,False,0.99,False,0.99,False,0.99,"post-hoc, exploratory; designed and selected on training only"
nfl_20250914_chi_det,NFL,,1.757880934e+18,DET,same,1.0,269.341063,35.002354,False,0.99,False,0.99,False,0.99,"post-hoc, exploratory; designed and selected on training only"
nfl_20250914_ne_mia,NFL,,1.75788052e+18,NE,same,1.0,451.841673,0.1009,False,0.99,False,0.99,False,0.99,"post-hoc, exploratory; designed and selected on training only"
nfl_20250914_sf_no,NFL,,1.757880529e+18,SF,same,1.0,698.343617,7.374773,False,0.99,False,0.99,False,0.99,"post-hoc, exploratory; designed and selected on training only"
nfl_20250914_nyg_dal,NFL,,1.757882651e+18,DAL,same,1.0,86.217145,6.496846,False,0.99,False,0.99,False,0.99,"post-hoc, exploratory; designed and selected on training only"
nfl_20250914_sea_pit,NFL,,1.757879875e+18,SEA,same,1.0,579.871548,3.8459,False,0.99,False,0.99,False,0.99,"post-hoc, exploratory; designed and selected on training only"
nfl_20250914_la_ten,NFL,,1.75788053e+18,LA,same,1.0,845.824643,76.38574,False,0.97,False,0.99,False,0.99,"post-hoc, exploratory; designed and selected on training only"
cfb_20250914_prst_haw,CFB,,1.757748131e+18,HAW,same,1.0,86049.809394,68985.992535,True,,True,,True,,"post-hoc, exploratory; designed and selected on training only"
nfl_20250914_den_ind,NFL,,1.757891278e+18,IND,same,1.0,173.01196,10.69915,False,0.99,False,0.99,False,0.99,"post-hoc, exploratory; designed and selected on training only"
nfl_20250914_phi_kc,NFL,,1.757892061e+18,PHI,same,1.0,190.206821,1.582662,False,0.99,False,0.99,False,0.99,"post-hoc, exploratory; designed and selected on training only"
nfl_20250914_buf_nyj,NFL,,1.757880119e+18,BUF,same,1.0,229.873324,22.695745,False,0.99,False,0.99,False,0.99,"post-hoc, exploratory; designed and selected on training only"
nfl_20250916_lac_lv,NFL,,1.757998687e+18,LAC,same,1.0,151.436344,0.358794,False,0.99,False,0.99,False,0.99,"post-hoc, exploratory; designed and selected on training only"
nfl_20250915_tb_hou,NFL,,1.757987974e+18,TB,same,1.0,267.652946,14.006137,False,0.99,False,0.99,False,0.99,"post-hoc, exploratory; designed and selected on training only"
cfb_20250918_rice_char,CFB,,1.758250647e+18,RICE,same,1.0,185.081169,27.540532,False,0.99,False,0.99,False,0.99,"post-hoc, exploratory; designed and selected on training only"
nfl_20250919_mia_buf,NFL,,1.758251409e+18,BUF,same,1.0,325.430694,1.516694,False,0.99,False,0.99,False,0.99,"post-hoc, exploratory; designed and selected on training only"
cfb_20250920_iowa_rutg,CFB,,1.758339152e+18,IOWA,same,1.0,178.819233,0.811899,False,0.99,False,0.99,False,0.99,"post-hoc, exploratory; designed and selected on training only"
cfb_20250919_tlsa_okst,CFB,no untied end marker,,,,,,,,,,,,,"post-hoc, exploratory; designed and selected on training only"
cfb_20250920_tuln_miss,CFB,,1.758409157e+18,MISS,same,1.0,-122.435611,,False,0.99,False,0.99,False,0.99,"post-hoc, exploratory; designed and selected on training only"
cfb_20250920_md_wis,CFB,no untied end marker,,,,,,,,,,,,,"post-hoc, exploratory; designed and selected on training only"
cfb_20250920_duq_akr,CFB,no untied end marker,,,,,,,,,,,,,"post-hoc, exploratory; designed and selected on training only"
cfb_20250920_bsu_afa,CFB,play or score after marker,,,,,,,,,,,,,"post-hoc, exploratory; designed and selected on training only"
cfb_20250920_pur_nd,CFB,,1.758414945e+18,ND,same,1.0,-492.909239,,False,0.99,False,0.99,False,0.99,"post-hoc, exploratory; designed and selected on training only"
cfb_20250921_mcns_usu,CFB,no untied end marker,,,,,,,,,,,,,"post-hoc, exploratory; designed and selected on training only"
cfb_20250921_cal_sdsu,CFB,,1.75834741e+18,SDSU,same,1.0,86702.700092,83217.566286,True,,True,,True,,"post-hoc, exploratory; designed and selected on training only"
cfb_20250920_bgsu_lou,CFB,,1.758396338e+18,LOU,same,1.0,-160.211174,,False,0.99,False,0.99,False,0.99,"post-hoc, exploratory; designed and selected on training only"
cfb_20250920_ull_emu,CFB,,1.758409542e+18,EMU,same,1.0,234.404212,71.094165,False,0.99,False,0.99,False,0.99,"post-hoc, exploratory; designed and selected on training only"
cfb_20250920_jmu_lib,CFB,,1.758408932e+18,JMU,same,1.0,-250.557847,,False,0.99,False,0.99,False,0.99,"post-hoc, exploratory; designed and selected on training only"
cfb_20250920_wash_wsu,CFB,,1.758423047e+18,WASH,same,1.0,-231.575549,,False,0.99,False,0.99,False,0.99,"post-hoc, exploratory; designed and selected on training only"
cfb_20250920_niu_msst,CFB,,1.758410856e+18,MSST,same,1.0,-251.932894,,False,0.99,False,0.99,False,0.99,"post-hoc, exploratory; designed and selected on training only"
cfb_20250920_wag_cmu,CFB,,1.758399142e+18,CMU,same,1.0,-828.395983,,False,0.96,False,0.96,False,0.96,"post-hoc, exploratory; designed and selected on training only"
cfb_20250920_nev_wku,CFB,,1.758421252e+18,WKU,same,1.0,-370.594062,,False,0.99,False,0.99,False,0.99,"post-hoc, exploratory; designed and selected on training only"
cfb_20250920_ball_conn,CFB,,1.758408221e+18,CONN,same,1.0,122.314776,122.314776,False,0.99,False,0.99,False,0.99,"post-hoc, exploratory; designed and selected on training only"
cfb_20250920_byu_ecu,CFB,,1.758421114e+18,BYU,same,1.0,3133.058776,209.380571,True,0.97,True,0.97,True,0.99,"post-hoc, exploratory; designed and selected on training only"
cfb_20250920_ark_mem,CFB,,1.758397051e+18,MEM,same,1.0,81.729487,3.158657,False,0.99,False,0.99,False,0.99,"post-hoc, exploratory; designed and selected on training only"
cfb_20250920_ccar_usa,CFB,,1.758421216e+18,CCAR,same,1.0,42.935853,7.021066,False,0.99,False,0.99,False,0.99,"post-hoc, exploratory; designed and selected on training only"
cfb_20250921_nich_txst,CFB,play or score after marker,,,,,,,,,,,,,"post-hoc, exploratory; designed and selected on training only"
cfb_20250920_wvu_ku,CFB,,1.758418296e+18,KU,same,1.0,-776.063475,,False,0.99,False,0.99,False,0.99,"post-hoc, exploratory; designed and selected on training only"
cfb_20250920_me_gaso,CFB,,1.758421094e+18,GASO,same,1.0,-2602.344765,,False,0.99,False,0.99,False,0.99,"post-hoc, exploratory; designed and selected on training only"
cfb_20250920_ill_ind,CFB,,1.758423409e+18,IND,same,1.0,197.093978,174.535376,False,0.99,False,0.99,False,0.99,"post-hoc, exploratory; designed and selected on training only"
cfb_20250920_utm_mosu,CFB,play or score after marker,,,,,,,,,,,,,"post-hoc, exploratory; designed and selected on training only"
cfb_20250920_kent_fsu,CFB,,1.75841029e+18,FSU,same,1.0,-956.039654,,False,0.99,False,0.99,False,0.99,"post-hoc, exploratory; designed and selected on training only"
cfb_20250920_webb_ohio,CFB,play or score after marker,,,,,,,,,,,,,"post-hoc, exploratory; designed and selected on training only"
cfb_20250920_unlv_oh,CFB,,1.758397128e+18,UNLV,same,1.0,425.691648,11.250551,False,0.99,False,0.99,False,0.99,"post-hoc, exploratory; designed and selected on training only"
cfb_20250920_usm_lt,CFB,,1.758423118e+18,LT,same,1.0,-2291.677297,,False,0.98,False,0.98,False,0.98,"post-hoc, exploratory; designed and selected on training only"
cfb_20250920_scar_mizz,CFB,play or score after marker,,,,,,,,,,,,,"post-hoc, exploratory; designed and selected on training only"
cfb_20250920_syr_clem,CFB,,1.758404079e+18,SYR,same,1.0,-2079.008434,,False,0.97,False,0.97,False,0.97,"post-hoc, exploratory; designed and selected on training only"
cfb_20250920_fla_mia,CFB,,1.758424186e+18,MIA,same,1.0,33.95499,33.95499,False,0.99,False,0.99,False,0.99,"post-hoc, exploratory; designed and selected on training only"
cfb_20250920_sela_lsu,CFB,,1.758423564e+18,LSU,same,1.0,-819.658849,,False,0.99,False,0.99,False,0.99,"post-hoc, exploratory; designed and selected on training only"
cfb_20250920_del_fiu,CFB,,1.758416829e+18,DEL,same,1.0,-171.837421,,False,0.99,False,0.99,False,0.99,"post-hoc, exploratory; designed and selected on training only"
cfb_20250921_utsa_csu,CFB,play or score after marker,,,,,,,,,,,,,"post-hoc, exploratory; designed and selected on training only"
cfb_20250920_arst_kenn,CFB,,1.758418567e+18,KENN,same,1.0,17.774162,17.774162,False,0.99,False,0.99,False,0.99,"post-hoc, exploratory; designed and selected on training only"
cfb_20250921_ulm_utep,CFB,,1.758342475e+18,ULM,same,1.0,86664.023459,81789.289373,True,,True,,True,,"post-hoc, exploratory; designed and selected on training only"
cfb_20250920_orst_ore,CFB,,1.758403612e+18,ORE,same,1.0,2462.715216,125.310512,False,0.99,False,0.99,False,0.99,"post-hoc, exploratory; designed and selected on training only"
cfb_20250920_tem_gt,CFB,,1.75841403e+18,GT,same,1.0,-55.208364,,False,0.99,False,0.99,False,0.99,"post-hoc, exploratory; designed and selected on training only"
cfb_20250920_ttu_utah,CFB,no untied end marker,,,,,,,,,,,,,"post-hoc, exploratory; designed and selected on training only"
cfb_20250921_shsu_tex,CFB,,1.758423987e+18,TEX,same,1.0,-542.025707,,False,0.99,False,0.99,False,0.99,"post-hoc, exploratory; designed and selected on training only"
cfb_20250920_mich_neb,CFB,play or score after marker,,,,,,,,,,,,,"post-hoc, exploratory; designed and selected on training only"
cfb_20250920_unt_army,CFB,no untied end marker,,,,,,,,,,,,,"post-hoc, exploratory; designed and selected on training only"
cfb_20250921_wyo_colo,CFB,,1.758347507e+18,COLO,same,1.0,86620.501031,78884.111602,True,,True,,True,,"post-hoc, exploratory; designed and selected on training only"
cfb_20250920_unc_ucf,CFB,,1.758409802e+18,UCF,same,1.0,-239.271364,,False,0.99,False,0.99,False,0.99,"post-hoc, exploratory; designed and selected on training only"
cfb_20250920_idho_sjsu,CFB,,1.758413711e+18,SJSU,same,1.0,547.465886,7.953318,False,0.99,False,0.99,False,0.99,"post-hoc, exploratory; designed and selected on training only"
cfb_20250920_asu_bay,CFB,,1.758423926e+18,ASU,same,1.0,88.585791,1.373465,False,0.99,False,0.99,False,0.99,"post-hoc, exploratory; designed and selected on training only"
cfb_20250920_aub_okla,CFB,,1.758410776e+18,OKLA,same,1.0,165.108046,1.281077,False,0.99,False,0.99,False,0.99,"post-hoc, exploratory; designed and selected on training only"
cfb_20250920_scst_usf,CFB,,1.758396872e+18,USF,same,1.0,-2373.025695,,False,0.99,False,0.99,False,0.99,"post-hoc, exploratory; designed and selected on training only"
cfb_20250920_gast_van,CFB,,1.758426168e+18,VAN,same,1.0,-137.428929,,False,0.99,False,0.99,False,0.99,"post-hoc, exploratory; designed and selected on training only"
cfb_20250920_troy_buff,CFB,no untied end marker,,,,,,,,,,,,,"post-hoc, exploratory; designed and selected on training only"
cfb_20250920_stan_uva,CFB,,1.758422728e+18,UVA,same,1.0,-3.049869,,False,0.99,False,0.99,False,0.99,"post-hoc, exploratory; designed and selected on training only"
cfb_20250920_ncst_duke,CFB,play or score after marker,,,,,,,,,,,,,"post-hoc, exploratory; designed and selected on training only"
cfb_20250920_smu_tcu,CFB,,1.75839671e+18,TCU,same,1.0,22.861408,22.208735,False,0.99,False,0.99,False,0.99,"post-hoc, exploratory; designed and selected on training only"
cfb_20250920_wof_vt,CFB,,1.758395468e+18,VT,same,1.0,-1598.887624,,False,0.99,False,0.99,False,0.99,"post-hoc, exploratory; designed and selected on training only"
cfb_20250921_msu_usc,CFB,,1.758362404e+18,USC,same,1.0,75617.816745,70106.641381,True,,True,,True,,"post-hoc, exploratory; designed and selected on training only"
cfb_20250920_tol_wmu,CFB,,1.758408844e+18,WMU,same,1.0,72.15742,12.204454,False,0.99,False,0.99,False,0.99,"post-hoc, exploratory; designed and selected on training only"
cfb_20250920_murr_jvst,CFB,play or score after marker,,,,,,,,,,,,,"post-hoc, exploratory; designed and selected on training only"
cfb_20250920_uab_tenn,CFB,,1.758399023e+18,TENN,same,1.0,-525.772859,,False,0.99,False,0.99,False,0.99,"post-hoc, exploratory; designed and selected on training only"
cfb_20250920_mrsh_mtu,CFB,,1.758342515e+18,MRSH,same,1.0,84675.643177,,True,,True,,True,,"post-hoc, exploratory; designed and selected on training only"
nfl_20250921_nyj_tb,NFL,,1.758486013e+18,TB,same,1.0,101.215703,6.856149,False,0.99,False,0.99,False,0.99,"post-hoc, exploratory; designed and selected on training only"
nfl_20250922_kc_nyg,NFL,,1.758511729e+18,KC,same,1.0,108.394751,3.916453,False,0.99,False,0.99,False,0.99,"post-hoc, exploratory; designed and selected on training only"
nfl_20250921_hou_jac,NFL,,1.758485386e+18,JAC,same,1.0,78.187708,7.477157,False,0.99,False,0.99,False,0.99,"post-hoc, exploratory; designed and selected on training only"
cfb_20250921_fres_haw,CFB,,1.758350361e+18,FRES,same,1.0,89363.267391,87583.673389,True,,True,,True,,"post-hoc, exploratory; designed and selected on training only"
nfl_20250921_dal_chi,NFL,,1.758496628e+18,CHI,same,1.0,202.120508,0.530541,False,0.99,False,0.99,False,0.99,"post-hoc, exploratory; designed and selected on training only"
nfl_20250921_la_phi,NFL,,1.758485149e+18,PHI,same,1.0,319.008976,10.798644,True,0.8,False,0.99,False,0.99,"post-hoc, exploratory; designed and selected on training only"
nfl_20250921_cin_min,NFL,,1.758485569e+18,MIN,same,1.0,152.967847,4.472812,False,0.99,False,0.99,False,0.99,"post-hoc, exploratory; designed and selected on training only"
nfl_20250921_ari_sf,NFL,,1.758496797e+18,SF,same,1.0,161.800929,4.117495,False,0.99,False,0.99,False,0.99,"post-hoc, exploratory; designed and selected on training only"
nfl_20250921_no_sea,NFL,,1.758495934e+18,SEA,same,1.0,266.026071,119.103998,False,0.99,False,0.99,False,0.99,"post-hoc, exploratory; designed and selected on training only"
nfl_20250921_ind_ten,NFL,,1.7584849e+18,IND,same,1.0,203.374727,60.582976,False,0.99,False,0.99,False,0.99,"post-hoc, exploratory; designed and selected on training only"
nfl_20250921_atl_car,NFL,,1.758484347e+18,CAR,same,1.0,530.917714,8.804593,False,0.99,False,0.99,False,0.99,"post-hoc, exploratory; designed and selected on training only"
nfl_20250921_gb_cle,NFL,,1.758485104e+18,CLE,same,1.0,357.100441,9.954135,False,0.99,False,0.99,False,0.99,"post-hoc, exploratory; designed and selected on training only"
nfl_20250921_lv_was,NFL,,1.758485294e+18,WAS,same,1.0,151.729404,10.843123,False,0.99,False,0.99,False,0.99,"post-hoc, exploratory; designed and selected on training only"
nfl_20250921_pit_ne,NFL,,1.758484449e+18,PIT,same,1.0,432.842309,0.013064,False,0.99,False,0.99,False,0.99,"post-hoc, exploratory; designed and selected on training only"
nfl_20250921_den_lac,NFL,,1.758496498e+18,LAC,same,1.0,334.963724,1.013999,False,0.99,False,0.99,False,0.99,"post-hoc, exploratory; designed and selected on training only"
nfl_20250923_det_bal,NFL,,1.758597542e+18,DET,same,1.0,91.444502,1.597804,False,0.99,False,0.99,False,0.99,"post-hoc, exploratory; designed and selected on training only"
cfb_20250925_army_ecu,CFB,,1.758854685e+18,ECU,same,1.0,313.908922,14.012855,False,0.99,False,0.99,False,0.99,"post-hoc, exploratory; designed and selected on training only"
nfl_20250926_sea_ari,NFL,,1.758856626e+18,SEA,same,1.0,208.569378,4.849626,False,0.99,False,0.99,False,0.99,"post-hoc, exploratory; designed and selected on training only"
cfb_20250927_hou_orst,CFB,no untied end marker,,,,,,,,,,,,,"post-hoc, exploratory; designed and selected on training only"
cfb_20250926_fsu_uva,CFB,no untied end marker,,,,,,,,,,,,,"post-hoc, exploratory; designed and selected on training only"
cfb_20250927_tcu_asu,CFB,,1.758861993e+18,ASU,same,1.0,86731.678181,86288.207816,True,,True,,True,,"post-hoc, exploratory; designed and selected on training only"
cfb_20250927_usu_van,CFB,play or score after marker,,,,,,,,,,,,,"post-hoc, exploratory; designed and selected on training only"
cfb_20250927_uk_scar,CFB,,1.759028813e+18,SCAR,same,1.0,149.810397,40.039389,False,0.99,False,0.99,False,0.99,"post-hoc, exploratory; designed and selected on training only"
cfb_20250927_duke_syr,CFB,,1.759000426e+18,DUKE,same,1.0,-28.164334,,False,0.99,False,0.99,False,0.99,"post-hoc, exploratory; designed and selected on training only"
cfb_20250927_mass_mizz,CFB,,1.759027576e+18,MIZZ,same,1.0,-2740.343099,,False,0.99,False,0.99,False,0.99,"post-hoc, exploratory; designed and selected on training only"
cfb_20250927_mem_fau,CFB,,1.759027121e+18,MEM,same,1.0,54.423035,31.951283,False,0.99,False,0.99,False,0.99,"post-hoc, exploratory; designed and selected on training only"
cfb_20250927_ariz_isu,CFB,,1.759027008e+18,ISU,same,1.0,102.332797,102.332797,False,0.99,False,0.99,False,0.99,"post-hoc, exploratory; designed and selected on training only"
cfb_20250927_lou_pitt,CFB,,1.759002464e+18,LOU,same,1.0,126.571514,3.4151,False,0.99,False,0.99,False,0.99,"post-hoc, exploratory; designed and selected on training only"
cfb_20250927_sjsu_stan,CFB,,1.759029423e+18,STAN,same,1.0,3458.107169,0.696572,False,0.99,False,0.99,False,0.99,"post-hoc, exploratory; designed and selected on training only"
cfb_20250927_ind_iowa,CFB,,1.759014176e+18,IND,same,1.0,178.105675,27.117489,False,0.99,False,0.99,False,0.99,"post-hoc, exploratory; designed and selected on training only"
cfb_20250927_ucla_nw,CFB,,1.75901302e+18,NW,same,1.0,51.92553,12.846496,False,0.99,False,0.99,False,0.99,"post-hoc, exploratory; designed and selected on training only"
cfb_20250927_ucf_ksu,CFB,no untied end marker,,,,,,,,,,,,,"post-hoc, exploratory; designed and selected on training only"
cfb_20250927_tuln_tlsa,CFB,,1.759013356e+18,TULN,same,1.0,3110.765089,,False,0.99,False,0.99,False,0.99,"post-hoc, exploratory; designed and selected on training only"
cfb_20250927_rutg_minn,CFB,,1.75900102e+18,MINN,same,1.0,30.17101,8.616885,False,0.99,False,0.99,False,0.99,"post-hoc, exploratory; designed and selected on training only"
cfb_20250927_cin_ku,CFB,,1.759001936e+18,CIN,same,1.0,170.536691,5.724845,False,0.99,False,0.99,False,0.99,"post-hoc, exploratory; designed and selected on training only"
cfb_20250927_bay_okst,CFB,no untied end marker,,,,,,,,,,,,,"post-hoc, exploratory; designed and selected on training only"
cfb_20250927_cal_bc,CFB,no untied end marker,,,,,,,,,,,,,"post-hoc, exploratory; designed and selected on training only"
cfb_20250927_arst_ulm,CFB,,1.759011704e+18,ULM,same,1.0,182.294945,108.807144,False,0.99,False,0.99,False,0.99,"post-hoc, exploratory; designed and selected on training only"
cfb_20250927_nd_ark,CFB,,1.75900127e+18,ND,same,1.0,207.039359,7.398435,False,0.99,False,0.99,False,0.99,"post-hoc, exploratory; designed and selected on training only"
cfb_20250927_aub_txam,CFB,no untied end marker,,,,,,,,,,,,,"post-hoc, exploratory; designed and selected on training only"
cfb_20250928_lt_utep,CFB,,1.75894651e+18,LT,same,1.0,86427.255972,84718.486702,True,,True,,True,,"post-hoc, exploratory; designed and selected on training only"
cfb_20250927_vt_ncst,CFB,,1.759026616e+18,VT,same,1.0,380.037954,2.253693,False,0.99,False,0.99,False,0.99,"post-hoc, exploratory; designed and selected on training only"
cfb_20250927_mtu_kenn,CFB,,1.759022082e+18,KENN,same,1.0,37.964709,35.012922,False,0.99,False,0.99,False,0.99,"post-hoc, exploratory; designed and selected on training only"
cfb_20250927_linw_oh,CFB,,1.759012962e+18,M-OH,same,1.0,-1770.615714,,False,0.98,False,0.98,False,0.98,"post-hoc, exploratory; designed and selected on training only"
cfb_20250927_wsu_csu,CFB,,1.759027636e+18,WSU,same,1.0,-100.581757,,False,0.99,False,0.99,False,0.99,"post-hoc, exploratory; designed and selected on training only"
cfb_20250927_akr_tol,CFB,,1.759013167e+18,TOL,same,1.0,-24.09203,,False,0.99,False,0.99,False,0.99,"post-hoc, exploratory; designed and selected on training only"
cfb_20250927_uri_wmu,CFB,,1.759023504e+18,WMU,same,1.0,-754.016225,,False,0.98,False,0.98,False,0.98,"post-hoc, exploratory; designed and selected on training only"
cfb_20250927_osu_wash,CFB,,1.759012573e+18,OSU,same,1.0,284.90506,14.697175,False,0.99,False,0.99,False,0.99,"post-hoc, exploratory; designed and selected on training only"
cfb_20250927_ore_psu,CFB,no untied end marker,,,,,,,,,,,,,"post-hoc, exploratory; designed and selected on training only"
cfb_20250927_nmsu_unm,CFB,,1.759015193e+18,UNM,same,1.0,-45.963559,,False,0.99,False,0.99,False,0.99,"post-hoc, exploratory; designed and selected on training only"
cfb_20250927_utah_wvu,CFB,,1.75901329e+18,UTAH,same,1.0,-60.550947,,False,0.99,False,0.99,False,0.99,"post-hoc, exploratory; designed and selected on training only"
cfb_20250927_wku_mosu,CFB,,1.759027226e+18,WKU,same,1.0,-37.575062,,False,0.99,False,0.99,False,0.99,"post-hoc, exploratory; designed and selected on training only"
cfb_20250927_tenn_msst,CFB,no untied end marker,,,,,,,,,,,,,"post-hoc, exploratory; designed and selected on training only"
cfb_20250927_rice_navy,CFB,,1.759013435e+18,NAVY,same,1.0,-111.461541,,False,0.99,False,0.99,False,0.99,"post-hoc, exploratory; designed and selected on training only"
cfb_20250927_usc_ill,CFB,play or score after marker,,,,,,,,,,,,,"post-hoc, exploratory; designed and selected on training only"
cfb_20250928_mrsh_ull,CFB,no untied end marker,,,,,,,,,,,,,"post-hoc, exploratory; designed and selected on training only"
cfb_20250927_lsu_miss,CFB,,1.759015696e+18,MISS,same,1.0,160.354651,2.383066,False,0.99,False,0.99,False,0.99,"post-hoc, exploratory; designed and selected on training only"
cfb_20250927_gt_wake,CFB,no untied end marker,,,,,,,,,,,,,"post-hoc, exploratory; designed and selected on training only"
cfb_20250927_gaso_jmu,CFB,,1.759005782e+18,JMU,same,1.0,-1120.386457,,False,0.97,False,0.97,False,0.97,"post-hoc, exploratory; designed and selected on training only"
cfb_20250927_usa_unt,CFB,,1.759001306e+18,UNT,same,1.0,160.259171,107.873421,False,0.99,False,0.99,False,0.99,"post-hoc, exploratory; designed and selected on training only"
cfb_20250928_byu_colo,CFB,,1.758951039e+18,BYU,same,1.0,86685.434164,86286.876533,True,,True,,True,,"post-hoc, exploratory; designed and selected on training only"
cfb_20250927_ala_uga,CFB,,1.75902923e+18,ALA,same,1.0,105.045001,0.173247,False,0.99,False,0.99,False,0.99,"post-hoc, exploratory; designed and selected on training only"
cfb_20250927_bgsu_ohio,CFB,,1.759001073e+18,OHIO,same,1.0,7.19344,,False,0.99,False,0.99,False,0.99,"post-hoc, exploratory; designed and selected on training only"
cfb_20250927_sdsu_niu,CFB,no untied end marker,,,,,,,,,,,,,"post-hoc, exploratory; designed and selected on training only"
cfb_20250927_lib_odu,CFB,play or score after marker,,,,,,,,,,,,,"post-hoc, exploratory; designed and selected on training only"
cfb_20250927_haw_afa,CFB,,1.759012298e+18,HAW,same,1.0,3184.040551,2388.330269,True,0.93,True,0.86,True,0.91,"post-hoc, exploratory; designed and selected on training only"
cfb_20250927_app_bsu,CFB,play or score after marker,,,,,,,,,,,,,"post-hoc, exploratory; designed and selected on training only"
cfb_20250927_emu_cmu,CFB,play or score after marker,,,,,,,,,,,,,"post-hoc, exploratory; designed and selected on training only"
cfb_20250927_jvst_usm,CFB,play or score after marker,,,,,,,,,,,,,"post-hoc, exploratory; designed and selected on training only"
cfb_20250927_conn_buff,CFB,no untied end marker,,,,,,,,,,,,,"post-hoc, exploratory; designed and selected on training only"
nfl_20250928_ten_hou,NFL,,1.75908895e+18,HOU,same,1.0,75.346405,46.029119,False,0.99,False,0.99,False,0.99,"post-hoc, exploratory; designed and selected on training only"
nfl_20250928_ind_la,NFL,,1.75910055e+18,LA,same,1.0,185.319033,1.431355,False,0.99,False,0.99,False,0.99,"post-hoc, exploratory; designed and selected on training only"
nfl_20250929_gb_dal,NFL,no untied end marker,,,,,,,,,,,,,"post-hoc, exploratory; designed and selected on training only"
nfl_20250928_bal_kc,NFL,,1.759101677e+18,KC,same,1.0,245.590715,7.952781,False,0.99,False,0.99,False,0.99,"post-hoc, exploratory; designed and selected on training only"
nfl_20250928_cle_det,NFL,,1.759090035e+18,DET,same,1.0,206.038045,9.445166,False,0.99,False,0.99,False,0.99,"post-hoc, exploratory; designed and selected on training only"
nfl_20250928_chi_lv,NFL,,1.759101979e+18,CHI,same,1.0,313.514793,0.053098,False,0.99,False,0.99,False,0.99,"post-hoc, exploratory; designed and selected on training only"
nfl_20250928_car_ne,NFL,,1.759089574e+18,NE,same,1.0,59.67006,58.359555,False,0.99,False,0.99,False,0.99,"post-hoc, exploratory; designed and selected on training only"
nfl_20250928_jac_sf,NFL,,1.759101189e+18,JAC,same,1.0,148.766048,4.102147,False,0.99,False,0.99,False,0.99,"post-hoc, exploratory; designed and selected on training only"
nfl_20250928_phi_tb,NFL,,1.759090826e+18,PHI,same,1.0,311.67801,10.557182,False,0.99,False,0.99,False,0.99,"post-hoc, exploratory; designed and selected on training only"
nfl_20250928_lac_nyg,NFL,,1.759090483e+18,NYG,same,1.0,65.801845,12.902093,False,0.99,False,0.99,False,0.99,"post-hoc, exploratory; designed and selected on training only"
nfl_20250928_min_pit,NFL,,1.759078068e+18,PIT,same,1.0,161.921537,1.205579,False,0.99,False,0.99,False,0.99,"post-hoc, exploratory; designed and selected on training only"
nfl_20250928_no_buf,NFL,,1.759090187e+18,BUF,same,1.0,348.371966,32.219315,False,0.99,False,0.99,False,0.99,"post-hoc, exploratory; designed and selected on training only"
nfl_20250928_was_atl,NFL,,1.759089592e+18,ATL,same,1.0,62.886622,5.014404,False,0.99,False,0.99,False,0.99,"post-hoc, exploratory; designed and selected on training only"
nfl_20250930_cin_den,NFL,,1.759202035e+18,DEN,same,1.0,84.698288,64.204132,False,0.99,False,0.99,False,0.99,"post-hoc, exploratory; designed and selected on training only"
nfl_20250929_nyj_mia,NFL,,1.759198601e+18,MIA,same,1.0,236.956176,1.416223,False,0.99,False,0.99,False,0.99,"post-hoc, exploratory; designed and selected on training only"
nfl_20251003_sf_la,NFL,,1.759462648e+18,SF,same,1.0,190.749603,17.117603,False,0.99,False,0.99,False,0.99,"post-hoc, exploratory; designed and selected on training only"
cfb_20251003_shsu_nmsu,CFB,,1.759377864e+18,NMSU,same,1.0,86469.740976,84373.33372,True,,True,,True,,"post-hoc, exploratory; designed and selected on training only"
cfb_20251004_wvu_byu,CFB,,1.759471047e+18,BYU,same,1.0,86542.384436,78515.741613,True,,True,,True,,"post-hoc, exploratory; designed and selected on training only"
cfb_20251004_unm_sjsu,CFB,,1.759469289e+18,SJSU,same,1.0,86557.903926,83482.684303,True,,True,,True,,"post-hoc, exploratory; designed and selected on training only"
cfb_20251004_csu_sdsu,CFB,play or score after marker,,,,,,,,,,,,,"post-hoc, exploratory; designed and selected on training only"
cfb_20251003_char_usf,CFB,,1.759546647e+18,USF,same,1.0,-251.993549,,False,0.99,False,0.99,False,0.99,"post-hoc, exploratory; designed and selected on training only"
cfb_20251003_wku_del,CFB,,1.759543044e+18,WKU,same,1.0,1395.849465,370.44742,True,0.77,True,0.8,True,0.84,"post-hoc, exploratory; designed and selected on training only"
cfb_20251004_wash_md,CFB,play or score after marker,,,,,,,,,,,,,"post-hoc, exploratory; designed and selected on training only"
cfb_20251004_emu_buff,CFB,play or score after marker,,,,,,,,,,,,,"post-hoc, exploratory; designed and selected on training only"
cfb_20251004_usa_troy,CFB,no untied end marker,,,,,,,,,,,,,"post-hoc, exploratory; designed and selected on training only"
cfb_20251005_duke_cal,CFB,,1.759557532e+18,DUKE,same,1.0,86507.214431,84888.302585,True,,True,,True,,"post-hoc, exploratory; designed and selected on training only"
cfb_20251004_txst_arst,CFB,no untied end marker,,,,,,,,,,,,,"post-hoc, exploratory; designed and selected on training only"
cfb_20251004_ccar_odu,CFB,play or score after marker,,,,,,,,,,,,,"post-hoc, exploratory; designed and selected on training only"
cfb_20251004_bsu_nd,CFB,,1.759618295e+18,ND,same,1.0,100.300945,16.034414,False,0.99,False,0.99,False,0.99,"post-hoc, exploratory; designed and selected on training only"
cfb_20251004_isu_cin,CFB,,1.759607545e+18,CIN,same,1.0,226.585637,1.275023,False,0.99,False,0.99,False,0.99,"post-hoc, exploratory; designed and selected on training only"
cfb_20251004_psu_ucla,CFB,no untied end marker,,,,,,,,,,,,,"post-hoc, exploratory; designed and selected on training only"
cfb_20251004_tex_fla,CFB,,1.759619343e+18,FLA,same,1.0,114.963802,2.841133,False,0.99,False,0.99,False,0.99,"post-hoc, exploratory; designed and selected on training only"
cfb_20251004_fau_rice,CFB,play or score after marker,,,,,,,,,,,,,"post-hoc, exploratory; designed and selected on training only"
cfb_20251004_oh_niu,CFB,,1.759618464e+18,M-OH,same,1.0,-7.672543,,False,0.99,False,0.99,False,0.99,"post-hoc, exploratory; designed and selected on training only"
cfb_20251004_cmu_akr,CFB,no untied end marker,,,,,,,,,,,,,"post-hoc, exploratory; designed and selected on training only"
cfb_20251005_tlsa_mem,CFB,play or score after marker,,,,,,,,,,,,,"post-hoc, exploratory; designed and selected on training only"
cfb_20251004_wmu_mass,CFB,,1.759613886e+18,WMU,same,1.0,-175.794575,,False,0.99,False,0.99,False,0.99,"post-hoc, exploratory; designed and selected on training only"
cfb_20251004_unlv_wyo,CFB,play or score after marker,,,,,,,,,,,,,"post-hoc, exploratory; designed and selected on training only"
cfb_20251004_uk_uga,CFB,,1.75960605e+18,UGA,same,1.0,245.788401,82.586136,False,0.99,False,0.99,False,0.99,"post-hoc, exploratory; designed and selected on training only"
cfb_20251004_clem_unc,CFB,,1.75960656e+18,CLEM,same,1.0,281.234364,23.7641,False,0.99,False,0.99,False,0.99,"post-hoc, exploratory; designed and selected on training only"
cfb_20251004_ill_pur,CFB,,1.759606293e+18,ILL,same,1.0,293.403151,30.752295,False,0.99,False,0.99,False,0.99,"post-hoc, exploratory; designed and selected on training only"
cfb_20251004_army_uab,CFB,,1.759605567e+18,ARMY,same,1.0,253.433174,253.433174,False,0.99,False,0.99,False,0.99,"post-hoc, exploratory; designed and selected on training only"
cfb_20251004_fiu_conn,CFB,,1.759619085e+18,CONN,same,1.0,-98.044515,,False,0.99,False,0.99,False,0.99,"post-hoc, exploratory; designed and selected on training only"
cfb_20251004_ohio_ball,CFB,,1.759606082e+18,BALL,same,1.0,175.83669,25.232273,False,0.99,False,0.99,False,0.99,"post-hoc, exploratory; designed and selected on training only"
cfb_20251005_nev_fres,CFB,play or score after marker,,,,,,,,,,,,,"post-hoc, exploratory; designed and selected on training only"
cfb_20251004_colo_tcu,CFB,,1.759634134e+18,TCU,same,1.0,302.425885,4.903997,False,0.99,False,0.99,False,0.99,"post-hoc, exploratory; designed and selected on training only"
cfb_20251004_ku_ucf,CFB,play or score after marker,,,,,,,,,,,,,"post-hoc, exploratory; designed and selected on training only"
cfb_20251004_msu_neb,CFB,play or score after marker,,,,,,,,,,,,,"post-hoc, exploratory; designed and selected on training only"
cfb_20251004_okst_ariz,CFB,play or score after marker,,,,,,,,,,,,,"post-hoc, exploratory; designed and selected on training only"
cfb_20251004_wis_mich,CFB,,1.759605456e+18,MICH,same,1.0,101.852198,23.403852,False,0.99,False,0.99,False,0.99,"post-hoc, exploratory; designed and selected on training only"
cfb_20251004_kent_okla,CFB,,1.759619894e+18,OKLA,same,1.0,-940.941411,,False,0.99,False,0.99,False,0.99,"post-hoc, exploratory; designed and selected on training only"
cfb_20251004_bc_pitt,CFB,,1.759605913e+18,PITT,same,1.0,368.062605,3.137566,False,0.99,False,0.99,False,0.99,"post-hoc, exploratory; designed and selected on training only"
cfb_20251004_jmu_gast,CFB,play or score after marker,,,,,,,,,,,,,"post-hoc, exploratory; designed and selected on training only"
cfb_20251004_wake_vt,CFB,,1.759610386e+18,WAKE,same,1.0,100.748653,4.002086,False,0.99,False,0.99,False,0.99,"post-hoc, exploratory; designed and selected on training only"
cfb_20251004_camp_ncst,CFB,play or score after marker,,,,,,,,,,,,,"post-hoc, exploratory; designed and selected on training only"
cfb_20251004_utsa_tem,CFB,,1.759609698e+18,TEM,same,1.0,162.609111,1.799249,False,0.99,False,0.99,False,0.99,"post-hoc, exploratory; designed and selected on training only"
cfb_20251004_uva_lou,CFB,no untied end marker,,,,,,,,,,,,,"post-hoc, exploratory; designed and selected on training only"
cfb_20251004_syr_smu,CFB,,1.759618798e+18,SMU,same,1.0,-313.878427,,False,0.99,False,0.99,False,0.99,"post-hoc, exploratory; designed and selected on training only"
cfb_20251004_ttu_hou,CFB,play or score after marker,,,,,,,,,,,,,"post-hoc, exploratory; designed and selected on training only"
cfb_20251004_ksu_bay,CFB,,1.759606702e+18,BAY,same,1.0,312.259043,0.099521,False,0.99,False,0.99,False,0.99,"post-hoc, exploratory; designed and selected on training only"
cfb_20251004_ulm_nw,CFB,no untied end marker,,,,,,,,,,,,,"post-hoc, exploratory; designed and selected on training only"
cfb_20251004_minn_osu,CFB,play or score after marker,,,,,,,,,,,,,"post-hoc, exploratory; designed and selected on training only"
cfb_20251004_msst_txam,CFB,no untied end marker,,,,,,,,,,,,,"post-hoc, exploratory; designed and selected on training only"
cfb_20251004_afa_navy,CFB,,1.759605234e+18,NAVY,same,1.0,50.387464,50.387464,False,0.99,False,0.99,False,0.99,"post-hoc, exploratory; designed and selected on training only"
cfb_20251004_orst_app,CFB,,1.759618808e+18,APP,same,1.0,78.651567,3.593146,False,0.99,False,0.99,False,0.99,"post-hoc, exploratory; designed and selected on training only"
cfb_20251004_mia_fsu,CFB,,1.759634295e+18,MIA,same,1.0,148.300949,1.606031,False,0.99,False,0.99,False,0.99,"post-hoc, exploratory; designed and selected on training only"
cfb_20251004_van_ala,CFB,,1.759619424e+18,ALA,same,1.0,23.735841,5.703128,False,0.99,False,0.99,False,0.99,"post-hoc, exploratory; designed and selected on training only"
nfl_20251005_lv_ind,NFL,,1.75969412e+18,IND,same,1.0,320.730279,26.612507,False,0.99,False,0.99,False,0.99,"post-hoc, exploratory; designed and selected on training only"
nfl_20251005_den_phi,NFL,,1.759695678e+18,DEN,same,1.0,271.139477,11.602614,False,0.99,False,0.99,False,0.99,"post-hoc, exploratory; designed and selected on training only"
nfl_20251005_nyg_no,NFL,,1.759694856e+18,NO,same,1.0,195.169548,2.232811,False,0.99,False,0.99,False,0.99,"post-hoc, exploratory; designed and selected on training only"
nfl_20251005_det_cin,NFL,,1.759706771e+18,DET,same,1.0,231.75642,26.720252,False,0.99,False,0.99,False,0.99,"post-hoc, exploratory; designed and selected on training only"
nfl_20251005_ten_ari,NFL,,1.759706275e+18,TEN,same,1.0,339.581599,4.95634,False,0.99,False,0.99,False,0.99,"post-hoc, exploratory; designed and selected on training only"
nfl_20251005_tb_sea,NFL,,1.759705245e+18,TB,same,1.0,302.26886,10.757952,False,0.99,False,0.99,False,0.99,"post-hoc, exploratory; designed and selected on training only"
nfl_20251005_min_cle,NFL,,1.759682477e+18,MIN,same,1.0,266.636335,19.900766,False,0.99,False,0.99,False,0.99,"post-hoc, exploratory; designed and selected on training only"
nfl_20251005_hou_bal,NFL,,1.759693948e+18,HOU,same,1.0,193.928931,71.081414,False,0.99,False,0.99,False,0.99,"post-hoc, exploratory; designed and selected on training only"
nfl_20251006_ne_buf,NFL,,1.759721245e+18,NE,same,1.0,322.9611,11.317572,False,0.99,False,0.99,False,0.99,"post-hoc, exploratory; designed and selected on training only"
nfl_20251005_dal_nyj,NFL,,1.759695187e+18,DAL,same,1.0,162.803963,2.196951,False,0.99,False,0.99,False,0.99,"post-hoc, exploratory; designed and selected on training only"
nfl_20251005_mia_car,NFL,,1.759694981e+18,CAR,same,1.0,72.072853,0.190694,False,0.99,False,0.99,False,0.99,"post-hoc, exploratory; designed and selected on training only"
nfl_20251005_was_lac,NFL,,1.759706523e+18,WAS,same,1.0,209.821786,5.020858,False,0.99,False,0.99,False,0.99,"post-hoc, exploratory; designed and selected on training only"
nfl_20251007_kc_jac,NFL,,1.759806897e+18,JAC,same,1.0,340.174329,0.080612,False,0.99,False,0.99,False,0.99,"post-hoc, exploratory; designed and selected on training only"
cfb_20251008_mosu_mtu,CFB,no untied end marker,,,,,,,,,,,,,"post-hoc, exploratory; designed and selected on training only"
cfb_20251009_lib_utep,CFB,,1.75998017e+18,LIB,same,1.0,400.42849,343.133966,False,0.99,False,0.99,False,0.99,"post-hoc, exploratory; designed and selected on training only"
cfb_20251009_ecu_tuln,CFB,,1.760065045e+18,TULN,same,1.0,174.051071,0.768574,False,0.91,False,0.99,False,0.99,"post-hoc, exploratory; designed and selected on training only"
nfl_20251010_phi_nyg,NFL,,1.760066095e+18,NYG,same,1.0,124.797502,0.390793,False,0.99,False,0.99,False,0.99,"post-hoc, exploratory; designed and selected on training only"
cfb_20251010_jvst_shsu,CFB,,1.760064096e+18,JVST,same,1.0,4767.757429,2979.668296,True,0.54,True,0.54,True,0.7,"post-hoc, exploratory; designed and selected on training only"
cfb_20251010_usm_gaso,CFB,,1.760068001e+18,USM,same,1.0,191.176805,15.358309,False,0.99,False,0.99,False,0.99,"post-hoc, exploratory; designed and selected on training only"
cfb_20251009_lt_kenn,CFB,,1.760062684e+18,KENN,same,1.0,254.404676,165.663453,False,0.99,False,0.99,False,0.99,"post-hoc, exploratory; designed and selected on training only"
cfb_20251010_usf_unt,CFB,play or score after marker,,,,,,,,,,,,,"post-hoc, exploratory; designed and selected on training only"
cfb_20251011_rutg_wash,CFB,,1.760070443e+18,WASH,same,1.0,86602.304027,85033.534115,True,,True,,True,,"post-hoc, exploratory; designed and selected on training only"
cfb_20251011_fres_csu,CFB,play or score after marker,,,,,,,,,,,,,"post-hoc, exploratory; designed and selected on training only"
cfb_20251011_wake_orst,CFB,,1.76022394e+18,WAKE,same,1.0,-49.920614,,False,0.99,False,0.99,False,0.99,"post-hoc, exploratory; designed and selected on training only"
cfb_20251011_mass_kent,CFB,no untied end marker,,,,,,,,,,,,,"post-hoc, exploratory; designed and selected on training only"
cfb_20251011_hou_okst,CFB,no untied end marker,,,,,,,,,,,,,"post-hoc, exploratory; designed and selected on training only"
cfb_20251011_ucf_cin,CFB,,1.760210979e+18,CIN,same,1.0,110.427327,,False,0.99,False,0.99,False,0.99,"post-hoc, exploratory; designed and selected on training only"
cfb_20251011_navy_tem,CFB,,1.760225342e+18,NAVY,same,1.0,3437.588453,3.536458,False,0.99,False,0.99,False,0.99,"post-hoc, exploratory; designed and selected on training only"
cfb_20251011_char_army,CFB,,1.760208996e+18,ARMY,same,1.0,-2530.081918,,False,0.99,False,0.99,False,0.99,"post-hoc, exploratory; designed and selected on training only"
cfb_20251011_stan_smu,CFB,,1.760211092e+18,SMU,same,1.0,290.011605,7.158531,False,0.99,False,0.99,False,0.99,"post-hoc, exploratory; designed and selected on training only"
cfb_20251011_sjsu_wyo,CFB,play or score after marker,,,,,,,,,,,,,"post-hoc, exploratory; designed and selected on training only"
cfb_20251011_vt_gt,CFB,,1.760222671e+18,GT,same,1.0,159.412869,51.907057,False,0.99,False,0.99,False,0.99,"post-hoc, exploratory; designed and selected on training only"
cfb_20251011_iowa_wis,CFB,,1.760235091e+18,IOWA,same,1.0,-55.341934,,False,0.99,False,0.99,False,0.99,"post-hoc, exploratory; designed and selected on training only"
cfb_20251011_odu_mrsh,CFB,no untied end marker,,,,,,,,,,,,,"post-hoc, exploratory; designed and selected on training only"
cfb_20251011_clem_bc,CFB,,1.760237466e+18,CLEM,same,1.0,-1110.173279,,False,0.99,False,0.99,False,0.99,"post-hoc, exploratory; designed and selected on training only"
cfb_20251011_tcu_ksu,CFB,,1.76022464e+18,KSU,same,1.0,213.428128,29.722651,False,0.99,False,0.99,False,0.99,"post-hoc, exploratory; designed and selected on training only"
cfb_20251011_afa_unlv,CFB,,1.760224529e+18,UNLV,same,1.0,84.599593,1.408342,False,0.99,False,0.99,False,0.99,"post-hoc, exploratory; designed and selected on training only"
cfb_20251012_unm_bsu,CFB,,1.760159964e+18,BSU,same,1.0,86492.256594,83865.046327,True,,True,,True,,"post-hoc, exploratory; designed and selected on training only"
cfb_20251012_troy_txst,CFB,no untied end marker,,,,,,,,,,,,,"post-hoc, exploratory; designed and selected on training only"
cfb_20251011_niu_emu,CFB,,1.760213323e+18,EMU,same,1.0,444.416891,2.636088,False,0.99,False,0.99,False,0.99,"post-hoc, exploratory; designed and selected on training only"
cfb_20251011_ku_ttu,CFB,,1.760238425e+18,TTU,same,1.0,136.121414,83.671952,False,0.99,False,0.99,False,0.99,"post-hoc, exploratory; designed and selected on training only"
cfb_20251011_ull_jmu,CFB,,1.760212091e+18,JMU,same,1.0,-113.329369,,False,0.99,False,0.99,False,0.99,"post-hoc, exploratory; designed and selected on training only"
cfb_20251011_ucla_msu,CFB,no untied end marker,,,,,,,,,,,,,"post-hoc, exploratory; designed and selected on training only"
cfb_20251011_ncst_nd,CFB,,1.760223804e+18,ND,same,1.0,30.21193,,False,0.99,False,0.99,False,0.99,"post-hoc, exploratory; designed and selected on training only"
cfb_20251011_okla_tex,CFB,,1.760223438e+18,TEX,same,1.0,312.805431,4.400212,False,0.99,False,0.99,False,0.99,"post-hoc, exploratory; designed and selected on training only"
cfb_20251012_sdsu_nev,CFB,,1.760161548e+18,SDSU,same,1.0,86251.941343,78115.234377,True,,True,,True,,"post-hoc, exploratory; designed and selected on training only"
cfb_20251011_scar_lsu,CFB,play or score after marker,,,,,,,,,,,,,"post-hoc, exploratory; designed and selected on training only"
cfb_20251012_byu_ariz,CFB,no untied end marker,,,,,,,,,,,,,"post-hoc, exploratory; designed and selected on training only"
cfb_20251011_uab_fau,CFB,play or score after marker,,,,,,,,,,,,,"post-hoc, exploratory; designed and selected on training only"
cfb_20251011_ind_ore,CFB,,1.760224265e+18,IND,same,1.0,348.63135,2.007272,False,0.99,False,0.99,False,0.99,"post-hoc, exploratory; designed and selected on training only"
cfb_20251011_tol_bgsu,CFB,,1.760211912e+18,BGSU,same,1.0,350.116182,17.429753,False,0.99,False,0.99,False,0.99,"post-hoc, exploratory; designed and selected on training only"
cfb_20251011_isu_colo,CFB,,1.760223633e+18,COLO,same,1.0,118.755828,2.729612,False,0.99,False,0.99,False,0.99,"post-hoc, exploratory; designed and selected on training only"
cfb_20251011_app_gast,CFB,,1.760224352e+18,APP,same,1.0,172.153069,172.153069,False,0.99,False,0.99,False,0.99,"post-hoc, exploratory; designed and selected on training only"
cfb_20251011_pur_minn,CFB,,1.760238887e+18,MINN,same,1.0,250.91667,25.044363,False,0.99,False,0.99,False,0.99,"post-hoc, exploratory; designed and selected on training only"
cfb_20251011_fla_txam,CFB,no untied end marker,,,,,,,,,,,,,"post-hoc, exploratory; designed and selected on training only"
cfb_20251012_asu_utah,CFB,no untied end marker,,,,,,,,,,,,,"post-hoc, exploratory; designed and selected on training only"
cfb_20251011_pitt_fsu,CFB,play or score after marker,,,,,,,,,,,,,"post-hoc, exploratory; designed and selected on training only"
cfb_20251011_wsu_miss,CFB,play or score after marker,,,,,,,,,,,,,"post-hoc, exploratory; designed and selected on training only"
cfb_20251011_osu_ill,CFB,play or score after marker,,,,,,,,,,,,,"post-hoc, exploratory; designed and selected on training only"
cfb_20251011_rice_utsa,CFB,,1.760238138e+18,UTSA,same,1.0,-251.397786,,False,0.99,False,0.99,False,0.99,"post-hoc, exploratory; designed and selected on training only"
cfb_20251011_neb_md,CFB,play or score after marker,,,,,,,,,,,,,"post-hoc, exploratory; designed and selected on training only"
cfb_20251011_ark_tenn,CFB,,1.76022701e+18,TENN,same,1.0,320.673277,12.72042,False,0.99,False,0.99,False,0.99,"post-hoc, exploratory; designed and selected on training only"
cfb_20251011_ball_wmu,CFB,,1.760219871e+18,WMU,same,1.0,2109.608136,2109.608136,False,0.99,False,0.99,False,0.99,"post-hoc, exploratory; designed and selected on training only"
cfb_20251011_uga_aub,CFB,,1.760239683e+18,UGA,same,1.0,258.040052,3.276162,False,0.99,False,0.99,False,0.99,"post-hoc, exploratory; designed and selected on training only"
cfb_20251011_oh_akr,CFB,,1.760210133e+18,M-OH,same,1.0,223.826748,,False,0.99,False,0.99,False,0.99,"post-hoc, exploratory; designed and selected on training only"
cfb_20251011_ala_mizz,CFB,,1.760211259e+18,ALA,same,1.0,153.287519,0.290727,False,0.99,False,0.99,False,0.99,"post-hoc, exploratory; designed and selected on training only"
cfb_20251011_nw_psu,CFB,no untied end marker,,,,,,,,,,,,,"post-hoc, exploratory; designed and selected on training only"
cfb_20251011_ulm_ccar,CFB,,1.760235492e+18,CCAR,same,1.0,-548.300414,,False,0.97,False,0.97,False,0.97,"post-hoc, exploratory; designed and selected on training only"
cfb_20251011_mich_usc,CFB,,1.760237566e+18,USC,same,1.0,259.029702,159.131334,False,0.99,False,0.99,False,0.99,"post-hoc, exploratory; designed and selected on training only"
nfl_20251012_dal_car,NFL,,1.760299403e+18,CAR,same,1.0,167.347917,6.81183,False,0.99,False,0.99,False,0.99,"post-hoc, exploratory; designed and selected on training only"
nfl_20251012_sea_jac,NFL,,1.760299505e+18,SEA,same,1.0,355.478372,0.947216,False,0.99,False,0.99,False,0.99,"post-hoc, exploratory; designed and selected on training only"
nfl_20251012_lac_mia,NFL,,1.760299266e+18,LAC,same,1.0,287.957147,2.768733,False,0.99,False,0.99,False,0.99,"post-hoc, exploratory; designed and selected on training only"
nfl_20251012_cin_gb,NFL,,1.760310961e+18,GB,same,1.0,251.37955,26.376347,False,0.99,False,0.99,False,0.99,"post-hoc, exploratory; designed and selected on training only"
nfl_20251012_ari_ind,NFL,,1.760299488e+18,IND,same,1.0,81.861462,1.375816,False,0.99,False,0.99,False,0.99,"post-hoc, exploratory; designed and selected on training only"
nfl_20251012_den_nyj,NFL,,1.760286809e+18,DEN,same,1.0,219.186671,0.905115,False,0.99,False,0.99,False,0.99,"post-hoc, exploratory; designed and selected on training only"
nfl_20251012_la_bal,NFL,,1.760298723e+18,LA,same,1.0,224.667018,47.6755,False,0.99,False,0.99,False,0.99,"post-hoc, exploratory; designed and selected on training only"
nfl_20251012_cle_pit,NFL,,1.760300331e+18,PIT,same,1.0,134.655468,55.614237,False,0.99,False,0.99,False,0.99,"post-hoc, exploratory; designed and selected on training only"
nfl_20251012_ten_lv,NFL,,1.760309721e+18,LV,same,1.0,352.216721,48.938553,False,0.99,False,0.99,False,0.99,"post-hoc, exploratory; designed and selected on training only"
nfl_20251012_sf_tb,NFL,,1.760311264e+18,TB,same,1.0,272.245914,1.651269,False,0.99,False,0.99,False,0.99,"post-hoc, exploratory; designed and selected on training only"
nfl_20251013_det_kc,NFL,,1.760324868e+18,KC,same,1.0,175.469976,2.019008,False,0.99,False,0.99,False,0.99,"post-hoc, exploratory; designed and selected on training only"
nfl_20251012_ne_no,NFL,,1.760299423e+18,NE,same,1.0,148.092095,6.060017,False,0.99,False,0.99,False,0.99,"post-hoc, exploratory; designed and selected on training only"
cfb_20251012_usu_haw,CFB,play or score after marker,,,,,,,,,,,,,"post-hoc, exploratory; designed and selected on training only"
nfl_20251013_buf_atl,NFL,,1.760408523e+18,ATL,same,1.0,219.137328,0.311214,False,0.99,False,0.99,False,0.99,"post-hoc, exploratory; designed and selected on training only"
nfl_20251014_chi_was,NFL,,1.760411968e+18,CHI,same,1.0,146.103917,5.870788,False,0.99,False,0.99,False,0.99,"post-hoc, exploratory; designed and selected on training only"
cfb_20251015_fiu_wku,CFB,no untied end marker,,,,,,,,,,,,,"post-hoc, exploratory; designed and selected on training only"
cfb_20251014_arst_usa,CFB,no untied end marker,,,,,,,,,,,,,"post-hoc, exploratory; designed and selected on training only"
cfb_20251014_nmsu_lib,CFB,no untied end marker,,,,,,,,,,,,,"post-hoc, exploratory; designed and selected on training only"
cfb_20251015_del_jvst,CFB,play or score after marker,,,,,,,,,,,,,"post-hoc, exploratory; designed and selected on training only"
cfb_20251015_utep_shsu,CFB,no untied end marker,,,,,,,,,,,,,"post-hoc, exploratory; designed and selected on training only"
cfb_20251016_tlsa_ecu,CFB,,1.760671579e+18,ECU,same,1.0,213.501067,,False,0.99,False,0.99,False,0.99,"post-hoc, exploratory; designed and selected on training only"
nfl_20251017_pit_cin,NFL,,1.76067169e+18,CIN,same,1.0,166.82312,13.396274,False,0.99,False,0.99,False,0.99,"post-hoc, exploratory; designed and selected on training only"
cfb_20251017_lou_mia,CFB,play or score after marker,,,,,,,,,,,,,"post-hoc, exploratory; designed and selected on training only"
cfb_20251018_neb_minn,CFB,play or score after marker,,,,,,,,,,,,,"post-hoc, exploratory; designed and selected on training only"
cfb_20251018_unc_cal,CFB,,1.760681726e+18,CAL,same,1.0,86467.670746,85954.388051,True,,True,,True,,"post-hoc, exploratory; designed and selected on training only"
cfb_20251018_sjsu_usu,CFB,no untied end marker,,,,,,,,,,,,,"post-hoc, exploratory; designed and selected on training only"
cfb_20251018_wash_mich,CFB,,1.760814246e+18,MICH,same,1.0,1315.161773,31.819415,False,0.99,False,0.99,False,0.99,"post-hoc, exploratory; designed and selected on training only"
cfb_20251018_okla_scar,CFB,,1.760818106e+18,OKLA,same,1.0,123.081904,46.109919,False,0.99,False,0.99,False,0.99,"post-hoc, exploratory; designed and selected on training only"
cfb_20251018_tenn_ala,CFB,,1.760844011e+18,ALA,same,1.0,85.727129,0.800929,False,0.99,False,0.99,False,0.99,"post-hoc, exploratory; designed and selected on training only"
cfb_20251018_usm_ull,CFB,,1.760832933e+18,USM,same,1.0,48.680447,48.680447,False,0.99,False,0.99,False,0.99,"post-hoc, exploratory; designed and selected on training only"
cfb_20251018_msst_fla,CFB,,1.760831296e+18,FLA,same,1.0,159.159482,0.180037,False,0.99,False,0.99,False,0.99,"post-hoc, exploratory; designed and selected on training only"
cfb_20251018_osu_wis,CFB,play or score after marker,,,,,,,,,,,,,"post-hoc, exploratory; designed and selected on training only"
cfb_20251018_tem_char,CFB,play or score after marker,,,,,,,,,,,,,"post-hoc, exploratory; designed and selected on training only"
cfb_20251018_emu_oh,CFB,play or score after marker,,,,,,,,,,,,,"post-hoc, exploratory; designed and selected on training only"
cfb_20251018_fau_usf,CFB,,1.760843408e+18,USF,same,1.0,-1262.871215,,False,0.99,False,0.99,False,0.99,"post-hoc, exploratory; designed and selected on training only"
cfb_20251019_fsu_stan,CFB,,1.760768259e+18,STAN,same,1.0,86594.260479,85325.199031,True,,True,,True,,"post-hoc, exploratory; designed and selected on training only"
cfb_20251018_pur_nw,CFB,,1.760825687e+18,NW,same,1.0,66.809057,4.564713,False,0.99,False,0.99,False,0.99,"post-hoc, exploratory; designed and selected on training only"
cfb_20251018_wvu_ucf,CFB,,1.760819587e+18,UCF,same,1.0,-21.122384,,False,0.99,False,0.99,False,0.99,"post-hoc, exploratory; designed and selected on training only"
cfb_20251018_wsu_uva,CFB,,1.760838862e+18,UVA,same,1.0,96.736506,1.524235,False,0.99,False,0.99,False,0.99,"post-hoc, exploratory; designed and selected on training only"
cfb_20251018_mem_uab,CFB,,1.760830362e+18,UAB,same,1.0,211.475605,10.344237,False,0.99,False,0.99,False,0.99,"post-hoc, exploratory; designed and selected on training only"
cfb_20251018_tex_uk,CFB,no untied end marker,,,,,,,,,,,,,"post-hoc, exploratory; designed and selected on training only"
cfb_20251018_pitt_syr,CFB,play or score after marker,,,,,,,,,,,,,"post-hoc, exploratory; designed and selected on training only"
cfb_20251018_wyo_afa,CFB,no untied end marker,,,,,,,,,,,,,"post-hoc, exploratory; designed and selected on training only"
cfb_20251019_nev_unm,CFB,,1.760764662e+18,UNM,same,1.0,86574.414121,86275.913246,True,,True,,True,,"post-hoc, exploratory; designed and selected on training only"
cfb_20251018_ariz_hou,CFB,,1.760812381e+18,HOU,same,1.0,2911.780642,2615.231667,True,0.82,True,0.79,True,0.74,"post-hoc, exploratory; designed and selected on training only"
cfb_20251018_niu_ohio,CFB,play or score after marker,,,,,,,,,,,,,"post-hoc, exploratory; designed and selected on training only"
cfb_20251018_ccar_app,CFB,play or score after marker,,,,,,,,,,,,,"post-hoc, exploratory; designed and selected on training only"
cfb_20251019_laf_orst,CFB,,1.760766073e+18,ORST,same,1.0,86201.029606,83455.763741,True,,True,,True,,"post-hoc, exploratory; designed and selected on training only"
cfb_20251018_akr_ball,CFB,play or score after marker,,,,,,,,,,,,,"post-hoc, exploratory; designed and selected on training only"
cfb_20251018_utsa_unt,CFB,,1.760829129e+18,UNT,same,1.0,2071.701968,1536.481336,False,0.99,False,0.99,False,0.99,"post-hoc, exploratory; designed and selected on training only"
cfb_20251018_buff_mass,CFB,,1.760825414e+18,BUFF,same,1.0,67.734898,67.734898,False,0.99,False,0.99,False,0.99,"post-hoc, exploratory; designed and selected on training only"
cfb_20251018_gt_duke,CFB,,1.760816087e+18,GT,same,1.0,115.730602,1.038636,False,0.99,False,0.99,False,0.99,"post-hoc, exploratory; designed and selected on training only"
cfb_20251018_md_ucla,CFB,no untied end marker,,,,,,,,,,,,,"post-hoc, exploratory; designed and selected on training only"
cfb_20251018_ttu_asu,CFB,,1.760831507e+18,ASU,same,1.0,265.811192,0.353366,False,0.99,False,0.99,False,0.99,"post-hoc, exploratory; designed and selected on training only"
cfb_20251018_cmu_bgsu,CFB,,1.760814867e+18,CMU,same,1.0,-350.513252,,False,0.99,False,0.99,False,0.99,"post-hoc, exploratory; designed and selected on training only"
cfb_20251018_kent_tol,CFB,play or score after marker,,,,,,,,,,,,,"post-hoc, exploratory; designed and selected on training only"
cfb_20251018_mizz_aub,CFB,no untied end marker,,,,,,,,,,,,,"post-hoc, exploratory; designed and selected on training only"
cfb_20251018_ore_rutg,CFB,,1.760838962e+18,ORE,same,1.0,170.572846,170.572846,False,0.99,False,0.99,False,0.99,"post-hoc, exploratory; designed and selected on training only"
cfb_20251018_txam_ark,CFB,,1.76083566e+18,TXAM,same,1.0,308.749764,17.172895,False,0.99,False,0.99,False,0.99,"post-hoc, exploratory; designed and selected on training only"
cfb_20251019_cin_okst,CFB,no untied end marker,,,,,,,,,,,,,"post-hoc, exploratory; designed and selected on training only"
cfb_20251018_haw_csu,CFB,,1.760840249e+18,HAW,same,1.0,90.014284,90.014284,False,0.99,False,0.99,False,0.99,"post-hoc, exploratory; designed and selected on training only"
cfb_20251018_smu_clem,CFB,,1.760828748e+18,SMU,same,1.0,343.421386,4.551276,False,0.99,False,0.99,False,0.99,"post-hoc, exploratory; designed and selected on training only"
cfb_20251018_conn_bc,CFB,no untied end marker,,,,,,,,,,,,,"post-hoc, exploratory; designed and selected on training only"
cfb_20251018_lsu_van,CFB,,1.760815352e+18,VAN,same,1.0,228.997997,5.792863,False,0.99,False,0.99,False,0.99,"post-hoc, exploratory; designed and selected on training only"
cfb_20251018_txst_mrsh,CFB,no untied end marker,,,,,,,,,,,,,"post-hoc, exploratory; designed and selected on training only"
cfb_20251018_usc_nd,CFB,,1.760843466e+18,ND,same,1.0,38.436177,19.935687,False,0.99,False,0.99,False,0.99,"post-hoc, exploratory; designed and selected on training only"
cfb_20251018_gast_gaso,CFB,play or score after marker,,,,,,,,,,,,,"post-hoc, exploratory; designed and selected on training only"
cfb_20251018_odu_jmu,CFB,play or score after marker,,,,,,,,,,,,,"post-hoc, exploratory; designed and selected on training only"
cfb_20251019_utah_byu,CFB,play or score after marker,,,,,,,,,,,,,"post-hoc, exploratory; designed and selected on training only"
cfb_20251018_bay_tcu,CFB,no untied end marker,,,,,,,,,,,,,"post-hoc, exploratory; designed and selected on training only"
cfb_20251018_miss_uga,CFB,,1.760828356e+18,UGA,same,1.0,159.750231,5.834884,False,0.99,False,0.99,False,0.99,"post-hoc, exploratory; designed and selected on training only"
cfb_20251018_army_tuln,CFB,,1.760815646e+18,TULN,same,1.0,187.842806,7.804132,False,0.99,False,0.99,False,0.99,"post-hoc, exploratory; designed and selected on training only"
cfb_20251018_troy_ulm,CFB,,1.7608259e+18,TROY,same,1.0,47.896133,47.896133,False,0.99,False,0.99,False,0.99,"post-hoc, exploratory; designed and selected on training only"
cfb_20251018_unlv_bsu,CFB,play or score after marker,,,,,,,,,,,,,"post-hoc, exploratory; designed and selected on training only"
cfb_20251018_msu_ind,CFB,,1.760828301e+18,IND,same,1.0,169.765256,169.765256,False,0.99,False,0.99,False,0.99,"post-hoc, exploratory; designed and selected on training only"
cfb_20251018_psu_iowa,CFB,,1.76084e+18,IOWA,same,1.0,491.384263,0.096933,True,0.97,True,0.97,False,0.99,"post-hoc, exploratory; designed and selected on training only"
nfl_20251019_la_jac,NFL,,1.760892566e+18,LA,same,1.0,37.435399,0.82379,False,0.99,False,0.99,False,0.99,"post-hoc, exploratory; designed and selected on training only"
nfl_20251019_gb_ari,NFL,,1.760916705e+18,GB,same,1.0,228.742665,0.299897,False,0.99,False,0.99,False,0.99,"post-hoc, exploratory; designed and selected on training only"
nfl_20251019_phi_min,NFL,,1.760904493e+18,PHI,same,1.0,163.539177,1.287439,False,0.99,False,0.99,False,0.99,"post-hoc, exploratory; designed and selected on training only"
nfl_20251019_ne_ten,NFL,,1.760903056e+18,NE,same,1.0,83.601197,1.943081,False,0.99,False,0.99,False,0.99,"post-hoc, exploratory; designed and selected on training only"
nfl_20251019_was_dal,NFL,,1.760916889e+18,DAL,same,1.0,322.146269,0.423906,False,0.99,False,0.99,False,0.99,"post-hoc, exploratory; designed and selected on training only"
nfl_20251019_mia_cle,NFL,,1.760904093e+18,CLE,same,1.0,217.427491,19.994815,False,0.99,False,0.99,False,0.99,"post-hoc, exploratory; designed and selected on training only"
nfl_20251019_car_nyj,NFL,,1.760904416e+18,CAR,same,1.0,240.026759,2.137637,False,0.99,False,0.99,False,0.99,"post-hoc, exploratory; designed and selected on training only"
nfl_20251019_nyg_den,NFL,,1.760917084e+18,DEN,same,1.0,147.982805,4.468731,False,0.99,False,0.99,False,0.99,"post-hoc, exploratory; designed and selected on training only"
nfl_20251020_atl_sf,NFL,,1.760930271e+18,SF,same,1.0,163.626275,0.930001,False,0.99,False,0.99,False,0.99,"post-hoc, exploratory; designed and selected on training only"
nfl_20251019_lv_kc,NFL,,1.760903012e+18,KC,same,1.0,44.90967,44.90967,False,0.99,False,0.99,False,0.99,"post-hoc, exploratory; designed and selected on training only"
nfl_20251019_ind_lac,NFL,,1.760915661e+18,IND,same,1.0,80.098345,2.460201,False,0.99,False,0.99,False,0.99,"post-hoc, exploratory; designed and selected on training only"
nfl_20251019_no_chi,NFL,,1.760903907e+18,CHI,same,1.0,134.383417,55.900915,False,0.99,False,0.99,False,0.99,"post-hoc, exploratory; designed and selected on training only"
nfl_20251020_tb_det,NFL,,1.761013206e+18,DET,same,1.0,319.893839,0.95346,False,0.99,False,0.99,False,0.99,"post-hoc, exploratory; designed and selected on training only"
nfl_20251021_hou_sea,NFL,,1.761024542e+18,SEA,same,1.0,101.818246,6.16002,False,0.99,False,0.99,False,0.99,"post-hoc, exploratory; designed and selected on training only"
cfb_20251021_kenn_fiu,CFB,,1.761101272e+18,KENN,same,1.0,41.591803,9.728152,False,0.99,False,0.99,False,0.99,"post-hoc, exploratory; designed and selected on training only"
cfb_20251021_wku_lt,CFB,no untied end marker,,,,,,,,,,,,,"post-hoc, exploratory; designed and selected on training only"
cfb_20251022_mtu_del,CFB,,1.761190048e+18,DEL,same,1.0,137.299366,2.653654,False,0.99,False,0.99,False,0.99,"post-hoc, exploratory; designed and selected on training only"
cfb_20251023_mosu_nmsu,CFB,no untied end marker,,,,,,,,,,,,,"post-hoc, exploratory; designed and selected on training only"
cfb_20251023_usa_gast,CFB,,1.761275042e+18,USA,same,1.0,119.762045,10.787717,False,0.99,False,0.99,False,0.99,"post-hoc, exploratory; designed and selected on training only"
nfl_20251024_min_lac,NFL,,1.761275871e+18,LAC,same,1.0,175.458775,25.499743,False,0.99,False,0.99,False,0.99,"post-hoc, exploratory; designed and selected on training only"
cfb_20251025_bsu_nev,CFB,,1.761369731e+18,BSU,same,1.0,-175.937155,,False,0.99,False,0.99,False,0.99,"post-hoc, exploratory; designed and selected on training only"
cfb_20251024_cal_vt,CFB,play or score after marker,,,,,,,,,,,,,"post-hoc, exploratory; designed and selected on training only"
cfb_20251024_unt_char,CFB,,1.761359422e+18,UNT,same,1.0,93.376513,,False,0.99,False,0.99,False,0.99,"post-hoc, exploratory; designed and selected on training only"
cfb_20251025_miss_okla,CFB,,1.761421604e+18,MISS,same,1.0,189.075298,0.31528,False,0.99,False,0.99,False,0.99,"post-hoc, exploratory; designed and selected on training only"
cfb_20251025_rutg_pur,CFB,,1.761419296e+18,RUTG,same,1.0,231.720641,0.21074,False,0.99,False,0.99,False,0.99,"post-hoc, exploratory; designed and selected on training only"
cfb_20251025_stan_mia,CFB,,1.761444345e+18,MIA,same,1.0,90.273069,32.149498,False,0.99,False,0.99,False,0.99,"post-hoc, exploratory; designed and selected on training only"
cfb_20251025_wmu_oh,CFB,,1.761432504e+18,M-OH,same,1.0,188.449875,52.992095,False,0.99,False,0.99,False,0.99,"post-hoc, exploratory; designed and selected on training only"
cfb_20251026_colo_utah,CFB,,1.761457719e+18,UTAH,same,1.0,93.182285,93.182285,False,0.99,False,0.99,False,0.99,"post-hoc, exploratory; designed and selected on training only"
cfb_20251025_okst_ttu,CFB,,1.761435485e+18,TTU,same,1.0,112.056287,,False,0.99,False,0.99,False,0.99,"post-hoc, exploratory; designed and selected on training only"
cfb_20251025_minn_iowa,CFB,,1.761432064e+18,IOWA,same,1.0,6.798786,6.798786,False,0.99,False,0.99,False,0.99,"post-hoc, exploratory; designed and selected on training only"
cfb_20251025_ull_troy,CFB,,1.76144479e+18,TROY,same,1.0,104.503292,,False,0.99,False,0.99,False,0.99,"post-hoc, exploratory; designed and selected on training only"
cfb_20251025_gaso_arst,CFB,,1.761445772e+18,ARST,same,1.0,141.116245,141.116245,False,0.99,False,0.99,False,0.99,"post-hoc, exploratory; designed and selected on training only"
cfb_20251025_ulm_usm,CFB,,1.761432527e+18,USM,same,1.0,-2298.897843,,False,0.99,False,0.99,False,0.99,"post-hoc, exploratory; designed and selected on training only"
cfb_20251025_akr_buff,CFB,,1.761423739e+18,AKR,same,1.0,16.240368,13.691028,False,0.99,False,0.99,False,0.99,"post-hoc, exploratory; designed and selected on training only"
cfb_20251025_tex_msst,CFB,no untied end marker,,,,,,,,,,,,,"post-hoc, exploratory; designed and selected on training only"
cfb_20251025_wis_ore,CFB,,1.761446388e+18,ORE,same,1.0,221.019686,221.019686,False,0.99,False,0.99,False,0.99,"post-hoc, exploratory; designed and selected on training only"
cfb_20251025_ohio_emu,CFB,,1.761420276e+18,OHIO,same,1.0,298.455404,10.029149,False,0.99,False,0.99,False,0.99,"post-hoc, exploratory; designed and selected on training only"
cfb_20251025_tol_wsu,CFB,,1.761433152e+18,WSU,same,1.0,214.30162,78.22027,False,0.99,False,0.99,False,0.99,"post-hoc, exploratory; designed and selected on training only"
cfb_20251025_ucla_ind,CFB,,1.761420674e+18,IND,same,1.0,261.610646,88.625309,False,0.99,False,0.99,False,0.99,"post-hoc, exploratory; designed and selected on training only"
cfb_20251025_sdsu_fres,CFB,,1.761432823e+18,SDSU,same,1.0,173.424765,173.424765,False,0.99,False,0.99,False,0.99,"post-hoc, exploratory; designed and selected on training only"
cfb_20251025_usf_mem,CFB,,1.76142191e+18,MEM,same,1.0,187.999398,0.005058,False,0.99,False,0.99,False,0.99,"post-hoc, exploratory; designed and selected on training only"
cfb_20251025_ill_wash,CFB,,1.761432892e+18,WASH,same,1.0,125.9039,19.93654,False,0.99,False,0.99,False,0.99,"post-hoc, exploratory; designed and selected on training only"
cfb_20251025_bc_lou,CFB,,1.761448617e+18,LOU,same,1.0,56.773363,36.014466,False,0.99,False,0.99,False,0.99,"post-hoc, exploratory; designed and selected on training only"
cfb_20251025_mizz_van,CFB,,1.761433771e+18,VAN,same,1.0,136.774036,0.53582,False,0.99,False,0.99,False,0.99,"post-hoc, exploratory; designed and selected on training only"
cfb_20251025_conn_rice,CFB,no untied end marker,,,,,,,,,,,,,"post-hoc, exploratory; designed and selected on training only"
cfb_20251025_bgsu_kent,CFB,,1.761420201e+18,KENT,same,1.0,304.241187,10.582834,False,0.99,False,0.99,False,0.99,"post-hoc, exploratory; designed and selected on training only"
cfb_20251025_ball_niu,CFB,,1.761431832e+18,NIU,same,1.0,251.97923,251.97923,False,0.99,False,0.99,False,0.99,"post-hoc, exploratory; designed and selected on training only"
cfb_20251025_smu_wake,CFB,,1.761421428e+18,WAKE,same,1.0,24.259857,0.179261,False,0.99,False,0.99,False,0.99,"post-hoc, exploratory; designed and selected on training only"
cfb_20251025_txam_lsu,CFB,,1.76144859e+18,TXAM,same,1.0,11.786114,0.256638,False,0.99,False,0.99,False,0.99,"post-hoc, exploratory; designed and selected on training only"
cfb_20251025_syr_gt,CFB,,1.761421038e+18,GT,same,1.0,173.68685,66.191584,False,0.99,False,0.99,False,0.99,"post-hoc, exploratory; designed and selected on training only"
cfb_20251025_csu_wyo,CFB,,1.761446806e+18,WYO,same,1.0,-2251.74273,,False,0.99,False,0.99,False,0.99,"post-hoc, exploratory; designed and selected on training only"
cfb_20251025_ksu_ku,CFB,,1.76141965e+18,KSU,same,1.0,140.307536,74.59945,False,0.99,False,0.99,False,0.99,"post-hoc, exploratory; designed and selected on training only"
cfb_20251025_tem_tlsa,CFB,no untied end marker,,,,,,,,,,,,,"post-hoc, exploratory; designed and selected on training only"
cfb_20251025_ala_scar,CFB,,1.761434269e+18,ALA,same,1.0,194.933557,0.338538,False,0.99,False,0.99,False,0.99,"post-hoc, exploratory; designed and selected on training only"
cfb_20251025_app_odu,CFB,,1.761422307e+18,ODU,same,1.0,83.623701,10.716976,False,0.99,False,0.99,False,0.99,"post-hoc, exploratory; designed and selected on training only"
cfb_20251025_uva_unc,CFB,no untied end marker,,,,,,,,,,,,,"post-hoc, exploratory; designed and selected on training only"
cfb_20251025_tenn_uk,CFB,,1.761448941e+18,TENN,same,1.0,164.417075,0.566026,False,0.99,False,0.99,False,0.99,"post-hoc, exploratory; designed and selected on training only"
cfb_20251025_byu_isu,CFB,,1.761433507e+18,BYU,same,1.0,148.639121,2.968965,False,0.99,False,0.99,False,0.99,"post-hoc, exploratory; designed and selected on training only"
cfb_20251025_aub_ark,CFB,,1.761422208e+18,AUB,same,1.0,122.419345,1.325483,False,0.99,False,0.99,False,0.99,"post-hoc, exploratory; designed and selected on training only"
cfb_20251026_hou_asu,CFB,,1.761449876e+18,HOU,same,1.0,281.31696,5.425008,False,0.99,False,0.99,False,0.99,"post-hoc, exploratory; designed and selected on training only"
cfb_20251025_tcu_wvu,CFB,,1.761441543e+18,TCU,same,1.0,277.975119,5.840918,False,0.99,False,0.99,False,0.99,"post-hoc, exploratory; designed and selected on training only"
cfb_20251025_bay_cin,CFB,,1.761434709e+18,CIN,same,1.0,169.417927,12.542013,False,0.99,False,0.99,False,0.99,"post-hoc, exploratory; designed and selected on training only"
cfb_20251025_nw_neb,CFB,,1.761420114e+18,NEB,same,1.0,421.347661,9.361884,False,0.99,False,0.99,False,0.99,"post-hoc, exploratory; designed and selected on training only"
cfb_20251025_mich_msu,CFB,,1.761448906e+18,MICH,same,1.0,72.323022,46.931373,False,0.99,False,0.99,False,0.99,"post-hoc, exploratory; designed and selected on training only"
cfb_20251025_usu_unm,CFB,,1.761429484e+18,UNM,same,1.0,-375.986732,,False,0.99,False,0.99,False,0.99,"post-hoc, exploratory; designed and selected on training only"
cfb_20251025_fau_navy,CFB,,1.761433607e+18,NAVY,same,1.0,-10.369767,,False,0.99,False,0.99,False,0.99,"post-hoc, exploratory; designed and selected on training only"
cfb_20251025_mass_cmu,CFB,,1.761431957e+18,CMU,same,1.0,-2165.677085,,False,0.98,False,0.98,False,0.98,"post-hoc, exploratory; designed and selected on training only"
cfb_20251025_ncst_pitt,CFB,,1.761433929e+18,PITT,same,1.0,160.147272,1.920538,False,0.99,False,0.99,False,0.99,"post-hoc, exploratory; designed and selected on training only"
nfl_20251026_nyj_cin,NFL,,1.761509179e+18,NYJ,same,1.0,504.042893,0.748461,False,0.99,False,0.99,False,0.99,"post-hoc, exploratory; designed and selected on training only"
nfl_20251026_dal_den,NFL,,1.761521525e+18,DEN,same,1.0,116.004953,7.099549,False,0.99,False,0.99,False,0.99,"post-hoc, exploratory; designed and selected on training only"
nfl_20251026_mia_atl,NFL,,1.761508423e+18,MIA,same,1.0,168.302617,15.995857,False,0.99,False,0.99,False,0.99,"post-hoc, exploratory; designed and selected on training only"
nfl_20251027_gb_pit,NFL,,1.761535995e+18,GB,same,1.0,237.248167,10.236504,False,0.99,False,0.99,False,0.99,"post-hoc, exploratory; designed and selected on training only"
nfl_20251026_tb_no,NFL,,1.761519806e+18,TB,same,1.0,21.648641,1.189056,False,0.99,False,0.99,False,0.99,"post-hoc, exploratory; designed and selected on training only"
nfl_20251026_chi_bal,NFL,,1.761508992e+18,BAL,same,1.0,213.219901,7.1294,False,0.99,False,0.99,False,0.99,"post-hoc, exploratory; designed and selected on training only"
nfl_20251026_cle_ne,NFL,,1.76150889e+18,NE,same,1.0,273.405897,18.709262,False,0.99,False,0.99,False,0.99,"post-hoc, exploratory; designed and selected on training only"
nfl_20251026_ten_ind,NFL,,1.761520927e+18,IND,same,1.0,96.317502,96.317502,False,0.99,False,0.99,False,0.99,"post-hoc, exploratory; designed and selected on training only"
nfl_20251026_nyg_phi,NFL,,1.761508822e+18,PHI,same,1.0,348.395477,66.149689,False,0.99,False,0.99,False,0.99,"post-hoc, exploratory; designed and selected on training only"
nfl_20251026_buf_car,NFL,,1.761508668e+18,BUF,same,1.0,17.717154,17.717154,False,0.99,False,0.99,False,0.99,"post-hoc, exploratory; designed and selected on training only"
nfl_20251026_sf_hou,NFL,,1.761508866e+18,HOU,same,1.0,300.549557,0.217035,False,0.99,False,0.99,False,0.99,"post-hoc, exploratory; designed and selected on training only"
nfl_20251028_was_kc,NFL,,1.761620747e+18,KC,same,1.0,139.101709,12.97934,False,0.99,False,0.99,False,0.99,"post-hoc, exploratory; designed and selected on training only"
cfb_20251029_jmu_txst,CFB,,1.761709607e+18,JMU,same,1.0,-100.539852,,False,0.99,False,0.99,False,0.99,"post-hoc, exploratory; designed and selected on training only"
cfb_20251029_utep_kenn,CFB,,1.76170962e+18,KENN,same,1.0,-72.260316,,False,0.99,False,0.99,False,0.99,"post-hoc, exploratory; designed and selected on training only"
cfb_20251029_jvst_mtu,CFB,play or score after marker,,,,,,,,,,,,,"post-hoc, exploratory; designed and selected on training only"
cfb_20251030_fiu_mosu,CFB,,1.761795183e+18,MOSU,same,1.0,162.428911,2.834954,False,0.99,False,0.99,False,0.99,"post-hoc, exploratory; designed and selected on training only"
cfb_20251030_tuln_utsa,CFB,,1.761880784e+18,UTSA,same,1.0,275.39837,96.073922,False,0.99,False,0.99,False,0.99,"post-hoc, exploratory; designed and selected on training only"
nfl_20251031_bal_mia,NFL,,1.761880202e+18,BAL,same,1.0,46.852668,26.00929,False,0.99,False,0.99,False,0.99,"post-hoc, exploratory; designed and selected on training only"
cfb_20251030_mrsh_ccar,CFB,,1.76188005e+18,CCAR,same,1.0,188.927005,9.298022,False,0.99,False,0.99,False,0.99,"post-hoc, exploratory; designed and selected on training only"
cfb_20251101_shsu_lt,CFB,,1.761967892e+18,LT,same,1.0,95.844503,95.844503,False,0.99,False,0.99,False,0.99,"post-hoc, exploratory; designed and selected on training only"
cfb_20251031_mem_rice,CFB,,1.761963253e+18,MEM,same,1.0,109.627084,106.649525,False,0.99,False,0.99,False,0.99,"post-hoc, exploratory; designed and selected on training only"
cfb_20251031_unc_syr,CFB,play or score after marker,,,,,,,,,,,,,"post-hoc, exploratory; designed and selected on training only"
cfb_20251101_ull_usa,CFB,,1.762036864e+18,ULL,same,1.0,145.692808,76.174451,False,0.99,False,0.99,False,0.99,"post-hoc, exploratory; designed and selected on training only"
cfb_20251102_haw_sjsu,CFB,,1.762064709e+18,SJSU,same,1.0,31.370978,0.649748,False,0.99,False,0.99,False,0.99,"post-hoc, exploratory; designed and selected on training only"
cfb_20251101_okla_tenn,CFB,,1.762054501e+18,OKLA,same,1.0,57.935338,6.221292,False,0.99,False,0.99,False,0.99,"post-hoc, exploratory; designed and selected on training only"
cfb_20251101_ucf_bay,CFB,,1.762025015e+18,BAY,same,1.0,-78.412686,,False,0.99,False,0.99,False,0.99,"post-hoc, exploratory; designed and selected on training only"
cfb_20251101_duke_clem,CFB,,1.762026523e+18,DUKE,same,1.0,-316.001581,,False,0.99,False,0.99,False,0.99,"post-hoc, exploratory; designed and selected on training only"
cfb_20251101_rutg_ill,CFB,play or score after marker,,,,,,,,,,,,,"post-hoc, exploratory; designed and selected on training only"
cfb_20251101_uga_fla,CFB,,1.762038818e+18,UGA,same,1.0,180.866285,0.679071,False,0.99,False,0.99,False,0.99,"post-hoc, exploratory; designed and selected on training only"
cfb_20251101_asu_isu,CFB,,1.762029556e+18,ASU,same,1.0,212.935448,0.15961,False,0.99,False,0.99,False,0.99,"post-hoc, exploratory; designed and selected on training only"
cfb_20251102_arst_troy,CFB,,1.762054153e+18,ARST,same,1.0,80.971119,80.971119,False,0.99,False,0.99,False,0.99,"post-hoc, exploratory; designed and selected on training only"
cfb_20251102_cin_utah,CFB,,1.762066399e+18,UTAH,same,1.0,-3615.563066,,False,0.99,False,0.99,False,0.99,"post-hoc, exploratory; designed and selected on training only"
cfb_20251101_okst_ku,CFB,,1.762037952e+18,KU,same,1.0,-250.83586,,False,0.99,False,0.99,False,0.99,"post-hoc, exploratory; designed and selected on training only"
cfb_20251101_psu_osu,CFB,,1.762024313e+18,OSU,same,1.0,55.158731,33.618479,False,0.99,False,0.99,False,0.99,"post-hoc, exploratory; designed and selected on training only"
cfb_20251101_wyo_sdsu,CFB,,1.762050665e+18,SDSU,same,1.0,243.185818,109.748734,False,0.99,False,0.99,False,0.99,"post-hoc, exploratory; designed and selected on training only"
cfb_20251101_navy_unt,CFB,,1.762024306e+18,UNT,same,1.0,48.121622,2.853045,False,0.99,False,0.99,False,0.99,"post-hoc, exploratory; designed and selected on training only"
cfb_20251101_lou_vt,CFB,,1.762035314e+18,LOU,same,1.0,71.60885,31.875502,False,0.99,False,0.99,False,0.99,"post-hoc, exploratory; designed and selected on training only"
cfb_20251101_uab_conn,CFB,play or score after marker,,,,,,,,,,,,,"post-hoc, exploratory; designed and selected on training only"
cfb_20251101_gt_ncst,CFB,play or score after marker,,,,,,,,,,,,,"post-hoc, exploratory; designed and selected on training only"
cfb_20251101_wake_fsu,CFB,,1.762051389e+18,FSU,same,1.0,197.327532,197.327532,False,0.99,False,0.99,False,0.99,"post-hoc, exploratory; designed and selected on training only"
cfb_20251101_wvu_hou,CFB,,1.76202551e+18,WVU,same,1.0,46.640963,0.286219,False,0.99,False,0.99,False,0.99,"post-hoc, exploratory; designed and selected on training only"
cfb_20251101_wsu_orst,CFB,play or score after marker,,,,,,,,,,,,,"post-hoc, exploratory; designed and selected on training only"
cfb_20251101_msu_minn,CFB,no untied end marker,,,,,,,,,,,,,"post-hoc, exploratory; designed and selected on training only"
cfb_20251101_ttu_ksu,CFB,,1.76203856e+18,TTU,same,1.0,131.508724,35.094717,False,0.99,False,0.99,False,0.99,"post-hoc, exploratory; designed and selected on training only"
cfb_20251101_cmu_wmu,CFB,,1.762038471e+18,WMU,same,1.0,225.033415,47.809175,False,0.99,False,0.99,False,0.99,"post-hoc, exploratory; designed and selected on training only"
cfb_20251101_uva_cal,CFB,,1.762039387e+18,UVA,same,1.0,113.179353,11.205672,False,0.99,False,0.99,False,0.99,"post-hoc, exploratory; designed and selected on training only"
cfb_20251101_ecu_tem,CFB,,1.762031072e+18,ECU,same,1.0,-430.450672,,False,0.99,False,0.99,False,0.99,"post-hoc, exploratory; designed and selected on training only"
cfb_20251101_uk_aub,CFB,,1.762051336e+18,UK,same,1.0,250.77824,0.477957,False,0.99,False,0.99,False,0.99,"post-hoc, exploratory; designed and selected on training only"
cfb_20251101_scar_miss,CFB,,1.762050564e+18,MISS,same,1.0,64.469917,44.838003,False,0.99,False,0.99,False,0.99,"post-hoc, exploratory; designed and selected on training only"
cfb_20251101_usc_neb,CFB,,1.762052064e+18,USC,same,1.0,103.558244,3.908506,False,0.99,False,0.99,False,0.99,"post-hoc, exploratory; designed and selected on training only"
cfb_20251101_unm_unlv,CFB,play or score after marker,,,,,,,,,,,,,"post-hoc, exploratory; designed and selected on training only"
cfb_20251101_nmsu_wku,CFB,,1.762037803e+18,WKU,same,1.0,-592.950293,,False,0.99,False,0.99,False,0.99,"post-hoc, exploratory; designed and selected on training only"
cfb_20251101_pitt_stan,CFB,play or score after marker,,,,,,,,,,,,,"post-hoc, exploratory; designed and selected on training only"
cfb_20251101_pur_mich,CFB,,1.762049374e+18,MICH,same,1.0,66.137495,6.559166,False,0.99,False,0.99,False,0.99,"post-hoc, exploratory; designed and selected on training only"
cfb_20251101_mia_smu,CFB,no untied end marker,,,,,,,,,,,,,"post-hoc, exploratory; designed and selected on training only"
cfb_20251101_ind_md,CFB,,1.76203767e+18,IND,same,1.0,-297.515132,,False,0.99,False,0.99,False,0.99,"post-hoc, exploratory; designed and selected on training only"
cfb_20251101_buff_bgsu,CFB,,1.762024461e+18,BUFF,same,1.0,-268.227297,,False,0.99,False,0.99,False,0.99,"post-hoc, exploratory; designed and selected on training only"
cfb_20251101_van_tex,CFB,,1.762025746e+18,TEX,same,1.0,147.140477,8.068272,False,0.99,False,0.99,False,0.99,"post-hoc, exploratory; designed and selected on training only"
cfb_20251101_del_lib,CFB,,1.762038556e+18,LIB,same,1.0,25.693522,25.693522,False,0.99,False,0.99,False,0.99,"post-hoc, exploratory; designed and selected on training only"
cfb_20251101_fres_bsu,CFB,,1.762038142e+18,FRES,same,1.0,-37.309927,,False,0.99,False,0.99,False,0.99,"post-hoc, exploratory; designed and selected on training only"
cfb_20251101_ariz_colo,CFB,,1.762052003e+18,ARIZ,same,1.0,129.641479,55.531837,False,0.99,False,0.99,False,0.99,"post-hoc, exploratory; designed and selected on training only"
cfb_20251101_army_afa,CFB,,1.762023983e+18,ARMY,same,1.0,95.97946,0.086122,False,0.99,False,0.99,False,0.99,"post-hoc, exploratory; designed and selected on training only"
cfb_20251101_msst_ark,CFB,play or score after marker,,,,,,,,,,,,,"post-hoc, exploratory; designed and selected on training only"
cfb_20251101_nd_bc,CFB,,1.762037916e+18,ND,same,1.0,20.015594,20.015594,False,0.99,False,0.99,False,0.99,"post-hoc, exploratory; designed and selected on training only"
cfb_20251101_odu_ulm,CFB,play or score after marker,,,,,,,,,,,,,"post-hoc, exploratory; designed and selected on training only"
nfl_20251102_car_gb,NFL,,1.762117317e+18,CAR,same,1.0,105.899638,7.073054,False,0.99,False,0.99,False,0.99,"post-hoc, exploratory; designed and selected on training only"
nfl_20251102_lac_ten,NFL,,1.762116673e+18,LAC,same,1.0,80.626731,16.67882,False,0.99,False,0.99,False,0.99,"post-hoc, exploratory; designed and selected on training only"
nfl_20251103_sea_was,NFL,,1.762143534e+18,SEA,same,1.0,92.711479,19.066377,False,0.99,False,0.99,False,0.99,"post-hoc, exploratory; designed and selected on training only"
nfl_20251102_kc_buf,NFL,,1.762129495e+18,BUF,same,1.0,112.903847,11.401674,False,0.99,False,0.99,False,0.99,"post-hoc, exploratory; designed and selected on training only"
nfl_20251102_min_det,NFL,,1.762118087e+18,MIN,same,1.0,216.048091,0.483743,False,0.99,False,0.99,False,0.99,"post-hoc, exploratory; designed and selected on training only"
nfl_20251102_sf_nyg,NFL,,1.762116923e+18,SF,same,1.0,110.716622,5.989842,False,0.99,False,0.99,False,0.99,"post-hoc, exploratory; designed and selected on training only"
nfl_20251102_no_la,NFL,,1.762127533e+18,LA,same,1.0,193.722646,42.283592,False,0.99,False,0.99,False,0.99,"post-hoc, exploratory; designed and selected on training only"
nfl_20251102_atl_ne,NFL,,1.762117231e+18,NE,same,1.0,150.546408,8.08666,False,0.99,False,0.99,False,0.99,"post-hoc, exploratory; designed and selected on training only"
nfl_20251102_ind_pit,NFL,,1.762118289e+18,PIT,same,1.0,291.141982,3.123405,False,0.99,False,0.99,False,0.99,"post-hoc, exploratory; designed and selected on training only"
nfl_20251102_den_hou,NFL,,1.76211858e+18,DEN,same,1.0,317.556714,6.680465,False,0.99,False,0.99,False,0.99,"post-hoc, exploratory; designed and selected on training only"
nfl_20251102_jac_lv,NFL,,1.762129652e+18,JAC,same,1.0,251.38791,5.473165,False,0.99,False,0.99,False,0.99,"post-hoc, exploratory; designed and selected on training only"
nfl_20251102_chi_cin,NFL,,1.762119394e+18,CHI,same,1.0,57.214936,10.978268,False,0.99,False,0.99,False,0.99,"post-hoc, exploratory; designed and selected on training only"
nfl_20251104_ari_dal,NFL,,1.762229561e+18,ARI,same,1.0,204.852543,6.579568,False,0.99,False,0.99,False,0.99,"post-hoc, exploratory; designed and selected on training only"
cfb_20251105_mass_akr,CFB,,1.762312717e+18,AKR,same,1.0,151.985351,76.985595,False,0.99,False,0.99,False,0.99,"post-hoc, exploratory; designed and selected on training only"
cfb_20251105_oh_ohio,CFB,,1.762313164e+18,OHIO,same,1.0,340.815677,4.533948,False,0.99,False,0.99,False,0.99,"post-hoc, exploratory; designed and selected on training only"
cfb_20251106_kent_ball,CFB,,1.762398548e+18,BALL,same,1.0,152.30015,0.136237,False,0.99,False,0.99,False,0.99,"post-hoc, exploratory; designed and selected on training only"
cfb_20251106_niu_tol,CFB,,1.762399776e+18,TOL,same,1.0,-5.860876,,False,0.99,False,0.99,False,0.99,"post-hoc, exploratory; designed and selected on training only"
cfb_20251107_gaso_app,CFB,,1.762489338e+18,GASO,same,1.0,235.548506,2.302574,False,0.99,False,0.99,False,0.99,"post-hoc, exploratory; designed and selected on training only"
nfl_20251107_lv_den,NFL,,1.762489087e+18,DEN,same,1.0,175.780344,1.367537,False,0.99,False,0.99,False,0.99,"post-hoc, exploratory; designed and selected on training only"
cfb_20251107_utsa_usf,CFB,,1.762488565e+18,USF,same,1.0,28.908843,28.908843,False,0.99,False,0.99,False,0.99,"post-hoc, exploratory; designed and selected on training only"
cfb_20251108_tuln_mem,CFB,,1.762580144e+18,TULN,same,1.0,280.184881,6.767599,False,0.99,False,0.99,False,0.99,"post-hoc, exploratory; designed and selected on training only"
cfb_20251108_hou_ucf,CFB,,1.762577338e+18,HOU,same,1.0,90.11994,0.170253,False,0.99,False,0.99,False,0.99,"post-hoc, exploratory; designed and selected on training only"
cfb_20251108_nw_usc,CFB,,1.762579399e+18,USC,same,1.0,124.307284,119.19867,False,0.99,False,0.99,False,0.99,"post-hoc, exploratory; designed and selected on training only"
cfb_20251108_ore_iowa,CFB,,1.762646485e+18,ORE,same,1.0,263.951335,1.344636,False,0.99,False,0.99,False,0.99,"post-hoc, exploratory; designed and selected on training only"
cfb_20251109_wake_uva,CFB,,1.762658582e+18,WAKE,same,1.0,148.156168,2.665123,False,0.99,False,0.99,False,0.99,"post-hoc, exploratory; designed and selected on training only"
cfb_20251108_fiu_mtu,CFB,,1.762645234e+18,FIU,same,1.0,302.963484,,False,0.99,False,0.99,False,0.99,"post-hoc, exploratory; designed and selected on training only"
cfb_20251108_gast_ccar,CFB,,1.762648045e+18,CCAR,same,1.0,196.206465,196.206465,False,0.99,False,0.99,False,0.99,"post-hoc, exploratory; designed and selected on training only"
cfb_20251108_aub_van,CFB,no untied end marker,,,,,,,,,,,,,"post-hoc, exploratory; designed and selected on training only"
cfb_20251109_lsu_ala,CFB,,1.762660988e+18,ALA,same,1.0,113.605411,0.739248,False,0.99,False,0.99,False,0.99,"post-hoc, exploratory; designed and selected on training only"
cfb_20251108_byu_ttu,CFB,,1.762634038e+18,TTU,same,1.0,124.783351,124.783351,False,0.99,False,0.99,False,0.99,"post-hoc, exploratory; designed and selected on training only"
cfb_20251109_cal_lou,CFB,no untied end marker,,,,,,,,,,,,,"post-hoc, exploratory; designed and selected on training only"
cfb_20251108_kenn_nmsu,CFB,,1.762648004e+18,KENN,same,1.0,239.235853,1.877645,False,0.99,False,0.99,False,0.99,"post-hoc, exploratory; designed and selected on training only"
cfb_20251108_tlsa_fau,CFB,,1.762644545e+18,FAU,same,1.0,59.609165,59.609165,False,0.99,False,0.99,False,0.99,"post-hoc, exploratory; designed and selected on training only"
cfb_20251108_osu_pur,CFB,,1.762635965e+18,OSU,same,1.0,157.175747,,False,0.99,False,0.99,False,0.99,"post-hoc, exploratory; designed and selected on training only"
cfb_20251109_neb_ucla,CFB,,1.762666033e+18,NEB,same,1.0,167.101124,4.511621,False,0.99,False,0.99,False,0.99,"post-hoc, exploratory; designed and selected on training only"
cfb_20251108_isu_tcu,CFB,play or score after marker,,,,,,,,,,,,,"post-hoc, exploratory; designed and selected on training only"
cfb_20251109_unlv_csu,CFB,,1.762667337e+18,UNLV,same,1.0,-4.876245,,False,0.99,False,0.99,False,0.99,"post-hoc, exploratory; designed and selected on training only"
cfb_20251109_sdsu_haw,CFB,,1.762672838e+18,HAW,same,1.0,158.417056,105.247007,False,0.99,False,0.99,False,0.99,"post-hoc, exploratory; designed and selected on training only"
cfb_20251108_ind_psu,CFB,,1.762634399e+18,IND,same,1.0,67.342749,0.44596,False,0.99,False,0.99,False,0.99,"post-hoc, exploratory; designed and selected on training only"
cfb_20251108_jvst_utep,CFB,,1.762644634e+18,JVST,same,1.0,321.635562,4.8739,False,0.99,False,0.99,False,0.99,"post-hoc, exploratory; designed and selected on training only"
cfb_20251108_uga_msst,CFB,,1.762633389e+18,UGA,same,1.0,168.572178,53.400791,False,0.99,False,0.99,False,0.99,"post-hoc, exploratory; designed and selected on training only"
cfb_20251108_mosu_lib,CFB,,1.762636935e+18,MOSU,same,1.0,197.751796,1.765467,False,0.99,False,0.99,False,0.99,"post-hoc, exploratory; designed and selected on training only"
cfb_20251108_txam_mizz,CFB,,1.76264655e+18,TXAM,same,1.0,172.530519,5.365511,False,0.99,False,0.99,False,0.99,"post-hoc, exploratory; designed and selected on training only"
cfb_20251108_bgsu_emu,CFB,,1.762636754e+18,EMU,same,1.0,112.170573,0.060074,False,0.99,False,0.99,False,0.99,"post-hoc, exploratory; designed and selected on training only"
cfb_20251108_smu_bc,CFB,,1.762633522e+18,SMU,same,1.0,-36.754655,,False,0.99,False,0.99,False,0.99,"post-hoc, exploratory; designed and selected on training only"
cfb_20251108_syr_mia,CFB,,1.762646291e+18,MIA,same,1.0,146.124788,146.124788,False,0.99,False,0.99,False,0.99,"post-hoc, exploratory; designed and selected on training only"
cfb_20251108_tem_army,CFB,,1.762631834e+18,ARMY,same,1.0,253.335987,5.013823,False,0.99,False,0.99,False,0.99,"post-hoc, exploratory; designed and selected on training only"
cfb_20251109_fla_uk,CFB,,1.762659447e+18,UK,same,1.0,-96.960254,,False,0.99,False,0.99,False,0.99,"post-hoc, exploratory; designed and selected on training only"
cfb_20251108_usm_arst,CFB,,1.762634574e+18,USM,same,1.0,198.397043,3.206131,False,0.99,False,0.99,False,0.99,"post-hoc, exploratory; designed and selected on training only"
cfb_20251109_shsu_orst,CFB,,1.762669969e+18,SHSU,same,1.0,154.199168,1.306947,False,0.99,False,0.99,False,0.99,"post-hoc, exploratory; designed and selected on training only"
cfb_20251108_wash_wis,CFB,,1.762649553e+18,WIS,same,1.0,186.919584,2.018223,False,0.99,False,0.99,False,0.99,"post-hoc, exploratory; designed and selected on training only"
cfb_20251108_afa_sjsu,CFB,,1.762654632e+18,AFA,same,1.0,202.812804,28.883065,False,0.99,False,0.99,False,0.99,"post-hoc, exploratory; designed and selected on training only"
cfb_20251108_jmu_mrsh,CFB,,1.762633733e+18,JMU,same,1.0,121.612244,121.612244,False,0.99,False,0.99,False,0.99,"post-hoc, exploratory; designed and selected on training only"
cfb_20251109_navy_nd,CFB,,1.762659226e+18,ND,same,1.0,97.308671,97.308671,False,0.99,False,0.99,False,0.99,"post-hoc, exploratory; designed and selected on training only"
cfb_20251108_txst_ull,CFB,,1.762652365e+18,ULL,same,1.0,143.528789,2.303308,False,0.99,False,0.99,False,0.99,"post-hoc, exploratory; designed and selected on training only"
cfb_20251108_lt_del,CFB,,1.762645091e+18,DEL,same,1.0,-155.130849,,False,0.99,False,0.99,False,0.99,"post-hoc, exploratory; designed and selected on training only"
cfb_20251108_char_ecu,CFB,,1.762644593e+18,ECU,same,1.0,-598.605989,,False,0.99,False,0.99,False,0.99,"post-hoc, exploratory; designed and selected on training only"
cfb_20251108_colo_wvu,CFB,,1.762633711e+18,WVU,same,1.0,163.502827,9.593839,False,0.99,False,0.99,False,0.99,"post-hoc, exploratory; designed and selected on training only"
cfb_20251108_md_rutg,CFB,,1.762642824e+18,RUTG,same,1.0,-24.198327,,False,0.99,False,0.99,False,0.99,"post-hoc, exploratory; designed and selected on training only"
cfb_20251108_uab_rice,CFB,,1.762640582e+18,RICE,same,1.0,180.073649,7.357877,False,0.99,False,0.99,False,0.99,"post-hoc, exploratory; designed and selected on training only"
cfb_20251108_stan_unc,CFB,,1.762649596e+18,UNC,same,1.0,111.89158,2.769798,False,0.99,False,0.99,False,0.99,"post-hoc, exploratory; designed and selected on training only"
cfb_20251108_cit_miss,CFB,,1.762635784e+18,MISS,same,1.0,-548.370449,,False,0.99,False,0.99,False,0.99,"post-hoc, exploratory; designed and selected on training only"
cfb_20251109_nev_usu,CFB,,1.762660882e+18,USU,same,1.0,-394.982279,,False,0.99,False,0.99,False,0.99,"post-hoc, exploratory; designed and selected on training only"
cfb_20251109_fsu_clem,CFB,,1.76265833e+18,CLEM,same,1.0,87.697547,26.848441,False,0.99,False,0.99,False,0.99,"post-hoc, exploratory; designed and selected on training only"
cfb_20251108_duke_conn,CFB,,1.762646326e+18,CONN,same,1.0,130.69629,4.371438,False,0.99,False,0.99,False,0.99,"post-hoc, exploratory; designed and selected on training only"
cfb_20251108_ku_ariz,CFB,,1.762646701e+18,ARIZ,same,1.0,53.731427,3.072573,False,0.99,False,0.99,False,0.99,"post-hoc, exploratory; designed and selected on training only"
nfl_20251110_pit_lac,NFL,,1.76274893e+18,LAC,same,1.0,94.738456,2.533946,False,0.99,False,0.99,False,0.99,"post-hoc, exploratory; designed and selected on training only"
nfl_20251109_atl_ind,NFL,,1.762710595e+18,IND,same,1.0,656.33899,3.691789,False,0.99,False,0.99,False,0.99,"post-hoc, exploratory; designed and selected on training only"
nfl_20251109_no_car,NFL,,1.762721291e+18,NO,same,1.0,130.171249,3.062381,False,0.99,False,0.99,False,0.99,"post-hoc, exploratory; designed and selected on training only"
nfl_20251109_bal_min,NFL,,1.762722987e+18,BAL,same,1.0,240.413194,4.313757,False,0.99,False,0.99,False,0.99,"post-hoc, exploratory; designed and selected on training only"
nfl_20251109_ari_sea,NFL,,1.76273399e+18,SEA,same,1.0,255.813755,96.845168,False,0.99,False,0.99,False,0.99,"post-hoc, exploratory; designed and selected on training only"
nfl_20251109_ne_tb,NFL,,1.76272236e+18,NE,same,1.0,269.079512,0.024931,False,0.99,False,0.99,False,0.99,"post-hoc, exploratory; designed and selected on training only"
nfl_20251109_buf_mia,NFL,,1.762722207e+18,MIA,same,1.0,129.835547,13.958914,False,0.99,False,0.99,False,0.99,"post-hoc, exploratory; designed and selected on training only"
nfl_20251109_det_was,NFL,,1.762734265e+18,DET,same,1.0,17.08663,17.08663,False,0.99,False,0.99,False,0.99,"post-hoc, exploratory; designed and selected on training only"
nfl_20251109_nyg_chi,NFL,,1.762722601e+18,CHI,same,1.0,325.439747,0.99127,False,0.99,False,0.99,False,0.99,"post-hoc, exploratory; designed and selected on training only"
nfl_20251109_cle_nyj,NFL,,1.762722143e+18,NYJ,same,1.0,175.443693,2.766318,False,0.99,False,0.99,False,0.99,"post-hoc, exploratory; designed and selected on training only"
nfl_20251109_la_sf,NFL,,1.762734034e+18,LA,same,1.0,279.272159,24.363112,False,0.99,False,0.99,False,0.99,"post-hoc, exploratory; designed and selected on training only"
nfl_20251109_jac_hou,NFL,,1.76272375e+18,HOU,same,1.0,379.601511,5.87756,False,0.99,False,0.99,False,0.99,"post-hoc, exploratory; designed and selected on training only"
nfl_20251111_phi_gb,NFL,,1.762834916e+18,PHI,same,1.0,208.648148,9.62187,False,0.99,False,0.99,False,0.99,"post-hoc, exploratory; designed and selected on training only"
cfb_20251112_ohio_wmu,CFB,,1.762920392e+18,WMU,same,1.0,235.804518,10.831644,False,0.99,False,0.99,False,0.99,"post-hoc, exploratory; designed and selected on training only"
cfb_20251112_kent_akr,CFB,no untied end marker,,,,,,,,,,,,,"post-hoc, exploratory; designed and selected on training only"
cfb_20251113_tol_oh,CFB,,1.763004507e+18,TOL,same,1.0,126.268668,13.626909,False,0.99,False,0.99,False,0.99,"post-hoc, exploratory; designed and selected on training only"
cfb_20251113_buff_cmu,CFB,,1.763004776e+18,CMU,same,1.0,143.080271,72.503073,False,0.99,False,0.99,False,0.99,"post-hoc, exploratory; designed and selected on training only"
cfb_20251113_niu_mass,CFB,,1.763002993e+18,NIU,same,1.0,-368.038871,,False,0.99,False,0.99,False,0.99,"post-hoc, exploratory; designed and selected on training only"
cfb_20251114_troy_odu,CFB,,1.763092224e+18,ODU,same,1.0,284.846121,16.918805,False,0.99,False,0.99,False,0.99,"post-hoc, exploratory; designed and selected on training only"
nfl_20251114_nyj_ne,NFL,,1.763093143e+18,NE,same,1.0,280.503999,5.516436,False,0.99,False,0.99,False,0.99,"post-hoc, exploratory; designed and selected on training only"
cfb_20251115_clem_lou,CFB,,1.763179615e+18,CLEM,same,1.0,215.574912,1.093451,False,0.99,False,0.99,False,0.99,"post-hoc, exploratory; designed and selected on training only"
cfb_20251115_minn_ore,CFB,,1.763185461e+18,ORE,same,1.0,-551.684033,,False,0.99,False,0.99,False,0.99,"post-hoc, exploratory; designed and selected on training only"
cfb_20251115_utsa_char,CFB,,1.763237417e+18,UTSA,same,1.0,-131.377049,,False,0.99,False,0.99,False,0.99,"post-hoc, exploratory; designed and selected on training only"
cfb_20251115_unt_uab,CFB,,1.763245529e+18,UNT,same,1.0,-578.760705,,False,0.99,False,0.99,False,0.99,"post-hoc, exploratory; designed and selected on training only"
cfb_20251115_scar_txam,CFB,,1.763238986e+18,TXAM,same,1.0,247.916223,0.085129,False,0.99,False,0.99,False,0.99,"post-hoc, exploratory; designed and selected on training only"
cfb_20251115_usa_ulm,CFB,,1.763249724e+18,USA,same,1.0,285.775525,244.689527,False,0.99,False,0.99,False,0.99,"post-hoc, exploratory; designed and selected on training only"
cfb_20251115_okla_ala,CFB,,1.763251074e+18,OKLA,same,1.0,191.91762,0.045352,False,0.99,False,0.99,False,0.99,"post-hoc, exploratory; designed and selected on training only"
cfb_20251115_fau_tuln,CFB,,1.763252916e+18,TULN,same,1.0,-93.561857,,False,0.99,False,0.99,False,0.99,"post-hoc, exploratory; designed and selected on training only"
cfb_20251115_app_jmu,CFB,,1.763251525e+18,JMU,same,1.0,175.083191,,False,0.99,False,0.99,False,0.99,"post-hoc, exploratory; designed and selected on training only"
cfb_20251116_tex_uga,CFB,,1.763265925e+18,UGA,same,1.0,303.347674,75.104775,False,0.99,False,0.99,False,0.99,"post-hoc, exploratory; designed and selected on training only"
cfb_20251115_ucf_ttu,CFB,,1.763250815e+18,TTU,same,1.0,-61.709638,,False,0.99,False,0.99,False,0.99,"post-hoc, exploratory; designed and selected on training only"
cfb_20251115_mtu_wku,CFB,,1.76325132e+18,WKU,same,1.0,-307.954504,,False,0.99,False,0.99,False,0.99,"post-hoc, exploratory; designed and selected on training only"
cfb_20251115_mem_ecu,CFB,,1.763253063e+18,ECU,same,1.0,281.474595,2.73346,False,0.99,False,0.99,False,0.99,"post-hoc, exploratory; designed and selected on training only"
cfb_20251116_tcu_byu,CFB,,1.763275022e+18,BYU,same,1.0,171.156642,0.160356,False,0.99,False,0.99,False,0.99,"post-hoc, exploratory; designed and selected on training only"
cfb_20251115_ccar_gaso,CFB,,1.763261745e+18,GASO,same,1.0,284.233426,27.99674,False,0.99,False,0.99,False,0.99,"post-hoc, exploratory; designed and selected on training only"
cfb_20251115_ariz_cin,CFB,,1.763238221e+18,ARIZ,same,1.0,158.586869,6.969925,False,0.99,False,0.99,False,0.99,"post-hoc, exploratory; designed and selected on training only"
cfb_20251115_afa_conn,CFB,,1.763237226e+18,CONN,same,1.0,205.860912,146.538819,False,0.99,False,0.99,False,0.99,"post-hoc, exploratory; designed and selected on training only"
cfb_20251115_orst_tlsa,CFB,,1.763241107e+18,TLSA,same,1.0,120.838552,,False,0.99,False,0.99,False,0.99,"post-hoc, exploratory; designed and selected on training only"
cfb_20251115_txst_usm,CFB,,1.763250178e+18,TXST,same,1.0,152.516128,71.22802,False,0.99,False,0.99,False,0.99,"post-hoc, exploratory; designed and selected on training only"
cfb_20251115_tntc_uk,CFB,,1.763242464e+18,UK,same,1.0,359.878683,,False,0.99,False,0.99,False,0.99,"post-hoc, exploratory; designed and selected on training only"
cfb_20251115_ark_lsu,CFB,,1.763240766e+18,LSU,same,1.0,309.050459,1.786412,False,0.99,False,0.99,False,0.99,"post-hoc, exploratory; designed and selected on training only"
cfb_20251115_utep_mosu,CFB,,1.763249139e+18,MOSU,same,1.0,289.978601,289.978601,False,0.99,False,0.99,False,0.99,"post-hoc, exploratory; designed and selected on training only"
cfb_20251115_csu_unm,CFB,,1.763248814e+18,UNM,same,1.0,291.767033,21.712375,False,0.99,False,0.99,False,0.99,"post-hoc, exploratory; designed and selected on training only"
cfb_20251115_mrsh_gast,CFB,,1.76324486e+18,MRSH,same,1.0,0.211788,,False,0.99,False,0.99,False,0.99,"post-hoc, exploratory; designed and selected on training only"
cfb_20251115_iowa_usc,CFB,,1.763249994e+18,USC,same,1.0,73.472849,1.505857,False,0.99,False,0.99,False,0.99,"post-hoc, exploratory; designed and selected on training only"
cfb_20251116_del_shsu,CFB,,1.763263689e+18,SHSU,same,1.0,151.726255,1.39902,False,0.99,False,0.99,False,0.99,"post-hoc, exploratory; designed and selected on training only"
cfb_20251115_usf_navy,CFB,,1.763239196e+18,NAVY,same,1.0,384.096014,4.04583,False,0.99,False,0.99,False,0.99,"post-hoc, exploratory; designed and selected on training only"
cfb_20251116_pur_wash,CFB,,1.763264269e+18,WASH,same,1.0,-65.552441,,False,0.99,False,0.99,False,0.99,"post-hoc, exploratory; designed and selected on training only"
cfb_20251115_emu_ball,CFB,,1.763237333e+18,EMU,same,1.0,146.067359,38.27775,False,0.99,False,0.99,False,0.99,"post-hoc, exploratory; designed and selected on training only"
cfb_20251115_md_ill,CFB,,1.763251125e+18,ILL,same,1.0,-34.918202,,False,0.99,False,0.99,False,0.99,"post-hoc, exploratory; designed and selected on training only"
cfb_20251115_nmsu_tenn,CFB,,1.763253893e+18,TENN,same,1.0,-478.052908,,False,0.99,False,0.99,False,0.99,"post-hoc, exploratory; designed and selected on training only"
cfb_20251116_lt_wsu,CFB,,1.76327367e+18,WSU,same,1.0,-272.500841,,False,0.99,False,0.99,False,0.99,"post-hoc, exploratory; designed and selected on training only"
cfb_20251115_ncst_mia,CFB,,1.763251086e+18,MIA,same,1.0,77.744827,,False,0.99,False,0.99,False,0.99,"post-hoc, exploratory; designed and selected on training only"
cfb_20251116_kenn_jvst,CFB,,1.763266967e+18,JVST,same,1.0,159.320584,67.70188,False,0.99,False,0.99,False,0.99,"post-hoc, exploratory; designed and selected on training only"
cfb_20251115_psu_msu,CFB,,1.763249946e+18,PSU,same,1.0,96.979189,95.409279,False,0.99,False,0.99,False,0.99,"post-hoc, exploratory; designed and selected on training only"
cfb_20251115_mich_nw,CFB,play or score after marker,,,,,,,,,,,,,"post-hoc, exploratory; designed and selected on training only"
cfb_20251116_vt_fsu,CFB,,1.763264148e+18,FSU,same,1.0,83.343183,,False,0.99,False,0.99,False,0.99,"post-hoc, exploratory; designed and selected on training only"
cfb_20251116_usu_unlv,CFB,no untied end marker,,,,,,,,,,,,,"post-hoc, exploratory; designed and selected on training only"
cfb_20251115_uva_duke,CFB,,1.763251005e+18,UVA,same,1.0,241.48267,27.783782,False,0.99,False,0.99,False,0.99,"post-hoc, exploratory; designed and selected on training only"
cfb_20251116_utah_bay,CFB,,1.763264586e+18,UTAH,same,1.0,130.194348,70.703855,False,0.99,False,0.99,False,0.99,"post-hoc, exploratory; designed and selected on training only"
cfb_20251115_lib_fiu,CFB,play or score after marker,,,,,,,,,,,,,"post-hoc, exploratory; designed and selected on training only"
cfb_20251116_ucla_osu,CFB,,1.76326483e+18,OSU,same,1.0,117.644785,,False,0.99,False,0.99,False,0.99,"post-hoc, exploratory; designed and selected on training only"
cfb_20251116_bsu_sdsu,CFB,,1.76327491e+18,SDSU,same,1.0,286.095959,1.930276,False,0.99,False,0.99,False,0.99,"post-hoc, exploratory; designed and selected on training only"
cfb_20251116_msst_mizz,CFB,,1.763267174e+18,MIZZ,same,1.0,212.354122,,False,0.99,False,0.99,False,0.99,"post-hoc, exploratory; designed and selected on training only"
cfb_20251116_fla_miss,CFB,,1.763263924e+18,MISS,same,1.0,217.483529,10.409735,False,0.99,False,0.99,False,0.99,"post-hoc, exploratory; designed and selected on training only"
cfb_20251115_nd_pitt,CFB,,1.763238935e+18,ND,same,1.0,325.219694,166.456725,False,0.99,False,0.99,False,0.99,"post-hoc, exploratory; designed and selected on training only"
cfb_20251115_gt_bc,CFB,,1.763251178e+18,GT,same,1.0,88.966797,1.038826,False,0.99,False,0.99,False,0.99,"post-hoc, exploratory; designed and selected on training only"
cfb_20251115_unc_wake,CFB,,1.763254464e+18,WAKE,same,1.0,60.480386,60.480386,False,0.99,False,0.99,False,0.99,"post-hoc, exploratory; designed and selected on training only"
cfb_20251115_wvu_asu,CFB,,1.763241597e+18,ASU,same,1.0,58.387684,3.330208,False,0.99,False,0.99,False,0.99,"post-hoc, exploratory; designed and selected on training only"
cfb_20251115_wis_ind,CFB,,1.763236005e+18,IND,same,1.0,229.817975,229.817975,False,0.99,False,0.99,False,0.99,"post-hoc, exploratory; designed and selected on training only"
cfb_20251115_ksu_okst,CFB,,1.763238011e+18,KSU,same,1.0,236.392843,39.607839,False,0.99,False,0.99,False,0.99,"post-hoc, exploratory; designed and selected on training only"
cfb_20251115_sjsu_nev,CFB,,1.763250184e+18,NEV,same,1.0,-457.460024,,False,0.99,False,0.99,False,0.99,"post-hoc, exploratory; designed and selected on training only"
cfb_20251116_wyo_fres,CFB,,1.763276583e+18,FRES,same,1.0,26.962929,26.962929,False,0.99,False,0.99,False,0.99,"post-hoc, exploratory; designed and selected on training only"
nfl_20251116_gb_nyg,NFL,,1.763326983e+18,GB,same,1.0,154.298559,7.798107,False,0.99,False,0.99,False,0.99,"post-hoc, exploratory; designed and selected on training only"
nfl_20251116_kc_den,NFL,,1.763339889e+18,DEN,same,1.0,138.22526,4.974199,False,0.99,False,0.99,False,0.99,"post-hoc, exploratory; designed and selected on training only"
nfl_20251116_was_mia,NFL,,1.763314921e+18,MIA,same,1.0,228.48658,12.197125,False,0.99,False,0.99,False,0.99,"post-hoc, exploratory; designed and selected on training only"
nfl_20251116_hou_ten,NFL,,1.763327171e+18,HOU,same,1.0,265.667253,7.122131,False,0.99,False,0.99,False,0.99,"post-hoc, exploratory; designed and selected on training only"
nfl_20251116_sea_la,NFL,,1.7633382e+18,LA,same,1.0,31.179555,5.98599,False,0.99,False,0.99,False,0.99,"post-hoc, exploratory; designed and selected on training only"
nfl_20251117_det_phi,NFL,,1.763353919e+18,PHI,same,1.0,205.123304,0.155187,False,0.99,False,0.99,False,0.99,"post-hoc, exploratory; designed and selected on training only"
nfl_20251116_chi_min,NFL,,1.763326959e+18,CHI,same,1.0,193.070943,5.340309,False,0.99,False,0.99,False,0.99,"post-hoc, exploratory; designed and selected on training only"
nfl_20251116_cin_pit,NFL,,1.76332752e+18,PIT,same,1.0,184.672925,23.710734,False,0.99,False,0.99,False,0.99,"post-hoc, exploratory; designed and selected on training only"
nfl_20251116_sf_ari,NFL,,1.76333824e+18,SF,same,1.0,278.461496,6.805456,False,0.99,False,0.99,False,0.99,"post-hoc, exploratory; designed and selected on training only"
nfl_20251116_car_atl,NFL,,1.763328845e+18,CAR,same,1.0,82.789125,4.678234,False,0.99,False,0.99,False,0.99,"post-hoc, exploratory; designed and selected on training only"
nfl_20251116_tb_buf,NFL,,1.763327834e+18,BUF,same,1.0,192.203782,20.79158,False,0.99,False,0.99,False,0.99,"post-hoc, exploratory; designed and selected on training only"
nfl_20251116_lac_jac,NFL,,1.763326153e+18,JAC,same,1.0,45.786981,13.746386,False,0.99,False,0.99,False,0.99,"post-hoc, exploratory; designed and selected on training only"
nfl_20251116_bal_cle,NFL,,1.763339129e+18,BAL,same,1.0,303.892171,1.842841,False,0.99,False,0.99,False,0.99,"post-hoc, exploratory; designed and selected on training only"
nfl_20251118_dal_lv,NFL,,1.763439089e+18,DAL,same,1.0,244.888852,14.364163,False,0.99,False,0.99,False,0.99,"post-hoc, exploratory; designed and selected on training only"
cfb_20251119_akr_bgsu,CFB,,1.763523489e+18,AKR,same,1.0,142.241013,7.241379,False,0.99,False,0.99,False,0.99,"post-hoc, exploratory; designed and selected on training only"
cfb_20251119_mass_ohio,CFB,,1.763523399e+18,OHIO,same,1.0,95.559133,95.559133,False,0.99,False,0.99,False,0.99,"post-hoc, exploratory; designed and selected on training only"
cfb_20251119_wmu_niu,CFB,,1.763521945e+18,WMU,same,1.0,3383.334519,59.606191,False,0.99,False,0.99,False,0.99,"post-hoc, exploratory; designed and selected on training only"
cfb_20251120_cmu_kent,CFB,,1.763608533e+18,CMU,same,1.0,293.805728,32.481045,False,0.99,False,0.99,False,0.99,"post-hoc, exploratory; designed and selected on training only"
cfb_20251120_moh_buff,CFB,,1.763610156e+18,MOH,same,1.0,162.828147,8.170505,False,0.99,False,0.99,False,0.99,"post-hoc, exploratory; designed and selected on training only"
nfl_20251121_buf_hou,NFL,,1.76369922e+18,HOU,same,1.0,222.512181,0.363998,False,0.99,False,0.99,False,0.99,"post-hoc, exploratory; designed and selected on training only"
cfb_20251121_ull_arst,CFB,,1.763698852e+18,ULL,same,1.0,265.042701,2.887017,False,0.99,False,0.99,False,0.99,"post-hoc, exploratory; designed and selected on training only"
cfb_20251122_haw_unlv,CFB,,1.763794021e+18,UNLV,same,1.0,197.527084,83.063743,False,0.99,False,0.99,False,0.99,"post-hoc, exploratory; designed and selected on training only"
cfb_20251122_fsu_ncst,CFB,,1.763785794e+18,NCST,same,1.0,54.731779,4.416869,False,0.99,False,0.99,False,0.99,"post-hoc, exploratory; designed and selected on training only"
cfb_20251122_del_wake,CFB,,1.763842054e+18,WAKE,same,1.0,-433.727916,,False,0.99,False,0.99,False,0.99,"post-hoc, exploratory; designed and selected on training only"
cfb_20251122_odu_gaso,CFB,,1.763846293e+18,ODU,same,1.0,466.901698,,False,0.99,False,0.99,False,0.99,"post-hoc, exploratory; designed and selected on training only"
cfb_20251122_usf_uab,CFB,,1.763854527e+18,USF,same,1.0,-458.185766,,False,0.99,False,0.99,False,0.99,"post-hoc, exploratory; designed and selected on training only"
cfb_20251122_ark_tex,CFB,,1.76385755e+18,TEX,same,1.0,327.92872,21.615315,False,0.99,False,0.99,False,0.99,"post-hoc, exploratory; designed and selected on training only"
cfb_20251123_neb_psu,CFB,,1.763867658e+18,PSU,same,1.0,74.517252,,False,0.99,False,0.99,False,0.99,"post-hoc, exploratory; designed and selected on training only"
cfb_20251122_harv_yale,CFB,,1.763843308e+18,YALE,same,1.0,413.778387,16.210677,False,0.99,False,0.99,False,0.99,"post-hoc, exploratory; designed and selected on training only"
cfb_20251122_eiu_ala,CFB,,1.76384913e+18,ALA,same,1.0,-676.337832,,False,0.99,False,0.99,False,0.99,"post-hoc, exploratory; designed and selected on training only"
cfb_20251122_ccar_scar,CFB,,1.763857763e+18,SCAR,same,1.0,-3300.365759,,False,0.99,False,0.99,False,0.99,"post-hoc, exploratory; designed and selected on training only"
cfb_20251122_fur_clem,CFB,,1.76385917e+18,CLEM,same,1.0,-876.154685,,False,0.98,False,0.98,False,0.98,"post-hoc, exploratory; designed and selected on training only"
cfb_20251122_rutg_osu,CFB,,1.763842985e+18,OSU,same,1.0,-40.522256,,False,0.99,False,0.99,False,0.99,"post-hoc, exploratory; designed and selected on training only"
cfb_20251123_byu_cin,CFB,,1.763872281e+18,BYU,same,1.0,238.650216,2.049735,False,0.99,False,0.99,False,0.99,"post-hoc, exploratory; designed and selected on training only"
cfb_20251122_msu_iowa,CFB,,1.763856025e+18,IOWA,same,1.0,55.124911,0.252526,False,0.99,False,0.99,False,0.99,"post-hoc, exploratory; designed and selected on training only"
cfb_20251122_nmsu_utep,CFB,,1.763854927e+18,NMSU,same,1.0,-79.40411,,False,0.99,False,0.99,False,0.99,"post-hoc, exploratory; designed and selected on training only"
cfb_20251123_unm_afa,CFB,,1.763866426e+18,UNM,same,1.0,59.215678,23.081689,False,0.99,False,0.99,False,0.99,"post-hoc, exploratory; designed and selected on training only"
cfb_20251122_mer_aub,CFB,,1.763849342e+18,AUB,same,1.0,74.720786,,False,0.99,False,0.99,False,0.99,"post-hoc, exploratory; designed and selected on training only"
cfb_20251123_wku_lsu,CFB,,1.763871439e+18,LSU,same,1.0,153.868671,7.684112,False,0.99,False,0.99,False,0.99,"post-hoc, exploratory; designed and selected on training only"
cfb_20251122_mosu_kenn,CFB,,1.763850695e+18,KENN,same,1.0,270.816057,8.972468,False,0.99,False,0.99,False,0.99,"post-hoc, exploratory; designed and selected on training only"
cfb_20251122_lou_smu,CFB,,1.763842678e+18,SMU,same,1.0,246.126653,74.736925,False,0.99,False,0.99,False,0.99,"post-hoc, exploratory; designed and selected on training only"
cfb_20251123_cal_stan,CFB,,1.763870544e+18,STAN,same,1.0,188.823345,42.47441,False,0.99,False,0.99,False,0.99,"post-hoc, exploratory; designed and selected on training only"
cfb_20251123_wash_ucla,CFB,,1.763881588e+18,WASH,same,1.0,25.827872,,False,0.99,False,0.99,False,0.99,"post-hoc, exploratory; designed and selected on training only"
cfb_20251123_ill_wis,CFB,,1.763869673e+18,WIS,same,1.0,161.876999,121.741236,False,0.99,False,0.99,False,0.99,"post-hoc, exploratory; designed and selected on training only"
cfb_20251122_conn_fau,CFB,,1.763855442e+18,CONN,same,1.0,329.780754,5.581066,False,0.99,False,0.99,False,0.99,"post-hoc, exploratory; designed and selected on training only"
cfb_20251122_syr_nd,CFB,,1.763854698e+18,ND,same,1.0,-2527.462738,,False,0.99,False,0.99,False,0.99,"post-hoc, exploratory; designed and selected on training only"
cfb_20251122_bay_ariz,CFB,,1.763846245e+18,ARIZ,same,1.0,243.461662,22.765523,False,0.99,False,0.99,False,0.99,"post-hoc, exploratory; designed and selected on training only"
cfb_20251122_ecu_utsa,CFB,,1.763856799e+18,UTSA,same,1.0,165.602568,,False,0.99,False,0.99,False,0.99,"post-hoc, exploratory; designed and selected on training only"
cfb_20251123_tenn_fla,CFB,,1.763870218e+18,TENN,same,1.0,237.136767,108.503775,False,0.99,False,0.99,False,0.99,"post-hoc, exploratory; designed and selected on training only"
cfb_20251122_tcu_hou,CFB,,1.763857177e+18,TCU,same,1.0,76.913699,0.069267,False,0.99,False,0.99,False,0.99,"post-hoc, exploratory; designed and selected on training only"
cfb_20251122_duke_unc,CFB,,1.763855561e+18,DUKE,same,1.0,152.509021,14.002308,False,0.99,False,0.99,False,0.99,"post-hoc, exploratory; designed and selected on training only"
cfb_20251123_csu_bsu,CFB,,1.763869677e+18,BSU,same,1.0,40.993165,,False,0.99,False,0.99,False,0.99,"post-hoc, exploratory; designed and selected on training only"
cfb_20251122_wsu_jmu,CFB,,1.763846406e+18,JMU,same,1.0,59.918957,11.739573,False,0.99,False,0.99,False,0.99,"post-hoc, exploratory; designed and selected on training only"
cfb_20251122_ball_tol,CFB,,1.76385011e+18,TOL,same,1.0,231.901872,,False,0.99,False,0.99,False,0.99,"post-hoc, exploratory; designed and selected on training only"
cfb_20251122_tuln_tem,CFB,,1.763857365e+18,TULN,same,1.0,48.33006,,False,0.99,False,0.99,False,0.99,"post-hoc, exploratory; designed and selected on training only"
cfb_20251123_unt_rice,CFB,,1.76386945e+18,UNT,same,1.0,-152.536758,,False,0.99,False,0.99,False,0.99,"post-hoc, exploratory; designed and selected on training only"
cfb_20251122_jvst_fiu,CFB,,1.763856409e+18,FIU,same,1.0,222.865814,0.897427,False,0.99,False,0.99,False,0.99,"post-hoc, exploratory; designed and selected on training only"
cfb_20251122_shsu_mtu,CFB,,1.763853577e+18,MTU,same,1.0,146.911569,,False,0.99,False,0.99,False,0.99,"post-hoc, exploratory; designed and selected on training only"
cfb_20251122_mich_md,CFB,,1.763856945e+18,MICH,same,1.0,264.554719,70.896777,False,0.99,False,0.99,False,0.99,"post-hoc, exploratory; designed and selected on training only"
cfb_20251122_okst_ucf,CFB,,1.763856418e+18,UCF,same,1.0,241.464923,6.814329,False,0.99,False,0.99,False,0.99,"post-hoc, exploratory; designed and selected on training only"
cfb_20251122_usm_usa,CFB,,1.763856502e+18,USA,same,1.0,153.113231,46.297807,False,0.99,False,0.99,False,0.99,"post-hoc, exploratory; designed and selected on training only"
cfb_20251123_pitt_gt,CFB,,1.763869231e+18,PITT,same,1.0,278.230907,1.962088,False,0.99,False,0.99,False,0.99,"post-hoc, exploratory; designed and selected on training only"
cfb_20251122_mizz_okla,CFB,,1.763843855e+18,OKLA,same,1.0,261.284217,5.350134,False,0.99,False,0.99,False,0.99,"post-hoc, exploratory; designed and selected on training only"
cfb_20251122_uk_van,CFB,,1.763856857e+18,VAN,same,1.0,-118.504167,,False,0.99,False,0.99,False,0.99,"post-hoc, exploratory; designed and selected on training only"
cfb_20251122_sam_txam,CFB,,1.763842027e+18,TXAM,same,1.0,253.885637,,False,0.99,False,0.99,False,0.99,"post-hoc, exploratory; designed and selected on training only"
cfb_20251122_gast_troy,CFB,,1.763857874e+18,TROY,same,1.0,237.101942,54.439333,False,0.99,False,0.99,False,0.99,"post-hoc, exploratory; designed and selected on training only"
cfb_20251122_tlsa_army,CFB,,1.763842799e+18,TLSA,same,1.0,-174.17085,,False,0.99,False,0.99,False,0.99,"post-hoc, exploratory; designed and selected on training only"
cfb_20251122_ksu_utah,CFB,play or score after marker,,,,,,,,,,,,,"post-hoc, exploratory; designed and selected on training only"
cfb_20251122_mrsh_app,CFB,,1.763851339e+18,APP,same,1.0,209.666682,1.354285,False,0.99,False,0.99,False,0.99,"post-hoc, exploratory; designed and selected on training only"
cfb_20251122_ulm_txst,CFB,,1.763859882e+18,TXST,same,1.0,-8.041585,,False,0.99,False,0.99,False,0.99,"post-hoc, exploratory; designed and selected on training only"
cfb_20251123_asu_colo,CFB,,1.763873015e+18,ASU,same,1.0,59.153114,59.153114,False,0.99,False,0.99,False,0.99,"post-hoc, exploratory; designed and selected on training only"
cfb_20251122_char_uga,CFB,,1.763843909e+18,UGA,same,1.0,-514.283216,,False,0.99,False,0.99,False,0.99,"post-hoc, exploratory; designed and selected on training only"
cfb_20251122_nev_wyo,CFB,,1.763848896e+18,NEV,same,1.0,245.680478,0.865028,False,0.99,False,0.99,False,0.99,"post-hoc, exploratory; designed and selected on training only"
cfb_20251122_lib_lt,CFB,no untied end marker,,,,,,,,,,,,,"post-hoc, exploratory; designed and selected on training only"
cfb_20251123_usu_fres,CFB,,1.763882501e+18,USU,same,1.0,-1261.747264,,False,0.99,False,0.99,False,0.99,"post-hoc, exploratory; designed and selected on training only"
cfb_20251123_sjsu_sdsu,CFB,,1.763880042e+18,SDSU,same,1.0,167.652698,58.444925,False,0.99,False,0.99,False,0.99,"post-hoc, exploratory; designed and selected on training only"
cfb_20251122_ku_isu,CFB,,1.763841942e+18,ISU,same,1.0,-33.260715,,False,0.99,False,0.99,False,0.99,"post-hoc, exploratory; designed and selected on training only"
cfb_20251122_minn_nw,CFB,,1.763843129e+18,NW,same,1.0,67.82918,0.332875,False,0.99,False,0.99,False,0.99,"post-hoc, exploratory; designed and selected on training only"
cfb_20251122_usc_ore,CFB,,1.763857889e+18,ORE,same,1.0,249.542876,20.209381,False,0.99,False,0.99,False,0.99,"post-hoc, exploratory; designed and selected on training only"
cfb_20251122_mia_vt,CFB,,1.76384435e+18,MIA,same,1.0,308.348823,217.978709,False,0.99,False,0.99,False,0.99,"post-hoc, exploratory; designed and selected on training only"
nfl_20251123_phi_dal,NFL,,1.763945126e+18,DAL,same,1.0,315.730601,7.474754,False,0.99,False,0.99,False,0.99,"post-hoc, exploratory; designed and selected on training only"
nfl_20251123_nyj_bal,NFL,,1.763931255e+18,BAL,same,1.0,82.812279,27.384504,False,0.99,False,0.99,False,0.99,"post-hoc, exploratory; designed and selected on training only"
nfl_20251123_jac_ari,NFL,,1.763944026e+18,JAC,same,1.0,220.720865,12.660668,False,0.99,False,0.99,False,0.99,"post-hoc, exploratory; designed and selected on training only"
nfl_20251123_ne_cin,NFL,,1.763932786e+18,NE,same,1.0,56.797625,0.141896,False,0.99,False,0.99,False,0.99,"post-hoc, exploratory; designed and selected on training only"
nfl_20251123_atl_no,NFL,,1.763944129e+18,ATL,same,1.0,117.072657,1.666268,False,0.99,False,0.99,False,0.99,"post-hoc, exploratory; designed and selected on training only"
nfl_20251123_ind_kc,NFL,,1.763933735e+18,KC,same,1.0,310.284427,0.086163,False,0.99,False,0.99,False,0.99,"post-hoc, exploratory; designed and selected on training only"
nfl_20251123_cle_lv,NFL,,1.763943233e+18,CLE,same,1.0,109.92062,7.956936,False,0.99,False,0.99,False,0.99,"post-hoc, exploratory; designed and selected on training only"
nfl_20251123_pit_chi,NFL,,1.763932218e+18,CHI,same,1.0,318.822678,0.860553,False,0.99,False,0.99,False,0.99,"post-hoc, exploratory; designed and selected on training only"
nfl_20251123_min_gb,NFL,,1.763930583e+18,GB,same,1.0,130.795446,20.468584,False,0.99,False,0.99,False,0.99,"post-hoc, exploratory; designed and selected on training only"
nfl_20251123_sea_ten,NFL,,1.763932324e+18,SEA,same,1.0,207.102071,35.27484,False,0.99,False,0.99,False,0.99,"post-hoc, exploratory; designed and selected on training only"
nfl_20251124_tb_la,NFL,,1.763957643e+18,LA,same,1.0,63.421363,,False,0.99,False,0.99,False,0.99,"post-hoc, exploratory; designed and selected on training only"
nfl_20251123_nyg_det,NFL,,1.763933369e+18,DET,same,1.0,133.555091,8.477383,False,0.99,False,0.99,False,0.99,"post-hoc, exploratory; designed and selected on training only"
nfl_20251125_car_sf,NFL,,1.764043076e+18,SF,same,1.0,194.315947,5.359507,False,0.99,False,0.99,False,0.99,"post-hoc, exploratory; designed and selected on training only"
cfb_20251126_wmu_emu,CFB,,1.764129264e+18,WMU,same,1.0,10.556199,,False,0.99,False,0.99,False,0.99,"post-hoc, exploratory; designed and selected on training only"
cfb_20251125_bgsu_mass,CFB,,1.764117145e+18,BGSU,same,1.0,142.50533,137.29924,False,0.99,False,0.99,False,0.99,"post-hoc, exploratory; designed and selected on training only"
cfb_20251128_navy_mem,CFB,,1.764301916e+18,NAVY,same,1.0,208.274578,10.09455,False,0.99,False,0.99,False,0.99,"post-hoc, exploratory; designed and selected on training only"
nfl_20251128_cin_bal,NFL,,1.764304986e+18,CIN,same,1.0,147.348547,8.420461,False,0.99,False,0.99,False,0.99,"post-hoc, exploratory; designed and selected on training only"
nfl_20251127_kc_dal,NFL,,1.764291514e+18,DAL,same,1.0,141.45495,0.140631,False,0.99,False,0.99,False,0.99,"post-hoc, exploratory; designed and selected on training only"
nfl_20251127_gb_det,NFL,,1.764278212e+18,GB,same,1.0,232.641952,0.037078,False,0.99,False,0.99,False,0.99,"post-hoc, exploratory; designed and selected on training only"
cfb_20251128_miss_msst,CFB,,1.764362279e+18,MISS,same,1.0,146.822528,45.331327,False,0.99,False,0.99,False,0.99,"post-hoc, exploratory; designed and selected on training only"
cfb_20251128_iowa_neb,CFB,,1.764361438e+18,IOWA,same,1.0,86.513168,15.614425,False,0.99,False,0.99,False,0.99,"post-hoc, exploratory; designed and selected on training only"
cfb_20251128_tem_unt,CFB,,1.764374769e+18,UNT,same,1.0,191.848744,191.848744,False,0.99,False,0.99,False,0.99,"post-hoc, exploratory; designed and selected on training only"
cfb_20251129_ind_pur,CFB,,1.764389291e+18,IND,same,1.0,138.625831,,False,0.99,False,0.99,False,0.99,"post-hoc, exploratory; designed and selected on training only"
nfl_20251128_chi_phi,NFL,,1.764370944e+18,CHI,same,1.0,197.189711,2.198568,False,0.99,False,0.99,False,0.99,"post-hoc, exploratory; designed and selected on training only"
cfb_20251129_txam_tex,CFB,,1.764389757e+18,TEX,same,1.0,274.058674,0.193885,False,0.99,False,0.99,False,0.99,"post-hoc, exploratory; designed and selected on training only"
cfb_20251128_bsu_usu,CFB,,1.764378073e+18,BSU,same,1.0,247.910874,0.049941,False,0.99,False,0.99,False,0.99,"post-hoc, exploratory; designed and selected on training only"
cfb_20251128_afa_csu,CFB,,1.764371203e+18,AFA,same,1.0,231.30088,148.221315,False,0.99,False,0.99,False,0.99,"post-hoc, exploratory; designed and selected on training only"
cfb_20251128_kent_niu,CFB,,1.764360217e+18,KENT,same,1.0,130.414994,0.377622,False,0.99,False,0.99,False,0.99,"post-hoc, exploratory; designed and selected on training only"
cfb_20251128_sdsu_unm,CFB,no untied end marker,,,,,,,,,,,,,"post-hoc, exploratory; designed and selected on training only"
cfb_20251128_uga_gt,CFB,,1.764374101e+18,UGA,same,1.0,28.954754,5.966333,False,0.99,False,0.99,False,0.99,"post-hoc, exploratory; designed and selected on training only"
cfb_20251128_utah_ku,CFB,,1.764361448e+18,UTAH,same,1.0,64.949901,0.174822,False,0.99,False,0.99,False,0.99,"post-hoc, exploratory; designed and selected on training only"
cfb_20251129_ariz_asu,CFB,,1.764394563e+18,ARIZ,same,1.0,264.399856,42.144707,False,0.99,False,0.99,False,0.99,"post-hoc, exploratory; designed and selected on training only"
cfb_20251128_ohio_buff,CFB,,1.764361818e+18,OHIO,same,1.0,306.217568,3.136625,False,0.99,False,0.99,False,0.99,"post-hoc, exploratory; designed and selected on training only"
cfb_20251129_ball_moh,CFB,,1.764447823e+18,MOH,same,1.0,-105.117069,,False,0.99,False,0.99,False,0.99,"post-hoc, exploratory; designed and selected on training only"
cfb_20251129_usa_txst,CFB,,1.764458529e+18,TXST,same,1.0,-66.269475,,False,0.99,False,0.99,False,0.99,"post-hoc, exploratory; designed and selected on training only"
cfb_20251130_fres_sjsu,CFB,,1.764485558e+18,FRES,same,1.0,-125.874312,,False,0.99,False,0.99,False,0.99,"post-hoc, exploratory; designed and selected on training only"
cfb_20251129_fiu_shsu,CFB,,1.764451384e+18,FIU,same,1.0,174.337899,,False,0.99,False,0.99,False,0.99,"post-hoc, exploratory; designed and selected on training only"
cfb_20251129_ucf_byu,CFB,,1.764451122e+18,BYU,same,1.0,130.905979,130.905979,False,0.99,False,0.99,False,0.99,"post-hoc, exploratory; designed and selected on training only"
cfb_20251129_kenn_lib,CFB,no untied end marker,,,,,,,,,,,,,"post-hoc, exploratory; designed and selected on training only"
cfb_20251129_uk_lou,CFB,,1.764447729e+18,LOU,same,1.0,211.805527,73.152163,False,0.99,False,0.99,False,0.99,"post-hoc, exploratory; designed and selected on training only"
cfb_20251129_isu_okst,CFB,,1.764446597e+18,ISU,same,1.0,406.493476,86.288988,False,0.97,False,0.99,False,0.99,"post-hoc, exploratory; designed and selected on training only"
cfb_20251130_nd_stan,CFB,,1.764486483e+18,ND,same,1.0,-131.206023,,False,0.99,False,0.99,False,0.99,"post-hoc, exploratory; designed and selected on training only"
cfb_20251129_van_tenn,CFB,,1.76446136e+18,VAN,same,1.0,73.777215,0.875705,False,0.99,False,0.99,False,0.99,"post-hoc, exploratory; designed and selected on training only"
cfb_20251130_smu_cal,CFB,,1.764477441e+18,CAL,same,1.0,186.947067,1.810867,False,0.99,False,0.99,False,0.99,"post-hoc, exploratory; designed and selected on training only"
cfb_20251129_fsu_fla,CFB,,1.764464825e+18,FLA,same,1.0,207.329565,103.701872,False,0.99,False,0.99,False,0.99,"post-hoc, exploratory; designed and selected on training only"
cfb_20251129_wku_jvst,CFB,,1.764454496e+18,JVST,same,1.0,48.802093,0.114531,False,0.99,False,0.99,False,0.99,"post-hoc, exploratory; designed and selected on training only"
cfb_20251129_lsu_okla,CFB,,1.76446113e+18,OKLA,same,1.0,315.911386,0.697353,False,0.99,False,0.99,False,0.99,"post-hoc, exploratory; designed and selected on training only"
cfb_20251129_troy_usm,CFB,,1.764460307e+18,TROY,same,1.0,102.673476,101.908801,False,0.98,False,0.99,False,0.99,"post-hoc, exploratory; designed and selected on training only"
cfb_20251130_nw_ill,CFB,,1.764474675e+18,ILL,same,1.0,172.958597,30.493939,False,0.99,False,0.99,False,0.99,"post-hoc, exploratory; designed and selected on training only"
cfb_20251130_vt_uva,CFB,,1.764472816e+18,UVA,same,1.0,5.818495,5.818495,False,0.99,False,0.99,False,0.99,"post-hoc, exploratory; designed and selected on training only"
cfb_20251129_arst_app,CFB,,1.764457289e+18,ARST,same,1.0,252.343253,28.468724,False,0.99,False,0.99,False,0.99,"post-hoc, exploratory; designed and selected on training only"
cfb_20251129_ore_wash,CFB,,1.764461116e+18,ORE,same,1.0,34.180884,6.115361,False,0.99,False,0.99,False,0.99,"post-hoc, exploratory; designed and selected on training only"
cfb_20251129_mizz_ark,CFB,,1.764460346e+18,MIZZ,same,1.0,201.395775,49.086839,False,0.99,False,0.99,False,0.99,"post-hoc, exploratory; designed and selected on training only"
cfb_20251130_wyo_haw,CFB,,1.764486945e+18,HAW,same,1.0,252.188479,252.188479,False,0.99,False,0.99,False,0.99,"post-hoc, exploratory; designed and selected on training only"
cfb_20251129_hou_bay,CFB,,1.764448135e+18,HOU,same,1.0,154.757824,1.743945,False,0.99,False,0.99,False,0.99,"post-hoc, exploratory; designed and selected on training only"
cfb_20251129_clem_scar,CFB,,1.764448484e+18,CLEM,same,1.0,105.148437,4.129662,False,0.99,False,0.99,False,0.99,"post-hoc, exploratory; designed and selected on training only"
cfb_20251129_psu_rutg,CFB,,1.764460582e+18,PSU,same,1.0,243.970922,32.328063,False,0.99,False,0.99,False,0.99,"post-hoc, exploratory; designed and selected on training only"
cfb_20251129_ucla_usc,CFB,,1.764475019e+18,USC,same,1.0,193.072799,134.761584,False,0.99,False,0.99,False,0.99,"post-hoc, exploratory; designed and selected on training only"
cfb_20251129_mia_pitt,CFB,,1.764447907e+18,MIA,same,1.0,363.157197,33.325171,False,0.99,False,0.99,False,0.99,"post-hoc, exploratory; designed and selected on training only"
cfb_20251129_gaso_mrsh,CFB,,1.764452809e+18,GASO,same,1.0,245.943388,2.45376,False,0.99,False,0.99,False,0.99,"post-hoc, exploratory; designed and selected on training only"
cfb_20251129_colo_ksu,CFB,,1.764446731e+18,KSU,same,1.0,14.047657,,False,0.99,False,0.99,False,0.99,"post-hoc, exploratory; designed and selected on training only"
cfb_20251129_bc_syr,CFB,,1.764458391e+18,BC,same,1.0,-108.285961,,False,0.99,False,0.99,False,0.99,"post-hoc, exploratory; designed and selected on training only"
cfb_20251129_mtu_nmsu,CFB,no untied end marker,,,,,,,,,,,,,"post-hoc, exploratory; designed and selected on training only"
cfb_20251130_rice_usf,CFB,,1.764471931e+18,USF,same,1.0,300.984043,,False,0.99,False,0.99,False,0.99,"post-hoc, exploratory; designed and selected on training only"
cfb_20251129_ball_oh,CFB,,1.764447823e+18,M-OH,same,1.0,138.825015,,False,0.99,False,0.99,False,0.99,"post-hoc, exploratory; designed and selected on training only"
cfb_20251129_jmu_ccar,CFB,,1.764461955e+18,JMU,same,1.0,324.009645,,False,0.99,False,0.99,False,0.99,"post-hoc, exploratory; designed and selected on training only"
cfb_20251130_char_tuln,CFB,,1.764474269e+18,TULN,same,1.0,-498.074778,,False,0.99,False,0.99,False,0.99,"post-hoc, exploratory; designed and selected on training only"
cfb_20251129_ecu_fau,CFB,,1.764447342e+18,ECU,same,1.0,247.916644,247.916644,False,0.99,False,0.99,False,0.99,"post-hoc, exploratory; designed and selected on training only"
cfb_20251129_utep_del,CFB,,1.764452088e+18,DEL,same,1.0,157.612924,,False,0.99,False,0.99,False,0.99,"post-hoc, exploratory; designed and selected on training only"
cfb_20251129_tol_cmu,CFB,,1.764446808e+18,TOL,same,1.0,235.297125,26.50138,False,0.99,False,0.99,False,0.99,"post-hoc, exploratory; designed and selected on training only"
cfb_20251130_unc_ncst,CFB,,1.764475364e+18,NCST,same,1.0,78.438052,,False,0.99,False,0.99,False,0.99,"post-hoc, exploratory; designed and selected on training only"
cfb_20251129_ttu_wvu,CFB,,1.764447876e+18,TTU,same,1.0,-189.378035,,False,0.99,False,0.99,False,0.99,"post-hoc, exploratory; designed and selected on training only"
cfb_20251129_army_utsa,CFB,,1.764460958e+18,ARMY,same,1.0,170.744995,0.832809,False,0.99,False,0.99,False,0.99,"post-hoc, exploratory; designed and selected on training only"
cfb_20251129_wis_minn,CFB,,1.764459919e+18,MINN,same,1.0,23.825019,3.821169,False,0.99,False,0.99,False,0.99,"post-hoc, exploratory; designed and selected on training only"
cfb_20251130_unlv_nev,CFB,,1.764480732e+18,UNLV,same,1.0,167.260829,,False,0.99,False,0.99,False,0.99,"post-hoc, exploratory; designed and selected on training only"
cfb_20251129_orst_wsu,CFB,,1.76447205e+18,WSU,same,1.0,100.279081,,False,0.99,False,0.99,False,0.99,"post-hoc, exploratory; designed and selected on training only"
cfb_20251130_md_msu,CFB,,1.764474261e+18,MSU,same,1.0,39.001042,5.659522,False,0.99,False,0.99,False,0.99,"post-hoc, exploratory; designed and selected on training only"
cfb_20251129_cin_tcu,CFB,,1.764465924e+18,TCU,same,1.0,-218.190108,,False,0.99,False,0.99,False,0.99,"post-hoc, exploratory; designed and selected on training only"
cfb_20251129_gast_odu,CFB,,1.764454462e+18,ODU,same,1.0,81.83372,,False,0.99,False,0.99,False,0.99,"post-hoc, exploratory; designed and selected on training only"
cfb_20251129_uab_tlsa,CFB,,1.764457741e+18,UAB,same,1.0,400.777575,61.619344,False,0.98,False,0.99,False,0.99,"post-hoc, exploratory; designed and selected on training only"
cfb_20251129_osu_mich,CFB,,1.764448295e+18,OSU,same,1.0,0.399395,,False,0.99,False,0.99,False,0.99,"post-hoc, exploratory; designed and selected on training only"
cfb_20251129_ulm_ull,CFB,no untied end marker,,,,,,,,,,,,,"post-hoc, exploratory; designed and selected on training only"
cfb_20251130_ala_aub,CFB,,1.76447693e+18,ALA,same,1.0,103.411904,3.837656,False,0.99,False,0.99,False,0.99,"post-hoc, exploratory; designed and selected on training only"
cfb_20251129_lt_mosu,CFB,,1.764454514e+18,LT,same,1.0,292.030224,6.295243,False,0.99,False,0.99,False,0.99,"post-hoc, exploratory; designed and selected on training only"
cfb_20251129_wake_duke,CFB,,1.76446137e+18,DUKE,same,1.0,370.743094,49.392708,False,0.99,False,0.99,False,0.99,"post-hoc, exploratory; designed and selected on training only"
nfl_20251130_buf_pit,NFL,,1.764548266e+18,BUF,same,1.0,180.577525,8.319467,False,0.99,False,0.99,False,0.99,"post-hoc, exploratory; designed and selected on training only"
nfl_20251130_la_car,NFL,,1.764535535e+18,CAR,same,1.0,320.069188,0.26142,False,0.99,False,0.99,False,0.99,"post-hoc, exploratory; designed and selected on training only"
nfl_20251201_den_was,NFL,,1.764565254e+18,DEN,same,1.0,124.560005,6.443006,False,0.99,False,0.99,False,0.99,"post-hoc, exploratory; designed and selected on training only"
nfl_20251130_hou_ind,NFL,,1.764536454e+18,HOU,same,1.0,272.693741,2.301812,False,0.99,False,0.99,False,0.99,"post-hoc, exploratory; designed and selected on training only"
nfl_20251130_sf_cle,NFL,,1.764536061e+18,SF,same,1.0,83.092789,12.524807,False,0.99,False,0.99,False,0.99,"post-hoc, exploratory; designed and selected on training only"
nfl_20251130_no_mia,NFL,,1.764536843e+18,MIA,same,1.0,185.205268,4.587984,False,0.99,False,0.99,False,0.99,"post-hoc, exploratory; designed and selected on training only"
nfl_20251130_ari_tb,NFL,,1.76453589e+18,TB,same,1.0,261.872362,1.954009,False,0.99,False,0.99,False,0.99,"post-hoc, exploratory; designed and selected on training only"
nfl_20251130_atl_nyj,NFL,,1.764537077e+18,NYJ,same,1.0,286.825536,5.339628,False,0.99,False,0.99,False,0.99,"post-hoc, exploratory; designed and selected on training only"
nfl_20251130_min_sea,NFL,,1.764546844e+18,SEA,same,1.0,79.565442,52.695784,False,0.99,False,0.99,False,0.99,"post-hoc, exploratory; designed and selected on training only"
nfl_20251130_lv_lac,NFL,,1.76454808e+18,LAC,same,1.0,33.386778,5.997232,False,0.99,False,0.99,False,0.99,"post-hoc, exploratory; designed and selected on training only"
nfl_20251130_jac_ten,NFL,,1.764536956e+18,JAC,same,1.0,98.729068,46.219133,False,0.99,False,0.99,False,0.99,"post-hoc, exploratory; designed and selected on training only"
nfl_20251202_nyg_ne,NFL,,1.764648316e+18,NE,same,1.0,317.346403,7.534223,False,0.99,False,0.99,False,0.99,"post-hoc, exploratory; designed and selected on training only"
nfl_20251205_dal_det,NFL,,1.764909433e+18,DET,same,1.0,222.469175,0.027218,False,0.99,False,0.99,False,0.99,"post-hoc, exploratory; designed and selected on training only"
cfb_20251206_kenn_jvst,CFB,play or score after marker,,,,,,,,,,,,,"post-hoc, exploratory; designed and selected on training only"
cfb_20251206_unlv_bsu,CFB,,1.764996216e+18,BSU,same,1.0,111.770019,8.072631,False,0.99,False,0.99,False,0.99,"post-hoc, exploratory; designed and selected on training only"
cfb_20251206_troy_jmu,CFB,,1.764992499e+18,JMU,same,1.0,221.209455,67.70066,False,0.99,False,0.99,False,0.99,"post-hoc, exploratory; designed and selected on training only"
cfb_20251206_unt_tuln,CFB,,1.764996365e+18,TULN,same,1.0,261.905895,5.657256,False,0.99,False,0.99,False,0.99,"post-hoc, exploratory; designed and selected on training only"
cfb_20251207_ind_osu,CFB,,1.765081485e+18,IND,same,1.0,40.898182,1.252644,False,0.99,False,0.99,False,0.99,"post-hoc, exploratory; designed and selected on training only"
cfb_20251206_uga_ala,CFB,,1.765067116e+18,UGA,same,1.0,352.589297,16.398639,False,0.99,False,0.99,False,0.99,"post-hoc, exploratory; designed and selected on training only"
cfb_20251207_duke_uva,CFB,no untied end marker,,,,,,,,,,,,,"post-hoc, exploratory; designed and selected on training only"
cfb_20251206_byu_ttu,CFB,,1.765052561e+18,TTU,same,1.0,167.276186,16.105498,False,0.99,False,0.99,False,0.99,"post-hoc, exploratory; designed and selected on training only"
cfb_20251206_oh_wmu,CFB,,1.765053663e+18,WMU,same,1.0,243.437664,26.574992,False,0.99,False,0.99,False,0.99,"post-hoc, exploratory; designed and selected on training only"
nfl_20251207_la_ari,NFL,,1.765153221e+18,LA,same,1.0,321.167229,15.27533,False,0.99,False,0.99,False,0.99,"post-hoc, exploratory; designed and selected on training only"
nfl_20251207_sea_atl,NFL,,1.765140991e+18,SEA,same,1.0,256.564726,25.762644,False,0.99,False,0.99,False,0.99,"post-hoc, exploratory; designed and selected on training only"
nfl_20251207_ind_jac,NFL,,1.76514209e+18,JAC,same,1.0,67.400896,13.427517,False,0.99,False,0.99,False,0.99,"post-hoc, exploratory; designed and selected on training only"
nfl_20251207_no_tb,NFL,,1.765141647e+18,NO,same,1.0,202.853158,1.074683,False,0.99,False,0.99,False,0.99,"post-hoc, exploratory; designed and selected on training only"
nfl_20251207_mia_nyj,NFL,,1.765141725e+18,MIA,same,1.0,112.952793,10.368897,False,0.99,False,0.99,False,0.99,"post-hoc, exploratory; designed and selected on training only"
nfl_20251207_pit_bal,NFL,,1.765142597e+18,PIT,same,1.0,169.112157,10.349717,False,0.99,False,0.99,False,0.99,"post-hoc, exploratory; designed and selected on training only"
nfl_20251207_chi_gb,NFL,,1.765153373e+18,GB,same,1.0,168.835565,0.250738,False,0.99,False,0.99,False,0.99,"post-hoc, exploratory; designed and selected on training only"
nfl_20251207_den_lv,NFL,,1.76515172e+18,DEN,same,1.0,379.044528,11.583598,False,0.99,False,0.99,False,0.99,"post-hoc, exploratory; designed and selected on training only"
nfl_20251207_ten_cle,NFL,,1.765143095e+18,TEN,same,1.0,276.610748,0.649685,False,0.99,False,0.99,False,0.99,"post-hoc, exploratory; designed and selected on training only"
nfl_20251207_cin_buf,NFL,,1.765141616e+18,BUF,same,1.0,245.635281,0.265361,False,0.99,False,0.99,False,0.99,"post-hoc, exploratory; designed and selected on training only"
nfl_20251208_hou_kc,NFL,,1.765168463e+18,HOU,same,1.0,76.813898,1.776787,False,0.99,False,0.99,False,0.99,"post-hoc, exploratory; designed and selected on training only"
nfl_20251207_was_min,NFL,,1.765140052e+18,MIN,same,1.0,315.874558,17.048582,False,0.99,False,0.99,False,0.99,"post-hoc, exploratory; designed and selected on training only"
nfl_20251208_phi_lac,NFL,,1.765255666e+18,LAC,same,1.0,191.197483,14.480398,False,0.99,False,0.99,False,0.99,"post-hoc, exploratory; designed and selected on training only"
nfl_20251212_atl_tb,NFL,,1.765514088e+18,ATL,same,1.0,1299.59222,7.185073,False,0.99,False,0.99,False,0.99,"post-hoc, exploratory; designed and selected on training only"
cfb_20251213_scst_pv,CFB,no untied end marker,,,,,,,,,,,,,"post-hoc, exploratory; designed and selected on training only"
cfb_20251214_bsu_wash,CFB,,1.765686957e+18,WASH,same,1.0,248.451883,32.94559,False,0.99,False,0.99,False,0.99,"post-hoc, exploratory; designed and selected on training only"
cfb_20251213_army_navy,CFB,,1.76566778e+18,NAVY,same,1.0,261.239721,0.168936,False,0.99,False,0.99,False,0.99,"post-hoc, exploratory; designed and selected on training only"
nfl_20251214_det_la,NFL,,1.765758941e+18,LA,same,1.0,344.308783,4.548754,False,0.99,False,0.99,False,0.99,"post-hoc, exploratory; designed and selected on training only"
nfl_20251215_min_dal,NFL,,1.765772954e+18,MIN,same,1.0,130.24147,1.473633,False,0.99,False,0.99,False,0.99,"post-hoc, exploratory; designed and selected on training only"
nfl_20251214_ten_sf,NFL,,1.765758695e+18,SF,same,1.0,239.898703,6.130084,False,0.99,False,0.99,False,0.99,"post-hoc, exploratory; designed and selected on training only"
nfl_20251214_ari_hou,NFL,,1.765746424e+18,HOU,same,1.0,302.191571,0.085679,False,0.99,False,0.99,False,0.99,"post-hoc, exploratory; designed and selected on training only"
nfl_20251214_ind_sea,NFL,,1.76575811e+18,SEA,same,1.0,150.594954,0.068747,False,0.99,False,0.99,False,0.99,"post-hoc, exploratory; designed and selected on training only"
nfl_20251214_was_nyg,NFL,,1.765746711e+18,WAS,same,1.0,254.355488,0.722285,False,0.99,False,0.99,False,0.99,"post-hoc, exploratory; designed and selected on training only"
nfl_20251214_car_no,NFL,,1.765758651e+18,NO,same,1.0,298.238886,7.377642,False,0.99,False,0.99,False,0.99,"post-hoc, exploratory; designed and selected on training only"
nfl_20251214_bal_cin,NFL,,1.765745632e+18,BAL,same,1.0,140.371079,8.787047,False,0.99,False,0.99,False,0.99,"post-hoc, exploratory; designed and selected on training only"
nfl_20251214_nyj_jac,NFL,,1.765746662e+18,JAC,same,1.0,25.758633,,False,0.99,False,0.99,False,0.99,"post-hoc, exploratory; designed and selected on training only"
nfl_20251214_buf_ne,NFL,,1.765746298e+18,BUF,same,1.0,94.920404,0.586382,False,0.99,False,0.99,False,0.99,"post-hoc, exploratory; designed and selected on training only"
nfl_20251214_gb_den,NFL,,1.765759389e+18,DEN,same,1.0,180.247387,1.225788,False,0.99,False,0.99,False,0.99,"post-hoc, exploratory; designed and selected on training only"
nfl_20251214_cle_chi,NFL,,1.765746426e+18,CHI,same,1.0,207.675459,80.469188,False,0.99,False,0.99,False,0.99,"post-hoc, exploratory; designed and selected on training only"
nfl_20251214_lv_phi,NFL,,1.765744454e+18,PHI,same,1.0,12.545183,0.138056,False,0.99,False,0.99,False,0.99,"post-hoc, exploratory; designed and selected on training only"
nfl_20251214_lac_kc,NFL,,1.765746879e+18,LAC,same,1.0,96.985148,0.016537,False,0.99,False,0.99,False,0.99,"post-hoc, exploratory; designed and selected on training only"
nfl_20251216_mia_pit,NFL,,1.76585826e+18,PIT,same,1.0,273.876782,4.044545,False,0.99,False,0.99,False,0.99,"post-hoc, exploratory; designed and selected on training only"
cfb_20251217_troy_jvst,CFB,,1.765948186e+18,JVST,same,1.0,72.625154,0.342391,False,0.99,False,0.99,False,0.99,"post-hoc, exploratory; designed and selected on training only"
cfb_20251218_ull_del,CFB,,1.766032883e+18,DEL,same,1.0,259.310008,23.004735,False,0.99,False,0.99,False,0.99,"post-hoc, exploratory; designed and selected on training only"
cfb_20251217_odu_usf,CFB,,1.766022393e+18,ODU,same,1.0,243.634579,18.142401,False,0.99,False,0.99,False,0.99,"post-hoc, exploratory; designed and selected on training only"
cfb_20251219_mosu_arst,CFB,play or score after marker,,,,,,,,,,,,,"post-hoc, exploratory; designed and selected on training only"
nfl_20251219_la_sea,NFL,,1.766119973e+18,SEA,same,1.0,159.256901,6.259237,False,0.99,False,0.99,False,0.99,"post-hoc, exploratory; designed and selected on training only"
cfb_20251220_ala_okla,CFB,,1.766205675e+18,ALA,same,1.0,251.227204,0.109093,False,0.99,False,0.99,False,0.99,"post-hoc, exploratory; designed and selected on training only"
cfb_20251219_mem_ncst,CFB,,1.766184953e+18,NCST,same,1.0,282.235287,2.213124,False,0.99,False,0.99,False,0.99,"post-hoc, exploratory; designed and selected on training only"
cfb_20251219_kenn_wmu,CFB,,1.766172152e+18,WMU,same,1.0,152.724876,31.17417,False,0.99,False,0.99,False,0.99,"post-hoc, exploratory; designed and selected on training only"
nfl_20251221_gb_chi,NFL,,1.766291355e+18,CHI,same,1.0,114.155517,8.512187,False,0.99,False,0.99,False,0.99,"post-hoc, exploratory; designed and selected on training only"
cfb_20251220_mia_txam,CFB,,1.766262779e+18,MIA,same,1.0,142.701056,23.277407,False,0.99,False,0.99,False,0.99,"post-hoc, exploratory; designed and selected on training only"
cfb_20251220_tuln_miss,CFB,,1.766275501e+18,MISS,same,1.0,333.172218,9.863782,False,0.99,False,0.99,False,0.99,"post-hoc, exploratory; designed and selected on training only"
cfb_20251221_jmu_ore,CFB,,1.766291604e+18,ORE,same,1.0,108.032617,43.66071,False,0.99,False,0.99,False,0.99,"post-hoc, exploratory; designed and selected on training only"
nfl_20251220_phi_was,NFL,,1.76627914e+18,PHI,same,1.0,297.17232,6.776539,False,0.99,False,0.99,False,0.99,"post-hoc, exploratory; designed and selected on training only"
nfl_20251221_lac_dal,NFL,,1.766350514e+18,LAC,same,1.0,402.411743,3.434029,False,0.99,False,0.99,False,0.99,"post-hoc, exploratory; designed and selected on training only"
nfl_20251221_lv_hou,NFL,,1.766362855e+18,HOU,same,1.0,322.118468,1.37596,False,0.99,False,0.99,False,0.99,"post-hoc, exploratory; designed and selected on training only"
nfl_20251221_buf_cle,NFL,,1.766350505e+18,BUF,same,1.0,53.99845,1.211367,False,0.99,False,0.99,False,0.99,"post-hoc, exploratory; designed and selected on training only"
nfl_20251221_pit_det,NFL,,1.766364481e+18,PIT,same,1.0,460.089016,162.045785,True,0.66,False,0.99,False,0.99,"post-hoc, exploratory; designed and selected on training only"
nfl_20251221_min_nyg,NFL,,1.766350731e+18,MIN,same,1.0,172.938282,0.019815,False,0.99,False,0.99,False,0.99,"post-hoc, exploratory; designed and selected on training only"
nfl_20251222_ne_bal,NFL,,1.766377488e+18,NE,same,1.0,395.202445,0.09318,False,0.99,False,0.99,False,0.99,"post-hoc, exploratory; designed and selected on training only"
nfl_20251221_atl_ari,NFL,,1.766362602e+18,ATL,same,1.0,241.24778,0.815767,False,0.99,False,0.99,False,0.99,"post-hoc, exploratory; designed and selected on training only"
nfl_20251221_jac_den,NFL,,1.766362974e+18,JAC,same,1.0,204.340629,1.088403,False,0.99,False,0.99,False,0.99,"post-hoc, exploratory; designed and selected on training only"
nfl_20251221_tb_car,NFL,,1.766350701e+18,CAR,same,1.0,204.920952,0.18759,False,0.99,False,0.99,False,0.99,"post-hoc, exploratory; designed and selected on training only"
nfl_20251221_cin_mia,NFL,,1.766350414e+18,CIN,same,1.0,130.151776,22.725763,False,0.99,False,0.99,False,0.99,"post-hoc, exploratory; designed and selected on training only"
nfl_20251221_kc_ten,NFL,,1.766350789e+18,TEN,same,1.0,123.085691,50.162524,False,0.99,False,0.99,False,0.99,"post-hoc, exploratory; designed and selected on training only"
nfl_20251221_nyj_no,NFL,,1.76635097e+18,NO,same,1.0,164.707694,85.589978,False,0.99,False,0.99,False,0.99,"post-hoc, exploratory; designed and selected on training only"
nfl_20251223_sf_ind,NFL,,1.766463597e+18,SF,same,1.0,69.662093,4.918374,False,0.99,False,0.99,False,0.99,"post-hoc, exploratory; designed and selected on training only"
cfb_20251222_wsu_usu,CFB,,1.76644343e+18,WSU,same,1.0,95.283235,5.577973,False,0.99,False,0.99,False,0.99,"post-hoc, exploratory; designed and selected on training only"
cfb_20251224_unlv_ohio,CFB,,1.766552969e+18,OHIO,same,1.0,90.598699,4.540392,False,0.99,False,0.99,False,0.99,"post-hoc, exploratory; designed and selected on training only"
cfb_20251223_wku_usm,CFB,,1.766543349e+18,WKU,same,1.0,103.596465,6.63779,False,0.99,False,0.99,False,0.99,"post-hoc, exploratory; designed and selected on training only"
cfb_20251223_tol_lou,CFB,,1.766529726e+18,LOU,same,1.0,202.42213,13.118946,False,0.99,False,0.99,False,0.99,"post-hoc, exploratory; designed and selected on training only"
cfb_20251225_cal_haw,CFB,,1.766638594e+18,HAW,same,1.0,-72.023485,,False,0.99,False,0.99,False,0.99,"post-hoc, exploratory; designed and selected on training only"
nfl_20251225_dal_was,NFL,,1.766696901e+18,DAL,same,1.0,136.04637,9.007681,False,0.99,False,0.99,False,0.99,"post-hoc, exploratory; designed and selected on training only"
nfl_20251225_den_kc,NFL,,1.766721681e+18,DEN,same,1.0,254.16226,2.197141,False,0.99,False,0.99,False,0.99,"post-hoc, exploratory; designed and selected on training only"
nfl_20251225_det_min,NFL,,1.766710107e+18,MIN,same,1.0,137.15094,1.592933,False,0.99,False,0.99,False,0.99,"post-hoc, exploratory; designed and selected on training only"
cfb_20251227_fiu_utsa,CFB,,1.766812182e+18,UTSA,same,1.0,661.258053,85.231869,False,0.99,False,0.99,False,0.99,"post-hoc, exploratory; designed and selected on training only"
cfb_20251226_unm_minn,CFB,no untied end marker,,,,,,,,,,,,,"post-hoc, exploratory; designed and selected on training only"
cfb_20251226_cmu_nw,CFB,,1.766783711e+18,NW,same,1.0,336.866646,21.444377,False,0.99,False,0.99,False,0.99,"post-hoc, exploratory; designed and selected on training only"
cfb_20251227_oh_fres,CFB,,1.766882756e+18,FRES,same,1.0,263.17022,13.409046,False,0.99,False,0.99,False,0.99,"post-hoc, exploratory; designed and selected on training only"
cfb_20251227_gt_byu,CFB,,1.766880081e+18,BYU,same,1.0,-32.005811,,False,0.99,False,0.99,False,0.99,"post-hoc, exploratory; designed and selected on training only"
cfb_20251227_psu_clem,CFB,,1.766867349e+18,PSU,same,1.0,105.738126,4.603147,False,0.99,False,0.99,False,0.99,"post-hoc, exploratory; designed and selected on training only"
nfl_20251228_bal_gb,NFL,,1.766894519e+18,BAL,same,1.0,238.970021,1.604577,False,0.99,False,0.99,False,0.99,"post-hoc, exploratory; designed and selected on training only"
cfb_20251228_uva_mizz,CFB,,1.76689327e+18,UVA,same,1.0,267.426764,2.858948,False,0.99,False,0.99,False,0.99,"post-hoc, exploratory; designed and selected on training only"
nfl_20251227_hou_lac,NFL,,1.766882144e+18,HOU,same,1.0,304.945482,1.76808,False,0.99,False,0.99,False,0.99,"post-hoc, exploratory; designed and selected on training only"
cfb_20251228_lsu_hou,CFB,,1.766901732e+18,HOU,same,1.0,190.940606,0.147768,False,0.99,False,0.99,False,0.99,"post-hoc, exploratory; designed and selected on training only"
cfb_20251227_pitt_ecu,CFB,,1.76686357e+18,ECU,same,1.0,318.625993,0.69721,False,0.99,False,0.99,False,0.99,"post-hoc, exploratory; designed and selected on training only"
cfb_20251227_conn_army,CFB,,1.766874294e+18,ARMY,same,1.0,369.675365,29.863603,False,0.99,False,0.99,False,0.99,"post-hoc, exploratory; designed and selected on training only"
cfb_20251227_unt_sdsu,CFB,,1.766890257e+18,UNT,same,1.0,200.465391,3.698014,False,0.99,False,0.99,False,0.99,"post-hoc, exploratory; designed and selected on training only"
nfl_20251228_tb_mia,NFL,,1.76695532e+18,MIA,same,1.0,378.237179,2.504908,False,0.99,False,0.99,False,0.99,"post-hoc, exploratory; designed and selected on training only"
nfl_20251228_phi_buf,NFL,,1.76696833e+18,PHI,same,1.0,205.197501,0.057258,False,0.99,False,0.99,False,0.99,"post-hoc, exploratory; designed and selected on training only"
nfl_20251228_ari_cin,NFL,,1.766955094e+18,CIN,same,1.0,263.332707,63.814344,False,0.99,False,0.99,False,0.99,"post-hoc, exploratory; designed and selected on training only"
nfl_20251228_ne_nyj,NFL,,1.766955235e+18,NE,same,1.0,117.358573,3.99461,False,0.99,False,0.99,False,0.99,"post-hoc, exploratory; designed and selected on training only"
nfl_20251228_pit_cle,NFL,,1.766955172e+18,CLE,same,1.0,181.917301,0.524723,False,0.99,False,0.99,False,0.99,"post-hoc, exploratory; designed and selected on training only"
nfl_20251228_nyg_lv,NFL,,1.766966029e+18,NYG,same,1.0,115.440789,12.35375,False,0.99,False,0.99,False,0.99,"post-hoc, exploratory; designed and selected on training only"
nfl_20251228_jac_ind,NFL,,1.766956022e+18,JAC,same,1.0,209.957512,4.0064,False,0.99,False,0.99,False,0.99,"post-hoc, exploratory; designed and selected on training only"
nfl_20251228_sea_car,NFL,,1.766955356e+18,SEA,same,1.0,350.610778,12.770421,False,0.99,False,0.99,False,0.99,"post-hoc, exploratory; designed and selected on training only"
nfl_20251229_chi_sf,NFL,,1.766982796e+18,SF,same,1.0,307.448521,19.504458,False,0.99,False,0.99,False,0.99,"post-hoc, exploratory; designed and selected on training only"
nfl_20251228_no_ten,NFL,,1.766956322e+18,NO,same,1.0,233.57383,0.532122,False,0.99,False,0.99,False,0.99,"post-hoc, exploratory; designed and selected on training only"
cfb_20251229_gaso_app,CFB,,1.767046196e+18,GASO,same,1.0,37.631796,23.281563,False,0.99,False,0.99,False,0.99,"post-hoc, exploratory; designed and selected on training only"
nfl_20251230_la_atl,NFL,,1.767067825e+18,ATL,same,1.0,46.838972,7.294912,False,0.99,False,0.99,False,0.99,"post-hoc, exploratory; designed and selected on training only"
cfb_20251230_ccar_lt,CFB,,1.767135059e+18,LT,same,1.0,260.414262,0.414066,False,0.99,False,0.99,False,0.99,"post-hoc, exploratory; designed and selected on training only"
cfb_20251231_usc_tcu,CFB,no untied end marker,,,,,,,,,,,,,"post-hoc, exploratory; designed and selected on training only"
cfb_20251230_tenn_ill,CFB,,1.767146345e+18,ILL,same,1.0,138.954671,0.018568,False,0.99,False,0.99,False,0.99,"post-hoc, exploratory; designed and selected on training only"
cfb_20251231_neb_utah,CFB,,1.767225205e+18,UTAH,same,1.0,112.662439,23.032313,False,0.99,False,0.99,False,0.99,"post-hoc, exploratory; designed and selected on training only"
cfb_20260101_mia_osu,CFB,,1.767239443e+18,MIA,same,1.0,277.016878,0.287687,False,0.99,False,0.99,False,0.99,"post-hoc, exploratory; designed and selected on training only"
cfb_20251231_asu_duke,CFB,,1.767222951e+18,DUKE,same,1.0,-21.93777,,False,0.99,False,0.99,False,0.99,"post-hoc, exploratory; designed and selected on training only"
cfb_20251231_iowa_van,CFB,,1.767213074e+18,IOWA,same,1.0,247.640431,0.045893,False,0.99,False,0.99,False,0.99,"post-hoc, exploratory; designed and selected on training only"
cfb_20251231_mich_tex,CFB,,1.767225538e+18,TEX,same,1.0,138.642698,2.004563,False,0.99,False,0.99,False,0.99,"post-hoc, exploratory; designed and selected on training only"
cfb_20260101_ore_ttu,CFB,,1.767299029e+18,ORE,same,1.0,94.951971,0.011505,False,0.99,False,0.99,False,0.99,"post-hoc, exploratory; designed and selected on training only"
cfb_20260101_ala_ind,CFB,,1.767312806e+18,IND,same,1.0,111.084875,3.808746,False,0.99,False,0.99,False,0.99,"post-hoc, exploratory; designed and selected on training only"
cfb_20260102_miss_uga,CFB,,1.767329253e+18,MISS,same,1.0,860.350922,0.060506,True,0.99,True,0.99,False,0.99,"post-hoc, exploratory; designed and selected on training only"
cfb_20260103_wake_msst,CFB,,1.767416547e+18,WAKE,same,1.0,531.118237,9.028666,False,0.99,False,0.99,False,0.99,"post-hoc, exploratory; designed and selected on training only"
cfb_20260102_rice_txst,CFB,,1.767390438e+18,TXST,same,1.0,224.120813,58.850446,False,0.99,False,0.99,False,0.99,"post-hoc, exploratory; designed and selected on training only"
cfb_20260103_ariz_smu,CFB,,1.767414514e+18,SMU,same,1.0,180.107097,3.498746,False,0.99,False,0.99,False,0.99,"post-hoc, exploratory; designed and selected on training only"
cfb_20260102_navy_cin,CFB,,1.767401607e+18,NAVY,same,1.0,570.233702,6.795726,False,0.99,False,0.99,False,0.99,"post-hoc, exploratory; designed and selected on training only"
nfl_20260104_gb_min,NFL,,1.767559497e+18,MIN,same,1.0,89.170374,4.178382,False,0.99,False,0.99,False,0.99,"post-hoc, exploratory; designed and selected on training only"
nfl_20260104_dal_nyg,NFL,,1.767560553e+18,NYG,same,1.0,200.183396,3.928601,False,0.99,False,0.99,False,0.99,"post-hoc, exploratory; designed and selected on training only"
nfl_20260104_ari_la,NFL,,1.767572251e+18,LA,same,1.0,205.523301,87.50638,False,0.99,False,0.99,False,0.99,"post-hoc, exploratory; designed and selected on training only"
nfl_20260104_mia_ne,NFL,,1.767572065e+18,NE,same,1.0,55.422723,50.725071,False,0.99,False,0.99,False,0.99,"post-hoc, exploratory; designed and selected on training only"
nfl_20260104_no_atl,NFL,,1.767560756e+18,ATL,same,1.0,129.788022,2.384875,False,0.99,False,0.99,False,0.99,"post-hoc, exploratory; designed and selected on training only"
nfl_20260104_cle_cin,NFL,,1.767559984e+18,CLE,same,1.0,201.556532,5.198542,False,0.99,False,0.99,False,0.99,"post-hoc, exploratory; designed and selected on training only"
nfl_20260105_bal_pit,NFL,,1.767587661e+18,PIT,same,1.0,90.177759,7.920088,False,0.99,False,0.99,False,0.99,"post-hoc, exploratory; designed and selected on training only"
nfl_20260104_ind_hou,NFL,,1.767561186e+18,HOU,same,1.0,160.004254,0.266128,False,0.99,False,0.99,False,0.99,"post-hoc, exploratory; designed and selected on training only"
nfl_20260104_kc_lv,NFL,,1.767572781e+18,LV,same,1.0,171.67953,1.360729,False,0.99,False,0.99,False,0.99,"post-hoc, exploratory; designed and selected on training only"
nfl_20260104_sea_sf,NFL,,1.767498363e+18,SEA,same,1.0,306.109487,20.339219,False,0.99,False,0.99,False,0.99,"post-hoc, exploratory; designed and selected on training only"
nfl_20260104_det_chi,NFL,,1.767572318e+18,DET,same,1.0,145.22376,6.240505,False,0.99,False,0.99,False,0.99,"post-hoc, exploratory; designed and selected on training only"
nfl_20260104_nyj_buf,NFL,,1.767571957e+18,BUF,same,1.0,158.139049,41.344533,False,0.99,False,0.99,False,0.99,"post-hoc, exploratory; designed and selected on training only"
nfl_20260104_lac_den,NFL,,1.767573287e+18,DEN,same,1.0,65.169485,,False,0.99,False,0.99,False,0.99,"post-hoc, exploratory; designed and selected on training only"
nfl_20260104_ten_jac,NFL,,1.767559665e+18,JAC,same,1.0,138.056578,123.006853,False,0.99,False,0.99,False,0.99,"post-hoc, exploratory; designed and selected on training only"
nfl_20260103_car_tb,NFL,,1.76748613e+18,TB,same,1.0,157.251507,0.320274,False,0.99,False,0.99,False,0.99,"post-hoc, exploratory; designed and selected on training only"
nfl_20260104_was_phi,NFL,,1.767572795e+18,WAS,same,1.0,298.937207,1.278718,False,0.99,False,0.99,False,0.99,"post-hoc, exploratory; designed and selected on training only"
cfb_20260109_mia_miss,CFB,,1.767932963e+18,MIA,same,1.0,152.839463,0.439846,False,0.99,False,0.99,False,0.99,"post-hoc, exploratory; designed and selected on training only"
cfb_20260110_ore_ind,CFB,,1.768018081e+18,IND,same,1.0,153.478785,14.117081,False,0.99,False,0.99,False,0.99,"post-hoc, exploratory; designed and selected on training only"
nfl_20260110_la_car,NFL,,1.768092492e+18,LA,same,1.0,159.264771,0.02175,False,0.99,False,0.99,False,0.99,"post-hoc, exploratory; designed and selected on training only"
nfl_20260111_gb_chi,NFL,,1.768106084e+18,CHI,same,1.0,92.150383,13.61643,False,0.99,False,0.99,False,0.99,"post-hoc, exploratory; designed and selected on training only"
nfl_20260112_lac_ne,NFL,,1.768190684e+18,NE,same,1.0,95.335214,1.960959,False,0.99,False,0.99,False,0.99,"post-hoc, exploratory; designed and selected on training only"
nfl_20260111_buf_jac,NFL,,1.768165527e+18,BUF,same,1.0,173.808992,0.006474,False,0.99,False,0.99,False,0.99,"post-hoc, exploratory; designed and selected on training only"
nfl_20260111_sf_phi,NFL,,1.768178734e+18,SF,same,1.0,169.324297,0.039763,False,0.99,False,0.99,False,0.99,"post-hoc, exploratory; designed and selected on training only"
nfl_20260113_hou_pit,NFL,,1.768277634e+18,HOU,same,1.0,142.274967,3.222313,False,0.99,False,0.99,False,0.99,"post-hoc, exploratory; designed and selected on training only"
nfl_20260117_buf_den,NFL,,1.768698817e+18,DEN,same,1.0,43.927513,4.250486,False,0.99,False,0.99,False,0.99,"post-hoc, exploratory; designed and selected on training only"
nfl_20260118_hou_ne,NFL,,1.768778293e+18,NE,same,1.0,169.030527,4.767047,False,0.99,False,0.99,False,0.99,"post-hoc, exploratory; designed and selected on training only"
nfl_20260118_sf_sea,NFL,,1.7687096e+18,SEA,same,1.0,179.908915,6.846389,False,0.99,False,0.99,False,0.99,"post-hoc, exploratory; designed and selected on training only"
nfl_20260118_la_chi,NFL,,1.768791747e+18,LA,same,1.0,114.977546,5.070802,False,0.99,False,0.99,False,0.99,"post-hoc, exploratory; designed and selected on training only"
cfb_20250830_alby_iowa,CFB,team mapping,,,,,,,,,,,,,"post-hoc, exploratory; designed and selected on training only"
