game_id,league,D,leg,team,E_ns,t_ns,day,fill_ts,fill_delay_s,trade_px,fill,payout,capacity,fee_direct,pnl_direct,roc_direct,fee_webull,pnl_webull,roc_webull,fill_x2,fee_direct_x2,pnl_direct_x2,fee_webull_x2,pnl_webull_x2,label
nfl_20250808_cle_car,NFL,60,winner,CLE,1.754697594e+18,1.754697654e+18,2025-08-08,1.754697679188547e+18,25.188547,0.53,0.54,1.0,72648.0,0.18,4.42,0.7921146953405018,0.2,4.4,0.7857142857142857,0.55,0.36,4.14,0.4,4.1,"post-hoc, exploratory; designed and selected on training only"
nfl_20250808_cle_car,NFL,60,placebo,CAR,1.754697594e+18,1.754697654e+18,2025-08-08,1.754697656829874e+18,2.829874,0.58,0.59,0.0,66302.0,0.17,-6.07,-1.0,0.2,-6.1,-1.0,0.6,0.34,-6.34,0.4,-6.4,"post-hoc, exploratory; designed and selected on training only"
nfl_20250808_cle_car,NFL,180,winner,CLE,1.754697594e+18,1.754697774e+18,2025-08-08,1.754697789464246e+18,15.464246,0.49,0.5,1.0,72034.0,0.18,4.82,0.9305019305019305,0.2,4.8,0.9230769230769231,0.51,0.36,4.54,0.4,4.5,"post-hoc, exploratory; designed and selected on training only"
nfl_20250808_cle_car,NFL,180,placebo,CAR,1.754697594e+18,1.754697774e+18,2025-08-08,1.754697794333661e+18,20.333661,0.52,0.53,0.0,65927.0,0.18,-5.48,-1.0,0.2,-5.5,-1.0,0.54,0.36,-5.76,0.4,-5.8,"post-hoc, exploratory; designed and selected on training only"
nfl_20250808_cle_car,NFL,600,winner,CLE,1.754697594e+18,1.754698194e+18,2025-08-08,1.754698200892283e+18,6.892283,0.43,0.44,1.0,69594.0,0.18,5.42,1.1834061135371179,0.2,5.4,1.173913043478261,0.45,0.36,5.14,0.4,5.1,"post-hoc, exploratory; designed and selected on training only"
nfl_20250808_cle_car,NFL,600,placebo,CAR,1.754697594e+18,1.754698194e+18,2025-08-08,1.754698195232978e+18,1.232978,0.55,0.56,0.0,54320.0,0.18,-5.78,-1.0,0.2,-5.8,-1.0,0.57,0.36,-6.06,0.4,-6.1,"post-hoc, exploratory; designed and selected on training only"
nfl_20250808_was_ne,NFL,60,winner,NE,1.754697433e+18,1.754697493e+18,2025-08-08,1.75469761301331e+18,120.01331,0.92,0.93,1.0,8996.0,0.05,0.65,0.06951871657754011,0.2,0.5,0.05263157894736842,0.94,0.08,0.52,0.4,0.2,"post-hoc, exploratory; designed and selected on training only"
nfl_20250808_was_ne,NFL,60,placebo,WAS,1.754697433e+18,1.754697493e+18,2025-08-08,1.754697501848387e+18,8.848387,0.08,0.09,0.0,31771.0,0.06,-0.96,-1.0,0.2,-1.1,-1.0,0.1,0.14,-1.14,0.4,-1.4,"post-hoc, exploratory; designed and selected on training only"
nfl_20250808_was_ne,NFL,180,winner,NE,1.754697433e+18,1.754697613e+18,2025-08-08,1.75469767766995e+18,64.66995,0.93,0.94,1.0,8889.0,0.04,0.56,0.059322033898305086,0.2,0.4,0.041666666666666664,0.95,0.08,0.42,0.4,0.1,"post-hoc, exploratory; designed and selected on training only"
nfl_20250808_was_ne,NFL,180,placebo,WAS,1.754697433e+18,1.754697613e+18,2025-08-08,1.75469762958085e+18,16.58085,0.1,0.11,0.0,31380.0,0.07,-1.17,-1.0,0.2,-1.3,-1.0,0.12,0.16,-1.36,0.4,-1.6,"post-hoc, exploratory; designed and selected on training only"
nfl_20250808_was_ne,NFL,600,winner,NE,1.754697433e+18,1.754698033e+18,2025-08-08,1.754698208951275e+18,175.951275,0.94,0.95,1.0,7242.0,0.04,0.46,0.04821802935010482,0.2,0.3,0.030927835051546393,0.96,0.06,0.34,0.4,0.0,"post-hoc, exploratory; designed and selected on training only"
nfl_20250808_was_ne,NFL,600,placebo,WAS,1.754697433e+18,1.754698033e+18,2025-08-08,1.754698049484068e+18,16.484068,0.03,0.04,0.0,29794.0,0.03,-0.43,-1.0,0.2,-0.6,-1.0,0.05,0.08,-0.58,0.4,-0.9,"post-hoc, exploratory; designed and selected on training only"
nfl_20250810_nyj_gb,NFL,600,placebo,GB,1.754795053e+18,1.754795653e+18,2025-08-09,1.754795691412826e+18,38.412826,0.01,0.02,0.0,93.0,0.02,-0.22,-1.0,0.2,-0.4,-1.0,0.03,0.06,-0.36,0.4,-0.7,"post-hoc, exploratory; designed and selected on training only"
nfl_20250809_hou_min,NFL,600,placebo,HOU,1.754780281e+18,1.754780881e+18,2025-08-09,1.754781146311674e+18,265.311674,0.01,0.02,0.0,2466.0,0.02,-0.22,-1.0,0.2,-0.4,-1.0,0.03,0.06,-0.36,0.4,-0.7,"post-hoc, exploratory; designed and selected on training only"
nfl_20250810_kc_ari,NFL,60,placebo,KC,1.754795823e+18,1.754795883e+18,2025-08-09,1.754795895172123e+18,12.172123,0.01,0.02,0.0,468.0,0.02,-0.22,-1.0,0.2,-0.4,-1.0,0.03,0.06,-0.36,0.4,-0.7,"post-hoc, exploratory; designed and selected on training only"
nfl_20250809_ten_tb,NFL,60,winner,TB,1.754783863e+18,1.754783923e+18,2025-08-09,1.754784058651552e+18,135.651552,0.6,0.61,1.0,22705.0,0.17,3.73,0.594896331738437,0.2,3.7,0.5873015873015873,0.62,0.34,3.46,0.4,3.4,"post-hoc, exploratory; designed and selected on training only"
nfl_20250809_ten_tb,NFL,60,placebo,TEN,1.754783863e+18,1.754783923e+18,2025-08-09,1.754783964987157e+18,41.987157,0.49,0.5,0.0,22777.0,0.18,-5.18,-1.0,0.2,-5.2,-1.0,0.51,0.36,-5.46,0.4,-5.5,"post-hoc, exploratory; designed and selected on training only"
nfl_20250809_ten_tb,NFL,180,winner,TB,1.754783863e+18,1.754784043e+18,2025-08-09,1.754784058651552e+18,15.651552,0.6,0.61,1.0,22705.0,0.17,3.73,0.594896331738437,0.2,3.7,0.5873015873015873,0.62,0.34,3.46,0.4,3.4,"post-hoc, exploratory; designed and selected on training only"
nfl_20250809_ten_tb,NFL,180,placebo,TEN,1.754783863e+18,1.754784043e+18,2025-08-09,1.754784087444358e+18,44.444358,0.45,0.46,0.0,22776.0,0.18,-4.78,-1.0,0.2,-4.8,-1.0,0.47,0.36,-5.06,0.4,-5.1,"post-hoc, exploratory; designed and selected on training only"
nfl_20250809_ten_tb,NFL,600,winner,TB,1.754783863e+18,1.754784463e+18,2025-08-09,1.754784549839893e+18,86.839893,0.74,0.75,1.0,20729.0,0.14,2.36,0.3089005235602094,0.2,2.3,0.2987012987012987,0.76,0.26,2.14,0.4,2.0,"post-hoc, exploratory; designed and selected on training only"
nfl_20250809_ten_tb,NFL,600,placebo,TEN,1.754783863e+18,1.754784463e+18,2025-08-09,1.754784495329245e+18,32.329245,0.36,0.37,0.0,22390.0,0.17,-3.87,-1.0,0.2,-3.9,-1.0,0.38,0.34,-4.14,0.4,-4.2,"post-hoc, exploratory; designed and selected on training only"
nfl_20250809_pit_jac,NFL,60,winner,PIT,1.75478397e+18,1.75478403e+18,2025-08-09,1.754784031486242e+18,1.486242,0.48,0.49,1.0,47398.0,0.18,4.92,0.968503937007874,0.2,4.9,0.9607843137254902,0.5,0.36,4.64,0.4,4.6,"post-hoc, exploratory; designed and selected on training only"
nfl_20250809_pit_jac,NFL,60,placebo,JAC,1.75478397e+18,1.75478403e+18,2025-08-09,1.754784127430115e+18,97.430115,0.57,0.58,0.0,46238.0,0.18,-5.98,-1.0,0.2,-6.0,-1.0,0.59,0.34,-6.24,0.4,-6.3,"post-hoc, exploratory; designed and selected on training only"
nfl_20250809_pit_jac,NFL,180,winner,PIT,1.75478397e+18,1.75478415e+18,2025-08-09,1.754784166305112e+18,16.305112,0.53,0.54,1.0,47277.0,0.18,4.42,0.7921146953405018,0.2,4.4,0.7857142857142857,0.55,0.36,4.14,0.4,4.1,"post-hoc, exploratory; designed and selected on training only"
nfl_20250809_pit_jac,NFL,180,placebo,JAC,1.75478397e+18,1.75478415e+18,2025-08-09,1.754784172061658e+18,22.061658,0.54,0.55,0.0,46191.0,0.18,-5.68,-1.0,0.2,-5.7,-1.0,0.56,0.36,-5.96,0.4,-6.0,"post-hoc, exploratory; designed and selected on training only"
nfl_20250809_pit_jac,NFL,600,winner,PIT,1.75478397e+18,1.75478457e+18,2025-08-09,1.754784652899786e+18,82.899786,0.58,0.59,1.0,44847.0,0.17,3.93,0.6474464579901154,0.2,3.9,0.639344262295082,0.6,0.34,3.66,0.4,3.6,"post-hoc, exploratory; designed and selected on training only"
nfl_20250809_pit_jac,NFL,600,placebo,JAC,1.75478397e+18,1.75478457e+18,2025-08-09,1.754784727171997e+18,157.171997,0.46,0.47,0.0,45856.0,0.18,-4.88,-1.0,0.2,-4.9,-1.0,0.48,0.36,-5.16,0.4,-5.2,"post-hoc, exploratory; designed and selected on training only"
nfl_20250809_nyg_buf,NFL,60,placebo,BUF,1.75477112e+18,1.75477118e+18,2025-08-09,1.754771307073179e+18,127.073179,0.01,0.02,0.0,3693.0,0.02,-0.22,-1.0,0.2,-0.4,-1.0,0.03,0.06,-0.36,0.4,-0.7,"post-hoc, exploratory; designed and selected on training only"
nfl_20250809_nyg_buf,NFL,180,placebo,BUF,1.75477112e+18,1.7547713e+18,2025-08-09,1.754771307073179e+18,7.073179,0.01,0.02,0.0,3693.0,0.02,-0.22,-1.0,0.2,-0.4,-1.0,0.03,0.06,-0.36,0.4,-0.7,"post-hoc, exploratory; designed and selected on training only"
nfl_20250809_nyg_buf,NFL,600,placebo,BUF,1.75477112e+18,1.75477172e+18,2025-08-09,1.754771888723674e+18,168.723674,0.01,0.02,0.0,3559.0,0.02,-0.22,-1.0,0.2,-0.4,-1.0,0.03,0.06,-0.36,0.4,-0.7,"post-hoc, exploratory; designed and selected on training only"
nfl_20250809_dal_la,NFL,60,winner,LA,1.754783989e+18,1.754784049e+18,2025-08-09,1.754784072951068e+18,23.951068,0.84,0.85,1.0,26738.0,0.09,1.41,0.16414435389988358,0.2,1.3,0.14942528735632185,0.86,0.18,1.22,0.4,1.0,"post-hoc, exploratory; designed and selected on training only"
nfl_20250809_dal_la,NFL,60,placebo,DAL,1.754783989e+18,1.754784049e+18,2025-08-09,1.754784095408183e+18,46.408183,0.29,0.3,0.0,33525.0,0.15,-3.15,-1.0,0.2,-3.2,-1.0,0.31,0.3,-3.4,0.4,-3.5,"post-hoc, exploratory; designed and selected on training only"
nfl_20250809_dal_la,NFL,180,winner,LA,1.754783989e+18,1.754784169e+18,2025-08-09,1.754784204307074e+18,35.307074,0.83,0.84,1.0,24815.0,0.1,1.5,0.17647058823529413,0.2,1.4,0.16279069767441862,0.85,0.18,1.32,0.4,1.1,"post-hoc, exploratory; designed and selected on training only"
nfl_20250809_dal_la,NFL,180,placebo,DAL,1.754783989e+18,1.754784169e+18,2025-08-09,1.754784182429856e+18,13.429856,0.19,0.2,0.0,33410.0,0.12,-2.12,-1.0,0.2,-2.2,-1.0,0.21,0.24,-2.34,0.4,-2.5,"post-hoc, exploratory; designed and selected on training only"
nfl_20250809_dal_la,NFL,600,winner,LA,1.754783989e+18,1.754784589e+18,2025-08-09,1.754784634503064e+18,45.503064,0.84,0.85,1.0,23562.0,0.09,1.41,0.16414435389988358,0.2,1.3,0.14942528735632185,0.86,0.18,1.22,0.4,1.0,"post-hoc, exploratory; designed and selected on training only"
nfl_20250809_dal_la,NFL,600,placebo,DAL,1.754783989e+18,1.754784589e+18,2025-08-09,1.754784615502689e+18,26.502689,0.18,0.19,0.0,28377.0,0.11,-2.01,-1.0,0.2,-2.1,-1.0,0.2,0.24,-2.24,0.4,-2.4,"post-hoc, exploratory; designed and selected on training only"
nfl_20250810_no_lac,NFL,60,placebo,NO,1.754867894e+18,1.754867954e+18,2025-08-10,1.754868210033876e+18,256.033876,0.01,0.02,0.0,1028.0,0.02,-0.22,-1.0,0.2,-0.4,-1.0,0.03,0.06,-0.36,0.4,-0.7,"post-hoc, exploratory; designed and selected on training only"
nfl_20250810_no_lac,NFL,180,placebo,NO,1.754867894e+18,1.754868074e+18,2025-08-10,1.754868210033876e+18,136.033876,0.01,0.02,0.0,1028.0,0.02,-0.22,-1.0,0.2,-0.4,-1.0,0.03,0.06,-0.36,0.4,-0.7,"post-hoc, exploratory; designed and selected on training only"
nfl_20250810_no_lac,NFL,600,placebo,NO,1.754867894e+18,1.754868494e+18,2025-08-10,1.75486872746471e+18,233.46471,0.01,0.02,0.0,935.0,0.02,-0.22,-1.0,0.2,-0.4,-1.0,0.03,0.06,-0.36,0.4,-0.7,"post-hoc, exploratory; designed and selected on training only"
nfl_20250815_ten_atl,NFL,60,winner,TEN,1.755302353e+18,1.755302413e+18,2025-08-15,1.755302416227601e+18,3.227601,0.8,0.81,1.0,65625.0,0.11,1.79,0.21802679658952498,0.2,1.7,0.20481927710843373,0.82,0.22,1.58,0.4,1.4,"post-hoc, exploratory; designed and selected on training only"
nfl_20250815_ten_atl,NFL,60,placebo,ATL,1.755302353e+18,1.755302413e+18,2025-08-15,1.755302416188512e+18,3.188512,0.23,0.24,0.0,104047.0,0.13,-2.53,-1.0,0.2,-2.6,-1.0,0.25,0.28,-2.78,0.4,-2.9,"post-hoc, exploratory; designed and selected on training only"
nfl_20250815_ten_atl,NFL,180,winner,TEN,1.755302353e+18,1.755302533e+18,2025-08-15,1.755302551218824e+18,18.218824,0.74,0.75,1.0,64403.0,0.14,2.36,0.3089005235602094,0.2,2.3,0.2987012987012987,0.76,0.26,2.14,0.4,2.0,"post-hoc, exploratory; designed and selected on training only"
nfl_20250815_ten_atl,NFL,180,placebo,ATL,1.755302353e+18,1.755302533e+18,2025-08-15,1.755302584241459e+18,51.241459,0.28,0.29,0.0,103793.0,0.15,-3.05,-1.0,0.2,-3.1,-1.0,0.3,0.3,-3.3,0.4,-3.4,"post-hoc, exploratory; designed and selected on training only"
nfl_20250815_ten_atl,NFL,600,winner,TEN,1.755302353e+18,1.755302953e+18,2025-08-15,1.755302999698795e+18,46.698795,0.77,0.78,1.0,64023.0,0.13,2.07,0.2610340479192938,0.2,2.0,0.25,0.79,0.24,1.86,0.4,1.7,"post-hoc, exploratory; designed and selected on training only"
nfl_20250815_ten_atl,NFL,600,placebo,ATL,1.755302353e+18,1.755302953e+18,2025-08-15,1.755302993023312e+18,40.023312,0.23,0.24,0.0,103051.0,0.13,-2.53,-1.0,0.2,-2.6,-1.0,0.25,0.28,-2.78,0.4,-2.9,"post-hoc, exploratory; designed and selected on training only"
nfl_20250816_tb_pit,NFL,60,winner,TB,1.755388776e+18,1.755388836e+18,2025-08-16,1.755388877938818e+18,41.938818,0.71,0.72,1.0,42351.0,0.15,2.65,0.36054421768707484,0.2,2.6,0.35135135135135137,0.73,0.28,2.42,0.4,2.3,"post-hoc, exploratory; designed and selected on training only"
nfl_20250816_tb_pit,NFL,60,placebo,PIT,1.755388776e+18,1.755388836e+18,2025-08-16,1.755388919169698e+18,83.169698,0.29,0.3,0.0,40423.0,0.15,-3.15,-1.0,0.2,-3.2,-1.0,0.31,0.3,-3.4,0.4,-3.5,"post-hoc, exploratory; designed and selected on training only"
nfl_20250816_tb_pit,NFL,180,winner,TB,1.755388776e+18,1.755388956e+18,2025-08-16,1.755389014921275e+18,58.921275,0.74,0.75,1.0,42215.0,0.14,2.36,0.3089005235602094,0.2,2.3,0.2987012987012987,0.76,0.26,2.14,0.4,2.0,"post-hoc, exploratory; designed and selected on training only"
nfl_20250816_tb_pit,NFL,180,placebo,PIT,1.755388776e+18,1.755388956e+18,2025-08-16,1.755388975405752e+18,19.405752,0.29,0.3,0.0,40421.0,0.15,-3.15,-1.0,0.2,-3.2,-1.0,0.31,0.3,-3.4,0.4,-3.5,"post-hoc, exploratory; designed and selected on training only"
nfl_20250816_tb_pit,NFL,600,winner,TB,1.755388776e+18,1.755389376e+18,2025-08-16,1.755389404382189e+18,28.382189,0.66,0.67,1.0,41554.0,0.16,3.14,0.4577259475218659,0.2,3.1,0.4492753623188406,0.68,0.32,2.88,0.4,2.8,"post-hoc, exploratory; designed and selected on training only"
nfl_20250816_tb_pit,NFL,600,placebo,PIT,1.755388776e+18,1.755389376e+18,2025-08-16,1.755389397097508e+18,21.097508,0.37,0.38,0.0,39179.0,0.17,-3.97,-1.0,0.2,-4.0,-1.0,0.39,0.34,-4.24,0.4,-4.3,"post-hoc, exploratory; designed and selected on training only"
nfl_20250816_car_hou,NFL,600,placebo,CAR,1.75537375e+18,1.75537435e+18,2025-08-16,1.755374506439166e+18,156.439166,0.01,0.02,0.0,186.0,0.02,-0.22,-1.0,0.2,-0.4,-1.0,0.03,0.06,-0.36,0.4,-0.7,"post-hoc, exploratory; designed and selected on training only"
nfl_20250816_gb_ind,NFL,60,winner,GB,1.75537535e+18,1.75537541e+18,2025-08-16,1.755375413477696e+18,3.477696,0.85,0.86,1.0,22490.0,0.09,1.31,0.15074798619102417,0.2,1.2,0.13636363636363635,0.87,0.16,1.14,0.4,0.9,"post-hoc, exploratory; designed and selected on training only"
nfl_20250816_gb_ind,NFL,60,placebo,IND,1.75537535e+18,1.75537541e+18,2025-08-16,1.755375415806267e+18,5.806267,0.29,0.3,0.0,5564.0,0.15,-3.15,-1.0,0.2,-3.2,-1.0,0.31,0.3,-3.4,0.4,-3.5,"post-hoc, exploratory; designed and selected on training only"
nfl_20250816_gb_ind,NFL,180,placebo,IND,1.75537535e+18,1.75537553e+18,2025-08-16,1.755375538676022e+18,8.676022,0.01,0.02,0.0,1596.0,0.02,-0.22,-1.0,0.2,-0.4,-1.0,0.03,0.06,-0.36,0.4,-0.7,"post-hoc, exploratory; designed and selected on training only"
nfl_20250816_ne_min,NFL,60,placebo,MIN,1.755374909e+18,1.755374969e+18,2025-08-16,1.755374975212561e+18,6.212561,0.01,0.02,0.0,11166.0,0.02,-0.22,-1.0,0.2,-0.4,-1.0,0.03,0.06,-0.36,0.4,-0.7,"post-hoc, exploratory; designed and selected on training only"
nfl_20250816_nyj_nyg,NFL,60,winner,NYG,1.755388754e+18,1.755388814e+18,2025-08-16,1.755388822228724e+18,8.228724,0.8,0.81,1.0,21509.0,0.11,1.79,0.21802679658952498,0.2,1.7,0.20481927710843373,0.82,0.22,1.58,0.4,1.4,"post-hoc, exploratory; designed and selected on training only"
nfl_20250816_nyj_nyg,NFL,60,placebo,NYJ,1.755388754e+18,1.755388814e+18,2025-08-16,1.75538881946523e+18,5.46523,0.22,0.23,0.0,34618.0,0.13,-2.43,-1.0,0.2,-2.5,-1.0,0.24,0.26,-2.66,0.4,-2.8,"post-hoc, exploratory; designed and selected on training only"
nfl_20250816_nyj_nyg,NFL,180,winner,NYG,1.755388754e+18,1.755388934e+18,2025-08-16,1.755388960893837e+18,26.893837,0.76,0.77,1.0,21455.0,0.13,2.17,0.2771392081736909,0.2,2.1,0.26582278481012656,0.78,0.26,1.94,0.4,1.8,"post-hoc, exploratory; designed and selected on training only"
nfl_20250816_nyj_nyg,NFL,180,placebo,NYJ,1.755388754e+18,1.755388934e+18,2025-08-16,1.755388952276878e+18,18.276878,0.28,0.29,0.0,33790.0,0.15,-3.05,-1.0,0.2,-3.1,-1.0,0.3,0.3,-3.3,0.4,-3.4,"post-hoc, exploratory; designed and selected on training only"
nfl_20250816_nyj_nyg,NFL,600,winner,NYG,1.755388754e+18,1.755389354e+18,2025-08-16,1.755389370725471e+18,16.725471,0.84,0.85,1.0,20689.0,0.09,1.41,0.16414435389988358,0.2,1.3,0.14942528735632185,0.86,0.18,1.22,0.4,1.0,"post-hoc, exploratory; designed and selected on training only"
nfl_20250816_nyj_nyg,NFL,600,placebo,NYJ,1.755388754e+18,1.755389354e+18,2025-08-16,1.755389364442317e+18,10.442317,0.24,0.25,0.0,30807.0,0.14,-2.64,-1.0,0.2,-2.7,-1.0,0.26,0.28,-2.88,0.4,-3.0,"post-hoc, exploratory; designed and selected on training only"
nfl_20250816_sf_lv,NFL,60,placebo,LV,1.755385294e+18,1.755385354e+18,2025-08-16,1.755385362215737e+18,8.215737,0.01,0.02,0.0,4408.0,0.02,-0.22,-1.0,0.2,-0.4,-1.0,0.03,0.06,-0.36,0.4,-0.7,"post-hoc, exploratory; designed and selected on training only"
nfl_20250816_sf_lv,NFL,180,placebo,LV,1.755385294e+18,1.755385474e+18,2025-08-16,1.755385533910499e+18,59.910499,0.01,0.02,0.0,2922.0,0.02,-0.22,-1.0,0.2,-0.4,-1.0,0.03,0.06,-0.36,0.4,-0.7,"post-hoc, exploratory; designed and selected on training only"
nfl_20250816_sf_lv,NFL,600,placebo,LV,1.755385294e+18,1.755385894e+18,2025-08-16,1.755386106834092e+18,212.834092,0.01,0.02,0.0,2913.0,0.02,-0.22,-1.0,0.2,-0.4,-1.0,0.03,0.06,-0.36,0.4,-0.7,"post-hoc, exploratory; designed and selected on training only"
nfl_20250816_cle_phi,NFL,600,placebo,PHI,1.755373738e+18,1.755374338e+18,2025-08-16,1.755374429012541e+18,91.012541,0.01,0.02,0.0,560.0,0.02,-0.22,-1.0,0.2,-0.4,-1.0,0.03,0.06,-0.36,0.4,-0.7,"post-hoc, exploratory; designed and selected on training only"
nfl_20250816_mia_det,NFL,60,placebo,DET,1.755375571e+18,1.755375631e+18,2025-08-16,1.755375660324088e+18,29.324088,0.02,0.03,0.0,5781.0,0.03,-0.33,-1.0,0.2,-0.5,-1.0,0.04,0.06,-0.46,0.4,-0.8,"post-hoc, exploratory; designed and selected on training only"
nfl_20250816_mia_det,NFL,180,placebo,DET,1.755375571e+18,1.755375751e+18,2025-08-16,1.755375788026142e+18,37.026142,0.01,0.02,0.0,4448.0,0.02,-0.22,-1.0,0.2,-0.4,-1.0,0.03,0.06,-0.36,0.4,-0.7,"post-hoc, exploratory; designed and selected on training only"
nfl_20250816_mia_det,NFL,600,placebo,DET,1.755375571e+18,1.755376171e+18,2025-08-16,1.755376358862901e+18,187.862901,0.01,0.02,0.0,2439.0,0.02,-0.22,-1.0,0.2,-0.4,-1.0,0.03,0.06,-0.36,0.4,-0.7,"post-hoc, exploratory; designed and selected on training only"
nfl_20250816_bal_dal,NFL,60,winner,BAL,1.755388774e+18,1.755388834e+18,2025-08-16,1.75538891253543e+18,78.53543,0.62,0.63,1.0,44622.0,0.17,3.53,0.5455950540958269,0.2,3.5,0.5384615384615384,0.64,0.34,3.26,0.4,3.2,"post-hoc, exploratory; designed and selected on training only"
nfl_20250816_bal_dal,NFL,60,placebo,DAL,1.755388774e+18,1.755388834e+18,2025-08-16,1.75538886104804e+18,27.04804,0.45,0.46,0.0,31663.0,0.18,-4.78,-1.0,0.2,-4.8,-1.0,0.47,0.36,-5.06,0.4,-5.1,"post-hoc, exploratory; designed and selected on training only"
nfl_20250816_bal_dal,NFL,180,winner,BAL,1.755388774e+18,1.755388954e+18,2025-08-16,1.7553889604145e+18,6.4145,0.68,0.69,1.0,43827.0,0.15,2.95,0.41843971631205673,0.2,2.9,0.4084507042253521,0.7,0.3,2.7,0.4,2.6,"post-hoc, exploratory; designed and selected on training only"
nfl_20250816_bal_dal,NFL,180,placebo,DAL,1.755388774e+18,1.755388954e+18,2025-08-16,1.75538896427857e+18,10.27857,0.36,0.37,0.0,30532.0,0.17,-3.87,-1.0,0.2,-3.9,-1.0,0.38,0.34,-4.14,0.4,-4.2,"post-hoc, exploratory; designed and selected on training only"
nfl_20250816_bal_dal,NFL,600,winner,BAL,1.755388774e+18,1.755389374e+18,2025-08-16,1.755389389877972e+18,15.877972,0.64,0.65,1.0,43307.0,0.16,3.34,0.5015015015015015,0.2,3.3,0.4925373134328358,0.66,0.32,3.08,0.4,3.0,"post-hoc, exploratory; designed and selected on training only"
nfl_20250816_bal_dal,NFL,600,placebo,DAL,1.755388774e+18,1.755389374e+18,2025-08-16,1.755389376652719e+18,2.652719,0.38,0.39,0.0,29535.0,0.17,-4.07,-1.0,0.2,-4.1,-1.0,0.4,0.34,-4.34,0.4,-4.4,"post-hoc, exploratory; designed and selected on training only"
nfl_20250816_lac_la,NFL,60,winner,LA,1.755388742e+18,1.755388802e+18,2025-08-16,1.755388903945522e+18,101.945522,0.45,0.46,1.0,133936.0,0.18,5.22,1.0920502092050208,0.2,5.2,1.0833333333333333,0.47,0.36,4.94,0.4,4.9,"post-hoc, exploratory; designed and selected on training only"
nfl_20250816_lac_la,NFL,60,placebo,LAC,1.755388742e+18,1.755388802e+18,2025-08-16,1.755388880269872e+18,78.269872,0.58,0.59,0.0,41632.0,0.17,-6.07,-1.0,0.2,-6.1,-1.0,0.6,0.34,-6.34,0.4,-6.4,"post-hoc, exploratory; designed and selected on training only"
nfl_20250816_lac_la,NFL,180,winner,LA,1.755388742e+18,1.755388922e+18,2025-08-16,1.75538893588249e+18,13.88249,0.44,0.45,1.0,133872.0,0.18,5.32,1.1367521367521367,0.2,5.3,1.127659574468085,0.46,0.36,5.04,0.4,5.0,"post-hoc, exploratory; designed and selected on training only"
nfl_20250816_lac_la,NFL,180,placebo,LAC,1.755388742e+18,1.755388922e+18,2025-08-16,1.755388923917514e+18,1.917514,0.59,0.6,0.0,41465.0,0.17,-6.17,-1.0,0.2,-6.2,-1.0,0.61,0.34,-6.44,0.4,-6.5,"post-hoc, exploratory; designed and selected on training only"
nfl_20250816_lac_la,NFL,600,winner,LA,1.755388742e+18,1.755389342e+18,2025-08-16,1.755389344227654e+18,2.227654,0.43,0.44,1.0,126943.0,0.18,5.42,1.1834061135371179,0.2,5.4,1.173913043478261,0.45,0.36,5.14,0.4,5.1,"post-hoc, exploratory; designed and selected on training only"
nfl_20250816_lac_la,NFL,600,placebo,LAC,1.755388742e+18,1.755389342e+18,2025-08-16,1.755389355416377e+18,13.416377,0.57,0.58,0.0,40129.0,0.18,-5.98,-1.0,0.2,-6.0,-1.0,0.59,0.34,-6.24,0.4,-6.3,"post-hoc, exploratory; designed and selected on training only"
nfl_20250818_buf_chi,NFL,600,placebo,BUF,1.755486734e+18,1.755487334e+18,2025-08-17,1.755487584244565e+18,250.244565,0.01,0.02,0.0,3517.0,0.02,-0.22,-1.0,0.2,-0.4,-1.0,0.03,0.06,-0.36,0.4,-0.7,"post-hoc, exploratory; designed and selected on training only"
nfl_20250819_cin_was,NFL,600,placebo,WAS,1.755572503e+18,1.755573103e+18,2025-08-18,1.755573351751721e+18,248.751721,0.01,0.02,0.0,93.0,0.02,-0.22,-1.0,0.2,-0.4,-1.0,0.03,0.06,-0.36,0.4,-0.7,"post-hoc, exploratory; designed and selected on training only"
nfl_20250821_pit_car,NFL,600,placebo,CAR,1.755827377e+18,1.755827977e+18,2025-08-21,1.75582805340877e+18,76.40877,0.01,0.02,0.0,927.0,0.02,-0.22,-1.0,0.2,-0.4,-1.0,0.03,0.06,-0.36,0.4,-0.7,"post-hoc, exploratory; designed and selected on training only"
nfl_20250822_ne_nyg,NFL,60,placebo,NE,1.755831502e+18,1.755831562e+18,2025-08-21,1.75583170894131e+18,146.94131,0.01,0.02,0.0,12510.0,0.02,-0.22,-1.0,0.2,-0.4,-1.0,0.03,0.06,-0.36,0.4,-0.7,"post-hoc, exploratory; designed and selected on training only"
nfl_20250822_ne_nyg,NFL,180,placebo,NE,1.755831502e+18,1.755831682e+18,2025-08-21,1.75583170894131e+18,26.94131,0.01,0.02,0.0,12510.0,0.02,-0.22,-1.0,0.2,-0.4,-1.0,0.03,0.06,-0.36,0.4,-0.7,"post-hoc, exploratory; designed and selected on training only"
nfl_20250822_ne_nyg,NFL,600,placebo,NE,1.755831502e+18,1.755832102e+18,2025-08-21,1.755832163480462e+18,61.480462,0.01,0.02,0.0,2318.0,0.02,-0.22,-1.0,0.2,-0.4,-1.0,0.03,0.06,-0.36,0.4,-0.7,"post-hoc, exploratory; designed and selected on training only"
nfl_20250823_atl_dal,NFL,60,placebo,ATL,1.75591845e+18,1.75591851e+18,2025-08-22,1.755918728999823e+18,218.999823,0.01,0.02,0.0,251.0,0.02,-0.22,-1.0,0.2,-0.4,-1.0,0.03,0.06,-0.36,0.4,-0.7,"post-hoc, exploratory; designed and selected on training only"
nfl_20250823_atl_dal,NFL,180,placebo,ATL,1.75591845e+18,1.75591863e+18,2025-08-22,1.755918728999823e+18,98.999823,0.01,0.02,0.0,251.0,0.02,-0.22,-1.0,0.2,-0.4,-1.0,0.03,0.06,-0.36,0.4,-0.7,"post-hoc, exploratory; designed and selected on training only"
nfl_20250822_phi_nyj,NFL,60,placebo,NYJ,1.755916984e+18,1.755917044e+18,2025-08-22,1.755917051022965e+18,7.022965,0.01,0.02,0.0,3252.0,0.02,-0.22,-1.0,0.2,-0.4,-1.0,0.03,0.06,-0.36,0.4,-0.7,"post-hoc, exploratory; designed and selected on training only"
nfl_20250822_phi_nyj,NFL,180,placebo,NYJ,1.755916984e+18,1.755917164e+18,2025-08-22,1.75591722459074e+18,60.59074,0.01,0.02,0.0,2737.0,0.02,-0.22,-1.0,0.2,-0.4,-1.0,0.03,0.06,-0.36,0.4,-0.7,"post-hoc, exploratory; designed and selected on training only"
nfl_20250822_phi_nyj,NFL,600,placebo,NYJ,1.755916984e+18,1.755917584e+18,2025-08-22,1.755917632060748e+18,48.060748,0.01,0.02,0.0,849.0,0.02,-0.22,-1.0,0.2,-0.4,-1.0,0.03,0.06,-0.36,0.4,-0.7,"post-hoc, exploratory; designed and selected on training only"
nfl_20250823_chi_kc,NFL,60,placebo,KC,1.755920028e+18,1.755920088e+18,2025-08-22,1.755920239647439e+18,151.647439,0.01,0.02,0.0,627.0,0.02,-0.22,-1.0,0.2,-0.4,-1.0,0.03,0.06,-0.36,0.4,-0.7,"post-hoc, exploratory; designed and selected on training only"
nfl_20250823_chi_kc,NFL,180,placebo,KC,1.755920028e+18,1.755920208e+18,2025-08-22,1.755920239647439e+18,31.647439,0.01,0.02,0.0,627.0,0.02,-0.22,-1.0,0.2,-0.4,-1.0,0.03,0.06,-0.36,0.4,-0.7,"post-hoc, exploratory; designed and selected on training only"
nfl_20250823_min_ten,NFL,180,placebo,MIN,1.755917756e+18,1.755917936e+18,2025-08-22,1.755918138885254e+18,202.885254,0.01,0.02,0.0,1032.0,0.02,-0.22,-1.0,0.2,-0.4,-1.0,0.03,0.06,-0.36,0.4,-0.7,"post-hoc, exploratory; designed and selected on training only"
nfl_20250823_sea_gb,NFL,600,placebo,SEA,1.755990087e+18,1.755990687e+18,2025-08-23,1.755990873776195e+18,186.776195,0.01,0.02,0.0,2773.0,0.02,-0.22,-1.0,0.2,-0.4,-1.0,0.03,0.06,-0.36,0.4,-0.7,"post-hoc, exploratory; designed and selected on training only"
nfl_20250824_lv_ari,NFL,60,placebo,LV,1.756011549e+18,1.756011609e+18,2025-08-24,1.756011673236577e+18,64.236577,0.01,0.02,0.0,4773.0,0.02,-0.22,-1.0,0.2,-0.4,-1.0,0.03,0.06,-0.36,0.4,-0.7,"post-hoc, exploratory; designed and selected on training only"
nfl_20250824_lv_ari,NFL,180,placebo,LV,1.756011549e+18,1.756011729e+18,2025-08-24,1.756012000181217e+18,271.181217,0.01,0.02,0.0,1126.0,0.02,-0.22,-1.0,0.2,-0.4,-1.0,0.03,0.06,-0.36,0.4,-0.7,"post-hoc, exploratory; designed and selected on training only"
nfl_20250824_lv_ari,NFL,600,placebo,LV,1.756011549e+18,1.756012149e+18,2025-08-24,1.756012252146021e+18,103.146021,0.01,0.02,0.0,566.0,0.02,-0.22,-1.0,0.2,-0.4,-1.0,0.03,0.06,-0.36,0.4,-0.7,"post-hoc, exploratory; designed and selected on training only"
cfb_20250823_shsu_wku,CFB,180,placebo,SHSU,1.756003155e+18,1.756003335e+18,2025-08-23,1.756003611476723e+18,276.476723,0.01,0.02,0.0,280.0,0.02,-0.22,-1.0,0.2,-0.4,-1.0,0.03,0.06,-0.36,0.4,-0.7,"post-hoc, exploratory; designed and selected on training only"
nfl_20250823_bal_was,NFL,180,placebo,WAS,1.755974915e+18,1.755975095e+18,2025-08-23,1.755975279290433e+18,184.290433,0.01,0.02,0.0,2037.0,0.02,-0.22,-1.0,0.2,-0.4,-1.0,0.03,0.06,-0.36,0.4,-0.7,"post-hoc, exploratory; designed and selected on training only"
nfl_20250823_bal_was,NFL,600,placebo,WAS,1.755974915e+18,1.755975515e+18,2025-08-23,1.755975721729291e+18,206.729291,0.01,0.02,0.0,1944.0,0.02,-0.22,-1.0,0.2,-0.4,-1.0,0.03,0.06,-0.36,0.4,-0.7,"post-hoc, exploratory; designed and selected on training only"
cfb_20250823_isu_ksu,CFB,60,placebo,KSU,1.75597745e+18,1.75597751e+18,2025-08-23,1.755977559379068e+18,49.379068,0.01,0.02,0.0,5042.0,0.02,-0.22,-1.0,0.2,-0.4,-1.0,0.03,0.06,-0.36,0.4,-0.7,"post-hoc, exploratory; designed and selected on training only"
cfb_20250823_isu_ksu,CFB,180,placebo,KSU,1.75597745e+18,1.75597763e+18,2025-08-23,1.755977635591219e+18,5.591219,0.01,0.02,0.0,4942.0,0.02,-0.22,-1.0,0.2,-0.4,-1.0,0.03,0.06,-0.36,0.4,-0.7,"post-hoc, exploratory; designed and selected on training only"
cfb_20250823_isu_ksu,CFB,600,placebo,KSU,1.75597745e+18,1.75597805e+18,2025-08-23,1.755978053707531e+18,3.707531,0.01,0.02,0.0,4860.0,0.02,-0.22,-1.0,0.2,-0.4,-1.0,0.03,0.06,-0.36,0.4,-0.7,"post-hoc, exploratory; designed and selected on training only"
nfl_20250823_jac_mia,NFL,180,placebo,JAC,1.756000116e+18,1.756000296e+18,2025-08-23,1.756000503931156e+18,207.931156,0.01,0.02,0.0,488.0,0.02,-0.22,-1.0,0.2,-0.4,-1.0,0.03,0.06,-0.36,0.4,-0.7,"post-hoc, exploratory; designed and selected on training only"
nfl_20250823_la_cle,NFL,60,placebo,LA,1.755979779e+18,1.755979839e+18,2025-08-23,1.755979845185859e+18,6.185859,0.01,0.02,0.0,1103.0,0.02,-0.22,-1.0,0.2,-0.4,-1.0,0.03,0.06,-0.36,0.4,-0.7,"post-hoc, exploratory; designed and selected on training only"
nfl_20250823_la_cle,NFL,180,placebo,LA,1.755979779e+18,1.755979959e+18,2025-08-23,1.755980212275297e+18,253.275297,0.01,0.02,0.0,787.0,0.02,-0.22,-1.0,0.2,-0.4,-1.0,0.03,0.06,-0.36,0.4,-0.7,"post-hoc, exploratory; designed and selected on training only"
nfl_20250823_la_cle,NFL,600,placebo,LA,1.755979779e+18,1.755980379e+18,2025-08-23,1.755980633283435e+18,254.283435,0.01,0.02,0.0,507.0,0.02,-0.22,-1.0,0.2,-0.4,-1.0,0.03,0.06,-0.36,0.4,-0.7,"post-hoc, exploratory; designed and selected on training only"
cfb_20250828_cark_mizz,CFB,60,placebo,CARK,1.756435748e+18,1.756435808e+18,2025-08-28,1.756435846381991e+18,38.381991,0.01,0.02,0.0,100.0,0.02,-0.22,-1.0,0.2,-0.4,-1.0,0.03,0.06,-0.36,0.4,-0.7,"post-hoc, exploratory; designed and selected on training only"
cfb_20250829_buff_minn,CFB,60,placebo,BUFF,1.756438067e+18,1.756438127e+18,2025-08-28,1.756438273261053e+18,146.261053,0.01,0.02,0.0,80.0,0.02,-0.22,-1.0,0.2,-0.4,-1.0,0.03,0.06,-0.36,0.4,-0.7,"post-hoc, exploratory; designed and selected on training only"
cfb_20250829_buff_minn,CFB,180,placebo,BUFF,1.756438067e+18,1.756438247e+18,2025-08-28,1.756438273261053e+18,26.261053,0.01,0.02,0.0,80.0,0.02,-0.22,-1.0,0.2,-0.4,-1.0,0.03,0.06,-0.36,0.4,-0.7,"post-hoc, exploratory; designed and selected on training only"
cfb_20250828_ecu_ncst,CFB,60,placebo,ECU,1.756434141e+18,1.756434201e+18,2025-08-28,1.756434336534726e+18,135.534726,0.01,0.02,0.0,190.0,0.02,-0.22,-1.0,0.2,-0.4,-1.0,0.03,0.06,-0.36,0.4,-0.7,"post-hoc, exploratory; designed and selected on training only"
cfb_20250828_ecu_ncst,CFB,180,placebo,ECU,1.756434141e+18,1.756434321e+18,2025-08-28,1.756434336534726e+18,15.534726,0.01,0.02,0.0,190.0,0.02,-0.22,-1.0,0.2,-0.4,-1.0,0.03,0.06,-0.36,0.4,-0.7,"post-hoc, exploratory; designed and selected on training only"
cfb_20250828_bsu_usf,CFB,60,placebo,BSU,1.756429743e+18,1.756429803e+18,2025-08-28,1.756429866700043e+18,63.700043,0.01,0.02,0.0,6213.0,0.02,-0.22,-1.0,0.2,-0.4,-1.0,0.03,0.06,-0.36,0.4,-0.7,"post-hoc, exploratory; designed and selected on training only"
cfb_20250829_kenn_wake,CFB,60,placebo,KENN,1.756520211e+18,1.756520271e+18,2025-08-29,1.756520390355435e+18,119.355435,0.01,0.02,0.0,2105.0,0.02,-0.22,-1.0,0.2,-0.4,-1.0,0.03,0.06,-0.36,0.4,-0.7,"post-hoc, exploratory; designed and selected on training only"
cfb_20250829_kenn_wake,CFB,180,placebo,KENN,1.756520211e+18,1.756520391e+18,2025-08-29,1.756520407532135e+18,16.532135,0.01,0.02,0.0,1905.0,0.02,-0.22,-1.0,0.2,-0.4,-1.0,0.03,0.06,-0.36,0.4,-0.7,"post-hoc, exploratory; designed and selected on training only"
cfb_20250830_ball_pur,CFB,60,placebo,BALL,1.756579405e+18,1.756579465e+18,2025-08-30,1.756579516276761e+18,51.276761,0.01,0.02,0.0,5.0,0.02,-0.22,-1.0,0.2,-0.4,-1.0,0.03,0.06,-0.36,0.4,-0.7,"post-hoc, exploratory; designed and selected on training only"
cfb_20250830_sdak_isu,CFB,60,placebo,SDAK,1.756594079e+18,1.756594139e+18,2025-08-30,1.756594437978166e+18,298.978166,0.01,0.02,0.0,9.0,0.02,-0.22,-1.0,0.2,-0.4,-1.0,0.03,0.06,-0.36,0.4,-0.7,"post-hoc, exploratory; designed and selected on training only"
cfb_20250830_sdak_isu,CFB,180,placebo,SDAK,1.756594079e+18,1.756594259e+18,2025-08-30,1.756594437978166e+18,178.978166,0.01,0.02,0.0,9.0,0.02,-0.22,-1.0,0.2,-0.4,-1.0,0.03,0.06,-0.36,0.4,-0.7,"post-hoc, exploratory; designed and selected on training only"
cfb_20250830_odu_ind,CFB,60,placebo,ODU,1.75659117e+18,1.75659123e+18,2025-08-30,1.756591281054464e+18,51.054464,0.01,0.02,0.0,1.0,0.02,-0.22,-1.0,0.2,-0.4,-1.0,0.03,0.06,-0.36,0.4,-0.7,"post-hoc, exploratory; designed and selected on training only"
cfb_20250830_und_ksu,CFB,60,placebo,UND,1.75660746e+18,1.75660752e+18,2025-08-30,1.75660752685329e+18,6.85329,0.01,0.02,0.0,5735.0,0.02,-0.22,-1.0,0.2,-0.4,-1.0,0.03,0.06,-0.36,0.4,-0.7,"post-hoc, exploratory; designed and selected on training only"
cfb_20250830_und_ksu,CFB,180,placebo,UND,1.75660746e+18,1.75660764e+18,2025-08-30,1.756607644191405e+18,4.191405,0.01,0.02,0.0,4964.0,0.02,-0.22,-1.0,0.2,-0.4,-1.0,0.03,0.06,-0.36,0.4,-0.7,"post-hoc, exploratory; designed and selected on training only"
cfb_20250830_ala_fsu,CFB,60,placebo,ALA,1.756595885e+18,1.756595945e+18,2025-08-30,1.756595981014694e+18,36.014694,0.01,0.02,0.0,1476.0,0.02,-0.22,-1.0,0.2,-0.4,-1.0,0.03,0.06,-0.36,0.4,-0.7,"post-hoc, exploratory; designed and selected on training only"
cfb_20250830_ala_fsu,CFB,180,placebo,ALA,1.756595885e+18,1.756596065e+18,2025-08-30,1.756596068546173e+18,3.546173,0.01,0.02,0.0,701.0,0.02,-0.22,-1.0,0.2,-0.4,-1.0,0.03,0.06,-0.36,0.4,-0.7,"post-hoc, exploratory; designed and selected on training only"
cfb_20250830_tex_osu,CFB,60,placebo,TEX,1.756582062e+18,1.756582122e+18,2025-08-30,1.756582133543781e+18,11.543781,0.01,0.02,0.0,5682.0,0.02,-0.22,-1.0,0.2,-0.4,-1.0,0.03,0.06,-0.36,0.4,-0.7,"post-hoc, exploratory; designed and selected on training only"
cfb_20250830_tex_osu,CFB,180,placebo,TEX,1.756582062e+18,1.756582242e+18,2025-08-30,1.756582299361734e+18,57.361734,0.01,0.02,0.0,2595.0,0.02,-0.22,-1.0,0.2,-0.4,-1.0,0.03,0.06,-0.36,0.4,-0.7,"post-hoc, exploratory; designed and selected on training only"
cfb_20250830_lsu_clem,CFB,60,placebo,CLEM,1.756610317e+18,1.756610377e+18,2025-08-30,1.756610390268635e+18,13.268635,0.01,0.02,0.0,12064.0,0.02,-0.22,-1.0,0.2,-0.4,-1.0,0.03,0.06,-0.36,0.4,-0.7,"post-hoc, exploratory; designed and selected on training only"
cfb_20250830_lsu_clem,CFB,180,placebo,CLEM,1.756610317e+18,1.756610497e+18,2025-08-30,1.756610508021365e+18,11.021365,0.01,0.02,0.0,88.0,0.02,-0.22,-1.0,0.2,-0.4,-1.0,0.03,0.06,-0.36,0.4,-0.7,"post-hoc, exploratory; designed and selected on training only"
cfb_20250830_nev_psu,CFB,60,placebo,NEV,1.756594224e+18,1.756594284e+18,2025-08-30,1.756594413080382e+18,129.080382,0.01,0.02,0.0,9.0,0.02,-0.22,-1.0,0.2,-0.4,-1.0,0.03,0.06,-0.36,0.4,-0.7,"post-hoc, exploratory; designed and selected on training only"
cfb_20250830_nev_psu,CFB,180,placebo,NEV,1.756594224e+18,1.756594404e+18,2025-08-30,1.756594413080382e+18,9.080382,0.01,0.02,0.0,9.0,0.02,-0.22,-1.0,0.2,-0.4,-1.0,0.03,0.06,-0.36,0.4,-0.7,"post-hoc, exploratory; designed and selected on training only"
cfb_20250830_aamu_ark,CFB,60,placebo,AAMU,1.756597088e+18,1.756597148e+18,2025-08-30,1.756597154830742e+18,6.830742,0.01,0.02,0.0,189.0,0.02,-0.22,-1.0,0.2,-0.4,-1.0,0.03,0.06,-0.36,0.4,-0.7,"post-hoc, exploratory; designed and selected on training only"
cfb_20250830_aamu_ark,CFB,180,placebo,AAMU,1.756597088e+18,1.756597268e+18,2025-08-30,1.756597307039289e+18,39.039289,0.01,0.02,0.0,186.0,0.02,-0.22,-1.0,0.2,-0.4,-1.0,0.03,0.06,-0.36,0.4,-0.7,"post-hoc, exploratory; designed and selected on training only"
cfb_20250830_mrsh_uga,CFB,600,placebo,MRSH,1.756595026e+18,1.756595626e+18,2025-08-30,1.75659576595099e+18,139.95099,0.01,0.02,0.0,93.0,0.02,-0.22,-1.0,0.2,-0.4,-1.0,0.03,0.06,-0.36,0.4,-0.7,"post-hoc, exploratory; designed and selected on training only"
cfb_20250830_tem_mass,CFB,60,placebo,MASS,1.756593883e+18,1.756593943e+18,2025-08-30,1.756594039609763e+18,96.609763,0.01,0.02,0.0,280.0,0.02,-0.22,-1.0,0.2,-0.4,-1.0,0.03,0.06,-0.36,0.4,-0.7,"post-hoc, exploratory; designed and selected on training only"
cfb_20250830_tem_mass,CFB,180,placebo,MASS,1.756593883e+18,1.756594063e+18,2025-08-30,1.756594102849967e+18,39.849967,0.01,0.02,0.0,187.0,0.02,-0.22,-1.0,0.2,-0.4,-1.0,0.03,0.06,-0.36,0.4,-0.7,"post-hoc, exploratory; designed and selected on training only"
cfb_20250830_unm_mich,CFB,60,placebo,UNM,1.756609283e+18,1.756609343e+18,2025-08-30,1.756609483756374e+18,140.756374,0.01,0.02,0.0,100.0,0.02,-0.22,-1.0,0.2,-0.4,-1.0,0.03,0.06,-0.36,0.4,-0.7,"post-hoc, exploratory; designed and selected on training only"
cfb_20250830_unm_mich,CFB,180,placebo,UNM,1.756609283e+18,1.756609463e+18,2025-08-30,1.756609483756374e+18,20.756374,0.01,0.02,0.0,100.0,0.02,-0.22,-1.0,0.2,-0.4,-1.0,0.03,0.06,-0.36,0.4,-0.7,"post-hoc, exploratory; designed and selected on training only"
cfb_20250831_nd_mia,CFB,60,placebo,ND,1.7566963e+18,1.75669636e+18,2025-08-31,1.756696366497173e+18,6.497173,0.01,0.02,0.0,14983.0,0.02,-0.22,-1.0,0.2,-0.4,-1.0,0.03,0.06,-0.36,0.4,-0.7,"post-hoc, exploratory; designed and selected on training only"
cfb_20250831_vt_scar,CFB,60,placebo,VT,1.756679652e+18,1.756679712e+18,2025-08-31,1.75667975794603e+18,45.94603,0.01,0.02,0.0,486.0,0.02,-0.22,-1.0,0.2,-0.4,-1.0,0.03,0.06,-0.36,0.4,-0.7,"post-hoc, exploratory; designed and selected on training only"
cfb_20250831_vt_scar,CFB,180,placebo,VT,1.756679652e+18,1.756679832e+18,2025-08-31,1.756679845252403e+18,13.252403,0.01,0.02,0.0,484.0,0.02,-0.22,-1.0,0.2,-0.4,-1.0,0.03,0.06,-0.36,0.4,-0.7,"post-hoc, exploratory; designed and selected on training only"
cfb_20250831_vt_scar,CFB,600,placebo,VT,1.756679652e+18,1.756680252e+18,2025-08-31,1.756680335874083e+18,83.874083,0.01,0.02,0.0,91.0,0.02,-0.22,-1.0,0.2,-0.4,-1.0,0.03,0.06,-0.36,0.4,-0.7,"post-hoc, exploratory; designed and selected on training only"
cfb_20250902_tcu_unc,CFB,60,placebo,UNC,1.756783448e+18,1.756783508e+18,2025-09-01,1.75678355646544e+18,48.46544,0.01,0.02,0.0,18.0,0.02,-0.22,-1.0,0.2,-0.4,-1.0,0.03,0.06,-0.36,0.4,-0.7,"post-hoc, exploratory; designed and selected on training only"
cfb_20250902_tcu_unc,CFB,180,placebo,UNC,1.756783448e+18,1.756783628e+18,2025-09-01,1.756783643704821e+18,15.704821,0.01,0.02,0.0,5.0,0.02,-0.22,-1.0,0.2,-0.4,-1.0,0.03,0.06,-0.36,0.4,-0.7,"post-hoc, exploratory; designed and selected on training only"
nfl_20250905_dal_phi,NFL,60,placebo,DAL,1.757045867e+18,1.757045927e+18,2025-09-05,1.757045935305272e+18,8.305272,0.01,0.02,0.0,8282.0,0.02,-0.22,-1.0,0.2,-0.4,-1.0,0.03,0.06,-0.36,0.4,-0.7,"post-hoc, exploratory; designed and selected on training only"
nfl_20250905_dal_phi,NFL,180,placebo,DAL,1.757045867e+18,1.757046047e+18,2025-09-05,1.757046049031021e+18,2.031021,0.01,0.02,0.0,4506.0,0.02,-0.22,-1.0,0.2,-0.4,-1.0,0.03,0.06,-0.36,0.4,-0.7,"post-hoc, exploratory; designed and selected on training only"
nfl_20250905_dal_phi,NFL,600,placebo,DAL,1.757045867e+18,1.757046467e+18,2025-09-05,1.757046504540497e+18,37.540497,0.01,0.02,0.0,413.0,0.02,-0.22,-1.0,0.2,-0.4,-1.0,0.03,0.06,-0.36,0.4,-0.7,"post-hoc, exploratory; designed and selected on training only"
cfb_20250905_jmu_lou,CFB,180,placebo,JMU,1.757126392e+18,1.757126572e+18,2025-09-05,1.757126816932753e+18,244.932753,0.01,0.02,0.0,5.0,0.02,-0.22,-1.0,0.2,-0.4,-1.0,0.03,0.06,-0.36,0.4,-0.7,"post-hoc, exploratory; designed and selected on training only"
nfl_20250906_kc_lac,NFL,60,placebo,KC,1.757128267e+18,1.757128327e+18,2025-09-05,1.757128333056363e+18,6.056363,0.01,0.02,0.0,12206.0,0.02,-0.22,-1.0,0.2,-0.4,-1.0,0.03,0.06,-0.36,0.4,-0.7,"post-hoc, exploratory; designed and selected on training only"
cfb_20250905_niu_md,CFB,60,placebo,NIU,1.757126086e+18,1.757126146e+18,2025-09-05,1.757126419270149e+18,273.270149,0.01,0.02,0.0,93.0,0.02,-0.22,-1.0,0.2,-0.4,-1.0,0.03,0.06,-0.36,0.4,-0.7,"post-hoc, exploratory; designed and selected on training only"
cfb_20250905_niu_md,CFB,180,placebo,NIU,1.757126086e+18,1.757126266e+18,2025-09-05,1.757126419270149e+18,153.270149,0.01,0.02,0.0,93.0,0.02,-0.22,-1.0,0.2,-0.4,-1.0,0.03,0.06,-0.36,0.4,-0.7,"post-hoc, exploratory; designed and selected on training only"
cfb_20250906_fres_orst,CFB,60,placebo,ORST,1.757200538e+18,1.757200598e+18,2025-09-06,1.757200643716583e+18,45.716583,0.01,0.02,0.0,93.0,0.02,-0.22,-1.0,0.2,-0.4,-1.0,0.03,0.06,-0.36,0.4,-0.7,"post-hoc, exploratory; designed and selected on training only"
cfb_20250906_peay_uga,CFB,60,placebo,PEAY,1.757200497e+18,1.757200557e+18,2025-09-06,1.757200558373746e+18,1.373746,0.01,0.02,0.0,100.0,0.02,-0.22,-1.0,0.2,-0.4,-1.0,0.03,0.06,-0.36,0.4,-0.7,"post-hoc, exploratory; designed and selected on training only"
cfb_20250906_bry_mass,CFB,60,placebo,MASS,1.757208451e+18,1.757208511e+18,2025-09-06,1.757208630763528e+18,119.763528,0.01,0.02,0.0,1402.0,0.02,-0.22,-1.0,0.2,-0.4,-1.0,0.03,0.06,-0.36,0.4,-0.7,"post-hoc, exploratory; designed and selected on training only"
cfb_20250906_bry_mass,CFB,180,placebo,MASS,1.757208451e+18,1.757208631e+18,2025-09-06,1.757208735914068e+18,104.914068,0.01,0.02,0.0,935.0,0.02,-0.22,-1.0,0.2,-0.4,-1.0,0.03,0.06,-0.36,0.4,-0.7,"post-hoc, exploratory; designed and selected on training only"
cfb_20250906_tuln_usa,CFB,60,placebo,USA,1.757211287e+18,1.757211347e+18,2025-09-06,1.757211481487848e+18,134.487848,0.01,0.02,0.0,935.0,0.02,-0.22,-1.0,0.2,-0.4,-1.0,0.03,0.06,-0.36,0.4,-0.7,"post-hoc, exploratory; designed and selected on training only"
cfb_20250906_tuln_usa,CFB,180,placebo,USA,1.757211287e+18,1.757211467e+18,2025-09-06,1.757211481487848e+18,14.487848,0.01,0.02,0.0,935.0,0.02,-0.22,-1.0,0.2,-0.4,-1.0,0.03,0.06,-0.36,0.4,-0.7,"post-hoc, exploratory; designed and selected on training only"
cfb_20250906_wcu_wake,CFB,60,placebo,WCU,1.757203307e+18,1.757203367e+18,2025-09-06,1.757203413807651e+18,46.807651,0.01,0.02,0.0,100.0,0.02,-0.22,-1.0,0.2,-0.4,-1.0,0.03,0.06,-0.36,0.4,-0.7,"post-hoc, exploratory; designed and selected on training only"
cfb_20250906_okst_ore,CFB,60,placebo,OKST,1.757200006e+18,1.757200066e+18,2025-09-06,1.757200148364868e+18,82.364868,0.01,0.02,0.0,93.0,0.02,-0.22,-1.0,0.2,-0.4,-1.0,0.03,0.06,-0.36,0.4,-0.7,"post-hoc, exploratory; designed and selected on training only"
cfb_20250906_etsu_tenn,CFB,600,placebo,ETSU,1.757199602e+18,1.757200202e+18,2025-09-06,1.757200219892859e+18,17.892859,0.01,0.02,0.0,93.0,0.02,-0.22,-1.0,0.2,-0.4,-1.0,0.03,0.06,-0.36,0.4,-0.7,"post-hoc, exploratory; designed and selected on training only"
cfb_20250906_uva_ncst,CFB,60,placebo,UVA,1.757185778e+18,1.757185838e+18,2025-09-06,1.757185901581946e+18,63.581946,0.01,0.02,0.0,1350.0,0.02,-0.22,-1.0,0.2,-0.4,-1.0,0.03,0.06,-0.36,0.4,-0.7,"post-hoc, exploratory; designed and selected on training only"
cfb_20250906_uva_ncst,CFB,180,placebo,UVA,1.757185778e+18,1.757185958e+18,2025-09-06,1.757185960067003e+18,2.067003,0.01,0.02,0.0,1257.0,0.02,-0.22,-1.0,0.2,-0.4,-1.0,0.03,0.06,-0.36,0.4,-0.7,"post-hoc, exploratory; designed and selected on training only"
cfb_20250906_troy_clem,CFB,60,placebo,TROY,1.757203873e+18,1.757203933e+18,2025-09-06,1.757204017455068e+18,84.455068,0.01,0.02,0.0,165.0,0.02,-0.22,-1.0,0.2,-0.4,-1.0,0.03,0.06,-0.36,0.4,-0.7,"post-hoc, exploratory; designed and selected on training only"
cfb_20250906_txst_utsa,CFB,60,winner,TXST,1.75720028e+18,1.75720034e+18,2025-09-06,1.757200351509855e+18,11.509855,0.78,0.79,1.0,7089.0,0.12,1.98,0.24688279301745636,0.2,1.9,0.2345679012345679,0.8,0.24,1.76,0.4,1.6,"post-hoc, exploratory; designed and selected on training only"
cfb_20250906_txst_utsa,CFB,60,placebo,UTSA,1.75720028e+18,1.75720034e+18,2025-09-06,1.757200351540584e+18,11.540584,0.15,0.16,0.0,1100.0,0.1,-1.7,-1.0,0.2,-1.8,-1.0,0.17,0.2,-1.9,0.4,-2.1,"post-hoc, exploratory; designed and selected on training only"
cfb_20250906_lib_jvst,CFB,60,placebo,LIB,1.75719009e+18,1.75719015e+18,2025-09-06,1.757190160860164e+18,10.860164,0.01,0.02,0.0,17.0,0.02,-0.22,-1.0,0.2,-0.4,-1.0,0.03,0.06,-0.36,0.4,-0.7,"post-hoc, exploratory; designed and selected on training only"
cfb_20250906_usu_txam,CFB,60,placebo,USU,1.75718967e+18,1.75718973e+18,2025-09-06,1.75718986678242e+18,136.78242,0.01,0.02,0.0,400.0,0.02,-0.22,-1.0,0.2,-0.4,-1.0,0.03,0.06,-0.36,0.4,-0.7,"post-hoc, exploratory; designed and selected on training only"
cfb_20250906_usu_txam,CFB,180,placebo,USU,1.75718967e+18,1.75718985e+18,2025-09-06,1.75718986678242e+18,16.78242,0.01,0.02,0.0,400.0,0.02,-0.22,-1.0,0.2,-0.4,-1.0,0.03,0.06,-0.36,0.4,-0.7,"post-hoc, exploratory; designed and selected on training only"
cfb_20250906_wvu_ohio,CFB,60,placebo,WVU,1.757201023e+18,1.757201083e+18,2025-09-06,1.75720108522642e+18,2.22642,0.01,0.02,0.0,377.0,0.02,-0.22,-1.0,0.2,-0.4,-1.0,0.03,0.06,-0.36,0.4,-0.7,"post-hoc, exploratory; designed and selected on training only"
cfb_20250906_wvu_ohio,CFB,180,placebo,WVU,1.757201023e+18,1.757201203e+18,2025-09-06,1.757201273246256e+18,70.246256,0.01,0.02,0.0,93.0,0.02,-0.22,-1.0,0.2,-0.4,-1.0,0.03,0.06,-0.36,0.4,-0.7,"post-hoc, exploratory; designed and selected on training only"
cfb_20250906_army_ksu,CFB,60,placebo,KSU,1.757211779e+18,1.757211839e+18,2025-09-06,1.757211842171101e+18,3.171101,0.01,0.02,0.0,3.0,0.02,-0.22,-1.0,0.2,-0.4,-1.0,0.03,0.06,-0.36,0.4,-0.7,"post-hoc, exploratory; designed and selected on training only"
cfb_20250906_usf_fla,CFB,60,placebo,FLA,1.757202946e+18,1.757203006e+18,2025-09-06,1.757203007346252e+18,1.346252,0.01,0.02,0.0,72902.0,0.02,-0.22,-1.0,0.2,-0.4,-1.0,0.03,0.06,-0.36,0.4,-0.7,"post-hoc, exploratory; designed and selected on training only"
cfb_20250906_miss_uk,CFB,60,placebo,UK,1.757201153e+18,1.757201213e+18,2025-09-06,1.757201485203182e+18,272.203182,0.01,0.02,0.0,496.0,0.02,-0.22,-1.0,0.2,-0.4,-1.0,0.03,0.06,-0.36,0.4,-0.7,"post-hoc, exploratory; designed and selected on training only"
cfb_20250906_miss_uk,CFB,180,placebo,UK,1.757201153e+18,1.757201333e+18,2025-09-06,1.757201485203182e+18,152.203182,0.01,0.02,0.0,496.0,0.02,-0.22,-1.0,0.2,-0.4,-1.0,0.03,0.06,-0.36,0.4,-0.7,"post-hoc, exploratory; designed and selected on training only"
cfb_20250906_miss_uk,CFB,600,placebo,UK,1.757201153e+18,1.757201753e+18,2025-09-06,1.757201755050992e+18,2.050992,0.01,0.02,0.0,25.0,0.02,-0.22,-1.0,0.2,-0.4,-1.0,0.03,0.06,-0.36,0.4,-0.7,"post-hoc, exploratory; designed and selected on training only"
cfb_20250906_sac_nev,CFB,60,placebo,SAC,1.757203435e+18,1.757203495e+18,2025-09-06,1.757203769265824e+18,274.265824,0.01,0.02,0.0,4698.0,0.02,-0.22,-1.0,0.2,-0.4,-1.0,0.03,0.06,-0.36,0.4,-0.7,"post-hoc, exploratory; designed and selected on training only"
cfb_20250906_sac_nev,CFB,180,placebo,SAC,1.757203435e+18,1.757203615e+18,2025-09-06,1.757203769265824e+18,154.265824,0.01,0.02,0.0,4698.0,0.02,-0.22,-1.0,0.2,-0.4,-1.0,0.03,0.06,-0.36,0.4,-0.7,"post-hoc, exploratory; designed and selected on training only"
cfb_20250906_cp_utah,CFB,60,placebo,CP,1.75720794e+18,1.757208e+18,2025-09-06,1.757208082471684e+18,82.471684,0.01,0.02,0.0,110.0,0.02,-0.22,-1.0,0.2,-0.4,-1.0,0.03,0.06,-0.36,0.4,-0.7,"post-hoc, exploratory; designed and selected on training only"
nfl_20250908_bal_buf,NFL,60,placebo,BAL,1.757302642e+18,1.757302702e+18,2025-09-07,1.757302703300059e+18,1.300059,0.01,0.02,0.0,73937.0,0.02,-0.22,-1.0,0.2,-0.4,-1.0,0.03,0.06,-0.36,0.4,-0.7,"post-hoc, exploratory; designed and selected on training only"
nfl_20250907_ten_den,NFL,60,placebo,TEN,1.757287751e+18,1.757287811e+18,2025-09-07,1.757287818500427e+18,7.500427,0.01,0.02,0.0,1614.0,0.02,-0.22,-1.0,0.2,-0.4,-1.0,0.03,0.06,-0.36,0.4,-0.7,"post-hoc, exploratory; designed and selected on training only"
nfl_20250907_ten_den,NFL,180,placebo,TEN,1.757287751e+18,1.757287931e+18,2025-09-07,1.757288069369661e+18,138.369661,0.01,0.02,0.0,299.0,0.02,-0.22,-1.0,0.2,-0.4,-1.0,0.03,0.06,-0.36,0.4,-0.7,"post-hoc, exploratory; designed and selected on training only"
nfl_20250907_mia_ind,NFL,60,placebo,MIA,1.75727445e+18,1.75727451e+18,2025-09-07,1.757274566553957e+18,56.553957,0.01,0.02,0.0,100.0,0.02,-0.22,-1.0,0.2,-0.4,-1.0,0.03,0.06,-0.36,0.4,-0.7,"post-hoc, exploratory; designed and selected on training only"
nfl_20250907_tb_atl,NFL,60,placebo,ATL,1.757276824e+18,1.757276884e+18,2025-09-07,1.757276885578176e+18,1.578176,0.01,0.02,0.0,587.0,0.02,-0.22,-1.0,0.2,-0.4,-1.0,0.03,0.06,-0.36,0.4,-0.7,"post-hoc, exploratory; designed and selected on training only"
nfl_20250907_cin_cle,NFL,60,placebo,CLE,1.757275279e+18,1.757275339e+18,2025-09-07,1.757275341864127e+18,2.864127,0.01,0.02,0.0,449.0,0.02,-0.22,-1.0,0.2,-0.4,-1.0,0.03,0.06,-0.36,0.4,-0.7,"post-hoc, exploratory; designed and selected on training only"
nfl_20250907_cin_cle,NFL,180,placebo,CLE,1.757275279e+18,1.757275459e+18,2025-09-07,1.757275478592962e+18,19.592962,0.01,0.02,0.0,23.0,0.02,-0.22,-1.0,0.2,-0.4,-1.0,0.03,0.06,-0.36,0.4,-0.7,"post-hoc, exploratory; designed and selected on training only"
nfl_20250907_ari_no,NFL,60,placebo,NO,1.7572753e+18,1.75727536e+18,2025-09-07,1.757275370503975e+18,10.503975,0.01,0.02,0.0,3308.0,0.02,-0.22,-1.0,0.2,-0.4,-1.0,0.03,0.06,-0.36,0.4,-0.7,"post-hoc, exploratory; designed and selected on training only"
nfl_20250907_ari_no,NFL,180,placebo,NO,1.7572753e+18,1.75727548e+18,2025-09-07,1.757275501351911e+18,21.351911,0.01,0.02,0.0,6.0,0.02,-0.22,-1.0,0.2,-0.4,-1.0,0.03,0.06,-0.36,0.4,-0.7,"post-hoc, exploratory; designed and selected on training only"
nfl_20250907_det_gb,NFL,60,placebo,DET,1.757286838e+18,1.757286898e+18,2025-09-07,1.757286985968874e+18,87.968874,0.01,0.02,0.0,1470.0,0.02,-0.22,-1.0,0.2,-0.4,-1.0,0.03,0.06,-0.36,0.4,-0.7,"post-hoc, exploratory; designed and selected on training only"
nfl_20250907_det_gb,NFL,180,placebo,DET,1.757286838e+18,1.757287018e+18,2025-09-07,1.757287211417867e+18,193.417867,0.01,0.02,0.0,1003.0,0.02,-0.22,-1.0,0.2,-0.4,-1.0,0.03,0.06,-0.36,0.4,-0.7,"post-hoc, exploratory; designed and selected on training only"
nfl_20250907_det_gb,NFL,600,placebo,DET,1.757286838e+18,1.757287438e+18,2025-09-07,1.757287547875907e+18,109.875907,0.01,0.02,0.0,187.0,0.02,-0.22,-1.0,0.2,-0.4,-1.0,0.03,0.06,-0.36,0.4,-0.7,"post-hoc, exploratory; designed and selected on training only"
nfl_20250907_car_jac,NFL,60,placebo,CAR,1.757279569e+18,1.757279629e+18,2025-09-07,1.757279725153413e+18,96.153413,0.01,0.02,0.0,2805.0,0.02,-0.22,-1.0,0.2,-0.4,-1.0,0.03,0.06,-0.36,0.4,-0.7,"post-hoc, exploratory; designed and selected on training only"
nfl_20250907_pit_nyj,NFL,60,placebo,NYJ,1.757275663e+18,1.757275723e+18,2025-09-07,1.757275729793535e+18,6.793535,0.01,0.02,0.0,1683.0,0.02,-0.22,-1.0,0.2,-0.4,-1.0,0.03,0.06,-0.36,0.4,-0.7,"post-hoc, exploratory; designed and selected on training only"
nfl_20250907_pit_nyj,NFL,180,placebo,NYJ,1.757275663e+18,1.757275843e+18,2025-09-07,1.757275854152571e+18,11.152571,0.01,0.02,0.0,501.0,0.02,-0.22,-1.0,0.2,-0.4,-1.0,0.03,0.06,-0.36,0.4,-0.7,"post-hoc, exploratory; designed and selected on training only"
nfl_20250907_hou_la,NFL,60,placebo,HOU,1.757287012e+18,1.757287072e+18,2025-09-07,1.757287093869508e+18,21.869508,0.01,0.02,0.0,8545.0,0.02,-0.22,-1.0,0.2,-0.4,-1.0,0.03,0.06,-0.36,0.4,-0.7,"post-hoc, exploratory; designed and selected on training only"
nfl_20250907_hou_la,NFL,180,placebo,HOU,1.757287012e+18,1.757287192e+18,2025-09-07,1.757287263852418e+18,71.852418,0.01,0.02,0.0,1870.0,0.02,-0.22,-1.0,0.2,-0.4,-1.0,0.03,0.06,-0.36,0.4,-0.7,"post-hoc, exploratory; designed and selected on training only"
nfl_20250907_sf_sea,NFL,60,placebo,SEA,1.757286184e+18,1.757286244e+18,2025-09-07,1.757286245824534e+18,1.824534,0.01,0.02,0.0,3530.0,0.02,-0.22,-1.0,0.2,-0.4,-1.0,0.03,0.06,-0.36,0.4,-0.7,"post-hoc, exploratory; designed and selected on training only"
nfl_20250907_sf_sea,NFL,180,placebo,SEA,1.757286184e+18,1.757286364e+18,2025-09-07,1.757286386124015e+18,22.124015,0.01,0.02,0.0,100.0,0.02,-0.22,-1.0,0.2,-0.4,-1.0,0.03,0.06,-0.36,0.4,-0.7,"post-hoc, exploratory; designed and selected on training only"
nfl_20250909_min_chi,NFL,60,placebo,CHI,1.757388737e+18,1.757388797e+18,2025-09-08,1.757388798349582e+18,1.349582,0.01,0.02,0.0,9597.0,0.02,-0.22,-1.0,0.2,-0.4,-1.0,0.03,0.06,-0.36,0.4,-0.7,"post-hoc, exploratory; designed and selected on training only"
cfb_20250911_ncst_wake,CFB,600,placebo,WAKE,1.757646907e+18,1.757647507e+18,2025-09-11,1.75764773495002e+18,227.95002,0.01,0.02,0.0,193.0,0.02,-0.22,-1.0,0.2,-0.4,-1.0,0.03,0.06,-0.36,0.4,-0.7,"post-hoc, exploratory; designed and selected on training only"
nfl_20250912_was_gb,NFL,60,placebo,WAS,1.757647653e+18,1.757647713e+18,2025-09-11,1.757647721850942e+18,8.850942,0.01,0.02,0.0,1125.0,0.02,-0.22,-1.0,0.2,-0.4,-1.0,0.03,0.06,-0.36,0.4,-0.7,"post-hoc, exploratory; designed and selected on training only"
cfb_20250912_inst_ind,CFB,60,placebo,INST,1.757727276e+18,1.757727336e+18,2025-09-12,1.75772739708544e+18,61.08544,0.01,0.02,0.0,93.0,0.02,-0.22,-1.0,0.2,-0.4,-1.0,0.03,0.06,-0.36,0.4,-0.7,"post-hoc, exploratory; designed and selected on training only"
cfb_20250914_duke_tuln,CFB,60,placebo,DUKE,1.757821233e+18,1.757821293e+18,2025-09-13,1.757821299520789e+18,6.520789,0.01,0.02,0.0,502.0,0.02,-0.22,-1.0,0.2,-0.4,-1.0,0.03,0.06,-0.36,0.4,-0.7,"post-hoc, exploratory; designed and selected on training only"
cfb_20250913_fla_lsu,CFB,60,placebo,FLA,1.757819199e+18,1.757819259e+18,2025-09-13,1.75781936499208e+18,105.99208,0.01,0.02,0.0,300.0,0.02,-0.22,-1.0,0.2,-0.4,-1.0,0.03,0.06,-0.36,0.4,-0.7,"post-hoc, exploratory; designed and selected on training only"
cfb_20250913_wis_ala,CFB,60,placebo,WIS,1.757790123e+18,1.757790183e+18,2025-09-13,1.757790203363883e+18,20.363883,0.01,0.02,0.0,5.0,0.02,-0.22,-1.0,0.2,-0.4,-1.0,0.03,0.06,-0.36,0.4,-0.7,"post-hoc, exploratory; designed and selected on training only"
cfb_20250913_buff_kent,CFB,60,placebo,KENT,1.757791848e+18,1.757791908e+18,2025-09-13,1.757792006442163e+18,98.442163,0.01,0.02,0.0,187.0,0.02,-0.22,-1.0,0.2,-0.4,-1.0,0.03,0.06,-0.36,0.4,-0.7,"post-hoc, exploratory; designed and selected on training only"
cfb_20250913_ark_miss,CFB,60,placebo,ARK,1.757817738e+18,1.757817798e+18,2025-09-13,1.757817808225953e+18,10.225953,0.01,0.02,0.0,12035.0,0.02,-0.22,-1.0,0.2,-0.4,-1.0,0.03,0.06,-0.36,0.4,-0.7,"post-hoc, exploratory; designed and selected on training only"
cfb_20250913_ark_miss,CFB,180,placebo,ARK,1.757817738e+18,1.757817918e+18,2025-09-13,1.757817927541073e+18,9.541073,0.01,0.02,0.0,246.0,0.02,-0.22,-1.0,0.2,-0.4,-1.0,0.03,0.06,-0.36,0.4,-0.7,"post-hoc, exploratory; designed and selected on training only"
cfb_20250913_clem_gt,CFB,60,placebo,CLEM,1.757791404e+18,1.757791464e+18,2025-09-13,1.757791465383331e+18,1.383331,0.01,0.02,0.0,2192.0,0.02,-0.22,-1.0,0.2,-0.4,-1.0,0.03,0.06,-0.36,0.4,-0.7,"post-hoc, exploratory; designed and selected on training only"
cfb_20250913_clem_gt,CFB,180,placebo,CLEM,1.757791404e+18,1.757791584e+18,2025-09-13,1.757791618689507e+18,34.689507,0.01,0.02,0.0,267.0,0.02,-0.22,-1.0,0.2,-0.4,-1.0,0.03,0.06,-0.36,0.4,-0.7,"post-hoc, exploratory; designed and selected on training only"
cfb_20250913_ore_nw,CFB,60,placebo,NW,1.757790712e+18,1.757790772e+18,2025-09-13,1.757790802215246e+18,30.215246,0.01,0.02,0.0,93.0,0.02,-0.22,-1.0,0.2,-0.4,-1.0,0.03,0.06,-0.36,0.4,-0.7,"post-hoc, exploratory; designed and selected on training only"
cfb_20250913_norf_rutg,CFB,60,placebo,NORF,1.757805006e+18,1.757805066e+18,2025-09-13,1.757805073373385e+18,7.373385,0.01,0.02,0.0,467.0,0.02,-0.22,-1.0,0.2,-0.4,-1.0,0.03,0.06,-0.36,0.4,-0.7,"post-hoc, exploratory; designed and selected on training only"
cfb_20250913_rich_unc,CFB,60,placebo,RICH,1.757802591e+18,1.757802651e+18,2025-09-13,1.757802751402404e+18,100.402404,0.01,0.02,0.0,1000.0,0.02,-0.22,-1.0,0.2,-0.4,-1.0,0.03,0.06,-0.36,0.4,-0.7,"post-hoc, exploratory; designed and selected on training only"
nfl_20250914_jac_cin,NFL,60,placebo,JAC,1.757880781e+18,1.757880841e+18,2025-09-14,1.757880842433469e+18,1.433469,0.01,0.02,0.0,3774.0,0.02,-0.22,-1.0,0.2,-0.4,-1.0,0.03,0.06,-0.36,0.4,-0.7,"post-hoc, exploratory; designed and selected on training only"
nfl_20250914_cle_bal,NFL,60,placebo,CLE,1.757880501e+18,1.757880561e+18,2025-09-14,1.75788056874318e+18,7.74318,0.01,0.02,0.0,33.0,0.02,-0.22,-1.0,0.2,-0.4,-1.0,0.03,0.06,-0.36,0.4,-0.7,"post-hoc, exploratory; designed and selected on training only"
nfl_20250915_atl_min,NFL,60,placebo,MIN,1.757906234e+18,1.757906294e+18,2025-09-14,1.757906324759282e+18,30.759282,0.01,0.02,0.0,9551.0,0.02,-0.22,-1.0,0.2,-0.4,-1.0,0.03,0.06,-0.36,0.4,-0.7,"post-hoc, exploratory; designed and selected on training only"
nfl_20250914_car_ari,NFL,60,placebo,CAR,1.757892086e+18,1.757892146e+18,2025-09-14,1.757892154013981e+18,8.013981,0.01,0.02,0.0,938.0,0.02,-0.22,-1.0,0.2,-0.4,-1.0,0.03,0.06,-0.36,0.4,-0.7,"post-hoc, exploratory; designed and selected on training only"
nfl_20250914_car_ari,NFL,180,placebo,CAR,1.757892086e+18,1.757892266e+18,2025-09-14,1.757892272237006e+18,6.237006,0.01,0.02,0.0,149.0,0.02,-0.22,-1.0,0.2,-0.4,-1.0,0.03,0.06,-0.36,0.4,-0.7,"post-hoc, exploratory; designed and selected on training only"
nfl_20250914_chi_det,NFL,60,placebo,CHI,1.757880934e+18,1.757880994e+18,2025-09-14,1.75788105316569e+18,59.16569,0.01,0.02,0.0,500.0,0.02,-0.22,-1.0,0.2,-0.4,-1.0,0.03,0.06,-0.36,0.4,-0.7,"post-hoc, exploratory; designed and selected on training only"
nfl_20250914_ne_mia,NFL,60,placebo,MIA,1.75788052e+18,1.75788058e+18,2025-09-14,1.757880585626666e+18,5.626666,0.01,0.02,0.0,133.0,0.02,-0.22,-1.0,0.2,-0.4,-1.0,0.03,0.06,-0.36,0.4,-0.7,"post-hoc, exploratory; designed and selected on training only"
nfl_20250914_ne_mia,NFL,180,placebo,MIA,1.75788052e+18,1.7578807e+18,2025-09-14,1.757880843191538e+18,143.191538,0.01,0.02,0.0,40.0,0.02,-0.22,-1.0,0.2,-0.4,-1.0,0.03,0.06,-0.36,0.4,-0.7,"post-hoc, exploratory; designed and selected on training only"
nfl_20250914_sf_no,NFL,60,placebo,NO,1.757880529e+18,1.757880589e+18,2025-09-14,1.757880599885996e+18,10.885996,0.01,0.02,0.0,3814.0,0.02,-0.22,-1.0,0.2,-0.4,-1.0,0.03,0.06,-0.36,0.4,-0.7,"post-hoc, exploratory; designed and selected on training only"
nfl_20250914_sf_no,NFL,180,placebo,NO,1.757880529e+18,1.757880709e+18,2025-09-14,1.757880726221527e+18,17.221527,0.01,0.02,0.0,919.0,0.02,-0.22,-1.0,0.2,-0.4,-1.0,0.03,0.06,-0.36,0.4,-0.7,"post-hoc, exploratory; designed and selected on training only"
nfl_20250914_nyg_dal,NFL,60,placebo,NYG,1.757882651e+18,1.757882711e+18,2025-09-14,1.757882715153164e+18,4.153164,0.01,0.02,0.0,1092.0,0.02,-0.22,-1.0,0.2,-0.4,-1.0,0.03,0.06,-0.36,0.4,-0.7,"post-hoc, exploratory; designed and selected on training only"
nfl_20250914_la_ten,NFL,60,placebo,TEN,1.75788053e+18,1.75788059e+18,2025-09-14,1.757880710053545e+18,120.053545,0.01,0.02,0.0,7088.0,0.02,-0.22,-1.0,0.2,-0.4,-1.0,0.03,0.06,-0.36,0.4,-0.7,"post-hoc, exploratory; designed and selected on training only"
nfl_20250914_la_ten,NFL,180,placebo,TEN,1.75788053e+18,1.75788071e+18,2025-09-14,1.757880720021164e+18,10.021164,0.01,0.02,0.0,6988.0,0.02,-0.22,-1.0,0.2,-0.4,-1.0,0.03,0.06,-0.36,0.4,-0.7,"post-hoc, exploratory; designed and selected on training only"
nfl_20250914_la_ten,NFL,600,placebo,TEN,1.75788053e+18,1.75788113e+18,2025-09-14,1.757881149775546e+18,19.775546,0.01,0.02,0.0,1620.0,0.02,-0.22,-1.0,0.2,-0.4,-1.0,0.03,0.06,-0.36,0.4,-0.7,"post-hoc, exploratory; designed and selected on training only"
nfl_20250914_den_ind,NFL,60,placebo,DEN,1.757891278e+18,1.757891338e+18,2025-09-14,1.757891339566239e+18,1.566239,0.01,0.02,0.0,74654.0,0.02,-0.22,-1.0,0.2,-0.4,-1.0,0.03,0.06,-0.36,0.4,-0.7,"post-hoc, exploratory; designed and selected on training only"
nfl_20250914_phi_kc,NFL,60,placebo,KC,1.757892061e+18,1.757892121e+18,2025-09-14,1.757892124471273e+18,3.471273,0.01,0.02,0.0,4900.0,0.02,-0.22,-1.0,0.2,-0.4,-1.0,0.03,0.06,-0.36,0.4,-0.7,"post-hoc, exploratory; designed and selected on training only"
nfl_20250914_phi_kc,NFL,180,placebo,KC,1.757892061e+18,1.757892241e+18,2025-09-14,1.757892247866914e+18,6.866914,0.01,0.02,0.0,200.0,0.02,-0.22,-1.0,0.2,-0.4,-1.0,0.03,0.06,-0.36,0.4,-0.7,"post-hoc, exploratory; designed and selected on training only"
nfl_20250916_lac_lv,NFL,60,placebo,LV,1.757998687e+18,1.757998747e+18,2025-09-16,1.7579987726016e+18,25.6016,0.01,0.02,0.0,10.0,0.02,-0.22,-1.0,0.2,-0.4,-1.0,0.03,0.06,-0.36,0.4,-0.7,"post-hoc, exploratory; designed and selected on training only"
nfl_20250915_tb_hou,NFL,60,placebo,HOU,1.757987974e+18,1.757988034e+18,2025-09-15,1.757988035182487e+18,1.182487,0.01,0.02,0.0,17120.0,0.02,-0.22,-1.0,0.2,-0.4,-1.0,0.03,0.06,-0.36,0.4,-0.7,"post-hoc, exploratory; designed and selected on training only"
nfl_20250915_tb_hou,NFL,180,placebo,HOU,1.757987974e+18,1.757988154e+18,2025-09-15,1.757988156721399e+18,2.721399,0.01,0.02,0.0,3286.0,0.02,-0.22,-1.0,0.2,-0.4,-1.0,0.03,0.06,-0.36,0.4,-0.7,"post-hoc, exploratory; designed and selected on training only"
cfb_20250918_rice_char,CFB,60,placebo,CHAR,1.758250647e+18,1.758250707e+18,2025-09-18,1.758250832081169e+18,125.081169,0.01,0.02,0.0,935.0,0.02,-0.22,-1.0,0.2,-0.4,-1.0,0.03,0.06,-0.36,0.4,-0.7,"post-hoc, exploratory; designed and selected on training only"
cfb_20250918_rice_char,CFB,180,placebo,CHAR,1.758250647e+18,1.758250827e+18,2025-09-18,1.758250832081169e+18,5.081169,0.01,0.02,0.0,935.0,0.02,-0.22,-1.0,0.2,-0.4,-1.0,0.03,0.06,-0.36,0.4,-0.7,"post-hoc, exploratory; designed and selected on training only"
nfl_20250919_mia_buf,NFL,60,placebo,MIA,1.758251409e+18,1.758251469e+18,2025-09-18,1.75825148056974e+18,11.56974,0.01,0.02,0.0,3096.0,0.02,-0.22,-1.0,0.2,-0.4,-1.0,0.03,0.06,-0.36,0.4,-0.7,"post-hoc, exploratory; designed and selected on training only"
nfl_20250919_mia_buf,NFL,180,placebo,MIA,1.758251409e+18,1.758251589e+18,2025-09-18,1.75825159307604e+18,4.07604,0.01,0.02,0.0,728.0,0.02,-0.22,-1.0,0.2,-0.4,-1.0,0.03,0.06,-0.36,0.4,-0.7,"post-hoc, exploratory; designed and selected on training only"
cfb_20250920_iowa_rutg,CFB,60,placebo,RUTG,1.758339152e+18,1.758339212e+18,2025-09-19,1.758339312119782e+18,100.119782,0.01,0.02,0.0,50.0,0.02,-0.22,-1.0,0.2,-0.4,-1.0,0.03,0.06,-0.36,0.4,-0.7,"post-hoc, exploratory; designed and selected on training only"
cfb_20250920_byu_ecu,CFB,60,winner,BYU,1.758421114e+18,1.758421174e+18,2025-09-20,1.75842119676048e+18,22.76048,0.97,0.98,1.0,42888.0,0.02,0.18,0.018329938900203666,0.2,0.0,0.0,0.99,0.02,0.08,0.4,-0.3,"post-hoc, exploratory; designed and selected on training only"
cfb_20250920_byu_ecu,CFB,60,placebo,ECU,1.758421114e+18,1.758421174e+18,2025-09-20,1.758421179209134e+18,5.209134,0.03,0.04,0.0,5103.0,0.03,-0.43,-1.0,0.2,-0.6,-1.0,0.05,0.08,-0.58,0.4,-0.9,"post-hoc, exploratory; designed and selected on training only"
cfb_20250920_byu_ecu,CFB,180,placebo,ECU,1.758421114e+18,1.758421294e+18,2025-09-20,1.758421472544187e+18,178.544187,0.01,0.02,0.0,4303.0,0.02,-0.22,-1.0,0.2,-0.4,-1.0,0.03,0.06,-0.36,0.4,-0.7,"post-hoc, exploratory; designed and selected on training only"
cfb_20250920_byu_ecu,CFB,600,placebo,ECU,1.758421114e+18,1.758421714e+18,2025-09-20,1.758421803541677e+18,89.541677,0.02,0.03,0.0,2845.0,0.03,-0.33,-1.0,0.2,-0.5,-1.0,0.04,0.06,-0.46,0.4,-0.8,"post-hoc, exploratory; designed and selected on training only"
cfb_20250920_ark_mem,CFB,60,placebo,ARK,1.758397051e+18,1.758397111e+18,2025-09-20,1.758397127147464e+18,16.147464,0.01,0.02,0.0,100.0,0.02,-0.22,-1.0,0.2,-0.4,-1.0,0.03,0.06,-0.36,0.4,-0.7,"post-hoc, exploratory; designed and selected on training only"
cfb_20250920_ill_ind,CFB,60,placebo,ILL,1.758423409e+18,1.758423469e+18,2025-09-20,1.758423524417688e+18,55.417688,0.01,0.02,0.0,940.0,0.02,-0.22,-1.0,0.2,-0.4,-1.0,0.03,0.06,-0.36,0.4,-0.7,"post-hoc, exploratory; designed and selected on training only"
cfb_20250920_unlv_oh,CFB,60,placebo,M-OH,1.758397128e+18,1.758397188e+18,2025-09-20,1.758397199879107e+18,11.879107,0.01,0.02,0.0,561.0,0.02,-0.22,-1.0,0.2,-0.4,-1.0,0.03,0.06,-0.36,0.4,-0.7,"post-hoc, exploratory; designed and selected on training only"
cfb_20250920_orst_ore,CFB,60,placebo,ORST,1.758403612e+18,1.758403672e+18,2025-09-20,1.758403910309169e+18,238.309169,0.01,0.02,0.0,12354.0,0.02,-0.22,-1.0,0.2,-0.4,-1.0,0.03,0.06,-0.36,0.4,-0.7,"post-hoc, exploratory; designed and selected on training only"
cfb_20250920_orst_ore,CFB,180,placebo,ORST,1.758403612e+18,1.758403792e+18,2025-09-20,1.758403910309169e+18,118.309169,0.01,0.02,0.0,12354.0,0.02,-0.22,-1.0,0.2,-0.4,-1.0,0.03,0.06,-0.36,0.4,-0.7,"post-hoc, exploratory; designed and selected on training only"
cfb_20250920_orst_ore,CFB,600,placebo,ORST,1.758403612e+18,1.758404212e+18,2025-09-20,1.758404223601886e+18,11.601886,0.01,0.02,0.0,12254.0,0.02,-0.22,-1.0,0.2,-0.4,-1.0,0.03,0.06,-0.36,0.4,-0.7,"post-hoc, exploratory; designed and selected on training only"
cfb_20250920_idho_sjsu,CFB,60,placebo,IDHO,1.758413711e+18,1.758413771e+18,2025-09-20,1.758413845932667e+18,74.932667,0.01,0.02,0.0,280.0,0.02,-0.22,-1.0,0.2,-0.4,-1.0,0.03,0.06,-0.36,0.4,-0.7,"post-hoc, exploratory; designed and selected on training only"
cfb_20250920_asu_bay,CFB,60,placebo,BAY,1.758423926e+18,1.758423986e+18,2025-09-20,1.75842398767959e+18,1.67959,0.01,0.02,0.0,1387.0,0.02,-0.22,-1.0,0.2,-0.4,-1.0,0.03,0.06,-0.36,0.4,-0.7,"post-hoc, exploratory; designed and selected on training only"
cfb_20250920_aub_okla,CFB,60,placebo,AUB,1.758410776e+18,1.758410836e+18,2025-09-20,1.758410837150176e+18,1.150176,0.01,0.02,0.0,431.0,0.02,-0.22,-1.0,0.2,-0.4,-1.0,0.03,0.06,-0.36,0.4,-0.7,"post-hoc, exploratory; designed and selected on training only"
nfl_20250921_nyj_tb,NFL,60,placebo,NYJ,1.758486013e+18,1.758486073e+18,2025-09-21,1.758486075765873e+18,2.765873,0.01,0.02,0.0,2706.0,0.02,-0.22,-1.0,0.2,-0.4,-1.0,0.03,0.06,-0.36,0.4,-0.7,"post-hoc, exploratory; designed and selected on training only"
nfl_20250921_hou_jac,NFL,60,placebo,HOU,1.758485386e+18,1.758485446e+18,2025-09-21,1.758485448566972e+18,2.566972,0.01,0.02,0.0,53.0,0.02,-0.22,-1.0,0.2,-0.4,-1.0,0.03,0.06,-0.36,0.4,-0.7,"post-hoc, exploratory; designed and selected on training only"
nfl_20250921_la_phi,NFL,60,winner,PHI,1.758485149e+18,1.758485209e+18,2025-09-21,1.758485210816977e+18,1.816977,0.78,0.79,1.0,363953.0,0.12,1.98,0.24688279301745636,0.2,1.9,0.2345679012345679,0.8,0.24,1.76,0.4,1.6,"post-hoc, exploratory; designed and selected on training only"
nfl_20250921_la_phi,NFL,60,placebo,LA,1.758485149e+18,1.758485209e+18,2025-09-21,1.758485210069739e+18,1.069739,0.01,0.02,0.0,151142.0,0.02,-0.22,-1.0,0.2,-0.4,-1.0,0.03,0.06,-0.36,0.4,-0.7,"post-hoc, exploratory; designed and selected on training only"
nfl_20250921_la_phi,NFL,180,placebo,LA,1.758485149e+18,1.758485329e+18,2025-09-21,1.758485350638892e+18,21.638892,0.01,0.02,0.0,11900.0,0.02,-0.22,-1.0,0.2,-0.4,-1.0,0.03,0.06,-0.36,0.4,-0.7,"post-hoc, exploratory; designed and selected on training only"
nfl_20250921_cin_min,NFL,60,placebo,CIN,1.758485569e+18,1.758485629e+18,2025-09-21,1.758485679591e+18,50.591,0.01,0.02,0.0,50.0,0.02,-0.22,-1.0,0.2,-0.4,-1.0,0.03,0.06,-0.36,0.4,-0.7,"post-hoc, exploratory; designed and selected on training only"
nfl_20250921_ari_sf,NFL,60,placebo,ARI,1.758496797e+18,1.758496857e+18,2025-09-21,1.758496859087708e+18,2.087708,0.01,0.02,0.0,10097.0,0.02,-0.22,-1.0,0.2,-0.4,-1.0,0.03,0.06,-0.36,0.4,-0.7,"post-hoc, exploratory; designed and selected on training only"
nfl_20250921_atl_car,NFL,60,placebo,ATL,1.758484347e+18,1.758484407e+18,2025-09-21,1.758484499016445e+18,92.016445,0.01,0.02,0.0,159.0,0.02,-0.22,-1.0,0.2,-0.4,-1.0,0.03,0.06,-0.36,0.4,-0.7,"post-hoc, exploratory; designed and selected on training only"
nfl_20250921_atl_car,NFL,180,placebo,ATL,1.758484347e+18,1.758484527e+18,2025-09-21,1.758484731401579e+18,204.401579,0.01,0.02,0.0,89.0,0.02,-0.22,-1.0,0.2,-0.4,-1.0,0.03,0.06,-0.36,0.4,-0.7,"post-hoc, exploratory; designed and selected on training only"
nfl_20250921_gb_cle,NFL,60,placebo,GB,1.758485104e+18,1.758485164e+18,2025-09-21,1.758485165283216e+18,1.283216,0.01,0.02,0.0,14909.0,0.02,-0.22,-1.0,0.2,-0.4,-1.0,0.03,0.06,-0.36,0.4,-0.7,"post-hoc, exploratory; designed and selected on training only"
nfl_20250921_gb_cle,NFL,180,placebo,GB,1.758485104e+18,1.758485284e+18,2025-09-21,1.758485288287658e+18,4.287658,0.01,0.02,0.0,1596.0,0.02,-0.22,-1.0,0.2,-0.4,-1.0,0.03,0.06,-0.36,0.4,-0.7,"post-hoc, exploratory; designed and selected on training only"
nfl_20250921_pit_ne,NFL,60,placebo,NE,1.758484449e+18,1.758484509e+18,2025-09-21,1.758484510669265e+18,1.669265,0.01,0.02,0.0,3776.0,0.02,-0.22,-1.0,0.2,-0.4,-1.0,0.03,0.06,-0.36,0.4,-0.7,"post-hoc, exploratory; designed and selected on training only"
nfl_20250921_pit_ne,NFL,180,placebo,NE,1.758484449e+18,1.758484629e+18,2025-09-21,1.758484645940429e+18,16.940429,0.01,0.02,0.0,572.0,0.02,-0.22,-1.0,0.2,-0.4,-1.0,0.03,0.06,-0.36,0.4,-0.7,"post-hoc, exploratory; designed and selected on training only"
nfl_20250921_den_lac,NFL,60,placebo,DEN,1.758496498e+18,1.758496558e+18,2025-09-21,1.758496559011427e+18,1.011427,0.01,0.02,0.0,2271.0,0.02,-0.22,-1.0,0.2,-0.4,-1.0,0.03,0.06,-0.36,0.4,-0.7,"post-hoc, exploratory; designed and selected on training only"
nfl_20250921_den_lac,NFL,180,placebo,DEN,1.758496498e+18,1.758496678e+18,2025-09-21,1.758496729224311e+18,51.224311,0.01,0.02,0.0,814.0,0.02,-0.22,-1.0,0.2,-0.4,-1.0,0.03,0.06,-0.36,0.4,-0.7,"post-hoc, exploratory; designed and selected on training only"
nfl_20250923_det_bal,NFL,60,placebo,BAL,1.758597542e+18,1.758597602e+18,2025-09-22,1.758597603610884e+18,1.610884,0.01,0.02,0.0,93.0,0.02,-0.22,-1.0,0.2,-0.4,-1.0,0.03,0.06,-0.36,0.4,-0.7,"post-hoc, exploratory; designed and selected on training only"
cfb_20250925_army_ecu,CFB,60,placebo,ARMY,1.758854685e+18,1.758854745e+18,2025-09-25,1.758854994421039e+18,249.421039,0.01,0.02,0.0,1.0,0.02,-0.22,-1.0,0.2,-0.4,-1.0,0.03,0.06,-0.36,0.4,-0.7,"post-hoc, exploratory; designed and selected on training only"
cfb_20250925_army_ecu,CFB,180,placebo,ARMY,1.758854685e+18,1.758854865e+18,2025-09-25,1.758854994421039e+18,129.421039,0.01,0.02,0.0,1.0,0.02,-0.22,-1.0,0.2,-0.4,-1.0,0.03,0.06,-0.36,0.4,-0.7,"post-hoc, exploratory; designed and selected on training only"
nfl_20250926_sea_ari,NFL,60,placebo,ARI,1.758856626e+18,1.758856686e+18,2025-09-25,1.758856687826234e+18,1.826234,0.01,0.02,0.0,15536.0,0.02,-0.22,-1.0,0.2,-0.4,-1.0,0.03,0.06,-0.36,0.4,-0.7,"post-hoc, exploratory; designed and selected on training only"
nfl_20250926_sea_ari,NFL,180,placebo,ARI,1.758856626e+18,1.758856806e+18,2025-09-25,1.758856813550547e+18,7.550547,0.01,0.02,0.0,1331.0,0.02,-0.22,-1.0,0.2,-0.4,-1.0,0.03,0.06,-0.36,0.4,-0.7,"post-hoc, exploratory; designed and selected on training only"
cfb_20250927_sjsu_stan,CFB,60,placebo,SJSU,1.759029423e+18,1.759029483e+18,2025-09-27,1.759029487016394e+18,4.016394,0.01,0.02,0.0,6124.0,0.02,-0.22,-1.0,0.2,-0.4,-1.0,0.03,0.06,-0.36,0.4,-0.7,"post-hoc, exploratory; designed and selected on training only"
cfb_20250927_sjsu_stan,CFB,180,placebo,SJSU,1.759029423e+18,1.759029603e+18,2025-09-27,1.759029827967475e+18,224.967475,0.01,0.02,0.0,611.0,0.02,-0.22,-1.0,0.2,-0.4,-1.0,0.03,0.06,-0.36,0.4,-0.7,"post-hoc, exploratory; designed and selected on training only"
cfb_20250927_sjsu_stan,CFB,600,placebo,SJSU,1.759029423e+18,1.759030023e+18,2025-09-27,1.759030086103703e+18,63.103703,0.01,0.02,0.0,610.0,0.02,-0.22,-1.0,0.2,-0.4,-1.0,0.03,0.06,-0.36,0.4,-0.7,"post-hoc, exploratory; designed and selected on training only"
cfb_20250927_tuln_tlsa,CFB,60,placebo,TLSA,1.759013356e+18,1.759013416e+18,2025-09-27,1.759013417922116e+18,1.922116,0.04,0.05,0.0,890.0,0.04,-0.54,-1.0,0.2,-0.7,-1.0,0.06,0.08,-0.68,0.4,-1.0,"post-hoc, exploratory; designed and selected on training only"
cfb_20250927_cin_ku,CFB,60,placebo,KU,1.759001936e+18,1.759001996e+18,2025-09-27,1.759002005646031e+18,9.646031,0.01,0.02,0.0,508.0,0.02,-0.22,-1.0,0.2,-0.4,-1.0,0.03,0.06,-0.36,0.4,-0.7,"post-hoc, exploratory; designed and selected on training only"
cfb_20250927_lsu_miss,CFB,60,placebo,LSU,1.759015696e+18,1.759015756e+18,2025-09-27,1.759015777935968e+18,21.935968,0.01,0.02,0.0,12452.0,0.02,-0.22,-1.0,0.2,-0.4,-1.0,0.03,0.06,-0.36,0.4,-0.7,"post-hoc, exploratory; designed and selected on training only"
cfb_20250927_ala_uga,CFB,60,placebo,UGA,1.75902923e+18,1.75902929e+18,2025-09-27,1.759029298948425e+18,8.948425,0.01,0.02,0.0,964.0,0.02,-0.22,-1.0,0.2,-0.4,-1.0,0.03,0.06,-0.36,0.4,-0.7,"post-hoc, exploratory; designed and selected on training only"
cfb_20250927_haw_afa,CFB,60,winner,HAW,1.759012298e+18,1.759012358e+18,2025-09-27,1.759012388994835e+18,30.994835,0.86,0.87,1.0,35043.0,0.08,1.22,0.13895216400911162,0.2,1.1,0.12359550561797752,0.88,0.16,1.04,0.4,0.8,"post-hoc, exploratory; designed and selected on training only"
cfb_20250927_haw_afa,CFB,60,placebo,AFA,1.759012298e+18,1.759012358e+18,2025-09-27,1.759012398780789e+18,40.780789,0.13,0.14,0.0,25154.0,0.09,-1.49,-1.0,0.2,-1.6,-1.0,0.15,0.18,-1.68,0.4,-1.9,"post-hoc, exploratory; designed and selected on training only"
cfb_20250927_haw_afa,CFB,180,winner,HAW,1.759012298e+18,1.759012478e+18,2025-09-27,1.759012505965714e+18,27.965714,0.87,0.88,1.0,35031.0,0.08,1.12,0.12612612612612611,0.2,1.0,0.1111111111111111,0.89,0.14,0.96,0.4,0.7,"post-hoc, exploratory; designed and selected on training only"
cfb_20250927_haw_afa,CFB,180,placebo,AFA,1.759012298e+18,1.759012478e+18,2025-09-27,1.759012490581663e+18,12.581663,0.13,0.14,0.0,24955.0,0.09,-1.49,-1.0,0.2,-1.6,-1.0,0.15,0.18,-1.68,0.4,-1.9,"post-hoc, exploratory; designed and selected on training only"
cfb_20250927_haw_afa,CFB,600,winner,HAW,1.759012298e+18,1.759012898e+18,2025-09-27,1.759012900929491e+18,2.929491,0.91,0.92,1.0,34989.0,0.06,0.74,0.07991360691144708,0.2,0.6,0.06382978723404255,0.93,0.1,0.6,0.4,0.3,"post-hoc, exploratory; designed and selected on training only"
cfb_20250927_haw_afa,CFB,600,placebo,AFA,1.759012298e+18,1.759012898e+18,2025-09-27,1.759012900862497e+18,2.862497,0.07,0.08,0.0,24616.0,0.06,-0.86,-1.0,0.2,-1.0,-1.0,0.09,0.12,-1.02,0.4,-1.3,"post-hoc, exploratory; designed and selected on training only"
nfl_20250928_bal_kc,NFL,60,placebo,BAL,1.759101677e+18,1.759101737e+18,2025-09-28,1.759101779773924e+18,42.773924,0.01,0.02,0.0,683.0,0.02,-0.22,-1.0,0.2,-0.4,-1.0,0.03,0.06,-0.36,0.4,-0.7,"post-hoc, exploratory; designed and selected on training only"
nfl_20250928_bal_kc,NFL,180,placebo,BAL,1.759101677e+18,1.759101857e+18,2025-09-28,1.759101910152946e+18,53.152946,0.01,0.02,0.0,93.0,0.02,-0.22,-1.0,0.2,-0.4,-1.0,0.03,0.06,-0.36,0.4,-0.7,"post-hoc, exploratory; designed and selected on training only"
nfl_20250928_cle_det,NFL,60,placebo,CLE,1.759090035e+18,1.759090095e+18,2025-09-28,1.759090121630457e+18,26.630457,0.01,0.02,0.0,392.0,0.02,-0.22,-1.0,0.2,-0.4,-1.0,0.03,0.06,-0.36,0.4,-0.7,"post-hoc, exploratory; designed and selected on training only"
nfl_20250928_chi_lv,NFL,60,placebo,LV,1.759101979e+18,1.759102039e+18,2025-09-28,1.759102042063746e+18,3.063746,0.01,0.02,0.0,7802.0,0.02,-0.22,-1.0,0.2,-0.4,-1.0,0.03,0.06,-0.36,0.4,-0.7,"post-hoc, exploratory; designed and selected on training only"
nfl_20250928_chi_lv,NFL,180,placebo,LV,1.759101979e+18,1.759102159e+18,2025-09-28,1.759102200141178e+18,41.141178,0.01,0.02,0.0,482.0,0.02,-0.22,-1.0,0.2,-0.4,-1.0,0.03,0.06,-0.36,0.4,-0.7,"post-hoc, exploratory; designed and selected on training only"
nfl_20250928_jac_sf,NFL,60,placebo,SF,1.759101189e+18,1.759101249e+18,2025-09-28,1.759101252822274e+18,3.822274,0.01,0.02,0.0,13484.0,0.02,-0.22,-1.0,0.2,-0.4,-1.0,0.03,0.06,-0.36,0.4,-0.7,"post-hoc, exploratory; designed and selected on training only"
nfl_20250928_phi_tb,NFL,60,placebo,TB,1.759090826e+18,1.759090886e+18,2025-09-28,1.759090888302925e+18,2.302925,0.01,0.02,0.0,2137.0,0.02,-0.22,-1.0,0.2,-0.4,-1.0,0.03,0.06,-0.36,0.4,-0.7,"post-hoc, exploratory; designed and selected on training only"
nfl_20250928_phi_tb,NFL,180,placebo,TB,1.759090826e+18,1.759091006e+18,2025-09-28,1.759091064856457e+18,58.856457,0.01,0.02,0.0,22.0,0.02,-0.22,-1.0,0.2,-0.4,-1.0,0.03,0.06,-0.36,0.4,-0.7,"post-hoc, exploratory; designed and selected on training only"
nfl_20250928_lac_nyg,NFL,60,placebo,LAC,1.759090483e+18,1.759090543e+18,2025-09-28,1.759090544362837e+18,1.362837,0.01,0.02,0.0,733.0,0.02,-0.22,-1.0,0.2,-0.4,-1.0,0.03,0.06,-0.36,0.4,-0.7,"post-hoc, exploratory; designed and selected on training only"
nfl_20250928_min_pit,NFL,60,placebo,MIN,1.759078068e+18,1.759078128e+18,2025-09-28,1.759078150142415e+18,22.142415,0.01,0.02,0.0,1914.0,0.02,-0.22,-1.0,0.2,-0.4,-1.0,0.03,0.06,-0.36,0.4,-0.7,"post-hoc, exploratory; designed and selected on training only"
nfl_20250928_no_buf,NFL,60,placebo,NO,1.759090187e+18,1.759090247e+18,2025-09-28,1.759090515355592e+18,268.355592,0.01,0.02,0.0,13.0,0.02,-0.22,-1.0,0.2,-0.4,-1.0,0.03,0.06,-0.36,0.4,-0.7,"post-hoc, exploratory; designed and selected on training only"
nfl_20250928_no_buf,NFL,180,placebo,NO,1.759090187e+18,1.759090367e+18,2025-09-28,1.759090515355592e+18,148.355592,0.01,0.02,0.0,13.0,0.02,-0.22,-1.0,0.2,-0.4,-1.0,0.03,0.06,-0.36,0.4,-0.7,"post-hoc, exploratory; designed and selected on training only"
nfl_20250930_cin_den,NFL,60,placebo,CIN,1.759202035e+18,1.759202095e+18,2025-09-29,1.759202114407444e+18,19.407444,0.01,0.02,0.0,400.0,0.02,-0.22,-1.0,0.2,-0.4,-1.0,0.03,0.06,-0.36,0.4,-0.7,"post-hoc, exploratory; designed and selected on training only"
nfl_20250929_nyj_mia,NFL,60,placebo,NYJ,1.759198601e+18,1.759198661e+18,2025-09-29,1.759198667830581e+18,6.830581,0.01,0.02,0.0,2369.0,0.02,-0.22,-1.0,0.2,-0.4,-1.0,0.03,0.06,-0.36,0.4,-0.7,"post-hoc, exploratory; designed and selected on training only"
nfl_20251003_sf_la,NFL,60,placebo,LA,1.759462648e+18,1.759462708e+18,2025-10-02,1.759462709491345e+18,1.491345,0.01,0.02,0.0,142085.0,0.02,-0.22,-1.0,0.2,-0.4,-1.0,0.03,0.06,-0.36,0.4,-0.7,"post-hoc, exploratory; designed and selected on training only"
nfl_20251003_sf_la,NFL,180,placebo,LA,1.759462648e+18,1.759462828e+18,2025-10-02,1.759462835436553e+18,7.436553,0.01,0.02,0.0,56.0,0.02,-0.22,-1.0,0.2,-0.4,-1.0,0.03,0.06,-0.36,0.4,-0.7,"post-hoc, exploratory; designed and selected on training only"
cfb_20251003_wku_del,CFB,60,winner,WKU,1.759543044e+18,1.759543104e+18,2025-10-03,1.75954310597015e+18,1.97015,0.76,0.77,1.0,179856.0,0.13,2.17,0.2771392081736909,0.2,2.1,0.26582278481012656,0.78,0.26,1.94,0.4,1.8,"post-hoc, exploratory; designed and selected on training only"
cfb_20251003_wku_del,CFB,60,placebo,DEL,1.759543044e+18,1.759543104e+18,2025-10-03,1.759543105437869e+18,1.437869,0.23,0.24,0.0,344459.0,0.13,-2.53,-1.0,0.2,-2.6,-1.0,0.25,0.28,-2.78,0.4,-2.9,"post-hoc, exploratory; designed and selected on training only"
cfb_20251003_wku_del,CFB,180,winner,WKU,1.759543044e+18,1.759543224e+18,2025-10-03,1.759543225289097e+18,1.289097,0.79,0.8,1.0,169600.0,0.12,1.88,0.2315270935960591,0.2,1.8,0.21951219512195122,0.81,0.22,1.68,0.4,1.5,"post-hoc, exploratory; designed and selected on training only"
cfb_20251003_wku_del,CFB,180,placebo,DEL,1.759543044e+18,1.759543224e+18,2025-10-03,1.759543228332689e+18,4.332689,0.18,0.19,0.0,330091.0,0.11,-2.01,-1.0,0.2,-2.1,-1.0,0.2,0.24,-2.24,0.4,-2.4,"post-hoc, exploratory; designed and selected on training only"
cfb_20251003_wku_del,CFB,600,winner,WKU,1.759543044e+18,1.759543644e+18,2025-10-03,1.759543647201195e+18,3.201195,0.85,0.86,1.0,108420.0,0.09,1.31,0.15074798619102417,0.2,1.2,0.13636363636363635,0.87,0.16,1.14,0.4,0.9,"post-hoc, exploratory; designed and selected on training only"
cfb_20251003_wku_del,CFB,600,placebo,DEL,1.759543044e+18,1.759543644e+18,2025-10-03,1.759543650750773e+18,6.750773,0.15,0.16,0.0,259902.0,0.1,-1.7,-1.0,0.2,-1.8,-1.0,0.17,0.2,-1.9,0.4,-2.1,"post-hoc, exploratory; designed and selected on training only"
cfb_20251004_isu_cin,CFB,60,placebo,ISU,1.759607545e+18,1.759607605e+18,2025-10-04,1.759607607500852e+18,2.500852,0.01,0.02,0.0,1781.0,0.02,-0.22,-1.0,0.2,-0.4,-1.0,0.03,0.06,-0.36,0.4,-0.7,"post-hoc, exploratory; designed and selected on training only"
cfb_20251004_isu_cin,CFB,180,placebo,ISU,1.759607545e+18,1.759607725e+18,2025-10-04,1.759607761594211e+18,36.594211,0.01,0.02,0.0,1.0,0.02,-0.22,-1.0,0.2,-0.4,-1.0,0.03,0.06,-0.36,0.4,-0.7,"post-hoc, exploratory; designed and selected on training only"
cfb_20251004_tex_fla,CFB,60,placebo,TEX,1.759619343e+18,1.759619403e+18,2025-10-04,1.759619430682383e+18,27.682383,0.01,0.02,0.0,186.0,0.02,-0.22,-1.0,0.2,-0.4,-1.0,0.03,0.06,-0.36,0.4,-0.7,"post-hoc, exploratory; designed and selected on training only"
cfb_20251004_uk_uga,CFB,60,placebo,UK,1.75960605e+18,1.75960611e+18,2025-10-04,1.759606131802994e+18,21.802994,0.01,0.02,0.0,202.0,0.02,-0.22,-1.0,0.2,-0.4,-1.0,0.03,0.06,-0.36,0.4,-0.7,"post-hoc, exploratory; designed and selected on training only"
cfb_20251004_uk_uga,CFB,180,placebo,UK,1.75960605e+18,1.75960623e+18,2025-10-04,1.759606295788401e+18,65.788401,0.01,0.02,0.0,1.0,0.02,-0.22,-1.0,0.2,-0.4,-1.0,0.03,0.06,-0.36,0.4,-0.7,"post-hoc, exploratory; designed and selected on training only"
cfb_20251004_ill_pur,CFB,60,placebo,PUR,1.759606293e+18,1.759606353e+18,2025-10-04,1.759606475593854e+18,122.593854,0.01,0.02,0.0,139.0,0.02,-0.22,-1.0,0.2,-0.4,-1.0,0.03,0.06,-0.36,0.4,-0.7,"post-hoc, exploratory; designed and selected on training only"
cfb_20251004_ill_pur,CFB,180,placebo,PUR,1.759606293e+18,1.759606473e+18,2025-10-04,1.759606475593854e+18,2.593854,0.01,0.02,0.0,139.0,0.02,-0.22,-1.0,0.2,-0.4,-1.0,0.03,0.06,-0.36,0.4,-0.7,"post-hoc, exploratory; designed and selected on training only"
cfb_20251004_wake_vt,CFB,60,placebo,VT,1.759610386e+18,1.759610446e+18,2025-10-04,1.759610450120943e+18,4.120943,0.01,0.02,0.0,370.0,0.02,-0.22,-1.0,0.2,-0.4,-1.0,0.03,0.06,-0.36,0.4,-0.7,"post-hoc, exploratory; designed and selected on training only"
cfb_20251004_ksu_bay,CFB,60,placebo,KSU,1.759606702e+18,1.759606762e+18,2025-10-04,1.759606950247269e+18,188.247269,0.01,0.02,0.0,187.0,0.02,-0.22,-1.0,0.2,-0.4,-1.0,0.03,0.06,-0.36,0.4,-0.7,"post-hoc, exploratory; designed and selected on training only"
cfb_20251004_ksu_bay,CFB,180,placebo,KSU,1.759606702e+18,1.759606882e+18,2025-10-04,1.759606950247269e+18,68.247269,0.01,0.02,0.0,187.0,0.02,-0.22,-1.0,0.2,-0.4,-1.0,0.03,0.06,-0.36,0.4,-0.7,"post-hoc, exploratory; designed and selected on training only"
cfb_20251004_mia_fsu,CFB,60,placebo,FSU,1.759634295e+18,1.759634355e+18,2025-10-04,1.759634374449273e+18,19.449273,0.01,0.02,0.0,19.0,0.02,-0.22,-1.0,0.2,-0.4,-1.0,0.03,0.06,-0.36,0.4,-0.7,"post-hoc, exploratory; designed and selected on training only"
nfl_20251005_lv_ind,NFL,60,placebo,LV,1.75969412e+18,1.75969418e+18,2025-10-05,1.759694326927376e+18,146.927376,0.01,0.02,0.0,3272.0,0.02,-0.22,-1.0,0.2,-0.4,-1.0,0.03,0.06,-0.36,0.4,-0.7,"post-hoc, exploratory; designed and selected on training only"
nfl_20251005_lv_ind,NFL,180,placebo,LV,1.75969412e+18,1.7596943e+18,2025-10-05,1.759694326927376e+18,26.927376,0.01,0.02,0.0,3272.0,0.02,-0.22,-1.0,0.2,-0.4,-1.0,0.03,0.06,-0.36,0.4,-0.7,"post-hoc, exploratory; designed and selected on training only"
nfl_20251005_den_phi,NFL,60,placebo,PHI,1.759695678e+18,1.759695738e+18,2025-10-05,1.75969573924107e+18,1.24107,0.01,0.02,0.0,36257.0,0.02,-0.22,-1.0,0.2,-0.4,-1.0,0.03,0.06,-0.36,0.4,-0.7,"post-hoc, exploratory; designed and selected on training only"
nfl_20251005_den_phi,NFL,180,placebo,PHI,1.759695678e+18,1.759695858e+18,2025-10-05,1.759695863409628e+18,5.409628,0.01,0.02,0.0,14064.0,0.02,-0.22,-1.0,0.2,-0.4,-1.0,0.03,0.06,-0.36,0.4,-0.7,"post-hoc, exploratory; designed and selected on training only"
nfl_20251005_nyg_no,NFL,60,placebo,NYG,1.759694856e+18,1.759694916e+18,2025-10-05,1.759694951702184e+18,35.702184,0.01,0.02,0.0,1500.0,0.02,-0.22,-1.0,0.2,-0.4,-1.0,0.03,0.06,-0.36,0.4,-0.7,"post-hoc, exploratory; designed and selected on training only"
nfl_20251005_det_cin,NFL,60,placebo,CIN,1.759706771e+18,1.759706831e+18,2025-10-05,1.75970699901571e+18,168.01571,0.01,0.02,0.0,93.0,0.02,-0.22,-1.0,0.2,-0.4,-1.0,0.03,0.06,-0.36,0.4,-0.7,"post-hoc, exploratory; designed and selected on training only"
nfl_20251005_det_cin,NFL,180,placebo,CIN,1.759706771e+18,1.759706951e+18,2025-10-05,1.75970699901571e+18,48.01571,0.01,0.02,0.0,93.0,0.02,-0.22,-1.0,0.2,-0.4,-1.0,0.03,0.06,-0.36,0.4,-0.7,"post-hoc, exploratory; designed and selected on training only"
nfl_20251005_ten_ari,NFL,60,placebo,ARI,1.759706275e+18,1.759706335e+18,2025-10-05,1.759706336170143e+18,1.170143,0.01,0.02,0.0,19084.0,0.02,-0.22,-1.0,0.2,-0.4,-1.0,0.03,0.06,-0.36,0.4,-0.7,"post-hoc, exploratory; designed and selected on training only"
nfl_20251005_ten_ari,NFL,180,placebo,ARI,1.759706275e+18,1.759706455e+18,2025-10-05,1.759706472608089e+18,17.608089,0.01,0.02,0.0,3288.0,0.02,-0.22,-1.0,0.2,-0.4,-1.0,0.03,0.06,-0.36,0.4,-0.7,"post-hoc, exploratory; designed and selected on training only"
nfl_20251005_tb_sea,NFL,60,placebo,SEA,1.759705245e+18,1.759705305e+18,2025-10-05,1.75970530628114e+18,1.28114,0.01,0.02,0.0,10419.0,0.02,-0.22,-1.0,0.2,-0.4,-1.0,0.03,0.06,-0.36,0.4,-0.7,"post-hoc, exploratory; designed and selected on training only"
nfl_20251005_tb_sea,NFL,180,placebo,SEA,1.759705245e+18,1.759705425e+18,2025-10-05,1.759705467190778e+18,42.190778,0.01,0.02,0.0,3325.0,0.02,-0.22,-1.0,0.2,-0.4,-1.0,0.03,0.06,-0.36,0.4,-0.7,"post-hoc, exploratory; designed and selected on training only"
nfl_20251005_min_cle,NFL,60,placebo,CLE,1.759682477e+18,1.759682537e+18,2025-10-05,1.759682538391967e+18,1.391967,0.01,0.02,0.0,8145.0,0.02,-0.22,-1.0,0.2,-0.4,-1.0,0.03,0.06,-0.36,0.4,-0.7,"post-hoc, exploratory; designed and selected on training only"
nfl_20251005_min_cle,NFL,180,placebo,CLE,1.759682477e+18,1.759682657e+18,2025-10-05,1.759682662521822e+18,5.521822,0.01,0.02,0.0,344.0,0.02,-0.22,-1.0,0.2,-0.4,-1.0,0.03,0.06,-0.36,0.4,-0.7,"post-hoc, exploratory; designed and selected on training only"
nfl_20251006_ne_buf,NFL,60,placebo,BUF,1.759721245e+18,1.759721305e+18,2025-10-05,1.759721306012002e+18,1.012002,0.01,0.02,0.0,14468.0,0.02,-0.22,-1.0,0.2,-0.4,-1.0,0.03,0.06,-0.36,0.4,-0.7,"post-hoc, exploratory; designed and selected on training only"
nfl_20251006_ne_buf,NFL,180,placebo,BUF,1.759721245e+18,1.759721425e+18,2025-10-05,1.759721427283058e+18,2.283058,0.01,0.02,0.0,4665.0,0.02,-0.22,-1.0,0.2,-0.4,-1.0,0.03,0.06,-0.36,0.4,-0.7,"post-hoc, exploratory; designed and selected on training only"
nfl_20251005_dal_nyj,NFL,60,placebo,NYJ,1.759695187e+18,1.759695247e+18,2025-10-05,1.759695292568057e+18,45.568057,0.01,0.02,0.0,150.0,0.02,-0.22,-1.0,0.2,-0.4,-1.0,0.03,0.06,-0.36,0.4,-0.7,"post-hoc, exploratory; designed and selected on training only"
nfl_20251005_mia_car,NFL,60,placebo,MIA,1.759694981e+18,1.759695041e+18,2025-10-05,1.759695053072853e+18,12.072853,0.01,0.02,0.0,32.0,0.02,-0.22,-1.0,0.2,-0.4,-1.0,0.03,0.06,-0.36,0.4,-0.7,"post-hoc, exploratory; designed and selected on training only"
nfl_20251005_was_lac,NFL,60,placebo,LAC,1.759706523e+18,1.759706583e+18,2025-10-05,1.759706631170537e+18,48.170537,0.01,0.02,0.0,112.0,0.02,-0.22,-1.0,0.2,-0.4,-1.0,0.03,0.06,-0.36,0.4,-0.7,"post-hoc, exploratory; designed and selected on training only"
nfl_20251005_was_lac,NFL,180,placebo,LAC,1.759706523e+18,1.759706703e+18,2025-10-05,1.759706704849074e+18,1.849074,0.01,0.02,0.0,12.0,0.02,-0.22,-1.0,0.2,-0.4,-1.0,0.03,0.06,-0.36,0.4,-0.7,"post-hoc, exploratory; designed and selected on training only"
nfl_20251007_kc_jac,NFL,60,placebo,KC,1.759806897e+18,1.759806957e+18,2025-10-06,1.759806958020108e+18,1.020108,0.01,0.02,0.0,24643.0,0.02,-0.22,-1.0,0.2,-0.4,-1.0,0.03,0.06,-0.36,0.4,-0.7,"post-hoc, exploratory; designed and selected on training only"
nfl_20251007_kc_jac,NFL,180,placebo,KC,1.759806897e+18,1.759807077e+18,2025-10-06,1.759807084074506e+18,7.074506,0.01,0.02,0.0,9552.0,0.02,-0.22,-1.0,0.2,-0.4,-1.0,0.03,0.06,-0.36,0.4,-0.7,"post-hoc, exploratory; designed and selected on training only"
cfb_20251009_lib_utep,CFB,60,placebo,UTEP,1.75998017e+18,1.75998023e+18,2025-10-08,1.759980317599743e+18,87.599743,0.01,0.02,0.0,93.0,0.02,-0.22,-1.0,0.2,-0.4,-1.0,0.03,0.06,-0.36,0.4,-0.7,"post-hoc, exploratory; designed and selected on training only"
nfl_20251010_phi_nyg,NFL,60,placebo,PHI,1.760066095e+18,1.760066155e+18,2025-10-09,1.760066186143791e+18,31.143791,0.01,0.02,0.0,681.0,0.02,-0.22,-1.0,0.2,-0.4,-1.0,0.03,0.06,-0.36,0.4,-0.7,"post-hoc, exploratory; designed and selected on training only"
cfb_20251010_jvst_shsu,CFB,60,winner,JVST,1.760064096e+18,1.760064156e+18,2025-10-09,1.760064161119057e+18,5.119057,0.54,0.55,1.0,260870.0,0.18,4.32,0.7605633802816901,0.2,4.3,0.7543859649122807,0.56,0.36,4.04,0.4,4.0,"post-hoc, exploratory; designed and selected on training only"
cfb_20251010_jvst_shsu,CFB,60,placebo,SHSU,1.760064096e+18,1.760064156e+18,2025-10-09,1.760064160630918e+18,4.630918,0.44,0.45,0.0,371781.0,0.18,-4.68,-1.0,0.2,-4.7,-1.0,0.46,0.36,-4.96,0.4,-5.0,"post-hoc, exploratory; designed and selected on training only"
cfb_20251010_jvst_shsu,CFB,180,winner,JVST,1.760064096e+18,1.760064276e+18,2025-10-09,1.760064284264981e+18,8.264981,0.54,0.55,1.0,260746.0,0.18,4.32,0.7605633802816901,0.2,4.3,0.7543859649122807,0.56,0.36,4.04,0.4,4.0,"post-hoc, exploratory; designed and selected on training only"
cfb_20251010_jvst_shsu,CFB,180,placebo,SHSU,1.760064096e+18,1.760064276e+18,2025-10-09,1.760064306774158e+18,30.774158,0.41,0.42,0.0,371032.0,0.18,-4.38,-1.0,0.2,-4.4,-1.0,0.43,0.36,-4.66,0.4,-4.7,"post-hoc, exploratory; designed and selected on training only"
cfb_20251010_jvst_shsu,CFB,600,winner,JVST,1.760064096e+18,1.760064696e+18,2025-10-09,1.760064704840849e+18,8.840849,0.71,0.72,1.0,255907.0,0.15,2.65,0.36054421768707484,0.2,2.6,0.35135135135135137,0.73,0.28,2.42,0.4,2.3,"post-hoc, exploratory; designed and selected on training only"
cfb_20251010_jvst_shsu,CFB,600,placebo,SHSU,1.760064096e+18,1.760064696e+18,2025-10-09,1.760064698750881e+18,2.750881,0.3,0.31,0.0,362294.0,0.15,-3.25,-1.0,0.2,-3.3,-1.0,0.32,0.32,-3.52,0.4,-3.6,"post-hoc, exploratory; designed and selected on training only"
cfb_20251010_usm_gaso,CFB,60,placebo,GASO,1.760068001e+18,1.760068061e+18,2025-10-09,1.76006807004608e+18,9.04608,0.01,0.02,0.0,216.0,0.02,-0.22,-1.0,0.2,-0.4,-1.0,0.03,0.06,-0.36,0.4,-0.7,"post-hoc, exploratory; designed and selected on training only"
cfb_20251010_usm_gaso,CFB,180,placebo,GASO,1.760068001e+18,1.760068181e+18,2025-10-09,1.760068192176805e+18,11.176805,0.01,0.02,0.0,1.0,0.02,-0.22,-1.0,0.2,-0.4,-1.0,0.03,0.06,-0.36,0.4,-0.7,"post-hoc, exploratory; designed and selected on training only"
cfb_20251011_ucf_cin,CFB,60,placebo,UCF,1.760210979e+18,1.760211039e+18,2025-10-11,1.760211089427327e+18,50.427327,0.01,0.02,0.0,467.0,0.02,-0.22,-1.0,0.2,-0.4,-1.0,0.03,0.06,-0.36,0.4,-0.7,"post-hoc, exploratory; designed and selected on training only"
cfb_20251011_navy_tem,CFB,60,placebo,TEM,1.760225342e+18,1.760225402e+18,2025-10-11,1.760225416485589e+18,14.485589,0.01,0.02,0.0,13554.0,0.02,-0.22,-1.0,0.2,-0.4,-1.0,0.03,0.06,-0.36,0.4,-0.7,"post-hoc, exploratory; designed and selected on training only"
cfb_20251011_navy_tem,CFB,180,placebo,TEM,1.760225342e+18,1.760225522e+18,2025-10-11,1.760225535117269e+18,13.117269,0.01,0.02,0.0,13275.0,0.02,-0.22,-1.0,0.2,-0.4,-1.0,0.03,0.06,-0.36,0.4,-0.7,"post-hoc, exploratory; designed and selected on training only"
cfb_20251011_navy_tem,CFB,600,placebo,TEM,1.760225342e+18,1.760225942e+18,2025-10-11,1.760226214236952e+18,272.236952,0.01,0.02,0.0,5036.0,0.02,-0.22,-1.0,0.2,-0.4,-1.0,0.03,0.06,-0.36,0.4,-0.7,"post-hoc, exploratory; designed and selected on training only"
cfb_20251011_niu_emu,CFB,60,placebo,NIU,1.760213323e+18,1.760213383e+18,2025-10-11,1.76021349198149e+18,108.98149,0.01,0.02,0.0,374.0,0.02,-0.22,-1.0,0.2,-0.4,-1.0,0.03,0.06,-0.36,0.4,-0.7,"post-hoc, exploratory; designed and selected on training only"
cfb_20251011_okla_tex,CFB,60,placebo,OKLA,1.760223438e+18,1.760223498e+18,2025-10-11,1.760223570359251e+18,72.359251,0.01,0.02,0.0,188.0,0.02,-0.22,-1.0,0.2,-0.4,-1.0,0.03,0.06,-0.36,0.4,-0.7,"post-hoc, exploratory; designed and selected on training only"
cfb_20251011_ind_ore,CFB,60,placebo,ORE,1.760224265e+18,1.760224325e+18,2025-10-11,1.760224332668873e+18,7.668873,0.01,0.02,0.0,3410.0,0.02,-0.22,-1.0,0.2,-0.4,-1.0,0.03,0.06,-0.36,0.4,-0.7,"post-hoc, exploratory; designed and selected on training only"
cfb_20251011_ind_ore,CFB,180,placebo,ORE,1.760224265e+18,1.760224445e+18,2025-10-11,1.760224458750353e+18,13.750353,0.01,0.02,0.0,2382.0,0.02,-0.22,-1.0,0.2,-0.4,-1.0,0.03,0.06,-0.36,0.4,-0.7,"post-hoc, exploratory; designed and selected on training only"
cfb_20251011_pur_minn,CFB,60,placebo,PUR,1.760238887e+18,1.760238947e+18,2025-10-11,1.760238951165493e+18,4.165493,0.01,0.02,0.0,215.0,0.02,-0.22,-1.0,0.2,-0.4,-1.0,0.03,0.06,-0.36,0.4,-0.7,"post-hoc, exploratory; designed and selected on training only"
cfb_20251011_ark_tenn,CFB,60,placebo,ARK,1.76022701e+18,1.76022707e+18,2025-10-11,1.760227072117244e+18,2.117244,0.01,0.02,0.0,2101.0,0.02,-0.22,-1.0,0.2,-0.4,-1.0,0.03,0.06,-0.36,0.4,-0.7,"post-hoc, exploratory; designed and selected on training only"
cfb_20251011_ark_tenn,CFB,180,placebo,ARK,1.76022701e+18,1.76022719e+18,2025-10-11,1.760227217873398e+18,27.873398,0.01,0.02,0.0,130.0,0.02,-0.22,-1.0,0.2,-0.4,-1.0,0.03,0.06,-0.36,0.4,-0.7,"post-hoc, exploratory; designed and selected on training only"
cfb_20251011_uga_aub,CFB,60,placebo,AUB,1.760239683e+18,1.760239743e+18,2025-10-11,1.760239763992229e+18,20.992229,0.01,0.02,0.0,186.0,0.02,-0.22,-1.0,0.2,-0.4,-1.0,0.03,0.06,-0.36,0.4,-0.7,"post-hoc, exploratory; designed and selected on training only"
cfb_20251011_uga_aub,CFB,180,placebo,AUB,1.760239683e+18,1.760239863e+18,2025-10-11,1.760239934144741e+18,71.144741,0.01,0.02,0.0,93.0,0.02,-0.22,-1.0,0.2,-0.4,-1.0,0.03,0.06,-0.36,0.4,-0.7,"post-hoc, exploratory; designed and selected on training only"
cfb_20251011_oh_akr,CFB,60,placebo,AKR,1.760210133e+18,1.760210193e+18,2025-10-11,1.760210356826748e+18,163.826748,0.01,0.02,0.0,187.0,0.02,-0.22,-1.0,0.2,-0.4,-1.0,0.03,0.06,-0.36,0.4,-0.7,"post-hoc, exploratory; designed and selected on training only"
cfb_20251011_oh_akr,CFB,180,placebo,AKR,1.760210133e+18,1.760210313e+18,2025-10-11,1.760210356826748e+18,43.826748,0.01,0.02,0.0,187.0,0.02,-0.22,-1.0,0.2,-0.4,-1.0,0.03,0.06,-0.36,0.4,-0.7,"post-hoc, exploratory; designed and selected on training only"
cfb_20251011_ala_mizz,CFB,60,placebo,MIZZ,1.760211259e+18,1.760211319e+18,2025-10-11,1.760211330588731e+18,11.588731,0.01,0.02,0.0,582.0,0.02,-0.22,-1.0,0.2,-0.4,-1.0,0.03,0.06,-0.36,0.4,-0.7,"post-hoc, exploratory; designed and selected on training only"
nfl_20251012_dal_car,NFL,60,placebo,DAL,1.760299403e+18,1.760299463e+18,2025-10-12,1.76029946452496e+18,1.52496,0.01,0.02,0.0,11253.0,0.02,-0.22,-1.0,0.2,-0.4,-1.0,0.03,0.06,-0.36,0.4,-0.7,"post-hoc, exploratory; designed and selected on training only"
nfl_20251012_sea_jac,NFL,60,placebo,JAC,1.760299505e+18,1.760299565e+18,2025-10-12,1.760299574184362e+18,9.184362,0.01,0.02,0.0,840.0,0.02,-0.22,-1.0,0.2,-0.4,-1.0,0.03,0.06,-0.36,0.4,-0.7,"post-hoc, exploratory; designed and selected on training only"
nfl_20251012_sea_jac,NFL,180,placebo,JAC,1.760299505e+18,1.760299685e+18,2025-10-12,1.760299693467099e+18,8.467099,0.01,0.02,0.0,685.0,0.02,-0.22,-1.0,0.2,-0.4,-1.0,0.03,0.06,-0.36,0.4,-0.7,"post-hoc, exploratory; designed and selected on training only"
nfl_20251012_lac_mia,NFL,60,placebo,MIA,1.760299266e+18,1.760299326e+18,2025-10-12,1.760299339869805e+18,13.869805,0.01,0.02,0.0,724.0,0.02,-0.22,-1.0,0.2,-0.4,-1.0,0.03,0.06,-0.36,0.4,-0.7,"post-hoc, exploratory; designed and selected on training only"
nfl_20251012_cin_gb,NFL,60,placebo,CIN,1.760310961e+18,1.760311021e+18,2025-10-12,1.76031117414544e+18,153.14544,0.01,0.02,0.0,935.0,0.02,-0.22,-1.0,0.2,-0.4,-1.0,0.03,0.06,-0.36,0.4,-0.7,"post-hoc, exploratory; designed and selected on training only"
nfl_20251012_cin_gb,NFL,180,placebo,CIN,1.760310961e+18,1.760311141e+18,2025-10-12,1.76031117414544e+18,33.14544,0.01,0.02,0.0,935.0,0.02,-0.22,-1.0,0.2,-0.4,-1.0,0.03,0.06,-0.36,0.4,-0.7,"post-hoc, exploratory; designed and selected on training only"
nfl_20251012_ari_ind,NFL,60,placebo,ARI,1.760299488e+18,1.760299548e+18,2025-10-12,1.760299549870946e+18,1.870946,0.01,0.02,0.0,691.0,0.02,-0.22,-1.0,0.2,-0.4,-1.0,0.03,0.06,-0.36,0.4,-0.7,"post-hoc, exploratory; designed and selected on training only"
nfl_20251012_den_nyj,NFL,60,placebo,NYJ,1.760286809e+18,1.760286869e+18,2025-10-12,1.760286870458465e+18,1.458465,0.01,0.02,0.0,4348.0,0.02,-0.22,-1.0,0.2,-0.4,-1.0,0.03,0.06,-0.36,0.4,-0.7,"post-hoc, exploratory; designed and selected on training only"
nfl_20251012_den_nyj,NFL,180,placebo,NYJ,1.760286809e+18,1.760286989e+18,2025-10-12,1.760287009636824e+18,20.636824,0.01,0.02,0.0,10.0,0.02,-0.22,-1.0,0.2,-0.4,-1.0,0.03,0.06,-0.36,0.4,-0.7,"post-hoc, exploratory; designed and selected on training only"
nfl_20251012_cle_pit,NFL,60,placebo,CLE,1.760300331e+18,1.760300391e+18,2025-10-12,1.760300461346393e+18,70.346393,0.01,0.02,0.0,500.0,0.02,-0.22,-1.0,0.2,-0.4,-1.0,0.03,0.06,-0.36,0.4,-0.7,"post-hoc, exploratory; designed and selected on training only"
nfl_20251012_ten_lv,NFL,60,placebo,TEN,1.760309721e+18,1.760309781e+18,2025-10-12,1.760309814536557e+18,33.536557,0.01,0.02,0.0,361.0,0.02,-0.22,-1.0,0.2,-0.4,-1.0,0.03,0.06,-0.36,0.4,-0.7,"post-hoc, exploratory; designed and selected on training only"
nfl_20251012_sf_tb,NFL,60,placebo,SF,1.760311264e+18,1.760311324e+18,2025-10-12,1.760311356490491e+18,32.490491,0.01,0.02,0.0,10338.0,0.02,-0.22,-1.0,0.2,-0.4,-1.0,0.03,0.06,-0.36,0.4,-0.7,"post-hoc, exploratory; designed and selected on training only"
nfl_20251012_sf_tb,NFL,180,placebo,SF,1.760311264e+18,1.760311444e+18,2025-10-12,1.760311457908892e+18,13.908892,0.01,0.02,0.0,9631.0,0.02,-0.22,-1.0,0.2,-0.4,-1.0,0.03,0.06,-0.36,0.4,-0.7,"post-hoc, exploratory; designed and selected on training only"
nfl_20251013_det_kc,NFL,60,placebo,DET,1.760324868e+18,1.760324928e+18,2025-10-12,1.760324931440799e+18,3.440799,0.01,0.02,0.0,1504.0,0.02,-0.22,-1.0,0.2,-0.4,-1.0,0.03,0.06,-0.36,0.4,-0.7,"post-hoc, exploratory; designed and selected on training only"
nfl_20251012_ne_no,NFL,60,placebo,NO,1.760299423e+18,1.760299483e+18,2025-10-12,1.760299487018526e+18,4.018526,0.02,0.03,0.0,6596.0,0.03,-0.33,-1.0,0.2,-0.5,-1.0,0.04,0.06,-0.46,0.4,-0.8,"post-hoc, exploratory; designed and selected on training only"
nfl_20251013_buf_atl,NFL,60,placebo,BUF,1.760408523e+18,1.760408583e+18,2025-10-13,1.760408586575681e+18,3.575681,0.01,0.02,0.0,2452.0,0.02,-0.22,-1.0,0.2,-0.4,-1.0,0.03,0.06,-0.36,0.4,-0.7,"post-hoc, exploratory; designed and selected on training only"
nfl_20251013_buf_atl,NFL,180,placebo,BUF,1.760408523e+18,1.760408703e+18,2025-10-13,1.760408730527674e+18,27.527674,0.01,0.02,0.0,650.0,0.02,-0.22,-1.0,0.2,-0.4,-1.0,0.03,0.06,-0.36,0.4,-0.7,"post-hoc, exploratory; designed and selected on training only"
nfl_20251014_chi_was,NFL,60,placebo,WAS,1.760411968e+18,1.760412028e+18,2025-10-13,1.760412029059764e+18,1.059764,0.01,0.02,0.0,11917.0,0.02,-0.22,-1.0,0.2,-0.4,-1.0,0.03,0.06,-0.36,0.4,-0.7,"post-hoc, exploratory; designed and selected on training only"
cfb_20251016_tlsa_ecu,CFB,60,placebo,TLSA,1.760671579e+18,1.760671639e+18,2025-10-16,1.760671792501067e+18,153.501067,0.01,0.02,0.0,93.0,0.02,-0.22,-1.0,0.2,-0.4,-1.0,0.03,0.06,-0.36,0.4,-0.7,"post-hoc, exploratory; designed and selected on training only"
cfb_20251016_tlsa_ecu,CFB,180,placebo,TLSA,1.760671579e+18,1.760671759e+18,2025-10-16,1.760671792501067e+18,33.501067,0.01,0.02,0.0,93.0,0.02,-0.22,-1.0,0.2,-0.4,-1.0,0.03,0.06,-0.36,0.4,-0.7,"post-hoc, exploratory; designed and selected on training only"
nfl_20251017_pit_cin,NFL,60,placebo,PIT,1.76067169e+18,1.76067175e+18,2025-10-16,1.760671755018271e+18,5.018271,0.01,0.02,0.0,4480.0,0.02,-0.22,-1.0,0.2,-0.4,-1.0,0.03,0.06,-0.36,0.4,-0.7,"post-hoc, exploratory; designed and selected on training only"
cfb_20251018_wash_mich,CFB,60,placebo,WASH,1.760814246e+18,1.760814306e+18,2025-10-18,1.760814312058125e+18,6.058125,0.01,0.02,0.0,4494.0,0.02,-0.22,-1.0,0.2,-0.4,-1.0,0.03,0.06,-0.36,0.4,-0.7,"post-hoc, exploratory; designed and selected on training only"
cfb_20251018_wash_mich,CFB,180,placebo,WASH,1.760814246e+18,1.760814426e+18,2025-10-18,1.760814460615658e+18,34.615658,0.01,0.02,0.0,1043.0,0.02,-0.22,-1.0,0.2,-0.4,-1.0,0.03,0.06,-0.36,0.4,-0.7,"post-hoc, exploratory; designed and selected on training only"
cfb_20251018_msst_fla,CFB,60,placebo,MSST,1.760831296e+18,1.760831356e+18,2025-10-18,1.760831363282183e+18,7.282183,0.01,0.02,0.0,5284.0,0.02,-0.22,-1.0,0.2,-0.4,-1.0,0.03,0.06,-0.36,0.4,-0.7,"post-hoc, exploratory; designed and selected on training only"
cfb_20251018_wsu_uva,CFB,60,placebo,WSU,1.760838862e+18,1.760838922e+18,2025-10-18,1.760838933050989e+18,11.050989,0.01,0.02,0.0,1000.0,0.02,-0.22,-1.0,0.2,-0.4,-1.0,0.03,0.06,-0.36,0.4,-0.7,"post-hoc, exploratory; designed and selected on training only"
cfb_20251018_mem_uab,CFB,60,placebo,MEM,1.760830362e+18,1.760830422e+18,2025-10-18,1.760830482716145e+18,60.716145,0.01,0.02,0.0,1.0,0.02,-0.22,-1.0,0.2,-0.4,-1.0,0.03,0.06,-0.36,0.4,-0.7,"post-hoc, exploratory; designed and selected on training only"
cfb_20251018_ariz_hou,CFB,60,winner,HOU,1.760812381e+18,1.760812441e+18,2025-10-18,1.760812459310047e+18,18.310047,0.82,0.83,1.0,726198.0,0.1,1.6,0.19047619047619047,0.2,1.5,0.17647058823529413,0.84,0.2,1.4,0.4,1.2,"post-hoc, exploratory; designed and selected on training only"
cfb_20251018_ariz_hou,CFB,60,placebo,ARIZ,1.760812381e+18,1.760812441e+18,2025-10-18,1.76081244304114e+18,2.04114,0.2,0.21,0.0,590038.0,0.12,-2.22,-1.0,0.2,-2.3,-1.0,0.22,0.26,-2.46,0.4,-2.6,"post-hoc, exploratory; designed and selected on training only"
cfb_20251018_ariz_hou,CFB,180,winner,HOU,1.760812381e+18,1.760812561e+18,2025-10-18,1.760812564935446e+18,3.935446,0.79,0.8,1.0,723122.0,0.12,1.88,0.2315270935960591,0.2,1.8,0.21951219512195122,0.81,0.22,1.68,0.4,1.5,"post-hoc, exploratory; designed and selected on training only"
cfb_20251018_ariz_hou,CFB,180,placebo,ARIZ,1.760812381e+18,1.760812561e+18,2025-10-18,1.760812563347466e+18,2.347466,0.23,0.24,0.0,576763.0,0.13,-2.53,-1.0,0.2,-2.6,-1.0,0.25,0.28,-2.78,0.4,-2.9,"post-hoc, exploratory; designed and selected on training only"
cfb_20251018_ariz_hou,CFB,600,winner,HOU,1.760812381e+18,1.760812981e+18,2025-10-18,1.760812983329881e+18,2.329881,0.75,0.76,1.0,674676.0,0.13,2.27,0.2936610608020699,0.2,2.2,0.28205128205128205,0.77,0.26,2.04,0.4,1.9,"post-hoc, exploratory; designed and selected on training only"
cfb_20251018_ariz_hou,CFB,600,placebo,ARIZ,1.760812381e+18,1.760812981e+18,2025-10-18,1.760812982040481e+18,1.040481,0.26,0.27,0.0,516200.0,0.14,-2.84,-1.0,0.2,-2.9,-1.0,0.28,0.3,-3.1,0.4,-3.2,"post-hoc, exploratory; designed and selected on training only"
cfb_20251018_utsa_unt,CFB,60,placebo,UTSA,1.760829129e+18,1.760829189e+18,2025-10-18,1.760829438124849e+18,249.124849,0.01,0.02,0.0,1.0,0.02,-0.22,-1.0,0.2,-0.4,-1.0,0.03,0.06,-0.36,0.4,-0.7,"post-hoc, exploratory; designed and selected on training only"
cfb_20251018_utsa_unt,CFB,180,placebo,UTSA,1.760829129e+18,1.760829309e+18,2025-10-18,1.760829438124849e+18,129.124849,0.01,0.02,0.0,1.0,0.02,-0.22,-1.0,0.2,-0.4,-1.0,0.03,0.06,-0.36,0.4,-0.7,"post-hoc, exploratory; designed and selected on training only"
cfb_20251018_ttu_asu,CFB,60,placebo,TTU,1.760831507e+18,1.760831567e+18,2025-10-18,1.760831609988958e+18,42.988958,0.01,0.02,0.0,980.0,0.02,-0.22,-1.0,0.2,-0.4,-1.0,0.03,0.06,-0.36,0.4,-0.7,"post-hoc, exploratory; designed and selected on training only"
cfb_20251018_ttu_asu,CFB,180,placebo,TTU,1.760831507e+18,1.760831687e+18,2025-10-18,1.76083173520733e+18,48.20733,0.01,0.02,0.0,64.0,0.02,-0.22,-1.0,0.2,-0.4,-1.0,0.03,0.06,-0.36,0.4,-0.7,"post-hoc, exploratory; designed and selected on training only"
cfb_20251018_txam_ark,CFB,60,placebo,ARK,1.76083566e+18,1.76083572e+18,2025-10-18,1.76083573077092e+18,10.77092,0.01,0.02,0.0,3352.0,0.02,-0.22,-1.0,0.2,-0.4,-1.0,0.03,0.06,-0.36,0.4,-0.7,"post-hoc, exploratory; designed and selected on training only"
cfb_20251018_txam_ark,CFB,180,placebo,ARK,1.76083566e+18,1.76083584e+18,2025-10-18,1.760835863452154e+18,23.452154,0.01,0.02,0.0,420.0,0.02,-0.22,-1.0,0.2,-0.4,-1.0,0.03,0.06,-0.36,0.4,-0.7,"post-hoc, exploratory; designed and selected on training only"
cfb_20251018_smu_clem,CFB,60,placebo,CLEM,1.760828748e+18,1.760828808e+18,2025-10-18,1.760828866942372e+18,58.942372,0.01,0.02,0.0,732.0,0.02,-0.22,-1.0,0.2,-0.4,-1.0,0.03,0.06,-0.36,0.4,-0.7,"post-hoc, exploratory; designed and selected on training only"
cfb_20251018_smu_clem,CFB,180,placebo,CLEM,1.760828748e+18,1.760828928e+18,2025-10-18,1.760828987069126e+18,59.069126,0.01,0.02,0.0,467.0,0.02,-0.22,-1.0,0.2,-0.4,-1.0,0.03,0.06,-0.36,0.4,-0.7,"post-hoc, exploratory; designed and selected on training only"
cfb_20251018_miss_uga,CFB,60,placebo,MISS,1.760828356e+18,1.760828416e+18,2025-10-18,1.760828450102279e+18,34.102279,0.01,0.02,0.0,1780.0,0.02,-0.22,-1.0,0.2,-0.4,-1.0,0.03,0.06,-0.36,0.4,-0.7,"post-hoc, exploratory; designed and selected on training only"
cfb_20251018_msu_ind,CFB,60,placebo,MSU,1.760828301e+18,1.760828361e+18,2025-10-18,1.760828462364917e+18,101.364917,0.01,0.02,0.0,93.0,0.02,-0.22,-1.0,0.2,-0.4,-1.0,0.03,0.06,-0.36,0.4,-0.7,"post-hoc, exploratory; designed and selected on training only"
cfb_20251018_psu_iowa,CFB,60,winner,IOWA,1.76084e+18,1.76084006e+18,2025-10-18,1.760840062627355e+18,2.627355,0.97,0.98,1.0,78334.0,0.02,0.18,0.018329938900203666,0.2,0.0,0.0,0.99,0.02,0.08,0.4,-0.3,"post-hoc, exploratory; designed and selected on training only"
cfb_20251018_psu_iowa,CFB,60,placebo,PSU,1.76084e+18,1.76084006e+18,2025-10-18,1.760840061287574e+18,1.287574,0.03,0.04,0.0,148859.0,0.03,-0.43,-1.0,0.2,-0.6,-1.0,0.05,0.08,-0.58,0.4,-0.9,"post-hoc, exploratory; designed and selected on training only"
cfb_20251018_psu_iowa,CFB,180,placebo,PSU,1.76084e+18,1.76084018e+18,2025-10-18,1.760840181374654e+18,1.374654,0.01,0.02,0.0,117938.0,0.02,-0.22,-1.0,0.2,-0.4,-1.0,0.03,0.06,-0.36,0.4,-0.7,"post-hoc, exploratory; designed and selected on training only"
nfl_20251019_gb_ari,NFL,60,placebo,ARI,1.760916705e+18,1.760916765e+18,2025-10-19,1.760916769110417e+18,4.110417,0.01,0.02,0.0,5165.0,0.02,-0.22,-1.0,0.2,-0.4,-1.0,0.03,0.06,-0.36,0.4,-0.7,"post-hoc, exploratory; designed and selected on training only"
nfl_20251019_was_dal,NFL,60,placebo,WAS,1.760916889e+18,1.760916949e+18,2025-10-19,1.760916998559978e+18,49.559978,0.01,0.02,0.0,219.0,0.02,-0.22,-1.0,0.2,-0.4,-1.0,0.03,0.06,-0.36,0.4,-0.7,"post-hoc, exploratory; designed and selected on training only"
nfl_20251019_was_dal,NFL,180,placebo,WAS,1.760916889e+18,1.760917069e+18,2025-10-19,1.760917158191283e+18,89.191283,0.01,0.02,0.0,1.0,0.02,-0.22,-1.0,0.2,-0.4,-1.0,0.03,0.06,-0.36,0.4,-0.7,"post-hoc, exploratory; designed and selected on training only"
nfl_20251019_car_nyj,NFL,60,placebo,NYJ,1.760904416e+18,1.760904476e+18,2025-10-19,1.760904613029523e+18,137.029523,0.01,0.02,0.0,20.0,0.02,-0.22,-1.0,0.2,-0.4,-1.0,0.03,0.06,-0.36,0.4,-0.7,"post-hoc, exploratory; designed and selected on training only"
nfl_20251019_car_nyj,NFL,180,placebo,NYJ,1.760904416e+18,1.760904596e+18,2025-10-19,1.760904613029523e+18,17.029523,0.01,0.02,0.0,20.0,0.02,-0.22,-1.0,0.2,-0.4,-1.0,0.03,0.06,-0.36,0.4,-0.7,"post-hoc, exploratory; designed and selected on training only"
nfl_20251019_nyg_den,NFL,60,placebo,NYG,1.760917084e+18,1.760917144e+18,2025-10-19,1.760917145661468e+18,1.661468,0.01,0.02,0.0,70918.0,0.02,-0.22,-1.0,0.2,-0.4,-1.0,0.03,0.06,-0.36,0.4,-0.7,"post-hoc, exploratory; designed and selected on training only"
nfl_20251020_atl_sf,NFL,60,placebo,ATL,1.760930271e+18,1.760930331e+18,2025-10-19,1.760930350401861e+18,19.401861,0.01,0.02,0.0,497.0,0.02,-0.22,-1.0,0.2,-0.4,-1.0,0.03,0.06,-0.36,0.4,-0.7,"post-hoc, exploratory; designed and selected on training only"
nfl_20251019_ind_lac,NFL,60,placebo,LAC,1.760915661e+18,1.760915721e+18,2025-10-19,1.760915725063159e+18,4.063159,0.01,0.02,0.0,467.0,0.02,-0.22,-1.0,0.2,-0.4,-1.0,0.03,0.06,-0.36,0.4,-0.7,"post-hoc, exploratory; designed and selected on training only"
nfl_20251019_no_chi,NFL,60,placebo,NO,1.760903907e+18,1.760903967e+18,2025-10-19,1.760903978203682e+18,11.203682,0.01,0.02,0.0,1.0,0.02,-0.22,-1.0,0.2,-0.4,-1.0,0.03,0.06,-0.36,0.4,-0.7,"post-hoc, exploratory; designed and selected on training only"
nfl_20251020_tb_det,NFL,60,placebo,TB,1.761013206e+18,1.761013266e+18,2025-10-20,1.761013442883013e+18,176.883013,0.01,0.02,0.0,110.0,0.02,-0.22,-1.0,0.2,-0.4,-1.0,0.03,0.06,-0.36,0.4,-0.7,"post-hoc, exploratory; designed and selected on training only"
nfl_20251020_tb_det,NFL,180,placebo,TB,1.761013206e+18,1.761013386e+18,2025-10-20,1.761013442883013e+18,56.883013,0.01,0.02,0.0,110.0,0.02,-0.22,-1.0,0.2,-0.4,-1.0,0.03,0.06,-0.36,0.4,-0.7,"post-hoc, exploratory; designed and selected on training only"
cfb_20251022_mtu_del,CFB,60,placebo,MTU,1.761190048e+18,1.761190108e+18,2025-10-22,1.761190123913272e+18,15.913272,0.01,0.02,0.0,150.0,0.02,-0.22,-1.0,0.2,-0.4,-1.0,0.03,0.06,-0.36,0.4,-0.7,"post-hoc, exploratory; designed and selected on training only"
cfb_20251023_usa_gast,CFB,60,placebo,GAST,1.761275042e+18,1.761275102e+18,2025-10-23,1.761275129826527e+18,27.826527,0.01,0.02,0.0,1309.0,0.02,-0.22,-1.0,0.2,-0.4,-1.0,0.03,0.06,-0.36,0.4,-0.7,"post-hoc, exploratory; designed and selected on training only"
nfl_20251024_min_lac,NFL,60,placebo,MIN,1.761275871e+18,1.761275931e+18,2025-10-23,1.761275944400198e+18,13.400198,0.01,0.02,0.0,100.0,0.02,-0.22,-1.0,0.2,-0.4,-1.0,0.03,0.06,-0.36,0.4,-0.7,"post-hoc, exploratory; designed and selected on training only"
cfb_20251024_unt_char,CFB,60,placebo,CHAR,1.761359422e+18,1.761359482e+18,2025-10-24,1.761359515376513e+18,33.376513,0.01,0.02,0.0,20.0,0.02,-0.22,-1.0,0.2,-0.4,-1.0,0.03,0.06,-0.36,0.4,-0.7,"post-hoc, exploratory; designed and selected on training only"
cfb_20251025_miss_okla,CFB,60,placebo,OKLA,1.761421604e+18,1.761421664e+18,2025-10-25,1.76142167310059e+18,9.10059,0.01,0.02,0.0,872.0,0.02,-0.22,-1.0,0.2,-0.4,-1.0,0.03,0.06,-0.36,0.4,-0.7,"post-hoc, exploratory; designed and selected on training only"
cfb_20251025_rutg_pur,CFB,60,placebo,PUR,1.761419296e+18,1.761419356e+18,2025-10-25,1.761419357178594e+18,1.178594,0.01,0.02,0.0,12756.0,0.02,-0.22,-1.0,0.2,-0.4,-1.0,0.03,0.06,-0.36,0.4,-0.7,"post-hoc, exploratory; designed and selected on training only"
cfb_20251025_okst_ttu,CFB,60,placebo,OKST,1.761435485e+18,1.761435545e+18,2025-10-25,1.761435597056287e+18,52.056287,0.01,0.02,0.0,10.0,0.02,-0.22,-1.0,0.2,-0.4,-1.0,0.03,0.06,-0.36,0.4,-0.7,"post-hoc, exploratory; designed and selected on training only"
cfb_20251025_ull_troy,CFB,60,placebo,ULL,1.76144479e+18,1.76144485e+18,2025-10-25,1.761444894503292e+18,44.503292,0.01,0.02,0.0,56.0,0.02,-0.22,-1.0,0.2,-0.4,-1.0,0.03,0.06,-0.36,0.4,-0.7,"post-hoc, exploratory; designed and selected on training only"
cfb_20251025_wis_ore,CFB,60,placebo,WIS,1.761446388e+18,1.761446448e+18,2025-10-25,1.761446553019773e+18,105.019773,0.01,0.02,0.0,1.0,0.02,-0.22,-1.0,0.2,-0.4,-1.0,0.03,0.06,-0.36,0.4,-0.7,"post-hoc, exploratory; designed and selected on training only"
cfb_20251025_ucla_ind,CFB,60,placebo,UCLA,1.761420674e+18,1.761420734e+18,2025-10-25,1.76142074592577e+18,11.92577,0.01,0.02,0.0,200.0,0.02,-0.22,-1.0,0.2,-0.4,-1.0,0.03,0.06,-0.36,0.4,-0.7,"post-hoc, exploratory; designed and selected on training only"
cfb_20251025_usf_mem,CFB,60,placebo,USF,1.76142191e+18,1.76142197e+18,2025-10-25,1.761422022258423e+18,52.258423,0.01,0.02,0.0,206.0,0.02,-0.22,-1.0,0.2,-0.4,-1.0,0.03,0.06,-0.36,0.4,-0.7,"post-hoc, exploratory; designed and selected on training only"
cfb_20251025_ill_wash,CFB,60,placebo,ILL,1.761432892e+18,1.761432952e+18,2025-10-25,1.761433005864458e+18,53.864458,0.01,0.02,0.0,1.0,0.02,-0.22,-1.0,0.2,-0.4,-1.0,0.03,0.06,-0.36,0.4,-0.7,"post-hoc, exploratory; designed and selected on training only"
cfb_20251025_mizz_van,CFB,60,placebo,MIZZ,1.761433771e+18,1.761433831e+18,2025-10-25,1.761433833526788e+18,2.526788,0.01,0.02,0.0,1614.0,0.02,-0.22,-1.0,0.2,-0.4,-1.0,0.03,0.06,-0.36,0.4,-0.7,"post-hoc, exploratory; designed and selected on training only"
cfb_20251025_ala_scar,CFB,60,placebo,SCAR,1.761434269e+18,1.761434329e+18,2025-10-25,1.761434342620028e+18,13.620028,0.01,0.02,0.0,203.0,0.02,-0.22,-1.0,0.2,-0.4,-1.0,0.03,0.06,-0.36,0.4,-0.7,"post-hoc, exploratory; designed and selected on training only"
cfb_20251025_ala_scar,CFB,180,placebo,SCAR,1.761434269e+18,1.761434449e+18,2025-10-25,1.761434451378462e+18,2.378462,0.01,0.02,0.0,100.0,0.02,-0.22,-1.0,0.2,-0.4,-1.0,0.03,0.06,-0.36,0.4,-0.7,"post-hoc, exploratory; designed and selected on training only"
cfb_20251025_app_odu,CFB,60,placebo,APP,1.761422307e+18,1.761422367e+18,2025-10-25,1.761422369281709e+18,2.281709,0.01,0.02,0.0,673.0,0.02,-0.22,-1.0,0.2,-0.4,-1.0,0.03,0.06,-0.36,0.4,-0.7,"post-hoc, exploratory; designed and selected on training only"
cfb_20251025_byu_isu,CFB,60,placebo,ISU,1.761433507e+18,1.761433567e+18,2025-10-25,1.761433589107418e+18,22.107418,0.01,0.02,0.0,61.0,0.02,-0.22,-1.0,0.2,-0.4,-1.0,0.03,0.06,-0.36,0.4,-0.7,"post-hoc, exploratory; designed and selected on training only"
cfb_20251025_aub_ark,CFB,60,placebo,ARK,1.761422208e+18,1.761422268e+18,2025-10-25,1.76142230189467e+18,33.89467,0.01,0.02,0.0,93.0,0.02,-0.22,-1.0,0.2,-0.4,-1.0,0.03,0.06,-0.36,0.4,-0.7,"post-hoc, exploratory; designed and selected on training only"
cfb_20251026_hou_asu,CFB,60,placebo,ASU,1.761449876e+18,1.761449936e+18,2025-10-25,1.761449961695976e+18,25.695976,0.01,0.02,0.0,2000.0,0.02,-0.22,-1.0,0.2,-0.4,-1.0,0.03,0.06,-0.36,0.4,-0.7,"post-hoc, exploratory; designed and selected on training only"
cfb_20251025_tcu_wvu,CFB,60,placebo,WVU,1.761441543e+18,1.761441603e+18,2025-10-25,1.761441607761222e+18,4.761222,0.01,0.02,0.0,100.0,0.02,-0.22,-1.0,0.2,-0.4,-1.0,0.03,0.06,-0.36,0.4,-0.7,"post-hoc, exploratory; designed and selected on training only"
cfb_20251025_nw_neb,CFB,60,placebo,NW,1.761420114e+18,1.761420174e+18,2025-10-25,1.761420340800094e+18,166.800094,0.01,0.02,0.0,46.0,0.02,-0.22,-1.0,0.2,-0.4,-1.0,0.03,0.06,-0.36,0.4,-0.7,"post-hoc, exploratory; designed and selected on training only"
cfb_20251025_nw_neb,CFB,180,placebo,NW,1.761420114e+18,1.761420294e+18,2025-10-25,1.761420340800094e+18,46.800094,0.01,0.02,0.0,46.0,0.02,-0.22,-1.0,0.2,-0.4,-1.0,0.03,0.06,-0.36,0.4,-0.7,"post-hoc, exploratory; designed and selected on training only"
cfb_20251025_mich_msu,CFB,60,placebo,MSU,1.761448906e+18,1.761448966e+18,2025-10-25,1.761448967529738e+18,1.529738,0.01,0.02,0.0,80.0,0.02,-0.22,-1.0,0.2,-0.4,-1.0,0.03,0.06,-0.36,0.4,-0.7,"post-hoc, exploratory; designed and selected on training only"
cfb_20251025_ncst_pitt,CFB,60,placebo,NCST,1.761433929e+18,1.761433989e+18,2025-10-25,1.761434036310467e+18,47.310467,0.01,0.02,0.0,100.0,0.02,-0.22,-1.0,0.2,-0.4,-1.0,0.03,0.06,-0.36,0.4,-0.7,"post-hoc, exploratory; designed and selected on training only"
nfl_20251026_nyj_cin,NFL,60,placebo,CIN,1.761509179e+18,1.761509239e+18,2025-10-26,1.761509240169074e+18,1.169074,0.01,0.02,0.0,6272.0,0.02,-0.22,-1.0,0.2,-0.4,-1.0,0.03,0.06,-0.36,0.4,-0.7,"post-hoc, exploratory; designed and selected on training only"
nfl_20251026_nyj_cin,NFL,180,placebo,CIN,1.761509179e+18,1.761509359e+18,2025-10-26,1.761509580955767e+18,221.955767,0.01,0.02,0.0,125.0,0.02,-0.22,-1.0,0.2,-0.4,-1.0,0.03,0.06,-0.36,0.4,-0.7,"post-hoc, exploratory; designed and selected on training only"
nfl_20251027_gb_pit,NFL,60,placebo,PIT,1.761535995e+18,1.761536055e+18,2025-10-26,1.761536085257359e+18,30.257359,0.01,0.02,0.0,944.0,0.02,-0.22,-1.0,0.2,-0.4,-1.0,0.03,0.06,-0.36,0.4,-0.7,"post-hoc, exploratory; designed and selected on training only"
nfl_20251026_chi_bal,NFL,60,placebo,CHI,1.761508992e+18,1.761509052e+18,2025-10-26,1.761509176529675e+18,124.529675,0.01,0.02,0.0,84.0,0.02,-0.22,-1.0,0.2,-0.4,-1.0,0.03,0.06,-0.36,0.4,-0.7,"post-hoc, exploratory; designed and selected on training only"
nfl_20251026_chi_bal,NFL,180,placebo,CHI,1.761508992e+18,1.761509172e+18,2025-10-26,1.761509176529675e+18,4.529675,0.01,0.02,0.0,84.0,0.02,-0.22,-1.0,0.2,-0.4,-1.0,0.03,0.06,-0.36,0.4,-0.7,"post-hoc, exploratory; designed and selected on training only"
nfl_20251026_nyg_phi,NFL,60,placebo,NYG,1.761508822e+18,1.761508882e+18,2025-10-26,1.761508973124002e+18,91.124002,0.01,0.02,0.0,75.0,0.02,-0.22,-1.0,0.2,-0.4,-1.0,0.03,0.06,-0.36,0.4,-0.7,"post-hoc, exploratory; designed and selected on training only"
nfl_20251028_was_kc,NFL,60,placebo,WAS,1.761620747e+18,1.761620807e+18,2025-10-27,1.761620832877787e+18,25.877787,0.01,0.02,0.0,152.0,0.02,-0.22,-1.0,0.2,-0.4,-1.0,0.03,0.06,-0.36,0.4,-0.7,"post-hoc, exploratory; designed and selected on training only"
cfb_20251030_fiu_mosu,CFB,60,placebo,FIU,1.761795183e+18,1.761795243e+18,2025-10-29,1.761795264605286e+18,21.605286,0.01,0.02,0.0,205.0,0.02,-0.22,-1.0,0.2,-0.4,-1.0,0.03,0.06,-0.36,0.4,-0.7,"post-hoc, exploratory; designed and selected on training only"
cfb_20251030_tuln_utsa,CFB,60,placebo,TULN,1.761880784e+18,1.761880844e+18,2025-10-30,1.761880858727361e+18,14.727361,0.01,0.02,0.0,813.0,0.02,-0.22,-1.0,0.2,-0.4,-1.0,0.03,0.06,-0.36,0.4,-0.7,"post-hoc, exploratory; designed and selected on training only"
cfb_20251030_tuln_utsa,CFB,180,placebo,TULN,1.761880784e+18,1.761880964e+18,2025-10-30,1.7618809922567e+18,28.2567,0.01,0.02,0.0,613.0,0.02,-0.22,-1.0,0.2,-0.4,-1.0,0.03,0.06,-0.36,0.4,-0.7,"post-hoc, exploratory; designed and selected on training only"
cfb_20251031_mem_rice,CFB,60,placebo,RICE,1.761963253e+18,1.761963313e+18,2025-10-31,1.761963354761847e+18,41.761847,0.01,0.02,0.0,93.0,0.02,-0.22,-1.0,0.2,-0.4,-1.0,0.03,0.06,-0.36,0.4,-0.7,"post-hoc, exploratory; designed and selected on training only"
cfb_20251101_ull_usa,CFB,60,placebo,USA,1.762036864e+18,1.762036924e+18,2025-11-01,1.762036940099626e+18,16.099626,0.01,0.02,0.0,50.0,0.02,-0.22,-1.0,0.2,-0.4,-1.0,0.03,0.06,-0.36,0.4,-0.7,"post-hoc, exploratory; designed and selected on training only"
cfb_20251101_uga_fla,CFB,60,placebo,FLA,1.762038818e+18,1.762038878e+18,2025-11-01,1.762038885082853e+18,7.082853,0.01,0.02,0.0,752.0,0.02,-0.22,-1.0,0.2,-0.4,-1.0,0.03,0.06,-0.36,0.4,-0.7,"post-hoc, exploratory; designed and selected on training only"
cfb_20251101_asu_isu,CFB,60,placebo,ISU,1.762029556e+18,1.762029616e+18,2025-11-01,1.762029624702453e+18,8.702453,0.01,0.02,0.0,1999.0,0.02,-0.22,-1.0,0.2,-0.4,-1.0,0.03,0.06,-0.36,0.4,-0.7,"post-hoc, exploratory; designed and selected on training only"
cfb_20251101_asu_isu,CFB,180,placebo,ISU,1.762029556e+18,1.762029736e+18,2025-11-01,1.762029747556759e+18,11.556759,0.01,0.02,0.0,935.0,0.02,-0.22,-1.0,0.2,-0.4,-1.0,0.03,0.06,-0.36,0.4,-0.7,"post-hoc, exploratory; designed and selected on training only"
cfb_20251101_cmu_wmu,CFB,60,placebo,CMU,1.762038471e+18,1.762038531e+18,2025-11-01,1.762038535037086e+18,4.037086,0.01,0.02,0.0,93.0,0.02,-0.22,-1.0,0.2,-0.4,-1.0,0.03,0.06,-0.36,0.4,-0.7,"post-hoc, exploratory; designed and selected on training only"
cfb_20251101_uk_aub,CFB,60,placebo,AUB,1.762051336e+18,1.762051396e+18,2025-11-01,1.762051413281229e+18,17.281229,0.01,0.02,0.0,49.0,0.02,-0.22,-1.0,0.2,-0.4,-1.0,0.03,0.06,-0.36,0.4,-0.7,"post-hoc, exploratory; designed and selected on training only"
cfb_20251101_van_tex,CFB,60,placebo,VAN,1.762025746e+18,1.762025806e+18,2025-11-01,1.762025837015156e+18,31.015156,0.01,0.02,0.0,18.0,0.02,-0.22,-1.0,0.2,-0.4,-1.0,0.03,0.06,-0.36,0.4,-0.7,"post-hoc, exploratory; designed and selected on training only"
cfb_20251101_ariz_colo,CFB,60,placebo,COLO,1.762052003e+18,1.762052063e+18,2025-11-01,1.762052117772591e+18,54.772591,0.01,0.02,0.0,93.0,0.02,-0.22,-1.0,0.2,-0.4,-1.0,0.03,0.06,-0.36,0.4,-0.7,"post-hoc, exploratory; designed and selected on training only"
nfl_20251102_car_gb,NFL,60,placebo,GB,1.762117317e+18,1.762117377e+18,2025-11-02,1.762117378307763e+18,1.307763,0.01,0.02,0.0,3882.0,0.02,-0.22,-1.0,0.2,-0.4,-1.0,0.03,0.06,-0.36,0.4,-0.7,"post-hoc, exploratory; designed and selected on training only"
nfl_20251102_kc_buf,NFL,60,placebo,KC,1.762129495e+18,1.762129555e+18,2025-11-02,1.762129556327867e+18,1.327867,0.01,0.02,0.0,15689.0,0.02,-0.22,-1.0,0.2,-0.4,-1.0,0.03,0.06,-0.36,0.4,-0.7,"post-hoc, exploratory; designed and selected on training only"
nfl_20251102_min_det,NFL,60,placebo,DET,1.762118087e+18,1.762118147e+18,2025-11-02,1.762118148756394e+18,1.756394,0.01,0.02,0.0,1261.0,0.02,-0.22,-1.0,0.2,-0.4,-1.0,0.03,0.06,-0.36,0.4,-0.7,"post-hoc, exploratory; designed and selected on training only"
nfl_20251102_no_la,NFL,60,placebo,NO,1.762127533e+18,1.762127593e+18,2025-11-02,1.762127643850568e+18,50.850568,0.01,0.02,0.0,37.0,0.02,-0.22,-1.0,0.2,-0.4,-1.0,0.03,0.06,-0.36,0.4,-0.7,"post-hoc, exploratory; designed and selected on training only"
nfl_20251102_atl_ne,NFL,60,placebo,ATL,1.762117231e+18,1.762117291e+18,2025-11-02,1.762117294854246e+18,3.854246,0.01,0.02,0.0,1980.0,0.02,-0.22,-1.0,0.2,-0.4,-1.0,0.03,0.06,-0.36,0.4,-0.7,"post-hoc, exploratory; designed and selected on training only"
nfl_20251102_ind_pit,NFL,60,placebo,IND,1.762118289e+18,1.762118349e+18,2025-11-02,1.762118448465815e+18,99.465815,0.01,0.02,0.0,1505.0,0.02,-0.22,-1.0,0.2,-0.4,-1.0,0.03,0.06,-0.36,0.4,-0.7,"post-hoc, exploratory; designed and selected on training only"
nfl_20251102_ind_pit,NFL,180,placebo,IND,1.762118289e+18,1.762118469e+18,2025-11-02,1.762118538363614e+18,69.363614,0.01,0.02,0.0,570.0,0.02,-0.22,-1.0,0.2,-0.4,-1.0,0.03,0.06,-0.36,0.4,-0.7,"post-hoc, exploratory; designed and selected on training only"
nfl_20251102_den_hou,NFL,60,placebo,HOU,1.76211858e+18,1.76211864e+18,2025-11-02,1.762118643697973e+18,3.697973,0.01,0.02,0.0,54701.0,0.02,-0.22,-1.0,0.2,-0.4,-1.0,0.03,0.06,-0.36,0.4,-0.7,"post-hoc, exploratory; designed and selected on training only"
nfl_20251102_den_hou,NFL,180,placebo,HOU,1.76211858e+18,1.76211876e+18,2025-11-02,1.76211879849698e+18,38.49698,0.01,0.02,0.0,49044.0,0.02,-0.22,-1.0,0.2,-0.4,-1.0,0.03,0.06,-0.36,0.4,-0.7,"post-hoc, exploratory; designed and selected on training only"
nfl_20251102_jac_lv,NFL,60,placebo,LV,1.762129652e+18,1.762129712e+18,2025-11-02,1.762129713021377e+18,1.021377,0.01,0.02,0.0,90145.0,0.02,-0.22,-1.0,0.2,-0.4,-1.0,0.03,0.06,-0.36,0.4,-0.7,"post-hoc, exploratory; designed and selected on training only"
nfl_20251102_jac_lv,NFL,180,placebo,LV,1.762129652e+18,1.762129832e+18,2025-11-02,1.762129893927253e+18,61.927253,0.01,0.02,0.0,10.0,0.02,-0.22,-1.0,0.2,-0.4,-1.0,0.03,0.06,-0.36,0.4,-0.7,"post-hoc, exploratory; designed and selected on training only"
nfl_20251104_ari_dal,NFL,60,placebo,DAL,1.762229561e+18,1.762229621e+18,2025-11-03,1.762229648809753e+18,27.809753,0.01,0.02,0.0,1039.0,0.02,-0.22,-1.0,0.2,-0.4,-1.0,0.03,0.06,-0.36,0.4,-0.7,"post-hoc, exploratory; designed and selected on training only"
cfb_20251105_oh_ohio,CFB,60,placebo,M-OH,1.762313164e+18,1.762313224e+18,2025-11-04,1.762313229804667e+18,5.804667,0.01,0.02,0.0,1415.0,0.02,-0.22,-1.0,0.2,-0.4,-1.0,0.03,0.06,-0.36,0.4,-0.7,"post-hoc, exploratory; designed and selected on training only"
cfb_20251106_kent_ball,CFB,60,placebo,KENT,1.762398548e+18,1.762398608e+18,2025-11-05,1.762398613343722e+18,5.343722,0.01,0.02,0.0,28.0,0.02,-0.22,-1.0,0.2,-0.4,-1.0,0.03,0.06,-0.36,0.4,-0.7,"post-hoc, exploratory; designed and selected on training only"
cfb_20251107_gaso_app,CFB,60,placebo,APP,1.762489338e+18,1.762489398e+18,2025-11-06,1.762489418429213e+18,20.429213,0.01,0.02,0.0,485.0,0.02,-0.22,-1.0,0.2,-0.4,-1.0,0.03,0.06,-0.36,0.4,-0.7,"post-hoc, exploratory; designed and selected on training only"
cfb_20251107_gaso_app,CFB,180,placebo,APP,1.762489338e+18,1.762489518e+18,2025-11-06,1.762489573548506e+18,55.548506,0.01,0.02,0.0,13.0,0.02,-0.22,-1.0,0.2,-0.4,-1.0,0.03,0.06,-0.36,0.4,-0.7,"post-hoc, exploratory; designed and selected on training only"
nfl_20251107_lv_den,NFL,60,placebo,LV,1.762489087e+18,1.762489147e+18,2025-11-06,1.762489150166572e+18,3.166572,0.01,0.02,0.0,1079.0,0.02,-0.22,-1.0,0.2,-0.4,-1.0,0.03,0.06,-0.36,0.4,-0.7,"post-hoc, exploratory; designed and selected on training only"
cfb_20251108_tuln_mem,CFB,60,placebo,MEM,1.762580144e+18,1.762580204e+18,2025-11-08,1.76258020939229e+18,5.39229,0.01,0.02,0.0,234.0,0.02,-0.22,-1.0,0.2,-0.4,-1.0,0.03,0.06,-0.36,0.4,-0.7,"post-hoc, exploratory; designed and selected on training only"
cfb_20251108_tuln_mem,CFB,180,placebo,MEM,1.762580144e+18,1.762580324e+18,2025-11-08,1.762580416276106e+18,92.276106,0.01,0.02,0.0,96.0,0.02,-0.22,-1.0,0.2,-0.4,-1.0,0.03,0.06,-0.36,0.4,-0.7,"post-hoc, exploratory; designed and selected on training only"
cfb_20251108_hou_ucf,CFB,60,placebo,UCF,1.762577338e+18,1.762577398e+18,2025-11-07,1.762577426585616e+18,28.585616,0.01,0.02,0.0,93.0,0.02,-0.22,-1.0,0.2,-0.4,-1.0,0.03,0.06,-0.36,0.4,-0.7,"post-hoc, exploratory; designed and selected on training only"
cfb_20251108_nw_usc,CFB,60,placebo,NW,1.762579399e+18,1.762579459e+18,2025-11-08,1.762579502691382e+18,43.691382,0.01,0.02,0.0,279.0,0.02,-0.22,-1.0,0.2,-0.4,-1.0,0.03,0.06,-0.36,0.4,-0.7,"post-hoc, exploratory; designed and selected on training only"
cfb_20251108_ore_iowa,CFB,60,placebo,IOWA,1.762646485e+18,1.762646545e+18,2025-11-08,1.762646573536359e+18,28.536359,0.01,0.02,0.0,9665.0,0.02,-0.22,-1.0,0.2,-0.4,-1.0,0.03,0.06,-0.36,0.4,-0.7,"post-hoc, exploratory; designed and selected on training only"
cfb_20251108_ore_iowa,CFB,180,placebo,IOWA,1.762646485e+18,1.762646665e+18,2025-11-08,1.762646667428813e+18,2.428813,0.01,0.02,0.0,9477.0,0.02,-0.22,-1.0,0.2,-0.4,-1.0,0.03,0.06,-0.36,0.4,-0.7,"post-hoc, exploratory; designed and selected on training only"
cfb_20251109_wake_uva,CFB,60,placebo,UVA,1.762658582e+18,1.762658642e+18,2025-11-08,1.762658644496137e+18,2.496137,0.01,0.02,0.0,3586.0,0.02,-0.22,-1.0,0.2,-0.4,-1.0,0.03,0.06,-0.36,0.4,-0.7,"post-hoc, exploratory; designed and selected on training only"
cfb_20251108_fiu_mtu,CFB,60,placebo,MTU,1.762645234e+18,1.762645294e+18,2025-11-08,1.762645536963484e+18,242.963484,0.01,0.02,0.0,187.0,0.02,-0.22,-1.0,0.2,-0.4,-1.0,0.03,0.06,-0.36,0.4,-0.7,"post-hoc, exploratory; designed and selected on training only"
cfb_20251108_fiu_mtu,CFB,180,placebo,MTU,1.762645234e+18,1.762645414e+18,2025-11-08,1.762645536963484e+18,122.963484,0.01,0.02,0.0,187.0,0.02,-0.22,-1.0,0.2,-0.4,-1.0,0.03,0.06,-0.36,0.4,-0.7,"post-hoc, exploratory; designed and selected on training only"
cfb_20251108_gast_ccar,CFB,60,placebo,GAST,1.762648045e+18,1.762648105e+18,2025-11-08,1.762648106745093e+18,1.745093,0.01,0.02,0.0,302.0,0.02,-0.22,-1.0,0.2,-0.4,-1.0,0.03,0.06,-0.36,0.4,-0.7,"post-hoc, exploratory; designed and selected on training only"
cfb_20251109_lsu_ala,CFB,60,placebo,LSU,1.762660988e+18,1.762661048e+18,2025-11-08,1.762661050354076e+18,2.354076,0.01,0.02,0.0,982.0,0.02,-0.22,-1.0,0.2,-0.4,-1.0,0.03,0.06,-0.36,0.4,-0.7,"post-hoc, exploratory; designed and selected on training only"
cfb_20251108_byu_ttu,CFB,60,placebo,BYU,1.762634038e+18,1.762634098e+18,2025-11-08,1.762634114919511e+18,16.919511,0.01,0.02,0.0,1126.0,0.02,-0.22,-1.0,0.2,-0.4,-1.0,0.03,0.06,-0.36,0.4,-0.7,"post-hoc, exploratory; designed and selected on training only"
cfb_20251108_kenn_nmsu,CFB,60,placebo,NMSU,1.762648004e+18,1.762648064e+18,2025-11-08,1.762648243235853e+18,179.235853,0.01,0.02,0.0,9.0,0.02,-0.22,-1.0,0.2,-0.4,-1.0,0.03,0.06,-0.36,0.4,-0.7,"post-hoc, exploratory; designed and selected on training only"
cfb_20251108_kenn_nmsu,CFB,180,placebo,NMSU,1.762648004e+18,1.762648184e+18,2025-11-08,1.762648243235853e+18,59.235853,0.01,0.02,0.0,9.0,0.02,-0.22,-1.0,0.2,-0.4,-1.0,0.03,0.06,-0.36,0.4,-0.7,"post-hoc, exploratory; designed and selected on training only"
cfb_20251108_osu_pur,CFB,60,placebo,PUR,1.762635965e+18,1.762636025e+18,2025-11-08,1.762636122175747e+18,97.175747,0.01,0.02,0.0,4675.0,0.02,-0.22,-1.0,0.2,-0.4,-1.0,0.03,0.06,-0.36,0.4,-0.7,"post-hoc, exploratory; designed and selected on training only"
cfb_20251109_neb_ucla,CFB,60,placebo,UCLA,1.762666033e+18,1.762666093e+18,2025-11-09,1.762666126860116e+18,33.860116,0.01,0.02,0.0,1215.0,0.02,-0.22,-1.0,0.2,-0.4,-1.0,0.03,0.06,-0.36,0.4,-0.7,"post-hoc, exploratory; designed and selected on training only"
cfb_20251108_jvst_utep,CFB,60,placebo,UTEP,1.762644634e+18,1.762644694e+18,2025-11-08,1.762644822892357e+18,128.892357,0.01,0.02,0.0,23.0,0.02,-0.22,-1.0,0.2,-0.4,-1.0,0.03,0.06,-0.36,0.4,-0.7,"post-hoc, exploratory; designed and selected on training only"
cfb_20251108_jvst_utep,CFB,180,placebo,UTEP,1.762644634e+18,1.762644814e+18,2025-11-08,1.762644822892357e+18,8.892357,0.01,0.02,0.0,23.0,0.02,-0.22,-1.0,0.2,-0.4,-1.0,0.03,0.06,-0.36,0.4,-0.7,"post-hoc, exploratory; designed and selected on training only"
cfb_20251108_bgsu_emu,CFB,60,placebo,BGSU,1.762636754e+18,1.762636814e+18,2025-11-08,1.762636861988411e+18,47.988411,0.01,0.02,0.0,50.0,0.02,-0.22,-1.0,0.2,-0.4,-1.0,0.03,0.06,-0.36,0.4,-0.7,"post-hoc, exploratory; designed and selected on training only"
cfb_20251108_tem_army,CFB,60,placebo,TEM,1.762631834e+18,1.762631894e+18,2025-11-08,1.762631942466365e+18,48.466365,0.01,0.02,0.0,15.0,0.02,-0.22,-1.0,0.2,-0.4,-1.0,0.03,0.06,-0.36,0.4,-0.7,"post-hoc, exploratory; designed and selected on training only"
cfb_20251108_usm_arst,CFB,60,placebo,ARST,1.762634574e+18,1.762634634e+18,2025-11-08,1.762634635501653e+18,1.501653,0.01,0.02,0.0,2581.0,0.02,-0.22,-1.0,0.2,-0.4,-1.0,0.03,0.06,-0.36,0.4,-0.7,"post-hoc, exploratory; designed and selected on training only"
cfb_20251109_shsu_orst,CFB,60,placebo,ORST,1.762669969e+18,1.762670029e+18,2025-11-09,1.762670059872961e+18,30.872961,0.01,0.02,0.0,2312.0,0.02,-0.22,-1.0,0.2,-0.4,-1.0,0.03,0.06,-0.36,0.4,-0.7,"post-hoc, exploratory; designed and selected on training only"
cfb_20251108_wash_wis,CFB,60,placebo,WASH,1.762649553e+18,1.762649613e+18,2025-11-08,1.762649637829698e+18,24.829698,0.01,0.02,0.0,1969.0,0.02,-0.22,-1.0,0.2,-0.4,-1.0,0.03,0.06,-0.36,0.4,-0.7,"post-hoc, exploratory; designed and selected on training only"
cfb_20251108_afa_sjsu,CFB,60,placebo,SJSU,1.762654632e+18,1.762654692e+18,2025-11-08,1.762654781743141e+18,89.743141,0.01,0.02,0.0,1082.0,0.02,-0.22,-1.0,0.2,-0.4,-1.0,0.03,0.06,-0.36,0.4,-0.7,"post-hoc, exploratory; designed and selected on training only"
cfb_20251108_afa_sjsu,CFB,180,placebo,SJSU,1.762654632e+18,1.762654812e+18,2025-11-08,1.76265482459704e+18,12.59704,0.01,0.02,0.0,921.0,0.02,-0.22,-1.0,0.2,-0.4,-1.0,0.03,0.06,-0.36,0.4,-0.7,"post-hoc, exploratory; designed and selected on training only"
cfb_20251108_txst_ull,CFB,60,placebo,TXST,1.762652365e+18,1.762652425e+18,2025-11-08,1.762652441598195e+18,16.598195,0.01,0.02,0.0,2194.0,0.02,-0.22,-1.0,0.2,-0.4,-1.0,0.03,0.06,-0.36,0.4,-0.7,"post-hoc, exploratory; designed and selected on training only"
cfb_20251108_duke_conn,CFB,60,placebo,DUKE,1.762646326e+18,1.762646386e+18,2025-11-08,1.762646410978002e+18,24.978002,0.01,0.02,0.0,140.0,0.02,-0.22,-1.0,0.2,-0.4,-1.0,0.03,0.06,-0.36,0.4,-0.7,"post-hoc, exploratory; designed and selected on training only"
nfl_20251109_atl_ind,NFL,60,placebo,ATL,1.762710595e+18,1.762710655e+18,2025-11-09,1.762710657087442e+18,2.087442,0.01,0.02,0.0,140213.0,0.02,-0.22,-1.0,0.2,-0.4,-1.0,0.03,0.06,-0.36,0.4,-0.7,"post-hoc, exploratory; designed and selected on training only"
nfl_20251109_atl_ind,NFL,180,placebo,ATL,1.762710595e+18,1.762710775e+18,2025-11-09,1.762710778455544e+18,3.455544,0.01,0.02,0.0,100477.0,0.02,-0.22,-1.0,0.2,-0.4,-1.0,0.03,0.06,-0.36,0.4,-0.7,"post-hoc, exploratory; designed and selected on training only"
nfl_20251109_atl_ind,NFL,600,placebo,ATL,1.762710595e+18,1.762711195e+18,2025-11-09,1.762711225152788e+18,30.152788,0.01,0.02,0.0,3.0,0.02,-0.22,-1.0,0.2,-0.4,-1.0,0.03,0.06,-0.36,0.4,-0.7,"post-hoc, exploratory; designed and selected on training only"
nfl_20251109_bal_min,NFL,60,placebo,MIN,1.762722987e+18,1.762723047e+18,2025-11-09,1.762723067870449e+18,20.870449,0.01,0.02,0.0,4.0,0.02,-0.22,-1.0,0.2,-0.4,-1.0,0.03,0.06,-0.36,0.4,-0.7,"post-hoc, exploratory; designed and selected on training only"
nfl_20251109_ne_tb,NFL,60,placebo,TB,1.76272236e+18,1.76272242e+18,2025-11-09,1.76272242870685e+18,8.70685,0.01,0.02,0.0,3925.0,0.02,-0.22,-1.0,0.2,-0.4,-1.0,0.03,0.06,-0.36,0.4,-0.7,"post-hoc, exploratory; designed and selected on training only"
nfl_20251109_buf_mia,NFL,60,placebo,BUF,1.762722207e+18,1.762722267e+18,2025-11-09,1.762722275205885e+18,8.205885,0.01,0.02,0.0,93.0,0.02,-0.22,-1.0,0.2,-0.4,-1.0,0.03,0.06,-0.36,0.4,-0.7,"post-hoc, exploratory; designed and selected on training only"
nfl_20251109_nyg_chi,NFL,60,placebo,NYG,1.762722601e+18,1.762722661e+18,2025-11-09,1.762722671147189e+18,10.147189,0.01,0.02,0.0,3277.0,0.02,-0.22,-1.0,0.2,-0.4,-1.0,0.03,0.06,-0.36,0.4,-0.7,"post-hoc, exploratory; designed and selected on training only"
nfl_20251109_nyg_chi,NFL,180,placebo,NYG,1.762722601e+18,1.762722781e+18,2025-11-09,1.762722785216689e+18,4.216689,0.01,0.02,0.0,894.0,0.02,-0.22,-1.0,0.2,-0.4,-1.0,0.03,0.06,-0.36,0.4,-0.7,"post-hoc, exploratory; designed and selected on training only"
nfl_20251109_cle_nyj,NFL,60,placebo,CLE,1.762722143e+18,1.762722203e+18,2025-11-09,1.762722227246399e+18,24.246399,0.01,0.02,0.0,2087.0,0.02,-0.22,-1.0,0.2,-0.4,-1.0,0.03,0.06,-0.36,0.4,-0.7,"post-hoc, exploratory; designed and selected on training only"
nfl_20251109_la_sf,NFL,60,placebo,SF,1.762734034e+18,1.762734094e+18,2025-11-09,1.762734261729073e+18,167.729073,0.01,0.02,0.0,100.0,0.02,-0.22,-1.0,0.2,-0.4,-1.0,0.03,0.06,-0.36,0.4,-0.7,"post-hoc, exploratory; designed and selected on training only"
nfl_20251109_la_sf,NFL,180,placebo,SF,1.762734034e+18,1.762734214e+18,2025-11-09,1.762734261729073e+18,47.729073,0.01,0.02,0.0,100.0,0.02,-0.22,-1.0,0.2,-0.4,-1.0,0.03,0.06,-0.36,0.4,-0.7,"post-hoc, exploratory; designed and selected on training only"
nfl_20251109_jac_hou,NFL,60,placebo,JAC,1.76272375e+18,1.76272381e+18,2025-11-09,1.762723811128073e+18,1.128073,0.01,0.02,0.0,51710.0,0.02,-0.22,-1.0,0.2,-0.4,-1.0,0.03,0.06,-0.36,0.4,-0.7,"post-hoc, exploratory; designed and selected on training only"
nfl_20251109_jac_hou,NFL,180,placebo,JAC,1.76272375e+18,1.76272393e+18,2025-11-09,1.762723949412654e+18,19.412654,0.01,0.02,0.0,2819.0,0.02,-0.22,-1.0,0.2,-0.4,-1.0,0.03,0.06,-0.36,0.4,-0.7,"post-hoc, exploratory; designed and selected on training only"
nfl_20251111_phi_gb,NFL,60,placebo,GB,1.762834916e+18,1.762834976e+18,2025-11-10,1.762834979853162e+18,3.853162,0.01,0.02,0.0,6245.0,0.02,-0.22,-1.0,0.2,-0.4,-1.0,0.03,0.06,-0.36,0.4,-0.7,"post-hoc, exploratory; designed and selected on training only"
nfl_20251111_phi_gb,NFL,180,placebo,GB,1.762834916e+18,1.762835096e+18,2025-11-10,1.762835110057646e+18,14.057646,0.01,0.02,0.0,9.0,0.02,-0.22,-1.0,0.2,-0.4,-1.0,0.03,0.06,-0.36,0.4,-0.7,"post-hoc, exploratory; designed and selected on training only"
cfb_20251112_ohio_wmu,CFB,60,placebo,OHIO,1.762920392e+18,1.762920452e+18,2025-11-11,1.762920461893637e+18,9.893637,0.01,0.02,0.0,4829.0,0.02,-0.22,-1.0,0.2,-0.4,-1.0,0.03,0.06,-0.36,0.4,-0.7,"post-hoc, exploratory; designed and selected on training only"
cfb_20251113_tol_oh,CFB,60,placebo,M-OH,1.763004507e+18,1.763004567e+18,2025-11-12,1.763004633268668e+18,66.268668,0.01,0.02,0.0,93.0,0.02,-0.22,-1.0,0.2,-0.4,-1.0,0.03,0.06,-0.36,0.4,-0.7,"post-hoc, exploratory; designed and selected on training only"
cfb_20251114_troy_odu,CFB,60,placebo,TROY,1.763092224e+18,1.763092284e+18,2025-11-13,1.763092300613216e+18,16.613216,0.01,0.02,0.0,567.0,0.02,-0.22,-1.0,0.2,-0.4,-1.0,0.03,0.06,-0.36,0.4,-0.7,"post-hoc, exploratory; designed and selected on training only"
cfb_20251114_troy_odu,CFB,180,placebo,TROY,1.763092224e+18,1.763092404e+18,2025-11-13,1.763092508846121e+18,104.846121,0.01,0.02,0.0,467.0,0.02,-0.22,-1.0,0.2,-0.4,-1.0,0.03,0.06,-0.36,0.4,-0.7,"post-hoc, exploratory; designed and selected on training only"
nfl_20251114_nyj_ne,NFL,60,placebo,NYJ,1.763093143e+18,1.763093203e+18,2025-11-13,1.763093272817683e+18,69.817683,0.01,0.02,0.0,3302.0,0.02,-0.22,-1.0,0.2,-0.4,-1.0,0.03,0.06,-0.36,0.4,-0.7,"post-hoc, exploratory; designed and selected on training only"
nfl_20251114_nyj_ne,NFL,180,placebo,NYJ,1.763093143e+18,1.763093323e+18,2025-11-13,1.763093403794767e+18,80.794767,0.01,0.02,0.0,333.0,0.02,-0.22,-1.0,0.2,-0.4,-1.0,0.03,0.06,-0.36,0.4,-0.7,"post-hoc, exploratory; designed and selected on training only"
cfb_20251115_clem_lou,CFB,60,placebo,LOU,1.763179615e+18,1.763179675e+18,2025-11-14,1.763179695441244e+18,20.441244,0.01,0.02,0.0,1961.0,0.02,-0.22,-1.0,0.2,-0.4,-1.0,0.03,0.06,-0.36,0.4,-0.7,"post-hoc, exploratory; designed and selected on training only"
cfb_20251115_scar_txam,CFB,60,placebo,SCAR,1.763238986e+18,1.763239046e+18,2025-11-15,1.763239047958592e+18,1.958592,0.01,0.02,0.0,34084.0,0.02,-0.22,-1.0,0.2,-0.4,-1.0,0.03,0.06,-0.36,0.4,-0.7,"post-hoc, exploratory; designed and selected on training only"
cfb_20251115_scar_txam,CFB,180,placebo,SCAR,1.763238986e+18,1.763239166e+18,2025-11-15,1.763239173116676e+18,7.116676,0.01,0.02,0.0,769.0,0.02,-0.22,-1.0,0.2,-0.4,-1.0,0.03,0.06,-0.36,0.4,-0.7,"post-hoc, exploratory; designed and selected on training only"
cfb_20251115_okla_ala,CFB,60,placebo,ALA,1.763251074e+18,1.763251134e+18,2025-11-15,1.76325113763599e+18,3.63599,0.01,0.02,0.0,29960.0,0.02,-0.22,-1.0,0.2,-0.4,-1.0,0.03,0.06,-0.36,0.4,-0.7,"post-hoc, exploratory; designed and selected on training only"
cfb_20251115_okla_ala,CFB,180,placebo,ALA,1.763251074e+18,1.763251254e+18,2025-11-15,1.763251257706391e+18,3.706391,0.01,0.02,0.0,56.0,0.02,-0.22,-1.0,0.2,-0.4,-1.0,0.03,0.06,-0.36,0.4,-0.7,"post-hoc, exploratory; designed and selected on training only"
cfb_20251115_app_jmu,CFB,60,placebo,APP,1.763251525e+18,1.763251585e+18,2025-11-15,1.763251633186488e+18,48.186488,0.01,0.02,0.0,373.0,0.02,-0.22,-1.0,0.2,-0.4,-1.0,0.03,0.06,-0.36,0.4,-0.7,"post-hoc, exploratory; designed and selected on training only"
cfb_20251116_tex_uga,CFB,60,placebo,TEX,1.763265925e+18,1.763265985e+18,2025-11-15,1.763266148507812e+18,163.507812,0.01,0.02,0.0,1666.0,0.02,-0.22,-1.0,0.2,-0.4,-1.0,0.03,0.06,-0.36,0.4,-0.7,"post-hoc, exploratory; designed and selected on training only"
cfb_20251116_tex_uga,CFB,180,placebo,TEX,1.763265925e+18,1.763266105e+18,2025-11-15,1.763266148507812e+18,43.507812,0.01,0.02,0.0,1666.0,0.02,-0.22,-1.0,0.2,-0.4,-1.0,0.03,0.06,-0.36,0.4,-0.7,"post-hoc, exploratory; designed and selected on training only"
cfb_20251115_mem_ecu,CFB,60,placebo,MEM,1.763253063e+18,1.763253123e+18,2025-11-15,1.763253143400289e+18,20.400289,0.01,0.02,0.0,3813.0,0.02,-0.22,-1.0,0.2,-0.4,-1.0,0.03,0.06,-0.36,0.4,-0.7,"post-hoc, exploratory; designed and selected on training only"
cfb_20251115_mem_ecu,CFB,180,placebo,MEM,1.763253063e+18,1.763253243e+18,2025-11-15,1.763253297021028e+18,54.021028,0.01,0.02,0.0,33.0,0.02,-0.22,-1.0,0.2,-0.4,-1.0,0.03,0.06,-0.36,0.4,-0.7,"post-hoc, exploratory; designed and selected on training only"
cfb_20251115_ccar_gaso,CFB,60,placebo,CCAR,1.763261745e+18,1.763261805e+18,2025-11-15,1.763261833916739e+18,28.916739,0.01,0.02,0.0,4262.0,0.02,-0.22,-1.0,0.2,-0.4,-1.0,0.03,0.06,-0.36,0.4,-0.7,"post-hoc, exploratory; designed and selected on training only"
cfb_20251115_ccar_gaso,CFB,180,placebo,CCAR,1.763261745e+18,1.763261925e+18,2025-11-15,1.76326192674571e+18,1.74571,0.01,0.02,0.0,700.0,0.02,-0.22,-1.0,0.2,-0.4,-1.0,0.03,0.06,-0.36,0.4,-0.7,"post-hoc, exploratory; designed and selected on training only"
cfb_20251115_ariz_cin,CFB,60,placebo,CIN,1.763238221e+18,1.763238281e+18,2025-11-15,1.763238293096394e+18,12.096394,0.01,0.02,0.0,333.0,0.02,-0.22,-1.0,0.2,-0.4,-1.0,0.03,0.06,-0.36,0.4,-0.7,"post-hoc, exploratory; designed and selected on training only"
cfb_20251115_orst_tlsa,CFB,60,placebo,ORST,1.763241107e+18,1.763241167e+18,2025-11-15,1.763241210983129e+18,43.983129,0.01,0.02,0.0,474.0,0.02,-0.22,-1.0,0.2,-0.4,-1.0,0.03,0.06,-0.36,0.4,-0.7,"post-hoc, exploratory; designed and selected on training only"
cfb_20251115_tntc_uk,CFB,60,placebo,TNTC,1.763242464e+18,1.763242524e+18,2025-11-15,1.763242823878683e+18,299.878683,0.01,0.02,0.0,935.0,0.02,-0.22,-1.0,0.2,-0.4,-1.0,0.03,0.06,-0.36,0.4,-0.7,"post-hoc, exploratory; designed and selected on training only"
cfb_20251115_tntc_uk,CFB,180,placebo,TNTC,1.763242464e+18,1.763242644e+18,2025-11-15,1.763242823878683e+18,179.878683,0.01,0.02,0.0,935.0,0.02,-0.22,-1.0,0.2,-0.4,-1.0,0.03,0.06,-0.36,0.4,-0.7,"post-hoc, exploratory; designed and selected on training only"
cfb_20251115_ark_lsu,CFB,60,placebo,ARK,1.763240766e+18,1.763240826e+18,2025-11-15,1.76324082809118e+18,2.09118,0.01,0.02,0.0,6307.0,0.02,-0.22,-1.0,0.2,-0.4,-1.0,0.03,0.06,-0.36,0.4,-0.7,"post-hoc, exploratory; designed and selected on training only"
cfb_20251115_ark_lsu,CFB,180,placebo,ARK,1.763240766e+18,1.763240946e+18,2025-11-15,1.763240961462829e+18,15.462829,0.01,0.02,0.0,959.0,0.02,-0.22,-1.0,0.2,-0.4,-1.0,0.03,0.06,-0.36,0.4,-0.7,"post-hoc, exploratory; designed and selected on training only"
cfb_20251115_utep_mosu,CFB,60,placebo,UTEP,1.763249139e+18,1.763249199e+18,2025-11-15,1.763249330946263e+18,131.946263,0.01,0.02,0.0,4675.0,0.02,-0.22,-1.0,0.2,-0.4,-1.0,0.03,0.06,-0.36,0.4,-0.7,"post-hoc, exploratory; designed and selected on training only"
cfb_20251115_utep_mosu,CFB,180,placebo,UTEP,1.763249139e+18,1.763249319e+18,2025-11-15,1.763249330946263e+18,11.946263,0.01,0.02,0.0,4675.0,0.02,-0.22,-1.0,0.2,-0.4,-1.0,0.03,0.06,-0.36,0.4,-0.7,"post-hoc, exploratory; designed and selected on training only"
cfb_20251115_csu_unm,CFB,60,placebo,CSU,1.763248814e+18,1.763248874e+18,2025-11-15,1.763248887427164e+18,13.427164,0.01,0.02,0.0,656.0,0.02,-0.22,-1.0,0.2,-0.4,-1.0,0.03,0.06,-0.36,0.4,-0.7,"post-hoc, exploratory; designed and selected on training only"
cfb_20251115_csu_unm,CFB,180,placebo,CSU,1.763248814e+18,1.763248994e+18,2025-11-15,1.763249001803293e+18,7.803293,0.01,0.02,0.0,187.0,0.02,-0.22,-1.0,0.2,-0.4,-1.0,0.03,0.06,-0.36,0.4,-0.7,"post-hoc, exploratory; designed and selected on training only"
cfb_20251115_usf_navy,CFB,60,placebo,USF,1.763239196e+18,1.763239256e+18,2025-11-15,1.763239263378881e+18,7.378881,0.01,0.02,0.0,4622.0,0.02,-0.22,-1.0,0.2,-0.4,-1.0,0.03,0.06,-0.36,0.4,-0.7,"post-hoc, exploratory; designed and selected on training only"
cfb_20251115_usf_navy,CFB,180,placebo,USF,1.763239196e+18,1.763239376e+18,2025-11-15,1.763239377799483e+18,1.799483,0.01,0.02,0.0,216.0,0.02,-0.22,-1.0,0.2,-0.4,-1.0,0.03,0.06,-0.36,0.4,-0.7,"post-hoc, exploratory; designed and selected on training only"
cfb_20251115_emu_ball,CFB,60,placebo,BALL,1.763237333e+18,1.763237393e+18,2025-11-15,1.763237479067359e+18,86.067359,0.01,0.02,0.0,93.0,0.02,-0.22,-1.0,0.2,-0.4,-1.0,0.03,0.06,-0.36,0.4,-0.7,"post-hoc, exploratory; designed and selected on training only"
cfb_20251115_ncst_mia,CFB,60,placebo,NCST,1.763251086e+18,1.763251146e+18,2025-11-15,1.763251163744827e+18,17.744827,0.01,0.02,0.0,935.0,0.02,-0.22,-1.0,0.2,-0.4,-1.0,0.03,0.06,-0.36,0.4,-0.7,"post-hoc, exploratory; designed and selected on training only"
cfb_20251116_kenn_jvst,CFB,60,placebo,KENN,1.763266967e+18,1.763267027e+18,2025-11-15,1.763267052491259e+18,25.491259,0.01,0.02,0.0,187.0,0.02,-0.22,-1.0,0.2,-0.4,-1.0,0.03,0.06,-0.36,0.4,-0.7,"post-hoc, exploratory; designed and selected on training only"
cfb_20251116_vt_fsu,CFB,60,placebo,VT,1.763264148e+18,1.763264208e+18,2025-11-15,1.763264231343183e+18,23.343183,0.01,0.02,0.0,2525.0,0.02,-0.22,-1.0,0.2,-0.4,-1.0,0.03,0.06,-0.36,0.4,-0.7,"post-hoc, exploratory; designed and selected on training only"
cfb_20251116_ucla_osu,CFB,60,placebo,UCLA,1.76326483e+18,1.76326489e+18,2025-11-15,1.763264924793175e+18,34.793175,0.01,0.02,0.0,480.0,0.02,-0.22,-1.0,0.2,-0.4,-1.0,0.03,0.06,-0.36,0.4,-0.7,"post-hoc, exploratory; designed and selected on training only"
cfb_20251116_bsu_sdsu,CFB,60,placebo,BSU,1.76327491e+18,1.76327497e+18,2025-11-16,1.763275002215713e+18,32.215713,0.01,0.02,0.0,2337.0,0.02,-0.22,-1.0,0.2,-0.4,-1.0,0.03,0.06,-0.36,0.4,-0.7,"post-hoc, exploratory; designed and selected on training only"
cfb_20251116_bsu_sdsu,CFB,180,placebo,BSU,1.76327491e+18,1.76327509e+18,2025-11-16,1.763275167293956e+18,77.293956,0.01,0.02,0.0,1309.0,0.02,-0.22,-1.0,0.2,-0.4,-1.0,0.03,0.06,-0.36,0.4,-0.7,"post-hoc, exploratory; designed and selected on training only"
cfb_20251116_msst_mizz,CFB,60,placebo,MSST,1.763267174e+18,1.763267234e+18,2025-11-15,1.763267386354122e+18,152.354122,0.01,0.02,0.0,561.0,0.02,-0.22,-1.0,0.2,-0.4,-1.0,0.03,0.06,-0.36,0.4,-0.7,"post-hoc, exploratory; designed and selected on training only"
cfb_20251116_msst_mizz,CFB,180,placebo,MSST,1.763267174e+18,1.763267354e+18,2025-11-15,1.763267386354122e+18,32.354122,0.01,0.02,0.0,561.0,0.02,-0.22,-1.0,0.2,-0.4,-1.0,0.03,0.06,-0.36,0.4,-0.7,"post-hoc, exploratory; designed and selected on training only"
cfb_20251116_fla_miss,CFB,60,placebo,FLA,1.763263924e+18,1.763263984e+18,2025-11-15,1.763263989721986e+18,5.721986,0.01,0.02,0.0,799.0,0.02,-0.22,-1.0,0.2,-0.4,-1.0,0.03,0.06,-0.36,0.4,-0.7,"post-hoc, exploratory; designed and selected on training only"
cfb_20251116_fla_miss,CFB,180,placebo,FLA,1.763263924e+18,1.763264104e+18,2025-11-15,1.763264106514367e+18,2.514367,0.01,0.02,0.0,333.0,0.02,-0.22,-1.0,0.2,-0.4,-1.0,0.03,0.06,-0.36,0.4,-0.7,"post-hoc, exploratory; designed and selected on training only"
cfb_20251115_nd_pitt,CFB,60,placebo,PITT,1.763238935e+18,1.763238995e+18,2025-11-15,1.763238999674795e+18,4.674795,0.01,0.02,0.0,1985.0,0.02,-0.22,-1.0,0.2,-0.4,-1.0,0.03,0.06,-0.36,0.4,-0.7,"post-hoc, exploratory; designed and selected on training only"
cfb_20251115_gt_bc,CFB,60,placebo,BC,1.763251178e+18,1.763251238e+18,2025-11-15,1.763251243960678e+18,5.960678,0.01,0.02,0.0,950.0,0.02,-0.22,-1.0,0.2,-0.4,-1.0,0.03,0.06,-0.36,0.4,-0.7,"post-hoc, exploratory; designed and selected on training only"
cfb_20251115_wis_ind,CFB,60,placebo,WIS,1.763236005e+18,1.763236065e+18,2025-11-15,1.763236191561083e+18,126.561083,0.01,0.02,0.0,1296.0,0.02,-0.22,-1.0,0.2,-0.4,-1.0,0.03,0.06,-0.36,0.4,-0.7,"post-hoc, exploratory; designed and selected on training only"
cfb_20251115_wis_ind,CFB,180,placebo,WIS,1.763236005e+18,1.763236185e+18,2025-11-15,1.763236191561083e+18,6.561083,0.01,0.02,0.0,1296.0,0.02,-0.22,-1.0,0.2,-0.4,-1.0,0.03,0.06,-0.36,0.4,-0.7,"post-hoc, exploratory; designed and selected on training only"
cfb_20251115_ksu_okst,CFB,60,placebo,OKST,1.763238011e+18,1.763238071e+18,2025-11-15,1.763238074208748e+18,3.208748,0.01,0.02,0.0,131.0,0.02,-0.22,-1.0,0.2,-0.4,-1.0,0.03,0.06,-0.36,0.4,-0.7,"post-hoc, exploratory; designed and selected on training only"
nfl_20251116_gb_nyg,NFL,60,placebo,NYG,1.763326983e+18,1.763327043e+18,2025-11-16,1.763327044393206e+18,1.393206,0.01,0.02,0.0,4855.0,0.02,-0.22,-1.0,0.2,-0.4,-1.0,0.03,0.06,-0.36,0.4,-0.7,"post-hoc, exploratory; designed and selected on training only"
nfl_20251116_kc_den,NFL,60,placebo,KC,1.763339889e+18,1.763339949e+18,2025-11-16,1.763339950210873e+18,1.210873,0.01,0.02,0.0,7604.0,0.02,-0.22,-1.0,0.2,-0.4,-1.0,0.03,0.06,-0.36,0.4,-0.7,"post-hoc, exploratory; designed and selected on training only"
nfl_20251116_was_mia,NFL,60,placebo,WAS,1.763314921e+18,1.763314981e+18,2025-11-16,1.763314982528281e+18,1.528281,0.01,0.02,0.0,32237.0,0.02,-0.22,-1.0,0.2,-0.4,-1.0,0.03,0.06,-0.36,0.4,-0.7,"post-hoc, exploratory; designed and selected on training only"
nfl_20251116_was_mia,NFL,180,placebo,WAS,1.763314921e+18,1.763315101e+18,2025-11-16,1.763315104452404e+18,3.452404,0.01,0.02,0.0,3582.0,0.02,-0.22,-1.0,0.2,-0.4,-1.0,0.03,0.06,-0.36,0.4,-0.7,"post-hoc, exploratory; designed and selected on training only"
nfl_20251116_hou_ten,NFL,60,placebo,TEN,1.763327171e+18,1.763327231e+18,2025-11-16,1.763327243181962e+18,12.181962,0.01,0.02,0.0,266.0,0.02,-0.22,-1.0,0.2,-0.4,-1.0,0.03,0.06,-0.36,0.4,-0.7,"post-hoc, exploratory; designed and selected on training only"
nfl_20251117_det_phi,NFL,60,placebo,DET,1.763353919e+18,1.763353979e+18,2025-11-16,1.763354001010624e+18,22.010624,0.01,0.02,0.0,1643.0,0.02,-0.22,-1.0,0.2,-0.4,-1.0,0.03,0.06,-0.36,0.4,-0.7,"post-hoc, exploratory; designed and selected on training only"
nfl_20251117_det_phi,NFL,180,placebo,DET,1.763353919e+18,1.763354099e+18,2025-11-16,1.763354118104651e+18,19.104651,0.01,0.02,0.0,500.0,0.02,-0.22,-1.0,0.2,-0.4,-1.0,0.03,0.06,-0.36,0.4,-0.7,"post-hoc, exploratory; designed and selected on training only"
nfl_20251116_chi_min,NFL,60,placebo,MIN,1.763326959e+18,1.763327019e+18,2025-11-16,1.763327020448487e+18,1.448487,0.01,0.02,0.0,6094.0,0.02,-0.22,-1.0,0.2,-0.4,-1.0,0.03,0.06,-0.36,0.4,-0.7,"post-hoc, exploratory; designed and selected on training only"
nfl_20251116_chi_min,NFL,180,placebo,MIN,1.763326959e+18,1.763327139e+18,2025-11-16,1.763327143650546e+18,4.650546,0.01,0.02,0.0,383.0,0.02,-0.22,-1.0,0.2,-0.4,-1.0,0.03,0.06,-0.36,0.4,-0.7,"post-hoc, exploratory; designed and selected on training only"
nfl_20251116_cin_pit,NFL,60,placebo,CIN,1.76332752e+18,1.76332758e+18,2025-11-16,1.763327625883274e+18,45.883274,0.01,0.02,0.0,510.0,0.02,-0.22,-1.0,0.2,-0.4,-1.0,0.03,0.06,-0.36,0.4,-0.7,"post-hoc, exploratory; designed and selected on training only"
nfl_20251116_sf_ari,NFL,60,placebo,ARI,1.76333824e+18,1.7633383e+18,2025-11-16,1.763338310426878e+18,10.426878,0.01,0.02,0.0,168.0,0.02,-0.22,-1.0,0.2,-0.4,-1.0,0.03,0.06,-0.36,0.4,-0.7,"post-hoc, exploratory; designed and selected on training only"
nfl_20251116_sf_ari,NFL,180,placebo,ARI,1.76333824e+18,1.76333842e+18,2025-11-16,1.763338518461496e+18,98.461496,0.01,0.02,0.0,166.0,0.02,-0.22,-1.0,0.2,-0.4,-1.0,0.03,0.06,-0.36,0.4,-0.7,"post-hoc, exploratory; designed and selected on training only"
nfl_20251116_car_atl,NFL,60,placebo,ATL,1.763328845e+18,1.763328905e+18,2025-11-16,1.763328906556848e+18,1.556848,0.01,0.02,0.0,8158.0,0.02,-0.22,-1.0,0.2,-0.4,-1.0,0.03,0.06,-0.36,0.4,-0.7,"post-hoc, exploratory; designed and selected on training only"
nfl_20251116_tb_buf,NFL,60,placebo,TB,1.763327834e+18,1.763327894e+18,2025-11-16,1.763328005538764e+18,111.538764,0.01,0.02,0.0,2319.0,0.02,-0.22,-1.0,0.2,-0.4,-1.0,0.03,0.06,-0.36,0.4,-0.7,"post-hoc, exploratory; designed and selected on training only"
nfl_20251116_bal_cle,NFL,60,placebo,CLE,1.763339129e+18,1.763339189e+18,2025-11-16,1.763339193225569e+18,4.225569,0.01,0.02,0.0,6572.0,0.02,-0.22,-1.0,0.2,-0.4,-1.0,0.03,0.06,-0.36,0.4,-0.7,"post-hoc, exploratory; designed and selected on training only"
nfl_20251116_bal_cle,NFL,180,placebo,CLE,1.763339129e+18,1.763339309e+18,2025-11-16,1.763339323209618e+18,14.209618,0.01,0.02,0.0,5303.0,0.02,-0.22,-1.0,0.2,-0.4,-1.0,0.03,0.06,-0.36,0.4,-0.7,"post-hoc, exploratory; designed and selected on training only"
nfl_20251118_dal_lv,NFL,60,placebo,LV,1.763439089e+18,1.763439149e+18,2025-11-17,1.763439195654986e+18,46.654986,0.01,0.02,0.0,978.0,0.02,-0.22,-1.0,0.2,-0.4,-1.0,0.03,0.06,-0.36,0.4,-0.7,"post-hoc, exploratory; designed and selected on training only"
cfb_20251119_akr_bgsu,CFB,60,placebo,BGSU,1.763523489e+18,1.763523549e+18,2025-11-18,1.763523551503566e+18,2.503566,0.01,0.02,0.0,2428.0,0.02,-0.22,-1.0,0.2,-0.4,-1.0,0.03,0.06,-0.36,0.4,-0.7,"post-hoc, exploratory; designed and selected on training only"
cfb_20251119_wmu_niu,CFB,60,placebo,NIU,1.763521945e+18,1.763522005e+18,2025-11-18,1.76352211023468e+18,105.23468,0.01,0.02,0.0,4339.0,0.02,-0.22,-1.0,0.2,-0.4,-1.0,0.03,0.06,-0.36,0.4,-0.7,"post-hoc, exploratory; designed and selected on training only"
cfb_20251119_wmu_niu,CFB,180,placebo,NIU,1.763521945e+18,1.763522125e+18,2025-11-18,1.763522254087616e+18,129.087616,0.01,0.02,0.0,3872.0,0.02,-0.22,-1.0,0.2,-0.4,-1.0,0.03,0.06,-0.36,0.4,-0.7,"post-hoc, exploratory; designed and selected on training only"
cfb_20251119_wmu_niu,CFB,600,placebo,NIU,1.763521945e+18,1.763522545e+18,2025-11-18,1.763522688650946e+18,143.650946,0.01,0.02,0.0,3813.0,0.02,-0.22,-1.0,0.2,-0.4,-1.0,0.03,0.06,-0.36,0.4,-0.7,"post-hoc, exploratory; designed and selected on training only"
cfb_20251120_cmu_kent,CFB,60,placebo,KENT,1.763608533e+18,1.763608593e+18,2025-11-19,1.763608638517548e+18,45.517548,0.01,0.02,0.0,468.0,0.02,-0.22,-1.0,0.2,-0.4,-1.0,0.03,0.06,-0.36,0.4,-0.7,"post-hoc, exploratory; designed and selected on training only"
cfb_20251120_cmu_kent,CFB,180,placebo,KENT,1.763608533e+18,1.763608713e+18,2025-11-19,1.763608826805728e+18,113.805728,0.01,0.02,0.0,467.0,0.02,-0.22,-1.0,0.2,-0.4,-1.0,0.03,0.06,-0.36,0.4,-0.7,"post-hoc, exploratory; designed and selected on training only"
nfl_20251121_buf_hou,NFL,60,placebo,BUF,1.76369922e+18,1.76369928e+18,2025-11-20,1.763699292312212e+18,12.312212,0.01,0.02,0.0,6557.0,0.02,-0.22,-1.0,0.2,-0.4,-1.0,0.03,0.06,-0.36,0.4,-0.7,"post-hoc, exploratory; designed and selected on training only"
nfl_20251121_buf_hou,NFL,180,placebo,BUF,1.76369922e+18,1.7636994e+18,2025-11-20,1.76369940220612e+18,2.20612,0.01,0.02,0.0,860.0,0.02,-0.22,-1.0,0.2,-0.4,-1.0,0.03,0.06,-0.36,0.4,-0.7,"post-hoc, exploratory; designed and selected on training only"
cfb_20251121_ull_arst,CFB,60,placebo,ARST,1.763698852e+18,1.763698912e+18,2025-11-20,1.763698963431426e+18,51.431426,0.01,0.02,0.0,2150.0,0.02,-0.22,-1.0,0.2,-0.4,-1.0,0.03,0.06,-0.36,0.4,-0.7,"post-hoc, exploratory; designed and selected on training only"
cfb_20251122_haw_unlv,CFB,60,placebo,HAW,1.763794021e+18,1.763794081e+18,2025-11-22,1.763794089762767e+18,8.762767,0.01,0.02,0.0,846.0,0.02,-0.22,-1.0,0.2,-0.4,-1.0,0.03,0.06,-0.36,0.4,-0.7,"post-hoc, exploratory; designed and selected on training only"
cfb_20251122_haw_unlv,CFB,180,placebo,HAW,1.763794021e+18,1.763794201e+18,2025-11-22,1.76379420910733e+18,8.10733,0.01,0.02,0.0,467.0,0.02,-0.22,-1.0,0.2,-0.4,-1.0,0.03,0.06,-0.36,0.4,-0.7,"post-hoc, exploratory; designed and selected on training only"
cfb_20251122_odu_gaso,CFB,180,placebo,GASO,1.763846293e+18,1.763846473e+18,2025-11-22,1.763846759901698e+18,286.901698,0.01,0.02,0.0,46.0,0.02,-0.22,-1.0,0.2,-0.4,-1.0,0.03,0.06,-0.36,0.4,-0.7,"post-hoc, exploratory; designed and selected on training only"
cfb_20251122_ark_tex,CFB,60,placebo,ARK,1.76385755e+18,1.76385761e+18,2025-11-22,1.763857836790748e+18,226.790748,0.01,0.02,0.0,833.0,0.02,-0.22,-1.0,0.2,-0.4,-1.0,0.03,0.06,-0.36,0.4,-0.7,"post-hoc, exploratory; designed and selected on training only"
cfb_20251122_ark_tex,CFB,180,placebo,ARK,1.76385755e+18,1.76385773e+18,2025-11-22,1.763857836790748e+18,106.790748,0.01,0.02,0.0,833.0,0.02,-0.22,-1.0,0.2,-0.4,-1.0,0.03,0.06,-0.36,0.4,-0.7,"post-hoc, exploratory; designed and selected on training only"
cfb_20251123_neb_psu,CFB,60,placebo,NEB,1.763867658e+18,1.763867718e+18,2025-11-22,1.763867732517252e+18,14.517252,0.01,0.02,0.0,93.0,0.02,-0.22,-1.0,0.2,-0.4,-1.0,0.03,0.06,-0.36,0.4,-0.7,"post-hoc, exploratory; designed and selected on training only"
cfb_20251122_harv_yale,CFB,60,placebo,HARV,1.763843308e+18,1.763843368e+18,2025-11-22,1.763843614288846e+18,246.288846,0.01,0.02,0.0,1023.0,0.02,-0.22,-1.0,0.2,-0.4,-1.0,0.03,0.06,-0.36,0.4,-0.7,"post-hoc, exploratory; designed and selected on training only"
cfb_20251122_harv_yale,CFB,180,placebo,HARV,1.763843308e+18,1.763843488e+18,2025-11-22,1.763843614288846e+18,126.288846,0.01,0.02,0.0,1023.0,0.02,-0.22,-1.0,0.2,-0.4,-1.0,0.03,0.06,-0.36,0.4,-0.7,"post-hoc, exploratory; designed and selected on training only"
cfb_20251122_mer_aub,CFB,60,placebo,MER,1.763849342e+18,1.763849402e+18,2025-11-22,1.763849416720786e+18,14.720786,0.01,0.02,0.0,93.0,0.02,-0.22,-1.0,0.2,-0.4,-1.0,0.03,0.06,-0.36,0.4,-0.7,"post-hoc, exploratory; designed and selected on training only"
cfb_20251123_wku_lsu,CFB,60,placebo,WKU,1.763871439e+18,1.763871499e+18,2025-11-22,1.763871502846341e+18,3.846341,0.01,0.02,0.0,10623.0,0.02,-0.22,-1.0,0.2,-0.4,-1.0,0.03,0.06,-0.36,0.4,-0.7,"post-hoc, exploratory; designed and selected on training only"
cfb_20251122_mosu_kenn,CFB,60,placebo,MOSU,1.763850695e+18,1.763850755e+18,2025-11-22,1.763850759630419e+18,4.630419,0.01,0.02,0.0,126.0,0.02,-0.22,-1.0,0.2,-0.4,-1.0,0.03,0.06,-0.36,0.4,-0.7,"post-hoc, exploratory; designed and selected on training only"
cfb_20251122_lou_smu,CFB,60,placebo,LOU,1.763842678e+18,1.763842738e+18,2025-11-22,1.76384281954785e+18,81.54785,0.01,0.02,0.0,99.0,0.02,-0.22,-1.0,0.2,-0.4,-1.0,0.03,0.06,-0.36,0.4,-0.7,"post-hoc, exploratory; designed and selected on training only"
cfb_20251122_lou_smu,CFB,180,placebo,LOU,1.763842678e+18,1.763842858e+18,2025-11-22,1.763842904091124e+18,46.091124,0.01,0.02,0.0,66.0,0.02,-0.22,-1.0,0.2,-0.4,-1.0,0.03,0.06,-0.36,0.4,-0.7,"post-hoc, exploratory; designed and selected on training only"
cfb_20251123_cal_stan,CFB,60,placebo,CAL,1.763870544e+18,1.763870604e+18,2025-11-22,1.763870678679798e+18,74.679798,0.01,0.02,0.0,51402.0,0.02,-0.22,-1.0,0.2,-0.4,-1.0,0.03,0.06,-0.36,0.4,-0.7,"post-hoc, exploratory; designed and selected on training only"
cfb_20251123_cal_stan,CFB,180,placebo,CAL,1.763870544e+18,1.763870724e+18,2025-11-22,1.763870731174273e+18,7.174273,0.01,0.02,0.0,50000.0,0.02,-0.22,-1.0,0.2,-0.4,-1.0,0.03,0.06,-0.36,0.4,-0.7,"post-hoc, exploratory; designed and selected on training only"
cfb_20251123_ill_wis,CFB,60,placebo,ILL,1.763869673e+18,1.763869733e+18,2025-11-22,1.763869756071534e+18,23.071534,0.01,0.02,0.0,220.0,0.02,-0.22,-1.0,0.2,-0.4,-1.0,0.03,0.06,-0.36,0.4,-0.7,"post-hoc, exploratory; designed and selected on training only"
cfb_20251122_conn_fau,CFB,60,placebo,FAU,1.763855442e+18,1.763855502e+18,2025-11-22,1.76385551658306e+18,14.58306,0.01,0.02,0.0,1010.0,0.02,-0.22,-1.0,0.2,-0.4,-1.0,0.03,0.06,-0.36,0.4,-0.7,"post-hoc, exploratory; designed and selected on training only"
cfb_20251122_conn_fau,CFB,180,placebo,FAU,1.763855442e+18,1.763855622e+18,2025-11-22,1.763855702822516e+18,80.822516,0.01,0.02,0.0,1000.0,0.02,-0.22,-1.0,0.2,-0.4,-1.0,0.03,0.06,-0.36,0.4,-0.7,"post-hoc, exploratory; designed and selected on training only"
cfb_20251122_bay_ariz,CFB,60,placebo,BAY,1.763846245e+18,1.763846305e+18,2025-11-22,1.763846314511228e+18,9.511228,0.01,0.02,0.0,1246.0,0.02,-0.22,-1.0,0.2,-0.4,-1.0,0.03,0.06,-0.36,0.4,-0.7,"post-hoc, exploratory; designed and selected on training only"
cfb_20251122_bay_ariz,CFB,180,placebo,BAY,1.763846245e+18,1.763846425e+18,2025-11-22,1.763846469892013e+18,44.892013,0.01,0.02,0.0,379.0,0.02,-0.22,-1.0,0.2,-0.4,-1.0,0.03,0.06,-0.36,0.4,-0.7,"post-hoc, exploratory; designed and selected on training only"
cfb_20251122_ecu_utsa,CFB,60,placebo,ECU,1.763856799e+18,1.763856859e+18,2025-11-22,1.763856964602568e+18,105.602568,0.01,0.02,0.0,23.0,0.02,-0.22,-1.0,0.2,-0.4,-1.0,0.03,0.06,-0.36,0.4,-0.7,"post-hoc, exploratory; designed and selected on training only"
cfb_20251122_tcu_hou,CFB,60,placebo,HOU,1.763857177e+18,1.763857237e+18,2025-11-22,1.763857238565349e+18,1.565349,0.01,0.02,0.0,143.0,0.02,-0.22,-1.0,0.2,-0.4,-1.0,0.03,0.06,-0.36,0.4,-0.7,"post-hoc, exploratory; designed and selected on training only"
cfb_20251122_duke_unc,CFB,60,placebo,UNC,1.763855561e+18,1.763855621e+18,2025-11-22,1.763855691330235e+18,70.330235,0.01,0.02,0.0,166.0,0.02,-0.22,-1.0,0.2,-0.4,-1.0,0.03,0.06,-0.36,0.4,-0.7,"post-hoc, exploratory; designed and selected on training only"
cfb_20251122_ball_tol,CFB,60,placebo,BALL,1.76385011e+18,1.76385017e+18,2025-11-22,1.763850341901872e+18,171.901872,0.01,0.02,0.0,46.0,0.02,-0.22,-1.0,0.2,-0.4,-1.0,0.03,0.06,-0.36,0.4,-0.7,"post-hoc, exploratory; designed and selected on training only"
cfb_20251122_ball_tol,CFB,180,placebo,BALL,1.76385011e+18,1.76385029e+18,2025-11-22,1.763850341901872e+18,51.901872,0.01,0.02,0.0,46.0,0.02,-0.22,-1.0,0.2,-0.4,-1.0,0.03,0.06,-0.36,0.4,-0.7,"post-hoc, exploratory; designed and selected on training only"
cfb_20251122_shsu_mtu,CFB,60,placebo,SHSU,1.763853577e+18,1.763853637e+18,2025-11-22,1.763853723911569e+18,86.911569,0.01,0.02,0.0,70.0,0.02,-0.22,-1.0,0.2,-0.4,-1.0,0.03,0.06,-0.36,0.4,-0.7,"post-hoc, exploratory; designed and selected on training only"
cfb_20251122_mich_md,CFB,60,placebo,MD,1.763856945e+18,1.763857005e+18,2025-11-22,1.76385715458059e+18,149.58059,0.01,0.02,0.0,373.0,0.02,-0.22,-1.0,0.2,-0.4,-1.0,0.03,0.06,-0.36,0.4,-0.7,"post-hoc, exploratory; designed and selected on training only"
cfb_20251122_mich_md,CFB,180,placebo,MD,1.763856945e+18,1.763857125e+18,2025-11-22,1.76385715458059e+18,29.58059,0.01,0.02,0.0,373.0,0.02,-0.22,-1.0,0.2,-0.4,-1.0,0.03,0.06,-0.36,0.4,-0.7,"post-hoc, exploratory; designed and selected on training only"
cfb_20251122_okst_ucf,CFB,60,placebo,OKST,1.763856418e+18,1.763856478e+18,2025-11-22,1.763856485444371e+18,7.444371,0.01,0.02,0.0,2975.0,0.02,-0.22,-1.0,0.2,-0.4,-1.0,0.03,0.06,-0.36,0.4,-0.7,"post-hoc, exploratory; designed and selected on training only"
cfb_20251122_okst_ucf,CFB,180,placebo,OKST,1.763856418e+18,1.763856598e+18,2025-11-22,1.763856629411192e+18,31.411192,0.01,0.02,0.0,266.0,0.02,-0.22,-1.0,0.2,-0.4,-1.0,0.03,0.06,-0.36,0.4,-0.7,"post-hoc, exploratory; designed and selected on training only"
cfb_20251122_usm_usa,CFB,60,placebo,USM,1.763856502e+18,1.763856562e+18,2025-11-22,1.763856566977458e+18,4.977458,0.04,0.05,0.0,1736.0,0.04,-0.54,-1.0,0.2,-0.7,-1.0,0.06,0.08,-0.68,0.4,-1.0,"post-hoc, exploratory; designed and selected on training only"
cfb_20251123_pitt_gt,CFB,60,placebo,GT,1.763869231e+18,1.763869291e+18,2025-11-22,1.763869299695774e+18,8.695774,0.01,0.02,0.0,10056.0,0.02,-0.22,-1.0,0.2,-0.4,-1.0,0.03,0.06,-0.36,0.4,-0.7,"post-hoc, exploratory; designed and selected on training only"
cfb_20251123_pitt_gt,CFB,180,placebo,GT,1.763869231e+18,1.763869411e+18,2025-11-22,1.763869466854111e+18,55.854111,0.01,0.02,0.0,8936.0,0.02,-0.22,-1.0,0.2,-0.4,-1.0,0.03,0.06,-0.36,0.4,-0.7,"post-hoc, exploratory; designed and selected on training only"
cfb_20251122_mizz_okla,CFB,60,placebo,MIZZ,1.763843855e+18,1.763843915e+18,2025-11-22,1.763844006903736e+18,91.903736,0.01,0.02,0.0,967.0,0.02,-0.22,-1.0,0.2,-0.4,-1.0,0.03,0.06,-0.36,0.4,-0.7,"post-hoc, exploratory; designed and selected on training only"
cfb_20251122_mizz_okla,CFB,180,placebo,MIZZ,1.763843855e+18,1.763844035e+18,2025-11-22,1.763844047206556e+18,12.206556,0.01,0.02,0.0,687.0,0.02,-0.22,-1.0,0.2,-0.4,-1.0,0.03,0.06,-0.36,0.4,-0.7,"post-hoc, exploratory; designed and selected on training only"
cfb_20251122_sam_txam,CFB,60,placebo,SAM,1.763842027e+18,1.763842087e+18,2025-11-22,1.763842218036111e+18,131.036111,0.01,0.02,0.0,532.0,0.02,-0.22,-1.0,0.2,-0.4,-1.0,0.03,0.06,-0.36,0.4,-0.7,"post-hoc, exploratory; designed and selected on training only"
cfb_20251122_sam_txam,CFB,180,placebo,SAM,1.763842027e+18,1.763842207e+18,2025-11-22,1.763842218036111e+18,11.036111,0.01,0.02,0.0,532.0,0.02,-0.22,-1.0,0.2,-0.4,-1.0,0.03,0.06,-0.36,0.4,-0.7,"post-hoc, exploratory; designed and selected on training only"
cfb_20251122_gast_troy,CFB,60,placebo,GAST,1.763857874e+18,1.763857934e+18,2025-11-22,1.763857992178392e+18,58.178392,0.01,0.02,0.0,131.0,0.02,-0.22,-1.0,0.2,-0.4,-1.0,0.03,0.06,-0.36,0.4,-0.7,"post-hoc, exploratory; designed and selected on training only"
cfb_20251122_gast_troy,CFB,180,placebo,GAST,1.763857874e+18,1.763858054e+18,2025-11-22,1.763858111101942e+18,57.101942,0.01,0.02,0.0,65.0,0.02,-0.22,-1.0,0.2,-0.4,-1.0,0.03,0.06,-0.36,0.4,-0.7,"post-hoc, exploratory; designed and selected on training only"
cfb_20251122_mrsh_app,CFB,60,placebo,MRSH,1.763851339e+18,1.763851399e+18,2025-11-22,1.763851454101674e+18,55.101674,0.01,0.02,0.0,660.0,0.02,-0.22,-1.0,0.2,-0.4,-1.0,0.03,0.06,-0.36,0.4,-0.7,"post-hoc, exploratory; designed and selected on training only"
cfb_20251122_mrsh_app,CFB,180,placebo,MRSH,1.763851339e+18,1.763851519e+18,2025-11-22,1.763851537416677e+18,18.416677,0.01,0.02,0.0,560.0,0.02,-0.22,-1.0,0.2,-0.4,-1.0,0.03,0.06,-0.36,0.4,-0.7,"post-hoc, exploratory; designed and selected on training only"
cfb_20251122_nev_wyo,CFB,60,placebo,WYO,1.763848896e+18,1.763848956e+18,2025-11-22,1.76384895788423e+18,1.88423,0.01,0.02,0.0,605.0,0.02,-0.22,-1.0,0.2,-0.4,-1.0,0.03,0.06,-0.36,0.4,-0.7,"post-hoc, exploratory; designed and selected on training only"
cfb_20251122_nev_wyo,CFB,180,placebo,WYO,1.763848896e+18,1.763849076e+18,2025-11-22,1.763849113925648e+18,37.925648,0.01,0.02,0.0,120.0,0.02,-0.22,-1.0,0.2,-0.4,-1.0,0.03,0.06,-0.36,0.4,-0.7,"post-hoc, exploratory; designed and selected on training only"
cfb_20251123_sjsu_sdsu,CFB,60,placebo,SJSU,1.763880042e+18,1.763880102e+18,2025-11-23,1.763880209652698e+18,107.652698,0.01,0.02,0.0,93.0,0.02,-0.22,-1.0,0.2,-0.4,-1.0,0.03,0.06,-0.36,0.4,-0.7,"post-hoc, exploratory; designed and selected on training only"
cfb_20251122_minn_nw,CFB,60,placebo,MINN,1.763843129e+18,1.763843189e+18,2025-11-22,1.763843190965855e+18,1.965855,0.01,0.02,0.0,1255.0,0.02,-0.22,-1.0,0.2,-0.4,-1.0,0.03,0.06,-0.36,0.4,-0.7,"post-hoc, exploratory; designed and selected on training only"
cfb_20251122_usc_ore,CFB,60,placebo,USC,1.763857889e+18,1.763857949e+18,2025-11-22,1.763858047974473e+18,98.974473,0.01,0.02,0.0,219.0,0.02,-0.22,-1.0,0.2,-0.4,-1.0,0.03,0.06,-0.36,0.4,-0.7,"post-hoc, exploratory; designed and selected on training only"
cfb_20251122_usc_ore,CFB,180,placebo,USC,1.763857889e+18,1.763858069e+18,2025-11-22,1.763858086201189e+18,17.201189,0.01,0.02,0.0,33.0,0.02,-0.22,-1.0,0.2,-0.4,-1.0,0.03,0.06,-0.36,0.4,-0.7,"post-hoc, exploratory; designed and selected on training only"
cfb_20251122_mia_vt,CFB,60,placebo,VT,1.76384435e+18,1.76384441e+18,2025-11-22,1.763844418191424e+18,8.191424,0.01,0.02,0.0,728.0,0.02,-0.22,-1.0,0.2,-0.4,-1.0,0.03,0.06,-0.36,0.4,-0.7,"post-hoc, exploratory; designed and selected on training only"
cfb_20251122_mia_vt,CFB,180,placebo,VT,1.76384435e+18,1.76384453e+18,2025-11-22,1.763844633119253e+18,103.119253,0.01,0.02,0.0,362.0,0.02,-0.22,-1.0,0.2,-0.4,-1.0,0.03,0.06,-0.36,0.4,-0.7,"post-hoc, exploratory; designed and selected on training only"
nfl_20251123_phi_dal,NFL,60,placebo,PHI,1.763945126e+18,1.763945186e+18,2025-11-23,1.763945187810247e+18,1.810247,0.01,0.02,0.0,28994.0,0.02,-0.22,-1.0,0.2,-0.4,-1.0,0.03,0.06,-0.36,0.4,-0.7,"post-hoc, exploratory; designed and selected on training only"
nfl_20251123_phi_dal,NFL,180,placebo,PHI,1.763945126e+18,1.763945306e+18,2025-11-23,1.763945309795852e+18,3.795852,0.01,0.02,0.0,2828.0,0.02,-0.22,-1.0,0.2,-0.4,-1.0,0.03,0.06,-0.36,0.4,-0.7,"post-hoc, exploratory; designed and selected on training only"
nfl_20251123_jac_ari,NFL,60,placebo,ARI,1.763944026e+18,1.763944086e+18,2025-11-23,1.763944087263077e+18,1.263077,0.01,0.02,0.0,10559.0,0.02,-0.22,-1.0,0.2,-0.4,-1.0,0.03,0.06,-0.36,0.4,-0.7,"post-hoc, exploratory; designed and selected on training only"
nfl_20251123_jac_ari,NFL,180,placebo,ARI,1.763944026e+18,1.763944206e+18,2025-11-23,1.763944221786448e+18,15.786448,0.01,0.02,0.0,359.0,0.02,-0.22,-1.0,0.2,-0.4,-1.0,0.03,0.06,-0.36,0.4,-0.7,"post-hoc, exploratory; designed and selected on training only"
nfl_20251123_atl_no,NFL,60,placebo,NO,1.763944129e+18,1.763944189e+18,2025-11-23,1.763944217504566e+18,28.504566,0.01,0.02,0.0,1879.0,0.02,-0.22,-1.0,0.2,-0.4,-1.0,0.03,0.06,-0.36,0.4,-0.7,"post-hoc, exploratory; designed and selected on training only"
nfl_20251123_ind_kc,NFL,60,placebo,IND,1.763933735e+18,1.763933795e+18,2025-11-23,1.763933796405621e+18,1.405621,0.01,0.02,0.0,34793.0,0.02,-0.22,-1.0,0.2,-0.4,-1.0,0.03,0.06,-0.36,0.4,-0.7,"post-hoc, exploratory; designed and selected on training only"
nfl_20251123_ind_kc,NFL,180,placebo,IND,1.763933735e+18,1.763933915e+18,2025-11-23,1.763933916013275e+18,1.013275,0.01,0.02,0.0,10805.0,0.02,-0.22,-1.0,0.2,-0.4,-1.0,0.03,0.06,-0.36,0.4,-0.7,"post-hoc, exploratory; designed and selected on training only"
nfl_20251123_cle_lv,NFL,60,placebo,LV,1.763943233e+18,1.763943293e+18,2025-11-23,1.763943323457634e+18,30.457634,0.01,0.02,0.0,259.0,0.02,-0.22,-1.0,0.2,-0.4,-1.0,0.03,0.06,-0.36,0.4,-0.7,"post-hoc, exploratory; designed and selected on training only"
nfl_20251123_pit_chi,NFL,60,placebo,PIT,1.763932218e+18,1.763932278e+18,2025-11-23,1.763932297631324e+18,19.631324,0.01,0.02,0.0,1912.0,0.02,-0.22,-1.0,0.2,-0.4,-1.0,0.03,0.06,-0.36,0.4,-0.7,"post-hoc, exploratory; designed and selected on training only"
nfl_20251123_pit_chi,NFL,180,placebo,PIT,1.763932218e+18,1.763932398e+18,2025-11-23,1.763932425491085e+18,27.491085,0.01,0.02,0.0,928.0,0.02,-0.22,-1.0,0.2,-0.4,-1.0,0.03,0.06,-0.36,0.4,-0.7,"post-hoc, exploratory; designed and selected on training only"
nfl_20251123_min_gb,NFL,60,placebo,MIN,1.763930583e+18,1.763930643e+18,2025-11-23,1.763930713795446e+18,70.795446,0.01,0.02,0.0,18703.0,0.02,-0.22,-1.0,0.2,-0.4,-1.0,0.03,0.06,-0.36,0.4,-0.7,"post-hoc, exploratory; designed and selected on training only"
nfl_20251123_sea_ten,NFL,60,placebo,TEN,1.763932324e+18,1.763932384e+18,2025-11-23,1.763932392344935e+18,8.344935,0.01,0.02,0.0,5959.0,0.02,-0.22,-1.0,0.2,-0.4,-1.0,0.03,0.06,-0.36,0.4,-0.7,"post-hoc, exploratory; designed and selected on training only"
nfl_20251123_sea_ten,NFL,180,placebo,TEN,1.763932324e+18,1.763932504e+18,2025-11-23,1.763932531102071e+18,27.102071,0.01,0.02,0.0,333.0,0.02,-0.22,-1.0,0.2,-0.4,-1.0,0.03,0.06,-0.36,0.4,-0.7,"post-hoc, exploratory; designed and selected on training only"
nfl_20251124_tb_la,NFL,60,placebo,TB,1.763957643e+18,1.763957703e+18,2025-11-23,1.763957706421363e+18,3.421363,0.01,0.02,0.0,2750.0,0.02,-0.22,-1.0,0.2,-0.4,-1.0,0.03,0.06,-0.36,0.4,-0.7,"post-hoc, exploratory; designed and selected on training only"
nfl_20251123_nyg_det,NFL,60,placebo,NYG,1.763933369e+18,1.763933429e+18,2025-11-23,1.763933430953743e+18,1.953743,0.01,0.02,0.0,20240.0,0.02,-0.22,-1.0,0.2,-0.4,-1.0,0.03,0.06,-0.36,0.4,-0.7,"post-hoc, exploratory; designed and selected on training only"
nfl_20251125_car_sf,NFL,60,placebo,CAR,1.764043076e+18,1.764043136e+18,2025-11-24,1.764043210975495e+18,74.975495,0.01,0.02,0.0,113.0,0.02,-0.22,-1.0,0.2,-0.4,-1.0,0.03,0.06,-0.36,0.4,-0.7,"post-hoc, exploratory; designed and selected on training only"
cfb_20251125_bgsu_mass,CFB,60,placebo,MASS,1.764117145e+18,1.764117205e+18,2025-11-25,1.76411728750533e+18,82.50533,0.01,0.02,0.0,33.0,0.02,-0.22,-1.0,0.2,-0.4,-1.0,0.03,0.06,-0.36,0.4,-0.7,"post-hoc, exploratory; designed and selected on training only"
nfl_20251128_cin_bal,NFL,60,placebo,BAL,1.764304986e+18,1.764305046e+18,2025-11-27,1.764305111154577e+18,65.154577,0.01,0.02,0.0,1069.0,0.02,-0.22,-1.0,0.2,-0.4,-1.0,0.03,0.06,-0.36,0.4,-0.7,"post-hoc, exploratory; designed and selected on training only"
nfl_20251127_kc_dal,NFL,60,placebo,KC,1.764291514e+18,1.764291574e+18,2025-11-27,1.764291575137735e+18,1.137735,0.01,0.02,0.0,30758.0,0.02,-0.22,-1.0,0.2,-0.4,-1.0,0.03,0.06,-0.36,0.4,-0.7,"post-hoc, exploratory; designed and selected on training only"
nfl_20251127_gb_det,NFL,60,placebo,DET,1.764278212e+18,1.764278272e+18,2025-11-27,1.764278273720441e+18,1.720441,0.01,0.02,0.0,10288.0,0.02,-0.22,-1.0,0.2,-0.4,-1.0,0.03,0.06,-0.36,0.4,-0.7,"post-hoc, exploratory; designed and selected on training only"
nfl_20251127_gb_det,NFL,180,placebo,DET,1.764278212e+18,1.764278392e+18,2025-11-27,1.764278398374556e+18,6.374556,0.01,0.02,0.0,1113.0,0.02,-0.22,-1.0,0.2,-0.4,-1.0,0.03,0.06,-0.36,0.4,-0.7,"post-hoc, exploratory; designed and selected on training only"
cfb_20251128_miss_msst,CFB,60,placebo,MSST,1.764362279e+18,1.764362339e+18,2025-11-28,1.76436237710231e+18,38.10231,0.01,0.02,0.0,266.0,0.02,-0.22,-1.0,0.2,-0.4,-1.0,0.03,0.06,-0.36,0.4,-0.7,"post-hoc, exploratory; designed and selected on training only"
cfb_20251128_tem_unt,CFB,60,placebo,TEM,1.764374769e+18,1.764374829e+18,2025-11-28,1.764374833574028e+18,4.574028,0.01,0.02,0.0,1875.0,0.02,-0.22,-1.0,0.2,-0.4,-1.0,0.03,0.06,-0.36,0.4,-0.7,"post-hoc, exploratory; designed and selected on training only"
cfb_20251129_ind_pur,CFB,60,placebo,PUR,1.764389291e+18,1.764389351e+18,2025-11-28,1.764389429625831e+18,78.625831,0.01,0.02,0.0,187.0,0.02,-0.22,-1.0,0.2,-0.4,-1.0,0.03,0.06,-0.36,0.4,-0.7,"post-hoc, exploratory; designed and selected on training only"
nfl_20251128_chi_phi,NFL,60,placebo,PHI,1.764370944e+18,1.764371004e+18,2025-11-28,1.764371021048028e+18,17.048028,0.01,0.02,0.0,1578.0,0.02,-0.22,-1.0,0.2,-0.4,-1.0,0.03,0.06,-0.36,0.4,-0.7,"post-hoc, exploratory; designed and selected on training only"
nfl_20251128_chi_phi,NFL,180,placebo,PHI,1.764370944e+18,1.764371124e+18,2025-11-28,1.764371139395587e+18,15.395587,0.01,0.02,0.0,82.0,0.02,-0.22,-1.0,0.2,-0.4,-1.0,0.03,0.06,-0.36,0.4,-0.7,"post-hoc, exploratory; designed and selected on training only"
cfb_20251129_txam_tex,CFB,60,placebo,TXAM,1.764389757e+18,1.764389817e+18,2025-11-28,1.764389820223921e+18,3.223921,0.01,0.02,0.0,10782.0,0.02,-0.22,-1.0,0.2,-0.4,-1.0,0.03,0.06,-0.36,0.4,-0.7,"post-hoc, exploratory; designed and selected on training only"
cfb_20251129_txam_tex,CFB,180,placebo,TXAM,1.764389757e+18,1.764389937e+18,2025-11-28,1.764389972932027e+18,35.932027,0.01,0.02,0.0,1105.0,0.02,-0.22,-1.0,0.2,-0.4,-1.0,0.03,0.06,-0.36,0.4,-0.7,"post-hoc, exploratory; designed and selected on training only"
cfb_20251128_bsu_usu,CFB,60,placebo,USU,1.764378073e+18,1.764378133e+18,2025-11-28,1.764378256456165e+18,123.456165,0.01,0.02,0.0,1402.0,0.02,-0.22,-1.0,0.2,-0.4,-1.0,0.03,0.06,-0.36,0.4,-0.7,"post-hoc, exploratory; designed and selected on training only"
cfb_20251128_bsu_usu,CFB,180,placebo,USU,1.764378073e+18,1.764378253e+18,2025-11-28,1.764378256456165e+18,3.456165,0.01,0.02,0.0,1402.0,0.02,-0.22,-1.0,0.2,-0.4,-1.0,0.03,0.06,-0.36,0.4,-0.7,"post-hoc, exploratory; designed and selected on training only"
cfb_20251128_afa_csu,CFB,60,placebo,CSU,1.764371203e+18,1.764371263e+18,2025-11-28,1.764371427885764e+18,164.885764,0.01,0.02,0.0,93.0,0.02,-0.22,-1.0,0.2,-0.4,-1.0,0.03,0.06,-0.36,0.4,-0.7,"post-hoc, exploratory; designed and selected on training only"
cfb_20251128_afa_csu,CFB,180,placebo,CSU,1.764371203e+18,1.764371383e+18,2025-11-28,1.764371427885764e+18,44.885764,0.01,0.02,0.0,93.0,0.02,-0.22,-1.0,0.2,-0.4,-1.0,0.03,0.06,-0.36,0.4,-0.7,"post-hoc, exploratory; designed and selected on training only"
cfb_20251129_ariz_asu,CFB,60,placebo,ASU,1.764394563e+18,1.764394623e+18,2025-11-29,1.764394634431256e+18,11.431256,0.01,0.02,0.0,16.0,0.02,-0.22,-1.0,0.2,-0.4,-1.0,0.03,0.06,-0.36,0.4,-0.7,"post-hoc, exploratory; designed and selected on training only"
cfb_20251128_ohio_buff,CFB,60,placebo,BUFF,1.764361818e+18,1.764361878e+18,2025-11-28,1.764361885784752e+18,7.784752,0.01,0.02,0.0,1675.0,0.02,-0.22,-1.0,0.2,-0.4,-1.0,0.03,0.06,-0.36,0.4,-0.7,"post-hoc, exploratory; designed and selected on training only"
cfb_20251129_fiu_shsu,CFB,60,placebo,SHSU,1.764451384e+18,1.764451444e+18,2025-11-29,1.76445150323134e+18,59.23134,0.01,0.02,0.0,773.0,0.02,-0.22,-1.0,0.2,-0.4,-1.0,0.03,0.06,-0.36,0.4,-0.7,"post-hoc, exploratory; designed and selected on training only"
cfb_20251129_ucf_byu,CFB,60,placebo,UCF,1.764451122e+18,1.764451182e+18,2025-11-29,1.764451223491325e+18,41.491325,0.01,0.02,0.0,1914.0,0.02,-0.22,-1.0,0.2,-0.4,-1.0,0.03,0.06,-0.36,0.4,-0.7,"post-hoc, exploratory; designed and selected on training only"
cfb_20251129_uk_lou,CFB,60,placebo,UK,1.764447729e+18,1.764447789e+18,2025-11-29,1.764447817050893e+18,28.050893,0.01,0.02,0.0,3428.0,0.02,-0.22,-1.0,0.2,-0.4,-1.0,0.03,0.06,-0.36,0.4,-0.7,"post-hoc, exploratory; designed and selected on training only"
cfb_20251129_uk_lou,CFB,180,placebo,UK,1.764447729e+18,1.764447909e+18,2025-11-29,1.764447940231443e+18,31.231443,0.01,0.02,0.0,1465.0,0.02,-0.22,-1.0,0.2,-0.4,-1.0,0.03,0.06,-0.36,0.4,-0.7,"post-hoc, exploratory; designed and selected on training only"
cfb_20251129_isu_okst,CFB,60,placebo,OKST,1.764446597e+18,1.764446657e+18,2025-11-29,1.764446658216231e+18,1.216231,0.02,0.03,0.0,8593.0,0.03,-0.33,-1.0,0.2,-0.5,-1.0,0.04,0.06,-0.46,0.4,-0.8,"post-hoc, exploratory; designed and selected on training only"
cfb_20251129_isu_okst,CFB,180,placebo,OKST,1.764446597e+18,1.764446777e+18,2025-11-29,1.764446831232728e+18,54.232728,0.01,0.02,0.0,5340.0,0.02,-0.22,-1.0,0.2,-0.4,-1.0,0.03,0.06,-0.36,0.4,-0.7,"post-hoc, exploratory; designed and selected on training only"
cfb_20251129_van_tenn,CFB,60,placebo,TENN,1.76446136e+18,1.76446142e+18,2025-11-29,1.764461426162266e+18,6.162266,0.01,0.02,0.0,393.0,0.02,-0.22,-1.0,0.2,-0.4,-1.0,0.03,0.06,-0.36,0.4,-0.7,"post-hoc, exploratory; designed and selected on training only"
cfb_20251130_smu_cal,CFB,60,placebo,SMU,1.764477441e+18,1.764477501e+18,2025-11-29,1.764477502537751e+18,1.537751,0.01,0.02,0.0,2638.0,0.02,-0.22,-1.0,0.2,-0.4,-1.0,0.03,0.06,-0.36,0.4,-0.7,"post-hoc, exploratory; designed and selected on training only"
cfb_20251129_fsu_fla,CFB,60,placebo,FSU,1.764464825e+18,1.764464885e+18,2025-11-29,1.764464916511834e+18,31.511834,0.01,0.02,0.0,726.0,0.02,-0.22,-1.0,0.2,-0.4,-1.0,0.03,0.06,-0.36,0.4,-0.7,"post-hoc, exploratory; designed and selected on training only"
cfb_20251129_lsu_okla,CFB,60,placebo,LSU,1.76446113e+18,1.76446119e+18,2025-11-29,1.764461192311856e+18,2.311856,0.01,0.02,0.0,4875.0,0.02,-0.22,-1.0,0.2,-0.4,-1.0,0.03,0.06,-0.36,0.4,-0.7,"post-hoc, exploratory; designed and selected on training only"
cfb_20251129_lsu_okla,CFB,180,placebo,LSU,1.76446113e+18,1.76446131e+18,2025-11-29,1.764461321720864e+18,11.720864,0.01,0.02,0.0,1148.0,0.02,-0.22,-1.0,0.2,-0.4,-1.0,0.03,0.06,-0.36,0.4,-0.7,"post-hoc, exploratory; designed and selected on training only"
cfb_20251130_nw_ill,CFB,60,placebo,NW,1.764474675e+18,1.764474735e+18,2025-11-29,1.764474798037512e+18,63.037512,0.01,0.02,0.0,93.0,0.02,-0.22,-1.0,0.2,-0.4,-1.0,0.03,0.06,-0.36,0.4,-0.7,"post-hoc, exploratory; designed and selected on training only"
cfb_20251129_arst_app,CFB,60,placebo,APP,1.764457289e+18,1.764457349e+18,2025-11-29,1.764457350614866e+18,1.614866,0.01,0.02,0.0,13534.0,0.02,-0.22,-1.0,0.2,-0.4,-1.0,0.03,0.06,-0.36,0.4,-0.7,"post-hoc, exploratory; designed and selected on training only"
cfb_20251129_mizz_ark,CFB,60,placebo,ARK,1.764460346e+18,1.764460406e+18,2025-11-29,1.764460477843218e+18,71.843218,0.01,0.02,0.0,520.0,0.02,-0.22,-1.0,0.2,-0.4,-1.0,0.03,0.06,-0.36,0.4,-0.7,"post-hoc, exploratory; designed and selected on training only"
cfb_20251129_mizz_ark,CFB,180,placebo,ARK,1.764460346e+18,1.764460526e+18,2025-11-29,1.764460533754634e+18,7.754634,0.01,0.02,0.0,187.0,0.02,-0.22,-1.0,0.2,-0.4,-1.0,0.03,0.06,-0.36,0.4,-0.7,"post-hoc, exploratory; designed and selected on training only"
cfb_20251129_hou_bay,CFB,60,placebo,BAY,1.764448135e+18,1.764448195e+18,2025-11-29,1.764448199110919e+18,4.110919,0.01,0.02,0.0,9817.0,0.02,-0.22,-1.0,0.2,-0.4,-1.0,0.03,0.06,-0.36,0.4,-0.7,"post-hoc, exploratory; designed and selected on training only"
cfb_20251129_psu_rutg,CFB,60,placebo,RUTG,1.764460582e+18,1.764460642e+18,2025-11-29,1.764460651178594e+18,9.178594,0.01,0.02,0.0,7716.0,0.02,-0.22,-1.0,0.2,-0.4,-1.0,0.03,0.06,-0.36,0.4,-0.7,"post-hoc, exploratory; designed and selected on training only"
cfb_20251129_mia_pitt,CFB,60,placebo,PITT,1.764447907e+18,1.764447967e+18,2025-11-29,1.764447996315971e+18,29.315971,0.01,0.02,0.0,4039.0,0.02,-0.22,-1.0,0.2,-0.4,-1.0,0.03,0.06,-0.36,0.4,-0.7,"post-hoc, exploratory; designed and selected on training only"
cfb_20251129_mia_pitt,CFB,180,placebo,PITT,1.764447907e+18,1.764448087e+18,2025-11-29,1.764448091881304e+18,4.881304,0.01,0.02,0.0,2770.0,0.02,-0.22,-1.0,0.2,-0.4,-1.0,0.03,0.06,-0.36,0.4,-0.7,"post-hoc, exploratory; designed and selected on training only"
cfb_20251129_gaso_mrsh,CFB,60,placebo,MRSH,1.764452809e+18,1.764452869e+18,2025-11-29,1.764452910179048e+18,41.179048,0.01,0.02,0.0,23.0,0.02,-0.22,-1.0,0.2,-0.4,-1.0,0.03,0.06,-0.36,0.4,-0.7,"post-hoc, exploratory; designed and selected on training only"
cfb_20251130_rice_usf,CFB,60,placebo,RICE,1.764471931e+18,1.764471991e+18,2025-11-29,1.764472068087086e+18,77.087086,0.01,0.02,0.0,1495.0,0.02,-0.22,-1.0,0.2,-0.4,-1.0,0.03,0.06,-0.36,0.4,-0.7,"post-hoc, exploratory; designed and selected on training only"
cfb_20251130_rice_usf,CFB,180,placebo,RICE,1.764471931e+18,1.764472111e+18,2025-11-29,1.764472231984043e+18,120.984043,0.01,0.02,0.0,467.0,0.02,-0.22,-1.0,0.2,-0.4,-1.0,0.03,0.06,-0.36,0.4,-0.7,"post-hoc, exploratory; designed and selected on training only"
cfb_20251129_ball_oh,CFB,60,placebo,BALL,1.764447823e+18,1.764447883e+18,2025-11-29,1.764447917961677e+18,34.961677,0.01,0.02,0.0,280.0,0.02,-0.22,-1.0,0.2,-0.4,-1.0,0.03,0.06,-0.36,0.4,-0.7,"post-hoc, exploratory; designed and selected on training only"
cfb_20251129_jmu_ccar,CFB,60,placebo,CCAR,1.764461955e+18,1.764462015e+18,2025-11-29,1.764462066930255e+18,51.930255,0.01,0.02,0.0,515.0,0.02,-0.22,-1.0,0.2,-0.4,-1.0,0.03,0.06,-0.36,0.4,-0.7,"post-hoc, exploratory; designed and selected on training only"
cfb_20251129_jmu_ccar,CFB,180,placebo,CCAR,1.764461955e+18,1.764462135e+18,2025-11-29,1.764462279009645e+18,144.009645,0.01,0.02,0.0,33.0,0.02,-0.22,-1.0,0.2,-0.4,-1.0,0.03,0.06,-0.36,0.4,-0.7,"post-hoc, exploratory; designed and selected on training only"
cfb_20251129_ecu_fau,CFB,60,placebo,FAU,1.764447342e+18,1.764447402e+18,2025-11-29,1.764447486229414e+18,84.229414,0.01,0.02,0.0,467.0,0.02,-0.22,-1.0,0.2,-0.4,-1.0,0.03,0.06,-0.36,0.4,-0.7,"post-hoc, exploratory; designed and selected on training only"
cfb_20251129_utep_del,CFB,60,placebo,UTEP,1.764452088e+18,1.764452148e+18,2025-11-29,1.764452245612924e+18,97.612924,0.01,0.02,0.0,467.0,0.02,-0.22,-1.0,0.2,-0.4,-1.0,0.03,0.06,-0.36,0.4,-0.7,"post-hoc, exploratory; designed and selected on training only"
cfb_20251130_unc_ncst,CFB,60,placebo,UNC,1.764475364e+18,1.764475424e+18,2025-11-29,1.764475442438052e+18,18.438052,0.01,0.02,0.0,93.0,0.02,-0.22,-1.0,0.2,-0.4,-1.0,0.03,0.06,-0.36,0.4,-0.7,"post-hoc, exploratory; designed and selected on training only"
cfb_20251129_army_utsa,CFB,60,placebo,UTSA,1.764460958e+18,1.764461018e+18,2025-11-29,1.764461020238276e+18,2.238276,0.01,0.02,0.0,292.0,0.02,-0.22,-1.0,0.2,-0.4,-1.0,0.03,0.06,-0.36,0.4,-0.7,"post-hoc, exploratory; designed and selected on training only"
cfb_20251130_unlv_nev,CFB,60,placebo,NEV,1.764480732e+18,1.764480792e+18,2025-11-30,1.764480899260829e+18,107.260829,0.01,0.02,0.0,23.0,0.02,-0.22,-1.0,0.2,-0.4,-1.0,0.03,0.06,-0.36,0.4,-0.7,"post-hoc, exploratory; designed and selected on training only"
cfb_20251129_orst_wsu,CFB,60,placebo,ORST,1.76447205e+18,1.76447211e+18,2025-11-29,1.764472150279081e+18,40.279081,0.01,0.02,0.0,33.0,0.02,-0.22,-1.0,0.2,-0.4,-1.0,0.03,0.06,-0.36,0.4,-0.7,"post-hoc, exploratory; designed and selected on training only"
cfb_20251129_gast_odu,CFB,60,placebo,GAST,1.764454462e+18,1.764454522e+18,2025-11-29,1.764454529002013e+18,7.002013,0.01,0.02,0.0,104.0,0.02,-0.22,-1.0,0.2,-0.4,-1.0,0.03,0.06,-0.36,0.4,-0.7,"post-hoc, exploratory; designed and selected on training only"
cfb_20251129_uab_tlsa,CFB,60,placebo,TLSA,1.764457741e+18,1.764457801e+18,2025-11-29,1.764457809589612e+18,8.589612,0.01,0.02,0.0,8596.0,0.02,-0.22,-1.0,0.2,-0.4,-1.0,0.03,0.06,-0.36,0.4,-0.7,"post-hoc, exploratory; designed and selected on training only"
cfb_20251129_uab_tlsa,CFB,180,placebo,TLSA,1.764457741e+18,1.764457921e+18,2025-11-29,1.764457930554289e+18,9.554289,0.01,0.02,0.0,5651.0,0.02,-0.22,-1.0,0.2,-0.4,-1.0,0.03,0.06,-0.36,0.4,-0.7,"post-hoc, exploratory; designed and selected on training only"
cfb_20251130_ala_aub,CFB,60,placebo,AUB,1.76447693e+18,1.76447699e+18,2025-11-29,1.764477005316774e+18,15.316774,0.01,0.02,0.0,1.0,0.02,-0.22,-1.0,0.2,-0.4,-1.0,0.03,0.06,-0.36,0.4,-0.7,"post-hoc, exploratory; designed and selected on training only"
cfb_20251129_lt_mosu,CFB,60,placebo,MOSU,1.764454514e+18,1.764454574e+18,2025-11-29,1.764454753252995e+18,179.252995,0.01,0.02,0.0,748.0,0.02,-0.22,-1.0,0.2,-0.4,-1.0,0.03,0.06,-0.36,0.4,-0.7,"post-hoc, exploratory; designed and selected on training only"
cfb_20251129_lt_mosu,CFB,180,placebo,MOSU,1.764454514e+18,1.764454694e+18,2025-11-29,1.764454753252995e+18,59.252995,0.01,0.02,0.0,748.0,0.02,-0.22,-1.0,0.2,-0.4,-1.0,0.03,0.06,-0.36,0.4,-0.7,"post-hoc, exploratory; designed and selected on training only"
cfb_20251129_wake_duke,CFB,60,placebo,WAKE,1.76446137e+18,1.76446143e+18,2025-11-29,1.764461454050487e+18,24.050487,0.01,0.02,0.0,3437.0,0.02,-0.22,-1.0,0.2,-0.4,-1.0,0.03,0.06,-0.36,0.4,-0.7,"post-hoc, exploratory; designed and selected on training only"
cfb_20251129_wake_duke,CFB,180,placebo,WAKE,1.76446137e+18,1.76446155e+18,2025-11-29,1.764461686006662e+18,136.006662,0.01,0.02,0.0,467.0,0.02,-0.22,-1.0,0.2,-0.4,-1.0,0.03,0.06,-0.36,0.4,-0.7,"post-hoc, exploratory; designed and selected on training only"
nfl_20251130_buf_pit,NFL,60,placebo,PIT,1.764548266e+18,1.764548326e+18,2025-11-30,1.764548370190361e+18,44.190361,0.01,0.02,0.0,541.0,0.02,-0.22,-1.0,0.2,-0.4,-1.0,0.03,0.06,-0.36,0.4,-0.7,"post-hoc, exploratory; designed and selected on training only"
nfl_20251130_la_car,NFL,60,placebo,LA,1.764535535e+18,1.764535595e+18,2025-11-30,1.764535596131048e+18,1.131048,0.01,0.02,0.0,24435.0,0.02,-0.22,-1.0,0.2,-0.4,-1.0,0.03,0.06,-0.36,0.4,-0.7,"post-hoc, exploratory; designed and selected on training only"
nfl_20251130_la_car,NFL,180,placebo,LA,1.764535535e+18,1.764535715e+18,2025-11-30,1.764535750664271e+18,35.664271,0.01,0.02,0.0,3732.0,0.02,-0.22,-1.0,0.2,-0.4,-1.0,0.03,0.06,-0.36,0.4,-0.7,"post-hoc, exploratory; designed and selected on training only"
nfl_20251201_den_was,NFL,60,placebo,WAS,1.764565254e+18,1.764565314e+18,2025-12-01,1.764565315099787e+18,1.099787,0.01,0.02,0.0,133466.0,0.02,-0.22,-1.0,0.2,-0.4,-1.0,0.03,0.06,-0.36,0.4,-0.7,"post-hoc, exploratory; designed and selected on training only"
nfl_20251130_hou_ind,NFL,60,placebo,IND,1.764536454e+18,1.764536514e+18,2025-11-30,1.764536516267094e+18,2.267094,0.01,0.02,0.0,17061.0,0.02,-0.22,-1.0,0.2,-0.4,-1.0,0.03,0.06,-0.36,0.4,-0.7,"post-hoc, exploratory; designed and selected on training only"
nfl_20251130_hou_ind,NFL,180,placebo,IND,1.764536454e+18,1.764536634e+18,2025-11-30,1.764536648947921e+18,14.947921,0.01,0.02,0.0,9811.0,0.02,-0.22,-1.0,0.2,-0.4,-1.0,0.03,0.06,-0.36,0.4,-0.7,"post-hoc, exploratory; designed and selected on training only"
nfl_20251130_sf_cle,NFL,60,placebo,CLE,1.764536061e+18,1.764536121e+18,2025-11-30,1.764536133058118e+18,12.058118,0.01,0.02,0.0,99.0,0.02,-0.22,-1.0,0.2,-0.4,-1.0,0.03,0.06,-0.36,0.4,-0.7,"post-hoc, exploratory; designed and selected on training only"
nfl_20251130_no_mia,NFL,60,placebo,NO,1.764536843e+18,1.764536903e+18,2025-11-30,1.764536930345954e+18,27.345954,0.01,0.02,0.0,1517.0,0.02,-0.22,-1.0,0.2,-0.4,-1.0,0.03,0.06,-0.36,0.4,-0.7,"post-hoc, exploratory; designed and selected on training only"
nfl_20251130_no_mia,NFL,180,placebo,NO,1.764536843e+18,1.764537023e+18,2025-11-30,1.764537025523458e+18,2.523458,0.01,0.02,0.0,426.0,0.02,-0.22,-1.0,0.2,-0.4,-1.0,0.03,0.06,-0.36,0.4,-0.7,"post-hoc, exploratory; designed and selected on training only"
nfl_20251130_ari_tb,NFL,60,placebo,ARI,1.76453589e+18,1.76453595e+18,2025-11-30,1.7645359582243e+18,8.2243,0.01,0.02,0.0,1503.0,0.02,-0.22,-1.0,0.2,-0.4,-1.0,0.03,0.06,-0.36,0.4,-0.7,"post-hoc, exploratory; designed and selected on training only"
nfl_20251130_ari_tb,NFL,180,placebo,ARI,1.76453589e+18,1.76453607e+18,2025-11-30,1.764536071584194e+18,1.584194,0.01,0.02,0.0,66.0,0.02,-0.22,-1.0,0.2,-0.4,-1.0,0.03,0.06,-0.36,0.4,-0.7,"post-hoc, exploratory; designed and selected on training only"
nfl_20251130_atl_nyj,NFL,60,placebo,ATL,1.764537077e+18,1.764537137e+18,2025-11-30,1.764537138126704e+18,1.126704,0.01,0.02,0.0,49586.0,0.02,-0.22,-1.0,0.2,-0.4,-1.0,0.03,0.06,-0.36,0.4,-0.7,"post-hoc, exploratory; designed and selected on training only"
nfl_20251130_atl_nyj,NFL,180,placebo,ATL,1.764537077e+18,1.764537257e+18,2025-11-30,1.764537261947076e+18,4.947076,0.01,0.02,0.0,2736.0,0.02,-0.22,-1.0,0.2,-0.4,-1.0,0.03,0.06,-0.36,0.4,-0.7,"post-hoc, exploratory; designed and selected on training only"
nfl_20251130_jac_ten,NFL,60,placebo,TEN,1.764536956e+18,1.764537016e+18,2025-11-30,1.764537054729068e+18,38.729068,0.01,0.02,0.0,166.0,0.02,-0.22,-1.0,0.2,-0.4,-1.0,0.03,0.06,-0.36,0.4,-0.7,"post-hoc, exploratory; designed and selected on training only"
nfl_20251202_nyg_ne,NFL,60,placebo,NYG,1.764648316e+18,1.764648376e+18,2025-12-01,1.764648447562171e+18,71.562171,0.01,0.02,0.0,525.0,0.02,-0.22,-1.0,0.2,-0.4,-1.0,0.03,0.06,-0.36,0.4,-0.7,"post-hoc, exploratory; designed and selected on training only"
nfl_20251205_dal_det,NFL,60,placebo,DAL,1.764909433e+18,1.764909493e+18,2025-12-04,1.764909504017361e+18,11.017361,0.01,0.02,0.0,2409.0,0.02,-0.22,-1.0,0.2,-0.4,-1.0,0.03,0.06,-0.36,0.4,-0.7,"post-hoc, exploratory; designed and selected on training only"
nfl_20251205_dal_det,NFL,180,placebo,DAL,1.764909433e+18,1.764909613e+18,2025-12-04,1.764909638750505e+18,25.750505,0.01,0.02,0.0,166.0,0.02,-0.22,-1.0,0.2,-0.4,-1.0,0.03,0.06,-0.36,0.4,-0.7,"post-hoc, exploratory; designed and selected on training only"
cfb_20251206_unlv_bsu,CFB,60,placebo,UNLV,1.764996216e+18,1.764996276e+18,2025-12-05,1.764996283719308e+18,7.719308,0.01,0.02,0.0,749.0,0.02,-0.22,-1.0,0.2,-0.4,-1.0,0.03,0.06,-0.36,0.4,-0.7,"post-hoc, exploratory; designed and selected on training only"
cfb_20251206_troy_jmu,CFB,60,placebo,TROY,1.764992499e+18,1.764992559e+18,2025-12-05,1.764992648536127e+18,89.536127,0.01,0.02,0.0,2336.0,0.02,-0.22,-1.0,0.2,-0.4,-1.0,0.03,0.06,-0.36,0.4,-0.7,"post-hoc, exploratory; designed and selected on training only"
cfb_20251206_troy_jmu,CFB,180,placebo,TROY,1.764992499e+18,1.764992679e+18,2025-12-05,1.764992720209455e+18,41.209455,0.01,0.02,0.0,1776.0,0.02,-0.22,-1.0,0.2,-0.4,-1.0,0.03,0.06,-0.36,0.4,-0.7,"post-hoc, exploratory; designed and selected on training only"
cfb_20251206_unt_tuln,CFB,60,placebo,UNT,1.764996365e+18,1.764996425e+18,2025-12-05,1.764996432918952e+18,7.918952,0.01,0.02,0.0,12394.0,0.02,-0.22,-1.0,0.2,-0.4,-1.0,0.03,0.06,-0.36,0.4,-0.7,"post-hoc, exploratory; designed and selected on training only"
cfb_20251206_unt_tuln,CFB,180,placebo,UNT,1.764996365e+18,1.764996545e+18,2025-12-05,1.764996555758488e+18,10.758488,0.01,0.02,0.0,11223.0,0.02,-0.22,-1.0,0.2,-0.4,-1.0,0.03,0.06,-0.36,0.4,-0.7,"post-hoc, exploratory; designed and selected on training only"
cfb_20251206_uga_ala,CFB,60,placebo,ALA,1.765067116e+18,1.765067176e+18,2025-12-06,1.765067200315228e+18,24.315228,0.01,0.02,0.0,4290.0,0.02,-0.22,-1.0,0.2,-0.4,-1.0,0.03,0.06,-0.36,0.4,-0.7,"post-hoc, exploratory; designed and selected on training only"
cfb_20251206_uga_ala,CFB,180,placebo,ALA,1.765067116e+18,1.765067296e+18,2025-12-06,1.765067334550266e+18,38.550266,0.01,0.02,0.0,3632.0,0.02,-0.22,-1.0,0.2,-0.4,-1.0,0.03,0.06,-0.36,0.4,-0.7,"post-hoc, exploratory; designed and selected on training only"
cfb_20251206_byu_ttu,CFB,60,placebo,BYU,1.765052561e+18,1.765052621e+18,2025-12-06,1.765052629103555e+18,8.103555,0.01,0.02,0.0,791.0,0.02,-0.22,-1.0,0.2,-0.4,-1.0,0.03,0.06,-0.36,0.4,-0.7,"post-hoc, exploratory; designed and selected on training only"
cfb_20251206_oh_wmu,CFB,60,placebo,M-OH,1.765053663e+18,1.765053723e+18,2025-12-06,1.765053739441661e+18,16.441661,0.01,0.02,0.0,890.0,0.02,-0.22,-1.0,0.2,-0.4,-1.0,0.03,0.06,-0.36,0.4,-0.7,"post-hoc, exploratory; designed and selected on training only"
cfb_20251206_oh_wmu,CFB,180,placebo,M-OH,1.765053663e+18,1.765053843e+18,2025-12-06,1.765053850571983e+18,7.571983,0.01,0.02,0.0,124.0,0.02,-0.22,-1.0,0.2,-0.4,-1.0,0.03,0.06,-0.36,0.4,-0.7,"post-hoc, exploratory; designed and selected on training only"
nfl_20251207_la_ari,NFL,60,placebo,ARI,1.765153221e+18,1.765153281e+18,2025-12-07,1.765153316019284e+18,35.019284,0.01,0.02,0.0,2740.0,0.02,-0.22,-1.0,0.2,-0.4,-1.0,0.03,0.06,-0.36,0.4,-0.7,"post-hoc, exploratory; designed and selected on training only"
nfl_20251207_la_ari,NFL,180,placebo,ARI,1.765153221e+18,1.765153401e+18,2025-12-07,1.765153407467524e+18,6.467524,0.01,0.02,0.0,620.0,0.02,-0.22,-1.0,0.2,-0.4,-1.0,0.03,0.06,-0.36,0.4,-0.7,"post-hoc, exploratory; designed and selected on training only"
nfl_20251207_sea_atl,NFL,60,placebo,ATL,1.765140991e+18,1.765141051e+18,2025-12-07,1.765141138988585e+18,87.988585,0.01,0.02,0.0,2689.0,0.02,-0.22,-1.0,0.2,-0.4,-1.0,0.03,0.06,-0.36,0.4,-0.7,"post-hoc, exploratory; designed and selected on training only"
nfl_20251207_sea_atl,NFL,180,placebo,ATL,1.765140991e+18,1.765141171e+18,2025-12-07,1.765141216371388e+18,45.371388,0.01,0.02,0.0,186.0,0.02,-0.22,-1.0,0.2,-0.4,-1.0,0.03,0.06,-0.36,0.4,-0.7,"post-hoc, exploratory; designed and selected on training only"
nfl_20251207_no_tb,NFL,60,placebo,TB,1.765141647e+18,1.765141707e+18,2025-12-07,1.765141708325897e+18,1.325897,0.01,0.02,0.0,3332.0,0.02,-0.22,-1.0,0.2,-0.4,-1.0,0.03,0.06,-0.36,0.4,-0.7,"post-hoc, exploratory; designed and selected on training only"
nfl_20251207_mia_nyj,NFL,60,placebo,NYJ,1.765141725e+18,1.765141785e+18,2025-12-07,1.765141806900521e+18,21.900521,0.01,0.02,0.0,93.0,0.02,-0.22,-1.0,0.2,-0.4,-1.0,0.03,0.06,-0.36,0.4,-0.7,"post-hoc, exploratory; designed and selected on training only"
nfl_20251207_pit_bal,NFL,60,placebo,BAL,1.765142597e+18,1.765142657e+18,2025-12-07,1.765142658003283e+18,1.003283,0.01,0.02,0.0,7457.0,0.02,-0.22,-1.0,0.2,-0.4,-1.0,0.03,0.06,-0.36,0.4,-0.7,"post-hoc, exploratory; designed and selected on training only"
nfl_20251207_chi_gb,NFL,60,placebo,CHI,1.765153373e+18,1.765153433e+18,2025-12-07,1.765153434461227e+18,1.461227,0.01,0.02,0.0,2299.0,0.02,-0.22,-1.0,0.2,-0.4,-1.0,0.03,0.06,-0.36,0.4,-0.7,"post-hoc, exploratory; designed and selected on training only"
nfl_20251207_den_lv,NFL,60,placebo,LV,1.76515172e+18,1.76515178e+18,2025-12-07,1.765151852874287e+18,72.874287,0.01,0.02,0.0,3240.0,0.02,-0.22,-1.0,0.2,-0.4,-1.0,0.03,0.06,-0.36,0.4,-0.7,"post-hoc, exploratory; designed and selected on training only"
nfl_20251207_den_lv,NFL,180,placebo,LV,1.76515172e+18,1.7651519e+18,2025-12-07,1.765151962877728e+18,62.877728,0.01,0.02,0.0,1504.0,0.02,-0.22,-1.0,0.2,-0.4,-1.0,0.03,0.06,-0.36,0.4,-0.7,"post-hoc, exploratory; designed and selected on training only"
nfl_20251207_ten_cle,NFL,60,placebo,CLE,1.765143095e+18,1.765143155e+18,2025-12-07,1.765143156776763e+18,1.776763,0.01,0.02,0.0,20071.0,0.02,-0.22,-1.0,0.2,-0.4,-1.0,0.03,0.06,-0.36,0.4,-0.7,"post-hoc, exploratory; designed and selected on training only"
nfl_20251207_ten_cle,NFL,180,placebo,CLE,1.765143095e+18,1.765143275e+18,2025-12-07,1.76514329036255e+18,15.36255,0.01,0.02,0.0,932.0,0.02,-0.22,-1.0,0.2,-0.4,-1.0,0.03,0.06,-0.36,0.4,-0.7,"post-hoc, exploratory; designed and selected on training only"
nfl_20251207_cin_buf,NFL,60,placebo,CIN,1.765141616e+18,1.765141676e+18,2025-12-07,1.765141678731245e+18,2.731245,0.01,0.02,0.0,5278.0,0.02,-0.22,-1.0,0.2,-0.4,-1.0,0.03,0.06,-0.36,0.4,-0.7,"post-hoc, exploratory; designed and selected on training only"
nfl_20251207_cin_buf,NFL,180,placebo,CIN,1.765141616e+18,1.765141796e+18,2025-12-07,1.765141807107984e+18,11.107984,0.01,0.02,0.0,667.0,0.02,-0.22,-1.0,0.2,-0.4,-1.0,0.03,0.06,-0.36,0.4,-0.7,"post-hoc, exploratory; designed and selected on training only"
nfl_20251207_was_min,NFL,60,placebo,WAS,1.765140052e+18,1.765140112e+18,2025-12-07,1.765140242981566e+18,130.981566,0.01,0.02,0.0,1501.0,0.02,-0.22,-1.0,0.2,-0.4,-1.0,0.03,0.06,-0.36,0.4,-0.7,"post-hoc, exploratory; designed and selected on training only"
nfl_20251207_was_min,NFL,180,placebo,WAS,1.765140052e+18,1.765140232e+18,2025-12-07,1.765140242981566e+18,10.981566,0.01,0.02,0.0,1501.0,0.02,-0.22,-1.0,0.2,-0.4,-1.0,0.03,0.06,-0.36,0.4,-0.7,"post-hoc, exploratory; designed and selected on training only"
nfl_20251208_phi_lac,NFL,60,placebo,PHI,1.765255666e+18,1.765255726e+18,2025-12-08,1.765255727119533e+18,1.119533,0.01,0.02,0.0,216357.0,0.02,-0.22,-1.0,0.2,-0.4,-1.0,0.03,0.06,-0.36,0.4,-0.7,"post-hoc, exploratory; designed and selected on training only"
nfl_20251208_phi_lac,NFL,180,placebo,PHI,1.765255666e+18,1.765255846e+18,2025-12-08,1.765255847007051e+18,1.007051,0.01,0.02,0.0,497.0,0.02,-0.22,-1.0,0.2,-0.4,-1.0,0.03,0.06,-0.36,0.4,-0.7,"post-hoc, exploratory; designed and selected on training only"
nfl_20251212_atl_tb,NFL,60,placebo,TB,1.765514088e+18,1.765514148e+18,2025-12-11,1.76551414917131e+18,1.17131,0.01,0.02,0.0,74104.0,0.02,-0.22,-1.0,0.2,-0.4,-1.0,0.03,0.06,-0.36,0.4,-0.7,"post-hoc, exploratory; designed and selected on training only"
nfl_20251212_atl_tb,NFL,180,placebo,TB,1.765514088e+18,1.765514268e+18,2025-12-11,1.765514270490308e+18,2.490308,0.01,0.02,0.0,39909.0,0.02,-0.22,-1.0,0.2,-0.4,-1.0,0.03,0.06,-0.36,0.4,-0.7,"post-hoc, exploratory; designed and selected on training only"
nfl_20251212_atl_tb,NFL,600,placebo,TB,1.765514088e+18,1.765514688e+18,2025-12-11,1.765514723698923e+18,35.698923,0.01,0.02,0.0,12775.0,0.02,-0.22,-1.0,0.2,-0.4,-1.0,0.03,0.06,-0.36,0.4,-0.7,"post-hoc, exploratory; designed and selected on training only"
cfb_20251214_bsu_wash,CFB,60,placebo,BSU,1.765686957e+18,1.765687017e+18,2025-12-13,1.765687089598413e+18,72.598413,0.01,0.02,0.0,1495.0,0.02,-0.22,-1.0,0.2,-0.4,-1.0,0.03,0.06,-0.36,0.4,-0.7,"post-hoc, exploratory; designed and selected on training only"
cfb_20251214_bsu_wash,CFB,180,placebo,BSU,1.765686957e+18,1.765687137e+18,2025-12-13,1.76568714530426e+18,8.30426,0.01,0.02,0.0,935.0,0.02,-0.22,-1.0,0.2,-0.4,-1.0,0.03,0.06,-0.36,0.4,-0.7,"post-hoc, exploratory; designed and selected on training only"
cfb_20251213_army_navy,CFB,60,placebo,ARMY,1.76566778e+18,1.76566784e+18,2025-12-13,1.765667844944811e+18,4.944811,0.01,0.02,0.0,3023.0,0.02,-0.22,-1.0,0.2,-0.4,-1.0,0.03,0.06,-0.36,0.4,-0.7,"post-hoc, exploratory; designed and selected on training only"
cfb_20251213_army_navy,CFB,180,placebo,ARMY,1.76566778e+18,1.76566796e+18,2025-12-13,1.765667964284874e+18,4.284874,0.01,0.02,0.0,754.0,0.02,-0.22,-1.0,0.2,-0.4,-1.0,0.03,0.06,-0.36,0.4,-0.7,"post-hoc, exploratory; designed and selected on training only"
nfl_20251214_det_la,NFL,60,placebo,DET,1.765758941e+18,1.765759001e+18,2025-12-14,1.765759002118322e+18,1.118322,0.01,0.02,0.0,7133.0,0.02,-0.22,-1.0,0.2,-0.4,-1.0,0.03,0.06,-0.36,0.4,-0.7,"post-hoc, exploratory; designed and selected on training only"
nfl_20251214_det_la,NFL,180,placebo,DET,1.765758941e+18,1.765759121e+18,2025-12-14,1.765759143208573e+18,22.208573,0.01,0.02,0.0,5796.0,0.02,-0.22,-1.0,0.2,-0.4,-1.0,0.03,0.06,-0.36,0.4,-0.7,"post-hoc, exploratory; designed and selected on training only"
nfl_20251215_min_dal,NFL,60,placebo,DAL,1.765772954e+18,1.765773014e+18,2025-12-14,1.765773022970094e+18,8.970094,0.01,0.02,0.0,2841.0,0.02,-0.22,-1.0,0.2,-0.4,-1.0,0.03,0.06,-0.36,0.4,-0.7,"post-hoc, exploratory; designed and selected on training only"
nfl_20251214_ten_sf,NFL,60,placebo,TEN,1.765758695e+18,1.765758755e+18,2025-12-14,1.765758774575626e+18,19.575626,0.01,0.02,0.0,1259.0,0.02,-0.22,-1.0,0.2,-0.4,-1.0,0.03,0.06,-0.36,0.4,-0.7,"post-hoc, exploratory; designed and selected on training only"
nfl_20251214_ten_sf,NFL,180,placebo,TEN,1.765758695e+18,1.765758875e+18,2025-12-14,1.765758916566273e+18,41.566273,0.01,0.02,0.0,499.0,0.02,-0.22,-1.0,0.2,-0.4,-1.0,0.03,0.06,-0.36,0.4,-0.7,"post-hoc, exploratory; designed and selected on training only"
nfl_20251214_ari_hou,NFL,60,placebo,ARI,1.765746424e+18,1.765746484e+18,2025-12-14,1.765746696909029e+18,212.909029,0.01,0.02,0.0,467.0,0.02,-0.22,-1.0,0.2,-0.4,-1.0,0.03,0.06,-0.36,0.4,-0.7,"post-hoc, exploratory; designed and selected on training only"
nfl_20251214_ari_hou,NFL,180,placebo,ARI,1.765746424e+18,1.765746604e+18,2025-12-14,1.765746696909029e+18,92.909029,0.01,0.02,0.0,467.0,0.02,-0.22,-1.0,0.2,-0.4,-1.0,0.03,0.06,-0.36,0.4,-0.7,"post-hoc, exploratory; designed and selected on training only"
nfl_20251214_ind_sea,NFL,60,placebo,IND,1.76575811e+18,1.76575817e+18,2025-12-14,1.765758171236186e+18,1.236186,0.01,0.02,0.0,3259.0,0.02,-0.22,-1.0,0.2,-0.4,-1.0,0.03,0.06,-0.36,0.4,-0.7,"post-hoc, exploratory; designed and selected on training only"
nfl_20251214_was_nyg,NFL,60,placebo,NYG,1.765746711e+18,1.765746771e+18,2025-12-14,1.765746789994001e+18,18.994001,0.01,0.02,0.0,530.0,0.02,-0.22,-1.0,0.2,-0.4,-1.0,0.03,0.06,-0.36,0.4,-0.7,"post-hoc, exploratory; designed and selected on training only"
nfl_20251214_was_nyg,NFL,180,placebo,NYG,1.765746711e+18,1.765746891e+18,2025-12-14,1.765746925732541e+18,34.732541,0.01,0.02,0.0,2.0,0.02,-0.22,-1.0,0.2,-0.4,-1.0,0.03,0.06,-0.36,0.4,-0.7,"post-hoc, exploratory; designed and selected on training only"
nfl_20251214_car_no,NFL,60,placebo,CAR,1.765758651e+18,1.765758711e+18,2025-12-14,1.765758712767785e+18,1.767785,0.01,0.02,0.0,10474.0,0.02,-0.22,-1.0,0.2,-0.4,-1.0,0.03,0.06,-0.36,0.4,-0.7,"post-hoc, exploratory; designed and selected on training only"
nfl_20251214_car_no,NFL,180,placebo,CAR,1.765758651e+18,1.765758831e+18,2025-12-14,1.765758844767852e+18,13.767852,0.01,0.02,0.0,1600.0,0.02,-0.22,-1.0,0.2,-0.4,-1.0,0.03,0.06,-0.36,0.4,-0.7,"post-hoc, exploratory; designed and selected on training only"
nfl_20251214_bal_cin,NFL,60,placebo,CIN,1.765745632e+18,1.765745692e+18,2025-12-14,1.765745732447537e+18,40.447537,0.01,0.02,0.0,1402.0,0.02,-0.22,-1.0,0.2,-0.4,-1.0,0.03,0.06,-0.36,0.4,-0.7,"post-hoc, exploratory; designed and selected on training only"
nfl_20251214_buf_ne,NFL,60,placebo,NE,1.765746298e+18,1.765746358e+18,2025-12-14,1.765746360559761e+18,2.559761,0.01,0.02,0.0,1244.0,0.02,-0.22,-1.0,0.2,-0.4,-1.0,0.03,0.06,-0.36,0.4,-0.7,"post-hoc, exploratory; designed and selected on training only"
nfl_20251214_gb_den,NFL,60,placebo,GB,1.765759389e+18,1.765759449e+18,2025-12-14,1.765759450277938e+18,1.277938,0.01,0.02,0.0,3505.0,0.02,-0.22,-1.0,0.2,-0.4,-1.0,0.03,0.06,-0.36,0.4,-0.7,"post-hoc, exploratory; designed and selected on training only"
nfl_20251214_cle_chi,NFL,60,placebo,CLE,1.765746426e+18,1.765746486e+18,2025-12-14,1.765746494974841e+18,8.974841,0.01,0.02,0.0,935.0,0.02,-0.22,-1.0,0.2,-0.4,-1.0,0.03,0.06,-0.36,0.4,-0.7,"post-hoc, exploratory; designed and selected on training only"
nfl_20251214_lac_kc,NFL,60,placebo,KC,1.765746879e+18,1.765746939e+18,2025-12-14,1.7657469413233e+18,2.3233,0.01,0.02,0.0,2368.0,0.02,-0.22,-1.0,0.2,-0.4,-1.0,0.03,0.06,-0.36,0.4,-0.7,"post-hoc, exploratory; designed and selected on training only"
nfl_20251216_mia_pit,NFL,60,placebo,MIA,1.76585826e+18,1.76585832e+18,2025-12-15,1.765858323888485e+18,3.888485,0.01,0.02,0.0,10401.0,0.02,-0.22,-1.0,0.2,-0.4,-1.0,0.03,0.06,-0.36,0.4,-0.7,"post-hoc, exploratory; designed and selected on training only"
nfl_20251216_mia_pit,NFL,180,placebo,MIA,1.76585826e+18,1.76585844e+18,2025-12-15,1.76585852421456e+18,84.21456,0.01,0.02,0.0,139.0,0.02,-0.22,-1.0,0.2,-0.4,-1.0,0.03,0.06,-0.36,0.4,-0.7,"post-hoc, exploratory; designed and selected on training only"
cfb_20251217_troy_jvst,CFB,60,placebo,TROY,1.765948186e+18,1.765948246e+18,2025-12-17,1.76594825733312e+18,11.33312,0.01,0.02,0.0,478.0,0.02,-0.22,-1.0,0.2,-0.4,-1.0,0.03,0.06,-0.36,0.4,-0.7,"post-hoc, exploratory; designed and selected on training only"
cfb_20251218_ull_del,CFB,60,placebo,ULL,1.766032883e+18,1.766032943e+18,2025-12-17,1.766032946071022e+18,3.071022,0.01,0.02,0.0,162193.0,0.02,-0.22,-1.0,0.2,-0.4,-1.0,0.03,0.06,-0.36,0.4,-0.7,"post-hoc, exploratory; designed and selected on training only"
cfb_20251218_ull_del,CFB,180,placebo,ULL,1.766032883e+18,1.766033063e+18,2025-12-17,1.766033094166089e+18,31.166089,0.01,0.02,0.0,153512.0,0.02,-0.22,-1.0,0.2,-0.4,-1.0,0.03,0.06,-0.36,0.4,-0.7,"post-hoc, exploratory; designed and selected on training only"
nfl_20251219_la_sea,NFL,60,placebo,LA,1.766119973e+18,1.766120033e+18,2025-12-18,1.76612003419806e+18,1.19806,0.01,0.02,0.0,334100.0,0.02,-0.22,-1.0,0.2,-0.4,-1.0,0.03,0.06,-0.36,0.4,-0.7,"post-hoc, exploratory; designed and selected on training only"
cfb_20251220_ala_okla,CFB,60,placebo,OKLA,1.766205675e+18,1.766205735e+18,2025-12-19,1.766205738390037e+18,3.390037,0.01,0.02,0.0,55199.0,0.02,-0.22,-1.0,0.2,-0.4,-1.0,0.03,0.06,-0.36,0.4,-0.7,"post-hoc, exploratory; designed and selected on training only"
cfb_20251220_ala_okla,CFB,180,placebo,OKLA,1.766205675e+18,1.766205855e+18,2025-12-19,1.766205856994748e+18,1.994748,0.01,0.02,0.0,40233.0,0.02,-0.22,-1.0,0.2,-0.4,-1.0,0.03,0.06,-0.36,0.4,-0.7,"post-hoc, exploratory; designed and selected on training only"
cfb_20251219_mem_ncst,CFB,60,placebo,MEM,1.766184953e+18,1.766185013e+18,2025-12-19,1.766185021133105e+18,8.133105,0.01,0.02,0.0,2413.0,0.02,-0.22,-1.0,0.2,-0.4,-1.0,0.03,0.06,-0.36,0.4,-0.7,"post-hoc, exploratory; designed and selected on training only"
cfb_20251219_mem_ncst,CFB,180,placebo,MEM,1.766184953e+18,1.766185133e+18,2025-12-19,1.766185173225838e+18,40.225838,0.01,0.02,0.0,674.0,0.02,-0.22,-1.0,0.2,-0.4,-1.0,0.03,0.06,-0.36,0.4,-0.7,"post-hoc, exploratory; designed and selected on training only"
cfb_20251219_kenn_wmu,CFB,60,placebo,KENN,1.766172152e+18,1.766172212e+18,2025-12-19,1.766172214437272e+18,2.437272,0.01,0.02,0.0,93.0,0.02,-0.22,-1.0,0.2,-0.4,-1.0,0.03,0.06,-0.36,0.4,-0.7,"post-hoc, exploratory; designed and selected on training only"
nfl_20251221_gb_chi,NFL,60,placebo,GB,1.766291355e+18,1.766291415e+18,2025-12-20,1.766291416028877e+18,1.028877,0.01,0.02,0.0,88160.0,0.02,-0.22,-1.0,0.2,-0.4,-1.0,0.03,0.06,-0.36,0.4,-0.7,"post-hoc, exploratory; designed and selected on training only"
cfb_20251220_mia_txam,CFB,60,placebo,TXAM,1.766262779e+18,1.766262839e+18,2025-12-20,1.766262840132416e+18,1.132416,0.01,0.02,0.0,121005.0,0.02,-0.22,-1.0,0.2,-0.4,-1.0,0.03,0.06,-0.36,0.4,-0.7,"post-hoc, exploratory; designed and selected on training only"
cfb_20251220_tuln_miss,CFB,60,placebo,TULN,1.766275501e+18,1.766275561e+18,2025-12-20,1.766275565918994e+18,4.918994,0.01,0.02,0.0,612.0,0.02,-0.22,-1.0,0.2,-0.4,-1.0,0.03,0.06,-0.36,0.4,-0.7,"post-hoc, exploratory; designed and selected on training only"
cfb_20251220_tuln_miss,CFB,180,placebo,TULN,1.766275501e+18,1.766275681e+18,2025-12-20,1.766275810066969e+18,129.066969,0.01,0.02,0.0,259.0,0.02,-0.22,-1.0,0.2,-0.4,-1.0,0.03,0.06,-0.36,0.4,-0.7,"post-hoc, exploratory; designed and selected on training only"
cfb_20251221_jmu_ore,CFB,60,placebo,JMU,1.766291604e+18,1.766291664e+18,2025-12-20,1.766291677991451e+18,13.991451,0.01,0.02,0.0,201.0,0.02,-0.22,-1.0,0.2,-0.4,-1.0,0.03,0.06,-0.36,0.4,-0.7,"post-hoc, exploratory; designed and selected on training only"
nfl_20251220_phi_was,NFL,60,placebo,WAS,1.76627914e+18,1.7662792e+18,2025-12-20,1.766279232354428e+18,32.354428,0.01,0.02,0.0,13461.0,0.02,-0.22,-1.0,0.2,-0.4,-1.0,0.03,0.06,-0.36,0.4,-0.7,"post-hoc, exploratory; designed and selected on training only"
nfl_20251220_phi_was,NFL,180,placebo,WAS,1.76627914e+18,1.76627932e+18,2025-12-20,1.766279321983951e+18,1.983951,0.01,0.02,0.0,9979.0,0.02,-0.22,-1.0,0.2,-0.4,-1.0,0.03,0.06,-0.36,0.4,-0.7,"post-hoc, exploratory; designed and selected on training only"
nfl_20251221_lac_dal,NFL,60,placebo,DAL,1.766350514e+18,1.766350574e+18,2025-12-21,1.766350591960711e+18,17.960711,0.01,0.02,0.0,10295.0,0.02,-0.22,-1.0,0.2,-0.4,-1.0,0.03,0.06,-0.36,0.4,-0.7,"post-hoc, exploratory; designed and selected on training only"
nfl_20251221_lac_dal,NFL,180,placebo,DAL,1.766350514e+18,1.766350694e+18,2025-12-21,1.766350699289521e+18,5.289521,0.01,0.02,0.0,9.0,0.02,-0.22,-1.0,0.2,-0.4,-1.0,0.03,0.06,-0.36,0.4,-0.7,"post-hoc, exploratory; designed and selected on training only"
nfl_20251221_lv_hou,NFL,60,placebo,LV,1.766362855e+18,1.766362915e+18,2025-12-21,1.766362916042003e+18,1.042003,0.01,0.02,0.0,16748.0,0.02,-0.22,-1.0,0.2,-0.4,-1.0,0.03,0.06,-0.36,0.4,-0.7,"post-hoc, exploratory; designed and selected on training only"
nfl_20251221_lv_hou,NFL,180,placebo,LV,1.766362855e+18,1.766363035e+18,2025-12-21,1.766363055109414e+18,20.109414,0.01,0.02,0.0,12801.0,0.02,-0.22,-1.0,0.2,-0.4,-1.0,0.03,0.06,-0.36,0.4,-0.7,"post-hoc, exploratory; designed and selected on training only"
nfl_20251221_pit_det,NFL,60,winner,PIT,1.766364481e+18,1.766364541e+18,2025-12-21,1.766364542194808e+18,1.194808,0.68,0.69,1.0,1760956.0,0.15,2.95,0.41843971631205673,0.2,2.9,0.4084507042253521,0.7,0.3,2.7,0.4,2.6,"post-hoc, exploratory; designed and selected on training only"
nfl_20251221_pit_det,NFL,60,placebo,DET,1.766364481e+18,1.766364541e+18,2025-12-21,1.766364542030406e+18,1.030406,0.33,0.34,0.0,1282241.0,0.16,-3.56,-1.0,0.2,-3.6,-1.0,0.35,0.32,-3.82,0.4,-3.9,"post-hoc, exploratory; designed and selected on training only"
nfl_20251221_pit_det,NFL,180,placebo,DET,1.766364481e+18,1.766364661e+18,2025-12-21,1.766364662036089e+18,1.036089,0.01,0.02,0.0,439127.0,0.02,-0.22,-1.0,0.2,-0.4,-1.0,0.03,0.06,-0.36,0.4,-0.7,"post-hoc, exploratory; designed and selected on training only"
nfl_20251221_min_nyg,NFL,60,placebo,NYG,1.766350731e+18,1.766350791e+18,2025-12-21,1.766350792608415e+18,1.608415,0.01,0.02,0.0,5696.0,0.02,-0.22,-1.0,0.2,-0.4,-1.0,0.03,0.06,-0.36,0.4,-0.7,"post-hoc, exploratory; designed and selected on training only"
nfl_20251222_ne_bal,NFL,60,placebo,BAL,1.766377488e+18,1.766377548e+18,2025-12-21,1.766377549777718e+18,1.777718,0.01,0.02,0.0,20322.0,0.02,-0.22,-1.0,0.2,-0.4,-1.0,0.03,0.06,-0.36,0.4,-0.7,"post-hoc, exploratory; designed and selected on training only"
nfl_20251222_ne_bal,NFL,180,placebo,BAL,1.766377488e+18,1.766377668e+18,2025-12-21,1.76637767700702e+18,9.00702,0.01,0.02,0.0,8872.0,0.02,-0.22,-1.0,0.2,-0.4,-1.0,0.03,0.06,-0.36,0.4,-0.7,"post-hoc, exploratory; designed and selected on training only"
nfl_20251221_atl_ari,NFL,60,placebo,ARI,1.766362602e+18,1.766362662e+18,2025-12-21,1.766362677236391e+18,15.236391,0.01,0.02,0.0,345.0,0.02,-0.22,-1.0,0.2,-0.4,-1.0,0.03,0.06,-0.36,0.4,-0.7,"post-hoc, exploratory; designed and selected on training only"
nfl_20251221_atl_ari,NFL,180,placebo,ARI,1.766362602e+18,1.766362782e+18,2025-12-21,1.766362808582549e+18,26.582549,0.01,0.02,0.0,93.0,0.02,-0.22,-1.0,0.2,-0.4,-1.0,0.03,0.06,-0.36,0.4,-0.7,"post-hoc, exploratory; designed and selected on training only"
nfl_20251221_jac_den,NFL,60,placebo,DEN,1.766362974e+18,1.766363034e+18,2025-12-21,1.766363054873458e+18,20.873458,0.01,0.02,0.0,2913.0,0.02,-0.22,-1.0,0.2,-0.4,-1.0,0.03,0.06,-0.36,0.4,-0.7,"post-hoc, exploratory; designed and selected on training only"
nfl_20251221_jac_den,NFL,180,placebo,DEN,1.766362974e+18,1.766363154e+18,2025-12-21,1.766363163900918e+18,9.900918,0.01,0.02,0.0,1133.0,0.02,-0.22,-1.0,0.2,-0.4,-1.0,0.03,0.06,-0.36,0.4,-0.7,"post-hoc, exploratory; designed and selected on training only"
nfl_20251221_tb_car,NFL,60,placebo,TB,1.766350701e+18,1.766350761e+18,2025-12-21,1.766350762254148e+18,1.254148,0.01,0.02,0.0,12658.0,0.02,-0.22,-1.0,0.2,-0.4,-1.0,0.03,0.06,-0.36,0.4,-0.7,"post-hoc, exploratory; designed and selected on training only"
nfl_20251221_tb_car,NFL,180,placebo,TB,1.766350701e+18,1.766350881e+18,2025-12-21,1.766350893578069e+18,12.578069,0.01,0.02,0.0,5035.0,0.02,-0.22,-1.0,0.2,-0.4,-1.0,0.03,0.06,-0.36,0.4,-0.7,"post-hoc, exploratory; designed and selected on training only"
nfl_20251221_cin_mia,NFL,60,placebo,MIA,1.766350414e+18,1.766350474e+18,2025-12-21,1.766350487190917e+18,13.190917,0.01,0.02,0.0,93.0,0.02,-0.22,-1.0,0.2,-0.4,-1.0,0.03,0.06,-0.36,0.4,-0.7,"post-hoc, exploratory; designed and selected on training only"
nfl_20251221_kc_ten,NFL,60,placebo,KC,1.766350789e+18,1.766350849e+18,2025-12-21,1.7663508642907e+18,15.2907,0.01,0.02,0.0,1215.0,0.02,-0.22,-1.0,0.2,-0.4,-1.0,0.03,0.06,-0.36,0.4,-0.7,"post-hoc, exploratory; designed and selected on training only"
nfl_20251221_nyj_no,NFL,60,placebo,NYJ,1.76635097e+18,1.76635103e+18,2025-12-21,1.766351048413603e+18,18.413603,0.01,0.02,0.0,1608.0,0.02,-0.22,-1.0,0.2,-0.4,-1.0,0.03,0.06,-0.36,0.4,-0.7,"post-hoc, exploratory; designed and selected on training only"
cfb_20251222_wsu_usu,CFB,60,placebo,USU,1.76644343e+18,1.76644349e+18,2025-12-22,1.766443522418863e+18,32.418863,0.01,0.02,0.0,467.0,0.02,-0.22,-1.0,0.2,-0.4,-1.0,0.03,0.06,-0.36,0.4,-0.7,"post-hoc, exploratory; designed and selected on training only"
cfb_20251224_unlv_ohio,CFB,60,placebo,UNLV,1.766552969e+18,1.766553029e+18,2025-12-24,1.766553031652717e+18,2.652717,0.01,0.02,0.0,1976.0,0.02,-0.22,-1.0,0.2,-0.4,-1.0,0.03,0.06,-0.36,0.4,-0.7,"post-hoc, exploratory; designed and selected on training only"
cfb_20251223_tol_lou,CFB,60,placebo,TOL,1.766529726e+18,1.766529786e+18,2025-12-23,1.766529791033485e+18,5.033485,0.01,0.02,0.0,23092.0,0.02,-0.22,-1.0,0.2,-0.4,-1.0,0.03,0.06,-0.36,0.4,-0.7,"post-hoc, exploratory; designed and selected on training only"
cfb_20251223_tol_lou,CFB,180,placebo,TOL,1.766529726e+18,1.766529906e+18,2025-12-23,1.766529919795817e+18,13.795817,0.01,0.02,0.0,187.0,0.02,-0.22,-1.0,0.2,-0.4,-1.0,0.03,0.06,-0.36,0.4,-0.7,"post-hoc, exploratory; designed and selected on training only"
nfl_20251225_dal_was,NFL,60,placebo,WAS,1.766696901e+18,1.766696961e+18,2025-12-25,1.766696964561851e+18,3.561851,0.01,0.02,0.0,13327.0,0.02,-0.22,-1.0,0.2,-0.4,-1.0,0.03,0.06,-0.36,0.4,-0.7,"post-hoc, exploratory; designed and selected on training only"
nfl_20251225_den_kc,NFL,60,placebo,KC,1.766721681e+18,1.766721741e+18,2025-12-25,1.766721749270948e+18,8.270948,0.01,0.02,0.0,14428.0,0.02,-0.22,-1.0,0.2,-0.4,-1.0,0.03,0.06,-0.36,0.4,-0.7,"post-hoc, exploratory; designed and selected on training only"
nfl_20251225_den_kc,NFL,180,placebo,KC,1.766721681e+18,1.766721861e+18,2025-12-25,1.766721864763469e+18,3.763469,0.01,0.02,0.0,9149.0,0.02,-0.22,-1.0,0.2,-0.4,-1.0,0.03,0.06,-0.36,0.4,-0.7,"post-hoc, exploratory; designed and selected on training only"
nfl_20251225_det_min,NFL,60,placebo,DET,1.766710107e+18,1.766710167e+18,2025-12-25,1.766710174151407e+18,7.151407,0.01,0.02,0.0,2304.0,0.02,-0.22,-1.0,0.2,-0.4,-1.0,0.03,0.06,-0.36,0.4,-0.7,"post-hoc, exploratory; designed and selected on training only"
cfb_20251227_fiu_utsa,CFB,60,placebo,FIU,1.766812182e+18,1.766812242e+18,2025-12-27,1.766812347537197e+18,105.537197,0.01,0.02,0.0,3433.0,0.02,-0.22,-1.0,0.2,-0.4,-1.0,0.03,0.06,-0.36,0.4,-0.7,"post-hoc, exploratory; designed and selected on training only"
cfb_20251227_fiu_utsa,CFB,180,placebo,FIU,1.766812182e+18,1.766812362e+18,2025-12-27,1.766812424459573e+18,62.459573,0.01,0.02,0.0,2031.0,0.02,-0.22,-1.0,0.2,-0.4,-1.0,0.03,0.06,-0.36,0.4,-0.7,"post-hoc, exploratory; designed and selected on training only"
cfb_20251227_fiu_utsa,CFB,600,placebo,FIU,1.766812182e+18,1.766812782e+18,2025-12-27,1.766812843258053e+18,61.258053,0.01,0.02,0.0,93.0,0.02,-0.22,-1.0,0.2,-0.4,-1.0,0.03,0.06,-0.36,0.4,-0.7,"post-hoc, exploratory; designed and selected on training only"
cfb_20251226_cmu_nw,CFB,60,placebo,CMU,1.766783711e+18,1.766783771e+18,2025-12-26,1.766783792807918e+18,21.807918,0.01,0.02,0.0,11134.0,0.02,-0.22,-1.0,0.2,-0.4,-1.0,0.03,0.06,-0.36,0.4,-0.7,"post-hoc, exploratory; designed and selected on training only"
cfb_20251226_cmu_nw,CFB,180,placebo,CMU,1.766783711e+18,1.766783891e+18,2025-12-26,1.766783901557948e+18,10.557948,0.01,0.02,0.0,1438.0,0.02,-0.22,-1.0,0.2,-0.4,-1.0,0.03,0.06,-0.36,0.4,-0.7,"post-hoc, exploratory; designed and selected on training only"
cfb_20251227_oh_fres,CFB,60,placebo,M-OH,1.766882756e+18,1.766882816e+18,2025-12-27,1.766882857673996e+18,41.673996,0.01,0.02,0.0,1154.0,0.02,-0.22,-1.0,0.2,-0.4,-1.0,0.03,0.06,-0.36,0.4,-0.7,"post-hoc, exploratory; designed and selected on training only"
cfb_20251227_oh_fres,CFB,180,placebo,M-OH,1.766882756e+18,1.766882936e+18,2025-12-27,1.766882956335728e+18,20.335728,0.01,0.02,0.0,1061.0,0.02,-0.22,-1.0,0.2,-0.4,-1.0,0.03,0.06,-0.36,0.4,-0.7,"post-hoc, exploratory; designed and selected on training only"
cfb_20251227_psu_clem,CFB,60,placebo,CLEM,1.766867349e+18,1.766867409e+18,2025-12-27,1.766867417128775e+18,8.128775,0.01,0.02,0.0,37.0,0.02,-0.22,-1.0,0.2,-0.4,-1.0,0.03,0.06,-0.36,0.4,-0.7,"post-hoc, exploratory; designed and selected on training only"
nfl_20251228_bal_gb,NFL,60,placebo,GB,1.766894519e+18,1.766894579e+18,2025-12-27,1.766894614291802e+18,35.291802,0.01,0.02,0.0,6209.0,0.02,-0.22,-1.0,0.2,-0.4,-1.0,0.03,0.06,-0.36,0.4,-0.7,"post-hoc, exploratory; designed and selected on training only"
nfl_20251228_bal_gb,NFL,180,placebo,GB,1.766894519e+18,1.766894699e+18,2025-12-27,1.766894706399833e+18,7.399833,0.01,0.02,0.0,1907.0,0.02,-0.22,-1.0,0.2,-0.4,-1.0,0.03,0.06,-0.36,0.4,-0.7,"post-hoc, exploratory; designed and selected on training only"
cfb_20251228_uva_mizz,CFB,60,placebo,MIZZ,1.76689327e+18,1.76689333e+18,2025-12-27,1.766893335305288e+18,5.305288,0.01,0.02,0.0,17980.0,0.02,-0.22,-1.0,0.2,-0.4,-1.0,0.03,0.06,-0.36,0.4,-0.7,"post-hoc, exploratory; designed and selected on training only"
cfb_20251228_uva_mizz,CFB,180,placebo,MIZZ,1.76689327e+18,1.76689345e+18,2025-12-27,1.766893502862416e+18,52.862416,0.01,0.02,0.0,3085.0,0.02,-0.22,-1.0,0.2,-0.4,-1.0,0.03,0.06,-0.36,0.4,-0.7,"post-hoc, exploratory; designed and selected on training only"
nfl_20251227_hou_lac,NFL,60,placebo,LAC,1.766882144e+18,1.766882204e+18,2025-12-27,1.766882205098465e+18,1.098465,0.01,0.02,0.0,37765.0,0.02,-0.22,-1.0,0.2,-0.4,-1.0,0.03,0.06,-0.36,0.4,-0.7,"post-hoc, exploratory; designed and selected on training only"
nfl_20251227_hou_lac,NFL,180,placebo,LAC,1.766882144e+18,1.766882324e+18,2025-12-27,1.766882335884322e+18,11.884322,0.01,0.02,0.0,5309.0,0.02,-0.22,-1.0,0.2,-0.4,-1.0,0.03,0.06,-0.36,0.4,-0.7,"post-hoc, exploratory; designed and selected on training only"
cfb_20251228_lsu_hou,CFB,60,placebo,LSU,1.766901732e+18,1.766901792e+18,2025-12-28,1.766901793772345e+18,1.772345,0.01,0.02,0.0,23527.0,0.02,-0.22,-1.0,0.2,-0.4,-1.0,0.03,0.06,-0.36,0.4,-0.7,"post-hoc, exploratory; designed and selected on training only"
cfb_20251227_pitt_ecu,CFB,60,placebo,PITT,1.76686357e+18,1.76686363e+18,2025-12-27,1.766863632701122e+18,2.701122,0.01,0.02,0.0,11454.0,0.02,-0.22,-1.0,0.2,-0.4,-1.0,0.03,0.06,-0.36,0.4,-0.7,"post-hoc, exploratory; designed and selected on training only"
cfb_20251227_pitt_ecu,CFB,180,placebo,PITT,1.76686357e+18,1.76686375e+18,2025-12-27,1.766863762057111e+18,12.057111,0.01,0.02,0.0,913.0,0.02,-0.22,-1.0,0.2,-0.4,-1.0,0.03,0.06,-0.36,0.4,-0.7,"post-hoc, exploratory; designed and selected on training only"
cfb_20251227_conn_army,CFB,60,placebo,CONN,1.766874294e+18,1.766874354e+18,2025-12-27,1.766874397969654e+18,43.969654,0.01,0.02,0.0,8578.0,0.02,-0.22,-1.0,0.2,-0.4,-1.0,0.03,0.06,-0.36,0.4,-0.7,"post-hoc, exploratory; designed and selected on training only"
cfb_20251227_conn_army,CFB,180,placebo,CONN,1.766874294e+18,1.766874474e+18,2025-12-27,1.766874539574537e+18,65.574537,0.01,0.02,0.0,1846.0,0.02,-0.22,-1.0,0.2,-0.4,-1.0,0.03,0.06,-0.36,0.4,-0.7,"post-hoc, exploratory; designed and selected on training only"
cfb_20251227_unt_sdsu,CFB,60,placebo,SDSU,1.766890257e+18,1.766890317e+18,2025-12-27,1.766890340619337e+18,23.619337,0.01,0.02,0.0,11028.0,0.02,-0.22,-1.0,0.2,-0.4,-1.0,0.03,0.06,-0.36,0.4,-0.7,"post-hoc, exploratory; designed and selected on training only"
nfl_20251228_tb_mia,NFL,60,placebo,TB,1.76695532e+18,1.76695538e+18,2025-12-28,1.766955400082643e+18,20.082643,0.01,0.02,0.0,5950.0,0.02,-0.22,-1.0,0.2,-0.4,-1.0,0.03,0.06,-0.36,0.4,-0.7,"post-hoc, exploratory; designed and selected on training only"
nfl_20251228_tb_mia,NFL,180,placebo,TB,1.76695532e+18,1.7669555e+18,2025-12-28,1.766955535888651e+18,35.888651,0.01,0.02,0.0,1099.0,0.02,-0.22,-1.0,0.2,-0.4,-1.0,0.03,0.06,-0.36,0.4,-0.7,"post-hoc, exploratory; designed and selected on training only"
nfl_20251228_phi_buf,NFL,60,placebo,BUF,1.76696833e+18,1.76696839e+18,2025-12-28,1.766968391752188e+18,1.752188,0.01,0.02,0.0,54038.0,0.02,-0.22,-1.0,0.2,-0.4,-1.0,0.03,0.06,-0.36,0.4,-0.7,"post-hoc, exploratory; designed and selected on training only"
nfl_20251228_phi_buf,NFL,180,placebo,BUF,1.76696833e+18,1.76696851e+18,2025-12-28,1.766968514647275e+18,4.647275,0.01,0.02,0.0,2910.0,0.02,-0.22,-1.0,0.2,-0.4,-1.0,0.03,0.06,-0.36,0.4,-0.7,"post-hoc, exploratory; designed and selected on training only"
nfl_20251228_ari_cin,NFL,60,placebo,ARI,1.766955094e+18,1.766955154e+18,2025-12-28,1.766955247342969e+18,93.342969,0.01,0.02,0.0,1888.0,0.02,-0.22,-1.0,0.2,-0.4,-1.0,0.03,0.06,-0.36,0.4,-0.7,"post-hoc, exploratory; designed and selected on training only"
nfl_20251228_ari_cin,NFL,180,placebo,ARI,1.766955094e+18,1.766955274e+18,2025-12-28,1.766955320470714e+18,46.470714,0.01,0.02,0.0,766.0,0.02,-0.22,-1.0,0.2,-0.4,-1.0,0.03,0.06,-0.36,0.4,-0.7,"post-hoc, exploratory; designed and selected on training only"
nfl_20251228_ne_nyj,NFL,60,placebo,NYJ,1.766955235e+18,1.766955295e+18,2025-12-28,1.766955315487375e+18,20.487375,0.01,0.02,0.0,118.0,0.02,-0.22,-1.0,0.2,-0.4,-1.0,0.03,0.06,-0.36,0.4,-0.7,"post-hoc, exploratory; designed and selected on training only"
nfl_20251228_pit_cle,NFL,60,placebo,PIT,1.766955172e+18,1.766955232e+18,2025-12-28,1.766955242228086e+18,10.228086,0.01,0.02,0.0,830.0,0.02,-0.22,-1.0,0.2,-0.4,-1.0,0.03,0.06,-0.36,0.4,-0.7,"post-hoc, exploratory; designed and selected on training only"
nfl_20251228_nyg_lv,NFL,60,placebo,LV,1.766966029e+18,1.766966089e+18,2025-12-28,1.766966115071596e+18,26.071596,0.01,0.02,0.0,200.0,0.02,-0.22,-1.0,0.2,-0.4,-1.0,0.03,0.06,-0.36,0.4,-0.7,"post-hoc, exploratory; designed and selected on training only"
nfl_20251228_jac_ind,NFL,60,placebo,IND,1.766956022e+18,1.766956082e+18,2025-12-28,1.76695608695435e+18,4.95435,0.01,0.02,0.0,3631.0,0.02,-0.22,-1.0,0.2,-0.4,-1.0,0.03,0.06,-0.36,0.4,-0.7,"post-hoc, exploratory; designed and selected on training only"
nfl_20251228_jac_ind,NFL,180,placebo,IND,1.766956022e+18,1.766956202e+18,2025-12-28,1.766956222674483e+18,20.674483,0.01,0.02,0.0,300.0,0.02,-0.22,-1.0,0.2,-0.4,-1.0,0.03,0.06,-0.36,0.4,-0.7,"post-hoc, exploratory; designed and selected on training only"
nfl_20251228_sea_car,NFL,60,placebo,CAR,1.766955356e+18,1.766955416e+18,2025-12-28,1.76695543777131e+18,21.77131,0.01,0.02,0.0,2517.0,0.02,-0.22,-1.0,0.2,-0.4,-1.0,0.03,0.06,-0.36,0.4,-0.7,"post-hoc, exploratory; designed and selected on training only"
nfl_20251228_sea_car,NFL,180,placebo,CAR,1.766955356e+18,1.766955536e+18,2025-12-28,1.766955546505049e+18,10.505049,0.01,0.02,0.0,1471.0,0.02,-0.22,-1.0,0.2,-0.4,-1.0,0.03,0.06,-0.36,0.4,-0.7,"post-hoc, exploratory; designed and selected on training only"
nfl_20251229_chi_sf,NFL,60,placebo,CHI,1.766982796e+18,1.766982856e+18,2025-12-28,1.76698285701758e+18,1.01758,0.01,0.02,0.0,96772.0,0.02,-0.22,-1.0,0.2,-0.4,-1.0,0.03,0.06,-0.36,0.4,-0.7,"post-hoc, exploratory; designed and selected on training only"
nfl_20251229_chi_sf,NFL,180,placebo,CHI,1.766982796e+18,1.766982976e+18,2025-12-28,1.766982981739269e+18,5.739269,0.01,0.02,0.0,3939.0,0.02,-0.22,-1.0,0.2,-0.4,-1.0,0.03,0.06,-0.36,0.4,-0.7,"post-hoc, exploratory; designed and selected on training only"
nfl_20251228_no_ten,NFL,60,placebo,TEN,1.766956322e+18,1.766956382e+18,2025-12-28,1.766956390618062e+18,8.618062,0.01,0.02,0.0,20309.0,0.02,-0.22,-1.0,0.2,-0.4,-1.0,0.03,0.06,-0.36,0.4,-0.7,"post-hoc, exploratory; designed and selected on training only"
nfl_20251228_no_ten,NFL,180,placebo,TEN,1.766956322e+18,1.766956502e+18,2025-12-28,1.766956513058802e+18,11.058802,0.01,0.02,0.0,545.0,0.02,-0.22,-1.0,0.2,-0.4,-1.0,0.03,0.06,-0.36,0.4,-0.7,"post-hoc, exploratory; designed and selected on training only"
cfb_20251230_ccar_lt,CFB,60,placebo,CCAR,1.767135059e+18,1.767135119e+18,2025-12-30,1.767135144638003e+18,25.638003,0.01,0.02,0.0,10549.0,0.02,-0.22,-1.0,0.2,-0.4,-1.0,0.03,0.06,-0.36,0.4,-0.7,"post-hoc, exploratory; designed and selected on training only"
cfb_20251230_ccar_lt,CFB,180,placebo,CCAR,1.767135059e+18,1.767135239e+18,2025-12-30,1.767135253376874e+18,14.376874,0.01,0.02,0.0,4212.0,0.02,-0.22,-1.0,0.2,-0.4,-1.0,0.03,0.06,-0.36,0.4,-0.7,"post-hoc, exploratory; designed and selected on training only"
cfb_20251230_tenn_ill,CFB,60,placebo,TENN,1.767146345e+18,1.767146405e+18,2025-12-30,1.767146406130476e+18,1.130476,0.01,0.02,0.0,23888.0,0.02,-0.22,-1.0,0.2,-0.4,-1.0,0.03,0.06,-0.36,0.4,-0.7,"post-hoc, exploratory; designed and selected on training only"
cfb_20251231_neb_utah,CFB,60,placebo,NEB,1.767225205e+18,1.767225265e+18,2025-12-31,1.76722529795775e+18,32.95775,0.01,0.02,0.0,253.0,0.02,-0.22,-1.0,0.2,-0.4,-1.0,0.03,0.06,-0.36,0.4,-0.7,"post-hoc, exploratory; designed and selected on training only"
cfb_20260101_mia_osu,CFB,60,placebo,OSU,1.767239443e+18,1.767239503e+18,2025-12-31,1.767239512555536e+18,9.555536,0.01,0.02,0.0,9455.0,0.02,-0.22,-1.0,0.2,-0.4,-1.0,0.03,0.06,-0.36,0.4,-0.7,"post-hoc, exploratory; designed and selected on training only"
cfb_20260101_mia_osu,CFB,180,placebo,OSU,1.767239443e+18,1.767239623e+18,2025-12-31,1.767239624134494e+18,1.134494,0.01,0.02,0.0,6598.0,0.02,-0.22,-1.0,0.2,-0.4,-1.0,0.03,0.06,-0.36,0.4,-0.7,"post-hoc, exploratory; designed and selected on training only"
cfb_20251231_iowa_van,CFB,60,placebo,VAN,1.767213074e+18,1.767213134e+18,2025-12-31,1.767213152672586e+18,18.672586,0.01,0.02,0.0,12091.0,0.02,-0.22,-1.0,0.2,-0.4,-1.0,0.03,0.06,-0.36,0.4,-0.7,"post-hoc, exploratory; designed and selected on training only"
cfb_20251231_iowa_van,CFB,180,placebo,VAN,1.767213074e+18,1.767213254e+18,2025-12-31,1.767213255011104e+18,1.011104,0.01,0.02,0.0,10496.0,0.02,-0.22,-1.0,0.2,-0.4,-1.0,0.03,0.06,-0.36,0.4,-0.7,"post-hoc, exploratory; designed and selected on training only"
cfb_20260101_ore_ttu,CFB,60,placebo,TTU,1.767299029e+18,1.767299089e+18,2026-01-01,1.767299104056012e+18,15.056012,0.01,0.02,0.0,103.0,0.02,-0.22,-1.0,0.2,-0.4,-1.0,0.03,0.06,-0.36,0.4,-0.7,"post-hoc, exploratory; designed and selected on training only"
cfb_20260101_ala_ind,CFB,60,placebo,ALA,1.767312806e+18,1.767312866e+18,2026-01-01,1.767312911856627e+18,45.856627,0.01,0.02,0.0,100.0,0.02,-0.22,-1.0,0.2,-0.4,-1.0,0.03,0.06,-0.36,0.4,-0.7,"post-hoc, exploratory; designed and selected on training only"
cfb_20260102_miss_uga,CFB,60,placebo,UGA,1.767329253e+18,1.767329313e+18,2026-01-01,1.767329314476804e+18,1.476804,0.01,0.02,0.0,1183912.0,0.02,-0.22,-1.0,0.2,-0.4,-1.0,0.03,0.06,-0.36,0.4,-0.7,"post-hoc, exploratory; designed and selected on training only"
cfb_20260102_miss_uga,CFB,180,placebo,UGA,1.767329253e+18,1.767329433e+18,2026-01-01,1.767329434225372e+18,1.225372,0.01,0.02,0.0,1055517.0,0.02,-0.22,-1.0,0.2,-0.4,-1.0,0.03,0.06,-0.36,0.4,-0.7,"post-hoc, exploratory; designed and selected on training only"
cfb_20260102_miss_uga,CFB,600,placebo,UGA,1.767329253e+18,1.767329853e+18,2026-01-01,1.767329863186989e+18,10.186989,0.01,0.02,0.0,9401.0,0.02,-0.22,-1.0,0.2,-0.4,-1.0,0.03,0.06,-0.36,0.4,-0.7,"post-hoc, exploratory; designed and selected on training only"
cfb_20260103_wake_msst,CFB,60,placebo,MSST,1.767416547e+18,1.767416607e+18,2026-01-03,1.767416652274867e+18,45.274867,0.01,0.02,0.0,5311.0,0.02,-0.22,-1.0,0.2,-0.4,-1.0,0.03,0.06,-0.36,0.4,-0.7,"post-hoc, exploratory; designed and selected on training only"
cfb_20260103_wake_msst,CFB,180,placebo,MSST,1.767416547e+18,1.767416727e+18,2026-01-03,1.767416793116647e+18,66.116647,0.01,0.02,0.0,1991.0,0.02,-0.22,-1.0,0.2,-0.4,-1.0,0.03,0.06,-0.36,0.4,-0.7,"post-hoc, exploratory; designed and selected on training only"
cfb_20260102_rice_txst,CFB,60,placebo,RICE,1.767390438e+18,1.767390498e+18,2026-01-02,1.76739051599439e+18,17.99439,0.01,0.02,0.0,467.0,0.02,-0.22,-1.0,0.2,-0.4,-1.0,0.03,0.06,-0.36,0.4,-0.7,"post-hoc, exploratory; designed and selected on training only"
cfb_20260103_ariz_smu,CFB,60,placebo,ARIZ,1.767414514e+18,1.767414574e+18,2026-01-02,1.767414582665096e+18,8.665096,0.01,0.02,0.0,1050.0,0.02,-0.22,-1.0,0.2,-0.4,-1.0,0.03,0.06,-0.36,0.4,-0.7,"post-hoc, exploratory; designed and selected on training only"
cfb_20260102_navy_cin,CFB,60,placebo,CIN,1.767401607e+18,1.767401667e+18,2026-01-02,1.767401868978428e+18,201.978428,0.01,0.02,0.0,3568.0,0.02,-0.22,-1.0,0.2,-0.4,-1.0,0.03,0.06,-0.36,0.4,-0.7,"post-hoc, exploratory; designed and selected on training only"
cfb_20260102_navy_cin,CFB,180,placebo,CIN,1.767401607e+18,1.767401787e+18,2026-01-02,1.767401868978428e+18,81.978428,0.01,0.02,0.0,3568.0,0.02,-0.22,-1.0,0.2,-0.4,-1.0,0.03,0.06,-0.36,0.4,-0.7,"post-hoc, exploratory; designed and selected on training only"
nfl_20260104_dal_nyg,NFL,60,placebo,DAL,1.767560553e+18,1.767560613e+18,2026-01-04,1.767560628437035e+18,15.437035,0.01,0.02,0.0,5821.0,0.02,-0.22,-1.0,0.2,-0.4,-1.0,0.03,0.06,-0.36,0.4,-0.7,"post-hoc, exploratory; designed and selected on training only"
nfl_20260104_ari_la,NFL,60,placebo,ARI,1.767572251e+18,1.767572311e+18,2026-01-04,1.767572432217144e+18,121.217144,0.01,0.02,0.0,1402.0,0.02,-0.22,-1.0,0.2,-0.4,-1.0,0.03,0.06,-0.36,0.4,-0.7,"post-hoc, exploratory; designed and selected on training only"
nfl_20260104_ari_la,NFL,180,placebo,ARI,1.767572251e+18,1.767572431e+18,2026-01-04,1.767572432217144e+18,1.217144,0.01,0.02,0.0,1402.0,0.02,-0.22,-1.0,0.2,-0.4,-1.0,0.03,0.06,-0.36,0.4,-0.7,"post-hoc, exploratory; designed and selected on training only"
nfl_20260104_no_atl,NFL,60,placebo,NO,1.767560756e+18,1.767560816e+18,2026-01-04,1.767560825991134e+18,9.991134,0.01,0.02,0.0,3156.0,0.02,-0.22,-1.0,0.2,-0.4,-1.0,0.03,0.06,-0.36,0.4,-0.7,"post-hoc, exploratory; designed and selected on training only"
nfl_20260104_cle_cin,NFL,60,placebo,CIN,1.767559984e+18,1.767560044e+18,2026-01-04,1.767560045061133e+18,1.061133,0.01,0.02,0.0,94843.0,0.02,-0.22,-1.0,0.2,-0.4,-1.0,0.03,0.06,-0.36,0.4,-0.7,"post-hoc, exploratory; designed and selected on training only"
nfl_20260104_cle_cin,NFL,180,placebo,CIN,1.767559984e+18,1.767560164e+18,2026-01-04,1.767560169097035e+18,5.097035,0.01,0.02,0.0,1617.0,0.02,-0.22,-1.0,0.2,-0.4,-1.0,0.03,0.06,-0.36,0.4,-0.7,"post-hoc, exploratory; designed and selected on training only"
nfl_20260105_bal_pit,NFL,60,placebo,BAL,1.767587661e+18,1.767587721e+18,2026-01-04,1.767587722145503e+18,1.145503,0.01,0.02,0.0,122105.0,0.02,-0.22,-1.0,0.2,-0.4,-1.0,0.03,0.06,-0.36,0.4,-0.7,"post-hoc, exploratory; designed and selected on training only"
nfl_20260104_ind_hou,NFL,60,placebo,IND,1.767561186e+18,1.767561246e+18,2026-01-04,1.767561251310409e+18,5.310409,0.01,0.02,0.0,16388.0,0.02,-0.22,-1.0,0.2,-0.4,-1.0,0.03,0.06,-0.36,0.4,-0.7,"post-hoc, exploratory; designed and selected on training only"
nfl_20260104_kc_lv,NFL,60,placebo,KC,1.767572781e+18,1.767572841e+18,2026-01-04,1.767572842494477e+18,1.494477,0.01,0.02,0.0,38279.0,0.02,-0.22,-1.0,0.2,-0.4,-1.0,0.03,0.06,-0.36,0.4,-0.7,"post-hoc, exploratory; designed and selected on training only"
nfl_20260104_sea_sf,NFL,60,placebo,SF,1.767498363e+18,1.767498423e+18,2026-01-03,1.767498437408328e+18,14.408328,0.01,0.02,0.0,7111.0,0.02,-0.22,-1.0,0.2,-0.4,-1.0,0.03,0.06,-0.36,0.4,-0.7,"post-hoc, exploratory; designed and selected on training only"
nfl_20260104_sea_sf,NFL,180,placebo,SF,1.767498363e+18,1.767498543e+18,2026-01-03,1.767498553390606e+18,10.390606,0.01,0.02,0.0,5950.0,0.02,-0.22,-1.0,0.2,-0.4,-1.0,0.03,0.06,-0.36,0.4,-0.7,"post-hoc, exploratory; designed and selected on training only"
nfl_20260104_det_chi,NFL,60,placebo,CHI,1.767572318e+18,1.767572378e+18,2026-01-04,1.767572379247836e+18,1.247836,0.01,0.02,0.0,9278.0,0.02,-0.22,-1.0,0.2,-0.4,-1.0,0.03,0.06,-0.36,0.4,-0.7,"post-hoc, exploratory; designed and selected on training only"
nfl_20260104_nyj_buf,NFL,60,placebo,NYJ,1.767571957e+18,1.767572017e+18,2026-01-04,1.767572115139049e+18,98.139049,0.01,0.02,0.0,374.0,0.02,-0.22,-1.0,0.2,-0.4,-1.0,0.03,0.06,-0.36,0.4,-0.7,"post-hoc, exploratory; designed and selected on training only"
nfl_20260104_lac_den,NFL,60,placebo,LAC,1.767573287e+18,1.767573347e+18,2026-01-04,1.767573352169485e+18,5.169485,0.01,0.02,0.0,93.0,0.02,-0.22,-1.0,0.2,-0.4,-1.0,0.03,0.06,-0.36,0.4,-0.7,"post-hoc, exploratory; designed and selected on training only"
nfl_20260104_ten_jac,NFL,60,placebo,TEN,1.767559665e+18,1.767559725e+18,2026-01-04,1.767559765784163e+18,40.784163,0.01,0.02,0.0,90.0,0.02,-0.22,-1.0,0.2,-0.4,-1.0,0.03,0.06,-0.36,0.4,-0.7,"post-hoc, exploratory; designed and selected on training only"
nfl_20260103_car_tb,NFL,60,placebo,CAR,1.76748613e+18,1.76748619e+18,2026-01-03,1.767486191180748e+18,1.180748,0.01,0.02,0.0,10966.0,0.02,-0.22,-1.0,0.2,-0.4,-1.0,0.03,0.06,-0.36,0.4,-0.7,"post-hoc, exploratory; designed and selected on training only"
nfl_20260104_was_phi,NFL,60,placebo,PHI,1.767572795e+18,1.767572855e+18,2026-01-04,1.767572871094153e+18,16.094153,0.01,0.02,0.0,8059.0,0.02,-0.22,-1.0,0.2,-0.4,-1.0,0.03,0.06,-0.36,0.4,-0.7,"post-hoc, exploratory; designed and selected on training only"
nfl_20260104_was_phi,NFL,180,placebo,PHI,1.767572795e+18,1.767572975e+18,2026-01-04,1.767573017114507e+18,42.114507,0.01,0.02,0.0,1697.0,0.02,-0.22,-1.0,0.2,-0.4,-1.0,0.03,0.06,-0.36,0.4,-0.7,"post-hoc, exploratory; designed and selected on training only"
cfb_20260109_mia_miss,CFB,60,placebo,MISS,1.767932963e+18,1.767933023e+18,2026-01-08,1.767933026223347e+18,3.223347,0.01,0.02,0.0,7612.0,0.02,-0.22,-1.0,0.2,-0.4,-1.0,0.03,0.06,-0.36,0.4,-0.7,"post-hoc, exploratory; designed and selected on training only"
nfl_20260110_la_car,NFL,60,placebo,CAR,1.768092492e+18,1.768092552e+18,2026-01-10,1.768092555276766e+18,3.276766,0.01,0.02,0.0,16283.0,0.02,-0.22,-1.0,0.2,-0.4,-1.0,0.03,0.06,-0.36,0.4,-0.7,"post-hoc, exploratory; designed and selected on training only"
nfl_20260111_gb_chi,NFL,60,placebo,GB,1.768106084e+18,1.768106144e+18,2026-01-10,1.768106145054212e+18,1.054212,0.01,0.02,0.0,45366.0,0.02,-0.22,-1.0,0.2,-0.4,-1.0,0.03,0.06,-0.36,0.4,-0.7,"post-hoc, exploratory; designed and selected on training only"
nfl_20260112_lac_ne,NFL,60,placebo,LAC,1.768190684e+18,1.768190744e+18,2026-01-11,1.768190745929646e+18,1.929646,0.01,0.02,0.0,1503.0,0.02,-0.22,-1.0,0.2,-0.4,-1.0,0.03,0.06,-0.36,0.4,-0.7,"post-hoc, exploratory; designed and selected on training only"
nfl_20260111_buf_jac,NFL,60,placebo,JAC,1.768165527e+18,1.768165587e+18,2026-01-11,1.768165588181244e+18,1.181244,0.01,0.02,0.0,44277.0,0.02,-0.22,-1.0,0.2,-0.4,-1.0,0.03,0.06,-0.36,0.4,-0.7,"post-hoc, exploratory; designed and selected on training only"
nfl_20260111_sf_phi,NFL,60,placebo,PHI,1.768178734e+18,1.768178794e+18,2026-01-11,1.768178795172875e+18,1.172875,0.01,0.02,0.0,51070.0,0.02,-0.22,-1.0,0.2,-0.4,-1.0,0.03,0.06,-0.36,0.4,-0.7,"post-hoc, exploratory; designed and selected on training only"
nfl_20260113_hou_pit,NFL,60,placebo,PIT,1.768277634e+18,1.768277694e+18,2026-01-12,1.768277701976628e+18,7.976628,0.01,0.02,0.0,832.0,0.02,-0.22,-1.0,0.2,-0.4,-1.0,0.03,0.06,-0.36,0.4,-0.7,"post-hoc, exploratory; designed and selected on training only"
nfl_20260118_hou_ne,NFL,60,placebo,HOU,1.768778293e+18,1.768778353e+18,2026-01-18,1.768778356017767e+18,3.017767,0.01,0.02,0.0,1719.0,0.02,-0.22,-1.0,0.2,-0.4,-1.0,0.03,0.06,-0.36,0.4,-0.7,"post-hoc, exploratory; designed and selected on training only"
nfl_20260118_sf_sea,NFL,60,placebo,SF,1.7687096e+18,1.76870966e+18,2026-01-17,1.768709696864356e+18,36.864356,0.01,0.02,0.0,4027.0,0.02,-0.22,-1.0,0.2,-0.4,-1.0,0.03,0.06,-0.36,0.4,-0.7,"post-hoc, exploratory; designed and selected on training only"
nfl_20260118_la_chi,NFL,60,placebo,CHI,1.768791747e+18,1.768791807e+18,2026-01-18,1.768791808231305e+18,1.231305,0.01,0.02,0.0,101955.0,0.02,-0.22,-1.0,0.2,-0.4,-1.0,0.03,0.06,-0.36,0.4,-0.7,"post-hoc, exploratory; designed and selected on training only"
