trial_id,et_date,pnl,pnl_maker0
M1_h1_cap10_settle,2025-09-08,4.94,5.0
M1_h1_cap10_settle,2025-09-11,-0.16999999999999948,-0.05000000000000071
M1_h1_cap10_settle,2025-09-12,13.850000000000003,14.100000000000001
M1_h1_cap10_settle,2025-09-13,2.040000000000003,3.35
M1_h1_cap10_settle,2025-09-14,-9.729999999999995,-9.049999999999999
M1_h1_cap10_settle,2025-09-15,-3.8799999999999986,-3.6999999999999993
M1_h1_cap10_settle,2025-09-18,-1.7899999999999983,-1.6999999999999993
M1_h1_cap10_settle,2025-09-19,10.08,10.15
M1_h1_cap10_settle,2025-09-20,-11.029999999999992,-9.649999999999997
M1_h1_cap10_settle,2025-09-21,-17.029999999999998,-16.25
M1_h1_cap10_settle,2025-09-22,6.76,6.8
M1_h1_cap10_settle,2025-09-25,-0.10999999999999943,-0.04999999999999982
M1_h1_cap10_settle,2025-09-26,-10.619999999999997,-10.5
M1_h1_cap10_settle,2025-09-27,-1.3299999999999956,-0.2500000000000009
M1_h1_cap10_settle,2025-09-28,1.030000000000003,1.7500000000000009
M1_h1_cap10_settle,2025-09-29,-2.13,-2.1
M1_h1_cap10_settle,2025-10-02,-0.08000000000000096,0.0
M1_h1_cap10_settle,2025-10-03,-0.6799999999999999,-0.5500000000000007
M1_h1_cap10_settle,2025-10-04,8.57000000000001,9.6
M1_h1_cap10_settle,2025-10-05,0.9300000000000015,1.5999999999999979
M1_h1_cap10_settle,2025-10-06,-6.359999999999999,-6.3
M1_h1_cap10_settle,2025-10-08,-4.5600000000000005,-4.5
M1_h1_cap10_settle,2025-10-09,0.0,0.0
M1_h1_cap10_settle,2025-10-10,-9.07,-8.950000000000001
M1_h1_cap10_settle,2025-10-11,15.55000000000001,17.25
M1_h1_cap10_settle,2025-10-12,-6.269999999999996,-5.8
M1_h1_cap10_settle,2025-10-13,-0.1200000000000001,0.0
M1_h1_cap10_settle,2025-10-14,0.0,0.0
M1_h1_cap10_settle,2025-10-15,5.630000000000001,5.75
M1_h1_cap10_settle,2025-10-16,0.0,0.0
M1_h1_cap10_settle,2025-10-17,-2.0100000000000007,-1.8499999999999988
M1_h1_cap10_settle,2025-10-18,-11.489999999999997,-10.150000000000004
M1_h1_cap10_settle,2025-10-19,7.950000000000003,8.4
M1_h1_cap10_settle,2025-10-20,-1.57,-1.55
M1_h1_cap10_settle,2025-10-21,4.319999999999999,4.4
M1_h1_cap10_settle,2025-10-22,-0.27,-0.20000000000000018
M1_h1_cap10_settle,2025-10-23,0.0,0.0
M1_h1_cap10_settle,2025-10-24,-3.54,-3.5
M1_h1_cap10_settle,2025-10-25,-7.859999999999996,-6.600000000000003
M1_h1_cap10_settle,2025-10-26,-7.029999999999998,-6.749999999999998
M1_h1_cap10_settle,2025-10-27,0.0,0.0
M1_h1_cap10_settle,2025-10-28,-3.96,-3.9
M1_h1_cap10_settle,2025-10-29,0.0,0.04999999999999982
M1_h1_cap10_settle,2025-10-30,-0.2600000000000007,-0.10000000000000142
M1_h1_cap10_settle,2025-10-31,-0.02000000000000013,-3.3306690738754696e-16
M1_h1_cap10_settle,2025-11-01,-2.729999999999997,-1.750000000000003
M1_h1_cap10_settle,2025-11-02,5.230000000000006,5.8
M1_h1_cap10_settle,2025-11-03,0.0,0.0
M1_h1_cap10_settle,2025-11-04,-0.15999999999999837,0.0
M1_h1_cap10_settle,2025-11-05,1.2900000000000027,1.450000000000001
M1_h1_cap10_settle,2025-11-06,-0.7399999999999998,-0.6000000000000001
M1_h1_cap10_settle,2025-11-07,-3.7499999999999996,-3.5999999999999988
M1_h1_cap10_settle,2025-11-08,-4.490000000000002,-3.9500000000000024
M1_h1_cap10_settle,2025-11-09,-8.64,-8.25
M1_h1_cap10_settle,2025-11-10,0.0,0.0
M1_h1_cap10_settle,2025-11-11,3.4600000000000013,3.599999999999999
M1_h1_cap10_settle,2025-11-12,-1.790000000000001,-1.6000000000000005
M1_h1_cap10_settle,2025-11-13,-2.44,-2.4
M1_h1_cap10_settle,2025-11-14,0.2400000000000002,0.25
M1_h1_cap10_settle,2025-11-15,-13.719999999999999,-13.100000000000003
M1_h1_cap10_settle,2025-11-16,10.770000000000003,11.25
M1_h1_cap10_settle,2025-11-17,-1.8299999999999998,-1.7999999999999998
M1_h1_cap10_settle,2025-11-18,-3.060000000000001,-2.9
M1_h1_cap10_settle,2025-11-19,-0.1200000000000001,-8.881784197001252e-16
M1_h1_cap10_settle,2025-11-20,-0.75,-0.7000000000000002
M1_h1_cap10_settle,2025-11-21,-7.0600000000000005,-6.900000000000001
M1_h1_cap10_settle,2025-11-22,-4.909999999999996,-4.249999999999998
M1_h1_cap10_settle,2025-11-23,4.130000000000001,4.399999999999999
M1_h1_cap10_settle,2025-11-24,0.0,0.0
M1_h1_cap10_settle,2025-11-25,0.0,0.0
M1_h1_cap10_settle,2025-11-27,-0.13000000000000078,-0.05000000000000071
M1_h1_cap10_settle,2025-11-28,8.040000000000001,8.45
M1_h1_cap10_settle,2025-11-29,13.71,14.449999999999998
M1_h1_cap10_settle,2025-11-30,4.610000000000001,4.85
M1_h1_cap10_settle,2025-12-01,-2.54,-2.5
M1_h1_cap10_settle,2025-12-04,0.0,0.0
M1_h1_cap10_settle,2025-12-05,1.0499999999999994,1.25
M1_h1_cap10_settle,2025-12-06,-6.31,-6.25
M1_h1_cap10_settle,2025-12-07,12.750000000000004,13.100000000000001
M1_h1_cap10_settle,2025-12-08,-2.63,-2.6
M1_h1_cap10_settle,2025-12-11,3.58,3.5999999999999996
M1_h1_cap10_settle,2025-12-13,5.44,5.5
M1_h1_cap10_settle,2025-12-14,-3.709999999999999,-3.4499999999999993
M1_h1_cap10_settle,2025-12-15,-0.11999999999999922,0.0
M1_h1_cap10_settle,2025-12-16,-2.139999999999999,-2.049999999999999
M1_h1_cap10_settle,2025-12-17,8.360000000000001,8.450000000000001
M1_h1_cap10_settle,2025-12-18,-4.709999999999999,-4.65
M1_h1_cap10_settle,2025-12-19,2.5400000000000014,2.75
M1_h1_cap10_settle,2025-12-20,-1.0000000000000002,-0.8500000000000012
M1_h1_cap10_settle,2025-12-21,3.75,3.8999999999999995
M1_h1_cap10_settle,2025-12-22,-0.11999999999999922,0.0
M1_h1_cap10_settle,2025-12-23,1.6500000000000008,1.8000000000000007
M1_h1_cap10_settle,2025-12-24,-2.4299999999999997,-2.4
M1_h1_cap10_settle,2025-12-25,3.7199999999999998,3.8000000000000007
M1_h1_cap10_settle,2025-12-26,-1.1299999999999997,-1.05
M1_h1_cap10_settle,2025-12-27,-13.14,-12.700000000000001
M1_h1_cap10_settle,2025-12-28,-4.55,-4.45
M1_h1_cap10_settle,2025-12-29,0.0,0.0
M1_h1_cap10_settle,2025-12-30,1.81,1.9
M1_h1_cap10_settle,2025-12-31,1.7100000000000004,1.7999999999999998
M1_h1_cap10_settle,2026-01-01,6.65,6.75
M1_h1_cap10_settle,2026-01-02,-0.10999999999999943,0.0
M1_h1_cap10_settle,2026-01-03,-2.189999999999999,-2.0999999999999996
M1_h1_cap10_settle,2026-01-04,-0.7499999999999982,-0.5000000000000004
M1_h1_cap10_settle,2026-01-08,-1.9800000000000002,-1.9500000000000002
M1_h1_cap10_settle,2026-01-09,-3.9600000000000004,-3.9000000000000004
M1_h1_cap10_settle,2026-01-10,0.0,0.0
M1_h1_cap10_settle,2026-01-11,-9.7,-9.600000000000001
M1_h1_cap10_settle,2026-01-12,-2.0799999999999996,-2.05
M1_h1_cap10_settle,2026-01-17,-1.47,-1.45
M1_h1_cap10_settle,2026-01-18,0.0,0.0
M1_h1_cap10_exit,2025-09-08,-0.23999999999999932,-0.17999999999999972
M1_h1_cap10_exit,2025-09-11,-0.5099999999999998,-0.39000000000000057
M1_h1_cap10_exit,2025-09-12,-0.9799999999999989,-0.7299999999999989
M1_h1_cap10_exit,2025-09-13,-8.959999999999994,-7.6499999999999995
M1_h1_cap10_exit,2025-09-14,-3.3799999999999963,-2.699999999999998
M1_h1_cap10_exit,2025-09-15,-0.8099999999999983,-0.629999999999999
M1_h1_cap10_exit,2025-09-18,-0.5199999999999977,-0.4299999999999987
M1_h1_cap10_exit,2025-09-19,-0.3299999999999996,-0.2599999999999998
M1_h1_cap10_exit,2025-09-20,-8.799999999999994,-7.419999999999996
M1_h1_cap10_exit,2025-09-21,-4.329999999999998,-3.5500000000000003
M1_h1_cap10_exit,2025-09-22,-0.3900000000000001,-0.3500000000000001
M1_h1_cap10_exit,2025-09-25,-0.28999999999999915,-0.22999999999999954
M1_h1_cap10_exit,2025-09-26,-0.45999999999999863,-0.3399999999999994
M1_h1_cap10_exit,2025-09-27,-5.8799999999999955,-4.799999999999999
M1_h1_cap10_exit,2025-09-28,-3.6699999999999955,-2.9499999999999993
M1_h1_cap10_exit,2025-09-29,-0.17000000000000015,-0.14000000000000035
M1_h1_cap10_exit,2025-10-02,-0.3200000000000012,-0.23999999999999932
M1_h1_cap10_exit,2025-10-03,-0.679999999999999,-0.5499999999999998
M1_h1_cap10_exit,2025-10-04,-6.249999999999993,-5.219999999999998
M1_h1_cap10_exit,2025-10-05,-3.279999999999994,-2.6099999999999963
M1_h1_cap10_exit,2025-10-06,-0.3299999999999992,-0.2699999999999996
M1_h1_cap10_exit,2025-10-08,-0.6300000000000008,-0.5700000000000003
M1_h1_cap10_exit,2025-10-09,0.0,0.0
M1_h1_cap10_exit,2025-10-10,-0.77,-0.6500000000000004
M1_h1_cap10_exit,2025-10-11,-5.439999999999991,-3.7399999999999953
M1_h1_cap10_exit,2025-10-12,-2.6499999999999964,-2.1799999999999984
M1_h1_cap10_exit,2025-10-13,-0.71,-0.5899999999999999
M1_h1_cap10_exit,2025-10-14,0.0,0.0
M1_h1_cap10_exit,2025-10-15,-0.5799999999999987,-0.4599999999999995
M1_h1_cap10_exit,2025-10-16,0.0,0.0
M1_h1_cap10_exit,2025-10-17,3.2299999999999995,3.3900000000000006
M1_h1_cap10_exit,2025-10-18,-6.699999999999995,-5.359999999999999
M1_h1_cap10_exit,2025-10-19,-2.339999999999993,-1.8899999999999966
M1_h1_cap10_exit,2025-10-20,-0.15000000000000013,-0.13000000000000012
M1_h1_cap10_exit,2025-10-21,-0.7700000000000002,-0.6900000000000002
M1_h1_cap10_exit,2025-10-22,2.0,2.07
M1_h1_cap10_exit,2025-10-23,0.0,0.0
M1_h1_cap10_exit,2025-10-24,-0.20000000000000018,-0.16000000000000014
M1_h1_cap10_exit,2025-10-25,-2.129999999999992,-0.8699999999999979
M1_h1_cap10_exit,2025-10-26,-1.5499999999999963,-1.2699999999999974
M1_h1_cap10_exit,2025-10-27,0.0,0.0
M1_h1_cap10_exit,2025-10-28,-0.4199999999999997,-0.35999999999999965
M1_h1_cap10_exit,2025-10-29,-0.20999999999999996,-0.16000000000000014
M1_h1_cap10_exit,2025-10-30,-0.9899999999999993,-0.8299999999999992
M1_h1_cap10_exit,2025-10-31,-0.1499999999999998,-0.13
M1_h1_cap10_exit,2025-11-01,-5.229999999999996,-4.250000000000002
M1_h1_cap10_exit,2025-11-02,-3.069999999999995,-2.4999999999999982
M1_h1_cap10_exit,2025-11-03,0.0,0.0
M1_h1_cap10_exit,2025-11-04,-0.6899999999999973,-0.5299999999999989
M1_h1_cap10_exit,2025-11-05,-0.7399999999999975,-0.5799999999999992
M1_h1_cap10_exit,2025-11-06,-0.6699999999999999,-0.5300000000000002
M1_h1_cap10_exit,2025-11-07,-0.94,-0.7899999999999991
M1_h1_cap10_exit,2025-11-08,-2.9899999999999975,-2.4499999999999993
M1_h1_cap10_exit,2025-11-09,-2.2600000000000007,-1.870000000000001
M1_h1_cap10_exit,2025-11-10,0.0,0.0
M1_h1_cap10_exit,2025-11-11,-0.6799999999999993,-0.54
M1_h1_cap10_exit,2025-11-12,-1.1800000000000002,-0.9899999999999998
M1_h1_cap10_exit,2025-11-13,-0.2699999999999996,-0.22999999999999954
M1_h1_cap10_exit,2025-11-14,-0.02999999999999936,-0.019999999999999574
M1_h1_cap10_exit,2025-11-15,-5.3999999999999995,-4.780000000000003
M1_h1_cap10_exit,2025-11-16,-2.6399999999999983,-2.16
M1_h1_cap10_exit,2025-11-17,-0.15999999999999992,-0.1299999999999999
M1_h1_cap10_exit,2025-11-18,-1.0599999999999992,-0.8999999999999999
M1_h1_cap10_exit,2025-11-19,-0.5799999999999983,-0.4599999999999991
M1_h1_cap10_exit,2025-11-20,-0.27,-0.2200000000000002
M1_h1_cap10_exit,2025-11-21,-0.7699999999999996,-0.6100000000000003
M1_h1_cap10_exit,2025-11-22,-2.9099999999999953,-2.2499999999999982
M1_h1_cap10_exit,2025-11-23,-1.3699999999999983,-1.100000000000001
M1_h1_cap10_exit,2025-11-24,0.0,0.0
M1_h1_cap10_exit,2025-11-25,0.0,0.0
M1_h1_cap10_exit,2025-11-27,-0.4900000000000002,-0.41000000000000014
M1_h1_cap10_exit,2025-11-28,-1.9799999999999958,-1.5699999999999983
M1_h1_cap10_exit,2025-11-29,-9.209999999999996,-8.469999999999999
M1_h1_cap10_exit,2025-11-30,-1.4000000000000001,-1.16
M1_h1_cap10_exit,2025-12-01,-0.27,-0.22999999999999998
M1_h1_cap10_exit,2025-12-04,0.0,0.0
M1_h1_cap10_exit,2025-12-05,-0.9799999999999993,-0.7800000000000002
M1_h1_cap10_exit,2025-12-06,-0.28999999999999915,-0.22999999999999954
M1_h1_cap10_exit,2025-12-07,-2.049999999999999,-1.6999999999999995
M1_h1_cap10_exit,2025-12-08,-0.16999999999999993,-0.14000000000000012
M1_h1_cap10_exit,2025-12-11,-0.14000000000000012,-0.1200000000000001
M1_h1_cap10_exit,2025-12-13,-0.1399999999999988,-0.07999999999999918
M1_h1_cap10_exit,2025-12-14,-1.5899999999999987,-1.3299999999999974
M1_h1_cap10_exit,2025-12-15,-0.5599999999999996,-0.4400000000000004
M1_h1_cap10_exit,2025-12-16,-0.29999999999999893,-0.20999999999999952
M1_h1_cap10_exit,2025-12-17,-0.5099999999999985,-0.4199999999999988
M1_h1_cap10_exit,2025-12-18,-0.2899999999999996,-0.22999999999999998
M1_h1_cap10_exit,2025-12-19,-0.8699999999999981,-0.6599999999999995
M1_h1_cap10_exit,2025-12-20,-0.819999999999999,-0.6700000000000008
M1_h1_cap10_exit,2025-12-21,-0.74,-0.5900000000000003
M1_h1_cap10_exit,2025-12-22,-0.47999999999999865,-0.35999999999999943
M1_h1_cap10_exit,2025-12-23,-0.6899999999999984,-0.5399999999999985
M1_h1_cap10_exit,2025-12-24,-0.16999999999999993,-0.14000000000000012
M1_h1_cap10_exit,2025-12-25,-0.5199999999999991,-0.4399999999999995
M1_h1_cap10_exit,2025-12-26,-0.4699999999999991,-0.38999999999999946
M1_h1_cap10_exit,2025-12-27,-2.329999999999998,-1.8900000000000001
M1_h1_cap10_exit,2025-12-28,-0.6199999999999999,-0.52
M1_h1_cap10_exit,2025-12-29,0.0,0.0
M1_h1_cap10_exit,2025-12-30,-0.4499999999999993,-0.35999999999999943
M1_h1_cap10_exit,2025-12-31,-0.4599999999999995,-0.3700000000000001
M1_h1_cap10_exit,2026-01-01,-0.8899999999999988,-0.7899999999999991
M1_h1_cap10_exit,2026-01-02,-0.6299999999999992,-0.5199999999999996
M1_h1_cap10_exit,2026-01-03,-0.5099999999999993,-0.41999999999999993
M1_h1_cap10_exit,2026-01-04,-1.8899999999999983,-1.6400000000000006
M1_h1_cap10_exit,2026-01-08,-0.1200000000000001,-0.09000000000000008
M1_h1_cap10_exit,2026-01-09,-0.3300000000000005,-0.27000000000000046
M1_h1_cap10_exit,2026-01-10,0.0,0.0
M1_h1_cap10_exit,2026-01-11,-0.6299999999999994,-0.5299999999999998
M1_h1_cap10_exit,2026-01-12,-0.1699999999999997,-0.1399999999999999
M1_h1_cap10_exit,2026-01-17,-0.1499999999999999,-0.1299999999999999
M1_h1_cap10_exit,2026-01-18,0.0,0.0
M1_h1_cap30_settle,2025-09-08,9.88,10.0
M1_h1_cap30_settle,2025-09-11,-2.1499999999999995,-2.000000000000001
M1_h1_cap30_settle,2025-09-12,17.140000000000004,17.650000000000002
M1_h1_cap30_settle,2025-09-13,8.830000000000007,10.800000000000004
M1_h1_cap30_settle,2025-09-14,-17.479999999999986,-16.1
M1_h1_cap30_settle,2025-09-15,-5.929999999999996,-5.4499999999999975
M1_h1_cap30_settle,2025-09-18,0.9300000000000024,1.0999999999999996
M1_h1_cap30_settle,2025-09-19,10.08,10.15
M1_h1_cap30_settle,2025-09-20,-0.2799999999999846,1.8500000000000014
M1_h1_cap30_settle,2025-09-21,-31.309999999999995,-30.099999999999998
M1_h1_cap30_settle,2025-09-22,13.52,13.6
M1_h1_cap30_settle,2025-09-25,-0.10999999999999943,-0.04999999999999982
M1_h1_cap30_settle,2025-09-26,-31.639999999999993,-31.35
M1_h1_cap30_settle,2025-09-27,-5.519999999999994,-4.250000000000003
M1_h1_cap30_settle,2025-09-28,10.030000000000001,11.05
M1_h1_cap30_settle,2025-09-29,-2.13,-2.1
M1_h1_cap30_settle,2025-10-02,7.739999999999997,7.900000000000001
M1_h1_cap30_settle,2025-10-03,-3.58,-3.3000000000000007
M1_h1_cap30_settle,2025-10-04,36.58000000000002,38.1
M1_h1_cap30_settle,2025-10-05,4.84,5.699999999999996
M1_h1_cap30_settle,2025-10-06,-9.489999999999998,-9.4
M1_h1_cap30_settle,2025-10-08,-4.5600000000000005,-4.5
M1_h1_cap30_settle,2025-10-09,0.0,0.0
M1_h1_cap30_settle,2025-10-10,-11.9,-11.75
M1_h1_cap30_settle,2025-10-11,10.680000000000005,13.399999999999999
M1_h1_cap30_settle,2025-10-12,-13.599999999999996,-13.05
M1_h1_cap30_settle,2025-10-13,-0.15999999999999925,0.0
M1_h1_cap30_settle,2025-10-14,0.0,0.0
M1_h1_cap30_settle,2025-10-15,5.630000000000001,5.75
M1_h1_cap30_settle,2025-10-16,0.0,0.0
M1_h1_cap30_settle,2025-10-17,-7.67,-7.449999999999998
M1_h1_cap30_settle,2025-10-18,-37.239999999999995,-34.95
M1_h1_cap30_settle,2025-10-19,10.239999999999998,10.900000000000004
M1_h1_cap30_settle,2025-10-20,-1.57,-1.55
M1_h1_cap30_settle,2025-10-21,4.319999999999999,4.4
M1_h1_cap30_settle,2025-10-22,-0.27,-0.20000000000000018
M1_h1_cap30_settle,2025-10-23,0.0,0.0
M1_h1_cap30_settle,2025-10-24,-7.2,-7.1
M1_h1_cap30_settle,2025-10-25,11.770000000000001,13.399999999999995
M1_h1_cap30_settle,2025-10-26,-6.299999999999997,-5.849999999999998
M1_h1_cap30_settle,2025-10-27,0.0,0.0
M1_h1_cap30_settle,2025-10-28,-5.380000000000001,-5.3
M1_h1_cap30_settle,2025-10-29,0.0,0.04999999999999982
M1_h1_cap30_settle,2025-10-30,3.1199999999999988,3.299999999999999
M1_h1_cap30_settle,2025-10-31,-0.02000000000000013,-3.3306690738754696e-16
M1_h1_cap30_settle,2025-11-01,0.3400000000000035,1.4999999999999933
M1_h1_cap30_settle,2025-11-02,-1.8899999999999917,-1.1000000000000023
M1_h1_cap30_settle,2025-11-03,0.0,0.0
M1_h1_cap30_settle,2025-11-04,-0.15999999999999837,0.0
M1_h1_cap30_settle,2025-11-05,-0.8499999999999979,-0.5999999999999979
M1_h1_cap30_settle,2025-11-06,-4.050000000000001,-3.85
M1_h1_cap30_settle,2025-11-07,-1.2300000000000004,-1.049999999999999
M1_h1_cap30_settle,2025-11-08,-7.310000000000002,-6.650000000000002
M1_h1_cap30_settle,2025-11-09,-17.23,-16.7
M1_h1_cap30_settle,2025-11-10,0.0,0.0
M1_h1_cap30_settle,2025-11-11,3.4600000000000013,3.599999999999999
M1_h1_cap30_settle,2025-11-12,-2.380000000000001,-2.150000000000002
M1_h1_cap30_settle,2025-11-13,-2.44,-2.4
M1_h1_cap30_settle,2025-11-14,0.2400000000000002,0.25
M1_h1_cap30_settle,2025-11-15,-5.359999999999995,-4.550000000000002
M1_h1_cap30_settle,2025-11-16,4.380000000000004,5.100000000000003
M1_h1_cap30_settle,2025-11-17,-1.8299999999999998,-1.7999999999999998
M1_h1_cap30_settle,2025-11-18,-3.3399999999999985,-3.0000000000000013
M1_h1_cap30_settle,2025-11-19,6.6899999999999995,6.899999999999999
M1_h1_cap30_settle,2025-11-20,-0.75,-0.7000000000000002
M1_h1_cap30_settle,2025-11-21,-15.05,-14.750000000000002
M1_h1_cap30_settle,2025-11-22,-15.699999999999994,-14.85
M1_h1_cap30_settle,2025-11-23,9.220000000000002,9.549999999999997
M1_h1_cap30_settle,2025-11-24,0.0,0.0
M1_h1_cap30_settle,2025-11-25,0.0,0.0
M1_h1_cap30_settle,2025-11-27,11.52,11.700000000000003
M1_h1_cap30_settle,2025-11-28,5.65,6.149999999999998
M1_h1_cap30_settle,2025-11-29,18.41,19.249999999999996
M1_h1_cap30_settle,2025-11-30,6.730000000000002,7.1
M1_h1_cap30_settle,2025-12-01,-3.81,-3.75
M1_h1_cap30_settle,2025-12-04,0.0,0.0
M1_h1_cap30_settle,2025-12-05,1.0499999999999994,1.25
M1_h1_cap30_settle,2025-12-06,-6.31,-6.25
M1_h1_cap30_settle,2025-12-07,17.660000000000004,18.05
M1_h1_cap30_settle,2025-12-08,-2.63,-2.6
M1_h1_cap30_settle,2025-12-11,3.58,3.5999999999999996
M1_h1_cap30_settle,2025-12-13,13.500000000000002,13.649999999999999
M1_h1_cap30_settle,2025-12-14,-2.539999999999997,-2.1999999999999966
M1_h1_cap30_settle,2025-12-15,5.280000000000001,5.550000000000001
M1_h1_cap30_settle,2025-12-16,-2.139999999999999,-2.049999999999999
M1_h1_cap30_settle,2025-12-17,8.360000000000001,8.450000000000001
M1_h1_cap30_settle,2025-12-18,-4.709999999999999,-4.65
M1_h1_cap30_settle,2025-12-19,0.4500000000000015,0.75
M1_h1_cap30_settle,2025-12-20,-7.330000000000001,-7.0500000000000025
M1_h1_cap30_settle,2025-12-21,3.75,3.8999999999999995
M1_h1_cap30_settle,2025-12-22,4.800000000000001,5.100000000000005
M1_h1_cap30_settle,2025-12-23,7.19,7.4
M1_h1_cap30_settle,2025-12-24,-2.4299999999999997,-2.4
M1_h1_cap30_settle,2025-12-25,3.7199999999999998,3.8000000000000007
M1_h1_cap30_settle,2025-12-26,-1.1299999999999997,-1.05
M1_h1_cap30_settle,2025-12-27,-25.04,-24.450000000000003
M1_h1_cap30_settle,2025-12-28,-4.55,-4.45
M1_h1_cap30_settle,2025-12-29,0.0,0.0
M1_h1_cap30_settle,2025-12-30,1.81,1.9
M1_h1_cap30_settle,2025-12-31,1.7100000000000004,1.7999999999999998
M1_h1_cap30_settle,2026-01-01,14.360000000000001,14.55
M1_h1_cap30_settle,2026-01-02,-0.10999999999999943,0.0
M1_h1_cap30_settle,2026-01-03,-2.189999999999999,-2.0999999999999996
M1_h1_cap30_settle,2026-01-04,-0.7499999999999982,-0.5000000000000004
M1_h1_cap30_settle,2026-01-08,-1.9800000000000002,-1.9500000000000002
M1_h1_cap30_settle,2026-01-09,-5.94,-5.8500000000000005
M1_h1_cap30_settle,2026-01-10,0.0,0.0
M1_h1_cap30_settle,2026-01-11,-11.469999999999999,-11.350000000000001
M1_h1_cap30_settle,2026-01-12,-2.0799999999999996,-2.05
M1_h1_cap30_settle,2026-01-17,-1.47,-1.45
M1_h1_cap30_settle,2026-01-18,0.0,0.0
M1_h1_cap30_exit,2025-09-08,-0.46999999999999886,-0.34999999999999964
M1_h1_cap30_exit,2025-09-11,-0.6699999999999999,-0.5200000000000005
M1_h1_cap30_exit,2025-09-12,-2.2799999999999985,-1.7699999999999998
M1_h1_cap30_exit,2025-09-13,-11.549999999999992,-9.579999999999998
M1_h1_cap30_exit,2025-09-14,-6.499999999999989,-5.119999999999999
M1_h1_cap30_exit,2025-09-15,-2.1899999999999995,-1.7100000000000009
M1_h1_cap30_exit,2025-09-18,-0.9799999999999968,-0.8099999999999995
M1_h1_cap30_exit,2025-09-19,-0.3299999999999996,-0.2599999999999998
M1_h1_cap30_exit,2025-09-20,-11.869999999999989,-9.739999999999998
M1_h1_cap30_exit,2025-09-21,-6.789999999999997,-5.580000000000003
M1_h1_cap30_exit,2025-09-22,-0.7800000000000002,-0.7000000000000002
M1_h1_cap30_exit,2025-09-25,-0.28999999999999915,-0.22999999999999954
M1_h1_cap30_exit,2025-09-26,-1.1599999999999961,-0.8700000000000006
M1_h1_cap30_exit,2025-09-27,-6.859999999999996,-5.589999999999999
M1_h1_cap30_exit,2025-09-28,-5.169999999999998,-4.150000000000003
M1_h1_cap30_exit,2025-09-29,-0.17000000000000015,-0.14000000000000035
M1_h1_cap30_exit,2025-10-02,-0.6400000000000006,-0.4799999999999969
M1_h1_cap30_exit,2025-10-03,-1.3099999999999963,-1.0299999999999985
M1_h1_cap30_exit,2025-10-04,-8.689999999999987,-7.170000000000005
M1_h1_cap30_exit,2025-10-05,-4.129999999999995,-3.269999999999997
M1_h1_cap30_exit,2025-10-06,-0.4399999999999977,-0.34999999999999964
M1_h1_cap30_exit,2025-10-08,-0.6300000000000008,-0.5700000000000003
M1_h1_cap30_exit,2025-10-09,0.0,0.0
M1_h1_cap30_exit,2025-10-10,-0.9300000000000002,-0.7800000000000002
M1_h1_cap30_exit,2025-10-11,-9.859999999999992,-7.140000000000003
M1_h1_cap30_exit,2025-10-12,-3.0199999999999956,-2.4699999999999984
M1_h1_cap30_exit,2025-10-13,-0.9600000000000017,-0.8000000000000007
M1_h1_cap30_exit,2025-10-14,0.0,0.0
M1_h1_cap30_exit,2025-10-15,-0.5799999999999987,-0.4599999999999995
M1_h1_cap30_exit,2025-10-16,0.0,0.0
M1_h1_cap30_exit,2025-10-17,2.9499999999999975,3.169999999999998
M1_h1_cap30_exit,2025-10-18,-11.599999999999987,-9.310000000000008
M1_h1_cap30_exit,2025-10-19,-3.2699999999999965,-2.6099999999999928
M1_h1_cap30_exit,2025-10-20,-0.15000000000000013,-0.13000000000000012
M1_h1_cap30_exit,2025-10-21,-0.7700000000000002,-0.6900000000000002
M1_h1_cap30_exit,2025-10-22,2.0,2.07
M1_h1_cap30_exit,2025-10-23,0.0,0.0
M1_h1_cap30_exit,2025-10-24,-0.5200000000000005,-0.41999999999999993
M1_h1_cap30_exit,2025-10-25,-4.1499999999999915,-2.5199999999999974
M1_h1_cap30_exit,2025-10-26,-2.5899999999999954,-2.1399999999999966
M1_h1_cap30_exit,2025-10-27,0.0,0.0
M1_h1_cap30_exit,2025-10-28,-0.5100000000000005,-0.42999999999999994
M1_h1_cap30_exit,2025-10-29,-0.20999999999999996,-0.16000000000000014
M1_h1_cap30_exit,2025-10-30,-1.080000000000001,-0.9000000000000004
M1_h1_cap30_exit,2025-10-31,-0.1499999999999998,-0.13
M1_h1_cap30_exit,2025-11-01,-5.959999999999998,-4.800000000000004
M1_h1_cap30_exit,2025-11-02,-4.049999999999992,-3.259999999999998
M1_h1_cap30_exit,2025-11-03,0.0,0.0
M1_h1_cap30_exit,2025-11-04,-0.6899999999999973,-0.5299999999999989
M1_h1_cap30_exit,2025-11-05,-1.189999999999996,-0.9399999999999977
M1_h1_cap30_exit,2025-11-06,-0.9700000000000006,-0.7700000000000005
M1_h1_cap30_exit,2025-11-07,-1.1600000000000006,-0.9799999999999995
M1_h1_cap30_exit,2025-11-08,-3.4700000000000006,-2.8100000000000014
M1_h1_cap30_exit,2025-11-09,-2.980000000000002,-2.450000000000003
M1_h1_cap30_exit,2025-11-10,0.0,0.0
M1_h1_cap30_exit,2025-11-11,-0.6799999999999993,-0.54
M1_h1_cap30_exit,2025-11-12,-1.4199999999999986,-1.189999999999999
M1_h1_cap30_exit,2025-11-13,-0.2699999999999996,-0.22999999999999954
M1_h1_cap30_exit,2025-11-14,-0.02999999999999936,-0.019999999999999574
M1_h1_cap30_exit,2025-11-15,-6.339999999999994,-5.529999999999999
M1_h1_cap30_exit,2025-11-16,-3.8499999999999983,-3.13
M1_h1_cap30_exit,2025-11-17,-0.15999999999999992,-0.1299999999999999
M1_h1_cap30_exit,2025-11-18,-2.0099999999999976,-1.6700000000000004
M1_h1_cap30_exit,2025-11-19,-1.0799999999999992,-0.8699999999999992
M1_h1_cap30_exit,2025-11-20,-0.27,-0.2200000000000002
M1_h1_cap30_exit,2025-11-21,-1.3800000000000008,-1.08
M1_h1_cap30_exit,2025-11-22,-3.6699999999999995,-2.820000000000004
M1_h1_cap30_exit,2025-11-23,-1.6399999999999983,-1.3100000000000018
M1_h1_cap30_exit,2025-11-24,0.0,0.0
M1_h1_cap30_exit,2025-11-25,0.0,0.0
M1_h1_cap30_exit,2025-11-27,-0.8899999999999988,-0.7100000000000009
M1_h1_cap30_exit,2025-11-28,-2.2799999999999976,-1.7800000000000018
M1_h1_cap30_exit,2025-11-29,-9.719999999999995,-8.88
M1_h1_cap30_exit,2025-11-30,-2.0399999999999996,-1.6700000000000004
M1_h1_cap30_exit,2025-12-01,-0.4100000000000006,-0.35000000000000053
M1_h1_cap30_exit,2025-12-04,0.0,0.0
M1_h1_cap30_exit,2025-12-05,-0.9799999999999993,-0.7800000000000002
M1_h1_cap30_exit,2025-12-06,-0.28999999999999915,-0.22999999999999954
M1_h1_cap30_exit,2025-12-07,-2.339999999999999,-1.9499999999999986
M1_h1_cap30_exit,2025-12-08,-0.16999999999999993,-0.14000000000000012
M1_h1_cap30_exit,2025-12-11,-0.14000000000000012,-0.1200000000000001
M1_h1_cap30_exit,2025-12-13,-0.4399999999999977,-0.2900000000000009
M1_h1_cap30_exit,2025-12-14,-2.080000000000002,-1.7400000000000002
M1_h1_cap30_exit,2025-12-15,-1.1600000000000001,-0.8900000000000006
M1_h1_cap30_exit,2025-12-16,-0.29999999999999893,-0.20999999999999952
M1_h1_cap30_exit,2025-12-17,-0.5099999999999985,-0.4199999999999988
M1_h1_cap30_exit,2025-12-18,-0.2899999999999996,-0.22999999999999998
M1_h1_cap30_exit,2025-12-19,-1.2199999999999978,-0.9199999999999993
M1_h1_cap30_exit,2025-12-20,-1.3799999999999972,-1.1000000000000014
M1_h1_cap30_exit,2025-12-21,-0.74,-0.5900000000000003
M1_h1_cap30_exit,2025-12-22,-1.1799999999999997,-0.8800000000000008
M1_h1_cap30_exit,2025-12-23,-0.9199999999999988,-0.7099999999999984
M1_h1_cap30_exit,2025-12-24,-0.16999999999999993,-0.14000000000000012
M1_h1_cap30_exit,2025-12-25,-0.5199999999999991,-0.4399999999999995
M1_h1_cap30_exit,2025-12-26,-0.4699999999999991,-0.38999999999999946
M1_h1_cap30_exit,2025-12-27,-3.049999999999999,-2.4600000000000013
M1_h1_cap30_exit,2025-12-28,-0.6199999999999999,-0.52
M1_h1_cap30_exit,2025-12-29,0.0,0.0
M1_h1_cap30_exit,2025-12-30,-0.4499999999999993,-0.35999999999999943
M1_h1_cap30_exit,2025-12-31,-0.4599999999999995,-0.3700000000000001
M1_h1_cap30_exit,2026-01-01,-1.5399999999999983,-1.3499999999999996
M1_h1_cap30_exit,2026-01-02,-0.6299999999999992,-0.5199999999999996
M1_h1_cap30_exit,2026-01-03,-0.5099999999999993,-0.41999999999999993
M1_h1_cap30_exit,2026-01-04,-1.8899999999999983,-1.6400000000000006
M1_h1_cap30_exit,2026-01-08,-0.1200000000000001,-0.09000000000000008
M1_h1_cap30_exit,2026-01-09,-0.4900000000000002,-0.40000000000000036
M1_h1_cap30_exit,2026-01-10,0.0,0.0
M1_h1_cap30_exit,2026-01-11,-0.7799999999999989,-0.6599999999999997
M1_h1_cap30_exit,2026-01-12,-0.1699999999999997,-0.1399999999999999
M1_h1_cap30_exit,2026-01-17,-0.1499999999999999,-0.1299999999999999
M1_h1_cap30_exit,2026-01-18,0.0,0.0
M1_h2_cap10_settle,2025-09-08,0.0,0.0
M1_h2_cap10_settle,2025-09-11,0.0,0.0
M1_h2_cap10_settle,2025-09-12,0.0,0.0
M1_h2_cap10_settle,2025-09-13,-2.55,-2.5
M1_h2_cap10_settle,2025-09-14,0.0,0.0
M1_h2_cap10_settle,2025-09-15,0.0,0.0
M1_h2_cap10_settle,2025-09-18,0.0,0.0
M1_h2_cap10_settle,2025-09-19,0.0,0.0
M1_h2_cap10_settle,2025-09-20,1.8799999999999992,1.9499999999999993
M1_h2_cap10_settle,2025-09-21,-3.9200000000000004,-3.9000000000000004
M1_h2_cap10_settle,2025-09-22,0.0,0.0
M1_h2_cap10_settle,2025-09-25,0.0,0.0
M1_h2_cap10_settle,2025-09-26,0.0,0.0
M1_h2_cap10_settle,2025-09-27,1.7200000000000009,1.8000000000000007
M1_h2_cap10_settle,2025-09-28,2.8200000000000003,2.85
M1_h2_cap10_settle,2025-09-29,0.0,0.0
M1_h2_cap10_settle,2025-10-02,0.0,0.0
M1_h2_cap10_settle,2025-10-03,0.0,0.0
M1_h2_cap10_settle,2025-10-04,0.0,0.0
M1_h2_cap10_settle,2025-10-05,0.0,0.0
M1_h2_cap10_settle,2025-10-06,0.0,0.0
M1_h2_cap10_settle,2025-10-08,0.0,0.0
M1_h2_cap10_settle,2025-10-09,0.0,0.0
M1_h2_cap10_settle,2025-10-10,0.0,0.0
M1_h2_cap10_settle,2025-10-11,-5.13,-5.05
M1_h2_cap10_settle,2025-10-12,0.0,0.0
M1_h2_cap10_settle,2025-10-13,0.0,0.0
M1_h2_cap10_settle,2025-10-14,0.0,0.0
M1_h2_cap10_settle,2025-10-15,0.0,0.0
M1_h2_cap10_settle,2025-10-16,0.0,0.0
M1_h2_cap10_settle,2025-10-17,0.0,0.0
M1_h2_cap10_settle,2025-10-18,4.130000000000001,4.25
M1_h2_cap10_settle,2025-10-19,0.0,0.0
M1_h2_cap10_settle,2025-10-20,0.0,0.0
M1_h2_cap10_settle,2025-10-21,0.0,0.0
M1_h2_cap10_settle,2025-10-22,0.0,0.0
M1_h2_cap10_settle,2025-10-23,0.0,0.0
M1_h2_cap10_settle,2025-10-24,0.0,0.0
M1_h2_cap10_settle,2025-10-25,2.72,2.75
M1_h2_cap10_settle,2025-10-26,0.0,0.0
M1_h2_cap10_settle,2025-10-27,0.0,0.0
M1_h2_cap10_settle,2025-10-28,0.0,0.0
M1_h2_cap10_settle,2025-10-29,0.0,0.0
M1_h2_cap10_settle,2025-10-30,0.0,0.0
M1_h2_cap10_settle,2025-10-31,0.0,0.0
M1_h2_cap10_settle,2025-11-01,0.0,0.0
M1_h2_cap10_settle,2025-11-02,0.0,0.0
M1_h2_cap10_settle,2025-11-03,0.0,0.0
M1_h2_cap10_settle,2025-11-04,0.0,0.0
M1_h2_cap10_settle,2025-11-05,0.0,0.0
M1_h2_cap10_settle,2025-11-06,0.0,0.0
M1_h2_cap10_settle,2025-11-07,0.0,0.0
M1_h2_cap10_settle,2025-11-08,-4.25,-4.2
M1_h2_cap10_settle,2025-11-09,0.0,0.0
M1_h2_cap10_settle,2025-11-10,0.0,0.0
M1_h2_cap10_settle,2025-11-11,0.0,0.0
M1_h2_cap10_settle,2025-11-12,-1.6700000000000002,-1.6500000000000001
M1_h2_cap10_settle,2025-11-13,0.0,0.0
M1_h2_cap10_settle,2025-11-14,0.0,0.0
M1_h2_cap10_settle,2025-11-15,-0.8599999999999999,-0.8000000000000003
M1_h2_cap10_settle,2025-11-16,0.0,0.0
M1_h2_cap10_settle,2025-11-17,0.0,0.0
M1_h2_cap10_settle,2025-11-18,-5.56,-5.5
M1_h2_cap10_settle,2025-11-19,0.0,0.0
M1_h2_cap10_settle,2025-11-20,0.0,0.0
M1_h2_cap10_settle,2025-11-21,0.0,0.0
M1_h2_cap10_settle,2025-11-22,-3.1799999999999975,-3.049999999999998
M1_h2_cap10_settle,2025-11-23,0.40000000000000036,0.4500000000000002
M1_h2_cap10_settle,2025-11-24,0.0,0.0
M1_h2_cap10_settle,2025-11-25,0.0,0.0
M1_h2_cap10_settle,2025-11-27,0.0,0.0
M1_h2_cap10_settle,2025-11-28,-0.66,-0.65
M1_h2_cap10_settle,2025-11-29,0.0,0.0
M1_h2_cap10_settle,2025-11-30,-1.73,-1.6499999999999995
M1_h2_cap10_settle,2025-12-01,0.0,0.0
M1_h2_cap10_settle,2025-12-04,0.0,0.0
M1_h2_cap10_settle,2025-12-05,0.0,0.0
M1_h2_cap10_settle,2025-12-06,0.0,0.0
M1_h2_cap10_settle,2025-12-07,0.0,0.0
M1_h2_cap10_settle,2025-12-08,0.0,0.0
M1_h2_cap10_settle,2025-12-11,0.0,0.0
M1_h2_cap10_settle,2025-12-13,5.44,5.5
M1_h2_cap10_settle,2025-12-14,0.0,0.0
M1_h2_cap10_settle,2025-12-15,0.0,0.0
M1_h2_cap10_settle,2025-12-16,0.0,0.0
M1_h2_cap10_settle,2025-12-17,0.0,0.0
M1_h2_cap10_settle,2025-12-18,0.0,0.0
M1_h2_cap10_settle,2025-12-19,0.0,0.0
M1_h2_cap10_settle,2025-12-20,0.0,0.0
M1_h2_cap10_settle,2025-12-21,0.0,0.0
M1_h2_cap10_settle,2025-12-22,2.5700000000000003,2.6
M1_h2_cap10_settle,2025-12-23,0.0,0.0
M1_h2_cap10_settle,2025-12-24,0.0,0.0
M1_h2_cap10_settle,2025-12-25,0.0,0.0
M1_h2_cap10_settle,2025-12-26,0.0,0.0
M1_h2_cap10_settle,2025-12-27,-4.09,-4.0
M1_h2_cap10_settle,2025-12-28,0.0,0.0
M1_h2_cap10_settle,2025-12-29,0.0,0.0
M1_h2_cap10_settle,2025-12-30,0.0,0.0
M1_h2_cap10_settle,2025-12-31,0.0,0.0
M1_h2_cap10_settle,2026-01-01,0.0,0.0
M1_h2_cap10_settle,2026-01-02,0.0,0.0
M1_h2_cap10_settle,2026-01-03,0.0,0.0
M1_h2_cap10_settle,2026-01-04,-5.92,-5.8500000000000005
M1_h2_cap10_settle,2026-01-08,0.0,0.0
M1_h2_cap10_settle,2026-01-09,0.0,0.0
M1_h2_cap10_settle,2026-01-10,0.0,0.0
M1_h2_cap10_settle,2026-01-11,0.0,0.0
M1_h2_cap10_settle,2026-01-12,0.0,0.0
M1_h2_cap10_settle,2026-01-17,0.0,0.0
M1_h2_cap10_settle,2026-01-18,0.0,0.0
M1_h2_cap10_exit,2025-09-08,0.0,0.0
M1_h2_cap10_exit,2025-09-11,0.0,0.0
M1_h2_cap10_exit,2025-09-12,0.0,0.0
M1_h2_cap10_exit,2025-09-13,-0.20000000000000018,-0.15000000000000013
M1_h2_cap10_exit,2025-09-14,0.0,0.0
M1_h2_cap10_exit,2025-09-15,0.0,0.0
M1_h2_cap10_exit,2025-09-18,0.0,0.0
M1_h2_cap10_exit,2025-09-19,0.0,0.0
M1_h2_cap10_exit,2025-09-20,-0.45000000000000084,-0.3800000000000008
M1_h2_cap10_exit,2025-09-21,-0.14000000000000012,-0.1200000000000001
M1_h2_cap10_exit,2025-09-22,0.0,0.0
M1_h2_cap10_exit,2025-09-25,0.0,0.0
M1_h2_cap10_exit,2025-09-26,0.0,0.0
M1_h2_cap10_exit,2025-09-27,-0.2899999999999996,-0.20999999999999974
M1_h2_cap10_exit,2025-09-28,-0.16999999999999948,-0.13999999999999968
M1_h2_cap10_exit,2025-09-29,0.0,0.0
M1_h2_cap10_exit,2025-10-02,0.0,0.0
M1_h2_cap10_exit,2025-10-03,0.0,0.0
M1_h2_cap10_exit,2025-10-04,0.0,0.0
M1_h2_cap10_exit,2025-10-05,0.0,0.0
M1_h2_cap10_exit,2025-10-06,0.0,0.0
M1_h2_cap10_exit,2025-10-08,0.0,0.0
M1_h2_cap10_exit,2025-10-09,0.0,0.0
M1_h2_cap10_exit,2025-10-10,0.0,0.0
M1_h2_cap10_exit,2025-10-11,-0.3599999999999999,-0.28000000000000025
M1_h2_cap10_exit,2025-10-12,0.0,0.0
M1_h2_cap10_exit,2025-10-13,0.0,0.0
M1_h2_cap10_exit,2025-10-14,0.0,0.0
M1_h2_cap10_exit,2025-10-15,0.0,0.0
M1_h2_cap10_exit,2025-10-16,0.0,0.0
M1_h2_cap10_exit,2025-10-17,0.0,0.0
M1_h2_cap10_exit,2025-10-18,-0.47999999999999865,-0.35999999999999943
M1_h2_cap10_exit,2025-10-19,0.0,0.0
M1_h2_cap10_exit,2025-10-20,0.0,0.0
M1_h2_cap10_exit,2025-10-21,0.0,0.0
M1_h2_cap10_exit,2025-10-22,0.0,0.0
M1_h2_cap10_exit,2025-10-23,0.0,0.0
M1_h2_cap10_exit,2025-10-24,0.0,0.0
M1_h2_cap10_exit,2025-10-25,-0.16999999999999948,-0.13999999999999968
M1_h2_cap10_exit,2025-10-26,0.0,0.0
M1_h2_cap10_exit,2025-10-27,0.0,0.0
M1_h2_cap10_exit,2025-10-28,0.0,0.0
M1_h2_cap10_exit,2025-10-29,0.0,0.0
M1_h2_cap10_exit,2025-10-30,0.0,0.0
M1_h2_cap10_exit,2025-10-31,0.0,0.0
M1_h2_cap10_exit,2025-11-01,0.0,0.0
M1_h2_cap10_exit,2025-11-02,0.0,0.0
M1_h2_cap10_exit,2025-11-03,0.0,0.0
M1_h2_cap10_exit,2025-11-04,0.0,0.0
M1_h2_cap10_exit,2025-11-05,0.0,0.0
M1_h2_cap10_exit,2025-11-06,0.0,0.0
M1_h2_cap10_exit,2025-11-07,0.0,0.0
M1_h2_cap10_exit,2025-11-08,-0.17999999999999994,-0.13000000000000012
M1_h2_cap10_exit,2025-11-09,0.0,0.0
M1_h2_cap10_exit,2025-11-10,0.0,0.0
M1_h2_cap10_exit,2025-11-11,0.0,0.0
M1_h2_cap10_exit,2025-11-12,-0.050000000000000044,-0.030000000000000027
M1_h2_cap10_exit,2025-11-13,0.0,0.0
M1_h2_cap10_exit,2025-11-14,0.0,0.0
M1_h2_cap10_exit,2025-11-15,-0.48999999999999977,-0.43000000000000016
M1_h2_cap10_exit,2025-11-16,0.0,0.0
M1_h2_cap10_exit,2025-11-17,0.0,0.0
M1_h2_cap10_exit,2025-11-18,-0.33999999999999897,-0.27999999999999936
M1_h2_cap10_exit,2025-11-19,0.0,0.0
M1_h2_cap10_exit,2025-11-20,0.0,0.0
M1_h2_cap10_exit,2025-11-21,0.0,0.0
M1_h2_cap10_exit,2025-11-22,-0.3299999999999981,-0.1999999999999984
M1_h2_cap10_exit,2025-11-23,-0.31999999999999984,-0.27
M1_h2_cap10_exit,2025-11-24,0.0,0.0
M1_h2_cap10_exit,2025-11-25,0.0,0.0
M1_h2_cap10_exit,2025-11-27,0.0,0.0
M1_h2_cap10_exit,2025-11-28,-0.010000000000000009,0.0
M1_h2_cap10_exit,2025-11-29,0.0,0.0
M1_h2_cap10_exit,2025-11-30,-0.43999999999999995,-0.3599999999999999
M1_h2_cap10_exit,2025-12-01,0.0,0.0
M1_h2_cap10_exit,2025-12-04,0.0,0.0
M1_h2_cap10_exit,2025-12-05,0.0,0.0
M1_h2_cap10_exit,2025-12-06,0.0,0.0
M1_h2_cap10_exit,2025-12-07,0.0,0.0
M1_h2_cap10_exit,2025-12-08,0.0,0.0
M1_h2_cap10_exit,2025-12-11,0.0,0.0
M1_h2_cap10_exit,2025-12-13,-0.1399999999999988,-0.07999999999999918
M1_h2_cap10_exit,2025-12-14,0.0,0.0
M1_h2_cap10_exit,2025-12-15,0.0,0.0
M1_h2_cap10_exit,2025-12-16,0.0,0.0
M1_h2_cap10_exit,2025-12-17,0.0,0.0
M1_h2_cap10_exit,2025-12-18,0.0,0.0
M1_h2_cap10_exit,2025-12-19,0.0,0.0
M1_h2_cap10_exit,2025-12-20,0.0,0.0
M1_h2_cap10_exit,2025-12-21,0.0,0.0
M1_h2_cap10_exit,2025-12-22,-0.0699999999999994,-0.03999999999999959
M1_h2_cap10_exit,2025-12-23,0.0,0.0
M1_h2_cap10_exit,2025-12-24,0.0,0.0
M1_h2_cap10_exit,2025-12-25,0.0,0.0
M1_h2_cap10_exit,2025-12-26,0.0,0.0
M1_h2_cap10_exit,2025-12-27,-0.40999999999999925,-0.31999999999999984
M1_h2_cap10_exit,2025-12-28,0.0,0.0
M1_h2_cap10_exit,2025-12-29,0.0,0.0
M1_h2_cap10_exit,2025-12-30,0.0,0.0
M1_h2_cap10_exit,2025-12-31,0.0,0.0
M1_h2_cap10_exit,2026-01-01,0.0,0.0
M1_h2_cap10_exit,2026-01-02,0.0,0.0
M1_h2_cap10_exit,2026-01-03,0.0,0.0
M1_h2_cap10_exit,2026-01-04,-0.4899999999999993,-0.41999999999999993
M1_h2_cap10_exit,2026-01-08,0.0,0.0
M1_h2_cap10_exit,2026-01-09,0.0,0.0
M1_h2_cap10_exit,2026-01-10,0.0,0.0
M1_h2_cap10_exit,2026-01-11,0.0,0.0
M1_h2_cap10_exit,2026-01-12,0.0,0.0
M1_h2_cap10_exit,2026-01-17,0.0,0.0
M1_h2_cap10_exit,2026-01-18,0.0,0.0
M1_h2_cap30_settle,2025-09-08,0.0,0.0
M1_h2_cap30_settle,2025-09-11,0.0,0.0
M1_h2_cap30_settle,2025-09-12,0.0,0.0
M1_h2_cap30_settle,2025-09-13,-2.55,-2.5
M1_h2_cap30_settle,2025-09-14,0.0,0.0
M1_h2_cap30_settle,2025-09-15,0.0,0.0
M1_h2_cap30_settle,2025-09-18,0.0,0.0
M1_h2_cap30_settle,2025-09-19,0.0,0.0
M1_h2_cap30_settle,2025-09-20,1.8799999999999992,1.9499999999999993
M1_h2_cap30_settle,2025-09-21,-3.9200000000000004,-3.9000000000000004
M1_h2_cap30_settle,2025-09-22,0.0,0.0
M1_h2_cap30_settle,2025-09-25,0.0,0.0
M1_h2_cap30_settle,2025-09-26,0.0,0.0
M1_h2_cap30_settle,2025-09-27,1.7200000000000009,1.8000000000000007
M1_h2_cap30_settle,2025-09-28,2.8200000000000003,2.85
M1_h2_cap30_settle,2025-09-29,0.0,0.0
M1_h2_cap30_settle,2025-10-02,0.0,0.0
M1_h2_cap30_settle,2025-10-03,0.0,0.0
M1_h2_cap30_settle,2025-10-04,0.0,0.0
M1_h2_cap30_settle,2025-10-05,0.0,0.0
M1_h2_cap30_settle,2025-10-06,0.0,0.0
M1_h2_cap30_settle,2025-10-08,0.0,0.0
M1_h2_cap30_settle,2025-10-09,0.0,0.0
M1_h2_cap30_settle,2025-10-10,0.0,0.0
M1_h2_cap30_settle,2025-10-11,-5.13,-5.05
M1_h2_cap30_settle,2025-10-12,0.0,0.0
M1_h2_cap30_settle,2025-10-13,0.0,0.0
M1_h2_cap30_settle,2025-10-14,0.0,0.0
M1_h2_cap30_settle,2025-10-15,0.0,0.0
M1_h2_cap30_settle,2025-10-16,0.0,0.0
M1_h2_cap30_settle,2025-10-17,0.0,0.0
M1_h2_cap30_settle,2025-10-18,6.5,6.6499999999999995
M1_h2_cap30_settle,2025-10-19,0.0,0.0
M1_h2_cap30_settle,2025-10-20,0.0,0.0
M1_h2_cap30_settle,2025-10-21,0.0,0.0
M1_h2_cap30_settle,2025-10-22,0.0,0.0
M1_h2_cap30_settle,2025-10-23,0.0,0.0
M1_h2_cap30_settle,2025-10-24,0.0,0.0
M1_h2_cap30_settle,2025-10-25,2.72,2.75
M1_h2_cap30_settle,2025-10-26,0.0,0.0
M1_h2_cap30_settle,2025-10-27,0.0,0.0
M1_h2_cap30_settle,2025-10-28,0.0,0.0
M1_h2_cap30_settle,2025-10-29,0.0,0.0
M1_h2_cap30_settle,2025-10-30,0.0,0.0
M1_h2_cap30_settle,2025-10-31,0.0,0.0
M1_h2_cap30_settle,2025-11-01,0.0,0.0
M1_h2_cap30_settle,2025-11-02,0.0,0.0
M1_h2_cap30_settle,2025-11-03,0.0,0.0
M1_h2_cap30_settle,2025-11-04,0.0,0.0
M1_h2_cap30_settle,2025-11-05,0.0,0.0
M1_h2_cap30_settle,2025-11-06,0.0,0.0
M1_h2_cap30_settle,2025-11-07,0.0,0.0
M1_h2_cap30_settle,2025-11-08,-4.25,-4.2
M1_h2_cap30_settle,2025-11-09,0.0,0.0
M1_h2_cap30_settle,2025-11-10,0.0,0.0
M1_h2_cap30_settle,2025-11-11,0.0,0.0
M1_h2_cap30_settle,2025-11-12,-1.6700000000000002,-1.6500000000000001
M1_h2_cap30_settle,2025-11-13,0.0,0.0
M1_h2_cap30_settle,2025-11-14,0.0,0.0
M1_h2_cap30_settle,2025-11-15,-0.8599999999999999,-0.8000000000000003
M1_h2_cap30_settle,2025-11-16,0.0,0.0
M1_h2_cap30_settle,2025-11-17,0.0,0.0
M1_h2_cap30_settle,2025-11-18,-5.56,-5.5
M1_h2_cap30_settle,2025-11-19,0.0,0.0
M1_h2_cap30_settle,2025-11-20,0.0,0.0
M1_h2_cap30_settle,2025-11-21,0.0,0.0
M1_h2_cap30_settle,2025-11-22,-3.3199999999999967,-3.149999999999999
M1_h2_cap30_settle,2025-11-23,0.40000000000000036,0.4500000000000002
M1_h2_cap30_settle,2025-11-24,0.0,0.0
M1_h2_cap30_settle,2025-11-25,0.0,0.0
M1_h2_cap30_settle,2025-11-27,0.0,0.0
M1_h2_cap30_settle,2025-11-28,-0.66,-0.65
M1_h2_cap30_settle,2025-11-29,0.0,0.0
M1_h2_cap30_settle,2025-11-30,-1.73,-1.6499999999999995
M1_h2_cap30_settle,2025-12-01,0.0,0.0
M1_h2_cap30_settle,2025-12-04,0.0,0.0
M1_h2_cap30_settle,2025-12-05,0.0,0.0
M1_h2_cap30_settle,2025-12-06,0.0,0.0
M1_h2_cap30_settle,2025-12-07,0.0,0.0
M1_h2_cap30_settle,2025-12-08,0.0,0.0
M1_h2_cap30_settle,2025-12-11,0.0,0.0
M1_h2_cap30_settle,2025-12-13,5.44,5.5
M1_h2_cap30_settle,2025-12-14,0.0,0.0
M1_h2_cap30_settle,2025-12-15,0.0,0.0
M1_h2_cap30_settle,2025-12-16,0.0,0.0
M1_h2_cap30_settle,2025-12-17,0.0,0.0
M1_h2_cap30_settle,2025-12-18,0.0,0.0
M1_h2_cap30_settle,2025-12-19,0.0,0.0
M1_h2_cap30_settle,2025-12-20,0.0,0.0
M1_h2_cap30_settle,2025-12-21,0.0,0.0
M1_h2_cap30_settle,2025-12-22,2.5700000000000003,2.6
M1_h2_cap30_settle,2025-12-23,0.0,0.0
M1_h2_cap30_settle,2025-12-24,0.0,0.0
M1_h2_cap30_settle,2025-12-25,0.0,0.0
M1_h2_cap30_settle,2025-12-26,0.0,0.0
M1_h2_cap30_settle,2025-12-27,-4.09,-4.0
M1_h2_cap30_settle,2025-12-28,0.0,0.0
M1_h2_cap30_settle,2025-12-29,0.0,0.0
M1_h2_cap30_settle,2025-12-30,0.0,0.0
M1_h2_cap30_settle,2025-12-31,0.0,0.0
M1_h2_cap30_settle,2026-01-01,0.0,0.0
M1_h2_cap30_settle,2026-01-02,0.0,0.0
M1_h2_cap30_settle,2026-01-03,0.0,0.0
M1_h2_cap30_settle,2026-01-04,-5.92,-5.8500000000000005
M1_h2_cap30_settle,2026-01-08,0.0,0.0
M1_h2_cap30_settle,2026-01-09,0.0,0.0
M1_h2_cap30_settle,2026-01-10,0.0,0.0
M1_h2_cap30_settle,2026-01-11,0.0,0.0
M1_h2_cap30_settle,2026-01-12,0.0,0.0
M1_h2_cap30_settle,2026-01-17,0.0,0.0
M1_h2_cap30_settle,2026-01-18,0.0,0.0
M1_h2_cap30_exit,2025-09-08,0.0,0.0
M1_h2_cap30_exit,2025-09-11,0.0,0.0
M1_h2_cap30_exit,2025-09-12,0.0,0.0
M1_h2_cap30_exit,2025-09-13,-0.20000000000000018,-0.15000000000000013
M1_h2_cap30_exit,2025-09-14,0.0,0.0
M1_h2_cap30_exit,2025-09-15,0.0,0.0
M1_h2_cap30_exit,2025-09-18,0.0,0.0
M1_h2_cap30_exit,2025-09-19,0.0,0.0
M1_h2_cap30_exit,2025-09-20,-0.45000000000000084,-0.3800000000000008
M1_h2_cap30_exit,2025-09-21,-0.14000000000000012,-0.1200000000000001
M1_h2_cap30_exit,2025-09-22,0.0,0.0
M1_h2_cap30_exit,2025-09-25,0.0,0.0
M1_h2_cap30_exit,2025-09-26,0.0,0.0
M1_h2_cap30_exit,2025-09-27,-0.2899999999999996,-0.20999999999999974
M1_h2_cap30_exit,2025-09-28,-0.16999999999999948,-0.13999999999999968
M1_h2_cap30_exit,2025-09-29,0.0,0.0
M1_h2_cap30_exit,2025-10-02,0.0,0.0
M1_h2_cap30_exit,2025-10-03,0.0,0.0
M1_h2_cap30_exit,2025-10-04,0.0,0.0
M1_h2_cap30_exit,2025-10-05,0.0,0.0
M1_h2_cap30_exit,2025-10-06,0.0,0.0
M1_h2_cap30_exit,2025-10-08,0.0,0.0
M1_h2_cap30_exit,2025-10-09,0.0,0.0
M1_h2_cap30_exit,2025-10-10,0.0,0.0
M1_h2_cap30_exit,2025-10-11,-0.3599999999999999,-0.28000000000000025
M1_h2_cap30_exit,2025-10-12,0.0,0.0
M1_h2_cap30_exit,2025-10-13,0.0,0.0
M1_h2_cap30_exit,2025-10-14,0.0,0.0
M1_h2_cap30_exit,2025-10-15,0.0,0.0
M1_h2_cap30_exit,2025-10-16,0.0,0.0
M1_h2_cap30_exit,2025-10-17,0.0,0.0
M1_h2_cap30_exit,2025-10-18,-0.5999999999999979,-0.4499999999999993
M1_h2_cap30_exit,2025-10-19,0.0,0.0
M1_h2_cap30_exit,2025-10-20,0.0,0.0
M1_h2_cap30_exit,2025-10-21,0.0,0.0
M1_h2_cap30_exit,2025-10-22,0.0,0.0
M1_h2_cap30_exit,2025-10-23,0.0,0.0
M1_h2_cap30_exit,2025-10-24,0.0,0.0
M1_h2_cap30_exit,2025-10-25,-0.16999999999999948,-0.13999999999999968
M1_h2_cap30_exit,2025-10-26,0.0,0.0
M1_h2_cap30_exit,2025-10-27,0.0,0.0
M1_h2_cap30_exit,2025-10-28,0.0,0.0
M1_h2_cap30_exit,2025-10-29,0.0,0.0
M1_h2_cap30_exit,2025-10-30,0.0,0.0
M1_h2_cap30_exit,2025-10-31,0.0,0.0
M1_h2_cap30_exit,2025-11-01,0.0,0.0
M1_h2_cap30_exit,2025-11-02,0.0,0.0
M1_h2_cap30_exit,2025-11-03,0.0,0.0
M1_h2_cap30_exit,2025-11-04,0.0,0.0
M1_h2_cap30_exit,2025-11-05,0.0,0.0
M1_h2_cap30_exit,2025-11-06,0.0,0.0
M1_h2_cap30_exit,2025-11-07,0.0,0.0
M1_h2_cap30_exit,2025-11-08,-0.17999999999999994,-0.13000000000000012
M1_h2_cap30_exit,2025-11-09,0.0,0.0
M1_h2_cap30_exit,2025-11-10,0.0,0.0
M1_h2_cap30_exit,2025-11-11,0.0,0.0
M1_h2_cap30_exit,2025-11-12,-0.050000000000000044,-0.030000000000000027
M1_h2_cap30_exit,2025-11-13,0.0,0.0
M1_h2_cap30_exit,2025-11-14,0.0,0.0
M1_h2_cap30_exit,2025-11-15,-0.48999999999999977,-0.43000000000000016
M1_h2_cap30_exit,2025-11-16,0.0,0.0
M1_h2_cap30_exit,2025-11-17,0.0,0.0
M1_h2_cap30_exit,2025-11-18,-0.33999999999999897,-0.27999999999999936
M1_h2_cap30_exit,2025-11-19,0.0,0.0
M1_h2_cap30_exit,2025-11-20,0.0,0.0
M1_h2_cap30_exit,2025-11-21,0.0,0.0
M1_h2_cap30_exit,2025-11-22,-0.5699999999999983,-0.39999999999999947
M1_h2_cap30_exit,2025-11-23,-0.31999999999999984,-0.27
M1_h2_cap30_exit,2025-11-24,0.0,0.0
M1_h2_cap30_exit,2025-11-25,0.0,0.0
M1_h2_cap30_exit,2025-11-27,0.0,0.0
M1_h2_cap30_exit,2025-11-28,-0.010000000000000009,0.0
M1_h2_cap30_exit,2025-11-29,0.0,0.0
M1_h2_cap30_exit,2025-11-30,-0.43999999999999995,-0.3599999999999999
M1_h2_cap30_exit,2025-12-01,0.0,0.0
M1_h2_cap30_exit,2025-12-04,0.0,0.0
M1_h2_cap30_exit,2025-12-05,0.0,0.0
M1_h2_cap30_exit,2025-12-06,0.0,0.0
M1_h2_cap30_exit,2025-12-07,0.0,0.0
M1_h2_cap30_exit,2025-12-08,0.0,0.0
M1_h2_cap30_exit,2025-12-11,0.0,0.0
M1_h2_cap30_exit,2025-12-13,-0.1399999999999988,-0.07999999999999918
M1_h2_cap30_exit,2025-12-14,0.0,0.0
M1_h2_cap30_exit,2025-12-15,0.0,0.0
M1_h2_cap30_exit,2025-12-16,0.0,0.0
M1_h2_cap30_exit,2025-12-17,0.0,0.0
M1_h2_cap30_exit,2025-12-18,0.0,0.0
M1_h2_cap30_exit,2025-12-19,0.0,0.0
M1_h2_cap30_exit,2025-12-20,0.0,0.0
M1_h2_cap30_exit,2025-12-21,0.0,0.0
M1_h2_cap30_exit,2025-12-22,-0.0699999999999994,-0.03999999999999959
M1_h2_cap30_exit,2025-12-23,0.0,0.0
M1_h2_cap30_exit,2025-12-24,0.0,0.0
M1_h2_cap30_exit,2025-12-25,0.0,0.0
M1_h2_cap30_exit,2025-12-26,0.0,0.0
M1_h2_cap30_exit,2025-12-27,-0.40999999999999925,-0.31999999999999984
M1_h2_cap30_exit,2025-12-28,0.0,0.0
M1_h2_cap30_exit,2025-12-29,0.0,0.0
M1_h2_cap30_exit,2025-12-30,0.0,0.0
M1_h2_cap30_exit,2025-12-31,0.0,0.0
M1_h2_cap30_exit,2026-01-01,0.0,0.0
M1_h2_cap30_exit,2026-01-02,0.0,0.0
M1_h2_cap30_exit,2026-01-03,0.0,0.0
M1_h2_cap30_exit,2026-01-04,-0.4899999999999993,-0.41999999999999993
M1_h2_cap30_exit,2026-01-08,0.0,0.0
M1_h2_cap30_exit,2026-01-09,0.0,0.0
M1_h2_cap30_exit,2026-01-10,0.0,0.0
M1_h2_cap30_exit,2026-01-11,0.0,0.0
M1_h2_cap30_exit,2026-01-12,0.0,0.0
M1_h2_cap30_exit,2026-01-17,0.0,0.0
M1_h2_cap30_exit,2026-01-18,0.0,0.0
M2_h1_cap10_settle,2025-09-08,-0.030000000000001137,0.05000000000000071
M2_h1_cap10_settle,2025-09-11,-0.6599999999999984,-0.45000000000000107
M2_h1_cap10_settle,2025-09-12,-1.169999999999998,-0.8500000000000016
M2_h1_cap10_settle,2025-09-13,-28.79999999999998,-25.199999999999996
M2_h1_cap10_settle,2025-09-14,-3.519999999999992,-2.300000000000002
M2_h1_cap10_settle,2025-09-15,-0.4399999999999977,-0.1999999999999993
M2_h1_cap10_settle,2025-09-18,-1.9299999999999964,-1.7499999999999993
M2_h1_cap10_settle,2025-09-19,-0.9499999999999993,-0.7500000000000018
M2_h1_cap10_settle,2025-09-20,-24.43999999999998,-20.500000000000007
M2_h1_cap10_settle,2025-09-21,-3.5899999999999967,-2.3499999999999974
M2_h1_cap10_settle,2025-09-22,-0.17999999999999972,-0.09999999999999964
M2_h1_cap10_settle,2025-09-25,-0.7299999999999969,-0.5499999999999989
M2_h1_cap10_settle,2025-09-26,-0.4300000000000006,-0.15000000000000124
M2_h1_cap10_settle,2025-09-27,-26.519999999999982,-22.450000000000003
M2_h1_cap10_settle,2025-09-28,-3.049999999999998,-1.9000000000000046
M2_h1_cap10_settle,2025-09-29,-0.15000000000000102,0.049999999999999156
M2_h1_cap10_settle,2025-10-02,-1.5399999999999991,-1.3000000000000007
M2_h1_cap10_settle,2025-10-03,-1.3899999999999988,-1.0499999999999994
M2_h1_cap10_settle,2025-10-04,-19.66999999999998,-16.15
M2_h1_cap10_settle,2025-10-05,-0.7599999999999962,0.349999999999997
M2_h1_cap10_settle,2025-10-06,0.020000000000000018,0.10000000000000009
M2_h1_cap10_settle,2025-10-08,-2.409999999999998,-2.2000000000000006
M2_h1_cap10_settle,2025-10-09,-1.2299999999999984,-0.7499999999999993
M2_h1_cap10_settle,2025-10-10,-0.8399999999999985,-0.4999999999999991
M2_h1_cap10_settle,2025-10-11,-26.629999999999985,-23.0
M2_h1_cap10_settle,2025-10-12,-3.069999999999998,-2.0000000000000058
M2_h1_cap10_settle,2025-10-13,-0.4799999999999982,-0.25000000000000133
M2_h1_cap10_settle,2025-10-14,-1.350000000000001,-1.1000000000000014
M2_h1_cap10_settle,2025-10-15,-1.4699999999999989,-1.25
M2_h1_cap10_settle,2025-10-16,-0.3700000000000011,-0.25000000000000144
M2_h1_cap10_settle,2025-10-17,-1.8799999999999952,-1.499999999999999
M2_h1_cap10_settle,2025-10-18,-21.169999999999973,-16.95000000000001
M2_h1_cap10_settle,2025-10-19,-1.9399999999999924,-0.7500000000000038
M2_h1_cap10_settle,2025-10-20,-0.3099999999999994,-0.15000000000000013
M2_h1_cap10_settle,2025-10-21,-1.8699999999999974,-1.6999999999999993
M2_h1_cap10_settle,2025-10-22,-1.2299999999999989,-1.05
M2_h1_cap10_settle,2025-10-23,-0.6999999999999997,-0.5500000000000003
M2_h1_cap10_settle,2025-10-24,0.03999999999999915,0.1999999999999993
M2_h1_cap10_settle,2025-10-25,-21.909999999999982,-18.300000000000008
M2_h1_cap10_settle,2025-10-26,-2.259999999999997,-1.2999999999999976
M2_h1_cap10_settle,2025-10-27,-0.43000000000000105,-0.3500000000000001
M2_h1_cap10_settle,2025-10-28,-0.06999999999999934,0.049999999999998546
M2_h1_cap10_settle,2025-10-29,-1.049999999999999,-0.8499999999999996
M2_h1_cap10_settle,2025-10-30,-0.2599999999999989,4.440892098500626e-16
M2_h1_cap10_settle,2025-10-31,-0.8199999999999993,-0.6500000000000007
M2_h1_cap10_settle,2025-11-01,-13.449999999999983,-9.94999999999999
M2_h1_cap10_settle,2025-11-02,-4.479999999999995,-3.399999999999999
M2_h1_cap10_settle,2025-11-03,-0.06999999999999851,0.05000000000000071
M2_h1_cap10_settle,2025-11-04,-0.9099999999999984,-0.7499999999999982
M2_h1_cap10_settle,2025-11-05,-0.20999999999999908,-0.04999999999999982
M2_h1_cap10_settle,2025-11-06,-1.009999999999999,-0.7499999999999996
M2_h1_cap10_settle,2025-11-07,-1.499999999999997,-1.2000000000000006
M2_h1_cap10_settle,2025-11-08,-15.72999999999999,-12.399999999999999
M2_h1_cap10_settle,2025-11-09,-4.050000000000001,-3.1000000000000014
M2_h1_cap10_settle,2025-11-10,0.030000000000001137,0.15000000000000036
M2_h1_cap10_settle,2025-11-11,0.05000000000000249,0.24999999999999956
M2_h1_cap10_settle,2025-11-12,-0.5699999999999998,-0.2999999999999994
M2_h1_cap10_settle,2025-11-13,-0.3399999999999991,-0.2000000000000005
M2_h1_cap10_settle,2025-11-14,-0.11999999999999922,0.0
M2_h1_cap10_settle,2025-11-15,-16.629999999999985,-12.75000000000001
M2_h1_cap10_settle,2025-11-16,-6.439999999999992,-5.1499999999999995
M2_h1_cap10_settle,2025-11-17,-0.06999999999999851,0.05000000000000071
M2_h1_cap10_settle,2025-11-18,-0.37999999999999723,-0.09999999999999964
M2_h1_cap10_settle,2025-11-19,-0.4900000000000002,-0.3000000000000007
M2_h1_cap10_settle,2025-11-20,0.03999999999999915,0.1999999999999975
M2_h1_cap10_settle,2025-11-21,-0.23000000000000043,-8.881784197001252e-16
M2_h1_cap10_settle,2025-11-22,-19.149999999999984,-15.149999999999999
M2_h1_cap10_settle,2025-11-23,-3.839999999999998,-2.8000000000000034
M2_h1_cap10_settle,2025-11-24,-0.1099999999999991,-0.04999999999999971
M2_h1_cap10_settle,2025-11-25,-0.5199999999999996,-0.40000000000000036
M2_h1_cap10_settle,2025-11-27,0.0700000000000025,0.4500000000000006
M2_h1_cap10_settle,2025-11-28,-4.359999999999995,-3.1000000000000023
M2_h1_cap10_settle,2025-11-29,-16.98999999999999,-13.000000000000004
M2_h1_cap10_settle,2025-11-30,-2.699999999999994,-1.7000000000000002
M2_h1_cap10_settle,2025-12-01,-0.4400000000000013,-0.40000000000000036
M2_h1_cap10_settle,2025-12-04,-0.050000000000000266,0.0499999999999996
M2_h1_cap10_settle,2025-12-05,-1.2099999999999973,-0.8500000000000009
M2_h1_cap10_settle,2025-12-06,-1.5899999999999983,-1.0500000000000007
M2_h1_cap10_settle,2025-12-07,-4.539999999999994,-3.400000000000001
M2_h1_cap10_settle,2025-12-08,-0.01999999999999913,0.09999999999999964
M2_h1_cap10_settle,2025-12-11,0.11999999999999922,0.20000000000000107
M2_h1_cap10_settle,2025-12-13,-1.2800000000000002,-0.9999999999999991
M2_h1_cap10_settle,2025-12-14,-3.6899999999999915,-2.549999999999998
M2_h1_cap10_settle,2025-12-15,-0.5399999999999998,-0.44999999999999973
M2_h1_cap10_settle,2025-12-16,0.01999999999999913,0.0999999999999992
M2_h1_cap10_settle,2025-12-17,-1.239999999999998,-1.0000000000000013
M2_h1_cap10_settle,2025-12-18,-1.3400000000000003,-1.1500000000000004
M2_h1_cap10_settle,2025-12-19,-2.0899999999999985,-1.8499999999999996
M2_h1_cap10_settle,2025-12-20,-1.3599999999999968,-0.9499999999999988
M2_h1_cap10_settle,2025-12-21,-3.8999999999999932,-2.7500000000000036
M2_h1_cap10_settle,2025-12-22,-1.6500000000000004,-1.4499999999999993
M2_h1_cap10_settle,2025-12-23,-0.40000000000000085,-0.15000000000000197
M2_h1_cap10_settle,2025-12-24,-0.10999999999999899,-4.440892098500626e-16
M2_h1_cap10_settle,2025-12-25,-0.7299999999999984,-0.5000000000000007
M2_h1_cap10_settle,2025-12-26,-0.6699999999999993,-0.35000000000000053
M2_h1_cap10_settle,2025-12-27,-2.6999999999999953,-1.7499999999999964
M2_h1_cap10_settle,2025-12-28,-2.6899999999999973,-1.800000000000002
M2_h1_cap10_settle,2025-12-29,0.040000000000000924,0.20000000000000107
M2_h1_cap10_settle,2025-12-30,0.49999999999999956,0.7499999999999996
M2_h1_cap10_settle,2025-12-31,-1.6699999999999986,-1.1500000000000012
M2_h1_cap10_settle,2026-01-01,-2.0199999999999987,-1.6999999999999997
M2_h1_cap10_settle,2026-01-02,-0.399999999999999,-0.05000000000000204
M2_h1_cap10_settle,2026-01-03,-1.4699999999999989,-1.299999999999999
M2_h1_cap10_settle,2026-01-04,-2.2799999999999994,-1.300000000000004
M2_h1_cap10_settle,2026-01-08,-0.4400000000000013,-0.34999999999999964
M2_h1_cap10_settle,2026-01-09,-1.1500000000000004,-1.0500000000000003
M2_h1_cap10_settle,2026-01-10,-0.609999999999999,-0.4500000000000006
M2_h1_cap10_settle,2026-01-11,-1.209999999999999,-0.8999999999999968
M2_h1_cap10_settle,2026-01-12,-0.019999999999999574,0.10000000000000142
M2_h1_cap10_settle,2026-01-17,-1.1999999999999997,-1.0000000000000004
M2_h1_cap10_settle,2026-01-18,-0.7200000000000002,-0.5499999999999992
M2_h1_cap10_exit,2025-09-08,-0.14999999999999858,-0.06999999999999851
M2_h1_cap10_exit,2025-09-11,-1.0699999999999967,-0.8599999999999994
M2_h1_cap10_exit,2025-09-12,-2.079999999999997,-1.7600000000000007
M2_h1_cap10_exit,2025-09-13,-39.489999999999974,-35.889999999999986
M2_h1_cap10_exit,2025-09-14,-7.269999999999984,-6.049999999999993
M2_h1_cap10_exit,2025-09-15,-0.7899999999999956,-0.5499999999999972
M2_h1_cap10_exit,2025-09-18,-2.189999999999994,-2.009999999999997
M2_h1_cap10_exit,2025-09-19,-1.79,-1.5900000000000043
M2_h1_cap10_exit,2025-09-20,-34.23999999999997,-30.299999999999997
M2_h1_cap10_exit,2025-09-21,-6.509999999999989,-5.269999999999988
M2_h1_cap10_exit,2025-09-22,-0.41999999999999976,-0.3399999999999997
M2_h1_cap10_exit,2025-09-25,-1.2299999999999969,-1.049999999999999
M2_h1_cap10_exit,2025-09-26,-1.5900000000000003,-1.310000000000001
M2_h1_cap10_exit,2025-09-27,-38.40999999999997,-34.33999999999999
M2_h1_cap10_exit,2025-09-28,-7.109999999999988,-5.9599999999999955
M2_h1_cap10_exit,2025-09-29,-0.5199999999999999,-0.31999999999999973
M2_h1_cap10_exit,2025-10-02,-1.7899999999999991,-1.5500000000000007
M2_h1_cap10_exit,2025-10-03,-2.2999999999999976,-1.96
M2_h1_cap10_exit,2025-10-04,-27.779999999999966,-24.259999999999984
M2_h1_cap10_exit,2025-10-05,-3.9699999999999878,-2.859999999999995
M2_h1_cap10_exit,2025-10-06,-0.22000000000000003,-0.13999999999999996
M2_h1_cap10_exit,2025-10-08,-2.5799999999999974,-2.3699999999999983
M2_h1_cap10_exit,2025-10-09,-2.2399999999999975,-1.759999999999999
M2_h1_cap10_exit,2025-10-10,-1.8299999999999974,-1.489999999999998
M2_h1_cap10_exit,2025-10-11,-34.789999999999964,-31.159999999999993
M2_h1_cap10_exit,2025-10-12,-5.199999999999995,-4.130000000000001
M2_h1_cap10_exit,2025-10-13,-1.019999999999997,-0.7900000000000001
M2_h1_cap10_exit,2025-10-14,-2.4699999999999993,-2.2200000000000015
M2_h1_cap10_exit,2025-10-15,-1.7799999999999967,-1.5599999999999978
M2_h1_cap10_exit,2025-10-16,-1.3599999999999988,-1.239999999999999
M2_h1_cap10_exit,2025-10-17,-3.239999999999997,-2.859999999999998
M2_h1_cap10_exit,2025-10-18,-28.979999999999972,-24.759999999999998
M2_h1_cap10_exit,2025-10-19,-4.489999999999984,-3.299999999999994
M2_h1_cap10_exit,2025-10-20,-0.8399999999999994,-0.6800000000000002
M2_h1_cap10_exit,2025-10-21,-2.0999999999999996,-1.9299999999999988
M2_h1_cap10_exit,2025-10-22,-1.7099999999999986,-1.5299999999999998
M2_h1_cap10_exit,2025-10-23,-1.6899999999999973,-1.5399999999999978
M2_h1_cap10_exit,2025-10-24,-0.37999999999999723,-0.2199999999999971
M2_h1_cap10_exit,2025-10-25,-32.379999999999974,-28.770000000000003
M2_h1_cap10_exit,2025-10-26,-3.8799999999999892,-2.91999999999999
M2_h1_cap10_exit,2025-10-27,-0.43000000000000105,-0.3500000000000001
M2_h1_cap10_exit,2025-10-28,-0.6299999999999988,-0.5100000000000009
M2_h1_cap10_exit,2025-10-29,-1.4999999999999991,-1.3000000000000016
M2_h1_cap10_exit,2025-10-30,-0.9899999999999997,-0.7300000000000002
M2_h1_cap10_exit,2025-10-31,-1.079999999999999,-0.9100000000000004
M2_h1_cap10_exit,2025-11-01,-21.49999999999996,-17.99999999999997
M2_h1_cap10_exit,2025-11-02,-7.95999999999999,-6.879999999999996
M2_h1_cap10_exit,2025-11-03,-0.1999999999999975,-0.0799999999999983
M2_h1_cap10_exit,2025-11-04,-1.8599999999999968,-1.6999999999999966
M2_h1_cap10_exit,2025-11-05,-1.0599999999999978,-0.8999999999999988
M2_h1_cap10_exit,2025-11-06,-1.849999999999996,-1.5899999999999967
M2_h1_cap10_exit,2025-11-07,-2.2299999999999955,-1.9300000000000002
M2_h1_cap10_exit,2025-11-08,-24.979999999999972,-21.64999999999999
M2_h1_cap10_exit,2025-11-09,-6.269999999999994,-5.319999999999995
M2_h1_cap10_exit,2025-11-10,-0.14999999999999858,-0.030000000000001137
M2_h1_cap10_exit,2025-11-11,-0.35999999999999666,-0.15999999999999776
M2_h1_cap10_exit,2025-11-12,-1.0299999999999987,-0.7599999999999982
M2_h1_cap10_exit,2025-11-13,-0.5599999999999979,-0.4199999999999994
M2_h1_cap10_exit,2025-11-14,-0.35999999999999943,-0.2400000000000002
M2_h1_cap10_exit,2025-11-15,-25.85999999999997,-21.979999999999993
M2_h1_cap10_exit,2025-11-16,-9.969999999999986,-8.679999999999993
M2_h1_cap10_exit,2025-11-17,-0.28999999999999737,-0.16999999999999815
M2_h1_cap10_exit,2025-11-18,-0.859999999999995,-0.5799999999999974
M2_h1_cap10_exit,2025-11-19,-0.9399999999999995,-0.75
M2_h1_cap10_exit,2025-11-20,-0.6899999999999995,-0.5299999999999994
M2_h1_cap10_exit,2025-11-21,-0.7899999999999991,-0.5599999999999993
M2_h1_cap10_exit,2025-11-22,-25.639999999999965,-21.639999999999986
M2_h1_cap10_exit,2025-11-23,-7.2999999999999945,-6.259999999999999
M2_h1_cap10_exit,2025-11-24,-0.1099999999999991,-0.04999999999999971
M2_h1_cap10_exit,2025-11-25,-0.7399999999999984,-0.6199999999999992
M2_h1_cap10_exit,2025-11-27,-0.9299999999999975,-0.5499999999999994
M2_h1_cap10_exit,2025-11-28,-6.9899999999999896,-5.729999999999993
M2_h1_cap10_exit,2025-11-29,-25.859999999999975,-21.86999999999999
M2_h1_cap10_exit,2025-11-30,-3.919999999999992,-2.919999999999998
M2_h1_cap10_exit,2025-12-01,-0.4400000000000013,-0.40000000000000036
M2_h1_cap10_exit,2025-12-04,-0.5200000000000002,-0.4200000000000004
M2_h1_cap10_exit,2025-12-05,-2.3399999999999976,-1.9799999999999975
M2_h1_cap10_exit,2025-12-06,-3.079999999999996,-2.5399999999999965
M2_h1_cap10_exit,2025-12-07,-6.599999999999991,-5.459999999999997
M2_h1_cap10_exit,2025-12-08,-0.5199999999999996,-0.40000000000000124
M2_h1_cap10_exit,2025-12-11,-0.15000000000000058,-0.06999999999999962
M2_h1_cap10_exit,2025-12-13,-2.029999999999998,-1.7499999999999978
M2_h1_cap10_exit,2025-12-14,-6.139999999999987,-4.999999999999998
M2_h1_cap10_exit,2025-12-15,-0.6699999999999987,-0.5799999999999986
M2_h1_cap10_exit,2025-12-16,-0.17000000000000093,-0.09000000000000086
M2_h1_cap10_exit,2025-12-17,-2.0299999999999994,-1.790000000000001
M2_h1_cap10_exit,2025-12-18,-1.9999999999999991,-1.8099999999999987
M2_h1_cap10_exit,2025-12-19,-2.7899999999999974,-2.549999999999998
M2_h1_cap10_exit,2025-12-20,-2.7699999999999925,-2.359999999999995
M2_h1_cap10_exit,2025-12-21,-5.739999999999986,-4.589999999999996
M2_h1_cap10_exit,2025-12-22,-2.0199999999999996,-1.8199999999999985
M2_h1_cap10_exit,2025-12-23,-1.5399999999999991,-1.2900000000000005
M2_h1_cap10_exit,2025-12-24,-0.5699999999999985,-0.4599999999999991
M2_h1_cap10_exit,2025-12-25,-1.4200000000000004,-1.1900000000000008
M2_h1_cap10_exit,2025-12-26,-1.339999999999996,-1.0199999999999974
M2_h1_cap10_exit,2025-12-27,-5.509999999999991,-4.5599999999999925
M2_h1_cap10_exit,2025-12-28,-4.619999999999993,-3.729999999999994
M2_h1_cap10_exit,2025-12-29,-0.17999999999999794,-0.019999999999997797
M2_h1_cap10_exit,2025-12-30,-1.2100000000000006,-0.9600000000000006
M2_h1_cap10_exit,2025-12-31,-3.599999999999995,-3.080000000000001
M2_h1_cap10_exit,2026-01-01,-2.8199999999999976,-2.499999999999998
M2_h1_cap10_exit,2026-01-02,-0.9699999999999954,-0.6199999999999984
M2_h1_cap10_exit,2026-01-03,-1.4699999999999989,-1.299999999999999
M2_h1_cap10_exit,2026-01-04,-4.099999999999994,-3.119999999999999
M2_h1_cap10_exit,2026-01-08,-0.6600000000000001,-0.5699999999999994
M2_h1_cap10_exit,2026-01-09,-1.2799999999999991,-1.179999999999999
M2_h1_cap10_exit,2026-01-10,-1.429999999999997,-1.2699999999999987
M2_h1_cap10_exit,2026-01-11,-2.169999999999998,-1.8599999999999985
M2_h1_cap10_exit,2026-01-12,-0.14999999999999858,-0.029999999999997584
M2_h1_cap10_exit,2026-01-17,-1.7899999999999983,-1.589999999999999
M2_h1_cap10_exit,2026-01-18,-1.2200000000000006,-1.0499999999999998
M2_h1_cap30_settle,2025-09-08,-0.33000000000000185,-0.05000000000000426
M2_h1_cap30_settle,2025-09-11,-2.7499999999999964,-2.1499999999999986
M2_h1_cap30_settle,2025-09-12,-4.929999999999992,-4.000000000000003
M2_h1_cap30_settle,2025-09-13,-77.02999999999994,-67.25000000000003
M2_h1_cap30_settle,2025-09-14,-8.369999999999983,-4.749999999999994
M2_h1_cap30_settle,2025-09-15,-1.0,-0.34999999999999787
M2_h1_cap30_settle,2025-09-18,-2.089999999999994,-1.6500000000000012
M2_h1_cap30_settle,2025-09-19,-1.9999999999999964,-1.3500000000000014
M2_h1_cap30_settle,2025-09-20,-76.54999999999994,-65.64999999999999
M2_h1_cap30_settle,2025-09-21,-9.549999999999972,-5.999999999999999
M2_h1_cap30_settle,2025-09-22,0.5300000000000007,0.7999999999999976
M2_h1_cap30_settle,2025-09-25,-0.28999999999999915,0.19999999999999574
M2_h1_cap30_settle,2025-09-26,-2.9799999999999973,-2.050000000000002
M2_h1_cap30_settle,2025-09-27,-65.02999999999993,-53.30000000000002
M2_h1_cap30_settle,2025-09-28,-8.249999999999988,-4.849999999999993
M2_h1_cap30_settle,2025-09-29,-1.9299999999999968,-1.4000000000000037
M2_h1_cap30_settle,2025-10-02,-4.380000000000001,-3.699999999999999
M2_h1_cap30_settle,2025-10-03,-2.4999999999999987,-1.5999999999999996
M2_h1_cap30_settle,2025-10-04,-51.71999999999995,-41.650000000000006
M2_h1_cap30_settle,2025-10-05,-9.559999999999988,-6.5500000000000025
M2_h1_cap30_settle,2025-10-06,-0.7399999999999993,-0.4999999999999969
M2_h1_cap30_settle,2025-10-08,-4.420000000000003,-3.850000000000004
M2_h1_cap30_settle,2025-10-09,-3.82,-2.550000000000001
M2_h1_cap30_settle,2025-10-10,-2.0599999999999943,-1.0999999999999945
M2_h1_cap30_settle,2025-10-11,-57.98999999999993,-47.650000000000006
M2_h1_cap30_settle,2025-10-12,-9.619999999999992,-6.35000000000001
M2_h1_cap30_settle,2025-10-13,-2.2999999999999963,-1.5999999999999965
M2_h1_cap30_settle,2025-10-14,-3.9699999999999918,-3.2500000000000067
M2_h1_cap30_settle,2025-10-15,-2.539999999999992,-1.8999999999999986
M2_h1_cap30_settle,2025-10-16,-0.21000000000000696,0.14999999999999358
M2_h1_cap30_settle,2025-10-17,-2.8799999999999804,-1.7500000000000042
M2_h1_cap30_settle,2025-10-18,-66.88999999999993,-54.60000000000002
M2_h1_cap30_settle,2025-10-19,-12.119999999999976,-8.700000000000003
M2_h1_cap30_settle,2025-10-20,-0.8899999999999968,-0.44999999999999796
M2_h1_cap30_settle,2025-10-21,-0.5499999999999972,3.552713678800501e-15
M2_h1_cap30_settle,2025-10-22,-2.34,-1.7499999999999991
M2_h1_cap30_settle,2025-10-23,-1.8199999999999934,-1.400000000000001
M2_h1_cap30_settle,2025-10-24,1.8500000000000014,2.399999999999995
M2_h1_cap30_settle,2025-10-25,-67.01999999999995,-56.799999999999976
M2_h1_cap30_settle,2025-10-26,-7.619999999999969,-4.75
M2_h1_cap30_settle,2025-10-27,-0.9399999999999965,-0.6999999999999998
M2_h1_cap30_settle,2025-10-28,-0.3899999999999927,-0.10000000000000647
M2_h1_cap30_settle,2025-10-29,-0.9700000000000024,-0.29999999999999716
M2_h1_cap30_settle,2025-10-30,-0.919999999999991,-0.20000000000000395
M2_h1_cap30_settle,2025-10-31,-0.07999999999999918,0.34999999999999565
M2_h1_cap30_settle,2025-11-01,-35.989999999999945,-25.500000000000007
M2_h1_cap30_settle,2025-11-02,-7.789999999999983,-4.6
M2_h1_cap30_settle,2025-11-03,-0.5899999999999963,-0.25
M2_h1_cap30_settle,2025-11-04,-1.5399999999999965,-1.050000000000003
M2_h1_cap30_settle,2025-11-05,-2.0999999999999996,-1.6999999999999993
M2_h1_cap30_settle,2025-11-06,-1.8099999999999956,-0.9999999999999952
M2_h1_cap30_settle,2025-11-07,-3.8799999999999866,-2.9499999999999984
M2_h1_cap30_settle,2025-11-08,-44.53999999999994,-34.80000000000002
M2_h1_cap30_settle,2025-11-09,-8.550000000000002,-5.600000000000005
M2_h1_cap30_settle,2025-11-10,-0.10999999999999943,0.25000000000000355
M2_h1_cap30_settle,2025-11-11,-2.1999999999999953,-1.5500000000000007
M2_h1_cap30_settle,2025-11-12,-2.09,-1.4000000000000021
M2_h1_cap30_settle,2025-11-13,-2.0299999999999945,-1.7000000000000068
M2_h1_cap30_settle,2025-11-14,-0.7100000000000009,-0.3500000000000014
M2_h1_cap30_settle,2025-11-15,-47.28999999999995,-36.349999999999994
M2_h1_cap30_settle,2025-11-16,-17.660000000000007,-13.90000000000002
M2_h1_cap30_settle,2025-11-17,0.9400000000000013,1.25
M2_h1_cap30_settle,2025-11-18,-2.63999999999999,-1.8000000000000114
M2_h1_cap30_settle,2025-11-19,-0.46000000000000085,0.05000000000000426
M2_h1_cap30_settle,2025-11-20,-1.5400000000000005,-1.0500000000000038
M2_h1_cap30_settle,2025-11-21,-1.0600000000000012,-0.35000000000000586
M2_h1_cap30_settle,2025-11-22,-67.71999999999996,-56.55000000000002
M2_h1_cap30_settle,2025-11-23,-13.190000000000003,-10.1
M2_h1_cap30_settle,2025-11-24,-0.06999999999999762,0.15000000000000213
M2_h1_cap30_settle,2025-11-25,-1.8599999999999959,-1.4500000000000028
M2_h1_cap30_settle,2025-11-27,-0.8099999999999978,0.3500000000000032
M2_h1_cap30_settle,2025-11-28,-5.139999999999983,-1.5500000000000012
M2_h1_cap30_settle,2025-11-29,-56.939999999999976,-45.500000000000014
M2_h1_cap30_settle,2025-11-30,-11.429999999999987,-8.600000000000005
M2_h1_cap30_settle,2025-12-01,-0.03999999999999915,0.10000000000000142
M2_h1_cap30_settle,2025-12-04,-0.46999999999999953,-0.19999999999999996
M2_h1_cap30_settle,2025-12-05,-3.4299999999999935,-2.45
M2_h1_cap30_settle,2025-12-06,-5.52,-3.9999999999999982
M2_h1_cap30_settle,2025-12-07,-7.679999999999984,-4.449999999999997
M2_h1_cap30_settle,2025-12-08,0.14000000000000257,0.49999999999999867
M2_h1_cap30_settle,2025-12-11,-1.2999999999999972,-1.0499999999999936
M2_h1_cap30_settle,2025-12-13,-6.769999999999998,-5.950000000000002
M2_h1_cap30_settle,2025-12-14,-10.909999999999972,-7.8000000000000025
M2_h1_cap30_settle,2025-12-15,-0.6699999999999979,-0.34999999999999876
M2_h1_cap30_settle,2025-12-16,-0.920000000000001,-0.6500000000000004
M2_h1_cap30_settle,2025-12-17,-0.46999999999999487,0.25000000000000044
M2_h1_cap30_settle,2025-12-18,-1.6299999999999972,-1.0500000000000007
M2_h1_cap30_settle,2025-12-19,-4.999999999999996,-4.449999999999998
M2_h1_cap30_settle,2025-12-20,-2.799999999999989,-1.649999999999993
M2_h1_cap30_settle,2025-12-21,-10.949999999999994,-7.499999999999993
M2_h1_cap30_settle,2025-12-22,-2.749999999999993,-2.1999999999999993
M2_h1_cap30_settle,2025-12-23,-2.970000000000004,-2.200000000000002
M2_h1_cap30_settle,2025-12-24,-0.1899999999999964,0.10000000000000142
M2_h1_cap30_settle,2025-12-25,-2.3299999999999974,-1.5999999999999968
M2_h1_cap30_settle,2025-12-26,-5.479999999999997,-4.549999999999998
M2_h1_cap30_settle,2025-12-27,-9.449999999999982,-6.6000000000000005
M2_h1_cap30_settle,2025-12-28,-8.279999999999994,-5.649999999999993
M2_h1_cap30_settle,2025-12-29,-1.9999999999999942,-1.5000000000000053
M2_h1_cap30_settle,2025-12-30,-3.3300000000000014,-2.4000000000000012
M2_h1_cap30_settle,2025-12-31,-7.259999999999998,-5.649999999999997
M2_h1_cap30_settle,2026-01-01,-3.329999999999996,-2.4000000000000012
M2_h1_cap30_settle,2026-01-02,-4.129999999999985,-3.150000000000003
M2_h1_cap30_settle,2026-01-03,-1.4000000000000021,-0.8999999999999986
M2_h1_cap30_settle,2026-01-04,-5.949999999999983,-3.050000000000024
M2_h1_cap30_settle,2026-01-08,0.09000000000000341,0.3500000000000014
M2_h1_cap30_settle,2026-01-09,-0.43999999999999995,-0.14999999999999902
M2_h1_cap30_settle,2026-01-10,-1.8000000000000007,-1.3499999999999988
M2_h1_cap30_settle,2026-01-11,-1.2599999999999874,-0.34999999999999787
M2_h1_cap30_settle,2026-01-12,-0.00999999999999801,0.3499999999999943
M2_h1_cap30_settle,2026-01-17,-1.269999999999996,-0.6999999999999931
M2_h1_cap30_settle,2026-01-18,-2.900000000000001,-2.3500000000000005
M2_h1_cap30_exit,2025-09-08,-0.6500000000000021,-0.37000000000000455
M2_h1_cap30_exit,2025-09-11,-3.9599999999999973,-3.360000000000003
M2_h1_cap30_exit,2025-09-12,-7.619999999999993,-6.690000000000003
M2_h1_cap30_exit,2025-09-13,-108.12999999999995,-98.35000000000004
M2_h1_cap30_exit,2025-09-14,-19.28999999999998,-15.67
M2_h1_cap30_exit,2025-09-15,-2.030000000000001,-1.379999999999999
M2_h1_cap30_exit,2025-09-18,-2.8499999999999988,-2.410000000000003
M2_h1_cap30_exit,2025-09-19,-4.489999999999997,-3.839999999999998
M2_h1_cap30_exit,2025-09-20,-103.98999999999995,-93.09000000000003
M2_h1_cap30_exit,2025-09-21,-18.08999999999999,-14.540000000000008
M2_h1_cap30_exit,2025-09-22,-0.1700000000000017,0.0999999999999952
M2_h1_cap30_exit,2025-09-25,-1.7799999999999976,-1.2900000000000027
M2_h1_cap30_exit,2025-09-26,-6.399999999999997,-5.470000000000003
M2_h1_cap30_exit,2025-09-27,-100.02999999999996,-88.30000000000003
M2_h1_cap30_exit,2025-09-28,-20.240000000000002,-16.84000000000001
M2_h1_cap30_exit,2025-09-29,-3.0100000000000016,-2.4800000000000075
M2_h1_cap30_exit,2025-10-02,-5.109999999999998,-4.429999999999995
M2_h1_cap30_exit,2025-10-03,-5.160000000000001,-4.260000000000001
M2_h1_cap30_exit,2025-10-04,-75.04999999999997,-64.98000000000002
M2_h1_cap30_exit,2025-10-05,-19.00000000000001,-15.990000000000016
M2_h1_cap30_exit,2025-10-06,-1.4400000000000017,-1.2000000000000028
M2_h1_cap30_exit,2025-10-08,-4.879999999999988,-4.310000000000004
M2_h1_cap30_exit,2025-10-09,-6.790000000000002,-5.520000000000009
M2_h1_cap30_exit,2025-10-10,-4.939999999999996,-3.9799999999999973
M2_h1_cap30_exit,2025-10-11,-81.88999999999996,-71.55
M2_h1_cap30_exit,2025-10-12,-15.910000000000002,-12.64000000000001
M2_h1_cap30_exit,2025-10-13,-3.899999999999995,-3.2000000000000024
M2_h1_cap30_exit,2025-10-14,-7.279999999999992,-6.5600000000000005
M2_h1_cap30_exit,2025-10-15,-3.429999999999996,-2.789999999999999
M2_h1_cap30_exit,2025-10-16,-3.14,-2.7800000000000047
M2_h1_cap30_exit,2025-10-17,-6.939999999999985,-5.810000000000007
M2_h1_cap30_exit,2025-10-18,-89.70999999999998,-77.42000000000007
M2_h1_cap30_exit,2025-10-19,-19.639999999999986,-16.220000000000006
M2_h1_cap30_exit,2025-10-20,-2.429999999999998,-1.9899999999999993
M2_h1_cap30_exit,2025-10-21,-1.2100000000000026,-0.6599999999999966
M2_h1_cap30_exit,2025-10-22,-3.7499999999999996,-3.159999999999999
M2_h1_cap30_exit,2025-10-23,-4.749999999999993,-4.330000000000002
M2_h1_cap30_exit,2025-10-24,0.6199999999999939,1.1699999999999982
M2_h1_cap30_exit,2025-10-25,-97.74999999999997,-87.53000000000004
M2_h1_cap30_exit,2025-10-26,-12.399999999999986,-9.53000000000002
M2_h1_cap30_exit,2025-10-27,-0.9399999999999965,-0.6999999999999998
M2_h1_cap30_exit,2025-10-28,-2.019999999999995,-1.7300000000000058
M2_h1_cap30_exit,2025-10-29,-2.289999999999999,-1.6200000000000045
M2_h1_cap30_exit,2025-10-30,-3.0800000000000027,-2.3600000000000056
M2_h1_cap30_exit,2025-10-31,-0.8000000000000014,-0.370000000000003
M2_h1_cap30_exit,2025-11-01,-59.329999999999956,-48.840000000000025
M2_h1_cap30_exit,2025-11-02,-18.07999999999999,-14.89000000000001
M2_h1_cap30_exit,2025-11-03,-0.9699999999999989,-0.629999999999999
M2_h1_cap30_exit,2025-11-04,-4.369999999999997,-3.880000000000006
M2_h1_cap30_exit,2025-11-05,-4.520000000000001,-4.119999999999997
M2_h1_cap30_exit,2025-11-06,-4.299999999999999,-3.49
M2_h1_cap30_exit,2025-11-07,-6.039999999999999,-5.110000000000001
M2_h1_cap30_exit,2025-11-08,-70.96999999999998,-61.23000000000004
M2_h1_cap30_exit,2025-11-09,-14.900000000000006,-11.95000000000002
M2_h1_cap30_exit,2025-11-10,-0.629999999999999,-0.2699999999999996
M2_h1_cap30_exit,2025-11-11,-3.3999999999999972,-2.750000000000006
M2_h1_cap30_exit,2025-11-12,-3.4400000000000044,-2.7500000000000067
M2_h1_cap30_exit,2025-11-13,-2.679999999999997,-2.350000000000009
M2_h1_cap30_exit,2025-11-14,-1.4199999999999964,-1.0600000000000005
M2_h1_cap30_exit,2025-11-15,-74.34999999999998,-63.41000000000003
M2_h1_cap30_exit,2025-11-16,-28.03000000000002,-24.270000000000028
M2_h1_cap30_exit,2025-11-17,0.28999999999999915,0.5999999999999979
M2_h1_cap30_exit,2025-11-18,-4.039999999999992,-3.2000000000000064
M2_h1_cap30_exit,2025-11-19,-1.7800000000000047,-1.269999999999996
M2_h1_cap30_exit,2025-11-20,-3.7099999999999973,-3.2200000000000006
M2_h1_cap30_exit,2025-11-21,-2.7199999999999998,-2.0100000000000042
M2_h1_cap30_exit,2025-11-22,-85.96999999999998,-74.80000000000007
M2_h1_cap30_exit,2025-11-23,-23.39000000000002,-20.300000000000015
M2_h1_cap30_exit,2025-11-24,-0.06999999999999762,0.15000000000000213
M2_h1_cap30_exit,2025-11-25,-2.509999999999998,-2.100000000000005
M2_h1_cap30_exit,2025-11-27,-3.7200000000000046,-2.560000000000005
M2_h1_cap30_exit,2025-11-28,-12.870000000000001,-9.280000000000017
M2_h1_cap30_exit,2025-11-29,-82.72,-71.28000000000003
M2_h1_cap30_exit,2025-11-30,-14.999999999999993,-12.17000000000001
M2_h1_cap30_exit,2025-12-01,-0.03999999999999915,0.10000000000000142
M2_h1_cap30_exit,2025-12-04,-1.8700000000000006,-1.5999999999999992
M2_h1_cap30_exit,2025-12-05,-6.7499999999999964,-5.77
M2_h1_cap30_exit,2025-12-06,-9.909999999999998,-8.390000000000004
M2_h1_cap30_exit,2025-12-07,-13.530000000000006,-10.30000000000003
M2_h1_cap30_exit,2025-12-08,-1.3499999999999979,-0.990000000000002
M2_h1_cap30_exit,2025-12-11,-2.0999999999999996,-1.8499999999999979
M2_h1_cap30_exit,2025-12-13,-8.989999999999991,-8.170000000000002
M2_h1_cap30_exit,2025-12-14,-18.119999999999997,-15.010000000000014
M2_h1_cap30_exit,2025-12-15,-1.05,-0.7300000000000009
M2_h1_cap30_exit,2025-12-16,-1.4800000000000004,-1.209999999999999
M2_h1_cap30_exit,2025-12-17,-2.79,-2.070000000000001
M2_h1_cap30_exit,2025-12-18,-3.5799999999999965,-3.0000000000000018
M2_h1_cap30_exit,2025-12-19,-6.8299999999999965,-6.279999999999998
M2_h1_cap30_exit,2025-12-20,-6.599999999999991,-5.4499999999999975
M2_h1_cap30_exit,2025-12-21,-16.330000000000013,-12.880000000000013
M2_h1_cap30_exit,2025-12-22,-3.8299999999999983,-3.2800000000000047
M2_h1_cap30_exit,2025-12-23,-6.299999999999995,-5.530000000000001
M2_h1_cap30_exit,2025-12-24,-1.529999999999994,-1.2399999999999984
M2_h1_cap30_exit,2025-12-25,-4.369999999999996,-3.639999999999997
M2_h1_cap30_exit,2025-12-26,-7.449999999999998,-6.519999999999999
M2_h1_cap30_exit,2025-12-27,-17.669999999999998,-14.820000000000018
M2_h1_cap30_exit,2025-12-28,-13.979999999999992,-11.349999999999998
M2_h1_cap30_exit,2025-12-29,-2.6499999999999964,-2.1500000000000075
M2_h1_cap30_exit,2025-12-30,-8.399999999999997,-7.470000000000002
M2_h1_cap30_exit,2025-12-31,-12.959999999999994,-11.35
M2_h1_cap30_exit,2026-01-01,-5.7,-4.770000000000005
M2_h1_cap30_exit,2026-01-02,-5.770000000000004,-4.790000000000015
M2_h1_cap30_exit,2026-01-03,-1.4000000000000021,-0.8999999999999986
M2_h1_cap30_exit,2026-01-04,-11.29,-8.390000000000029
M2_h1_cap30_exit,2026-01-08,-0.5399999999999991,-0.2799999999999976
M2_h1_cap30_exit,2026-01-09,-0.8200000000000021,-0.5300000000000011
M2_h1_cap30_exit,2026-01-10,-4.220000000000002,-3.770000000000003
M2_h1_cap30_exit,2026-01-11,-4.109999999999989,-3.1999999999999993
M2_h1_cap30_exit,2026-01-12,-0.39000000000000057,-0.03000000000000469
M2_h1_cap30_exit,2026-01-17,-3.0099999999999962,-2.4399999999999995
M2_h1_cap30_exit,2026-01-18,-4.339999999999999,-3.7900000000000027
M2_h2_cap10_settle,2025-09-08,0.31999999999999984,0.3999999999999999
M2_h2_cap10_settle,2025-09-11,-0.759999999999998,-0.5500000000000007
M2_h2_cap10_settle,2025-09-12,-0.4199999999999982,-0.09999999999999926
M2_h2_cap10_settle,2025-09-13,-23.65999999999999,-20.3
M2_h2_cap10_settle,2025-09-14,-1.7599999999999925,-0.5999999999999992
M2_h2_cap10_settle,2025-09-15,-0.5199999999999978,-0.3000000000000007
M2_h2_cap10_settle,2025-09-18,-1.8699999999999974,-1.7000000000000002
M2_h2_cap10_settle,2025-09-19,-1.1499999999999995,-0.9500000000000002
M2_h2_cap10_settle,2025-09-20,-19.40999999999999,-15.549999999999995
M2_h2_cap10_settle,2025-09-21,-3.8199999999999976,-2.6000000000000028
M2_h2_cap10_settle,2025-09-22,-0.13000000000000078,-0.04999999999999982
M2_h2_cap10_settle,2025-09-25,-1.089999999999998,-0.9000000000000004
M2_h2_cap10_settle,2025-09-26,-0.029999999999999583,0.2499999999999989
M2_h2_cap10_settle,2025-09-27,-24.159999999999975,-20.050000000000004
M2_h2_cap10_settle,2025-09-28,-2.9099999999999913,-1.7500000000000022
M2_h2_cap10_settle,2025-09-29,-1.1399999999999992,-0.9499999999999997
M2_h2_cap10_settle,2025-10-02,-1.1399999999999975,-0.899999999999999
M2_h2_cap10_settle,2025-10-03,-0.8099999999999998,-0.5000000000000033
M2_h2_cap10_settle,2025-10-04,-16.619999999999983,-13.1
M2_h2_cap10_settle,2025-10-05,-1.0899999999999983,-6.661338147750939e-16
M2_h2_cap10_settle,2025-10-06,0.22000000000000064,0.3000000000000007
M2_h2_cap10_settle,2025-10-08,-2.5099999999999985,-2.2999999999999994
M2_h2_cap10_settle,2025-10-09,-0.3299999999999992,0.1499999999999999
M2_h2_cap10_settle,2025-10-10,-0.23999999999999866,0.10000000000000142
M2_h2_cap10_settle,2025-10-11,-22.91999999999998,-19.299999999999997
M2_h2_cap10_settle,2025-10-12,-0.8699999999999951,0.2000000000000005
M2_h2_cap10_settle,2025-10-13,-0.13000000000000078,0.10000000000000053
M2_h2_cap10_settle,2025-10-14,-0.9399999999999977,-0.7000000000000011
M2_h2_cap10_settle,2025-10-15,-1.0599999999999987,-0.8499999999999996
M2_h2_cap10_settle,2025-10-16,0.129999999999999,0.25
M2_h2_cap10_settle,2025-10-17,-1.5099999999999996,-1.150000000000001
M2_h2_cap10_settle,2025-10-18,-20.749999999999975,-16.599999999999998
M2_h2_cap10_settle,2025-10-19,-5.599999999999995,-4.450000000000001
M2_h2_cap10_settle,2025-10-20,-0.060000000000000275,0.09999999999999898
M2_h2_cap10_settle,2025-10-21,-1.4800000000000013,-1.300000000000002
M2_h2_cap10_settle,2025-10-22,-0.8299999999999982,-0.6499999999999994
M2_h2_cap10_settle,2025-10-23,-0.7999999999999987,-0.6500000000000001
M2_h2_cap10_settle,2025-10-24,1.1300000000000026,1.299999999999999
M2_h2_cap10_settle,2025-10-25,-21.359999999999985,-17.85
M2_h2_cap10_settle,2025-10-26,-2.099999999999997,-1.1500000000000035
M2_h2_cap10_settle,2025-10-27,-0.22999999999999954,-0.15000000000000036
M2_h2_cap10_settle,2025-10-28,0.3300000000000014,0.45000000000000107
M2_h2_cap10_settle,2025-10-29,-0.259999999999998,-0.05000000000000071
M2_h2_cap10_settle,2025-10-30,-0.5499999999999998,-0.30000000000000204
M2_h2_cap10_settle,2025-10-31,-0.24999999999999994,-0.10000000000000092
M2_h2_cap10_settle,2025-11-01,-13.619999999999989,-10.050000000000002
M2_h2_cap10_settle,2025-11-02,-6.56999999999999,-5.499999999999999
M2_h2_cap10_settle,2025-11-03,-0.01999999999999913,0.0999999999999992
M2_h2_cap10_settle,2025-11-04,-0.6599999999999997,-0.5000000000000013
M2_h2_cap10_settle,2025-11-05,-0.8800000000000004,-0.7500000000000008
M2_h2_cap10_settle,2025-11-06,-0.8899999999999963,-0.6000000000000001
M2_h2_cap10_settle,2025-11-07,-1.3999999999999988,-1.1000000000000008
M2_h2_cap10_settle,2025-11-08,-13.289999999999987,-10.000000000000004
M2_h2_cap10_settle,2025-11-09,-5.249999999999996,-4.299999999999995
M2_h2_cap10_settle,2025-11-10,0.23000000000000043,0.34999999999999787
M2_h2_cap10_settle,2025-11-11,0.44000000000000083,0.6499999999999999
M2_h2_cap10_settle,2025-11-12,-1.0999999999999976,-0.8500000000000001
M2_h2_cap10_settle,2025-11-13,-0.03999999999999759,0.10000000000000098
M2_h2_cap10_settle,2025-11-14,0.08000000000000007,0.1999999999999993
M2_h2_cap10_settle,2025-11-15,-17.879999999999985,-14.099999999999989
M2_h2_cap10_settle,2025-11-16,-4.399999999999995,-3.1000000000000014
M2_h2_cap10_settle,2025-11-17,0.129999999999999,0.24999999999999822
M2_h2_cap10_settle,2025-11-18,-0.029999999999997334,0.25000000000000067
M2_h2_cap10_settle,2025-11-19,-1.2400000000000002,-1.0500000000000007
M2_h2_cap10_settle,2025-11-20,-0.16000000000000014,-1.7763568394002505e-15
M2_h2_cap10_settle,2025-11-21,0.18000000000000238,0.40000000000000036
M2_h2_cap10_settle,2025-11-22,-18.78999999999998,-14.900000000000006
M2_h2_cap10_settle,2025-11-23,-5.929999999999993,-4.900000000000004
M2_h2_cap10_settle,2025-11-24,0.08000000000000085,0.15000000000000002
M2_h2_cap10_settle,2025-11-25,-0.11999999999999922,1.7763568394002505e-15
M2_h2_cap10_settle,2025-11-27,-0.7699999999999974,-0.39999999999999813
M2_h2_cap10_settle,2025-11-28,-2.2699999999999942,-1.0500000000000018
M2_h2_cap10_settle,2025-11-29,-15.289999999999992,-11.35
M2_h2_cap10_settle,2025-11-30,-1.849999999999994,-0.8500000000000034
M2_h2_cap10_settle,2025-12-01,-0.08999999999999986,-0.05000000000000071
M2_h2_cap10_settle,2025-12-04,0.1499999999999997,0.25000000000000044
M2_h2_cap10_settle,2025-12-05,-1.7499999999999962,-1.3999999999999981
M2_h2_cap10_settle,2025-12-06,-0.6799999999999984,-0.15000000000000058
M2_h2_cap10_settle,2025-12-07,-3.339999999999998,-2.2000000000000037
M2_h2_cap10_settle,2025-12-08,0.18000000000000083,0.30000000000000027
M2_h2_cap10_settle,2025-12-11,0.3200000000000003,0.40000000000000036
M2_h2_cap10_settle,2025-12-13,-0.8799999999999968,-0.6000000000000001
M2_h2_cap10_settle,2025-12-14,-4.85999999999999,-3.799999999999996
M2_h2_cap10_settle,2025-12-15,-0.34999999999999987,-0.25
M2_h2_cap10_settle,2025-12-16,0.22000000000000042,0.2999999999999996
M2_h2_cap10_settle,2025-12-17,-1.4399999999999977,-1.1999999999999993
M2_h2_cap10_settle,2025-12-18,-0.9299999999999986,-0.7500000000000004
M2_h2_cap10_settle,2025-12-19,-3.0999999999999988,-2.8999999999999986
M2_h2_cap10_settle,2025-12-20,-0.5500000000000018,-0.15000000000000102
M2_h2_cap10_settle,2025-12-21,-2.3199999999999936,-1.200000000000002
M2_h2_cap10_settle,2025-12-22,-1.25,-1.049999999999999
M2_h2_cap10_settle,2025-12-23,-1.1600000000000001,-0.8999999999999986
M2_h2_cap10_settle,2025-12-24,0.09000000000000119,0.19999999999999973
M2_h2_cap10_settle,2025-12-25,-0.23999999999999777,1.5543122344752192e-15
M2_h2_cap10_settle,2025-12-26,-2.359999999999999,-2.0500000000000003
M2_h2_cap10_settle,2025-12-27,-1.6999999999999986,-0.7500000000000002
M2_h2_cap10_settle,2025-12-28,-1.929999999999996,-1.0500000000000025
M2_h2_cap10_settle,2025-12-29,0.24000000000000143,0.40000000000000047
M2_h2_cap10_settle,2025-12-30,0.1399999999999979,0.3999999999999986
M2_h2_cap10_settle,2025-12-31,-2.409999999999999,-1.9000000000000015
M2_h2_cap10_settle,2026-01-01,-1.459999999999997,-1.1499999999999981
M2_h2_cap10_settle,2026-01-02,0.05000000000000032,0.40000000000000063
M2_h2_cap10_settle,2026-01-03,-1.6199999999999992,-1.4499999999999993
M2_h2_cap10_settle,2026-01-04,-2.0399999999999965,-1.0499999999999985
M2_h2_cap10_settle,2026-01-08,-0.5899999999999999,-0.5
M2_h2_cap10_settle,2026-01-09,-0.8999999999999995,-0.8000000000000003
M2_h2_cap10_settle,2026-01-10,-0.599999999999999,-0.4500000000000009
M2_h2_cap10_settle,2026-01-11,-1.759999999999998,-1.450000000000001
M2_h2_cap10_settle,2026-01-12,0.17999999999999972,0.3000000000000007
M2_h2_cap10_settle,2026-01-17,-1.149999999999999,-0.9500000000000006
M2_h2_cap10_settle,2026-01-18,-0.32000000000000006,-0.1499999999999999
M2_h2_cap10_exit,2025-09-08,0.2000000000000004,0.28000000000000047
M2_h2_cap10_exit,2025-09-11,-1.1699999999999982,-0.9599999999999973
M2_h2_cap10_exit,2025-09-12,-1.3299999999999956,-1.0099999999999985
M2_h2_cap10_exit,2025-09-13,-34.01999999999998,-30.659999999999997
M2_h2_cap10_exit,2025-09-14,-5.5099999999999865,-4.349999999999994
M2_h2_cap10_exit,2025-09-15,-0.8699999999999974,-0.6499999999999986
M2_h2_cap10_exit,2025-09-18,-2.129999999999995,-1.959999999999998
M2_h2_cap10_exit,2025-09-19,-1.990000000000001,-1.79
M2_h2_cap10_exit,2025-09-20,-29.209999999999976,-25.349999999999994
M2_h2_cap10_exit,2025-09-21,-6.73999999999999,-5.519999999999994
M2_h2_cap10_exit,2025-09-22,-0.37000000000000083,-0.28999999999999987
M2_h2_cap10_exit,2025-09-25,-1.589999999999998,-1.3999999999999986
M2_h2_cap10_exit,2025-09-26,-1.1899999999999982,-0.9100000000000006
M2_h2_cap10_exit,2025-09-27,-36.04999999999997,-31.93999999999999
M2_h2_cap10_exit,2025-09-28,-6.969999999999986,-5.809999999999991
M2_h2_cap10_exit,2025-09-29,-1.5099999999999982,-1.3199999999999987
M2_h2_cap10_exit,2025-10-02,-1.3899999999999972,-1.1499999999999988
M2_h2_cap10_exit,2025-10-03,-1.659999999999999,-1.350000000000001
M2_h2_cap10_exit,2025-10-04,-24.50999999999997,-20.989999999999988
M2_h2_cap10_exit,2025-10-05,-4.29999999999999,-3.2099999999999933
M2_h2_cap10_exit,2025-10-06,-0.01999999999999942,0.06000000000000065
M2_h2_cap10_exit,2025-10-08,-2.679999999999997,-2.4699999999999998
M2_h2_cap10_exit,2025-10-09,-1.3399999999999959,-0.8599999999999994
M2_h2_cap10_exit,2025-10-10,-1.2299999999999973,-0.8899999999999973
M2_h2_cap10_exit,2025-10-11,-31.079999999999963,-27.459999999999983
M2_h2_cap10_exit,2025-10-12,-2.99999999999999,-1.9299999999999957
M2_h2_cap10_exit,2025-10-13,-0.6699999999999996,-0.4399999999999983
M2_h2_cap10_exit,2025-10-14,-2.0599999999999956,-1.8199999999999994
M2_h2_cap10_exit,2025-10-15,-1.3699999999999983,-1.1599999999999993
M2_h2_cap10_exit,2025-10-16,-0.8599999999999977,-0.7399999999999975
M2_h2_cap10_exit,2025-10-17,-2.870000000000001,-2.5100000000000016
M2_h2_cap10_exit,2025-10-18,-28.55999999999997,-24.41
M2_h2_cap10_exit,2025-10-19,-8.149999999999986,-6.999999999999992
M2_h2_cap10_exit,2025-10-20,-0.5900000000000003,-0.43000000000000105
M2_h2_cap10_exit,2025-10-21,-1.71,-1.530000000000002
M2_h2_cap10_exit,2025-10-22,-1.3099999999999978,-1.129999999999999
M2_h2_cap10_exit,2025-10-23,-1.7899999999999956,-1.639999999999998
M2_h2_cap10_exit,2025-10-24,0.7100000000000044,0.8800000000000008
M2_h2_cap10_exit,2025-10-25,-31.829999999999984,-28.319999999999997
M2_h2_cap10_exit,2025-10-26,-3.7199999999999895,-2.769999999999996
M2_h2_cap10_exit,2025-10-27,-0.22999999999999954,-0.15000000000000036
M2_h2_cap10_exit,2025-10-28,-0.22999999999999798,-0.10999999999999832
M2_h2_cap10_exit,2025-10-29,-0.71,-0.5000000000000009
M2_h2_cap10_exit,2025-10-30,-1.2800000000000005,-1.0300000000000027
M2_h2_cap10_exit,2025-10-31,-0.5999999999999996,-0.45000000000000057
M2_h2_cap10_exit,2025-11-01,-21.66999999999997,-18.09999999999998
M2_h2_cap10_exit,2025-11-02,-10.049999999999986,-8.979999999999993
M2_h2_cap10_exit,2025-11-03,-0.14999999999999797,-0.029999999999999652
M2_h2_cap10_exit,2025-11-04,-1.6099999999999985,-1.4500000000000002
M2_h2_cap10_exit,2025-11-05,-1.7299999999999982,-1.5999999999999988
M2_h2_cap10_exit,2025-11-06,-1.7299999999999953,-1.439999999999999
M2_h2_cap10_exit,2025-11-07,-2.1299999999999972,-1.8299999999999992
M2_h2_cap10_exit,2025-11-08,-23.00999999999998,-19.719999999999995
M2_h2_cap10_exit,2025-11-09,-7.469999999999988,-6.51999999999999
M2_h2_cap10_exit,2025-11-10,0.05000000000000071,0.16999999999999815
M2_h2_cap10_exit,2025-11-11,0.030000000000002636,0.2400000000000017
M2_h2_cap10_exit,2025-11-12,-1.5599999999999965,-1.309999999999999
M2_h2_cap10_exit,2025-11-13,-0.25999999999999646,-0.11999999999999789
M2_h2_cap10_exit,2025-11-14,-0.16000000000000014,-0.040000000000000924
M2_h2_cap10_exit,2025-11-15,-27.109999999999967,-23.329999999999977
M2_h2_cap10_exit,2025-11-16,-7.9299999999999855,-6.629999999999994
M2_h2_cap10_exit,2025-11-17,-0.08999999999999986,0.02999999999999936
M2_h2_cap10_exit,2025-11-18,-0.5099999999999949,-0.2299999999999987
M2_h2_cap10_exit,2025-11-19,-1.6899999999999995,-1.5
M2_h2_cap10_exit,2025-11-20,-0.8899999999999988,-0.7299999999999995
M2_h2_cap10_exit,2025-11-21,-0.3799999999999964,-0.15999999999999842
M2_h2_cap10_exit,2025-11-22,-25.059999999999963,-21.169999999999987
M2_h2_cap10_exit,2025-11-23,-9.38999999999999,-8.359999999999998
M2_h2_cap10_exit,2025-11-24,0.08000000000000085,0.15000000000000002
M2_h2_cap10_exit,2025-11-25,-0.3399999999999981,-0.2199999999999971
M2_h2_cap10_exit,2025-11-27,-1.7699999999999978,-1.3999999999999995
M2_h2_cap10_exit,2025-11-28,-4.89999999999999,-3.6799999999999966
M2_h2_cap10_exit,2025-11-29,-24.159999999999975,-20.219999999999988
M2_h2_cap10_exit,2025-11-30,-3.0699999999999914,-2.0700000000000003
M2_h2_cap10_exit,2025-12-01,-0.08999999999999986,-0.05000000000000071
M2_h2_cap10_exit,2025-12-04,-0.3200000000000003,-0.21999999999999953
M2_h2_cap10_exit,2025-12-05,-2.879999999999996,-2.529999999999998
M2_h2_cap10_exit,2025-12-06,-2.169999999999995,-1.6399999999999983
M2_h2_cap10_exit,2025-12-07,-5.399999999999996,-4.2600000000000025
M2_h2_cap10_exit,2025-12-08,-0.3200000000000003,-0.20000000000000107
M2_h2_cap10_exit,2025-12-11,0.049999999999998934,0.129999999999999
M2_h2_cap10_exit,2025-12-13,-1.6299999999999955,-1.349999999999996
M2_h2_cap10_exit,2025-12-14,-7.309999999999984,-6.249999999999995
M2_h2_cap10_exit,2025-12-15,-0.4799999999999987,-0.37999999999999884
M2_h2_cap10_exit,2025-12-16,0.03000000000000036,0.10999999999999954
M2_h2_cap10_exit,2025-12-17,-2.2299999999999973,-1.9899999999999989
M2_h2_cap10_exit,2025-12-18,-1.5899999999999972,-1.4099999999999988
M2_h2_cap10_exit,2025-12-19,-3.5799999999999983,-3.379999999999998
M2_h2_cap10_exit,2025-12-20,-1.8499999999999974,-1.449999999999998
M2_h2_cap10_exit,2025-12-21,-4.159999999999985,-3.0399999999999956
M2_h2_cap10_exit,2025-12-22,-1.6199999999999992,-1.4199999999999982
M2_h2_cap10_exit,2025-12-23,-2.2999999999999976,-2.039999999999998
M2_h2_cap10_exit,2025-12-24,-0.36999999999999833,-0.2599999999999989
M2_h2_cap10_exit,2025-12-25,-0.9300000000000008,-0.6900000000000015
M2_h2_cap10_exit,2025-12-26,-3.0299999999999963,-2.7199999999999975
M2_h2_cap10_exit,2025-12-27,-4.509999999999993,-3.5599999999999943
M2_h2_cap10_exit,2025-12-28,-3.859999999999993,-2.979999999999999
M2_h2_cap10_exit,2025-12-29,0.02000000000000257,0.1800000000000016
M2_h2_cap10_exit,2025-12-30,-1.5700000000000014,-1.3100000000000016
M2_h2_cap10_exit,2025-12-31,-4.339999999999995,-3.829999999999999
M2_h2_cap10_exit,2026-01-01,-2.259999999999996,-1.9499999999999968
M2_h2_cap10_exit,2026-01-02,-0.5199999999999977,-0.16999999999999565
M2_h2_cap10_exit,2026-01-03,-1.6199999999999992,-1.4499999999999993
M2_h2_cap10_exit,2026-01-04,-3.85999999999999,-2.8699999999999934
M2_h2_cap10_exit,2026-01-08,-0.8099999999999996,-0.7199999999999989
M2_h2_cap10_exit,2026-01-09,-1.0299999999999983,-0.9299999999999992
M2_h2_cap10_exit,2026-01-10,-1.4199999999999964,-1.2699999999999996
M2_h2_cap10_exit,2026-01-11,-2.7199999999999998,-2.41
M2_h2_cap10_exit,2026-01-12,0.05000000000000071,0.1700000000000017
M2_h2_cap10_exit,2026-01-17,-1.7399999999999975,-1.54
M2_h2_cap10_exit,2026-01-18,-0.8199999999999988,-0.6499999999999996
M2_h2_cap30_settle,2025-09-08,0.2799999999999998,0.5500000000000047
M2_h2_cap30_settle,2025-09-11,-1.3299999999999983,-0.7500000000000036
M2_h2_cap30_settle,2025-09-12,-4.519999999999989,-3.650000000000004
M2_h2_cap30_settle,2025-09-13,-58.399999999999956,-49.400000000000006
M2_h2_cap30_settle,2025-09-14,-8.179999999999994,-4.7000000000000135
M2_h2_cap30_settle,2025-09-15,-1.379999999999999,-0.7499999999999964
M2_h2_cap30_settle,2025-09-18,-2.6199999999999983,-2.1500000000000017
M2_h2_cap30_settle,2025-09-19,-2.7500000000000013,-2.1000000000000028
M2_h2_cap30_settle,2025-09-20,-73.53999999999998,-63.050000000000026
M2_h2_cap30_settle,2025-09-21,-9.039999999999996,-5.600000000000005
M2_h2_cap30_settle,2025-09-22,-1.8899999999999997,-1.5999999999999996
M2_h2_cap30_settle,2025-09-25,-0.9799999999999969,-0.5
M2_h2_cap30_settle,2025-09-26,-2.0000000000000018,-1.0499999999999976
M2_h2_cap30_settle,2025-09-27,-59.90999999999995,-48.45
M2_h2_cap30_settle,2025-09-28,-9.069999999999974,-5.650000000000008
M2_h2_cap30_settle,2025-09-29,-4.159999999999993,-3.700000000000005
M2_h2_cap30_settle,2025-10-02,-3.9599999999999937,-3.3
M2_h2_cap30_settle,2025-10-03,-3.2300000000000013,-2.4499999999999997
M2_h2_cap30_settle,2025-10-04,-49.269999999999946,-39.55000000000001
M2_h2_cap30_settle,2025-10-05,-9.120000000000005,-6.15
M2_h2_cap30_settle,2025-10-06,-0.0799999999999983,0.14999999999999858
M2_h2_cap30_settle,2025-10-08,-5.659999999999996,-5.1000000000000005
M2_h2_cap30_settle,2025-10-09,-5.529999999999989,-4.300000000000004
M2_h2_cap30_settle,2025-10-10,0.5400000000000105,1.4999999999999984
M2_h2_cap30_settle,2025-10-11,-58.869999999999955,-48.700000000000024
M2_h2_cap30_settle,2025-10-12,-5.679999999999985,-2.4999999999999876
M2_h2_cap30_settle,2025-10-13,-3.789999999999993,-3.1000000000000036
M2_h2_cap30_settle,2025-10-14,-5.4299999999999935,-4.699999999999999
M2_h2_cap30_settle,2025-10-15,-1.8399999999999999,-1.1999999999999993
M2_h2_cap30_settle,2025-10-16,-1.980000000000004,-1.600000000000005
M2_h2_cap30_settle,2025-10-17,-1.5799999999999963,-0.45000000000000484
M2_h2_cap30_settle,2025-10-18,-52.00999999999991,-40.00000000000001
M2_h2_cap30_settle,2025-10-19,-20.369999999999976,-17.20000000000001
M2_h2_cap30_settle,2025-10-20,0.19999999999999962,0.6499999999999976
M2_h2_cap30_settle,2025-10-21,-4.65,-4.149999999999997
M2_h2_cap30_settle,2025-10-22,-1.9399999999999946,-1.3500000000000056
M2_h2_cap30_settle,2025-10-23,-1.7499999999999953,-1.3500000000000023
M2_h2_cap30_settle,2025-10-24,-0.2799999999999976,0.2999999999999865
M2_h2_cap30_settle,2025-10-25,-57.11999999999992,-47.300000000000004
M2_h2_cap30_settle,2025-10-26,-14.889999999999986,-12.20000000000001
M2_h2_cap30_settle,2025-10-27,-0.07999999999999641,0.1500000000000017
M2_h2_cap30_settle,2025-10-28,0.050000000000002376,0.3499999999999973
M2_h2_cap30_settle,2025-10-29,-0.33999999999999275,0.3500000000000014
M2_h2_cap30_settle,2025-10-30,-1.2699999999999974,-0.4999999999999982
M2_h2_cap30_settle,2025-10-31,2.1300000000000026,2.500000000000001
M2_h2_cap30_settle,2025-11-01,-35.35999999999994,-25.200000000000028
M2_h2_cap30_settle,2025-11-02,-10.79999999999999,-7.800000000000011
M2_h2_cap30_settle,2025-11-03,-0.28999999999999915,0.04999999999999849
M2_h2_cap30_settle,2025-11-04,-0.49999999999999645,-2.6645352591003757e-15
M2_h2_cap30_settle,2025-11-05,-2.1900000000000053,-1.850000000000002
M2_h2_cap30_settle,2025-11-06,-1.5600000000000003,-0.800000000000006
M2_h2_cap30_settle,2025-11-07,-4.600000000000003,-3.6999999999999913
M2_h2_cap30_settle,2025-11-08,-45.06999999999995,-35.65000000000002
M2_h2_cap30_settle,2025-11-09,-12.309999999999992,-9.400000000000004
M2_h2_cap30_settle,2025-11-10,0.28999999999999915,0.6499999999999986
M2_h2_cap30_settle,2025-11-11,-1.1499999999999964,-0.49999999999999645
M2_h2_cap30_settle,2025-11-12,-3.319999999999998,-2.649999999999995
M2_h2_cap30_settle,2025-11-13,-0.9399999999999964,-0.6500000000000019
M2_h2_cap30_settle,2025-11-14,-0.30999999999999517,0.05000000000000071
M2_h2_cap30_settle,2025-11-15,-50.889999999999944,-40.450000000000024
M2_h2_cap30_settle,2025-11-16,-17.489999999999995,-13.70000000000001
M2_h2_cap30_settle,2025-11-17,0.7499999999999964,1.0499999999999936
M2_h2_cap30_settle,2025-11-18,-2.4499999999999895,-1.649999999999995
M2_h2_cap30_settle,2025-11-19,-1.0099999999999945,-0.5000000000000036
M2_h2_cap30_settle,2025-11-20,-3.1500000000000057,-2.6000000000000014
M2_h2_cap30_settle,2025-11-21,-1.089999999999996,-0.40000000000000036
M2_h2_cap30_settle,2025-11-22,-62.819999999999915,-52.0
M2_h2_cap30_settle,2025-11-23,-14.660000000000002,-11.750000000000007
M2_h2_cap30_settle,2025-11-24,-0.21999999999999886,-4.440892098500626e-16
M2_h2_cap30_settle,2025-11-25,-1.2399999999999949,-0.8500000000000014
M2_h2_cap30_settle,2025-11-27,-2.339999999999994,-1.1999999999999962
M2_h2_cap30_settle,2025-11-28,-3.9299999999999784,-0.44999999999999285
M2_h2_cap30_settle,2025-11-29,-55.299999999999926,-44.10000000000001
M2_h2_cap30_settle,2025-11-30,-7.349999999999982,-4.55
M2_h2_cap30_settle,2025-12-01,-0.620000000000001,-0.5
M2_h2_cap30_settle,2025-12-04,0.12999999999999812,0.4000000000000026
M2_h2_cap30_settle,2025-12-05,-2.750000000000001,-1.7999999999999952
M2_h2_cap30_settle,2025-12-06,-4.790000000000005,-3.2999999999999963
M2_h2_cap30_settle,2025-12-07,-8.15999999999998,-5.050000000000001
M2_h2_cap30_settle,2025-12-08,-0.2499999999999991,0.10000000000000053
M2_h2_cap30_settle,2025-12-11,-0.850000000000005,-0.6000000000000014
M2_h2_cap30_settle,2025-12-13,-5.029999999999998,-4.199999999999998
M2_h2_cap30_settle,2025-12-14,-10.109999999999987,-7.250000000000004
M2_h2_cap30_settle,2025-12-15,-0.01999999999999713,0.2999999999999996
M2_h2_cap30_settle,2025-12-16,-0.30999999999999783,-0.05000000000000382
M2_h2_cap30_settle,2025-12-17,-2.169999999999993,-1.4499999999999988
M2_h2_cap30_settle,2025-12-18,-1.7199999999999944,-1.1499999999999995
M2_h2_cap30_settle,2025-12-19,-6.919999999999998,-6.450000000000001
M2_h2_cap30_settle,2025-12-20,0.2000000000000055,1.2999999999999987
M2_h2_cap30_settle,2025-12-21,-9.179999999999989,-5.750000000000012
M2_h2_cap30_settle,2025-12-22,-1.100000000000005,-0.5500000000000043
M2_h2_cap30_settle,2025-12-23,-2.379999999999997,-1.5499999999999958
M2_h2_cap30_settle,2025-12-24,-1.3199999999999994,-1.0499999999999998
M2_h2_cap30_settle,2025-12-25,-1.8999999999999935,-1.1999999999999995
M2_h2_cap30_settle,2025-12-26,-7.009999999999998,-6.150000000000004
M2_h2_cap30_settle,2025-12-27,-4.859999999999987,-1.9999999999999958
M2_h2_cap30_settle,2025-12-28,-8.579999999999993,-6.050000000000001
M2_h2_cap30_settle,2025-12-29,-1.9499999999999995,-1.449999999999999
M2_h2_cap30_settle,2025-12-30,-2.9399999999999933,-2.0000000000000058
M2_h2_cap30_settle,2025-12-31,-8.99,-7.3999999999999915
M2_h2_cap30_settle,2026-01-01,-2.719999999999992,-1.7999999999999998
M2_h2_cap30_settle,2026-01-02,-2.3099999999999925,-1.3500000000000076
M2_h2_cap30_settle,2026-01-03,-1.2100000000000044,-0.6999999999999993
M2_h2_cap30_settle,2026-01-04,-6.2799999999999905,-3.499999999999999
M2_h2_cap30_settle,2026-01-08,0.09999999999999787,0.40000000000000213
M2_h2_cap30_settle,2026-01-09,-0.11999999999999611,0.1500000000000017
M2_h2_cap30_settle,2026-01-10,-3.779999999999996,-3.3500000000000005
M2_h2_cap30_settle,2026-01-11,-0.08000000000000274,0.8499999999999961
M2_h2_cap30_settle,2026-01-12,1.2100000000000009,1.5499999999999972
M2_h2_cap30_settle,2026-01-17,0.19000000000000306,0.75
M2_h2_cap30_settle,2026-01-18,-2.2299999999999995,-1.6499999999999937
M2_h2_cap30_exit,2025-09-08,-0.03999999999999826,0.23000000000000398
M2_h2_cap30_exit,2025-09-11,-2.5400000000000027,-1.9600000000000009
M2_h2_cap30_exit,2025-09-12,-7.309999999999992,-6.440000000000005
M2_h2_cap30_exit,2025-09-13,-89.16999999999996,-80.17
M2_h2_cap30_exit,2025-09-14,-18.59999999999999,-15.120000000000012
M2_h2_cap30_exit,2025-09-15,-2.41,-1.7800000000000011
M2_h2_cap30_exit,2025-09-18,-3.38,-2.910000000000003
M2_h2_cap30_exit,2025-09-19,-5.239999999999995,-4.590000000000003
M2_h2_cap30_exit,2025-09-20,-100.07,-89.58000000000004
M2_h2_cap30_exit,2025-09-21,-17.360000000000003,-13.92000000000001
M2_h2_cap30_exit,2025-09-22,-2.5900000000000025,-2.300000000000002
M2_h2_cap30_exit,2025-09-25,-2.4700000000000024,-1.990000000000002
M2_h2_cap30_exit,2025-09-26,-5.419999999999996,-4.470000000000002
M2_h2_cap30_exit,2025-09-27,-94.50999999999995,-83.05000000000003
M2_h2_cap30_exit,2025-09-28,-21.059999999999988,-17.64000000000002
M2_h2_cap30_exit,2025-09-29,-5.019999999999999,-4.560000000000004
M2_h2_cap30_exit,2025-10-02,-4.689999999999994,-4.029999999999996
M2_h2_cap30_exit,2025-10-03,-5.469999999999997,-4.689999999999996
M2_h2_cap30_exit,2025-10-04,-71.20999999999995,-61.49
M2_h2_cap30_exit,2025-10-05,-18.56000000000003,-15.590000000000018
M2_h2_cap30_exit,2025-10-06,-0.7800000000000007,-0.5500000000000029
M2_h2_cap30_exit,2025-10-08,-6.119999999999996,-5.560000000000002
M2_h2_cap30_exit,2025-10-09,-8.499999999999996,-7.270000000000001
M2_h2_cap30_exit,2025-10-10,-2.339999999999991,-1.3800000000000028
M2_h2_cap30_exit,2025-10-11,-82.26999999999992,-72.10000000000002
M2_h2_cap30_exit,2025-10-12,-11.969999999999997,-8.789999999999994
M2_h2_cap30_exit,2025-10-13,-5.39,-4.700000000000002
M2_h2_cap30_exit,2025-10-14,-8.739999999999995,-8.009999999999998
M2_h2_cap30_exit,2025-10-15,-2.7300000000000004,-2.0900000000000034
M2_h2_cap30_exit,2025-10-16,-4.909999999999995,-4.529999999999999
M2_h2_cap30_exit,2025-10-17,-5.640000000000002,-4.510000000000009
M2_h2_cap30_exit,2025-10-18,-74.82999999999996,-62.820000000000014
M2_h2_cap30_exit,2025-10-19,-27.889999999999983,-24.720000000000013
M2_h2_cap30_exit,2025-10-20,-1.3400000000000016,-0.8900000000000033
M2_h2_cap30_exit,2025-10-21,-5.310000000000002,-4.809999999999999
M2_h2_cap30_exit,2025-10-22,-3.3499999999999974,-2.7600000000000056
M2_h2_cap30_exit,2025-10-23,-4.679999999999998,-4.280000000000003
M2_h2_cap30_exit,2025-10-24,-1.5099999999999945,-0.9300000000000104
M2_h2_cap30_exit,2025-10-25,-87.62999999999997,-77.81000000000004
M2_h2_cap30_exit,2025-10-26,-19.67000000000001,-16.98000000000002
M2_h2_cap30_exit,2025-10-27,-0.07999999999999641,0.1500000000000017
M2_h2_cap30_exit,2025-10-28,-1.5799999999999965,-1.2800000000000065
M2_h2_cap30_exit,2025-10-29,-1.6599999999999966,-0.9699999999999989
M2_h2_cap30_exit,2025-10-30,-3.4299999999999984,-2.6600000000000033
M2_h2_cap30_exit,2025-10-31,1.319999999999997,1.6899999999999986
M2_h2_cap30_exit,2025-11-01,-58.15999999999996,-48.00000000000005
M2_h2_cap30_exit,2025-11-02,-20.659999999999993,-17.660000000000014
M2_h2_cap30_exit,2025-11-03,-0.6700000000000015,-0.3300000000000034
M2_h2_cap30_exit,2025-11-04,-3.3299999999999983,-2.8300000000000054
M2_h2_cap30_exit,2025-11-05,-4.4,-4.06
M2_h2_cap30_exit,2025-11-06,-3.7299999999999964,-2.9700000000000077
M2_h2_cap30_exit,2025-11-07,-6.759999999999997,-5.860000000000003
M2_h2_cap30_exit,2025-11-08,-72.99999999999999,-63.58000000000005
M2_h2_cap30_exit,2025-11-09,-18.71,-15.800000000000013
M2_h2_cap30_exit,2025-11-10,-0.23000000000000043,0.12999999999999545
M2_h2_cap30_exit,2025-11-11,-2.35,-1.6999999999999993
M2_h2_cap30_exit,2025-11-12,-4.670000000000003,-3.9999999999999996
M2_h2_cap30_exit,2025-11-13,-1.4799999999999953,-1.1900000000000013
M2_h2_cap30_exit,2025-11-14,-1.019999999999996,-0.6599999999999984
M2_h2_cap30_exit,2025-11-15,-77.62999999999998,-67.19000000000004
M2_h2_cap30_exit,2025-11-16,-27.86000000000001,-24.070000000000018
M2_h2_cap30_exit,2025-11-17,0.09999999999999432,0.3999999999999915
M2_h2_cap30_exit,2025-11-18,-3.939999999999995,-3.139999999999997
M2_h2_cap30_exit,2025-11-19,-2.3299999999999983,-1.8200000000000074
M2_h2_cap30_exit,2025-11-20,-5.319999999999997,-4.77
M2_h2_cap30_exit,2025-11-21,-2.7499999999999947,-2.0600000000000023
M2_h2_cap30_exit,2025-11-22,-80.07999999999997,-69.26000000000003
M2_h2_cap30_exit,2025-11-23,-24.470000000000002,-21.56000000000002
M2_h2_cap30_exit,2025-11-24,-0.21999999999999886,-4.440892098500626e-16
M2_h2_cap30_exit,2025-11-25,-1.889999999999997,-1.5000000000000036
M2_h2_cap30_exit,2025-11-27,-5.250000000000003,-4.110000000000005
M2_h2_cap30_exit,2025-11-28,-11.840000000000007,-8.360000000000001
M2_h2_cap30_exit,2025-11-29,-81.87999999999997,-70.68000000000004
M2_h2_cap30_exit,2025-11-30,-10.919999999999986,-8.120000000000003
M2_h2_cap30_exit,2025-12-01,-0.620000000000001,-0.5
M2_h2_cap30_exit,2025-12-04,-1.2700000000000018,-0.9999999999999978
M2_h2_cap30_exit,2025-12-05,-6.069999999999992,-5.119999999999999
M2_h2_cap30_exit,2025-12-06,-9.180000000000012,-7.690000000000007
M2_h2_cap30_exit,2025-12-07,-13.690000000000001,-10.580000000000025
M2_h2_cap30_exit,2025-12-08,-1.7399999999999984,-1.3900000000000006
M2_h2_cap30_exit,2025-12-11,-1.6500000000000057,-1.4000000000000012
M2_h2_cap30_exit,2025-12-13,-7.249999999999993,-6.420000000000003
M2_h2_cap30_exit,2025-12-14,-16.709999999999994,-13.850000000000007
M2_h2_cap30_exit,2025-12-15,-0.39999999999999925,-0.08000000000000251
M2_h2_cap30_exit,2025-12-16,-0.8699999999999966,-0.6100000000000017
M2_h2_cap30_exit,2025-12-17,-4.4899999999999975,-3.7700000000000022
M2_h2_cap30_exit,2025-12-18,-3.6699999999999964,-3.0999999999999996
M2_h2_cap30_exit,2025-12-19,-8.359999999999996,-7.889999999999998
M2_h2_cap30_exit,2025-12-20,-3.509999999999994,-2.4100000000000086
M2_h2_cap30_exit,2025-12-21,-14.559999999999999,-11.13000000000003
M2_h2_cap30_exit,2025-12-22,-2.180000000000007,-1.6300000000000097
M2_h2_cap30_exit,2025-12-23,-5.7099999999999955,-4.879999999999992
M2_h2_cap30_exit,2025-12-24,-2.6599999999999966,-2.3900000000000006
M2_h2_cap30_exit,2025-12-25,-3.9399999999999924,-3.2399999999999984
M2_h2_cap30_exit,2025-12-26,-8.869999999999996,-8.010000000000007
M2_h2_cap30_exit,2025-12-27,-13.07999999999999,-10.220000000000015
M2_h2_cap30_exit,2025-12-28,-14.280000000000003,-11.750000000000007
M2_h2_cap30_exit,2025-12-29,-2.6000000000000014,-2.100000000000001
M2_h2_cap30_exit,2025-12-30,-8.009999999999991,-7.069999999999997
M2_h2_cap30_exit,2025-12-31,-14.58,-12.989999999999991
M2_h2_cap30_exit,2026-01-01,-5.09,-4.1700000000000035
M2_h2_cap30_exit,2026-01-02,-3.9500000000000046,-2.9900000000000153
M2_h2_cap30_exit,2026-01-03,-1.2100000000000044,-0.6999999999999993
M2_h2_cap30_exit,2026-01-04,-11.339999999999996,-8.560000000000011
M2_h2_cap30_exit,2026-01-08,-0.5300000000000011,-0.23000000000000043
M2_h2_cap30_exit,2026-01-09,-0.49999999999999845,-0.2300000000000002
M2_h2_cap30_exit,2026-01-10,-6.200000000000003,-5.77
M2_h2_cap30_exit,2026-01-11,-2.9299999999999997,-2.0000000000000036
M2_h2_cap30_exit,2026-01-12,0.8299999999999983,1.1699999999999946
M2_h2_cap30_exit,2026-01-17,-1.5499999999999972,-0.9900000000000002
M2_h2_cap30_exit,2026-01-18,-3.670000000000005,-3.089999999999996
M2_h3_cap10_settle,2025-09-08,0.31999999999999984,0.3999999999999999
M2_h3_cap10_settle,2025-09-11,-0.7599999999999989,-0.5499999999999998
M2_h3_cap10_settle,2025-09-12,-0.07999999999999824,0.2500000000000029
M2_h3_cap10_settle,2025-09-13,-20.479999999999986,-17.300000000000004
M2_h3_cap10_settle,2025-09-14,-3.4099999999999904,-2.1999999999999993
M2_h3_cap10_settle,2025-09-15,-0.06999999999999851,0.15000000000000036
M2_h3_cap10_settle,2025-09-18,-1.5900000000000016,-1.4499999999999993
M2_h3_cap10_settle,2025-09-19,-0.8599999999999994,-0.6500000000000012
M2_h3_cap10_settle,2025-09-20,-21.90999999999999,-18.250000000000004
M2_h3_cap10_settle,2025-09-21,-1.8299999999999967,-0.6499999999999984
M2_h3_cap10_settle,2025-09-22,0.16999999999999993,0.25
M2_h3_cap10_settle,2025-09-25,-1.8299999999999983,-1.6500000000000004
M2_h3_cap10_settle,2025-09-26,0.6100000000000001,0.8999999999999984
M2_h3_cap10_settle,2025-09-27,-24.10999999999998,-20.100000000000005
M2_h3_cap10_settle,2025-09-28,-4.04999999999999,-2.8999999999999977
M2_h3_cap10_settle,2025-09-29,-0.7399999999999993,-0.5500000000000007
M2_h3_cap10_settle,2025-10-02,-1.2799999999999998,-1.0500000000000012
M2_h3_cap10_settle,2025-10-03,-1.0300000000000002,-0.75
M2_h3_cap10_settle,2025-10-04,-14.509999999999986,-11.100000000000003
M2_h3_cap10_settle,2025-10-05,-0.5999999999999976,0.44999999999999596
M2_h3_cap10_settle,2025-10-06,0.41999999999999993,0.5
M2_h3_cap10_settle,2025-10-08,-2.1099999999999985,-1.8999999999999995
M2_h3_cap10_settle,2025-10-09,-1.2699999999999987,-0.7999999999999998
M2_h3_cap10_settle,2025-10-10,-1.6699999999999988,-1.350000000000001
M2_h3_cap10_settle,2025-10-11,-23.229999999999986,-19.650000000000006
M2_h3_cap10_settle,2025-10-12,-0.4099999999999988,0.6999999999999988
M2_h3_cap10_settle,2025-10-13,-1.319999999999998,-1.100000000000001
M2_h3_cap10_settle,2025-10-14,-0.20000000000000062,0.049999999999998934
M2_h3_cap10_settle,2025-10-15,-1.0999999999999988,-0.9000000000000012
M2_h3_cap10_settle,2025-10-16,0.1800000000000015,0.29999999999999893
M2_h3_cap10_settle,2025-10-17,-0.8299999999999976,-0.4499999999999995
M2_h3_cap10_settle,2025-10-18,-14.859999999999976,-10.749999999999996
M2_h3_cap10_settle,2025-10-19,-5.599999999999998,-4.450000000000003
M2_h3_cap10_settle,2025-10-20,-0.2599999999999989,-0.09999999999999876
M2_h3_cap10_settle,2025-10-21,-2.07,-1.9000000000000004
M2_h3_cap10_settle,2025-10-22,-1.689999999999999,-1.4999999999999984
M2_h3_cap10_settle,2025-10-23,-1.89,-1.750000000000001
M2_h3_cap10_settle,2025-10-24,0.360000000000003,0.5500000000000007
M2_h3_cap10_settle,2025-10-25,-21.329999999999984,-17.899999999999995
M2_h3_cap10_settle,2025-10-26,-1.9599999999999957,-0.9999999999999989
M2_h3_cap10_settle,2025-10-27,-0.42999999999999994,-0.35000000000000075
M2_h3_cap10_settle,2025-10-28,0.38000000000000256,0.5
M2_h3_cap10_settle,2025-10-29,0.14000000000000234,0.3500000000000014
M2_h3_cap10_settle,2025-10-30,0.050000000000001044,0.30000000000000016
M2_h3_cap10_settle,2025-10-31,-0.38999999999999946,-0.25
M2_h3_cap10_settle,2025-11-01,-8.909999999999984,-5.299999999999997
M2_h3_cap10_settle,2025-11-02,-5.669999999999999,-4.650000000000005
M2_h3_cap10_settle,2025-11-03,0.18000000000000105,0.30000000000000115
M2_h3_cap10_settle,2025-11-04,-0.25999999999999757,-0.09999999999999742
M2_h3_cap10_settle,2025-11-05,-0.6299999999999994,-0.4999999999999982
M2_h3_cap10_settle,2025-11-06,-0.8699999999999992,-0.6000000000000016
M2_h3_cap10_settle,2025-11-07,-0.45999999999999885,-0.15000000000000102
M2_h3_cap10_settle,2025-11-08,-8.939999999999992,-5.749999999999996
M2_h3_cap10_settle,2025-11-09,-7.390000000000001,-6.450000000000003
M2_h3_cap10_settle,2025-11-10,0.28000000000000114,0.40000000000000036
M2_h3_cap10_settle,2025-11-11,0.8400000000000003,1.0500000000000012
M2_h3_cap10_settle,2025-11-12,-0.6799999999999993,-0.44999999999999973
M2_h3_cap10_settle,2025-11-13,-0.13000000000000012,-1.3322676295501878e-15
M2_h3_cap10_settle,2025-11-14,0.02999999999999936,0.14999999999999858
M2_h3_cap10_settle,2025-11-15,-19.969999999999988,-16.25000000000001
M2_h3_cap10_settle,2025-11-16,-5.269999999999999,-4.000000000000003
M2_h3_cap10_settle,2025-11-17,0.33000000000000185,0.45000000000000107
M2_h3_cap10_settle,2025-11-18,0.4700000000000016,0.7499999999999978
M2_h3_cap10_settle,2025-11-19,-0.6799999999999979,-0.4999999999999982
M2_h3_cap10_settle,2025-11-20,0.33000000000000185,0.5000000000000018
M2_h3_cap10_settle,2025-11-21,0.5700000000000007,0.7999999999999985
M2_h3_cap10_settle,2025-11-22,-21.309999999999985,-17.55
M2_h3_cap10_settle,2025-11-23,-4.319999999999998,-3.3000000000000007
M2_h3_cap10_settle,2025-11-24,0.1200000000000021,0.2000000000000013
M2_h3_cap10_settle,2025-11-25,-1.07,-0.95
M2_h3_cap10_settle,2025-11-27,-0.7599999999999993,-0.3999999999999999
M2_h3_cap10_settle,2025-11-28,-1.4599999999999909,-0.24999999999999956
M2_h3_cap10_settle,2025-11-29,-14.099999999999989,-10.200000000000005
M2_h3_cap10_settle,2025-11-30,-0.7799999999999946,0.1999999999999994
M2_h3_cap10_settle,2025-12-01,0.11000000000000121,0.15000000000000036
M2_h3_cap10_settle,2025-12-04,0.3500000000000003,0.44999999999999996
M2_h3_cap10_settle,2025-12-05,-2.2399999999999993,-1.9000000000000006
M2_h3_cap10_settle,2025-12-06,-0.26999999999999913,0.249999999999998
M2_h3_cap10_settle,2025-12-07,-4.8399999999999945,-3.6999999999999993
M2_h3_cap10_settle,2025-12-08,0.3900000000000001,0.5000000000000009
M2_h3_cap10_settle,2025-12-11,-0.08000000000000052,-4.440892098500626e-16
M2_h3_cap10_settle,2025-12-13,-1.4899999999999978,-1.2000000000000004
M2_h3_cap10_settle,2025-12-14,-4.609999999999999,-3.6500000000000017
M2_h3_cap10_settle,2025-12-15,-0.13999999999999946,-0.05000000000000049
M2_h3_cap10_settle,2025-12-16,0.41999999999999993,0.5
M2_h3_cap10_settle,2025-12-17,-2.189999999999996,-1.9499999999999993
M2_h3_cap10_settle,2025-12-18,-0.5400000000000016,-0.35000000000000187
M2_h3_cap10_settle,2025-12-19,-3.41,-3.1999999999999997
M2_h3_cap10_settle,2025-12-20,-1.9199999999999988,-1.55
M2_h3_cap10_settle,2025-12-21,-0.25999999999999557,0.8499999999999981
M2_h3_cap10_settle,2025-12-22,-0.8399999999999999,-0.6500000000000004
M2_h3_cap10_settle,2025-12-23,-0.36999999999999955,-0.09999999999999909
M2_h3_cap10_settle,2025-12-24,-0.9099999999999984,-0.7999999999999994
M2_h3_cap10_settle,2025-12-25,-0.1900000000000015,0.0499999999999996
M2_h3_cap10_settle,2025-12-26,-1.759999999999999,-1.450000000000001
M2_h3_cap10_settle,2025-12-27,0.5000000000000001,1.4499999999999993
M2_h3_cap10_settle,2025-12-28,-2.0999999999999948,-1.2000000000000033
M2_h3_cap10_settle,2025-12-29,0.9400000000000002,1.1
M2_h3_cap10_settle,2025-12-30,-0.2999999999999985,4.440892098500626e-16
M2_h3_cap10_settle,2025-12-31,-1.3299999999999983,-0.8000000000000005
M2_h3_cap10_settle,2026-01-01,-0.8600000000000023,-0.5499999999999998
M2_h3_cap10_settle,2026-01-02,0.25000000000000266,0.5999999999999994
M2_h3_cap10_settle,2026-01-03,-1.4699999999999989,-1.3000000000000007
M2_h3_cap10_settle,2026-01-04,-1.6399999999999983,-0.7000000000000007
M2_h3_cap10_settle,2026-01-08,-0.39000000000000057,-0.3000000000000007
M2_h3_cap10_settle,2026-01-09,-0.6899999999999997,-0.5999999999999988
M2_h3_cap10_settle,2026-01-10,-0.6199999999999992,-0.44999999999999973
M2_h3_cap10_settle,2026-01-11,-1.2600000000000007,-0.9500000000000002
M2_h3_cap10_settle,2026-01-12,0.13000000000000123,0.24999999999999956
M2_h3_cap10_settle,2026-01-17,-1.149999999999999,-0.9500000000000006
M2_h3_cap10_settle,2026-01-18,0.07999999999999807,0.249999999999998
M2_h3_cap10_exit,2025-09-08,0.2000000000000004,0.28000000000000047
M2_h3_cap10_exit,2025-09-11,-1.1699999999999977,-0.9599999999999986
M2_h3_cap10_exit,2025-09-12,-0.9899999999999956,-0.6599999999999959
M2_h3_cap10_exit,2025-09-13,-30.89999999999998,-27.72
M2_h3_cap10_exit,2025-09-14,-7.159999999999984,-5.949999999999991
M2_h3_cap10_exit,2025-09-15,-0.4199999999999964,-0.1999999999999975
M2_h3_cap10_exit,2025-09-18,-1.8499999999999979,-1.7099999999999973
M2_h3_cap10_exit,2025-09-19,-1.700000000000001,-1.490000000000001
M2_h3_cap10_exit,2025-09-20,-31.48999999999998,-27.829999999999984
M2_h3_cap10_exit,2025-09-21,-4.749999999999988,-3.569999999999991
M2_h3_cap10_exit,2025-09-22,-0.07000000000000013,0.00999999999999994
M2_h3_cap10_exit,2025-09-25,-2.3299999999999965,-2.1500000000000004
M2_h3_cap10_exit,2025-09-26,-0.5499999999999998,-0.26000000000000156
M2_h3_cap10_exit,2025-09-27,-35.999999999999964,-31.989999999999995
M2_h3_cap10_exit,2025-09-28,-8.109999999999982,-6.959999999999994
M2_h3_cap10_exit,2025-09-29,-1.1099999999999983,-0.9199999999999997
M2_h3_cap10_exit,2025-10-02,-1.5299999999999998,-1.3000000000000012
M2_h3_cap10_exit,2025-10-03,-1.8100000000000005,-1.53
M2_h3_cap10_exit,2025-10-04,-21.999999999999975,-18.58999999999999
M2_h3_cap10_exit,2025-10-05,-3.809999999999991,-2.759999999999997
M2_h3_cap10_exit,2025-10-06,0.17999999999999988,0.25999999999999995
M2_h3_cap10_exit,2025-10-08,-2.2799999999999967,-2.0699999999999994
M2_h3_cap10_exit,2025-10-09,-2.279999999999997,-1.8099999999999974
M2_h3_cap10_exit,2025-10-10,-2.6599999999999975,-2.3399999999999994
M2_h3_cap10_exit,2025-10-11,-31.279999999999973,-27.69999999999999
M2_h3_cap10_exit,2025-10-12,-2.539999999999994,-1.4299999999999966
M2_h3_cap10_exit,2025-10-13,-1.8599999999999968,-1.6399999999999997
M2_h3_cap10_exit,2025-10-14,-1.3199999999999998,-1.0700000000000007
M2_h3_cap10_exit,2025-10-15,-1.4099999999999975,-1.21
M2_h3_cap10_exit,2025-10-16,-0.8099999999999978,-0.6899999999999968
M2_h3_cap10_exit,2025-10-17,-2.19,-1.8099999999999998
M2_h3_cap10_exit,2025-10-18,-22.719999999999974,-18.61
M2_h3_cap10_exit,2025-10-19,-8.149999999999988,-6.999999999999994
M2_h3_cap10_exit,2025-10-20,-0.7899999999999991,-0.629999999999999
M2_h3_cap10_exit,2025-10-21,-2.299999999999998,-2.129999999999999
M2_h3_cap10_exit,2025-10-22,-2.1699999999999986,-1.98
M2_h3_cap10_exit,2025-10-23,-2.8799999999999972,-2.7399999999999993
M2_h3_cap10_exit,2025-10-24,-0.05999999999999339,0.13000000000000256
M2_h3_cap10_exit,2025-10-25,-31.799999999999976,-28.369999999999994
M2_h3_cap10_exit,2025-10-26,-3.5799999999999885,-2.6199999999999903
M2_h3_cap10_exit,2025-10-27,-0.42999999999999994,-0.35000000000000075
M2_h3_cap10_exit,2025-10-28,-0.17999999999999883,-0.05999999999999961
M2_h3_cap10_exit,2025-10-29,-0.3099999999999996,-0.10000000000000053
M2_h3_cap10_exit,2025-10-30,-0.6799999999999997,-0.43000000000000055
M2_h3_cap10_exit,2025-10-31,-0.6299999999999996,-0.49000000000000005
M2_h3_cap10_exit,2025-11-01,-16.959999999999965,-13.34999999999998
M2_h3_cap10_exit,2025-11-02,-9.039999999999994,-8.020000000000001
M2_h3_cap10_exit,2025-11-03,0.050000000000002195,0.17000000000000232
M2_h3_cap10_exit,2025-11-04,-1.2099999999999964,-1.0499999999999963
M2_h3_cap10_exit,2025-11-05,-1.479999999999999,-1.3499999999999979
M2_h3_cap10_exit,2025-11-06,-1.7099999999999962,-1.4399999999999986
M2_h3_cap10_exit,2025-11-07,-1.1899999999999955,-0.8799999999999996
M2_h3_cap10_exit,2025-11-08,-18.329999999999984,-15.139999999999986
M2_h3_cap10_exit,2025-11-09,-9.549999999999995,-8.609999999999996
M2_h3_cap10_exit,2025-11-10,0.09999999999999964,0.21999999999999886
M2_h3_cap10_exit,2025-11-11,0.4300000000000019,0.640000000000002
M2_h3_cap10_exit,2025-11-12,-1.1399999999999981,-0.9099999999999987
M2_h3_cap10_exit,2025-11-13,-0.349999999999999,-0.2200000000000002
M2_h3_cap10_exit,2025-11-14,-0.20999999999999996,-0.09000000000000075
M2_h3_cap10_exit,2025-11-15,-29.199999999999974,-25.479999999999997
M2_h3_cap10_exit,2025-11-16,-8.799999999999992,-7.529999999999996
M2_h3_cap10_exit,2025-11-17,0.11000000000000298,0.2300000000000022
M2_h3_cap10_exit,2025-11-18,-0.009999999999996012,0.27000000000000024
M2_h3_cap10_exit,2025-11-19,-1.1299999999999972,-0.9499999999999993
M2_h3_cap10_exit,2025-11-20,-0.3999999999999986,-0.22999999999999776
M2_h3_cap10_exit,2025-11-21,0.010000000000001952,0.2399999999999997
M2_h3_cap10_exit,2025-11-22,-27.359999999999967,-23.599999999999987
M2_h3_cap10_exit,2025-11-23,-7.669999999999993,-6.649999999999996
M2_h3_cap10_exit,2025-11-24,0.1200000000000021,0.2000000000000013
M2_h3_cap10_exit,2025-11-25,-1.289999999999999,-1.1699999999999988
M2_h3_cap10_exit,2025-11-27,-1.7600000000000002,-1.4000000000000026
M2_h3_cap10_exit,2025-11-28,-4.139999999999986,-2.929999999999995
M2_h3_cap10_exit,2025-11-29,-22.96999999999997,-19.069999999999993
M2_h3_cap10_exit,2025-11-30,-1.999999999999992,-1.0199999999999991
M2_h3_cap10_exit,2025-12-01,0.11000000000000121,0.15000000000000036
M2_h3_cap10_exit,2025-12-04,-0.11999999999999966,-0.020000000000000018
M2_h3_cap10_exit,2025-12-05,-3.369999999999995,-3.0299999999999994
M2_h3_cap10_exit,2025-12-06,-1.7599999999999951,-1.2399999999999962
M2_h3_cap10_exit,2025-12-07,-6.899999999999994,-5.759999999999996
M2_h3_cap10_exit,2025-12-08,-0.11000000000000032,0.0
M2_h3_cap10_exit,2025-12-11,-0.3500000000000014,-0.27000000000000135
M2_h3_cap10_exit,2025-12-13,-2.2399999999999967,-1.9499999999999982
M2_h3_cap10_exit,2025-12-14,-6.929999999999994,-5.97
M2_h3_cap10_exit,2025-12-15,-0.2699999999999983,-0.17999999999999933
M2_h3_cap10_exit,2025-12-16,0.22999999999999987,0.30999999999999994
M2_h3_cap10_exit,2025-12-17,-2.979999999999997,-2.7399999999999993
M2_h3_cap10_exit,2025-12-18,-1.2000000000000002,-1.0100000000000002
M2_h3_cap10_exit,2025-12-19,-3.8899999999999997,-3.679999999999999
M2_h3_cap10_exit,2025-12-20,-2.9999999999999964,-2.629999999999996
M2_h3_cap10_exit,2025-12-21,-2.0999999999999908,-0.9899999999999934
M2_h3_cap10_exit,2025-12-22,-1.209999999999999,-1.0199999999999996
M2_h3_cap10_exit,2025-12-23,-1.509999999999998,-1.2399999999999975
M2_h3_cap10_exit,2025-12-24,-1.3699999999999974,-1.259999999999999
M2_h3_cap10_exit,2025-12-25,-0.8800000000000028,-0.6400000000000017
M2_h3_cap10_exit,2025-12-26,-2.429999999999996,-2.1199999999999983
M2_h3_cap10_exit,2025-12-27,-2.3099999999999943,-1.3599999999999959
M2_h3_cap10_exit,2025-12-28,-4.029999999999992,-3.1300000000000003
M2_h3_cap10_exit,2025-12-29,0.7200000000000013,0.8800000000000012
M2_h3_cap10_exit,2025-12-30,-2.009999999999998,-1.709999999999999
M2_h3_cap10_exit,2025-12-31,-3.2599999999999945,-2.729999999999996
M2_h3_cap10_exit,2026-01-01,-1.6599999999999993,-1.3499999999999976
M2_h3_cap10_exit,2026-01-02,-0.3199999999999955,0.0300000000000048
M2_h3_cap10_exit,2026-01-03,-1.4699999999999989,-1.3000000000000007
M2_h3_cap10_exit,2026-01-04,-3.239999999999993,-2.2999999999999967
M2_h3_cap10_exit,2026-01-08,-0.6099999999999994,-0.5199999999999996
M2_h3_cap10_exit,2026-01-09,-0.8199999999999986,-0.7299999999999977
M2_h3_cap10_exit,2026-01-10,-1.4399999999999977,-1.2699999999999987
M2_h3_cap10_exit,2026-01-11,-2.2199999999999998,-1.910000000000001
M2_h3_cap10_exit,2026-01-12,2.373101715136272e-15,0.1200000000000007
M2_h3_cap10_exit,2026-01-17,-1.7399999999999975,-1.54
M2_h3_cap10_exit,2026-01-18,-0.4200000000000007,-0.2499999999999999
M2_h3_cap30_settle,2025-09-08,-0.060000000000003606,0.19999999999999707
M2_h3_cap30_settle,2025-09-11,-0.9399999999999955,-0.35000000000000187
M2_h3_cap30_settle,2025-09-12,-2.1599999999999957,-1.3000000000000012
M2_h3_cap30_settle,2025-09-13,-44.709999999999965,-36.25000000000001
M2_h3_cap30_settle,2025-09-14,-6.089999999999985,-2.649999999999993
M2_h3_cap30_settle,2025-09-15,0.38000000000000256,1.0
M2_h3_cap30_settle,2025-09-18,-1.0799999999999983,-0.5999999999999979
M2_h3_cap30_settle,2025-09-19,-3.15999999999999,-2.4999999999999942
M2_h3_cap30_settle,2025-09-20,-68.44999999999996,-58.79999999999998
M2_h3_cap30_settle,2025-09-21,-11.09,-7.7500000000000115
M2_h3_cap30_settle,2025-09-22,-0.3099999999999987,8.881784197001252e-16
M2_h3_cap30_settle,2025-09-25,-3.3699999999999974,-2.950000000000003
M2_h3_cap30_settle,2025-09-26,1.0500000000000052,1.999999999999996
M2_h3_cap30_settle,2025-09-27,-64.94999999999995,-54.05
M2_h3_cap30_settle,2025-09-28,-19.649999999999977,-16.449999999999992
M2_h3_cap30_settle,2025-09-29,-2.3999999999999986,-1.9499999999999986
M2_h3_cap30_settle,2025-10-02,-3.8400000000000007,-3.2000000000000077
M2_h3_cap30_settle,2025-10-03,-4.909999999999999,-4.199999999999999
M2_h3_cap30_settle,2025-10-04,-37.24999999999998,-27.999999999999993
M2_h3_cap30_settle,2025-10-05,-3.889999999999992,-1.0500000000000114
M2_h3_cap30_settle,2025-10-06,0.6200000000000037,0.8500000000000005
M2_h3_cap30_settle,2025-10-08,-4.219999999999996,-3.6499999999999977
M2_h3_cap30_settle,2025-10-09,-3.329999999999994,-2.0999999999999943
M2_h3_cap30_settle,2025-10-10,-2.9899999999999913,-2.099999999999998
M2_h3_cap30_settle,2025-10-11,-53.35999999999996,-43.35
M2_h3_cap30_settle,2025-10-12,0.6500000000000126,3.9499999999999913
M2_h3_cap30_settle,2025-10-13,-6.060000000000001,-5.4
M2_h3_cap30_settle,2025-10-14,-6.410000000000005,-5.700000000000005
M2_h3_cap30_settle,2025-10-15,-1.2999999999999945,-0.6500000000000048
M2_h3_cap30_settle,2025-10-16,-4.269999999999996,-3.899999999999995
M2_h3_cap30_settle,2025-10-17,-1.0200000000000058,0.15000000000000524
M2_h3_cap30_settle,2025-10-18,-30.059999999999963,-18.40000000000003
M2_h3_cap30_settle,2025-10-19,-20.979999999999983,-17.85
M2_h3_cap30_settle,2025-10-20,0.9800000000000024,1.3999999999999972
M2_h3_cap30_settle,2025-10-21,-4.260000000000004,-3.7499999999999982
M2_h3_cap30_settle,2025-10-22,-3.9399999999999915,-3.3499999999999996
M2_h3_cap30_settle,2025-10-23,-3.410000000000001,-3.100000000000007
M2_h3_cap30_settle,2025-10-24,-7.390000000000001,-6.800000000000001
M2_h3_cap30_settle,2025-10-25,-58.009999999999955,-48.4
M2_h3_cap30_settle,2025-10-26,-14.639999999999986,-12.150000000000006
M2_h3_cap30_settle,2025-10-27,-0.07999999999999918,0.15000000000000213
M2_h3_cap30_settle,2025-10-28,0.5800000000000054,0.9000000000000021
M2_h3_cap30_settle,2025-10-29,0.610000000000003,1.2999999999999972
M2_h3_cap30_settle,2025-10-30,-0.7999999999999967,-0.049999999999996714
M2_h3_cap30_settle,2025-10-31,-0.09000000000000075,0.24999999999999956
M2_h3_cap30_settle,2025-11-01,-22.039999999999953,-12.200000000000001
M2_h3_cap30_settle,2025-11-02,-12.43999999999999,-9.550000000000022
M2_h3_cap30_settle,2025-11-03,-1.1599999999999966,-0.8500000000000001
M2_h3_cap30_settle,2025-11-04,0.5800000000000056,1.000000000000003
M2_h3_cap30_settle,2025-11-05,-0.46000000000000274,-0.15000000000000313
M2_h3_cap30_settle,2025-11-06,-3.2299999999999938,-2.5499999999999945
M2_h3_cap30_settle,2025-11-07,-1.8200000000000038,-0.9500000000000025
M2_h3_cap30_settle,2025-11-08,-47.14999999999997,-38.1
M2_h3_cap30_settle,2025-11-09,-13.90000000000001,-11.050000000000013
M2_h3_cap30_settle,2025-11-10,0.09000000000000696,0.45000000000000284
M2_h3_cap30_settle,2025-11-11,0.5900000000000021,1.2499999999999982
M2_h3_cap30_settle,2025-11-12,-2.1599999999999997,-1.4999999999999982
M2_h3_cap30_settle,2025-11-13,-2.7299999999999986,-2.500000000000002
M2_h3_cap30_settle,2025-11-14,-0.5299999999999976,-0.20000000000000284
M2_h3_cap30_settle,2025-11-15,-60.00999999999995,-50.10000000000003
M2_h3_cap30_settle,2025-11-16,-16.34999999999999,-12.650000000000006
M2_h3_cap30_settle,2025-11-17,0.8000000000000007,1.0999999999999979
M2_h3_cap30_settle,2025-11-18,-1.2499999999999956,-0.5000000000000022
M2_h3_cap30_settle,2025-11-19,-1.1799999999999962,-0.6999999999999922
M2_h3_cap30_settle,2025-11-20,-4.039999999999999,-3.450000000000003
M2_h3_cap30_settle,2025-11-21,-0.3399999999999932,0.35000000000000187
M2_h3_cap30_settle,2025-11-22,-52.32999999999993,-42.100000000000016
M2_h3_cap30_settle,2025-11-23,-4.359999999999986,-1.550000000000004
M2_h3_cap30_settle,2025-11-24,-0.6199999999999999,-0.3999999999999988
M2_h3_cap30_settle,2025-11-25,2.339999999999998,2.6499999999999977
M2_h3_cap30_settle,2025-11-27,-0.8300000000000001,0.35000000000000364
M2_h3_cap30_settle,2025-11-28,-5.559999999999957,-2.0999999999999925
M2_h3_cap30_settle,2025-11-29,-49.81999999999996,-38.90000000000001
M2_h3_cap30_settle,2025-11-30,-9.979999999999983,-7.300000000000003
M2_h3_cap30_settle,2025-12-01,-1.2799999999999994,-1.1999999999999993
M2_h3_cap30_settle,2025-12-04,1.1300000000000014,1.3999999999999997
M2_h3_cap30_settle,2025-12-05,-5.49,-4.550000000000003
M2_h3_cap30_settle,2025-12-06,-0.3699999999999939,1.0999999999999983
M2_h3_cap30_settle,2025-12-07,-11.739999999999993,-8.800000000000011
M2_h3_cap30_settle,2025-12-08,0.730000000000002,1.0499999999999996
M2_h3_cap30_settle,2025-12-11,-0.20000000000000195,0.05000000000000071
M2_h3_cap30_settle,2025-12-13,-4.650000000000001,-3.8000000000000016
M2_h3_cap30_settle,2025-12-14,-15.330000000000002,-12.650000000000023
M2_h3_cap30_settle,2025-12-15,-2.7499999999999964,-2.5
M2_h3_cap30_settle,2025-12-16,0.28999999999999804,0.5500000000000016
M2_h3_cap30_settle,2025-12-17,-4.199999999999999,-3.499999999999993
M2_h3_cap30_settle,2025-12-18,-0.569999999999991,3.9968028886505635e-15
M2_h3_cap30_settle,2025-12-19,-4.460000000000003,-4.0000000000000036
M2_h3_cap30_settle,2025-12-20,-1.5999999999999976,-0.599999999999999
M2_h3_cap30_settle,2025-12-21,-12.729999999999992,-9.300000000000013
M2_h3_cap30_settle,2025-12-22,0.10999999999999588,0.649999999999995
M2_h3_cap30_settle,2025-12-23,0.11000000000000609,0.9500000000000095
M2_h3_cap30_settle,2025-12-24,-2.3199999999999985,-2.0999999999999996
M2_h3_cap30_settle,2025-12-25,-0.2800000000000009,0.4000000000000037
M2_h3_cap30_settle,2025-12-26,-5.449999999999996,-4.650000000000002
M2_h3_cap30_settle,2025-12-27,-10.039999999999997,-7.25
M2_h3_cap30_settle,2025-12-28,-7.719999999999997,-5.199999999999989
M2_h3_cap30_settle,2025-12-29,2.0000000000000053,2.499999999999999
M2_h3_cap30_settle,2025-12-30,-2.6699999999999924,-1.700000000000001
M2_h3_cap30_settle,2025-12-31,-10.159999999999988,-8.6
M2_h3_cap30_settle,2026-01-01,-4.959999999999988,-4.099999999999994
M2_h3_cap30_settle,2026-01-02,-4.809999999999992,-3.9000000000000004
M2_h3_cap30_settle,2026-01-03,-2.219999999999999,-1.6999999999999993
M2_h3_cap30_settle,2026-01-04,-5.479999999999995,-2.799999999999993
M2_h3_cap30_settle,2026-01-08,0.23999999999999844,0.5500000000000043
M2_h3_cap30_settle,2026-01-09,0.5500000000000046,0.7999999999999999
M2_h3_cap30_settle,2026-01-10,-5.040000000000002,-4.600000000000002
M2_h3_cap30_settle,2026-01-11,1.2200000000000033,2.1499999999999977
M2_h3_cap30_settle,2026-01-12,0.5800000000000001,0.9000000000000004
M2_h3_cap30_settle,2026-01-17,-0.28999999999999737,0.2499999999999991
M2_h3_cap30_settle,2026-01-18,1.850000000000003,2.45
M2_h3_cap30_exit,2025-09-08,-0.379999999999999,-0.12000000000000188
M2_h3_cap30_exit,2025-09-11,-2.1500000000000012,-1.5600000000000058
M2_h3_cap30_exit,2025-09-12,-4.989999999999997,-4.1300000000000034
M2_h3_cap30_exit,2025-09-13,-73.85,-65.39000000000003
M2_h3_cap30_exit,2025-09-14,-15.869999999999987,-12.430000000000012
M2_h3_cap30_exit,2025-09-15,-0.6500000000000021,-0.030000000000008242
M2_h3_cap30_exit,2025-09-18,-1.8399999999999999,-1.360000000000003
M2_h3_cap30_exit,2025-09-19,-5.6499999999999915,-4.989999999999998
M2_h3_cap30_exit,2025-09-20,-91.92999999999999,-82.28000000000002
M2_h3_cap30_exit,2025-09-21,-19.240000000000002,-15.900000000000011
M2_h3_cap30_exit,2025-09-22,-1.0100000000000011,-0.7000000000000015
M2_h3_cap30_exit,2025-09-25,-4.7499999999999964,-4.330000000000002
M2_h3_cap30_exit,2025-09-26,-2.369999999999994,-1.4200000000000053
M2_h3_cap30_exit,2025-09-27,-98.09999999999995,-87.20000000000002
M2_h3_cap30_exit,2025-09-28,-31.199999999999974,-28.000000000000014
M2_h3_cap30_exit,2025-09-29,-3.2599999999999976,-2.810000000000001
M2_h3_cap30_exit,2025-10-02,-4.569999999999997,-3.930000000000004
M2_h3_cap30_exit,2025-10-03,-6.759999999999996,-6.049999999999997
M2_h3_cap30_exit,2025-10-04,-64.68999999999997,-55.44
M2_h3_cap30_exit,2025-10-05,-12.890000000000018,-10.05000000000003
M2_h3_cap30_exit,2025-10-06,-0.08000000000000229,0.14999999999999458
M2_h3_cap30_exit,2025-10-08,-4.679999999999989,-4.109999999999999
M2_h3_cap30_exit,2025-10-09,-5.66,-4.430000000000002
M2_h3_cap30_exit,2025-10-10,-5.869999999999992,-4.980000000000004
M2_h3_cap30_exit,2025-10-11,-81.05999999999995,-71.05
M2_h3_cap30_exit,2025-10-12,-5.63999999999999,-2.3400000000000216
M2_h3_cap30_exit,2025-10-13,-7.66,-7.000000000000003
M2_h3_cap30_exit,2025-10-14,-9.719999999999999,-9.010000000000005
M2_h3_cap30_exit,2025-10-15,-2.1899999999999924,-1.5400000000000027
M2_h3_cap30_exit,2025-10-16,-6.619999999999992,-6.249999999999995
M2_h3_cap30_exit,2025-10-17,-5.080000000000004,-3.9099999999999997
M2_h3_cap30_exit,2025-10-18,-52.56999999999999,-40.91000000000004
M2_h3_cap30_exit,2025-10-19,-28.389999999999986,-25.260000000000012
M2_h3_cap30_exit,2025-10-20,-0.5600000000000032,-0.1400000000000079
M2_h3_cap30_exit,2025-10-21,-4.92,-4.409999999999998
M2_h3_cap30_exit,2025-10-22,-5.349999999999991,-4.76
M2_h3_cap30_exit,2025-10-23,-6.019999999999998,-5.710000000000003
M2_h3_cap30_exit,2025-10-24,-8.509999999999991,-7.919999999999998
M2_h3_cap30_exit,2025-10-25,-87.9,-78.29000000000003
M2_h3_cap30_exit,2025-10-26,-19.310000000000002,-16.820000000000014
M2_h3_cap30_exit,2025-10-27,-0.07999999999999918,0.15000000000000213
M2_h3_cap30_exit,2025-10-28,-1.0499999999999972,-0.730000000000004
M2_h3_cap30_exit,2025-10-29,-0.7099999999999973,-0.020000000000003126
M2_h3_cap30_exit,2025-10-30,-2.960000000000001,-2.2100000000000044
M2_h3_cap30_exit,2025-10-31,-0.7900000000000031,-0.4499999999999993
M2_h3_cap30_exit,2025-11-01,-44.27999999999999,-34.44000000000001
M2_h3_cap30_exit,2025-11-02,-22.189999999999994,-19.300000000000022
M2_h3_cap30_exit,2025-11-03,-1.5399999999999991,-1.2300000000000022
M2_h3_cap30_exit,2025-11-04,-1.9299999999999944,-1.5099999999999927
M2_h3_cap30_exit,2025-11-05,-2.67,-2.3599999999999968
M2_h3_cap30_exit,2025-11-06,-5.289999999999996,-4.609999999999999
M2_h3_cap30_exit,2025-11-07,-3.9800000000000093,-3.110000000000002
M2_h3_cap30_exit,2025-11-08,-73.61,-64.56000000000002
M2_h3_cap30_exit,2025-11-09,-20.330000000000013,-17.48000000000001
M2_h3_cap30_exit,2025-11-10,-0.4299999999999926,-0.07000000000000028
M2_h3_cap30_exit,2025-11-11,-0.6099999999999981,0.049999999999995826
M2_h3_cap30_exit,2025-11-12,-3.5100000000000042,-2.8500000000000028
M2_h3_cap30_exit,2025-11-13,-2.9499999999999975,-2.720000000000001
M2_h3_cap30_exit,2025-11-14,-1.2399999999999949,-0.9100000000000019
M2_h3_cap30_exit,2025-11-15,-85.62999999999997,-75.72000000000006
M2_h3_cap30_exit,2025-11-16,-26.72,-23.02000000000002
M2_h3_cap30_exit,2025-11-17,0.14999999999999858,0.44999999999999574
M2_h3_cap30_exit,2025-11-18,-2.8299999999999974,-2.0800000000000036
M2_h3_cap30_exit,2025-11-19,-2.3900000000000006,-1.9099999999999966
M2_h3_cap30_exit,2025-11-20,-6.210000000000001,-5.619999999999997
M2_h3_cap30_exit,2025-11-21,-1.9999999999999964,-1.3099999999999987
M2_h3_cap30_exit,2025-11-22,-68.25999999999996,-58.03000000000005
M2_h3_cap30_exit,2025-11-23,-14.199999999999998,-11.390000000000011
M2_h3_cap30_exit,2025-11-24,-0.6199999999999999,-0.3999999999999988
M2_h3_cap30_exit,2025-11-25,1.6899999999999964,1.9999999999999947
M2_h3_cap30_exit,2025-11-27,-3.7400000000000073,-2.560000000000003
M2_h3_cap30_exit,2025-11-28,-13.299999999999981,-9.840000000000009
M2_h3_cap30_exit,2025-11-29,-76.32,-65.40000000000003
M2_h3_cap30_exit,2025-11-30,-13.329999999999988,-10.649999999999997
M2_h3_cap30_exit,2025-12-01,-1.2799999999999994,-1.1999999999999993
M2_h3_cap30_exit,2025-12-04,-0.26999999999999913,-4.440892098500626e-16
M2_h3_cap30_exit,2025-12-05,-8.810000000000002,-7.870000000000006
M2_h3_cap30_exit,2025-12-06,-4.760000000000006,-3.2900000000000036
M2_h3_cap30_exit,2025-12-07,-17.050000000000015,-14.110000000000017
M2_h3_cap30_exit,2025-12-08,-0.7600000000000016,-0.4399999999999977
M2_h3_cap30_exit,2025-12-11,-1.0000000000000036,-0.7500000000000036
M2_h3_cap30_exit,2025-12-13,-6.869999999999994,-6.020000000000001
M2_h3_cap30_exit,2025-12-14,-21.87,-19.19000000000002
M2_h3_cap30_exit,2025-12-15,-3.0199999999999956,-2.769999999999999
M2_h3_cap30_exit,2025-12-16,-0.27000000000000046,-0.009999999999997344
M2_h3_cap30_exit,2025-12-17,-6.519999999999996,-5.820000000000004
M2_h3_cap30_exit,2025-12-18,-2.519999999999996,-1.9499999999999993
M2_h3_cap30_exit,2025-12-19,-5.729999999999997,-5.270000000000001
M2_h3_cap30_exit,2025-12-20,-4.909999999999995,-3.910000000000006
M2_h3_cap30_exit,2025-12-21,-18.110000000000017,-14.680000000000032
M2_h3_cap30_exit,2025-12-22,-0.9700000000000095,-0.4300000000000068
M2_h3_cap30_exit,2025-12-23,-3.2199999999999864,-2.3799999999999955
M2_h3_cap30_exit,2025-12-24,-3.6599999999999966,-3.4399999999999977
M2_h3_cap30_exit,2025-12-25,-2.319999999999993,-1.6399999999999955
M2_h3_cap30_exit,2025-12-26,-7.0899999999999945,-6.290000000000003
M2_h3_cap30_exit,2025-12-27,-18.260000000000012,-15.470000000000018
M2_h3_cap30_exit,2025-12-28,-13.419999999999993,-10.899999999999991
M2_h3_cap30_exit,2025-12-29,1.3500000000000025,1.8499999999999968
M2_h3_cap30_exit,2025-12-30,-7.739999999999997,-6.769999999999998
M2_h3_cap30_exit,2025-12-31,-15.539999999999987,-13.979999999999992
M2_h3_cap30_exit,2026-01-01,-7.010000000000002,-6.150000000000004
M2_h3_cap30_exit,2026-01-02,-6.1299999999999955,-5.220000000000008
M2_h3_cap30_exit,2026-01-03,-2.219999999999999,-1.6999999999999993
M2_h3_cap30_exit,2026-01-04,-10.260000000000012,-7.580000000000016
M2_h3_cap30_exit,2026-01-08,-0.389999999999997,-0.07999999999999474
M2_h3_cap30_exit,2026-01-09,0.17000000000000248,0.4199999999999978
M2_h3_cap30_exit,2026-01-10,-7.460000000000004,-7.020000000000003
M2_h3_cap30_exit,2026-01-11,-1.629999999999992,-0.6999999999999993
M2_h3_cap30_exit,2026-01-12,0.19999999999999796,0.5199999999999987
M2_h3_cap30_exit,2026-01-17,-1.9199999999999946,-1.379999999999999
M2_h3_cap30_exit,2026-01-18,0.4100000000000007,1.0099999999999985
M3_pre_thr85,2025-09-08,0.0,0.0
M3_pre_thr85,2025-09-11,0.0,0.0
M3_pre_thr85,2025-09-12,0.4200000000000017,0.45000000000000107
M3_pre_thr85,2025-09-13,3.5500000000000025,3.6500000000000004
M3_pre_thr85,2025-09-14,0.0,0.0
M3_pre_thr85,2025-09-15,0.0,0.0
M3_pre_thr85,2025-09-18,1.3600000000000012,1.4000000000000004
M3_pre_thr85,2025-09-19,0.0,0.0
M3_pre_thr85,2025-09-20,-3.4399999999999986,-3.3999999999999995
M3_pre_thr85,2025-09-21,0.0,0.0
M3_pre_thr85,2025-09-22,0.0,0.0
M3_pre_thr85,2025-09-25,0.0,0.0
M3_pre_thr85,2025-09-26,0.0,0.0
M3_pre_thr85,2025-09-27,0.0,0.0
M3_pre_thr85,2025-09-28,0.0,0.0
M3_pre_thr85,2025-09-29,0.0,0.0
M3_pre_thr85,2025-10-02,0.0,0.0
M3_pre_thr85,2025-10-03,0.0,0.0
M3_pre_thr85,2025-10-04,-0.8999999999999959,-0.799999999999998
M3_pre_thr85,2025-10-05,0.0,0.0
M3_pre_thr85,2025-10-06,0.0,0.0
M3_pre_thr85,2025-10-08,0.0,0.0
M3_pre_thr85,2025-10-09,0.0,0.0
M3_pre_thr85,2025-10-10,0.0,0.0
M3_pre_thr85,2025-10-11,7.2000000000000055,7.400000000000001
M3_pre_thr85,2025-10-12,0.5899999999999999,0.5999999999999996
M3_pre_thr85,2025-10-13,0.0,0.0
M3_pre_thr85,2025-10-14,0.0,0.0
M3_pre_thr85,2025-10-15,0.0,0.0
M3_pre_thr85,2025-10-16,0.0,0.0
M3_pre_thr85,2025-10-17,0.0,0.0
M3_pre_thr85,2025-10-18,-8.33,-8.3
M3_pre_thr85,2025-10-19,1.3600000000000012,1.4000000000000004
M3_pre_thr85,2025-10-20,0.0,0.0
M3_pre_thr85,2025-10-21,0.0,0.0
M3_pre_thr85,2025-10-22,0.0,0.0
M3_pre_thr85,2025-10-23,0.0,0.0
M3_pre_thr85,2025-10-24,0.0,0.0
M3_pre_thr85,2025-10-25,2.670000000000001,2.749999999999999
M3_pre_thr85,2025-10-26,0.0,0.0
M3_pre_thr85,2025-10-27,0.0,0.0
M3_pre_thr85,2025-10-28,0.0,0.0
M3_pre_thr85,2025-10-29,0.0,0.0
M3_pre_thr85,2025-10-30,0.0,0.0
M3_pre_thr85,2025-10-31,0.5899999999999999,0.5999999999999996
M3_pre_thr85,2025-11-01,-4.46,-4.45
M3_pre_thr85,2025-11-02,0.0,0.0
M3_pre_thr85,2025-11-03,0.0,0.0
M3_pre_thr85,2025-11-04,0.0,0.0
M3_pre_thr85,2025-11-05,1.4600000000000009,1.5
M3_pre_thr85,2025-11-06,0.0,0.0
M3_pre_thr85,2025-11-07,0.0,0.0
M3_pre_thr85,2025-11-08,0.1900000000000004,0.20000000000000018
M3_pre_thr85,2025-11-09,0.0,0.0
M3_pre_thr85,2025-11-10,0.0,0.0
M3_pre_thr85,2025-11-11,0.0,0.0
M3_pre_thr85,2025-11-12,0.0,0.0
M3_pre_thr85,2025-11-13,0.0,0.0
M3_pre_thr85,2025-11-14,0.2400000000000002,0.25
M3_pre_thr85,2025-11-15,0.0,0.0
M3_pre_thr85,2025-11-16,0.0,0.0
M3_pre_thr85,2025-11-17,0.0,0.0
M3_pre_thr85,2025-11-18,0.0,0.0
M3_pre_thr85,2025-11-19,0.0,0.0
M3_pre_thr85,2025-11-20,0.0,0.0
M3_pre_thr85,2025-11-21,0.0,0.0
M3_pre_thr85,2025-11-22,1.990000000000002,2.0500000000000007
M3_pre_thr85,2025-11-23,0.0,0.0
M3_pre_thr85,2025-11-24,0.0,0.0
M3_pre_thr85,2025-11-25,0.0,0.0
M3_pre_thr85,2025-11-27,0.0,0.0
M3_pre_thr85,2025-11-28,1.0700000000000003,1.0999999999999996
M3_pre_thr85,2025-11-29,1.08,1.0999999999999996
M3_pre_thr85,2025-11-30,0.0,0.0
M3_pre_thr85,2025-12-01,0.0,0.0
M3_pre_thr85,2025-12-04,0.0,0.0
M3_pre_thr85,2025-12-05,0.0,0.0
M3_pre_thr85,2025-12-06,0.0,0.0
M3_pre_thr85,2025-12-07,0.0,0.0
M3_pre_thr85,2025-12-08,0.0,0.0
M3_pre_thr85,2025-12-11,0.0,0.0
M3_pre_thr85,2025-12-13,0.0,0.0
M3_pre_thr85,2025-12-14,2.6000000000000014,2.650000000000002
M3_pre_thr85,2025-12-15,0.0,0.0
M3_pre_thr85,2025-12-16,0.0,0.0
M3_pre_thr85,2025-12-17,0.0,0.0
M3_pre_thr85,2025-12-18,0.0,0.0
M3_pre_thr85,2025-12-19,0.0,0.0
M3_pre_thr85,2025-12-20,0.3899999999999997,0.39999999999999947
M3_pre_thr85,2025-12-21,0.0,0.0
M3_pre_thr85,2025-12-22,0.0,0.0
M3_pre_thr85,2025-12-23,0.0,0.0
M3_pre_thr85,2025-12-24,0.0,0.0
M3_pre_thr85,2025-12-25,0.6400000000000006,0.6500000000000004
M3_pre_thr85,2025-12-26,0.0,0.0
M3_pre_thr85,2025-12-27,0.0,0.0
M3_pre_thr85,2025-12-28,0.0,0.0
M3_pre_thr85,2025-12-29,0.0,0.0
M3_pre_thr85,2025-12-30,0.0,0.0
M3_pre_thr85,2025-12-31,0.0,0.0
M3_pre_thr85,2026-01-01,0.0,0.0
M3_pre_thr85,2026-01-02,0.0,0.0
M3_pre_thr85,2026-01-03,0.0,0.0
M3_pre_thr85,2026-01-04,1.9000000000000012,1.9500000000000002
M3_pre_thr85,2026-01-08,0.0,0.0
M3_pre_thr85,2026-01-09,0.0,0.0
M3_pre_thr85,2026-01-10,0.0,0.0
M3_pre_thr85,2026-01-11,0.0,0.0
M3_pre_thr85,2026-01-12,0.0,0.0
M3_pre_thr85,2026-01-17,0.0,0.0
M3_pre_thr85,2026-01-18,0.0,0.0
M3_pre_thr90,2025-09-08,0.0,0.0
M3_pre_thr90,2025-09-11,0.0,0.0
M3_pre_thr90,2025-09-12,0.4200000000000017,0.45000000000000107
M3_pre_thr90,2025-09-13,2.1900000000000013,2.25
M3_pre_thr90,2025-09-14,0.0,0.0
M3_pre_thr90,2025-09-15,0.0,0.0
M3_pre_thr90,2025-09-18,0.0,0.0
M3_pre_thr90,2025-09-19,0.0,0.0
M3_pre_thr90,2025-09-20,0.9200000000000008,0.9500000000000002
M3_pre_thr90,2025-09-21,0.0,0.0
M3_pre_thr90,2025-09-22,0.0,0.0
M3_pre_thr90,2025-09-25,0.0,0.0
M3_pre_thr90,2025-09-26,0.0,0.0
M3_pre_thr90,2025-09-27,0.0,0.0
M3_pre_thr90,2025-09-28,0.0,0.0
M3_pre_thr90,2025-09-29,0.0,0.0
M3_pre_thr90,2025-10-02,0.0,0.0
M3_pre_thr90,2025-10-03,0.0,0.0
M3_pre_thr90,2025-10-04,-3.7399999999999975,-3.6999999999999984
M3_pre_thr90,2025-10-05,0.0,0.0
M3_pre_thr90,2025-10-06,0.0,0.0
M3_pre_thr90,2025-10-08,0.0,0.0
M3_pre_thr90,2025-10-09,0.0,0.0
M3_pre_thr90,2025-10-10,0.0,0.0
M3_pre_thr90,2025-10-11,0.5800000000000018,0.6000000000000014
M3_pre_thr90,2025-10-12,0.0,0.0
M3_pre_thr90,2025-10-13,0.0,0.0
M3_pre_thr90,2025-10-14,0.0,0.0
M3_pre_thr90,2025-10-15,0.0,0.0
M3_pre_thr90,2025-10-16,0.0,0.0
M3_pre_thr90,2025-10-17,0.0,0.0
M3_pre_thr90,2025-10-18,-8.92,-8.9
M3_pre_thr90,2025-10-19,0.0,0.0
M3_pre_thr90,2025-10-20,0.0,0.0
M3_pre_thr90,2025-10-21,0.0,0.0
M3_pre_thr90,2025-10-22,0.0,0.0
M3_pre_thr90,2025-10-23,0.0,0.0
M3_pre_thr90,2025-10-24,0.0,0.0
M3_pre_thr90,2025-10-25,0.33000000000000007,0.34999999999999964
M3_pre_thr90,2025-10-26,0.0,0.0
M3_pre_thr90,2025-10-27,0.0,0.0
M3_pre_thr90,2025-10-28,0.0,0.0
M3_pre_thr90,2025-10-29,0.0,0.0
M3_pre_thr90,2025-10-30,0.0,0.0
M3_pre_thr90,2025-10-31,0.0,0.0
M3_pre_thr90,2025-11-01,-4.46,-4.45
M3_pre_thr90,2025-11-02,0.0,0.0
M3_pre_thr90,2025-11-03,0.0,0.0
M3_pre_thr90,2025-11-04,0.0,0.0
M3_pre_thr90,2025-11-05,0.0,0.0
M3_pre_thr90,2025-11-06,0.0,0.0
M3_pre_thr90,2025-11-07,0.0,0.0
M3_pre_thr90,2025-11-08,0.1900000000000004,0.20000000000000018
M3_pre_thr90,2025-11-09,0.0,0.0
M3_pre_thr90,2025-11-10,0.0,0.0
M3_pre_thr90,2025-11-11,0.0,0.0
M3_pre_thr90,2025-11-12,0.0,0.0
M3_pre_thr90,2025-11-13,0.0,0.0
M3_pre_thr90,2025-11-14,0.2400000000000002,0.25
M3_pre_thr90,2025-11-15,0.0,0.0
M3_pre_thr90,2025-11-16,0.0,0.0
M3_pre_thr90,2025-11-17,0.0,0.0
M3_pre_thr90,2025-11-18,0.0,0.0
M3_pre_thr90,2025-11-19,0.0,0.0
M3_pre_thr90,2025-11-20,0.0,0.0
M3_pre_thr90,2025-11-21,0.0,0.0
M3_pre_thr90,2025-11-22,1.2600000000000016,1.3000000000000007
M3_pre_thr90,2025-11-23,0.0,0.0
M3_pre_thr90,2025-11-24,0.0,0.0
M3_pre_thr90,2025-11-25,0.0,0.0
M3_pre_thr90,2025-11-27,0.0,0.0
M3_pre_thr90,2025-11-28,0.3899999999999997,0.39999999999999947
M3_pre_thr90,2025-11-29,1.08,1.0999999999999996
M3_pre_thr90,2025-11-30,0.0,0.0
M3_pre_thr90,2025-12-01,0.0,0.0
M3_pre_thr90,2025-12-04,0.0,0.0
M3_pre_thr90,2025-12-05,0.0,0.0
M3_pre_thr90,2025-12-06,0.0,0.0
M3_pre_thr90,2025-12-07,0.0,0.0
M3_pre_thr90,2025-12-08,0.0,0.0
M3_pre_thr90,2025-12-11,0.0,0.0
M3_pre_thr90,2025-12-13,0.0,0.0
M3_pre_thr90,2025-12-14,0.0,0.0
M3_pre_thr90,2025-12-15,0.0,0.0
M3_pre_thr90,2025-12-16,0.0,0.0
M3_pre_thr90,2025-12-17,0.0,0.0
M3_pre_thr90,2025-12-18,0.0,0.0
M3_pre_thr90,2025-12-19,0.0,0.0
M3_pre_thr90,2025-12-20,0.3899999999999997,0.39999999999999947
M3_pre_thr90,2025-12-21,0.0,0.0
M3_pre_thr90,2025-12-22,0.0,0.0
M3_pre_thr90,2025-12-23,0.0,0.0
M3_pre_thr90,2025-12-24,0.0,0.0
M3_pre_thr90,2025-12-25,0.0,0.0
M3_pre_thr90,2025-12-26,0.0,0.0
M3_pre_thr90,2025-12-27,0.0,0.0
M3_pre_thr90,2025-12-28,0.0,0.0
M3_pre_thr90,2025-12-29,0.0,0.0
M3_pre_thr90,2025-12-30,0.0,0.0
M3_pre_thr90,2025-12-31,0.0,0.0
M3_pre_thr90,2026-01-01,0.0,0.0
M3_pre_thr90,2026-01-02,0.0,0.0
M3_pre_thr90,2026-01-03,0.0,0.0
M3_pre_thr90,2026-01-04,0.4900000000000002,0.5
M3_pre_thr90,2026-01-08,0.0,0.0
M3_pre_thr90,2026-01-09,0.0,0.0
M3_pre_thr90,2026-01-10,0.0,0.0
M3_pre_thr90,2026-01-11,0.0,0.0
M3_pre_thr90,2026-01-12,0.0,0.0
M3_pre_thr90,2026-01-17,0.0,0.0
M3_pre_thr90,2026-01-18,0.0,0.0
M3_late_thr85,2025-09-08,-8.58,-8.55
M3_late_thr85,2025-09-11,0.7799999999999994,0.7999999999999989
M3_late_thr85,2025-09-12,2.4899999999999984,2.549999999999999
M3_late_thr85,2025-09-13,6.790000000000018,7.300000000000005
M3_late_thr85,2025-09-14,3.850000000000003,4.099999999999994
M3_late_thr85,2025-09-15,1.1799999999999997,1.1999999999999993
M3_late_thr85,2025-09-18,1.6099999999999994,1.6499999999999986
M3_late_thr85,2025-09-19,1.17,1.1999999999999993
M3_late_thr85,2025-09-20,-23.87999999999999,-23.199999999999996
M3_late_thr85,2025-09-21,-6.459999999999995,-6.249999999999999
M3_late_thr85,2025-09-22,0.7800000000000002,0.7999999999999998
M3_late_thr85,2025-09-25,1.5500000000000025,1.6000000000000014
M3_late_thr85,2025-09-26,-17.9,-17.849999999999998
M3_late_thr85,2025-09-27,4.140000000000011,4.799999999999999
M3_late_thr85,2025-09-28,7.850000000000002,8.049999999999997
M3_late_thr85,2025-09-29,1.8000000000000007,1.8499999999999996
M3_late_thr85,2025-10-02,2.1000000000000005,2.1500000000000012
M3_late_thr85,2025-10-03,1.0600000000000005,1.0999999999999996
M3_late_thr85,2025-10-04,-18.079999999999984,-17.4
M3_late_thr85,2025-10-05,-15.299999999999997,-15.149999999999999
M3_late_thr85,2025-10-06,0.0,0.0
M3_late_thr85,2025-10-08,1.0300000000000011,1.0500000000000007
M3_late_thr85,2025-10-09,2.9700000000000015,3.049999999999998
M3_late_thr85,2025-10-10,2.49,2.549999999999999
M3_late_thr85,2025-10-11,-24.589999999999982,-23.9
M3_late_thr85,2025-10-12,9.510000000000005,9.749999999999996
M3_late_thr85,2025-10-13,-4.27,-4.25
M3_late_thr85,2025-10-14,-7.669999999999998,-7.6
M3_late_thr85,2025-10-15,2.0900000000000007,2.1499999999999995
M3_late_thr85,2025-10-16,0.7300000000000004,0.75
M3_late_thr85,2025-10-17,2.0500000000000016,2.1000000000000005
M3_late_thr85,2025-10-18,12.240000000000018,13.050000000000002
M3_late_thr85,2025-10-19,-1.619999999999994,-1.4000000000000004
M3_late_thr85,2025-10-20,2.4499999999999993,2.5
M3_late_thr85,2025-10-21,1.1300000000000008,1.1500000000000004
M3_late_thr85,2025-10-22,2.6900000000000013,2.75
M3_late_thr85,2025-10-23,0.860000000000003,0.9000000000000021
M3_late_thr85,2025-10-24,1.8600000000000012,1.9000000000000004
M3_late_thr85,2025-10-25,-34.939999999999976,-34.15
M3_late_thr85,2025-10-26,-3.96,-3.8000000000000034
M3_late_thr85,2025-10-27,0.9299999999999997,0.9499999999999993
M3_late_thr85,2025-10-28,1.9000000000000021,1.9500000000000028
M3_late_thr85,2025-10-29,1.2699999999999996,1.3000000000000007
M3_late_thr85,2025-10-30,2.79,2.8499999999999988
M3_late_thr85,2025-10-31,0.7300000000000004,0.75
M3_late_thr85,2025-11-01,4.510000000000021,5.150000000000004
M3_late_thr85,2025-11-02,5.610000000000001,5.75
M3_late_thr85,2025-11-03,0.9299999999999997,0.9499999999999993
M3_late_thr85,2025-11-04,0.28000000000000114,0.3000000000000007
M3_late_thr85,2025-11-05,0.0,0.0
M3_late_thr85,2025-11-06,2.5500000000000025,2.5999999999999996
M3_late_thr85,2025-11-07,2.530000000000001,2.5999999999999996
M3_late_thr85,2025-11-08,-13.629999999999992,-12.950000000000003
M3_late_thr85,2025-11-09,-8.879999999999992,-8.600000000000001
M3_late_thr85,2025-11-10,0.870000000000001,0.8999999999999986
M3_late_thr85,2025-11-11,1.2200000000000006,1.25
M3_late_thr85,2025-11-12,2.0500000000000007,2.0999999999999996
M3_late_thr85,2025-11-13,1.1700000000000017,1.200000000000001
M3_late_thr85,2025-11-14,0.0,0.0
M3_late_thr85,2025-11-15,10.540000000000015,11.34999999999999
M3_late_thr85,2025-11-16,4.980000000000006,5.200000000000001
M3_late_thr85,2025-11-17,0.7300000000000004,0.75
M3_late_thr85,2025-11-18,1.1600000000000001,1.1999999999999993
M3_late_thr85,2025-11-19,1.5599999999999987,1.5999999999999979
M3_late_thr85,2025-11-20,0.0,0.0
M3_late_thr85,2025-11-21,2.780000000000001,2.8500000000000014
M3_late_thr85,2025-11-22,-15.75999999999998,-15.0
M3_late_thr85,2025-11-23,-2.4099999999999975,-2.200000000000002
M3_late_thr85,2025-11-24,0.8300000000000018,0.8500000000000014
M3_late_thr85,2025-11-25,1.2599999999999998,1.299999999999999
M3_late_thr85,2025-11-27,2.770000000000003,2.8499999999999996
M3_late_thr85,2025-11-28,-8.369999999999994,-8.2
M3_late_thr85,2025-11-29,22.320000000000014,23.199999999999996
M3_late_thr85,2025-11-30,7.480000000000005,7.700000000000004
M3_late_thr85,2025-12-01,0.23000000000000043,0.25
M3_late_thr85,2025-12-04,1.120000000000001,1.1499999999999986
M3_late_thr85,2025-12-05,3.660000000000002,3.75
M3_late_thr85,2025-12-06,4.240000000000002,4.349999999999998
M3_late_thr85,2025-12-07,5.680000000000002,5.850000000000002
M3_late_thr85,2025-12-08,0.0,0.0
M3_late_thr85,2025-12-11,-9.12,-9.1
M3_late_thr85,2025-12-13,-9.37,-9.35
M3_late_thr85,2025-12-14,-7.329999999999993,-7.1
M3_late_thr85,2025-12-15,1.2699999999999996,1.3000000000000007
M3_late_thr85,2025-12-16,0.33999999999999986,0.34999999999999964
M3_late_thr85,2025-12-17,0.5300000000000011,0.5500000000000007
M3_late_thr85,2025-12-18,-8.889999999999999,-8.85
M3_late_thr85,2025-12-19,0.0,0.0
M3_late_thr85,2025-12-20,-7.91,-7.850000000000001
M3_late_thr85,2025-12-21,7.810000000000004,7.999999999999998
M3_late_thr85,2025-12-22,2.16,2.1999999999999993
M3_late_thr85,2025-12-23,1.1600000000000001,1.1999999999999993
M3_late_thr85,2025-12-24,-8.44,-8.4
M3_late_thr85,2025-12-25,1.9000000000000021,1.9499999999999993
M3_late_thr85,2025-12-26,1.1700000000000017,1.1999999999999993
M3_late_thr85,2025-12-27,6.700000000000004,6.850000000000002
M3_late_thr85,2025-12-28,6.890000000000004,7.049999999999999
M3_late_thr85,2025-12-29,2.3099999999999987,2.349999999999998
M3_late_thr85,2025-12-30,-8.73,-8.7
M3_late_thr85,2025-12-31,1.6599999999999993,1.7000000000000002
M3_late_thr85,2026-01-01,-7.219999999999999,-7.149999999999999
M3_late_thr85,2026-01-02,3.4900000000000038,3.6000000000000014
M3_late_thr85,2026-01-03,1.8100000000000023,1.8500000000000014
M3_late_thr85,2026-01-04,5.930000000000005,6.100000000000003
M3_late_thr85,2026-01-08,0.0,0.0
M3_late_thr85,2026-01-09,0.0,0.0
M3_late_thr85,2026-01-10,-9.32,-9.3
M3_late_thr85,2026-01-11,0.7300000000000004,0.75
M3_late_thr85,2026-01-12,0.4900000000000002,0.5
M3_late_thr85,2026-01-17,1.1700000000000017,1.1999999999999993
M3_late_thr85,2026-01-18,1.8200000000000012,1.8500000000000005
M3_late_thr90,2025-09-08,-8.979999999999999,-8.95
M3_late_thr90,2025-09-11,0.7799999999999994,0.7999999999999989
M3_late_thr90,2025-09-12,2.25,2.299999999999999
M3_late_thr90,2025-09-13,5.310000000000016,5.800000000000005
M3_late_thr90,2025-09-14,4.990000000000002,5.149999999999999
M3_late_thr90,2025-09-15,0.9299999999999997,0.9499999999999993
M3_late_thr90,2025-09-18,1.6099999999999994,1.6499999999999986
M3_late_thr90,2025-09-19,0.3899999999999997,0.39999999999999947
M3_late_thr90,2025-09-20,-17.219999999999988,-16.699999999999996
M3_late_thr90,2025-09-21,-10.209999999999997,-10.05
M3_late_thr90,2025-09-22,0.0,0.0
M3_late_thr90,2025-09-25,1.2100000000000009,1.25
M3_late_thr90,2025-09-26,-9.219999999999999,-9.2
M3_late_thr90,2025-09-27,1.2800000000000082,1.7499999999999982
M3_late_thr90,2025-09-28,5.0000000000000036,5.15
M3_late_thr90,2025-09-29,1.6600000000000001,1.6999999999999993
M3_late_thr90,2025-10-02,0.0,0.0
M3_late_thr90,2025-10-03,1.0600000000000005,1.0999999999999996
M3_late_thr90,2025-10-04,-24.04999999999999,-23.599999999999998
M3_late_thr90,2025-10-05,-15.789999999999996,-15.649999999999999
M3_late_thr90,2025-10-06,0.0,0.0
M3_late_thr90,2025-10-08,0.8300000000000001,0.8499999999999996
M3_late_thr90,2025-10-09,2.24,2.299999999999999
M3_late_thr90,2025-10-10,2.1899999999999995,2.2499999999999982
M3_late_thr90,2025-10-11,-14.829999999999991,-14.350000000000001
M3_late_thr90,2025-10-12,5.6,5.7499999999999964
M3_late_thr90,2025-10-13,0.0,0.0
M3_late_thr90,2025-10-14,-8.009999999999998,-7.949999999999999
M3_late_thr90,2025-10-15,0.2400000000000002,0.25
M3_late_thr90,2025-10-16,0.7300000000000004,0.75
M3_late_thr90,2025-10-17,1.6500000000000012,1.7000000000000002
M3_late_thr90,2025-10-18,6.030000000000007,6.499999999999997
M3_late_thr90,2025-10-19,-4.7499999999999964,-4.6
M3_late_thr90,2025-10-20,1.9100000000000001,1.9499999999999993
M3_late_thr90,2025-10-21,0.4900000000000002,0.5
M3_late_thr90,2025-10-22,1.5599999999999987,1.5999999999999979
M3_late_thr90,2025-10-23,0.860000000000003,0.9000000000000021
M3_late_thr90,2025-10-24,1.8100000000000005,1.8499999999999996
M3_late_thr90,2025-10-25,-12.459999999999987,-11.95
M3_late_thr90,2025-10-26,-4.3,-4.150000000000003
M3_late_thr90,2025-10-27,0.6799999999999997,0.6999999999999993
M3_late_thr90,2025-10-28,0.5800000000000018,0.6000000000000014
M3_late_thr90,2025-10-29,0.879999999999999,0.8999999999999986
M3_late_thr90,2025-10-30,1.2199999999999998,1.2499999999999991
M3_late_thr90,2025-10-31,0.08999999999999986,0.09999999999999964
M3_late_thr90,2025-11-01,3.040000000000015,3.5500000000000043
M3_late_thr90,2025-11-02,4.770000000000003,4.9
M3_late_thr90,2025-11-03,0.5300000000000011,0.5500000000000007
M3_late_thr90,2025-11-04,0.28000000000000114,0.3000000000000007
M3_late_thr90,2025-11-05,0.0,0.0
M3_late_thr90,2025-11-06,0.9299999999999997,0.9499999999999993
M3_late_thr90,2025-11-07,1.410000000000002,1.450000000000001
M3_late_thr90,2025-11-08,-16.549999999999994,-16.050000000000004
M3_late_thr90,2025-11-09,-13.519999999999996,-13.350000000000001
M3_late_thr90,2025-11-10,0.08999999999999986,0.09999999999999964
M3_late_thr90,2025-11-11,0.5800000000000001,0.5999999999999996
M3_late_thr90,2025-11-12,1.5600000000000005,1.5999999999999996
M3_late_thr90,2025-11-13,0.870000000000001,0.9000000000000004
M3_late_thr90,2025-11-14,0.0,0.0
M3_late_thr90,2025-11-15,9.040000000000006,9.599999999999994
M3_late_thr90,2025-11-16,0.4700000000000024,0.5999999999999996
M3_late_thr90,2025-11-17,0.7300000000000004,0.75
M3_late_thr90,2025-11-18,1.1600000000000001,1.1999999999999993
M3_late_thr90,2025-11-19,1.5599999999999987,1.5999999999999979
M3_late_thr90,2025-11-20,0.0,0.0
M3_late_thr90,2025-11-21,0.4400000000000004,0.4500000000000002
M3_late_thr90,2025-11-22,-0.1899999999999924,0.3499999999999961
M3_late_thr90,2025-11-23,-5.099999999999999,-4.950000000000002
M3_late_thr90,2025-11-24,0.8300000000000018,0.8500000000000014
M3_late_thr90,2025-11-25,1.2599999999999998,1.299999999999999
M3_late_thr90,2025-11-27,0.7700000000000022,0.8000000000000016
M3_late_thr90,2025-11-28,-6.209999999999996,-6.099999999999999
M3_late_thr90,2025-11-29,20.14000000000001,20.75
M3_late_thr90,2025-11-30,3.9600000000000053,4.100000000000002
M3_late_thr90,2025-12-01,0.23000000000000043,0.25
M3_late_thr90,2025-12-04,0.8300000000000001,0.8499999999999996
M3_late_thr90,2025-12-05,3.3700000000000028,3.450000000000001
M3_late_thr90,2025-12-06,1.3900000000000006,1.4499999999999993
M3_late_thr90,2025-12-07,3.8800000000000026,4.0
M3_late_thr90,2025-12-08,0.0,0.0
M3_late_thr90,2025-12-11,-9.37,-9.35
M3_late_thr90,2025-12-13,-9.37,-9.35
M3_late_thr90,2025-12-14,3.840000000000005,4.000000000000002
M3_late_thr90,2025-12-15,0.9800000000000004,1.0
M3_late_thr90,2025-12-16,0.33999999999999986,0.34999999999999964
M3_late_thr90,2025-12-17,0.5300000000000011,0.5500000000000007
M3_late_thr90,2025-12-18,-8.889999999999999,-8.85
M3_late_thr90,2025-12-19,0.0,0.0
M3_late_thr90,2025-12-20,-7.91,-7.850000000000001
M3_late_thr90,2025-12-21,5.8000000000000025,5.949999999999999
M3_late_thr90,2025-12-22,1.8099999999999987,1.8499999999999979
M3_late_thr90,2025-12-23,1.1600000000000001,1.1999999999999993
M3_late_thr90,2025-12-24,0.0,0.0
M3_late_thr90,2025-12-25,1.120000000000001,1.1500000000000004
M3_late_thr90,2025-12-26,0.6799999999999997,0.6999999999999993
M3_late_thr90,2025-12-27,2.7700000000000014,2.8499999999999996
M3_late_thr90,2025-12-28,3.5600000000000014,3.6499999999999995
M3_late_thr90,2025-12-29,1.5100000000000016,1.5500000000000007
M3_late_thr90,2025-12-30,-8.969999999999999,-8.95
M3_late_thr90,2025-12-31,0.9299999999999997,0.9499999999999993
M3_late_thr90,2026-01-01,0.4900000000000002,0.5
M3_late_thr90,2026-01-02,2.1800000000000015,2.25
M3_late_thr90,2026-01-03,0.6700000000000017,0.7000000000000011
M3_late_thr90,2026-01-04,4.270000000000005,4.400000000000002
M3_late_thr90,2026-01-08,0.0,0.0
M3_late_thr90,2026-01-09,0.0,0.0
M3_late_thr90,2026-01-10,-9.32,-9.3
M3_late_thr90,2026-01-11,0.7300000000000004,0.75
M3_late_thr90,2026-01-12,0.4900000000000002,0.5
M3_late_thr90,2026-01-17,0.8300000000000001,0.8499999999999996
M3_late_thr90,2026-01-18,0.8799999999999999,0.8999999999999995
M4_pre_h1_W5,2025-09-08,4.94,5.0
M4_pre_h1_W5,2025-09-11,-0.16999999999999948,-0.05000000000000071
M4_pre_h1_W5,2025-09-12,13.850000000000003,14.100000000000001
M4_pre_h1_W5,2025-09-13,2.040000000000003,3.35
M4_pre_h1_W5,2025-09-14,-9.729999999999995,-9.049999999999999
M4_pre_h1_W5,2025-09-15,-3.8799999999999986,-3.6999999999999993
M4_pre_h1_W5,2025-09-18,-1.7899999999999983,-1.6999999999999993
M4_pre_h1_W5,2025-09-19,10.08,10.15
M4_pre_h1_W5,2025-09-20,-11.029999999999992,-9.649999999999997
M4_pre_h1_W5,2025-09-21,-17.029999999999998,-16.25
M4_pre_h1_W5,2025-09-22,6.76,6.8
M4_pre_h1_W5,2025-09-25,-0.10999999999999943,-0.04999999999999982
M4_pre_h1_W5,2025-09-26,-10.619999999999997,-10.5
M4_pre_h1_W5,2025-09-27,-1.3299999999999956,-0.2500000000000009
M4_pre_h1_W5,2025-09-28,1.030000000000003,1.7500000000000009
M4_pre_h1_W5,2025-09-29,-2.13,-2.1
M4_pre_h1_W5,2025-10-02,-0.08000000000000096,0.0
M4_pre_h1_W5,2025-10-03,-0.6799999999999999,-0.5500000000000007
M4_pre_h1_W5,2025-10-04,8.57000000000001,9.6
M4_pre_h1_W5,2025-10-05,0.9300000000000015,1.5999999999999979
M4_pre_h1_W5,2025-10-06,-6.359999999999999,-6.3
M4_pre_h1_W5,2025-10-08,-4.5600000000000005,-4.5
M4_pre_h1_W5,2025-10-09,0.0,0.0
M4_pre_h1_W5,2025-10-10,-9.07,-8.950000000000001
M4_pre_h1_W5,2025-10-11,15.55000000000001,17.25
M4_pre_h1_W5,2025-10-12,-6.269999999999996,-5.8
M4_pre_h1_W5,2025-10-13,-0.1200000000000001,0.0
M4_pre_h1_W5,2025-10-14,0.0,0.0
M4_pre_h1_W5,2025-10-15,5.630000000000001,5.75
M4_pre_h1_W5,2025-10-16,0.0,0.0
M4_pre_h1_W5,2025-10-17,-2.0100000000000007,-1.8499999999999988
M4_pre_h1_W5,2025-10-18,-11.489999999999997,-10.150000000000004
M4_pre_h1_W5,2025-10-19,7.950000000000003,8.4
M4_pre_h1_W5,2025-10-20,-1.57,-1.55
M4_pre_h1_W5,2025-10-21,4.319999999999999,4.4
M4_pre_h1_W5,2025-10-22,-0.27,-0.20000000000000018
M4_pre_h1_W5,2025-10-23,0.0,0.0
M4_pre_h1_W5,2025-10-24,-3.54,-3.5
M4_pre_h1_W5,2025-10-25,-7.859999999999996,-6.600000000000003
M4_pre_h1_W5,2025-10-26,-7.029999999999998,-6.749999999999998
M4_pre_h1_W5,2025-10-27,0.0,0.0
M4_pre_h1_W5,2025-10-28,-3.96,-3.9
M4_pre_h1_W5,2025-10-29,0.0,0.04999999999999982
M4_pre_h1_W5,2025-10-30,-0.2600000000000007,-0.10000000000000142
M4_pre_h1_W5,2025-10-31,-0.02000000000000013,-3.3306690738754696e-16
M4_pre_h1_W5,2025-11-01,-2.729999999999997,-1.750000000000003
M4_pre_h1_W5,2025-11-02,5.230000000000006,5.8
M4_pre_h1_W5,2025-11-03,0.0,0.0
M4_pre_h1_W5,2025-11-04,-0.15999999999999837,0.0
M4_pre_h1_W5,2025-11-05,1.2900000000000027,1.450000000000001
M4_pre_h1_W5,2025-11-06,-0.7399999999999998,-0.6000000000000001
M4_pre_h1_W5,2025-11-07,-3.7499999999999996,-3.5999999999999988
M4_pre_h1_W5,2025-11-08,-4.490000000000002,-3.9500000000000024
M4_pre_h1_W5,2025-11-09,-8.64,-8.25
M4_pre_h1_W5,2025-11-10,0.0,0.0
M4_pre_h1_W5,2025-11-11,3.4600000000000013,3.599999999999999
M4_pre_h1_W5,2025-11-12,-1.790000000000001,-1.6000000000000005
M4_pre_h1_W5,2025-11-13,-2.44,-2.4
M4_pre_h1_W5,2025-11-14,0.2400000000000002,0.25
M4_pre_h1_W5,2025-11-15,-13.719999999999999,-13.100000000000003
M4_pre_h1_W5,2025-11-16,10.770000000000003,11.25
M4_pre_h1_W5,2025-11-17,-1.8299999999999998,-1.7999999999999998
M4_pre_h1_W5,2025-11-18,-3.060000000000001,-2.9
M4_pre_h1_W5,2025-11-19,-0.1200000000000001,-8.881784197001252e-16
M4_pre_h1_W5,2025-11-20,-0.75,-0.7000000000000002
M4_pre_h1_W5,2025-11-21,-7.0600000000000005,-6.900000000000001
M4_pre_h1_W5,2025-11-22,-4.909999999999996,-4.249999999999998
M4_pre_h1_W5,2025-11-23,4.130000000000001,4.399999999999999
M4_pre_h1_W5,2025-11-24,0.0,0.0
M4_pre_h1_W5,2025-11-25,0.0,0.0
M4_pre_h1_W5,2025-11-27,-0.13000000000000078,-0.05000000000000071
M4_pre_h1_W5,2025-11-28,8.040000000000001,8.45
M4_pre_h1_W5,2025-11-29,13.71,14.449999999999998
M4_pre_h1_W5,2025-11-30,4.610000000000001,4.85
M4_pre_h1_W5,2025-12-01,-2.54,-2.5
M4_pre_h1_W5,2025-12-04,0.0,0.0
M4_pre_h1_W5,2025-12-05,1.0499999999999994,1.25
M4_pre_h1_W5,2025-12-06,-6.31,-6.25
M4_pre_h1_W5,2025-12-07,12.750000000000004,13.100000000000001
M4_pre_h1_W5,2025-12-08,-2.63,-2.6
M4_pre_h1_W5,2025-12-11,3.58,3.5999999999999996
M4_pre_h1_W5,2025-12-13,5.44,5.5
M4_pre_h1_W5,2025-12-14,-3.709999999999999,-3.4499999999999993
M4_pre_h1_W5,2025-12-15,-0.11999999999999922,0.0
M4_pre_h1_W5,2025-12-16,-2.139999999999999,-2.049999999999999
M4_pre_h1_W5,2025-12-17,8.360000000000001,8.450000000000001
M4_pre_h1_W5,2025-12-18,-4.709999999999999,-4.65
M4_pre_h1_W5,2025-12-19,2.5400000000000014,2.75
M4_pre_h1_W5,2025-12-20,-1.0000000000000002,-0.8500000000000012
M4_pre_h1_W5,2025-12-21,3.75,3.8999999999999995
M4_pre_h1_W5,2025-12-22,-0.11999999999999922,0.0
M4_pre_h1_W5,2025-12-23,1.6500000000000008,1.8000000000000007
M4_pre_h1_W5,2025-12-24,-2.4299999999999997,-2.4
M4_pre_h1_W5,2025-12-25,3.7199999999999998,3.8000000000000007
M4_pre_h1_W5,2025-12-26,-1.1299999999999997,-1.05
M4_pre_h1_W5,2025-12-27,-13.14,-12.700000000000001
M4_pre_h1_W5,2025-12-28,-4.55,-4.45
M4_pre_h1_W5,2025-12-29,0.0,0.0
M4_pre_h1_W5,2025-12-30,1.81,1.9
M4_pre_h1_W5,2025-12-31,1.7100000000000004,1.7999999999999998
M4_pre_h1_W5,2026-01-01,6.65,6.75
M4_pre_h1_W5,2026-01-02,-0.10999999999999943,0.0
M4_pre_h1_W5,2026-01-03,-2.189999999999999,-2.0999999999999996
M4_pre_h1_W5,2026-01-04,-0.7499999999999982,-0.5000000000000004
M4_pre_h1_W5,2026-01-08,-1.9800000000000002,-1.9500000000000002
M4_pre_h1_W5,2026-01-09,-3.9600000000000004,-3.9000000000000004
M4_pre_h1_W5,2026-01-10,0.0,0.0
M4_pre_h1_W5,2026-01-11,-9.7,-9.600000000000001
M4_pre_h1_W5,2026-01-12,-2.0799999999999996,-2.05
M4_pre_h1_W5,2026-01-17,-1.47,-1.45
M4_pre_h1_W5,2026-01-18,0.0,0.0
M4_pre_h1_W15,2025-09-08,0.0,0.0
M4_pre_h1_W15,2025-09-11,-0.05999999999999983,0.0
M4_pre_h1_W15,2025-09-12,11.330000000000004,11.55
M4_pre_h1_W15,2025-09-13,5.200000000000001,6.200000000000002
M4_pre_h1_W15,2025-09-14,-7.009999999999996,-6.449999999999999
M4_pre_h1_W15,2025-09-15,-3.8799999999999986,-3.6999999999999993
M4_pre_h1_W15,2025-09-18,1.3600000000000012,1.4000000000000004
M4_pre_h1_W15,2025-09-19,6.15,6.2
M4_pre_h1_W15,2025-09-20,-0.37999999999999723,0.5999999999999992
M4_pre_h1_W15,2025-09-21,-10.84,-10.15
M4_pre_h1_W15,2025-09-22,6.76,6.8
M4_pre_h1_W15,2025-09-25,2.27,2.3
M4_pre_h1_W15,2025-09-26,-9.37,-9.299999999999999
M4_pre_h1_W15,2025-09-27,1.0300000000000025,1.7000000000000002
M4_pre_h1_W15,2025-09-28,-1.8399999999999999,-1.5000000000000002
M4_pre_h1_W15,2025-09-29,-2.13,-2.1
M4_pre_h1_W15,2025-10-02,2.63,2.6999999999999997
M4_pre_h1_W15,2025-10-03,-0.16999999999999993,-0.05000000000000071
M4_pre_h1_W15,2025-10-04,3.6200000000000063,4.400000000000001
M4_pre_h1_W15,2025-10-05,-4.759999999999999,-4.3000000000000025
M4_pre_h1_W15,2025-10-06,-6.31,-6.25
M4_pre_h1_W15,2025-10-08,-4.609999999999999,-4.55
M4_pre_h1_W15,2025-10-09,0.0,0.0
M4_pre_h1_W15,2025-10-10,-6.83,-6.750000000000001
M4_pre_h1_W15,2025-10-11,15.66,16.949999999999996
M4_pre_h1_W15,2025-10-12,-0.129999999999999,0.10000000000000098
M4_pre_h1_W15,2025-10-13,6.67,6.75
M4_pre_h1_W15,2025-10-14,0.0,0.0
M4_pre_h1_W15,2025-10-15,5.58,5.699999999999999
M4_pre_h1_W15,2025-10-16,-3.4699999999999998,-3.4499999999999997
M4_pre_h1_W15,2025-10-17,0.17999999999999972,0.3000000000000007
M4_pre_h1_W15,2025-10-18,-25.939999999999998,-24.950000000000003
M4_pre_h1_W15,2025-10-19,7.060000000000001,7.3
M4_pre_h1_W15,2025-10-20,-1.57,-1.55
M4_pre_h1_W15,2025-10-21,4.01,4.1
M4_pre_h1_W15,2025-10-22,-1.22,-1.2
M4_pre_h1_W15,2025-10-23,1.5799999999999996,1.5999999999999996
M4_pre_h1_W15,2025-10-24,-3.54,-3.5
M4_pre_h1_W15,2025-10-25,4.45,5.299999999999999
M4_pre_h1_W15,2025-10-26,-3.6099999999999985,-3.3999999999999986
M4_pre_h1_W15,2025-10-27,0.0,0.0
M4_pre_h1_W15,2025-10-28,-2.49,-2.45
M4_pre_h1_W15,2025-10-29,-2.1899999999999995,-2.1
M4_pre_h1_W15,2025-10-30,6.63,6.75
M4_pre_h1_W15,2025-10-31,0.5899999999999999,0.5999999999999996
M4_pre_h1_W15,2025-11-01,0.0599999999999995,0.7999999999999966
M4_pre_h1_W15,2025-11-02,1.7700000000000036,2.1999999999999993
M4_pre_h1_W15,2025-11-03,0.0,0.0
M4_pre_h1_W15,2025-11-04,-2.2299999999999986,-2.0999999999999996
M4_pre_h1_W15,2025-11-05,0.5600000000000014,0.7000000000000011
M4_pre_h1_W15,2025-11-06,-1.5499999999999998,-1.4500000000000002
M4_pre_h1_W15,2025-11-07,7.650000000000002,7.8
M4_pre_h1_W15,2025-11-08,-13.66,-13.25
M4_pre_h1_W15,2025-11-09,-6.35,-6.1499999999999995
M4_pre_h1_W15,2025-11-10,0.0,0.0
M4_pre_h1_W15,2025-11-11,-4.949999999999999,-4.85
M4_pre_h1_W15,2025-11-12,-4.59,-4.5
M4_pre_h1_W15,2025-11-13,-1.22,-1.2
M4_pre_h1_W15,2025-11-14,0.0,0.0
M4_pre_h1_W15,2025-11-15,-7.179999999999998,-6.750000000000002
M4_pre_h1_W15,2025-11-16,0.280000000000002,0.5500000000000007
M4_pre_h1_W15,2025-11-17,-1.8299999999999998,-1.7999999999999998
M4_pre_h1_W15,2025-11-18,-2.960000000000001,-2.8
M4_pre_h1_W15,2025-11-19,4.54,4.6
M4_pre_h1_W15,2025-11-20,-3.52,-3.5
M4_pre_h1_W15,2025-11-21,-9.23,-9.100000000000001
M4_pre_h1_W15,2025-11-22,-3.9899999999999958,-3.4999999999999982
M4_pre_h1_W15,2025-11-23,-1.9399999999999995,-1.7500000000000009
M4_pre_h1_W15,2025-11-24,0.0,0.0
M4_pre_h1_W15,2025-11-25,0.0,0.0
M4_pre_h1_W15,2025-11-27,7.71,7.75
M4_pre_h1_W15,2025-11-28,6.56,6.8
M4_pre_h1_W15,2025-11-29,3.4699999999999998,3.9499999999999993
M4_pre_h1_W15,2025-11-30,2.6399999999999997,2.799999999999999
M4_pre_h1_W15,2025-12-01,-1.27,-1.25
M4_pre_h1_W15,2025-12-04,-1.8800000000000001,-1.85
M4_pre_h1_W15,2025-12-05,6.3500000000000005,6.550000000000001
M4_pre_h1_W15,2025-12-06,-3.13,-3.1
M4_pre_h1_W15,2025-12-07,-0.5099999999999998,-0.39999999999999947
M4_pre_h1_W15,2025-12-08,-2.63,-2.6
M4_pre_h1_W15,2025-12-11,0.0,0.0
M4_pre_h1_W15,2025-12-13,5.390000000000001,5.449999999999999
M4_pre_h1_W15,2025-12-14,-1.2299999999999984,-0.9999999999999984
M4_pre_h1_W15,2025-12-15,1.7600000000000005,1.85
M4_pre_h1_W15,2025-12-16,-0.05999999999999872,0.0
M4_pre_h1_W15,2025-12-17,3.0600000000000005,3.15
M4_pre_h1_W15,2025-12-18,-4.709999999999999,-4.65
M4_pre_h1_W15,2025-12-19,6.540000000000001,6.75
M4_pre_h1_W15,2025-12-20,-3.71,-3.6500000000000004
M4_pre_h1_W15,2025-12-21,0.7700000000000014,0.9499999999999997
M4_pre_h1_W15,2025-12-22,-2.639999999999999,-2.55
M4_pre_h1_W15,2025-12-23,3.6900000000000013,3.8
M4_pre_h1_W15,2025-12-24,0.0,0.0
M4_pre_h1_W15,2025-12-25,-0.65,-0.6
M4_pre_h1_W15,2025-12-26,-1.07,-1.05
M4_pre_h1_W15,2025-12-27,-3.080000000000001,-2.700000000000002
M4_pre_h1_W15,2025-12-28,-4.23,-4.1000000000000005
M4_pre_h1_W15,2025-12-29,0.0,0.0
M4_pre_h1_W15,2025-12-30,1.0700000000000007,1.1500000000000004
M4_pre_h1_W15,2025-12-31,1.77,1.7999999999999998
M4_pre_h1_W15,2026-01-01,8.02,8.1
M4_pre_h1_W15,2026-01-02,-0.10999999999999943,0.0
M4_pre_h1_W15,2026-01-03,-0.10999999999999943,-0.04999999999999982
M4_pre_h1_W15,2026-01-04,2.2700000000000014,2.45
M4_pre_h1_W15,2026-01-08,-1.9800000000000002,-1.9500000000000002
M4_pre_h1_W15,2026-01-09,-3.9600000000000004,-3.9000000000000004
M4_pre_h1_W15,2026-01-10,0.0,0.0
M4_pre_h1_W15,2026-01-11,-4.51,-4.45
M4_pre_h1_W15,2026-01-12,-2.0799999999999996,-2.05
M4_pre_h1_W15,2026-01-17,-1.47,-1.45
M4_pre_h1_W15,2026-01-18,0.0,0.0
M4_pre_h2_W5,2025-09-08,0.0,0.0
M4_pre_h2_W5,2025-09-11,0.0,0.0
M4_pre_h2_W5,2025-09-12,0.0,0.0
M4_pre_h2_W5,2025-09-13,-2.55,-2.5
M4_pre_h2_W5,2025-09-14,0.0,0.0
M4_pre_h2_W5,2025-09-15,0.0,0.0
M4_pre_h2_W5,2025-09-18,0.0,0.0
M4_pre_h2_W5,2025-09-19,0.0,0.0
M4_pre_h2_W5,2025-09-20,1.8799999999999992,1.9499999999999993
M4_pre_h2_W5,2025-09-21,-3.9200000000000004,-3.9000000000000004
M4_pre_h2_W5,2025-09-22,0.0,0.0
M4_pre_h2_W5,2025-09-25,0.0,0.0
M4_pre_h2_W5,2025-09-26,0.0,0.0
M4_pre_h2_W5,2025-09-27,1.7200000000000009,1.8000000000000007
M4_pre_h2_W5,2025-09-28,2.8200000000000003,2.85
M4_pre_h2_W5,2025-09-29,0.0,0.0
M4_pre_h2_W5,2025-10-02,0.0,0.0
M4_pre_h2_W5,2025-10-03,0.0,0.0
M4_pre_h2_W5,2025-10-04,0.0,0.0
M4_pre_h2_W5,2025-10-05,0.0,0.0
M4_pre_h2_W5,2025-10-06,0.0,0.0
M4_pre_h2_W5,2025-10-08,0.0,0.0
M4_pre_h2_W5,2025-10-09,0.0,0.0
M4_pre_h2_W5,2025-10-10,0.0,0.0
M4_pre_h2_W5,2025-10-11,-5.13,-5.05
M4_pre_h2_W5,2025-10-12,0.0,0.0
M4_pre_h2_W5,2025-10-13,0.0,0.0
M4_pre_h2_W5,2025-10-14,0.0,0.0
M4_pre_h2_W5,2025-10-15,0.0,0.0
M4_pre_h2_W5,2025-10-16,0.0,0.0
M4_pre_h2_W5,2025-10-17,0.0,0.0
M4_pre_h2_W5,2025-10-18,4.130000000000001,4.25
M4_pre_h2_W5,2025-10-19,0.0,0.0
M4_pre_h2_W5,2025-10-20,0.0,0.0
M4_pre_h2_W5,2025-10-21,0.0,0.0
M4_pre_h2_W5,2025-10-22,0.0,0.0
M4_pre_h2_W5,2025-10-23,0.0,0.0
M4_pre_h2_W5,2025-10-24,0.0,0.0
M4_pre_h2_W5,2025-10-25,2.72,2.75
M4_pre_h2_W5,2025-10-26,0.0,0.0
M4_pre_h2_W5,2025-10-27,0.0,0.0
M4_pre_h2_W5,2025-10-28,0.0,0.0
M4_pre_h2_W5,2025-10-29,0.0,0.0
M4_pre_h2_W5,2025-10-30,0.0,0.0
M4_pre_h2_W5,2025-10-31,0.0,0.0
M4_pre_h2_W5,2025-11-01,0.0,0.0
M4_pre_h2_W5,2025-11-02,0.0,0.0
M4_pre_h2_W5,2025-11-03,0.0,0.0
M4_pre_h2_W5,2025-11-04,0.0,0.0
M4_pre_h2_W5,2025-11-05,0.0,0.0
M4_pre_h2_W5,2025-11-06,0.0,0.0
M4_pre_h2_W5,2025-11-07,0.0,0.0
M4_pre_h2_W5,2025-11-08,-4.25,-4.2
M4_pre_h2_W5,2025-11-09,0.0,0.0
M4_pre_h2_W5,2025-11-10,0.0,0.0
M4_pre_h2_W5,2025-11-11,0.0,0.0
M4_pre_h2_W5,2025-11-12,-1.6700000000000002,-1.6500000000000001
M4_pre_h2_W5,2025-11-13,0.0,0.0
M4_pre_h2_W5,2025-11-14,0.0,0.0
M4_pre_h2_W5,2025-11-15,-0.8599999999999999,-0.8000000000000003
M4_pre_h2_W5,2025-11-16,0.0,0.0
M4_pre_h2_W5,2025-11-17,0.0,0.0
M4_pre_h2_W5,2025-11-18,-5.56,-5.5
M4_pre_h2_W5,2025-11-19,0.0,0.0
M4_pre_h2_W5,2025-11-20,0.0,0.0
M4_pre_h2_W5,2025-11-21,0.0,0.0
M4_pre_h2_W5,2025-11-22,-3.1799999999999975,-3.049999999999998
M4_pre_h2_W5,2025-11-23,0.40000000000000036,0.4500000000000002
M4_pre_h2_W5,2025-11-24,0.0,0.0
M4_pre_h2_W5,2025-11-25,0.0,0.0
M4_pre_h2_W5,2025-11-27,0.0,0.0
M4_pre_h2_W5,2025-11-28,-0.66,-0.65
M4_pre_h2_W5,2025-11-29,0.0,0.0
M4_pre_h2_W5,2025-11-30,-1.73,-1.6499999999999995
M4_pre_h2_W5,2025-12-01,0.0,0.0
M4_pre_h2_W5,2025-12-04,0.0,0.0
M4_pre_h2_W5,2025-12-05,0.0,0.0
M4_pre_h2_W5,2025-12-06,0.0,0.0
M4_pre_h2_W5,2025-12-07,0.0,0.0
M4_pre_h2_W5,2025-12-08,0.0,0.0
M4_pre_h2_W5,2025-12-11,0.0,0.0
M4_pre_h2_W5,2025-12-13,5.44,5.5
M4_pre_h2_W5,2025-12-14,0.0,0.0
M4_pre_h2_W5,2025-12-15,0.0,0.0
M4_pre_h2_W5,2025-12-16,0.0,0.0
M4_pre_h2_W5,2025-12-17,0.0,0.0
M4_pre_h2_W5,2025-12-18,0.0,0.0
M4_pre_h2_W5,2025-12-19,0.0,0.0
M4_pre_h2_W5,2025-12-20,0.0,0.0
M4_pre_h2_W5,2025-12-21,0.0,0.0
M4_pre_h2_W5,2025-12-22,2.5700000000000003,2.6
M4_pre_h2_W5,2025-12-23,0.0,0.0
M4_pre_h2_W5,2025-12-24,0.0,0.0
M4_pre_h2_W5,2025-12-25,0.0,0.0
M4_pre_h2_W5,2025-12-26,0.0,0.0
M4_pre_h2_W5,2025-12-27,-4.09,-4.0
M4_pre_h2_W5,2025-12-28,0.0,0.0
M4_pre_h2_W5,2025-12-29,0.0,0.0
M4_pre_h2_W5,2025-12-30,0.0,0.0
M4_pre_h2_W5,2025-12-31,0.0,0.0
M4_pre_h2_W5,2026-01-01,0.0,0.0
M4_pre_h2_W5,2026-01-02,0.0,0.0
M4_pre_h2_W5,2026-01-03,0.0,0.0
M4_pre_h2_W5,2026-01-04,-5.92,-5.8500000000000005
M4_pre_h2_W5,2026-01-08,0.0,0.0
M4_pre_h2_W5,2026-01-09,0.0,0.0
M4_pre_h2_W5,2026-01-10,0.0,0.0
M4_pre_h2_W5,2026-01-11,0.0,0.0
M4_pre_h2_W5,2026-01-12,0.0,0.0
M4_pre_h2_W5,2026-01-17,0.0,0.0
M4_pre_h2_W5,2026-01-18,0.0,0.0
M4_pre_h2_W15,2025-09-08,0.0,0.0
M4_pre_h2_W15,2025-09-11,0.0,0.0
M4_pre_h2_W15,2025-09-12,0.0,0.0
M4_pre_h2_W15,2025-09-13,-0.3000000000000002,-0.25000000000000017
M4_pre_h2_W15,2025-09-14,3.23,3.25
M4_pre_h2_W15,2025-09-15,0.0,0.0
M4_pre_h2_W15,2025-09-18,0.0,0.0
M4_pre_h2_W15,2025-09-19,0.0,0.0
M4_pre_h2_W15,2025-09-20,4.19,4.25
M4_pre_h2_W15,2025-09-21,-0.9799999999999995,-0.8999999999999999
M4_pre_h2_W15,2025-09-22,0.0,0.0
M4_pre_h2_W15,2025-09-25,0.0,0.0
M4_pre_h2_W15,2025-09-26,0.0,0.0
M4_pre_h2_W15,2025-09-27,4.850000000000001,4.950000000000001
M4_pre_h2_W15,2025-09-28,0.0,0.0
M4_pre_h2_W15,2025-09-29,0.0,0.0
M4_pre_h2_W15,2025-10-02,0.0,0.0
M4_pre_h2_W15,2025-10-03,-2.78,-2.75
M4_pre_h2_W15,2025-10-04,1.9200000000000004,1.9500000000000002
M4_pre_h2_W15,2025-10-05,0.39000000000000057,0.4500000000000002
M4_pre_h2_W15,2025-10-06,0.0,0.0
M4_pre_h2_W15,2025-10-08,-4.51,-4.45
M4_pre_h2_W15,2025-10-09,0.0,0.0
M4_pre_h2_W15,2025-10-10,0.0,0.0
M4_pre_h2_W15,2025-10-11,-2.7599999999999993,-2.65
M4_pre_h2_W15,2025-10-12,0.0,0.0
M4_pre_h2_W15,2025-10-13,0.0,0.0
M4_pre_h2_W15,2025-10-14,0.0,0.0
M4_pre_h2_W15,2025-10-15,-2.1799999999999997,-2.15
M4_pre_h2_W15,2025-10-16,0.0,0.0
M4_pre_h2_W15,2025-10-17,-3.4699999999999998,-3.4499999999999997
M4_pre_h2_W15,2025-10-18,-5.5699999999999985,-5.449999999999999
M4_pre_h2_W15,2025-10-19,1.4300000000000002,1.4500000000000002
M4_pre_h2_W15,2025-10-20,0.0,0.0
M4_pre_h2_W15,2025-10-21,6.5,6.55
M4_pre_h2_W15,2025-10-22,0.0,0.0
M4_pre_h2_W15,2025-10-23,0.0,0.0
M4_pre_h2_W15,2025-10-24,0.0,0.0
M4_pre_h2_W15,2025-10-25,4.890000000000001,4.949999999999999
M4_pre_h2_W15,2025-10-26,0.0,0.0
M4_pre_h2_W15,2025-10-27,0.0,0.0
M4_pre_h2_W15,2025-10-28,0.0,0.0
M4_pre_h2_W15,2025-10-29,0.0,0.0
M4_pre_h2_W15,2025-10-30,-3.4699999999999998,-3.4499999999999997
M4_pre_h2_W15,2025-10-31,0.0,0.0
M4_pre_h2_W15,2025-11-01,0.0,0.0
M4_pre_h2_W15,2025-11-02,-2.28,-2.25
M4_pre_h2_W15,2025-11-03,0.0,0.0
M4_pre_h2_W15,2025-11-04,0.0,0.0
M4_pre_h2_W15,2025-11-05,0.0,0.0
M4_pre_h2_W15,2025-11-06,0.0,0.0
M4_pre_h2_W15,2025-11-07,2.47,2.5
M4_pre_h2_W15,2025-11-08,-2.48,-2.45
M4_pre_h2_W15,2025-11-09,-1.8299999999999998,-1.7999999999999998
M4_pre_h2_W15,2025-11-10,0.0,0.0
M4_pre_h2_W15,2025-11-11,0.0,0.0
M4_pre_h2_W15,2025-11-12,-1.6700000000000002,-1.6500000000000001
M4_pre_h2_W15,2025-11-13,0.0,0.0
M4_pre_h2_W15,2025-11-14,0.0,0.0
M4_pre_h2_W15,2025-11-15,1.0600000000000005,1.15
M4_pre_h2_W15,2025-11-16,-1.37,-1.35
M4_pre_h2_W15,2025-11-17,0.0,0.0
M4_pre_h2_W15,2025-11-18,-5.56,-5.5
M4_pre_h2_W15,2025-11-19,0.0,0.0
M4_pre_h2_W15,2025-11-20,0.0,0.0
M4_pre_h2_W15,2025-11-21,0.0,0.0
M4_pre_h2_W15,2025-11-22,-10.139999999999997,-9.999999999999998
M4_pre_h2_W15,2025-11-23,0.40000000000000036,0.4500000000000002
M4_pre_h2_W15,2025-11-24,0.0,0.0
M4_pre_h2_W15,2025-11-25,0.0,0.0
M4_pre_h2_W15,2025-11-27,3.88,3.9
M4_pre_h2_W15,2025-11-28,0.0,0.0
M4_pre_h2_W15,2025-11-29,-2.23,-2.2
M4_pre_h2_W15,2025-11-30,0.0,0.0
M4_pre_h2_W15,2025-12-01,0.0,0.0
M4_pre_h2_W15,2025-12-04,0.0,0.0
M4_pre_h2_W15,2025-12-05,0.0,0.0
M4_pre_h2_W15,2025-12-06,0.0,0.0
M4_pre_h2_W15,2025-12-07,0.0,0.0
M4_pre_h2_W15,2025-12-08,0.0,0.0
M4_pre_h2_W15,2025-12-11,0.0,0.0
M4_pre_h2_W15,2025-12-13,5.44,5.5
M4_pre_h2_W15,2025-12-14,0.0,0.0
M4_pre_h2_W15,2025-12-15,0.0,0.0
M4_pre_h2_W15,2025-12-16,0.0,0.0
M4_pre_h2_W15,2025-12-17,0.0,0.0
M4_pre_h2_W15,2025-12-18,0.0,0.0
M4_pre_h2_W15,2025-12-19,0.0,0.0
M4_pre_h2_W15,2025-12-20,0.0,0.0
M4_pre_h2_W15,2025-12-21,0.0,0.0
M4_pre_h2_W15,2025-12-22,2.5700000000000003,2.6
M4_pre_h2_W15,2025-12-23,0.0,0.0
M4_pre_h2_W15,2025-12-24,0.0,0.0
M4_pre_h2_W15,2025-12-25,0.0,0.0
M4_pre_h2_W15,2025-12-26,0.0,0.0
M4_pre_h2_W15,2025-12-27,-0.96,-0.9000000000000004
M4_pre_h2_W15,2025-12-28,0.0,0.0
M4_pre_h2_W15,2025-12-29,0.0,0.0
M4_pre_h2_W15,2025-12-30,0.0,0.0
M4_pre_h2_W15,2025-12-31,0.0,0.0
M4_pre_h2_W15,2026-01-01,2.52,2.55
M4_pre_h2_W15,2026-01-02,0.0,0.0
M4_pre_h2_W15,2026-01-03,0.0,0.0
M4_pre_h2_W15,2026-01-04,-6.46,-6.4
M4_pre_h2_W15,2026-01-08,0.0,0.0
M4_pre_h2_W15,2026-01-09,0.0,0.0
M4_pre_h2_W15,2026-01-10,0.0,0.0
M4_pre_h2_W15,2026-01-11,0.0,0.0
M4_pre_h2_W15,2026-01-12,0.0,0.0
M4_pre_h2_W15,2026-01-17,0.0,0.0
M4_pre_h2_W15,2026-01-18,0.0,0.0
M4_in_h1_W5,2025-09-08,-0.030000000000001137,0.05000000000000071
M4_in_h1_W5,2025-09-11,-0.6599999999999984,-0.45000000000000107
M4_in_h1_W5,2025-09-12,-1.169999999999998,-0.8500000000000016
M4_in_h1_W5,2025-09-13,-28.79999999999998,-25.199999999999996
M4_in_h1_W5,2025-09-14,-3.519999999999992,-2.300000000000002
M4_in_h1_W5,2025-09-15,-0.4399999999999977,-0.1999999999999993
M4_in_h1_W5,2025-09-18,-1.9299999999999964,-1.7499999999999993
M4_in_h1_W5,2025-09-19,-0.9499999999999993,-0.7500000000000018
M4_in_h1_W5,2025-09-20,-24.43999999999998,-20.500000000000007
M4_in_h1_W5,2025-09-21,-3.5899999999999967,-2.3499999999999974
M4_in_h1_W5,2025-09-22,-0.17999999999999972,-0.09999999999999964
M4_in_h1_W5,2025-09-25,-0.7299999999999969,-0.5499999999999989
M4_in_h1_W5,2025-09-26,-0.4300000000000006,-0.15000000000000124
M4_in_h1_W5,2025-09-27,-26.519999999999982,-22.450000000000003
M4_in_h1_W5,2025-09-28,-3.049999999999998,-1.9000000000000046
M4_in_h1_W5,2025-09-29,-0.15000000000000102,0.049999999999999156
M4_in_h1_W5,2025-10-02,-1.5399999999999991,-1.3000000000000007
M4_in_h1_W5,2025-10-03,-1.3899999999999988,-1.0499999999999994
M4_in_h1_W5,2025-10-04,-19.66999999999998,-16.15
M4_in_h1_W5,2025-10-05,-0.7599999999999962,0.349999999999997
M4_in_h1_W5,2025-10-06,0.020000000000000018,0.10000000000000009
M4_in_h1_W5,2025-10-08,-2.409999999999998,-2.2000000000000006
M4_in_h1_W5,2025-10-09,-1.2299999999999984,-0.7499999999999993
M4_in_h1_W5,2025-10-10,-0.8399999999999985,-0.4999999999999991
M4_in_h1_W5,2025-10-11,-26.629999999999985,-23.0
M4_in_h1_W5,2025-10-12,-3.069999999999998,-2.0000000000000058
M4_in_h1_W5,2025-10-13,-0.4799999999999982,-0.25000000000000133
M4_in_h1_W5,2025-10-14,-1.350000000000001,-1.1000000000000014
M4_in_h1_W5,2025-10-15,-1.4699999999999989,-1.25
M4_in_h1_W5,2025-10-16,-0.3700000000000011,-0.25000000000000144
M4_in_h1_W5,2025-10-17,-1.8799999999999952,-1.499999999999999
M4_in_h1_W5,2025-10-18,-21.169999999999973,-16.95000000000001
M4_in_h1_W5,2025-10-19,-1.9399999999999924,-0.7500000000000038
M4_in_h1_W5,2025-10-20,-0.3099999999999994,-0.15000000000000013
M4_in_h1_W5,2025-10-21,-1.8699999999999974,-1.6999999999999993
M4_in_h1_W5,2025-10-22,-1.2299999999999989,-1.05
M4_in_h1_W5,2025-10-23,-0.6999999999999997,-0.5500000000000003
M4_in_h1_W5,2025-10-24,0.03999999999999915,0.1999999999999993
M4_in_h1_W5,2025-10-25,-21.909999999999982,-18.300000000000008
M4_in_h1_W5,2025-10-26,-2.259999999999997,-1.2999999999999976
M4_in_h1_W5,2025-10-27,-0.43000000000000105,-0.3500000000000001
M4_in_h1_W5,2025-10-28,-0.06999999999999934,0.049999999999998546
M4_in_h1_W5,2025-10-29,-1.049999999999999,-0.8499999999999996
M4_in_h1_W5,2025-10-30,-0.2599999999999989,4.440892098500626e-16
M4_in_h1_W5,2025-10-31,-0.8199999999999993,-0.6500000000000007
M4_in_h1_W5,2025-11-01,-13.449999999999983,-9.94999999999999
M4_in_h1_W5,2025-11-02,-4.479999999999995,-3.399999999999999
M4_in_h1_W5,2025-11-03,-0.06999999999999851,0.05000000000000071
M4_in_h1_W5,2025-11-04,-0.9099999999999984,-0.7499999999999982
M4_in_h1_W5,2025-11-05,-0.20999999999999908,-0.04999999999999982
M4_in_h1_W5,2025-11-06,-1.009999999999999,-0.7499999999999996
M4_in_h1_W5,2025-11-07,-1.499999999999997,-1.2000000000000006
M4_in_h1_W5,2025-11-08,-15.72999999999999,-12.399999999999999
M4_in_h1_W5,2025-11-09,-4.050000000000001,-3.1000000000000014
M4_in_h1_W5,2025-11-10,0.030000000000001137,0.15000000000000036
M4_in_h1_W5,2025-11-11,0.05000000000000249,0.24999999999999956
M4_in_h1_W5,2025-11-12,-0.5699999999999998,-0.2999999999999994
M4_in_h1_W5,2025-11-13,-0.3399999999999991,-0.2000000000000005
M4_in_h1_W5,2025-11-14,-0.11999999999999922,0.0
M4_in_h1_W5,2025-11-15,-16.629999999999985,-12.75000000000001
M4_in_h1_W5,2025-11-16,-6.439999999999992,-5.1499999999999995
M4_in_h1_W5,2025-11-17,-0.06999999999999851,0.05000000000000071
M4_in_h1_W5,2025-11-18,-0.37999999999999723,-0.09999999999999964
M4_in_h1_W5,2025-11-19,-0.4900000000000002,-0.3000000000000007
M4_in_h1_W5,2025-11-20,0.03999999999999915,0.1999999999999975
M4_in_h1_W5,2025-11-21,-0.23000000000000043,-8.881784197001252e-16
M4_in_h1_W5,2025-11-22,-19.149999999999984,-15.149999999999999
M4_in_h1_W5,2025-11-23,-3.839999999999998,-2.8000000000000034
M4_in_h1_W5,2025-11-24,-0.1099999999999991,-0.04999999999999971
M4_in_h1_W5,2025-11-25,-0.5199999999999996,-0.40000000000000036
M4_in_h1_W5,2025-11-27,0.0700000000000025,0.4500000000000006
M4_in_h1_W5,2025-11-28,-4.359999999999995,-3.1000000000000023
M4_in_h1_W5,2025-11-29,-16.98999999999999,-13.000000000000004
M4_in_h1_W5,2025-11-30,-2.699999999999994,-1.7000000000000002
M4_in_h1_W5,2025-12-01,-0.4400000000000013,-0.40000000000000036
M4_in_h1_W5,2025-12-04,-0.050000000000000266,0.0499999999999996
M4_in_h1_W5,2025-12-05,-1.2099999999999973,-0.8500000000000009
M4_in_h1_W5,2025-12-06,-1.5899999999999983,-1.0500000000000007
M4_in_h1_W5,2025-12-07,-4.539999999999994,-3.400000000000001
M4_in_h1_W5,2025-12-08,-0.01999999999999913,0.09999999999999964
M4_in_h1_W5,2025-12-11,0.11999999999999922,0.20000000000000107
M4_in_h1_W5,2025-12-13,-1.2800000000000002,-0.9999999999999991
M4_in_h1_W5,2025-12-14,-3.6899999999999915,-2.549999999999998
M4_in_h1_W5,2025-12-15,-0.5399999999999998,-0.44999999999999973
M4_in_h1_W5,2025-12-16,0.01999999999999913,0.0999999999999992
M4_in_h1_W5,2025-12-17,-1.239999999999998,-1.0000000000000013
M4_in_h1_W5,2025-12-18,-1.3400000000000003,-1.1500000000000004
M4_in_h1_W5,2025-12-19,-2.0899999999999985,-1.8499999999999996
M4_in_h1_W5,2025-12-20,-1.3599999999999968,-0.9499999999999988
M4_in_h1_W5,2025-12-21,-3.8999999999999932,-2.7500000000000036
M4_in_h1_W5,2025-12-22,-1.6500000000000004,-1.4499999999999993
M4_in_h1_W5,2025-12-23,-0.40000000000000085,-0.15000000000000197
M4_in_h1_W5,2025-12-24,-0.10999999999999899,-4.440892098500626e-16
M4_in_h1_W5,2025-12-25,-0.7299999999999984,-0.5000000000000007
M4_in_h1_W5,2025-12-26,-0.6699999999999993,-0.35000000000000053
M4_in_h1_W5,2025-12-27,-2.6999999999999953,-1.7499999999999964
M4_in_h1_W5,2025-12-28,-2.6899999999999973,-1.800000000000002
M4_in_h1_W5,2025-12-29,0.040000000000000924,0.20000000000000107
M4_in_h1_W5,2025-12-30,0.49999999999999956,0.7499999999999996
M4_in_h1_W5,2025-12-31,-1.6699999999999986,-1.1500000000000012
M4_in_h1_W5,2026-01-01,-2.0199999999999987,-1.6999999999999997
M4_in_h1_W5,2026-01-02,-0.399999999999999,-0.05000000000000204
M4_in_h1_W5,2026-01-03,-1.4699999999999989,-1.299999999999999
M4_in_h1_W5,2026-01-04,-2.2799999999999994,-1.300000000000004
M4_in_h1_W5,2026-01-08,-0.4400000000000013,-0.34999999999999964
M4_in_h1_W5,2026-01-09,-1.1500000000000004,-1.0500000000000003
M4_in_h1_W5,2026-01-10,-0.609999999999999,-0.4500000000000006
M4_in_h1_W5,2026-01-11,-1.209999999999999,-0.8999999999999968
M4_in_h1_W5,2026-01-12,-0.019999999999999574,0.10000000000000142
M4_in_h1_W5,2026-01-17,-1.1999999999999997,-1.0000000000000004
M4_in_h1_W5,2026-01-18,-0.7200000000000002,-0.5499999999999992
M4_in_h1_W15,2025-09-08,-0.09999999999999964,0.0
M4_in_h1_W15,2025-09-11,-2.009999999999998,-1.799999999999999
M4_in_h1_W15,2025-09-12,-1.1099999999999988,-0.7999999999999995
M4_in_h1_W15,2025-09-13,-27.729999999999972,-24.199999999999992
M4_in_h1_W15,2025-09-14,-3.1299999999999915,-1.9499999999999988
M4_in_h1_W15,2025-09-15,-0.22000000000000064,0.0
M4_in_h1_W15,2025-09-18,-1.0999999999999996,-0.9499999999999986
M4_in_h1_W15,2025-09-19,-0.05000000000000071,0.14999999999999858
M4_in_h1_W15,2025-09-20,-26.82999999999998,-23.100000000000005
M4_in_h1_W15,2025-09-21,-1.0499999999999972,0.14999999999999256
M4_in_h1_W15,2025-09-22,0.5599999999999996,0.6500000000000004
M4_in_h1_W15,2025-09-25,-0.8299999999999983,-0.6500000000000004
M4_in_h1_W15,2025-09-26,0.08000000000000096,0.39999999999999947
M4_in_h1_W15,2025-09-27,-29.719999999999985,-25.75
M4_in_h1_W15,2025-09-28,-2.269999999999995,-1.1000000000000012
M4_in_h1_W15,2025-09-29,-0.08000000000000052,0.09999999999999831
M4_in_h1_W15,2025-10-02,-0.8899999999999997,-0.6499999999999995
M4_in_h1_W15,2025-10-03,-1.2300000000000002,-0.9000000000000012
M4_in_h1_W15,2025-10-04,-18.619999999999994,-15.249999999999996
M4_in_h1_W15,2025-10-05,-4.729999999999998,-3.699999999999998
M4_in_h1_W15,2025-10-06,0.020000000000000462,0.10000000000000053
M4_in_h1_W15,2025-10-08,-2.1499999999999995,-1.950000000000001
M4_in_h1_W15,2025-10-09,-3.040000000000001,-2.6000000000000023
M4_in_h1_W15,2025-10-10,-0.2999999999999976,0.049999999999998934
M4_in_h1_W15,2025-10-11,-18.649999999999977,-15.099999999999998
M4_in_h1_W15,2025-10-12,-3.6299999999999994,-2.5500000000000016
M4_in_h1_W15,2025-10-13,-0.0899999999999972,0.15000000000000124
M4_in_h1_W15,2025-10-14,-2.6499999999999977,-2.3999999999999995
M4_in_h1_W15,2025-10-15,-2.219999999999999,-2.0
M4_in_h1_W15,2025-10-16,-0.11999999999999933,-1.4432899320127035e-15
M4_in_h1_W15,2025-10-17,-1.1699999999999982,-0.7999999999999999
M4_in_h1_W15,2025-10-18,-21.90999999999997,-17.700000000000006
M4_in_h1_W15,2025-10-19,-0.13999999999999263,1.0500000000000043
M4_in_h1_W15,2025-10-20,-0.009999999999998233,0.15000000000000102
M4_in_h1_W15,2025-10-21,-0.22999999999999865,-0.05000000000000071
M4_in_h1_W15,2025-10-22,-1.6999999999999977,-1.4999999999999991
M4_in_h1_W15,2025-10-23,-0.15999999999999837,0.0
M4_in_h1_W15,2025-10-24,-0.010000000000000009,0.15000000000000102
M4_in_h1_W15,2025-10-25,-22.139999999999983,-18.650000000000002
M4_in_h1_W15,2025-10-26,-2.669999999999998,-1.6999999999999997
M4_in_h1_W15,2025-10-27,0.019999999999999796,0.09999999999999987
M4_in_h1_W15,2025-10-28,-0.24999999999999695,-0.14999999999999863
M4_in_h1_W15,2025-10-29,0.41999999999999993,0.6499999999999986
M4_in_h1_W15,2025-10-30,-0.9299999999999979,-0.7000000000000002
M4_in_h1_W15,2025-10-31,-0.26999999999999846,-0.0999999999999995
M4_in_h1_W15,2025-11-01,-10.839999999999986,-7.249999999999997
M4_in_h1_W15,2025-11-02,-1.5399999999999976,-0.45
M4_in_h1_W15,2025-11-03,0.030000000000001137,0.14999999999999858
M4_in_h1_W15,2025-11-04,-0.5099999999999982,-0.34999999999999926
M4_in_h1_W15,2025-11-05,-1.4900000000000002,-1.3500000000000005
M4_in_h1_W15,2025-11-06,-0.5599999999999978,-0.2999999999999993
M4_in_h1_W15,2025-11-07,-1.56,-1.2500000000000004
M4_in_h1_W15,2025-11-08,-9.819999999999984,-6.499999999999997
M4_in_h1_W15,2025-11-09,-5.9499999999999975,-4.950000000000003
M4_in_h1_W15,2025-11-10,0.030000000000001137,0.15000000000000036
M4_in_h1_W15,2025-11-11,-0.5999999999999996,-0.39999999999999947
M4_in_h1_W15,2025-11-12,-0.00999999999999912,0.25
M4_in_h1_W15,2025-11-13,-0.03999999999999915,0.09999999999999942
M4_in_h1_W15,2025-11-14,-0.07000000000000028,0.049999999999998934
M4_in_h1_W15,2025-11-15,-17.309999999999985,-13.600000000000009
M4_in_h1_W15,2025-11-16,-6.149999999999997,-4.8999999999999995
M4_in_h1_W15,2025-11-17,-0.11999999999999922,0.0
M4_in_h1_W15,2025-11-18,-1.0299999999999976,-0.7500000000000014
M4_in_h1_W15,2025-11-19,-0.6199999999999992,-0.4499999999999993
M4_in_h1_W15,2025-11-20,-0.3600000000000012,-0.20000000000000195
M4_in_h1_W15,2025-11-21,-0.13999999999999835,0.10000000000000009
M4_in_h1_W15,2025-11-22,-23.679999999999986,-19.849999999999998
M4_in_h1_W15,2025-11-23,-2.3699999999999943,-1.3500000000000045
M4_in_h1_W15,2025-11-24,-0.4599999999999992,-0.3999999999999998
M4_in_h1_W15,2025-11-25,-0.08999999999999986,0.05000000000000071
M4_in_h1_W15,2025-11-27,-1.1699999999999973,-0.7999999999999998
M4_in_h1_W15,2025-11-28,-2.369999999999993,-1.1000000000000034
M4_in_h1_W15,2025-11-29,-16.519999999999992,-12.6
M4_in_h1_W15,2025-11-30,-2.519999999999995,-1.550000000000004
M4_in_h1_W15,2025-12-01,-0.28999999999999915,-0.25
M4_in_h1_W15,2025-12-04,-0.30000000000000027,-0.1999999999999995
M4_in_h1_W15,2025-12-05,-2.669999999999999,-2.3500000000000014
M4_in_h1_W15,2025-12-06,-2.2199999999999998,-1.7000000000000008
M4_in_h1_W15,2025-12-07,-2.2599999999999927,-1.149999999999998
M4_in_h1_W15,2025-12-08,-0.019999999999999574,0.10000000000000009
M4_in_h1_W15,2025-12-11,-0.5299999999999994,-0.4499999999999993
M4_in_h1_W15,2025-12-13,-0.8900000000000003,-0.600000000000001
M4_in_h1_W15,2025-12-14,-4.559999999999997,-3.499999999999995
M4_in_h1_W15,2025-12-15,-0.3499999999999992,-0.25000000000000044
M4_in_h1_W15,2025-12-16,0.16999999999999948,0.24999999999999956
M4_in_h1_W15,2025-12-17,-0.039999999999999813,0.19999999999999796
M4_in_h1_W15,2025-12-18,-1.3999999999999995,-1.1999999999999988
M4_in_h1_W15,2025-12-19,-2.4700000000000006,-2.3000000000000007
M4_in_h1_W15,2025-12-20,-1.0499999999999974,-0.6500000000000024
M4_in_h1_W15,2025-12-21,-3.9599999999999973,-2.85
M4_in_h1_W15,2025-12-22,-0.7899999999999991,-0.5999999999999996
M4_in_h1_W15,2025-12-23,-0.699999999999999,-0.45000000000000273
M4_in_h1_W15,2025-12-24,-0.0999999999999992,4.440892098500626e-16
M4_in_h1_W15,2025-12-25,-2.0199999999999996,-1.8
M4_in_h1_W15,2025-12-26,-2.009999999999999,-1.7000000000000002
M4_in_h1_W15,2025-12-27,-2.2999999999999967,-1.3499999999999983
M4_in_h1_W15,2025-12-28,-2.529999999999998,-1.6500000000000008
M4_in_h1_W15,2025-12-29,-0.019999999999997353,0.1500000000000008
M4_in_h1_W15,2025-12-30,-1.2899999999999998,-1.0000000000000016
M4_in_h1_W15,2025-12-31,-2.359999999999998,-1.8500000000000028
M4_in_h1_W15,2026-01-01,-1.4199999999999968,-1.1000000000000016
M4_in_h1_W15,2026-01-02,-1.8299999999999979,-1.4999999999999998
M4_in_h1_W15,2026-01-03,-0.120000000000001,0.05000000000000071
M4_in_h1_W15,2026-01-04,-2.809999999999995,-1.8000000000000012
M4_in_h1_W15,2026-01-08,-0.5899999999999999,-0.5
M4_in_h1_W15,2026-01-09,-0.5899999999999999,-0.5000000000000007
M4_in_h1_W15,2026-01-10,-0.2199999999999993,-0.04999999999999938
M4_in_h1_W15,2026-01-11,-0.8299999999999983,-0.4999999999999982
M4_in_h1_W15,2026-01-12,-0.019999999999999574,0.09999999999999964
M4_in_h1_W15,2026-01-17,-1.2999999999999976,-1.1
M4_in_h1_W15,2026-01-18,-1.5499999999999998,-1.3499999999999992
M4_in_h2_W5,2025-09-08,0.31999999999999984,0.3999999999999999
M4_in_h2_W5,2025-09-11,-0.759999999999998,-0.5500000000000007
M4_in_h2_W5,2025-09-12,-0.4199999999999982,-0.09999999999999926
M4_in_h2_W5,2025-09-13,-23.65999999999999,-20.3
M4_in_h2_W5,2025-09-14,-1.7599999999999925,-0.5999999999999992
M4_in_h2_W5,2025-09-15,-0.5199999999999978,-0.3000000000000007
M4_in_h2_W5,2025-09-18,-1.8699999999999974,-1.7000000000000002
M4_in_h2_W5,2025-09-19,-1.1499999999999995,-0.9500000000000002
M4_in_h2_W5,2025-09-20,-19.40999999999999,-15.549999999999995
M4_in_h2_W5,2025-09-21,-3.8199999999999976,-2.6000000000000028
M4_in_h2_W5,2025-09-22,-0.13000000000000078,-0.04999999999999982
M4_in_h2_W5,2025-09-25,-1.089999999999998,-0.9000000000000004
M4_in_h2_W5,2025-09-26,-0.029999999999999583,0.2499999999999989
M4_in_h2_W5,2025-09-27,-24.159999999999975,-20.050000000000004
M4_in_h2_W5,2025-09-28,-2.9099999999999913,-1.7500000000000022
M4_in_h2_W5,2025-09-29,-1.1399999999999992,-0.9499999999999997
M4_in_h2_W5,2025-10-02,-1.1399999999999975,-0.899999999999999
M4_in_h2_W5,2025-10-03,-0.8099999999999998,-0.5000000000000033
M4_in_h2_W5,2025-10-04,-16.619999999999983,-13.1
M4_in_h2_W5,2025-10-05,-1.0899999999999983,-6.661338147750939e-16
M4_in_h2_W5,2025-10-06,0.22000000000000064,0.3000000000000007
M4_in_h2_W5,2025-10-08,-2.5099999999999985,-2.2999999999999994
M4_in_h2_W5,2025-10-09,-0.3299999999999992,0.1499999999999999
M4_in_h2_W5,2025-10-10,-0.23999999999999866,0.10000000000000142
M4_in_h2_W5,2025-10-11,-22.91999999999998,-19.299999999999997
M4_in_h2_W5,2025-10-12,-0.8699999999999951,0.2000000000000005
M4_in_h2_W5,2025-10-13,-0.13000000000000078,0.10000000000000053
M4_in_h2_W5,2025-10-14,-0.9399999999999977,-0.7000000000000011
M4_in_h2_W5,2025-10-15,-1.0599999999999987,-0.8499999999999996
M4_in_h2_W5,2025-10-16,0.129999999999999,0.25
M4_in_h2_W5,2025-10-17,-1.5099999999999996,-1.150000000000001
M4_in_h2_W5,2025-10-18,-20.749999999999975,-16.599999999999998
M4_in_h2_W5,2025-10-19,-5.599999999999995,-4.450000000000001
M4_in_h2_W5,2025-10-20,-0.060000000000000275,0.09999999999999898
M4_in_h2_W5,2025-10-21,-1.4800000000000013,-1.300000000000002
M4_in_h2_W5,2025-10-22,-0.8299999999999982,-0.6499999999999994
M4_in_h2_W5,2025-10-23,-0.7999999999999987,-0.6500000000000001
M4_in_h2_W5,2025-10-24,1.1300000000000026,1.299999999999999
M4_in_h2_W5,2025-10-25,-21.359999999999985,-17.85
M4_in_h2_W5,2025-10-26,-2.099999999999997,-1.1500000000000035
M4_in_h2_W5,2025-10-27,-0.22999999999999954,-0.15000000000000036
M4_in_h2_W5,2025-10-28,0.3300000000000014,0.45000000000000107
M4_in_h2_W5,2025-10-29,-0.259999999999998,-0.05000000000000071
M4_in_h2_W5,2025-10-30,-0.5499999999999998,-0.30000000000000204
M4_in_h2_W5,2025-10-31,-0.24999999999999994,-0.10000000000000092
M4_in_h2_W5,2025-11-01,-13.619999999999989,-10.050000000000002
M4_in_h2_W5,2025-11-02,-6.56999999999999,-5.499999999999999
M4_in_h2_W5,2025-11-03,-0.01999999999999913,0.0999999999999992
M4_in_h2_W5,2025-11-04,-0.6599999999999997,-0.5000000000000013
M4_in_h2_W5,2025-11-05,-0.8800000000000004,-0.7500000000000008
M4_in_h2_W5,2025-11-06,-0.8899999999999963,-0.6000000000000001
M4_in_h2_W5,2025-11-07,-1.3999999999999988,-1.1000000000000008
M4_in_h2_W5,2025-11-08,-13.289999999999987,-10.000000000000004
M4_in_h2_W5,2025-11-09,-5.249999999999996,-4.299999999999995
M4_in_h2_W5,2025-11-10,0.23000000000000043,0.34999999999999787
M4_in_h2_W5,2025-11-11,0.44000000000000083,0.6499999999999999
M4_in_h2_W5,2025-11-12,-1.0999999999999976,-0.8500000000000001
M4_in_h2_W5,2025-11-13,-0.03999999999999759,0.10000000000000098
M4_in_h2_W5,2025-11-14,0.08000000000000007,0.1999999999999993
M4_in_h2_W5,2025-11-15,-17.879999999999985,-14.099999999999989
M4_in_h2_W5,2025-11-16,-4.399999999999995,-3.1000000000000014
M4_in_h2_W5,2025-11-17,0.129999999999999,0.24999999999999822
M4_in_h2_W5,2025-11-18,-0.029999999999997334,0.25000000000000067
M4_in_h2_W5,2025-11-19,-1.2400000000000002,-1.0500000000000007
M4_in_h2_W5,2025-11-20,-0.16000000000000014,-1.7763568394002505e-15
M4_in_h2_W5,2025-11-21,0.18000000000000238,0.40000000000000036
M4_in_h2_W5,2025-11-22,-18.78999999999998,-14.900000000000006
M4_in_h2_W5,2025-11-23,-5.929999999999993,-4.900000000000004
M4_in_h2_W5,2025-11-24,0.08000000000000085,0.15000000000000002
M4_in_h2_W5,2025-11-25,-0.11999999999999922,1.7763568394002505e-15
M4_in_h2_W5,2025-11-27,-0.7699999999999974,-0.39999999999999813
M4_in_h2_W5,2025-11-28,-2.2699999999999942,-1.0500000000000018
M4_in_h2_W5,2025-11-29,-15.289999999999992,-11.35
M4_in_h2_W5,2025-11-30,-1.849999999999994,-0.8500000000000034
M4_in_h2_W5,2025-12-01,-0.08999999999999986,-0.05000000000000071
M4_in_h2_W5,2025-12-04,0.1499999999999997,0.25000000000000044
M4_in_h2_W5,2025-12-05,-1.7499999999999962,-1.3999999999999981
M4_in_h2_W5,2025-12-06,-0.6799999999999984,-0.15000000000000058
M4_in_h2_W5,2025-12-07,-3.339999999999998,-2.2000000000000037
M4_in_h2_W5,2025-12-08,0.18000000000000083,0.30000000000000027
M4_in_h2_W5,2025-12-11,0.3200000000000003,0.40000000000000036
M4_in_h2_W5,2025-12-13,-0.8799999999999968,-0.6000000000000001
M4_in_h2_W5,2025-12-14,-4.85999999999999,-3.799999999999996
M4_in_h2_W5,2025-12-15,-0.34999999999999987,-0.25
M4_in_h2_W5,2025-12-16,0.22000000000000042,0.2999999999999996
M4_in_h2_W5,2025-12-17,-1.4399999999999977,-1.1999999999999993
M4_in_h2_W5,2025-12-18,-0.9299999999999986,-0.7500000000000004
M4_in_h2_W5,2025-12-19,-3.0999999999999988,-2.8999999999999986
M4_in_h2_W5,2025-12-20,-0.5500000000000018,-0.15000000000000102
M4_in_h2_W5,2025-12-21,-2.3199999999999936,-1.200000000000002
M4_in_h2_W5,2025-12-22,-1.25,-1.049999999999999
M4_in_h2_W5,2025-12-23,-1.1600000000000001,-0.8999999999999986
M4_in_h2_W5,2025-12-24,0.09000000000000119,0.19999999999999973
M4_in_h2_W5,2025-12-25,-0.23999999999999777,1.5543122344752192e-15
M4_in_h2_W5,2025-12-26,-2.359999999999999,-2.0500000000000003
M4_in_h2_W5,2025-12-27,-1.6999999999999986,-0.7500000000000002
M4_in_h2_W5,2025-12-28,-1.929999999999996,-1.0500000000000025
M4_in_h2_W5,2025-12-29,0.24000000000000143,0.40000000000000047
M4_in_h2_W5,2025-12-30,0.1399999999999979,0.3999999999999986
M4_in_h2_W5,2025-12-31,-2.409999999999999,-1.9000000000000015
M4_in_h2_W5,2026-01-01,-1.459999999999997,-1.1499999999999981
M4_in_h2_W5,2026-01-02,0.05000000000000032,0.40000000000000063
M4_in_h2_W5,2026-01-03,-1.6199999999999992,-1.4499999999999993
M4_in_h2_W5,2026-01-04,-2.0399999999999965,-1.0499999999999985
M4_in_h2_W5,2026-01-08,-0.5899999999999999,-0.5
M4_in_h2_W5,2026-01-09,-0.8999999999999995,-0.8000000000000003
M4_in_h2_W5,2026-01-10,-0.599999999999999,-0.4500000000000009
M4_in_h2_W5,2026-01-11,-1.759999999999998,-1.450000000000001
M4_in_h2_W5,2026-01-12,0.17999999999999972,0.3000000000000007
M4_in_h2_W5,2026-01-17,-1.149999999999999,-0.9500000000000006
M4_in_h2_W5,2026-01-18,-0.32000000000000006,-0.1499999999999999
M4_in_h2_W15,2025-09-08,0.09999999999999964,0.20000000000000107
M4_in_h2_W15,2025-09-11,-1.6099999999999977,-1.3999999999999986
M4_in_h2_W15,2025-09-12,-0.25000000000000044,0.049999999999998934
M4_in_h2_W15,2025-09-13,-20.269999999999985,-16.950000000000003
M4_in_h2_W15,2025-09-14,-2.649999999999996,-1.500000000000003
M4_in_h2_W15,2025-09-15,0.1899999999999995,0.40000000000000036
M4_in_h2_W15,2025-09-18,-1.359999999999999,-1.2000000000000017
M4_in_h2_W15,2025-09-19,-0.17000000000000126,0.04999999999999938
M4_in_h2_W15,2025-09-20,-24.169999999999987,-20.550000000000004
M4_in_h2_W15,2025-09-21,-1.8899999999999946,-0.700000000000003
M4_in_h2_W15,2025-09-22,0.20000000000000018,0.2999999999999998
M4_in_h2_W15,2025-09-25,-1.42,-1.25
M4_in_h2_W15,2025-09-26,0.680000000000001,0.9999999999999996
M4_in_h2_W15,2025-09-27,-26.75999999999998,-22.800000000000004
M4_in_h2_W15,2025-09-28,-3.7399999999999953,-2.6000000000000014
M4_in_h2_W15,2025-09-29,-1.0199999999999998,-0.8499999999999999
M4_in_h2_W15,2025-10-02,-1.2799999999999983,-1.0500000000000003
M4_in_h2_W15,2025-10-03,-1.590000000000001,-1.3000000000000016
M4_in_h2_W15,2025-10-04,-17.959999999999994,-14.650000000000007
M4_in_h2_W15,2025-10-05,-3.5199999999999987,-2.4999999999999996
M4_in_h2_W15,2025-10-06,0.21999999999999975,0.3000000000000007
M4_in_h2_W15,2025-10-08,-1.7499999999999973,-1.549999999999999
M4_in_h2_W15,2025-10-09,-2.049999999999999,-1.6000000000000025
M4_in_h2_W15,2025-10-10,-0.18999999999999995,0.15000000000000124
M4_in_h2_W15,2025-10-11,-15.63999999999998,-12.099999999999993
M4_in_h2_W15,2025-10-12,-2.559999999999997,-1.5000000000000022
M4_in_h2_W15,2025-10-13,0.31000000000000005,0.5500000000000012
M4_in_h2_W15,2025-10-14,-1.6999999999999993,-1.4499999999999988
M4_in_h2_W15,2025-10-15,-1.8099999999999987,-1.6000000000000014
M4_in_h2_W15,2025-10-16,-1.179999999999998,-1.0499999999999972
M4_in_h2_W15,2025-10-17,-1.2199999999999989,-0.8500000000000006
M4_in_h2_W15,2025-10-18,-20.279999999999987,-16.149999999999988
M4_in_h2_W15,2025-10-19,-4.209999999999993,-3.0500000000000007
M4_in_h2_W15,2025-10-20,0.38999999999999946,0.5500000000000005
M4_in_h2_W15,2025-10-21,-1.2299999999999986,-1.0500000000000007
M4_in_h2_W15,2025-10-22,-1.2899999999999991,-1.0999999999999988
M4_in_h2_W15,2025-10-23,0.7500000000000001,0.9000000000000002
M4_in_h2_W15,2025-10-24,1.18,1.349999999999999
M4_in_h2_W15,2025-10-25,-22.79999999999998,-19.399999999999995
M4_in_h2_W15,2025-10-26,-3.7399999999999993,-2.799999999999998
M4_in_h2_W15,2025-10-27,0.2199999999999993,0.2999999999999994
M4_in_h2_W15,2025-10-28,0.15000000000000205,0.25000000000000033
M4_in_h2_W15,2025-10-29,0.8200000000000003,1.0500000000000007
M4_in_h2_W15,2025-10-30,-0.33999999999999986,-0.09999999999999964
M4_in_h2_W15,2025-10-31,-0.1399999999999989,3.3306690738754696e-16
M4_in_h2_W15,2025-11-01,-11.469999999999983,-7.899999999999999
M4_in_h2_W15,2025-11-02,-2.309999999999994,-1.2499999999999973
M4_in_h2_W15,2025-11-03,0.23000000000000043,0.34999999999999964
M4_in_h2_W15,2025-11-04,-0.11000000000000065,0.04999999999999927
M4_in_h2_W15,2025-11-05,-1.1200000000000006,-1.0
M4_in_h2_W15,2025-11-06,-0.7899999999999976,-0.5000000000000024
M4_in_h2_W15,2025-11-07,-2.3999999999999977,-2.100000000000003
M4_in_h2_W15,2025-11-08,-7.239999999999986,-3.999999999999998
M4_in_h2_W15,2025-11-09,-9.839999999999996,-8.9
M4_in_h2_W15,2025-11-10,0.23000000000000043,0.34999999999999964
M4_in_h2_W15,2025-11-11,-0.2099999999999982,8.881784197001252e-16
M4_in_h2_W15,2025-11-12,-0.7800000000000007,-0.5500000000000012
M4_in_h2_W15,2025-11-13,0.08000000000000107,0.19999999999999984
M4_in_h2_W15,2025-11-14,0.13000000000000078,0.25
M4_in_h2_W15,2025-11-15,-23.72999999999998,-20.1
M4_in_h2_W15,2025-11-16,-4.609999999999997,-3.3499999999999996
M4_in_h2_W15,2025-11-17,0.08000000000000007,0.1999999999999993
M4_in_h2_W15,2025-11-18,-0.42999999999999594,-0.1499999999999979
M4_in_h2_W15,2025-11-19,-0.47000000000000064,-0.3000000000000007
M4_in_h2_W15,2025-11-20,0.04000000000000048,0.19999999999999885
M4_in_h2_W15,2025-11-21,0.2700000000000018,0.49999999999999956
M4_in_h2_W15,2025-11-22,-20.319999999999997,-16.550000000000008
M4_in_h2_W15,2025-11-23,-5.879999999999999,-4.899999999999999
M4_in_h2_W15,2025-11-24,-0.26999999999999924,-0.20000000000000007
M4_in_h2_W15,2025-11-25,0.0600000000000005,0.1999999999999993
M4_in_h2_W15,2025-11-27,-1.620000000000001,-1.2500000000000036
M4_in_h2_W15,2025-11-28,-0.7499999999999892,0.49999999999999833
M4_in_h2_W15,2025-11-29,-18.409999999999986,-14.55
M4_in_h2_W15,2025-11-30,0.12000000000000055,1.0999999999999983
M4_in_h2_W15,2025-12-01,-0.08999999999999986,-0.05000000000000071
M4_in_h2_W15,2025-12-04,-0.10000000000000031,4.440892098500626e-16
M4_in_h2_W15,2025-12-05,-1.8699999999999988,-1.549999999999998
M4_in_h2_W15,2025-12-06,-2.0699999999999967,-1.549999999999999
M4_in_h2_W15,2025-12-07,-2.009999999999996,-0.9000000000000024
M4_in_h2_W15,2025-12-08,0.18000000000000038,0.3000000000000007
M4_in_h2_W15,2025-12-11,-0.33000000000000007,-0.25
M4_in_h2_W15,2025-12-13,0.34999999999999987,0.6500000000000015
M4_in_h2_W15,2025-12-14,-5.469999999999993,-4.449999999999995
M4_in_h2_W15,2025-12-15,-0.15999999999999925,-0.05000000000000071
M4_in_h2_W15,2025-12-16,0.3699999999999999,0.44999999999999996
M4_in_h2_W15,2025-12-17,-0.4899999999999973,-0.24999999999999867
M4_in_h2_W15,2025-12-18,-2.1899999999999986,-1.9999999999999991
M4_in_h2_W15,2025-12-19,-2.6099999999999994,-2.45
M4_in_h2_W15,2025-12-20,-0.14999999999999986,0.24999999999999828
M4_in_h2_W15,2025-12-21,-2.489999999999997,-1.400000000000003
M4_in_h2_W15,2025-12-22,-0.39000000000000057,-0.20000000000000107
M4_in_h2_W15,2025-12-23,-1.0599999999999996,-0.8000000000000007
M4_in_h2_W15,2025-12-24,-0.8899999999999992,-0.7999999999999998
M4_in_h2_W15,2025-12-25,-1.8899999999999997,-1.6500000000000004
M4_in_h2_W15,2025-12-26,-1.859999999999999,-1.5499999999999994
M4_in_h2_W15,2025-12-27,-1.0899999999999974,-0.1499999999999997
M4_in_h2_W15,2025-12-28,-2.2199999999999953,-1.3499999999999972
M4_in_h2_W15,2025-12-29,0.3800000000000021,0.5500000000000003
M4_in_h2_W15,2025-12-30,-0.6800000000000013,-0.39999999999999947
M4_in_h2_W15,2025-12-31,-2.759999999999998,-2.249999999999999
M4_in_h2_W15,2026-01-01,-1.2699999999999974,-0.9500000000000004
M4_in_h2_W15,2026-01-02,-0.8799999999999983,-0.550000000000002
M4_in_h2_W15,2026-01-03,0.28000000000000114,0.4499999999999993
M4_in_h2_W15,2026-01-04,-0.5699999999999961,0.45000000000000573
M4_in_h2_W15,2026-01-08,-0.1999999999999993,-0.09999999999999964
M4_in_h2_W15,2026-01-09,-1.3299999999999994,-1.25
M4_in_h2_W15,2026-01-10,0.1500000000000009,0.3000000000000008
M4_in_h2_W15,2026-01-11,-0.6699999999999999,-0.34999999999999964
M4_in_h2_W15,2026-01-12,0.17999999999999972,0.29999999999999893
M4_in_h2_W15,2026-01-17,-1.149999999999999,-0.9500000000000015
M4_in_h2_W15,2026-01-18,-1.1499999999999986,-0.9499999999999988
WF-M1,2025-09-08,0.0,0.0
WF-M1,2025-09-11,0.0,0.0
WF-M1,2025-09-12,0.0,0.0
WF-M1,2025-09-13,-2.55,-2.5
WF-M1,2025-09-14,0.0,0.0
WF-M1,2025-09-15,0.0,0.0
WF-M1,2025-09-18,0.0,0.0
WF-M1,2025-09-19,0.0,0.0
WF-M1,2025-09-20,1.8799999999999992,1.9499999999999993
WF-M1,2025-09-21,-3.9200000000000004,-3.9000000000000004
WF-M1,2025-09-22,0.0,0.0
WF-M1,2025-09-25,0.0,0.0
WF-M1,2025-09-26,0.0,0.0
WF-M1,2025-09-27,1.7200000000000009,1.8000000000000007
WF-M1,2025-09-28,2.8200000000000003,2.85
WF-M1,2025-09-29,0.0,0.0
WF-M1,2025-10-02,0.0,0.0
WF-M1,2025-10-03,0.0,0.0
WF-M1,2025-10-04,0.0,0.0
WF-M1,2025-10-05,0.0,0.0
WF-M1,2025-10-06,0.0,0.0
WF-M1,2025-10-08,0.0,0.0
WF-M1,2025-10-09,0.0,0.0
WF-M1,2025-10-10,0.0,0.0
WF-M1,2025-10-11,-5.13,-5.05
WF-M1,2025-10-12,0.0,0.0
WF-M1,2025-10-13,0.0,0.0
WF-M1,2025-10-14,0.0,0.0
WF-M1,2025-10-15,0.0,0.0
WF-M1,2025-10-16,0.0,0.0
WF-M1,2025-10-17,0.0,0.0
WF-M1,2025-10-18,4.130000000000001,4.25
WF-M1,2025-10-19,0.0,0.0
WF-M1,2025-10-20,0.0,0.0
WF-M1,2025-10-21,0.0,0.0
WF-M1,2025-10-22,0.0,0.0
WF-M1,2025-10-23,0.0,0.0
WF-M1,2025-10-24,0.0,0.0
WF-M1,2025-10-25,2.72,2.75
WF-M1,2025-10-26,0.0,0.0
WF-M1,2025-10-27,0.0,0.0
WF-M1,2025-10-28,0.0,0.0
WF-M1,2025-10-29,0.0,0.0
WF-M1,2025-10-30,0.0,0.0
WF-M1,2025-10-31,0.0,0.0
WF-M1,2025-11-01,0.0,0.0
WF-M1,2025-11-02,0.0,0.0
WF-M1,2025-11-03,0.0,0.0
WF-M1,2025-11-04,0.0,0.0
WF-M1,2025-11-05,0.0,0.0
WF-M1,2025-11-06,0.0,0.0
WF-M1,2025-11-07,0.0,0.0
WF-M1,2025-11-08,-4.25,-4.2
WF-M1,2025-11-09,0.0,0.0
WF-M1,2025-11-10,0.0,0.0
WF-M1,2025-11-11,0.0,0.0
WF-M1,2025-11-12,-1.6700000000000002,-1.6500000000000001
WF-M1,2025-11-13,0.0,0.0
WF-M1,2025-11-14,0.0,0.0
WF-M1,2025-11-15,-0.8599999999999999,-0.8000000000000003
WF-M1,2025-11-16,0.0,0.0
WF-M1,2025-11-17,0.0,0.0
WF-M1,2025-11-18,-5.56,-5.5
WF-M1,2025-11-19,0.0,0.0
WF-M1,2025-11-20,0.0,0.0
WF-M1,2025-11-21,0.0,0.0
WF-M1,2025-11-22,-3.3199999999999967,-3.149999999999999
WF-M1,2025-11-23,0.40000000000000036,0.4500000000000002
WF-M1,2025-11-24,0.0,0.0
WF-M1,2025-11-25,0.0,0.0
WF-M1,2025-11-27,0.0,0.0
WF-M1,2025-11-28,-0.66,-0.65
WF-M1,2025-11-29,0.0,0.0
WF-M1,2025-11-30,-1.73,-1.6499999999999995
WF-M1,2025-12-01,0.0,0.0
WF-M1,2025-12-04,0.0,0.0
WF-M1,2025-12-05,0.0,0.0
WF-M1,2025-12-06,0.0,0.0
WF-M1,2025-12-07,0.0,0.0
WF-M1,2025-12-08,0.0,0.0
WF-M1,2025-12-11,0.0,0.0
WF-M1,2025-12-13,5.44,5.5
WF-M1,2025-12-14,0.0,0.0
WF-M1,2025-12-15,0.0,0.0
WF-M1,2025-12-16,0.0,0.0
WF-M1,2025-12-17,0.0,0.0
WF-M1,2025-12-18,0.0,0.0
WF-M1,2025-12-19,0.0,0.0
WF-M1,2025-12-20,0.0,0.0
WF-M1,2025-12-21,0.0,0.0
WF-M1,2025-12-22,2.5700000000000003,2.6
WF-M1,2025-12-23,0.0,0.0
WF-M1,2025-12-24,0.0,0.0
WF-M1,2025-12-25,0.0,0.0
WF-M1,2025-12-26,0.0,0.0
WF-M1,2025-12-27,-4.09,-4.0
WF-M1,2025-12-28,0.0,0.0
WF-M1,2025-12-29,0.0,0.0
WF-M1,2025-12-30,0.0,0.0
WF-M1,2025-12-31,0.0,0.0
WF-M1,2026-01-01,0.0,0.0
WF-M1,2026-01-02,0.0,0.0
WF-M1,2026-01-03,0.0,0.0
WF-M1,2026-01-04,-5.92,-5.8500000000000005
WF-M1,2026-01-08,0.0,0.0
WF-M1,2026-01-09,0.0,0.0
WF-M1,2026-01-10,0.0,0.0
WF-M1,2026-01-11,0.0,0.0
WF-M1,2026-01-12,0.0,0.0
WF-M1,2026-01-17,0.0,0.0
WF-M1,2026-01-18,0.0,0.0
WF-M2,2025-09-08,0.0,0.0
WF-M2,2025-09-11,0.0,0.0
WF-M2,2025-09-12,0.0,0.0
WF-M2,2025-09-13,0.0,0.0
WF-M2,2025-09-14,0.0,0.0
WF-M2,2025-09-15,0.0,0.0
WF-M2,2025-09-18,0.0,0.0
WF-M2,2025-09-19,0.0,0.0
WF-M2,2025-09-20,0.0,0.0
WF-M2,2025-09-21,0.0,0.0
WF-M2,2025-09-22,0.0,0.0
WF-M2,2025-09-25,0.0,0.0
WF-M2,2025-09-26,0.0,0.0
WF-M2,2025-09-27,0.0,0.0
WF-M2,2025-09-28,0.0,0.0
WF-M2,2025-09-29,0.0,0.0
WF-M2,2025-10-02,0.0,0.0
WF-M2,2025-10-03,0.0,0.0
WF-M2,2025-10-04,0.0,0.0
WF-M2,2025-10-05,0.0,0.0
WF-M2,2025-10-06,0.0,0.0
WF-M2,2025-10-08,0.0,0.0
WF-M2,2025-10-09,0.0,0.0
WF-M2,2025-10-10,0.0,0.0
WF-M2,2025-10-11,0.0,0.0
WF-M2,2025-10-12,0.0,0.0
WF-M2,2025-10-13,0.0,0.0
WF-M2,2025-10-14,0.0,0.0
WF-M2,2025-10-15,0.0,0.0
WF-M2,2025-10-16,0.0,0.0
WF-M2,2025-10-17,0.0,0.0
WF-M2,2025-10-18,0.0,0.0
WF-M2,2025-10-19,0.0,0.0
WF-M2,2025-10-20,0.0,0.0
WF-M2,2025-10-21,0.0,0.0
WF-M2,2025-10-22,0.0,0.0
WF-M2,2025-10-23,0.0,0.0
WF-M2,2025-10-24,0.0,0.0
WF-M2,2025-10-25,0.0,0.0
WF-M2,2025-10-26,0.0,0.0
WF-M2,2025-10-27,0.0,0.0
WF-M2,2025-10-28,0.0,0.0
WF-M2,2025-10-29,0.0,0.0
WF-M2,2025-10-30,0.0,0.0
WF-M2,2025-10-31,0.0,0.0
WF-M2,2025-11-01,0.0,0.0
WF-M2,2025-11-02,0.0,0.0
WF-M2,2025-11-03,0.0,0.0
WF-M2,2025-11-04,0.0,0.0
WF-M2,2025-11-05,0.0,0.0
WF-M2,2025-11-06,0.0,0.0
WF-M2,2025-11-07,0.0,0.0
WF-M2,2025-11-08,0.0,0.0
WF-M2,2025-11-09,0.0,0.0
WF-M2,2025-11-10,0.0,0.0
WF-M2,2025-11-11,0.0,0.0
WF-M2,2025-11-12,0.0,0.0
WF-M2,2025-11-13,0.0,0.0
WF-M2,2025-11-14,0.0,0.0
WF-M2,2025-11-15,0.0,0.0
WF-M2,2025-11-16,0.0,0.0
WF-M2,2025-11-17,0.0,0.0
WF-M2,2025-11-18,0.0,0.0
WF-M2,2025-11-19,0.0,0.0
WF-M2,2025-11-20,0.0,0.0
WF-M2,2025-11-21,0.0,0.0
WF-M2,2025-11-22,0.0,0.0
WF-M2,2025-11-23,0.0,0.0
WF-M2,2025-11-24,0.0,0.0
WF-M2,2025-11-25,0.0,0.0
WF-M2,2025-11-27,0.0,0.0
WF-M2,2025-11-28,0.0,0.0
WF-M2,2025-11-29,0.0,0.0
WF-M2,2025-11-30,0.0,0.0
WF-M2,2025-12-01,0.0,0.0
WF-M2,2025-12-04,0.0,0.0
WF-M2,2025-12-05,0.0,0.0
WF-M2,2025-12-06,0.0,0.0
WF-M2,2025-12-07,0.0,0.0
WF-M2,2025-12-08,0.0,0.0
WF-M2,2025-12-11,0.0,0.0
WF-M2,2025-12-13,0.0,0.0
WF-M2,2025-12-14,0.0,0.0
WF-M2,2025-12-15,0.0,0.0
WF-M2,2025-12-16,0.0,0.0
WF-M2,2025-12-17,0.0,0.0
WF-M2,2025-12-18,0.0,0.0
WF-M2,2025-12-19,0.0,0.0
WF-M2,2025-12-20,0.0,0.0
WF-M2,2025-12-21,0.0,0.0
WF-M2,2025-12-22,0.0,0.0
WF-M2,2025-12-23,0.0,0.0
WF-M2,2025-12-24,0.0,0.0
WF-M2,2025-12-25,0.0,0.0
WF-M2,2025-12-26,0.0,0.0
WF-M2,2025-12-27,0.0,0.0
WF-M2,2025-12-28,0.0,0.0
WF-M2,2025-12-29,0.0,0.0
WF-M2,2025-12-30,0.0,0.0
WF-M2,2025-12-31,0.0,0.0
WF-M2,2026-01-01,0.0,0.0
WF-M2,2026-01-02,0.0,0.0
WF-M2,2026-01-03,0.0,0.0
WF-M2,2026-01-04,0.0,0.0
WF-M2,2026-01-08,0.0,0.0
WF-M2,2026-01-09,0.0,0.0
WF-M2,2026-01-10,0.0,0.0
WF-M2,2026-01-11,0.0,0.0
WF-M2,2026-01-12,0.0,0.0
WF-M2,2026-01-17,0.0,0.0
WF-M2,2026-01-18,0.0,0.0
WF-M3,2025-09-08,0.0,0.0
WF-M3,2025-09-11,0.0,0.0
WF-M3,2025-09-12,0.4200000000000017,0.45000000000000107
WF-M3,2025-09-13,2.1900000000000013,2.25
WF-M3,2025-09-14,0.0,0.0
WF-M3,2025-09-15,0.0,0.0
WF-M3,2025-09-18,0.0,0.0
WF-M3,2025-09-19,0.0,0.0
WF-M3,2025-09-20,0.9200000000000008,0.9500000000000002
WF-M3,2025-09-21,0.0,0.0
WF-M3,2025-09-22,0.0,0.0
WF-M3,2025-09-25,0.0,0.0
WF-M3,2025-09-26,0.0,0.0
WF-M3,2025-09-27,0.0,0.0
WF-M3,2025-09-28,0.0,0.0
WF-M3,2025-09-29,0.0,0.0
WF-M3,2025-10-02,0.0,0.0
WF-M3,2025-10-03,0.0,0.0
WF-M3,2025-10-04,-3.7399999999999975,-3.6999999999999984
WF-M3,2025-10-05,0.0,0.0
WF-M3,2025-10-06,0.0,0.0
WF-M3,2025-10-08,0.0,0.0
WF-M3,2025-10-09,0.0,0.0
WF-M3,2025-10-10,0.0,0.0
WF-M3,2025-10-11,0.5800000000000018,0.6000000000000014
WF-M3,2025-10-12,0.0,0.0
WF-M3,2025-10-13,0.0,0.0
WF-M3,2025-10-14,0.0,0.0
WF-M3,2025-10-15,0.0,0.0
WF-M3,2025-10-16,0.0,0.0
WF-M3,2025-10-17,0.0,0.0
WF-M3,2025-10-18,-8.33,-8.3
WF-M3,2025-10-19,1.3600000000000012,1.4000000000000004
WF-M3,2025-10-20,0.0,0.0
WF-M3,2025-10-21,0.0,0.0
WF-M3,2025-10-22,0.0,0.0
WF-M3,2025-10-23,0.0,0.0
WF-M3,2025-10-24,0.0,0.0
WF-M3,2025-10-25,2.670000000000001,2.749999999999999
WF-M3,2025-10-26,0.0,0.0
WF-M3,2025-10-27,0.0,0.0
WF-M3,2025-10-28,0.0,0.0
WF-M3,2025-10-29,0.0,0.0
WF-M3,2025-10-30,0.0,0.0
WF-M3,2025-10-31,0.5899999999999999,0.5999999999999996
WF-M3,2025-11-01,-4.46,-4.45
WF-M3,2025-11-02,0.0,0.0
WF-M3,2025-11-03,0.0,0.0
WF-M3,2025-11-04,0.0,0.0
WF-M3,2025-11-05,1.4600000000000009,1.5
WF-M3,2025-11-06,0.0,0.0
WF-M3,2025-11-07,0.0,0.0
WF-M3,2025-11-08,0.1900000000000004,0.20000000000000018
WF-M3,2025-11-09,0.0,0.0
WF-M3,2025-11-10,0.0,0.0
WF-M3,2025-11-11,0.0,0.0
WF-M3,2025-11-12,0.0,0.0
WF-M3,2025-11-13,0.0,0.0
WF-M3,2025-11-14,0.2400000000000002,0.25
WF-M3,2025-11-15,0.0,0.0
WF-M3,2025-11-16,0.0,0.0
WF-M3,2025-11-17,0.0,0.0
WF-M3,2025-11-18,0.0,0.0
WF-M3,2025-11-19,0.0,0.0
WF-M3,2025-11-20,0.0,0.0
WF-M3,2025-11-21,0.0,0.0
WF-M3,2025-11-22,1.990000000000002,2.0500000000000007
WF-M3,2025-11-23,0.0,0.0
WF-M3,2025-11-24,0.0,0.0
WF-M3,2025-11-25,0.0,0.0
WF-M3,2025-11-27,0.0,0.0
WF-M3,2025-11-28,1.0700000000000003,1.0999999999999996
WF-M3,2025-11-29,1.08,1.0999999999999996
WF-M3,2025-11-30,0.0,0.0
WF-M3,2025-12-01,0.0,0.0
WF-M3,2025-12-04,0.0,0.0
WF-M3,2025-12-05,0.0,0.0
WF-M3,2025-12-06,0.0,0.0
WF-M3,2025-12-07,0.0,0.0
WF-M3,2025-12-08,0.0,0.0
WF-M3,2025-12-11,0.0,0.0
WF-M3,2025-12-13,0.0,0.0
WF-M3,2025-12-14,2.6000000000000014,2.650000000000002
WF-M3,2025-12-15,0.0,0.0
WF-M3,2025-12-16,0.0,0.0
WF-M3,2025-12-17,0.0,0.0
WF-M3,2025-12-18,0.0,0.0
WF-M3,2025-12-19,0.0,0.0
WF-M3,2025-12-20,0.3899999999999997,0.39999999999999947
WF-M3,2025-12-21,0.0,0.0
WF-M3,2025-12-22,0.0,0.0
WF-M3,2025-12-23,0.0,0.0
WF-M3,2025-12-24,0.0,0.0
WF-M3,2025-12-25,0.6400000000000006,0.6500000000000004
WF-M3,2025-12-26,0.0,0.0
WF-M3,2025-12-27,0.0,0.0
WF-M3,2025-12-28,0.0,0.0
WF-M3,2025-12-29,0.0,0.0
WF-M3,2025-12-30,0.0,0.0
WF-M3,2025-12-31,0.0,0.0
WF-M3,2026-01-01,0.0,0.0
WF-M3,2026-01-02,0.0,0.0
WF-M3,2026-01-03,0.0,0.0
WF-M3,2026-01-04,1.9000000000000012,1.9500000000000002
WF-M3,2026-01-08,0.0,0.0
WF-M3,2026-01-09,0.0,0.0
WF-M3,2026-01-10,0.0,0.0
WF-M3,2026-01-11,0.0,0.0
WF-M3,2026-01-12,0.0,0.0
WF-M3,2026-01-17,0.0,0.0
WF-M3,2026-01-18,0.0,0.0
WF-M4,2025-09-08,0.0,0.0
WF-M4,2025-09-11,0.0,0.0
WF-M4,2025-09-12,0.0,0.0
WF-M4,2025-09-13,-0.3000000000000002,-0.25000000000000017
WF-M4,2025-09-14,3.23,3.25
WF-M4,2025-09-15,0.0,0.0
WF-M4,2025-09-18,0.0,0.0
WF-M4,2025-09-19,0.0,0.0
WF-M4,2025-09-20,4.19,4.25
WF-M4,2025-09-21,-0.9799999999999995,-0.8999999999999999
WF-M4,2025-09-22,0.0,0.0
WF-M4,2025-09-25,0.0,0.0
WF-M4,2025-09-26,0.0,0.0
WF-M4,2025-09-27,4.850000000000001,4.950000000000001
WF-M4,2025-09-28,0.0,0.0
WF-M4,2025-09-29,0.0,0.0
WF-M4,2025-10-02,0.0,0.0
WF-M4,2025-10-03,-2.78,-2.75
WF-M4,2025-10-04,1.9200000000000004,1.9500000000000002
WF-M4,2025-10-05,0.39000000000000057,0.4500000000000002
WF-M4,2025-10-06,0.0,0.0
WF-M4,2025-10-08,-4.51,-4.45
WF-M4,2025-10-09,0.0,0.0
WF-M4,2025-10-10,0.0,0.0
WF-M4,2025-10-11,-2.7599999999999993,-2.65
WF-M4,2025-10-12,0.0,0.0
WF-M4,2025-10-13,0.0,0.0
WF-M4,2025-10-14,0.0,0.0
WF-M4,2025-10-15,-2.1799999999999997,-2.15
WF-M4,2025-10-16,0.0,0.0
WF-M4,2025-10-17,-3.4699999999999998,-3.4499999999999997
WF-M4,2025-10-18,-5.5699999999999985,-5.449999999999999
WF-M4,2025-10-19,1.4300000000000002,1.4500000000000002
WF-M4,2025-10-20,0.0,0.0
WF-M4,2025-10-21,0.0,0.0
WF-M4,2025-10-22,0.0,0.0
WF-M4,2025-10-23,0.0,0.0
WF-M4,2025-10-24,0.0,0.0
WF-M4,2025-10-25,2.72,2.75
WF-M4,2025-10-26,0.0,0.0
WF-M4,2025-10-27,0.0,0.0
WF-M4,2025-10-28,0.0,0.0
WF-M4,2025-10-29,0.0,0.0
WF-M4,2025-10-30,0.0,0.0
WF-M4,2025-10-31,0.0,0.0
WF-M4,2025-11-01,0.0,0.0
WF-M4,2025-11-02,0.0,0.0
WF-M4,2025-11-03,0.0,0.0
WF-M4,2025-11-04,0.0,0.0
WF-M4,2025-11-05,0.0,0.0
WF-M4,2025-11-06,0.0,0.0
WF-M4,2025-11-07,0.0,0.0
WF-M4,2025-11-08,-4.25,-4.2
WF-M4,2025-11-09,0.0,0.0
WF-M4,2025-11-10,0.0,0.0
WF-M4,2025-11-11,0.0,0.0
WF-M4,2025-11-12,-1.6700000000000002,-1.6500000000000001
WF-M4,2025-11-13,0.0,0.0
WF-M4,2025-11-14,0.0,0.0
WF-M4,2025-11-15,-0.8599999999999999,-0.8000000000000003
WF-M4,2025-11-16,0.0,0.0
WF-M4,2025-11-17,0.0,0.0
WF-M4,2025-11-18,-5.56,-5.5
WF-M4,2025-11-19,0.0,0.0
WF-M4,2025-11-20,0.0,0.0
WF-M4,2025-11-21,0.0,0.0
WF-M4,2025-11-22,-3.1799999999999975,-3.049999999999998
WF-M4,2025-11-23,0.40000000000000036,0.4500000000000002
WF-M4,2025-11-24,0.0,0.0
WF-M4,2025-11-25,0.0,0.0
WF-M4,2025-11-27,0.0,0.0
WF-M4,2025-11-28,-0.66,-0.65
WF-M4,2025-11-29,0.0,0.0
WF-M4,2025-11-30,-1.73,-1.6499999999999995
WF-M4,2025-12-01,0.0,0.0
WF-M4,2025-12-04,0.0,0.0
WF-M4,2025-12-05,0.0,0.0
WF-M4,2025-12-06,0.0,0.0
WF-M4,2025-12-07,0.0,0.0
WF-M4,2025-12-08,0.0,0.0
WF-M4,2025-12-11,0.0,0.0
WF-M4,2025-12-13,5.44,5.5
WF-M4,2025-12-14,0.0,0.0
WF-M4,2025-12-15,0.0,0.0
WF-M4,2025-12-16,0.0,0.0
WF-M4,2025-12-17,0.0,0.0
WF-M4,2025-12-18,0.0,0.0
WF-M4,2025-12-19,0.0,0.0
WF-M4,2025-12-20,0.0,0.0
WF-M4,2025-12-21,0.0,0.0
WF-M4,2025-12-22,2.5700000000000003,2.6
WF-M4,2025-12-23,0.0,0.0
WF-M4,2025-12-24,0.0,0.0
WF-M4,2025-12-25,0.0,0.0
WF-M4,2025-12-26,0.0,0.0
WF-M4,2025-12-27,-4.09,-4.0
WF-M4,2025-12-28,0.0,0.0
WF-M4,2025-12-29,0.0,0.0
WF-M4,2025-12-30,0.0,0.0
WF-M4,2025-12-31,0.0,0.0
WF-M4,2026-01-01,0.0,0.0
WF-M4,2026-01-02,0.0,0.0
WF-M4,2026-01-03,0.0,0.0
WF-M4,2026-01-04,-5.92,-5.8500000000000005
WF-M4,2026-01-08,0.0,0.0
WF-M4,2026-01-09,0.0,0.0
WF-M4,2026-01-10,0.0,0.0
WF-M4,2026-01-11,0.0,0.0
WF-M4,2026-01-12,0.0,0.0
WF-M4,2026-01-17,0.0,0.0
WF-M4,2026-01-18,0.0,0.0
