i,true_lead,real_lead,real_zero,real_rev,pl1,pl2,pl3,pl4,pl5
0,7,7.0,0.0,-7.0,-12.0,14.0,-12.0,12.0,10.0
1,4,4.0,0.0,-4.0,-9.0,0.0,-12.0,-9.0,-5.0
2,2,2.0,0.0,-2.0,-8.0,10.0,-9.0,-3.0,13.0
3,4,4.0,0.0,-4.0,-9.0,-3.0,-11.0,12.0,6.0
4,4,4.0,0.0,-4.0,-1.0,-6.0,-11.0,11.0,2.0
5,3,3.0,0.0,-3.0,13.0,5.0,1.0,5.0,5.0
6,4,4.0,0.0,-4.0,-7.0,-1.0,-2.0,4.0,-8.0
7,6,6.0,0.0,-6.0,-4.0,-12.0,7.0,13.0,6.0
8,5,5.0,0.0,-5.0,-12.0,1.0,7.0,-12.0,4.0
9,8,8.0,0.0,-8.0,-9.0,10.0,2.0,-3.0,13.0
10,7,7.0,0.0,-7.0,-12.0,8.0,-3.0,3.0,13.0
11,2,2.0,0.0,-2.0,-10.0,15.0,-13.0,-9.0,-9.0
12,4,4.0,0.0,-4.0,-2.0,8.0,-8.0,-6.0,0.0
13,6,6.0,0.0,-6.0,5.0,-11.0,0.0,4.0,9.0
14,9,9.0,0.0,-9.0,-11.0,-15.0,-11.0,-14.0,9.0
15,6,6.0,0.0,-6.0,5.0,7.0,8.0,-10.0,8.0
16,4,4.0,0.0,-4.0,-12.0,-3.0,0.0,8.0,-5.0
17,5,5.0,0.0,-5.0,6.0,3.0,-2.0,12.0,-5.0
18,1,1.0,0.0,-1.0,-14.0,-8.0,-6.0,-7.0,7.0
19,5,5.0,0.0,-5.0,-3.0,7.0,11.0,4.0,-10.0
20,6,6.0,0.0,-6.0,-12.0,6.0,-10.0,6.0,-7.0
21,7,7.0,0.0,-7.0,6.0,-14.0,-1.0,9.0,-11.0
22,9,9.0,0.0,-9.0,5.0,-1.0,-1.0,5.0,-1.0
23,6,6.0,0.0,-6.0,4.0,7.0,7.0,10.0,4.0
24,6,6.0,0.0,-6.0,-2.0,-5.0,8.0,-7.0,6.0
25,3,3.0,0.0,-3.0,4.0,10.0,-3.0,6.0,3.0
26,4,4.0,0.0,-4.0,-8.0,-13.0,12.0,10.0,3.0
27,4,4.0,0.0,-4.0,-7.0,-15.0,-2.0,1.0,5.0
28,6,6.0,0.0,-6.0,12.0,-2.0,-12.0,-15.0,0.0
29,4,4.0,0.0,-4.0,2.0,-5.0,15.0,14.0,13.0
30,4,4.0,0.0,-4.0,-5.0,13.0,-8.0,-11.0,-7.0
31,6,6.0,0.0,-6.0,7.0,13.0,7.0,7.0,10.0
32,4,4.0,0.0,-4.0,1.0,-7.0,3.0,1.0,10.0
33,3,3.0,0.0,-3.0,-7.0,-2.0,6.0,2.0,11.0
34,3,3.0,0.0,-3.0,11.0,-9.0,-8.0,7.0,5.0
35,9,9.0,0.0,-9.0,5.0,14.0,4.0,-7.0,1.0
36,3,3.0,0.0,-3.0,-4.0,-1.0,-7.0,7.0,-6.0
37,5,5.0,0.0,-5.0,10.0,1.0,-8.0,4.0,-10.0
38,4,4.0,0.0,-4.0,9.0,-2.0,-14.0,2.0,15.0
39,2,2.0,0.0,-2.0,15.0,-7.0,-2.0,5.0,-3.0
40,5,5.0,0.0,-5.0,-6.0,7.0,13.0,12.0,-1.0
41,1,1.0,0.0,-1.0,-2.0,3.0,-1.0,2.0,12.0
42,4,4.0,0.0,-4.0,11.0,9.0,-3.0,0.0,-2.0
43,7,7.0,0.0,-7.0,-2.0,-11.0,-8.0,3.0,-2.0
44,8,8.0,0.0,-8.0,-4.0,-5.0,5.0,-8.0,1.0
45,5,5.0,0.0,-5.0,-12.0,7.0,3.0,-13.0,7.0
46,6,6.0,0.0,-6.0,-2.0,-12.0,-11.0,-7.0,7.0
47,6,6.0,0.0,-6.0,6.0,-2.0,9.0,-6.0,2.0
48,8,8.0,0.0,-8.0,6.0,14.0,3.0,4.0,-12.0
49,2,2.0,0.0,-2.0,15.0,-15.0,15.0,-3.0,10.0
50,7,7.0,0.0,-7.0,-13.0,9.0,2.0,-2.0,15.0
51,5,5.0,0.0,-5.0,-6.0,-14.0,7.0,12.0,-15.0
52,1,1.0,0.0,-1.0,10.0,11.0,7.0,-7.0,-1.0
53,6,6.0,0.0,-6.0,7.0,15.0,7.0,-1.0,2.0
54,6,6.0,0.0,-6.0,-4.0,13.0,-5.0,-3.0,7.0
55,4,4.0,0.0,-4.0,-2.0,4.0,11.0,10.0,2.0
56,7,7.0,0.0,-7.0,12.0,9.0,-11.0,8.0,-15.0
57,6,6.0,0.0,-6.0,-8.0,-2.0,10.0,15.0,-1.0
58,1,1.0,0.0,-1.0,-2.0,-1.0,2.0,11.0,9.0
59,6,6.0,0.0,-6.0,-3.0,-14.0,9.0,-6.0,-9.0
60,3,3.0,0.0,-3.0,-14.0,10.0,2.0,-10.0,-4.0
61,5,5.0,0.0,-5.0,7.0,5.0,15.0,-2.0,-13.0
62,6,6.0,0.0,-6.0,-5.0,2.0,-10.0,-13.0,-6.0
63,7,7.0,0.0,-7.0,9.0,0.0,-13.0,2.0,8.0
64,9,9.0,0.0,-9.0,-8.0,-4.0,7.0,12.0,-7.0
65,8,8.0,0.0,-8.0,6.0,-2.0,-5.0,-14.0,-9.0
66,8,8.0,0.0,-8.0,2.0,8.0,14.0,10.0,11.0
67,3,3.0,0.0,-3.0,2.0,8.0,-8.0,8.0,11.0
68,1,1.0,0.0,-1.0,-1.0,9.0,9.0,-6.0,9.0
69,10,10.0,0.0,-10.0,6.0,3.0,-13.0,9.0,9.0
70,7,7.0,0.0,-7.0,-6.0,-13.0,-13.0,5.0,8.0
71,4,4.0,0.0,-4.0,-5.0,-4.0,-8.0,-2.0,-13.0
72,5,5.0,0.0,-5.0,12.0,-4.0,6.0,-9.0,0.0
73,6,6.0,0.0,-6.0,3.0,-10.0,7.0,11.0,-2.0
74,6,6.0,0.0,-6.0,7.0,10.0,1.0,-10.0,9.0
75,2,2.0,0.0,-2.0,-13.0,1.0,6.0,-11.0,-1.0
76,5,5.0,0.0,-5.0,7.0,13.0,5.0,14.0,5.0
77,7,7.0,0.0,-7.0,-8.0,9.0,-6.0,8.0,3.0
78,3,3.0,0.0,-3.0,14.0,-8.0,5.0,8.0,13.0
79,2,2.0,0.0,-2.0,-13.0,5.0,-6.0,12.0,3.0
80,5,5.0,0.0,-5.0,7.0,8.0,-1.0,14.0,-2.0
81,7,7.0,0.0,-7.0,11.0,10.0,-9.0,-4.0,-15.0
82,6,6.0,0.0,-6.0,13.0,5.0,-5.0,-2.0,7.0
83,0,0.0,0.0,0.0,15.0,8.0,4.0,-6.0,-10.0
84,5,5.0,0.0,-5.0,-14.0,1.0,-12.0,1.0,0.0
85,9,9.0,0.0,-9.0,-10.0,-11.0,1.0,12.0,-15.0
86,7,7.0,0.0,-7.0,0.0,-6.0,9.0,0.0,-13.0
87,3,3.0,0.0,-3.0,-1.0,-8.0,-13.0,-2.0,-11.0
88,4,4.0,0.0,-4.0,14.0,-13.0,-10.0,-9.0,-3.0
89,6,6.0,0.0,-6.0,13.0,7.0,4.0,5.0,-6.0
90,4,4.0,0.0,-4.0,-12.0,6.0,-1.0,13.0,-14.0
91,4,4.0,0.0,-4.0,1.0,6.0,5.0,-7.0,-10.0
92,4,4.0,0.0,-4.0,-6.0,-6.0,-11.0,1.0,-4.0
93,6,6.0,0.0,-6.0,3.0,9.0,-6.0,8.0,-13.0
94,0,0.0,0.0,0.0,9.0,15.0,-13.0,-9.0,9.0
95,6,6.0,0.0,-6.0,0.0,-4.0,0.0,14.0,-4.0
96,3,3.0,0.0,-3.0,-7.0,10.0,14.0,5.0,3.0
97,4,4.0,0.0,-4.0,-10.0,-11.0,1.0,3.0,13.0
98,4,4.0,0.0,-4.0,-4.0,6.0,-1.0,-1.0,-1.0
99,5,5.0,0.0,-5.0,-6.0,0.0,-13.0,7.0,2.0
100,5,5.0,0.0,-5.0,-4.0,15.0,1.0,-14.0,-5.0
101,5,5.0,0.0,-5.0,-5.0,-12.0,13.0,-4.0,14.0
102,5,5.0,0.0,-5.0,5.0,-3.0,4.0,-10.0,5.0
103,5,5.0,0.0,-5.0,4.0,1.0,-5.0,5.0,-3.0
104,4,4.0,0.0,-4.0,-6.0,-4.0,4.0,0.0,13.0
105,4,4.0,0.0,-4.0,-10.0,6.0,15.0,-9.0,-5.0
106,8,8.0,0.0,-8.0,0.0,-4.0,-15.0,-8.0,-12.0
107,7,7.0,0.0,-7.0,-2.0,4.0,4.0,-15.0,-13.0
108,8,8.0,0.0,-8.0,-14.0,6.0,1.0,5.0,12.0
109,1,1.0,0.0,-1.0,14.0,1.0,14.0,-12.0,3.0
110,7,7.0,0.0,-7.0,-13.0,-5.0,-4.0,5.0,10.0
111,5,5.0,0.0,-5.0,11.0,11.0,8.0,0.0,-8.0
112,3,3.0,0.0,-3.0,-5.0,6.0,0.0,5.0,3.0
113,1,1.0,0.0,-1.0,1.0,-8.0,9.0,9.0,-9.0
114,5,5.0,0.0,-5.0,-1.0,2.0,4.0,-6.0,11.0
115,2,2.0,0.0,-2.0,-7.0,7.0,9.0,5.0,-15.0
116,3,3.0,0.0,-3.0,1.0,-3.0,2.0,-14.0,3.0
117,6,6.0,0.0,-6.0,13.0,-3.0,-3.0,-14.0,-1.0
118,2,2.0,0.0,-2.0,-11.0,-12.0,2.0,-2.0,-3.0
119,6,6.0,0.0,-6.0,11.0,-12.0,4.0,15.0,-1.0
120,8,8.0,0.0,-8.0,1.0,0.0,13.0,-15.0,-8.0
121,7,7.0,0.0,-7.0,10.0,-12.0,-7.0,9.0,8.0
122,3,3.0,0.0,-3.0,-3.0,-9.0,6.0,9.0,-4.0
123,6,6.0,0.0,-6.0,-7.0,-5.0,7.0,14.0,-1.0
124,6,6.0,0.0,-6.0,-1.0,-13.0,-11.0,0.0,1.0
125,6,6.0,0.0,-6.0,1.0,-1.0,-13.0,3.0,0.0
126,3,3.0,0.0,-3.0,-3.0,-9.0,-13.0,15.0,-4.0
127,5,5.0,0.0,-5.0,15.0,-3.0,-10.0,-7.0,1.0
128,3,3.0,0.0,-3.0,-12.0,10.0,11.0,-10.0,-10.0
129,6,6.0,0.0,-6.0,-6.0,7.0,9.0,15.0,2.0
130,3,3.0,0.0,-3.0,3.0,1.0,1.0,3.0,-5.0
131,2,2.0,0.0,-2.0,-6.0,-1.0,7.0,10.0,-9.0
132,6,6.0,0.0,-6.0,1.0,6.0,11.0,2.0,13.0
133,5,5.0,0.0,-5.0,-15.0,-12.0,-4.0,-14.0,-2.0
134,7,7.0,0.0,-7.0,-14.0,0.0,-10.0,10.0,-11.0
135,4,4.0,0.0,-4.0,10.0,13.0,5.0,-8.0,7.0
136,4,4.0,0.0,-4.0,8.0,-13.0,-14.0,-15.0,12.0
137,7,7.0,0.0,-7.0,2.0,-14.0,-7.0,-11.0,14.0
138,3,3.0,0.0,-3.0,-6.0,15.0,7.0,-1.0,12.0
139,5,5.0,0.0,-5.0,-5.0,6.0,-14.0,0.0,5.0
140,4,4.0,0.0,-4.0,5.0,-14.0,-8.0,14.0,4.0
141,2,2.0,0.0,-2.0,-4.0,11.0,-4.0,7.0,9.0
142,6,6.0,0.0,-6.0,-8.0,0.0,0.0,-14.0,-3.0
143,4,4.0,0.0,-4.0,-10.0,14.0,-13.0,-2.0,14.0
144,2,2.0,0.0,-2.0,-4.0,-7.0,-14.0,-14.0,7.0
145,3,3.0,0.0,-3.0,4.0,-14.0,-8.0,0.0,10.0
146,6,6.0,0.0,-6.0,2.0,4.0,12.0,-4.0,-4.0
147,7,7.0,0.0,-7.0,7.0,13.0,-10.0,-10.0,5.0
148,8,8.0,0.0,-8.0,0.0,-3.0,5.0,5.0,7.0
149,5,5.0,0.0,-5.0,11.0,-13.0,14.0,-12.0,-9.0
150,5,5.0,0.0,-5.0,-1.0,-13.0,-2.0,-12.0,-12.0
151,5,5.0,0.0,-5.0,4.0,-1.0,-2.0,0.0,-9.0
152,2,2.0,0.0,-2.0,-8.0,5.0,2.0,-10.0,-10.0
153,6,6.0,0.0,-6.0,2.0,11.0,15.0,2.0,2.0
154,5,5.0,0.0,-5.0,-7.0,-15.0,14.0,4.0,12.0
155,5,5.0,0.0,-5.0,1.0,6.0,3.0,-12.0,10.0
156,3,3.0,0.0,-3.0,-2.0,14.0,14.0,-13.0,11.0
157,8,8.0,0.0,-8.0,-7.0,9.0,10.0,4.0,9.0
158,7,7.0,0.0,-7.0,5.0,11.0,7.0,3.0,6.0
159,8,8.0,0.0,-8.0,-9.0,-3.0,-7.0,6.0,-7.0
160,6,6.0,0.0,-6.0,11.0,4.0,-3.0,11.0,3.0
161,6,6.0,0.0,-6.0,6.0,-2.0,6.0,-7.0,-10.0
162,6,6.0,0.0,-6.0,-14.0,6.0,-11.0,-2.0,11.0
163,4,4.0,0.0,-4.0,-13.0,-8.0,-14.0,-8.0,8.0
164,6,6.0,0.0,-6.0,13.0,-13.0,-6.0,-9.0,15.0
165,3,3.0,0.0,-3.0,-13.0,-11.0,1.0,13.0,-6.0
166,4,4.0,0.0,-4.0,-13.0,4.0,3.0,-9.0,14.0
167,5,5.0,0.0,-5.0,-1.0,8.0,3.0,6.0,-15.0
168,7,7.0,0.0,-7.0,10.0,-13.0,-7.0,0.0,5.0
169,3,3.0,0.0,-3.0,13.0,4.0,10.0,14.0,-15.0
170,5,5.0,0.0,-5.0,-7.0,3.0,-7.0,15.0,-9.0
171,5,5.0,0.0,-5.0,-13.0,11.0,-14.0,14.0,1.0
172,5,5.0,0.0,-5.0,11.0,1.0,4.0,-12.0,3.0
173,7,7.0,0.0,-7.0,-1.0,10.0,-8.0,6.0,-14.0
174,6,6.0,0.0,-6.0,0.0,-13.0,11.0,10.0,12.0
175,11,11.0,0.0,-11.0,-15.0,11.0,-5.0,7.0,9.0
176,8,8.0,0.0,-8.0,1.0,-9.0,13.0,-11.0,-11.0
177,5,5.0,0.0,-5.0,9.0,-7.0,1.0,-15.0,-13.0
178,6,6.0,0.0,-6.0,-9.0,9.0,-7.0,5.0,-11.0
179,5,5.0,0.0,-5.0,14.0,-11.0,-2.0,-5.0,-3.0
180,7,7.0,0.0,-7.0,-7.0,-11.0,5.0,9.0,-14.0
181,3,3.0,0.0,-3.0,11.0,13.0,12.0,7.0,8.0
182,2,2.0,0.0,-2.0,3.0,-12.0,0.0,15.0,8.0
183,6,6.0,0.0,-6.0,-12.0,7.0,7.0,-7.0,-3.0
184,8,8.0,0.0,-8.0,2.0,4.0,-9.0,12.0,1.0
185,2,2.0,0.0,-2.0,0.0,-3.0,9.0,13.0,13.0
186,3,3.0,0.0,-3.0,5.0,-2.0,-5.0,12.0,-4.0
187,5,5.0,0.0,-5.0,-15.0,-12.0,14.0,1.0,5.0
188,4,4.0,0.0,-4.0,-10.0,11.0,-14.0,-4.0,12.0
189,7,7.0,0.0,-7.0,7.0,8.0,0.0,0.0,0.0
190,7,7.0,0.0,-7.0,-5.0,1.0,-15.0,-14.0,-15.0
191,7,7.0,0.0,-7.0,15.0,-2.0,-15.0,-15.0,11.0
192,3,3.0,0.0,-3.0,-11.0,11.0,1.0,15.0,13.0
193,8,8.0,0.0,-8.0,-6.0,9.0,-15.0,-8.0,-5.0
194,3,3.0,0.0,-3.0,-11.0,2.0,15.0,-1.0,6.0
195,5,5.0,0.0,-5.0,15.0,-4.0,13.0,-15.0,10.0
196,4,4.0,0.0,-4.0,4.0,-13.0,10.0,-4.0,14.0
197,2,2.0,0.0,-2.0,-10.0,11.0,3.0,13.0,8.0
198,4,4.0,0.0,-4.0,-15.0,-1.0,-4.0,-3.0,-15.0
199,5,5.0,0.0,-5.0,12.0,-10.0,-15.0,-13.0,11.0
200,3,3.0,0.0,-3.0,-2.0,-6.0,2.0,9.0,14.0
201,3,3.0,0.0,-3.0,-7.0,12.0,-3.0,-14.0,-12.0
202,6,6.0,0.0,-6.0,-3.0,-3.0,3.0,2.0,1.0
203,5,5.0,0.0,-5.0,-13.0,-10.0,4.0,6.0,-12.0
204,9,9.0,0.0,-9.0,-13.0,-7.0,9.0,11.0,-9.0
205,6,6.0,0.0,-6.0,13.0,9.0,-8.0,-8.0,7.0
206,7,7.0,0.0,-7.0,-11.0,-6.0,-3.0,9.0,4.0
207,10,10.0,0.0,-10.0,2.0,-3.0,8.0,-2.0,-10.0
208,8,8.0,0.0,-8.0,8.0,-8.0,-1.0,-4.0,-15.0
209,4,4.0,0.0,-4.0,-13.0,-15.0,8.0,-14.0,-5.0
210,3,3.0,0.0,-3.0,9.0,7.0,-15.0,-4.0,-8.0
211,6,6.0,0.0,-6.0,4.0,-13.0,15.0,10.0,-8.0
212,2,2.0,0.0,-2.0,-2.0,-1.0,14.0,-14.0,-9.0
213,9,9.0,0.0,-9.0,-10.0,-1.0,-10.0,1.0,-8.0
214,5,5.0,0.0,-5.0,8.0,1.0,8.0,1.0,-7.0
215,5,5.0,0.0,-5.0,-14.0,-6.0,1.0,-11.0,12.0
216,1,1.0,0.0,-1.0,-13.0,2.0,-1.0,-2.0,9.0
217,3,3.0,0.0,-3.0,6.0,7.0,6.0,0.0,6.0
218,3,3.0,0.0,-3.0,-3.0,12.0,15.0,9.0,8.0
219,4,4.0,0.0,-4.0,-3.0,3.0,14.0,1.0,8.0
220,5,5.0,0.0,-5.0,14.0,-1.0,9.0,15.0,1.0
221,6,6.0,0.0,-6.0,5.0,-1.0,-5.0,10.0,-14.0
222,4,4.0,0.0,-4.0,9.0,2.0,-7.0,9.0,-14.0
223,9,9.0,0.0,-9.0,2.0,13.0,-15.0,-7.0,-14.0
224,5,5.0,0.0,-5.0,11.0,3.0,-1.0,1.0,-7.0
225,6,6.0,0.0,-6.0,11.0,-2.0,9.0,-12.0,-10.0
226,6,6.0,0.0,-6.0,13.0,6.0,10.0,1.0,-10.0
227,6,6.0,0.0,-6.0,12.0,6.0,9.0,3.0,-12.0
228,3,3.0,0.0,-3.0,5.0,-13.0,3.0,-8.0,-4.0
229,7,7.0,0.0,-7.0,6.0,-15.0,-15.0,8.0,-9.0
230,5,5.0,0.0,-5.0,13.0,12.0,-9.0,-15.0,12.0
231,2,2.0,0.0,-2.0,-8.0,-8.0,-12.0,14.0,-10.0
232,3,3.0,0.0,-3.0,10.0,-8.0,15.0,8.0,-8.0
233,8,8.0,0.0,-8.0,-9.0,-13.0,-5.0,-6.0,2.0
234,7,7.0,0.0,-7.0,11.0,-15.0,1.0,-10.0,15.0
235,4,4.0,0.0,-4.0,10.0,-2.0,-1.0,11.0,-1.0
236,1,1.0,0.0,-1.0,4.0,-3.0,-14.0,-1.0,3.0
237,6,6.0,0.0,-6.0,13.0,-15.0,-11.0,0.0,13.0
238,4,4.0,0.0,-4.0,-7.0,-15.0,2.0,1.0,-13.0
239,8,8.0,0.0,-8.0,4.0,-6.0,13.0,-11.0,-11.0
240,5,5.0,0.0,-5.0,-6.0,-12.0,0.0,10.0,-9.0
241,4,4.0,0.0,-4.0,8.0,-8.0,0.0,8.0,10.0
242,6,6.0,0.0,-6.0,13.0,-6.0,0.0,2.0,-15.0
243,2,2.0,0.0,-2.0,-14.0,8.0,7.0,3.0,0.0
244,5,5.0,0.0,-5.0,-8.0,1.0,-15.0,6.0,-5.0
245,7,7.0,0.0,-7.0,-14.0,-13.0,13.0,-12.0,14.0
246,7,7.0,0.0,-7.0,12.0,-6.0,9.0,-14.0,-12.0
247,4,4.0,0.0,-4.0,3.0,9.0,8.0,6.0,6.0
248,5,5.0,0.0,-5.0,12.0,-9.0,10.0,12.0,14.0
249,4,4.0,0.0,-4.0,-7.0,-10.0,-14.0,-9.0,0.0
250,4,4.0,0.0,-4.0,12.0,12.0,-7.0,-8.0,-9.0
251,4,4.0,0.0,-4.0,2.0,4.0,-15.0,-12.0,-4.0
252,5,5.0,0.0,-5.0,-12.0,-14.0,-13.0,-2.0,-10.0
253,9,9.0,0.0,-9.0,-8.0,-10.0,-6.0,-14.0,-11.0
254,5,5.0,0.0,-5.0,-10.0,-7.0,-11.0,-12.0,-8.0
255,5,5.0,0.0,-5.0,-6.0,2.0,-7.0,-6.0,1.0
256,8,8.0,0.0,-8.0,-14.0,-5.0,3.0,-8.0,1.0
257,5,5.0,0.0,-5.0,6.0,8.0,-13.0,-8.0,10.0
258,5,5.0,0.0,-5.0,2.0,5.0,6.0,8.0,2.0
259,8,8.0,0.0,-8.0,6.0,-12.0,-7.0,-7.0,-3.0
260,6,6.0,0.0,-6.0,11.0,11.0,8.0,-15.0,9.0
261,8,8.0,0.0,-8.0,-12.0,-13.0,2.0,-9.0,-3.0
262,5,5.0,0.0,-5.0,11.0,14.0,-14.0,14.0,-6.0
263,1,1.0,0.0,-1.0,-9.0,5.0,6.0,4.0,-12.0
264,3,3.0,0.0,-3.0,12.0,8.0,8.0,6.0,3.0
265,3,3.0,0.0,-3.0,-5.0,-1.0,3.0,-1.0,1.0
266,4,4.0,0.0,-4.0,-2.0,0.0,12.0,-2.0,2.0
267,3,3.0,0.0,-3.0,-13.0,-14.0,-6.0,-1.0,-12.0
268,7,7.0,0.0,-7.0,-6.0,11.0,3.0,-14.0,-9.0
269,4,4.0,0.0,-4.0,-10.0,-14.0,3.0,-13.0,-12.0
270,4,4.0,0.0,-4.0,-7.0,-13.0,-6.0,-13.0,-5.0
271,5,5.0,0.0,-5.0,-1.0,-11.0,14.0,3.0,14.0
272,6,6.0,0.0,-6.0,8.0,0.0,1.0,-14.0,-9.0
273,5,5.0,0.0,-5.0,-13.0,14.0,6.0,12.0,-3.0
274,5,5.0,0.0,-5.0,-12.0,5.0,-1.0,3.0,2.0
275,6,6.0,0.0,-6.0,5.0,4.0,-14.0,-3.0,-13.0
276,10,10.0,0.0,-10.0,-1.0,12.0,-8.0,-11.0,-14.0
277,5,5.0,0.0,-5.0,10.0,7.0,-7.0,-2.0,-1.0
278,10,10.0,0.0,-10.0,9.0,8.0,-12.0,-5.0,-11.0
279,4,4.0,0.0,-4.0,-11.0,13.0,-6.0,2.0,13.0
280,2,2.0,0.0,-2.0,-8.0,-12.0,-12.0,-1.0,-8.0
281,3,3.0,0.0,-3.0,1.0,-5.0,-3.0,11.0,7.0
282,7,7.0,0.0,-7.0,4.0,12.0,-14.0,7.0,7.0
283,6,6.0,0.0,-6.0,-1.0,-14.0,-15.0,3.0,2.0
284,8,8.0,0.0,-8.0,8.0,-13.0,-4.0,-12.0,-5.0
285,3,3.0,0.0,-3.0,6.0,-3.0,11.0,-13.0,9.0
286,3,3.0,0.0,-3.0,-2.0,15.0,-8.0,-14.0,-7.0
287,7,7.0,0.0,-7.0,-13.0,-5.0,-5.0,-1.0,-1.0
288,2,2.0,0.0,-2.0,-14.0,-3.0,-10.0,6.0,-13.0
289,3,3.0,0.0,-3.0,10.0,1.0,12.0,13.0,9.0
290,8,8.0,0.0,-8.0,10.0,10.0,15.0,15.0,12.0
291,3,3.0,0.0,-3.0,-5.0,6.0,10.0,6.0,-8.0
292,2,2.0,0.0,-2.0,12.0,-7.0,-8.0,5.0,8.0
293,1,1.0,0.0,-1.0,6.0,12.0,-12.0,-2.0,2.0
294,4,4.0,0.0,-4.0,0.0,4.0,4.0,-12.0,4.0
295,6,6.0,0.0,-6.0,1.0,-9.0,-4.0,13.0,13.0
296,4,4.0,0.0,-4.0,-13.0,-14.0,15.0,13.0,3.0
297,7,7.0,0.0,-7.0,-8.0,-14.0,2.0,9.0,6.0
298,5,5.0,0.0,-5.0,-14.0,-3.0,9.0,9.0,4.0
299,3,3.0,0.0,-3.0,2.0,-14.0,3.0,-6.0,-3.0
300,7,7.0,0.0,-7.0,-1.0,-9.0,6.0,-14.0,-12.0
301,5,5.0,0.0,-5.0,5.0,9.0,7.0,2.0,-7.0
302,7,7.0,0.0,-7.0,-13.0,11.0,11.0,9.0,-7.0
303,5,5.0,0.0,-5.0,-15.0,-15.0,9.0,6.0,-14.0
304,3,3.0,0.0,-3.0,2.0,5.0,15.0,-9.0,1.0
305,5,5.0,0.0,-5.0,-2.0,-2.0,8.0,14.0,-9.0
306,6,6.0,0.0,-6.0,12.0,-2.0,-1.0,-1.0,-1.0
307,2,2.0,0.0,-2.0,-1.0,2.0,-3.0,2.0,3.0
308,5,5.0,0.0,-5.0,-6.0,11.0,9.0,11.0,-3.0
309,6,6.0,0.0,-6.0,4.0,4.0,1.0,15.0,-8.0
310,4,4.0,0.0,-4.0,12.0,6.0,10.0,9.0,-1.0
311,9,9.0,0.0,-9.0,-12.0,-8.0,1.0,-3.0,-6.0
312,7,7.0,0.0,-7.0,1.0,-12.0,-7.0,13.0,-8.0
313,3,3.0,0.0,-3.0,11.0,-8.0,0.0,-3.0,-6.0
314,8,8.0,0.0,-8.0,15.0,8.0,4.0,11.0,-8.0
315,7,7.0,0.0,-7.0,2.0,11.0,-10.0,2.0,-2.0
316,5,5.0,0.0,-5.0,-11.0,-4.0,13.0,-8.0,11.0
317,1,1.0,0.0,-1.0,-3.0,3.0,-9.0,8.0,-12.0
318,8,8.0,0.0,-8.0,6.0,-7.0,-3.0,-13.0,-12.0
319,8,8.0,0.0,-8.0,-8.0,-13.0,-3.0,6.0,15.0
320,7,7.0,0.0,-7.0,-2.0,6.0,15.0,-13.0,3.0
321,11,11.0,0.0,-11.0,-9.0,-13.0,13.0,10.0,-11.0
322,2,2.0,0.0,-2.0,-2.0,-13.0,-3.0,15.0,6.0
323,6,6.0,0.0,-6.0,-8.0,9.0,0.0,-5.0,9.0
324,2,2.0,0.0,-2.0,8.0,5.0,-9.0,-6.0,6.0
325,7,7.0,0.0,-7.0,-1.0,2.0,15.0,-3.0,-2.0
326,7,7.0,0.0,-7.0,-5.0,-11.0,-11.0,-10.0,7.0
327,4,4.0,0.0,-4.0,9.0,-9.0,13.0,7.0,10.0
328,7,7.0,0.0,-7.0,10.0,-4.0,1.0,-8.0,10.0
329,8,8.0,0.0,-8.0,11.0,1.0,-3.0,-5.0,5.0
330,3,3.0,0.0,-3.0,-4.0,9.0,-8.0,-2.0,4.0
331,6,6.0,0.0,-6.0,11.0,-4.0,-3.0,1.0,1.0
332,4,4.0,0.0,-4.0,0.0,-3.0,14.0,-13.0,-6.0
333,6,6.0,0.0,-6.0,-3.0,4.0,-1.0,-5.0,-8.0
334,5,5.0,0.0,-5.0,9.0,11.0,7.0,2.0,14.0
335,5,5.0,0.0,-5.0,-12.0,3.0,-12.0,8.0,13.0
336,7,7.0,0.0,-7.0,-3.0,4.0,-9.0,-9.0,-8.0
337,6,6.0,0.0,-6.0,9.0,2.0,-2.0,13.0,5.0
338,8,8.0,0.0,-8.0,8.0,15.0,-12.0,3.0,-15.0
339,4,4.0,0.0,-4.0,7.0,-5.0,5.0,-12.0,-9.0
340,3,3.0,0.0,-3.0,-1.0,12.0,-10.0,0.0,4.0
341,3,3.0,0.0,-3.0,-13.0,9.0,7.0,8.0,4.0
342,2,2.0,0.0,-2.0,13.0,11.0,13.0,5.0,11.0
343,5,5.0,0.0,-5.0,2.0,0.0,7.0,3.0,15.0
344,2,2.0,0.0,-2.0,4.0,12.0,-3.0,14.0,8.0
345,5,5.0,0.0,-5.0,-12.0,2.0,-10.0,11.0,-7.0
346,6,6.0,0.0,-6.0,14.0,4.0,-11.0,10.0,2.0
347,6,6.0,0.0,-6.0,5.0,11.0,12.0,7.0,15.0
348,3,3.0,0.0,-3.0,-14.0,-5.0,4.0,10.0,-13.0
349,8,8.0,0.0,-8.0,-11.0,15.0,-8.0,15.0,14.0
350,7,7.0,0.0,-7.0,3.0,7.0,11.0,-4.0,-8.0
351,6,6.0,0.0,-6.0,-15.0,4.0,11.0,-13.0,-4.0
352,4,4.0,0.0,-4.0,3.0,-8.0,1.0,11.0,-15.0
353,7,7.0,0.0,-7.0,0.0,-8.0,12.0,-2.0,-1.0
354,6,6.0,0.0,-6.0,-1.0,0.0,7.0,-12.0,12.0
355,3,3.0,0.0,-3.0,-4.0,-2.0,15.0,-4.0,1.0
356,4,4.0,0.0,-4.0,-7.0,-4.0,3.0,-7.0,6.0
357,6,6.0,0.0,-6.0,-5.0,3.0,-13.0,9.0,10.0
358,5,5.0,0.0,-5.0,13.0,8.0,-8.0,9.0,-6.0
359,5,5.0,0.0,-5.0,-2.0,14.0,3.0,-1.0,-2.0
360,4,4.0,0.0,-4.0,-10.0,12.0,11.0,15.0,3.0
361,7,7.0,0.0,-7.0,6.0,3.0,7.0,-1.0,4.0
362,4,4.0,0.0,-4.0,11.0,11.0,-1.0,11.0,-3.0
363,5,5.0,0.0,-5.0,-12.0,8.0,5.0,6.0,1.0
364,3,3.0,0.0,-3.0,-5.0,-2.0,14.0,10.0,-9.0
365,6,6.0,0.0,-6.0,-6.0,-9.0,9.0,-8.0,-11.0
366,6,6.0,0.0,-6.0,8.0,-10.0,8.0,-13.0,8.0
367,4,4.0,0.0,-4.0,13.0,5.0,2.0,15.0,3.0
368,7,7.0,0.0,-7.0,12.0,-11.0,-2.0,-15.0,11.0
369,5,5.0,0.0,-5.0,-13.0,-13.0,10.0,10.0,11.0
370,7,7.0,0.0,-7.0,7.0,-15.0,15.0,6.0,13.0
371,5,5.0,0.0,-5.0,4.0,11.0,-13.0,-12.0,-1.0
372,0,0.0,0.0,0.0,4.0,-13.0,-8.0,8.0,8.0
373,6,6.0,0.0,-6.0,-12.0,-10.0,-8.0,-2.0,-13.0
374,4,4.0,0.0,-4.0,6.0,9.0,-13.0,-5.0,9.0
375,8,8.0,0.0,-8.0,5.0,8.0,-6.0,-3.0,-7.0
376,3,3.0,0.0,-3.0,-8.0,11.0,5.0,13.0,5.0
377,8,8.0,0.0,-8.0,6.0,-13.0,-10.0,1.0,-11.0
378,4,4.0,0.0,-4.0,-15.0,0.0,-1.0,3.0,-15.0
379,6,6.0,0.0,-6.0,10.0,11.0,-3.0,-7.0,13.0
380,5,5.0,0.0,-5.0,7.0,11.0,13.0,-10.0,1.0
381,4,4.0,0.0,-4.0,6.0,13.0,1.0,-14.0,-4.0
382,8,8.0,0.0,-8.0,2.0,4.0,15.0,7.0,-9.0
383,4,4.0,0.0,-4.0,9.0,-8.0,-10.0,15.0,2.0
384,4,4.0,0.0,-4.0,-5.0,-2.0,-13.0,2.0,-1.0
385,7,7.0,0.0,-7.0,6.0,5.0,-11.0,-9.0,-7.0
386,4,4.0,0.0,-4.0,8.0,2.0,11.0,2.0,-13.0
387,3,3.0,0.0,-3.0,-4.0,13.0,2.0,-7.0,1.0
388,7,7.0,0.0,-7.0,-1.0,8.0,-1.0,-1.0,1.0
389,6,6.0,0.0,-6.0,0.0,4.0,7.0,-6.0,-4.0
390,6,6.0,0.0,-6.0,-11.0,-6.0,7.0,-3.0,2.0
391,8,8.0,0.0,-8.0,12.0,13.0,7.0,-14.0,-4.0
392,3,3.0,0.0,-3.0,-14.0,2.0,-9.0,-10.0,-8.0
393,8,8.0,0.0,-8.0,-1.0,-7.0,11.0,9.0,-10.0
394,7,7.0,0.0,-7.0,-2.0,1.0,-2.0,-3.0,-9.0
395,5,5.0,0.0,-5.0,-1.0,9.0,8.0,-14.0,-2.0
396,3,3.0,0.0,-3.0,-14.0,14.0,12.0,11.0,9.0
397,7,7.0,0.0,-7.0,14.0,-11.0,-1.0,8.0,2.0
398,6,6.0,0.0,-6.0,15.0,5.0,3.0,-12.0,-9.0
399,6,6.0,0.0,-6.0,12.0,14.0,-7.0,-7.0,-2.0
400,7,7.0,0.0,-7.0,-9.0,14.0,15.0,-14.0,-13.0
401,6,6.0,0.0,-6.0,4.0,11.0,15.0,5.0,-9.0
402,5,5.0,0.0,-5.0,15.0,2.0,-5.0,4.0,-11.0
403,7,7.0,0.0,-7.0,14.0,-5.0,7.0,9.0,9.0
404,7,7.0,0.0,-7.0,6.0,-3.0,3.0,1.0,1.0
405,5,5.0,0.0,-5.0,0.0,2.0,11.0,9.0,15.0
406,6,6.0,0.0,-6.0,13.0,-12.0,5.0,3.0,2.0
407,5,5.0,0.0,-5.0,12.0,13.0,-2.0,3.0,6.0
408,3,3.0,0.0,-3.0,-7.0,-3.0,-15.0,-6.0,-6.0
409,6,6.0,0.0,-6.0,-14.0,5.0,-4.0,1.0,0.0
410,6,6.0,0.0,-6.0,5.0,3.0,-12.0,8.0,8.0
411,5,5.0,0.0,-5.0,-13.0,-4.0,-12.0,-4.0,7.0
412,5,5.0,0.0,-5.0,13.0,-3.0,-3.0,-1.0,8.0
413,5,5.0,0.0,-5.0,4.0,7.0,15.0,-8.0,-4.0
414,3,3.0,0.0,-3.0,-3.0,4.0,4.0,12.0,9.0
415,9,9.0,0.0,-9.0,-9.0,-9.0,5.0,-2.0,13.0
416,4,4.0,0.0,-4.0,11.0,-1.0,2.0,-15.0,-9.0
417,1,1.0,0.0,-1.0,8.0,14.0,-11.0,-13.0,-15.0
418,6,6.0,0.0,-6.0,-15.0,7.0,-10.0,-2.0,9.0
419,5,5.0,0.0,-5.0,10.0,8.0,-15.0,15.0,3.0
420,5,5.0,0.0,-5.0,-11.0,10.0,7.0,-1.0,-2.0
421,6,6.0,0.0,-6.0,-6.0,-1.0,2.0,-11.0,1.0
422,5,5.0,0.0,-5.0,7.0,-8.0,12.0,-12.0,7.0
423,6,6.0,0.0,-6.0,7.0,5.0,7.0,5.0,-9.0
424,6,6.0,0.0,-6.0,-1.0,-7.0,4.0,12.0,-4.0
425,5,5.0,0.0,-5.0,15.0,12.0,-14.0,-13.0,1.0
426,6,6.0,0.0,-6.0,-9.0,-9.0,-13.0,-3.0,-13.0
427,4,4.0,0.0,-4.0,-3.0,-8.0,3.0,14.0,-14.0
428,2,2.0,0.0,-2.0,-14.0,-15.0,4.0,8.0,-9.0
429,4,4.0,0.0,-4.0,6.0,11.0,-2.0,-9.0,-8.0
430,5,5.0,0.0,-5.0,-3.0,15.0,7.0,-11.0,-15.0
431,6,6.0,0.0,-6.0,9.0,-5.0,-10.0,8.0,2.0
432,3,3.0,0.0,-3.0,-1.0,-9.0,7.0,-9.0,-7.0
433,7,7.0,0.0,-7.0,-10.0,3.0,-6.0,-4.0,14.0
434,5,5.0,0.0,-5.0,9.0,9.0,2.0,9.0,4.0
435,5,5.0,0.0,-5.0,12.0,-13.0,-5.0,13.0,-8.0
436,6,6.0,0.0,-6.0,11.0,-14.0,10.0,9.0,-1.0
437,4,4.0,0.0,-4.0,-4.0,8.0,2.0,-1.0,-7.0
438,5,5.0,0.0,-5.0,-5.0,-7.0,-7.0,6.0,-15.0
439,6,6.0,0.0,-6.0,-10.0,9.0,-6.0,14.0,-8.0
440,5,5.0,0.0,-5.0,-9.0,-5.0,15.0,14.0,15.0
441,4,4.0,0.0,-4.0,-7.0,10.0,-1.0,11.0,10.0
442,7,7.0,0.0,-7.0,-5.0,-5.0,15.0,-13.0,-7.0
443,5,5.0,0.0,-5.0,-15.0,11.0,-13.0,5.0,4.0
444,6,6.0,0.0,-6.0,8.0,2.0,3.0,8.0,-15.0
445,7,7.0,0.0,-7.0,-7.0,13.0,11.0,-10.0,-12.0
446,2,2.0,0.0,-2.0,-14.0,5.0,-15.0,-7.0,-9.0
447,3,3.0,0.0,-3.0,-8.0,9.0,-7.0,-15.0,3.0
448,4,4.0,0.0,-4.0,12.0,-12.0,0.0,-7.0,2.0
449,5,5.0,0.0,-5.0,14.0,9.0,13.0,7.0,9.0
450,5,5.0,0.0,-5.0,-14.0,-9.0,-2.0,1.0,3.0
451,8,8.0,0.0,-8.0,-15.0,9.0,3.0,-5.0,8.0
452,3,3.0,0.0,-3.0,-6.0,-6.0,-13.0,-1.0,-5.0
453,6,6.0,0.0,-6.0,4.0,-10.0,-5.0,-15.0,-4.0
454,2,2.0,0.0,-2.0,-10.0,-9.0,-11.0,0.0,2.0
455,10,10.0,0.0,-10.0,-6.0,9.0,-1.0,-8.0,12.0
456,6,6.0,0.0,-6.0,9.0,8.0,11.0,-3.0,-7.0
457,5,5.0,0.0,-5.0,-7.0,-10.0,12.0,8.0,-11.0
458,4,4.0,0.0,-4.0,2.0,-12.0,-11.0,13.0,10.0
459,6,6.0,0.0,-6.0,12.0,4.0,-3.0,5.0,-15.0
460,4,4.0,0.0,-4.0,-13.0,-11.0,8.0,-10.0,-13.0
461,0,0.0,0.0,0.0,3.0,14.0,6.0,10.0,-7.0
462,7,7.0,0.0,-7.0,-6.0,-2.0,-11.0,-7.0,-13.0
463,6,6.0,0.0,-6.0,11.0,7.0,10.0,-8.0,10.0
464,3,3.0,0.0,-3.0,13.0,13.0,-9.0,13.0,-12.0
465,3,3.0,0.0,-3.0,5.0,-8.0,3.0,14.0,11.0
466,1,1.0,0.0,-1.0,5.0,-5.0,5.0,-5.0,10.0
467,6,6.0,0.0,-6.0,-3.0,4.0,-1.0,9.0,1.0
468,3,3.0,0.0,-3.0,2.0,0.0,15.0,-7.0,-11.0
469,3,3.0,0.0,-3.0,-3.0,15.0,5.0,5.0,7.0
470,5,5.0,0.0,-5.0,-13.0,14.0,12.0,-12.0,1.0
471,8,8.0,0.0,-8.0,5.0,10.0,-1.0,-5.0,6.0
472,6,6.0,0.0,-6.0,-3.0,2.0,10.0,5.0,1.0
473,3,3.0,0.0,-3.0,4.0,4.0,-5.0,-8.0,2.0
474,4,4.0,0.0,-4.0,10.0,-10.0,9.0,-15.0,-15.0
475,2,2.0,0.0,-2.0,-5.0,-3.0,12.0,-10.0,-6.0
476,4,4.0,0.0,-4.0,7.0,2.0,-5.0,7.0,13.0
477,3,3.0,0.0,-3.0,8.0,12.0,-14.0,1.0,12.0
478,7,7.0,0.0,-7.0,9.0,-13.0,-14.0,-8.0,-3.0
479,2,2.0,0.0,-2.0,12.0,-6.0,-6.0,4.0,3.0
480,6,6.0,0.0,-6.0,-14.0,0.0,4.0,5.0,5.0
481,5,5.0,0.0,-5.0,-1.0,-15.0,-15.0,6.0,-13.0
482,6,6.0,0.0,-6.0,9.0,-12.0,1.0,-14.0,10.0
483,6,6.0,0.0,-6.0,-15.0,-1.0,-9.0,-10.0,8.0
484,5,5.0,0.0,-5.0,7.0,-2.0,-5.0,4.0,-14.0
485,6,6.0,0.0,-6.0,2.0,-14.0,14.0,5.0,11.0
486,5,5.0,0.0,-5.0,0.0,5.0,-3.0,-9.0,-15.0
487,5,5.0,0.0,-5.0,5.0,-6.0,1.0,0.0,-13.0
488,6,6.0,0.0,-6.0,2.0,6.0,-12.0,-1.0,-6.0
489,4,4.0,0.0,-4.0,6.0,-7.0,-1.0,-10.0,14.0
490,7,7.0,0.0,-7.0,-14.0,3.0,14.0,14.0,-7.0
491,10,10.0,0.0,-10.0,7.0,8.0,3.0,2.0,-15.0
492,4,4.0,0.0,-4.0,6.0,-4.0,-5.0,15.0,-14.0
493,6,6.0,0.0,-6.0,-14.0,13.0,-6.0,1.0,11.0
494,3,3.0,0.0,-3.0,4.0,13.0,-3.0,-10.0,-8.0
495,2,2.0,0.0,-2.0,10.0,-2.0,3.0,-10.0,-1.0
496,6,6.0,0.0,-6.0,14.0,-5.0,7.0,-13.0,-12.0
497,8,8.0,0.0,-8.0,-7.0,5.0,-8.0,1.0,8.0
498,5,5.0,0.0,-5.0,-6.0,-3.0,-6.0,3.0,14.0
499,4,4.0,0.0,-4.0,12.0,-1.0,12.0,-5.0,1.0
500,7,7.0,0.0,-7.0,12.0,5.0,6.0,3.0,12.0
501,8,8.0,0.0,-8.0,7.0,14.0,12.0,-12.0,11.0
502,8,8.0,0.0,-8.0,-2.0,2.0,-4.0,0.0,15.0
503,6,6.0,0.0,-6.0,1.0,1.0,9.0,13.0,5.0
504,6,6.0,0.0,-6.0,-13.0,-11.0,4.0,8.0,-7.0
505,5,5.0,0.0,-5.0,10.0,-6.0,2.0,-15.0,13.0
506,3,3.0,0.0,-3.0,-3.0,-15.0,2.0,13.0,2.0
507,7,7.0,0.0,-7.0,13.0,4.0,3.0,2.0,10.0
508,4,4.0,0.0,-4.0,-2.0,-12.0,1.0,11.0,7.0
509,4,4.0,0.0,-4.0,12.0,-2.0,-14.0,7.0,-10.0
510,0,0.0,0.0,0.0,1.0,-5.0,-8.0,2.0,10.0
511,3,3.0,0.0,-3.0,0.0,-6.0,7.0,2.0,2.0
512,2,2.0,0.0,-2.0,11.0,2.0,-6.0,-12.0,6.0
513,5,5.0,0.0,-5.0,-12.0,14.0,8.0,0.0,-5.0
514,8,8.0,0.0,-8.0,-1.0,10.0,-5.0,-4.0,12.0
515,8,8.0,0.0,-8.0,-6.0,-7.0,-14.0,-14.0,4.0
516,2,2.0,0.0,-2.0,-12.0,-8.0,-4.0,-3.0,-4.0
517,5,5.0,0.0,-5.0,-3.0,-8.0,-11.0,-7.0,-6.0
518,0,0.0,0.0,0.0,13.0,11.0,-6.0,-13.0,-3.0
519,4,4.0,0.0,-4.0,-3.0,-7.0,-4.0,9.0,-3.0
520,3,3.0,0.0,-3.0,15.0,-10.0,-7.0,-5.0,15.0
521,3,3.0,0.0,-3.0,-1.0,-12.0,9.0,-12.0,5.0
522,4,4.0,0.0,-4.0,9.0,0.0,4.0,-10.0,4.0
523,4,4.0,0.0,-4.0,-11.0,-6.0,-8.0,-11.0,-2.0
524,8,8.0,0.0,-8.0,-7.0,11.0,7.0,-2.0,13.0
525,8,8.0,0.0,-8.0,-5.0,-4.0,-4.0,11.0,0.0
526,3,3.0,0.0,-3.0,2.0,2.0,-11.0,-14.0,8.0
527,6,6.0,0.0,-6.0,11.0,-10.0,-8.0,13.0,-6.0
528,10,10.0,0.0,-10.0,-13.0,9.0,-2.0,-6.0,5.0
529,3,3.0,0.0,-3.0,7.0,1.0,6.0,5.0,9.0
530,3,3.0,0.0,-3.0,0.0,-8.0,10.0,8.0,15.0
531,6,6.0,0.0,-6.0,11.0,-7.0,1.0,4.0,15.0
532,4,4.0,0.0,-4.0,-13.0,-10.0,15.0,13.0,-10.0
533,5,5.0,0.0,-5.0,-15.0,5.0,-15.0,-2.0,-13.0
534,2,2.0,0.0,-2.0,-1.0,-8.0,-7.0,-8.0,-1.0
535,4,4.0,0.0,-4.0,-9.0,-10.0,7.0,2.0,-15.0
536,8,8.0,0.0,-8.0,2.0,-15.0,-14.0,0.0,-2.0
537,8,8.0,0.0,-8.0,5.0,-8.0,15.0,14.0,10.0
538,6,6.0,0.0,-6.0,3.0,-1.0,-4.0,-11.0,-12.0
539,5,5.0,0.0,-5.0,-5.0,3.0,9.0,10.0,-13.0
540,3,3.0,0.0,-3.0,-11.0,-2.0,4.0,13.0,-4.0
541,2,2.0,0.0,-2.0,14.0,-10.0,-7.0,-3.0,-7.0
542,4,4.0,0.0,-4.0,-9.0,15.0,10.0,3.0,10.0
543,6,6.0,0.0,-6.0,5.0,-14.0,15.0,-3.0,-9.0
544,1,1.0,0.0,-1.0,-15.0,10.0,10.0,13.0,-9.0
545,5,5.0,0.0,-5.0,15.0,13.0,-4.0,-10.0,12.0
546,5,5.0,0.0,-5.0,-3.0,15.0,2.0,7.0,0.0
547,6,6.0,0.0,-6.0,-3.0,-7.0,11.0,-10.0,-8.0
548,6,6.0,0.0,-6.0,-4.0,2.0,8.0,-5.0,-2.0
549,6,6.0,0.0,-6.0,10.0,-3.0,-8.0,-7.0,1.0
550,6,6.0,0.0,-6.0,-5.0,-12.0,-7.0,-2.0,15.0
551,6,6.0,0.0,-6.0,13.0,7.0,-12.0,-11.0,7.0
552,1,1.0,0.0,-1.0,12.0,-14.0,14.0,-13.0,-3.0
553,3,3.0,0.0,-3.0,15.0,9.0,10.0,12.0,-1.0
554,1,1.0,0.0,-1.0,-1.0,-5.0,0.0,-12.0,-12.0
555,4,4.0,0.0,-4.0,-9.0,10.0,-7.0,-11.0,13.0
556,6,6.0,0.0,-6.0,-11.0,14.0,2.0,7.0,-3.0
557,4,4.0,0.0,-4.0,10.0,-6.0,13.0,4.0,-11.0
558,7,7.0,0.0,-7.0,-10.0,-2.0,-8.0,-15.0,-2.0
559,7,7.0,0.0,-7.0,10.0,-12.0,11.0,-6.0,-7.0
560,10,10.0,0.0,-10.0,-10.0,-3.0,-9.0,-13.0,-6.0
561,4,4.0,0.0,-4.0,-14.0,12.0,12.0,7.0,3.0
562,4,4.0,0.0,-4.0,5.0,13.0,6.0,9.0,2.0
563,2,2.0,0.0,-2.0,-4.0,11.0,2.0,-3.0,-5.0
564,6,6.0,0.0,-6.0,-13.0,8.0,-12.0,12.0,-1.0
565,8,8.0,0.0,-8.0,5.0,8.0,1.0,12.0,-7.0
566,6,6.0,0.0,-6.0,-15.0,-7.0,13.0,10.0,-3.0
567,5,5.0,0.0,-5.0,-14.0,-1.0,-1.0,-4.0,2.0
568,6,6.0,0.0,-6.0,4.0,5.0,5.0,-9.0,1.0
569,6,6.0,0.0,-6.0,8.0,-9.0,-7.0,4.0,3.0
570,5,5.0,0.0,-5.0,10.0,-8.0,-14.0,13.0,-5.0
571,6,6.0,0.0,-6.0,-3.0,8.0,-14.0,2.0,5.0
572,7,7.0,0.0,-7.0,14.0,-13.0,5.0,-7.0,-9.0
573,8,8.0,0.0,-8.0,-7.0,-13.0,-11.0,14.0,4.0
574,5,5.0,0.0,-5.0,-8.0,-1.0,13.0,11.0,-13.0
575,3,3.0,0.0,-3.0,10.0,1.0,1.0,-10.0,12.0
576,5,5.0,0.0,-5.0,10.0,15.0,0.0,-4.0,-9.0
577,8,8.0,0.0,-8.0,-14.0,-11.0,-4.0,-1.0,-6.0
578,5,5.0,0.0,-5.0,7.0,7.0,-8.0,-2.0,-4.0
579,7,7.0,0.0,-7.0,15.0,3.0,-6.0,8.0,7.0
580,3,3.0,0.0,-3.0,-6.0,7.0,-11.0,8.0,7.0
581,7,7.0,0.0,-7.0,-12.0,-7.0,0.0,7.0,11.0
582,2,2.0,0.0,-2.0,0.0,0.0,-15.0,11.0,-1.0
583,6,6.0,0.0,-6.0,-3.0,5.0,-4.0,10.0,-7.0
584,6,6.0,0.0,-6.0,14.0,2.0,5.0,11.0,5.0
585,2,2.0,0.0,-2.0,-9.0,-8.0,13.0,1.0,-4.0
586,5,5.0,0.0,-5.0,-2.0,2.0,9.0,-9.0,10.0
587,5,5.0,0.0,-5.0,-15.0,-10.0,15.0,3.0,7.0
588,2,2.0,0.0,-2.0,11.0,-3.0,-11.0,-13.0,-11.0
589,6,6.0,0.0,-6.0,15.0,5.0,-1.0,-6.0,12.0
590,6,6.0,0.0,-6.0,-14.0,12.0,11.0,-3.0,-2.0
591,6,6.0,0.0,-6.0,14.0,9.0,6.0,-10.0,-6.0
592,8,8.0,0.0,-8.0,11.0,12.0,7.0,-2.0,-14.0
593,7,7.0,0.0,-7.0,12.0,-7.0,-11.0,10.0,9.0
594,2,2.0,0.0,-2.0,-3.0,-13.0,6.0,-5.0,-12.0
595,5,5.0,0.0,-5.0,0.0,-8.0,-6.0,-1.0,-5.0
596,6,6.0,0.0,-6.0,14.0,-14.0,-2.0,15.0,-8.0
597,5,5.0,0.0,-5.0,-4.0,-4.0,3.0,2.0,10.0
598,9,9.0,0.0,-9.0,14.0,9.0,1.0,11.0,-7.0
599,7,7.0,0.0,-7.0,-2.0,-3.0,1.0,-11.0,-11.0
600,5,5.0,0.0,-5.0,3.0,-10.0,13.0,-2.0,-14.0
601,9,9.0,0.0,-9.0,-2.0,13.0,6.0,-12.0,2.0
602,6,6.0,0.0,-6.0,1.0,13.0,-2.0,12.0,15.0
603,6,6.0,0.0,-6.0,-2.0,-15.0,-2.0,-5.0,8.0
604,4,4.0,0.0,-4.0,0.0,13.0,6.0,-15.0,-15.0
605,6,6.0,0.0,-6.0,11.0,15.0,0.0,-5.0,3.0
606,4,4.0,0.0,-4.0,7.0,9.0,-4.0,12.0,-3.0
607,4,4.0,0.0,-4.0,14.0,-5.0,6.0,3.0,8.0
608,6,6.0,0.0,-6.0,-9.0,14.0,13.0,-2.0,-13.0
609,4,4.0,0.0,-4.0,-11.0,9.0,0.0,-1.0,0.0
610,5,5.0,0.0,-5.0,8.0,2.0,-3.0,12.0,13.0
611,7,7.0,0.0,-7.0,3.0,14.0,2.0,1.0,5.0
612,3,3.0,0.0,-3.0,6.0,4.0,-15.0,14.0,3.0
613,5,5.0,0.0,-5.0,14.0,-8.0,0.0,8.0,1.0
614,4,4.0,0.0,-4.0,-12.0,12.0,5.0,-6.0,10.0
615,5,5.0,0.0,-5.0,13.0,4.0,-8.0,14.0,-4.0
616,4,4.0,0.0,-4.0,4.0,9.0,9.0,-7.0,14.0
617,0,0.0,0.0,0.0,-7.0,6.0,7.0,-8.0,-2.0
618,5,5.0,0.0,-5.0,11.0,10.0,-15.0,13.0,14.0
619,5,5.0,0.0,-5.0,11.0,-5.0,4.0,-9.0,-15.0
620,4,4.0,0.0,-4.0,13.0,12.0,7.0,8.0,3.0
621,5,5.0,0.0,-5.0,-1.0,13.0,-6.0,1.0,-2.0
622,10,10.0,0.0,-10.0,13.0,1.0,-6.0,10.0,5.0
623,3,3.0,0.0,-3.0,6.0,2.0,-4.0,11.0,-5.0
624,8,8.0,0.0,-8.0,-13.0,-7.0,-13.0,13.0,12.0
625,2,2.0,0.0,-2.0,-5.0,4.0,-2.0,10.0,12.0
626,5,5.0,0.0,-5.0,14.0,5.0,8.0,-8.0,13.0
627,5,5.0,0.0,-5.0,14.0,14.0,-6.0,-6.0,-8.0
628,7,7.0,0.0,-7.0,-8.0,15.0,14.0,-6.0,6.0
629,5,5.0,0.0,-5.0,-10.0,-4.0,-13.0,-12.0,-15.0
630,8,8.0,0.0,-8.0,15.0,4.0,-2.0,-5.0,13.0
631,4,4.0,0.0,-4.0,-11.0,10.0,-2.0,-5.0,9.0
632,6,6.0,0.0,-6.0,-5.0,-6.0,4.0,-2.0,11.0
633,3,3.0,0.0,-3.0,12.0,-5.0,-5.0,1.0,7.0
634,7,7.0,0.0,-7.0,1.0,5.0,-10.0,-4.0,8.0
635,6,6.0,0.0,-6.0,12.0,-9.0,-9.0,5.0,6.0
636,7,7.0,0.0,-7.0,-4.0,9.0,15.0,-15.0,-6.0
637,6,6.0,0.0,-6.0,6.0,-1.0,-10.0,-3.0,10.0
638,2,2.0,0.0,-2.0,-15.0,8.0,4.0,-3.0,-11.0
639,5,5.0,0.0,-5.0,-7.0,-5.0,-12.0,-10.0,11.0
640,8,8.0,0.0,-8.0,-8.0,15.0,0.0,15.0,-10.0
641,4,4.0,0.0,-4.0,-4.0,-2.0,1.0,15.0,-7.0
642,5,5.0,0.0,-5.0,0.0,15.0,13.0,14.0,10.0
643,7,7.0,0.0,-7.0,4.0,9.0,-9.0,6.0,-7.0
644,3,3.0,0.0,-3.0,15.0,1.0,-7.0,-11.0,12.0
645,6,6.0,0.0,-6.0,8.0,6.0,13.0,-15.0,-13.0
646,3,3.0,0.0,-3.0,9.0,3.0,3.0,11.0,-14.0
647,6,6.0,0.0,-6.0,-15.0,-9.0,7.0,-7.0,-11.0
648,4,4.0,0.0,-4.0,12.0,7.0,-10.0,15.0,-2.0
649,5,5.0,0.0,-5.0,-8.0,-8.0,-5.0,-2.0,-8.0
650,7,7.0,0.0,-7.0,11.0,7.0,-5.0,12.0,13.0
651,5,5.0,0.0,-5.0,12.0,15.0,-10.0,-4.0,10.0
652,4,4.0,0.0,-4.0,5.0,14.0,-10.0,-14.0,6.0
653,4,4.0,0.0,-4.0,1.0,5.0,9.0,-13.0,8.0
654,7,7.0,0.0,-7.0,10.0,-3.0,-15.0,0.0,-5.0
655,1,1.0,0.0,-1.0,-4.0,-10.0,4.0,6.0,-4.0
656,5,5.0,0.0,-5.0,-4.0,14.0,-7.0,0.0,-7.0
657,5,5.0,0.0,-5.0,12.0,9.0,-12.0,10.0,10.0
658,5,5.0,0.0,-5.0,10.0,-7.0,7.0,-15.0,-1.0
659,4,4.0,0.0,-4.0,1.0,-8.0,2.0,5.0,-15.0
660,7,7.0,0.0,-7.0,-4.0,-12.0,-3.0,10.0,12.0
661,5,5.0,0.0,-5.0,-14.0,6.0,10.0,-8.0,12.0
662,5,5.0,0.0,-5.0,11.0,8.0,6.0,-7.0,-13.0
663,6,6.0,0.0,-6.0,0.0,8.0,-9.0,0.0,6.0
664,4,4.0,0.0,-4.0,-13.0,5.0,13.0,-13.0,3.0
665,3,3.0,0.0,-3.0,2.0,-9.0,-3.0,-14.0,-5.0
666,3,3.0,0.0,-3.0,10.0,8.0,-2.0,3.0,-2.0
667,4,4.0,0.0,-4.0,-10.0,-3.0,10.0,12.0,9.0
668,6,6.0,0.0,-6.0,-13.0,-9.0,-2.0,2.0,10.0
669,7,7.0,0.0,-7.0,15.0,-9.0,4.0,12.0,8.0
670,6,6.0,0.0,-6.0,-3.0,2.0,-11.0,-1.0,-15.0
671,7,7.0,0.0,-7.0,7.0,3.0,11.0,-3.0,7.0
672,7,7.0,0.0,-7.0,2.0,13.0,-1.0,-5.0,5.0
673,3,3.0,0.0,-3.0,-3.0,7.0,9.0,3.0,4.0
674,8,8.0,0.0,-8.0,-7.0,-8.0,-3.0,11.0,-3.0
675,4,4.0,0.0,-4.0,-15.0,-12.0,15.0,-14.0,-9.0
676,4,4.0,0.0,-4.0,9.0,5.0,4.0,-9.0,-4.0
677,6,6.0,0.0,-6.0,-4.0,-3.0,12.0,4.0,-3.0
678,4,4.0,0.0,-4.0,7.0,1.0,15.0,-3.0,2.0
679,5,5.0,0.0,-5.0,-9.0,-15.0,-5.0,8.0,-1.0
680,2,2.0,0.0,-2.0,-1.0,6.0,5.0,1.0,5.0
681,4,4.0,0.0,-4.0,5.0,-10.0,-1.0,-12.0,-4.0
682,6,6.0,0.0,-6.0,-10.0,7.0,13.0,3.0,-14.0
683,7,7.0,0.0,-7.0,15.0,-7.0,5.0,-12.0,6.0
684,4,4.0,0.0,-4.0,1.0,15.0,4.0,-10.0,12.0
685,8,8.0,0.0,-8.0,13.0,-3.0,-15.0,-11.0,15.0
686,1,1.0,0.0,-1.0,2.0,13.0,2.0,6.0,-15.0
687,1,1.0,0.0,-1.0,15.0,-6.0,-2.0,-6.0,-15.0
688,1,1.0,0.0,-1.0,-8.0,-1.0,4.0,4.0,-11.0
689,4,4.0,0.0,-4.0,-4.0,-1.0,-2.0,4.0,-12.0
690,4,4.0,0.0,-4.0,-6.0,7.0,-2.0,-4.0,-10.0
691,5,5.0,0.0,-5.0,0.0,-9.0,-6.0,5.0,12.0
692,5,5.0,0.0,-5.0,-9.0,-7.0,10.0,7.0,-3.0
693,5,5.0,0.0,-5.0,15.0,-13.0,0.0,-3.0,-6.0
694,5,5.0,0.0,-5.0,11.0,1.0,1.0,-13.0,4.0
695,8,8.0,0.0,-8.0,-6.0,7.0,2.0,-5.0,10.0
696,7,7.0,0.0,-7.0,15.0,10.0,-14.0,-7.0,-5.0
697,5,5.0,0.0,-5.0,8.0,-9.0,13.0,1.0,1.0
698,4,4.0,0.0,-4.0,-6.0,-9.0,5.0,-5.0,14.0
699,3,3.0,0.0,-3.0,-1.0,2.0,9.0,-3.0,-15.0
700,3,3.0,0.0,-3.0,-7.0,12.0,-14.0,7.0,-5.0
701,9,9.0,0.0,-9.0,-11.0,-7.0,9.0,8.0,6.0
702,4,4.0,0.0,-4.0,7.0,-14.0,10.0,-4.0,3.0
703,5,5.0,0.0,-5.0,0.0,10.0,3.0,-6.0,-1.0
704,7,7.0,0.0,-7.0,-2.0,4.0,13.0,9.0,-3.0
705,4,4.0,0.0,-4.0,4.0,13.0,3.0,0.0,-10.0
706,3,3.0,0.0,-3.0,-10.0,-1.0,-4.0,11.0,8.0
707,8,8.0,0.0,-8.0,-12.0,-11.0,12.0,-5.0,3.0
708,4,4.0,0.0,-4.0,-15.0,-2.0,6.0,-5.0,6.0
709,10,10.0,0.0,-10.0,-8.0,-10.0,8.0,-10.0,-13.0
710,3,3.0,0.0,-3.0,-4.0,-13.0,-2.0,12.0,-9.0
711,5,5.0,0.0,-5.0,1.0,7.0,-2.0,10.0,-8.0
712,7,7.0,0.0,-7.0,12.0,6.0,5.0,8.0,-10.0
713,5,5.0,0.0,-5.0,-10.0,11.0,6.0,3.0,-9.0
714,6,6.0,0.0,-6.0,10.0,-12.0,11.0,-15.0,-13.0
715,7,7.0,0.0,-7.0,9.0,-1.0,-10.0,9.0,-15.0
716,8,8.0,0.0,-8.0,-5.0,13.0,2.0,-14.0,-10.0
717,5,5.0,0.0,-5.0,7.0,13.0,-9.0,7.0,-2.0
718,2,2.0,0.0,-2.0,-9.0,1.0,6.0,6.0,8.0
719,8,8.0,0.0,-8.0,-15.0,0.0,-3.0,-9.0,8.0
720,3,3.0,0.0,-3.0,-12.0,-5.0,11.0,4.0,-10.0
721,3,3.0,0.0,-3.0,11.0,-6.0,7.0,10.0,-11.0
722,5,5.0,0.0,-5.0,-15.0,4.0,-14.0,7.0,4.0
723,4,4.0,0.0,-4.0,11.0,-10.0,1.0,0.0,-11.0
724,4,4.0,0.0,-4.0,-15.0,-2.0,-10.0,7.0,8.0
725,5,5.0,0.0,-5.0,1.0,0.0,8.0,-9.0,0.0
726,8,8.0,0.0,-8.0,11.0,-2.0,5.0,-11.0,9.0
727,4,4.0,0.0,-4.0,14.0,5.0,14.0,9.0,11.0
728,5,5.0,0.0,-5.0,15.0,6.0,0.0,-10.0,-15.0
729,4,4.0,0.0,-4.0,14.0,-13.0,10.0,14.0,9.0
730,7,7.0,0.0,-7.0,-13.0,0.0,-8.0,13.0,-13.0
731,7,7.0,0.0,-7.0,-1.0,5.0,9.0,5.0,2.0
732,7,7.0,0.0,-7.0,11.0,3.0,8.0,-4.0,-6.0
733,5,5.0,0.0,-5.0,9.0,-4.0,8.0,4.0,2.0
734,8,8.0,0.0,-8.0,-11.0,1.0,-10.0,10.0,-4.0
735,2,2.0,0.0,-2.0,3.0,-8.0,0.0,2.0,12.0
736,4,4.0,0.0,-4.0,-10.0,12.0,6.0,-15.0,-8.0
737,8,8.0,0.0,-8.0,13.0,7.0,9.0,-15.0,6.0
738,4,4.0,0.0,-4.0,2.0,-11.0,-3.0,12.0,-11.0
739,4,4.0,0.0,-4.0,14.0,0.0,-13.0,-3.0,-8.0
740,5,5.0,0.0,-5.0,-3.0,3.0,-4.0,-6.0,2.0
741,3,3.0,0.0,-3.0,-13.0,-11.0,-3.0,-10.0,6.0
742,3,3.0,0.0,-3.0,-10.0,-9.0,1.0,1.0,6.0
743,2,2.0,0.0,-2.0,-8.0,2.0,7.0,-12.0,5.0
744,2,2.0,0.0,-2.0,1.0,12.0,11.0,9.0,8.0
745,5,5.0,0.0,-5.0,-15.0,2.0,-1.0,-5.0,13.0
746,5,5.0,0.0,-5.0,15.0,14.0,9.0,3.0,-11.0
747,7,7.0,0.0,-7.0,9.0,0.0,-4.0,-6.0,-8.0
748,2,2.0,0.0,-2.0,-1.0,-11.0,-4.0,0.0,3.0
749,8,8.0,0.0,-8.0,10.0,-9.0,-13.0,-7.0,-9.0
750,6,6.0,0.0,-6.0,10.0,-13.0,5.0,9.0,-4.0
751,2,2.0,0.0,-2.0,-13.0,12.0,4.0,6.0,15.0
752,5,5.0,0.0,-5.0,-6.0,10.0,2.0,-12.0,-6.0
753,6,6.0,0.0,-6.0,13.0,-8.0,4.0,-2.0,11.0
754,8,8.0,0.0,-8.0,-14.0,13.0,5.0,8.0,-3.0
755,4,4.0,0.0,-4.0,-9.0,2.0,4.0,0.0,-7.0
756,5,5.0,0.0,-5.0,-5.0,6.0,-14.0,9.0,6.0
757,6,6.0,0.0,-6.0,6.0,-5.0,-7.0,-1.0,3.0
758,2,2.0,0.0,-2.0,9.0,-7.0,9.0,10.0,9.0
759,7,7.0,0.0,-7.0,10.0,-9.0,-8.0,13.0,3.0
760,5,5.0,0.0,-5.0,-14.0,-10.0,-12.0,-2.0,9.0
761,9,9.0,0.0,-9.0,8.0,-11.0,-2.0,11.0,15.0
762,6,6.0,0.0,-6.0,-13.0,14.0,1.0,-15.0,5.0
763,6,6.0,0.0,-6.0,-3.0,11.0,9.0,-12.0,-10.0
764,7,7.0,0.0,-7.0,1.0,-13.0,-15.0,10.0,12.0
765,7,7.0,0.0,-7.0,14.0,-4.0,7.0,12.0,-11.0
766,8,8.0,0.0,-8.0,-5.0,-2.0,1.0,12.0,-14.0
767,5,5.0,0.0,-5.0,0.0,11.0,-13.0,3.0,9.0
768,7,7.0,0.0,-7.0,-13.0,10.0,-9.0,-3.0,-14.0
769,4,4.0,0.0,-4.0,-15.0,-3.0,-4.0,13.0,-1.0
770,7,7.0,0.0,-7.0,11.0,15.0,-8.0,-5.0,8.0
771,5,5.0,0.0,-5.0,-8.0,-13.0,-8.0,6.0,3.0
772,6,6.0,0.0,-6.0,3.0,14.0,-13.0,3.0,8.0
773,5,5.0,0.0,-5.0,-8.0,-14.0,-4.0,-10.0,-13.0
774,4,4.0,0.0,-4.0,-2.0,0.0,4.0,-4.0,-10.0
775,4,4.0,0.0,-4.0,-4.0,15.0,9.0,7.0,-13.0
776,6,6.0,0.0,-6.0,3.0,-4.0,7.0,-1.0,4.0
777,5,5.0,0.0,-5.0,-15.0,-10.0,-8.0,-8.0,-12.0
778,6,6.0,0.0,-6.0,4.0,1.0,4.0,0.0,-15.0
779,5,5.0,0.0,-5.0,13.0,-10.0,13.0,9.0,4.0
780,1,1.0,0.0,-1.0,7.0,-4.0,5.0,-13.0,9.0
781,4,4.0,0.0,-4.0,3.0,-13.0,6.0,-5.0,-15.0
782,7,7.0,0.0,-7.0,4.0,1.0,11.0,12.0,-5.0
783,5,5.0,0.0,-5.0,14.0,-10.0,2.0,12.0,13.0
784,9,9.0,0.0,-9.0,-13.0,-2.0,6.0,3.0,-11.0
785,3,3.0,0.0,-3.0,-5.0,3.0,13.0,12.0,-9.0
786,6,6.0,0.0,-6.0,-1.0,-13.0,-4.0,-9.0,-10.0
787,7,7.0,0.0,-7.0,-13.0,-9.0,-4.0,10.0,-5.0
788,5,5.0,0.0,-5.0,5.0,-7.0,0.0,12.0,-14.0
789,5,5.0,0.0,-5.0,9.0,-14.0,-4.0,-2.0,-15.0
790,7,7.0,0.0,-7.0,5.0,-2.0,-10.0,-15.0,9.0
791,7,7.0,0.0,-7.0,-12.0,11.0,1.0,3.0,6.0
792,9,9.0,0.0,-9.0,-1.0,-3.0,-12.0,-5.0,8.0
793,2,2.0,0.0,-2.0,14.0,13.0,-12.0,-9.0,8.0
794,5,5.0,0.0,-5.0,-6.0,-14.0,-8.0,-4.0,12.0
795,5,5.0,0.0,-5.0,-12.0,-14.0,-7.0,-9.0,14.0
796,11,11.0,0.0,-11.0,9.0,7.0,-5.0,0.0,11.0
797,5,5.0,0.0,-5.0,0.0,-14.0,3.0,13.0,-9.0
798,1,1.0,0.0,-1.0,7.0,-8.0,6.0,4.0,-15.0
799,7,7.0,0.0,-7.0,-13.0,-8.0,-3.0,7.0,15.0
800,4,4.0,0.0,-4.0,3.0,-5.0,3.0,-9.0,1.0
801,2,2.0,0.0,-2.0,-1.0,-1.0,12.0,-7.0,-13.0
802,2,2.0,0.0,-2.0,13.0,-9.0,15.0,-12.0,-14.0
803,5,5.0,0.0,-5.0,-13.0,-8.0,-1.0,12.0,10.0
804,3,3.0,0.0,-3.0,2.0,12.0,3.0,6.0,13.0
805,5,5.0,0.0,-5.0,-6.0,-11.0,-1.0,13.0,2.0
806,4,4.0,0.0,-4.0,-9.0,7.0,-12.0,-6.0,-3.0
807,7,7.0,0.0,-7.0,9.0,-10.0,-10.0,4.0,3.0
808,2,2.0,0.0,-2.0,-8.0,-6.0,11.0,12.0,-9.0
809,6,6.0,0.0,-6.0,-4.0,0.0,-10.0,14.0,9.0
810,6,6.0,0.0,-6.0,-3.0,0.0,2.0,-8.0,-8.0
811,6,6.0,0.0,-6.0,-1.0,-6.0,-2.0,-7.0,-1.0
812,9,9.0,0.0,-9.0,-2.0,10.0,8.0,8.0,6.0
813,6,6.0,0.0,-6.0,6.0,-3.0,2.0,-9.0,-12.0
814,5,5.0,0.0,-5.0,6.0,-4.0,10.0,9.0,-7.0
815,6,6.0,0.0,-6.0,8.0,-5.0,11.0,14.0,-8.0
816,1,1.0,0.0,-1.0,-3.0,-15.0,4.0,-10.0,13.0
817,5,5.0,0.0,-5.0,1.0,1.0,7.0,10.0,14.0
818,4,4.0,0.0,-4.0,12.0,11.0,-5.0,-14.0,3.0
819,6,6.0,0.0,-6.0,11.0,-6.0,10.0,-13.0,-10.0
820,2,2.0,0.0,-2.0,-12.0,-5.0,15.0,-7.0,-3.0
821,7,7.0,0.0,-7.0,-13.0,1.0,-10.0,4.0,4.0
822,9,9.0,0.0,-9.0,10.0,-1.0,-13.0,-12.0,-1.0
823,8,8.0,0.0,-8.0,0.0,6.0,13.0,-2.0,-14.0
824,8,8.0,0.0,-8.0,-6.0,7.0,4.0,-8.0,-3.0
825,6,6.0,0.0,-6.0,-4.0,-12.0,9.0,5.0,-10.0
826,6,6.0,0.0,-6.0,1.0,-3.0,-9.0,13.0,15.0
827,5,5.0,0.0,-5.0,6.0,4.0,-8.0,-2.0,-10.0
828,5,5.0,0.0,-5.0,2.0,2.0,-11.0,3.0,11.0
829,3,3.0,0.0,-3.0,-6.0,10.0,-4.0,-5.0,4.0
830,7,7.0,0.0,-7.0,4.0,11.0,-4.0,1.0,6.0
831,5,5.0,0.0,-5.0,-5.0,8.0,-11.0,8.0,1.0
832,6,6.0,0.0,-6.0,4.0,-15.0,-11.0,0.0,-10.0
833,6,6.0,0.0,-6.0,-13.0,-2.0,-4.0,14.0,-11.0
834,5,5.0,0.0,-5.0,14.0,-5.0,13.0,9.0,-2.0
835,5,5.0,0.0,-5.0,4.0,5.0,4.0,5.0,-8.0
836,2,2.0,0.0,-2.0,1.0,-15.0,-9.0,8.0,4.0
837,7,7.0,0.0,-7.0,-8.0,-4.0,14.0,-12.0,4.0
838,4,4.0,0.0,-4.0,-3.0,-1.0,7.0,7.0,-14.0
839,4,4.0,0.0,-4.0,-1.0,-6.0,-14.0,8.0,6.0
840,4,4.0,0.0,-4.0,15.0,-13.0,-11.0,-3.0,-5.0
841,6,6.0,0.0,-6.0,15.0,1.0,9.0,-12.0,1.0
842,7,7.0,0.0,-7.0,10.0,-10.0,3.0,13.0,8.0
843,4,4.0,0.0,-4.0,-14.0,3.0,-4.0,-5.0,7.0
844,4,4.0,0.0,-4.0,8.0,6.0,-12.0,12.0,-2.0
845,7,7.0,0.0,-7.0,13.0,7.0,8.0,14.0,0.0
846,4,4.0,0.0,-4.0,-12.0,-4.0,-4.0,14.0,8.0
847,2,2.0,0.0,-2.0,9.0,1.0,-3.0,0.0,2.0
848,7,7.0,0.0,-7.0,7.0,-15.0,11.0,-10.0,-2.0
849,4,4.0,0.0,-4.0,-3.0,11.0,6.0,-6.0,-5.0
850,5,5.0,0.0,-5.0,13.0,5.0,8.0,4.0,11.0
851,3,3.0,0.0,-3.0,-1.0,10.0,-2.0,14.0,-13.0
852,6,6.0,0.0,-6.0,-12.0,10.0,-4.0,7.0,-3.0
853,4,4.0,0.0,-4.0,-10.0,-13.0,11.0,-3.0,0.0
854,9,9.0,0.0,-9.0,-5.0,1.0,-11.0,-2.0,-15.0
855,2,2.0,0.0,-2.0,9.0,5.0,14.0,4.0,14.0
856,5,5.0,0.0,-5.0,-11.0,-1.0,-5.0,-2.0,-12.0
857,3,3.0,0.0,-3.0,-11.0,-6.0,11.0,0.0,9.0
858,4,4.0,0.0,-4.0,6.0,4.0,7.0,-15.0,-4.0
859,7,7.0,0.0,-7.0,-5.0,-14.0,-3.0,-13.0,6.0
860,10,10.0,0.0,-10.0,-14.0,6.0,-12.0,-5.0,-7.0
861,5,5.0,0.0,-5.0,2.0,4.0,13.0,-6.0,5.0
862,6,6.0,0.0,-6.0,12.0,-12.0,13.0,-3.0,14.0
863,7,7.0,0.0,-7.0,9.0,3.0,-12.0,-13.0,-4.0
864,2,2.0,0.0,-2.0,-8.0,-9.0,-7.0,13.0,4.0
865,2,2.0,0.0,-2.0,-11.0,-9.0,0.0,4.0,0.0
866,1,1.0,0.0,-1.0,15.0,-15.0,0.0,0.0,9.0
867,4,4.0,0.0,-4.0,-14.0,6.0,0.0,5.0,-8.0
868,2,2.0,0.0,-2.0,-4.0,-5.0,-3.0,5.0,-11.0
869,6,6.0,0.0,-6.0,12.0,-5.0,9.0,-8.0,11.0
870,4,4.0,0.0,-4.0,10.0,2.0,15.0,13.0,-14.0
871,4,4.0,0.0,-4.0,1.0,-5.0,-2.0,-7.0,5.0
872,6,6.0,0.0,-6.0,-8.0,-14.0,1.0,2.0,-4.0
873,6,6.0,0.0,-6.0,-12.0,0.0,-3.0,3.0,-9.0
874,3,3.0,0.0,-3.0,-1.0,-8.0,14.0,-9.0,-15.0
875,5,5.0,0.0,-5.0,1.0,4.0,15.0,-10.0,12.0
876,6,6.0,0.0,-6.0,-11.0,-9.0,14.0,-8.0,0.0
877,3,3.0,0.0,-3.0,-4.0,1.0,-4.0,-13.0,-4.0
878,2,2.0,0.0,-2.0,15.0,11.0,11.0,-12.0,5.0
879,6,6.0,0.0,-6.0,-10.0,13.0,-1.0,-10.0,15.0
880,7,7.0,0.0,-7.0,-7.0,-6.0,-13.0,-4.0,6.0
881,7,7.0,0.0,-7.0,7.0,-3.0,-6.0,7.0,1.0
882,4,4.0,0.0,-4.0,5.0,-3.0,9.0,-13.0,1.0
883,5,5.0,0.0,-5.0,15.0,10.0,-7.0,7.0,11.0
884,4,4.0,0.0,-4.0,11.0,15.0,-5.0,-4.0,-10.0
885,1,1.0,0.0,-1.0,-4.0,14.0,8.0,-5.0,3.0
886,4,4.0,0.0,-4.0,5.0,-14.0,-8.0,-7.0,-3.0
887,7,7.0,0.0,-7.0,-14.0,6.0,-10.0,-9.0,10.0
888,3,3.0,0.0,-3.0,-8.0,-11.0,14.0,4.0,13.0
889,9,9.0,0.0,-9.0,14.0,0.0,-13.0,9.0,-13.0
890,6,6.0,0.0,-6.0,-7.0,-15.0,-12.0,10.0,4.0
891,8,8.0,0.0,-8.0,1.0,-8.0,-8.0,-12.0,-1.0
892,6,6.0,0.0,-6.0,6.0,-1.0,-1.0,-9.0,13.0
893,1,1.0,0.0,-1.0,-4.0,14.0,3.0,-11.0,3.0
894,5,5.0,0.0,-5.0,-1.0,1.0,1.0,-8.0,-10.0
895,6,6.0,0.0,-6.0,-8.0,6.0,14.0,9.0,9.0
896,6,6.0,0.0,-6.0,-6.0,-1.0,-11.0,-4.0,0.0
897,2,2.0,0.0,-2.0,0.0,-7.0,-8.0,-9.0,15.0
898,4,4.0,0.0,-4.0,14.0,-11.0,13.0,-10.0,9.0
899,5,5.0,0.0,-5.0,4.0,-13.0,13.0,5.0,10.0
900,4,4.0,0.0,-4.0,-14.0,-7.0,14.0,3.0,2.0
901,5,5.0,0.0,-5.0,-14.0,-14.0,-6.0,-7.0,-11.0
902,6,6.0,0.0,-6.0,-9.0,-6.0,-8.0,0.0,-7.0
903,0,0.0,0.0,0.0,-13.0,7.0,1.0,-12.0,-13.0
904,3,3.0,0.0,-3.0,-13.0,-3.0,13.0,-6.0,-3.0
905,7,7.0,0.0,-7.0,-7.0,-7.0,-3.0,-3.0,-12.0
906,5,5.0,0.0,-5.0,12.0,-15.0,15.0,2.0,-9.0
907,3,3.0,0.0,-3.0,3.0,0.0,13.0,9.0,-10.0
908,6,6.0,0.0,-6.0,-10.0,12.0,6.0,13.0,-3.0
909,6,6.0,0.0,-6.0,3.0,2.0,-8.0,-11.0,6.0
910,7,7.0,0.0,-7.0,-4.0,-9.0,-2.0,0.0,-4.0
911,8,8.0,0.0,-8.0,-6.0,-12.0,14.0,-4.0,9.0
912,4,4.0,0.0,-4.0,9.0,-8.0,-14.0,-13.0,15.0
913,5,5.0,0.0,-5.0,-2.0,-11.0,3.0,4.0,13.0
914,8,8.0,0.0,-8.0,15.0,-9.0,14.0,4.0,9.0
915,5,5.0,0.0,-5.0,7.0,4.0,3.0,8.0,-4.0
916,7,7.0,0.0,-7.0,-15.0,-15.0,5.0,3.0,-3.0
917,6,6.0,0.0,-6.0,-8.0,-1.0,6.0,2.0,-13.0
918,5,5.0,0.0,-5.0,8.0,-5.0,-10.0,1.0,-1.0
919,4,4.0,0.0,-4.0,9.0,-6.0,-14.0,-7.0,10.0
920,6,6.0,0.0,-6.0,11.0,5.0,-1.0,-13.0,14.0
921,7,7.0,0.0,-7.0,3.0,-15.0,7.0,-9.0,-2.0
922,5,5.0,0.0,-5.0,-1.0,12.0,-5.0,3.0,-4.0
923,6,6.0,0.0,-6.0,-9.0,8.0,7.0,-7.0,-12.0
924,4,4.0,0.0,-4.0,0.0,-9.0,-15.0,12.0,-7.0
925,4,4.0,0.0,-4.0,13.0,-11.0,12.0,-3.0,-1.0
926,4,4.0,0.0,-4.0,4.0,-6.0,13.0,-1.0,-7.0
927,8,8.0,0.0,-8.0,-5.0,-13.0,-13.0,10.0,14.0
928,2,2.0,0.0,-2.0,11.0,6.0,-11.0,-15.0,4.0
929,8,8.0,0.0,-8.0,4.0,-12.0,-11.0,-15.0,0.0
930,5,5.0,0.0,-5.0,-12.0,-8.0,-6.0,6.0,13.0
931,3,3.0,0.0,-3.0,-1.0,6.0,-5.0,-12.0,-3.0
932,5,5.0,0.0,-5.0,-1.0,-11.0,15.0,0.0,-12.0
933,2,2.0,0.0,-2.0,12.0,-6.0,7.0,-10.0,13.0
934,9,9.0,0.0,-9.0,0.0,14.0,1.0,-5.0,11.0
935,6,6.0,0.0,-6.0,14.0,11.0,15.0,-4.0,-1.0
936,7,7.0,0.0,-7.0,7.0,10.0,-9.0,-12.0,0.0
937,8,8.0,0.0,-8.0,-4.0,-5.0,-12.0,-11.0,-10.0
938,5,5.0,0.0,-5.0,-13.0,-7.0,5.0,10.0,-11.0
939,5,5.0,0.0,-5.0,5.0,-1.0,-3.0,12.0,10.0
940,6,6.0,0.0,-6.0,-11.0,14.0,12.0,2.0,-13.0
941,7,7.0,0.0,-7.0,-2.0,2.0,11.0,6.0,2.0
942,4,4.0,0.0,-4.0,-2.0,-13.0,4.0,-4.0,1.0
943,5,5.0,0.0,-5.0,-4.0,-9.0,-2.0,-11.0,-14.0
944,6,6.0,0.0,-6.0,1.0,1.0,-4.0,-11.0,11.0
945,4,4.0,0.0,-4.0,6.0,-4.0,12.0,10.0,-11.0
946,4,4.0,0.0,-4.0,-8.0,11.0,8.0,-4.0,15.0
947,4,4.0,0.0,-4.0,-14.0,-14.0,-4.0,-8.0,3.0
948,6,6.0,0.0,-6.0,14.0,-9.0,-8.0,-13.0,-2.0
949,5,5.0,0.0,-5.0,0.0,-14.0,2.0,12.0,7.0
950,3,3.0,0.0,-3.0,-8.0,1.0,7.0,-2.0,12.0
951,3,3.0,0.0,-3.0,-1.0,3.0,3.0,4.0,-2.0
952,10,10.0,0.0,-10.0,-8.0,-1.0,-1.0,4.0,10.0
953,1,1.0,0.0,-1.0,-5.0,-3.0,-7.0,5.0,-2.0
954,2,2.0,0.0,-2.0,5.0,-4.0,12.0,8.0,-4.0
955,3,3.0,0.0,-3.0,-15.0,-7.0,-15.0,0.0,-11.0
956,4,4.0,0.0,-4.0,-4.0,-13.0,2.0,-9.0,-2.0
957,4,4.0,0.0,-4.0,15.0,-14.0,-1.0,6.0,14.0
958,8,8.0,0.0,-8.0,-7.0,11.0,-2.0,-4.0,14.0
959,4,4.0,0.0,-4.0,-8.0,11.0,-2.0,-10.0,-8.0
960,2,2.0,0.0,-2.0,-10.0,8.0,-9.0,8.0,-10.0
961,4,4.0,0.0,-4.0,11.0,-15.0,14.0,-10.0,-8.0
962,2,2.0,0.0,-2.0,-7.0,-8.0,8.0,0.0,-12.0
963,8,8.0,0.0,-8.0,7.0,-4.0,0.0,-6.0,-10.0
964,5,5.0,0.0,-5.0,-1.0,14.0,0.0,14.0,1.0
965,2,2.0,0.0,-2.0,-3.0,4.0,2.0,13.0,1.0
966,5,5.0,0.0,-5.0,-9.0,-6.0,-7.0,-2.0,4.0
967,4,4.0,0.0,-4.0,15.0,4.0,-13.0,-10.0,3.0
968,1,1.0,0.0,-1.0,-13.0,-6.0,4.0,3.0,-9.0
969,8,8.0,0.0,-8.0,-11.0,13.0,11.0,14.0,7.0
970,7,7.0,0.0,-7.0,2.0,7.0,-14.0,6.0,-12.0
971,4,4.0,0.0,-4.0,15.0,15.0,15.0,2.0,9.0
972,4,4.0,0.0,-4.0,5.0,-14.0,5.0,-1.0,-2.0
973,5,5.0,0.0,-5.0,-11.0,-5.0,-15.0,-1.0,-15.0
974,6,6.0,0.0,-6.0,6.0,-9.0,-4.0,5.0,15.0
975,6,6.0,0.0,-6.0,-6.0,-8.0,-6.0,-3.0,-13.0
976,4,4.0,0.0,-4.0,2.0,-8.0,1.0,13.0,10.0
977,4,4.0,0.0,-4.0,6.0,9.0,7.0,5.0,5.0
978,6,6.0,0.0,-6.0,-2.0,15.0,-8.0,-8.0,13.0
979,9,9.0,0.0,-9.0,-8.0,-10.0,-11.0,6.0,15.0
980,6,6.0,0.0,-6.0,9.0,4.0,15.0,10.0,-6.0
981,7,7.0,0.0,-7.0,2.0,9.0,-13.0,-3.0,13.0
982,5,5.0,0.0,-5.0,15.0,6.0,2.0,-7.0,6.0
983,7,7.0,0.0,-7.0,11.0,7.0,2.0,3.0,13.0
984,8,8.0,0.0,-8.0,5.0,6.0,-9.0,-11.0,-12.0
985,5,5.0,0.0,-5.0,-3.0,-11.0,-7.0,4.0,-14.0
986,6,6.0,0.0,-6.0,-3.0,12.0,0.0,13.0,2.0
987,6,6.0,0.0,-6.0,-8.0,-12.0,10.0,-2.0,-6.0
988,7,7.0,0.0,-7.0,-7.0,-7.0,12.0,6.0,-9.0
989,1,1.0,0.0,-1.0,-5.0,-1.0,-12.0,1.0,-13.0
990,9,9.0,0.0,-9.0,-8.0,-14.0,10.0,-6.0,-1.0
991,5,5.0,0.0,-5.0,-10.0,-13.0,10.0,-1.0,-10.0
992,3,3.0,0.0,-3.0,-15.0,14.0,-4.0,10.0,0.0
993,5,5.0,0.0,-5.0,-5.0,6.0,-6.0,-12.0,-10.0
994,5,5.0,0.0,-5.0,3.0,8.0,-7.0,-8.0,-12.0
995,5,5.0,0.0,-5.0,9.0,3.0,11.0,-8.0,8.0
996,5,5.0,0.0,-5.0,0.0,11.0,2.0,-13.0,4.0
997,7,7.0,0.0,-7.0,1.0,11.0,5.0,-2.0,-6.0
998,4,4.0,0.0,-4.0,-3.0,11.0,10.0,0.0,2.0
999,7,7.0,0.0,-7.0,-9.0,-4.0,11.0,11.0,-10.0
1000,6,6.0,0.0,-6.0,2.0,-7.0,1.0,7.0,8.0
1001,6,6.0,0.0,-6.0,12.0,-14.0,-2.0,8.0,1.0
1002,10,10.0,0.0,-10.0,4.0,-2.0,15.0,1.0,6.0
1003,7,7.0,0.0,-7.0,15.0,9.0,-9.0,1.0,14.0
1004,3,3.0,0.0,-3.0,8.0,1.0,-9.0,3.0,-7.0
1005,6,6.0,0.0,-6.0,-11.0,6.0,0.0,1.0,-4.0
1006,2,2.0,0.0,-2.0,-14.0,0.0,8.0,-8.0,11.0
1007,9,9.0,0.0,-9.0,-9.0,-4.0,-12.0,0.0,8.0
1008,5,5.0,0.0,-5.0,-10.0,14.0,0.0,14.0,-13.0
1009,8,8.0,0.0,-8.0,14.0,11.0,14.0,9.0,7.0
1010,3,3.0,0.0,-3.0,-13.0,-4.0,-11.0,0.0,14.0
1011,2,2.0,0.0,-2.0,-6.0,-8.0,-8.0,-13.0,-5.0
1012,5,5.0,0.0,-5.0,2.0,2.0,-11.0,1.0,-7.0
1013,4,4.0,0.0,-4.0,1.0,6.0,1.0,5.0,1.0
1014,6,6.0,0.0,-6.0,-7.0,9.0,6.0,4.0,-3.0
1015,2,2.0,0.0,-2.0,13.0,4.0,-15.0,3.0,11.0
1016,8,8.0,0.0,-8.0,-7.0,12.0,4.0,6.0,0.0
1017,6,6.0,0.0,-6.0,-2.0,8.0,4.0,15.0,4.0
1018,5,5.0,0.0,-5.0,8.0,13.0,2.0,3.0,13.0
1019,5,5.0,0.0,-5.0,-11.0,8.0,4.0,1.0,-2.0
1020,7,7.0,0.0,-7.0,-2.0,14.0,-1.0,-15.0,0.0
1021,5,5.0,0.0,-5.0,7.0,2.0,-3.0,10.0,1.0
1022,7,7.0,0.0,-7.0,-14.0,3.0,6.0,-6.0,10.0
1023,7,7.0,0.0,-7.0,-11.0,-6.0,-14.0,-11.0,-9.0
1024,6,6.0,0.0,-6.0,-14.0,0.0,-4.0,10.0,-9.0
1025,5,5.0,0.0,-5.0,-13.0,4.0,-9.0,6.0,10.0
1026,3,3.0,0.0,-3.0,-10.0,13.0,-13.0,9.0,-4.0
1027,3,3.0,0.0,-3.0,0.0,-14.0,8.0,-11.0,5.0
1028,2,2.0,0.0,-2.0,6.0,-12.0,13.0,3.0,10.0
1029,4,4.0,0.0,-4.0,-15.0,5.0,-1.0,8.0,-1.0
1030,3,3.0,0.0,-3.0,9.0,-15.0,-8.0,14.0,-1.0
1031,2,2.0,0.0,-2.0,-7.0,5.0,13.0,2.0,-15.0
1032,5,5.0,0.0,-5.0,14.0,12.0,-13.0,15.0,13.0
1033,6,6.0,0.0,-6.0,-7.0,6.0,-14.0,-8.0,7.0
1034,9,9.0,0.0,-9.0,8.0,7.0,-9.0,-12.0,-9.0
1035,7,7.0,0.0,-7.0,-2.0,-9.0,10.0,-5.0,10.0
1036,6,6.0,0.0,-6.0,11.0,-2.0,-9.0,-15.0,2.0
1037,7,7.0,0.0,-7.0,8.0,4.0,5.0,-10.0,-3.0
1038,5,5.0,0.0,-5.0,2.0,-3.0,-5.0,2.0,7.0
1039,6,6.0,0.0,-6.0,-12.0,5.0,10.0,-8.0,7.0
1040,3,3.0,0.0,-3.0,6.0,-5.0,7.0,-1.0,1.0
1041,5,5.0,0.0,-5.0,-1.0,-9.0,-9.0,-8.0,0.0
1042,5,5.0,0.0,-5.0,-12.0,5.0,-10.0,-1.0,15.0
1043,5,5.0,0.0,-5.0,-8.0,3.0,15.0,6.0,3.0
1044,3,3.0,0.0,-3.0,0.0,-14.0,0.0,1.0,-9.0
1045,2,2.0,0.0,-2.0,-4.0,4.0,-10.0,1.0,-9.0
1046,4,4.0,0.0,-4.0,-8.0,2.0,15.0,-15.0,-1.0
1047,1,1.0,0.0,-1.0,-14.0,-8.0,-7.0,-8.0,0.0
1048,7,7.0,0.0,-7.0,1.0,-1.0,-13.0,4.0,4.0
1049,3,3.0,0.0,-3.0,-15.0,2.0,-10.0,0.0,-14.0
1050,4,4.0,0.0,-4.0,12.0,4.0,-11.0,-7.0,-3.0
1051,9,9.0,0.0,-9.0,-10.0,-10.0,4.0,4.0,2.0
1052,9,9.0,0.0,-9.0,10.0,-15.0,-8.0,3.0,-9.0
1053,4,4.0,0.0,-4.0,-13.0,-10.0,-9.0,11.0,5.0
1054,8,8.0,0.0,-8.0,-14.0,7.0,-6.0,1.0,-15.0
1055,8,8.0,0.0,-8.0,0.0,-4.0,6.0,4.0,-14.0
1056,11,11.0,0.0,-11.0,7.0,10.0,10.0,-11.0,5.0
1057,4,4.0,0.0,-4.0,11.0,7.0,10.0,-11.0,8.0
1058,8,8.0,0.0,-8.0,-15.0,15.0,7.0,4.0,8.0
1059,1,1.0,0.0,-1.0,11.0,-15.0,-6.0,6.0,7.0
1060,6,6.0,0.0,-6.0,11.0,6.0,-5.0,-2.0,10.0
1061,4,4.0,0.0,-4.0,7.0,2.0,3.0,-13.0,4.0
1062,7,7.0,0.0,-7.0,-11.0,-5.0,-11.0,-1.0,7.0
1063,5,5.0,0.0,-5.0,15.0,10.0,9.0,-13.0,-1.0
1064,3,3.0,0.0,-3.0,-9.0,-4.0,14.0,-9.0,5.0
1065,5,5.0,0.0,-5.0,-2.0,2.0,6.0,-3.0,13.0
1066,6,6.0,0.0,-6.0,-4.0,8.0,-10.0,15.0,-8.0
1067,8,8.0,0.0,-8.0,-3.0,8.0,-8.0,6.0,-2.0
1068,5,5.0,0.0,-5.0,-10.0,-12.0,13.0,1.0,-10.0
1069,5,5.0,0.0,-5.0,-9.0,-11.0,14.0,15.0,5.0
1070,5,5.0,0.0,-5.0,13.0,-10.0,3.0,10.0,-13.0
1071,9,9.0,0.0,-9.0,1.0,-9.0,7.0,3.0,-7.0
1072,3,3.0,0.0,-3.0,-5.0,2.0,10.0,-1.0,5.0
1073,2,2.0,0.0,-2.0,15.0,11.0,0.0,-6.0,-10.0
1074,3,3.0,0.0,-3.0,7.0,9.0,11.0,9.0,14.0
1075,0,0.0,0.0,0.0,4.0,-8.0,9.0,1.0,-3.0
1076,7,7.0,0.0,-7.0,-11.0,9.0,-8.0,-10.0,-8.0
1077,9,9.0,0.0,-9.0,-6.0,6.0,12.0,12.0,-8.0
1078,5,5.0,0.0,-5.0,-7.0,-1.0,13.0,-11.0,-1.0
1079,3,3.0,0.0,-3.0,11.0,0.0,4.0,1.0,13.0
1080,2,2.0,0.0,-2.0,-6.0,13.0,3.0,2.0,-10.0
1081,6,6.0,0.0,-6.0,-2.0,14.0,-9.0,1.0,-3.0
1082,6,6.0,0.0,-6.0,8.0,-15.0,6.0,-1.0,-4.0
1083,7,7.0,0.0,-7.0,2.0,6.0,4.0,8.0,14.0
1084,5,5.0,0.0,-5.0,-10.0,-11.0,-11.0,15.0,0.0
1085,5,5.0,0.0,-5.0,10.0,12.0,4.0,11.0,-2.0
1086,4,4.0,0.0,-4.0,-14.0,6.0,-15.0,11.0,-11.0
1087,5,5.0,0.0,-5.0,4.0,-12.0,9.0,10.0,-11.0
1088,3,3.0,0.0,-3.0,3.0,-3.0,10.0,2.0,15.0
1089,4,4.0,0.0,-4.0,-15.0,15.0,4.0,-15.0,-11.0
1090,8,8.0,0.0,-8.0,-11.0,-4.0,-14.0,13.0,-10.0
1091,6,6.0,0.0,-6.0,11.0,4.0,4.0,4.0,-3.0
1092,7,7.0,0.0,-7.0,-8.0,12.0,-14.0,-7.0,-14.0
1093,5,5.0,0.0,-5.0,-4.0,7.0,-9.0,13.0,-7.0
1094,1,1.0,0.0,-1.0,15.0,-3.0,-2.0,-11.0,-8.0
1095,3,3.0,0.0,-3.0,14.0,7.0,-15.0,3.0,-7.0
1096,5,5.0,0.0,-5.0,7.0,-12.0,4.0,15.0,9.0
1097,4,4.0,0.0,-4.0,-8.0,15.0,-13.0,-8.0,4.0
1098,7,7.0,0.0,-7.0,10.0,2.0,2.0,-9.0,4.0
1099,5,5.0,0.0,-5.0,7.0,0.0,-7.0,0.0,-2.0
1100,7,7.0,0.0,-7.0,1.0,-13.0,-1.0,11.0,-12.0
1101,8,8.0,0.0,-8.0,14.0,10.0,12.0,-7.0,-1.0
1102,7,7.0,0.0,-7.0,2.0,11.0,5.0,1.0,1.0
1103,7,7.0,0.0,-7.0,-1.0,8.0,2.0,2.0,-14.0
1104,7,7.0,0.0,-7.0,-6.0,6.0,-4.0,5.0,-5.0
1105,4,4.0,0.0,-4.0,11.0,-12.0,10.0,15.0,2.0
1106,8,8.0,0.0,-8.0,2.0,-3.0,-1.0,12.0,0.0
1107,5,5.0,0.0,-5.0,4.0,3.0,15.0,-8.0,-3.0
1108,5,5.0,0.0,-5.0,-15.0,-4.0,15.0,4.0,-7.0
1109,3,3.0,0.0,-3.0,-9.0,-10.0,14.0,6.0,2.0
1110,4,4.0,0.0,-4.0,1.0,13.0,14.0,-5.0,10.0
1111,8,8.0,0.0,-8.0,-12.0,-14.0,-8.0,-11.0,1.0
1112,8,8.0,0.0,-8.0,-14.0,11.0,-8.0,-13.0,-5.0
1113,5,5.0,0.0,-5.0,5.0,6.0,7.0,-4.0,6.0
1114,3,3.0,0.0,-3.0,-7.0,-1.0,15.0,-10.0,1.0
1115,5,5.0,0.0,-5.0,7.0,8.0,0.0,-13.0,5.0
1116,3,3.0,0.0,-3.0,-12.0,-8.0,-13.0,14.0,5.0
1117,6,6.0,0.0,-6.0,7.0,13.0,-12.0,0.0,1.0
1118,2,2.0,0.0,-2.0,-15.0,5.0,-12.0,-14.0,-15.0
1119,3,3.0,0.0,-3.0,-4.0,6.0,-6.0,9.0,15.0
1120,1,1.0,0.0,-1.0,-15.0,0.0,5.0,-4.0,0.0
1121,6,6.0,0.0,-6.0,2.0,-3.0,2.0,-5.0,-5.0
1122,7,7.0,0.0,-7.0,-3.0,7.0,-3.0,-5.0,10.0
1123,5,5.0,0.0,-5.0,-13.0,9.0,-3.0,5.0,-14.0
1124,3,3.0,0.0,-3.0,-15.0,-9.0,1.0,-6.0,15.0
1125,3,3.0,0.0,-3.0,12.0,3.0,-7.0,-10.0,5.0
1126,5,5.0,0.0,-5.0,8.0,-6.0,-5.0,3.0,5.0
1127,6,6.0,0.0,-6.0,-6.0,-13.0,-15.0,-8.0,0.0
1128,7,7.0,0.0,-7.0,-15.0,-10.0,-11.0,4.0,-1.0
1129,2,2.0,0.0,-2.0,12.0,7.0,-8.0,-8.0,-6.0
1130,4,4.0,0.0,-4.0,13.0,5.0,14.0,-15.0,-13.0
1131,5,5.0,0.0,-5.0,-15.0,9.0,-2.0,13.0,5.0
1132,9,9.0,0.0,-9.0,14.0,2.0,15.0,8.0,4.0
1133,5,5.0,0.0,-5.0,-10.0,-10.0,-3.0,-15.0,-14.0
1134,4,4.0,0.0,-4.0,-15.0,11.0,-13.0,5.0,15.0
1135,4,4.0,0.0,-4.0,11.0,-13.0,-4.0,-10.0,0.0
1136,7,7.0,0.0,-7.0,14.0,6.0,-11.0,-5.0,1.0
1137,4,4.0,0.0,-4.0,-14.0,8.0,6.0,8.0,14.0
1138,4,4.0,0.0,-4.0,6.0,-6.0,-7.0,11.0,13.0
1139,5,5.0,0.0,-5.0,-5.0,-4.0,-12.0,10.0,8.0
1140,5,5.0,0.0,-5.0,-12.0,7.0,12.0,-15.0,-8.0
1141,3,3.0,0.0,-3.0,11.0,-7.0,9.0,-15.0,10.0
1142,3,3.0,0.0,-3.0,-7.0,-10.0,12.0,13.0,-4.0
1143,3,3.0,0.0,-3.0,-9.0,14.0,4.0,3.0,-6.0
1144,7,7.0,0.0,-7.0,4.0,-5.0,1.0,-5.0,-6.0
1145,4,4.0,0.0,-4.0,-9.0,-1.0,-14.0,-12.0,-10.0
1146,7,7.0,0.0,-7.0,-10.0,-1.0,-11.0,3.0,-15.0
1147,5,5.0,0.0,-5.0,13.0,5.0,-7.0,15.0,10.0
1148,4,4.0,0.0,-4.0,-5.0,3.0,5.0,-13.0,1.0
1149,5,5.0,0.0,-5.0,-1.0,-3.0,-7.0,5.0,11.0
1150,5,5.0,0.0,-5.0,13.0,-14.0,-10.0,-5.0,15.0
1151,6,6.0,0.0,-6.0,-15.0,7.0,-6.0,4.0,-3.0
1152,7,7.0,0.0,-7.0,-2.0,7.0,13.0,-1.0,15.0
1153,5,5.0,0.0,-5.0,-14.0,4.0,-10.0,10.0,3.0
1154,2,2.0,0.0,-2.0,9.0,9.0,8.0,1.0,0.0
1155,8,8.0,0.0,-8.0,3.0,-3.0,-10.0,-11.0,3.0
1156,8,8.0,0.0,-8.0,-10.0,-2.0,-15.0,-11.0,-11.0
1157,6,6.0,0.0,-6.0,8.0,13.0,-13.0,-12.0,8.0
1158,3,3.0,0.0,-3.0,4.0,-9.0,3.0,-6.0,-12.0
1159,6,6.0,0.0,-6.0,-4.0,2.0,13.0,14.0,15.0
1160,3,3.0,0.0,-3.0,-8.0,-3.0,-3.0,0.0,5.0
1161,8,8.0,0.0,-8.0,-15.0,-12.0,-9.0,10.0,-10.0
1162,2,2.0,0.0,-2.0,-10.0,-2.0,0.0,3.0,-14.0
1163,1,1.0,0.0,-1.0,4.0,12.0,8.0,-6.0,2.0
1164,2,2.0,0.0,-2.0,9.0,-13.0,9.0,7.0,-15.0
1165,2,2.0,0.0,-2.0,1.0,4.0,13.0,5.0,12.0
1166,5,5.0,0.0,-5.0,-11.0,2.0,11.0,1.0,12.0
1167,3,3.0,0.0,-3.0,-6.0,-11.0,15.0,5.0,-10.0
1168,3,3.0,0.0,-3.0,-1.0,10.0,6.0,9.0,9.0
1169,8,8.0,0.0,-8.0,-15.0,-6.0,9.0,-10.0,15.0
1170,4,4.0,0.0,-4.0,-5.0,1.0,2.0,7.0,-3.0
1171,6,6.0,0.0,-6.0,11.0,-3.0,9.0,6.0,-13.0
1172,6,6.0,0.0,-6.0,10.0,8.0,-12.0,-12.0,5.0
1173,3,3.0,0.0,-3.0,6.0,-6.0,8.0,-14.0,1.0
1174,6,6.0,0.0,-6.0,-5.0,15.0,-12.0,13.0,-12.0
1175,7,7.0,0.0,-7.0,8.0,11.0,-2.0,6.0,0.0
1176,6,6.0,0.0,-6.0,-4.0,-1.0,14.0,-6.0,-6.0
1177,5,5.0,0.0,-5.0,12.0,-6.0,7.0,15.0,11.0
1178,5,5.0,0.0,-5.0,-2.0,5.0,13.0,11.0,-4.0
1179,4,4.0,0.0,-4.0,4.0,-11.0,15.0,-10.0,8.0
1180,3,3.0,0.0,-3.0,-9.0,6.0,12.0,-14.0,-5.0
1181,8,8.0,0.0,-8.0,10.0,9.0,-3.0,-5.0,-4.0
1182,3,3.0,0.0,-3.0,5.0,8.0,9.0,15.0,-1.0
1183,4,4.0,0.0,-4.0,0.0,-15.0,3.0,-9.0,9.0
1184,3,3.0,0.0,-3.0,-12.0,15.0,7.0,13.0,-4.0
1185,8,8.0,0.0,-8.0,0.0,4.0,-10.0,6.0,6.0
1186,9,9.0,0.0,-9.0,-13.0,-4.0,-13.0,-8.0,2.0
1187,5,5.0,0.0,-5.0,4.0,5.0,-8.0,10.0,-13.0
1188,5,5.0,0.0,-5.0,-15.0,1.0,-6.0,-12.0,-15.0
1189,5,5.0,0.0,-5.0,3.0,14.0,-8.0,-13.0,-10.0
1190,8,8.0,0.0,-8.0,-11.0,-1.0,0.0,-14.0,0.0
1191,3,3.0,0.0,-3.0,10.0,-2.0,5.0,-5.0,2.0
1192,6,6.0,0.0,-6.0,-7.0,-14.0,-14.0,5.0,7.0
1193,6,6.0,0.0,-6.0,-8.0,10.0,6.0,-10.0,11.0
1194,8,8.0,0.0,-8.0,4.0,-10.0,13.0,-4.0,-3.0
1195,2,2.0,0.0,-2.0,-11.0,6.0,10.0,-13.0,-7.0
1196,4,4.0,0.0,-4.0,-11.0,5.0,7.0,-9.0,6.0
1197,4,4.0,0.0,-4.0,14.0,12.0,11.0,13.0,10.0
1198,6,6.0,0.0,-6.0,-10.0,-1.0,14.0,-14.0,8.0
1199,5,5.0,0.0,-5.0,-6.0,10.0,8.0,-13.0,-5.0
1200,3,3.0,0.0,-3.0,-11.0,6.0,13.0,-8.0,9.0
1201,6,6.0,0.0,-6.0,4.0,-9.0,-1.0,-6.0,13.0
1202,4,4.0,0.0,-4.0,-8.0,7.0,5.0,-14.0,-10.0
1203,5,5.0,0.0,-5.0,0.0,-10.0,15.0,-7.0,0.0
1204,7,7.0,0.0,-7.0,5.0,-8.0,-9.0,4.0,-4.0
1205,6,6.0,0.0,-6.0,-11.0,0.0,-9.0,14.0,7.0
1206,3,3.0,0.0,-3.0,-11.0,-12.0,6.0,15.0,7.0
1207,1,1.0,0.0,-1.0,11.0,10.0,-13.0,9.0,2.0
1208,2,2.0,0.0,-2.0,-1.0,4.0,-2.0,8.0,-4.0
1209,6,6.0,0.0,-6.0,-9.0,-13.0,-2.0,14.0,5.0
1210,5,5.0,0.0,-5.0,6.0,11.0,2.0,14.0,14.0
1211,3,3.0,0.0,-3.0,-7.0,9.0,10.0,2.0,-7.0
1212,6,6.0,0.0,-6.0,-11.0,-6.0,12.0,7.0,14.0
1213,7,7.0,0.0,-7.0,-4.0,-7.0,6.0,-1.0,12.0
1214,6,6.0,0.0,-6.0,10.0,-1.0,12.0,-15.0,-6.0
1215,2,2.0,0.0,-2.0,-7.0,14.0,-8.0,-12.0,7.0
1216,5,5.0,0.0,-5.0,-4.0,9.0,-3.0,-5.0,-11.0
1217,5,5.0,0.0,-5.0,-7.0,1.0,-2.0,-9.0,-3.0
1218,5,5.0,0.0,-5.0,1.0,7.0,-13.0,0.0,13.0
1219,2,2.0,0.0,-2.0,1.0,9.0,8.0,-15.0,-14.0
1220,2,2.0,0.0,-2.0,-7.0,6.0,11.0,-13.0,-14.0
1221,7,7.0,0.0,-7.0,-13.0,-13.0,-4.0,-15.0,-8.0
1222,6,6.0,0.0,-6.0,4.0,-8.0,-2.0,5.0,15.0
1223,2,2.0,0.0,-2.0,11.0,-14.0,-15.0,-11.0,15.0
1224,4,4.0,0.0,-4.0,-11.0,7.0,-10.0,15.0,8.0
1225,2,2.0,0.0,-2.0,-6.0,14.0,-5.0,13.0,-11.0
1226,8,8.0,0.0,-8.0,14.0,6.0,14.0,-14.0,-3.0
1227,1,1.0,0.0,-1.0,15.0,2.0,-12.0,-2.0,-12.0
1228,6,6.0,0.0,-6.0,8.0,11.0,-4.0,-8.0,7.0
1229,4,4.0,0.0,-4.0,12.0,-4.0,-13.0,-1.0,11.0
1230,5,5.0,0.0,-5.0,1.0,-4.0,-14.0,-2.0,-3.0
1231,6,6.0,0.0,-6.0,10.0,13.0,7.0,-6.0,-4.0
1232,4,4.0,0.0,-4.0,15.0,-1.0,15.0,-9.0,4.0
1233,4,4.0,0.0,-4.0,-8.0,-2.0,12.0,6.0,0.0
1234,6,6.0,0.0,-6.0,12.0,-14.0,-2.0,4.0,4.0
1235,6,6.0,0.0,-6.0,11.0,-13.0,13.0,1.0,-5.0
1236,1,1.0,0.0,-1.0,-6.0,-15.0,9.0,-3.0,-6.0
1237,7,7.0,0.0,-7.0,-6.0,-13.0,6.0,1.0,-15.0
1238,5,5.0,0.0,-5.0,12.0,-14.0,7.0,12.0,12.0
1239,8,8.0,0.0,-8.0,6.0,12.0,-1.0,-14.0,0.0
1240,5,5.0,0.0,-5.0,-11.0,2.0,12.0,13.0,11.0
1241,7,7.0,0.0,-7.0,-4.0,7.0,-1.0,-1.0,6.0
1242,6,6.0,0.0,-6.0,10.0,-9.0,3.0,-15.0,0.0
1243,6,6.0,0.0,-6.0,4.0,10.0,10.0,9.0,9.0
1244,6,6.0,0.0,-6.0,-9.0,-1.0,-1.0,-2.0,-1.0
1245,6,6.0,0.0,-6.0,-7.0,-11.0,10.0,-9.0,9.0
1246,5,5.0,0.0,-5.0,13.0,-9.0,-6.0,-14.0,-7.0
1247,8,8.0,0.0,-8.0,-7.0,-11.0,-14.0,14.0,6.0
1248,4,4.0,0.0,-4.0,12.0,2.0,-6.0,-5.0,-11.0
1249,2,2.0,0.0,-2.0,-1.0,2.0,12.0,-14.0,1.0
1250,5,5.0,0.0,-5.0,-5.0,-11.0,7.0,2.0,10.0
1251,2,2.0,0.0,-2.0,-8.0,5.0,7.0,-4.0,-2.0
1252,6,6.0,0.0,-6.0,3.0,-6.0,6.0,15.0,-15.0
1253,5,5.0,0.0,-5.0,4.0,-3.0,2.0,-7.0,1.0
1254,4,4.0,0.0,-4.0,8.0,9.0,-4.0,-14.0,0.0
1255,5,5.0,0.0,-5.0,-2.0,3.0,-7.0,-9.0,-12.0
1256,3,3.0,0.0,-3.0,9.0,-6.0,7.0,-2.0,10.0
1257,7,7.0,0.0,-7.0,-14.0,1.0,15.0,-15.0,-8.0
1258,6,6.0,0.0,-6.0,-9.0,-12.0,-9.0,-2.0,-12.0
1259,5,5.0,0.0,-5.0,-6.0,-15.0,3.0,-6.0,-3.0
1260,6,6.0,0.0,-6.0,9.0,11.0,0.0,-10.0,1.0
1261,6,6.0,0.0,-6.0,12.0,13.0,-1.0,5.0,11.0
1262,6,6.0,0.0,-6.0,-6.0,-15.0,-6.0,-7.0,-1.0
1263,4,4.0,0.0,-4.0,1.0,7.0,1.0,13.0,-6.0
1264,6,6.0,0.0,-6.0,2.0,4.0,8.0,6.0,-12.0
1265,7,7.0,0.0,-7.0,-15.0,11.0,-1.0,0.0,15.0
1266,6,6.0,0.0,-6.0,-14.0,-10.0,8.0,13.0,-14.0
1267,3,3.0,0.0,-3.0,-14.0,3.0,4.0,-6.0,-9.0
1268,8,8.0,0.0,-8.0,1.0,-5.0,9.0,6.0,5.0
1269,5,5.0,0.0,-5.0,-12.0,-9.0,-7.0,15.0,-2.0
1270,2,2.0,0.0,-2.0,11.0,-10.0,-12.0,-10.0,-3.0
1271,4,4.0,0.0,-4.0,-5.0,2.0,-10.0,11.0,-4.0
1272,4,4.0,0.0,-4.0,-2.0,10.0,14.0,-5.0,7.0
1273,3,3.0,0.0,-3.0,0.0,-7.0,8.0,-10.0,3.0
1274,2,2.0,0.0,-2.0,-3.0,12.0,1.0,11.0,1.0
1275,2,2.0,0.0,-2.0,6.0,7.0,5.0,-2.0,8.0
1276,7,7.0,0.0,-7.0,6.0,5.0,13.0,3.0,11.0
1277,4,4.0,0.0,-4.0,14.0,-8.0,-8.0,8.0,-13.0
1278,4,4.0,0.0,-4.0,-10.0,5.0,14.0,9.0,12.0
1279,8,8.0,0.0,-8.0,-2.0,11.0,-2.0,12.0,-14.0
1280,5,5.0,0.0,-5.0,-8.0,-12.0,15.0,-14.0,-1.0
1281,4,4.0,0.0,-4.0,-6.0,11.0,-1.0,-10.0,-15.0
1282,6,6.0,0.0,-6.0,15.0,-13.0,2.0,-13.0,-10.0
1283,7,7.0,0.0,-7.0,5.0,5.0,15.0,7.0,-3.0
1284,4,4.0,0.0,-4.0,-8.0,15.0,7.0,9.0,-14.0
1285,8,8.0,0.0,-8.0,-12.0,-3.0,-6.0,-10.0,11.0
1286,3,3.0,0.0,-3.0,-7.0,10.0,-7.0,-2.0,8.0
1287,8,8.0,0.0,-8.0,-1.0,-8.0,0.0,10.0,8.0
1288,6,6.0,0.0,-6.0,-11.0,2.0,15.0,6.0,-11.0
1289,4,4.0,0.0,-4.0,11.0,-5.0,-9.0,-4.0,-3.0
1290,4,4.0,0.0,-4.0,-1.0,-13.0,-2.0,-12.0,-8.0
1291,6,6.0,0.0,-6.0,-11.0,-13.0,-8.0,-15.0,-8.0
1292,1,1.0,0.0,-1.0,-11.0,-5.0,6.0,-2.0,1.0
1293,6,6.0,0.0,-6.0,-14.0,-6.0,7.0,-12.0,-4.0
1294,7,7.0,0.0,-7.0,3.0,15.0,-2.0,-14.0,1.0
1295,4,4.0,0.0,-4.0,-9.0,12.0,7.0,10.0,5.0
1296,4,4.0,0.0,-4.0,-8.0,-15.0,-10.0,3.0,12.0
1297,0,0.0,0.0,0.0,3.0,-13.0,-4.0,2.0,-13.0
1298,4,4.0,0.0,-4.0,6.0,1.0,-9.0,-13.0,6.0
1299,6,6.0,0.0,-6.0,12.0,5.0,0.0,-4.0,-8.0
1300,5,5.0,0.0,-5.0,9.0,0.0,-6.0,10.0,-15.0
1301,8,8.0,0.0,-8.0,11.0,5.0,-1.0,14.0,-9.0
1302,4,4.0,0.0,-4.0,-3.0,5.0,-2.0,-6.0,-10.0
1303,5,5.0,0.0,-5.0,0.0,4.0,-6.0,-10.0,11.0
1304,6,6.0,0.0,-6.0,15.0,11.0,-2.0,7.0,1.0
1305,11,11.0,0.0,-11.0,0.0,9.0,15.0,12.0,3.0
1306,5,5.0,0.0,-5.0,-14.0,-1.0,-6.0,-13.0,12.0
1307,3,3.0,0.0,-3.0,6.0,14.0,-4.0,-6.0,9.0
1308,7,7.0,0.0,-7.0,-15.0,-10.0,-11.0,-3.0,4.0
1309,5,5.0,0.0,-5.0,14.0,-15.0,-3.0,10.0,-4.0
1310,6,6.0,0.0,-6.0,11.0,9.0,15.0,3.0,-6.0
1311,4,4.0,0.0,-4.0,3.0,0.0,-4.0,15.0,-11.0
1312,4,4.0,0.0,-4.0,1.0,-4.0,-7.0,1.0,3.0
1313,5,5.0,0.0,-5.0,14.0,4.0,-14.0,-11.0,1.0
1314,6,6.0,0.0,-6.0,14.0,15.0,-2.0,11.0,8.0
1315,6,6.0,0.0,-6.0,-12.0,12.0,5.0,-5.0,13.0
1316,5,5.0,0.0,-5.0,5.0,-15.0,0.0,-15.0,-6.0
1317,4,4.0,0.0,-4.0,-14.0,10.0,-14.0,13.0,-6.0
1318,4,4.0,0.0,-4.0,-15.0,15.0,12.0,-14.0,-10.0
1319,5,5.0,0.0,-5.0,1.0,-6.0,4.0,10.0,7.0
1320,2,2.0,0.0,-2.0,-9.0,-5.0,0.0,1.0,2.0
1321,0,0.0,0.0,0.0,14.0,-9.0,10.0,-7.0,-9.0
1322,4,4.0,0.0,-4.0,0.0,10.0,-10.0,5.0,1.0
1323,3,3.0,0.0,-3.0,-3.0,-1.0,-11.0,9.0,-14.0
1324,5,5.0,0.0,-5.0,2.0,-3.0,15.0,-9.0,2.0
1325,4,4.0,0.0,-4.0,9.0,3.0,-14.0,-8.0,1.0
1326,8,8.0,0.0,-8.0,3.0,-9.0,-6.0,6.0,-2.0
1327,5,5.0,0.0,-5.0,-8.0,13.0,-12.0,14.0,3.0
1328,6,6.0,0.0,-6.0,-12.0,8.0,-14.0,-1.0,-2.0
1329,4,4.0,0.0,-4.0,-13.0,-2.0,2.0,-11.0,-14.0
1330,4,4.0,0.0,-4.0,-1.0,15.0,13.0,-1.0,14.0
1331,5,5.0,0.0,-5.0,-14.0,7.0,9.0,-11.0,-13.0
1332,4,4.0,0.0,-4.0,1.0,12.0,13.0,-7.0,5.0
1333,6,6.0,0.0,-6.0,0.0,11.0,4.0,-7.0,10.0
1334,10,10.0,0.0,-10.0,2.0,15.0,0.0,2.0,4.0
1335,6,6.0,0.0,-6.0,-2.0,-13.0,-11.0,14.0,-9.0
1336,4,4.0,0.0,-4.0,-9.0,13.0,4.0,1.0,12.0
1337,5,5.0,0.0,-5.0,11.0,-12.0,6.0,-2.0,-7.0
1338,2,2.0,0.0,-2.0,-12.0,12.0,-13.0,-6.0,-14.0
1339,8,8.0,0.0,-8.0,-1.0,7.0,-9.0,-3.0,-13.0
1340,4,4.0,0.0,-4.0,15.0,9.0,-15.0,-9.0,14.0
1341,4,4.0,0.0,-4.0,-8.0,15.0,12.0,7.0,8.0
1342,6,6.0,0.0,-6.0,-4.0,-15.0,0.0,14.0,-2.0
1343,6,6.0,0.0,-6.0,6.0,3.0,2.0,-13.0,-8.0
1344,4,4.0,0.0,-4.0,0.0,-10.0,-6.0,-4.0,10.0
1345,4,4.0,0.0,-4.0,-1.0,3.0,1.0,4.0,-11.0
1346,4,4.0,0.0,-4.0,-2.0,-1.0,-12.0,4.0,-7.0
1347,6,6.0,0.0,-6.0,-4.0,-13.0,7.0,-11.0,-11.0
1348,4,4.0,0.0,-4.0,-1.0,7.0,-9.0,1.0,2.0
1349,6,6.0,0.0,-6.0,7.0,-6.0,-13.0,10.0,7.0
1350,4,4.0,0.0,-4.0,8.0,-9.0,15.0,-8.0,-12.0
1351,7,7.0,0.0,-7.0,-15.0,14.0,-12.0,-2.0,-12.0
1352,3,3.0,0.0,-3.0,9.0,-14.0,-8.0,-14.0,-5.0
1353,7,7.0,0.0,-7.0,5.0,-3.0,-6.0,-10.0,-11.0
1354,5,5.0,0.0,-5.0,-10.0,-6.0,-11.0,-3.0,15.0
1355,7,7.0,0.0,-7.0,2.0,2.0,-4.0,-8.0,3.0
1356,7,7.0,0.0,-7.0,11.0,1.0,4.0,4.0,-1.0
1357,4,4.0,0.0,-4.0,14.0,6.0,-6.0,2.0,11.0
1358,1,1.0,0.0,-1.0,-8.0,11.0,-7.0,13.0,-12.0
1359,4,4.0,0.0,-4.0,-13.0,7.0,8.0,12.0,13.0
1360,6,6.0,0.0,-6.0,13.0,1.0,8.0,8.0,-14.0
1361,7,7.0,0.0,-7.0,-7.0,-13.0,-11.0,8.0,-5.0
1362,7,7.0,0.0,-7.0,2.0,-4.0,5.0,9.0,-2.0
1363,4,4.0,0.0,-4.0,15.0,-15.0,-12.0,13.0,13.0
1364,3,3.0,0.0,-3.0,-12.0,4.0,3.0,-14.0,6.0
1365,4,4.0,0.0,-4.0,-13.0,4.0,-6.0,12.0,13.0
1366,1,1.0,0.0,-1.0,5.0,12.0,-9.0,-13.0,-12.0
1367,6,6.0,0.0,-6.0,1.0,1.0,-12.0,-11.0,8.0
1368,5,5.0,0.0,-5.0,9.0,-13.0,-14.0,1.0,2.0
1369,4,4.0,0.0,-4.0,-13.0,9.0,-4.0,-13.0,-12.0
1370,6,6.0,0.0,-6.0,-9.0,-9.0,11.0,-11.0,-1.0
1371,6,6.0,0.0,-6.0,-9.0,-11.0,-2.0,-9.0,12.0
1372,4,4.0,0.0,-4.0,5.0,8.0,2.0,-4.0,-5.0
1373,4,4.0,0.0,-4.0,-8.0,9.0,-3.0,-7.0,1.0
1374,5,5.0,0.0,-5.0,-6.0,-14.0,15.0,10.0,4.0
1375,4,4.0,0.0,-4.0,-12.0,-3.0,13.0,10.0,2.0
1376,5,5.0,0.0,-5.0,14.0,-6.0,-1.0,9.0,5.0
1377,2,2.0,0.0,-2.0,9.0,8.0,-15.0,-6.0,11.0
1378,9,9.0,0.0,-9.0,7.0,5.0,-11.0,-11.0,12.0
1379,7,7.0,0.0,-7.0,10.0,-14.0,10.0,-12.0,-5.0
1380,8,8.0,0.0,-8.0,-2.0,-14.0,6.0,8.0,-5.0
1381,3,3.0,0.0,-3.0,-6.0,-4.0,11.0,0.0,1.0
1382,7,7.0,0.0,-7.0,-2.0,-5.0,-11.0,-10.0,-8.0
1383,6,6.0,0.0,-6.0,9.0,5.0,-5.0,4.0,-11.0
1384,4,4.0,0.0,-4.0,10.0,4.0,4.0,5.0,-10.0
1385,7,7.0,0.0,-7.0,-3.0,12.0,-10.0,0.0,-4.0
1386,6,6.0,0.0,-6.0,-8.0,-14.0,-12.0,-3.0,8.0
1387,3,3.0,0.0,-3.0,10.0,15.0,-11.0,14.0,0.0
1388,2,2.0,0.0,-2.0,3.0,-4.0,10.0,-5.0,-9.0
1389,7,7.0,0.0,-7.0,13.0,11.0,-6.0,15.0,3.0
1390,3,3.0,0.0,-3.0,7.0,-11.0,-6.0,8.0,-3.0
1391,6,6.0,0.0,-6.0,5.0,-10.0,-13.0,-12.0,-3.0
1392,2,2.0,0.0,-2.0,-7.0,-14.0,-8.0,-15.0,-5.0
1393,6,6.0,0.0,-6.0,-14.0,-14.0,9.0,8.0,14.0
1394,5,5.0,0.0,-5.0,-6.0,-2.0,-14.0,-4.0,-13.0
1395,3,3.0,0.0,-3.0,6.0,1.0,-15.0,1.0,-8.0
1396,6,6.0,0.0,-6.0,12.0,0.0,-6.0,9.0,14.0
1397,4,4.0,0.0,-4.0,15.0,5.0,-9.0,-13.0,7.0
1398,1,1.0,0.0,-1.0,-10.0,14.0,0.0,11.0,-4.0
1399,6,6.0,0.0,-6.0,11.0,-7.0,-11.0,-10.0,-10.0
1400,5,5.0,0.0,-5.0,-3.0,0.0,13.0,6.0,-6.0
1401,5,5.0,0.0,-5.0,12.0,-3.0,13.0,-4.0,0.0
1402,4,4.0,0.0,-4.0,-4.0,-13.0,10.0,5.0,-7.0
1403,8,8.0,0.0,-8.0,10.0,4.0,10.0,15.0,-10.0
1404,7,7.0,0.0,-7.0,14.0,9.0,-6.0,-2.0,-6.0
1405,7,7.0,0.0,-7.0,12.0,-12.0,13.0,-8.0,-4.0
1406,5,5.0,0.0,-5.0,11.0,1.0,12.0,-4.0,10.0
1407,6,6.0,0.0,-6.0,6.0,-2.0,-5.0,12.0,0.0
1408,7,7.0,0.0,-7.0,-9.0,1.0,11.0,-1.0,-11.0
1409,5,5.0,0.0,-5.0,3.0,-15.0,8.0,-5.0,3.0
1410,5,5.0,0.0,-5.0,-2.0,-5.0,14.0,13.0,11.0
1411,4,4.0,0.0,-4.0,-8.0,15.0,-11.0,-14.0,8.0
1412,4,4.0,0.0,-4.0,-4.0,1.0,-11.0,9.0,4.0
1413,2,2.0,0.0,-2.0,12.0,15.0,-4.0,-1.0,-15.0
1414,3,3.0,0.0,-3.0,-12.0,-1.0,-12.0,-13.0,2.0
1415,2,2.0,0.0,-2.0,6.0,-14.0,4.0,-11.0,10.0
1416,6,6.0,0.0,-6.0,6.0,-8.0,7.0,-9.0,10.0
1417,7,7.0,0.0,-7.0,7.0,-3.0,7.0,-14.0,4.0
1418,7,7.0,0.0,-7.0,0.0,11.0,3.0,-7.0,4.0
1419,5,5.0,0.0,-5.0,15.0,10.0,5.0,-12.0,10.0
1420,8,8.0,0.0,-8.0,3.0,15.0,4.0,10.0,-2.0
1421,6,6.0,0.0,-6.0,1.0,-2.0,-6.0,-9.0,2.0
1422,8,8.0,0.0,-8.0,4.0,-4.0,10.0,-8.0,-14.0
1423,8,8.0,0.0,-8.0,-11.0,4.0,9.0,-13.0,10.0
1424,4,4.0,0.0,-4.0,-2.0,-9.0,-2.0,-7.0,5.0
1425,8,8.0,0.0,-8.0,-7.0,2.0,15.0,0.0,5.0
1426,7,7.0,0.0,-7.0,3.0,8.0,-14.0,-9.0,-13.0
1427,9,9.0,0.0,-9.0,-5.0,1.0,-12.0,10.0,10.0
1428,4,4.0,0.0,-4.0,-8.0,-3.0,6.0,-5.0,2.0
1429,6,6.0,0.0,-6.0,-10.0,14.0,8.0,6.0,12.0
1430,5,5.0,0.0,-5.0,13.0,-1.0,11.0,-11.0,11.0
1431,3,3.0,0.0,-3.0,-8.0,0.0,-1.0,-13.0,12.0
1432,2,2.0,0.0,-2.0,0.0,-9.0,2.0,-5.0,2.0
1433,5,5.0,0.0,-5.0,-12.0,-14.0,-1.0,3.0,-1.0
1434,5,5.0,0.0,-5.0,-1.0,-15.0,-3.0,15.0,0.0
1435,6,6.0,0.0,-6.0,-10.0,-1.0,-14.0,2.0,-7.0
1436,8,8.0,0.0,-8.0,-4.0,-12.0,-3.0,-10.0,-7.0
1437,8,8.0,0.0,-8.0,14.0,-1.0,-10.0,-10.0,1.0
1438,6,6.0,0.0,-6.0,8.0,1.0,-15.0,-4.0,12.0
1439,4,4.0,0.0,-4.0,8.0,-11.0,1.0,11.0,-12.0
1440,10,10.0,0.0,-10.0,5.0,10.0,0.0,3.0,-14.0
1441,4,4.0,0.0,-4.0,13.0,-3.0,-4.0,-5.0,-14.0
1442,3,3.0,0.0,-3.0,-5.0,-15.0,15.0,14.0,-8.0
1443,7,7.0,0.0,-7.0,13.0,6.0,7.0,8.0,-10.0
1444,3,3.0,0.0,-3.0,13.0,4.0,-3.0,-6.0,0.0
1445,8,8.0,0.0,-8.0,1.0,12.0,-13.0,15.0,-13.0
1446,8,8.0,0.0,-8.0,9.0,-4.0,-5.0,-9.0,-13.0
1447,8,8.0,0.0,-8.0,-8.0,9.0,10.0,11.0,-15.0
1448,6,6.0,0.0,-6.0,-5.0,-5.0,6.0,-4.0,6.0
1449,2,2.0,0.0,-2.0,2.0,4.0,-8.0,-12.0,6.0
1450,6,6.0,0.0,-6.0,9.0,-6.0,7.0,-12.0,-11.0
1451,5,5.0,0.0,-5.0,8.0,8.0,-14.0,10.0,9.0
1452,4,4.0,0.0,-4.0,4.0,9.0,14.0,-8.0,10.0
1453,7,7.0,0.0,-7.0,15.0,13.0,-7.0,1.0,9.0
1454,3,3.0,0.0,-3.0,14.0,0.0,11.0,-14.0,-13.0
1455,4,4.0,0.0,-4.0,-14.0,10.0,2.0,7.0,3.0
1456,9,9.0,0.0,-9.0,8.0,14.0,-9.0,-5.0,-5.0
1457,5,5.0,0.0,-5.0,-11.0,-11.0,0.0,9.0,-10.0
1458,3,3.0,0.0,-3.0,9.0,-10.0,14.0,-5.0,11.0
1459,3,3.0,0.0,-3.0,6.0,15.0,-10.0,11.0,-11.0
1460,7,7.0,0.0,-7.0,13.0,-11.0,4.0,-10.0,7.0
1461,4,4.0,0.0,-4.0,9.0,-6.0,3.0,-10.0,-11.0
1462,7,7.0,0.0,-7.0,-4.0,11.0,9.0,7.0,-14.0
1463,4,4.0,0.0,-4.0,-9.0,4.0,12.0,-11.0,-12.0
1464,5,5.0,0.0,-5.0,-14.0,6.0,10.0,14.0,10.0
1465,8,8.0,0.0,-8.0,11.0,9.0,-4.0,4.0,-12.0
1466,8,8.0,0.0,-8.0,-7.0,1.0,0.0,15.0,-4.0
1467,5,5.0,0.0,-5.0,-5.0,3.0,15.0,14.0,10.0
1468,5,5.0,0.0,-5.0,10.0,-12.0,12.0,-10.0,15.0
1469,4,4.0,0.0,-4.0,-13.0,5.0,6.0,-13.0,10.0
1470,6,6.0,0.0,-6.0,-9.0,-7.0,13.0,-3.0,-4.0
1471,7,7.0,0.0,-7.0,8.0,4.0,-14.0,5.0,-8.0
1472,5,5.0,0.0,-5.0,13.0,-15.0,7.0,-2.0,-7.0
1473,4,4.0,0.0,-4.0,9.0,-8.0,9.0,-2.0,-4.0
1474,5,5.0,0.0,-5.0,12.0,-5.0,-10.0,-8.0,0.0
1475,6,6.0,0.0,-6.0,11.0,6.0,-6.0,2.0,14.0
1476,6,6.0,0.0,-6.0,15.0,3.0,-6.0,-8.0,-4.0
1477,9,9.0,0.0,-9.0,-11.0,12.0,3.0,9.0,-13.0
1478,9,9.0,0.0,-9.0,-13.0,-13.0,7.0,-5.0,-7.0
1479,6,6.0,0.0,-6.0,-3.0,-5.0,-7.0,-6.0,14.0
1480,4,4.0,0.0,-4.0,-15.0,-6.0,0.0,-13.0,10.0
1481,5,5.0,0.0,-5.0,-8.0,12.0,10.0,2.0,9.0
1482,4,4.0,0.0,-4.0,-7.0,7.0,13.0,3.0,-10.0
1483,3,3.0,0.0,-3.0,10.0,13.0,-12.0,14.0,15.0
1484,5,5.0,0.0,-5.0,-4.0,12.0,7.0,-7.0,12.0
1485,4,4.0,0.0,-4.0,-3.0,8.0,6.0,2.0,13.0
1486,2,2.0,0.0,-2.0,4.0,-15.0,-4.0,-15.0,-13.0
1487,3,3.0,0.0,-3.0,-2.0,11.0,15.0,-7.0,-5.0
1488,6,6.0,0.0,-6.0,6.0,-15.0,-12.0,0.0,4.0
1489,6,6.0,0.0,-6.0,11.0,12.0,-2.0,3.0,-7.0
1490,9,9.0,0.0,-9.0,-8.0,7.0,0.0,0.0,-7.0
1491,5,5.0,0.0,-5.0,1.0,-3.0,15.0,-11.0,2.0
1492,5,5.0,0.0,-5.0,-8.0,-7.0,-14.0,0.0,12.0
1493,5,5.0,0.0,-5.0,-13.0,-15.0,-1.0,-5.0,4.0
1494,5,5.0,0.0,-5.0,9.0,-10.0,-12.0,8.0,3.0
1495,5,5.0,0.0,-5.0,15.0,1.0,-9.0,-9.0,10.0
1496,9,9.0,0.0,-9.0,-9.0,7.0,-14.0,11.0,1.0
1497,5,5.0,0.0,-5.0,4.0,-4.0,-14.0,15.0,-13.0
1498,5,5.0,0.0,-5.0,-6.0,14.0,13.0,-13.0,-10.0
1499,4,4.0,0.0,-4.0,-10.0,-1.0,-7.0,13.0,11.0
1500,7,7.0,0.0,-7.0,-14.0,-14.0,7.0,8.0,-5.0
1501,6,6.0,0.0,-6.0,3.0,-14.0,-12.0,-8.0,-9.0
1502,10,10.0,0.0,-10.0,-1.0,11.0,6.0,13.0,5.0
1503,8,8.0,0.0,-8.0,13.0,-2.0,-3.0,-7.0,15.0
1504,5,5.0,0.0,-5.0,6.0,1.0,-14.0,4.0,-9.0
1505,6,6.0,0.0,-6.0,2.0,6.0,9.0,-2.0,-3.0
1506,8,8.0,0.0,-8.0,11.0,1.0,2.0,-3.0,3.0
1507,6,6.0,0.0,-6.0,0.0,9.0,-5.0,0.0,-8.0
1508,7,7.0,0.0,-7.0,-8.0,2.0,-1.0,-3.0,4.0
1509,5,5.0,0.0,-5.0,7.0,4.0,13.0,-10.0,3.0
1510,3,3.0,0.0,-3.0,-11.0,5.0,-14.0,14.0,5.0
1511,4,4.0,0.0,-4.0,-8.0,7.0,3.0,8.0,-11.0
1512,5,5.0,0.0,-5.0,-7.0,-13.0,-4.0,0.0,8.0
1513,7,7.0,0.0,-7.0,-7.0,-3.0,1.0,7.0,14.0
1514,7,7.0,0.0,-7.0,-4.0,-15.0,-14.0,1.0,-15.0
1515,6,6.0,0.0,-6.0,10.0,-10.0,7.0,-7.0,-5.0
1516,1,1.0,0.0,-1.0,-5.0,4.0,-6.0,-8.0,-13.0
1517,6,6.0,0.0,-6.0,-2.0,-9.0,10.0,-7.0,11.0
1518,6,6.0,0.0,-6.0,4.0,-5.0,-5.0,-1.0,-14.0
1519,6,6.0,0.0,-6.0,-13.0,14.0,3.0,4.0,-3.0
1520,3,3.0,0.0,-3.0,10.0,-4.0,-13.0,-4.0,1.0
1521,5,5.0,0.0,-5.0,-9.0,4.0,0.0,-7.0,-5.0
1522,2,2.0,0.0,-2.0,-9.0,10.0,-4.0,-10.0,15.0
1523,3,3.0,0.0,-3.0,3.0,-4.0,-6.0,0.0,2.0
1524,5,5.0,0.0,-5.0,-5.0,10.0,-11.0,-9.0,-15.0
1525,5,5.0,0.0,-5.0,-13.0,6.0,-1.0,-9.0,-5.0
1526,5,5.0,0.0,-5.0,0.0,4.0,13.0,-11.0,1.0
1527,9,9.0,0.0,-9.0,13.0,8.0,-10.0,-14.0,-5.0
1528,10,10.0,0.0,-10.0,4.0,7.0,-2.0,-10.0,-12.0
1529,5,5.0,0.0,-5.0,1.0,9.0,2.0,3.0,-11.0
1530,6,6.0,0.0,-6.0,-7.0,-7.0,-3.0,-11.0,11.0
1531,8,8.0,0.0,-8.0,6.0,0.0,-5.0,-1.0,-7.0
1532,6,6.0,0.0,-6.0,-8.0,14.0,4.0,-4.0,3.0
1533,3,3.0,0.0,-3.0,7.0,4.0,8.0,6.0,-9.0
1534,4,4.0,0.0,-4.0,-9.0,-4.0,5.0,-4.0,-2.0
1535,6,6.0,0.0,-6.0,-9.0,-1.0,12.0,-15.0,5.0
1536,7,7.0,0.0,-7.0,-3.0,14.0,-15.0,-1.0,-14.0
1537,4,4.0,0.0,-4.0,-9.0,-5.0,-12.0,-10.0,11.0
1538,3,3.0,0.0,-3.0,2.0,2.0,0.0,-9.0,5.0
1539,2,2.0,0.0,-2.0,-5.0,-4.0,11.0,9.0,-14.0
1540,5,5.0,0.0,-5.0,12.0,-9.0,8.0,15.0,14.0
1541,6,6.0,0.0,-6.0,-3.0,-14.0,6.0,-14.0,10.0
1542,4,4.0,0.0,-4.0,1.0,-15.0,-5.0,11.0,-8.0
1543,2,2.0,0.0,-2.0,9.0,-3.0,15.0,-9.0,-3.0
1544,8,8.0,0.0,-8.0,13.0,0.0,-15.0,12.0,-2.0
1545,4,4.0,0.0,-4.0,10.0,0.0,-9.0,-15.0,10.0
1546,2,2.0,0.0,-2.0,10.0,10.0,3.0,-3.0,15.0
1547,6,6.0,0.0,-6.0,1.0,2.0,15.0,15.0,6.0
1548,3,3.0,0.0,-3.0,13.0,7.0,0.0,15.0,2.0
1549,4,4.0,0.0,-4.0,15.0,-8.0,1.0,-2.0,4.0
1550,4,4.0,0.0,-4.0,15.0,9.0,-9.0,15.0,6.0
1551,6,6.0,0.0,-6.0,12.0,-3.0,-2.0,9.0,6.0
1552,3,3.0,0.0,-3.0,-4.0,-10.0,-9.0,13.0,0.0
1553,4,4.0,0.0,-4.0,-3.0,9.0,6.0,3.0,6.0
1554,6,6.0,0.0,-6.0,14.0,-9.0,-15.0,12.0,14.0
1555,3,3.0,0.0,-3.0,-14.0,9.0,-13.0,-10.0,9.0
1556,5,5.0,0.0,-5.0,-15.0,-6.0,-8.0,-11.0,4.0
1557,5,5.0,0.0,-5.0,0.0,9.0,-2.0,12.0,15.0
1558,5,5.0,0.0,-5.0,9.0,11.0,13.0,2.0,5.0
1559,6,6.0,0.0,-6.0,2.0,13.0,-1.0,-8.0,9.0
1560,8,8.0,0.0,-8.0,-7.0,13.0,-11.0,-13.0,-2.0
1561,6,6.0,0.0,-6.0,10.0,5.0,11.0,-1.0,-1.0
1562,7,7.0,0.0,-7.0,-2.0,-14.0,13.0,-5.0,5.0
1563,5,5.0,0.0,-5.0,11.0,7.0,4.0,1.0,-15.0
1564,6,6.0,0.0,-6.0,11.0,-3.0,1.0,4.0,8.0
1565,4,4.0,0.0,-4.0,2.0,0.0,-2.0,-8.0,-7.0
1566,6,6.0,0.0,-6.0,7.0,2.0,-5.0,-13.0,5.0
1567,6,6.0,0.0,-6.0,12.0,-14.0,-6.0,11.0,-7.0
1568,5,5.0,0.0,-5.0,-12.0,-12.0,0.0,2.0,11.0
1569,5,5.0,0.0,-5.0,10.0,10.0,9.0,-3.0,10.0
1570,4,4.0,0.0,-4.0,-3.0,3.0,0.0,-12.0,15.0
1571,8,8.0,0.0,-8.0,7.0,2.0,11.0,15.0,-14.0
1572,6,6.0,0.0,-6.0,12.0,-8.0,-6.0,-2.0,-6.0
1573,9,9.0,0.0,-9.0,-3.0,7.0,-5.0,-8.0,15.0
1574,6,6.0,0.0,-6.0,-14.0,11.0,-13.0,7.0,-3.0
1575,0,0.0,0.0,0.0,-1.0,13.0,7.0,3.0,12.0
1576,8,8.0,0.0,-8.0,-5.0,-4.0,1.0,0.0,13.0
1577,6,6.0,0.0,-6.0,-6.0,12.0,-1.0,7.0,6.0
1578,6,6.0,0.0,-6.0,9.0,1.0,-15.0,5.0,-15.0
1579,5,5.0,0.0,-5.0,-13.0,-14.0,1.0,-3.0,4.0
1580,6,6.0,0.0,-6.0,-3.0,4.0,-9.0,-3.0,5.0
1581,6,6.0,0.0,-6.0,-5.0,13.0,7.0,3.0,12.0
1582,6,6.0,0.0,-6.0,-5.0,-4.0,3.0,3.0,-3.0
1583,5,5.0,0.0,-5.0,-1.0,-5.0,0.0,-1.0,1.0
1584,6,6.0,0.0,-6.0,5.0,-11.0,7.0,-6.0,-8.0
1585,9,9.0,0.0,-9.0,-11.0,14.0,-8.0,-6.0,15.0
1586,7,7.0,0.0,-7.0,-7.0,-11.0,5.0,-2.0,6.0
1587,5,5.0,0.0,-5.0,8.0,-9.0,-3.0,4.0,10.0
1588,7,7.0,0.0,-7.0,14.0,2.0,7.0,-3.0,-2.0
1589,5,5.0,0.0,-5.0,1.0,11.0,-7.0,12.0,5.0
1590,5,5.0,0.0,-5.0,0.0,-14.0,-15.0,15.0,2.0
1591,5,5.0,0.0,-5.0,1.0,-12.0,7.0,10.0,-13.0
1592,4,4.0,0.0,-4.0,2.0,12.0,-14.0,2.0,-9.0
1593,6,6.0,0.0,-6.0,-6.0,-5.0,5.0,-2.0,-2.0
1594,2,2.0,0.0,-2.0,12.0,-13.0,7.0,12.0,-10.0
1595,4,4.0,0.0,-4.0,-5.0,11.0,8.0,13.0,-13.0
1596,4,4.0,0.0,-4.0,5.0,-15.0,6.0,-11.0,15.0
1597,5,5.0,0.0,-5.0,15.0,-7.0,-2.0,-10.0,-11.0
1598,8,8.0,0.0,-8.0,-11.0,9.0,6.0,-14.0,3.0
1599,3,3.0,0.0,-3.0,14.0,-3.0,-11.0,-15.0,4.0
1600,6,6.0,0.0,-6.0,4.0,-9.0,-14.0,11.0,-13.0
1601,6,6.0,0.0,-6.0,15.0,-5.0,-7.0,8.0,6.0
1602,7,7.0,0.0,-7.0,12.0,-3.0,-13.0,-10.0,8.0
1603,4,4.0,0.0,-4.0,14.0,-8.0,11.0,15.0,10.0
1604,7,7.0,0.0,-7.0,4.0,3.0,6.0,-5.0,4.0
1605,4,4.0,0.0,-4.0,4.0,6.0,9.0,-15.0,6.0
1606,3,3.0,0.0,-3.0,0.0,1.0,13.0,-11.0,-13.0
1607,2,2.0,0.0,-2.0,9.0,8.0,12.0,-5.0,5.0
1608,4,4.0,0.0,-4.0,-5.0,13.0,9.0,-12.0,-8.0
1609,6,6.0,0.0,-6.0,-10.0,-13.0,8.0,-11.0,-14.0
1610,4,4.0,0.0,-4.0,-7.0,-5.0,-10.0,-11.0,-6.0
1611,8,8.0,0.0,-8.0,-8.0,-3.0,15.0,-1.0,13.0
1612,4,4.0,0.0,-4.0,15.0,-12.0,9.0,14.0,15.0
1613,5,5.0,0.0,-5.0,12.0,-2.0,2.0,-8.0,12.0
1614,7,7.0,0.0,-7.0,-13.0,-1.0,-8.0,15.0,15.0
1615,7,7.0,0.0,-7.0,-4.0,13.0,-14.0,-15.0,-13.0
1616,4,4.0,0.0,-4.0,-1.0,4.0,-12.0,9.0,-2.0
1617,3,3.0,0.0,-3.0,9.0,3.0,-7.0,-3.0,-3.0
1618,3,3.0,0.0,-3.0,-12.0,-7.0,0.0,10.0,10.0
1619,7,7.0,0.0,-7.0,1.0,2.0,6.0,14.0,8.0
1620,5,5.0,0.0,-5.0,6.0,1.0,-5.0,13.0,10.0
1621,3,3.0,0.0,-3.0,13.0,-13.0,14.0,8.0,15.0
1622,1,1.0,0.0,-1.0,10.0,-1.0,-2.0,-3.0,-10.0
1623,4,4.0,0.0,-4.0,-10.0,-13.0,-14.0,10.0,-12.0
1624,1,1.0,0.0,-1.0,-11.0,-4.0,-8.0,12.0,-6.0
1625,8,8.0,0.0,-8.0,-10.0,-7.0,-11.0,-1.0,8.0
1626,3,3.0,0.0,-3.0,-7.0,13.0,15.0,-7.0,6.0
1627,3,3.0,0.0,-3.0,-9.0,-13.0,15.0,7.0,-5.0
1628,6,6.0,0.0,-6.0,10.0,3.0,-5.0,-15.0,-12.0
1629,1,1.0,0.0,-1.0,6.0,14.0,1.0,15.0,-8.0
1630,5,5.0,0.0,-5.0,-12.0,-2.0,-11.0,-8.0,14.0
1631,4,4.0,0.0,-4.0,-11.0,-4.0,-13.0,-9.0,15.0
1632,9,9.0,0.0,-9.0,5.0,4.0,-5.0,1.0,-8.0
1633,3,3.0,0.0,-3.0,4.0,8.0,9.0,-12.0,1.0
1634,7,7.0,0.0,-7.0,10.0,1.0,-7.0,12.0,-9.0
1635,7,7.0,0.0,-7.0,3.0,14.0,-7.0,2.0,-2.0
1636,5,5.0,0.0,-5.0,13.0,-4.0,13.0,-15.0,-5.0
1637,4,4.0,0.0,-4.0,14.0,-2.0,-14.0,-1.0,-10.0
1638,7,7.0,0.0,-7.0,5.0,-13.0,-1.0,-15.0,-11.0
1639,1,1.0,0.0,-1.0,5.0,5.0,-2.0,15.0,-1.0
1640,6,6.0,0.0,-6.0,3.0,7.0,-2.0,2.0,-15.0
1641,4,4.0,0.0,-4.0,3.0,-11.0,-11.0,-6.0,-2.0
1642,5,5.0,0.0,-5.0,-6.0,0.0,-2.0,-7.0,-7.0
1643,8,8.0,0.0,-8.0,10.0,12.0,-4.0,-6.0,-13.0
1644,7,7.0,0.0,-7.0,-3.0,-2.0,8.0,3.0,-8.0
1645,8,8.0,0.0,-8.0,-7.0,6.0,2.0,2.0,1.0
1646,6,6.0,0.0,-6.0,13.0,-6.0,3.0,-7.0,9.0
1647,6,6.0,0.0,-6.0,-5.0,5.0,0.0,-11.0,-10.0
1648,5,5.0,0.0,-5.0,-5.0,8.0,12.0,-8.0,3.0
1649,7,7.0,0.0,-7.0,-7.0,1.0,5.0,-9.0,10.0
1650,7,7.0,0.0,-7.0,-8.0,4.0,1.0,-13.0,14.0
1651,7,7.0,0.0,-7.0,-11.0,-4.0,9.0,-11.0,4.0
1652,6,6.0,0.0,-6.0,1.0,4.0,-2.0,13.0,1.0
1653,5,5.0,0.0,-5.0,7.0,-10.0,-12.0,3.0,6.0
1654,4,4.0,0.0,-4.0,-10.0,-12.0,-12.0,-12.0,3.0
1655,4,4.0,0.0,-4.0,10.0,-6.0,-13.0,14.0,7.0
1656,5,5.0,0.0,-5.0,-6.0,-9.0,15.0,-5.0,8.0
1657,5,5.0,0.0,-5.0,-14.0,-10.0,2.0,13.0,13.0
1658,7,7.0,0.0,-7.0,6.0,-13.0,-1.0,2.0,7.0
1659,2,2.0,0.0,-2.0,-6.0,-9.0,1.0,-4.0,-15.0
1660,3,3.0,0.0,-3.0,-15.0,-13.0,13.0,-4.0,9.0
1661,9,9.0,0.0,-9.0,6.0,7.0,8.0,2.0,-14.0
1662,5,5.0,0.0,-5.0,-3.0,4.0,0.0,-1.0,6.0
1663,4,4.0,0.0,-4.0,4.0,8.0,-14.0,12.0,-10.0
1664,7,7.0,0.0,-7.0,15.0,2.0,3.0,-10.0,10.0
1665,2,2.0,0.0,-2.0,2.0,2.0,0.0,-8.0,-12.0
1666,10,10.0,0.0,-10.0,5.0,14.0,-6.0,-15.0,-12.0
1667,3,3.0,0.0,-3.0,15.0,-6.0,3.0,-3.0,15.0
1668,3,3.0,0.0,-3.0,13.0,-13.0,-7.0,-11.0,12.0
1669,6,6.0,0.0,-6.0,-6.0,-15.0,-11.0,10.0,-2.0
1670,3,3.0,0.0,-3.0,13.0,-1.0,13.0,-6.0,13.0
1671,3,3.0,0.0,-3.0,10.0,11.0,11.0,14.0,-12.0
1672,6,6.0,0.0,-6.0,0.0,15.0,9.0,0.0,-14.0
1673,5,5.0,0.0,-5.0,2.0,6.0,-12.0,-10.0,-15.0
1674,6,6.0,0.0,-6.0,4.0,-11.0,-4.0,-9.0,10.0
1675,4,4.0,0.0,-4.0,-7.0,-4.0,2.0,-3.0,4.0
1676,4,4.0,0.0,-4.0,-12.0,-9.0,-12.0,15.0,-11.0
1677,6,6.0,0.0,-6.0,-14.0,12.0,-12.0,-6.0,7.0
1678,5,5.0,0.0,-5.0,9.0,-2.0,-1.0,11.0,11.0
1679,7,7.0,0.0,-7.0,-3.0,-3.0,0.0,-9.0,-5.0
1680,6,6.0,0.0,-6.0,-15.0,4.0,12.0,-2.0,14.0
1681,4,4.0,0.0,-4.0,13.0,11.0,12.0,-6.0,-13.0
1682,6,6.0,0.0,-6.0,-11.0,8.0,6.0,-8.0,2.0
1683,6,6.0,0.0,-6.0,11.0,-14.0,7.0,-3.0,-14.0
1684,4,4.0,0.0,-4.0,-4.0,3.0,-5.0,-2.0,-11.0
1685,6,6.0,0.0,-6.0,15.0,-14.0,3.0,11.0,-6.0
1686,1,1.0,0.0,-1.0,-7.0,-10.0,15.0,3.0,10.0
1687,3,3.0,0.0,-3.0,6.0,-10.0,-8.0,8.0,11.0
1688,2,2.0,0.0,-2.0,-2.0,12.0,-11.0,3.0,-9.0
1689,6,6.0,0.0,-6.0,-10.0,-12.0,-1.0,-3.0,-2.0
1690,5,5.0,0.0,-5.0,-1.0,-5.0,2.0,-14.0,10.0
1691,7,7.0,0.0,-7.0,-2.0,-10.0,0.0,2.0,0.0
1692,6,6.0,0.0,-6.0,-11.0,5.0,13.0,-7.0,6.0
1693,2,2.0,0.0,-2.0,5.0,9.0,-5.0,-9.0,10.0
1694,5,5.0,0.0,-5.0,8.0,5.0,-1.0,-5.0,-4.0
1695,3,3.0,0.0,-3.0,-9.0,-4.0,14.0,14.0,13.0
1696,7,7.0,0.0,-7.0,-2.0,1.0,9.0,12.0,-8.0
1697,4,4.0,0.0,-4.0,1.0,-14.0,2.0,14.0,15.0
1698,5,5.0,0.0,-5.0,-8.0,14.0,-14.0,6.0,5.0
1699,5,5.0,0.0,-5.0,11.0,-7.0,-4.0,9.0,-5.0
1700,6,6.0,0.0,-6.0,12.0,-4.0,-12.0,9.0,-9.0
1701,6,6.0,0.0,-6.0,10.0,5.0,-2.0,-7.0,3.0
1702,3,3.0,0.0,-3.0,1.0,-15.0,-8.0,7.0,3.0
1703,3,3.0,0.0,-3.0,-8.0,-6.0,-4.0,4.0,-10.0
1704,7,7.0,0.0,-7.0,-8.0,-4.0,6.0,-9.0,2.0
1705,7,7.0,0.0,-7.0,0.0,-9.0,12.0,15.0,15.0
1706,5,5.0,0.0,-5.0,-7.0,5.0,1.0,-3.0,7.0
1707,6,6.0,0.0,-6.0,4.0,-5.0,11.0,-6.0,-9.0
1708,3,3.0,0.0,-3.0,4.0,-6.0,8.0,12.0,-13.0
1709,4,4.0,0.0,-4.0,-8.0,4.0,-9.0,-10.0,6.0
1710,8,8.0,0.0,-8.0,-9.0,-2.0,-1.0,7.0,7.0
1711,6,6.0,0.0,-6.0,-13.0,-8.0,2.0,-10.0,-1.0
1712,7,7.0,0.0,-7.0,2.0,8.0,2.0,-1.0,-10.0
1713,3,3.0,0.0,-3.0,-15.0,-13.0,9.0,-10.0,0.0
1714,5,5.0,0.0,-5.0,15.0,-4.0,9.0,5.0,5.0
1715,5,5.0,0.0,-5.0,3.0,4.0,-8.0,5.0,-4.0
1716,4,4.0,0.0,-4.0,-2.0,1.0,2.0,4.0,15.0
1717,1,1.0,0.0,-1.0,-12.0,-3.0,0.0,0.0,5.0
1718,3,3.0,0.0,-3.0,0.0,12.0,-4.0,13.0,13.0
1719,4,4.0,0.0,-4.0,-1.0,-7.0,-15.0,3.0,-15.0
1720,4,4.0,0.0,-4.0,7.0,-13.0,-12.0,3.0,-14.0
1721,4,4.0,0.0,-4.0,0.0,7.0,5.0,-10.0,-8.0
1722,0,0.0,0.0,0.0,13.0,-11.0,3.0,-2.0,1.0
1723,4,4.0,0.0,-4.0,-7.0,3.0,0.0,-8.0,-14.0
1724,1,1.0,0.0,-1.0,1.0,6.0,8.0,-3.0,11.0
1725,10,10.0,0.0,-10.0,3.0,-13.0,-11.0,-13.0,14.0
1726,7,7.0,0.0,-7.0,12.0,-9.0,-8.0,-7.0,-1.0
1727,7,7.0,0.0,-7.0,-3.0,8.0,-12.0,5.0,9.0
1728,4,4.0,0.0,-4.0,-9.0,-6.0,-4.0,14.0,5.0
1729,2,2.0,0.0,-2.0,-14.0,9.0,-9.0,9.0,3.0
1730,5,5.0,0.0,-5.0,-11.0,-1.0,-4.0,14.0,-13.0
1731,4,4.0,0.0,-4.0,6.0,11.0,0.0,15.0,-5.0
1732,9,9.0,0.0,-9.0,-1.0,7.0,-10.0,3.0,5.0
1733,5,5.0,0.0,-5.0,-3.0,-6.0,12.0,7.0,13.0
1734,3,3.0,0.0,-3.0,0.0,-4.0,5.0,-2.0,12.0
1735,4,4.0,0.0,-4.0,-4.0,-3.0,6.0,6.0,1.0
1736,6,6.0,0.0,-6.0,5.0,-9.0,-15.0,-14.0,-13.0
1737,4,4.0,0.0,-4.0,4.0,-15.0,-10.0,-2.0,-14.0
1738,4,4.0,0.0,-4.0,-14.0,0.0,-9.0,-14.0,4.0
1739,4,4.0,0.0,-4.0,-14.0,9.0,-13.0,9.0,9.0
1740,8,8.0,0.0,-8.0,-6.0,-3.0,-12.0,-12.0,-7.0
1741,6,6.0,0.0,-6.0,-9.0,4.0,7.0,5.0,11.0
1742,2,2.0,0.0,-2.0,11.0,7.0,6.0,-4.0,6.0
1743,6,6.0,0.0,-6.0,0.0,-3.0,3.0,-6.0,-5.0
1744,2,2.0,0.0,-2.0,-7.0,-1.0,-6.0,6.0,-15.0
1745,4,4.0,0.0,-4.0,-13.0,8.0,-13.0,0.0,-10.0
1746,9,9.0,0.0,-9.0,4.0,-5.0,14.0,8.0,-8.0
1747,5,5.0,0.0,-5.0,10.0,-15.0,1.0,2.0,-6.0
1748,6,6.0,0.0,-6.0,-2.0,15.0,-12.0,10.0,-2.0
1749,4,4.0,0.0,-4.0,8.0,-2.0,-7.0,1.0,4.0
1750,5,5.0,0.0,-5.0,3.0,-7.0,-4.0,-15.0,-8.0
1751,4,4.0,0.0,-4.0,9.0,-5.0,-13.0,15.0,-7.0
1752,6,6.0,0.0,-6.0,14.0,-8.0,-13.0,-10.0,3.0
1753,1,1.0,0.0,-1.0,6.0,3.0,14.0,-10.0,13.0
1754,8,8.0,0.0,-8.0,13.0,-2.0,-1.0,5.0,-3.0
1755,8,8.0,0.0,-8.0,-10.0,10.0,-6.0,-4.0,5.0
1756,8,8.0,0.0,-8.0,4.0,-15.0,-3.0,-6.0,13.0
1757,5,5.0,0.0,-5.0,-11.0,-8.0,11.0,-6.0,-7.0
1758,7,7.0,0.0,-7.0,-15.0,4.0,5.0,12.0,-14.0
1759,7,7.0,0.0,-7.0,11.0,9.0,8.0,-11.0,5.0
1760,6,6.0,0.0,-6.0,-1.0,2.0,6.0,-13.0,-12.0
1761,2,2.0,0.0,-2.0,7.0,2.0,12.0,6.0,-14.0
1762,8,8.0,0.0,-8.0,-11.0,-3.0,12.0,-2.0,-8.0
1763,2,2.0,0.0,-2.0,-14.0,10.0,1.0,-9.0,13.0
1764,6,6.0,0.0,-6.0,3.0,-11.0,2.0,-6.0,12.0
1765,4,4.0,0.0,-4.0,-12.0,3.0,1.0,15.0,6.0
1766,6,6.0,0.0,-6.0,-15.0,5.0,7.0,-9.0,9.0
1767,3,3.0,0.0,-3.0,-10.0,-4.0,-11.0,-2.0,9.0
1768,6,6.0,0.0,-6.0,8.0,-9.0,2.0,-14.0,-3.0
1769,0,0.0,0.0,0.0,8.0,10.0,13.0,5.0,-10.0
1770,7,7.0,0.0,-7.0,14.0,15.0,-7.0,-13.0,6.0
1771,6,6.0,0.0,-6.0,-14.0,-6.0,14.0,-13.0,-3.0
1772,8,8.0,0.0,-8.0,9.0,-11.0,-10.0,7.0,1.0
1773,7,7.0,0.0,-7.0,-4.0,-14.0,8.0,-8.0,0.0
1774,5,5.0,0.0,-5.0,12.0,-6.0,14.0,9.0,11.0
1775,3,3.0,0.0,-3.0,-11.0,3.0,-13.0,-9.0,-13.0
1776,2,2.0,0.0,-2.0,9.0,-5.0,-7.0,-13.0,-9.0
1777,3,3.0,0.0,-3.0,-1.0,11.0,-14.0,-8.0,7.0
1778,6,6.0,0.0,-6.0,-5.0,-11.0,-13.0,5.0,-9.0
1779,4,4.0,0.0,-4.0,11.0,5.0,-1.0,-13.0,2.0
1780,6,6.0,0.0,-6.0,-6.0,12.0,6.0,12.0,-8.0
1781,3,3.0,0.0,-3.0,5.0,-1.0,-8.0,15.0,-5.0
1782,8,8.0,0.0,-8.0,5.0,-4.0,-8.0,9.0,-2.0
1783,4,4.0,0.0,-4.0,5.0,-13.0,-10.0,15.0,12.0
1784,5,5.0,0.0,-5.0,-2.0,-4.0,9.0,-3.0,-8.0
1785,2,2.0,0.0,-2.0,2.0,-12.0,2.0,-4.0,-4.0
1786,6,6.0,0.0,-6.0,15.0,-7.0,1.0,-6.0,-9.0
1787,8,8.0,0.0,-8.0,1.0,-2.0,-12.0,-3.0,2.0
1788,4,4.0,0.0,-4.0,14.0,6.0,-2.0,1.0,-7.0
1789,3,3.0,0.0,-3.0,5.0,8.0,-11.0,0.0,-8.0
1790,6,6.0,0.0,-6.0,-11.0,-1.0,8.0,7.0,-5.0
1791,5,5.0,0.0,-5.0,15.0,-9.0,6.0,-2.0,-3.0
1792,2,2.0,0.0,-2.0,-14.0,-3.0,-1.0,-11.0,-8.0
1793,3,3.0,0.0,-3.0,6.0,10.0,-9.0,1.0,-11.0
1794,5,5.0,0.0,-5.0,-7.0,-11.0,-4.0,11.0,-3.0
1795,7,7.0,0.0,-7.0,5.0,-6.0,7.0,6.0,-9.0
1796,8,8.0,0.0,-8.0,-14.0,15.0,11.0,-10.0,11.0
1797,6,6.0,0.0,-6.0,-14.0,13.0,-13.0,15.0,-13.0
1798,2,2.0,0.0,-2.0,-6.0,-8.0,14.0,0.0,-2.0
1799,7,7.0,0.0,-7.0,6.0,0.0,11.0,0.0,13.0
1800,0,0.0,0.0,0.0,-5.0,4.0,-7.0,-14.0,1.0
1801,3,3.0,0.0,-3.0,11.0,3.0,4.0,-9.0,3.0
1802,5,5.0,0.0,-5.0,-7.0,-9.0,-3.0,-12.0,10.0
1803,6,6.0,0.0,-6.0,-3.0,7.0,-1.0,-4.0,3.0
1804,6,6.0,0.0,-6.0,12.0,-9.0,13.0,10.0,-6.0
1805,9,9.0,0.0,-9.0,-7.0,11.0,-15.0,-2.0,-3.0
1806,6,6.0,0.0,-6.0,3.0,12.0,2.0,-1.0,-2.0
1807,6,6.0,0.0,-6.0,-12.0,6.0,11.0,15.0,-4.0
1808,7,7.0,0.0,-7.0,-4.0,3.0,14.0,4.0,-1.0
1809,3,3.0,0.0,-3.0,0.0,-11.0,-7.0,-10.0,4.0
1810,5,5.0,0.0,-5.0,12.0,-5.0,-11.0,-12.0,-1.0
1811,6,6.0,0.0,-6.0,-3.0,6.0,-14.0,-10.0,-14.0
1812,4,4.0,0.0,-4.0,-14.0,-4.0,4.0,-14.0,-6.0
1813,7,7.0,0.0,-7.0,-13.0,-4.0,-9.0,-11.0,12.0
1814,9,9.0,0.0,-9.0,-11.0,-12.0,5.0,15.0,2.0
1815,5,5.0,0.0,-5.0,-8.0,-1.0,12.0,10.0,3.0
1816,4,4.0,0.0,-4.0,-7.0,0.0,-6.0,-15.0,3.0
1817,2,2.0,0.0,-2.0,-3.0,13.0,3.0,9.0,-7.0
1818,4,4.0,0.0,-4.0,5.0,-8.0,-1.0,7.0,-12.0
1819,4,4.0,0.0,-4.0,-12.0,-13.0,4.0,-13.0,14.0
1820,3,3.0,0.0,-3.0,-15.0,-7.0,2.0,-11.0,1.0
1821,8,8.0,0.0,-8.0,11.0,3.0,1.0,-4.0,8.0
1822,4,4.0,0.0,-4.0,5.0,8.0,-8.0,-15.0,8.0
1823,4,4.0,0.0,-4.0,-11.0,14.0,8.0,14.0,-4.0
1824,6,6.0,0.0,-6.0,15.0,-1.0,6.0,15.0,3.0
1825,6,6.0,0.0,-6.0,-15.0,6.0,9.0,7.0,-3.0
1826,4,4.0,0.0,-4.0,-8.0,6.0,-12.0,1.0,-1.0
1827,5,5.0,0.0,-5.0,-13.0,12.0,-5.0,11.0,7.0
1828,6,6.0,0.0,-6.0,-7.0,-8.0,14.0,-8.0,4.0
1829,6,6.0,0.0,-6.0,-11.0,5.0,-7.0,14.0,9.0
1830,1,1.0,0.0,-1.0,7.0,-7.0,-8.0,-14.0,11.0
1831,5,5.0,0.0,-5.0,3.0,5.0,13.0,-13.0,12.0
1832,0,0.0,0.0,0.0,10.0,-13.0,15.0,4.0,2.0
1833,5,5.0,0.0,-5.0,2.0,-6.0,11.0,15.0,-13.0
1834,7,7.0,0.0,-7.0,0.0,6.0,-9.0,-9.0,-9.0
1835,4,4.0,0.0,-4.0,10.0,-6.0,-13.0,-2.0,14.0
1836,6,6.0,0.0,-6.0,-4.0,9.0,3.0,0.0,-11.0
1837,6,6.0,0.0,-6.0,-10.0,-2.0,7.0,-11.0,11.0
1838,2,2.0,0.0,-2.0,6.0,-3.0,12.0,-1.0,-7.0
1839,2,2.0,0.0,-2.0,-13.0,-1.0,-15.0,14.0,-9.0
1840,3,3.0,0.0,-3.0,-13.0,0.0,9.0,-15.0,-5.0
1841,5,5.0,0.0,-5.0,5.0,-10.0,6.0,-7.0,9.0
1842,8,8.0,0.0,-8.0,15.0,14.0,15.0,13.0,-14.0
1843,8,8.0,0.0,-8.0,-7.0,3.0,-7.0,-4.0,-2.0
1844,2,2.0,0.0,-2.0,-6.0,-11.0,4.0,14.0,9.0
1845,7,7.0,0.0,-7.0,-8.0,5.0,15.0,-14.0,4.0
1846,6,6.0,0.0,-6.0,-12.0,-2.0,4.0,11.0,11.0
1847,6,6.0,0.0,-6.0,8.0,-3.0,8.0,-10.0,0.0
1848,6,6.0,0.0,-6.0,-14.0,-9.0,3.0,2.0,-1.0
1849,5,5.0,0.0,-5.0,-3.0,0.0,11.0,6.0,6.0
1850,3,3.0,0.0,-3.0,7.0,2.0,6.0,-13.0,2.0
1851,7,7.0,0.0,-7.0,-11.0,2.0,9.0,3.0,-14.0
1852,8,8.0,0.0,-8.0,0.0,3.0,3.0,-5.0,-15.0
1853,2,2.0,0.0,-2.0,0.0,3.0,-12.0,4.0,-13.0
1854,5,5.0,0.0,-5.0,13.0,-1.0,-3.0,15.0,-15.0
1855,4,4.0,0.0,-4.0,5.0,13.0,4.0,7.0,1.0
1856,3,3.0,0.0,-3.0,-13.0,1.0,-8.0,10.0,5.0
1857,7,7.0,0.0,-7.0,13.0,-3.0,15.0,14.0,-5.0
1858,4,4.0,0.0,-4.0,2.0,-2.0,11.0,10.0,-13.0
1859,6,6.0,0.0,-6.0,6.0,1.0,4.0,-1.0,-11.0
1860,6,6.0,0.0,-6.0,1.0,5.0,-12.0,5.0,10.0
1861,6,6.0,0.0,-6.0,14.0,-12.0,-8.0,-3.0,-13.0
1862,4,4.0,0.0,-4.0,-12.0,-7.0,3.0,-7.0,8.0
1863,7,7.0,0.0,-7.0,-1.0,7.0,-13.0,9.0,-5.0
1864,3,3.0,0.0,-3.0,-3.0,-8.0,-1.0,-4.0,-12.0
1865,3,3.0,0.0,-3.0,-5.0,1.0,-1.0,-5.0,-14.0
1866,4,4.0,0.0,-4.0,-9.0,9.0,-7.0,-4.0,1.0
1867,4,4.0,0.0,-4.0,9.0,-4.0,8.0,13.0,-14.0
1868,6,6.0,0.0,-6.0,13.0,4.0,-6.0,-4.0,2.0
1869,9,9.0,0.0,-9.0,9.0,11.0,7.0,1.0,5.0
1870,6,6.0,0.0,-6.0,3.0,-8.0,10.0,-2.0,-15.0
1871,2,2.0,0.0,-2.0,-3.0,-11.0,3.0,-11.0,6.0
1872,5,5.0,0.0,-5.0,2.0,5.0,14.0,0.0,-12.0
1873,4,4.0,0.0,-4.0,0.0,1.0,9.0,10.0,4.0
1874,8,8.0,0.0,-8.0,9.0,13.0,13.0,10.0,8.0
1875,2,2.0,0.0,-2.0,-15.0,-8.0,-6.0,-9.0,4.0
1876,2,2.0,0.0,-2.0,3.0,4.0,15.0,-6.0,-1.0
1877,2,2.0,0.0,-2.0,4.0,2.0,8.0,-14.0,13.0
1878,6,6.0,0.0,-6.0,-2.0,6.0,3.0,5.0,-14.0
1879,5,5.0,0.0,-5.0,-2.0,4.0,11.0,-13.0,-12.0
1880,2,2.0,0.0,-2.0,10.0,8.0,-14.0,-1.0,15.0
1881,2,2.0,0.0,-2.0,-15.0,14.0,0.0,-7.0,-1.0
1882,8,8.0,0.0,-8.0,1.0,5.0,-7.0,13.0,-2.0
1883,5,5.0,0.0,-5.0,10.0,9.0,-15.0,-8.0,8.0
1884,10,10.0,0.0,-10.0,2.0,-5.0,9.0,-13.0,1.0
1885,6,6.0,0.0,-6.0,-4.0,-7.0,-9.0,1.0,-1.0
1886,2,2.0,0.0,-2.0,-1.0,0.0,10.0,2.0,7.0
1887,5,5.0,0.0,-5.0,4.0,3.0,0.0,0.0,13.0
1888,5,5.0,0.0,-5.0,13.0,-6.0,-14.0,-1.0,1.0
1889,5,5.0,0.0,-5.0,-13.0,8.0,-2.0,12.0,-3.0
1890,3,3.0,0.0,-3.0,15.0,9.0,-7.0,13.0,-12.0
1891,6,6.0,0.0,-6.0,11.0,-15.0,-13.0,-4.0,-11.0
1892,3,3.0,0.0,-3.0,-3.0,11.0,-6.0,14.0,-5.0
1893,7,7.0,0.0,-7.0,-10.0,6.0,1.0,-6.0,-11.0
1894,3,3.0,0.0,-3.0,3.0,-8.0,8.0,9.0,8.0
1895,1,1.0,0.0,-1.0,12.0,-5.0,15.0,-3.0,-3.0
1896,3,3.0,0.0,-3.0,7.0,13.0,12.0,13.0,-15.0
1897,5,5.0,0.0,-5.0,-13.0,1.0,14.0,0.0,0.0
1898,5,5.0,0.0,-5.0,4.0,15.0,-5.0,13.0,12.0
1899,2,2.0,0.0,-2.0,-14.0,11.0,-4.0,10.0,-6.0
1900,6,6.0,0.0,-6.0,-12.0,13.0,-7.0,-13.0,-1.0
1901,5,5.0,0.0,-5.0,10.0,12.0,8.0,6.0,-6.0
1902,6,6.0,0.0,-6.0,-4.0,13.0,3.0,14.0,-5.0
1903,6,6.0,0.0,-6.0,-15.0,14.0,-11.0,-11.0,1.0
1904,8,8.0,0.0,-8.0,-10.0,-4.0,7.0,0.0,-7.0
1905,4,4.0,0.0,-4.0,-4.0,-5.0,3.0,-2.0,-14.0
1906,8,8.0,0.0,-8.0,10.0,-6.0,-2.0,5.0,13.0
1907,9,9.0,0.0,-9.0,-4.0,10.0,11.0,1.0,13.0
1908,6,6.0,0.0,-6.0,2.0,-12.0,-10.0,-4.0,-3.0
1909,2,2.0,0.0,-2.0,6.0,-15.0,0.0,1.0,-7.0
1910,8,8.0,0.0,-8.0,-14.0,4.0,15.0,-9.0,0.0
1911,5,5.0,0.0,-5.0,10.0,-9.0,-7.0,6.0,-12.0
1912,5,5.0,0.0,-5.0,-8.0,15.0,-13.0,-8.0,-2.0
1913,3,3.0,0.0,-3.0,4.0,12.0,-5.0,14.0,-9.0
1914,6,6.0,0.0,-6.0,8.0,9.0,-13.0,10.0,2.0
1915,4,4.0,0.0,-4.0,-6.0,-1.0,-2.0,-8.0,10.0
1916,5,5.0,0.0,-5.0,8.0,-12.0,-12.0,11.0,13.0
1917,3,3.0,0.0,-3.0,-4.0,-7.0,6.0,-3.0,5.0
1918,5,5.0,0.0,-5.0,5.0,1.0,-8.0,-4.0,-5.0
1919,4,4.0,0.0,-4.0,11.0,-8.0,-10.0,13.0,-13.0
1920,5,5.0,0.0,-5.0,2.0,6.0,-12.0,7.0,15.0
1921,6,6.0,0.0,-6.0,-11.0,13.0,-2.0,-3.0,-7.0
1922,6,6.0,0.0,-6.0,7.0,11.0,2.0,14.0,-2.0
1923,7,7.0,0.0,-7.0,-6.0,-4.0,11.0,-15.0,12.0
1924,4,4.0,0.0,-4.0,2.0,-5.0,15.0,-11.0,-3.0
1925,7,7.0,0.0,-7.0,-10.0,-10.0,14.0,-6.0,-7.0
1926,1,1.0,0.0,-1.0,-2.0,-9.0,-12.0,-13.0,11.0
1927,6,6.0,0.0,-6.0,-10.0,-3.0,3.0,0.0,9.0
1928,10,10.0,0.0,-10.0,-7.0,-8.0,-4.0,13.0,-7.0
1929,5,5.0,0.0,-5.0,-7.0,-8.0,-7.0,-15.0,-7.0
1930,2,2.0,0.0,-2.0,-2.0,9.0,-7.0,5.0,9.0
1931,3,3.0,0.0,-3.0,-9.0,-4.0,-15.0,-9.0,-7.0
1932,4,4.0,0.0,-4.0,6.0,6.0,-15.0,13.0,7.0
1933,6,6.0,0.0,-6.0,-2.0,-1.0,2.0,6.0,1.0
1934,6,6.0,0.0,-6.0,9.0,12.0,-12.0,-3.0,1.0
1935,2,2.0,0.0,-2.0,9.0,-1.0,-7.0,10.0,4.0
1936,6,6.0,0.0,-6.0,-5.0,-8.0,6.0,7.0,0.0
1937,7,7.0,0.0,-7.0,-1.0,-10.0,3.0,-11.0,11.0
1938,6,6.0,0.0,-6.0,6.0,-5.0,3.0,12.0,-14.0
1939,6,6.0,0.0,-6.0,8.0,-11.0,10.0,11.0,-3.0
1940,2,2.0,0.0,-2.0,-8.0,-10.0,12.0,6.0,15.0
1941,5,5.0,0.0,-5.0,3.0,-1.0,13.0,9.0,-4.0
1942,3,3.0,0.0,-3.0,-6.0,6.0,-7.0,-11.0,-4.0
1943,8,8.0,0.0,-8.0,14.0,7.0,-15.0,-14.0,4.0
1944,4,4.0,0.0,-4.0,6.0,11.0,7.0,-15.0,-4.0
1945,5,5.0,0.0,-5.0,-5.0,-5.0,-5.0,11.0,7.0
1946,4,4.0,0.0,-4.0,-7.0,-6.0,10.0,-2.0,-1.0
1947,4,4.0,0.0,-4.0,-15.0,-12.0,-4.0,-1.0,8.0
1948,7,7.0,0.0,-7.0,9.0,15.0,3.0,-7.0,12.0
1949,5,5.0,0.0,-5.0,-14.0,-6.0,-12.0,-5.0,13.0
1950,1,1.0,0.0,-1.0,-15.0,8.0,-10.0,-6.0,15.0
1951,8,8.0,0.0,-8.0,-12.0,-4.0,15.0,1.0,-5.0
1952,2,2.0,0.0,-2.0,5.0,11.0,-6.0,-10.0,-9.0
1953,6,6.0,0.0,-6.0,-10.0,-3.0,2.0,-15.0,-10.0
1954,3,3.0,0.0,-3.0,-10.0,15.0,0.0,-10.0,2.0
1955,8,8.0,0.0,-8.0,12.0,-3.0,15.0,1.0,7.0
1956,6,6.0,0.0,-6.0,-4.0,-9.0,8.0,6.0,3.0
1957,7,7.0,0.0,-7.0,-11.0,-4.0,11.0,15.0,-13.0
1958,3,3.0,0.0,-3.0,13.0,3.0,11.0,-2.0,12.0
1959,6,6.0,0.0,-6.0,-5.0,-9.0,-6.0,-3.0,8.0
1960,4,4.0,0.0,-4.0,-8.0,-2.0,4.0,2.0,-1.0
1961,5,5.0,0.0,-5.0,-8.0,-9.0,-7.0,14.0,-11.0
1962,7,7.0,0.0,-7.0,6.0,-1.0,11.0,-1.0,14.0
1963,2,2.0,0.0,-2.0,-10.0,-4.0,-4.0,1.0,11.0
1964,5,5.0,0.0,-5.0,13.0,5.0,-5.0,-7.0,11.0
1965,7,7.0,0.0,-7.0,7.0,-13.0,-15.0,-8.0,6.0
1966,6,6.0,0.0,-6.0,2.0,-5.0,14.0,-1.0,-7.0
1967,4,4.0,0.0,-4.0,-4.0,2.0,6.0,-9.0,9.0
1968,3,3.0,0.0,-3.0,-7.0,-12.0,7.0,-4.0,-14.0
1969,4,4.0,0.0,-4.0,-1.0,1.0,9.0,-2.0,-12.0
1970,5,5.0,0.0,-5.0,2.0,6.0,4.0,-11.0,-3.0
1971,3,3.0,0.0,-3.0,-5.0,3.0,-6.0,0.0,12.0
1972,4,4.0,0.0,-4.0,-10.0,0.0,2.0,-8.0,7.0
1973,6,6.0,0.0,-6.0,7.0,-3.0,8.0,7.0,-6.0
1974,4,4.0,0.0,-4.0,-5.0,-9.0,-4.0,-9.0,8.0
1975,8,8.0,0.0,-8.0,-11.0,1.0,10.0,-7.0,1.0
1976,4,4.0,0.0,-4.0,-8.0,-1.0,9.0,0.0,-14.0
1977,7,7.0,0.0,-7.0,-7.0,14.0,2.0,5.0,11.0
1978,5,5.0,0.0,-5.0,-7.0,0.0,-14.0,12.0,1.0
1979,4,4.0,0.0,-4.0,-2.0,15.0,3.0,7.0,-6.0
1980,6,6.0,0.0,-6.0,0.0,11.0,-15.0,-9.0,6.0
1981,4,4.0,0.0,-4.0,0.0,11.0,1.0,-8.0,1.0
1982,4,4.0,0.0,-4.0,9.0,7.0,-5.0,5.0,-12.0
1983,1,1.0,0.0,-1.0,-8.0,8.0,-4.0,-3.0,-12.0
1984,1,1.0,0.0,-1.0,-15.0,3.0,3.0,6.0,1.0
1985,4,4.0,0.0,-4.0,11.0,9.0,-10.0,1.0,-1.0
1986,5,5.0,0.0,-5.0,-9.0,0.0,-1.0,12.0,6.0
1987,6,6.0,0.0,-6.0,-2.0,10.0,-15.0,-1.0,15.0
1988,4,4.0,0.0,-4.0,-15.0,10.0,-9.0,-3.0,-7.0
1989,5,5.0,0.0,-5.0,0.0,-11.0,3.0,2.0,6.0
1990,4,4.0,0.0,-4.0,-9.0,-6.0,-1.0,-11.0,0.0
1991,5,5.0,0.0,-5.0,12.0,9.0,-15.0,3.0,-13.0
1992,5,5.0,0.0,-5.0,8.0,11.0,8.0,12.0,15.0
1993,5,5.0,0.0,-5.0,12.0,10.0,-12.0,3.0,-5.0
1994,2,2.0,0.0,-2.0,-12.0,8.0,-9.0,13.0,9.0
1995,2,2.0,0.0,-2.0,-14.0,-2.0,1.0,1.0,-3.0
1996,4,4.0,0.0,-4.0,3.0,-4.0,0.0,15.0,-2.0
1997,5,5.0,0.0,-5.0,6.0,-10.0,4.0,-15.0,15.0
1998,3,3.0,0.0,-3.0,9.0,8.0,13.0,3.0,2.0
1999,5,5.0,0.0,-5.0,-2.0,-13.0,7.0,15.0,-9.0
2000,7,7.0,0.0,-7.0,-2.0,-13.0,-13.0,-8.0,9.0
2001,6,6.0,0.0,-6.0,-6.0,0.0,-1.0,10.0,0.0
2002,6,6.0,0.0,-6.0,6.0,10.0,-9.0,-10.0,-9.0
2003,5,5.0,0.0,-5.0,-15.0,-5.0,15.0,-4.0,9.0
2004,4,4.0,0.0,-4.0,-15.0,2.0,7.0,-10.0,-8.0
2005,7,7.0,0.0,-7.0,-10.0,-4.0,5.0,6.0,5.0
2006,7,7.0,0.0,-7.0,10.0,-1.0,-5.0,11.0,9.0
2007,4,4.0,0.0,-4.0,12.0,4.0,-15.0,5.0,6.0
2008,4,4.0,0.0,-4.0,-12.0,9.0,8.0,1.0,4.0
2009,3,3.0,0.0,-3.0,1.0,-5.0,-10.0,0.0,11.0
2010,5,5.0,0.0,-5.0,-13.0,8.0,-5.0,-9.0,-9.0
2011,1,1.0,0.0,-1.0,-13.0,-15.0,-10.0,4.0,7.0
2012,3,3.0,0.0,-3.0,-15.0,15.0,-6.0,-3.0,-7.0
2013,7,7.0,0.0,-7.0,-15.0,9.0,-1.0,13.0,-8.0
2014,3,3.0,0.0,-3.0,11.0,10.0,10.0,0.0,-12.0
2015,2,2.0,0.0,-2.0,-15.0,6.0,-10.0,-11.0,-2.0
2016,4,4.0,0.0,-4.0,13.0,6.0,13.0,10.0,5.0
2017,5,5.0,0.0,-5.0,5.0,0.0,12.0,15.0,15.0
2018,4,4.0,0.0,-4.0,-2.0,-15.0,-13.0,-4.0,-3.0
2019,5,5.0,0.0,-5.0,8.0,-7.0,1.0,6.0,12.0
2020,2,2.0,0.0,-2.0,-10.0,-12.0,-10.0,-14.0,-7.0
2021,4,4.0,0.0,-4.0,12.0,7.0,-8.0,7.0,-1.0
2022,8,8.0,0.0,-8.0,5.0,6.0,-4.0,7.0,15.0
2023,3,3.0,0.0,-3.0,-7.0,9.0,-7.0,1.0,-15.0
2024,1,1.0,0.0,-1.0,-10.0,11.0,0.0,4.0,-15.0
2025,6,6.0,0.0,-6.0,15.0,13.0,4.0,-6.0,-9.0
2026,5,5.0,0.0,-5.0,6.0,-2.0,-9.0,12.0,2.0
2027,5,5.0,0.0,-5.0,7.0,3.0,3.0,15.0,-6.0
2028,2,2.0,0.0,-2.0,13.0,-5.0,5.0,-5.0,4.0
2029,7,7.0,0.0,-7.0,3.0,-1.0,-2.0,4.0,-11.0
2030,4,4.0,0.0,-4.0,-11.0,8.0,-14.0,12.0,-7.0
2031,4,4.0,0.0,-4.0,10.0,-8.0,3.0,-12.0,10.0
2032,2,2.0,0.0,-2.0,-9.0,-14.0,-1.0,10.0,3.0
2033,6,6.0,0.0,-6.0,-5.0,1.0,-7.0,-2.0,14.0
2034,4,4.0,0.0,-4.0,14.0,-14.0,-6.0,11.0,14.0
2035,3,3.0,0.0,-3.0,7.0,-8.0,15.0,-11.0,-5.0
2036,5,5.0,0.0,-5.0,15.0,1.0,1.0,12.0,-3.0
2037,3,3.0,0.0,-3.0,-11.0,12.0,6.0,10.0,-10.0
2038,4,4.0,0.0,-4.0,9.0,-10.0,-10.0,-11.0,-14.0
2039,5,5.0,0.0,-5.0,10.0,6.0,-14.0,-8.0,-3.0
2040,3,3.0,0.0,-3.0,11.0,6.0,-1.0,6.0,5.0
2041,4,4.0,0.0,-4.0,6.0,-4.0,-2.0,-12.0,-1.0
2042,3,3.0,0.0,-3.0,-6.0,15.0,3.0,-15.0,-3.0
2043,0,0.0,0.0,0.0,-13.0,-6.0,-1.0,7.0,-12.0
2044,6,6.0,0.0,-6.0,14.0,-5.0,-4.0,12.0,-5.0
2045,9,9.0,0.0,-9.0,15.0,1.0,-14.0,4.0,15.0
2046,5,5.0,0.0,-5.0,15.0,-10.0,5.0,-3.0,-12.0
2047,7,7.0,0.0,-7.0,-11.0,0.0,5.0,-10.0,2.0
2048,3,3.0,0.0,-3.0,-8.0,-4.0,-1.0,7.0,11.0
2049,4,4.0,0.0,-4.0,-12.0,0.0,1.0,12.0,-13.0
2050,6,6.0,0.0,-6.0,6.0,-15.0,0.0,-9.0,15.0
2051,7,7.0,0.0,-7.0,7.0,-5.0,-4.0,-3.0,-15.0
2052,2,2.0,0.0,-2.0,3.0,4.0,-15.0,-10.0,15.0
2053,6,6.0,0.0,-6.0,2.0,-8.0,11.0,11.0,12.0
2054,4,4.0,0.0,-4.0,0.0,-2.0,-14.0,15.0,13.0
2055,1,1.0,0.0,-1.0,-2.0,6.0,-10.0,-9.0,1.0
2056,5,5.0,0.0,-5.0,5.0,2.0,1.0,-7.0,13.0
2057,3,3.0,0.0,-3.0,-9.0,0.0,-9.0,12.0,-9.0
2058,4,4.0,0.0,-4.0,-1.0,-4.0,-8.0,12.0,-5.0
2059,3,3.0,0.0,-3.0,15.0,3.0,8.0,-1.0,-12.0
2060,7,7.0,0.0,-7.0,14.0,-12.0,11.0,-10.0,-1.0
2061,3,3.0,0.0,-3.0,5.0,2.0,2.0,-6.0,6.0
2062,4,4.0,0.0,-4.0,5.0,13.0,1.0,15.0,9.0
2063,3,3.0,0.0,-3.0,0.0,8.0,-10.0,4.0,-6.0
2064,3,3.0,0.0,-3.0,-8.0,-2.0,8.0,-14.0,1.0
2065,0,0.0,0.0,0.0,-10.0,1.0,-5.0,-13.0,13.0
2066,6,6.0,0.0,-6.0,-3.0,14.0,8.0,-10.0,-2.0
2067,5,5.0,0.0,-5.0,15.0,9.0,13.0,-10.0,4.0
2068,5,5.0,0.0,-5.0,-12.0,6.0,3.0,-9.0,9.0
2069,2,2.0,0.0,-2.0,3.0,7.0,8.0,10.0,3.0
2070,7,7.0,0.0,-7.0,3.0,-9.0,0.0,14.0,5.0
2071,6,6.0,0.0,-6.0,10.0,0.0,-7.0,-10.0,1.0
2072,2,2.0,0.0,-2.0,8.0,15.0,-7.0,6.0,-4.0
2073,3,3.0,0.0,-3.0,2.0,-12.0,-8.0,-3.0,-11.0
2074,5,5.0,0.0,-5.0,5.0,4.0,6.0,-5.0,-3.0
2075,7,7.0,0.0,-7.0,-2.0,11.0,2.0,12.0,-9.0
2076,2,2.0,0.0,-2.0,-9.0,-13.0,0.0,-2.0,3.0
2077,8,8.0,0.0,-8.0,9.0,12.0,-4.0,-12.0,7.0
2078,1,1.0,0.0,-1.0,-11.0,-12.0,-9.0,-11.0,-1.0
2079,7,7.0,0.0,-7.0,-4.0,-9.0,8.0,-10.0,-10.0
2080,4,4.0,0.0,-4.0,3.0,1.0,6.0,-3.0,-3.0
2081,8,8.0,0.0,-8.0,2.0,-4.0,12.0,12.0,13.0
2082,5,5.0,0.0,-5.0,15.0,-7.0,-15.0,-7.0,-13.0
2083,3,3.0,0.0,-3.0,0.0,-15.0,10.0,14.0,7.0
2084,3,3.0,0.0,-3.0,3.0,-15.0,14.0,-11.0,15.0
2085,4,4.0,0.0,-4.0,-15.0,-10.0,15.0,-8.0,-15.0
2086,4,4.0,0.0,-4.0,9.0,-14.0,4.0,-1.0,12.0
2087,6,6.0,0.0,-6.0,-3.0,-11.0,10.0,-7.0,13.0
2088,8,8.0,0.0,-8.0,-1.0,-4.0,1.0,-6.0,8.0
2089,3,3.0,0.0,-3.0,6.0,12.0,-15.0,-11.0,-5.0
2090,6,6.0,0.0,-6.0,-5.0,1.0,-9.0,11.0,-10.0
2091,4,4.0,0.0,-4.0,5.0,-11.0,-9.0,8.0,-12.0
2092,0,0.0,0.0,0.0,10.0,-7.0,6.0,13.0,-9.0
2093,2,2.0,0.0,-2.0,8.0,-5.0,-6.0,9.0,0.0
2094,10,10.0,0.0,-10.0,9.0,-14.0,-8.0,-9.0,-11.0
2095,6,6.0,0.0,-6.0,10.0,8.0,1.0,11.0,-13.0
2096,9,9.0,0.0,-9.0,-9.0,4.0,11.0,14.0,-13.0
2097,7,7.0,0.0,-7.0,-1.0,-3.0,1.0,13.0,-5.0
2098,4,4.0,0.0,-4.0,-11.0,12.0,-10.0,-7.0,15.0
2099,1,1.0,0.0,-1.0,-9.0,-15.0,7.0,13.0,4.0
2100,8,8.0,0.0,-8.0,-2.0,6.0,-11.0,9.0,-15.0
2101,6,6.0,0.0,-6.0,-10.0,6.0,6.0,-5.0,5.0
2102,8,8.0,0.0,-8.0,-9.0,8.0,9.0,-10.0,4.0
2103,6,6.0,0.0,-6.0,14.0,-5.0,12.0,5.0,-1.0
2104,9,9.0,0.0,-9.0,-13.0,-12.0,10.0,-12.0,5.0
2105,5,5.0,0.0,-5.0,-13.0,-14.0,-13.0,10.0,-10.0
2106,5,5.0,0.0,-5.0,12.0,13.0,12.0,15.0,8.0
2107,4,4.0,0.0,-4.0,14.0,7.0,-13.0,8.0,-11.0
2108,0,0.0,0.0,0.0,9.0,4.0,-2.0,-14.0,8.0
2109,6,6.0,0.0,-6.0,-8.0,10.0,11.0,-9.0,2.0
2110,5,5.0,0.0,-5.0,4.0,-5.0,2.0,6.0,4.0
2111,9,9.0,0.0,-9.0,-14.0,6.0,10.0,-7.0,-9.0
2112,1,1.0,0.0,-1.0,12.0,-8.0,13.0,-3.0,3.0
2113,7,7.0,0.0,-7.0,-6.0,-9.0,8.0,12.0,-3.0
2114,5,5.0,0.0,-5.0,-1.0,-6.0,2.0,-5.0,-8.0
2115,5,5.0,0.0,-5.0,1.0,-8.0,-12.0,-14.0,-7.0
2116,6,6.0,0.0,-6.0,5.0,6.0,11.0,7.0,-14.0
2117,8,8.0,0.0,-8.0,11.0,13.0,6.0,-14.0,-10.0
2118,7,7.0,0.0,-7.0,-2.0,-11.0,2.0,3.0,-6.0
2119,5,5.0,0.0,-5.0,-7.0,13.0,7.0,-9.0,-9.0
2120,4,4.0,0.0,-4.0,15.0,-4.0,-10.0,-13.0,-7.0
2121,4,4.0,0.0,-4.0,-9.0,0.0,13.0,-7.0,-5.0
2122,7,7.0,0.0,-7.0,7.0,-12.0,11.0,-3.0,11.0
2123,8,8.0,0.0,-8.0,-3.0,8.0,12.0,8.0,10.0
2124,3,3.0,0.0,-3.0,-13.0,4.0,-11.0,13.0,-13.0
2125,6,6.0,0.0,-6.0,-14.0,-5.0,-7.0,10.0,10.0
2126,3,3.0,0.0,-3.0,-11.0,11.0,3.0,-8.0,1.0
2127,6,6.0,0.0,-6.0,13.0,-10.0,7.0,-2.0,4.0
2128,3,3.0,0.0,-3.0,-3.0,14.0,-1.0,-3.0,7.0
2129,2,2.0,0.0,-2.0,-6.0,13.0,14.0,-12.0,-12.0
2130,6,6.0,0.0,-6.0,14.0,-3.0,14.0,-9.0,-13.0
2131,9,9.0,0.0,-9.0,-13.0,4.0,10.0,0.0,15.0
2132,5,5.0,0.0,-5.0,3.0,15.0,7.0,-8.0,-6.0
2133,7,7.0,0.0,-7.0,1.0,4.0,-13.0,3.0,0.0
2134,0,0.0,0.0,0.0,5.0,3.0,12.0,-10.0,-1.0
2135,5,5.0,0.0,-5.0,-2.0,10.0,-15.0,-10.0,-4.0
2136,6,6.0,0.0,-6.0,4.0,-9.0,-15.0,-2.0,5.0
2137,1,1.0,0.0,-1.0,7.0,9.0,4.0,5.0,-2.0
2138,6,6.0,0.0,-6.0,12.0,4.0,-2.0,4.0,-14.0
2139,6,6.0,0.0,-6.0,-12.0,15.0,5.0,15.0,-2.0
2140,2,2.0,0.0,-2.0,-7.0,-6.0,8.0,-12.0,-9.0
2141,3,3.0,0.0,-3.0,-8.0,-9.0,1.0,7.0,-1.0
2142,6,6.0,0.0,-6.0,-1.0,14.0,5.0,10.0,3.0
2143,5,5.0,0.0,-5.0,-3.0,-1.0,-4.0,0.0,-12.0
2144,10,10.0,0.0,-10.0,11.0,-15.0,7.0,13.0,5.0
2145,5,5.0,0.0,-5.0,-3.0,10.0,7.0,-5.0,6.0
2146,9,9.0,0.0,-9.0,-3.0,-5.0,-12.0,7.0,11.0
2147,8,8.0,0.0,-8.0,7.0,12.0,-15.0,5.0,6.0
2148,4,4.0,0.0,-4.0,-2.0,10.0,-7.0,3.0,-12.0
2149,3,3.0,0.0,-3.0,3.0,-15.0,-4.0,0.0,-3.0
2150,5,5.0,0.0,-5.0,13.0,-5.0,2.0,-15.0,-14.0
2151,1,1.0,0.0,-1.0,12.0,-3.0,11.0,-14.0,7.0
2152,3,3.0,0.0,-3.0,-3.0,-5.0,-14.0,0.0,2.0
2153,3,3.0,0.0,-3.0,13.0,9.0,4.0,5.0,-3.0
2154,5,5.0,0.0,-5.0,1.0,-4.0,15.0,4.0,-3.0
2155,6,6.0,0.0,-6.0,-9.0,5.0,13.0,-1.0,3.0
2156,5,5.0,0.0,-5.0,0.0,7.0,-6.0,-5.0,6.0
2157,5,5.0,0.0,-5.0,-4.0,2.0,-4.0,14.0,6.0
2158,4,4.0,0.0,-4.0,-1.0,11.0,15.0,0.0,8.0
2159,6,6.0,0.0,-6.0,-7.0,10.0,5.0,10.0,-9.0
2160,6,6.0,0.0,-6.0,6.0,-7.0,-5.0,8.0,8.0
2161,4,4.0,0.0,-4.0,-4.0,-13.0,10.0,-9.0,0.0
2162,6,6.0,0.0,-6.0,14.0,14.0,-2.0,0.0,11.0
2163,3,3.0,0.0,-3.0,-5.0,-11.0,-15.0,2.0,2.0
2164,4,4.0,0.0,-4.0,6.0,2.0,-5.0,-2.0,8.0
2165,3,3.0,0.0,-3.0,1.0,-13.0,0.0,12.0,11.0
2166,8,8.0,0.0,-8.0,2.0,8.0,1.0,-8.0,-14.0
2167,7,7.0,0.0,-7.0,-10.0,6.0,-2.0,1.0,9.0
2168,1,1.0,0.0,-1.0,4.0,-6.0,-9.0,0.0,-13.0
2169,6,6.0,0.0,-6.0,15.0,12.0,-13.0,3.0,2.0
2170,4,4.0,0.0,-4.0,-15.0,12.0,10.0,-10.0,-8.0
2171,4,4.0,0.0,-4.0,6.0,15.0,-15.0,9.0,2.0
2172,5,5.0,0.0,-5.0,-12.0,13.0,14.0,12.0,-14.0
2173,3,3.0,0.0,-3.0,-15.0,-3.0,2.0,9.0,6.0
2174,2,2.0,0.0,-2.0,-4.0,9.0,3.0,-6.0,12.0
2175,9,9.0,0.0,-9.0,1.0,12.0,-10.0,-14.0,-4.0
2176,6,6.0,0.0,-6.0,6.0,-9.0,-1.0,-12.0,-13.0
2177,5,5.0,0.0,-5.0,-12.0,0.0,13.0,-3.0,8.0
2178,6,6.0,0.0,-6.0,-3.0,7.0,-3.0,4.0,4.0
2179,3,3.0,0.0,-3.0,15.0,-3.0,5.0,-13.0,8.0
2180,5,5.0,0.0,-5.0,2.0,1.0,10.0,5.0,6.0
2181,5,5.0,0.0,-5.0,15.0,0.0,-10.0,-2.0,-15.0
2182,4,4.0,0.0,-4.0,6.0,4.0,-1.0,-7.0,15.0
2183,7,7.0,0.0,-7.0,-13.0,-9.0,-4.0,11.0,-6.0
2184,6,6.0,0.0,-6.0,-8.0,4.0,8.0,8.0,-6.0
2185,4,4.0,0.0,-4.0,4.0,-7.0,-6.0,7.0,13.0
2186,5,5.0,0.0,-5.0,5.0,3.0,-13.0,-2.0,14.0
2187,9,9.0,0.0,-9.0,0.0,14.0,-14.0,-2.0,12.0
2188,8,8.0,0.0,-8.0,-12.0,8.0,12.0,0.0,12.0
2189,3,3.0,0.0,-3.0,-8.0,-4.0,3.0,1.0,6.0
2190,6,6.0,0.0,-6.0,-13.0,6.0,-1.0,5.0,-4.0
2191,3,3.0,0.0,-3.0,-8.0,-8.0,-12.0,-7.0,-7.0
2192,5,5.0,0.0,-5.0,7.0,2.0,6.0,11.0,-5.0
2193,4,4.0,0.0,-4.0,-13.0,15.0,-8.0,8.0,5.0
2194,4,4.0,0.0,-4.0,-7.0,11.0,2.0,5.0,8.0
2195,4,4.0,0.0,-4.0,-4.0,-3.0,-13.0,-7.0,4.0
2196,6,6.0,0.0,-6.0,10.0,11.0,0.0,-6.0,12.0
2197,2,2.0,0.0,-2.0,9.0,-15.0,0.0,15.0,-1.0
2198,4,4.0,0.0,-4.0,-13.0,3.0,-15.0,9.0,-14.0
2199,5,5.0,0.0,-5.0,-1.0,2.0,-6.0,9.0,-11.0
2200,2,2.0,0.0,-2.0,7.0,13.0,-8.0,-7.0,7.0
2201,5,5.0,0.0,-5.0,0.0,4.0,12.0,9.0,-14.0
2202,6,6.0,0.0,-6.0,13.0,-3.0,15.0,7.0,-7.0
2203,4,4.0,0.0,-4.0,-6.0,-10.0,10.0,-10.0,12.0
2204,4,4.0,0.0,-4.0,-1.0,8.0,-12.0,-5.0,5.0
2205,5,5.0,0.0,-5.0,2.0,-15.0,0.0,13.0,14.0
2206,6,6.0,0.0,-6.0,6.0,4.0,-9.0,15.0,5.0
2207,5,5.0,0.0,-5.0,-13.0,-15.0,-10.0,-14.0,-5.0
2208,4,4.0,0.0,-4.0,-4.0,-2.0,0.0,0.0,-10.0
2209,2,2.0,0.0,-2.0,-3.0,-14.0,2.0,7.0,10.0
2210,3,3.0,0.0,-3.0,14.0,9.0,-5.0,-2.0,-4.0
2211,4,4.0,0.0,-4.0,-2.0,3.0,-15.0,11.0,6.0
2212,7,7.0,0.0,-7.0,4.0,-1.0,5.0,8.0,15.0
2213,6,6.0,0.0,-6.0,-8.0,10.0,0.0,13.0,-8.0
2214,2,2.0,0.0,-2.0,-11.0,-5.0,-11.0,13.0,0.0
2215,3,3.0,0.0,-3.0,14.0,10.0,10.0,-15.0,-11.0
2216,7,7.0,0.0,-7.0,-7.0,-3.0,-15.0,-10.0,3.0
2217,3,3.0,0.0,-3.0,-5.0,4.0,-8.0,2.0,-12.0
2218,4,4.0,0.0,-4.0,11.0,-14.0,-9.0,7.0,-1.0
2219,2,2.0,0.0,-2.0,-10.0,11.0,-4.0,13.0,-1.0
2220,5,5.0,0.0,-5.0,1.0,7.0,0.0,13.0,9.0
2221,6,6.0,0.0,-6.0,-6.0,-1.0,-11.0,3.0,-8.0
2222,5,5.0,0.0,-5.0,-10.0,3.0,1.0,13.0,7.0
2223,6,6.0,0.0,-6.0,-3.0,9.0,-5.0,-4.0,-7.0
2224,3,3.0,0.0,-3.0,-13.0,3.0,-15.0,-8.0,6.0
2225,6,6.0,0.0,-6.0,15.0,15.0,12.0,-10.0,-9.0
2226,6,6.0,0.0,-6.0,-7.0,15.0,-2.0,-13.0,-12.0
2227,6,6.0,0.0,-6.0,-3.0,-15.0,13.0,0.0,12.0
2228,4,4.0,0.0,-4.0,14.0,-6.0,11.0,-11.0,-11.0
2229,6,6.0,0.0,-6.0,4.0,-9.0,-9.0,4.0,13.0
2230,2,2.0,0.0,-2.0,13.0,9.0,-8.0,8.0,6.0
2231,1,1.0,0.0,-1.0,2.0,14.0,4.0,-13.0,0.0
2232,4,4.0,0.0,-4.0,-9.0,-8.0,6.0,-5.0,15.0
2233,4,4.0,0.0,-4.0,9.0,1.0,7.0,-6.0,15.0
2234,11,11.0,0.0,-11.0,5.0,10.0,-6.0,8.0,1.0
2235,4,4.0,0.0,-4.0,-12.0,-6.0,11.0,14.0,11.0
2236,3,3.0,0.0,-3.0,-3.0,-9.0,-13.0,4.0,-4.0
2237,4,4.0,0.0,-4.0,11.0,14.0,-4.0,12.0,3.0
2238,7,7.0,0.0,-7.0,5.0,-10.0,14.0,-7.0,3.0
2239,4,4.0,0.0,-4.0,3.0,-15.0,14.0,12.0,-15.0
2240,3,3.0,0.0,-3.0,-13.0,-14.0,-4.0,-3.0,12.0
2241,3,3.0,0.0,-3.0,-4.0,-8.0,11.0,-14.0,-11.0
2242,5,5.0,0.0,-5.0,4.0,13.0,-14.0,-13.0,-7.0
2243,5,5.0,0.0,-5.0,-11.0,13.0,8.0,-5.0,13.0
2244,3,3.0,0.0,-3.0,2.0,8.0,8.0,-10.0,3.0
2245,2,2.0,0.0,-2.0,-9.0,10.0,15.0,9.0,6.0
2246,3,3.0,0.0,-3.0,-11.0,-14.0,5.0,-12.0,-7.0
2247,8,8.0,0.0,-8.0,-5.0,12.0,-14.0,-1.0,6.0
2248,3,3.0,0.0,-3.0,10.0,10.0,-14.0,-2.0,8.0
2249,7,7.0,0.0,-7.0,11.0,8.0,7.0,14.0,-12.0
2250,7,7.0,0.0,-7.0,10.0,2.0,-8.0,-14.0,-6.0
2251,4,4.0,0.0,-4.0,4.0,13.0,7.0,15.0,-13.0
2252,7,7.0,0.0,-7.0,9.0,8.0,-12.0,-1.0,4.0
2253,5,5.0,0.0,-5.0,15.0,10.0,-6.0,8.0,4.0
2254,3,3.0,0.0,-3.0,-2.0,-10.0,13.0,0.0,-14.0
2255,5,5.0,0.0,-5.0,9.0,-1.0,13.0,-7.0,-2.0
2256,4,4.0,0.0,-4.0,13.0,15.0,6.0,-2.0,15.0
2257,3,3.0,0.0,-3.0,13.0,-12.0,-7.0,11.0,7.0
2258,4,4.0,0.0,-4.0,-8.0,9.0,-13.0,14.0,-2.0
2259,4,4.0,0.0,-4.0,-4.0,13.0,13.0,-7.0,-1.0
2260,4,4.0,0.0,-4.0,1.0,13.0,-3.0,-10.0,-13.0
2261,7,7.0,0.0,-7.0,-3.0,-1.0,-9.0,-8.0,-6.0
2262,3,3.0,0.0,-3.0,8.0,-14.0,-5.0,-15.0,1.0
2263,3,3.0,0.0,-3.0,0.0,-6.0,-10.0,-2.0,-11.0
2264,5,5.0,0.0,-5.0,13.0,15.0,-9.0,-10.0,0.0
2265,8,8.0,0.0,-8.0,4.0,15.0,-4.0,-10.0,1.0
2266,5,5.0,0.0,-5.0,-3.0,-3.0,6.0,5.0,13.0
2267,4,4.0,0.0,-4.0,-10.0,-7.0,-2.0,11.0,14.0
2268,6,6.0,0.0,-6.0,-8.0,14.0,-9.0,6.0,7.0
2269,3,3.0,0.0,-3.0,10.0,-10.0,1.0,-15.0,-3.0
2270,6,6.0,0.0,-6.0,6.0,-13.0,-14.0,-9.0,-6.0
2271,7,7.0,0.0,-7.0,11.0,-4.0,10.0,15.0,10.0
2272,4,4.0,0.0,-4.0,9.0,-14.0,-1.0,-1.0,1.0
2273,10,10.0,0.0,-10.0,-4.0,-15.0,4.0,10.0,12.0
2274,7,7.0,0.0,-7.0,2.0,13.0,-12.0,14.0,7.0
2275,2,2.0,0.0,-2.0,13.0,8.0,-5.0,1.0,-4.0
2276,7,7.0,0.0,-7.0,2.0,-12.0,13.0,-11.0,7.0
2277,5,5.0,0.0,-5.0,-10.0,12.0,2.0,5.0,15.0
2278,5,5.0,0.0,-5.0,-15.0,-10.0,4.0,7.0,-4.0
2279,2,2.0,0.0,-2.0,8.0,-11.0,10.0,-3.0,8.0
2280,9,9.0,0.0,-9.0,6.0,-13.0,0.0,3.0,2.0
2281,2,2.0,0.0,-2.0,-15.0,10.0,11.0,5.0,-8.0
2282,4,4.0,0.0,-4.0,-6.0,-5.0,-6.0,-7.0,-9.0
2283,7,7.0,0.0,-7.0,7.0,-7.0,9.0,-4.0,12.0
2284,6,6.0,0.0,-6.0,-15.0,-1.0,12.0,-10.0,-9.0
2285,3,3.0,0.0,-3.0,-6.0,-6.0,12.0,-9.0,5.0
2286,6,6.0,0.0,-6.0,12.0,7.0,-7.0,-10.0,-10.0
2287,6,6.0,0.0,-6.0,-8.0,-6.0,-4.0,9.0,3.0
2288,3,3.0,0.0,-3.0,-10.0,-12.0,-15.0,4.0,13.0
2289,8,8.0,0.0,-8.0,7.0,13.0,-6.0,5.0,5.0
2290,8,8.0,0.0,-8.0,-10.0,-4.0,5.0,2.0,2.0
2291,5,5.0,0.0,-5.0,7.0,1.0,2.0,-12.0,-11.0
2292,7,7.0,0.0,-7.0,4.0,-8.0,7.0,6.0,15.0
2293,2,2.0,0.0,-2.0,-11.0,7.0,-13.0,-5.0,11.0
2294,4,4.0,0.0,-4.0,12.0,0.0,15.0,12.0,14.0
2295,5,5.0,0.0,-5.0,-2.0,-6.0,-12.0,7.0,6.0
2296,4,4.0,0.0,-4.0,-15.0,10.0,-10.0,2.0,-3.0
2297,5,5.0,0.0,-5.0,3.0,-2.0,2.0,-11.0,-9.0
2298,4,4.0,0.0,-4.0,-5.0,15.0,5.0,-9.0,13.0
2299,1,1.0,0.0,-1.0,-2.0,-7.0,15.0,0.0,11.0
2300,7,7.0,0.0,-7.0,8.0,-13.0,12.0,3.0,-14.0
2301,5,5.0,0.0,-5.0,13.0,8.0,2.0,3.0,-11.0
2302,6,6.0,0.0,-6.0,13.0,6.0,-7.0,2.0,-4.0
2303,6,6.0,0.0,-6.0,0.0,0.0,-1.0,14.0,6.0
2304,5,5.0,0.0,-5.0,12.0,-15.0,-8.0,5.0,10.0
2305,3,3.0,0.0,-3.0,-5.0,8.0,-6.0,0.0,-14.0
2306,2,2.0,0.0,-2.0,9.0,-3.0,2.0,1.0,13.0
2307,6,6.0,0.0,-6.0,0.0,-5.0,-4.0,4.0,4.0
2308,4,4.0,0.0,-4.0,1.0,10.0,-2.0,11.0,13.0
2309,3,3.0,0.0,-3.0,7.0,-6.0,0.0,13.0,-6.0
2310,6,6.0,0.0,-6.0,-1.0,8.0,-3.0,12.0,-3.0
2311,4,4.0,0.0,-4.0,5.0,-14.0,9.0,12.0,15.0
2312,6,6.0,0.0,-6.0,-9.0,4.0,6.0,-7.0,2.0
2313,7,7.0,0.0,-7.0,-14.0,-10.0,-3.0,-3.0,8.0
2314,8,8.0,0.0,-8.0,-1.0,-13.0,9.0,-14.0,12.0
2315,3,3.0,0.0,-3.0,-2.0,-10.0,-14.0,10.0,10.0
2316,2,2.0,0.0,-2.0,-9.0,-6.0,11.0,-8.0,-13.0
2317,6,6.0,0.0,-6.0,-6.0,-13.0,-2.0,-11.0,-4.0
2318,4,4.0,0.0,-4.0,15.0,-6.0,-5.0,-6.0,-2.0
2319,3,3.0,0.0,-3.0,3.0,10.0,-15.0,-11.0,13.0
2320,4,4.0,0.0,-4.0,11.0,-12.0,-7.0,15.0,-8.0
2321,7,7.0,0.0,-7.0,-8.0,9.0,0.0,11.0,-15.0
2322,8,8.0,0.0,-8.0,12.0,1.0,-10.0,-2.0,0.0
2323,5,5.0,0.0,-5.0,10.0,-4.0,13.0,-5.0,2.0
2324,5,5.0,0.0,-5.0,-3.0,15.0,0.0,9.0,-11.0
2325,5,5.0,0.0,-5.0,15.0,-7.0,-3.0,0.0,5.0
2326,8,8.0,0.0,-8.0,2.0,-13.0,-7.0,3.0,8.0
2327,5,5.0,0.0,-5.0,-13.0,7.0,2.0,7.0,9.0
2328,3,3.0,0.0,-3.0,-1.0,2.0,-14.0,4.0,10.0
2329,4,4.0,0.0,-4.0,-10.0,-7.0,15.0,-4.0,14.0
2330,7,7.0,0.0,-7.0,8.0,-9.0,-2.0,2.0,1.0
2331,6,6.0,0.0,-6.0,5.0,-8.0,5.0,-12.0,13.0
2332,4,4.0,0.0,-4.0,4.0,5.0,-3.0,-14.0,-13.0
2333,5,5.0,0.0,-5.0,14.0,4.0,-11.0,-9.0,-7.0
2334,9,9.0,0.0,-9.0,6.0,-7.0,-1.0,-6.0,6.0
2335,0,0.0,0.0,0.0,2.0,10.0,10.0,-11.0,9.0
2336,7,7.0,0.0,-7.0,14.0,3.0,4.0,13.0,-5.0
2337,4,4.0,0.0,-4.0,2.0,2.0,-12.0,-9.0,3.0
2338,2,2.0,0.0,-2.0,15.0,-13.0,6.0,-1.0,-3.0
2339,5,5.0,0.0,-5.0,-5.0,-5.0,-14.0,-10.0,7.0
2340,6,6.0,0.0,-6.0,15.0,11.0,-10.0,10.0,9.0
2341,4,4.0,0.0,-4.0,15.0,-8.0,14.0,-9.0,8.0
2342,4,4.0,0.0,-4.0,7.0,-10.0,5.0,2.0,-8.0
2343,3,3.0,0.0,-3.0,13.0,9.0,-2.0,-15.0,1.0
2344,5,5.0,0.0,-5.0,10.0,11.0,-4.0,2.0,-12.0
2345,5,5.0,0.0,-5.0,-14.0,9.0,-9.0,4.0,-10.0
2346,6,6.0,0.0,-6.0,0.0,-6.0,-6.0,-11.0,-11.0
2347,3,3.0,0.0,-3.0,-3.0,1.0,12.0,10.0,14.0
2348,7,7.0,0.0,-7.0,-14.0,13.0,-10.0,4.0,7.0
2349,2,2.0,0.0,-2.0,10.0,-5.0,3.0,-5.0,5.0
2350,3,3.0,0.0,-3.0,14.0,6.0,-1.0,-14.0,-6.0
2351,4,4.0,0.0,-4.0,-3.0,9.0,-9.0,-10.0,9.0
2352,2,2.0,0.0,-2.0,-14.0,14.0,-7.0,8.0,-14.0
2353,4,4.0,0.0,-4.0,10.0,-6.0,8.0,-3.0,-8.0
2354,5,5.0,0.0,-5.0,8.0,14.0,-5.0,-14.0,13.0
2355,7,7.0,0.0,-7.0,-12.0,14.0,-11.0,12.0,8.0
2356,5,5.0,0.0,-5.0,1.0,-12.0,5.0,-6.0,-12.0
2357,10,10.0,0.0,-10.0,12.0,-5.0,14.0,-1.0,-13.0
2358,7,7.0,0.0,-7.0,3.0,5.0,-7.0,-11.0,5.0
2359,6,6.0,0.0,-6.0,0.0,-6.0,14.0,8.0,-10.0
2360,7,7.0,0.0,-7.0,-12.0,-15.0,13.0,7.0,-9.0
2361,2,2.0,0.0,-2.0,-4.0,-15.0,10.0,-2.0,1.0
2362,8,8.0,0.0,-8.0,-15.0,7.0,-8.0,7.0,-3.0
2363,4,4.0,0.0,-4.0,0.0,7.0,9.0,-7.0,8.0
2364,5,5.0,0.0,-5.0,-3.0,3.0,-14.0,-13.0,12.0
2365,6,6.0,0.0,-6.0,-4.0,-5.0,14.0,2.0,7.0
2366,6,6.0,0.0,-6.0,4.0,-5.0,-11.0,9.0,5.0
2367,7,7.0,0.0,-7.0,-13.0,-14.0,-12.0,-1.0,13.0
2368,4,4.0,0.0,-4.0,-6.0,-6.0,-6.0,-5.0,-10.0
2369,4,4.0,0.0,-4.0,3.0,1.0,2.0,11.0,-4.0
2370,2,2.0,0.0,-2.0,-14.0,-14.0,5.0,-9.0,7.0
2371,4,4.0,0.0,-4.0,11.0,14.0,9.0,-4.0,-8.0
2372,9,9.0,0.0,-9.0,-12.0,-8.0,-4.0,-13.0,11.0
2373,6,6.0,0.0,-6.0,9.0,12.0,15.0,7.0,-4.0
2374,6,6.0,0.0,-6.0,10.0,-5.0,-15.0,-15.0,-13.0
2375,6,6.0,0.0,-6.0,-2.0,3.0,-12.0,-5.0,-5.0
2376,4,4.0,0.0,-4.0,3.0,-12.0,5.0,-10.0,-5.0
2377,4,4.0,0.0,-4.0,9.0,5.0,11.0,-7.0,-4.0
2378,1,1.0,0.0,-1.0,-10.0,-7.0,5.0,7.0,-5.0
2379,7,7.0,0.0,-7.0,8.0,6.0,-13.0,1.0,4.0
2380,3,3.0,0.0,-3.0,-14.0,-10.0,13.0,3.0,-5.0
2381,5,5.0,0.0,-5.0,5.0,-1.0,-6.0,-8.0,5.0
2382,6,6.0,0.0,-6.0,-12.0,4.0,-7.0,-2.0,-7.0
2383,7,7.0,0.0,-7.0,5.0,13.0,2.0,11.0,-2.0
2384,8,8.0,0.0,-8.0,4.0,1.0,-7.0,-14.0,-15.0
2385,8,8.0,0.0,-8.0,5.0,11.0,-12.0,-12.0,-6.0
2386,8,8.0,0.0,-8.0,10.0,12.0,5.0,-5.0,15.0
2387,4,4.0,0.0,-4.0,-10.0,-1.0,12.0,5.0,7.0
2388,7,7.0,0.0,-7.0,9.0,-2.0,-9.0,10.0,1.0
2389,5,5.0,0.0,-5.0,-11.0,14.0,11.0,11.0,5.0
2390,4,4.0,0.0,-4.0,-3.0,10.0,12.0,8.0,7.0
2391,5,5.0,0.0,-5.0,-9.0,3.0,-6.0,4.0,15.0
2392,3,3.0,0.0,-3.0,0.0,10.0,13.0,-10.0,-10.0
2393,1,1.0,0.0,-1.0,3.0,-5.0,-14.0,-2.0,-1.0
2394,6,6.0,0.0,-6.0,2.0,-2.0,9.0,11.0,12.0
2395,1,1.0,0.0,-1.0,1.0,-8.0,10.0,-9.0,-11.0
2396,5,5.0,0.0,-5.0,2.0,-6.0,-3.0,1.0,-2.0
2397,5,5.0,0.0,-5.0,-7.0,-13.0,13.0,-6.0,-10.0
2398,5,5.0,0.0,-5.0,0.0,1.0,12.0,-3.0,0.0
2399,6,6.0,0.0,-6.0,15.0,6.0,7.0,8.0,8.0
2400,3,3.0,0.0,-3.0,2.0,-13.0,-3.0,-4.0,-14.0
2401,6,6.0,0.0,-6.0,14.0,-4.0,13.0,-7.0,12.0
2402,2,2.0,0.0,-2.0,-15.0,-1.0,-11.0,13.0,2.0
2403,7,7.0,0.0,-7.0,15.0,12.0,13.0,11.0,0.0
2404,7,7.0,0.0,-7.0,3.0,-2.0,4.0,-14.0,-1.0
2405,1,1.0,0.0,-1.0,8.0,-4.0,-11.0,-10.0,9.0
2406,4,4.0,0.0,-4.0,-10.0,8.0,3.0,4.0,8.0
2407,5,5.0,0.0,-5.0,4.0,-15.0,-4.0,-12.0,-7.0
2408,4,4.0,0.0,-4.0,4.0,-9.0,0.0,-3.0,6.0
2409,6,6.0,0.0,-6.0,-7.0,4.0,-10.0,12.0,11.0
2410,7,7.0,0.0,-7.0,4.0,8.0,10.0,8.0,5.0
2411,4,4.0,0.0,-4.0,10.0,-4.0,-2.0,5.0,-11.0
2412,0,0.0,0.0,0.0,-13.0,1.0,2.0,13.0,9.0
2413,5,5.0,0.0,-5.0,-7.0,1.0,10.0,-7.0,5.0
2414,5,5.0,0.0,-5.0,-3.0,9.0,-13.0,-11.0,-10.0
2415,5,5.0,0.0,-5.0,6.0,-7.0,9.0,-2.0,3.0
2416,2,2.0,0.0,-2.0,4.0,-7.0,6.0,10.0,10.0
2417,3,3.0,0.0,-3.0,-9.0,14.0,0.0,9.0,8.0
2418,8,8.0,0.0,-8.0,-14.0,-13.0,-12.0,-12.0,8.0
2419,6,6.0,0.0,-6.0,-7.0,11.0,-14.0,3.0,-6.0
2420,8,8.0,0.0,-8.0,9.0,-10.0,13.0,0.0,-5.0
2421,4,4.0,0.0,-4.0,2.0,4.0,-9.0,3.0,0.0
2422,3,3.0,0.0,-3.0,7.0,-2.0,5.0,-15.0,-1.0
2423,3,3.0,0.0,-3.0,11.0,0.0,-4.0,7.0,-12.0
2424,8,8.0,0.0,-8.0,-8.0,5.0,-14.0,-8.0,-9.0
2425,7,7.0,0.0,-7.0,-1.0,1.0,14.0,-7.0,-9.0
2426,3,3.0,0.0,-3.0,-5.0,-14.0,4.0,1.0,13.0
2427,4,4.0,0.0,-4.0,7.0,12.0,14.0,15.0,-4.0
2428,1,1.0,0.0,-1.0,-15.0,-8.0,12.0,10.0,6.0
2429,4,4.0,0.0,-4.0,-11.0,-15.0,0.0,11.0,11.0
2430,8,8.0,0.0,-8.0,-14.0,14.0,10.0,13.0,-14.0
2431,5,5.0,0.0,-5.0,13.0,-13.0,-1.0,11.0,5.0
2432,8,8.0,0.0,-8.0,-8.0,10.0,-11.0,2.0,-1.0
2433,2,2.0,0.0,-2.0,-10.0,-9.0,15.0,9.0,11.0
2434,4,4.0,0.0,-4.0,-12.0,8.0,-8.0,7.0,0.0
2435,3,3.0,0.0,-3.0,9.0,-3.0,9.0,8.0,-9.0
2436,7,7.0,0.0,-7.0,-9.0,-5.0,6.0,-13.0,11.0
2437,0,0.0,0.0,0.0,-5.0,-6.0,0.0,10.0,-15.0
2438,5,5.0,0.0,-5.0,-5.0,0.0,-4.0,-10.0,-2.0
2439,7,7.0,0.0,-7.0,-13.0,5.0,13.0,-4.0,4.0
2440,4,4.0,0.0,-4.0,-13.0,-6.0,3.0,6.0,-15.0
2441,3,3.0,0.0,-3.0,13.0,-14.0,5.0,6.0,2.0
2442,5,5.0,0.0,-5.0,2.0,-11.0,10.0,12.0,-6.0
2443,5,5.0,0.0,-5.0,-3.0,13.0,-12.0,12.0,-4.0
2444,7,7.0,0.0,-7.0,-13.0,10.0,13.0,3.0,-11.0
2445,7,7.0,0.0,-7.0,6.0,10.0,-2.0,-1.0,-13.0
2446,7,7.0,0.0,-7.0,-1.0,-9.0,-11.0,7.0,-8.0
2447,6,6.0,0.0,-6.0,5.0,-3.0,4.0,4.0,15.0
2448,3,3.0,0.0,-3.0,-8.0,-2.0,2.0,-6.0,9.0
2449,3,3.0,0.0,-3.0,11.0,15.0,-14.0,10.0,-8.0
2450,4,4.0,0.0,-4.0,15.0,5.0,9.0,12.0,-3.0
2451,3,3.0,0.0,-3.0,-9.0,13.0,-6.0,-15.0,3.0
2452,9,9.0,0.0,-9.0,-1.0,-3.0,-15.0,9.0,2.0
2453,6,6.0,0.0,-6.0,-14.0,-7.0,11.0,-9.0,-3.0
2454,8,8.0,0.0,-8.0,-7.0,-7.0,0.0,-8.0,-3.0
2455,5,5.0,0.0,-5.0,-6.0,4.0,-5.0,9.0,-15.0
2456,3,3.0,0.0,-3.0,7.0,-15.0,10.0,-6.0,10.0
2457,5,5.0,0.0,-5.0,-8.0,11.0,-9.0,14.0,13.0
2458,5,5.0,0.0,-5.0,5.0,-13.0,3.0,8.0,10.0
2459,7,7.0,0.0,-7.0,-8.0,-13.0,-12.0,-8.0,-12.0
2460,5,5.0,0.0,-5.0,-13.0,-1.0,-12.0,6.0,-12.0
2461,4,4.0,0.0,-4.0,6.0,-5.0,-1.0,12.0,-8.0
2462,3,3.0,0.0,-3.0,-15.0,-8.0,-15.0,10.0,7.0
2463,6,6.0,0.0,-6.0,13.0,6.0,7.0,4.0,1.0
2464,5,5.0,0.0,-5.0,7.0,-13.0,-12.0,13.0,15.0
2465,8,8.0,0.0,-8.0,14.0,-5.0,-15.0,8.0,13.0
2466,11,11.0,0.0,-11.0,10.0,14.0,3.0,-11.0,13.0
2467,8,8.0,0.0,-8.0,-3.0,8.0,2.0,-12.0,2.0
2468,2,2.0,0.0,-2.0,-11.0,7.0,12.0,3.0,-9.0
2469,1,1.0,0.0,-1.0,-15.0,-11.0,-14.0,-4.0,4.0
2470,7,7.0,0.0,-7.0,4.0,9.0,9.0,1.0,11.0
2471,5,5.0,0.0,-5.0,0.0,12.0,-9.0,-11.0,15.0
2472,3,3.0,0.0,-3.0,4.0,2.0,6.0,8.0,-3.0
2473,5,5.0,0.0,-5.0,-10.0,-10.0,12.0,-11.0,11.0
2474,6,6.0,0.0,-6.0,8.0,13.0,7.0,-14.0,12.0
2475,9,9.0,0.0,-9.0,0.0,-10.0,-15.0,-13.0,-4.0
2476,7,7.0,0.0,-7.0,6.0,9.0,-4.0,12.0,4.0
2477,4,4.0,0.0,-4.0,-7.0,-8.0,-3.0,-3.0,-10.0
2478,4,4.0,0.0,-4.0,-5.0,12.0,11.0,7.0,6.0
2479,8,8.0,0.0,-8.0,-12.0,-1.0,-2.0,-14.0,9.0
2480,0,0.0,0.0,0.0,8.0,-9.0,-7.0,-15.0,-5.0
2481,4,4.0,0.0,-4.0,8.0,1.0,-7.0,-7.0,-13.0
2482,6,6.0,0.0,-6.0,15.0,-5.0,-4.0,-1.0,2.0
2483,7,7.0,0.0,-7.0,7.0,13.0,-10.0,6.0,8.0
2484,2,2.0,0.0,-2.0,12.0,-2.0,9.0,-14.0,-1.0
2485,3,3.0,0.0,-3.0,-1.0,7.0,-13.0,14.0,-9.0
2486,4,4.0,0.0,-4.0,-11.0,13.0,9.0,-2.0,-7.0
2487,6,6.0,0.0,-6.0,13.0,3.0,-12.0,-10.0,5.0
2488,5,5.0,0.0,-5.0,8.0,-3.0,9.0,-2.0,7.0
2489,9,9.0,0.0,-9.0,-15.0,5.0,-6.0,13.0,-10.0
2490,0,0.0,0.0,0.0,2.0,4.0,5.0,6.0,-14.0
2491,6,6.0,0.0,-6.0,5.0,10.0,14.0,12.0,-1.0
2492,5,5.0,0.0,-5.0,-7.0,-7.0,9.0,15.0,-1.0
2493,5,5.0,0.0,-5.0,-15.0,-14.0,0.0,-8.0,-15.0
2494,4,4.0,0.0,-4.0,14.0,4.0,5.0,-9.0,11.0
2495,6,6.0,0.0,-6.0,-1.0,0.0,-10.0,-13.0,3.0
2496,6,6.0,0.0,-6.0,13.0,-11.0,2.0,3.0,-3.0
2497,7,7.0,0.0,-7.0,-6.0,6.0,10.0,-14.0,-1.0
2498,6,6.0,0.0,-6.0,-10.0,-10.0,-5.0,-6.0,-11.0
2499,6,6.0,0.0,-6.0,4.0,-14.0,-14.0,8.0,6.0
2500,7,7.0,0.0,-7.0,-4.0,-10.0,-14.0,-2.0,0.0
2501,6,6.0,0.0,-6.0,-15.0,-9.0,7.0,6.0,-6.0
2502,5,5.0,0.0,-5.0,-3.0,-1.0,-13.0,-10.0,9.0
2503,8,8.0,0.0,-8.0,1.0,5.0,-5.0,9.0,-8.0
2504,3,3.0,0.0,-3.0,-7.0,-10.0,15.0,-14.0,15.0
2505,7,7.0,0.0,-7.0,-2.0,4.0,-12.0,7.0,10.0
2506,3,3.0,0.0,-3.0,-5.0,-7.0,-6.0,-10.0,4.0
2507,4,4.0,0.0,-4.0,-12.0,6.0,5.0,9.0,-10.0
2508,5,5.0,0.0,-5.0,0.0,-3.0,4.0,9.0,-12.0
2509,6,6.0,0.0,-6.0,5.0,5.0,-9.0,-13.0,7.0
2510,7,7.0,0.0,-7.0,-9.0,6.0,-6.0,-10.0,-2.0
2511,5,5.0,0.0,-5.0,5.0,-1.0,14.0,-3.0,-9.0
2512,3,3.0,0.0,-3.0,-14.0,-4.0,-13.0,0.0,-9.0
2513,6,6.0,0.0,-6.0,10.0,2.0,-3.0,-7.0,-15.0
2514,7,7.0,0.0,-7.0,10.0,6.0,-6.0,-5.0,-10.0
2515,6,6.0,0.0,-6.0,-9.0,-5.0,-2.0,10.0,11.0
2516,3,3.0,0.0,-3.0,2.0,-8.0,2.0,7.0,5.0
2517,4,4.0,0.0,-4.0,-9.0,-11.0,-5.0,3.0,8.0
2518,4,4.0,0.0,-4.0,11.0,12.0,15.0,-8.0,7.0
2519,4,4.0,0.0,-4.0,-5.0,-9.0,-3.0,-1.0,-7.0
2520,7,7.0,0.0,-7.0,-15.0,9.0,4.0,-14.0,12.0
2521,5,5.0,0.0,-5.0,6.0,-1.0,-6.0,0.0,4.0
2522,4,4.0,0.0,-4.0,3.0,-6.0,-1.0,7.0,-15.0
2523,6,6.0,0.0,-6.0,-7.0,8.0,-6.0,-2.0,-5.0
2524,3,3.0,0.0,-3.0,-15.0,-6.0,1.0,8.0,9.0
2525,8,8.0,0.0,-8.0,-3.0,2.0,15.0,-3.0,-12.0
2526,8,8.0,0.0,-8.0,-4.0,11.0,-9.0,-11.0,-1.0
2527,9,9.0,0.0,-9.0,-12.0,-5.0,-14.0,7.0,8.0
2528,2,2.0,0.0,-2.0,-7.0,-4.0,2.0,-15.0,-8.0
2529,5,5.0,0.0,-5.0,-11.0,-3.0,-1.0,9.0,-3.0
2530,6,6.0,0.0,-6.0,8.0,-1.0,7.0,12.0,-15.0
2531,6,6.0,0.0,-6.0,-10.0,-4.0,13.0,13.0,-3.0
2532,2,2.0,0.0,-2.0,-4.0,-8.0,-1.0,7.0,-8.0
2533,3,3.0,0.0,-3.0,7.0,-5.0,-5.0,-7.0,-5.0
2534,1,1.0,0.0,-1.0,-6.0,6.0,-9.0,3.0,13.0
2535,4,4.0,0.0,-4.0,2.0,1.0,12.0,-13.0,-5.0
2536,8,8.0,0.0,-8.0,-14.0,-2.0,-5.0,15.0,-3.0
2537,7,7.0,0.0,-7.0,-6.0,-10.0,11.0,7.0,-12.0
2538,3,3.0,0.0,-3.0,-13.0,10.0,10.0,1.0,-15.0
2539,7,7.0,0.0,-7.0,1.0,8.0,2.0,13.0,15.0
2540,2,2.0,0.0,-2.0,9.0,7.0,-7.0,9.0,-12.0
2541,7,7.0,0.0,-7.0,3.0,15.0,-6.0,4.0,5.0
2542,5,5.0,0.0,-5.0,-14.0,9.0,-4.0,13.0,4.0
2543,4,4.0,0.0,-4.0,-9.0,-14.0,15.0,-12.0,-15.0
2544,4,4.0,0.0,-4.0,-14.0,13.0,-15.0,12.0,11.0
2545,7,7.0,0.0,-7.0,6.0,-6.0,13.0,14.0,4.0
2546,5,5.0,0.0,-5.0,-11.0,3.0,0.0,-10.0,12.0
2547,6,6.0,0.0,-6.0,-9.0,-8.0,-15.0,14.0,-6.0
2548,3,3.0,0.0,-3.0,-6.0,-14.0,-15.0,-7.0,0.0
2549,2,2.0,0.0,-2.0,13.0,-12.0,-8.0,9.0,12.0
2550,5,5.0,0.0,-5.0,8.0,7.0,6.0,-2.0,1.0
2551,3,3.0,0.0,-3.0,4.0,3.0,-12.0,12.0,-14.0
2552,4,4.0,0.0,-4.0,-8.0,-10.0,10.0,-13.0,-1.0
2553,5,5.0,0.0,-5.0,-15.0,-7.0,-11.0,-14.0,-14.0
2554,8,8.0,0.0,-8.0,-12.0,5.0,-6.0,14.0,15.0
2555,6,6.0,0.0,-6.0,-2.0,-10.0,-3.0,-8.0,2.0
2556,1,1.0,0.0,-1.0,13.0,-14.0,3.0,15.0,-5.0
2557,4,4.0,0.0,-4.0,-15.0,5.0,-8.0,3.0,-8.0
2558,4,4.0,0.0,-4.0,-6.0,-7.0,9.0,-10.0,0.0
2559,2,2.0,0.0,-2.0,12.0,-11.0,14.0,15.0,3.0
2560,2,2.0,0.0,-2.0,-5.0,0.0,14.0,6.0,9.0
2561,4,4.0,0.0,-4.0,-9.0,2.0,-12.0,-3.0,13.0
2562,4,4.0,0.0,-4.0,5.0,3.0,9.0,13.0,14.0
2563,8,8.0,0.0,-8.0,0.0,-1.0,7.0,-3.0,2.0
2564,8,8.0,0.0,-8.0,2.0,10.0,8.0,5.0,-14.0
2565,7,7.0,0.0,-7.0,11.0,9.0,11.0,4.0,1.0
2566,5,5.0,0.0,-5.0,3.0,-12.0,2.0,5.0,-7.0
2567,5,5.0,0.0,-5.0,-13.0,-9.0,-11.0,-4.0,-5.0
2568,3,3.0,0.0,-3.0,-10.0,-6.0,0.0,-12.0,-2.0
2569,4,4.0,0.0,-4.0,-1.0,12.0,12.0,-15.0,-7.0
2570,5,5.0,0.0,-5.0,3.0,5.0,9.0,-12.0,9.0
2571,2,2.0,0.0,-2.0,7.0,-12.0,10.0,-1.0,-2.0
2572,7,7.0,0.0,-7.0,-14.0,8.0,-9.0,-4.0,-2.0
2573,10,10.0,0.0,-10.0,-15.0,-9.0,-13.0,10.0,9.0
2574,5,5.0,0.0,-5.0,8.0,9.0,0.0,4.0,3.0
2575,4,4.0,0.0,-4.0,-7.0,-15.0,-8.0,8.0,-5.0
2576,6,6.0,0.0,-6.0,3.0,8.0,13.0,-14.0,7.0
2577,2,2.0,0.0,-2.0,10.0,3.0,-13.0,4.0,-8.0
2578,4,4.0,0.0,-4.0,6.0,-1.0,1.0,9.0,14.0
2579,7,7.0,0.0,-7.0,-11.0,-13.0,-3.0,-15.0,12.0
2580,3,3.0,0.0,-3.0,-9.0,5.0,-5.0,-14.0,-11.0
2581,1,1.0,0.0,-1.0,5.0,10.0,13.0,4.0,5.0
2582,4,4.0,0.0,-4.0,-13.0,-9.0,9.0,3.0,-13.0
2583,6,6.0,0.0,-6.0,4.0,7.0,-11.0,-9.0,12.0
2584,5,5.0,0.0,-5.0,-10.0,-14.0,1.0,7.0,12.0
2585,8,8.0,0.0,-8.0,6.0,9.0,-14.0,5.0,14.0
2586,5,5.0,0.0,-5.0,-10.0,-2.0,-9.0,11.0,15.0
2587,5,5.0,0.0,-5.0,2.0,0.0,-5.0,9.0,5.0
2588,5,5.0,0.0,-5.0,11.0,1.0,-10.0,-15.0,11.0
2589,3,3.0,0.0,-3.0,-5.0,-9.0,-5.0,-10.0,-7.0
2590,7,7.0,0.0,-7.0,8.0,5.0,2.0,-15.0,-14.0
2591,4,4.0,0.0,-4.0,4.0,-10.0,-2.0,-10.0,-11.0
2592,9,9.0,0.0,-9.0,15.0,-9.0,-3.0,1.0,-5.0
2593,4,4.0,0.0,-4.0,-9.0,14.0,-12.0,0.0,-3.0
2594,6,6.0,0.0,-6.0,15.0,4.0,-5.0,-6.0,9.0
2595,8,8.0,0.0,-8.0,-9.0,-15.0,1.0,15.0,-1.0
2596,6,6.0,0.0,-6.0,9.0,-14.0,-1.0,-11.0,-14.0
2597,7,7.0,0.0,-7.0,14.0,-4.0,-10.0,-4.0,-12.0
2598,2,2.0,0.0,-2.0,0.0,-15.0,-3.0,5.0,-10.0
2599,10,10.0,0.0,-10.0,9.0,-3.0,-4.0,-1.0,-15.0
2600,2,2.0,0.0,-2.0,-11.0,-4.0,-10.0,-13.0,5.0
2601,6,6.0,0.0,-6.0,6.0,15.0,1.0,9.0,4.0
2602,7,7.0,0.0,-7.0,11.0,-1.0,13.0,4.0,7.0
2603,3,3.0,0.0,-3.0,-12.0,-12.0,-10.0,-14.0,2.0
2604,5,5.0,0.0,-5.0,7.0,11.0,-9.0,9.0,13.0
2605,3,3.0,0.0,-3.0,-8.0,-9.0,-15.0,13.0,-13.0
2606,4,4.0,0.0,-4.0,12.0,12.0,-14.0,0.0,2.0
2607,5,5.0,0.0,-5.0,8.0,-4.0,7.0,-2.0,2.0
2608,5,5.0,0.0,-5.0,-13.0,8.0,7.0,-8.0,-2.0
2609,2,2.0,0.0,-2.0,12.0,-6.0,-9.0,-2.0,-1.0
2610,3,3.0,0.0,-3.0,6.0,-9.0,6.0,-12.0,-3.0
2611,6,6.0,0.0,-6.0,-8.0,0.0,0.0,-11.0,12.0
2612,5,5.0,0.0,-5.0,-8.0,-10.0,1.0,-4.0,-3.0
2613,5,5.0,0.0,-5.0,6.0,15.0,11.0,7.0,13.0
2614,5,5.0,0.0,-5.0,-12.0,2.0,13.0,-6.0,-8.0
2615,6,6.0,0.0,-6.0,-9.0,-4.0,13.0,-13.0,9.0
2616,1,1.0,0.0,-1.0,-3.0,-12.0,-7.0,-6.0,-12.0
2617,1,1.0,0.0,-1.0,-8.0,-9.0,3.0,-8.0,6.0
2618,9,9.0,0.0,-9.0,-3.0,6.0,3.0,15.0,-4.0
2619,7,7.0,0.0,-7.0,14.0,13.0,11.0,-12.0,-15.0
2620,4,4.0,0.0,-4.0,0.0,-6.0,-14.0,-5.0,-8.0
2621,2,2.0,0.0,-2.0,-13.0,11.0,6.0,-3.0,-10.0
2622,7,7.0,0.0,-7.0,-12.0,-1.0,-1.0,-8.0,1.0
2623,5,5.0,0.0,-5.0,-13.0,3.0,9.0,-7.0,-12.0
2624,6,6.0,0.0,-6.0,-2.0,9.0,2.0,10.0,4.0
2625,3,3.0,0.0,-3.0,14.0,13.0,-8.0,-4.0,6.0
2626,4,4.0,0.0,-4.0,6.0,8.0,2.0,-1.0,10.0
2627,5,5.0,0.0,-5.0,10.0,-4.0,13.0,8.0,7.0
2628,6,6.0,0.0,-6.0,-10.0,0.0,8.0,-15.0,3.0
2629,3,3.0,0.0,-3.0,6.0,3.0,3.0,6.0,-10.0
2630,2,2.0,0.0,-2.0,-14.0,3.0,9.0,-10.0,-4.0
2631,7,7.0,0.0,-7.0,-3.0,8.0,-9.0,7.0,8.0
2632,4,4.0,0.0,-4.0,-10.0,4.0,9.0,-11.0,-7.0
2633,4,4.0,0.0,-4.0,1.0,12.0,-1.0,-15.0,-9.0
2634,5,5.0,0.0,-5.0,-5.0,-13.0,-15.0,-9.0,-7.0
2635,6,6.0,0.0,-6.0,-15.0,-9.0,7.0,-12.0,6.0
2636,4,4.0,0.0,-4.0,3.0,-6.0,6.0,-7.0,5.0
2637,3,3.0,0.0,-3.0,13.0,4.0,-10.0,9.0,5.0
2638,5,5.0,0.0,-5.0,10.0,-15.0,9.0,-12.0,-1.0
2639,4,4.0,0.0,-4.0,-2.0,-14.0,-6.0,0.0,-6.0
2640,4,4.0,0.0,-4.0,-8.0,8.0,-4.0,15.0,-1.0
2641,3,3.0,0.0,-3.0,0.0,-2.0,-9.0,-9.0,-13.0
2642,3,3.0,0.0,-3.0,-12.0,11.0,0.0,-13.0,5.0
2643,5,5.0,0.0,-5.0,8.0,4.0,-11.0,-9.0,13.0
2644,1,1.0,0.0,-1.0,-9.0,2.0,9.0,-7.0,6.0
2645,1,1.0,0.0,-1.0,7.0,13.0,-2.0,-2.0,-4.0
2646,5,5.0,0.0,-5.0,-3.0,-10.0,-14.0,-4.0,-14.0
2647,2,2.0,0.0,-2.0,4.0,15.0,1.0,-5.0,8.0
2648,5,5.0,0.0,-5.0,6.0,-9.0,-4.0,-4.0,-5.0
2649,5,5.0,0.0,-5.0,15.0,-14.0,10.0,13.0,-4.0
2650,5,5.0,0.0,-5.0,2.0,-15.0,-6.0,2.0,2.0
2651,7,7.0,0.0,-7.0,5.0,-6.0,7.0,13.0,-3.0
2652,4,4.0,0.0,-4.0,-9.0,4.0,-6.0,3.0,-13.0
2653,6,6.0,0.0,-6.0,-6.0,15.0,14.0,-8.0,4.0
2654,5,5.0,0.0,-5.0,-14.0,13.0,-10.0,0.0,10.0
2655,4,4.0,0.0,-4.0,-9.0,11.0,1.0,-10.0,-6.0
2656,5,5.0,0.0,-5.0,-4.0,7.0,4.0,13.0,7.0
2657,5,5.0,0.0,-5.0,8.0,-10.0,-6.0,-1.0,-3.0
2658,8,8.0,0.0,-8.0,-4.0,-4.0,5.0,1.0,9.0
2659,3,3.0,0.0,-3.0,-3.0,-2.0,11.0,-8.0,10.0
2660,5,5.0,0.0,-5.0,6.0,1.0,-5.0,4.0,-11.0
2661,4,4.0,0.0,-4.0,-11.0,-4.0,4.0,14.0,-3.0
2662,5,5.0,0.0,-5.0,15.0,-4.0,9.0,-3.0,14.0
2663,6,6.0,0.0,-6.0,14.0,14.0,-2.0,-6.0,5.0
2664,3,3.0,0.0,-3.0,-4.0,-15.0,-1.0,-1.0,15.0
2665,5,5.0,0.0,-5.0,3.0,-6.0,-1.0,-5.0,11.0
2666,7,7.0,0.0,-7.0,1.0,-8.0,12.0,13.0,4.0
2667,7,7.0,0.0,-7.0,-8.0,15.0,8.0,-14.0,12.0
2668,7,7.0,0.0,-7.0,-6.0,7.0,3.0,-8.0,1.0
2669,7,7.0,0.0,-7.0,9.0,-1.0,14.0,14.0,9.0
2670,1,1.0,0.0,-1.0,-8.0,13.0,-13.0,-12.0,-14.0
2671,6,6.0,0.0,-6.0,-4.0,11.0,-9.0,-1.0,-13.0
2672,5,5.0,0.0,-5.0,-6.0,-4.0,-3.0,-8.0,-11.0
2673,4,4.0,0.0,-4.0,0.0,2.0,-5.0,10.0,-3.0
2674,2,2.0,0.0,-2.0,13.0,12.0,5.0,-15.0,14.0
2675,3,3.0,0.0,-3.0,3.0,-6.0,4.0,15.0,2.0
2676,6,6.0,0.0,-6.0,8.0,11.0,13.0,-4.0,-10.0
2677,6,6.0,0.0,-6.0,11.0,-10.0,15.0,14.0,-15.0
2678,6,6.0,0.0,-6.0,4.0,3.0,-2.0,8.0,7.0
2679,3,3.0,0.0,-3.0,-15.0,14.0,10.0,-5.0,-7.0
2680,6,6.0,0.0,-6.0,-11.0,-10.0,-6.0,14.0,4.0
2681,5,5.0,0.0,-5.0,-10.0,-4.0,0.0,2.0,-12.0
2682,3,3.0,0.0,-3.0,-6.0,-5.0,12.0,-5.0,-10.0
2683,2,2.0,0.0,-2.0,14.0,15.0,-9.0,-14.0,-5.0
2684,4,4.0,0.0,-4.0,3.0,-8.0,-4.0,-1.0,9.0
2685,6,6.0,0.0,-6.0,-3.0,-10.0,2.0,-3.0,-12.0
2686,5,5.0,0.0,-5.0,2.0,13.0,7.0,8.0,0.0
2687,7,7.0,0.0,-7.0,-7.0,-3.0,9.0,1.0,6.0
2688,5,5.0,0.0,-5.0,10.0,-15.0,9.0,10.0,-8.0
2689,5,5.0,0.0,-5.0,14.0,-11.0,15.0,-8.0,4.0
2690,3,3.0,0.0,-3.0,-5.0,9.0,0.0,-3.0,-2.0
2691,3,3.0,0.0,-3.0,1.0,3.0,-11.0,-4.0,-7.0
2692,5,5.0,0.0,-5.0,-8.0,-3.0,-4.0,-2.0,-1.0
2693,4,4.0,0.0,-4.0,-2.0,-15.0,-4.0,2.0,0.0
2694,3,3.0,0.0,-3.0,-5.0,-12.0,-9.0,8.0,-3.0
2695,5,5.0,0.0,-5.0,-12.0,10.0,-5.0,7.0,2.0
2696,3,3.0,0.0,-3.0,8.0,-9.0,-1.0,-5.0,6.0
2697,5,5.0,0.0,-5.0,-13.0,-1.0,-6.0,11.0,11.0
2698,2,2.0,0.0,-2.0,14.0,9.0,-4.0,5.0,-2.0
2699,4,4.0,0.0,-4.0,-1.0,6.0,11.0,-4.0,6.0
2700,8,8.0,0.0,-8.0,-4.0,5.0,8.0,-12.0,12.0
2701,7,7.0,0.0,-7.0,-12.0,1.0,-2.0,8.0,15.0
2702,6,6.0,0.0,-6.0,-8.0,1.0,13.0,12.0,13.0
2703,4,4.0,0.0,-4.0,15.0,3.0,-8.0,-6.0,-6.0
2704,6,6.0,0.0,-6.0,12.0,-10.0,-15.0,9.0,-11.0
2705,3,3.0,0.0,-3.0,-9.0,-14.0,4.0,-8.0,-5.0
2706,2,2.0,0.0,-2.0,-3.0,-4.0,-4.0,-1.0,13.0
2707,6,6.0,0.0,-6.0,6.0,1.0,12.0,4.0,-7.0
2708,7,7.0,0.0,-7.0,-7.0,-9.0,3.0,11.0,1.0
2709,4,4.0,0.0,-4.0,-9.0,2.0,10.0,3.0,8.0
2710,3,3.0,0.0,-3.0,6.0,7.0,2.0,-3.0,5.0
2711,9,9.0,0.0,-9.0,12.0,5.0,2.0,4.0,14.0
2712,5,5.0,0.0,-5.0,3.0,-6.0,13.0,-10.0,12.0
2713,4,4.0,0.0,-4.0,-10.0,14.0,7.0,0.0,15.0
2714,7,7.0,0.0,-7.0,-5.0,-13.0,13.0,-11.0,11.0
2715,3,3.0,0.0,-3.0,2.0,14.0,-14.0,4.0,0.0
2716,5,5.0,0.0,-5.0,13.0,15.0,14.0,2.0,11.0
2717,6,6.0,0.0,-6.0,14.0,1.0,5.0,-13.0,-8.0
2718,5,5.0,0.0,-5.0,9.0,-9.0,15.0,4.0,-1.0
2719,7,7.0,0.0,-7.0,-3.0,-5.0,-11.0,0.0,1.0
2720,3,3.0,0.0,-3.0,11.0,-6.0,4.0,-10.0,12.0
2721,4,4.0,0.0,-4.0,-10.0,-11.0,6.0,15.0,6.0
2722,4,4.0,0.0,-4.0,7.0,-8.0,-10.0,-10.0,1.0
2723,4,4.0,0.0,-4.0,-12.0,0.0,5.0,7.0,4.0
2724,9,9.0,0.0,-9.0,-5.0,2.0,-6.0,8.0,14.0
2725,4,4.0,0.0,-4.0,-3.0,-9.0,6.0,-11.0,2.0
2726,7,7.0,0.0,-7.0,9.0,-12.0,-7.0,4.0,-7.0
2727,6,6.0,0.0,-6.0,6.0,-4.0,9.0,2.0,3.0
2728,5,5.0,0.0,-5.0,15.0,3.0,7.0,-2.0,-15.0
2729,6,6.0,0.0,-6.0,-10.0,-1.0,-6.0,15.0,6.0
2730,7,7.0,0.0,-7.0,-4.0,-7.0,-5.0,15.0,14.0
2731,5,5.0,0.0,-5.0,-1.0,2.0,-15.0,-2.0,-5.0
2732,3,3.0,0.0,-3.0,10.0,5.0,7.0,-2.0,-10.0
2733,5,5.0,0.0,-5.0,9.0,9.0,-12.0,11.0,15.0
2734,4,4.0,0.0,-4.0,1.0,-5.0,-2.0,-8.0,15.0
2735,0,0.0,0.0,0.0,-1.0,-1.0,-10.0,-5.0,1.0
2736,6,6.0,0.0,-6.0,4.0,-10.0,-13.0,1.0,11.0
2737,5,5.0,0.0,-5.0,-12.0,-6.0,11.0,-15.0,4.0
2738,4,4.0,0.0,-4.0,9.0,8.0,-13.0,-3.0,10.0
2739,9,9.0,0.0,-9.0,-6.0,-6.0,-6.0,-11.0,-12.0
2740,6,6.0,0.0,-6.0,10.0,3.0,14.0,3.0,0.0
2741,7,7.0,0.0,-7.0,9.0,1.0,-13.0,0.0,-7.0
2742,6,6.0,0.0,-6.0,4.0,13.0,15.0,15.0,14.0
2743,3,3.0,0.0,-3.0,-14.0,-5.0,-8.0,13.0,9.0
2744,5,5.0,0.0,-5.0,1.0,13.0,13.0,1.0,3.0
2745,5,5.0,0.0,-5.0,7.0,-10.0,-15.0,-3.0,-4.0
2746,3,3.0,0.0,-3.0,-13.0,0.0,-9.0,9.0,11.0
2747,6,6.0,0.0,-6.0,6.0,-8.0,-15.0,-1.0,13.0
2748,4,4.0,0.0,-4.0,0.0,9.0,3.0,15.0,-8.0
2749,5,5.0,0.0,-5.0,-12.0,2.0,-15.0,6.0,-14.0
2750,1,1.0,0.0,-1.0,0.0,-15.0,-2.0,8.0,6.0
2751,2,2.0,0.0,-2.0,1.0,3.0,7.0,5.0,-11.0
2752,6,6.0,0.0,-6.0,-4.0,7.0,12.0,0.0,5.0
2753,4,4.0,0.0,-4.0,-10.0,-6.0,14.0,-1.0,8.0
2754,5,5.0,0.0,-5.0,4.0,-3.0,11.0,1.0,-1.0
2755,6,6.0,0.0,-6.0,-1.0,2.0,-10.0,13.0,-3.0
2756,3,3.0,0.0,-3.0,-9.0,14.0,0.0,-14.0,13.0
2757,7,7.0,0.0,-7.0,-6.0,-11.0,8.0,-5.0,-11.0
2758,6,6.0,0.0,-6.0,-9.0,-6.0,12.0,-3.0,-3.0
2759,6,6.0,0.0,-6.0,13.0,8.0,-6.0,12.0,2.0
2760,5,5.0,0.0,-5.0,0.0,7.0,-13.0,-7.0,-14.0
2761,3,3.0,0.0,-3.0,8.0,-12.0,8.0,-15.0,-10.0
2762,4,4.0,0.0,-4.0,12.0,6.0,-5.0,-12.0,-14.0
2763,2,2.0,0.0,-2.0,13.0,-14.0,-14.0,-11.0,0.0
2764,6,6.0,0.0,-6.0,3.0,-2.0,6.0,7.0,-3.0
2765,6,6.0,0.0,-6.0,-9.0,14.0,-15.0,11.0,-10.0
2766,2,2.0,0.0,-2.0,5.0,10.0,-13.0,10.0,8.0
2767,7,7.0,0.0,-7.0,0.0,0.0,10.0,13.0,11.0
2768,6,6.0,0.0,-6.0,1.0,-5.0,2.0,-15.0,12.0
2769,4,4.0,0.0,-4.0,-5.0,9.0,-13.0,-10.0,-4.0
2770,3,3.0,0.0,-3.0,-3.0,10.0,-11.0,-3.0,12.0
2771,4,4.0,0.0,-4.0,-1.0,4.0,8.0,2.0,-15.0
2772,2,2.0,0.0,-2.0,-7.0,10.0,-1.0,-2.0,9.0
2773,10,10.0,0.0,-10.0,9.0,-15.0,8.0,0.0,-15.0
2774,6,6.0,0.0,-6.0,-10.0,-6.0,-13.0,-14.0,-10.0
2775,9,9.0,0.0,-9.0,-14.0,12.0,2.0,4.0,8.0
2776,4,4.0,0.0,-4.0,3.0,14.0,14.0,7.0,-10.0
2777,1,1.0,0.0,-1.0,-2.0,4.0,-6.0,-13.0,3.0
2778,7,7.0,0.0,-7.0,15.0,1.0,-9.0,14.0,11.0
2779,4,4.0,0.0,-4.0,-8.0,-2.0,7.0,0.0,10.0
2780,9,9.0,0.0,-9.0,-1.0,-15.0,13.0,15.0,-9.0
2781,3,3.0,0.0,-3.0,8.0,-13.0,0.0,2.0,2.0
2782,7,7.0,0.0,-7.0,5.0,13.0,-14.0,2.0,-8.0
2783,8,8.0,0.0,-8.0,-15.0,-15.0,6.0,4.0,13.0
2784,5,5.0,0.0,-5.0,9.0,7.0,10.0,-4.0,13.0
2785,6,6.0,0.0,-6.0,2.0,-12.0,-4.0,4.0,-12.0
2786,2,2.0,0.0,-2.0,13.0,10.0,-3.0,5.0,13.0
2787,2,2.0,0.0,-2.0,-1.0,13.0,-6.0,8.0,8.0
2788,5,5.0,0.0,-5.0,-7.0,-3.0,-8.0,-1.0,9.0
2789,7,7.0,0.0,-7.0,-8.0,10.0,-12.0,4.0,12.0
2790,3,3.0,0.0,-3.0,-1.0,13.0,-4.0,-6.0,-9.0
2791,3,3.0,0.0,-3.0,-4.0,4.0,11.0,12.0,6.0
2792,2,2.0,0.0,-2.0,5.0,3.0,-14.0,14.0,-6.0
2793,5,5.0,0.0,-5.0,-2.0,1.0,14.0,-7.0,11.0
2794,9,9.0,0.0,-9.0,1.0,14.0,6.0,10.0,-15.0
2795,5,5.0,0.0,-5.0,-1.0,12.0,-4.0,-11.0,-2.0
2796,4,4.0,0.0,-4.0,4.0,-4.0,9.0,15.0,-4.0
2797,2,2.0,0.0,-2.0,12.0,10.0,-14.0,14.0,12.0
2798,2,2.0,0.0,-2.0,5.0,-10.0,-4.0,-9.0,11.0
2799,4,4.0,0.0,-4.0,-6.0,10.0,12.0,8.0,15.0
2800,5,5.0,0.0,-5.0,1.0,11.0,6.0,-11.0,13.0
2801,6,6.0,0.0,-6.0,-2.0,3.0,7.0,-7.0,-10.0
2802,5,5.0,0.0,-5.0,-12.0,14.0,4.0,9.0,12.0
2803,6,6.0,0.0,-6.0,-14.0,-5.0,-6.0,-12.0,8.0
2804,6,6.0,0.0,-6.0,15.0,6.0,1.0,6.0,3.0
2805,3,3.0,0.0,-3.0,9.0,-6.0,-12.0,11.0,-10.0
2806,7,7.0,0.0,-7.0,0.0,-5.0,-9.0,1.0,7.0
2807,6,6.0,0.0,-6.0,15.0,-13.0,-7.0,7.0,12.0
2808,1,1.0,0.0,-1.0,-8.0,-3.0,-1.0,4.0,-9.0
2809,6,6.0,0.0,-6.0,-4.0,2.0,7.0,6.0,-1.0
2810,3,3.0,0.0,-3.0,-6.0,-14.0,9.0,6.0,-2.0
2811,2,2.0,0.0,-2.0,12.0,3.0,9.0,2.0,-6.0
2812,3,3.0,0.0,-3.0,2.0,8.0,1.0,-8.0,-2.0
2813,8,8.0,0.0,-8.0,0.0,-11.0,9.0,15.0,12.0
2814,3,3.0,0.0,-3.0,4.0,15.0,10.0,-2.0,2.0
2815,3,3.0,0.0,-3.0,-5.0,10.0,13.0,-11.0,11.0
2816,5,5.0,0.0,-5.0,12.0,1.0,-14.0,14.0,-8.0
2817,6,6.0,0.0,-6.0,-13.0,10.0,-6.0,12.0,-1.0
2818,10,10.0,0.0,-10.0,-15.0,14.0,7.0,10.0,1.0
2819,7,7.0,0.0,-7.0,5.0,0.0,5.0,-10.0,-9.0
2820,3,3.0,0.0,-3.0,3.0,-8.0,1.0,15.0,4.0
2821,4,4.0,0.0,-4.0,-14.0,8.0,-1.0,-2.0,-10.0
2822,6,6.0,0.0,-6.0,-8.0,4.0,-6.0,13.0,-5.0
2823,1,1.0,0.0,-1.0,-15.0,13.0,7.0,-9.0,3.0
2824,2,2.0,0.0,-2.0,2.0,15.0,15.0,-14.0,6.0
2825,5,5.0,0.0,-5.0,-4.0,-10.0,-13.0,-14.0,-1.0
2826,7,7.0,0.0,-7.0,-2.0,9.0,-11.0,-14.0,-5.0
2827,5,5.0,0.0,-5.0,3.0,4.0,5.0,-11.0,-10.0
2828,0,0.0,0.0,0.0,2.0,3.0,-13.0,4.0,5.0
2829,5,5.0,0.0,-5.0,10.0,-14.0,-3.0,15.0,-8.0
2830,3,3.0,0.0,-3.0,-5.0,5.0,-8.0,-5.0,-11.0
2831,2,2.0,0.0,-2.0,12.0,-10.0,2.0,-14.0,14.0
2832,4,4.0,0.0,-4.0,-14.0,-4.0,3.0,12.0,9.0
2833,6,6.0,0.0,-6.0,12.0,12.0,-13.0,-13.0,-7.0
2834,5,5.0,0.0,-5.0,-9.0,11.0,-14.0,13.0,-10.0
2835,4,4.0,0.0,-4.0,-3.0,-5.0,13.0,3.0,-9.0
2836,5,5.0,0.0,-5.0,-11.0,-5.0,5.0,12.0,-6.0
2837,4,4.0,0.0,-4.0,5.0,2.0,-2.0,0.0,14.0
2838,4,4.0,0.0,-4.0,15.0,-4.0,-10.0,-12.0,-9.0
2839,5,5.0,0.0,-5.0,1.0,-15.0,-8.0,0.0,-7.0
2840,6,6.0,0.0,-6.0,-8.0,-11.0,6.0,-14.0,8.0
2841,8,8.0,0.0,-8.0,0.0,-11.0,-12.0,-10.0,-5.0
2842,6,6.0,0.0,-6.0,9.0,5.0,7.0,-5.0,-10.0
2843,4,4.0,0.0,-4.0,4.0,5.0,4.0,-8.0,-10.0
2844,7,7.0,0.0,-7.0,2.0,-5.0,6.0,0.0,-12.0
2845,8,8.0,0.0,-8.0,-4.0,9.0,-9.0,-7.0,10.0
2846,5,5.0,0.0,-5.0,4.0,-14.0,-15.0,-15.0,-5.0
2847,4,4.0,0.0,-4.0,-10.0,-4.0,2.0,-15.0,3.0
2848,9,9.0,0.0,-9.0,-12.0,1.0,-15.0,-2.0,7.0
2849,5,5.0,0.0,-5.0,1.0,10.0,1.0,-4.0,8.0
2850,7,7.0,0.0,-7.0,15.0,-9.0,2.0,0.0,-14.0
2851,6,6.0,0.0,-6.0,1.0,-3.0,-5.0,10.0,-13.0
2852,5,5.0,0.0,-5.0,-13.0,-15.0,10.0,-9.0,9.0
2853,4,4.0,0.0,-4.0,-3.0,-3.0,0.0,-3.0,15.0
2854,2,2.0,0.0,-2.0,-8.0,4.0,-1.0,-8.0,-3.0
2855,4,4.0,0.0,-4.0,-10.0,13.0,-13.0,15.0,-13.0
2856,5,5.0,0.0,-5.0,4.0,12.0,0.0,3.0,-8.0
2857,3,3.0,0.0,-3.0,9.0,-13.0,13.0,-14.0,-4.0
2858,6,6.0,0.0,-6.0,15.0,3.0,3.0,-8.0,-12.0
2859,6,6.0,0.0,-6.0,-12.0,-5.0,13.0,1.0,0.0
2860,4,4.0,0.0,-4.0,3.0,10.0,-10.0,9.0,6.0
2861,7,7.0,0.0,-7.0,7.0,0.0,-7.0,-13.0,-14.0
2862,4,4.0,0.0,-4.0,11.0,-15.0,-5.0,8.0,0.0
2863,4,4.0,0.0,-4.0,-11.0,6.0,2.0,13.0,-12.0
2864,3,3.0,0.0,-3.0,-2.0,-3.0,-11.0,11.0,-7.0
2865,4,4.0,0.0,-4.0,-3.0,15.0,-1.0,0.0,7.0
2866,6,6.0,0.0,-6.0,-3.0,13.0,11.0,10.0,-9.0
2867,7,7.0,0.0,-7.0,-11.0,15.0,7.0,14.0,-8.0
2868,1,1.0,0.0,-1.0,15.0,-8.0,-7.0,-5.0,-5.0
2869,4,4.0,0.0,-4.0,-10.0,-2.0,-5.0,2.0,-9.0
2870,5,5.0,0.0,-5.0,7.0,-12.0,6.0,-1.0,2.0
2871,2,2.0,0.0,-2.0,-11.0,-9.0,-5.0,10.0,6.0
2872,4,4.0,0.0,-4.0,8.0,6.0,15.0,10.0,3.0
2873,6,6.0,0.0,-6.0,13.0,13.0,-13.0,-14.0,5.0
2874,1,1.0,0.0,-1.0,14.0,-15.0,3.0,13.0,0.0
2875,5,5.0,0.0,-5.0,6.0,-14.0,-3.0,-7.0,8.0
2876,7,7.0,0.0,-7.0,13.0,-14.0,15.0,-5.0,-5.0
2877,1,1.0,0.0,-1.0,1.0,1.0,11.0,14.0,-12.0
2878,3,3.0,0.0,-3.0,-7.0,14.0,-14.0,-13.0,-10.0
2879,5,5.0,0.0,-5.0,-5.0,8.0,-15.0,-7.0,-8.0
2880,4,4.0,0.0,-4.0,3.0,10.0,-1.0,-15.0,-2.0
2881,9,9.0,0.0,-9.0,1.0,11.0,-5.0,4.0,3.0
2882,5,5.0,0.0,-5.0,-14.0,11.0,1.0,-2.0,-8.0
2883,8,8.0,0.0,-8.0,0.0,9.0,2.0,10.0,-1.0
2884,5,5.0,0.0,-5.0,1.0,-6.0,-1.0,14.0,2.0
2885,5,5.0,0.0,-5.0,4.0,0.0,4.0,8.0,11.0
2886,2,2.0,0.0,-2.0,-10.0,-1.0,13.0,14.0,-9.0
2887,4,4.0,0.0,-4.0,-5.0,7.0,4.0,14.0,-14.0
2888,7,7.0,0.0,-7.0,-6.0,15.0,13.0,11.0,6.0
2889,2,2.0,0.0,-2.0,13.0,-6.0,0.0,-12.0,7.0
2890,7,7.0,0.0,-7.0,8.0,-7.0,-15.0,14.0,-15.0
2891,5,5.0,0.0,-5.0,-2.0,-5.0,8.0,14.0,8.0
2892,5,5.0,0.0,-5.0,8.0,0.0,4.0,12.0,11.0
2893,4,4.0,0.0,-4.0,10.0,-12.0,14.0,-6.0,-2.0
2894,7,7.0,0.0,-7.0,-14.0,12.0,-9.0,5.0,14.0
2895,7,7.0,0.0,-7.0,15.0,-13.0,0.0,12.0,2.0
2896,0,0.0,0.0,0.0,-8.0,13.0,-1.0,-10.0,-3.0
2897,7,7.0,0.0,-7.0,1.0,-5.0,12.0,-3.0,2.0
2898,5,5.0,0.0,-5.0,0.0,-6.0,-3.0,-2.0,0.0
2899,4,4.0,0.0,-4.0,-3.0,9.0,12.0,9.0,13.0
2900,9,9.0,0.0,-9.0,10.0,-8.0,15.0,13.0,4.0
2901,5,5.0,0.0,-5.0,-2.0,12.0,4.0,-4.0,12.0
2902,2,2.0,0.0,-2.0,2.0,-2.0,15.0,15.0,-13.0
2903,2,2.0,0.0,-2.0,-15.0,3.0,-5.0,7.0,0.0
2904,6,6.0,0.0,-6.0,11.0,-4.0,-11.0,12.0,14.0
2905,5,5.0,0.0,-5.0,-3.0,-7.0,-3.0,7.0,-15.0
2906,3,3.0,0.0,-3.0,-7.0,9.0,-15.0,-15.0,2.0
2907,6,6.0,0.0,-6.0,4.0,-6.0,0.0,-13.0,14.0
2908,5,5.0,0.0,-5.0,14.0,6.0,9.0,-7.0,-13.0
2909,5,5.0,0.0,-5.0,9.0,-10.0,-10.0,0.0,-1.0
2910,4,4.0,0.0,-4.0,-5.0,10.0,10.0,0.0,1.0
2911,5,5.0,0.0,-5.0,-5.0,-13.0,-8.0,3.0,-8.0
2912,5,5.0,0.0,-5.0,-13.0,14.0,10.0,-13.0,-11.0
2913,4,4.0,0.0,-4.0,-1.0,-11.0,2.0,-15.0,-15.0
2914,8,8.0,0.0,-8.0,10.0,13.0,-15.0,4.0,1.0
2915,2,2.0,0.0,-2.0,13.0,4.0,-13.0,-1.0,10.0
2916,6,6.0,0.0,-6.0,13.0,-6.0,-14.0,-12.0,12.0
2917,4,4.0,0.0,-4.0,14.0,11.0,-6.0,1.0,8.0
2918,5,5.0,0.0,-5.0,-14.0,7.0,1.0,2.0,4.0
2919,3,3.0,0.0,-3.0,0.0,15.0,2.0,11.0,10.0
2920,1,1.0,0.0,-1.0,-15.0,-6.0,-5.0,12.0,3.0
2921,7,7.0,0.0,-7.0,-7.0,-2.0,8.0,-6.0,7.0
2922,5,5.0,0.0,-5.0,-4.0,3.0,7.0,-6.0,-10.0
2923,5,5.0,0.0,-5.0,-3.0,14.0,9.0,-12.0,1.0
2924,2,2.0,0.0,-2.0,0.0,5.0,0.0,15.0,-9.0
2925,4,4.0,0.0,-4.0,-1.0,-14.0,-15.0,-8.0,-6.0
2926,6,6.0,0.0,-6.0,1.0,5.0,-8.0,-15.0,6.0
2927,2,2.0,0.0,-2.0,-3.0,-11.0,-14.0,14.0,15.0
2928,7,7.0,0.0,-7.0,14.0,4.0,-12.0,9.0,5.0
2929,4,4.0,0.0,-4.0,6.0,15.0,14.0,9.0,-11.0
2930,2,2.0,0.0,-2.0,15.0,0.0,-6.0,-14.0,12.0
2931,3,3.0,0.0,-3.0,-1.0,-2.0,13.0,-11.0,6.0
2932,4,4.0,0.0,-4.0,10.0,13.0,-10.0,9.0,2.0
2933,6,6.0,0.0,-6.0,-8.0,3.0,-12.0,-12.0,13.0
2934,2,2.0,0.0,-2.0,-9.0,15.0,-13.0,-14.0,14.0
2935,3,3.0,0.0,-3.0,-13.0,-14.0,12.0,-6.0,-6.0
2936,5,5.0,0.0,-5.0,0.0,8.0,12.0,5.0,-3.0
2937,6,6.0,0.0,-6.0,15.0,7.0,13.0,-5.0,-8.0
2938,3,3.0,0.0,-3.0,-13.0,2.0,5.0,-3.0,-11.0
2939,6,6.0,0.0,-6.0,-15.0,11.0,-8.0,6.0,-4.0
2940,5,5.0,0.0,-5.0,12.0,2.0,10.0,-14.0,-8.0
2941,6,6.0,0.0,-6.0,-9.0,-1.0,-11.0,5.0,-10.0
2942,4,4.0,0.0,-4.0,9.0,12.0,7.0,-8.0,14.0
2943,4,4.0,0.0,-4.0,14.0,3.0,2.0,-4.0,9.0
2944,1,1.0,0.0,-1.0,5.0,3.0,-1.0,15.0,10.0
2945,5,5.0,0.0,-5.0,15.0,-11.0,9.0,-11.0,-1.0
2946,6,6.0,0.0,-6.0,3.0,14.0,-3.0,-12.0,-7.0
2947,7,7.0,0.0,-7.0,-7.0,-8.0,6.0,-5.0,-1.0
2948,6,6.0,0.0,-6.0,-6.0,-6.0,4.0,3.0,-8.0
2949,3,3.0,0.0,-3.0,-6.0,8.0,3.0,-10.0,4.0
2950,6,6.0,0.0,-6.0,-1.0,3.0,1.0,-6.0,1.0
2951,4,4.0,0.0,-4.0,-3.0,-6.0,-1.0,1.0,-4.0
2952,2,2.0,0.0,-2.0,-6.0,-3.0,3.0,-7.0,-7.0
2953,6,6.0,0.0,-6.0,0.0,-6.0,1.0,1.0,-15.0
2954,5,5.0,0.0,-5.0,-11.0,-9.0,6.0,-6.0,-2.0
2955,6,6.0,0.0,-6.0,-12.0,-10.0,4.0,-2.0,-13.0
2956,5,5.0,0.0,-5.0,0.0,-14.0,6.0,-14.0,12.0
2957,7,7.0,0.0,-7.0,11.0,-3.0,10.0,9.0,-11.0
2958,5,5.0,0.0,-5.0,8.0,-15.0,-2.0,11.0,-8.0
2959,5,5.0,0.0,-5.0,-14.0,-9.0,-9.0,11.0,6.0
2960,2,2.0,0.0,-2.0,-15.0,-4.0,13.0,15.0,0.0
2961,2,2.0,0.0,-2.0,8.0,15.0,11.0,7.0,3.0
2962,3,3.0,0.0,-3.0,4.0,-14.0,6.0,-2.0,-1.0
2963,6,6.0,0.0,-6.0,9.0,13.0,-8.0,-15.0,5.0
2964,3,3.0,0.0,-3.0,1.0,2.0,12.0,11.0,11.0
2965,7,7.0,0.0,-7.0,12.0,-4.0,15.0,-1.0,-2.0
2966,5,5.0,0.0,-5.0,11.0,8.0,12.0,-4.0,10.0
2967,3,3.0,0.0,-3.0,8.0,-10.0,1.0,11.0,-8.0
2968,3,3.0,0.0,-3.0,-15.0,-6.0,-10.0,1.0,12.0
2969,6,6.0,0.0,-6.0,-14.0,-2.0,-9.0,-3.0,-3.0
2970,10,10.0,0.0,-10.0,-4.0,-9.0,7.0,6.0,-15.0
2971,9,9.0,0.0,-9.0,-2.0,-5.0,-9.0,-10.0,8.0
2972,7,7.0,0.0,-7.0,-10.0,-10.0,-13.0,-13.0,-14.0
2973,2,2.0,0.0,-2.0,-6.0,-12.0,15.0,13.0,-8.0
2974,7,7.0,0.0,-7.0,-10.0,14.0,9.0,8.0,-13.0
2975,4,4.0,0.0,-4.0,12.0,-8.0,-11.0,1.0,15.0
2976,3,3.0,0.0,-3.0,15.0,8.0,-11.0,-7.0,-6.0
2977,5,5.0,0.0,-5.0,-14.0,3.0,-2.0,-8.0,-2.0
2978,6,6.0,0.0,-6.0,13.0,5.0,0.0,4.0,-2.0
2979,6,6.0,0.0,-6.0,12.0,-3.0,-5.0,9.0,1.0
2980,6,6.0,0.0,-6.0,-5.0,-11.0,-13.0,6.0,1.0
2981,5,5.0,0.0,-5.0,-14.0,12.0,-1.0,-12.0,-13.0
2982,4,4.0,0.0,-4.0,14.0,0.0,-11.0,-6.0,2.0
2983,2,2.0,0.0,-2.0,-13.0,-12.0,6.0,-3.0,-3.0
2984,4,4.0,0.0,-4.0,-11.0,15.0,-14.0,-14.0,15.0
2985,7,7.0,0.0,-7.0,10.0,-14.0,-3.0,6.0,-13.0
2986,5,5.0,0.0,-5.0,7.0,4.0,6.0,-1.0,-9.0
2987,5,5.0,0.0,-5.0,-2.0,3.0,2.0,-5.0,-10.0
2988,8,8.0,0.0,-8.0,-13.0,5.0,-13.0,-2.0,15.0
2989,5,5.0,0.0,-5.0,14.0,4.0,-4.0,-13.0,3.0
2990,5,5.0,0.0,-5.0,7.0,11.0,8.0,0.0,-2.0
2991,3,3.0,0.0,-3.0,-9.0,7.0,7.0,-14.0,10.0
2992,7,7.0,0.0,-7.0,-2.0,8.0,12.0,-7.0,11.0
2993,7,7.0,0.0,-7.0,-4.0,-9.0,-4.0,9.0,10.0
2994,7,7.0,0.0,-7.0,-6.0,8.0,-11.0,14.0,15.0
2995,4,4.0,0.0,-4.0,6.0,-5.0,-14.0,-11.0,-8.0
2996,7,7.0,0.0,-7.0,-12.0,-15.0,10.0,-8.0,0.0
2997,2,2.0,0.0,-2.0,-6.0,-12.0,-9.0,13.0,-14.0
2998,7,7.0,0.0,-7.0,9.0,2.0,4.0,-7.0,2.0
2999,4,4.0,0.0,-4.0,-9.0,-12.0,-15.0,12.0,13.0
