game_id,league,home,away,kickoff_utc,cme_symbol,kalshi_ticker,polymarket_token
sample,NFL,HOME,AWAY,2026-09-27T17:00:00Z,FG-SAMPLE,KXNFLGAME-SAMPLE-HOME,
nfl_20260118_lar_chi,NFL,CHI,LAR,2026-01-18T23:30:00Z,FGCHIF618 C0001,KXNFLGAME-26JAN18LACHI-CHI,
nfl_20250905_dal_phi,NFL,PHI,DAL,2025-09-05T00:20:00Z,,KXNFLGAME-25SEP04DALPHI-PHI,0x5d431b964aa4221c3cdb2285146671879c4a78018077ebb6bd682ef06e627b2a
nfl_20250906_kc_lac,NFL,LAC,KC,2025-09-06T00:00:00Z,,KXNFLGAME-25SEP05KCLAC-LAC,0x800439094b33b59a2906cc90043818d4e35d1df87ae4995ac5f7d7b00a8494b0
nfl_20250907_ari_no,NFL,NO,ARI,2025-09-07T17:00:00Z,,KXNFLGAME-25SEP07ARINO-NO,0x35299ef93cb05afc0591faa883c29ece317b78e9d42da9ec88b65b1af6da51cb
nfl_20250907_tb_atl,NFL,ATL,TB,2025-09-07T17:00:00Z,,KXNFLGAME-25SEP07TBATL-ATL,0x9b3edfe78e9d604ffd30b34d025c93316e89eb970fbec373094aa02e87e3363e
nfl_20250907_pit_nyj,NFL,NYJ,PIT,2025-09-07T17:00:00Z,,KXNFLGAME-25SEP07PITNYJ-NYJ,0xb465ac540cc8d3ba2a467a26c164698214dcd7e4d838e74758ae560710702559
nfl_20250907_nyg_was,NFL,WAS,NYG,2025-09-07T17:00:00Z,,KXNFLGAME-25SEP07NYGWAS-WAS,0x08b487097d32f349beecfbd3f7bc00ef4a59d3c166e5f7c0cbf1e21db5f17af1
nfl_20250907_mia_ind,NFL,IND,MIA,2025-09-07T17:00:00Z,,KXNFLGAME-25SEP07MIAIND-IND,0xb056305ae1515cfc9d3b990f736de52dae0589804afff219501f28c41d10e6fd
nfl_20250907_lv_ne,NFL,NE,LV,2025-09-07T17:00:00Z,,KXNFLGAME-25SEP07LVNE-NE,0x7c7b30d19854739d735ae8a582730c3b78bdd81f9f25fb89abb3769dc8dfb987
nfl_20250907_car_jac,NFL,JAC,CAR,2025-09-07T17:00:00Z,,KXNFLGAME-25SEP07CARJAC-JAC,0xa9e327c25e8812a25eef1a5148bea64a9220a5648ea7146bda09fdb3d860651d
nfl_20250907_cin_cle,NFL,CLE,CIN,2025-09-07T17:00:00Z,,KXNFLGAME-25SEP07CINCLE-CLE,0x3346ce8dea0d6aa3d64696e0c997db6888e52c492117c8c9bab750937baeab20
nfl_20250907_sf_sea,NFL,SEA,SF,2025-09-07T20:05:00Z,,KXNFLGAME-25SEP07SFSEA-SEA,0xa7a09dde2f28c54eb6b2e3e2134c0423b1709f54cbfb57141cc319366820b753
nfl_20250907_ten_den,NFL,DEN,TEN,2025-09-07T20:05:00Z,,KXNFLGAME-25SEP07TENDEN-DEN,0x1a8631f0ed4bfd974a9b68a5a6984fdac27226b508b84ff6715305193fb1d157
nfl_20250907_hou_la,NFL,LA,HOU,2025-09-07T20:25:00Z,,KXNFLGAME-25SEP07HOULA-LA,0xcd044c77e586536eef7ab9e37e67631347a573be58cd6711a27103e454b385bb
nfl_20250907_det_gb,NFL,GB,DET,2025-09-07T20:25:00Z,,KXNFLGAME-25SEP07DETGB-GB,0xf7efe36a5a30d3189f50bd33c8248d5601604eb6301af6c55a7e8098852e8c89
nfl_20250908_bal_buf,NFL,BUF,BAL,2025-09-08T00:20:00Z,,KXNFLGAME-25SEP07BALBUF-BUF,0x7f2e645fd40487882cc9e7a05d240f5b1c2220a361fbb345b21f921070411409
nfl_20250909_min_chi,NFL,CHI,MIN,2025-09-09T00:15:00Z,,KXNFLGAME-25SEP08MINCHI-CHI,0xd4cf0aec58a81982ef375d7a3112468d245dae62eec65ce074ad59f3c9d194ec
cfb_20250911_ncst_wake,CFB,WAKE,NCST,2025-09-11T23:30:00Z,,KXNCAAFGAME-25SEP11NCSTWAKE-WAKE,0x5de0620798bee8e21ca383161d2c22f04d8d5a1bb0699d086791a0facc3a9837
nfl_20250912_was_gb,NFL,GB,WAS,2025-09-12T00:15:00Z,,KXNFLGAME-25SEP11WASGB-GB,0x868a479c6edc7a88a30961664c00a81e5006a5259a80294133c735c6b21f4569
cfb_20250912_colo_hou,CFB,HOU,COLO,2025-09-12T23:30:00Z,,KXNCAAFGAME-25SEP12COLOHOU-HOU,0xf1b72e9bb00bd6a519b17f51c14c4211b2983b0f10f5d9aee6dcc3b8a700ff04
cfb_20250913_ksu_ariz,CFB,ARIZ,KSU,2025-09-13T01:00:00Z,,KXNCAAFGAME-25SEP12KSUARIZ-ARIZ,0x9a2c2ffe8b7d60010b225f98377754d863fff5a2ea830f8b8558177fac2f0af1
cfb_20250913_unm_ucla,CFB,UCLA,UNM,2025-09-13T02:00:00Z,,KXNCAAFGAME-25SEP12UNMUCLA-UCLA,0xef962d69bb9b48628ed81f0c41e401fa6f99e8a16e05e20651586d009fdc17bf
cfb_20250913_mem_troy,CFB,TROY,MEM,2025-09-13T16:00:00Z,,KXNCAAFGAME-25SEP13MEMTROY-TROY,0x21ed1849725e328ad0d7f83a858df5ef2487eab5530c6669739405be6d993cdc
cfb_20250913_clem_gt,CFB,GT,CLEM,2025-09-13T16:00:00Z,,KXNCAAFGAME-25SEP13CLEMGT-GT,0x8cb9e4da52c62f1a8ab04ce8deecd98cfc1953ef1f669d5a4d63c7adced3eb02
cfb_20250913_cmu_mich,CFB,MICH,CMU,2025-09-13T16:00:00Z,,KXNCAAFGAME-25SEP13CMUMICH-MICH,0xc2c4838ebe520355361bd69a9a81ee88f1383ae3aff4acb0ed70388a4f4fba14
cfb_20250913_okla_tem,CFB,TEM,OKLA,2025-09-13T16:00:00Z,,KXNCAAFGAME-25SEP13OKLATEM-TEM,0x22d4a4f67983a4dddc118b0791bc5f2019f847719d1ff1461679ed3579e7e3d2
cfb_20250913_ore_nw,CFB,NW,ORE,2025-09-13T16:00:00Z,,KXNCAAFGAME-25SEP13ORENW-NW,0xc1713d44821cfe9325e9ec5c728aafb842857e0d83e88fe70d7817153db44dbe
cfb_20250913_wis_ala,CFB,ALA,WIS,2025-09-13T16:00:00Z,,KXNCAAFGAME-25SEP13WISALA-ALA,0x589a832eace43d246cdd4508088cc2807286e995e72437a17990e76b8c63c878
cfb_20250913_buff_kent,CFB,KENT,BUFF,2025-09-13T16:00:00Z,,KXNCAAFGAME-25SEP13BUFFKENT-KENT,0x3e3e0ade855d6f9bcfd83f174acc0492bb34f473cfa3dd372c5d558d97d3f37d
cfb_20250913_usa_aub,CFB,AUB,USA,2025-09-13T16:45:00Z,,KXNCAAFGAME-25SEP13USAAUB-AUB,0xc836e19aeaf4c86df770509ae9778f7d22055d31e7df375e691202d6316af6dc
cfb_20250913_wsu_unt,CFB,UNT,WSU,2025-09-13T19:30:00Z,,KXNCAAFGAME-25SEP13WSUUNT-UNT,0xc9fba0042f7f793fb896167ac96457637f616d243de5b2086324510300fc33a0
cfb_20250913_usc_pur,CFB,PUR,USC,2025-09-13T19:30:00Z,,KXNCAAFGAME-25SEP13USCPUR-PUR,0xfa7ed6fbf869842736bce0b13878f5add5249c2ebf3c39f4e324457c9d4912ad
cfb_20250913_pitt_wvu,CFB,WVU,PITT,2025-09-13T19:30:00Z,,KXNCAAFGAME-25SEP13PITTWVU-WVU,0x65f7bb9082a6c283ef8facf64a6befee0b033249cb3f1920724f41bf956b4b38
cfb_20250913_orst_ttu,CFB,TTU,ORST,2025-09-13T19:30:00Z,,KXNCAAFGAME-25SEP13ORSTTTU-TTU,0x42c89ea1e269d01d4649ccd9c7cb8298e1b16d90dd2d1c0dd3f2f1d09e6743e4
cfb_20250913_uga_tenn,CFB,TENN,UGA,2025-09-13T19:30:00Z,,KXNCAAFGAME-25SEP13UGATENN-TENN,0xdfc6409d7a2ada81f66c4c0f5750acdc7b7fca8967cbf7c94291c0a9f4e4c259
cfb_20250913_ull_mizz,CFB,MIZZ,ULL,2025-09-13T20:00:00Z,,KXNCAAFGAME-25SEP13ULLMIZZ-MIZZ,0xb2b47e105e637e6d61ca7788ce57f5b40bb9fac2874ffb9a09cc41afcf12dd58
cfb_20250913_isu_arst,CFB,ARST,ISU,2025-09-13T20:00:00Z,,KXNCAAFGAME-25SEP13ISUARST-ARST,0x681017130b6ebd5f1ed595be515d7d649356336fa013a3ff9bf4e141d239990f
cfb_20250913_utep_tex,CFB,TEX,UTEP,2025-09-13T20:15:00Z,,KXNCAAFGAME-25SEP13UTEPTEX-TEX,0xb9313af5407d88e184a596b97b563018a06a0a413fdea2d4b248178553943d64
cfb_20250913_usf_mia,CFB,MIA,USF,2025-09-13T20:30:00Z,,KXNCAAFGAME-25SEP13USFMIA-MIA,0x37a1e6c1123e23cc6693c6ad647e3a15d5032b0a82a8117492886590cf45c211
cfb_20250913_mtu_nev,CFB,NEV,MTU,2025-09-13T21:00:00Z,,KXNCAAFGAME-25SEP13MTUNEV-NEV,0x4d3c0ee8f018b42a2613e8397e8ac36dcbde15469f4d78548fa1848015f4a88f
cfb_20250913_lib_bgsu,CFB,BGSU,LIB,2025-09-13T21:00:00Z,,KXNCAAFGAME-25SEP13LIBBGSU-BGSU,0x35478b10d63322ce3942a62597fd93a48c0c00ae87e93c5b53de31c57c9393c5
cfb_20250913_fau_fiu,CFB,FIU,FAU,2025-09-13T22:00:00Z,,KXNCAAFGAME-25SEP13FAUFIU-FIU,0x2aebb5759a8b910377bf7b7cea49a220a706f9d9cffa0d07ec3ff399ac1e3c87
cfb_20250913_app_usm,CFB,USM,APP,2025-09-13T23:00:00Z,,KXNCAAFGAME-25SEP13APPUSM-USM,0x896862dd2236de83cb55b3b73faa7e60a73a483299a7516f83be87809357df89
cfb_20250913_ark_miss,CFB,MISS,ARK,2025-09-13T23:00:00Z,,KXNCAAFGAME-25SEP13ARKMISS-MISS,0xc355b3042288584c781d6a888107cd014422aae9ebf2534029168c8b5e3e6dd4
cfb_20250913_jvst_gaso,CFB,GASO,JVST,2025-09-13T23:00:00Z,,KXNCAAFGAME-25SEP13JVSTGASO-GASO,0x2b5e5a3d8c979c2287e5c6d03f80325832ecd3bacf34e61687e49cc5c7c0c65d
cfb_20250913_wmu_ill,CFB,ILL,WMU,2025-09-13T23:00:00Z,,KXNCAAFGAME-25SEP13WMUILL-ILL,0x39a342f5346bb5a079f6f03882b235a83710aedd3897249d0296b4117aaf3fba
cfb_20250913_ohio_osu,CFB,OSU,OHIO,2025-09-13T23:00:00Z,,KXNCAAFGAME-25SEP13OHIOOSU-OSU,0xd6d075c8b5a584f7a09d36d8926feabe7e3a611c45e5a5d653e320ac8fc21e71
cfb_20250913_odu_vt,CFB,VT,ODU,2025-09-13T23:00:00Z,,KXNCAAFGAME-25SEP13ODUVT-VT,0xa896f7e0e82e26e7850aae45025419bcdacb2dc2a3cf1ac2a16f3fb7d37df01a
cfb_20250913_emu_uk,CFB,UK,EMU,2025-09-13T23:30:00Z,,KXNCAAFGAME-25SEP13EMUUK-UK,0x8fcf34736e8cd7fa3c8b285ff3c102b8e9a988492697c309dbdf52bc529c4a89
cfb_20250913_ecu_ccar,CFB,CCAR,ECU,2025-09-13T23:30:00Z,,KXNCAAFGAME-25SEP13ECUCCAR-CCAR,0x1768ebd8d83949563db1daf94452668e5a30c459e35cfb213e4826b8a4807e28
cfb_20250913_nmsu_lt,CFB,LT,NMSU,2025-09-13T23:30:00Z,,KXNCAAFGAME-25SEP13NMSULT-LT,0x7732b6bbe0db5d3e931aedb6814614a196a778da3ec13542051676dd154f911b
cfb_20250913_mass_iowa,CFB,IOWA,MASS,2025-09-13T23:30:00Z,,KXNCAAFGAME-25SEP13MASSIOWA-IOWA,0xd735da2c726d3c3a941ddb66caa666b0f1fa7ef690d06f994cea333e789c4071
cfb_20250913_fla_lsu,CFB,LSU,FLA,2025-09-13T23:30:00Z,,KXNCAAFGAME-25SEP13FLALSU-LSU,0xadba1e2198bf38d497b94031b863f5fe6105c938b3916bb6bd91e673b28e3f69
cfb_20250913_txam_nd,CFB,ND,TXAM,2025-09-13T23:30:00Z,,KXNCAAFGAME-25SEP13TXAMND-ND,0xbc5606b54063444d85678e1cdb6840ad24ed7dd5bdaa4f70ad268fb244753194
cfb_20250913_van_scar,CFB,SCAR,VAN,2025-09-13T23:45:00Z,,KXNCAAFGAME-25SEP13VANSCAR-SCAR,0xdcb60596f330221286f1afdc73d2ae5ff80780a62701e0b842252740e56834c3
cfb_20250914_utah_wyo,CFB,WYO,UTAH,2025-09-14T00:00:00Z,,KXNCAAFGAME-25SEP13UTAHWYO-WYO,0x410e02710998661628538d3abc53c1ecc733f23dea474dd805b4a631a291ad72
cfb_20250914_navy_tlsa,CFB,TLSA,NAVY,2025-09-14T00:00:00Z,,KXNCAAFGAME-25SEP13NAVYTLSA-TLSA,0xa7b921829bfbb7f4bdd7be76428003f84c57387fae71be968b798a7a53396c57
cfb_20250914_duke_tuln,CFB,TULN,DUKE,2025-09-14T00:00:00Z,,KXNCAAFGAME-25SEP13DUKETULN-TULN,0x15a6075c56250acec5ec5d610e721bbcfd9fffacec078a1297880e044b52b237
cfb_20250914_akr_uab,CFB,UAB,AKR,2025-09-14T00:30:00Z,,KXNCAAFGAME-25SEP13AKRUAB-UAB,0x58582630f7bb64f056fe4b06d92d97c7cf4c6757858d4972d3c124cd5e7d4c46
cfb_20250914_afa_usu,CFB,USU,AFA,2025-09-14T01:45:00Z,,KXNCAAFGAME-25SEP13AFAUSU-USU,0xb7997461d7391ced67fb5abfe08409586c9ccec0d6a729250cc3517c333fe118
cfb_20250914_bc_stan,CFB,STAN,BC,2025-09-14T02:30:00Z,,KXNCAAFGAME-25SEP13BCSTAN-STAN,0x8af7481b3a52afb5131e252b633ffe21d63160d4c5027ed6ec07e35aa67b39e3
cfb_20250914_minn_cal,CFB,CAL,MINN,2025-09-14T02:30:00Z,,KXNCAAFGAME-25SEP13MINNCAL-CAL,0xf24ec3bc26f79f51b6f29adc1c77a9e3baca8adcdc6c144662306201eb9a55e3
cfb_20250914_txst_asu,CFB,ASU,TXST,2025-09-14T02:30:00Z,,KXNCAAFGAME-25SEP13TXSTASU-ASU,0x3734f860f2ab22a25283b38808c14c8c9957cc218cfd281ef70535b6f9d6808e
nfl_20250914_sf_no,NFL,NO,SF,2025-09-14T17:00:00Z,,KXNFLGAME-25SEP14SFNO-NO,0x2209d272f45481a4815f9311d94067c2cb2b932546298368f2a3322275169fc6
nfl_20250914_sea_pit,NFL,PIT,SEA,2025-09-14T17:00:00Z,,KXNFLGAME-25SEP14SEAPIT-PIT,0x3255139811b2eed367c3329581059bd34a37047fd414308c75d7100e7101283b
nfl_20250914_nyg_dal,NFL,DAL,NYG,2025-09-14T17:00:00Z,,KXNFLGAME-25SEP14NYGDAL-DAL,0xf3ded5c94e43f3b2ed2b00880fb4dd571124e839b31c7499f567d29e2e978aec
nfl_20250914_ne_mia,NFL,MIA,NE,2025-09-14T17:00:00Z,,KXNFLGAME-25SEP14NEMIA-MIA,0xd41dee54378dbc6371cd731879e20dab13f48ce686fef20a14e2010004c69bde
nfl_20250914_la_ten,NFL,TEN,LA,2025-09-14T17:00:00Z,,KXNFLGAME-25SEP14LATEN-TEN,0x9e7c130fb42833e3a72b4fbb013a5119ed7d6fc06c986a19cb3f016e276ae622
nfl_20250914_jac_cin,NFL,CIN,JAC,2025-09-14T17:00:00Z,,KXNFLGAME-25SEP14JACCIN-CIN,0x6041cb78d3398ec805169b3ff7ba94b9c2e5ad1b31097989ae05d366ba7955de
nfl_20250914_buf_nyj,NFL,NYJ,BUF,2025-09-14T17:00:00Z,,KXNFLGAME-25SEP14BUFNYJ-NYJ,0x1444251b3dafb9a59d8d2cea3c6455850c1d36003f03dfbc2e094da2ab2dd161
nfl_20250914_cle_bal,NFL,BAL,CLE,2025-09-14T17:00:00Z,,KXNFLGAME-25SEP14CLEBAL-BAL,0x4e557959c5f78255856b860a97a3e72b34a263ffceced545dc2f98a206ebe61f
nfl_20250914_chi_det,NFL,DET,CHI,2025-09-14T17:00:00Z,,KXNFLGAME-25SEP14CHIDET-DET,0x0eb549ada746e7e1f32d33d3bcb7f4c38130fae33a27fd01d39d5d88fa155524
nfl_20250914_den_ind,NFL,IND,DEN,2025-09-14T20:05:00Z,,KXNFLGAME-25SEP14DENIND-IND,0xddf98fc07d7824086f2bb238ff0a7c86268f9bd1e9c23c3f92470fe2a658c7d3
nfl_20250914_car_ari,NFL,ARI,CAR,2025-09-14T20:05:00Z,,KXNFLGAME-25SEP14CARARI-ARI,0x573aba90ae041b95e9b835f073bfe7eaaa04511d73ed7dc2e5cddce06ff77ba5
nfl_20250914_phi_kc,NFL,KC,PHI,2025-09-14T20:25:00Z,,KXNFLGAME-25SEP14PHIKC-KC,0xbaeed5f2c31695be7bfbed65abe9b1e1abd30090b0837fc4dc1f238c41c99c23
nfl_20250915_atl_min,NFL,MIN,ATL,2025-09-15T00:20:00Z,,KXNFLGAME-25SEP14ATLMIN-MIN,0xe2f107836a6236398720178a48a51f0745260d5bf508d2422104c00eca2d6890
nfl_20250915_tb_hou,NFL,HOU,TB,2025-09-15T23:00:00Z,,KXNFLGAME-25SEP15TBHOU-HOU,0x542f347e86af3c848754daee52f296a9f2244db0f62c1e713b9ace8e5dcd7677
nfl_20250916_lac_lv,NFL,LV,LAC,2025-09-16T02:00:00Z,,KXNFLGAME-25SEP15LACLV-LV,0x269c676c69555c6f9609178c0c1b2c7469d413e7e22cd0f340c87390a4f6e766
cfb_20250918_rice_char,CFB,CHAR,RICE,2025-09-18T23:30:00Z,,KXNCAAFGAME-25SEP18RICECHAR-CHAR,0x34e17ce3dfbc04915a1a94b1bd7c43cae7247d13423ac4df9fca6205797806e4
nfl_20250919_mia_buf,NFL,BUF,MIA,2025-09-19T00:15:00Z,,KXNFLGAME-25SEP18MIABUF-BUF,0xe0a4a160343d3f6f12f3518ac336deee778f9c922c3a8cebc22e4e9bb90947d9
cfb_20250919_tlsa_okst,CFB,OKST,TLSA,2025-09-19T23:30:00Z,,KXNCAAFGAME-25SEP19TLSAOKST-OKST,0xf2ee332a87953159001b2ef6077207a054cae6ac5c86c312fbed034ac6a61cce
cfb_20250920_iowa_rutg,CFB,RUTG,IOWA,2025-09-20T00:00:00Z,,KXNCAAFGAME-25SEP19IOWARUTG-RUTG,0xcb48a4793e9c7b9a638447ecdbbeaa39584ccb8cff323847a3d25c61fd7fdfdb
cfb_20250920_bgsu_lou,CFB,LOU,BGSU,2025-09-20T16:00:00Z,,KXNCAAFGAME-25SEP20BGSULOU-LOU,0x02960034e4e6e1825b0232e9a85c4b532db2fec36ad8faba6e1a9b8c14558706
cfb_20250920_ark_mem,CFB,MEM,ARK,2025-09-20T16:00:00Z,,KXNCAAFGAME-25SEP20ARKMEM-MEM,0xe671e803cfb5f3febf9e37f91c9b186dbe22fca81952636ddfd17f892bc6177a
cfb_20250920_unlv_oh,CFB,OH,UNLV,2025-09-20T16:00:00Z,,KXNCAAFGAME-25SEP20UNLVM-OH-M-OH,0x32594e91901c9e11a5940b2090f5fc4654c419737de7df35a8d1a74f835d6996
cfb_20250920_syr_clem,CFB,CLEM,SYR,2025-09-20T16:00:00Z,,KXNCAAFGAME-25SEP20SYRCLEM-CLEM,0xbe48dca9ed91dcf5d2e176821388fae58b40c15d34714ab477e1fdc9683ae242
cfb_20250920_ttu_utah,CFB,UTAH,TTU,2025-09-20T16:00:00Z,,KXNCAAFGAME-25SEP20TTUUTAH-UTAH,0xee4bfb0db500e2d4ce48311f4a67721f8986ba1a79f40cb5f8226f924b1b65fc
cfb_20250920_unt_army,CFB,ARMY,UNT,2025-09-20T16:00:00Z,,KXNCAAFGAME-25SEP20UNTARMY-ARMY,0x41a06b56c418abc793e2045292b6707533aefd49c979bb75142f56204840b735
cfb_20250920_md_wis,CFB,WIS,MD,2025-09-20T16:00:00Z,,KXNCAAFGAME-25SEP20MDWIS-WIS,0x3f9ce029d4e77986b7204bf74c6fd31f11bfae9a0b11b40368e05409bc674b68
cfb_20250920_smu_tcu,CFB,TCU,SMU,2025-09-20T16:00:00Z,,KXNCAAFGAME-25SEP20SMUTCU-TCU,0x0bb8cc3e94a64e15402deecc9efacda23e63325f657ee1d630ccfcdc50683df9
cfb_20250920_uab_tenn,CFB,TENN,UAB,2025-09-20T16:45:00Z,,KXNCAAFGAME-25SEP20UABTENN-TENN,0xbec99f642e104a6a9023d2d2fffa1859c8c6ee6f2d8bd7f4dd15cbb5491cf72a
cfb_20250920_orst_ore,CFB,ORE,ORST,2025-09-20T19:00:00Z,,KXNCAAFGAME-25SEP20ORSTORE-ORE,0xbcc44acb3ca67f8c9d989b431ee364629e03a2e668cbc67cd5bbfc724b131ece
cfb_20250920_ull_emu,CFB,EMU,ULL,2025-09-20T19:30:00Z,,KXNCAAFGAME-25SEP20ULLEMU-EMU,0x2189659f22fa034b530d872d84ad2048488ba99014a8ac06d6096b4963df9178
cfb_20250920_aub_okla,CFB,OKLA,AUB,2025-09-20T19:30:00Z,,KXNCAAFGAME-25SEP20AUBOKLA-OKLA,0xc5dbdb24fa06832401d5ab845fb55a1e8f885fdcf4b24537c91b9c0ff20058f5
cfb_20250920_tol_wmu,CFB,WMU,TOL,2025-09-20T19:30:00Z,,KXNCAAFGAME-25SEP20TOLWMU-WMU,0x4c03b4c8715ff94a27f3f40db38d65f34f3dfca3ea9d30e4e88eee23baadb87e
cfb_20250920_kent_fsu,CFB,FSU,KENT,2025-09-20T19:30:00Z,,KXNCAAFGAME-25SEP20KENTFSU-FSU,0xcad5ff55e440eb956b7044418c2d5431a2432a06a9f967340f71668a8886dad0
cfb_20250920_jmu_lib,CFB,LIB,JMU,2025-09-20T19:30:00Z,,KXNCAAFGAME-25SEP20JMULIB-LIB,0xcc6b61212319fa5f2faaaf0115026ae36615c543b9da899987bc2ed6eaebc42d
cfb_20250920_mich_neb,CFB,NEB,MICH,2025-09-20T19:30:00Z,,KXNCAAFGAME-25SEP20MICHNEB-NEB,0x8ee322293f4ed5459114fc50ea6a918b128e82e43c57fce563e12c802ef44a93
cfb_20250920_troy_buff,CFB,BUFF,TROY,2025-09-20T19:30:00Z,,KXNCAAFGAME-25SEP20TROYBUFF-BUFF,0x0affe85c6f20ceb60db89578d2096f49b1133146f4538c06e9bdd2454da9a992
cfb_20250920_tuln_miss,CFB,MISS,TULN,2025-09-20T19:30:00Z,,KXNCAAFGAME-25SEP20TULNMISS-MISS,0xc331db2f14d42ec977c0ab00341dd3a755ffa3a1b1155fb1a31fd5e954324805
cfb_20250920_unc_ucf,CFB,UCF,UNC,2025-09-20T19:30:00Z,,KXNCAAFGAME-25SEP20UNCUCF-UCF,0x6a7b6e8e995810d4521a92ab5050c4fc5b0529fd3dc6b3515ca9e880816a1edf
cfb_20250920_pur_nd,CFB,ND,PUR,2025-09-20T19:30:00Z,,KXNCAAFGAME-25SEP20PURND-ND,0xd127eb7c290289506f73892c93f4a0fd75fa3f6e7ff82603eddbbdaa687c5681
cfb_20250920_ball_conn,CFB,CONN,BALL,2025-09-20T19:30:00Z,,KXNCAAFGAME-25SEP20BALLCONN-CONN,0x64bc6723e94678f6f6e725f7f746874d4ca3eaa613e7c6681369bf44ab9178ec
cfb_20250920_ncst_duke,CFB,DUKE,NCST,2025-09-20T20:00:00Z,,KXNCAAFGAME-25SEP20NCSTDUKE-DUKE,0x8127ae4ce00d83f7850d1179259ccd366d0daa091f59b501148033d90cf9322f
cfb_20250920_niu_msst,CFB,MSST,NIU,2025-09-20T20:15:00Z,,KXNCAAFGAME-25SEP20NIUMSST-MSST,0xbfc628b3580038b533d1f2573b2912305b5ff64012ed3c6ff4921767619d64eb
cfb_20250920_tem_gt,CFB,GT,TEM,2025-09-20T20:30:00Z,,KXNCAAFGAME-25SEP20TEMGT-GT,0x7d2b49c703ac3ce89b75d2b9829b6279b4760ee794fbc17a7372daa0d0993972
cfb_20250920_arst_kenn,CFB,KENN,ARST,2025-09-20T22:00:00Z,,KXNCAAFGAME-25SEP20ARSTKENN-KENN,0x4d877d9eb1c5eeb29426957435880dfa59b7cc78923a7693d4bbe34038339e26
cfb_20250920_wvu_ku,CFB,KU,WVU,2025-09-20T22:00:00Z,,KXNCAAFGAME-25SEP20WVUKU-KU,0xa5fff44c364796c0294f7c44249114a508d89c5ad36d90046fc4141753aaf119
cfb_20250920_mrsh_mtu,CFB,MTU,MRSH,2025-09-20T23:00:00Z,,KXNCAAFGAME-25SEP20MRSHMTU-MTU,0xc32432948a652d1293565a104e000279100e87a037fc4ff04dfbe218cd555c9e
cfb_20250920_nev_wku,CFB,WKU,NEV,2025-09-20T23:00:00Z,,KXNCAAFGAME-25SEP20NEVWKU-WKU,0xaa5a8c83e5dd1b2587a5adaaa0da7bff71d418e299ca711cd63a84b1046acbcd
cfb_20250920_scar_mizz,CFB,MIZZ,SCAR,2025-09-20T23:00:00Z,,KXNCAAFGAME-25SEP20SCARMIZZ-MIZZ,0x086988fc4429f0d166bb42192f2fc11eef2b2440936a15d07d31d97e90312cfb
cfb_20250920_ccar_usa,CFB,USA,CCAR,2025-09-20T23:00:00Z,,KXNCAAFGAME-25SEP20CCARUSA-USA,0x29b6c77f591eedaea30cff14c586b3ae5e62e20a8dc1d49c8875cffce6689bb1
cfb_20250920_bsu_afa,CFB,AFA,BSU,2025-09-20T23:00:00Z,,KXNCAAFGAME-25SEP20BSUAFA-AFA,0x5b81b85be5b5533df6241d41c06e1a46b03ab4b8a300f969e14213da8e72c6c4
cfb_20250920_asu_bay,CFB,BAY,ASU,2025-09-20T23:30:00Z,,KXNCAAFGAME-25SEP20ASUBAY-BAY,0x5330e997dd88a34e1ea810eb44174d7680c630b941e1e80fefd36613dca8e9c5
cfb_20250920_gast_van,CFB,VAN,GAST,2025-09-20T23:30:00Z,,KXNCAAFGAME-25SEP20GASTVAN-VAN,0x33482be407bc706f8271bdca200a95a7f897bac800492069df0a3cc9ac9e56a9
cfb_20250920_stan_uva,CFB,UVA,STAN,2025-09-20T23:30:00Z,,KXNCAAFGAME-25SEP20STANUVA-UVA,0x4393391f09c8bfe64c4977acee40ad297d8b014a912e8a2d2ded39be157867ac
cfb_20250920_fla_mia,CFB,MIA,FLA,2025-09-20T23:30:00Z,,KXNCAAFGAME-25SEP20FLAMIA-MIA,0xa3a94e179dba0c4bd35b95dc4f968a120150a8ea0d35946ca35dad0b5c228448
cfb_20250920_byu_ecu,CFB,ECU,BYU,2025-09-20T23:30:00Z,,KXNCAAFGAME-25SEP20BYUECU-ECU,0xb1c8a9859346e5fd092402a72ceb5d1192a2c7f9983aa88239459adf211c9569
cfb_20250920_ill_ind,CFB,IND,ILL,2025-09-20T23:30:00Z,,KXNCAAFGAME-25SEP20ILLIND-IND,0x166dc50db4bd8ff277a1873b179e5ab33a2f1b0b150530fc2288de32bf604c96
cfb_20250920_usm_lt,CFB,LT,USM,2025-09-20T23:30:00Z,,KXNCAAFGAME-25SEP20USMLT-LT,0xcbddd3eaee53b47fae67fd7b883cab67fc1ba7c591bb9cb2ce08e73d9510219a
cfb_20250920_wash_wsu,CFB,WSU,WASH,2025-09-20T23:30:00Z,,KXNCAAFGAME-25SEP20WASHWSU-WSU,0x43dd2f5977079419dea8521fa5b60aa4d53981a361ca30fcc02dbee6008abe79
cfb_20250921_shsu_tex,CFB,TEX,SHSU,2025-09-21T00:00:00Z,,KXNCAAFGAME-25SEP20SHSUTEX-TEX,0xbe64ac0083b7fcab0b99e0867713d9ef70fef961a8da0ecbce9b1d425fab5b42
cfb_20250921_utsa_csu,CFB,CSU,UTSA,2025-09-21T01:30:00Z,,KXNCAAFGAME-25SEP20UTSACSU-CSU,0x87b63a319b1b59e5799e8c957dc3189e6b0ea72cdbb956812f4953ffe458f4c8
cfb_20250921_wyo_colo,CFB,COLO,WYO,2025-09-21T02:15:00Z,,KXNCAAFGAME-25SEP20WYOCOLO-COLO,0x312b9c5c1e712fb150a557fbad12fbb69e84f5e036572aff3bdfbc2be245d98d
cfb_20250921_cal_sdsu,CFB,SDSU,CAL,2025-09-21T02:30:00Z,,KXNCAAFGAME-25SEP20CALSDSU-SDSU,0xfe2b39eaf8209a7d0ce6c35ddc78e39069f70f9eb68270b1b9ef2c8de1ba2be4
cfb_20250921_msu_usc,CFB,USC,MSU,2025-09-21T03:00:00Z,,KXNCAAFGAME-25SEP20MSUUSC-USC,0xc2e7cab4e3111d25914456053a685fa3ad942f0a23de3c2cf5ea90f4ca48e896
cfb_20250921_fres_haw,CFB,HAW,FRES,2025-09-21T03:59:00Z,,KXNCAAFGAME-25SEP21FRESHAW-HAW,0x74526b967dffc08c39297cd6d383633887757192c6fc85fac7bef3b2fd075157
nfl_20250921_gb_cle,NFL,CLE,GB,2025-09-21T17:00:00Z,,KXNFLGAME-25SEP21GBCLE-CLE,0xfeb438246bc849b858cb0136ec42903babf3921f634cf1733ab833349b65e6dd
nfl_20250921_hou_jac,NFL,JAC,HOU,2025-09-21T17:00:00Z,,KXNFLGAME-25SEP21HOUJAC-JAC,0xcab669c074f8f790546d99e92a5864b14f46d98de451f35e26ea63c0089a7173
nfl_20250921_pit_ne,NFL,NE,PIT,2025-09-21T17:00:00Z,,KXNFLGAME-25SEP21PITNE-NE,0x8610f5115132a1dbb5d9db6d2514880bffd355a08d4e7e7c4a4b8a176ed9baa7
nfl_20250921_atl_car,NFL,CAR,ATL,2025-09-21T17:00:00Z,,KXNFLGAME-25SEP21ATLCAR-CAR,0x98dde15f19b750936526d438b9920e325aece9d3e4144b71e276e96f557c1c49
nfl_20250921_la_phi,NFL,PHI,LA,2025-09-21T17:00:00Z,,KXNFLGAME-25SEP21LAPHI-PHI,0xbaef857e53f69249525c725e35c4dafb4c9df13c915738351bf2d5ab9fef01b9
nfl_20250921_lv_was,NFL,WAS,LV,2025-09-21T17:00:00Z,,KXNFLGAME-25SEP21LVWAS-WAS,0xb68114f91bebbdf4db3b833187ffa59aa3b9a727cbc3070f232e2fbc8efa530d
nfl_20250921_cin_min,NFL,MIN,CIN,2025-09-21T17:00:00Z,,KXNFLGAME-25SEP21CINMIN-MIN,0x00cfb1fe371a24b3a9d81f1bb9ba5a037a53f70cf5f2741f3e8d24ca0eb46591
nfl_20250921_nyj_tb,NFL,TB,NYJ,2025-09-21T17:00:00Z,,KXNFLGAME-25SEP21NYJTB-TB,0x44d172447f68fcc304a574af3439776f798155fee1ea6ade6861ea62d269a856
nfl_20250921_ind_ten,NFL,TEN,IND,2025-09-21T17:00:00Z,,KXNFLGAME-25SEP21INDTEN-TEN,0x0a72c4de1ae9224eaf23d19ed8710a9b569bcc18b872e5b0812d4e931e36b837
nfl_20250921_den_lac,NFL,LAC,DEN,2025-09-21T20:05:00Z,,KXNFLGAME-25SEP21DENLAC-LAC,0x63c2b29f776882f6a873ab08f9233b5ce81878f08901b356cefbfeefed9a7256
nfl_20250921_no_sea,NFL,SEA,NO,2025-09-21T20:05:00Z,,KXNFLGAME-25SEP21NOSEA-SEA,0x027debee6533019ad89f0c725cd371e7743741993ba7299ffb6fd00fa2113bfa
nfl_20250921_ari_sf,NFL,SF,ARI,2025-09-21T20:25:00Z,,KXNFLGAME-25SEP21ARISF-SF,0x86114dd0c8cb0620543ac867b2c1c38715f6c71e62d2f6580c51c5223e6f3c3e
nfl_20250921_dal_chi,NFL,CHI,DAL,2025-09-21T20:25:00Z,,KXNFLGAME-25SEP21DALCHI-CHI,0xfa1e8f3b1d376187570365ccc2b0a75b75c6bac5e09af54cbb2f136dcfc15312
nfl_20250922_kc_nyg,NFL,NYG,KC,2025-09-22T00:20:00Z,,KXNFLGAME-25SEP21KCNYG-NYG,0x86f7bdfbb5d28ce8a9c455600e0252b016becf26a3868ac5ca6b85a65ac5b785
nfl_20250923_det_bal,NFL,BAL,DET,2025-09-23T00:15:00Z,,KXNFLGAME-25SEP22DETBAL-BAL,0x9bb75ad1d36ca556770aa2e1e12d1a6cc4a96039664434a33d4d7221504fa28c
cfb_20250925_army_ecu,CFB,ECU,ARMY,2025-09-25T23:30:00Z,,KXNCAAFGAME-25SEP25ARMYECU-ECU,0x465bb7c09fd6dd71b1dce092970aa5dbe0754bd04754d90580e32205c744d55d
nfl_20250926_sea_ari,NFL,ARI,SEA,2025-09-26T00:15:00Z,,KXNFLGAME-25SEP25SEAARI-ARI,0x2a749fa0cb0d3a9950eb54d6bc2800de73297906857b6093bcc1a9573c17fd05
cfb_20250926_fsu_uva,CFB,UVA,FSU,2025-09-26T23:00:00Z,,KXNCAAFGAME-25SEP26FSUUVA-UVA,0x802b26249e03ba6b92f73e1019f69f0688f9b59d2ea9ed8ec9f04cdeaed1dd24
cfb_20250927_cin_ku,CFB,KU,CIN,2025-09-27T16:00:00Z,,KXNCAAFGAME-25SEP27CINKU-KU,0x60d542b301f0455b36adbf5de1cec2a8c5e85b40aaa88752826c715bc17e7f26
cfb_20250927_duke_syr,CFB,SYR,DUKE,2025-09-27T16:00:00Z,,KXNCAAFGAME-25SEP27DUKESYR-SYR,0xf44c6f6a6deb2a2a769d163c8ba1c9bd73eb0465b49d6f5b1bc22b228856db60
cfb_20250927_gt_wake,CFB,WAKE,GT,2025-09-27T16:00:00Z,,KXNCAAFGAME-25SEP27GTWAKE-WAKE,0x040bc569d4a7e31ac6a71fef318ae22b7dc9b9562925a8e67732a2b99dd9ff5d
cfb_20250927_bgsu_ohio,CFB,OHIO,BGSU,2025-09-27T16:00:00Z,,KXNCAAFGAME-25SEP27BGSUOHIO-OHIO,0x8f6538c2a347994680ebe60d986f5d6887d0b50f476ee48ecb93878a197dd1f6
cfb_20250927_lou_pitt,CFB,PITT,LOU,2025-09-27T16:00:00Z,,KXNCAAFGAME-25SEP27LOUPITT-PITT,0xcc6425f01129e2a7b7bf1ff218f5b9cead63459442fe1538f7261b4ff056c21c
cfb_20250927_usc_ill,CFB,ILL,USC,2025-09-27T16:00:00Z,,KXNCAAFGAME-25SEP27USCILL-ILL,0xd9f4f79cf81ed6b33a86383242d9ca0688a7708e48df2a3afa9b5af4f1a8a489
cfb_20250927_usa_unt,CFB,UNT,USA,2025-09-27T16:00:00Z,,KXNCAAFGAME-25SEP27USAUNT-UNT,0x9a5e6b7e96aaa8166ce6cd132a982b88669c01bae23cd59c0aefa5b982402fe8
cfb_20250927_ucf_ksu,CFB,KSU,UCF,2025-09-27T16:00:00Z,,KXNCAAFGAME-25SEP27UCFKSU-KSU,0xe00b8cd962038ff422aa9dc0948283959850ffc264c23e67a96124d1a86b2d3a
cfb_20250927_rutg_minn,CFB,MINN,RUTG,2025-09-27T16:00:00Z,,KXNCAAFGAME-25SEP27RUTGMINN-MINN,0xf88ca0f086c6e7d3dbee06092112e6772e2e981f5d23e94efea8f1ae69c8f6f9
cfb_20250927_nd_ark,CFB,ARK,ND,2025-09-27T16:00:00Z,,KXNCAAFGAME-25SEP27NDARK-ARK,0xd2943049935e7eb0df6027b7141113a6fe91a5bf288906751fdf9bec4344cf81
cfb_20250927_usu_van,CFB,VAN,USU,2025-09-27T16:45:00Z,,KXNCAAFGAME-25SEP27USUVAN-VAN,0xe1eb6ee66a0df54697f1c6054e7158233a05826ef27e84987da6dbe57e211b17
cfb_20250927_emu_cmu,CFB,CMU,EMU,2025-09-27T17:00:00Z,,KXNCAAFGAME-25SEP27EMUCMU-CMU,0x60e38e0bbebb7728077f96ae311178736ce9fb8a886cd8dfb26b1c32f379c7da
cfb_20250927_gaso_jmu,CFB,JMU,GASO,2025-09-27T17:30:00Z,,KXNCAAFGAME-25SEP27GASOJMU-JMU,0x62304de442494d50be99f801851b53173c47a3d5dfed2ab732f59f681df0d123
cfb_20250927_akr_tol,CFB,TOL,AKR,2025-09-27T19:30:00Z,,KXNCAAFGAME-25SEP27AKRTOL-TOL,0x929c40f5a0ef9d82ecf36c4b8a819600f55c7ca46f81e7d9198d7521ddfbde64
cfb_20250927_aub_txam,CFB,TXAM,AUB,2025-09-27T19:30:00Z,,KXNCAAFGAME-25SEP27AUBTXAM-TXAM,0xa96fff91ed4f2a9fff6b45e7646461ed84244eb698fbfb9ab24f01262a5981d8
cfb_20250927_bay_okst,CFB,OKST,BAY,2025-09-27T19:30:00Z,,KXNCAAFGAME-25SEP27BAYOKST-OKST,0x8b46e0df4f83d9c44ad06bb20b59f7a956dba453d32b7614f1ce6593f57c4fbb
cfb_20250927_cal_bc,CFB,BC,CAL,2025-09-27T19:30:00Z,,KXNCAAFGAME-25SEP27CALBC-BC,0xb36b6bedf24f602fe1a1bfe666b16ab5e4e7c4ebc8eac271e4a63d7b6c98587a
cfb_20250927_sdsu_niu,CFB,NIU,SDSU,2025-09-27T19:30:00Z,,KXNCAAFGAME-25SEP27SDSUNIU-NIU,0x30f0ffc61f0760056aba069a0d2b014f115c32c8316965997748ca6eab24a5d7
cfb_20250927_ucla_nw,CFB,NW,UCLA,2025-09-27T19:30:00Z,,KXNCAAFGAME-25SEP27UCLANW-NW,0x225140ed25261b1a2e8f6c007ec44d40629a38dc8b8eef5d70df536bf9d3b5ac
cfb_20250927_rice_navy,CFB,NAVY,RICE,2025-09-27T19:30:00Z,,KXNCAAFGAME-25SEP27RICENAVY-NAVY,0x62339a9ab2bc7188dfac5cf2e740e95d6871c71b74eb44b77797dc4b498be47e
cfb_20250927_ind_iowa,CFB,IOWA,IND,2025-09-27T19:30:00Z,,KXNCAAFGAME-25SEP27INDIOWA-IOWA,0x4cdfbf7d0bf6d6f0bea480e210289d4842825834b5ef193387661b6fec3db64d
cfb_20250927_lsu_miss,CFB,MISS,LSU,2025-09-27T19:30:00Z,,KXNCAAFGAME-25SEP27LSUMISS-MISS,0xb1eb994bd536d02d4d773d6b17c11ab3ebbe25face9c6861d4bfeb7049deee88
cfb_20250927_utah_wvu,CFB,WVU,UTAH,2025-09-27T19:30:00Z,,KXNCAAFGAME-25SEP27UTAHWVU-WVU,0xcb72bef8df7a106fc87f4acf814992893a3607cf169b76a8ed4bf6c15bcd3c72
cfb_20250927_conn_buff,CFB,BUFF,CONN,2025-09-27T19:30:00Z,,KXNCAAFGAME-25SEP27CONNBUFF-BUFF,0x1c4b405a41b317d0e30bbc5c54f8c15514e7818b0c9beb755788a774bfdf9d18
cfb_20250927_osu_wash,CFB,WASH,OSU,2025-09-27T19:30:00Z,,KXNCAAFGAME-25SEP27OSUWASH-WASH,0x84cbf4d230de080d09f74afa3845307f051344db46e2d5f7127a399250d639e8
cfb_20250927_tuln_tlsa,CFB,TLSA,TULN,2025-09-27T20:00:00Z,,KXNCAAFGAME-25SEP27TULNTLSA-TLSA,0x92dfcd4e774d7ec01498f30b9a92f2f73dae4aff0fc91574f64e5761d7b2b201
cfb_20250927_nmsu_unm,CFB,UNM,NMSU,2025-09-27T20:00:00Z,,KXNCAAFGAME-25SEP27NMSUUNM-UNM,0xbda39417c17e7ef780eee52a41a51c883672ce626fed190d83d57d83120ef4d1
cfb_20250927_haw_afa,CFB,AFA,HAW,2025-09-27T20:10:00Z,,KXNCAAFGAME-25SEP27HAWAFA-AFA,0x25ac36d8bad5da418bad8134bf70a2461b145f8673f329c34ac991bcd1827ff5
cfb_20250927_tenn_msst,CFB,MSST,TENN,2025-09-27T20:15:00Z,,KXNCAAFGAME-25SEP27TENNMSST-MSST,0x7aa6788e40168d0087f978a0caab2f2a0934d43a2194989e4f940f81ee7fca9f
cfb_20250927_lib_odu,CFB,ODU,LIB,2025-09-27T22:00:00Z,,KXNCAAFGAME-25SEP27LIBODU-ODU,0xc42e6c5feac01a06c8fd83780b71b4db2042f397662d2bbe0793f9842eff96c7
cfb_20250927_mtu_kenn,CFB,KENN,MTU,2025-09-27T22:00:00Z,,KXNCAAFGAME-25SEP27MTUKENN-KENN,0xff409e1cee0eb6ea0a7ab0740baed14b22c2395fe16228a2e8534a5bda0b7274
cfb_20250927_uri_wmu,CFB,WMU,URI,2025-09-27T22:30:00Z,,KXNCAAFGAME-25SEP27URIWMU-WMU,0x5da0465202f625a1147bbb789e288310e90bbb020a776330bd3d333b37e55f90
cfb_20250927_wku_mosu,CFB,MOSU,WKU,2025-09-27T23:00:00Z,,KXNCAAFGAME-25SEP27WKUMOSU-MOSU,0x6d59bd171d8b909e3af44c2b0c52bd6a690480805e7d380f0241fa3c0e7cbdf2
cfb_20250927_ariz_isu,CFB,ISU,ARIZ,2025-09-27T23:00:00Z,,KXNCAAFGAME-25SEP27ARIZISU-ISU,0x885033b344ce021418674d35a253fbc7f265b06fd1ee92b8e9a0d36a3cd980fe
cfb_20250927_jvst_usm,CFB,USM,JVST,2025-09-27T23:00:00Z,,KXNCAAFGAME-25SEP27JVSTUSM-USM,0xd3ecad982219eaa8452a7cfb9e864bcff37c966c8b3aa140e257a9d70f18acda
cfb_20250927_mem_fau,CFB,FAU,MEM,2025-09-27T23:00:00Z,,KXNCAAFGAME-25SEP27MEMFAU-FAU,0x72544317201b15fc25948cd22228983362125986eaf24826a4876788888872eb
cfb_20250927_app_bsu,CFB,BSU,APP,2025-09-27T23:30:00Z,,KXNCAAFGAME-25SEP27APPBSU-BSU,0xbf137621a4f5ba06d83dec7c62cb38efa5dc819723e8acc6aed4251318ffc0d3
cfb_20250927_wsu_csu,CFB,CSU,WSU,2025-09-27T23:30:00Z,,KXNCAAFGAME-25SEP27WSUCSU-CSU,0xa23a6d89738fc76a3d62807428b2495f70d23518730314613405ed151146c6bb
cfb_20250927_ala_uga,CFB,UGA,ALA,2025-09-27T23:30:00Z,,KXNCAAFGAME-25SEP27ALAUGA-UGA,0x78ba21fd7871d3fe5eb50b3834a18eabc98dca241e1dd842623b0c0bd65dc041
cfb_20250927_mass_mizz,CFB,MIZZ,MASS,2025-09-27T23:30:00Z,,KXNCAAFGAME-25SEP27MASSMIZZ-MIZZ,0x42570e2cefd9d65d17206a2074a1af70dca4df8730a16c7419aa29604633a37f
cfb_20250927_sjsu_stan,CFB,STAN,SJSU,2025-09-27T23:30:00Z,,KXNCAAFGAME-25SEP27SJSUSTAN-STAN,0x93cd8e4b8a9f6ecbccbc95257e388dec771bb599408d441b98946e5d4af60f02
cfb_20250927_ore_psu,CFB,PSU,ORE,2025-09-27T23:30:00Z,,KXNCAAFGAME-25SEP27OREPSU-PSU,0xfb41ad72ca45f94f335a6eef84daf6a761262a87cc581ebf9711a4bd44599bc3
cfb_20250927_uk_scar,CFB,SCAR,UK,2025-09-27T23:45:00Z,,KXNCAAFGAME-25SEP27UKSCAR-SCAR,0x0dfee592c5e92a3582a666314f3941d608074be8db7aaef6533dbf0e4a549fcc
cfb_20250928_mrsh_ull,CFB,ULL,MRSH,2025-09-28T00:00:00Z,,KXNCAAFGAME-25SEP27MRSHULL-ULL,0xa0f2d63a7a5c51a8a9b51bf717c96f97d7df5c4523deacb1d0428a61661a69b0
cfb_20250928_lt_utep,CFB,UTEP,LT,2025-09-28T01:00:00Z,,KXNCAAFGAME-25SEP27LTUTEP-UTEP,0xfcc46ecb6f54bc116ef2eae38921499f53eb0b669d5719a6f7a07c414d4456b8
cfb_20250928_byu_colo,CFB,COLO,BYU,2025-09-28T02:15:00Z,,KXNCAAFGAME-25SEP27BYUCOLO-COLO,0xd5b1f3e75194ffd48ab28b219cbb38f656d07af3ddc1619c5b5bced8bfa6124a
nfl_20250928_min_pit,NFL,PIT,MIN,2025-09-28T13:30:00Z,,KXNFLGAME-25SEP28MINPIT-PIT,0xf6ac37db6b9296effc601fd758968a519a81bd918fc958f28279ba32cf532f77
nfl_20250928_ten_hou,NFL,HOU,TEN,2025-09-28T17:00:00Z,,KXNFLGAME-25SEP28TENHOU-HOU,0xf58eb28bb922427619e371903feb61299d311f36e11dd1ea650a4832df6fc1d3
nfl_20250928_lac_nyg,NFL,NYG,LAC,2025-09-28T17:00:00Z,,KXNFLGAME-25SEP28LACNYG-NYG,0x79adec37b2f1ad53e17b80bb9c911c205300dbad84b55bb7ebaee8d8858d6ef2
nfl_20250928_was_atl,NFL,ATL,WAS,2025-09-28T17:00:00Z,,KXNFLGAME-25SEP28WASATL-ATL,0xf4f1401bb1d74968dc3284b2c5c2319f5d135ce80b6025c89cf0b50b20da610c
nfl_20250928_car_ne,NFL,NE,CAR,2025-09-28T17:00:00Z,,KXNFLGAME-25SEP28CARNE-NE,0x2517c2e7563984d2149ac4b2bfb5d4994c36a9360929d195cd91278925629813
nfl_20250928_cle_det,NFL,DET,CLE,2025-09-28T17:00:00Z,,KXNFLGAME-25SEP28CLEDET-DET,0xba5f25a50cb42b8187b1c341801f9a8e5a5aee19d74382ddbba563da5cdc01b7
nfl_20250928_no_buf,NFL,BUF,NO,2025-09-28T17:00:00Z,,KXNFLGAME-25SEP28NOBUF-BUF,0x0b05c52720172eaa168e62e9e91702f48ef69210888880d2e9b74a0e210066e3
nfl_20250928_phi_tb,NFL,TB,PHI,2025-09-28T17:00:00Z,,KXNFLGAME-25SEP28PHITB-TB,0xccc244fc8e622c7a3768672661e64b7e9bb53bbb4f1e53a3aa36bd0d33428548
nfl_20250928_ind_la,NFL,LA,IND,2025-09-28T20:05:00Z,,KXNFLGAME-25SEP28INDLA-LA,0x8176209c7972bd1b9c1f0ce07120361b34930978d225ae007461edb03aefd3b0
nfl_20250928_jac_sf,NFL,SF,JAC,2025-09-28T20:05:00Z,,KXNFLGAME-25SEP28JACSF-SF,0x7ae4c85cc2ee3fe4ea7eb2545b05aee25ffd4f83367c371006942a5553566655
cfb_20251004_wvu_byu,CFB,BYU,WVU,2025-10-04T02:30:00Z,,KXNCAAFGAME-25OCT03WVUBYU-BYU,0xe5822e85ff1703ef17218fc4e8464c83dc4d15a792563b322d83742a7413bd59
cfb_20251004_csu_sdsu,CFB,SDSU,CSU,2025-10-04T02:30:00Z,,KXNCAAFGAME-25OCT03CSUSDSU-SDSU,0x7d22b9d27a5c32038ba7a963a80390ffb92f0e0a5c8b5e078bf6fc41f9d0e12c
cfb_20251004_ohio_ball,CFB,BALL,OHIO,2025-10-04T16:00:00Z,,KXNCAAFGAME-25OCT04OHIOBALL-BALL,0xd64f8f05070c562066f67f17cee8d2044ce2709506025f661f6c3b838726fb81
cfb_20251004_isu_cin,CFB,CIN,ISU,2025-10-04T16:00:00Z,,KXNCAAFGAME-25OCT04ISUCIN-CIN,0x6bee39915f4ed1160ee6898b2425c74930e8f858e467c96ae76f6b6fb914a978
cfb_20251004_afa_navy,CFB,NAVY,AFA,2025-10-04T16:00:00Z,,KXNCAAFGAME-25OCT04AFANAVY-NAVY,0xb98cabc80f5c2381b01e5b17d18b8f690fdd3ab091831e341344e1365dd93eb5
cfb_20251004_army_uab,CFB,UAB,ARMY,2025-10-04T16:00:00Z,,KXNCAAFGAME-25OCT04ARMYUAB-UAB,0x238801f9d467f62344ebe723143a46c7b5504e5d77eecfdc266f5f684492d0e5
cfb_20251004_bc_pitt,CFB,PITT,BC,2025-10-04T16:00:00Z,,KXNCAAFGAME-25OCT04BCPITT-PITT,0xf0f3818b81479dd3dfe2a506f88ed8a8b0125d03fb92c83e2fa379486c6734eb
cfb_20251004_ill_pur,CFB,PUR,ILL,2025-10-04T16:00:00Z,,KXNCAAFGAME-25OCT04ILLPUR-PUR,0x1e166f211ad1fc8a53a686278a70d06616fa6d8c2d7e32df5206ac0aa10563b5
cfb_20251004_uk_uga,CFB,UGA,UK,2025-10-04T16:00:00Z,,KXNCAAFGAME-25OCT04UKUGA-UGA,0x492255ca5b0fa2993470c09423573bd3275c4bcc0d9b9d4cd8a34626026af510
cfb_20251004_wis_mich,CFB,MICH,WIS,2025-10-04T16:00:00Z,,KXNCAAFGAME-25OCT04WISMICH-MICH,0x13254d6506bf47bbf8d437e4703f2eced97d7c6476dcb61e278d478c46146aa2
cfb_20251004_clem_unc,CFB,UNC,CLEM,2025-10-04T16:00:00Z,,KXNCAAFGAME-25OCT04CLEMUNC-UNC,0x3ecf9f1e48968669440028cd0a33d77882731989505546e0870fbb257eda6679
cfb_20251004_ksu_bay,CFB,BAY,KSU,2025-10-04T16:00:00Z,,KXNCAAFGAME-25OCT04KSUBAY-BAY,0x107eb797eb91aa6dc6b583c020e7c50ed9aa4e1f4a3bd3060fe425cbd97cdf49
cfb_20251004_utsa_tem,CFB,TEM,UTSA,2025-10-04T17:00:00Z,,KXNCAAFGAME-25OCT04UTSATEM-TEM,0xa2819e7e4faaed67e50185131d330e25912e04ad913bcb0513c778b3214ec0e5
cfb_20251004_wake_vt,CFB,VT,WAKE,2025-10-04T17:00:00Z,,KXNCAAFGAME-25OCT04WAKEVT-VT,0x5f721b1f8518a108ec68536c14a0478a771a269e89b94f871e0d09534aca01bb
cfb_20251004_wmu_mass,CFB,MASS,WMU,2025-10-04T18:30:00Z,,KXNCAAFGAME-25OCT04WMUMASS-MASS,0x4cb2150fe2ae7effe23f82e263b2d8649b0c3c35b3a2d317e8d6c270b00f8ac6
cfb_20251004_okst_ariz,CFB,ARIZ,OKST,2025-10-04T19:00:00Z,,KXNCAAFGAME-25OCT04OKSTARIZ-ARIZ,0x6c5222a50b8bc5ef0b2995a433a80506f5498918b0bf1e53042d8737de87db79
cfb_20251004_bsu_nd,CFB,ND,BSU,2025-10-04T19:30:00Z,,KXNCAAFGAME-25OCT04BSUND-ND,0x6dfe254bd732af60b4a5d2f65971c1629bfaedede84df37818bff81891df4913
cfb_20251004_tex_fla,CFB,FLA,TEX,2025-10-04T19:30:00Z,,KXNCAAFGAME-25OCT04TEXFLA-FLA,0xded0d84993483d436bf35d866a49d71787ccc294998f63896aefd09e13447b15
cfb_20251004_cmu_akr,CFB,AKR,CMU,2025-10-04T19:30:00Z,,KXNCAAFGAME-25OCT04CMUAKR-AKR,0x0b2d4c0e59b20102db24730a2414cb18d219125e2447166bd4729af3e5c9ba70
cfb_20251004_orst_app,CFB,APP,ORST,2025-10-04T19:30:00Z,,KXNCAAFGAME-25OCT04ORSTAPP-APP,0x9895be5251c19fafd1e67e27620c7b0c0b91809719be34a3d07ca1cb55e5d114
cfb_20251004_psu_ucla,CFB,UCLA,PSU,2025-10-04T19:30:00Z,,KXNCAAFGAME-25OCT04PSUUCLA-UCLA,0x7a894ea9ddd51fa8604391cb4d95693e8585b77c4ca0a1f316026f8716e41735
cfb_20251004_syr_smu,CFB,SMU,SYR,2025-10-04T19:30:00Z,,KXNCAAFGAME-25OCT04SYRSMU-SMU,0xceda07483a0c67c346843411fce9ac9cfe97ac9e99f49a6384beb3fc27db4dd7
cfb_20251004_uva_lou,CFB,LOU,UVA,2025-10-04T19:30:00Z,,KXNCAAFGAME-25OCT04UVALOU-LOU,0x4d99a508b8a16cb8261dfee26b00dea8b733c19c10f5cb78417444a8f6230240
cfb_20251004_van_ala,CFB,ALA,VAN,2025-10-04T19:30:00Z,,KXNCAAFGAME-25OCT04VANALA-ALA,0xa920598c26cd3f29d25066e1521002a4f51abf936876445ced3af75396dc8890
cfb_20251004_oh_niu,CFB,NIU,OH,2025-10-04T19:30:00Z,,KXNCAAFGAME-25OCT04M-OHNIU-NIU,0xcd0bb9d05f0282c211af6cf7ff079d4ff4a5a39300431c0860698f5f46b8a9ab
cfb_20251004_emu_buff,CFB,BUFF,EMU,2025-10-04T19:30:00Z,,KXNCAAFGAME-25OCT04EMUBUFF-BUFF,0x3f99fd3637b746073d804678fdbb5e79ba00010d2509d2d5fb11bb97258aae9c
cfb_20251004_wash_md,CFB,MD,WASH,2025-10-04T19:30:00Z,,KXNCAAFGAME-25OCT04WASHMD-MD,0xb0fc8f79b5b2cdce8cf293d03bf90ad96d7a6b0e9eed3db4be770529434fb593
cfb_20251004_jmu_gast,CFB,GAST,JMU,2025-10-04T19:30:00Z,,KXNCAAFGAME-25OCT04JMUGAST-GAST,0x06604e1e0eafd49a92e534aee315c2d6b7965ebd71251d1220c355aa1560bd4e
cfb_20251004_fiu_conn,CFB,CONN,FIU,2025-10-04T19:30:00Z,,KXNCAAFGAME-25OCT04FIUCONN-CONN,0x2c3b61b33371f06b545e7623134ee868799c33053ebf09623dd5ed85120b50d0
cfb_20251004_txst_arst,CFB,ARST,TXST,2025-10-04T20:00:00Z,,KXNCAAFGAME-25OCT04TXSTARST-ARST,0x45cdd92c6254cf73ea0c71c762571feb4552b5149e99930e31ff0006816d4edf
cfb_20251004_kent_okla,CFB,OKLA,KENT,2025-10-04T20:00:00Z,,KXNCAAFGAME-25OCT04KENTOKLA-OKLA,0xcbe984f18316f2bde6fe6f6ea9843551d4073739e1f948f10406ad7b3be31641
cfb_20251004_msu_neb,CFB,NEB,MSU,2025-10-04T20:00:00Z,,KXNCAAFGAME-25OCT04MSUNEB-NEB,0x021e759d0b24f9450d8dd0b94f9a53c0c4288db6b9e7b7152d0fa5a63a53d2a0
cfb_20251004_ccar_odu,CFB,ODU,CCAR,2025-10-04T22:00:00Z,,KXNCAAFGAME-25OCT04CCARODU-ODU,0x5bbb08bfd0c96f5ba1de6f91ce9a7fae2af3293aeed622f4955c15b76e41b733
cfb_20251004_fau_rice,CFB,RICE,FAU,2025-10-04T23:00:00Z,,KXNCAAFGAME-25OCT04FAURICE-RICE,0xb517592632f0a0ee181c06fbc3d18d2f64edab3cf6a984092e2fdb22b86ebc43
cfb_20251004_usa_troy,CFB,TROY,USA,2025-10-04T23:00:00Z,,KXNCAAFGAME-25OCT04USATROY-TROY,0x71a0427409b85bf7d2c1311347422719c9ff20133ac0931975bd273471526632
cfb_20251004_ttu_hou,CFB,HOU,TTU,2025-10-04T23:00:00Z,,KXNCAAFGAME-25OCT04TTUHOU-HOU,0x6b6a6973620a2a247534a148fc77b0b7c79f361536ce7442934906ac2b5b9c48
cfb_20251004_unlv_wyo,CFB,WYO,UNLV,2025-10-04T23:00:00Z,,KXNCAAFGAME-25OCT04UNLVWYO-WYO,0xc2e5ebb70226dbb029bdbee2c9c7d22e0454867ec81b0e7cce62a75e8f0ba4b5
cfb_20251004_mia_fsu,CFB,FSU,MIA,2025-10-04T23:30:00Z,,KXNCAAFGAME-25OCT04MIAFSU-FSU,0x916de3d41158298778e360dd27a476f6023905ceefae4ec5d6f3681a96f4f6c3
cfb_20251004_colo_tcu,CFB,TCU,COLO,2025-10-04T23:30:00Z,,KXNCAAFGAME-25OCT04COLOTCU-TCU,0x4aaf5f5971a69963bd59251bad3e63e785285d5714a14eca3b642cfc946ff8a7
cfb_20251004_msst_txam,CFB,TXAM,MSST,2025-10-04T23:30:00Z,,KXNCAAFGAME-25OCT04MSSTTXAM-TXAM,0xb3c0ccace5fc968e9721ffb390de1a5fd4556d04a305d03168a0ca1c49968133
cfb_20251004_ku_ucf,CFB,UCF,KU,2025-10-04T23:30:00Z,,KXNCAAFGAME-25OCT04KUUCF-UCF,0xd908540a029fd0b5111cf84713ac6c73a6af185ab6438e873191bb621d2fd15f
cfb_20251004_minn_osu,CFB,OSU,MINN,2025-10-04T23:30:00Z,,KXNCAAFGAME-25OCT04MINNOSU-OSU,0x939cf06765200142a620468106b7abb10bb6d81aecc063be657fd4e20fd126fb
cfb_20251005_tlsa_mem,CFB,MEM,TLSA,2025-10-05T00:00:00Z,,KXNCAAFGAME-25OCT04TLSAMEM-MEM,0x30fd7073772b450b07575e9cc98e59406e00394b5ecbb3b2d294b3e7585dde69
cfb_20251005_duke_cal,CFB,CAL,DUKE,2025-10-05T02:30:00Z,,KXNCAAFGAME-25OCT04DUKECAL-CAL,0x392ca792952868de2a187845da375a52699d67fff1b460bc6345336a2417251b
cfb_20251005_nev_fres,CFB,FRES,NEV,2025-10-05T02:30:00Z,,KXNCAAFGAME-25OCT04NEVFRES-FRES,0xfe0440e642c5091975b5a5ed690e9f764666744c65663d51a6895526dd6d122a
nfl_20251005_min_cle,NFL,CLE,MIN,2025-10-05T13:30:00Z,,KXNFLGAME-25OCT05MINCLE-CLE,0x5be2baa4127624bb749feb333d2e65f32ee7a70c98d866d3064453bdccf5b29e
nfl_20251005_den_phi,NFL,PHI,DEN,2025-10-05T17:00:00Z,,KXNFLGAME-25OCT05DENPHI-PHI,0x638fdef9e0d55331e641df9288311b9b5fb0aad79b38a21d1414374a59d88241
nfl_20251005_dal_nyj,NFL,NYJ,DAL,2025-10-05T17:00:00Z,,KXNFLGAME-25OCT05DALNYJ-NYJ,0x875d3aa94828ef083e6829128be74a4fa37a0b64e71de05508577284233e3209
nfl_20251005_hou_bal,NFL,BAL,HOU,2025-10-05T17:00:00Z,,KXNFLGAME-25OCT05HOUBAL-BAL,0x7c794eac9eaebdc9e63d0510d51f12e53ebd3955dbb30d3c5e57c527252d12ab
nfl_20251005_lv_ind,NFL,IND,LV,2025-10-05T17:00:00Z,,KXNFLGAME-25OCT05LVIND-IND,0x9a5d7b0cea3d284ce6338ee10ce34b0fc59c7d4422e0a52d575892916c057911
nfl_20251005_nyg_no,NFL,NO,NYG,2025-10-05T17:00:00Z,,KXNFLGAME-25OCT05NYGNO-NO,0xc46ec5775f978679e1d1c2fcddab06fd46e88d538933bef7f71c33798894a3f6
nfl_20251005_mia_car,NFL,CAR,MIA,2025-10-05T17:00:00Z,,KXNFLGAME-25OCT05MIACAR-CAR,0xf89aacad8a05b20e273c2d591942d025b28a82044d8f3dfba8ccd4fac03b7bdf
nfl_20251005_tb_sea,NFL,SEA,TB,2025-10-05T20:05:00Z,,KXNFLGAME-25OCT05TBSEA-SEA,0xfbe97b6bfa6877222679a910731fea12e5baadcb9c7292c0f8801f3598f5b9a5
nfl_20251005_ten_ari,NFL,ARI,TEN,2025-10-05T20:05:00Z,,KXNFLGAME-25OCT05TENARI-ARI,0x8747b866727b5514b52bccdc7afe208de01d42ae25055ee2f4de1ab4711abba7
nfl_20251005_det_cin,NFL,CIN,DET,2025-10-05T20:25:00Z,,KXNFLGAME-25OCT05DETCIN-CIN,0xd4023055ab3eca1b87706cb8caa9f65c9b6257cd5a06a2b5332993c85764a874
nfl_20251005_was_lac,NFL,LAC,WAS,2025-10-05T20:25:00Z,,KXNFLGAME-25OCT05WASLAC-LAC,0xfa87c912f0aa2042bdb6ea11a2ef4d4cd44e51f35d3c0caecb3410a554ca3d57
nfl_20251006_ne_buf,NFL,BUF,NE,2025-10-06T00:20:00Z,,KXNFLGAME-25OCT05NEBUF-BUF,0xc099825fab4693445d89784cc269a53d65dd045cea38e4bff3b3e2b0355303bf
nfl_20251007_kc_jac,NFL,JAC,KC,2025-10-07T00:15:00Z,,KXNFLGAME-25OCT06KCJAC-JAC,0x59d4803810920f86bcc24ab5ec8d83fe7255c351d1c229fe0cf9b652283aac0a
cfb_20251008_mosu_mtu,CFB,MTU,MOSU,2025-10-08T23:30:00Z,,KXNCAAFGAME-25OCT08MOSUMTU-MTU,0x372e53acccc8e0a8a6e10bf6ac7e646914ca5c6d954e572df52d1a397eccf687
cfb_20251009_lib_utep,CFB,UTEP,LIB,2025-10-09T00:00:00Z,,KXNCAAFGAME-25OCT08LIBUTEP-UTEP,0x3c63a0bf9fd63814aa5e58c35a3f8ed8da44609822d91db1d93cb7e6b4526861
cfb_20251009_lt_kenn,CFB,KENN,LT,2025-10-09T23:00:00Z,,KXNCAAFGAME-25OCT09LTKENN-KENN,0x76779f1ea78bdd607e90406656e4b7a05f64ae1572485a30775ca9562fd9d33a
cfb_20251009_ecu_tuln,CFB,TULN,ECU,2025-10-09T23:30:00Z,,KXNCAAFGAME-25OCT09ECUTULN-TULN,0x4f4a62b501cc2e1ed5449c529dce6f1c381bb0ab66f31835ddfadab73616bd8a
cfb_20251010_usm_gaso,CFB,GASO,USM,2025-10-10T00:00:00Z,,KXNCAAFGAME-25OCT09USMGASO-GASO,0xb801c5a6e4083cbd18ea457a9ac06a4e1b3f9bf11d96f59efbfab7a4690d5afa
cfb_20251010_jvst_shsu,CFB,SHSU,JVST,2025-10-10T00:00:00Z,,KXNCAAFGAME-25OCT09JVSTSHSU-SHSU,0x9f914192d82a50cd521b55b74c7352d1bb3d0505dcc134b5d1b04f52acb02f27
nfl_20251010_phi_nyg,NFL,NYG,PHI,2025-10-10T00:15:00Z,,KXNFLGAME-25OCT09PHINYG-NYG,0x08c4b6f69ddda7c59f11327c81ac741855ee9572cc7669845adb1e2c51b95214
cfb_20251010_usf_unt,CFB,UNT,USF,2025-10-10T23:30:00Z,,KXNCAAFGAME-25OCT10USFUNT-UNT,0x47b90160638982fb285748d3eff33d0481a87d3a7eb3818b15c517818cc2ee4d
cfb_20251011_fres_csu,CFB,CSU,FRES,2025-10-11T01:00:00Z,,KXNCAAFGAME-25OCT10FRESCSU-CSU,0x6ce7d972374196440b8700dd3244663f6f3aa2274aca26d5ff7f9ab3c24722c7
cfb_20251011_rutg_wash,CFB,WASH,RUTG,2025-10-11T01:00:00Z,,KXNCAAFGAME-25OCT10RUTGWASH-WASH,0xf612fd84d3330cb6e608e725d5380a543f64c30f1e3be4808a2e7a7e1350e449
cfb_20251011_tol_bgsu,CFB,BGSU,TOL,2025-10-11T16:00:00Z,,KXNCAAFGAME-25OCT11TOLBGSU-BGSU,0xf9d2bcf4e214f257505cc94dfdef5b8c50f5e2bd3b0b9e3c0bbc1890d17fb8e9
cfb_20251011_stan_smu,CFB,SMU,STAN,2025-10-11T16:00:00Z,,KXNCAAFGAME-25OCT11STANSMU-SMU,0xd861e274ef1ae6bb12545cff2daf014b30772aa5c6c6de5faf8563524a5d38d9
cfb_20251011_osu_ill,CFB,ILL,OSU,2025-10-11T16:00:00Z,,KXNCAAFGAME-25OCT11OSUILL-ILL,0x55bde6a5f8925a3addd421e4ed2f774c276f47079c50fbab1ff70a36c8727f07
cfb_20251011_oh_akr,CFB,AKR,OH,2025-10-11T16:00:00Z,,KXNCAAFGAME-25OCT11M-OHAKR-AKR,0x7d79728668e9e1a6850edcd208df20c8bea30aece8084c04bb157648d2113b48
cfb_20251011_ucla_msu,CFB,MSU,UCLA,2025-10-11T16:00:00Z,,KXNCAAFGAME-25OCT11UCLAMSU-MSU,0x8497acf1f17fc16cadb91d45f2216d4e6fb2e44daa54016374feea666a41ea0e
cfb_20251011_ucf_cin,CFB,CIN,UCF,2025-10-11T16:00:00Z,,KXNCAAFGAME-25OCT11UCFCIN-CIN,0x6587f1af929fcc54d7a475f48ff60ec9b9cd7c74d16654ddda0255cd0f7673fb
cfb_20251011_pitt_fsu,CFB,FSU,PITT,2025-10-11T16:00:00Z,,KXNCAAFGAME-25OCT11PITTFSU-FSU,0x0a19f6be7f95d72d52d67f427dc3ae521b53e0343a31f1a86b6f6c8618b99f6b
cfb_20251011_hou_okst,CFB,OKST,HOU,2025-10-11T16:00:00Z,,KXNCAAFGAME-25OCT11HOUOKST-OKST,0x3e5de8d0d99447b3da478be5d595ebfd2264c85a42d02da4732d0ba65865e739
cfb_20251011_ull_jmu,CFB,JMU,ULL,2025-10-11T16:00:00Z,,KXNCAAFGAME-25OCT11ULLJMU-JMU,0x483595a86731c32b9d4920c8482c92a79ab5eec0573b78ab1f423ea4d460998a
cfb_20251011_ala_mizz,CFB,MIZZ,ALA,2025-10-11T16:00:00Z,,KXNCAAFGAME-25OCT11ALAMIZZ-MIZZ,0x8e3d6beb2529699bda2a20c0ad3191f5680724d3a902f3e5cdab4da2eb90f1a2
cfb_20251011_char_army,CFB,ARMY,CHAR,2025-10-11T16:00:00Z,,KXNCAAFGAME-25OCT11CHARARMY-ARMY,0xe6a50f50555fa96e2d82c50be59456fcb3b99d8047a3451ca34c4b979bff6508
cfb_20251011_wsu_miss,CFB,MISS,WSU,2025-10-11T16:45:00Z,,KXNCAAFGAME-25OCT11WSUMISS-MISS,0x57e80f89d05d7717c0a31f97352b20f53566eced20ddc221f34591f2af1d2749
cfb_20251011_niu_emu,CFB,EMU,NIU,2025-10-11T17:00:00Z,,KXNCAAFGAME-25OCT11NIUEMU-EMU,0xee9da0c3f1ddefd65cfe50f148c95b4aa7bf271e2da10388df80eb8968c691c5
cfb_20251011_mass_kent,CFB,KENT,MASS,2025-10-11T18:30:00Z,,KXNCAAFGAME-25OCT11MASSKENT-KENT,0xbe12be5fe5426fec1b49f44333b0fc4c976dfb6c53e45a439ef421055652ea0e
cfb_20251011_okla_tex,CFB,TEX,OKLA,2025-10-11T19:30:00Z,,KXNCAAFGAME-25OCT11OKLATEX-TEX,0xb36991336fa973aca12aaf523ca8425e98ebfa6c5521b3f723e8d487adfe9f09
cfb_20251011_wake_orst,CFB,ORST,WAKE,2025-10-11T19:30:00Z,,KXNCAAFGAME-25OCT11WAKEORST-ORST,0x9c0d68aabb8b85a996847deb66f793ecd87a08bd85a36904a47f960a456ccd6b
cfb_20251011_app_gast,CFB,GAST,APP,2025-10-11T19:30:00Z,,KXNCAAFGAME-25OCT11APPGAST-GAST,0xbdb2684ceb47d184f89d728bf910c92348a6f9f698994e63e11815e6a3f9a79b
cfb_20251011_odu_mrsh,CFB,MRSH,ODU,2025-10-11T19:30:00Z,,KXNCAAFGAME-25OCT11ODUMRSH-MRSH,0xce90cdfeb5c6887df5730e76bf8c6aadb66c53d35c63aba405a9c68e18269047
cfb_20251011_ind_ore,CFB,ORE,IND,2025-10-11T19:30:00Z,,KXNCAAFGAME-25OCT11INDORE-ORE,0x7d166f471f82ab55fd3f5569571db2524f0970d5d458f35fca3f0b0812fdc6e5
cfb_20251011_afa_unlv,CFB,UNLV,AFA,2025-10-11T19:30:00Z,,KXNCAAFGAME-25OCT11AFAUNLV-UNLV,0x46b9686f2228dc3ffb132c301d72eed4db80d48ec52155b41b0b1d4112d37065
cfb_20251011_tcu_ksu,CFB,KSU,TCU,2025-10-11T19:30:00Z,,KXNCAAFGAME-25OCT11TCUKSU-KSU,0x573152581ae29e46071ddba0fbfff00fc74c6ef41ed50df47f79e4da1bf4c22a
cfb_20251011_isu_colo,CFB,COLO,ISU,2025-10-11T19:30:00Z,,KXNCAAFGAME-25OCT11ISUCOLO-COLO,0x769a1fc3af411ac5e2b115bd6c7d36f6c6b3b58b2159c21d68ecb1fb5bd7b77f
cfb_20251011_nw_psu,CFB,PSU,NW,2025-10-11T19:30:00Z,,KXNCAAFGAME-25OCT11NWPSU-PSU,0x5ae3d21a469f4c1c8f0e5d5bfeeeaefd485805542f70920ec0b044bbd7d1b085
cfb_20251011_ball_wmu,CFB,WMU,BALL,2025-10-11T19:30:00Z,,KXNCAAFGAME-25OCT11BALLWMU-WMU,0x6a47f1097ff0524deeb2229f5dee6849b3a53feb335e909bb728f1dc230d1898
cfb_20251011_neb_md,CFB,MD,NEB,2025-10-11T19:30:00Z,,KXNCAAFGAME-25OCT11NEBMD-MD,0x17eff8f479de10966428c7518a61f184314abb874538fac88bbe2bb7af6522a1
cfb_20251011_vt_gt,CFB,GT,VT,2025-10-11T19:30:00Z,,KXNCAAFGAME-25OCT11VTGT-GT,0x4407151037d1a184fe30adb566d9c48d07122d911ef145c33d02409aea0e8350
cfb_20251011_navy_tem,CFB,TEM,NAVY,2025-10-11T20:00:00Z,,KXNCAAFGAME-25OCT11NAVYTEM-TEM,0x7753b3d0127f5ca296f3f208dd01a6355d972f5ab596b744b57c462548f0fbe2
cfb_20251011_ark_tenn,CFB,TENN,ARK,2025-10-11T20:15:00Z,,KXNCAAFGAME-25OCT11ARKTENN-TENN,0x19af2e12fa5dbcf8c33ddad1418167e9dd889a248d93f973e76cb2fb59bde4cf
cfb_20251011_uab_fau,CFB,FAU,UAB,2025-10-11T22:00:00Z,,KXNCAAFGAME-25OCT11UABFAU-FAU,0xc89fe435557de06592fa97b01163fd4daced84b91a225cca0c574ea3c4851648
cfb_20251011_sjsu_wyo,CFB,WYO,SJSU,2025-10-11T23:00:00Z,,KXNCAAFGAME-25OCT11SJSUWYO-WYO,0xeb5251c53f60e6b843489424e56ddf214160d928afd3a4d42d3c01bdbe53dca3
cfb_20251011_iowa_wis,CFB,WIS,IOWA,2025-10-11T23:00:00Z,,KXNCAAFGAME-25OCT11IOWAWIS-WIS,0x31bcf1cfd72d9d8509cef33dcadbe50cb7e56e2ebbb6d66df44fe3bd4b3c5a80
cfb_20251011_fla_txam,CFB,TXAM,FLA,2025-10-11T23:00:00Z,,KXNCAAFGAME-25OCT11FLATXAM-TXAM,0x709edc33bc2cbf1d9fcc0de9f50272c7565d45695fdc3c83bc5fce1183155dfa
cfb_20251011_clem_bc,CFB,BC,CLEM,2025-10-11T23:30:00Z,,KXNCAAFGAME-25OCT11CLEMBC-BC,0x2bb25ac1d259b01fb7bea11e2504340f2c4ac58bcced4c6c27e9893a8210897a
cfb_20251011_pur_minn,CFB,MINN,PUR,2025-10-11T23:30:00Z,,KXNCAAFGAME-25OCT11PURMINN-MINN,0xa14736aef00e2f4b2fd57ff962f810a12f756981b34afa8cdae3a0f2604b242d
cfb_20251011_ku_ttu,CFB,TTU,KU,2025-10-11T23:30:00Z,,KXNCAAFGAME-25OCT11KUTTU-TTU,0x7d926c048c014b5c463e4ccd8b9e7c7cb94f918c1796c77a8f99a8fe27f05350
cfb_20251011_mich_usc,CFB,USC,MICH,2025-10-11T23:30:00Z,,KXNCAAFGAME-25OCT11MICHUSC-USC,0xe61d462118545d67ccd238687ae812866045d4083a5aedce03b9877f2e5079b3
cfb_20251011_uga_aub,CFB,AUB,UGA,2025-10-11T23:30:00Z,,KXNCAAFGAME-25OCT11UGAAUB-AUB,0xaba61ca5b2f03bb34d371d41d54e7d168e8e5c9816b77d3f850eb20ed0bdeeb8
cfb_20251011_rice_utsa,CFB,UTSA,RICE,2025-10-11T23:30:00Z,,KXNCAAFGAME-25OCT11RICEUTSA-UTSA,0xa5fbf5338861db830044456ae3bdbab3b9b46d7c4781348fd0672f2d49865247
cfb_20251011_scar_lsu,CFB,LSU,SCAR,2025-10-11T23:45:00Z,,KXNCAAFGAME-25OCT11SCARLSU-LSU,0xe9d68eb754044004f4ad0f5ed64cdb4e6b28291f1467930f95ea25e4be1c274f
cfb_20251012_troy_txst,CFB,TXST,TROY,2025-10-12T00:00:00Z,,KXNCAAFGAME-25OCT11TROYTXST-TXST,0x9ec01d3e5f28c6e546857ded64fda6609eca8f7d74f2cf24c7f0d2d5bc062457
cfb_20251012_byu_ariz,CFB,ARIZ,BYU,2025-10-12T00:00:00Z,,KXNCAAFGAME-25OCT11BYUARIZ-ARIZ,0x1152b361960c9f3a9a177254ba594012e1458b94dd720cfe258d7176f3bf9a38
cfb_20251012_unm_bsu,CFB,BSU,UNM,2025-10-12T01:45:00Z,,KXNCAAFGAME-25OCT11UNMBSU-BSU,0x5db8dae04ae9f18cef92388144b5cfad0c76d501b48f403fb22f01a5645caccc
cfb_20251012_asu_utah,CFB,UTAH,ASU,2025-10-12T02:15:00Z,,KXNCAAFGAME-25OCT11ASUUTAH-UTAH,0xd8446b11ddcb2707ea46676c009f2166bd0303b310d5077cce47c9d443ef77bf
cfb_20251012_sdsu_nev,CFB,NEV,SDSU,2025-10-12T02:30:00Z,,KXNCAAFGAME-25OCT11SDSUNEV-NEV,0x52addc8c0fa7c4d58cda74b63751c49152e29e180550724d25e35a5d5167c5b0
cfb_20251012_usu_haw,CFB,HAW,USU,2025-10-12T03:59:00Z,,KXNCAAFGAME-25OCT12USUHAW-HAW,0xabdde1057bd5f62a06f15417908c6e601b3532d67723eebd35776fdb080b368f
nfl_20251012_den_nyj,NFL,NYJ,DEN,2025-10-12T13:30:00Z,,KXNFLGAME-25OCT12DENNYJ-NYJ,0xc5ddf8c0ccb9504289c7d12ae3995e262f71b91f9eacfaf1e6d270ede932ef33
nfl_20251012_cle_pit,NFL,PIT,CLE,2025-10-12T17:00:00Z,,KXNFLGAME-25OCT12CLEPIT-PIT,0x9b90495b8c6a3e710e2033792670def04c93193851b1335d322201974e5ecd14
nfl_20251012_dal_car,NFL,CAR,DAL,2025-10-12T17:00:00Z,,KXNFLGAME-25OCT12DALCAR-CAR,0x1c7d31524691352afd11fd2883d11e43f328fee25c4a5978b4e42040e3f96abc
nfl_20251012_la_bal,NFL,BAL,LA,2025-10-12T17:00:00Z,,KXNFLGAME-25OCT12LABAL-BAL,0x1b064e069647019e202bf9f76574a6f540a6a0ace4af94119e1bfabb20dba2c4
nfl_20251012_lac_mia,NFL,MIA,LAC,2025-10-12T17:00:00Z,,KXNFLGAME-25OCT12LACMIA-MIA,0xce2671dbf70a19b648b0e32aa55be99c70503bc9455a42a68829cc5186492c38
nfl_20251012_ne_no,NFL,NO,NE,2025-10-12T17:00:00Z,,KXNFLGAME-25OCT12NENO-NO,0x956062ff723cf609b3085fcbd85ccbd771ab28b1c0cf557b224afb2e824d1faa
nfl_20251012_sea_jac,NFL,JAC,SEA,2025-10-12T17:00:00Z,,KXNFLGAME-25OCT12SEAJAC-JAC,0x102c98f54c6d5be80d8380ce55a93ae10bc4fd285729b3aa33a6712484c9375a
nfl_20251012_ari_ind,NFL,IND,ARI,2025-10-12T17:00:00Z,,KXNFLGAME-25OCT12ARIIND-IND,0xf961917c7d316845721908d47e21edc7ca4296b8f2a3854139e5f85d745d6e2a
nfl_20251012_ten_lv,NFL,LV,TEN,2025-10-12T20:05:00Z,,KXNFLGAME-25OCT12TENLV-LV,0xc845fc87d66cc35e650fda42835faa687a08569d04d1ecbccb8faeb67369c0a0
nfl_20251012_cin_gb,NFL,GB,CIN,2025-10-12T20:25:00Z,,KXNFLGAME-25OCT12CINGB-GB,0xc480ad202a02700a20346a1d8f63c2a15a6aae5858ef62d21f2043347d0129e8
nfl_20251012_sf_tb,NFL,TB,SF,2025-10-12T20:25:00Z,,KXNFLGAME-25OCT12SFTB-TB,0xd55353d086e0d5d62383e0ff538c721eab4969a426d6404e2134f59a374894f4
nfl_20251013_det_kc,NFL,KC,DET,2025-10-13T00:20:00Z,,KXNFLGAME-25OCT12DETKC-KC,0xa7aeaaae036e316c1e7e0542fa31595117dee8735ef88b3d9ceda85b1b3d1534
nfl_20251013_buf_atl,NFL,ATL,BUF,2025-10-13T23:15:00Z,,KXNFLGAME-25OCT13BUFATL-ATL,0x626a49d9b82acaa9e86760c0cddad6a71aceefbef72f4f1c154ff8e358ae88c1
nfl_20251014_chi_was,NFL,WAS,CHI,2025-10-14T00:15:00Z,,KXNFLGAME-25OCT13CHIWAS-WAS,0xb4bba8acb4a85c9f4ccd0eec6393e746c0176d271c2d0e52792968a05dd64b0c
cfb_20251014_nmsu_lib,CFB,LIB,NMSU,2025-10-14T23:00:00Z,,KXNCAAFGAME-25OCT14NMSULIB-LIB,0x9623bd7c2077f30b780f01d35b78c2fe61c976b05986bda4e266743d1086f9e6
cfb_20251014_arst_usa,CFB,USA,ARST,2025-10-14T23:30:00Z,,KXNCAAFGAME-25OCT14ARSTUSA-USA,0xb49ba8a448c29afde79ac0f9c9c37ef14706b39e1fd85a3f6e5d80aca8afc407
cfb_20251015_fiu_wku,CFB,WKU,FIU,2025-10-15T00:00:00Z,,KXNCAAFGAME-25OCT14FIUWKU-WKU,0xbf52f05ba929b040e7e77ad6db3c87811ed9acf546d6bb59d67928a650422439
cfb_20251015_utep_shsu,CFB,SHSU,UTEP,2025-10-15T23:00:00Z,,KXNCAAFGAME-25OCT15UTEPSHSU-SHSU,0x460759c70798ed4b340db36d9819bd747b385a46348ae67e8e8f9cb9f2c604c2
cfb_20251015_del_jvst,CFB,JVST,DEL,2025-10-15T23:00:00Z,,KXNCAAFGAME-25OCT15DELJVST-JVST,0x2b7f43e3ff9059b3bcd113bd69e6f1931da90217ad88ea9934cddf26d790ce02
cfb_20251016_tlsa_ecu,CFB,ECU,TLSA,2025-10-16T23:30:00Z,,KXNCAAFGAME-25OCT16TLSAECU-ECU,0xf8724e142a756330a6b0fa515c5a511ddd189af34910441d8bbf8192052d296f
nfl_20251017_pit_cin,NFL,CIN,PIT,2025-10-17T00:15:00Z,,KXNFLGAME-25OCT16PITCIN-CIN,0xa13312b2cc64532aed2a446b66e5a2d8d8b440b24d7213d33b6dae6a58c33223
cfb_20251017_lou_mia,CFB,MIA,LOU,2025-10-17T23:00:00Z,,KXNCAAFGAME-25OCT17LOUMIA-MIA,0x49afdc2072ba5ddea5f41258aae271afec1f5ccef877f2d1a2f5e8e0f5c3adb8
cfb_20251018_neb_minn,CFB,MINN,NEB,2025-10-18T00:00:00Z,,KXNCAAFGAME-25OCT17NEBMINN-MINN,0x56aa6bcf43ee201a210c15a26f7db769d58f8c6f5146a36ee26b63ac0934a05c
cfb_20251018_sjsu_usu,CFB,USU,SJSU,2025-10-18T01:00:00Z,,KXNCAAFGAME-25OCT17SJSUUSU-USU,0xbc59df2b8bdfdb7b458bb5fedace2235bc4f2a0b47a75c7970b2bfbc6afcec9e
cfb_20251018_unc_cal,CFB,CAL,UNC,2025-10-18T02:30:00Z,,KXNCAAFGAME-25OCT17UNCCAL-CAL,0x88148270c5ae326052a398b7de301996fc776ba1aec0e3df7f63570b3e5f86c3
cfb_20251018_emu_oh,CFB,OH,EMU,2025-10-18T16:00:00Z,,KXNCAAFGAME-25OCT18EMUM-OH-M-OH,0xe1497de045ecc80d456d6545a49973b1099cf9f1b3d13fcafbd17e8d3631e3db
cfb_20251018_ariz_hou,CFB,HOU,ARIZ,2025-10-18T16:00:00Z,,KXNCAAFGAME-25OCT18ARIZHOU-HOU,0xb888989167c4b0b162837b29a1cc1b74d617d6ff0bb49a62d62affaf7195f11e
cfb_20251018_army_tuln,CFB,TULN,ARMY,2025-10-18T16:00:00Z,,KXNCAAFGAME-25OCT18ARMYTULN-TULN,0x80c72088ae739f69c953653573ac8da194ad7737a8aef4ca1cd9e59b33e1de4a
cfb_20251018_wash_mich,CFB,MICH,WASH,2025-10-18T16:00:00Z,,KXNCAAFGAME-25OCT18WASHMICH-MICH,0xde36397d08bf0a52ab241adb8b9aada7fd731c149d824ed4518b72993f0467ee
cfb_20251018_bay_tcu,CFB,TCU,BAY,2025-10-18T16:00:00Z,,KXNCAAFGAME-25OCT18BAYTCU-TCU,0x7bf0b70fa1c20c28eb5e2e97f9c87c630db70042072124caee2653e22fd24c42
cfb_20251018_lsu_van,CFB,VAN,LSU,2025-10-18T16:00:00Z,,KXNCAAFGAME-25OCT18LSUVAN-VAN,0xc89d563cf0f773ca00205d78f850d4ad2f9f93911c62bad2aae6e408e081a965
cfb_20251018_gt_duke,CFB,DUKE,GT,2025-10-18T16:00:00Z,,KXNCAAFGAME-25OCT18GTDUKE-DUKE,0xf36470c61659bddfa6d0e487004630551069717b9a1de412caf7d49e92fce76d
cfb_20251018_cmu_bgsu,CFB,BGSU,CMU,2025-10-18T16:00:00Z,,KXNCAAFGAME-25OCT18CMUBGSU-BGSU,0x8b39e14d81a3e92f240cf3432a098bf98bc412d20f5e5a6be0396f5dfe08f813
cfb_20251018_conn_bc,CFB,BC,CONN,2025-10-18T16:00:00Z,,KXNCAAFGAME-25OCT18CONNBC-BC,0x00064042b5bcc5de2d98e555474e912c0e64598cfe4cef02adda9ab3204bcc46
cfb_20251018_okla_scar,CFB,SCAR,OKLA,2025-10-18T16:45:00Z,,KXNCAAFGAME-25OCT18OKLASCAR-SCAR,0xad5e7845b2034156ca7740d2bec97cfe89696099a78ea1355ff3a6756526217b
cfb_20251018_wvu_ucf,CFB,UCF,WVU,2025-10-18T17:00:00Z,,KXNCAAFGAME-25OCT18WVUUCF-UCF,0x7813e6097cf65db51ce647fe499b490e187ebc967770c72f28c273b47eeec390
cfb_20251018_kent_tol,CFB,TOL,KENT,2025-10-18T18:00:00Z,,KXNCAAFGAME-25OCT18KENTTOL-TOL,0x09cb176c5afcefc0a57dd5882be94c0ee2016ec8ef9e8a3fc923a85b41125d05
cfb_20251018_buff_mass,CFB,MASS,BUFF,2025-10-18T18:30:00Z,,KXNCAAFGAME-25OCT18BUFFMASS-MASS,0xa478906f21e0532d104c6a63148dceb7b89e130bc1d253093ee225180adefecd
cfb_20251018_pur_nw,CFB,NW,PUR,2025-10-18T19:00:00Z,,KXNCAAFGAME-25OCT18PURNW-NW,0x0b88fbcf849649014bd4160626ff7af902216fc948ce9e16d534777ff0e61386
cfb_20251018_unlv_bsu,CFB,BSU,UNLV,2025-10-18T19:30:00Z,,KXNCAAFGAME-25OCT18UNLVBSU-BSU,0x8d43abb6b70d953ea166ba4e078de6d00f1dde0a394a061eea7659c40094b95a
cfb_20251018_txst_mrsh,CFB,MRSH,TXST,2025-10-18T19:30:00Z,,KXNCAAFGAME-25OCT18TXSTMRSH-MRSH,0x944a1885353e162a3f9190bc0e0e6cc4bfd13f6db06d351c2c6787088ff3ef07
cfb_20251018_txam_ark,CFB,ARK,TXAM,2025-10-18T19:30:00Z,,KXNCAAFGAME-25OCT18TXAMARK-ARK,0xa5afaeaf978d059f8d80bc25d0f4fa4019d364a110baa23465485e10a35a0ec1
cfb_20251018_utsa_unt,CFB,UNT,UTSA,2025-10-18T19:30:00Z,,KXNCAAFGAME-25OCT18UTSAUNT-UNT,0x6159fa8860f3deb06fb9f5ba55e125dc141da3ea1736636c8507ada89866f1ad
cfb_20251018_tem_char,CFB,CHAR,TEM,2025-10-18T19:30:00Z,,KXNCAAFGAME-25OCT18TEMCHAR-CHAR,0x2c9f290631c0fa80b5fca280a12748ae0af6daa5eb8216753b689dc01764d167
cfb_20251018_smu_clem,CFB,CLEM,SMU,2025-10-18T19:30:00Z,,KXNCAAFGAME-25OCT18SMUCLEM-CLEM,0xdda0a9cff834a4b16e1ef08392037eb2502045583394b4cf8145a4553ce3c595
cfb_20251018_wyo_afa,CFB,AFA,WYO,2025-10-18T19:30:00Z,,KXNCAAFGAME-25OCT18WYOAFA-AFA,0xe88b33bf66809bc0496db398e1d4ee86a3351afdd169825bec1fe216dc18dc38
cfb_20251018_odu_jmu,CFB,JMU,ODU,2025-10-18T19:30:00Z,,KXNCAAFGAME-25OCT18ODUJMU-JMU,0xa967686486b0ab1f91ca56a92fbd957f602b4aea77f8df21fbdd24b5177cb0e4
cfb_20251018_niu_ohio,CFB,OHIO,NIU,2025-10-18T19:30:00Z,,KXNCAAFGAME-25OCT18NIUOHIO-OHIO,0x35ddfb9d5e99c78aa34e4ae5247b32ff4b4f20870ca17e47d097e48cfcd61f0c
cfb_20251018_msu_ind,CFB,IND,MSU,2025-10-18T19:30:00Z,,KXNCAAFGAME-25OCT18MSUIND-IND,0x5d49f2fde894e7af670723ca4f363e2aa05ab273140ae51f88f8ddcd781fb28a
cfb_20251018_miss_uga,CFB,UGA,MISS,2025-10-18T19:30:00Z,,KXNCAAFGAME-25OCT18MISSUGA-UGA,0x887b1200fecd796282459024b596d80d521740e526a7697fd51052ddc9a9f480
cfb_20251018_ccar_app,CFB,APP,CCAR,2025-10-18T19:30:00Z,,KXNCAAFGAME-25OCT18CCARAPP-APP,0x6637192aaf2abc141ab7492498192f8775cbcfd4d154b4d0c0513f54ef254eb9
cfb_20251018_akr_ball,CFB,BALL,AKR,2025-10-18T19:30:00Z,,KXNCAAFGAME-25OCT18AKRBALL-BALL,0xc9e28802c9d2563f429488742f274388f14a463bccc982854e1aff688a1f722b
cfb_20251018_osu_wis,CFB,WIS,OSU,2025-10-18T19:30:00Z,,KXNCAAFGAME-25OCT18OSUWIS-WIS,0x2206ae8673f2233ff9419dc0b0d12e67c044e260e78a71856fa05aebdee007bf
cfb_20251018_ttu_asu,CFB,ASU,TTU,2025-10-18T20:00:00Z,,KXNCAAFGAME-25OCT18TTUASU-ASU,0x648e53a036c4f968a6a5d5055d3b7e597ed308feafc056deee009e3b2838eb72
cfb_20251018_mem_uab,CFB,UAB,MEM,2025-10-18T20:00:00Z,,KXNCAAFGAME-25OCT18MEMUAB-UAB,0x6bf8154a29afafc320b8461dc245a4b1e9ffbe80de2995380efc00bf10a0e63a
cfb_20251018_msst_fla,CFB,FLA,MSST,2025-10-18T20:15:00Z,,KXNCAAFGAME-25OCT18MSSTFLA-FLA,0x30c689699fce22e7d9f0c0f3831fb272c7f51c77fc2ff2b781dd2a79c4232443
cfb_20251018_usm_ull,CFB,ULL,USM,2025-10-18T21:00:00Z,,KXNCAAFGAME-25OCT18USMULL-ULL,0x40dae1bc8b513e3de1cfa749516768996334f87279ef4617fc5f248aab8158c2
cfb_20251018_ore_rutg,CFB,RUTG,ORE,2025-10-18T22:30:00Z,,KXNCAAFGAME-25OCT18ORERUTG-RUTG,0x68e4fbd2d3748530449776fc98cd47651ee57dd4c3deb665252417b3533b15f0
cfb_20251018_wsu_uva,CFB,UVA,WSU,2025-10-18T22:30:00Z,,KXNCAAFGAME-25OCT18WSUUVA-UVA,0x1f07a83f6e6043cc5b707feeea9aab9324b747767a6ecb7de85d806f11222804
cfb_20251018_tex_uk,CFB,UK,TEX,2025-10-18T23:00:00Z,,KXNCAAFGAME-25OCT18TEXUK-UK,0x4d155680becc2876cc794cfa8276264a58be9fb8c2fc09d6bc193e7b583f7834
cfb_20251018_psu_iowa,CFB,IOWA,PSU,2025-10-18T23:00:00Z,,KXNCAAFGAME-25OCT18PSUIOWA-IOWA,0x61ce5ffd4576defef3f90c2e8a7fb88e2a3fb5e0c410ae32c7fcf26d56b152c1
cfb_20251018_haw_csu,CFB,CSU,HAW,2025-10-18T23:00:00Z,,KXNCAAFGAME-25OCT18HAWCSU-CSU,0x5dfcdf468a0b58d36e86d1792556bf9cf2bee165cdc6c31769a2b2b668bff469
cfb_20251018_gast_gaso,CFB,GASO,GAST,2025-10-18T23:00:00Z,,KXNCAAFGAME-25OCT18GASTGASO-GASO,0xea064a4c1695560ec93c257d93b55d74a3461334a889a8709630803fc286f9c9
cfb_20251018_md_ucla,CFB,UCLA,MD,2025-10-18T23:00:00Z,,KXNCAAFGAME-25OCT18MDUCLA-UCLA,0xabccef2b7b5ac15e35054678bcc0c0fc89532f16b5bb30f72579b6d9a0b9f94b
cfb_20251018_fau_usf,CFB,USF,FAU,2025-10-18T23:30:00Z,,KXNCAAFGAME-25OCT18FAUUSF-USF,0x23b286182b530de5f6f7be3314c2266ca67c83529f4f1fb9b4b2b37250764595
cfb_20251018_tenn_ala,CFB,ALA,TENN,2025-10-18T23:30:00Z,,KXNCAAFGAME-25OCT18TENNALA-ALA,0x54bbccdae11d914e78345ab3bcfd3a668de9a15e4fcb961443cbdd1276bbf2ef
cfb_20251018_usc_nd,CFB,ND,USC,2025-10-18T23:30:00Z,,KXNCAAFGAME-25OCT18USCND-ND,0xf66c9b22421710de79589fe69b5125369763ede935a6818834315656eec0bd0f
cfb_20251018_pitt_syr,CFB,SYR,PITT,2025-10-18T23:30:00Z,,KXNCAAFGAME-25OCT18PITTSYR-SYR,0x6ced26a14ea0b5928495e709bf6d5e0abe87184754100db6c0042c58b662119b
cfb_20251018_mizz_aub,CFB,AUB,MIZZ,2025-10-18T23:45:00Z,,KXNCAAFGAME-25OCT18MIZZAUB-AUB,0x093cd3510ed145accfe5c4553b2c14326c3018a0802fea9aa10a8b88a5c728ba
cfb_20251019_cin_okst,CFB,OKST,CIN,2025-10-19T00:00:00Z,,KXNCAAFGAME-25OCT18CINOKST-OKST,0xb0df4ed55295fd749381ab21c6862adf10e9038ea083527bf366cba8fb1092f2
cfb_20251019_utah_byu,CFB,BYU,UTAH,2025-10-19T00:00:00Z,,KXNCAAFGAME-25OCT18UTAHBYU-BYU,0xf4bcf5c7ebf00579f4f4e707401721e008c6e177432df16f65e9d46e2dded8b7
cfb_20251019_nev_unm,CFB,UNM,NEV,2025-10-19T01:45:00Z,,KXNCAAFGAME-25OCT18NEVUNM-UNM,0x88c2adecb25d45442151b5094c01f6e87102537e6a2a1c8cbf528f16a1fc5520
cfb_20251019_laf_orst,CFB,ORST,LAF,2025-10-19T02:00:00Z,,KXNCAAFGAME-25OCT18LAFORST-ORST,0x4ae44bf9a939a22afb703ad18f7fdf92d57ac33260c808cccfe3025a87010465
cfb_20251019_fsu_stan,CFB,STAN,FSU,2025-10-19T02:30:00Z,,KXNCAAFGAME-25OCT18FSUSTAN-STAN,0x3f3acfb4a75f7b8db894bc089126f370ac291b3bd1bb5dc5acbd795dda764276
nfl_20251019_la_jac,NFL,JAC,LA,2025-10-19T13:30:00Z,,KXNFLGAME-25OCT19LAJAC-JAC,0xe8f18e0474b83d54ca5fa8f8689e4b8af580d8c61dbb8037729af690250ceda7
nfl_20251019_ne_ten,NFL,TEN,NE,2025-10-19T17:00:00Z,,KXNFLGAME-25OCT19NETEN-TEN,0xd502aa7d6ec28b1ba3ca4645e5c7add9ef71fdedf5d634c57c30de7a86d700db
nfl_20251019_lv_kc,NFL,KC,LV,2025-10-19T17:00:00Z,,KXNFLGAME-25OCT19LVKC-KC,0x175d2d3a8a5f2e97517a4197b1e7fba3d498022683bdb0f06dec63611bda746a
nfl_20251019_phi_min,NFL,MIN,PHI,2025-10-19T17:00:00Z,,KXNFLGAME-25OCT19PHIMIN-MIN,0xed55f36cdf45379cfe16421d2e3d62c643e1926bdadcac06cce174e1c3bbecc3
nfl_20251019_mia_cle,NFL,CLE,MIA,2025-10-19T17:00:00Z,,KXNFLGAME-25OCT19MIACLE-CLE,0x5d73d1ea65978ed06a55aaf4553827880dcc7cab5cba334de3341518fe8e4514
nfl_20251019_car_nyj,NFL,NYJ,CAR,2025-10-19T17:00:00Z,,KXNFLGAME-25OCT19CARNYJ-NYJ,0x16216b8132f88c07a0e6d86bd869f6bb1253925aa21ca43ea00d2a66bb29e587
nfl_20251019_no_chi,NFL,CHI,NO,2025-10-19T17:00:00Z,,KXNFLGAME-25OCT19NOCHI-CHI,0xf962703012a033d57382d976ecc3d8b6a9a7991083be770e43464b3ea8683fde
nfl_20251019_nyg_den,NFL,DEN,NYG,2025-10-19T20:05:00Z,,KXNFLGAME-25OCT19NYGDEN-DEN,0xdff0b3538e08b1f3fd036250b7bb1500ccd1fc4ee026477d0932bff20c8fbc31
nfl_20251019_ind_lac,NFL,LAC,IND,2025-10-19T20:05:00Z,,KXNFLGAME-25OCT19INDLAC-LAC,0xc931a0aee25adf6f2eee087df23d417f7be2ebec4fe65a4f8b2dde16ba077416
nfl_20251019_gb_ari,NFL,ARI,GB,2025-10-19T20:25:00Z,,KXNFLGAME-25OCT19GBARI-ARI,0xb8e221de6ebe56c959225f7acb6bc160e6ee4728c2311944acffbd647997a786
nfl_20251019_was_dal,NFL,DAL,WAS,2025-10-19T20:25:00Z,,KXNFLGAME-25OCT19WASDAL-DAL,0xe0d9de962e0a53a2276c8ac5b192fd97e1d2ec74a386d2d7022b83ae86464489
nfl_20251020_atl_sf,NFL,SF,ATL,2025-10-20T00:20:00Z,,KXNFLGAME-25OCT19ATLSF-SF,0x3af49f39f61c7e4505aecf6f49c06d41db4e030ceaaf322f10db1dd9c940eae0
nfl_20251020_tb_det,NFL,DET,TB,2025-10-20T23:00:00Z,,KXNFLGAME-25OCT20TBDET-DET,0xf6ae726ba56c07c2cc7ec8fafcd9c41ab992c59406d82888e0940b280c81aefa
nfl_20251021_hou_sea,NFL,SEA,HOU,2025-10-21T02:00:00Z,,KXNFLGAME-25OCT20HOUSEA-SEA,0xcc9d529e735c24bf33e33403d10a70484b44281db5e42a625440a1e16271629e
cfb_20251021_kenn_fiu,CFB,FIU,KENN,2025-10-21T23:00:00Z,,KXNCAAFGAME-25OCT21KENNFIU-FIU,0x7c1c6960a544f4ed51a84f51893d1bdb2f51bad16d91bc2cc3276ec2d6c74b12
cfb_20251021_wku_lt,CFB,LT,WKU,2025-10-21T23:30:00Z,,KXNCAAFGAME-25OCT21WKULT-LT,0x2debc34a164a646aad0d0c82f75e879d9fa1576ee82dd7531b5100163c752401
cfb_20251022_mtu_del,CFB,DEL,MTU,2025-10-22T23:30:00Z,,KXNCAAFGAME-25OCT22MTUDEL-DEL,0xdea09ec5b803d985c07113f61125f6b4f3cb639aa0914f137bab430ca8927362
cfb_20251023_mosu_nmsu,CFB,NMSU,MOSU,2025-10-23T01:00:00Z,,KXNCAAFGAME-25OCT22MOSUNMSU-NMSU,0xffe6b8d161ad28bf07be743acacf682a1b05db8ef279890a2285829d1be70a59
cfb_20251023_usa_gast,CFB,GAST,USA,2025-10-23T23:30:00Z,,KXNCAAFGAME-25OCT23USAGAST-GAST,0x19279bc8f418fd9a6fd5093042dc870817f0abdc6b0e846e46b55578acb246a5
nfl_20251024_min_lac,NFL,LAC,MIN,2025-10-24T00:15:00Z,,KXNFLGAME-25OCT23MINLAC-LAC,0xc0c0941e8774b0d0df1fd8f84ab7b83076a1675a1feb214e426579beb3046aec
cfb_20251024_unt_char,CFB,CHAR,UNT,2025-10-24T23:00:00Z,,KXNCAAFGAME-25OCT24UNTCHAR-CHAR,0x7dfc60333344a94a3082e0ca2cb29c4281cd5ae4677d3622a9f4645288648d19
cfb_20251024_cal_vt,CFB,VT,CAL,2025-10-24T23:30:00Z,,KXNCAAFGAME-25OCT24CALVT-VT,0x2cf1be28fe36433b67f5c8c7ac045aa58c8365a9b269f86abc302e2e1105e256
cfb_20251025_bsu_nev,CFB,NEV,BSU,2025-10-25T02:00:00Z,,KXNCAAFGAME-25OCT24BSUNEV-NEV,0xba0e50d43a2e4d127f2cf93053ac8b1beb7d9bbd6666c750a4636071dabc53d2
cfb_20251025_ksu_ku,CFB,KU,KSU,2025-10-25T16:00:00Z,,KXNCAAFGAME-25OCT25KSUKU-KU,0x4524430629f43974323adf8f7b870475f1cb4854b0ce8f617799cba9e26752ab
cfb_20251025_miss_okla,CFB,OKLA,MISS,2025-10-25T16:00:00Z,,KXNCAAFGAME-25OCT25MISSOKLA-OKLA,0xd12418fcf4edb01c19102aaac5cecc4b1c7cf1245e6b273fa6599f508c2dbbe0
cfb_20251025_nw_neb,CFB,NEB,NW,2025-10-25T16:00:00Z,,KXNCAAFGAME-25OCT25NWNEB-NEB,0xb3dcb12bdc77892fa409a29fa82d25a6d30b8ca6b7abcbcd43b6ec7a92f8b3d8
cfb_20251025_ohio_emu,CFB,EMU,OHIO,2025-10-25T16:00:00Z,,KXNCAAFGAME-25OCT25OHIOEMU-EMU,0x9665598c6306afca65f500a9d2e8397c3a49ad0edc79a9eec0969f941f0f851d
cfb_20251025_rutg_pur,CFB,PUR,RUTG,2025-10-25T16:00:00Z,,KXNCAAFGAME-25OCT25RUTGPUR-PUR,0x3a39350b952cd1484411dfef5c7df76b2ca5320c38abce7e54e3eefd14da38b8
cfb_20251025_smu_wake,CFB,WAKE,SMU,2025-10-25T16:00:00Z,,KXNCAAFGAME-25OCT25SMUWAKE-WAKE,0xd31c222f353f563e6bbe4384ce3b063ed4b4ce82343bf912ea5a888ced8e2ea8
cfb_20251025_syr_gt,CFB,GT,SYR,2025-10-25T16:00:00Z,,KXNCAAFGAME-25OCT25SYRGT-GT,0x8ccac1703d0da8f6542cc40ebb689e4904773b5ffbc0fef234f02c245a40b4a3
cfb_20251025_uva_unc,CFB,UNC,UVA,2025-10-25T16:00:00Z,,KXNCAAFGAME-25OCT25UVAUNC-UNC,0x961faee7b7ab6cae6bdc3095f1e14124267f0518e24e5a54e0a2f5830ea4cd10
cfb_20251025_app_odu,CFB,ODU,APP,2025-10-25T16:00:00Z,,KXNCAAFGAME-25OCT25APPODU-ODU,0xe1ce6d7f33e74fcba8ff45b777a6b18e21fa238184fb5c466c7c1f24fe2e7a8f
cfb_20251025_usf_mem,CFB,MEM,USF,2025-10-25T16:00:00Z,,KXNCAAFGAME-25OCT25USFMEM-MEM,0xa9690a1173a4db35fa05b1a9066585fe0f356654a8f23667af7e087125de0b0d
cfb_20251025_ucla_ind,CFB,IND,UCLA,2025-10-25T16:00:00Z,,KXNCAAFGAME-25OCT25UCLAIND-IND,0x871ecfa66efa3697691aeb456f76e2484d04e02acceabc0a57e6d37ed45b8dc3
cfb_20251025_bgsu_kent,CFB,KENT,BGSU,2025-10-25T16:00:00Z,,KXNCAAFGAME-25OCT25BGSUKENT-KENT,0xdd8e4c160a91351bfd4131417bcebd45c9ef3e3d7e26463b5c2611c893c2fdef
cfb_20251025_aub_ark,CFB,ARK,AUB,2025-10-25T16:45:00Z,,KXNCAAFGAME-25OCT25AUBARK-ARK,0xc3cb9d9255726e1d187b3053354233f600c870d3d4d403b9d8be769a3a3cac50
cfb_20251025_akr_buff,CFB,BUFF,AKR,2025-10-25T17:00:00Z,,KXNCAAFGAME-25OCT25AKRBUFF-BUFF,0x37f0e6a2912a88c8409e4942b4cc4d8cb1d43dd5103a0310fef6bea73034de39
cfb_20251025_conn_rice,CFB,RICE,CONN,2025-10-25T19:00:00Z,,KXNCAAFGAME-25OCT25CONNRICE-RICE,0x5bd48caf23839388af76607535d738d871a87ee5abc3273c7661d27fa1e4e0ee
cfb_20251025_usu_unm,CFB,UNM,USU,2025-10-25T19:00:00Z,,KXNCAAFGAME-25OCT25USUUNM-UNM,0x5877a0f46eca1a309d8ed8f0bd2a033b9ac41130ee4b2212ba783d45be4fe900
cfb_20251025_tem_tlsa,CFB,TLSA,TEM,2025-10-25T19:30:00Z,,KXNCAAFGAME-25OCT25TEMTLSA-TLSA,0x40de32bd9e228ba18fa637bc4a707cd8ab82855ded8bad999025ab6539618945
cfb_20251025_fau_navy,CFB,NAVY,FAU,2025-10-25T19:30:00Z,,KXNCAAFGAME-25OCT25FAUNAVY-NAVY,0x8710077346789efa49bf5a80435977ebfee99921a0b66d3d6cb13d2a5c5964ad
cfb_20251025_tol_wsu,CFB,WSU,TOL,2025-10-25T19:30:00Z,,KXNCAAFGAME-25OCT25TOLWSU-WSU,0xc12ec05ee424fba7ce58417c68598eb46112050ab589e4ab72eabf04541f604f
cfb_20251025_wmu_oh,CFB,OH,WMU,2025-10-25T19:30:00Z,,KXNCAAFGAME-25OCT25WMUM-OH-M-OH,0x2714aaa079fe7b8b870926c262d5f5e66c54a2ad38a78a2e79c93619e26e448f
cfb_20251025_sdsu_fres,CFB,FRES,SDSU,2025-10-25T19:30:00Z,,KXNCAAFGAME-25OCT25SDSUFRES-FRES,0xf163e0b472e2971dcb784532bffd9c8ac31a7453b8c43a0a251e7189f639fef8
cfb_20251025_minn_iowa,CFB,IOWA,MINN,2025-10-25T19:30:00Z,,KXNCAAFGAME-25OCT25MINNIOWA-IOWA,0x2d1c71db216f7abf4cf672b4f1bbf7d31d9efa8ac6f5093c5c4d409dc26f36f0
cfb_20251025_mass_cmu,CFB,CMU,MASS,2025-10-25T19:30:00Z,,KXNCAAFGAME-25OCT25MASSCMU-CMU,0x2775a012d1e8a94bb81ce04781a1c3ad65c3a5caad3812dceeb679ba1e01f9ac
cfb_20251025_ala_scar,CFB,SCAR,ALA,2025-10-25T19:30:00Z,,KXNCAAFGAME-25OCT25ALASCAR-SCAR,0x0f90d8c1f4bafa2cc38fa92441097a32116189cae5baf326ac8ab64f06853819
cfb_20251025_mizz_van,CFB,VAN,MIZZ,2025-10-25T19:30:00Z,,KXNCAAFGAME-25OCT25MIZZVAN-VAN,0x47ea4178e11b8177fbaecfb1cc19d5a7ed3f109cd195fc67a00b4c2fe1fb6764
cfb_20251025_byu_isu,CFB,ISU,BYU,2025-10-25T19:30:00Z,,KXNCAAFGAME-25OCT25BYUISU-ISU,0x93760290aa15d109966695d64b4dfc6a479fcaf23f8898d0d000e439ab6227df
cfb_20251025_ball_niu,CFB,NIU,BALL,2025-10-25T19:30:00Z,,KXNCAAFGAME-25OCT25BALLNIU-NIU,0xfb93644dc931465ae96ea59adfc5eab3aaa66274e95392f59760d4d0e1761b45
cfb_20251025_ill_wash,CFB,WASH,ILL,2025-10-25T19:30:00Z,,KXNCAAFGAME-25OCT25ILLWASH-WASH,0xdaa9f6c65e5c6f4ce08dc579306b9063c7dc85b2e5817074c67b56bec3be9b49
cfb_20251025_bay_cin,CFB,CIN,BAY,2025-10-25T20:00:00Z,,KXNCAAFGAME-25OCT25BAYCIN-CIN,0x13358f5918dce2db9d9a22d879a3491deff00c332a3134b3c5162e33e91c7e7c
cfb_20251025_okst_ttu,CFB,TTU,OKST,2025-10-25T20:00:00Z,,KXNCAAFGAME-25OCT25OKSTTTU-TTU,0x80333df5a9ab53514bed013781771a729d830e597249964c7d2c51027726a076
cfb_20251025_tex_msst,CFB,MSST,TEX,2025-10-25T20:15:00Z,,KXNCAAFGAME-25OCT25TEXMSST-MSST,0xb28d4daab310cd612470b7f9febd4236e746eecc345cebfaac97e2dbe2538950
cfb_20251025_tcu_wvu,CFB,WVU,TCU,2025-10-25T22:00:00Z,,KXNCAAFGAME-25OCT25TCUWVU-WVU,0x41b0f2ec21f02fdc2b879bcdbbed2e51aa04a1c18ea4308ae47a08c5dac81338
cfb_20251025_gaso_arst,CFB,ARST,GASO,2025-10-25T23:00:00Z,,KXNCAAFGAME-25OCT25GASOARST-ARST,0x682925d765fc616fe4ea3e7155687e289e9496402bbe10ddf5cb94b78d5180a5
cfb_20251025_stan_mia,CFB,MIA,STAN,2025-10-25T23:00:00Z,,KXNCAAFGAME-25OCT25STANMIA-MIA,0xca5650708e4ea4ed519211a3872948c8cae71d344ea0ac74977f97b3204be791
cfb_20251025_wis_ore,CFB,ORE,WIS,2025-10-25T23:00:00Z,,KXNCAAFGAME-25OCT25WISORE-ORE,0x8b9dc08ffda69a195b4d726d8a9f3bb9b16a2981b325a7e98d44d6a731156da6
cfb_20251025_ull_troy,CFB,TROY,ULL,2025-10-25T23:00:00Z,,KXNCAAFGAME-25OCT25ULLTROY-TROY,0xd386ecfb2adfa21960ebdeea1832d75f18a92375bc6c62270206b75452c6e64e
cfb_20251025_mich_msu,CFB,MSU,MICH,2025-10-25T23:30:00Z,,KXNCAAFGAME-25OCT25MICHMSU-MSU,0xdb84e6d815c991d017e19c834153b03d037cd77f020426f8c8506daa6dd35d51
cfb_20251025_bc_lou,CFB,LOU,BC,2025-10-25T23:30:00Z,,KXNCAAFGAME-25OCT25BCLOU-LOU,0x65d269ce203b6fb12e50155183ed39eaf4fe91d3a8f328a1f14ea11bafe029c3
cfb_20251025_csu_wyo,CFB,WYO,CSU,2025-10-25T23:30:00Z,,KXNCAAFGAME-25OCT25CSUWYO-WYO,0x6cc0abf65cd0737fbf5387816fcfcde3e86829bcae564e3778a2da2ddd9472ec
cfb_20251025_txam_lsu,CFB,LSU,TXAM,2025-10-25T23:30:00Z,,KXNCAAFGAME-25OCT25TXAMLSU-LSU,0x434f2686307cacbfe3fe1ede62ec6fb4d8106ec0d1e848fa198d51603127bced
cfb_20251025_tenn_uk,CFB,UK,TENN,2025-10-25T23:45:00Z,,KXNCAAFGAME-25OCT25TENNUK-UK,0xd6519ae06bc49c4a292668e3ec5d752d671271b7dcd5a1ec46aec097fac70e49
cfb_20251026_hou_asu,CFB,ASU,HOU,2025-10-26T00:00:00Z,,KXNCAAFGAME-25OCT25HOUASU-ASU,0x3254a0cf8812d3f1c98c352de420347523ca6e94978f52d5d206f051be3707c9
cfb_20251026_colo_utah,CFB,UTAH,COLO,2025-10-26T02:15:00Z,,KXNCAAFGAME-25OCT25COLOUTAH-UTAH,0x3588ea741839f0bd7a08986e1b9791fa4de31fb38fe14b336a699b115973748e
nfl_20251026_nyj_cin,NFL,CIN,NYJ,2025-10-26T17:00:00Z,,KXNFLGAME-25OCT26NYJCIN-CIN,0x983948ed0de118d2567507ce97f3275ffd04edb1b94a427e7520e6b1161a23a1
nfl_20251026_buf_car,NFL,CAR,BUF,2025-10-26T17:00:00Z,,KXNFLGAME-25OCT26BUFCAR-CAR,0x0aee7dfa491c87f0678eafdf10d4b54c628c3b72a7596afbf06a0bce85c71ed4
nfl_20251026_chi_bal,NFL,BAL,CHI,2025-10-26T17:00:00Z,,KXNFLGAME-25OCT26CHIBAL-BAL,0x79458e54226bf73452522bae8ca7469ef433bf3a9dc1d6c614b3ddb689d33042
nfl_20251026_cle_ne,NFL,NE,CLE,2025-10-26T17:00:00Z,,KXNFLGAME-25OCT26CLENE-NE,0xcfcbaa9a402806aa70910ddc64179d29af5bdbac676ec79ac600912f0db26c1b
nfl_20251026_mia_atl,NFL,ATL,MIA,2025-10-26T17:00:00Z,,KXNFLGAME-25OCT26MIAATL-ATL,0x8e2641a2ffe18d761d91429e3d0f7f5907e3f966f4de57b74970f61da7ccb0fc
nfl_20251026_sf_hou,NFL,HOU,SF,2025-10-26T17:00:00Z,,KXNFLGAME-25OCT26SFHOU-HOU,0x71dd4bb30879f07523f31b899294862a0ac4c3b521c8f7d4c216344ebc5765e7
nfl_20251026_nyg_phi,NFL,PHI,NYG,2025-10-26T17:00:00Z,,KXNFLGAME-25OCT26NYGPHI-PHI,0xf6c12a522923b5143fb52aec4641e46cc29765af358009fac2cb65bb3e7c6531
nfl_20251026_tb_no,NFL,NO,TB,2025-10-26T20:05:00Z,,KXNFLGAME-25OCT26TBNO-NO,0x4fa06c938ab2d52a2c0bc36bd1a1130434567b597d2ce6df3b49b15731fd5e11
nfl_20251026_dal_den,NFL,DEN,DAL,2025-10-26T20:25:00Z,,KXNFLGAME-25OCT26DALDEN-DEN,0x5c1d90605fe7f4cbab6864091215a4108f79dc5609a06dd90ab552c88e52450e
nfl_20251026_ten_ind,NFL,IND,TEN,2025-10-26T20:25:00Z,,KXNFLGAME-25OCT26TENIND-IND,0x4f8995adb4a80b8ac257cef4970167584a4219245263c887df019ee6ed6e0f7d
nfl_20251027_gb_pit,NFL,PIT,GB,2025-10-27T00:20:00Z,,KXNFLGAME-25OCT26GBPIT-PIT,0x8df270e2aa2ded8dee066bcd4ed3506954809479cbe756c6ecf5af6b0ef584c3
nfl_20251028_was_kc,NFL,KC,WAS,2025-10-28T00:15:00Z,,KXNFLGAME-25OCT27WASKC-KC,0xeea11838031898568d1cf6be17f07bbaf33df76dfc0d1ea206d4bd817aaa2785
cfb_20251029_jmu_txst,CFB,TXST,JMU,2025-10-29T00:00:00Z,,KXNCAAFGAME-25OCT28JMUTXST-TXST,0xafd143b571ca0cd7b638ad4de379aa564854e0e0c0235f879795ac982cc1920f
cfb_20251029_utep_kenn,CFB,KENN,UTEP,2025-10-29T00:00:00Z,,KXNCAAFGAME-25OCT28UTEPKENN-KENN,0x996de747be90b8fa425d2c35d91ff184fb9d116e20a4b836fc8d26c0b19ccf96
cfb_20251029_jvst_mtu,CFB,MTU,JVST,2025-10-29T23:30:00Z,,KXNCAAFGAME-25OCT29JVSTMTU-MTU,0x5b3ada0fd6ba1214de19367d1503ef13b8a372e8f379bddc595fc70b3795be97
cfb_20251030_fiu_mosu,CFB,MOSU,FIU,2025-10-30T00:00:00Z,,KXNCAAFGAME-25OCT29FIUMOSU-MOSU,0xcb2c87b28ba30a37f1c3f8a82f2838cf73ce29b277f848c41ac4b069eee18144
cfb_20251030_tuln_utsa,CFB,UTSA,TULN,2025-10-30T23:30:00Z,,KXNCAAFGAME-25OCT30TULNUTSA-UTSA,0x18e742ba266673ca2f1fd1ef0f010b373fdf3516d488bc365ac03d56a091db04
cfb_20251030_mrsh_ccar,CFB,CCAR,MRSH,2025-10-30T23:30:00Z,,KXNCAAFGAME-25OCT30MRSHCCAR-CCAR,0xd002f3a9668ce4c897129e4a647622e071d5b716644f2a8679a21341b06c5173
nfl_20251031_bal_mia,NFL,MIA,BAL,2025-10-31T00:15:00Z,,KXNFLGAME-25OCT30BALMIA-MIA,0xa9202d1a3f497869d45ec1b122216de7ba542b2920d7becc64f0f9c2969a297f
cfb_20251031_mem_rice,CFB,RICE,MEM,2025-10-31T23:00:00Z,,KXNCAAFGAME-25OCT31MEMRICE-RICE,0x46c4c4c17f8ff510e2becf59d61edebfc017c8ba8ba70cdd1726f8d2948770fd
cfb_20251031_unc_syr,CFB,SYR,UNC,2025-10-31T23:30:00Z,,KXNCAAFGAME-25OCT31UNCSYR-SYR,0x4841b309a14de1972ea872b169405cccc5fdf3ad456ca90604aed1a6603c0b35
cfb_20251101_shsu_lt,CFB,LT,SHSU,2025-11-01T00:00:00Z,,KXNCAAFGAME-25OCT31SHSULT-LT,0x3e620f1fc28d5678806f851a559ccc576efad05cb692bcc16b9f6b34d5df1d1d
cfb_20251101_duke_clem,CFB,CLEM,DUKE,2025-11-01T16:00:00Z,,KXNCAAFGAME-25NOV01DUKECLEM-CLEM,0x1fdbf90e8a974f37fe13b24730e68bc07837cc468ea19b4b33d216f85f67a89b
cfb_20251101_navy_unt,CFB,UNT,NAVY,2025-11-01T16:00:00Z,,KXNCAAFGAME-25NOV01NAVYUNT-UNT,0x78381a57483de13999f7f7deb63ae8d68bd25f76bc4c1095ad33d59a1b49d7b8
cfb_20251101_mia_smu,CFB,SMU,MIA,2025-11-01T16:00:00Z,,KXNCAAFGAME-25NOV01MIASMU-SMU,0xdc03507b39ea46ce6f7dc4e4d81f758a0eea60c0c3fcb880ba6c0e54b8faba86
cfb_20251101_army_afa,CFB,AFA,ARMY,2025-11-01T16:00:00Z,,KXNCAAFGAME-25NOV01ARMYAFA-AFA,0x7ff7c66a825e0c1d773db9666f4f45ef550c7f851c53cb5d1303d697a51c74c6
cfb_20251101_buff_bgsu,CFB,BGSU,BUFF,2025-11-01T16:00:00Z,,KXNCAAFGAME-25NOV01BUFFBGSU-BGSU,0x6e24cc3e501afcf8d09a77fe79c139fa32b4b4e54e7dcea7a0d464697c41519f
cfb_20251101_wvu_hou,CFB,HOU,WVU,2025-11-01T16:00:00Z,,KXNCAAFGAME-25NOV01WVUHOU-HOU,0x0132440785f3b1020559ced58c53874f06f892d2305e39837f16beb4b074db56
cfb_20251101_van_tex,CFB,TEX,VAN,2025-11-01T16:00:00Z,,KXNCAAFGAME-25NOV01VANTEX-TEX,0x030cc35b6f00ffec1082ae0429c4c2061c7cde28c1aeeae217fa23c0adf6f13d
cfb_20251101_psu_osu,CFB,OSU,PSU,2025-11-01T16:00:00Z,,KXNCAAFGAME-25NOV01PSUOSU-OSU,0x28732831536168814302633aadd15c76d38d154faf03a09b15389643766dcda0
cfb_20251101_ucf_bay,CFB,BAY,UCF,2025-11-01T16:00:00Z,,KXNCAAFGAME-25NOV01UCFBAY-BAY,0x4891d40f8dff2ba9f067518d2c3277eb7fd90e22e3e4ed12047913e7e14f01c7
cfb_20251101_rutg_ill,CFB,ILL,RUTG,2025-11-01T16:00:00Z,,KXNCAAFGAME-25NOV01RUTGILL-ILL,0x784d49077cd4ff3af9d41c19f6c15f1f0a30f8cde91fe509298cc06ca24a795c
cfb_20251101_uab_conn,CFB,CONN,UAB,2025-11-01T16:00:00Z,,KXNCAAFGAME-25NOV01UABCONN-CONN,0x8b29c0e793df39a48cbe5be8747ec7eca40350e4a029b8fa760413803b5f272b
cfb_20251101_asu_isu,CFB,ISU,ASU,2025-11-01T17:00:00Z,,KXNCAAFGAME-25NOV01ASUISU-ISU,0x0775444f301d576c286308f74019b2615a5468280c388dd489141bed2d79b8b1
cfb_20251101_ecu_tem,CFB,TEM,ECU,2025-11-01T18:00:00Z,,KXNCAAFGAME-25NOV01ECUTEM-TEM,0xa28b751213bb53b9d21ce21d7db08cee4c6259fb80697c7a2bb606a40c5bd045
cfb_20251101_unm_unlv,CFB,UNLV,UNM,2025-11-01T19:00:00Z,,KXNCAAFGAME-25NOV01UNMUNLV-UNLV,0x8daa3d18e812e727bf56f811579e7f04db6863d5afe67f61677229c2019d5070
cfb_20251101_lou_vt,CFB,VT,LOU,2025-11-01T19:00:00Z,,KXNCAAFGAME-25NOV01LOUVT-VT,0x1a01b32c085bcc830737c0e462cf45d9efd08f1e7cd0faf9c6105411855dfb14
cfb_20251101_ull_usa,CFB,USA,ULL,2025-11-01T19:30:00Z,,KXNCAAFGAME-25NOV01ULLUSA-USA,0xaafc26353b26f9c7e99ff2447b205a3c7c65493418044c3adf602f5c0d2692a3
cfb_20251101_uga_fla,CFB,FLA,UGA,2025-11-01T19:30:00Z,,KXNCAAFGAME-25NOV01UGAFLA-FLA,0x62ed377ba140386b8c8d052c0dfe8efaa148ac8d999b2c06c01d8d7594bf4e92
cfb_20251101_ttu_ksu,CFB,KSU,TTU,2025-11-01T19:30:00Z,,KXNCAAFGAME-25NOV01TTUKSU-KSU,0x2cd3771e5583ae40322343482b46794d6cd7e50c20b4a6aa24245a41951ae6a8
cfb_20251101_nd_bc,CFB,BC,ND,2025-11-01T19:30:00Z,,KXNCAAFGAME-25NOV01NDBC-BC,0xf1608b787fa59feb413698c866c6f68d47cffdd41033c07e16a9dd77b9c364fc
cfb_20251101_nmsu_wku,CFB,WKU,NMSU,2025-11-01T19:30:00Z,,KXNCAAFGAME-25NOV01NMSUWKU-WKU,0xecc9f7cc297d8e03fcb42a6db1f26916e9ecf6ee3c7e01b9537cbd6db46a3e66
cfb_20251101_pitt_stan,CFB,STAN,PITT,2025-11-01T19:30:00Z,,KXNCAAFGAME-25NOV01PITTSTAN-STAN,0x593c9e6b1f8047b61b0d1001ca8b9b3764885c8003b35f41785343a21c1d981f
cfb_20251101_fres_bsu,CFB,BSU,FRES,2025-11-01T19:30:00Z,,KXNCAAFGAME-25NOV01FRESBSU-BSU,0x88172c17a0809c8a584493c1d468a7db50453fedc739339e807bbd15c7b0b8e5
cfb_20251101_msu_minn,CFB,MINN,MSU,2025-11-01T19:30:00Z,,KXNCAAFGAME-25NOV01MSUMINN-MINN,0xd6346198402f4aa2277fca213c82b620a8a51f5b740d02304ab8085ad4de267d
cfb_20251101_ind_md,CFB,MD,IND,2025-11-01T19:30:00Z,,KXNCAAFGAME-25NOV01INDMD-MD,0x625b7ac27fd13e0fa5405948a3cb67dcaf8a62c7bbbbd65f0adbbc6208bf955c
cfb_20251101_del_lib,CFB,LIB,DEL,2025-11-01T19:30:00Z,,KXNCAAFGAME-25NOV01DELLIB-LIB,0x148711de2a5028e43e63c6479c2b04241e38ca6b617e8b12f66cbac16e59caff
cfb_20251101_uva_cal,CFB,CAL,UVA,2025-11-01T19:45:00Z,,KXNCAAFGAME-25NOV01UVACAL-CAL,0xc15e433933730271382e8b117bfc057a54fdbbca94fe8806f5e6e3577ccd9040
cfb_20251101_cmu_wmu,CFB,WMU,CMU,2025-11-01T20:00:00Z,,KXNCAAFGAME-25NOV01CMUWMU-WMU,0x9c2be07068fbac9aa04e54c9d8478e67c5794ce7353df8ef16e5edafb2ae9587
cfb_20251101_msst_ark,CFB,ARK,MSST,2025-11-01T20:00:00Z,,KXNCAAFGAME-25NOV01MSSTARK-ARK,0xd8258d4a887422d021f0424d4bd0b0824b292d9be815f605a2225c8cc8df636a
cfb_20251101_okst_ku,CFB,KU,OKST,2025-11-01T20:00:00Z,,KXNCAAFGAME-25NOV01OKSTKU-KU,0x1a47ba4eb70d4028bae03cf21c27931114c567df3be233cf3f4e4417ef98be46
cfb_20251101_pur_mich,CFB,MICH,PUR,2025-11-01T23:00:00Z,,KXNCAAFGAME-25NOV01PURMICH-MICH,0xf3e463ca6132d3150e20046af128636e2bd621951d9989e461479ae07e50cf8e
cfb_20251101_ariz_colo,CFB,COLO,ARIZ,2025-11-01T23:00:00Z,,KXNCAAFGAME-25NOV01ARIZCOLO-COLO,0x8026264314846f0c809f3e71e14a8c2d97fddf11a95e5751bc78211d3f8c52c6
cfb_20251101_scar_miss,CFB,MISS,SCAR,2025-11-01T23:00:00Z,,KXNCAAFGAME-25NOV01SCARMISS-MISS,0xe07cb2ac8aed8aef4f5f3f4f7902d1503f2babc0cd1456933fa10337cb9d1920
cfb_20251101_wyo_sdsu,CFB,SDSU,WYO,2025-11-01T23:00:00Z,,KXNCAAFGAME-25NOV01WYOSDSU-SDSU,0x530c70511da29dc426b623e64f27bd0c59b77c5f96ed5a75f2ba0cf4785e5965
cfb_20251101_usc_neb,CFB,NEB,USC,2025-11-01T23:30:00Z,,KXNCAAFGAME-25NOV01USCNEB-NEB,0xe151823dd0c8549de666de2d9c7a145fa32820f5bf97d91df80161f62cb023c7
cfb_20251101_wake_fsu,CFB,FSU,WAKE,2025-11-01T23:30:00Z,,KXNCAAFGAME-25NOV01WAKEFSU-FSU,0xf823d211cd8f166bc2a35162bd182a5da0a4eeaec233b7334d1d69ef714c0da3
cfb_20251101_wsu_orst,CFB,ORST,WSU,2025-11-01T23:30:00Z,,KXNCAAFGAME-25NOV01WSUORST-ORST,0xbe8c14870df5a43d75b0e4d8e56101127d7009bf023353ef7c4c870676781f14
cfb_20251101_uk_aub,CFB,AUB,UK,2025-11-01T23:30:00Z,,KXNCAAFGAME-25NOV01UKAUB-AUB,0x3d9094fea97bbc83de4aa218b94de5e492b608dcf16b38589dc1fc4fd77247bd
cfb_20251101_okla_tenn,CFB,TENN,OKLA,2025-11-01T23:30:00Z,,KXNCAAFGAME-25NOV01OKLATENN-TENN,0x9e3a313bd06125130ec7350f032a59e8b9d809714c22018ecbab567d112e22cb
cfb_20251102_arst_troy,CFB,TROY,ARST,2025-11-02T00:00:00Z,,KXNCAAFGAME-25NOV01ARSTTROY-TROY,0x2268daa116f5e14501509421c80e5e5445bd098849f8a74cede33152ab40e23c
cfb_20251102_cin_utah,CFB,UTAH,CIN,2025-11-02T02:15:00Z,,KXNCAAFGAME-25NOV01CINUTAH-UTAH,0x85437b85f8a378fdc58e38a5088af809c632adf0104a2166a9ee92606148b35b
cfb_20251102_haw_sjsu,CFB,SJSU,HAW,2025-11-02T02:30:00Z,,KXNCAAFGAME-25NOV01HAWSJSU-SJSU,0xe731604671dcc6a26992bcb54b4853b341cb69efb007394a9dbcb6312e43f37b
nfl_20251102_car_gb,NFL,GB,CAR,2025-11-02T18:00:00Z,,KXNFLGAME-25NOV02CARGB-GB,0x93343cc685ff2875ca60eb9dbd8215187fbd3d6ec0f869003b57ab623b6aff0f
nfl_20251102_sf_nyg,NFL,NYG,SF,2025-11-02T18:00:00Z,,KXNFLGAME-25NOV02SFNYG-NYG,0x024532fcd25a91e86704e39fb04d3550a344e0502aef7af5f25185ba45c4f0ff
nfl_20251102_min_det,NFL,DET,MIN,2025-11-02T18:00:00Z,,KXNFLGAME-25NOV02MINDET-DET,0x09293493eebe2dba65aee40b96a37af9e0e925791dc0356b324e8015bf0d6196
nfl_20251102_lac_ten,NFL,TEN,LAC,2025-11-02T18:00:00Z,,KXNFLGAME-25NOV02LACTEN-TEN,0x91209264fa90ffbbfd07ec93d7f6acb790fa48f95ee6f37715f1b8e9c9cc29ea
nfl_20251102_ind_pit,NFL,PIT,IND,2025-11-02T18:00:00Z,,KXNFLGAME-25NOV02INDPIT-PIT,0x87794de55b58fdeb94b4ac5151b962fe73afc1aad6b44fc780b30ce79fcc4c96
nfl_20251102_den_hou,NFL,HOU,DEN,2025-11-02T18:00:00Z,,KXNFLGAME-25NOV02DENHOU-HOU,0x5e4a22239a3d12c37069332763de04bdffd90d25a17a71e0b825833803124798
nfl_20251102_chi_cin,NFL,CIN,CHI,2025-11-02T18:00:00Z,,KXNFLGAME-25NOV02CHICIN-CIN,0xb6059f90055603d5d41cddec29021d91614ac5398cb1a0aa4d6c641189578744
nfl_20251102_atl_ne,NFL,NE,ATL,2025-11-02T18:00:00Z,,KXNFLGAME-25NOV02ATLNE-NE,0xaa50a5666e3223fce4e8ce2bd3f3f3205c4e7b25e7d8ed6178c8722504f0f702
nfl_20251102_no_la,NFL,LA,NO,2025-11-02T21:05:00Z,,KXNFLGAME-25NOV02NOLA-LA,0x60f05f2f7b8c87a17429dd7d14b11fc80ce3af796dcb571ddf322db4f382b2eb
nfl_20251102_jac_lv,NFL,LV,JAC,2025-11-02T21:05:00Z,,KXNFLGAME-25NOV02JACLV-LV,0x6ff4ba970cc7120f2933344a7e4c424b73d32efbd47b04eb5fcb82662484b074
nfl_20251102_kc_buf,NFL,BUF,KC,2025-11-02T21:25:00Z,,KXNFLGAME-25NOV02KCBUF-BUF,0xb68c5e1dd36093e8c6a84cd74cc594a554c14de105a864e52e15b30c9070d34a
nfl_20251103_sea_was,NFL,WAS,SEA,2025-11-03T01:20:00Z,,KXNFLGAME-25NOV02SEAWAS-WAS,0xb8fec9331f5256027b2f44476dcaae997e5ca0578b14162065b967627ab1248f
nfl_20251104_ari_dal,NFL,DAL,ARI,2025-11-04T01:15:00Z,,KXNFLGAME-25NOV03ARIDAL-DAL,0x92c868889653f6236d249420b9dec718d9403d7464874e8abac7709c5ed6d7e7
cfb_20251105_oh_ohio,CFB,OHIO,OH,2025-11-05T00:00:00Z,,KXNCAAFGAME-25NOV04M-OHOHIO-OHIO,0x743c6b56b49386bc24d213a0f61546049dd5cb78461bdf70459b10fbd9124bde
cfb_20251105_mass_akr,CFB,AKR,MASS,2025-11-05T00:00:00Z,,KXNCAAFGAME-25NOV04MASSAKR-AKR,0xa05efc908f08620038bc9678fabf336379f03216f0efdaa341f0e5751c974e4c
cfb_20251106_kent_ball,CFB,BALL,KENT,2025-11-06T00:00:00Z,,KXNCAAFGAME-25NOV05KENTBALL-BALL,0x52e2360daa4478c6a90fd5a45513c5d4aefaf16b97ad03c0a41ab781604fbe23
cfb_20251106_niu_tol,CFB,TOL,NIU,2025-11-06T00:00:00Z,,KXNCAAFGAME-25NOV05NIUTOL-TOL,0x7237d92b0a13a5bfd6f0a501484db802214387f21ffc6df3bb3bfd538e4ee45f
cfb_20251107_gaso_app,CFB,APP,GASO,2025-11-07T00:30:00Z,,KXNCAAFGAME-25NOV06GASOAPP-APP,0x476f9652f67184f3d154bdd236931265ef436d7be42114e7a5a5a3ec001e871d
cfb_20251107_utsa_usf,CFB,USF,UTSA,2025-11-07T00:30:00Z,,KXNCAAFGAME-25NOV06UTSAUSF-USF,0x9cacf0726b065d6a19eecf9633bbfc2668de79636ff5f6d635e02bca88e006fd
nfl_20251107_lv_den,NFL,DEN,LV,2025-11-07T01:15:00Z,,KXNFLGAME-25NOV06LVDEN-DEN,0x2a073dba2d819e790bac00f78b3bcc8cf0d408ca9ca7a6430ff4ec3669753c70
cfb_20251108_hou_ucf,CFB,UCF,HOU,2025-11-08T01:00:00Z,,KXNCAAFGAME-25NOV07HOUUCF-UCF,0xc0e3bf1060861398acff99adcbfac97773a6afa505099b36b186ddf41f2079f4
cfb_20251108_tuln_mem,CFB,MEM,TULN,2025-11-08T02:00:00Z,,KXNCAAFGAME-25NOV07TULNMEM-MEM,0x739cde5cde44dce210592320515c25bf8be40080f1d11a91c96dc6ea9e9270cf
cfb_20251108_nw_usc,CFB,USC,NW,2025-11-08T02:00:00Z,,KXNCAAFGAME-25NOV07NWUSC-USC,0x351993b29579e287a779127d94d83b7f5cffe5b715f74e2c58c12ff19c0ad018
cfb_20251108_uga_msst,CFB,MSST,UGA,2025-11-08T17:00:00Z,,KXNCAAFGAME-25NOV08UGAMSST-MSST,0x549ee495c1c59c38479143cf55b0c98aedff0c4baa8b89f893265ad8628d118b
cfb_20251108_jmu_mrsh,CFB,MRSH,JMU,2025-11-08T17:00:00Z,,KXNCAAFGAME-25NOV08JMUMRSH-MRSH,0xaccfb4314ef6b71771ec5f3ba4817935bb830511ff4f26ef546e0ac69d7eedef
cfb_20251108_ind_psu,CFB,PSU,IND,2025-11-08T17:00:00Z,,KXNCAAFGAME-25NOV08INDPSU-PSU,0x9259aa629f3aa7c4217e17465f40fb1090f363f912d28d03e8977e4fec5cf122
cfb_20251108_colo_wvu,CFB,WVU,COLO,2025-11-08T17:00:00Z,,KXNCAAFGAME-25NOV08COLOWVU-WVU,0x94df2b8560165de3da3a968998e0b44ab19a7a5304ce88264825ac43cde628e6
cfb_20251108_byu_ttu,CFB,TTU,BYU,2025-11-08T17:00:00Z,,KXNCAAFGAME-25NOV08BYUTTU-TTU,0x9749a58a12438412025f32a33358e858919ec8b8d2536ef1f4afa00352357ac0
cfb_20251108_smu_bc,CFB,BC,SMU,2025-11-08T17:00:00Z,,KXNCAAFGAME-25NOV08SMUBC-BC,0x26925b9fbfa9c316ff1d421b74e8f7ad191134f49775354c312c2ab4bb56d888
cfb_20251108_tem_army,CFB,ARMY,TEM,2025-11-08T17:00:00Z,,KXNCAAFGAME-25NOV08TEMARMY-ARMY,0x60540acabfb049cd3651c8c4217fbde1ec0d47cb46398f266634fbb6ac8bfa49
cfb_20251108_usm_arst,CFB,ARST,USM,2025-11-08T17:00:00Z,,KXNCAAFGAME-25NOV08USMARST-ARST,0x80a3f960cafb3f58ac3c60aa2f10a52f3d2128789ace4ca20de54ec6fd21d116
cfb_20251108_cit_miss,CFB,MISS,CIT,2025-11-08T18:00:00Z,,KXNCAAFGAME-25NOV08CITMISS-MISS,0x73f722cc488975874b91508e2e9ee16baf584b2b894cfff3f5e26fdc9a23f50e
cfb_20251108_mosu_lib,CFB,LIB,MOSU,2025-11-08T18:00:00Z,,KXNCAAFGAME-25NOV08MOSULIB-LIB,0xecc0e46c02ffe861e0380b9bbdc30be67f69a3a66e03d55f503be580a9bbc707
cfb_20251108_bgsu_emu,CFB,EMU,BGSU,2025-11-08T18:00:00Z,,KXNCAAFGAME-25NOV08BGSUEMU-EMU,0xa2b426fa30119018dd50be8e33abee8af25995c2a410b8cad1061686d8d2ac83
cfb_20251108_osu_pur,CFB,PUR,OSU,2025-11-08T18:00:00Z,,KXNCAAFGAME-25NOV08OSUPUR-PUR,0x910cb1b7d9b9c03fdc207d1c23b1ca481520ca2e4146947e3c5a6cd15cc33086
cfb_20251108_uab_rice,CFB,RICE,UAB,2025-11-08T19:00:00Z,,KXNCAAFGAME-25NOV08UABRICE-RICE,0xf177528a5b2636c16088d1ca3d9bcac87146d2403b78bcf1897211174c509fa2
cfb_20251108_md_rutg,CFB,RUTG,MD,2025-11-08T19:30:00Z,,KXNCAAFGAME-25NOV08MDRUTG-RUTG,0x85f732fedf0432e94b2d6534c3f9a473ef30f84786a84a396cf4f87796989f20
cfb_20251108_lt_del,CFB,DEL,LT,2025-11-08T20:00:00Z,,KXNCAAFGAME-25NOV08LTDEL-DEL,0x47e69ddd66c1b395d0bee81f61eb3568c80ab2cd6167242e4b8a5e879dafaa6b
cfb_20251108_char_ecu,CFB,ECU,CHAR,2025-11-08T20:00:00Z,,KXNCAAFGAME-25NOV08CHARECU-ECU,0xc4cff169c8158c76f2166b9be8a4a51ba81a3bb48e986ae3deb27fe75dc566d3
cfb_20251108_jvst_utep,CFB,UTEP,JVST,2025-11-08T20:00:00Z,,KXNCAAFGAME-25NOV08JVSTUTEP-UTEP,0x6b06659854e6ea4d3bb81c7fc58c677e3869f228ba48a79b16bfb0bdd3e5f9c7
cfb_20251108_tlsa_fau,CFB,FAU,TLSA,2025-11-08T20:00:00Z,,KXNCAAFGAME-25NOV08TLSAFAU-FAU,0xcd32719cbb8a92759da2fae490fe0252bbeb2f4172b05fb05a0af5d61e6b1f8d
cfb_20251108_fiu_mtu,CFB,MTU,FIU,2025-11-08T20:00:00Z,,KXNCAAFGAME-25NOV08FIUMTU-MTU,0x5264a2df1ba24249defb2c2924f887d38e5b0202e6379b4f4e34761cea8139ca
cfb_20251108_isu_tcu,CFB,TCU,ISU,2025-11-08T20:30:00Z,,KXNCAAFGAME-25NOV08ISUTCU-TCU,0x16e4cf046a2c79b9c87303f7d210ff19bce251d0843501cdb1dac8d29f4e50c1
cfb_20251108_duke_conn,CFB,CONN,DUKE,2025-11-08T20:30:00Z,,KXNCAAFGAME-25NOV08DUKECONN-CONN,0x6687e2d381f60e4243a1df71449c4490373453cd7187b1c8106595f8c563c4b6
cfb_20251108_txam_mizz,CFB,MIZZ,TXAM,2025-11-08T20:30:00Z,,KXNCAAFGAME-25NOV08TXAMMIZZ-MIZZ,0x8cf99ca4f24717c320987eef970cc668526f20d0effb816e00816accf9e60d77
cfb_20251108_ku_ariz,CFB,ARIZ,KU,2025-11-08T20:30:00Z,,KXNCAAFGAME-25NOV08KUARIZ-ARIZ,0x8039ed66624e0fddc415626a9c42a10111e67e96e62fd4f62edb68a024ed0d46
cfb_20251108_syr_mia,CFB,MIA,SYR,2025-11-08T20:30:00Z,,KXNCAAFGAME-25NOV08SYRMIA-MIA,0x2364b09800b0319775ba9bbedff350844cd68e44dfa7dca5a6c7223bd19579c7
cfb_20251108_ore_iowa,CFB,IOWA,ORE,2025-11-08T20:30:00Z,,KXNCAAFGAME-25NOV08OREIOWA-IOWA,0xf61cffd9e22acd9f2a6b393aaf1eb1add291576257bbf59cd7a4375e27a8bc2e
cfb_20251108_aub_van,CFB,VAN,AUB,2025-11-08T21:00:00Z,,KXNCAAFGAME-25NOV08AUBVAN-VAN,0x685300ffbd4b643773dfc605e80ed7e6dcd2caa8e3bebff5c9abc6dc27f6b08d
cfb_20251108_gast_ccar,CFB,CCAR,GAST,2025-11-08T21:00:00Z,,KXNCAAFGAME-25NOV08GASTCCAR-CCAR,0x5a18b3af626e6a7873ceb27f2360a3ace324ffb82a755fbe5fdcaaf97e4590ab
cfb_20251108_kenn_nmsu,CFB,NMSU,KENN,2025-11-08T21:00:00Z,,KXNCAAFGAME-25NOV08KENNNMSU-NMSU,0x88b2243953cb173956eb982981d982eb796cbaf7efa83625599a1d9a2865e000
cfb_20251108_stan_unc,CFB,UNC,STAN,2025-11-08T21:30:00Z,,KXNCAAFGAME-25NOV08STANUNC-UNC,0x76ab31ddb7a7a515eff35f5d2428e4e88f286aaaf5ff150325ad5b0b78f4f357
cfb_20251108_wash_wis,CFB,WIS,WASH,2025-11-08T21:30:00Z,,KXNCAAFGAME-25NOV08WASHWIS-WIS,0x1e64b6bbc8e7ec46db72f29caa899ba7beae553d0ccf14b936ac74c326b3d61b
cfb_20251108_txst_ull,CFB,ULL,TXST,2025-11-08T22:00:00Z,,KXNCAAFGAME-25NOV08TXSTULL-ULL,0x69968f6c545afe581c4474f4986681a122d986ccde53874c94c0de2846a0804b
cfb_20251108_afa_sjsu,CFB,SJSU,AFA,2025-11-08T23:00:00Z,,KXNCAAFGAME-25NOV08AFASJSU-SJSU,0x1ee490ec8273bd15b9c3b50eb14dce5e5a7b90087a5038a80dfe00ff611a3237
cfb_20251109_fsu_clem,CFB,CLEM,FSU,2025-11-09T00:00:00Z,,KXNCAAFGAME-25NOV08FSUCLEM-CLEM,0x7b45e5e3e4818038b00cf1f409aa47ef7ddb47662a794e34547374a1e5451819
cfb_20251109_cal_lou,CFB,LOU,CAL,2025-11-09T00:00:00Z,,KXNCAAFGAME-25NOV08CALLOU-LOU,0x7d20aa03c9d5d29611d2232e78f9f68a6003ef8168ffcae2470bb85e33d344b9
cfb_20251109_wake_uva,CFB,UVA,WAKE,2025-11-09T00:00:00Z,,KXNCAAFGAME-25NOV08WAKEUVA-UVA,0xe28bffa5c24fee13ceb933dceac2560f8cca04bab836e258736c7cc2041f2a6d
cfb_20251109_navy_nd,CFB,ND,NAVY,2025-11-09T00:30:00Z,,KXNCAAFGAME-25NOV08NAVYND-ND,0x39e1a6a0eaad4b9dc238fee00375b62a308e47488d337697cece456fa7399dcf
cfb_20251109_nev_usu,CFB,USU,NEV,2025-11-09T00:30:00Z,,KXNCAAFGAME-25NOV08NEVUSU-USU,0xb5d91ace7ecb4a1eefb53285cf8a01d0d4e9f9c3e3b07b4aa8ace70d1e5d47ba
cfb_20251109_fla_uk,CFB,UK,FLA,2025-11-09T00:30:00Z,,KXNCAAFGAME-25NOV08FLAUK-UK,0x7f45b689c6b306e12fd71ffe1f9d5b5d83a8822531f98351dcdbca9097e826db
cfb_20251109_lsu_ala,CFB,ALA,LSU,2025-11-09T00:30:00Z,,KXNCAAFGAME-25NOV08LSUALA-ALA,0x17881dff1bf0161ddf3f69411ca6c02d6452a5483261a51ad012c7417c9a7ae7
cfb_20251109_neb_ucla,CFB,UCLA,NEB,2025-11-09T02:00:00Z,,KXNCAAFGAME-25NOV08NEBUCLA-UCLA,0xbab295156ff40ebf4039e2579619bf76eec8125aed4b2e83559c4114bc0582e6
cfb_20251109_unlv_csu,CFB,CSU,UNLV,2025-11-09T02:30:00Z,,KXNCAAFGAME-25NOV08UNLVCSU-CSU,0x13ca0b430af395f01c3c5595fb573bc4abca5c18edd97c9103f34129642a6bae
cfb_20251109_shsu_orst,CFB,ORST,SHSU,2025-11-09T03:00:00Z,,KXNCAAFGAME-25NOV08SHSUORST-ORST,0xbb2df697a112bd178ce19032f382f43aaa827ca38444c3b5d002af71bce9ab05
cfb_20251109_sdsu_haw,CFB,HAW,SDSU,2025-11-09T04:00:00Z,,KXNCAAFGAME-25NOV08SDSUHAW-HAW,0x2c608fd7cd6f8e7a91b6aaf3cecad4116b2e64c49281b86c2bb05679f68e92fa
nfl_20251109_atl_ind,NFL,IND,ATL,2025-11-09T14:30:00Z,,KXNFLGAME-25NOV09ATLIND-IND,0x56348e19c5c507f80cd46336db6278b85dc75d6511f10ca2d8a85abe356a5b3b
nfl_20251109_nyg_chi,NFL,CHI,NYG,2025-11-09T18:00:00Z,,KXNFLGAME-25NOV09NYGCHI-CHI,0xa2feccb3b04ee9c6eb24a909471c527f7ab5773b010676a1a41b214d64e6be04
nfl_20251109_buf_mia,NFL,MIA,BUF,2025-11-09T18:00:00Z,,KXNFLGAME-25NOV09BUFMIA-MIA,0xa5fd5cc8be03c69e838c826fe318429f79dab68be1c368236f34397ea330822a
nfl_20251109_cle_nyj,NFL,NYJ,CLE,2025-11-09T18:00:00Z,,KXNFLGAME-25NOV09CLENYJ-NYJ,0xa93c32946452fe866431e24afc033814ecf381db22e41a130666388d5026ded2
nfl_20251109_no_car,NFL,CAR,NO,2025-11-09T18:00:00Z,,KXNFLGAME-25NOV09NOCAR-CAR,0x5daf50568fe856ab892be624de6c38b371fa50c49c9d96163e698d197b95f2ac
nfl_20251109_jac_hou,NFL,HOU,JAC,2025-11-09T18:00:00Z,,KXNFLGAME-25NOV09JACHOU-HOU,0xf1afc8d6d150bb942af398a2e615ddfadf83517234e32ba67adc47feda90d803
nfl_20251109_ne_tb,NFL,TB,NE,2025-11-09T18:00:00Z,,KXNFLGAME-25NOV09NETB-TB,0x6e863c5e698e33778fcb3ea9b59a91b9421432a682d895f20e9478aee97818ce
nfl_20251109_bal_min,NFL,MIN,BAL,2025-11-09T18:00:00Z,,KXNFLGAME-25NOV09BALMIN-MIN,0x71232d3f845304bf6ecc7561f91087557b459029f270a81224be5bb465efecd3
nfl_20251109_ari_sea,NFL,SEA,ARI,2025-11-09T21:05:00Z,,KXNFLGAME-25NOV09ARISEA-SEA,0x1c7a4b51e4b97122dd86e78d6b1d36fee5b60afead5b1cbd7223c1d60adc7a12
nfl_20251109_la_sf,NFL,SF,LA,2025-11-09T21:25:00Z,,KXNFLGAME-25NOV09LASF-SF,0x7a7865fa7da880d2b08c07be3a6903c16fe8366e367b57c2a8406fe501be89ec
nfl_20251109_det_was,NFL,WAS,DET,2025-11-09T21:25:00Z,,KXNFLGAME-25NOV09DETWAS-WAS,0x4cfa84050fb82289dacb391f804dd20ec9dbec8b72ac1fd8759679759b2683b0
nfl_20251110_pit_lac,NFL,LAC,PIT,2025-11-10T01:20:00Z,,KXNFLGAME-25NOV09PITLAC-LAC,0x9b2f0aab735a59c6dd0d11d419f755f9ab1f011800dd65ddf22548475390e7b8
nfl_20251111_phi_gb,NFL,GB,PHI,2025-11-11T01:15:00Z,,KXNFLGAME-25NOV10PHIGB-GB,0x23e6e6f8a327a41bad1282fdc34e846f52e73e390d44b004ac92a329766e2848
cfb_20251112_kent_akr,CFB,AKR,KENT,2025-11-12T00:30:00Z,,KXNCAAFGAME-25NOV11KENTAKR-AKR,0x328a3a60f900117191ce2c7642a4e13c078cc79eb7ff79c29b7e6ee873b2f5a0
cfb_20251112_ohio_wmu,CFB,WMU,OHIO,2025-11-12T01:00:00Z,,KXNCAAFGAME-25NOV11OHIOWMU-WMU,0x5907554a7142584ce4e6c6113b1c17a60fe56607dbf203d5d6334f2bed55ec80
cfb_20251113_buff_cmu,CFB,CMU,BUFF,2025-11-13T00:00:00Z,,KXNCAAFGAME-25NOV12BUFFCMU-CMU,0x7849d8f545da990d5aecb91d0d44ab7c772772c659a101292a907b7ee68c11b9
cfb_20251113_niu_mass,CFB,MASS,NIU,2025-11-13T00:00:00Z,,KXNCAAFGAME-25NOV12NIUMASS-MASS,0x36a601abdf106450f7f03a6db0456938f08ab0dcfd41e2eb153786ae71d14092
cfb_20251113_tol_oh,CFB,OH,TOL,2025-11-13T00:00:00Z,,KXNCAAFGAME-25NOV12TOLM-OH-M-OH,0x568ea3fa9a8ddfd810c4751faf5f0b169b8601a9e4536dedfb4479f7729a6a43
cfb_20251114_troy_odu,CFB,ODU,TROY,2025-11-14T00:30:00Z,,KXNCAAFGAME-25NOV13TROYODU-ODU,0x23f8ddd2aa26d3d5df141200bd9379dea48682c0c113d76533b29a7c134bb4cb
nfl_20251114_nyj_ne,NFL,NE,NYJ,2025-11-14T01:15:00Z,,KXNFLGAME-25NOV13NYJNE-NE,0x40085cf91807e22a4a6bf725b6d0e4c3cc90bd588703e73bf4e486733a046400
cfb_20251115_clem_lou,CFB,LOU,CLEM,2025-11-15T00:30:00Z,,KXNCAAFGAME-25NOV14CLEMLOU-LOU,0x472af24d3628d8203e277af805620da5f593365c9ffcdff1d0b9bd453dd7f351
cfb_20251115_minn_ore,CFB,ORE,MINN,2025-11-15T02:00:00Z,,KXNCAAFGAME-25NOV14MINNORE-ORE,0x62727e21199372f6f812a414aabdf705013fec1b74749f84e6dd64755941937c
cfb_20251115_afa_conn,CFB,CONN,AFA,2025-11-15T17:00:00Z,,KXNCAAFGAME-25NOV15AFACONN-CONN,0x0daaeddd7771d63034680967a89ea1ddbf29e644e0177acae0ec99f3b39b35a6
cfb_20251115_ariz_cin,CFB,CIN,ARIZ,2025-11-15T17:00:00Z,,KXNCAAFGAME-25NOV15ARIZCIN-CIN,0xba14696e017c01ecc53a49d1011e6a5fe6410e387c3282357660f939a25d7e90
cfb_20251115_emu_ball,CFB,BALL,EMU,2025-11-15T17:00:00Z,,KXNCAAFGAME-25NOV15EMUBALL-BALL,0x5afc272a5c2b9d6c9cc3806ead3881a53acab988903a2cbdc66f40c0793a61db
cfb_20251115_mich_nw,CFB,NW,MICH,2025-11-15T17:00:00Z,,KXNCAAFGAME-25NOV15MICHNW-NW,0xa7d0b371cc1c4c6e13f38d6c0f1b36563f877e95fb1f27d7003b428df84684f5
cfb_20251115_nd_pitt,CFB,PITT,ND,2025-11-15T17:00:00Z,,KXNCAAFGAME-25NOV15NDPITT-PITT,0x7ac2ed68cf70a7fa32dd6d9912dfee90cb7cc22aa8fbed92dc5ec278b641ce49
cfb_20251115_wis_ind,CFB,IND,WIS,2025-11-15T17:00:00Z,,KXNCAAFGAME-25NOV15WISIND-IND,0x1e9b6a14d19857d5b3a12b27f262ec5864016c410a4e939325106e94cb1fd7fd
cfb_20251115_utsa_char,CFB,CHAR,UTSA,2025-11-15T17:00:00Z,,KXNCAAFGAME-25NOV15UTSACHAR-CHAR,0x30487872863114f0b88675984b5d8082c5f125a5b913b8a5ecd9582d8a14625c
cfb_20251115_usf_navy,CFB,NAVY,USF,2025-11-15T17:00:00Z,,KXNCAAFGAME-25NOV15USFNAVY-NAVY,0xf626735a5abaae5551063c01a316677a729471ac7f35fc169ce0ee8ed0d25335
cfb_20251115_ksu_okst,CFB,OKST,KSU,2025-11-15T17:00:00Z,,KXNCAAFGAME-25NOV15KSUOKST-OKST,0x5bcb742f288b21ccf2c82da6765fdf99bd505b2d00455a29dec5b9bc5387ce2e
cfb_20251115_scar_txam,CFB,TXAM,SCAR,2025-11-15T17:00:00Z,,KXNCAAFGAME-25NOV15SCARTXAM-TXAM,0x6c8908bab512d1af0925e4c19ac675f4c835ab2eabc2d091ef7ffadd126fc62c
cfb_20251115_ark_lsu,CFB,LSU,ARK,2025-11-15T17:45:00Z,,KXNCAAFGAME-25NOV15ARKLSU-LSU,0x89897818dffa520ecc0cab08fa4a32d0805c3ecfded2c39145187c590e11c2d2
cfb_20251115_orst_tlsa,CFB,TLSA,ORST,2025-11-15T18:00:00Z,,KXNCAAFGAME-25NOV15ORSTTLSA-TLSA,0x18e6256e103dfd176d96335763c9f70917d3255629c09c8a40cf180beb7f2686
cfb_20251115_wvu_asu,CFB,ASU,WVU,2025-11-15T18:00:00Z,,KXNCAAFGAME-25NOV15WVUASU-ASU,0xf6b592db4525f113c1052817586af7d8f66d6182fc616973ab7fa424e4264d54
cfb_20251115_tntc_uk,CFB,UK,TNTC,2025-11-15T18:30:00Z,,KXNCAAFGAME-25NOV15TNTCUK-UK,0x45e49962a38510b07ea8e8cf7d4814dc053fa58f7c35846700b9bd8dc9d31d9a
cfb_20251115_mrsh_gast,CFB,GAST,MRSH,2025-11-15T19:00:00Z,,KXNCAAFGAME-25NOV15MRSHGAST-GAST,0x418617f0783a35170880814987c66e87ec329f4a200a2cccad2ff2212c801f7d
cfb_20251115_unt_uab,CFB,UAB,UNT,2025-11-15T19:00:00Z,,KXNCAAFGAME-25NOV15UNTUAB-UAB,0x74ae6a1dc4e5415f8fca922b8836c66542536ad92e1ed1f4511fbae9034d136a
cfb_20251115_utep_mosu,CFB,MOSU,UTEP,2025-11-15T20:00:00Z,,KXNCAAFGAME-25NOV15UTEPMOSU-MOSU,0xb6b11981462c6c155fc4d799bbcacde334bae07e70e2da0e29f39e1c123aa773
cfb_20251115_csu_unm,CFB,UNM,CSU,2025-11-15T20:00:00Z,,KXNCAAFGAME-25NOV15CSUUNM-UNM,0x5ed341f529392368507b5b5e4af4ad47eeb9be31e304762d8b1e949da99150d2
cfb_20251115_psu_msu,CFB,MSU,PSU,2025-11-15T20:30:00Z,,KXNCAAFGAME-25NOV15PSUMSU-MSU,0xb68c2eb0f8810dd22e3633ea2aea7ab616b6b370ad6d4aff065adb90be6e304b
cfb_20251115_sjsu_nev,CFB,NEV,SJSU,2025-11-15T20:30:00Z,,KXNCAAFGAME-25NOV15SJSUNEV-NEV,0x58b382b0b0e08befa070fdf545eb66f64bbd37c7cbb701c4a28a5c495cfddab3
cfb_20251115_mtu_wku,CFB,WKU,MTU,2025-11-15T20:30:00Z,,KXNCAAFGAME-25NOV15MTUWKU-WKU,0xcef99543cb240fc0957f8ddfb9726f056b5e0f497019c74f3e4dda58880b8e8d
cfb_20251115_iowa_usc,CFB,USC,IOWA,2025-11-15T20:30:00Z,,KXNCAAFGAME-25NOV15IOWAUSC-USC,0xef81ee514454c50f5ca8a8f2c83fecce374e5ac79c58ccd3bedaf811c694bf14
cfb_20251115_gt_bc,CFB,BC,GT,2025-11-15T20:30:00Z,,KXNCAAFGAME-25NOV15GTBC-BC,0xed9fc9f855e57e79a7b37597dc75a7149d6e923e8977bcfae5a7674ba9bf49bd
cfb_20251115_okla_ala,CFB,ALA,OKLA,2025-11-15T20:30:00Z,,KXNCAAFGAME-25NOV15OKLAALA-ALA,0xab6bae7ad851e57cae299081d460721fe7f7923f1c6ac33a396e707e10cfd57f
cfb_20251115_txst_usm,CFB,USM,TXST,2025-11-15T20:30:00Z,,KXNCAAFGAME-25NOV15TXSTUSM-USM,0x61128a17dcc76c7afa1fb58daccc3f456a4a9e9c5aeb359b140160a9ddc56746
cfb_20251115_md_ill,CFB,ILL,MD,2025-11-15T20:30:00Z,,KXNCAAFGAME-25NOV15MDILL-ILL,0xd1ac5df062393884c3b609397701b1c8ed16d0845effaeff9128100138dd0df2
cfb_20251115_uva_duke,CFB,DUKE,UVA,2025-11-15T20:30:00Z,,KXNCAAFGAME-25NOV15UVADUKE-DUKE,0xd6411dbf13f09e5da67bf4469728e9d68059ecc3841528347325222a1e68e982
cfb_20251115_ucf_ttu,CFB,TTU,UCF,2025-11-15T20:30:00Z,,KXNCAAFGAME-25NOV15UCFTTU-TTU,0x6eb35470a3bfc6d66d8b3f9dc5614bc1b931c6501e3ce014e3493d5c99b1bcaa
cfb_20251115_app_jmu,CFB,JMU,APP,2025-11-15T20:30:00Z,,KXNCAAFGAME-25NOV15APPJMU-JMU,0x9caa6972422907524a938e02cd38ab1470da317c34f0d591e004245308719062
cfb_20251115_fau_tuln,CFB,TULN,FAU,2025-11-15T21:00:00Z,,KXNCAAFGAME-25NOV15FAUTULN-TULN,0x3038afbc6c1383acac0549984a31eec887a7e3435380ef9aea66ba3249c74d8b
cfb_20251115_mem_ecu,CFB,ECU,MEM,2025-11-15T21:00:00Z,,KXNCAAFGAME-25NOV15MEMECU-ECU,0x6f40076225fc8a27daa560298e8496aeec674f1bd6fbc8e98defefd65787bffb
cfb_20251115_nmsu_tenn,CFB,TENN,NMSU,2025-11-15T21:15:00Z,,KXNCAAFGAME-25NOV15NMSUTENN-TENN,0x956cfb1f416f3079ad57f6f1748c9780bee84a849820108c7b772663efe331a7
cfb_20251115_unc_wake,CFB,WAKE,UNC,2025-11-15T21:30:00Z,,KXNCAAFGAME-25NOV15UNCWAKE-WAKE,0x8227f4b14e4c8a0cac550e3c8acbe350b2c33a25fdb7d62037105be7089d3351
cfb_20251115_lib_fiu,CFB,FIU,LIB,2025-11-15T22:00:00Z,,KXNCAAFGAME-25NOV15LIBFIU-FIU,0xa8e2f581225501730cfbc8faabe1b50753ea90de49cd9937e6c2243bc54eb8e0
cfb_20251115_ccar_gaso,CFB,GASO,CCAR,2025-11-15T23:00:00Z,,KXNCAAFGAME-25NOV15CCARGASO-GASO,0x6c957c1974da0f0ef81af0a17b93103da157507bd36fe9fb1c1de4587c06a678
cfb_20251116_del_shsu,CFB,SHSU,DEL,2025-11-16T00:00:00Z,,KXNCAAFGAME-25NOV15DELSHSU-SHSU,0x7df99e6c3a7d622a8895ecc061f6427640613b54ba8e46854412b0440e424978
cfb_20251116_pur_wash,CFB,WASH,PUR,2025-11-16T00:00:00Z,,KXNCAAFGAME-25NOV15PURWASH-WASH,0x75ef29e9e86689c93c7c4c8bf2d7bf60efc4749a76b66feb846aab0e1767a5ed
cfb_20251116_fla_miss,CFB,MISS,FLA,2025-11-16T00:00:00Z,,KXNCAAFGAME-25NOV15FLAMISS-MISS,0xf2e6b4f9a332368ad3da13e16d950df9b08479d02c337e6281f1e19dece22055
cfb_20251116_utah_bay,CFB,BAY,UTAH,2025-11-16T00:00:00Z,,KXNCAAFGAME-25NOV15UTAHBAY-BAY,0x7771596ef4783e2347db728c3fe97a7d8f187449196a98aa6175e63fc74a5e80
cfb_20251116_usu_unlv,CFB,UNLV,USU,2025-11-16T00:00:00Z,,KXNCAAFGAME-25NOV15USUUNLV-UNLV,0x3f771ac6c670f333e5f669df7068a7bc7bd8e2b99e83171ca0af4e471fb0ce3f
cfb_20251116_vt_fsu,CFB,FSU,VT,2025-11-16T00:30:00Z,,KXNCAAFGAME-25NOV15VTFSU-FSU,0x886a321fe050290b3ade6aac7d40baaa08bf45cd5b99613b7c34abf4777289b6
cfb_20251116_ucla_osu,CFB,OSU,UCLA,2025-11-16T00:30:00Z,,KXNCAAFGAME-25NOV15UCLAOSU-OSU,0xe0db847f07dd2f6267a9e7ffbde316b6c6626b148205fed4ea0d3052b75f0c44
cfb_20251116_tex_uga,CFB,UGA,TEX,2025-11-16T00:30:00Z,,KXNCAAFGAME-25NOV15TEXUGA-UGA,0xee719995d96c993942c12ef373de646ae811ed9b62990cd4ee5939a98dff8b32
cfb_20251116_msst_mizz,CFB,MIZZ,MSST,2025-11-16T00:45:00Z,,KXNCAAFGAME-25NOV15MSSTMIZZ-MIZZ,0x8fa60bf6aef9f4811d430a4592b35830f3fd5cfd449848896835ef9d7a68bbe5
cfb_20251116_kenn_jvst,CFB,JVST,KENN,2025-11-16T01:00:00Z,,KXNCAAFGAME-25NOV15KENNJVST-JVST,0x5daab417b450784c581ae1ebb63eb5441cec0c65ec637084fcf428c4451604de
cfb_20251116_lt_wsu,CFB,WSU,LT,2025-11-16T03:00:00Z,,KXNCAAFGAME-25NOV15LTWSU-WSU,0x9969d68a1a36697fb6e640f77cfca218607b59d1f7c93a030acbfc788bb45f93
cfb_20251116_tcu_byu,CFB,BYU,TCU,2025-11-16T03:15:00Z,,KXNCAAFGAME-25NOV15TCUBYU-BYU,0xe629a51aa12d0ce202d802e36cfffe28bfcd58e2be6f9b3e371b9dda121261f3
cfb_20251116_bsu_sdsu,CFB,SDSU,BSU,2025-11-16T03:30:00Z,,KXNCAAFGAME-25NOV15BSUSDSU-SDSU,0x4f2e96b067ca3950bc1ab9b5dcff1abc952e75173cf678705708bfea1de03a4d
cfb_20251116_wyo_fres,CFB,FRES,WYO,2025-11-16T03:30:00Z,,KXNCAAFGAME-25NOV15WYOFRES-FRES,0x01d69fde1aa990be1f3af751c5b90ab14cc3fc4e6895d48c6dce852dcc525c19
nfl_20251116_was_mia,NFL,MIA,WAS,2025-11-16T14:30:00Z,,KXNFLGAME-25NOV16WASMIA-MIA,0x2782940243313a63441048fad0f4e03a10357a6ce580696e94089ae65e0fa5ec
nfl_20251116_cin_pit,NFL,PIT,CIN,2025-11-16T18:00:00Z,,KXNFLGAME-25NOV16CINPIT-PIT,0xeb209ab26945337f7025190361b0dff0d52ee3c715b153fc226053ef4499c090
nfl_20251116_tb_buf,NFL,BUF,TB,2025-11-16T18:00:00Z,,KXNFLGAME-25NOV16TBBUF-BUF,0x3547f3c3a0a399892de7d6cf83d64a3de3a0a90dcc469438f2dad6aee4e346a7
nfl_20251116_chi_min,NFL,MIN,CHI,2025-11-16T18:00:00Z,,KXNFLGAME-25NOV16CHIMIN-MIN,0xb68436b387dd1c8206dea4cc8c4e9ccf5867b2c1816a73f4ffdee3ad0281f1c2
nfl_20251116_lac_jac,NFL,JAC,LAC,2025-11-16T18:00:00Z,,KXNFLGAME-25NOV16LACJAC-JAC,0x363759df1577076ee1b9c17c90c578bc4fbe62af1723a79e0d2a3af0f145a6b8
nfl_20251116_car_atl,NFL,ATL,CAR,2025-11-16T18:00:00Z,,KXNFLGAME-25NOV16CARATL-ATL,0xdbc1d30bf0a5c14034423e2244805d815abec953989ed1be10f512c68c1514be
nfl_20251116_gb_nyg,NFL,NYG,GB,2025-11-16T18:00:00Z,,KXNFLGAME-25NOV16GBNYG-NYG,0xd6aa2b6c119726990e3fbb3280f8f48cbc92de17c71d93e9eb86019596b6ec2f
nfl_20251116_hou_ten,NFL,TEN,HOU,2025-11-16T18:00:00Z,,KXNFLGAME-25NOV16HOUTEN-TEN,0x69526953f4c55bd0ccf4624b573440a0c10f958a831d6460439d346a06220d61
nfl_20251116_sea_la,NFL,LA,SEA,2025-11-16T21:05:00Z,,KXNFLGAME-25NOV16SEALA-LA,0x67ffe6f3e5e0c33f7572db00e445fe6b953830287bbabcf7462174351237b8b5
nfl_20251116_sf_ari,NFL,ARI,SF,2025-11-16T21:05:00Z,,KXNFLGAME-25NOV16SFARI-ARI,0xe1cf3458c0fab5246dbe7fa4b90a660db64e44907193ab102b7a53c2d87864ba
nfl_20251116_bal_cle,NFL,CLE,BAL,2025-11-16T21:25:00Z,,KXNFLGAME-25NOV16BALCLE-CLE,0x470ebb02b8768c834e8303a9ad95029efb9f500e55ab4689e44bdceb81860568
nfl_20251116_kc_den,NFL,DEN,KC,2025-11-16T21:25:00Z,,KXNFLGAME-25NOV16KCDEN-DEN,0x0cf56ceb8cc0adfb2d6ad5a111d5beb650e5a8a1941760840c6ac5114f9348bf
nfl_20251117_det_phi,NFL,PHI,DET,2025-11-17T01:20:00Z,,KXNFLGAME-25NOV16DETPHI-PHI,0x0945d0c320ccac0fb873093d259812fc05906b53fbc36768a97210a5c7a786ce
nfl_20251118_dal_lv,NFL,LV,DAL,2025-11-18T01:15:00Z,,KXNFLGAME-25NOV17DALLV-LV,0xa0b22e218e9d820e26e0e7820b191e123a27ba4e522f4bf253c2ea4733076f17
cfb_20251119_mass_ohio,CFB,OHIO,MASS,2025-11-19T00:00:00Z,,KXNCAAFGAME-25NOV18MASSOHIO-OHIO,0x61927ecc2b18e0121b68877a966675a8460aff3ee1d68aee675fba66d9a84c35
cfb_20251119_wmu_niu,CFB,NIU,WMU,2025-11-19T00:00:00Z,,KXNCAAFGAME-25NOV18WMUNIU-NIU,0x6a07999086bee2b560330ac74096533d8752b950671b73ce88d58b3cbe61113d
cfb_20251119_akr_bgsu,CFB,BGSU,AKR,2025-11-19T00:00:00Z,,KXNCAAFGAME-25NOV18AKRBGSU-BGSU,0x3159b0e9bc2c4b1de5462a146536d5d51b15ac64e29bfb585336180d347518fb
cfb_20251120_cmu_kent,CFB,KENT,CMU,2025-11-20T00:00:00Z,,KXNCAAFGAME-25NOV19CMUKENT-KENT,0x06c7fc641b52a4fea9f1ce85fb20bdbbc43c2e92d48a8fcd756a3c3884a57b61
cfb_20251120_moh_buff,CFB,BUFF,MOH,2025-11-20T00:00:00Z,,KXNCAAFGAME-25NOV19MOHBUFF-BUFF,0x7986c63ed57f780cb3a6edd174ae9e764cd34b08f5d3350b36d12950fb13f803
cfb_20251121_ull_arst,CFB,ARST,ULL,2025-11-21T00:30:00Z,,KXNCAAFGAME-25NOV20ULLARST-ARST,0x4ea6e6106e6df2470c30119b8d5994bd4b5593beb7cae7afd180e77fc39f472c
nfl_20251121_buf_hou,NFL,HOU,BUF,2025-11-21T01:15:00Z,,KXNFLGAME-25NOV20BUFHOU-HOU,0xeb9947a1c0f8d2ae1f1396510f2bf3832cb7d7156c017e772fea99d17c69aa5d
cfb_20251122_haw_unlv,CFB,UNLV,HAW,2025-11-22T03:30:00Z,,KXNCAAFGAME-25NOV21HAWUNLV-UNLV,0x3e2a784c1dfd51474a0fde2a39ad0c11e869183a26ce79206ab3e453fc30db16
cfb_20251122_del_wake,CFB,WAKE,DEL,2025-11-22T17:00:00Z,,KXNCAAFGAME-25NOV22DELWAKE-WAKE,0x37458f6f9d9019cf91feb5ef27616c240a1295834c2cb88f4ff66bb8b5862c1b
cfb_20251122_tlsa_army,CFB,ARMY,TLSA,2025-11-22T17:00:00Z,,KXNCAAFGAME-25NOV22TLSAARMY-ARMY,0x8b8fc4a0fe5395e59535dbb6862bc43d6df32f3fd6045f3ae29c82243cced5ef
cfb_20251122_ku_isu,CFB,ISU,KU,2025-11-22T17:00:00Z,,KXNCAAFGAME-25NOV22KUISU-ISU,0x668e947785286a422edfa0a3c9dee0c9920ef5840bcaaddb99064b57613ab02e
cfb_20251122_mizz_okla,CFB,OKLA,MIZZ,2025-11-22T17:00:00Z,,KXNCAAFGAME-25NOV22MIZZOKLA-OKLA,0x3b292e9b57d64a36df92b0c8e9ba1f0c8acb7693922126ef78ab948d7907015f
cfb_20251122_mia_vt,CFB,VT,MIA,2025-11-22T17:00:00Z,,KXNCAAFGAME-25NOV22MIAVT-VT,0xfe90d90473aaea81dbc1073cd7067e830f1115e8c445917d59a87756e66e8e79
cfb_20251122_minn_nw,CFB,NW,MINN,2025-11-22T17:00:00Z,,KXNCAAFGAME-25NOV22MINNNW-NW,0x7488565717f0267d28858beb3d0f1d9c7769e26a58c96c67cd7fa2fa1096728f
cfb_20251122_rutg_osu,CFB,OSU,RUTG,2025-11-22T17:00:00Z,,KXNCAAFGAME-25NOV22RUTGOSU-OSU,0x7995dd343659102b89d0a8926f9411b0667860530fe29ade833198b394e8a5b0
cfb_20251122_lou_smu,CFB,SMU,LOU,2025-11-22T17:00:00Z,,KXNCAAFGAME-25NOV22LOUSMU-SMU,0x8da32bf7a21c9a1339042573ba4d82f62396191247e88b6f22b8d7ceff980601
cfb_20251122_sam_txam,CFB,TXAM,SAM,2025-11-22T17:00:00Z,,KXNCAAFGAME-25NOV22SAMTXAM-TXAM,0x464eab4e4362925ff05b8af239137ec471c98cd89f29746b7fcf489953c2c417
cfb_20251122_char_uga,CFB,UGA,CHAR,2025-11-22T17:45:00Z,,KXNCAAFGAME-25NOV22CHARUGA-UGA,0x4a67c4bd51e6a8bfad0907f1c24743a774844db29291c0979cc9b7a8536f3756
cfb_20251122_bay_ariz,CFB,ARIZ,BAY,2025-11-22T18:00:00Z,,KXNCAAFGAME-25NOV22BAYARIZ-ARIZ,0xad5cfa3d856f1f1d1af4601a7b5df5bc9fe1890b31d9778fcaa0e687b0bf3d71
cfb_20251122_wsu_jmu,CFB,JMU,WSU,2025-11-22T18:00:00Z,,KXNCAAFGAME-25NOV22WSUJMU-JMU,0x5e6a4a6d3e1f97a58dfc1c69ea5d2dd42b7ea3525870302c8e9c3514b7c77c86
cfb_20251122_odu_gaso,CFB,GASO,ODU,2025-11-22T18:00:00Z,,KXNCAAFGAME-25NOV22ODUGASO-GASO,0x37ade3239f3bb32664eaf692288f979b137bb6cfb9fbbb363f271031e4dad019
cfb_20251122_mer_aub,CFB,AUB,MER,2025-11-22T19:00:00Z,,KXNCAAFGAME-25NOV22MERAUB-AUB,0x28f61e041e652c82784cdd12f5f9d8acd8c451e130e6c5ad393d9261d4c56aa0
cfb_20251122_ball_tol,CFB,TOL,BALL,2025-11-22T19:00:00Z,,KXNCAAFGAME-25NOV22BALLTOL-TOL,0x6cea856d531afa530e7d2bfcf5a0377a66f5bdf72c746a45aded29488bef76fd
cfb_20251122_nev_wyo,CFB,WYO,NEV,2025-11-22T19:00:00Z,,KXNCAAFGAME-25NOV22NEVWYO-WYO,0xe892cab0054bc539a6b6e0da97fbdda770edacc4b7a692453e33b4b94252a7c1
cfb_20251122_eiu_ala,CFB,ALA,EIU,2025-11-22T19:00:00Z,,KXNCAAFGAME-25NOV22EIUALA-ALA,0xde515724ae02a89b50839c691388f4c7ecaa1f9fa9d91465ba5531e0a68fd48e
cfb_20251122_mosu_kenn,CFB,KENN,MOSU,2025-11-22T19:00:00Z,,KXNCAAFGAME-25NOV22MOSUKENN-KENN,0x129fb1051f9970f0f6b1648b6e63229fc996e37558b0c1bd1bc72250935656aa
cfb_20251122_mrsh_app,CFB,APP,MRSH,2025-11-22T19:30:00Z,,KXNCAAFGAME-25NOV22MRSHAPP-APP,0x48e313b4d59d5d2ef01a2f6e89b0ff92f8e7921b01607f2a24bce51d6a91e641
cfb_20251122_usf_uab,CFB,UAB,USF,2025-11-22T20:00:00Z,,KXNCAAFGAME-25NOV22USFUAB-UAB,0x8f240aa001501a9b48f2714cb5560e9bfcbc70642a1086c739c492dd2757073e
cfb_20251122_shsu_mtu,CFB,MTU,SHSU,2025-11-22T20:00:00Z,,KXNCAAFGAME-25NOV22SHSUMTU-MTU,0x30f8923c66db7a22408357f63018dc62ccfe3462caca3b4c3bae136dcc935503
cfb_20251122_conn_fau,CFB,FAU,CONN,2025-11-22T20:00:00Z,,KXNCAAFGAME-25NOV22CONNFAU-FAU,0x809cd1d9a25d389d99a887f82dcc0ca995b874dbe5bac0934411ebf5506df877
cfb_20251122_nmsu_utep,CFB,UTEP,NMSU,2025-11-22T20:00:00Z,,KXNCAAFGAME-25NOV22NMSUUTEP-UTEP,0x9bbaac5a0429aeb50164eba5d85e6f57c07e0b10511c136bbe8da223f4b503fe
cfb_20251122_lib_lt,CFB,LT,LIB,2025-11-22T20:00:00Z,,KXNCAAFGAME-25NOV22LIBLT-LT,0x63123f73482c371a78e5cb0df3e2f764c27498c05b7cbb8cf1085b61b0b02773
cfb_20251122_syr_nd,CFB,ND,SYR,2025-11-22T20:30:00Z,,KXNCAAFGAME-25NOV22SYRND-ND,0xfdb68b47f28575c36c82fcb241522e204ef275cb6df59107ac35f414cc8af64a
cfb_20251122_msu_iowa,CFB,IOWA,MSU,2025-11-22T20:30:00Z,,KXNCAAFGAME-25NOV22MSUIOWA-IOWA,0x5b36e389b4abdc0dcadbe73409d32c3c54de842496645083134fbf2cf5e1ce6c
cfb_20251122_ark_tex,CFB,TEX,ARK,2025-11-22T20:30:00Z,,KXNCAAFGAME-25NOV22ARKTEX-TEX,0x56aa7c9cd3adea70592c3491ac5b150de01564504caf54fa311538e22eda9054
cfb_20251122_jvst_fiu,CFB,FIU,JVST,2025-11-22T20:30:00Z,,KXNCAAFGAME-25NOV22JVSTFIU-FIU,0x5d4e92571468dc7613275ff23aaf2b746218995a29cb49cf02ea5dc4ec6dfe62
cfb_20251122_usm_usa,CFB,USA,USM,2025-11-22T20:30:00Z,,KXNCAAFGAME-25NOV22USMUSA-USA,0xc0c731f09cb92730e89f9d2831357fe9f15125b10999efa8218fcf5797a5aac2
cfb_20251122_duke_unc,CFB,UNC,DUKE,2025-11-22T20:30:00Z,,KXNCAAFGAME-25NOV22DUKEUNC-UNC,0x5071b06f4937d310af0674d3b181d517f04133154530c51e8c5f33aeeef1ef6f
cfb_20251122_ecu_utsa,CFB,UTSA,ECU,2025-11-22T20:30:00Z,,KXNCAAFGAME-25NOV22ECUUTSA-UTSA,0x99180e075ef8770ceeafea3a4ba8449da89e11278ebf22a9039f9e8acd82137a
cfb_20251122_uk_van,CFB,VAN,UK,2025-11-22T20:30:00Z,,KXNCAAFGAME-25NOV22UKVAN-VAN,0xe71c2707df77f413e3250b328cd7a2d416b01c6dc4249426c02bab2a611ee617
cfb_20251122_usc_ore,CFB,ORE,USC,2025-11-22T20:30:00Z,,KXNCAAFGAME-25NOV22USCORE-ORE,0x9dbba955db4b0f562c5d2c4a3ff9c6bb5f7692bc3a2f56d81d6e1ba507a523de
cfb_20251122_tuln_tem,CFB,TEM,TULN,2025-11-22T20:45:00Z,,KXNCAAFGAME-25NOV22TULNTEM-TEM,0x04e71a8fed18b2ac8dab9d5df7005e610b2a1dc05d8e3212bb49909cc1c0b9d0
cfb_20251122_mich_md,CFB,MD,MICH,2025-11-22T21:00:00Z,,KXNCAAFGAME-25NOV22MICHMD-MD,0xc9c5b3fcd64b2795abd56debe51752865c4e13e3ed25c36438db3214aec45e5d
cfb_20251122_ksu_utah,CFB,UTAH,KSU,2025-11-22T21:00:00Z,,KXNCAAFGAME-25NOV22KSUUTAH-UTAH,0xe0dd148d0f47b7913518047862af442d9ed0b32ff1fce95340d8e317981c3121
cfb_20251122_okst_ucf,CFB,UCF,OKST,2025-11-22T21:00:00Z,,KXNCAAFGAME-25NOV22OKSTUCF-UCF,0xd9137aa83298c4c2062f27f0e0992f197b70f200017040ae8031f06eeee8972e
cfb_20251122_tcu_hou,CFB,HOU,TCU,2025-11-22T21:00:00Z,,KXNCAAFGAME-25NOV22TCUHOU-HOU,0xd3adab65cce33953d8837df0c16143df2beb74b4c4a5f36b69cde96b1dd7e99f
cfb_20251122_gast_troy,CFB,TROY,GAST,2025-11-22T21:00:00Z,,KXNCAAFGAME-25NOV22GASTTROY-TROY,0x6f2835b5e341b5d068af66ac532d950b6d05e00e7d9cfd89c068d19882a89546
cfb_20251122_ccar_scar,CFB,SCAR,CCAR,2025-11-22T21:15:00Z,,KXNCAAFGAME-25NOV22CCARSCAR-SCAR,0x36d06933a7554d06dc86806255f59e95c9e266149014fc7e3dfe638c05717389
cfb_20251122_fur_clem,CFB,CLEM,FUR,2025-11-22T21:30:00Z,,KXNCAAFGAME-25NOV22FURCLEM-CLEM,0x96698bf075d58a224a3d6e68f556eb2e4e7a72eed63e6fb5ba7fc2a1017b8595
cfb_20251123_neb_psu,CFB,PSU,NEB,2025-11-23T00:00:00Z,,KXNCAAFGAME-25NOV22NEBPSU-PSU,0x90d4e269b0d505c897d9f3db46df707284a5871cf3ee7f4fde1c9d5caa244a65
cfb_20251123_pitt_gt,CFB,GT,PITT,2025-11-23T00:00:00Z,,KXNCAAFGAME-25NOV22PITTGT-GT,0x331cdf179601a079b1c173219f63d5b945f7935168ebddffad85d6e671f85d0f
cfb_20251123_unm_afa,CFB,AFA,UNM,2025-11-23T00:00:00Z,,KXNCAAFGAME-25NOV22UNMAFA-AFA,0x19874ba4fa0cbf8ac2f4a40fabdcbc5d7ec646f51803ae4dc18d38af35dc8c32
cfb_20251123_csu_bsu,CFB,BSU,CSU,2025-11-23T00:00:00Z,,KXNCAAFGAME-25NOV22CSUBSU-BSU,0xa68d83aff4688d6771e78d33a9637af1fd4252d224264d5f72697332fbb961cb
cfb_20251123_unt_rice,CFB,RICE,UNT,2025-11-23T00:30:00Z,,KXNCAAFGAME-25NOV22UNTRICE-RICE,0x524ec02da556d8832bae0da963269e58baeafce32ec59ee86e004012f074298d
cfb_20251123_tenn_fla,CFB,FLA,TENN,2025-11-23T00:30:00Z,,KXNCAAFGAME-25NOV22TENNFLA-FLA,0xb9627a191907d65478dcd9c8ddf78f905491d6b0b0187f83208d846adf5e03c7
cfb_20251123_ill_wis,CFB,WIS,ILL,2025-11-23T00:30:00Z,,KXNCAAFGAME-25NOV22ILLWIS-WIS,0x6b035637c230942345b20c2951cee7327acb5fb091c1fc013ebe7b98bd203ac4
cfb_20251123_cal_stan,CFB,STAN,CAL,2025-11-23T00:30:00Z,,KXNCAAFGAME-25NOV22CALSTAN-STAN,0x7a33b9d72477239fa9d2429ef2e6a250068381bb1298d703434b5898b72a60b5
cfb_20251123_wku_lsu,CFB,LSU,WKU,2025-11-23T00:45:00Z,,KXNCAAFGAME-25NOV22WKULSU-LSU,0x7abdd9d79a10a69c44978998a86cc7527a5c2ac37fcb7822c358bedde901c40d
cfb_20251123_byu_cin,CFB,CIN,BYU,2025-11-23T01:00:00Z,,KXNCAAFGAME-25NOV22BYUCIN-CIN,0x10a22dd9d4f7798efe7ebec94934a35e8531bf20090b8361cd8016c210d71184
cfb_20251123_asu_colo,CFB,COLO,ASU,2025-11-23T01:00:00Z,,KXNCAAFGAME-25NOV22ASUCOLO-COLO,0x106beb65198faec170f6de234abf2cf0f9a823b560d1e4ecd2cf99f8b887f5e0
cfb_20251123_sjsu_sdsu,CFB,SDSU,SJSU,2025-11-23T03:30:00Z,,KXNCAAFGAME-25NOV22SJSUSDSU-SDSU,0xed4ada0f7e339f3d5dd8e65e4e4e04c495f64ded960e13d382675e166b399313
cfb_20251123_usu_fres,CFB,FRES,USU,2025-11-23T03:30:00Z,,KXNCAAFGAME-25NOV22USUFRES-FRES,0x713e497584739df7c461addeb01cbb09066ad484c8f2f5147807b1a0c9344301
cfb_20251123_wash_ucla,CFB,UCLA,WASH,2025-11-23T03:30:00Z,,KXNCAAFGAME-25NOV22WASHUCLA-UCLA,0x7d638e52282fe4c88b25576977f0a5137f4c19c4e839ddfff73f1c924be41e9c
nfl_20251123_sea_ten,NFL,TEN,SEA,2025-11-23T18:00:00Z,,KXNFLGAME-25NOV23SEATEN-TEN,0x62eaa7c72adcdc168a9e5aeeb934e80f440646dc4bb2e036b9af8f28127c8397
nfl_20251123_pit_chi,NFL,CHI,PIT,2025-11-23T18:00:00Z,,KXNFLGAME-25NOV23PITCHI-CHI,0x57a745edc831f0f7df9321ca4d11f680d66d6c1d370821ef1cb2cc74211b4ae6
nfl_20251123_nyj_bal,NFL,BAL,NYJ,2025-11-23T18:00:00Z,,KXNFLGAME-25NOV23NYJBAL-BAL,0xf9cf38849cbf6513c9ddda9c09ddefa8670f481f3a17740fcf5ad8f211ae4b28
nfl_20251123_nyg_det,NFL,DET,NYG,2025-11-23T18:00:00Z,,KXNFLGAME-25NOV23NYGDET-DET,0x904797b19e0b02e674d50135d92e70380ea137081e39b91b384263dc05732cda
nfl_20251123_ne_cin,NFL,CIN,NE,2025-11-23T18:00:00Z,,KXNFLGAME-25NOV23NECIN-CIN,0xa4741df4f013ac2a7c5c44667074b0b76d1e600291a6d39ac6888428c9b07c02
nfl_20251123_min_gb,NFL,GB,MIN,2025-11-23T18:00:00Z,,KXNFLGAME-25NOV23MINGB-GB,0x3b7f17c460fb1aa8e1389081469979b2bf623e97aa8a939a501567a4f18b92a6
nfl_20251123_ind_kc,NFL,KC,IND,2025-11-23T18:00:00Z,,KXNFLGAME-25NOV23INDKC-KC,0x2b870064f3994875a3d680056bf9d3cdfd3f3e1785eb43e1bbe22d0021398f93
nfl_20251123_jac_ari,NFL,ARI,JAC,2025-11-23T21:05:00Z,,KXNFLGAME-25NOV23JACARI-ARI,0xa49b8d57250beb9cc0caed55fd4a5e426384575cd7088e62d7968c3f0f61cfc3
nfl_20251123_cle_lv,NFL,LV,CLE,2025-11-23T21:05:00Z,,KXNFLGAME-25NOV23CLELV-LV,0xa52ec10f2737597c9df1b413108ab1310eb3011d907c2f11fae5ed6920deb41a
nfl_20251123_atl_no,NFL,NO,ATL,2025-11-23T21:25:00Z,,KXNFLGAME-25NOV23ATLNO-NO,0x1464e1fe9b739dd84a41212e1e58d7c7c2b376a3f7f91ac8cf5342c5c0bfc947
nfl_20251123_phi_dal,NFL,DAL,PHI,2025-11-23T21:25:00Z,,KXNFLGAME-25NOV23PHIDAL-DAL,0x1cfcf352fdf74b2cd586c1017976f0427020e4c488671af9700cc86282bb3cd9
nfl_20251124_tb_la,NFL,LA,TB,2025-11-24T01:20:00Z,,KXNFLGAME-25NOV23TBLA-LA,0x370d8460a2ef6df30226225629d939194b3c5ad7f534af4edae0caded973aff5
nfl_20251125_car_sf,NFL,SF,CAR,2025-11-25T01:15:00Z,,KXNFLGAME-25NOV24CARSF-SF,0x1ef509d0d50702dc74e6c7d5d4c42cb863ad3cc70cac4ecd61eee7afbeb5aa0d
cfb_20251125_bgsu_mass,CFB,MASS,BGSU,2025-11-25T21:30:00Z,,KXNCAAFGAME-25NOV25BGSUMASS-MASS,0x07dd4ce460991bd9c250b4dd85bbc0197703b9aa8e73a66831bbec9bb277e4d1
cfb_20251126_wmu_emu,CFB,EMU,WMU,2025-11-26T00:30:00Z,,KXNCAAFGAME-25NOV25WMUEMU-EMU,0xae2cbcebda72d062f6f393edc803a777ca5cf86c1fb4b5fbcf83b32064792f3e
nfl_20251127_gb_det,NFL,DET,GB,2025-11-27T18:00:00Z,,KXNFLGAME-25NOV27GBDET-DET,0xe77c389d59082205bc4f8881a21902aaecbde16521f6182f6a7782ce710905bd
nfl_20251127_kc_dal,NFL,DAL,KC,2025-11-27T21:30:00Z,,KXNFLGAME-25NOV27KCDAL-DAL,0x83b32407eb2c89ac34e400dc41dc80dd26d60d3fea823054a972738d16d10ed8
cfb_20251128_navy_mem,CFB,MEM,NAVY,2025-11-28T00:30:00Z,,KXNCAAFGAME-25NOV27NAVYMEM-MEM,0xd0f3ae8ef22fbeac970daa3fc816a91c1e92e093c809ede433137d9c7993a3e9
nfl_20251128_cin_bal,NFL,BAL,CIN,2025-11-28T01:20:00Z,,KXNFLGAME-25NOV27CINBAL-BAL,0x53c099f2ed67769769fa4de350f85bc4108aa8d0f682e28a2aeb4759a7d08f6d
cfb_20251128_utah_ku,CFB,KU,UTAH,2025-11-28T17:00:00Z,,KXNCAAFGAME-25NOV28UTAHKU-KU,0xba1614e25af4a8f40ae2007385e14ab38065f119de74b5645b7e36465be82667
cfb_20251128_miss_msst,CFB,MSST,MISS,2025-11-28T17:00:00Z,,KXNCAAFGAME-25NOV28MISSMSST-MSST,0xc1c9131de561179b3186d746557b3c3023ff52c263f699e50f399cc8b6c0aa73
cfb_20251128_ohio_buff,CFB,BUFF,OHIO,2025-11-28T17:00:00Z,,KXNCAAFGAME-25NOV28OHIOBUFF-BUFF,0x5d0733969a9e6d5aa564de2f896f7364dcfbba87b6aa30c6002ef377496ef8b9
cfb_20251128_kent_niu,CFB,NIU,KENT,2025-11-28T17:00:00Z,,KXNCAAFGAME-25NOV28KENTNIU-NIU,0x1bcbe1d6d3c90bef5614ec211ed808af3fe4dac20b945b4176f9510fc2e32d77
cfb_20251128_iowa_neb,CFB,NEB,IOWA,2025-11-28T17:00:00Z,,KXNCAAFGAME-25NOV28IOWANEB-NEB,0x17b0e355e32755a82fd0d7f2537187f0d3b6032f1e45653a21b13a0ab67b19f3
cfb_20251128_afa_csu,CFB,CSU,AFA,2025-11-28T20:00:00Z,,KXNCAAFGAME-25NOV28AFACSU-CSU,0x997c7b7f8ade41083a481516e0ff18c909d239db1c08d3aeb16337f6006a02ee
nfl_20251128_chi_phi,NFL,PHI,CHI,2025-11-28T20:00:00Z,,KXNFLGAME-25NOV28CHIPHI-PHI,0x34f46b40cef32be892a2620f2aada017e0a763db6e0eb36709af3738f755effa
cfb_20251128_uga_gt,CFB,GT,UGA,2025-11-28T20:30:00Z,,KXNCAAFGAME-25NOV28UGAGT-GT,0x761728693de17f74edc25ff96ca7dc00ce3e7906b0282287c544b83b2d7fe9ee
cfb_20251128_tem_unt,CFB,UNT,TEM,2025-11-28T20:30:00Z,,KXNCAAFGAME-25NOV28TEMUNT-UNT,0xfd517f443205d3b10fa8a79a5b2651e141f31be010ae7255f6be31f308d0683d
cfb_20251128_sdsu_unm,CFB,UNM,SDSU,2025-11-28T20:30:00Z,,KXNCAAFGAME-25NOV28SDSUUNM-UNM,0xb48e8b1abdccd2baabf519286b5a4b83caf7619ba9290d3d5f37e1f08b145e5f
cfb_20251128_bsu_usu,CFB,USU,BSU,2025-11-28T21:00:00Z,,KXNCAAFGAME-25NOV28BSUUSU-USU,0xb23d4f76b4769913b3b3474a8dd86e82383100d4b7d6b743951d687e78f2d45e
cfb_20251129_ind_pur,CFB,PUR,IND,2025-11-29T00:30:00Z,,KXNCAAFGAME-25NOV28INDPUR-PUR,0x70eed15a2cf06351e1b88c674ac4df63e994e1b4eee3fb8323fb6dde1e80c5b6
cfb_20251129_txam_tex,CFB,TEX,TXAM,2025-11-29T00:30:00Z,,KXNCAAFGAME-25NOV28TXAMTEX-TEX,0xb5d145ef9e616b9233f65dfdac548baafe169fe89b3b56f8b0c127ef696c1191
cfb_20251129_ariz_asu,CFB,ASU,ARIZ,2025-11-29T02:00:00Z,,KXNCAAFGAME-25NOV28ARIZASU-ASU,0x8072542b4d1a312932fe8a7400fae055d0a130be4562fa419a7457ac34c250d4
cfb_20251129_hou_bay,CFB,BAY,HOU,2025-11-29T05:00:00Z,,KXNCAAFGAME-25NOV29HOUBAY-BAY,0xbb377aaf57b1bd185f5aebb8c175267286c46ddec9f24fce5245d9724faa23df
cfb_20251129_ore_wash,CFB,WASH,ORE,2025-11-29T05:00:00Z,,KXNCAAFGAME-25NOV29OREWASH-WASH,0x1bb2cb3c0cdcf2d83b7b130e1354fbc1fa172a441a66312eff06020e8b650b99
cfb_20251129_cin_tcu,CFB,TCU,CIN,2025-11-29T05:00:00Z,,KXNCAAFGAME-25NOV29CINTCU-TCU,0x1eda1012b4e229012a3cd82d9c5f687d01a4f36db32647505451324f55237e19
cfb_20251129_colo_ksu,CFB,KSU,COLO,2025-11-29T05:00:00Z,,KXNCAAFGAME-25NOV29COLOKSU-KSU,0xca7a1b764f14ef57078a9bbc2b81f4714513aa52472dc7e21e364598990f431a
cfb_20251129_uk_lou,CFB,LOU,UK,2025-11-29T17:00:00Z,,KXNCAAFGAME-25NOV29UKLOU-LOU,0xc3a67fb84d6b650f456a168766ddc33ea3f1c59c6191279efbff74ce7de3fee7
cfb_20251129_isu_okst,CFB,OKST,ISU,2025-11-29T17:00:00Z,,KXNCAAFGAME-25NOV29ISUOKST-OKST,0xe336192e9ab5314804ae847ad4b10eb1e0660a7cba9a28381146644062345323
cfb_20251129_mia_pitt,CFB,PITT,MIA,2025-11-29T17:00:00Z,,KXNCAAFGAME-25NOV29MIAPITT-PITT,0x0d4c0489198723ec4c97cc7af96dd872a4a59a7890126e3648594955e1049111
cfb_20251129_clem_scar,CFB,SCAR,CLEM,2025-11-29T17:00:00Z,,KXNCAAFGAME-25NOV29CLEMSCAR-SCAR,0x5ba74cc2aaf3edaf77c4ad4b9c7da6e1b870e4457a90222ba39ec4c26c97f55c
cfb_20251129_ball_oh,CFB,OH,BALL,2025-11-29T17:00:00Z,,KXNCAAFGAME-25NOV29BALLM-OH-M-OH,0xfceab0c05f923badf18e9e4b5b674b979f53b1b07a0378a4961072ddbe23bb62
cfb_20251129_ecu_fau,CFB,FAU,ECU,2025-11-29T17:00:00Z,,KXNCAAFGAME-25NOV29ECUFAU-FAU,0x7b2df290031569617aa19c68d665e406477ecfa25b8bb4a9e6f31e1c36248228
cfb_20251129_ttu_wvu,CFB,WVU,TTU,2025-11-29T17:00:00Z,,KXNCAAFGAME-25NOV29TTUWVU-WVU,0xb6af306e58b8f56a6e1af9d67593e390adf6140a649d1fe8a12afee806ffb4a8
cfb_20251129_tol_cmu,CFB,CMU,TOL,2025-11-29T17:00:00Z,,KXNCAAFGAME-25NOV29TOLCMU-CMU,0xbb0d5340d30833c7340b481c80b86b79c081cc9d108582ca7f50fcda32b03f2a
cfb_20251129_osu_mich,CFB,MICH,OSU,2025-11-29T17:00:00Z,,KXNCAAFGAME-25NOV29OSUMICH-MICH,0xf79803e089556e98118d94423e1a254b7d6ad6516f7116b103ad7eadc520d60e
cfb_20251129_ucf_byu,CFB,BYU,UCF,2025-11-29T18:00:00Z,,KXNCAAFGAME-25NOV29UCFBYU-BYU,0x0c6fe5e3549a61946fb9216ca8b4f4c6fd5e6e37429d45cc24d4f40202bf0405
cfb_20251129_fiu_shsu,CFB,SHSU,FIU,2025-11-29T18:00:00Z,,KXNCAAFGAME-25NOV29FIUSHSU-SHSU,0xc25e481a349f95a3499770eeabf6b0e94b82e21f2fb9cb43eef812c11578b8db
cfb_20251129_utep_del,CFB,DEL,UTEP,2025-11-29T18:00:00Z,,KXNCAAFGAME-25NOV29UTEPDEL-DEL,0x6d59c66d9079e38a1d3d60f3e1de1a3418c2668027afd786e8846ce5439918ba
cfb_20251129_gaso_mrsh,CFB,MRSH,GASO,2025-11-29T18:30:00Z,,KXNCAAFGAME-25NOV29GASOMRSH-MRSH,0x3cf5a62e3d606f3b9bf8f165e796773d6fe3daff59d5feb00fbc85facf880328
cfb_20251129_gast_odu,CFB,ODU,GAST,2025-11-29T19:00:00Z,,KXNCAAFGAME-25NOV29GASTODU-ODU,0x281eb4b2e3500a9f083bec7f2d0f24a7e523ed0663e82976ed4eeb4bbec06022
cfb_20251129_lt_mosu,CFB,MOSU,LT,2025-11-29T19:00:00Z,,KXNCAAFGAME-25NOV29LTMOSU-MOSU,0x38186f1990e5c7d26d7394a1a44e78d3339098f8ad6ceb077a4d569027d80dcb
cfb_20251129_wku_jvst,CFB,JVST,WKU,2025-11-29T19:00:00Z,,KXNCAAFGAME-25NOV29WKUJVST-JVST,0x21051594fd933686aa6d5cd0a81395fa0225caa95f38051863ce0da05cce3253
cfb_20251129_arst_app,CFB,APP,ARST,2025-11-29T19:30:00Z,,KXNCAAFGAME-25NOV29ARSTAPP-APP,0x6d88ad7978d1c74e4483d95db9f4f0715dd616d66e3f6728eb478790b58bd73d
cfb_20251129_usa_txst,CFB,TXST,USA,2025-11-29T20:00:00Z,,KXNCAAFGAME-25NOV29USATXST-TXST,0xdb66f329fcc0534d5e1929da790acba3ead70d6dc1d0c6a267c593e358f20267
cfb_20251129_uab_tlsa,CFB,TLSA,UAB,2025-11-29T20:00:00Z,,KXNCAAFGAME-25NOV29UABTLSA-TLSA,0xa2c0aebb8eb3ea2afc3a8fba0f2eca31658757780167e69e0016bffb2a86566f
cfb_20251129_bc_syr,CFB,SYR,BC,2025-11-29T20:00:00Z,,KXNCAAFGAME-25NOV29BCSYR-SYR,0xef366d1f06f3f219992e030e930b8d9cba4e020dabbeb213f3531956acf4b419
cfb_20251129_mtu_nmsu,CFB,NMSU,MTU,2025-11-29T20:00:00Z,,KXNCAAFGAME-25NOV29MTUNMSU-NMSU,0x45a1c1b76371e550f78f37884d4c86b614589a7649a1044b365871d99ab29d83
cfb_20251129_wake_duke,CFB,DUKE,WAKE,2025-11-29T20:30:00Z,,KXNCAAFGAME-25NOV29WAKEDUKE-DUKE,0x909d5a606e1f799894e32d1a8415d8b7a27cf499a2f0e8eb4f21547621063abc
cfb_20251129_wis_minn,CFB,MINN,WIS,2025-11-29T20:30:00Z,,KXNCAAFGAME-25NOV29WISMINN-MINN,0xe9a7f5869adc9a139aff61ed3d744b51fd5491d395c153f05b412cd242501447
cfb_20251129_van_tenn,CFB,TENN,VAN,2025-11-29T20:30:00Z,,KXNCAAFGAME-25NOV29VANTENN-TENN,0xdf585752b5519a2f1653bbff271f1ab6d7ff19af1d2943ca87b2ef795ea9fc0c
cfb_20251129_army_utsa,CFB,UTSA,ARMY,2025-11-29T20:30:00Z,,KXNCAAFGAME-25NOV29ARMYUTSA-UTSA,0x1a441e8e4377eeb5dff6a1b42b7f66bb91743ea943bec0659f8c77078a71184b
cfb_20251129_psu_rutg,CFB,RUTG,PSU,2025-11-29T20:30:00Z,,KXNCAAFGAME-25NOV29PSURUTG-RUTG,0xbe45219ba4adb9b41d9cbab5a43c82f3b61de55f67af8e6add656dfa2d6c7a0b
cfb_20251129_mizz_ark,CFB,ARK,MIZZ,2025-11-29T20:30:00Z,,KXNCAAFGAME-25NOV29MIZZARK-ARK,0xe035aefa892cd52dbca7b82cef638232ff5123d540924808fe7f617c585f868e
cfb_20251129_troy_usm,CFB,USM,TROY,2025-11-29T20:30:00Z,,KXNCAAFGAME-25NOV29TROYUSM-USM,0xb6590854adb3e3ee1cae6a1a182cac9e7691f2d0e5f2c720bb9c6b43cdd26144
cfb_20251129_kenn_lib,CFB,LIB,KENN,2025-11-29T20:30:00Z,,KXNCAAFGAME-25NOV29KENNLIB-LIB,0x78b4da9286088678d5b91a9423361d07ec2961818c7e344a58676a076a328d57
cfb_20251129_lsu_okla,CFB,OKLA,LSU,2025-11-29T20:30:00Z,,KXNCAAFGAME-25NOV29LSUOKLA-OKLA,0xfa41ff0d57b21e2b0cbfe3a26438c8d658fd12d8598f2a1f836f1debd943ab22
cfb_20251129_jmu_ccar,CFB,CCAR,JMU,2025-11-29T20:45:00Z,,KXNCAAFGAME-25NOV29JMUCCAR-CCAR,0xa41ba3c3c4dba087f53d13e3d215808a2faeddca731ad2eb02e507387855e9ba
cfb_20251129_ucla_usc,CFB,USC,UCLA,2025-11-29T21:30:00Z,,KXNCAAFGAME-25NOV29UCLAUSC-USC,0x24ca6fc47acb329451782eb0afb4512dad95a6a9912f9eafdc60a052fa3c61a9
cfb_20251129_fsu_fla,CFB,FLA,FSU,2025-11-29T21:30:00Z,,KXNCAAFGAME-25NOV29FSUFLA-FLA,0xe101f6338501c3c4106ab55803e7115783d946f61a1334b477d7ffb3ee42eeed
cfb_20251129_orst_wsu,CFB,WSU,ORST,2025-11-29T23:30:00Z,,KXNCAAFGAME-25NOV29ORSTWSU-WSU,0x38630596701364dc8327503d548f43ca4518c62deacca69a0e202f461e6f283b
cfb_20251130_rice_usf,CFB,USF,RICE,2025-11-30T00:00:00Z,,KXNCAAFGAME-25NOV29RICEUSF-USF,0x27e1f1c04d858f24d8835d04ac8a6328589807292cd8acdb593811310efd4ec2
cfb_20251130_vt_uva,CFB,UVA,VT,2025-11-30T00:00:00Z,,KXNCAAFGAME-25NOV29VTUVA-UVA,0x13c668066efa422b541c58eb37085229b2d5bae54c943461ef242220c8f3f39a
cfb_20251130_md_msu,CFB,MSU,MD,2025-11-30T00:00:00Z,,KXNCAAFGAME-25NOV29MDMSU-MSU,0x84b077fee9104c8eab2e6538f934bf9c4173e15fb1fa0c20d2975d2d6ce778ef
cfb_20251130_char_tuln,CFB,TULN,CHAR,2025-11-30T00:30:00Z,,KXNCAAFGAME-25NOV29CHARTULN-TULN,0x030670484e015147374759184314a1b79d249377f5f624bec6b1472ace22da17
cfb_20251130_ala_aub,CFB,AUB,ALA,2025-11-30T00:30:00Z,,KXNCAAFGAME-25NOV29ALAAUB-AUB,0xb1724dc7a1283aa1e504b470f97f3c8c783e7a438b6356f91da0e0c822063cd6
cfb_20251130_nw_ill,CFB,ILL,NW,2025-11-30T00:30:00Z,,KXNCAAFGAME-25NOV29NWILL-ILL,0xc179673c456295034e1ebd5126e91d0a79b294631ffc1e5d619bdabff31135e8
cfb_20251130_smu_cal,CFB,CAL,SMU,2025-11-30T01:00:00Z,,KXNCAAFGAME-25NOV29SMUCAL-CAL,0xf30a0c6f656bd836157f04bd0f939c3b8401f5b5c1a2479cedd3e273564aff81
cfb_20251130_unlv_nev,CFB,NEV,UNLV,2025-11-30T02:00:00Z,,KXNCAAFGAME-25NOV29UNLVNEV-NEV,0xee47eefb7677e47379e4ce44a74dd0022c967ad2414a4595f18b4840f73141f7
cfb_20251130_fres_sjsu,CFB,SJSU,FRES,2025-11-30T03:30:00Z,,KXNCAAFGAME-25NOV29FRESSJSU-SJSU,0xaa049e24ea03705e4fc417772a330befd72c31969bfd89d1adf09d5433affdf1
cfb_20251130_nd_stan,CFB,STAN,ND,2025-11-30T03:30:00Z,,KXNCAAFGAME-25NOV29NDSTAN-STAN,0xfa7475e7579827dbea6b7b0825b72632f7264bfa675e006343fc3c5380ae065a
cfb_20251130_wyo_haw,CFB,HAW,WYO,2025-11-30T04:00:00Z,,KXNCAAFGAME-25NOV29WYOHAW-HAW,0x2aa7238a1780723f6eb1a4e4bb1af709fdb7a190c1c0124f27bed140f25e3802
nfl_20251130_atl_nyj,NFL,NYJ,ATL,2025-11-30T18:00:00Z,,KXNFLGAME-25NOV30ATLNYJ-NYJ,0x3ca2c3633c85a89015385adb51e3d22312649c27bd1cbd61b21f5bd004540f16
nfl_20251130_jac_ten,NFL,TEN,JAC,2025-11-30T18:00:00Z,,KXNFLGAME-25NOV30JACTEN-TEN,0xc8803b04ffbdd97046dc85c2c0581bf5f28807facd7bfdad690d782234b48b92
nfl_20251130_la_car,NFL,CAR,LA,2025-11-30T18:00:00Z,,KXNFLGAME-25NOV30LACAR-CAR,0xb2857e4c6452956ad523b97218299259d66c7c79b45022d9287e18e31331902b
nfl_20251130_sf_cle,NFL,CLE,SF,2025-11-30T18:00:00Z,,KXNFLGAME-25NOV30SFCLE-CLE,0x9277b62d650c0cb5af272217c5fee25b81c757a98dcb645b677c2f42b247d868
nfl_20251130_no_mia,NFL,MIA,NO,2025-11-30T18:00:00Z,,KXNFLGAME-25NOV30NOMIA-MIA,0x04f68fed65c7436d84cd952dd334c5fe543e54a32b0d7f148d494e1eb8301a13
nfl_20251130_hou_ind,NFL,IND,HOU,2025-11-30T18:00:00Z,,KXNFLGAME-25NOV30HOUIND-IND,0xa61c9b599232d07888c755c0ad7e47295d8562f4aaba9767999127e085e72325
nfl_20251130_ari_tb,NFL,TB,ARI,2025-11-30T18:00:00Z,,KXNFLGAME-25NOV30ARITB-TB,0xf7742406d5edcdaf4449833f64f2d9ec32da27cb0a0f05ce057447dcbd5f85d3
nfl_20251130_min_sea,NFL,SEA,MIN,2025-11-30T21:05:00Z,,KXNFLGAME-25NOV30MINSEA-SEA,0xc8fac6008bd93871d0e948f30f3cc172f9fb2786fe3beac0937af2073ba76bf5
nfl_20251130_lv_lac,NFL,LAC,LV,2025-11-30T21:25:00Z,,KXNFLGAME-25NOV30LVLAC-LAC,0xd7aaa38fddf1d03f45d67f0bed8c7b2b95bb3bfab6c2010f2d1bd8ef853fa0b1
nfl_20251130_buf_pit,NFL,PIT,BUF,2025-11-30T21:25:00Z,,KXNFLGAME-25NOV30BUFPIT-PIT,0xd8e19473a9885cf6f5493723433806197b80d78154858120d770e6be0c67bd88
nfl_20251201_den_was,NFL,WAS,DEN,2025-12-01T01:20:00Z,,KXNFLGAME-25NOV30DENWAS-WAS,0x302bb4d901c8fe550edede68f63e113cc83ae0d910258516080e8c56c79a44ea
nfl_20251202_nyg_ne,NFL,NE,NYG,2025-12-02T01:15:00Z,,KXNFLGAME-25DEC01NYGNE-NE,0x8d5ec7deb35689142a556ef4bad22c3347bc4cd0da1a2839c7bc616d4de2f842
nfl_20251205_dal_det,NFL,DET,DAL,2025-12-05T01:15:00Z,,KXNFLGAME-25DEC04DALDET-DET,0xe6f492eb15583ae324d43e987e3ad1b7bd1a86690b3b62a2843162278ff7af0e
cfb_20251206_troy_jmu,CFB,JMU,TROY,2025-12-06T00:00:00Z,,KXNCAAFGAME-25DEC05TROYJMU-JMU,0x4ee0244cd80af0ba47adcdec380abc18c62e5606570bd5a43043bebebfe505c8
cfb_20251206_kenn_jvst,CFB,JVST,KENN,2025-12-06T00:00:00Z,,KXNCAAFGAME-25DEC05KENNJVST-JVST,0x5fcebdb312a214a6df068ee876c944ce449e95f6caf2fe50334528cab165bd87
cfb_20251206_unlv_bsu,CFB,BSU,UNLV,2025-12-06T01:00:00Z,,KXNCAAFGAME-25DEC05UNLVBSU-BSU,0xa5d3e2f41f8ef87d857f06900b8ba2bbce63058eb2328d72583a84dd985e111c
cfb_20251206_unt_tuln,CFB,TULN,UNT,2025-12-06T01:00:00Z,,KXNCAAFGAME-25DEC05UNTTULN-TULN,0x890583532a17ef17c9d196005c78168bc8399aa525059ace154574b7e0b0577d
cfb_20251206_oh_wmu,CFB,WMU,OH,2025-12-06T17:00:00Z,,KXNCAAFGAME-25DEC06M-OHWMU-WMU,0x9c442cce0b9194db8ddab9a6059aacc290213a741c0ba156be53924a80b46ba8
cfb_20251206_byu_ttu,CFB,TTU,BYU,2025-12-06T17:00:00Z,,KXNCAAFGAME-25DEC06BYUTTU-TTU,0x011aa7fab520552ff042b0198761e3eb9661f2438c2d982f251f5878d7270e21
cfb_20251206_uga_ala,CFB,ALA,UGA,2025-12-06T21:00:00Z,,KXNCAAFGAME-25DEC06UGAALA-ALA,0x9e6cd6af14268c1cb64014fb861a92795699d95c1d9a6ab54b9da66749c9069f
cfb_20251207_duke_uva,CFB,UVA,DUKE,2025-12-07T01:00:00Z,,KXNCAAFGAME-25DEC06DUKEUVA-UVA,0xbcb4a58ebaa239ab6dc2a86ab1b9a11b8dbf27b15e911d6686893168a1bdbe63
cfb_20251207_ind_osu,CFB,OSU,IND,2025-12-07T01:00:00Z,,KXNCAAFGAME-25DEC06INDOSU-OSU,0x99c6571e36ee889a598ed57dc0cd7c72934e13ccafc739b81ef462536a1bbda8
nfl_20251207_pit_bal,NFL,BAL,PIT,2025-12-07T18:00:00Z,,KXNFLGAME-25DEC07PITBAL-BAL,0xa6306a4dc9e38a6a670a0f6806eb60414cb6a34ac75122a46470d21e91d5b1c9
nfl_20251207_no_tb,NFL,TB,NO,2025-12-07T18:00:00Z,,KXNFLGAME-25DEC07NOTB-TB,0x2d862d0ae6e7abce0adb9c116e769e2e9c6af7050f48adcccf45c9a8b4c182a0
nfl_20251207_mia_nyj,NFL,NYJ,MIA,2025-12-07T18:00:00Z,,KXNFLGAME-25DEC07MIANYJ-NYJ,0x8a3b6a72cb67360355ae39548c2c6315c621e5365ec5db313affbe67d5a9a658
nfl_20251207_ind_jac,NFL,JAC,IND,2025-12-07T18:00:00Z,,KXNFLGAME-25DEC07INDJAC-JAC,0x70e64fbc50b7ae33b9b409d5302a5a920f2a39eca2d1c582970c75b58556884d
nfl_20251207_cin_buf,NFL,BUF,CIN,2025-12-07T18:00:00Z,,KXNFLGAME-25DEC07CINBUF-BUF,0xde17506a2d490c50bc61120c0ea01b2d354d46deaee64951c78ab7c9d844ce15
nfl_20251207_ten_cle,NFL,CLE,TEN,2025-12-07T18:00:00Z,,KXNFLGAME-25DEC07TENCLE-CLE,0xc70dd85fb84ff5a7fabb683ae186c627984cdf84dab19eeabaaf4cad0798ac25
nfl_20251207_sea_atl,NFL,ATL,SEA,2025-12-07T18:00:00Z,,KXNFLGAME-25DEC07SEAATL-ATL,0x07fdb434a81996e35e05aeb4d7e8d9f79866a6ed435282489b50c9a781c0734a
nfl_20251207_was_min,NFL,MIN,WAS,2025-12-07T18:00:00Z,,KXNFLGAME-25DEC07WASMIN-MIN,0xf3cf254d616431b7610c0829d5b26c06cd33b3123dbfd59e75c98072b5c6be74
nfl_20251207_den_lv,NFL,LV,DEN,2025-12-07T21:05:00Z,,KXNFLGAME-25DEC07DENLV-LV,0xd25640cf4d4cdf40fc7f6588730a80ff19b1902f58902a76514219748842c65a
nfl_20251207_la_ari,NFL,ARI,LA,2025-12-07T21:25:00Z,,KXNFLGAME-25DEC07LAARI-ARI,0xf32f35850e555afdb655a8af329946a2dc04de3290999b0c14bbf7cb4123a160
nfl_20251207_chi_gb,NFL,GB,CHI,2025-12-07T21:25:00Z,,KXNFLGAME-25DEC07CHIGB-GB,0xe7aa655c5b36c563c2388a1ad2aee7e82c096a4ebe6ce0faa5389516593efb17
nfl_20251208_hou_kc,NFL,KC,HOU,2025-12-08T01:20:00Z,,KXNFLGAME-25DEC07HOUKC-KC,0x61cf5315ec6aa4c6563e58a4736bdf89633ec2b5c9f2e2a6977cc7544cd6b916
nfl_20251208_phi_lac,NFL,LAC,PHI,2025-12-08T20:15:00Z,,KXNFLGAME-25DEC08PHILAC-LAC,0x973a05cb855049840adb639aa0c927d4d0f5ee7cc383269a24256b39ec4cd2d9
nfl_20251212_atl_tb,NFL,TB,ATL,2025-12-12T01:15:00Z,,KXNFLGAME-25DEC11ATLTB-TB,0x5afe56d5f7af27a3f41304325e8419244aff3852125f3af57702c67a203ee889
cfb_20251213_army_navy,CFB,NAVY,ARMY,2025-12-13T20:00:00Z,,KXNCAAFGAME-25DEC13ARMYNAVY-NAVY,0x47adc138a89d04c275543a8f97ea676ad69c0837e0442a5e9c9c9a9c466f000e
cfb_20251214_bsu_wash,CFB,WASH,BSU,2025-12-14T01:00:00Z,,KXNCAAFGAME-25DEC13BSUWASH-WASH,0x2c87c6a3d81494b907167f6d59f366fb3d7119db7d2b815b0b22061cb2ed426c
nfl_20251214_buf_ne,NFL,NE,BUF,2025-12-14T18:00:00Z,,KXNFLGAME-25DEC14BUFNE-NE,0xa3e1a124a8fcb85e220a60e52049d1ebd2afb87fc8034ceaeb6567c8b968239e
nfl_20251214_cle_chi,NFL,CHI,CLE,2025-12-14T18:00:00Z,,KXNFLGAME-25DEC14CLECHI-CHI,0x622e7c2e3e246364be3d4790364d91fa1cffdbacf988a06509ed708b6d1f28d0
nfl_20251214_was_nyg,NFL,NYG,WAS,2025-12-14T18:00:00Z,,KXNFLGAME-25DEC14WASNYG-NYG,0xf8b52d9991c5c5359412582c94a475d592168dd37ae6a8ec9a6b9e5bff0194cf
nfl_20251214_nyj_jac,NFL,JAC,NYJ,2025-12-14T18:00:00Z,,KXNFLGAME-25DEC14NYJJAC-JAC,0x92299e316996773f93a97e601499297d9d2e20fa841499f1cf32977b1a834a65
nfl_20251214_lac_kc,NFL,KC,LAC,2025-12-14T18:00:00Z,,KXNFLGAME-25DEC14LACKC-KC,0x1a3679091be1ff7d8a7f5d550155b5d893741c5e1afe00e52ded96510408ce5f
nfl_20251214_lv_phi,NFL,PHI,LV,2025-12-14T18:00:00Z,,KXNFLGAME-25DEC14LVPHI-PHI,0xdd3b4e4caebb1e2db713d4d78c04b2531e1997d410dd6336463bb2e6328b9c62
nfl_20251214_bal_cin,NFL,CIN,BAL,2025-12-14T18:00:00Z,,KXNFLGAME-25DEC14BALCIN-CIN,0x6afc1778ee583775cf4b05499ce4cc34b4b4a3a7d7e351941a4c90c8e330014f
nfl_20251214_ari_hou,NFL,HOU,ARI,2025-12-14T18:00:00Z,,KXNFLGAME-25DEC14ARIHOU-HOU,0xa3cb3268c89acf56e5efbe7c2a0a63b01cc5e0e4c0805a7106327a1d9fd4b0e4
nfl_20251214_ten_sf,NFL,SF,TEN,2025-12-14T21:25:00Z,,KXNFLGAME-25DEC14TENSF-SF,0x72f3c89aee1abc48cb220a951325afc84b97c96dc25b583a1061a17ba0230fa2
nfl_20251214_gb_den,NFL,DEN,GB,2025-12-14T21:25:00Z,,KXNFLGAME-25DEC14GBDEN-DEN,0x339b3403a13323a31c6004569650cfaa3300989345279df9b9a6fe1ce060caa6
nfl_20251214_det_la,NFL,LA,DET,2025-12-14T21:25:00Z,,KXNFLGAME-25DEC14DETLA-LA,0x4896995cdcc973bba4ebe182f928324d168830308ff68eaedd9735a99ea963c0
nfl_20251214_ind_sea,NFL,SEA,IND,2025-12-14T21:25:00Z,,KXNFLGAME-25DEC14INDSEA-SEA,0x01c17682836c4df18653f18cb83b894592b1c7a883fb0ebb6878ec1bb48ea7d4
nfl_20251214_car_no,NFL,NO,CAR,2025-12-14T21:25:00Z,,KXNFLGAME-25DEC14CARNO-NO,0xc486ecc53d9484cf29da644ec1855776ca93abde10c3f4a3fc8f13f22cbba24d
nfl_20251215_min_dal,NFL,DAL,MIN,2025-12-15T01:20:00Z,,KXNFLGAME-25DEC14MINDAL-DAL,0x707bb157a2ea43d2da72c850141a668af164491e3b63e81cc2da10cda89e3dbf
nfl_20251216_mia_pit,NFL,PIT,MIA,2025-12-16T01:15:00Z,,KXNFLGAME-25DEC15MIAPIT-PIT,0x1f1ccfe2166c17a3b89a339b847e2e12966463a8631318aa54ad754646507381
cfb_20251217_troy_jvst,CFB,JVST,TROY,2025-12-17T02:00:00Z,,KXNCAAFGAME-25DEC16TROYJVST-JVST,0x067ce84d419e3269ef1055e1c396cfae0bc9bc41a9f7f5db37eacdd8bddf71cd
cfb_20251217_odu_usf,CFB,USF,ODU,2025-12-17T22:00:00Z,,KXNCAAFGAME-25DEC17ODUUSF-USF,0x6c4e44a1693702ad439d301b5002fee2f321326bf164b544bb1e1247677bbda9
cfb_20251218_ull_del,CFB,DEL,ULL,2025-12-18T01:30:00Z,,KXNCAAFGAME-25DEC17ULLDEL-DEL,0x1408ded2189ff09b8800a85fa916d2716656243689539767ae690010f3189283
nfl_20251219_la_sea,NFL,SEA,LA,2025-12-19T01:15:00Z,,KXNFLGAME-25DEC18LASEA-SEA,0x6749b632cb9df8883a4958aa5493e50f9bc71dd6597dcefaeb7ee401c2c790ae
cfb_20251219_mosu_arst,CFB,ARST,MOSU,2025-12-19T02:00:00Z,,KXNCAAFGAME-25DEC18MOSUARST-ARST,0x4d350356f2b012c16642e69d89eca120ea9cf11c8e15e258928a2505e1e8944f
cfb_20251219_kenn_wmu,CFB,WMU,KENN,2025-12-19T16:00:00Z,,KXNCAAFGAME-25DEC19KENNWMU-WMU,0xe3691ef0c2b54ba1da0b6359cdd6eb4f51e5e32ac6f56cc770d53a782ffa3130
cfb_20251219_mem_ncst,CFB,NCST,MEM,2025-12-19T19:30:00Z,,KXNCAAFGAME-25DEC19MEMNCST-NCST,0x13c1fbba9d91114340592de7ff94c4865d6d2011e5558d4afb1d4771a7c40c04
cfb_20251220_ala_okla,CFB,OKLA,ALA,2025-12-20T01:00:00Z,,KXNCAAFGAME-25DEC19ALAOKLA-OKLA,0x94b10c0bfeda43011714c678f959b6c2429adf6bef06d4e1f7703a2b137d6ff0
cfb_20251220_mia_txam,CFB,TXAM,MIA,2025-12-20T17:00:00Z,,KXNCAAFGAME-25DEC20MIATXAM-TXAM,0xdf52833e285b6f8d3d341ca08aeee99b267fdff24b930eecf0290fa630886298
cfb_20251220_tuln_miss,CFB,MISS,TULN,2025-12-20T20:30:00Z,,KXNCAAFGAME-25DEC20TULNMISS-MISS,0x55de3b9daf2ccf4015016323cf8c5c0cc126c8bf8b6b501c702968c81ed0c2b8
nfl_20251220_phi_was,NFL,WAS,PHI,2025-12-20T22:00:00Z,,KXNFLGAME-25DEC20PHIWAS-WAS,0x483b9ff3369a7871e88de7c0d6cb10cadb334fb6dcad766f439b9cb69e14e827
cfb_20251221_jmu_ore,CFB,ORE,JMU,2025-12-21T00:30:00Z,,KXNCAAFGAME-25DEC20JMUORE-ORE,0x919ad580715a7667477e1e9ad6c6933b4ae2c3f84d6b3486d0ac10bd2404d704
nfl_20251221_gb_chi,NFL,CHI,GB,2025-12-21T01:20:00Z,,KXNFLGAME-25DEC20GBCHI-CHI,0xdc944e324af1531c6eb13636e109cae5f87268da1763f17f97f4f84be0356f99
nfl_20251221_min_nyg,NFL,NYG,MIN,2025-12-21T18:00:00Z,,KXNFLGAME-25DEC21MINNYG-NYG,0x27541f1ebf40749d3a0ad7a381161ca5ae514fcea25ea7e632dc5140dcc39a03
nfl_20251221_tb_car,NFL,CAR,TB,2025-12-21T18:00:00Z,,KXNFLGAME-25DEC21TBCAR-CAR,0x0870868fef14ce6d9519b705688095782265b7fd6c4ed8d659ec4a2818b370ab
nfl_20251221_lac_dal,NFL,DAL,LAC,2025-12-21T18:00:00Z,,KXNFLGAME-25DEC21LACDAL-DAL,0x795106b05c543e7aaf06c998e07cc42a07287a6b234ee793cfe43b28200163c2
nfl_20251221_kc_ten,NFL,TEN,KC,2025-12-21T18:00:00Z,,KXNFLGAME-25DEC21KCTEN-TEN,0x5beabbe6b27dc3778f3030fa8e263117deca467ca2bd598745f2c52077ed6367
nfl_20251221_cin_mia,NFL,MIA,CIN,2025-12-21T18:00:00Z,,KXNFLGAME-25DEC21CINMIA-MIA,0xd2e6ebae147d31c1e593ee1898e9aed2c72a618ea87e9fab79c09d112a5b49de
nfl_20251221_buf_cle,NFL,CLE,BUF,2025-12-21T18:00:00Z,,KXNFLGAME-25DEC21BUFCLE-CLE,0x88a1edad9dc7b77efb8fb0b9ffc09aa6f112342cad5dfe3a6475eb99599c30ed
nfl_20251221_nyj_no,NFL,NO,NYJ,2025-12-21T18:00:00Z,,KXNFLGAME-25DEC21NYJNO-NO,0x59f8a6393b65feb7ec1c94376f1be0fa1b733c8b6962a085211dad05fa12f994
nfl_20251221_jac_den,NFL,DEN,JAC,2025-12-21T21:05:00Z,,KXNFLGAME-25DEC21JACDEN-DEN,0x1297411bd6fc4c348beb7c40bb539c9c0ead7e52e2dd590dacc4c32cfd518697
nfl_20251221_atl_ari,NFL,ARI,ATL,2025-12-21T21:05:00Z,,KXNFLGAME-25DEC21ATLARI-ARI,0x276f0a3a9032afa889f8e1b1dd67278cf74ed1e050c79b9af705f946467ab646
nfl_20251221_pit_det,NFL,DET,PIT,2025-12-21T21:25:00Z,,KXNFLGAME-25DEC21PITDET-DET,0x913b67f7c8b370247f1370cde82e3fd661a5449f2573ba271bce95d47c442784
nfl_20251221_lv_hou,NFL,HOU,LV,2025-12-21T21:25:00Z,,KXNFLGAME-25DEC21LVHOU-HOU,0x0e4ccd69c581deb1aad6f587083a4800d458d6a12f3d202418a53e0c40b18c5a
nfl_20251222_ne_bal,NFL,BAL,NE,2025-12-22T01:20:00Z,,KXNFLGAME-25DEC21NEBAL-BAL,0x780408b161c548a5c66166ceda66e0d287ef60c2725c36acaeb0cb2bee1b3720
cfb_20251222_wsu_usu,CFB,USU,WSU,2025-12-22T19:00:00Z,,KXNCAAFGAME-25DEC22WSUUSU-USU,0x31eafc75bdaa2f9f476774c9e87d05ca8f019a48c5e27b432e58b7271aba0270
nfl_20251223_sf_ind,NFL,IND,SF,2025-12-23T01:15:00Z,,KXNFLGAME-25DEC22SFIND-IND,0xfb54ac8652e65ab1312a33cf96a45204c56b879e20e9f24a09f0309eacf52950
cfb_20251223_tol_lou,CFB,LOU,TOL,2025-12-23T19:00:00Z,,KXNCAAFGAME-25DEC23TOLLOU-LOU,0x02e61f7e9053341e4df6e33118cfa145d116667e74989dec40df01c7394b3e8f
cfb_20251223_wku_usm,CFB,USM,WKU,2025-12-23T22:30:00Z,,KXNCAAFGAME-25DEC23WKUUSM-USM,0xa1b2eccd54a266227099d0e8effa9659eeb6b34faf6594aca9ec9a1ed9e2150f
cfb_20251224_unlv_ohio,CFB,OHIO,UNLV,2025-12-24T02:00:00Z,,KXNCAAFGAME-25DEC23UNLVOHIO-OHIO,0x6d9e08485267bea7350b8f7b30bcd40a27fcfcbaa9b3654aab14dc67d2b8e0ef
cfb_20251225_cal_haw,CFB,HAW,CAL,2025-12-25T01:00:00Z,,KXNCAAFGAME-25DEC24CALHAW-HAW,0xb46c7b524db0113c19a52cc55dae1a2bba8642c2dfca4ce56087f08abd8ac2bf
nfl_20251225_det_min,NFL,MIN,DET,2025-12-25T16:30:00Z,,KXNFLGAME-25DEC25DETMIN-MIN,0xb00dcbf2f2cee0af2aa925570566a05abec4870bc6eee7bd14ff7c25eb541459
nfl_20251225_dal_was,NFL,WAS,DAL,2025-12-25T18:00:00Z,,KXNFLGAME-25DEC25DALWAS-WAS,0xe40c7aeec6181070cdd9bef07355ff33fa21292998a18d8420a16f909920f7f3
nfl_20251225_den_kc,NFL,KC,DEN,2025-12-25T20:15:00Z,,KXNFLGAME-25DEC25DENKC-KC,0x946cb298dd24916efed1569a452d37722b79fdfc85e0dd860066f2056f977c33
cfb_20251226_cmu_nw,CFB,NW,CMU,2025-12-26T18:00:00Z,,KXNCAAFGAME-25DEC26CMUNW-NW,0xa088eec31efd7ee8c7726ed4099f7f18081b909aac17c048061fa4f3ec1e247d
cfb_20251226_unm_minn,CFB,MINN,UNM,2025-12-26T21:30:00Z,,KXNCAAFGAME-25DEC26UNMMINN-MINN,0xa3a4c9ed251610a458c1c65a207688705e4d54f92a2568477cb978e92fa3243f
cfb_20251227_fiu_utsa,CFB,UTSA,FIU,2025-12-27T01:00:00Z,,KXNCAAFGAME-25DEC26FIUUTSA-UTSA,0x5e8b77936c0d0b5626d9894da08f3aaf17a63cf6cc41d4342c16c560146d800c
cfb_20251227_pitt_ecu,CFB,ECU,PITT,2025-12-27T16:00:00Z,,KXNCAAFGAME-25DEC27PITTECU-ECU,0xdd433eb665a94d9e44eb6c7669ce222fbfe21a526cdddc299d2531824ea583d5
cfb_20251227_psu_clem,CFB,CLEM,PSU,2025-12-27T17:00:00Z,,KXNCAAFGAME-25DEC27PSUCLEM-CLEM,0xee0a9008bc7cd8ca9cbb779dfedf1c7c3a818c0a8974edc9c667108d5942bbe3
cfb_20251227_gt_byu,CFB,BYU,GT,2025-12-27T20:30:00Z,,KXNCAAFGAME-25DEC27GTBYU-BYU,0xae1bca95347afdb43c4f34f860b3e5b305abe6ae00451be7b9ccb946de297cb5
cfb_20251227_oh_fres,CFB,FRES,OH,2025-12-27T21:30:00Z,,KXNCAAFGAME-25DEC27M-OHFRES-FRES,0xca476f0b362bfbf3b86d7a65be09d20b71f341dad57f95bc1bec4626f18a0dee
nfl_20251227_hou_lac,NFL,LAC,HOU,2025-12-27T21:30:00Z,,KXNFLGAME-25DEC27HOULAC-LAC,0x6a84be0c820e4eafcfd2227894c239cb600a4e8a0073e77cf67903ae015cc71e
cfb_20251227_unt_sdsu,CFB,SDSU,UNT,2025-12-27T22:45:00Z,,KXNCAAFGAME-25DEC27UNTSDSU-SDSU,0xdc492332092cfbf34abcd6b1ba105296b7dde36792ab9620409435027a40fb0f
cfb_20251228_uva_mizz,CFB,MIZZ,UVA,2025-12-28T00:30:00Z,,KXNCAAFGAME-25DEC27UVAMIZZ-MIZZ,0x0b9db1c7b693e2a477880af02ffe984180775dd3807c04102c7cc175dd35b5e1
nfl_20251228_bal_gb,NFL,GB,BAL,2025-12-28T01:00:00Z,,KXNFLGAME-25DEC27BALGB-GB,0x6afffb701b4227dbd4c399523a0ea7b9169614ad168ba852dd832afc8caeee86
cfb_20251228_lsu_hou,CFB,HOU,LSU,2025-12-28T02:15:00Z,,KXNCAAFGAME-25DEC27LSUHOU-HOU,0xb028f44a46be5e396af42aef8a281179ca8157bd7d73af6fe5f8435188554d65
nfl_20251228_ne_nyj,NFL,NYJ,NE,2025-12-28T18:00:00Z,,KXNFLGAME-25DEC28NENYJ-NYJ,0xa604f00e480c14d84558fdd0cde53d074b7088ad3906f3293de47bac4e84ca03
nfl_20251228_tb_mia,NFL,MIA,TB,2025-12-28T18:00:00Z,,KXNFLGAME-25DEC28TBMIA-MIA,0xe6453a6b4d324dbf466b2b487a8cae605efe1bb306781d6e20137a06e1d05629
nfl_20251228_jac_ind,NFL,IND,JAC,2025-12-28T18:00:00Z,,KXNFLGAME-25DEC28JACIND-IND,0x7ff4d6d22663bf8a2b1bcc8ff8755e5cbe02853401770a41d94cfa8933e7cd05
nfl_20251228_no_ten,NFL,TEN,NO,2025-12-28T18:00:00Z,,KXNFLGAME-25DEC28NOTEN-TEN,0x91857a9b110571a0671bfe7eecd0fe2fad6f9a72f19a186ee194e8d79a7d0e2d
nfl_20251228_ari_cin,NFL,CIN,ARI,2025-12-28T18:00:00Z,,KXNFLGAME-25DEC28ARICIN-CIN,0x2bbe918f885f7c4f36bdf7c2e12617c6b9412739411f2079d451cd3c76bfcc0f
nfl_20251228_sea_car,NFL,CAR,SEA,2025-12-28T18:00:00Z,,KXNFLGAME-25DEC28SEACAR-CAR,0x54b2ed0354ae7892a806190d68601310f5d0e72dc30a256619a30d298bbd04bc
nfl_20251228_pit_cle,NFL,CLE,PIT,2025-12-28T18:00:00Z,,KXNFLGAME-25DEC28PITCLE-CLE,0xc8573c0ad6b68fad53be3155a6b7d9ec9feb73ead2e687d6608e21db31fac060
nfl_20251228_nyg_lv,NFL,LV,NYG,2025-12-28T21:05:00Z,,KXNFLGAME-25DEC28NYGLV-LV,0x8cb5903900be71bd747a87c038ba97f250900813035f19cbf71da366fac6c280
nfl_20251228_phi_buf,NFL,BUF,PHI,2025-12-28T21:25:00Z,,KXNFLGAME-25DEC28PHIBUF-BUF,0x1892e09a862f12c9b3488e14b3f4f87f3eb7fc92d2d8a6c4191337fb45c2d884
nfl_20251229_chi_sf,NFL,SF,CHI,2025-12-29T01:20:00Z,,KXNFLGAME-25DEC28CHISF-SF,0x5543372edec0f4bd2a6d191a495b25dc69ed24f9c9d7018f73349e6683286ac9
cfb_20251229_gaso_app,CFB,APP,GASO,2025-12-29T19:00:00Z,,KXNCAAFGAME-25DEC29GASOAPP-APP,0x3fe771c902edd6bd1e2c05415c49903ec107a5b553c9d8208be6182ee4f3c045
nfl_20251230_la_atl,NFL,ATL,LA,2025-12-30T01:15:00Z,,KXNFLGAME-25DEC29LAATL-ATL,0x7261b06fc5515452b81b4831e158fd45730cfb56b650518af48a0393a99bbfae
cfb_20251230_ccar_lt,CFB,LT,CCAR,2025-12-30T19:00:00Z,,KXNCAAFGAME-25DEC30CCARLT-LT,0x174d29a135ce164ab0721ca4ea0bad870caa202d12a0ae8358b398cf8bcb1e60
cfb_20251230_tenn_ill,CFB,ILL,TENN,2025-12-30T22:30:00Z,,KXNCAAFGAME-25DEC30TENNILL-ILL,0xb2fb7b609d963c87ca1cecefc28b6815fef48f9ba5f54715c6c36be21352a42d
cfb_20251231_usc_tcu,CFB,TCU,USC,2025-12-31T02:00:00Z,,KXNCAAFGAME-25DEC30USCTCU-TCU,0xeffb4b076374698234b50e8625eaac98c91d1540b83c7e889e99528ca71f03d6
cfb_20251231_iowa_van,CFB,VAN,IOWA,2025-12-31T17:00:00Z,,KXNCAAFGAME-25DEC31IOWAVAN-VAN,0xd80d22805ec22f65da9774cb2cfeb93f7ade41257532c63b0dae91d863579d3e
cfb_20251231_asu_duke,CFB,DUKE,ASU,2025-12-31T19:00:00Z,,KXNCAAFGAME-25DEC31ASUDUKE-DUKE,0x332d4c3d646e2f4972192e63f8ff48501b170d47448143053f350cc59cbff0a5
cfb_20251231_mich_tex,CFB,TEX,MICH,2025-12-31T20:00:00Z,,KXNCAAFGAME-25DEC31MICHTEX-TEX,0xfcee59fe269cc903807e9f7c8634129e3fcbb5e247ba5248b4308ae888e46377
cfb_20251231_neb_utah,CFB,UTAH,NEB,2025-12-31T20:30:00Z,,KXNCAAFGAME-25DEC31NEBUTAH-UTAH,0x6c443d4699d763c363902f525149dd03f4730c39cd15e59e11b56005dff2cc97
cfb_20260101_mia_osu,CFB,OSU,MIA,2026-01-01T00:30:00Z,,KXNCAAFGAME-25DEC31MIAOSU-OSU,0xbd3a3e46de3aab7d3180e1981269041dac35dc338029568e3d503d9ed51bf446
cfb_20260101_ore_ttu,CFB,TTU,ORE,2026-01-01T17:00:00Z,,KXNCAAFGAME-26JAN01ORETTU-TTU,0x68730687766f5294a9840b6d3b7b57b8040d082dd69cffbcff899610decb8e17
cfb_20260101_ala_ind,CFB,IND,ALA,2026-01-01T21:00:00Z,,KXNCAAFGAME-26JAN01ALAIND-IND,0x404fd3f6a231ab1dc3e949c4c544b94d911e0597d3a4eef5b581ff9336601b34
cfb_20260102_miss_uga,CFB,UGA,MISS,2026-01-02T01:00:00Z,,KXNCAAFGAME-26JAN01MISSUGA-UGA,0x269b70d13789a587fde5b6482688ae5bb18c8de7e357ec5903c32948454ea849
cfb_20260102_rice_txst,CFB,TXST,RICE,2026-01-02T18:00:00Z,,KXNCAAFGAME-26JAN02RICETXST-TXST,0x3c382a44091aa95f4611a73cd251d6edac0b3d98899a5aa4c5492749967c29f0
cfb_20260102_navy_cin,CFB,CIN,NAVY,2026-01-02T21:30:00Z,,KXNCAAFGAME-26JAN02NAVYCIN-CIN,0x719f5d496d9dde30d3a386da3a4ec565fb4f89228d50beb8775a3541f07b70e5
cfb_20260103_ariz_smu,CFB,SMU,ARIZ,2026-01-03T01:00:00Z,,KXNCAAFGAME-26JAN02ARIZSMU-SMU,0x33dedb90825583bcd0630d4e75764a455e77ebad0f5a1cb1c90cfe4bf06d4024
cfb_20260103_wake_msst,CFB,MSST,WAKE,2026-01-03T01:00:00Z,,KXNCAAFGAME-26JAN02WAKEMSST-MSST,0x36bf36e1f4f51efa58b32c1a361357ac1eb675c8106e036029340e833cfb91d2
nfl_20260103_car_tb,NFL,TB,CAR,2026-01-03T21:30:00Z,,KXNFLGAME-26JAN04CARTB-TB,0xa6535047a0fef371d1d1b44693508960eef82c53db3e311df0ad5c6b650d810f
nfl_20260104_sea_sf,NFL,SF,SEA,2026-01-04T01:00:00Z,,KXNFLGAME-26JAN04SEASF-SF,0x386c70eb5b79e8d6b05bc371033387f0b9a5d93180429dfc6f13fc25dd526adb
nfl_20260104_cle_cin,NFL,CIN,CLE,2026-01-04T18:00:00Z,,KXNFLGAME-26JAN04CLECIN-CIN,0xa85e6384d70d6c4554933012b3706dc6be564da7457e86d6257a6dbff55de47a
nfl_20260104_dal_nyg,NFL,NYG,DAL,2026-01-04T18:00:00Z,,KXNFLGAME-26JAN04DALNYG-NYG,0x1f2b0f9708a817126007ad267eaa626116a0187c4ae50ea99883e7d4ef7b7249
nfl_20260104_gb_min,NFL,MIN,GB,2026-01-04T18:00:00Z,,KXNFLGAME-26JAN04GBMIN-MIN,0x26a2a6bda3dcda2750a7b022cb63350b23f1813c6da6ee1ef8f086539b5380b2
nfl_20260104_ind_hou,NFL,HOU,IND,2026-01-04T18:00:00Z,,KXNFLGAME-26JAN04INDHOU-HOU,0xd9882cb6645c3817dc4a7101661558d56e36d101433d8db8fac85730e01333e2
nfl_20260104_ten_jac,NFL,JAC,TEN,2026-01-04T18:00:00Z,,KXNFLGAME-26JAN04TENJAC-JAC,0x74d786eb72f4de44cb39da160a401bcd1a7c390ae03963c1dc13565cc337b9f5
nfl_20260104_no_atl,NFL,ATL,NO,2026-01-04T18:00:00Z,,KXNFLGAME-26JAN04NOATL-ATL,0xee5a2f40b80ea982b65d885d29176075c665ce2764b059b5cdcb7f5022d99f78
nfl_20260104_ari_la,NFL,LA,ARI,2026-01-04T21:25:00Z,,KXNFLGAME-26JAN04ARILA-LA,0xdaa4c05704bd2a091d3f68da5de24f4525e766a862084d33599c4a7a9cabff9d
nfl_20260104_det_chi,NFL,CHI,DET,2026-01-04T21:25:00Z,,KXNFLGAME-26JAN04DETCHI-CHI,0x4f1d9ad2092d7a2feb4f10509f3c5800298f071e9272e87c41a5a672d3b0ba82
nfl_20260104_kc_lv,NFL,LV,KC,2026-01-04T21:25:00Z,,KXNFLGAME-26JAN04KCLV-LV,0x7b718a0402aa0bb771e441d60402fef788a965c3a4b79d2de5fc053dc705cf45
nfl_20260104_lac_den,NFL,DEN,LAC,2026-01-04T21:25:00Z,,KXNFLGAME-26JAN04LACDEN-DEN,0xa71983d3fd60496758d0da08c790b8720bf3eb4d5612b6f2df5d7f2ebb7a32f8
nfl_20260104_mia_ne,NFL,NE,MIA,2026-01-04T21:25:00Z,,KXNFLGAME-26JAN04MIANE-NE,0x5a6e1c5925817f6cf7b5fe1d0eda853afe80a345cd5ab54319d8c73c591f829d
nfl_20260104_nyj_buf,NFL,BUF,NYJ,2026-01-04T21:25:00Z,,KXNFLGAME-26JAN04NYJBUF-BUF,0x51ce2667ff49e6ccbba8a60880073fbfcbef8596995ad7c4143d264d0393fd2b
nfl_20260104_was_phi,NFL,PHI,WAS,2026-01-04T21:25:00Z,,KXNFLGAME-26JAN04WASPHI-PHI,0x2c29b992f98bcfdb687312da18fbcfb76eec05886c9cb037043f480269a9a129
nfl_20260105_bal_pit,NFL,PIT,BAL,2026-01-05T01:20:00Z,,KXNFLGAME-26JAN04BALPIT-PIT,0x6fe48420bd2c25a2594d158487b08fbc12edd080ff8c3823566bc49fdc2e5b5c
cfb_20260109_mia_miss,CFB,MISS,MIA,2026-01-09T00:30:00Z,,KXNCAAFGAME-26JAN08MIAMISS-MISS,0x803ac6b12e576f42a2a6f531988a85bb0495f8d5f38eca633e091c4ee6e2f54a
cfb_20260110_ore_ind,CFB,IND,ORE,2026-01-10T00:30:00Z,,KXNCAAFGAME-26JAN09OREIND-IND,0x99cc3bbbe311e157297c096850255c688c60c3b30eeeb9d673c67cfc0b49ed24
nfl_20260110_la_car,NFL,CAR,LA,2026-01-10T21:30:00Z,,KXNFLGAME-26JAN10LACAR-CAR,0x32102e4ab8969621cab85949c3c571b5008a4aa30d31022fa659d0ed287686a9
nfl_20260111_gb_chi,NFL,CHI,GB,2026-01-11T01:00:00Z,,KXNFLGAME-26JAN10GBCHI-CHI,0x889771fe1ffdfa067c4493ae89a11e1d2cb2699b0bb048e00ce8ba10d27dad84
nfl_20260111_buf_jac,NFL,JAC,BUF,2026-01-11T18:00:00Z,,KXNFLGAME-26JAN11BUFJAC-JAC,0x50d6d3fde46f4d141a22712e2a6f356edf8cdddff04242922e806a55ba97c2a8
nfl_20260111_sf_phi,NFL,PHI,SF,2026-01-11T21:30:00Z,,KXNFLGAME-26JAN11SFPHI-PHI,0xfc15a3210a81303405a1f9b21c73f27dc647364a7e08bace4778e652b813a4de
nfl_20260112_lac_ne,NFL,NE,LAC,2026-01-12T01:00:00Z,,KXNFLGAME-26JAN11LACNE-NE,0xbbfeecdfdc7feeba06e18f21d13b250d0307bc34606796a8d47442618a19f4be
nfl_20260113_hou_pit,NFL,PIT,HOU,2026-01-13T01:15:00Z,,KXNFLGAME-26JAN12HOUPIT-PIT,0xbfa2065aca0ad40d731bb8d249e14bbffd54a57fe5bbeb6b438f714bf7a564eb
nfl_20260117_buf_den,NFL,DEN,BUF,2026-01-17T21:30:00Z,,KXNFLGAME-26JAN17BUFDEN-DEN,0x746f66fb1859ce9f795b0bbe0b4fede7666bfe4de95b2aa280296b25f763deee
nfl_20260118_sf_sea,NFL,SEA,SF,2026-01-18T01:00:00Z,,KXNFLGAME-26JAN17SFSEA-SEA,0x0328fd8fc790c29ec43d59eebd58067431a901a92451c001b9b55f4377779da3
nfl_20260118_hou_ne,NFL,NE,HOU,2026-01-18T20:00:00Z,,KXNFLGAME-26JAN18HOUNE-NE,0x4195016305dc0e1b849be8f3a39721c57c9a2c9717b9a050abfd10014de03078
nfl_20260118_la_chi,NFL,CHI,LA,2026-01-18T23:30:00Z,,KXNFLGAME-26JAN18LACHI-CHI,0xd08c51ab1dd3c9ea3ddaae80b06cc2aedf67f2609c52148a3465345bb1d6e49e
nfl_20260125_la_sea,NFL,SEA,LA,2026-01-25T23:30:00Z,,KXNFLGAME-26JAN25LASEA-SEA,0x0074ba8b521e1cb18ef3befdfa5e586a3d9c3b0aefae2eb2d80f99b1e594f7a1
nfl_20250928_bal_kc,NFL,KC,BAL,2025-09-28T20:25:00Z,,KXNFLGAME-25SEP28BALKC-KC,0xa84414bb974f9f7a1ce7d4f70c293ae5aed95b54224447d11d48fb46712808fc
nfl_20250928_chi_lv,NFL,LV,CHI,2025-09-28T20:25:00Z,,KXNFLGAME-25SEP28CHILV-LV,0x4b5eb32c4b800bb96ec906a69507af92b567141e7dd6b023f6f0647ca3d840b3
nfl_20250929_gb_dal,NFL,DAL,GB,2025-09-29T00:20:00Z,,KXNFLGAME-25SEP28GBDAL-DAL,0x0af48a189e649217f4c5af8184a22e3961500c63e97e9474d010a93350e0b4c7
nfl_20250929_nyj_mia,NFL,MIA,NYJ,2025-09-29T23:15:00Z,,KXNFLGAME-25SEP29NYJMIA-MIA,0xdbc4fe4cf3464fccac0a3d1ec518d25047c7fed46ba942026d792b67ce4dbb5a
nfl_20250930_cin_den,NFL,DEN,CIN,2025-09-30T00:15:00Z,,KXNFLGAME-25SEP29CINDEN-DEN,0x664ac906ce2e9579824b9eee8b42f937f3d01b3c5c670ba32e8433f95d3a4cd2
nfl_20251003_sf_la,NFL,LA,SF,2025-10-03T00:15:00Z,,KXNFLGAME-25OCT02SFLA-LA,0xe182afe6d9001281d12b6ea68b70364ac926965a3bfcff48476edfbb4e621287
cfb_20251003_shsu_nmsu,CFB,NMSU,SHSU,2025-10-03T01:00:00Z,,KXNCAAFGAME-25OCT02SHSUNMSU-NMSU,0x788b70e0ca94f90d5c9301f43a9b66146876730284d109e90d654a8717469098
cfb_20251003_wku_del,CFB,DEL,WKU,2025-10-03T23:00:00Z,,KXNCAAFGAME-25OCT03WKUDEL-DEL,0xd36210cbdf0916c16755737ce5abe7aaf2a8665f9804e60eec95ed4135551698
cfb_20251003_char_usf,CFB,USF,CHAR,2025-10-03T23:00:00Z,,KXNCAAFGAME-25OCT03CHARUSF-USF,0x844a4bcd0aae636be5e4f6af9c020c57f2568686b1bbfd946cbfee59abd00bf1
cfb_20251004_unm_sjsu,CFB,SJSU,UNM,2025-10-04T02:00:00Z,,KXNCAAFGAME-25OCT03UNMSJSU-SJSU,0x4eebaea9a5ed80e51b453c0a93ce93ef80c2c028e2f7b2db2d86f7d325b3f0a4
